ISO-10303-21;
HEADER;
FILE_DESCRIPTION(('STEP AP242'),'1');
FILE_NAME('0039291048.stp','2024-12-29T22:26:58',('TraceParts'),('TraceParts S.A.'),'Spatial InterOp 3D',' ',' ');
FILE_SCHEMA(('AP242_MANAGED_MODEL_BASED_3D_ENGINEERING_MIM_LF  {1 0 10303 442 1 1 4}'));
ENDSEC;
DATA;
#1=PRODUCT_DEFINITION_CONTEXT('',#10,'design');
#2=APPLICATION_PROTOCOL_DEFINITION('INTERNATIONAL STANDARD','ap242_managed_model_based_3d_engineering',2014,#10);
#3=PRODUCT_CATEGORY_RELATIONSHIP('NONE','NONE',#11,#12);
#4=SHAPE_DEFINITION_REPRESENTATION(#13,#14);
#5=SHAPE_DEFINITION_REPRESENTATION(#13,#15);
#6= (GEOMETRIC_REPRESENTATION_CONTEXT(3)GLOBAL_UNCERTAINTY_ASSIGNED_CONTEXT((#18))GLOBAL_UNIT_ASSIGNED_CONTEXT((#20,#21,#22))REPRESENTATION_CONTEXT('NONE','WORKSPACE'));
#10=APPLICATION_CONTEXT('managed model based 3d engineering');
#11=PRODUCT_CATEGORY('part','NONE');
#12=PRODUCT_RELATED_PRODUCT_CATEGORY('detail',' ',(#24));
#13=PRODUCT_DEFINITION_SHAPE('NONE','NONE',#25);
#14=ADVANCED_BREP_SHAPE_REPRESENTATION('0039291048_1',(#26,#27),#6);
#15=GEOMETRICALLY_BOUNDED_SURFACE_SHAPE_REPRESENTATION('1',(#28,#29),#6);
#18=UNCERTAINTY_MEASURE_WITH_UNIT(LENGTH_MEASURE(1.0E-06),#20,'','');
#20= (CONVERSION_BASED_UNIT('MILLIMETRE',#32)LENGTH_UNIT()NAMED_UNIT(#35));
#21= (NAMED_UNIT(#37)PLANE_ANGLE_UNIT()SI_UNIT($,.RADIAN.));
#22= (NAMED_UNIT(#37)SOLID_ANGLE_UNIT()SI_UNIT($,.STERADIAN.));
#24=PRODUCT('0039291048_1','0039291048_1','PART-0039291048_1-DESC',(#43));
#25=PRODUCT_DEFINITION('','NONE',#44,#1);
#26=MANIFOLD_SOLID_BREP('0039291048_1',#45);
#27=AXIS2_PLACEMENT_3D('',#46,#47,#48);
#28=GEOMETRIC_SET('1',(#49,#50,#51,#52,#53,#54,#55,#56,#57,#58,#59,#60,#61,#62));
#29=AXIS2_PLACEMENT_3D('',#63,#64,#65);
#32=LENGTH_MEASURE_WITH_UNIT(LENGTH_MEASURE(1.0),#66);
#35=DIMENSIONAL_EXPONENTS(1.0,0.0,0.0,0.0,0.0,0.0,0.0);
#37=DIMENSIONAL_EXPONENTS(0.0,0.0,0.0,0.0,0.0,0.0,0.0);
#43=PRODUCT_CONTEXT('',#10,'mechanical');
#44=PRODUCT_DEFINITION_FORMATION_WITH_SPECIFIED_SOURCE(' ','NONE',#24,.NOT_KNOWN.);
#45=CLOSED_SHELL('',(#67,#68,#69,#70,#71,#72,#73,#74,#75,#76,#77,#78,#79,#80,#81,#82,#83,#84,#85,#86,#87,#88,#89,#90,#91,#92,#93,#94,#95,#96,#97,#98,#99,#100,#101,#102,#103,#104,#105,#106,#107,#108,#109,#110,#111,#112,#113,#114,#115,#116,#117,#118,#119,#120,#121,#122,#123,#124,#125,#126,#127,#128,#129,#130,#131,#132,#133,#134,#135,#136,#137,#138,#139,#140,#141,#142,#143,#144,#145,#146,#147,#148,#149,#150,#151,#152,#153,#154,#155,#156,#157,#158,#159,#160,#161,#162,#163,#164,#165,#166,#167,#168,#169,#170,#171,#172,#173,#174,#175,#176,#177,#178,#179,#180,#181,#182,#183,#184,#185,#186,#187,#188,#189,#190,#191,#192,#193,#194,#195,#196,#197,#198,#199,#200,#201,#202,#203,#204,#205,#206,#207,#208,#209,#210,#211,#212,#213,#214,#215,#216,#217,#218,#219,#220,#221,#222,#223,#224));
#46=CARTESIAN_POINT('',(0.0,0.0,0.0));
#47=DIRECTION('',(0.0,0.0,1.0));
#48=DIRECTION('',(1.0,0.0,0.0));
#49=COMPOSITE_CURVE('0039291048_2',(#225),.U.);
#50=COMPOSITE_CURVE('0039291048_3',(#226),.U.);
#51=COMPOSITE_CURVE('0039291048_4',(#227),.U.);
#52=COMPOSITE_CURVE('0039291048_5',(#228),.U.);
#53=COMPOSITE_CURVE('0039291048_6',(#229),.U.);
#54=COMPOSITE_CURVE('0039291048_7',(#230),.U.);
#55=COMPOSITE_CURVE('0039291048_8',(#231),.U.);
#56=COMPOSITE_CURVE('0039291048_9',(#232),.U.);
#57=COMPOSITE_CURVE('0039291048_10',(#233),.U.);
#58=COMPOSITE_CURVE('0039291048_11',(#234),.U.);
#59=COMPOSITE_CURVE('0039291048_12',(#235),.U.);
#60=COMPOSITE_CURVE('0039291048_13',(#236),.U.);
#61=COMPOSITE_CURVE('0039291048_14',(#237),.U.);
#62=COMPOSITE_CURVE('0039291048_15',(#238),.U.);
#63=CARTESIAN_POINT('',(0.0,0.0,0.0));
#64=DIRECTION('',(0.0,0.0,1.0));
#65=DIRECTION('',(1.0,0.0,0.0));
#66= (NAMED_UNIT(#35)LENGTH_UNIT()SI_UNIT(.MILLI.,.METRE.));
#67=ADVANCED_FACE('',(#240),#241,.T.);
#68=ADVANCED_FACE('',(#242,#243,#244,#245,#246),#247,.F.);
#69=ADVANCED_FACE('',(#248),#249,.F.);
#70=ADVANCED_FACE('',(#250),#251,.F.);
#71=ADVANCED_FACE('',(#252),#253,.F.);
#72=ADVANCED_FACE('',(#254),#255,.F.);
#73=ADVANCED_FACE('',(#256,#257),#258,.T.);
#74=ADVANCED_FACE('',(#259,#260),#261,.T.);
#75=ADVANCED_FACE('',(#262),#263,.F.);
#76=ADVANCED_FACE('',(#264),#265,.F.);
#77=ADVANCED_FACE('',(#266),#267,.F.);
#78=ADVANCED_FACE('',(#268),#269,.F.);
#79=ADVANCED_FACE('',(#270),#271,.F.);
#80=ADVANCED_FACE('',(#272),#273,.F.);
#81=ADVANCED_FACE('',(#274),#275,.F.);
#82=ADVANCED_FACE('',(#276),#277,.F.);
#83=ADVANCED_FACE('',(#278),#279,.T.);
#84=ADVANCED_FACE('',(#280),#281,.T.);
#85=ADVANCED_FACE('',(#282),#283,.T.);
#86=ADVANCED_FACE('',(#284),#285,.T.);
#87=ADVANCED_FACE('',(#286,#287,#288,#289,#290),#291,.T.);
#88=ADVANCED_FACE('',(#292),#293,.T.);
#89=ADVANCED_FACE('',(#294),#295,.T.);
#90=ADVANCED_FACE('',(#296),#297,.T.);
#91=ADVANCED_FACE('',(#298),#299,.T.);
#92=ADVANCED_FACE('',(#300),#301,.T.);
#93=ADVANCED_FACE('',(#302),#303,.T.);
#94=ADVANCED_FACE('',(#304),#305,.T.);
#95=ADVANCED_FACE('',(#306),#307,.T.);
#96=ADVANCED_FACE('',(#308),#309,.T.);
#97=ADVANCED_FACE('',(#310),#311,.T.);
#98=ADVANCED_FACE('',(#312),#313,.T.);
#99=ADVANCED_FACE('',(#314),#315,.T.);
#100=ADVANCED_FACE('',(#316),#317,.T.);
#101=ADVANCED_FACE('',(#318),#319,.T.);
#102=ADVANCED_FACE('',(#320),#321,.F.);
#103=ADVANCED_FACE('',(#322),#323,.T.);
#104=ADVANCED_FACE('',(#324),#325,.F.);
#105=ADVANCED_FACE('',(#326),#327,.F.);
#106=ADVANCED_FACE('',(#328),#329,.T.);
#107=ADVANCED_FACE('',(#330),#331,.T.);
#108=ADVANCED_FACE('',(#332),#333,.T.);
#109=ADVANCED_FACE('',(#334),#335,.T.);
#110=ADVANCED_FACE('',(#336),#337,.F.);
#111=ADVANCED_FACE('',(#338),#339,.T.);
#112=ADVANCED_FACE('',(#340),#341,.T.);
#113=ADVANCED_FACE('',(#342),#343,.T.);
#114=ADVANCED_FACE('',(#344),#345,.T.);
#115=ADVANCED_FACE('',(#346),#347,.T.);
#116=ADVANCED_FACE('',(#348),#349,.T.);
#117=ADVANCED_FACE('',(#350),#351,.T.);
#118=ADVANCED_FACE('',(#352),#353,.T.);
#119=ADVANCED_FACE('',(#354),#355,.T.);
#120=ADVANCED_FACE('',(#356),#357,.T.);
#121=ADVANCED_FACE('',(#358),#359,.T.);
#122=ADVANCED_FACE('',(#360),#361,.T.);
#123=ADVANCED_FACE('',(#362),#363,.T.);
#124=ADVANCED_FACE('',(#364,#365),#366,.T.);
#125=ADVANCED_FACE('',(#367,#368),#369,.T.);
#126=ADVANCED_FACE('',(#370),#371,.F.);
#127=ADVANCED_FACE('',(#372),#373,.F.);
#128=ADVANCED_FACE('',(#374),#375,.F.);
#129=ADVANCED_FACE('',(#376),#377,.F.);
#130=ADVANCED_FACE('',(#378),#379,.F.);
#131=ADVANCED_FACE('',(#380),#381,.F.);
#132=ADVANCED_FACE('',(#382),#383,.F.);
#133=ADVANCED_FACE('',(#384),#385,.F.);
#134=ADVANCED_FACE('',(#386),#387,.F.);
#135=ADVANCED_FACE('',(#388),#389,.F.);
#136=ADVANCED_FACE('',(#390),#391,.F.);
#137=ADVANCED_FACE('',(#392),#393,.F.);
#138=ADVANCED_FACE('',(#394),#395,.T.);
#139=ADVANCED_FACE('',(#396),#397,.T.);
#140=ADVANCED_FACE('',(#398),#399,.T.);
#141=ADVANCED_FACE('',(#400),#401,.T.);
#142=ADVANCED_FACE('',(#402),#403,.T.);
#143=ADVANCED_FACE('',(#404),#405,.T.);
#144=ADVANCED_FACE('',(#406),#407,.T.);
#145=ADVANCED_FACE('',(#408),#409,.T.);
#146=ADVANCED_FACE('',(#410),#411,.T.);
#147=ADVANCED_FACE('',(#412),#413,.T.);
#148=ADVANCED_FACE('',(#414),#415,.T.);
#149=ADVANCED_FACE('',(#416),#417,.T.);
#150=ADVANCED_FACE('',(#418),#419,.T.);
#151=ADVANCED_FACE('',(#420),#421,.F.);
#152=ADVANCED_FACE('',(#422),#423,.T.);
#153=ADVANCED_FACE('',(#424),#425,.T.);
#154=ADVANCED_FACE('',(#426),#427,.T.);
#155=ADVANCED_FACE('',(#428),#429,.T.);
#156=ADVANCED_FACE('',(#430),#431,.T.);
#157=ADVANCED_FACE('',(#432),#433,.T.);
#158=ADVANCED_FACE('',(#434),#435,.F.);
#159=ADVANCED_FACE('',(#436),#437,.F.);
#160=ADVANCED_FACE('',(#438),#439,.T.);
#161=ADVANCED_FACE('',(#440),#441,.T.);
#162=ADVANCED_FACE('',(#442),#443,.T.);
#163=ADVANCED_FACE('',(#444),#445,.T.);
#164=ADVANCED_FACE('',(#446),#447,.T.);
#165=ADVANCED_FACE('',(#448),#449,.T.);
#166=ADVANCED_FACE('',(#450),#451,.T.);
#167=ADVANCED_FACE('',(#452),#453,.T.);
#168=ADVANCED_FACE('',(#454),#455,.T.);
#169=ADVANCED_FACE('',(#456),#457,.T.);
#170=ADVANCED_FACE('',(#458),#459,.T.);
#171=ADVANCED_FACE('',(#460),#461,.T.);
#172=ADVANCED_FACE('',(#462),#463,.T.);
#173=ADVANCED_FACE('',(#464),#465,.F.);
#174=ADVANCED_FACE('',(#466),#467,.T.);
#175=ADVANCED_FACE('',(#468),#469,.T.);
#176=ADVANCED_FACE('',(#470),#471,.T.);
#177=ADVANCED_FACE('',(#472),#473,.T.);
#178=ADVANCED_FACE('',(#474),#475,.T.);
#179=ADVANCED_FACE('',(#476),#477,.T.);
#180=ADVANCED_FACE('',(#478),#479,.T.);
#181=ADVANCED_FACE('',(#480),#481,.T.);
#182=ADVANCED_FACE('',(#482),#483,.T.);
#183=ADVANCED_FACE('',(#484),#485,.T.);
#184=ADVANCED_FACE('',(#486),#487,.F.);
#185=ADVANCED_FACE('',(#488),#489,.F.);
#186=ADVANCED_FACE('',(#490),#491,.T.);
#187=ADVANCED_FACE('',(#492),#493,.T.);
#188=ADVANCED_FACE('',(#494),#495,.T.);
#189=ADVANCED_FACE('',(#496),#497,.T.);
#190=ADVANCED_FACE('',(#498),#499,.T.);
#191=ADVANCED_FACE('',(#500),#501,.F.);
#192=ADVANCED_FACE('',(#502),#503,.T.);
#193=ADVANCED_FACE('',(#504),#505,.T.);
#194=ADVANCED_FACE('',(#506),#507,.F.);
#195=ADVANCED_FACE('',(#508),#509,.F.);
#196=ADVANCED_FACE('',(#510),#511,.F.);
#197=ADVANCED_FACE('',(#512),#513,.T.);
#198=ADVANCED_FACE('',(#514),#515,.F.);
#199=ADVANCED_FACE('',(#516),#517,.F.);
#200=ADVANCED_FACE('',(#518),#519,.F.);
#201=ADVANCED_FACE('',(#520),#521,.F.);
#202=ADVANCED_FACE('',(#522),#523,.F.);
#203=ADVANCED_FACE('',(#524),#525,.T.);
#204=ADVANCED_FACE('',(#526),#527,.T.);
#205=ADVANCED_FACE('',(#528),#529,.T.);
#206=ADVANCED_FACE('',(#530),#531,.T.);
#207=ADVANCED_FACE('',(#532),#533,.T.);
#208=ADVANCED_FACE('',(#534),#535,.T.);
#209=ADVANCED_FACE('',(#536),#537,.F.);
#210=ADVANCED_FACE('',(#538),#539,.T.);
#211=ADVANCED_FACE('',(#540),#541,.T.);
#212=ADVANCED_FACE('',(#542),#543,.T.);
#213=ADVANCED_FACE('',(#544),#545,.T.);
#214=ADVANCED_FACE('',(#546),#547,.T.);
#215=ADVANCED_FACE('',(#548),#549,.T.);
#216=ADVANCED_FACE('',(#550),#551,.T.);
#217=ADVANCED_FACE('',(#552),#553,.T.);
#218=ADVANCED_FACE('',(#554),#555,.F.);
#219=ADVANCED_FACE('',(#556),#557,.F.);
#220=ADVANCED_FACE('',(#558),#559,.F.);
#221=ADVANCED_FACE('',(#560),#561,.F.);
#222=ADVANCED_FACE('',(#562),#563,.F.);
#223=ADVANCED_FACE('',(#564),#565,.T.);
#224=ADVANCED_FACE('',(#566),#567,.T.);
#225=COMPOSITE_CURVE_SEGMENT(.CONTINUOUS.,.T.,#568);
#226=COMPOSITE_CURVE_SEGMENT(.CONTINUOUS.,.T.,#569);
#227=COMPOSITE_CURVE_SEGMENT(.CONTINUOUS.,.T.,#570);
#228=COMPOSITE_CURVE_SEGMENT(.CONTINUOUS.,.T.,#571);
#229=COMPOSITE_CURVE_SEGMENT(.CONTINUOUS.,.T.,#572);
#230=COMPOSITE_CURVE_SEGMENT(.CONTINUOUS.,.T.,#573);
#231=COMPOSITE_CURVE_SEGMENT(.CONTINUOUS.,.T.,#574);
#232=COMPOSITE_CURVE_SEGMENT(.CONTINUOUS.,.T.,#575);
#233=COMPOSITE_CURVE_SEGMENT(.CONTINUOUS.,.T.,#576);
#234=COMPOSITE_CURVE_SEGMENT(.CONTINUOUS.,.T.,#577);
#235=COMPOSITE_CURVE_SEGMENT(.CONTINUOUS.,.T.,#578);
#236=COMPOSITE_CURVE_SEGMENT(.CONTINUOUS.,.T.,#579);
#237=COMPOSITE_CURVE_SEGMENT(.CONTINUOUS.,.T.,#580);
#238=COMPOSITE_CURVE_SEGMENT(.CONTINUOUS.,.T.,#581);
#240=FACE_OUTER_BOUND('',#582,.T.);
#241=CYLINDRICAL_SURFACE('',#583,0.4);
#242=FACE_OUTER_BOUND('',#584,.T.);
#243=FACE_BOUND('',#585,.T.);
#244=FACE_BOUND('',#586,.T.);
#245=FACE_BOUND('',#587,.T.);
#246=FACE_BOUND('',#588,.T.);
#247=PLANE('',#589);
#248=FACE_OUTER_BOUND('',#590,.T.);
#249=PLANE('',#591);
#250=FACE_OUTER_BOUND('',#592,.T.);
#251=PLANE('',#593);
#252=FACE_OUTER_BOUND('',#594,.T.);
#253=PLANE('',#595);
#254=FACE_OUTER_BOUND('',#596,.T.);
#255=PLANE('',#597);
#256=FACE_OUTER_BOUND('',#598,.T.);
#257=FACE_BOUND('',#599,.T.);
#258=PLANE('',#600);
#259=FACE_OUTER_BOUND('',#601,.T.);
#260=FACE_BOUND('',#602,.T.);
#261=PLANE('',#603);
#262=FACE_OUTER_BOUND('',#604,.T.);
#263=PLANE('',#605);
#264=FACE_OUTER_BOUND('',#606,.T.);
#265=PLANE('',#607);
#266=FACE_OUTER_BOUND('',#608,.T.);
#267=PLANE('',#609);
#268=FACE_OUTER_BOUND('',#610,.T.);
#269=PLANE('',#611);
#270=FACE_OUTER_BOUND('',#612,.T.);
#271=PLANE('',#613);
#272=FACE_OUTER_BOUND('',#614,.T.);
#273=PLANE('',#615);
#274=FACE_OUTER_BOUND('',#616,.T.);
#275=PLANE('',#617);
#276=FACE_OUTER_BOUND('',#618,.T.);
#277=PLANE('',#619);
#278=FACE_OUTER_BOUND('',#620,.T.);
#279=PLANE('',#621);
#280=FACE_OUTER_BOUND('',#622,.T.);
#281=PLANE('',#623);
#282=FACE_OUTER_BOUND('',#624,.T.);
#283=PLANE('',#625);
#284=FACE_OUTER_BOUND('',#626,.T.);
#285=PLANE('',#627);
#286=FACE_OUTER_BOUND('',#628,.T.);
#287=FACE_BOUND('',#629,.T.);
#288=FACE_BOUND('',#630,.T.);
#289=FACE_BOUND('',#631,.T.);
#290=FACE_BOUND('',#632,.T.);
#291=PLANE('',#633);
#292=FACE_OUTER_BOUND('',#634,.T.);
#293=PLANE('',#635);
#294=FACE_OUTER_BOUND('',#636,.T.);
#295=PLANE('',#637);
#296=FACE_OUTER_BOUND('',#638,.T.);
#297=PLANE('',#639);
#298=FACE_OUTER_BOUND('',#640,.T.);
#299=PLANE('',#641);
#300=FACE_OUTER_BOUND('',#642,.T.);
#301=PLANE('',#643);
#302=FACE_OUTER_BOUND('',#644,.T.);
#303=PLANE('',#645);
#304=FACE_OUTER_BOUND('',#646,.T.);
#305=PLANE('',#647);
#306=FACE_OUTER_BOUND('',#648,.T.);
#307=CYLINDRICAL_SURFACE('',#649,2.09);
#308=FACE_OUTER_BOUND('',#650,.T.);
#309=PLANE('',#651);
#310=FACE_OUTER_BOUND('',#652,.T.);
#311=PLANE('',#653);
#312=FACE_OUTER_BOUND('',#654,.T.);
#313=PLANE('',#655);
#314=FACE_OUTER_BOUND('',#656,.T.);
#315=PLANE('',#657);
#316=FACE_OUTER_BOUND('',#658,.T.);
#317=PLANE('',#659);
#318=FACE_OUTER_BOUND('',#660,.T.);
#319=PLANE('',#661);
#320=FACE_OUTER_BOUND('',#662,.T.);
#321=CYLINDRICAL_SURFACE('',#663,1.02);
#322=FACE_OUTER_BOUND('',#664,.T.);
#323=PLANE('',#665);
#324=FACE_OUTER_BOUND('',#666,.T.);
#325=PLANE('',#667);
#326=FACE_OUTER_BOUND('',#668,.T.);
#327=PLANE('',#669);
#328=FACE_OUTER_BOUND('',#670,.T.);
#329=PLANE('',#671);
#330=FACE_OUTER_BOUND('',#672,.T.);
#331=PLANE('',#673);
#332=FACE_OUTER_BOUND('',#674,.T.);
#333=PLANE('',#675);
#334=FACE_OUTER_BOUND('',#676,.T.);
#335=PLANE('',#677);
#336=FACE_OUTER_BOUND('',#678,.T.);
#337=CYLINDRICAL_SURFACE('',#679,1.02);
#338=FACE_OUTER_BOUND('',#680,.T.);
#339=PLANE('',#681);
#340=FACE_OUTER_BOUND('',#682,.T.);
#341=PLANE('',#683);
#342=FACE_OUTER_BOUND('',#684,.T.);
#343=PLANE('',#685);
#344=FACE_OUTER_BOUND('',#686,.T.);
#345=PLANE('',#687);
#346=FACE_OUTER_BOUND('',#688,.T.);
#347=PLANE('',#689);
#348=FACE_OUTER_BOUND('',#690,.T.);
#349=CYLINDRICAL_SURFACE('',#691,2.09);
#350=FACE_OUTER_BOUND('',#692,.T.);
#351=PLANE('',#693);
#352=FACE_OUTER_BOUND('',#694,.T.);
#353=PLANE('',#695);
#354=FACE_OUTER_BOUND('',#696,.T.);
#355=PLANE('',#697);
#356=FACE_OUTER_BOUND('',#698,.T.);
#357=PLANE('',#699);
#358=FACE_OUTER_BOUND('',#700,.T.);
#359=PLANE('',#701);
#360=FACE_OUTER_BOUND('',#702,.T.);
#361=PLANE('',#703);
#362=FACE_OUTER_BOUND('',#704,.T.);
#363=PLANE('',#705);
#364=FACE_OUTER_BOUND('',#706,.T.);
#365=FACE_BOUND('',#707,.T.);
#366=PLANE('',#708);
#367=FACE_OUTER_BOUND('',#709,.T.);
#368=FACE_BOUND('',#710,.T.);
#369=PLANE('',#711);
#370=FACE_OUTER_BOUND('',#712,.T.);
#371=PLANE('',#713);
#372=FACE_OUTER_BOUND('',#714,.T.);
#373=PLANE('',#715);
#374=FACE_OUTER_BOUND('',#716,.T.);
#375=PLANE('',#717);
#376=FACE_OUTER_BOUND('',#718,.T.);
#377=PLANE('',#719);
#378=FACE_OUTER_BOUND('',#720,.T.);
#379=PLANE('',#721);
#380=FACE_OUTER_BOUND('',#722,.T.);
#381=PLANE('',#723);
#382=FACE_OUTER_BOUND('',#724,.T.);
#383=PLANE('',#725);
#384=FACE_OUTER_BOUND('',#726,.T.);
#385=PLANE('',#727);
#386=FACE_OUTER_BOUND('',#728,.T.);
#387=PLANE('',#729);
#388=FACE_OUTER_BOUND('',#730,.T.);
#389=PLANE('',#731);
#390=FACE_OUTER_BOUND('',#732,.T.);
#391=PLANE('',#733);
#392=FACE_OUTER_BOUND('',#734,.T.);
#393=PLANE('',#735);
#394=FACE_OUTER_BOUND('',#736,.T.);
#395=PLANE('',#737);
#396=FACE_OUTER_BOUND('',#738,.T.);
#397=PLANE('',#739);
#398=FACE_OUTER_BOUND('',#740,.T.);
#399=PLANE('',#741);
#400=FACE_OUTER_BOUND('',#742,.T.);
#401=PLANE('',#743);
#402=FACE_OUTER_BOUND('',#744,.T.);
#403=PLANE('',#745);
#404=FACE_OUTER_BOUND('',#746,.T.);
#405=PLANE('',#747);
#406=FACE_OUTER_BOUND('',#748,.T.);
#407=PLANE('',#749);
#408=FACE_OUTER_BOUND('',#750,.T.);
#409=PLANE('',#751);
#410=FACE_OUTER_BOUND('',#752,.T.);
#411=PLANE('',#753);
#412=FACE_OUTER_BOUND('',#754,.T.);
#413=PLANE('',#755);
#414=FACE_OUTER_BOUND('',#756,.T.);
#415=PLANE('',#757);
#416=FACE_OUTER_BOUND('',#758,.T.);
#417=PLANE('',#759);
#418=FACE_OUTER_BOUND('',#760,.T.);
#419=PLANE('',#761);
#420=FACE_OUTER_BOUND('',#762,.T.);
#421=CYLINDRICAL_SURFACE('',#763,1.02);
#422=FACE_OUTER_BOUND('',#764,.T.);
#423=PLANE('',#765);
#424=FACE_OUTER_BOUND('',#766,.T.);
#425=PLANE('',#767);
#426=FACE_OUTER_BOUND('',#768,.T.);
#427=PLANE('',#769);
#428=FACE_OUTER_BOUND('',#770,.T.);
#429=CYLINDRICAL_SURFACE('',#771,2.09);
#430=FACE_OUTER_BOUND('',#772,.T.);
#431=PLANE('',#773);
#432=FACE_OUTER_BOUND('',#774,.T.);
#433=PLANE('',#775);
#434=FACE_OUTER_BOUND('',#776,.T.);
#435=PLANE('',#777);
#436=FACE_OUTER_BOUND('',#778,.T.);
#437=PLANE('',#779);
#438=FACE_OUTER_BOUND('',#780,.T.);
#439=PLANE('',#781);
#440=FACE_OUTER_BOUND('',#782,.T.);
#441=PLANE('',#783);
#442=FACE_OUTER_BOUND('',#784,.T.);
#443=PLANE('',#785);
#444=FACE_OUTER_BOUND('',#786,.T.);
#445=PLANE('',#787);
#446=FACE_OUTER_BOUND('',#788,.T.);
#447=PLANE('',#789);
#448=FACE_OUTER_BOUND('',#790,.T.);
#449=PLANE('',#791);
#450=FACE_OUTER_BOUND('',#792,.T.);
#451=PLANE('',#793);
#452=FACE_OUTER_BOUND('',#794,.T.);
#453=PLANE('',#795);
#454=FACE_OUTER_BOUND('',#796,.T.);
#455=PLANE('',#797);
#456=FACE_OUTER_BOUND('',#798,.T.);
#457=PLANE('',#799);
#458=FACE_OUTER_BOUND('',#800,.T.);
#459=PLANE('',#801);
#460=FACE_OUTER_BOUND('',#802,.T.);
#461=PLANE('',#803);
#462=FACE_OUTER_BOUND('',#804,.T.);
#463=PLANE('',#805);
#464=FACE_OUTER_BOUND('',#806,.T.);
#465=CYLINDRICAL_SURFACE('',#807,1.02);
#466=FACE_OUTER_BOUND('',#808,.T.);
#467=PLANE('',#809);
#468=FACE_OUTER_BOUND('',#810,.T.);
#469=PLANE('',#811);
#470=FACE_OUTER_BOUND('',#812,.T.);
#471=PLANE('',#813);
#472=FACE_OUTER_BOUND('',#814,.T.);
#473=CYLINDRICAL_SURFACE('',#815,2.09);
#474=FACE_OUTER_BOUND('',#816,.T.);
#475=CYLINDRICAL_SURFACE('',#817,0.4);
#476=FACE_OUTER_BOUND('',#818,.T.);
#477=PLANE('',#819);
#478=FACE_OUTER_BOUND('',#820,.T.);
#479=PLANE('',#821);
#480=FACE_OUTER_BOUND('',#822,.T.);
#481=CYLINDRICAL_SURFACE('',#823,0.4);
#482=FACE_OUTER_BOUND('',#824,.T.);
#483=PLANE('',#825);
#484=FACE_OUTER_BOUND('',#826,.T.);
#485=PLANE('',#827);
#486=FACE_OUTER_BOUND('',#828,.T.);
#487=PLANE('',#829);
#488=FACE_OUTER_BOUND('',#830,.T.);
#489=PLANE('',#831);
#490=FACE_OUTER_BOUND('',#832,.T.);
#491=PLANE('',#833);
#492=FACE_OUTER_BOUND('',#834,.T.);
#493=PLANE('',#835);
#494=FACE_OUTER_BOUND('',#836,.T.);
#495=PLANE('',#837);
#496=FACE_OUTER_BOUND('',#838,.T.);
#497=CYLINDRICAL_SURFACE('',#839,0.4);
#498=FACE_OUTER_BOUND('',#840,.T.);
#499=PLANE('',#841);
#500=FACE_OUTER_BOUND('',#842,.T.);
#501=PLANE('',#843);
#502=FACE_OUTER_BOUND('',#844,.T.);
#503=PLANE('',#845);
#504=FACE_OUTER_BOUND('',#846,.T.);
#505=PLANE('',#847);
#506=FACE_OUTER_BOUND('',#848,.T.);
#507=PLANE('',#849);
#508=FACE_OUTER_BOUND('',#850,.T.);
#509=CYLINDRICAL_SURFACE('',#851,1.2);
#510=FACE_OUTER_BOUND('',#852,.T.);
#511=PLANE('',#853);
#512=FACE_OUTER_BOUND('',#854,.T.);
#513=PLANE('',#855);
#514=FACE_OUTER_BOUND('',#856,.T.);
#515=PLANE('',#857);
#516=FACE_OUTER_BOUND('',#858,.T.);
#517=PLANE('',#859);
#518=FACE_OUTER_BOUND('',#860,.T.);
#519=PLANE('',#861);
#520=FACE_OUTER_BOUND('',#862,.T.);
#521=CYLINDRICAL_SURFACE('',#863,1.2);
#522=FACE_OUTER_BOUND('',#864,.T.);
#523=PLANE('',#865);
#524=FACE_OUTER_BOUND('',#866,.T.);
#525=PLANE('',#867);
#526=FACE_OUTER_BOUND('',#868,.T.);
#527=PLANE('',#869);
#528=FACE_OUTER_BOUND('',#870,.T.);
#529=CYLINDRICAL_SURFACE('',#871,0.4);
#530=FACE_OUTER_BOUND('',#872,.T.);
#531=PLANE('',#873);
#532=FACE_OUTER_BOUND('',#874,.T.);
#533=PLANE('',#875);
#534=FACE_OUTER_BOUND('',#876,.T.);
#535=PLANE('',#877);
#536=FACE_OUTER_BOUND('',#878,.T.);
#537=PLANE('',#879);
#538=FACE_OUTER_BOUND('',#880,.T.);
#539=PLANE('',#881);
#540=FACE_OUTER_BOUND('',#882,.T.);
#541=PLANE('',#883);
#542=FACE_OUTER_BOUND('',#884,.T.);
#543=CYLINDRICAL_SURFACE('',#885,0.4);
#544=FACE_OUTER_BOUND('',#886,.T.);
#545=PLANE('',#887);
#546=FACE_OUTER_BOUND('',#888,.T.);
#547=CYLINDRICAL_SURFACE('',#889,0.4);
#548=FACE_OUTER_BOUND('',#890,.T.);
#549=PLANE('',#891);
#550=FACE_OUTER_BOUND('',#892,.T.);
#551=PLANE('',#893);
#552=FACE_OUTER_BOUND('',#894,.T.);
#553=PLANE('',#895);
#554=FACE_OUTER_BOUND('',#896,.T.);
#555=PLANE('',#897);
#556=FACE_OUTER_BOUND('',#898,.T.);
#557=CYLINDRICAL_SURFACE('',#899,1.2);
#558=FACE_OUTER_BOUND('',#900,.T.);
#559=CYLINDRICAL_SURFACE('',#901,1.2);
#560=FACE_OUTER_BOUND('',#902,.T.);
#561=PLANE('',#903);
#562=FACE_OUTER_BOUND('',#904,.T.);
#563=PLANE('',#905);
#564=FACE_OUTER_BOUND('',#906,.T.);
#565=PLANE('',#907);
#566=FACE_OUTER_BOUND('',#908,.T.);
#567=CYLINDRICAL_SURFACE('',#909,0.4);
#568=TRIMMED_CURVE('',#910,(PARAMETER_VALUE(0.0)),(PARAMETER_VALUE(3.1415926535892)),.T.,.UNSPECIFIED.);
#569=TRIMMED_CURVE('',#911,(PARAMETER_VALUE(0.0)),(PARAMETER_VALUE(3.1415926535892)),.T.,.UNSPECIFIED.);
#570=TRIMMED_CURVE('',#912,(PARAMETER_VALUE(0.0)),(PARAMETER_VALUE(3.1415926535892)),.T.,.UNSPECIFIED.);
#571=TRIMMED_CURVE('',#913,(PARAMETER_VALUE(0.0)),(PARAMETER_VALUE(3.1415926535892)),.T.,.UNSPECIFIED.);
#572=TRIMMED_CURVE('',#914,(PARAMETER_VALUE(0.0)),(PARAMETER_VALUE(3.1415926535892)),.T.,.UNSPECIFIED.);
#573=TRIMMED_CURVE('',#915,(PARAMETER_VALUE(0.0)),(PARAMETER_VALUE(3.1415926535892)),.T.,.UNSPECIFIED.);
#574=TRIMMED_CURVE('',#916,(PARAMETER_VALUE(0.0)),(PARAMETER_VALUE(3.1415926535892)),.T.,.UNSPECIFIED.);
#575=TRIMMED_CURVE('',#917,(PARAMETER_VALUE(0.0)),(PARAMETER_VALUE(3.1415926535892)),.T.,.UNSPECIFIED.);
#576=TRIMMED_CURVE('',#918,(PARAMETER_VALUE(0.0)),(PARAMETER_VALUE(3.1415926535892)),.T.,.UNSPECIFIED.);
#577=TRIMMED_CURVE('',#919,(PARAMETER_VALUE(0.0)),(PARAMETER_VALUE(3.1415926535892)),.T.,.UNSPECIFIED.);
#578=TRIMMED_CURVE('',#920,(PARAMETER_VALUE(0.0)),(PARAMETER_VALUE(3.1415926535892)),.T.,.UNSPECIFIED.);
#579=TRIMMED_CURVE('',#921,(PARAMETER_VALUE(0.0)),(PARAMETER_VALUE(3.1415926535892)),.T.,.UNSPECIFIED.);
#580=TRIMMED_CURVE('A_2',#922,(PARAMETER_VALUE(0.0)),(PARAMETER_VALUE(1.0)),.T.,.UNSPECIFIED.);
#581=TRIMMED_CURVE('A_3',#923,(PARAMETER_VALUE(0.0)),(PARAMETER_VALUE(1.0)),.T.,.UNSPECIFIED.);
#582=EDGE_LOOP('',(#924,#925,#926,#927));
#583=AXIS2_PLACEMENT_3D('',#928,#929,#930);
#584=EDGE_LOOP('',(#931,#932,#933,#934,#935,#936,#937,#938,#939,#940,#941,#942,#943));
#585=EDGE_LOOP('',(#944,#945,#946,#947,#948,#949));
#586=EDGE_LOOP('',(#950,#951,#952,#953,#954,#955));
#587=EDGE_LOOP('',(#956,#957,#958,#959));
#588=EDGE_LOOP('',(#960,#961,#962,#963));
#589=AXIS2_PLACEMENT_3D('',#964,#965,#966);
#590=EDGE_LOOP('',(#967,#968,#969,#970));
#591=AXIS2_PLACEMENT_3D('',#971,#972,#973);
#592=EDGE_LOOP('',(#974,#975,#976,#977));
#593=AXIS2_PLACEMENT_3D('',#978,#979,#980);
#594=EDGE_LOOP('',(#981,#982,#983,#984));
#595=AXIS2_PLACEMENT_3D('',#985,#986,#987);
#596=EDGE_LOOP('',(#988,#989,#990,#991));
#597=AXIS2_PLACEMENT_3D('',#992,#993,#994);
#598=EDGE_LOOP('',(#995,#996,#997,#998));
#599=EDGE_LOOP('',(#999,#1000,#1001,#1002));
#600=AXIS2_PLACEMENT_3D('',#1003,#1004,#1005);
#601=EDGE_LOOP('',(#1006,#1007,#1008,#1009,#1010,#1011));
#602=EDGE_LOOP('',(#1012,#1013,#1014,#1015));
#603=AXIS2_PLACEMENT_3D('',#1016,#1017,#1018);
#604=EDGE_LOOP('',(#1019,#1020,#1021,#1022));
#605=AXIS2_PLACEMENT_3D('',#1023,#1024,#1025);
#606=EDGE_LOOP('',(#1026,#1027,#1028,#1029));
#607=AXIS2_PLACEMENT_3D('',#1030,#1031,#1032);
#608=EDGE_LOOP('',(#1033,#1034,#1035,#1036));
#609=AXIS2_PLACEMENT_3D('',#1037,#1038,#1039);
#610=EDGE_LOOP('',(#1040,#1041,#1042,#1043));
#611=AXIS2_PLACEMENT_3D('',#1044,#1045,#1046);
#612=EDGE_LOOP('',(#1047,#1048,#1049,#1050));
#613=AXIS2_PLACEMENT_3D('',#1051,#1052,#1053);
#614=EDGE_LOOP('',(#1054,#1055,#1056,#1057));
#615=AXIS2_PLACEMENT_3D('',#1058,#1059,#1060);
#616=EDGE_LOOP('',(#1061,#1062,#1063,#1064));
#617=AXIS2_PLACEMENT_3D('',#1065,#1066,#1067);
#618=EDGE_LOOP('',(#1068,#1069,#1070,#1071,#1072,#1073,#1074,#1075));
#619=AXIS2_PLACEMENT_3D('',#1076,#1077,#1078);
#620=EDGE_LOOP('',(#1079,#1080,#1081,#1082));
#621=AXIS2_PLACEMENT_3D('',#1083,#1084,#1085);
#622=EDGE_LOOP('',(#1086,#1087,#1088,#1089));
#623=AXIS2_PLACEMENT_3D('',#1090,#1091,#1092);
#624=EDGE_LOOP('',(#1093,#1094,#1095,#1096));
#625=AXIS2_PLACEMENT_3D('',#1097,#1098,#1099);
#626=EDGE_LOOP('',(#1100,#1101,#1102,#1103));
#627=AXIS2_PLACEMENT_3D('',#1104,#1105,#1106);
#628=EDGE_LOOP('',(#1107,#1108,#1109,#1110,#1111,#1112,#1113,#1114,#1115,#1116,#1117,#1118,#1119,#1120,#1121,#1122));
#629=EDGE_LOOP('',(#1123,#1124,#1125,#1126));
#630=EDGE_LOOP('',(#1127,#1128,#1129,#1130));
#631=EDGE_LOOP('',(#1131,#1132,#1133,#1134));
#632=EDGE_LOOP('',(#1135,#1136,#1137,#1138));
#633=AXIS2_PLACEMENT_3D('',#1139,#1140,#1141);
#634=EDGE_LOOP('',(#1142,#1143,#1144,#1145));
#635=AXIS2_PLACEMENT_3D('',#1146,#1147,#1148);
#636=EDGE_LOOP('',(#1149,#1150,#1151,#1152,#1153,#1154,#1155,#1156));
#637=AXIS2_PLACEMENT_3D('',#1157,#1158,#1159);
#638=EDGE_LOOP('',(#1160,#1161,#1162,#1163));
#639=AXIS2_PLACEMENT_3D('',#1164,#1165,#1166);
#640=EDGE_LOOP('',(#1167,#1168,#1169,#1170));
#641=AXIS2_PLACEMENT_3D('',#1171,#1172,#1173);
#642=EDGE_LOOP('',(#1174,#1175,#1176,#1177));
#643=AXIS2_PLACEMENT_3D('',#1178,#1179,#1180);
#644=EDGE_LOOP('',(#1181,#1182,#1183,#1184));
#645=AXIS2_PLACEMENT_3D('',#1185,#1186,#1187);
#646=EDGE_LOOP('',(#1188,#1189,#1190,#1191));
#647=AXIS2_PLACEMENT_3D('',#1192,#1193,#1194);
#648=EDGE_LOOP('',(#1195,#1196,#1197,#1198));
#649=AXIS2_PLACEMENT_3D('',#1199,#1200,#1201);
#650=EDGE_LOOP('',(#1202,#1203,#1204,#1205));
#651=AXIS2_PLACEMENT_3D('',#1206,#1207,#1208);
#652=EDGE_LOOP('',(#1209,#1210,#1211,#1212));
#653=AXIS2_PLACEMENT_3D('',#1213,#1214,#1215);
#654=EDGE_LOOP('',(#1216,#1217,#1218,#1219));
#655=AXIS2_PLACEMENT_3D('',#1220,#1221,#1222);
#656=EDGE_LOOP('',(#1223,#1224,#1225,#1226));
#657=AXIS2_PLACEMENT_3D('',#1227,#1228,#1229);
#658=EDGE_LOOP('',(#1230,#1231,#1232,#1233));
#659=AXIS2_PLACEMENT_3D('',#1234,#1235,#1236);
#660=EDGE_LOOP('',(#1237,#1238,#1239,#1240));
#661=AXIS2_PLACEMENT_3D('',#1241,#1242,#1243);
#662=EDGE_LOOP('',(#1244,#1245,#1246,#1247));
#663=AXIS2_PLACEMENT_3D('',#1248,#1249,#1250);
#664=EDGE_LOOP('',(#1251,#1252,#1253,#1254));
#665=AXIS2_PLACEMENT_3D('',#1255,#1256,#1257);
#666=EDGE_LOOP('',(#1258,#1259,#1260,#1261));
#667=AXIS2_PLACEMENT_3D('',#1262,#1263,#1264);
#668=EDGE_LOOP('',(#1265,#1266,#1267,#1268,#1269,#1270,#1271,#1272));
#669=AXIS2_PLACEMENT_3D('',#1273,#1274,#1275);
#670=EDGE_LOOP('',(#1276,#1277,#1278,#1279));
#671=AXIS2_PLACEMENT_3D('',#1280,#1281,#1282);
#672=EDGE_LOOP('',(#1283,#1284,#1285,#1286));
#673=AXIS2_PLACEMENT_3D('',#1287,#1288,#1289);
#674=EDGE_LOOP('',(#1290,#1291,#1292,#1293));
#675=AXIS2_PLACEMENT_3D('',#1294,#1295,#1296);
#676=EDGE_LOOP('',(#1297,#1298,#1299,#1300));
#677=AXIS2_PLACEMENT_3D('',#1301,#1302,#1303);
#678=EDGE_LOOP('',(#1304,#1305,#1306,#1307));
#679=AXIS2_PLACEMENT_3D('',#1308,#1309,#1310);
#680=EDGE_LOOP('',(#1311,#1312,#1313,#1314));
#681=AXIS2_PLACEMENT_3D('',#1315,#1316,#1317);
#682=EDGE_LOOP('',(#1318,#1319,#1320,#1321));
#683=AXIS2_PLACEMENT_3D('',#1322,#1323,#1324);
#684=EDGE_LOOP('',(#1325,#1326,#1327,#1328));
#685=AXIS2_PLACEMENT_3D('',#1329,#1330,#1331);
#686=EDGE_LOOP('',(#1332,#1333,#1334,#1335));
#687=AXIS2_PLACEMENT_3D('',#1336,#1337,#1338);
#688=EDGE_LOOP('',(#1339,#1340,#1341,#1342));
#689=AXIS2_PLACEMENT_3D('',#1343,#1344,#1345);
#690=EDGE_LOOP('',(#1346,#1347,#1348,#1349));
#691=AXIS2_PLACEMENT_3D('',#1350,#1351,#1352);
#692=EDGE_LOOP('',(#1353,#1354,#1355,#1356));
#693=AXIS2_PLACEMENT_3D('',#1357,#1358,#1359);
#694=EDGE_LOOP('',(#1360,#1361,#1362,#1363));
#695=AXIS2_PLACEMENT_3D('',#1364,#1365,#1366);
#696=EDGE_LOOP('',(#1367,#1368,#1369,#1370));
#697=AXIS2_PLACEMENT_3D('',#1371,#1372,#1373);
#698=EDGE_LOOP('',(#1374,#1375,#1376,#1377,#1378,#1379,#1380,#1381));
#699=AXIS2_PLACEMENT_3D('',#1382,#1383,#1384);
#700=EDGE_LOOP('',(#1385,#1386,#1387,#1388));
#701=AXIS2_PLACEMENT_3D('',#1389,#1390,#1391);
#702=EDGE_LOOP('',(#1392,#1393,#1394,#1395));
#703=AXIS2_PLACEMENT_3D('',#1396,#1397,#1398);
#704=EDGE_LOOP('',(#1399,#1400,#1401,#1402));
#705=AXIS2_PLACEMENT_3D('',#1403,#1404,#1405);
#706=EDGE_LOOP('',(#1406,#1407,#1408,#1409,#1410,#1411));
#707=EDGE_LOOP('',(#1412,#1413,#1414,#1415));
#708=AXIS2_PLACEMENT_3D('',#1416,#1417,#1418);
#709=EDGE_LOOP('',(#1419,#1420,#1421,#1422));
#710=EDGE_LOOP('',(#1423,#1424,#1425,#1426));
#711=AXIS2_PLACEMENT_3D('',#1427,#1428,#1429);
#712=EDGE_LOOP('',(#1430,#1431,#1432,#1433));
#713=AXIS2_PLACEMENT_3D('',#1434,#1435,#1436);
#714=EDGE_LOOP('',(#1437,#1438,#1439,#1440));
#715=AXIS2_PLACEMENT_3D('',#1441,#1442,#1443);
#716=EDGE_LOOP('',(#1444,#1445,#1446,#1447));
#717=AXIS2_PLACEMENT_3D('',#1448,#1449,#1450);
#718=EDGE_LOOP('',(#1451,#1452,#1453,#1454));
#719=AXIS2_PLACEMENT_3D('',#1455,#1456,#1457);
#720=EDGE_LOOP('',(#1458,#1459,#1460,#1461));
#721=AXIS2_PLACEMENT_3D('',#1462,#1463,#1464);
#722=EDGE_LOOP('',(#1465,#1466,#1467,#1468));
#723=AXIS2_PLACEMENT_3D('',#1469,#1470,#1471);
#724=EDGE_LOOP('',(#1472,#1473,#1474,#1475));
#725=AXIS2_PLACEMENT_3D('',#1476,#1477,#1478);
#726=EDGE_LOOP('',(#1479,#1480,#1481,#1482));
#727=AXIS2_PLACEMENT_3D('',#1483,#1484,#1485);
#728=EDGE_LOOP('',(#1486,#1487,#1488,#1489));
#729=AXIS2_PLACEMENT_3D('',#1490,#1491,#1492);
#730=EDGE_LOOP('',(#1493,#1494,#1495,#1496));
#731=AXIS2_PLACEMENT_3D('',#1497,#1498,#1499);
#732=EDGE_LOOP('',(#1500,#1501,#1502,#1503));
#733=AXIS2_PLACEMENT_3D('',#1504,#1505,#1506);
#734=EDGE_LOOP('',(#1507,#1508,#1509,#1510,#1511,#1512));
#735=AXIS2_PLACEMENT_3D('',#1513,#1514,#1515);
#736=EDGE_LOOP('',(#1516,#1517,#1518,#1519));
#737=AXIS2_PLACEMENT_3D('',#1520,#1521,#1522);
#738=EDGE_LOOP('',(#1523,#1524,#1525,#1526));
#739=AXIS2_PLACEMENT_3D('',#1527,#1528,#1529);
#740=EDGE_LOOP('',(#1530,#1531,#1532,#1533));
#741=AXIS2_PLACEMENT_3D('',#1534,#1535,#1536);
#742=EDGE_LOOP('',(#1537,#1538,#1539,#1540));
#743=AXIS2_PLACEMENT_3D('',#1541,#1542,#1543);
#744=EDGE_LOOP('',(#1544,#1545,#1546,#1547,#1548,#1549));
#745=AXIS2_PLACEMENT_3D('',#1550,#1551,#1552);
#746=EDGE_LOOP('',(#1553,#1554,#1555,#1556));
#747=AXIS2_PLACEMENT_3D('',#1557,#1558,#1559);
#748=EDGE_LOOP('',(#1560,#1561,#1562,#1563));
#749=AXIS2_PLACEMENT_3D('',#1564,#1565,#1566);
#750=EDGE_LOOP('',(#1567,#1568,#1569,#1570));
#751=AXIS2_PLACEMENT_3D('',#1571,#1572,#1573);
#752=EDGE_LOOP('',(#1574,#1575,#1576,#1577));
#753=AXIS2_PLACEMENT_3D('',#1578,#1579,#1580);
#754=EDGE_LOOP('',(#1581,#1582,#1583,#1584));
#755=AXIS2_PLACEMENT_3D('',#1585,#1586,#1587);
#756=EDGE_LOOP('',(#1588,#1589,#1590,#1591));
#757=AXIS2_PLACEMENT_3D('',#1592,#1593,#1594);
#758=EDGE_LOOP('',(#1595,#1596,#1597,#1598));
#759=AXIS2_PLACEMENT_3D('',#1599,#1600,#1601);
#760=EDGE_LOOP('',(#1602,#1603,#1604,#1605));
#761=AXIS2_PLACEMENT_3D('',#1606,#1607,#1608);
#762=EDGE_LOOP('',(#1609,#1610,#1611,#1612));
#763=AXIS2_PLACEMENT_3D('',#1613,#1614,#1615);
#764=EDGE_LOOP('',(#1616,#1617,#1618,#1619));
#765=AXIS2_PLACEMENT_3D('',#1620,#1621,#1622);
#766=EDGE_LOOP('',(#1623,#1624,#1625,#1626));
#767=AXIS2_PLACEMENT_3D('',#1627,#1628,#1629);
#768=EDGE_LOOP('',(#1630,#1631,#1632,#1633));
#769=AXIS2_PLACEMENT_3D('',#1634,#1635,#1636);
#770=EDGE_LOOP('',(#1637,#1638,#1639,#1640));
#771=AXIS2_PLACEMENT_3D('',#1641,#1642,#1643);
#772=EDGE_LOOP('',(#1644,#1645,#1646,#1647));
#773=AXIS2_PLACEMENT_3D('',#1648,#1649,#1650);
#774=EDGE_LOOP('',(#1651,#1652,#1653,#1654));
#775=AXIS2_PLACEMENT_3D('',#1655,#1656,#1657);
#776=EDGE_LOOP('',(#1658,#1659,#1660,#1661));
#777=AXIS2_PLACEMENT_3D('',#1662,#1663,#1664);
#778=EDGE_LOOP('',(#1665,#1666,#1667,#1668,#1669,#1670));
#779=AXIS2_PLACEMENT_3D('',#1671,#1672,#1673);
#780=EDGE_LOOP('',(#1674,#1675,#1676,#1677));
#781=AXIS2_PLACEMENT_3D('',#1678,#1679,#1680);
#782=EDGE_LOOP('',(#1681,#1682,#1683,#1684));
#783=AXIS2_PLACEMENT_3D('',#1685,#1686,#1687);
#784=EDGE_LOOP('',(#1688,#1689,#1690,#1691));
#785=AXIS2_PLACEMENT_3D('',#1692,#1693,#1694);
#786=EDGE_LOOP('',(#1695,#1696,#1697,#1698));
#787=AXIS2_PLACEMENT_3D('',#1699,#1700,#1701);
#788=EDGE_LOOP('',(#1702,#1703,#1704,#1705,#1706,#1707));
#789=AXIS2_PLACEMENT_3D('',#1708,#1709,#1710);
#790=EDGE_LOOP('',(#1711,#1712,#1713,#1714));
#791=AXIS2_PLACEMENT_3D('',#1715,#1716,#1717);
#792=EDGE_LOOP('',(#1718,#1719,#1720,#1721));
#793=AXIS2_PLACEMENT_3D('',#1722,#1723,#1724);
#794=EDGE_LOOP('',(#1725,#1726,#1727,#1728));
#795=AXIS2_PLACEMENT_3D('',#1729,#1730,#1731);
#796=EDGE_LOOP('',(#1732,#1733,#1734,#1735));
#797=AXIS2_PLACEMENT_3D('',#1736,#1737,#1738);
#798=EDGE_LOOP('',(#1739,#1740,#1741,#1742));
#799=AXIS2_PLACEMENT_3D('',#1743,#1744,#1745);
#800=EDGE_LOOP('',(#1746,#1747,#1748,#1749));
#801=AXIS2_PLACEMENT_3D('',#1750,#1751,#1752);
#802=EDGE_LOOP('',(#1753,#1754,#1755,#1756));
#803=AXIS2_PLACEMENT_3D('',#1757,#1758,#1759);
#804=EDGE_LOOP('',(#1760,#1761,#1762,#1763));
#805=AXIS2_PLACEMENT_3D('',#1764,#1765,#1766);
#806=EDGE_LOOP('',(#1767,#1768,#1769,#1770));
#807=AXIS2_PLACEMENT_3D('',#1771,#1772,#1773);
#808=EDGE_LOOP('',(#1774,#1775,#1776,#1777));
#809=AXIS2_PLACEMENT_3D('',#1778,#1779,#1780);
#810=EDGE_LOOP('',(#1781,#1782,#1783,#1784));
#811=AXIS2_PLACEMENT_3D('',#1785,#1786,#1787);
#812=EDGE_LOOP('',(#1788,#1789,#1790,#1791));
#813=AXIS2_PLACEMENT_3D('',#1792,#1793,#1794);
#814=EDGE_LOOP('',(#1795,#1796,#1797,#1798));
#815=AXIS2_PLACEMENT_3D('',#1799,#1800,#1801);
#816=EDGE_LOOP('',(#1802,#1803,#1804,#1805));
#817=AXIS2_PLACEMENT_3D('',#1806,#1807,#1808);
#818=EDGE_LOOP('',(#1809,#1810,#1811,#1812,#1813,#1814));
#819=AXIS2_PLACEMENT_3D('',#1815,#1816,#1817);
#820=EDGE_LOOP('',(#1818,#1819,#1820,#1821,#1822,#1823));
#821=AXIS2_PLACEMENT_3D('',#1824,#1825,#1826);
#822=EDGE_LOOP('',(#1827,#1828,#1829,#1830));
#823=AXIS2_PLACEMENT_3D('',#1831,#1832,#1833);
#824=EDGE_LOOP('',(#1834,#1835,#1836,#1837,#1838,#1839));
#825=AXIS2_PLACEMENT_3D('',#1840,#1841,#1842);
#826=EDGE_LOOP('',(#1843,#1844,#1845,#1846));
#827=AXIS2_PLACEMENT_3D('',#1847,#1848,#1849);
#828=EDGE_LOOP('',(#1850,#1851,#1852,#1853,#1854,#1855));
#829=AXIS2_PLACEMENT_3D('',#1856,#1857,#1858);
#830=EDGE_LOOP('',(#1859,#1860,#1861,#1862,#1863,#1864));
#831=AXIS2_PLACEMENT_3D('',#1865,#1866,#1867);
#832=EDGE_LOOP('',(#1868,#1869,#1870,#1871));
#833=AXIS2_PLACEMENT_3D('',#1872,#1873,#1874);
#834=EDGE_LOOP('',(#1875,#1876,#1877,#1878,#1879,#1880,#1881,#1882,#1883,#1884,#1885,#1886,#1887,#1888,#1889,#1890));
#835=AXIS2_PLACEMENT_3D('',#1891,#1892,#1893);
#836=EDGE_LOOP('',(#1894,#1895,#1896,#1897,#1898,#1899,#1900,#1901,#1902,#1903,#1904,#1905,#1906));
#837=AXIS2_PLACEMENT_3D('',#1907,#1908,#1909);
#838=EDGE_LOOP('',(#1910,#1911,#1912,#1913));
#839=AXIS2_PLACEMENT_3D('',#1914,#1915,#1916);
#840=EDGE_LOOP('',(#1917,#1918,#1919,#1920,#1921,#1922,#1923,#1924));
#841=AXIS2_PLACEMENT_3D('',#1925,#1926,#1927);
#842=EDGE_LOOP('',(#1928,#1929,#1930,#1931));
#843=AXIS2_PLACEMENT_3D('',#1932,#1933,#1934);
#844=EDGE_LOOP('',(#1935,#1936,#1937,#1938));
#845=AXIS2_PLACEMENT_3D('',#1939,#1940,#1941);
#846=EDGE_LOOP('',(#1942,#1943,#1944,#1945));
#847=AXIS2_PLACEMENT_3D('',#1946,#1947,#1948);
#848=EDGE_LOOP('',(#1949,#1950,#1951,#1952));
#849=AXIS2_PLACEMENT_3D('',#1953,#1954,#1955);
#850=EDGE_LOOP('',(#1956,#1957,#1958,#1959,#1960,#1961,#1962,#1963));
#851=AXIS2_PLACEMENT_3D('',#1964,#1965,#1966);
#852=EDGE_LOOP('',(#1967,#1968,#1969,#1970,#1971,#1972));
#853=AXIS2_PLACEMENT_3D('',#1973,#1974,#1975);
#854=EDGE_LOOP('',(#1976,#1977,#1978,#1979,#1980,#1981,#1982,#1983));
#855=AXIS2_PLACEMENT_3D('',#1984,#1985,#1986);
#856=EDGE_LOOP('',(#1987,#1988,#1989,#1990));
#857=AXIS2_PLACEMENT_3D('',#1991,#1992,#1993);
#858=EDGE_LOOP('',(#1994,#1995,#1996,#1997));
#859=AXIS2_PLACEMENT_3D('',#1998,#1999,#2000);
#860=EDGE_LOOP('',(#2001,#2002,#2003,#2004));
#861=AXIS2_PLACEMENT_3D('',#2005,#2006,#2007);
#862=EDGE_LOOP('',(#2008,#2009,#2010,#2011));
#863=AXIS2_PLACEMENT_3D('',#2012,#2013,#2014);
#864=EDGE_LOOP('',(#2015,#2016,#2017,#2018,#2019,#2020));
#865=AXIS2_PLACEMENT_3D('',#2021,#2022,#2023);
#866=EDGE_LOOP('',(#2024,#2025,#2026,#2027));
#867=AXIS2_PLACEMENT_3D('',#2028,#2029,#2030);
#868=EDGE_LOOP('',(#2031,#2032,#2033,#2034,#2035,#2036,#2037,#2038));
#869=AXIS2_PLACEMENT_3D('',#2039,#2040,#2041);
#870=EDGE_LOOP('',(#2042,#2043,#2044,#2045));
#871=AXIS2_PLACEMENT_3D('',#2046,#2047,#2048);
#872=EDGE_LOOP('',(#2049,#2050,#2051,#2052,#2053,#2054,#2055,#2056));
#873=AXIS2_PLACEMENT_3D('',#2057,#2058,#2059);
#874=EDGE_LOOP('',(#2060,#2061,#2062,#2063));
#875=AXIS2_PLACEMENT_3D('',#2064,#2065,#2066);
#876=EDGE_LOOP('',(#2067,#2068,#2069,#2070));
#877=AXIS2_PLACEMENT_3D('',#2071,#2072,#2073);
#878=EDGE_LOOP('',(#2074,#2075,#2076,#2077));
#879=AXIS2_PLACEMENT_3D('',#2078,#2079,#2080);
#880=EDGE_LOOP('',(#2081,#2082,#2083,#2084));
#881=AXIS2_PLACEMENT_3D('',#2085,#2086,#2087);
#882=EDGE_LOOP('',(#2088,#2089,#2090,#2091));
#883=AXIS2_PLACEMENT_3D('',#2092,#2093,#2094);
#884=EDGE_LOOP('',(#2095,#2096,#2097,#2098));
#885=AXIS2_PLACEMENT_3D('',#2099,#2100,#2101);
#886=EDGE_LOOP('',(#2102,#2103,#2104,#2105,#2106,#2107,#2108,#2109));
#887=AXIS2_PLACEMENT_3D('',#2110,#2111,#2112);
#888=EDGE_LOOP('',(#2113,#2114,#2115,#2116));
#889=AXIS2_PLACEMENT_3D('',#2117,#2118,#2119);
#890=EDGE_LOOP('',(#2120,#2121,#2122,#2123));
#891=AXIS2_PLACEMENT_3D('',#2124,#2125,#2126);
#892=EDGE_LOOP('',(#2127,#2128,#2129,#2130,#2131,#2132,#2133,#2134));
#893=AXIS2_PLACEMENT_3D('',#2135,#2136,#2137);
#894=EDGE_LOOP('',(#2138,#2139,#2140,#2141));
#895=AXIS2_PLACEMENT_3D('',#2142,#2143,#2144);
#896=EDGE_LOOP('',(#2145,#2146,#2147,#2148));
#897=AXIS2_PLACEMENT_3D('',#2149,#2150,#2151);
#898=EDGE_LOOP('',(#2152,#2153,#2154,#2155,#2156,#2157,#2158,#2159));
#899=AXIS2_PLACEMENT_3D('',#2160,#2161,#2162);
#900=EDGE_LOOP('',(#2163,#2164,#2165,#2166));
#901=AXIS2_PLACEMENT_3D('',#2167,#2168,#2169);
#902=EDGE_LOOP('',(#2170,#2171,#2172,#2173));
#903=AXIS2_PLACEMENT_3D('',#2174,#2175,#2176);
#904=EDGE_LOOP('',(#2177,#2178,#2179,#2180));
#905=AXIS2_PLACEMENT_3D('',#2181,#2182,#2183);
#906=EDGE_LOOP('',(#2184,#2185,#2186,#2187));
#907=AXIS2_PLACEMENT_3D('',#2188,#2189,#2190);
#908=EDGE_LOOP('',(#2191,#2192,#2193,#2194));
#909=AXIS2_PLACEMENT_3D('',#2195,#2196,#2197);
#910=CIRCLE('',#2198,1.6);
#911=CIRCLE('',#2199,1.6);
#912=CIRCLE('',#2200,1.6);
#913=CIRCLE('',#2201,1.6);
#914=CIRCLE('',#2202,0.9);
#915=CIRCLE('',#2203,0.9);
#916=CIRCLE('',#2204,0.9);
#917=CIRCLE('',#2205,0.9);
#918=CIRCLE('',#2206,0.9);
#919=CIRCLE('',#2207,0.9);
#920=CIRCLE('',#2208,0.9);
#921=CIRCLE('',#2209,0.9);
#922=LINE('',#2210,#2211);
#923=LINE('',#2212,#2213);
#924=ORIENTED_EDGE('',*,*,#2214,.F.);
#925=ORIENTED_EDGE('',*,*,#2215,.F.);
#926=ORIENTED_EDGE('',*,*,#2216,.F.);
#927=ORIENTED_EDGE('',*,*,#2217,.T.);
#928=CARTESIAN_POINT('',(4.8,2.75,0.0));
#929=DIRECTION('',(0.0,0.0,1.0));
#930=DIRECTION('',(-1.0,0.0,0.0));
#931=ORIENTED_EDGE('',*,*,#2218,.F.);
#932=ORIENTED_EDGE('',*,*,#2219,.F.);
#933=ORIENTED_EDGE('',*,*,#2217,.F.);
#934=ORIENTED_EDGE('',*,*,#2220,.F.);
#935=ORIENTED_EDGE('',*,*,#2221,.T.);
#936=ORIENTED_EDGE('',*,*,#2222,.F.);
#937=ORIENTED_EDGE('',*,*,#2223,.F.);
#938=ORIENTED_EDGE('',*,*,#2224,.F.);
#939=ORIENTED_EDGE('',*,*,#2225,.T.);
#940=ORIENTED_EDGE('',*,*,#2226,.F.);
#941=ORIENTED_EDGE('',*,*,#2227,.T.);
#942=ORIENTED_EDGE('',*,*,#2228,.F.);
#943=ORIENTED_EDGE('',*,*,#2229,.T.);
#944=ORIENTED_EDGE('',*,*,#2230,.F.);
#945=ORIENTED_EDGE('',*,*,#2231,.F.);
#946=ORIENTED_EDGE('',*,*,#2232,.F.);
#947=ORIENTED_EDGE('',*,*,#2233,.F.);
#948=ORIENTED_EDGE('',*,*,#2234,.F.);
#949=ORIENTED_EDGE('',*,*,#2235,.F.);
#950=ORIENTED_EDGE('',*,*,#2236,.F.);
#951=ORIENTED_EDGE('',*,*,#2237,.F.);
#952=ORIENTED_EDGE('',*,*,#2238,.F.);
#953=ORIENTED_EDGE('',*,*,#2239,.F.);
#954=ORIENTED_EDGE('',*,*,#2240,.F.);
#955=ORIENTED_EDGE('',*,*,#2241,.F.);
#956=ORIENTED_EDGE('',*,*,#2242,.F.);
#957=ORIENTED_EDGE('',*,*,#2243,.F.);
#958=ORIENTED_EDGE('',*,*,#2244,.F.);
#959=ORIENTED_EDGE('',*,*,#2245,.F.);
#960=ORIENTED_EDGE('',*,*,#2246,.F.);
#961=ORIENTED_EDGE('',*,*,#2247,.F.);
#962=ORIENTED_EDGE('',*,*,#2248,.F.);
#963=ORIENTED_EDGE('',*,*,#2249,.F.);
#964=CARTESIAN_POINT('',(0.0,0.0,0.0));
#965=DIRECTION('',(0.0,0.0,-1.0));
#966=DIRECTION('',(0.0,-1.0,0.0));
#967=ORIENTED_EDGE('',*,*,#2250,.T.);
#968=ORIENTED_EDGE('',*,*,#2251,.F.);
#969=ORIENTED_EDGE('',*,*,#2252,.F.);
#970=ORIENTED_EDGE('',*,*,#2249,.T.);
#971=CARTESIAN_POINT('',(0.3,4.9,0.0));
#972=DIRECTION('',(-1.0,0.0,0.0));
#973=DIRECTION('',(0.0,0.0,1.0));
#974=ORIENTED_EDGE('',*,*,#2252,.T.);
#975=ORIENTED_EDGE('',*,*,#2253,.F.);
#976=ORIENTED_EDGE('',*,*,#2254,.F.);
#977=ORIENTED_EDGE('',*,*,#2246,.T.);
#978=CARTESIAN_POINT('',(3.9,4.9,0.0));
#979=DIRECTION('',(-0.0,1.0,0.0));
#980=DIRECTION('',(1.0,0.0,0.0));
#981=ORIENTED_EDGE('',*,*,#2254,.T.);
#982=ORIENTED_EDGE('',*,*,#2255,.F.);
#983=ORIENTED_EDGE('',*,*,#2256,.F.);
#984=ORIENTED_EDGE('',*,*,#2247,.T.);
#985=CARTESIAN_POINT('',(3.9,1.3,0.0));
#986=DIRECTION('',(1.0,0.0,0.0));
#987=DIRECTION('',(0.0,1.0,0.0));
#988=ORIENTED_EDGE('',*,*,#2256,.T.);
#989=ORIENTED_EDGE('',*,*,#2257,.F.);
#990=ORIENTED_EDGE('',*,*,#2250,.F.);
#991=ORIENTED_EDGE('',*,*,#2248,.T.);
#992=CARTESIAN_POINT('',(0.3,1.3,0.0));
#993=DIRECTION('',(0.0,-1.0,0.0));
#994=DIRECTION('',(0.0,0.0,-1.0));
#995=ORIENTED_EDGE('',*,*,#2257,.T.);
#996=ORIENTED_EDGE('',*,*,#2255,.T.);
#997=ORIENTED_EDGE('',*,*,#2253,.T.);
#998=ORIENTED_EDGE('',*,*,#2251,.T.);
#999=ORIENTED_EDGE('',*,*,#2258,.T.);
#1000=ORIENTED_EDGE('',*,*,#2259,.T.);
#1001=ORIENTED_EDGE('',*,*,#2260,.F.);
#1002=ORIENTED_EDGE('',*,*,#2261,.F.);
#1003=CARTESIAN_POINT('',(0.0,0.0,-9.1));
#1004=DIRECTION('',(0.0,0.0,1.0));
#1005=DIRECTION('',(1.0,0.0,0.0));
#1006=ORIENTED_EDGE('',*,*,#2262,.T.);
#1007=ORIENTED_EDGE('',*,*,#2263,.T.);
#1008=ORIENTED_EDGE('',*,*,#2264,.T.);
#1009=ORIENTED_EDGE('',*,*,#2265,.T.);
#1010=ORIENTED_EDGE('',*,*,#2266,.T.);
#1011=ORIENTED_EDGE('',*,*,#2267,.T.);
#1012=ORIENTED_EDGE('',*,*,#2268,.T.);
#1013=ORIENTED_EDGE('',*,*,#2269,.T.);
#1014=ORIENTED_EDGE('',*,*,#2270,.F.);
#1015=ORIENTED_EDGE('',*,*,#2271,.F.);
#1016=CARTESIAN_POINT('',(0.0,0.0,-9.1));
#1017=DIRECTION('',(0.0,0.0,1.0));
#1018=DIRECTION('',(1.0,0.0,0.0));
#1019=ORIENTED_EDGE('',*,*,#2272,.T.);
#1020=ORIENTED_EDGE('',*,*,#2267,.F.);
#1021=ORIENTED_EDGE('',*,*,#2273,.F.);
#1022=ORIENTED_EDGE('',*,*,#2235,.T.);
#1023=CARTESIAN_POINT('',(0.3,9.1,0.0));
#1024=DIRECTION('',(-1.0,0.0,0.0));
#1025=DIRECTION('',(0.0,0.0,1.0));
#1026=ORIENTED_EDGE('',*,*,#2273,.T.);
#1027=ORIENTED_EDGE('',*,*,#2266,.F.);
#1028=ORIENTED_EDGE('',*,*,#2274,.F.);
#1029=ORIENTED_EDGE('',*,*,#2230,.T.);
#1030=CARTESIAN_POINT('',(3.9,9.1,0.0));
#1031=DIRECTION('',(-0.0,1.0,0.0));
#1032=DIRECTION('',(1.0,0.0,0.0));
#1033=ORIENTED_EDGE('',*,*,#2274,.T.);
#1034=ORIENTED_EDGE('',*,*,#2265,.F.);
#1035=ORIENTED_EDGE('',*,*,#2275,.F.);
#1036=ORIENTED_EDGE('',*,*,#2231,.T.);
#1037=CARTESIAN_POINT('',(3.9,6.45,0.0));
#1038=DIRECTION('',(1.0,0.0,0.0));
#1039=DIRECTION('',(0.0,1.0,0.0));
#1040=ORIENTED_EDGE('',*,*,#2275,.T.);
#1041=ORIENTED_EDGE('',*,*,#2264,.F.);
#1042=ORIENTED_EDGE('',*,*,#2276,.F.);
#1043=ORIENTED_EDGE('',*,*,#2232,.T.);
#1044=CARTESIAN_POINT('',(2.95,5.5,0.0));
#1045=DIRECTION('',(0.707106781186548,-0.707106781186548,0.0));
#1046=DIRECTION('',(0.0,0.0,-1.0));
#1047=ORIENTED_EDGE('',*,*,#2276,.T.);
#1048=ORIENTED_EDGE('',*,*,#2263,.F.);
#1049=ORIENTED_EDGE('',*,*,#2277,.F.);
#1050=ORIENTED_EDGE('',*,*,#2233,.T.);
#1051=CARTESIAN_POINT('',(1.25,5.5,0.0));
#1052=DIRECTION('',(0.0,-1.0,0.0));
#1053=DIRECTION('',(0.0,0.0,-1.0));
#1054=ORIENTED_EDGE('',*,*,#2277,.T.);
#1055=ORIENTED_EDGE('',*,*,#2262,.F.);
#1056=ORIENTED_EDGE('',*,*,#2272,.F.);
#1057=ORIENTED_EDGE('',*,*,#2234,.T.);
#1058=CARTESIAN_POINT('',(0.3,6.45,0.0));
#1059=DIRECTION('',(-0.707106781186548,-0.707106781186548,0.0));
#1060=DIRECTION('',(-0.707106781186548,0.707106781186548,0.0));
#1061=ORIENTED_EDGE('',*,*,#2278,.F.);
#1062=ORIENTED_EDGE('',*,*,#2271,.T.);
#1063=ORIENTED_EDGE('',*,*,#2279,.F.);
#1064=ORIENTED_EDGE('',*,*,#2280,.T.);
#1065=CARTESIAN_POINT('',(2.6,0.0,0.0));
#1066=DIRECTION('',(-1.0,0.0,0.0));
#1067=DIRECTION('',(0.0,0.0,1.0));
#1068=ORIENTED_EDGE('',*,*,#2281,.F.);
#1069=ORIENTED_EDGE('',*,*,#2282,.F.);
#1070=ORIENTED_EDGE('',*,*,#2283,.F.);
#1071=ORIENTED_EDGE('',*,*,#2284,.F.);
#1072=ORIENTED_EDGE('',*,*,#2285,.F.);
#1073=ORIENTED_EDGE('',*,*,#2286,.F.);
#1074=ORIENTED_EDGE('',*,*,#2287,.F.);
#1075=ORIENTED_EDGE('',*,*,#2288,.T.);
#1076=CARTESIAN_POINT('',(2.6,0.0,0.0));
#1077=DIRECTION('',(-1.0,0.0,0.0));
#1078=DIRECTION('',(0.0,0.0,1.0));
#1079=ORIENTED_EDGE('',*,*,#2289,.F.);
#1080=ORIENTED_EDGE('',*,*,#2290,.T.);
#1081=ORIENTED_EDGE('',*,*,#2291,.T.);
#1082=ORIENTED_EDGE('',*,*,#2280,.F.);
#1083=CARTESIAN_POINT('',(2.415,7.5,-4.15));
#1084=DIRECTION('',(0.884094940294909,0.0,0.467307325584504));
#1085=DIRECTION('',(0.0,-1.0,0.0));
#1086=ORIENTED_EDGE('',*,*,#2291,.F.);
#1087=ORIENTED_EDGE('',*,*,#2292,.F.);
#1088=ORIENTED_EDGE('',*,*,#2293,.T.);
#1089=ORIENTED_EDGE('',*,*,#2294,.T.);
#1090=CARTESIAN_POINT('',(2.1,7.15,-4.15));
#1091=DIRECTION('',(0.0,-0.884094940294909,0.467307325584504));
#1092=DIRECTION('',(-1.0,0.0,0.0));
#1093=ORIENTED_EDGE('',*,*,#2295,.F.);
#1094=ORIENTED_EDGE('',*,*,#2296,.F.);
#1095=ORIENTED_EDGE('',*,*,#2285,.T.);
#1096=ORIENTED_EDGE('',*,*,#2297,.T.);
#1097=CARTESIAN_POINT('',(2.6,6.965,-17.845));
#1098=DIRECTION('',(0.0,-1.0,0.0));
#1099=DIRECTION('',(0.0,0.0,-1.0));
#1100=ORIENTED_EDGE('',*,*,#2298,.F.);
#1101=ORIENTED_EDGE('',*,*,#2268,.F.);
#1102=ORIENTED_EDGE('',*,*,#2278,.T.);
#1103=ORIENTED_EDGE('',*,*,#2294,.F.);
#1104=CARTESIAN_POINT('',(2.6,6.965,-17.845));
#1105=DIRECTION('',(0.0,-1.0,0.0));
#1106=DIRECTION('',(0.0,0.0,-1.0));
#1107=ORIENTED_EDGE('',*,*,#2299,.T.);
#1108=ORIENTED_EDGE('',*,*,#2300,.F.);
#1109=ORIENTED_EDGE('',*,*,#2301,.T.);
#1110=ORIENTED_EDGE('',*,*,#2302,.F.);
#1111=ORIENTED_EDGE('',*,*,#2303,.F.);
#1112=ORIENTED_EDGE('',*,*,#2304,.F.);
#1113=ORIENTED_EDGE('',*,*,#2305,.T.);
#1114=ORIENTED_EDGE('',*,*,#2306,.F.);
#1115=ORIENTED_EDGE('',*,*,#2307,.F.);
#1116=ORIENTED_EDGE('',*,*,#2308,.F.);
#1117=ORIENTED_EDGE('',*,*,#2309,.T.);
#1118=ORIENTED_EDGE('',*,*,#2310,.F.);
#1119=ORIENTED_EDGE('',*,*,#2311,.T.);
#1120=ORIENTED_EDGE('',*,*,#2312,.T.);
#1121=ORIENTED_EDGE('',*,*,#2313,.T.);
#1122=ORIENTED_EDGE('',*,*,#2314,.T.);
#1123=ORIENTED_EDGE('',*,*,#2315,.T.);
#1124=ORIENTED_EDGE('',*,*,#2316,.F.);
#1125=ORIENTED_EDGE('',*,*,#2317,.F.);
#1126=ORIENTED_EDGE('',*,*,#2318,.T.);
#1127=ORIENTED_EDGE('',*,*,#2319,.T.);
#1128=ORIENTED_EDGE('',*,*,#2320,.F.);
#1129=ORIENTED_EDGE('',*,*,#2321,.F.);
#1130=ORIENTED_EDGE('',*,*,#2322,.T.);
#1131=ORIENTED_EDGE('',*,*,#2323,.T.);
#1132=ORIENTED_EDGE('',*,*,#2324,.F.);
#1133=ORIENTED_EDGE('',*,*,#2325,.F.);
#1134=ORIENTED_EDGE('',*,*,#2326,.T.);
#1135=ORIENTED_EDGE('',*,*,#2327,.T.);
#1136=ORIENTED_EDGE('',*,*,#2328,.F.);
#1137=ORIENTED_EDGE('',*,*,#2297,.F.);
#1138=ORIENTED_EDGE('',*,*,#2284,.T.);
#1139=CARTESIAN_POINT('',(0.0,0.0,-12.8));
#1140=DIRECTION('',(0.0,0.0,-1.0));
#1141=DIRECTION('',(0.0,-1.0,0.0));
#1142=ORIENTED_EDGE('',*,*,#2329,.T.);
#1143=ORIENTED_EDGE('',*,*,#2269,.F.);
#1144=ORIENTED_EDGE('',*,*,#2298,.T.);
#1145=ORIENTED_EDGE('',*,*,#2330,.T.);
#1146=CARTESIAN_POINT('',(1.6,0.0,0.0));
#1147=DIRECTION('',(-1.0,0.0,0.0));
#1148=DIRECTION('',(0.0,0.0,1.0));
#1149=ORIENTED_EDGE('',*,*,#2331,.T.);
#1150=ORIENTED_EDGE('',*,*,#2332,.T.);
#1151=ORIENTED_EDGE('',*,*,#2295,.T.);
#1152=ORIENTED_EDGE('',*,*,#2328,.T.);
#1153=ORIENTED_EDGE('',*,*,#2333,.T.);
#1154=ORIENTED_EDGE('',*,*,#2334,.T.);
#1155=ORIENTED_EDGE('',*,*,#2335,.T.);
#1156=ORIENTED_EDGE('',*,*,#2336,.T.);
#1157=CARTESIAN_POINT('',(1.6,0.0,0.0));
#1158=DIRECTION('',(-1.0,0.0,0.0));
#1159=DIRECTION('',(0.0,0.0,1.0));
#1160=ORIENTED_EDGE('',*,*,#2337,.T.);
#1161=ORIENTED_EDGE('',*,*,#2330,.F.);
#1162=ORIENTED_EDGE('',*,*,#2293,.F.);
#1163=ORIENTED_EDGE('',*,*,#2338,.T.);
#1164=CARTESIAN_POINT('',(1.785,7.5,-4.15));
#1165=DIRECTION('',(-0.884094940294909,0.0,0.467307325584504));
#1166=DIRECTION('',(0.0,1.0,0.0));
#1167=ORIENTED_EDGE('',*,*,#2338,.F.);
#1168=ORIENTED_EDGE('',*,*,#2292,.T.);
#1169=ORIENTED_EDGE('',*,*,#2290,.F.);
#1170=ORIENTED_EDGE('',*,*,#2339,.F.);
#1171=CARTESIAN_POINT('',(2.6,6.965,-3.8));
#1172=DIRECTION('',(0.0,0.0,1.0));
#1173=DIRECTION('',(1.0,0.0,0.0));
#1174=ORIENTED_EDGE('',*,*,#2337,.F.);
#1175=ORIENTED_EDGE('',*,*,#2339,.T.);
#1176=ORIENTED_EDGE('',*,*,#2289,.T.);
#1177=ORIENTED_EDGE('',*,*,#2340,.F.);
#1178=CARTESIAN_POINT('',(2.1,7.85,-4.15));
#1179=DIRECTION('',(0.0,0.884094940294909,0.467307325584504));
#1180=DIRECTION('',(1.0,0.0,-0.0));
#1181=ORIENTED_EDGE('',*,*,#2283,.T.);
#1182=ORIENTED_EDGE('',*,*,#2341,.T.);
#1183=ORIENTED_EDGE('',*,*,#2333,.F.);
#1184=ORIENTED_EDGE('',*,*,#2327,.F.);
#1185=CARTESIAN_POINT('',(2.6,8.035,-3.8));
#1186=DIRECTION('',(-0.0,1.0,0.0));
#1187=DIRECTION('',(1.0,0.0,0.0));
#1188=ORIENTED_EDGE('',*,*,#2279,.T.);
#1189=ORIENTED_EDGE('',*,*,#2270,.T.);
#1190=ORIENTED_EDGE('',*,*,#2329,.F.);
#1191=ORIENTED_EDGE('',*,*,#2340,.T.);
#1192=CARTESIAN_POINT('',(2.6,8.035,-3.8));
#1193=DIRECTION('',(-0.0,1.0,0.0));
#1194=DIRECTION('',(1.0,0.0,0.0));
#1195=ORIENTED_EDGE('',*,*,#2342,.T.);
#1196=ORIENTED_EDGE('',*,*,#2334,.F.);
#1197=ORIENTED_EDGE('',*,*,#2341,.F.);
#1198=ORIENTED_EDGE('',*,*,#2282,.T.);
#1199=CARTESIAN_POINT('',(2.6,5.945,-17.845));
#1200=DIRECTION('',(1.0,-0.0,0.0));
#1201=DIRECTION('',(0.0,0.0,1.0));
#1202=ORIENTED_EDGE('',*,*,#2335,.F.);
#1203=ORIENTED_EDGE('',*,*,#2342,.F.);
#1204=ORIENTED_EDGE('',*,*,#2281,.T.);
#1205=ORIENTED_EDGE('',*,*,#2343,.F.);
#1206=CARTESIAN_POINT('',(2.6,5.945,-19.935));
#1207=DIRECTION('',(0.0,0.0,-1.0));
#1208=DIRECTION('',(0.0,-1.0,0.0));
#1209=ORIENTED_EDGE('',*,*,#2344,.F.);
#1210=ORIENTED_EDGE('',*,*,#2345,.F.);
#1211=ORIENTED_EDGE('',*,*,#2346,.T.);
#1212=ORIENTED_EDGE('',*,*,#2343,.T.);
#1213=CARTESIAN_POINT('',(2.1,-3.15,-19.75));
#1214=DIRECTION('',(0.0,-0.467307325584504,-0.884094940294909));
#1215=DIRECTION('',(0.0,-0.884094940294909,0.467307325584504));
#1216=ORIENTED_EDGE('',*,*,#2347,.F.);
#1217=ORIENTED_EDGE('',*,*,#2336,.F.);
#1218=ORIENTED_EDGE('',*,*,#2346,.F.);
#1219=ORIENTED_EDGE('',*,*,#2348,.T.);
#1220=CARTESIAN_POINT('',(1.785,-3.15,-19.4));
#1221=DIRECTION('',(-0.884094940294909,-0.467307325584504,0.0));
#1222=DIRECTION('',(-0.467307325584504,0.884094940294909,0.0));
#1223=ORIENTED_EDGE('',*,*,#2348,.F.);
#1224=ORIENTED_EDGE('',*,*,#2345,.T.);
#1225=ORIENTED_EDGE('',*,*,#2349,.F.);
#1226=ORIENTED_EDGE('',*,*,#2350,.F.);
#1227=CARTESIAN_POINT('',(2.6,-3.5,-19.935));
#1228=DIRECTION('',(0.0,-1.0,0.0));
#1229=DIRECTION('',(0.0,0.0,-1.0));
#1230=ORIENTED_EDGE('',*,*,#2347,.T.);
#1231=ORIENTED_EDGE('',*,*,#2350,.T.);
#1232=ORIENTED_EDGE('',*,*,#2351,.T.);
#1233=ORIENTED_EDGE('',*,*,#2352,.F.);
#1234=CARTESIAN_POINT('',(2.1,-3.15,-19.05));
#1235=DIRECTION('',(0.0,-0.467307325584504,0.884094940294909));
#1236=DIRECTION('',(-1.0,0.0,0.0));
#1237=ORIENTED_EDGE('',*,*,#2287,.T.);
#1238=ORIENTED_EDGE('',*,*,#2353,.T.);
#1239=ORIENTED_EDGE('',*,*,#2331,.F.);
#1240=ORIENTED_EDGE('',*,*,#2352,.T.);
#1241=CARTESIAN_POINT('',(2.6,-3.5,-18.865));
#1242=DIRECTION('',(0.0,0.0,1.0));
#1243=DIRECTION('',(1.0,0.0,0.0));
#1244=ORIENTED_EDGE('',*,*,#2296,.T.);
#1245=ORIENTED_EDGE('',*,*,#2332,.F.);
#1246=ORIENTED_EDGE('',*,*,#2353,.F.);
#1247=ORIENTED_EDGE('',*,*,#2286,.T.);
#1248=CARTESIAN_POINT('',(2.6,5.945,-17.845));
#1249=DIRECTION('',(1.0,-0.0,0.0));
#1250=DIRECTION('',(0.0,0.0,1.0));
#1251=ORIENTED_EDGE('',*,*,#2351,.F.);
#1252=ORIENTED_EDGE('',*,*,#2349,.T.);
#1253=ORIENTED_EDGE('',*,*,#2344,.T.);
#1254=ORIENTED_EDGE('',*,*,#2288,.F.);
#1255=CARTESIAN_POINT('',(2.415,-3.15,-19.4));
#1256=DIRECTION('',(0.884094940294909,-0.467307325584504,0.0));
#1257=DIRECTION('',(0.0,0.0,-1.0));
#1258=ORIENTED_EDGE('',*,*,#2354,.F.);
#1259=ORIENTED_EDGE('',*,*,#2355,.T.);
#1260=ORIENTED_EDGE('',*,*,#2356,.F.);
#1261=ORIENTED_EDGE('',*,*,#2357,.T.);
#1262=CARTESIAN_POINT('',(-1.6,0.0,0.0));
#1263=DIRECTION('',(-1.0,0.0,0.0));
#1264=DIRECTION('',(0.0,0.0,1.0));
#1265=ORIENTED_EDGE('',*,*,#2358,.F.);
#1266=ORIENTED_EDGE('',*,*,#2359,.F.);
#1267=ORIENTED_EDGE('',*,*,#2360,.F.);
#1268=ORIENTED_EDGE('',*,*,#2318,.F.);
#1269=ORIENTED_EDGE('',*,*,#2361,.F.);
#1270=ORIENTED_EDGE('',*,*,#2362,.F.);
#1271=ORIENTED_EDGE('',*,*,#2363,.F.);
#1272=ORIENTED_EDGE('',*,*,#2364,.T.);
#1273=CARTESIAN_POINT('',(-1.6,0.0,0.0));
#1274=DIRECTION('',(-1.0,0.0,0.0));
#1275=DIRECTION('',(0.0,0.0,1.0));
#1276=ORIENTED_EDGE('',*,*,#2365,.F.);
#1277=ORIENTED_EDGE('',*,*,#2366,.T.);
#1278=ORIENTED_EDGE('',*,*,#2367,.T.);
#1279=ORIENTED_EDGE('',*,*,#2357,.F.);
#1280=CARTESIAN_POINT('',(-1.785,7.5,-4.15));
#1281=DIRECTION('',(0.884094940294909,0.0,0.467307325584504));
#1282=DIRECTION('',(0.0,-1.0,0.0));
#1283=ORIENTED_EDGE('',*,*,#2367,.F.);
#1284=ORIENTED_EDGE('',*,*,#2368,.F.);
#1285=ORIENTED_EDGE('',*,*,#2369,.T.);
#1286=ORIENTED_EDGE('',*,*,#2370,.T.);
#1287=CARTESIAN_POINT('',(-2.1,7.15,-4.15));
#1288=DIRECTION('',(0.0,-0.884094940294909,0.467307325584504));
#1289=DIRECTION('',(-1.0,0.0,0.0));
#1290=ORIENTED_EDGE('',*,*,#2371,.F.);
#1291=ORIENTED_EDGE('',*,*,#2372,.F.);
#1292=ORIENTED_EDGE('',*,*,#2361,.T.);
#1293=ORIENTED_EDGE('',*,*,#2317,.T.);
#1294=CARTESIAN_POINT('',(-1.6,6.965,-17.845));
#1295=DIRECTION('',(0.0,-1.0,0.0));
#1296=DIRECTION('',(0.0,0.0,-1.0));
#1297=ORIENTED_EDGE('',*,*,#2373,.F.);
#1298=ORIENTED_EDGE('',*,*,#2374,.F.);
#1299=ORIENTED_EDGE('',*,*,#2354,.T.);
#1300=ORIENTED_EDGE('',*,*,#2370,.F.);
#1301=CARTESIAN_POINT('',(-1.6,6.965,-17.845));
#1302=DIRECTION('',(0.0,-1.0,0.0));
#1303=DIRECTION('',(0.0,0.0,-1.0));
#1304=ORIENTED_EDGE('',*,*,#2372,.T.);
#1305=ORIENTED_EDGE('',*,*,#2375,.F.);
#1306=ORIENTED_EDGE('',*,*,#2376,.F.);
#1307=ORIENTED_EDGE('',*,*,#2362,.T.);
#1308=CARTESIAN_POINT('',(-1.6,5.945,-17.845));
#1309=DIRECTION('',(1.0,-0.0,0.0));
#1310=DIRECTION('',(0.0,0.0,1.0));
#1311=ORIENTED_EDGE('',*,*,#2363,.T.);
#1312=ORIENTED_EDGE('',*,*,#2376,.T.);
#1313=ORIENTED_EDGE('',*,*,#2377,.F.);
#1314=ORIENTED_EDGE('',*,*,#2378,.T.);
#1315=CARTESIAN_POINT('',(-1.6,-3.5,-18.865));
#1316=DIRECTION('',(0.0,0.0,1.0));
#1317=DIRECTION('',(1.0,0.0,0.0));
#1318=ORIENTED_EDGE('',*,*,#2379,.T.);
#1319=ORIENTED_EDGE('',*,*,#2380,.T.);
#1320=ORIENTED_EDGE('',*,*,#2381,.T.);
#1321=ORIENTED_EDGE('',*,*,#2378,.F.);
#1322=CARTESIAN_POINT('',(-2.1,-3.15,-19.05));
#1323=DIRECTION('',(0.0,-0.467307325584504,0.884094940294909));
#1324=DIRECTION('',(-1.0,0.0,0.0));
#1325=ORIENTED_EDGE('',*,*,#2381,.F.);
#1326=ORIENTED_EDGE('',*,*,#2382,.T.);
#1327=ORIENTED_EDGE('',*,*,#2383,.T.);
#1328=ORIENTED_EDGE('',*,*,#2364,.F.);
#1329=CARTESIAN_POINT('',(-1.785,-3.15,-19.4));
#1330=DIRECTION('',(0.884094940294909,-0.467307325584504,0.0));
#1331=DIRECTION('',(0.0,0.0,-1.0));
#1332=ORIENTED_EDGE('',*,*,#2383,.F.);
#1333=ORIENTED_EDGE('',*,*,#2384,.F.);
#1334=ORIENTED_EDGE('',*,*,#2385,.T.);
#1335=ORIENTED_EDGE('',*,*,#2386,.T.);
#1336=CARTESIAN_POINT('',(-2.1,-3.15,-19.75));
#1337=DIRECTION('',(0.0,-0.467307325584504,-0.884094940294909));
#1338=DIRECTION('',(0.0,-0.884094940294909,0.467307325584504));
#1339=ORIENTED_EDGE('',*,*,#2387,.F.);
#1340=ORIENTED_EDGE('',*,*,#2388,.F.);
#1341=ORIENTED_EDGE('',*,*,#2358,.T.);
#1342=ORIENTED_EDGE('',*,*,#2386,.F.);
#1343=CARTESIAN_POINT('',(-1.6,5.945,-19.935));
#1344=DIRECTION('',(0.0,0.0,-1.0));
#1345=DIRECTION('',(0.0,-1.0,0.0));
#1346=ORIENTED_EDGE('',*,*,#2388,.T.);
#1347=ORIENTED_EDGE('',*,*,#2389,.F.);
#1348=ORIENTED_EDGE('',*,*,#2390,.F.);
#1349=ORIENTED_EDGE('',*,*,#2359,.T.);
#1350=CARTESIAN_POINT('',(-1.6,5.945,-17.845));
#1351=DIRECTION('',(1.0,-0.0,0.0));
#1352=DIRECTION('',(0.0,0.0,1.0));
#1353=ORIENTED_EDGE('',*,*,#2360,.T.);
#1354=ORIENTED_EDGE('',*,*,#2390,.T.);
#1355=ORIENTED_EDGE('',*,*,#2391,.F.);
#1356=ORIENTED_EDGE('',*,*,#2315,.F.);
#1357=CARTESIAN_POINT('',(-1.6,8.035,-3.8));
#1358=DIRECTION('',(-0.0,1.0,0.0));
#1359=DIRECTION('',(1.0,0.0,0.0));
#1360=ORIENTED_EDGE('',*,*,#2356,.T.);
#1361=ORIENTED_EDGE('',*,*,#2392,.T.);
#1362=ORIENTED_EDGE('',*,*,#2393,.F.);
#1363=ORIENTED_EDGE('',*,*,#2394,.T.);
#1364=CARTESIAN_POINT('',(-1.6,8.035,-3.8));
#1365=DIRECTION('',(-0.0,1.0,0.0));
#1366=DIRECTION('',(1.0,0.0,0.0));
#1367=ORIENTED_EDGE('',*,*,#2393,.T.);
#1368=ORIENTED_EDGE('',*,*,#2395,.F.);
#1369=ORIENTED_EDGE('',*,*,#2373,.T.);
#1370=ORIENTED_EDGE('',*,*,#2396,.T.);
#1371=CARTESIAN_POINT('',(-2.6,0.0,0.0));
#1372=DIRECTION('',(-1.0,0.0,0.0));
#1373=DIRECTION('',(0.0,0.0,1.0));
#1374=ORIENTED_EDGE('',*,*,#2377,.T.);
#1375=ORIENTED_EDGE('',*,*,#2375,.T.);
#1376=ORIENTED_EDGE('',*,*,#2371,.T.);
#1377=ORIENTED_EDGE('',*,*,#2316,.T.);
#1378=ORIENTED_EDGE('',*,*,#2391,.T.);
#1379=ORIENTED_EDGE('',*,*,#2389,.T.);
#1380=ORIENTED_EDGE('',*,*,#2387,.T.);
#1381=ORIENTED_EDGE('',*,*,#2397,.T.);
#1382=CARTESIAN_POINT('',(-2.6,0.0,0.0));
#1383=DIRECTION('',(-1.0,0.0,0.0));
#1384=DIRECTION('',(0.0,0.0,1.0));
#1385=ORIENTED_EDGE('',*,*,#2398,.T.);
#1386=ORIENTED_EDGE('',*,*,#2396,.F.);
#1387=ORIENTED_EDGE('',*,*,#2369,.F.);
#1388=ORIENTED_EDGE('',*,*,#2399,.T.);
#1389=CARTESIAN_POINT('',(-2.415,7.5,-4.15));
#1390=DIRECTION('',(-0.884094940294909,0.0,0.467307325584504));
#1391=DIRECTION('',(0.0,1.0,0.0));
#1392=ORIENTED_EDGE('',*,*,#2399,.F.);
#1393=ORIENTED_EDGE('',*,*,#2368,.T.);
#1394=ORIENTED_EDGE('',*,*,#2366,.F.);
#1395=ORIENTED_EDGE('',*,*,#2400,.F.);
#1396=CARTESIAN_POINT('',(-1.6,6.965,-3.8));
#1397=DIRECTION('',(0.0,0.0,1.0));
#1398=DIRECTION('',(1.0,0.0,0.0));
#1399=ORIENTED_EDGE('',*,*,#2398,.F.);
#1400=ORIENTED_EDGE('',*,*,#2400,.T.);
#1401=ORIENTED_EDGE('',*,*,#2365,.T.);
#1402=ORIENTED_EDGE('',*,*,#2394,.F.);
#1403=CARTESIAN_POINT('',(-2.1,7.85,-4.15));
#1404=DIRECTION('',(0.0,0.884094940294909,0.467307325584504));
#1405=DIRECTION('',(1.0,0.0,-0.0));
#1406=ORIENTED_EDGE('',*,*,#2401,.T.);
#1407=ORIENTED_EDGE('',*,*,#2402,.T.);
#1408=ORIENTED_EDGE('',*,*,#2403,.T.);
#1409=ORIENTED_EDGE('',*,*,#2404,.T.);
#1410=ORIENTED_EDGE('',*,*,#2405,.T.);
#1411=ORIENTED_EDGE('',*,*,#2406,.T.);
#1412=ORIENTED_EDGE('',*,*,#2407,.T.);
#1413=ORIENTED_EDGE('',*,*,#2408,.T.);
#1414=ORIENTED_EDGE('',*,*,#2409,.F.);
#1415=ORIENTED_EDGE('',*,*,#2410,.F.);
#1416=CARTESIAN_POINT('',(0.0,0.0,-9.1));
#1417=DIRECTION('',(0.0,0.0,1.0));
#1418=DIRECTION('',(1.0,0.0,0.0));
#1419=ORIENTED_EDGE('',*,*,#2411,.T.);
#1420=ORIENTED_EDGE('',*,*,#2412,.T.);
#1421=ORIENTED_EDGE('',*,*,#2413,.T.);
#1422=ORIENTED_EDGE('',*,*,#2414,.T.);
#1423=ORIENTED_EDGE('',*,*,#2374,.T.);
#1424=ORIENTED_EDGE('',*,*,#2395,.T.);
#1425=ORIENTED_EDGE('',*,*,#2392,.F.);
#1426=ORIENTED_EDGE('',*,*,#2355,.F.);
#1427=CARTESIAN_POINT('',(0.0,0.0,-9.1));
#1428=DIRECTION('',(0.0,0.0,1.0));
#1429=DIRECTION('',(1.0,0.0,0.0));
#1430=ORIENTED_EDGE('',*,*,#2415,.T.);
#1431=ORIENTED_EDGE('',*,*,#2406,.F.);
#1432=ORIENTED_EDGE('',*,*,#2416,.F.);
#1433=ORIENTED_EDGE('',*,*,#2241,.T.);
#1434=CARTESIAN_POINT('',(-3.9,4.9,0.0));
#1435=DIRECTION('',(-1.0,0.0,0.0));
#1436=DIRECTION('',(0.0,0.0,1.0));
#1437=ORIENTED_EDGE('',*,*,#2416,.T.);
#1438=ORIENTED_EDGE('',*,*,#2405,.F.);
#1439=ORIENTED_EDGE('',*,*,#2417,.F.);
#1440=ORIENTED_EDGE('',*,*,#2236,.T.);
#1441=CARTESIAN_POINT('',(-0.3,4.9,0.0));
#1442=DIRECTION('',(-0.0,1.0,0.0));
#1443=DIRECTION('',(1.0,0.0,0.0));
#1444=ORIENTED_EDGE('',*,*,#2417,.T.);
#1445=ORIENTED_EDGE('',*,*,#2404,.F.);
#1446=ORIENTED_EDGE('',*,*,#2418,.F.);
#1447=ORIENTED_EDGE('',*,*,#2237,.T.);
#1448=CARTESIAN_POINT('',(-0.3,2.25,0.0));
#1449=DIRECTION('',(1.0,0.0,0.0));
#1450=DIRECTION('',(0.0,1.0,0.0));
#1451=ORIENTED_EDGE('',*,*,#2418,.T.);
#1452=ORIENTED_EDGE('',*,*,#2403,.F.);
#1453=ORIENTED_EDGE('',*,*,#2419,.F.);
#1454=ORIENTED_EDGE('',*,*,#2238,.T.);
#1455=CARTESIAN_POINT('',(-1.25,1.3,0.0));
#1456=DIRECTION('',(0.707106781186548,-0.707106781186548,0.0));
#1457=DIRECTION('',(0.0,0.0,-1.0));
#1458=ORIENTED_EDGE('',*,*,#2419,.T.);
#1459=ORIENTED_EDGE('',*,*,#2402,.F.);
#1460=ORIENTED_EDGE('',*,*,#2420,.F.);
#1461=ORIENTED_EDGE('',*,*,#2239,.T.);
#1462=CARTESIAN_POINT('',(-2.95,1.3,0.0));
#1463=DIRECTION('',(0.0,-1.0,0.0));
#1464=DIRECTION('',(0.0,0.0,-1.0));
#1465=ORIENTED_EDGE('',*,*,#2420,.T.);
#1466=ORIENTED_EDGE('',*,*,#2401,.F.);
#1467=ORIENTED_EDGE('',*,*,#2415,.F.);
#1468=ORIENTED_EDGE('',*,*,#2240,.T.);
#1469=CARTESIAN_POINT('',(-3.9,2.25,0.0));
#1470=DIRECTION('',(-0.707106781186548,-0.707106781186548,0.0));
#1471=DIRECTION('',(-0.707106781186548,0.707106781186548,0.0));
#1472=ORIENTED_EDGE('',*,*,#2421,.T.);
#1473=ORIENTED_EDGE('',*,*,#2414,.F.);
#1474=ORIENTED_EDGE('',*,*,#2422,.F.);
#1475=ORIENTED_EDGE('',*,*,#2245,.T.);
#1476=CARTESIAN_POINT('',(-3.9,9.1,0.0));
#1477=DIRECTION('',(-1.0,0.0,0.0));
#1478=DIRECTION('',(0.0,0.0,1.0));
#1479=ORIENTED_EDGE('',*,*,#2422,.T.);
#1480=ORIENTED_EDGE('',*,*,#2413,.F.);
#1481=ORIENTED_EDGE('',*,*,#2423,.F.);
#1482=ORIENTED_EDGE('',*,*,#2242,.T.);
#1483=CARTESIAN_POINT('',(-0.3,9.1,0.0));
#1484=DIRECTION('',(-0.0,1.0,0.0));
#1485=DIRECTION('',(1.0,0.0,0.0));
#1486=ORIENTED_EDGE('',*,*,#2423,.T.);
#1487=ORIENTED_EDGE('',*,*,#2412,.F.);
#1488=ORIENTED_EDGE('',*,*,#2424,.F.);
#1489=ORIENTED_EDGE('',*,*,#2243,.T.);
#1490=CARTESIAN_POINT('',(-0.3,5.5,0.0));
#1491=DIRECTION('',(1.0,0.0,0.0));
#1492=DIRECTION('',(0.0,1.0,0.0));
#1493=ORIENTED_EDGE('',*,*,#2424,.T.);
#1494=ORIENTED_EDGE('',*,*,#2411,.F.);
#1495=ORIENTED_EDGE('',*,*,#2421,.F.);
#1496=ORIENTED_EDGE('',*,*,#2244,.T.);
#1497=CARTESIAN_POINT('',(-3.9,5.5,0.0));
#1498=DIRECTION('',(0.0,-1.0,0.0));
#1499=DIRECTION('',(0.0,0.0,-1.0));
#1500=ORIENTED_EDGE('',*,*,#2425,.F.);
#1501=ORIENTED_EDGE('',*,*,#2410,.T.);
#1502=ORIENTED_EDGE('',*,*,#2426,.F.);
#1503=ORIENTED_EDGE('',*,*,#2427,.T.);
#1504=CARTESIAN_POINT('',(-1.6,0.0,0.0));
#1505=DIRECTION('',(-1.0,0.0,0.0));
#1506=DIRECTION('',(0.0,0.0,1.0));
#1507=ORIENTED_EDGE('',*,*,#2428,.F.);
#1508=ORIENTED_EDGE('',*,*,#2429,.F.);
#1509=ORIENTED_EDGE('',*,*,#2326,.F.);
#1510=ORIENTED_EDGE('',*,*,#2430,.F.);
#1511=ORIENTED_EDGE('',*,*,#2431,.F.);
#1512=ORIENTED_EDGE('',*,*,#2432,.T.);
#1513=CARTESIAN_POINT('',(-1.6,0.0,0.0));
#1514=DIRECTION('',(-1.0,0.0,0.0));
#1515=DIRECTION('',(0.0,0.0,1.0));
#1516=ORIENTED_EDGE('',*,*,#2433,.F.);
#1517=ORIENTED_EDGE('',*,*,#2434,.T.);
#1518=ORIENTED_EDGE('',*,*,#2435,.T.);
#1519=ORIENTED_EDGE('',*,*,#2427,.F.);
#1520=CARTESIAN_POINT('',(-1.785,3.3,-4.15));
#1521=DIRECTION('',(0.884094940294909,0.0,0.467307325584504));
#1522=DIRECTION('',(0.0,-1.0,0.0));
#1523=ORIENTED_EDGE('',*,*,#2435,.F.);
#1524=ORIENTED_EDGE('',*,*,#2436,.F.);
#1525=ORIENTED_EDGE('',*,*,#2437,.T.);
#1526=ORIENTED_EDGE('',*,*,#2438,.T.);
#1527=CARTESIAN_POINT('',(-2.1,2.95,-4.15));
#1528=DIRECTION('',(0.0,-0.884094940294909,0.467307325584504));
#1529=DIRECTION('',(-1.0,0.0,0.0));
#1530=ORIENTED_EDGE('',*,*,#2439,.F.);
#1531=ORIENTED_EDGE('',*,*,#2407,.F.);
#1532=ORIENTED_EDGE('',*,*,#2425,.T.);
#1533=ORIENTED_EDGE('',*,*,#2438,.F.);
#1534=CARTESIAN_POINT('',(-1.6,2.765,-12.345));
#1535=DIRECTION('',(0.0,-1.0,0.0));
#1536=DIRECTION('',(0.0,0.0,-1.0));
#1537=ORIENTED_EDGE('',*,*,#2440,.T.);
#1538=ORIENTED_EDGE('',*,*,#2408,.F.);
#1539=ORIENTED_EDGE('',*,*,#2439,.T.);
#1540=ORIENTED_EDGE('',*,*,#2441,.T.);
#1541=CARTESIAN_POINT('',(-2.6,0.0,0.0));
#1542=DIRECTION('',(-1.0,0.0,0.0));
#1543=DIRECTION('',(0.0,0.0,1.0));
#1544=ORIENTED_EDGE('',*,*,#2442,.T.);
#1545=ORIENTED_EDGE('',*,*,#2443,.T.);
#1546=ORIENTED_EDGE('',*,*,#2324,.T.);
#1547=ORIENTED_EDGE('',*,*,#2444,.T.);
#1548=ORIENTED_EDGE('',*,*,#2445,.T.);
#1549=ORIENTED_EDGE('',*,*,#2446,.T.);
#1550=CARTESIAN_POINT('',(-2.6,0.0,0.0));
#1551=DIRECTION('',(-1.0,0.0,0.0));
#1552=DIRECTION('',(0.0,0.0,1.0));
#1553=ORIENTED_EDGE('',*,*,#2447,.T.);
#1554=ORIENTED_EDGE('',*,*,#2441,.F.);
#1555=ORIENTED_EDGE('',*,*,#2437,.F.);
#1556=ORIENTED_EDGE('',*,*,#2448,.T.);
#1557=CARTESIAN_POINT('',(-2.415,3.3,-4.15));
#1558=DIRECTION('',(-0.884094940294909,0.0,0.467307325584504));
#1559=DIRECTION('',(0.0,1.0,0.0));
#1560=ORIENTED_EDGE('',*,*,#2448,.F.);
#1561=ORIENTED_EDGE('',*,*,#2436,.T.);
#1562=ORIENTED_EDGE('',*,*,#2434,.F.);
#1563=ORIENTED_EDGE('',*,*,#2449,.F.);
#1564=CARTESIAN_POINT('',(-1.6,2.765,-3.8));
#1565=DIRECTION('',(0.0,0.0,1.0));
#1566=DIRECTION('',(1.0,0.0,0.0));
#1567=ORIENTED_EDGE('',*,*,#2447,.F.);
#1568=ORIENTED_EDGE('',*,*,#2449,.T.);
#1569=ORIENTED_EDGE('',*,*,#2433,.T.);
#1570=ORIENTED_EDGE('',*,*,#2450,.F.);
#1571=CARTESIAN_POINT('',(-2.1,3.65,-4.15));
#1572=DIRECTION('',(0.0,0.884094940294909,0.467307325584504));
#1573=DIRECTION('',(1.0,0.0,-0.0));
#1574=ORIENTED_EDGE('',*,*,#2426,.T.);
#1575=ORIENTED_EDGE('',*,*,#2409,.T.);
#1576=ORIENTED_EDGE('',*,*,#2440,.F.);
#1577=ORIENTED_EDGE('',*,*,#2450,.T.);
#1578=CARTESIAN_POINT('',(-1.6,3.835,-3.8));
#1579=DIRECTION('',(-0.0,1.0,0.0));
#1580=DIRECTION('',(1.0,0.0,0.0));
#1581=ORIENTED_EDGE('',*,*,#2451,.F.);
#1582=ORIENTED_EDGE('',*,*,#2446,.F.);
#1583=ORIENTED_EDGE('',*,*,#2452,.F.);
#1584=ORIENTED_EDGE('',*,*,#2453,.T.);
#1585=CARTESIAN_POINT('',(-2.415,-3.15,-13.9));
#1586=DIRECTION('',(-0.884094940294909,-0.467307325584504,0.0));
#1587=DIRECTION('',(-0.467307325584504,0.884094940294909,0.0));
#1588=ORIENTED_EDGE('',*,*,#2454,.T.);
#1589=ORIENTED_EDGE('',*,*,#2455,.F.);
#1590=ORIENTED_EDGE('',*,*,#2456,.F.);
#1591=ORIENTED_EDGE('',*,*,#2453,.F.);
#1592=CARTESIAN_POINT('',(-1.6,-3.5,-14.435));
#1593=DIRECTION('',(0.0,-1.0,0.0));
#1594=DIRECTION('',(0.0,0.0,-1.0));
#1595=ORIENTED_EDGE('',*,*,#2451,.T.);
#1596=ORIENTED_EDGE('',*,*,#2456,.T.);
#1597=ORIENTED_EDGE('',*,*,#2457,.T.);
#1598=ORIENTED_EDGE('',*,*,#2458,.F.);
#1599=CARTESIAN_POINT('',(-2.1,-3.15,-13.55));
#1600=DIRECTION('',(0.0,-0.467307325584504,0.884094940294909));
#1601=DIRECTION('',(-1.0,0.0,0.0));
#1602=ORIENTED_EDGE('',*,*,#2431,.T.);
#1603=ORIENTED_EDGE('',*,*,#2459,.T.);
#1604=ORIENTED_EDGE('',*,*,#2442,.F.);
#1605=ORIENTED_EDGE('',*,*,#2458,.T.);
#1606=CARTESIAN_POINT('',(-1.6,-3.5,-13.365));
#1607=DIRECTION('',(0.0,0.0,1.0));
#1608=DIRECTION('',(1.0,0.0,0.0));
#1609=ORIENTED_EDGE('',*,*,#2443,.F.);
#1610=ORIENTED_EDGE('',*,*,#2459,.F.);
#1611=ORIENTED_EDGE('',*,*,#2430,.T.);
#1612=ORIENTED_EDGE('',*,*,#2325,.T.);
#1613=CARTESIAN_POINT('',(-1.6,1.745,-12.345));
#1614=DIRECTION('',(1.0,-0.0,0.0));
#1615=DIRECTION('',(0.0,0.0,1.0));
#1616=ORIENTED_EDGE('',*,*,#2457,.F.);
#1617=ORIENTED_EDGE('',*,*,#2455,.T.);
#1618=ORIENTED_EDGE('',*,*,#2460,.T.);
#1619=ORIENTED_EDGE('',*,*,#2432,.F.);
#1620=CARTESIAN_POINT('',(-1.785,-3.15,-13.9));
#1621=DIRECTION('',(0.884094940294909,-0.467307325584504,0.0));
#1622=DIRECTION('',(0.0,0.0,-1.0));
#1623=ORIENTED_EDGE('',*,*,#2460,.F.);
#1624=ORIENTED_EDGE('',*,*,#2454,.F.);
#1625=ORIENTED_EDGE('',*,*,#2452,.T.);
#1626=ORIENTED_EDGE('',*,*,#2461,.T.);
#1627=CARTESIAN_POINT('',(-2.1,-3.15,-14.25));
#1628=DIRECTION('',(0.0,-0.467307325584504,-0.884094940294909));
#1629=DIRECTION('',(0.0,-0.884094940294909,0.467307325584504));
#1630=ORIENTED_EDGE('',*,*,#2445,.F.);
#1631=ORIENTED_EDGE('',*,*,#2462,.F.);
#1632=ORIENTED_EDGE('',*,*,#2428,.T.);
#1633=ORIENTED_EDGE('',*,*,#2461,.F.);
#1634=CARTESIAN_POINT('',(-1.6,1.745,-14.435));
#1635=DIRECTION('',(0.0,0.0,-1.0));
#1636=DIRECTION('',(0.0,-1.0,0.0));
#1637=ORIENTED_EDGE('',*,*,#2429,.T.);
#1638=ORIENTED_EDGE('',*,*,#2462,.T.);
#1639=ORIENTED_EDGE('',*,*,#2444,.F.);
#1640=ORIENTED_EDGE('',*,*,#2323,.F.);
#1641=CARTESIAN_POINT('',(-1.6,1.745,-12.345));
#1642=DIRECTION('',(1.0,-0.0,0.0));
#1643=DIRECTION('',(0.0,0.0,1.0));
#1644=ORIENTED_EDGE('',*,*,#2379,.F.);
#1645=ORIENTED_EDGE('',*,*,#2397,.F.);
#1646=ORIENTED_EDGE('',*,*,#2385,.F.);
#1647=ORIENTED_EDGE('',*,*,#2463,.T.);
#1648=CARTESIAN_POINT('',(-2.415,-3.15,-19.4));
#1649=DIRECTION('',(-0.884094940294909,-0.467307325584504,0.0));
#1650=DIRECTION('',(-0.467307325584504,0.884094940294909,0.0));
#1651=ORIENTED_EDGE('',*,*,#2463,.F.);
#1652=ORIENTED_EDGE('',*,*,#2384,.T.);
#1653=ORIENTED_EDGE('',*,*,#2382,.F.);
#1654=ORIENTED_EDGE('',*,*,#2380,.F.);
#1655=CARTESIAN_POINT('',(-1.6,-3.5,-19.935));
#1656=DIRECTION('',(0.0,-1.0,0.0));
#1657=DIRECTION('',(0.0,0.0,-1.0));
#1658=ORIENTED_EDGE('',*,*,#2464,.F.);
#1659=ORIENTED_EDGE('',*,*,#2261,.T.);
#1660=ORIENTED_EDGE('',*,*,#2465,.F.);
#1661=ORIENTED_EDGE('',*,*,#2466,.T.);
#1662=CARTESIAN_POINT('',(2.6,0.0,0.0));
#1663=DIRECTION('',(-1.0,0.0,0.0));
#1664=DIRECTION('',(0.0,0.0,1.0));
#1665=ORIENTED_EDGE('',*,*,#2467,.F.);
#1666=ORIENTED_EDGE('',*,*,#2468,.F.);
#1667=ORIENTED_EDGE('',*,*,#2322,.F.);
#1668=ORIENTED_EDGE('',*,*,#2469,.F.);
#1669=ORIENTED_EDGE('',*,*,#2470,.F.);
#1670=ORIENTED_EDGE('',*,*,#2471,.T.);
#1671=CARTESIAN_POINT('',(2.6,0.0,0.0));
#1672=DIRECTION('',(-1.0,0.0,0.0));
#1673=DIRECTION('',(0.0,0.0,1.0));
#1674=ORIENTED_EDGE('',*,*,#2472,.F.);
#1675=ORIENTED_EDGE('',*,*,#2473,.T.);
#1676=ORIENTED_EDGE('',*,*,#2474,.T.);
#1677=ORIENTED_EDGE('',*,*,#2466,.F.);
#1678=CARTESIAN_POINT('',(2.415,3.3,-4.15));
#1679=DIRECTION('',(0.884094940294909,0.0,0.467307325584504));
#1680=DIRECTION('',(0.0,-1.0,0.0));
#1681=ORIENTED_EDGE('',*,*,#2474,.F.);
#1682=ORIENTED_EDGE('',*,*,#2475,.F.);
#1683=ORIENTED_EDGE('',*,*,#2476,.T.);
#1684=ORIENTED_EDGE('',*,*,#2477,.T.);
#1685=CARTESIAN_POINT('',(2.1,2.95,-4.15));
#1686=DIRECTION('',(0.0,-0.884094940294909,0.467307325584504));
#1687=DIRECTION('',(-1.0,0.0,0.0));
#1688=ORIENTED_EDGE('',*,*,#2478,.F.);
#1689=ORIENTED_EDGE('',*,*,#2258,.F.);
#1690=ORIENTED_EDGE('',*,*,#2464,.T.);
#1691=ORIENTED_EDGE('',*,*,#2477,.F.);
#1692=CARTESIAN_POINT('',(2.6,2.765,-12.345));
#1693=DIRECTION('',(0.0,-1.0,0.0));
#1694=DIRECTION('',(0.0,0.0,-1.0));
#1695=ORIENTED_EDGE('',*,*,#2479,.T.);
#1696=ORIENTED_EDGE('',*,*,#2259,.F.);
#1697=ORIENTED_EDGE('',*,*,#2478,.T.);
#1698=ORIENTED_EDGE('',*,*,#2480,.T.);
#1699=CARTESIAN_POINT('',(1.6,0.0,0.0));
#1700=DIRECTION('',(-1.0,0.0,0.0));
#1701=DIRECTION('',(0.0,0.0,1.0));
#1702=ORIENTED_EDGE('',*,*,#2481,.T.);
#1703=ORIENTED_EDGE('',*,*,#2482,.T.);
#1704=ORIENTED_EDGE('',*,*,#2320,.T.);
#1705=ORIENTED_EDGE('',*,*,#2483,.T.);
#1706=ORIENTED_EDGE('',*,*,#2484,.T.);
#1707=ORIENTED_EDGE('',*,*,#2485,.T.);
#1708=CARTESIAN_POINT('',(1.6,0.0,0.0));
#1709=DIRECTION('',(-1.0,0.0,0.0));
#1710=DIRECTION('',(0.0,0.0,1.0));
#1711=ORIENTED_EDGE('',*,*,#2486,.T.);
#1712=ORIENTED_EDGE('',*,*,#2480,.F.);
#1713=ORIENTED_EDGE('',*,*,#2476,.F.);
#1714=ORIENTED_EDGE('',*,*,#2487,.T.);
#1715=CARTESIAN_POINT('',(1.785,3.3,-4.15));
#1716=DIRECTION('',(-0.884094940294909,0.0,0.467307325584504));
#1717=DIRECTION('',(0.0,1.0,0.0));
#1718=ORIENTED_EDGE('',*,*,#2487,.F.);
#1719=ORIENTED_EDGE('',*,*,#2475,.T.);
#1720=ORIENTED_EDGE('',*,*,#2473,.F.);
#1721=ORIENTED_EDGE('',*,*,#2488,.F.);
#1722=CARTESIAN_POINT('',(2.6,2.765,-3.8));
#1723=DIRECTION('',(0.0,0.0,1.0));
#1724=DIRECTION('',(1.0,0.0,0.0));
#1725=ORIENTED_EDGE('',*,*,#2486,.F.);
#1726=ORIENTED_EDGE('',*,*,#2488,.T.);
#1727=ORIENTED_EDGE('',*,*,#2472,.T.);
#1728=ORIENTED_EDGE('',*,*,#2489,.F.);
#1729=CARTESIAN_POINT('',(2.1,3.65,-4.15));
#1730=DIRECTION('',(0.0,0.884094940294909,0.467307325584504));
#1731=DIRECTION('',(1.0,0.0,-0.0));
#1732=ORIENTED_EDGE('',*,*,#2465,.T.);
#1733=ORIENTED_EDGE('',*,*,#2260,.T.);
#1734=ORIENTED_EDGE('',*,*,#2479,.F.);
#1735=ORIENTED_EDGE('',*,*,#2489,.T.);
#1736=CARTESIAN_POINT('',(2.6,3.835,-3.8));
#1737=DIRECTION('',(-0.0,1.0,0.0));
#1738=DIRECTION('',(1.0,0.0,0.0));
#1739=ORIENTED_EDGE('',*,*,#2490,.F.);
#1740=ORIENTED_EDGE('',*,*,#2485,.F.);
#1741=ORIENTED_EDGE('',*,*,#2491,.F.);
#1742=ORIENTED_EDGE('',*,*,#2492,.T.);
#1743=CARTESIAN_POINT('',(1.785,-3.15,-13.9));
#1744=DIRECTION('',(-0.884094940294909,-0.467307325584504,0.0));
#1745=DIRECTION('',(-0.467307325584504,0.884094940294909,0.0));
#1746=ORIENTED_EDGE('',*,*,#2493,.T.);
#1747=ORIENTED_EDGE('',*,*,#2494,.F.);
#1748=ORIENTED_EDGE('',*,*,#2495,.F.);
#1749=ORIENTED_EDGE('',*,*,#2492,.F.);
#1750=CARTESIAN_POINT('',(2.6,-3.5,-14.435));
#1751=DIRECTION('',(0.0,-1.0,0.0));
#1752=DIRECTION('',(0.0,0.0,-1.0));
#1753=ORIENTED_EDGE('',*,*,#2490,.T.);
#1754=ORIENTED_EDGE('',*,*,#2495,.T.);
#1755=ORIENTED_EDGE('',*,*,#2496,.T.);
#1756=ORIENTED_EDGE('',*,*,#2497,.F.);
#1757=CARTESIAN_POINT('',(2.1,-3.15,-13.55));
#1758=DIRECTION('',(0.0,-0.467307325584504,0.884094940294909));
#1759=DIRECTION('',(-1.0,0.0,0.0));
#1760=ORIENTED_EDGE('',*,*,#2470,.T.);
#1761=ORIENTED_EDGE('',*,*,#2498,.T.);
#1762=ORIENTED_EDGE('',*,*,#2481,.F.);
#1763=ORIENTED_EDGE('',*,*,#2497,.T.);
#1764=CARTESIAN_POINT('',(2.6,-3.5,-13.365));
#1765=DIRECTION('',(0.0,0.0,1.0));
#1766=DIRECTION('',(1.0,0.0,0.0));
#1767=ORIENTED_EDGE('',*,*,#2321,.T.);
#1768=ORIENTED_EDGE('',*,*,#2482,.F.);
#1769=ORIENTED_EDGE('',*,*,#2498,.F.);
#1770=ORIENTED_EDGE('',*,*,#2469,.T.);
#1771=CARTESIAN_POINT('',(2.6,1.745,-12.345));
#1772=DIRECTION('',(1.0,-0.0,0.0));
#1773=DIRECTION('',(0.0,0.0,1.0));
#1774=ORIENTED_EDGE('',*,*,#2496,.F.);
#1775=ORIENTED_EDGE('',*,*,#2494,.T.);
#1776=ORIENTED_EDGE('',*,*,#2499,.T.);
#1777=ORIENTED_EDGE('',*,*,#2471,.F.);
#1778=CARTESIAN_POINT('',(2.415,-3.15,-13.9));
#1779=DIRECTION('',(0.884094940294909,-0.467307325584504,0.0));
#1780=DIRECTION('',(0.0,0.0,-1.0));
#1781=ORIENTED_EDGE('',*,*,#2499,.F.);
#1782=ORIENTED_EDGE('',*,*,#2493,.F.);
#1783=ORIENTED_EDGE('',*,*,#2491,.T.);
#1784=ORIENTED_EDGE('',*,*,#2500,.T.);
#1785=CARTESIAN_POINT('',(2.1,-3.15,-14.25));
#1786=DIRECTION('',(0.0,-0.467307325584504,-0.884094940294909));
#1787=DIRECTION('',(0.0,-0.884094940294909,0.467307325584504));
#1788=ORIENTED_EDGE('',*,*,#2484,.F.);
#1789=ORIENTED_EDGE('',*,*,#2501,.F.);
#1790=ORIENTED_EDGE('',*,*,#2467,.T.);
#1791=ORIENTED_EDGE('',*,*,#2500,.F.);
#1792=CARTESIAN_POINT('',(2.6,1.745,-14.435));
#1793=DIRECTION('',(0.0,0.0,-1.0));
#1794=DIRECTION('',(0.0,-1.0,0.0));
#1795=ORIENTED_EDGE('',*,*,#2501,.T.);
#1796=ORIENTED_EDGE('',*,*,#2483,.F.);
#1797=ORIENTED_EDGE('',*,*,#2319,.F.);
#1798=ORIENTED_EDGE('',*,*,#2468,.T.);
#1799=CARTESIAN_POINT('',(2.6,1.745,-12.345));
#1800=DIRECTION('',(1.0,-0.0,0.0));
#1801=DIRECTION('',(0.0,0.0,1.0));
#1802=ORIENTED_EDGE('',*,*,#2314,.F.);
#1803=ORIENTED_EDGE('',*,*,#2502,.T.);
#1804=ORIENTED_EDGE('',*,*,#2221,.F.);
#1805=ORIENTED_EDGE('',*,*,#2503,.F.);
#1806=CARTESIAN_POINT('',(4.4,9.6,-12.815648));
#1807=DIRECTION('',(0.0,0.0,-1.0));
#1808=DIRECTION('',(0.0,1.0,0.0));
#1809=ORIENTED_EDGE('',*,*,#2504,.T.);
#1810=ORIENTED_EDGE('',*,*,#2505,.T.);
#1811=ORIENTED_EDGE('',*,*,#2506,.T.);
#1812=ORIENTED_EDGE('',*,*,#2507,.F.);
#1813=ORIENTED_EDGE('',*,*,#2218,.T.);
#1814=ORIENTED_EDGE('',*,*,#2508,.F.);
#1815=CARTESIAN_POINT('',(4.8,10.0,0.0));
#1816=DIRECTION('',(1.0,0.0,0.0));
#1817=DIRECTION('',(0.0,1.0,0.0));
#1818=ORIENTED_EDGE('',*,*,#2220,.T.);
#1819=ORIENTED_EDGE('',*,*,#2216,.T.);
#1820=ORIENTED_EDGE('',*,*,#2509,.T.);
#1821=ORIENTED_EDGE('',*,*,#2510,.F.);
#1822=ORIENTED_EDGE('',*,*,#2299,.F.);
#1823=ORIENTED_EDGE('',*,*,#2503,.T.);
#1824=CARTESIAN_POINT('',(4.8,10.0,0.0));
#1825=DIRECTION('',(1.0,0.0,0.0));
#1826=DIRECTION('',(0.0,1.0,0.0));
#1827=ORIENTED_EDGE('',*,*,#2511,.F.);
#1828=ORIENTED_EDGE('',*,*,#2508,.T.);
#1829=ORIENTED_EDGE('',*,*,#2229,.F.);
#1830=ORIENTED_EDGE('',*,*,#2512,.F.);
#1831=CARTESIAN_POINT('',(4.4,0.8,-12.815648));
#1832=DIRECTION('',(0.0,0.0,-1.0));
#1833=DIRECTION('',(1.0,0.0,0.0));
#1834=ORIENTED_EDGE('',*,*,#2228,.T.);
#1835=ORIENTED_EDGE('',*,*,#2513,.F.);
#1836=ORIENTED_EDGE('',*,*,#2514,.T.);
#1837=ORIENTED_EDGE('',*,*,#2305,.F.);
#1838=ORIENTED_EDGE('',*,*,#2515,.T.);
#1839=ORIENTED_EDGE('',*,*,#2512,.T.);
#1840=CARTESIAN_POINT('',(4.8,0.4,0.0));
#1841=DIRECTION('',(0.0,-1.0,0.0));
#1842=DIRECTION('',(0.0,0.0,-1.0));
#1843=ORIENTED_EDGE('',*,*,#2515,.F.);
#1844=ORIENTED_EDGE('',*,*,#2304,.T.);
#1845=ORIENTED_EDGE('',*,*,#2516,.F.);
#1846=ORIENTED_EDGE('',*,*,#2517,.T.);
#1847=CARTESIAN_POINT('',(4.4,0.4,-12.8));
#1848=DIRECTION('',(-1.0,0.0,0.0));
#1849=DIRECTION('',(0.0,0.0,1.0));
#1850=ORIENTED_EDGE('',*,*,#2518,.F.);
#1851=ORIENTED_EDGE('',*,*,#2519,.F.);
#1852=ORIENTED_EDGE('',*,*,#2520,.F.);
#1853=ORIENTED_EDGE('',*,*,#2504,.F.);
#1854=ORIENTED_EDGE('',*,*,#2511,.T.);
#1855=ORIENTED_EDGE('',*,*,#2517,.F.);
#1856=CARTESIAN_POINT('',(0.0,0.0,-2.0));
#1857=DIRECTION('',(0.0,0.0,-1.0));
#1858=DIRECTION('',(0.0,-1.0,0.0));
#1859=ORIENTED_EDGE('',*,*,#2521,.F.);
#1860=ORIENTED_EDGE('',*,*,#2522,.F.);
#1861=ORIENTED_EDGE('',*,*,#2523,.F.);
#1862=ORIENTED_EDGE('',*,*,#2524,.F.);
#1863=ORIENTED_EDGE('',*,*,#2525,.T.);
#1864=ORIENTED_EDGE('',*,*,#2526,.T.);
#1865=CARTESIAN_POINT('',(0.0,0.0,-2.0));
#1866=DIRECTION('',(0.0,0.0,-1.0));
#1867=DIRECTION('',(0.0,-1.0,0.0));
#1868=ORIENTED_EDGE('',*,*,#2520,.T.);
#1869=ORIENTED_EDGE('',*,*,#2527,.T.);
#1870=ORIENTED_EDGE('',*,*,#2528,.F.);
#1871=ORIENTED_EDGE('',*,*,#2505,.F.);
#1872=CARTESIAN_POINT('',(4.8,1.5,-2.0));
#1873=DIRECTION('',(-0.0,1.0,0.0));
#1874=DIRECTION('',(1.0,0.0,0.0));
#1875=ORIENTED_EDGE('',*,*,#2529,.T.);
#1876=ORIENTED_EDGE('',*,*,#2530,.T.);
#1877=ORIENTED_EDGE('',*,*,#2531,.T.);
#1878=ORIENTED_EDGE('',*,*,#2532,.F.);
#1879=ORIENTED_EDGE('',*,*,#2533,.T.);
#1880=ORIENTED_EDGE('',*,*,#2509,.F.);
#1881=ORIENTED_EDGE('',*,*,#2215,.T.);
#1882=ORIENTED_EDGE('',*,*,#2534,.T.);
#1883=ORIENTED_EDGE('',*,*,#2506,.F.);
#1884=ORIENTED_EDGE('',*,*,#2528,.T.);
#1885=ORIENTED_EDGE('',*,*,#2535,.T.);
#1886=ORIENTED_EDGE('',*,*,#2536,.F.);
#1887=ORIENTED_EDGE('',*,*,#2537,.F.);
#1888=ORIENTED_EDGE('',*,*,#2538,.T.);
#1889=ORIENTED_EDGE('',*,*,#2539,.T.);
#1890=ORIENTED_EDGE('',*,*,#2540,.T.);
#1891=CARTESIAN_POINT('',(0.0,0.0,-6.6));
#1892=DIRECTION('',(0.0,0.0,1.0));
#1893=DIRECTION('',(1.0,0.0,0.0));
#1894=ORIENTED_EDGE('',*,*,#2541,.T.);
#1895=ORIENTED_EDGE('',*,*,#2542,.T.);
#1896=ORIENTED_EDGE('',*,*,#2543,.T.);
#1897=ORIENTED_EDGE('',*,*,#2544,.F.);
#1898=ORIENTED_EDGE('',*,*,#2545,.F.);
#1899=ORIENTED_EDGE('',*,*,#2546,.T.);
#1900=ORIENTED_EDGE('',*,*,#2547,.T.);
#1901=ORIENTED_EDGE('',*,*,#2548,.T.);
#1902=ORIENTED_EDGE('',*,*,#2549,.T.);
#1903=ORIENTED_EDGE('',*,*,#2550,.T.);
#1904=ORIENTED_EDGE('',*,*,#2551,.F.);
#1905=ORIENTED_EDGE('',*,*,#2552,.T.);
#1906=ORIENTED_EDGE('',*,*,#2553,.T.);
#1907=CARTESIAN_POINT('',(0.0,0.0,-6.6));
#1908=DIRECTION('',(0.0,0.0,1.0));
#1909=DIRECTION('',(1.0,0.0,0.0));
#1910=ORIENTED_EDGE('',*,*,#2540,.F.);
#1911=ORIENTED_EDGE('',*,*,#2554,.T.);
#1912=ORIENTED_EDGE('',*,*,#2301,.F.);
#1913=ORIENTED_EDGE('',*,*,#2555,.F.);
#1914=CARTESIAN_POINT('',(9.4,4.5,-6.584352));
#1915=DIRECTION('',(-0.0,0.0,1.0));
#1916=DIRECTION('',(1.0,0.0,0.0));
#1917=ORIENTED_EDGE('',*,*,#2300,.T.);
#1918=ORIENTED_EDGE('',*,*,#2510,.T.);
#1919=ORIENTED_EDGE('',*,*,#2533,.F.);
#1920=ORIENTED_EDGE('',*,*,#2556,.T.);
#1921=ORIENTED_EDGE('',*,*,#2557,.F.);
#1922=ORIENTED_EDGE('',*,*,#2558,.F.);
#1923=ORIENTED_EDGE('',*,*,#2529,.F.);
#1924=ORIENTED_EDGE('',*,*,#2555,.T.);
#1925=CARTESIAN_POINT('',(9.8,4.9,-12.8));
#1926=DIRECTION('',(-0.0,1.0,0.0));
#1927=DIRECTION('',(1.0,0.0,0.0));
#1928=ORIENTED_EDGE('',*,*,#2558,.T.);
#1929=ORIENTED_EDGE('',*,*,#2559,.F.);
#1930=ORIENTED_EDGE('',*,*,#2560,.F.);
#1931=ORIENTED_EDGE('',*,*,#2530,.F.);
#1932=CARTESIAN_POINT('',(7.8,4.9,-6.6));
#1933=DIRECTION('',(1.0,0.0,0.0));
#1934=DIRECTION('',(0.0,1.0,0.0));
#1935=ORIENTED_EDGE('',*,*,#2560,.T.);
#1936=ORIENTED_EDGE('',*,*,#2561,.F.);
#1937=ORIENTED_EDGE('',*,*,#2562,.T.);
#1938=ORIENTED_EDGE('',*,*,#2531,.F.);
#1939=CARTESIAN_POINT('',(9.8,3.4,-12.8));
#1940=DIRECTION('',(-0.0,1.0,0.0));
#1941=DIRECTION('',(1.0,0.0,0.0));
#1942=ORIENTED_EDGE('',*,*,#2563,.T.);
#1943=ORIENTED_EDGE('',*,*,#2564,.F.);
#1944=ORIENTED_EDGE('',*,*,#2565,.T.);
#1945=ORIENTED_EDGE('',*,*,#2550,.F.);
#1946=CARTESIAN_POINT('',(9.8,3.4,-12.8));
#1947=DIRECTION('',(-0.0,1.0,0.0));
#1948=DIRECTION('',(1.0,0.0,0.0));
#1949=ORIENTED_EDGE('',*,*,#2562,.F.);
#1950=ORIENTED_EDGE('',*,*,#2566,.T.);
#1951=ORIENTED_EDGE('',*,*,#2556,.F.);
#1952=ORIENTED_EDGE('',*,*,#2532,.T.);
#1953=CARTESIAN_POINT('',(5.4,4.9,-9.7));
#1954=DIRECTION('',(-1.0,0.0,0.0));
#1955=DIRECTION('',(0.0,0.0,1.0));
#1956=ORIENTED_EDGE('',*,*,#2567,.F.);
#1957=ORIENTED_EDGE('',*,*,#2568,.T.);
#1958=ORIENTED_EDGE('',*,*,#2569,.F.);
#1959=ORIENTED_EDGE('',*,*,#2559,.T.);
#1960=ORIENTED_EDGE('',*,*,#2557,.T.);
#1961=ORIENTED_EDGE('',*,*,#2566,.F.);
#1962=ORIENTED_EDGE('',*,*,#2570,.T.);
#1963=ORIENTED_EDGE('',*,*,#2571,.F.);
#1964=CARTESIAN_POINT('',(6.6,4.9,-9.7));
#1965=DIRECTION('',(-0.0,-1.0,0.0));
#1966=DIRECTION('',(-1.0,0.0,0.0));
#1967=ORIENTED_EDGE('',*,*,#2571,.T.);
#1968=ORIENTED_EDGE('',*,*,#2572,.T.);
#1969=ORIENTED_EDGE('',*,*,#2535,.F.);
#1970=ORIENTED_EDGE('',*,*,#2527,.F.);
#1971=ORIENTED_EDGE('',*,*,#2519,.T.);
#1972=ORIENTED_EDGE('',*,*,#2573,.F.);
#1973=CARTESIAN_POINT('',(5.4,0.0,-9.7));
#1974=DIRECTION('',(-1.0,0.0,0.0));
#1975=DIRECTION('',(0.0,0.0,1.0));
#1976=ORIENTED_EDGE('',*,*,#2303,.T.);
#1977=ORIENTED_EDGE('',*,*,#2574,.T.);
#1978=ORIENTED_EDGE('',*,*,#2538,.F.);
#1979=ORIENTED_EDGE('',*,*,#2575,.T.);
#1980=ORIENTED_EDGE('',*,*,#2567,.T.);
#1981=ORIENTED_EDGE('',*,*,#2573,.T.);
#1982=ORIENTED_EDGE('',*,*,#2518,.T.);
#1983=ORIENTED_EDGE('',*,*,#2516,.T.);
#1984=CARTESIAN_POINT('',(4.4,0.0,-12.8));
#1985=DIRECTION('',(0.0,-1.0,0.0));
#1986=DIRECTION('',(0.0,0.0,-1.0));
#1987=ORIENTED_EDGE('',*,*,#2576,.T.);
#1988=ORIENTED_EDGE('',*,*,#2568,.F.);
#1989=ORIENTED_EDGE('',*,*,#2575,.F.);
#1990=ORIENTED_EDGE('',*,*,#2537,.T.);
#1991=CARTESIAN_POINT('',(7.8,0.0,-6.6));
#1992=DIRECTION('',(1.0,0.0,0.0));
#1993=DIRECTION('',(0.0,1.0,0.0));
#1994=ORIENTED_EDGE('',*,*,#2572,.F.);
#1995=ORIENTED_EDGE('',*,*,#2577,.T.);
#1996=ORIENTED_EDGE('',*,*,#2576,.F.);
#1997=ORIENTED_EDGE('',*,*,#2536,.T.);
#1998=CARTESIAN_POINT('',(4.4,2.0,-12.8));
#1999=DIRECTION('',(-0.0,1.0,0.0));
#2000=DIRECTION('',(1.0,0.0,0.0));
#2001=ORIENTED_EDGE('',*,*,#2578,.F.);
#2002=ORIENTED_EDGE('',*,*,#2579,.T.);
#2003=ORIENTED_EDGE('',*,*,#2580,.F.);
#2004=ORIENTED_EDGE('',*,*,#2544,.T.);
#2005=CARTESIAN_POINT('',(4.4,2.0,-12.8));
#2006=DIRECTION('',(-0.0,1.0,0.0));
#2007=DIRECTION('',(1.0,0.0,0.0));
#2008=ORIENTED_EDGE('',*,*,#2570,.F.);
#2009=ORIENTED_EDGE('',*,*,#2561,.T.);
#2010=ORIENTED_EDGE('',*,*,#2569,.T.);
#2011=ORIENTED_EDGE('',*,*,#2577,.F.);
#2012=CARTESIAN_POINT('',(6.6,4.9,-9.7));
#2013=DIRECTION('',(-0.0,-1.0,0.0));
#2014=DIRECTION('',(-1.0,0.0,0.0));
#2015=ORIENTED_EDGE('',*,*,#2580,.T.);
#2016=ORIENTED_EDGE('',*,*,#2581,.F.);
#2017=ORIENTED_EDGE('',*,*,#2582,.T.);
#2018=ORIENTED_EDGE('',*,*,#2522,.T.);
#2019=ORIENTED_EDGE('',*,*,#2583,.T.);
#2020=ORIENTED_EDGE('',*,*,#2545,.T.);
#2021=CARTESIAN_POINT('',(-5.4,0.0,-6.6));
#2022=DIRECTION('',(1.0,0.0,0.0));
#2023=DIRECTION('',(0.0,1.0,0.0));
#2024=ORIENTED_EDGE('',*,*,#2546,.F.);
#2025=ORIENTED_EDGE('',*,*,#2583,.F.);
#2026=ORIENTED_EDGE('',*,*,#2521,.T.);
#2027=ORIENTED_EDGE('',*,*,#2584,.T.);
#2028=CARTESIAN_POINT('',(-5.4,1.5,-2.0));
#2029=DIRECTION('',(-0.0,1.0,0.0));
#2030=DIRECTION('',(1.0,0.0,0.0));
#2031=ORIENTED_EDGE('',*,*,#2311,.F.);
#2032=ORIENTED_EDGE('',*,*,#2585,.T.);
#2033=ORIENTED_EDGE('',*,*,#2547,.F.);
#2034=ORIENTED_EDGE('',*,*,#2584,.F.);
#2035=ORIENTED_EDGE('',*,*,#2526,.F.);
#2036=ORIENTED_EDGE('',*,*,#2586,.T.);
#2037=ORIENTED_EDGE('',*,*,#2226,.T.);
#2038=ORIENTED_EDGE('',*,*,#2587,.F.);
#2039=CARTESIAN_POINT('',(-4.8,0.4,0.0));
#2040=DIRECTION('',(-1.0,0.0,0.0));
#2041=DIRECTION('',(0.0,0.0,1.0));
#2042=ORIENTED_EDGE('',*,*,#2312,.F.);
#2043=ORIENTED_EDGE('',*,*,#2587,.T.);
#2044=ORIENTED_EDGE('',*,*,#2225,.F.);
#2045=ORIENTED_EDGE('',*,*,#2588,.F.);
#2046=CARTESIAN_POINT('',(-4.4,9.6,-12.815648));
#2047=DIRECTION('',(-0.0,0.0,-1.0));
#2048=DIRECTION('',(-1.0,0.0,0.0));
#2049=ORIENTED_EDGE('',*,*,#2313,.F.);
#2050=ORIENTED_EDGE('',*,*,#2588,.T.);
#2051=ORIENTED_EDGE('',*,*,#2224,.T.);
#2052=ORIENTED_EDGE('',*,*,#2589,.T.);
#2053=ORIENTED_EDGE('',*,*,#2590,.T.);
#2054=ORIENTED_EDGE('',*,*,#2591,.F.);
#2055=ORIENTED_EDGE('',*,*,#2222,.T.);
#2056=ORIENTED_EDGE('',*,*,#2502,.F.);
#2057=CARTESIAN_POINT('',(-4.8,10.0,0.0));
#2058=DIRECTION('',(-0.0,1.0,0.0));
#2059=DIRECTION('',(1.0,0.0,0.0));
#2060=ORIENTED_EDGE('',*,*,#2592,.T.);
#2061=ORIENTED_EDGE('',*,*,#2593,.T.);
#2062=ORIENTED_EDGE('',*,*,#2594,.T.);
#2063=ORIENTED_EDGE('',*,*,#2591,.T.);
#2064=CARTESIAN_POINT('',(1.7,0.0,0.0));
#2065=DIRECTION('',(1.0,0.0,0.0));
#2066=DIRECTION('',(0.0,1.0,0.0));
#2067=ORIENTED_EDGE('',*,*,#2594,.F.);
#2068=ORIENTED_EDGE('',*,*,#2595,.F.);
#2069=ORIENTED_EDGE('',*,*,#2596,.T.);
#2070=ORIENTED_EDGE('',*,*,#2223,.T.);
#2071=CARTESIAN_POINT('',(-1.7,11.4,-2.35));
#2072=DIRECTION('',(0.0,0.859101543908758,0.511805175094575));
#2073=DIRECTION('',(1.0,0.0,-0.0));
#2074=ORIENTED_EDGE('',*,*,#2596,.F.);
#2075=ORIENTED_EDGE('',*,*,#2597,.F.);
#2076=ORIENTED_EDGE('',*,*,#2598,.F.);
#2077=ORIENTED_EDGE('',*,*,#2589,.F.);
#2078=CARTESIAN_POINT('',(-1.7,0.0,0.0));
#2079=DIRECTION('',(1.0,0.0,0.0));
#2080=DIRECTION('',(0.0,1.0,0.0));
#2081=ORIENTED_EDGE('',*,*,#2598,.T.);
#2082=ORIENTED_EDGE('',*,*,#2599,.T.);
#2083=ORIENTED_EDGE('',*,*,#2592,.F.);
#2084=ORIENTED_EDGE('',*,*,#2590,.F.);
#2085=CARTESIAN_POINT('',(-1.7,10.0,-3.05));
#2086=DIRECTION('',(0.0,-0.087155742747664,-0.996194698091745));
#2087=DIRECTION('',(0.0,-0.996194698091745,0.087155742747664));
#2088=ORIENTED_EDGE('',*,*,#2595,.T.);
#2089=ORIENTED_EDGE('',*,*,#2593,.F.);
#2090=ORIENTED_EDGE('',*,*,#2599,.F.);
#2091=ORIENTED_EDGE('',*,*,#2597,.T.);
#2092=CARTESIAN_POINT('',(-1.7,11.4,-3.172484128936));
#2093=DIRECTION('',(-0.0,1.0,0.0));
#2094=DIRECTION('',(1.0,0.0,0.0));
#2095=ORIENTED_EDGE('',*,*,#2525,.F.);
#2096=ORIENTED_EDGE('',*,*,#2513,.T.);
#2097=ORIENTED_EDGE('',*,*,#2227,.F.);
#2098=ORIENTED_EDGE('',*,*,#2586,.F.);
#2099=CARTESIAN_POINT('',(-4.4,0.8,-12.815648));
#2100=DIRECTION('',(0.0,-0.0,-1.0));
#2101=DIRECTION('',(0.0,-1.0,0.0));
#2102=ORIENTED_EDGE('',*,*,#2552,.F.);
#2103=ORIENTED_EDGE('',*,*,#2600,.T.);
#2104=ORIENTED_EDGE('',*,*,#2601,.F.);
#2105=ORIENTED_EDGE('',*,*,#2602,.F.);
#2106=ORIENTED_EDGE('',*,*,#2548,.F.);
#2107=ORIENTED_EDGE('',*,*,#2585,.F.);
#2108=ORIENTED_EDGE('',*,*,#2310,.T.);
#2109=ORIENTED_EDGE('',*,*,#2603,.F.);
#2110=CARTESIAN_POINT('',(-4.8,4.9,-12.8));
#2111=DIRECTION('',(-0.0,1.0,0.0));
#2112=DIRECTION('',(1.0,0.0,0.0));
#2113=ORIENTED_EDGE('',*,*,#2553,.F.);
#2114=ORIENTED_EDGE('',*,*,#2603,.T.);
#2115=ORIENTED_EDGE('',*,*,#2309,.F.);
#2116=ORIENTED_EDGE('',*,*,#2604,.F.);
#2117=CARTESIAN_POINT('',(-9.4,4.5,-6.584352));
#2118=DIRECTION('',(-0.0,0.0,1.0));
#2119=DIRECTION('',(0.0,1.0,0.0));
#2120=ORIENTED_EDGE('',*,*,#2308,.T.);
#2121=ORIENTED_EDGE('',*,*,#2605,.T.);
#2122=ORIENTED_EDGE('',*,*,#2541,.F.);
#2123=ORIENTED_EDGE('',*,*,#2604,.T.);
#2124=CARTESIAN_POINT('',(-9.8,4.9,-12.8));
#2125=DIRECTION('',(-1.0,0.0,0.0));
#2126=DIRECTION('',(0.0,0.0,1.0));
#2127=ORIENTED_EDGE('',*,*,#2606,.T.);
#2128=ORIENTED_EDGE('',*,*,#2607,.F.);
#2129=ORIENTED_EDGE('',*,*,#2542,.F.);
#2130=ORIENTED_EDGE('',*,*,#2605,.F.);
#2131=ORIENTED_EDGE('',*,*,#2307,.T.);
#2132=ORIENTED_EDGE('',*,*,#2608,.F.);
#2133=ORIENTED_EDGE('',*,*,#2523,.T.);
#2134=ORIENTED_EDGE('',*,*,#2582,.F.);
#2135=CARTESIAN_POINT('',(-9.8,0.0,-12.8));
#2136=DIRECTION('',(0.0,-1.0,0.0));
#2137=DIRECTION('',(0.0,0.0,-1.0));
#2138=ORIENTED_EDGE('',*,*,#2608,.T.);
#2139=ORIENTED_EDGE('',*,*,#2306,.T.);
#2140=ORIENTED_EDGE('',*,*,#2514,.F.);
#2141=ORIENTED_EDGE('',*,*,#2524,.T.);
#2142=CARTESIAN_POINT('',(-4.4,0.0,-12.8));
#2143=DIRECTION('',(1.0,0.0,0.0));
#2144=DIRECTION('',(0.0,1.0,0.0));
#2145=ORIENTED_EDGE('',*,*,#2607,.T.);
#2146=ORIENTED_EDGE('',*,*,#2609,.T.);
#2147=ORIENTED_EDGE('',*,*,#2578,.T.);
#2148=ORIENTED_EDGE('',*,*,#2543,.F.);
#2149=CARTESIAN_POINT('',(-7.8,0.0,-9.7));
#2150=DIRECTION('',(-1.0,0.0,0.0));
#2151=DIRECTION('',(0.0,0.0,1.0));
#2152=ORIENTED_EDGE('',*,*,#2606,.F.);
#2153=ORIENTED_EDGE('',*,*,#2581,.T.);
#2154=ORIENTED_EDGE('',*,*,#2610,.F.);
#2155=ORIENTED_EDGE('',*,*,#2611,.T.);
#2156=ORIENTED_EDGE('',*,*,#2601,.T.);
#2157=ORIENTED_EDGE('',*,*,#2612,.F.);
#2158=ORIENTED_EDGE('',*,*,#2613,.T.);
#2159=ORIENTED_EDGE('',*,*,#2609,.F.);
#2160=CARTESIAN_POINT('',(-6.6,4.9,-9.7));
#2161=DIRECTION('',(-0.0,-1.0,0.0));
#2162=DIRECTION('',(-1.0,0.0,0.0));
#2163=ORIENTED_EDGE('',*,*,#2613,.F.);
#2164=ORIENTED_EDGE('',*,*,#2564,.T.);
#2165=ORIENTED_EDGE('',*,*,#2610,.T.);
#2166=ORIENTED_EDGE('',*,*,#2579,.F.);
#2167=CARTESIAN_POINT('',(-6.6,4.9,-9.7));
#2168=DIRECTION('',(-0.0,-1.0,0.0));
#2169=DIRECTION('',(-1.0,0.0,0.0));
#2170=ORIENTED_EDGE('',*,*,#2565,.F.);
#2171=ORIENTED_EDGE('',*,*,#2612,.T.);
#2172=ORIENTED_EDGE('',*,*,#2600,.F.);
#2173=ORIENTED_EDGE('',*,*,#2551,.T.);
#2174=CARTESIAN_POINT('',(-7.8,4.9,-9.7));
#2175=DIRECTION('',(-1.0,0.0,0.0));
#2176=DIRECTION('',(0.0,0.0,1.0));
#2177=ORIENTED_EDGE('',*,*,#2602,.T.);
#2178=ORIENTED_EDGE('',*,*,#2611,.F.);
#2179=ORIENTED_EDGE('',*,*,#2563,.F.);
#2180=ORIENTED_EDGE('',*,*,#2549,.F.);
#2181=CARTESIAN_POINT('',(-5.4,4.9,-6.6));
#2182=DIRECTION('',(1.0,0.0,0.0));
#2183=DIRECTION('',(0.0,1.0,0.0));
#2184=ORIENTED_EDGE('',*,*,#2539,.F.);
#2185=ORIENTED_EDGE('',*,*,#2574,.F.);
#2186=ORIENTED_EDGE('',*,*,#2302,.T.);
#2187=ORIENTED_EDGE('',*,*,#2554,.F.);
#2188=CARTESIAN_POINT('',(9.8,0.0,-12.8));
#2189=DIRECTION('',(1.0,0.0,0.0));
#2190=DIRECTION('',(0.0,1.0,0.0));
#2191=ORIENTED_EDGE('',*,*,#2214,.T.);
#2192=ORIENTED_EDGE('',*,*,#2219,.T.);
#2193=ORIENTED_EDGE('',*,*,#2507,.T.);
#2194=ORIENTED_EDGE('',*,*,#2534,.F.);
#2195=CARTESIAN_POINT('',(4.8,2.75,0.0));
#2196=DIRECTION('',(0.0,0.0,1.0));
#2197=DIRECTION('',(-1.0,0.0,0.0));
#2198=AXIS2_PLACEMENT_3D('',#2614,#2615,#2616);
#2199=AXIS2_PLACEMENT_3D('',#2617,#2618,#2619);
#2200=AXIS2_PLACEMENT_3D('',#2620,#2621,#2622);
#2201=AXIS2_PLACEMENT_3D('',#2623,#2624,#2625);
#2202=AXIS2_PLACEMENT_3D('',#2626,#2627,#2628);
#2203=AXIS2_PLACEMENT_3D('',#2629,#2630,#2631);
#2204=AXIS2_PLACEMENT_3D('',#2632,#2633,#2634);
#2205=AXIS2_PLACEMENT_3D('',#2635,#2636,#2637);
#2206=AXIS2_PLACEMENT_3D('',#2638,#2639,#2640);
#2207=AXIS2_PLACEMENT_3D('',#2641,#2642,#2643);
#2208=AXIS2_PLACEMENT_3D('',#2644,#2645,#2646);
#2209=AXIS2_PLACEMENT_3D('',#2647,#2648,#2649);
#2210=CARTESIAN_POINT('',(-6.6,2.0,-9.7));
#2211=VECTOR('',#2650,1.4);
#2212=CARTESIAN_POINT('',(6.6,2.0,-9.7));
#2213=VECTOR('',#2651,1.4);
#2214=EDGE_CURVE('',#2652,#2653,#2654,.T.);
#2215=EDGE_CURVE('',#2655,#2652,#2656,.T.);
#2216=EDGE_CURVE('',#2657,#2655,#2658,.T.);
#2217=EDGE_CURVE('',#2657,#2653,#2659,.T.);
#2218=EDGE_CURVE('',#2660,#2661,#2662,.T.);
#2219=EDGE_CURVE('',#2653,#2660,#2663,.T.);
#2220=EDGE_CURVE('',#2664,#2657,#2665,.T.);
#2221=EDGE_CURVE('',#2664,#2666,#2667,.T.);
#2222=EDGE_CURVE('',#2668,#2666,#2669,.T.);
#2223=EDGE_CURVE('',#2670,#2668,#2671,.T.);
#2224=EDGE_CURVE('',#2672,#2670,#2673,.T.);
#2225=EDGE_CURVE('',#2672,#2674,#2675,.T.);
#2226=EDGE_CURVE('',#2676,#2674,#2677,.T.);
#2227=EDGE_CURVE('',#2676,#2678,#2679,.T.);
#2228=EDGE_CURVE('',#2680,#2678,#2681,.T.);
#2229=EDGE_CURVE('',#2680,#2661,#2682,.T.);
#2230=EDGE_CURVE('',#2683,#2684,#2685,.T.);
#2231=EDGE_CURVE('',#2686,#2683,#2687,.T.);
#2232=EDGE_CURVE('',#2688,#2686,#2689,.T.);
#2233=EDGE_CURVE('',#2690,#2688,#2691,.T.);
#2234=EDGE_CURVE('',#2692,#2690,#2693,.T.);
#2235=EDGE_CURVE('',#2684,#2692,#2694,.T.);
#2236=EDGE_CURVE('',#2695,#2696,#2697,.T.);
#2237=EDGE_CURVE('',#2698,#2695,#2699,.T.);
#2238=EDGE_CURVE('',#2700,#2698,#2701,.T.);
#2239=EDGE_CURVE('',#2702,#2700,#2703,.T.);
#2240=EDGE_CURVE('',#2704,#2702,#2705,.T.);
#2241=EDGE_CURVE('',#2696,#2704,#2706,.T.);
#2242=EDGE_CURVE('',#2707,#2708,#2709,.T.);
#2243=EDGE_CURVE('',#2710,#2707,#2711,.T.);
#2244=EDGE_CURVE('',#2712,#2710,#2713,.T.);
#2245=EDGE_CURVE('',#2708,#2712,#2714,.T.);
#2246=EDGE_CURVE('',#2715,#2716,#2717,.T.);
#2247=EDGE_CURVE('',#2718,#2715,#2719,.T.);
#2248=EDGE_CURVE('',#2720,#2718,#2721,.T.);
#2249=EDGE_CURVE('',#2716,#2720,#2722,.T.);
#2250=EDGE_CURVE('',#2720,#2723,#2724,.T.);
#2251=EDGE_CURVE('',#2725,#2723,#2726,.T.);
#2252=EDGE_CURVE('',#2716,#2725,#2727,.T.);
#2253=EDGE_CURVE('',#2728,#2725,#2729,.T.);
#2254=EDGE_CURVE('',#2715,#2728,#2730,.T.);
#2255=EDGE_CURVE('',#2731,#2728,#2732,.T.);
#2256=EDGE_CURVE('',#2718,#2731,#2733,.T.);
#2257=EDGE_CURVE('',#2723,#2731,#2734,.T.);
#2258=EDGE_CURVE('',#2735,#2736,#2737,.T.);
#2259=EDGE_CURVE('',#2736,#2738,#2739,.T.);
#2260=EDGE_CURVE('',#2740,#2738,#2741,.T.);
#2261=EDGE_CURVE('',#2735,#2740,#2742,.T.);
#2262=EDGE_CURVE('',#2743,#2744,#2745,.T.);
#2263=EDGE_CURVE('',#2744,#2746,#2747,.T.);
#2264=EDGE_CURVE('',#2746,#2748,#2749,.T.);
#2265=EDGE_CURVE('',#2748,#2750,#2751,.T.);
#2266=EDGE_CURVE('',#2750,#2752,#2753,.T.);
#2267=EDGE_CURVE('',#2752,#2743,#2754,.T.);
#2268=EDGE_CURVE('',#2755,#2756,#2757,.T.);
#2269=EDGE_CURVE('',#2756,#2758,#2759,.T.);
#2270=EDGE_CURVE('',#2760,#2758,#2761,.T.);
#2271=EDGE_CURVE('',#2755,#2760,#2762,.T.);
#2272=EDGE_CURVE('',#2692,#2743,#2763,.T.);
#2273=EDGE_CURVE('',#2684,#2752,#2764,.T.);
#2274=EDGE_CURVE('',#2683,#2750,#2765,.T.);
#2275=EDGE_CURVE('',#2686,#2748,#2766,.T.);
#2276=EDGE_CURVE('',#2688,#2746,#2767,.T.);
#2277=EDGE_CURVE('',#2690,#2744,#2768,.T.);
#2278=EDGE_CURVE('',#2755,#2769,#2770,.T.);
#2279=EDGE_CURVE('',#2771,#2760,#2772,.T.);
#2280=EDGE_CURVE('',#2771,#2769,#2773,.T.);
#2281=EDGE_CURVE('',#2774,#2775,#2776,.T.);
#2282=EDGE_CURVE('',#2777,#2774,#2778,.T.);
#2283=EDGE_CURVE('',#2779,#2777,#2780,.T.);
#2284=EDGE_CURVE('',#2781,#2779,#2782,.T.);
#2285=EDGE_CURVE('',#2783,#2781,#2784,.T.);
#2286=EDGE_CURVE('',#2785,#2783,#2786,.T.);
#2287=EDGE_CURVE('',#2787,#2785,#2788,.T.);
#2288=EDGE_CURVE('',#2787,#2775,#2789,.T.);
#2289=EDGE_CURVE('',#2790,#2771,#2791,.T.);
#2290=EDGE_CURVE('',#2790,#2792,#2793,.T.);
#2291=EDGE_CURVE('',#2792,#2769,#2794,.T.);
#2292=EDGE_CURVE('',#2795,#2792,#2796,.T.);
#2293=EDGE_CURVE('',#2795,#2797,#2798,.T.);
#2294=EDGE_CURVE('',#2797,#2769,#2799,.T.);
#2295=EDGE_CURVE('',#2800,#2801,#2802,.T.);
#2296=EDGE_CURVE('',#2783,#2800,#2803,.T.);
#2297=EDGE_CURVE('',#2781,#2801,#2804,.T.);
#2298=EDGE_CURVE('',#2756,#2797,#2805,.T.);
#2299=EDGE_CURVE('',#2806,#2807,#2808,.T.);
#2300=EDGE_CURVE('',#2809,#2807,#2810,.T.);
#2301=EDGE_CURVE('',#2809,#2811,#2812,.T.);
#2302=EDGE_CURVE('',#2813,#2811,#2814,.T.);
#2303=EDGE_CURVE('',#2815,#2813,#2816,.T.);
#2304=EDGE_CURVE('',#2817,#2815,#2818,.T.);
#2305=EDGE_CURVE('',#2817,#2819,#2820,.T.);
#2306=EDGE_CURVE('',#2821,#2819,#2822,.T.);
#2307=EDGE_CURVE('',#2823,#2821,#2824,.T.);
#2308=EDGE_CURVE('',#2825,#2823,#2826,.T.);
#2309=EDGE_CURVE('',#2825,#2827,#2828,.T.);
#2310=EDGE_CURVE('',#2829,#2827,#2830,.T.);
#2311=EDGE_CURVE('',#2829,#2831,#2832,.T.);
#2312=EDGE_CURVE('',#2831,#2833,#2834,.T.);
#2313=EDGE_CURVE('',#2833,#2835,#2836,.T.);
#2314=EDGE_CURVE('',#2835,#2806,#2837,.T.);
#2315=EDGE_CURVE('',#2838,#2839,#2840,.T.);
#2316=EDGE_CURVE('',#2841,#2839,#2842,.T.);
#2317=EDGE_CURVE('',#2843,#2841,#2844,.T.);
#2318=EDGE_CURVE('',#2843,#2838,#2845,.T.);
#2319=EDGE_CURVE('',#2846,#2847,#2848,.T.);
#2320=EDGE_CURVE('',#2849,#2847,#2850,.T.);
#2321=EDGE_CURVE('',#2851,#2849,#2852,.T.);
#2322=EDGE_CURVE('',#2851,#2846,#2853,.T.);
#2323=EDGE_CURVE('',#2854,#2855,#2856,.T.);
#2324=EDGE_CURVE('',#2857,#2855,#2858,.T.);
#2325=EDGE_CURVE('',#2859,#2857,#2860,.T.);
#2326=EDGE_CURVE('',#2859,#2854,#2861,.T.);
#2327=EDGE_CURVE('',#2779,#2862,#2863,.T.);
#2328=EDGE_CURVE('',#2801,#2862,#2864,.T.);
#2329=EDGE_CURVE('',#2865,#2758,#2866,.T.);
#2330=EDGE_CURVE('',#2797,#2865,#2867,.T.);
#2331=EDGE_CURVE('',#2868,#2869,#2870,.T.);
#2332=EDGE_CURVE('',#2869,#2800,#2871,.T.);
#2333=EDGE_CURVE('',#2862,#2872,#2873,.T.);
#2334=EDGE_CURVE('',#2872,#2874,#2875,.T.);
#2335=EDGE_CURVE('',#2874,#2876,#2877,.T.);
#2336=EDGE_CURVE('',#2876,#2868,#2878,.T.);
#2337=EDGE_CURVE('',#2879,#2865,#2880,.T.);
#2338=EDGE_CURVE('',#2795,#2879,#2881,.T.);
#2339=EDGE_CURVE('',#2879,#2790,#2882,.T.);
#2340=EDGE_CURVE('',#2865,#2771,#2883,.T.);
#2341=EDGE_CURVE('',#2777,#2872,#2884,.T.);
#2342=EDGE_CURVE('',#2774,#2874,#2885,.T.);
#2343=EDGE_CURVE('',#2876,#2775,#2886,.T.);
#2344=EDGE_CURVE('',#2887,#2775,#2888,.T.);
#2345=EDGE_CURVE('',#2889,#2887,#2890,.T.);
#2346=EDGE_CURVE('',#2889,#2876,#2891,.T.);
#2347=EDGE_CURVE('',#2868,#2892,#2893,.T.);
#2348=EDGE_CURVE('',#2889,#2892,#2894,.T.);
#2349=EDGE_CURVE('',#2895,#2887,#2896,.T.);
#2350=EDGE_CURVE('',#2892,#2895,#2897,.T.);
#2351=EDGE_CURVE('',#2895,#2787,#2898,.T.);
#2352=EDGE_CURVE('',#2868,#2787,#2899,.T.);
#2353=EDGE_CURVE('',#2785,#2869,#2900,.T.);
#2354=EDGE_CURVE('',#2901,#2902,#2903,.T.);
#2355=EDGE_CURVE('',#2901,#2904,#2905,.T.);
#2356=EDGE_CURVE('',#2906,#2904,#2907,.T.);
#2357=EDGE_CURVE('',#2906,#2902,#2908,.T.);
#2358=EDGE_CURVE('',#2909,#2910,#2911,.T.);
#2359=EDGE_CURVE('',#2912,#2909,#2913,.T.);
#2360=EDGE_CURVE('',#2838,#2912,#2914,.T.);
#2361=EDGE_CURVE('',#2915,#2843,#2916,.T.);
#2362=EDGE_CURVE('',#2917,#2915,#2918,.T.);
#2363=EDGE_CURVE('',#2919,#2917,#2920,.T.);
#2364=EDGE_CURVE('',#2919,#2910,#2921,.T.);
#2365=EDGE_CURVE('',#2922,#2906,#2923,.T.);
#2366=EDGE_CURVE('',#2922,#2924,#2925,.T.);
#2367=EDGE_CURVE('',#2924,#2902,#2926,.T.);
#2368=EDGE_CURVE('',#2927,#2924,#2928,.T.);
#2369=EDGE_CURVE('',#2927,#2929,#2930,.T.);
#2370=EDGE_CURVE('',#2929,#2902,#2931,.T.);
#2371=EDGE_CURVE('',#2932,#2841,#2933,.T.);
#2372=EDGE_CURVE('',#2915,#2932,#2934,.T.);
#2373=EDGE_CURVE('',#2935,#2929,#2936,.T.);
#2374=EDGE_CURVE('',#2901,#2935,#2937,.T.);
#2375=EDGE_CURVE('',#2938,#2932,#2939,.T.);
#2376=EDGE_CURVE('',#2917,#2938,#2940,.T.);
#2377=EDGE_CURVE('',#2941,#2938,#2942,.T.);
#2378=EDGE_CURVE('',#2941,#2919,#2943,.T.);
#2379=EDGE_CURVE('',#2941,#2944,#2945,.T.);
#2380=EDGE_CURVE('',#2944,#2946,#2947,.T.);
#2381=EDGE_CURVE('',#2946,#2919,#2948,.T.);
#2382=EDGE_CURVE('',#2946,#2949,#2950,.T.);
#2383=EDGE_CURVE('',#2949,#2910,#2951,.T.);
#2384=EDGE_CURVE('',#2952,#2949,#2953,.T.);
#2385=EDGE_CURVE('',#2952,#2954,#2955,.T.);
#2386=EDGE_CURVE('',#2954,#2910,#2956,.T.);
#2387=EDGE_CURVE('',#2957,#2954,#2958,.T.);
#2388=EDGE_CURVE('',#2909,#2957,#2959,.T.);
#2389=EDGE_CURVE('',#2960,#2957,#2961,.T.);
#2390=EDGE_CURVE('',#2912,#2960,#2962,.T.);
#2391=EDGE_CURVE('',#2839,#2960,#2963,.T.);
#2392=EDGE_CURVE('',#2904,#2964,#2965,.T.);
#2393=EDGE_CURVE('',#2966,#2964,#2967,.T.);
#2394=EDGE_CURVE('',#2966,#2906,#2968,.T.);
#2395=EDGE_CURVE('',#2935,#2964,#2969,.T.);
#2396=EDGE_CURVE('',#2929,#2966,#2970,.T.);
#2397=EDGE_CURVE('',#2954,#2941,#2971,.T.);
#2398=EDGE_CURVE('',#2972,#2966,#2973,.T.);
#2399=EDGE_CURVE('',#2927,#2972,#2974,.T.);
#2400=EDGE_CURVE('',#2972,#2922,#2975,.T.);
#2401=EDGE_CURVE('',#2976,#2977,#2978,.T.);
#2402=EDGE_CURVE('',#2977,#2979,#2980,.T.);
#2403=EDGE_CURVE('',#2979,#2981,#2982,.T.);
#2404=EDGE_CURVE('',#2981,#2983,#2984,.T.);
#2405=EDGE_CURVE('',#2983,#2985,#2986,.T.);
#2406=EDGE_CURVE('',#2985,#2976,#2987,.T.);
#2407=EDGE_CURVE('',#2988,#2989,#2990,.T.);
#2408=EDGE_CURVE('',#2989,#2991,#2992,.T.);
#2409=EDGE_CURVE('',#2993,#2991,#2994,.T.);
#2410=EDGE_CURVE('',#2988,#2993,#2995,.T.);
#2411=EDGE_CURVE('',#2996,#2997,#2998,.T.);
#2412=EDGE_CURVE('',#2997,#2999,#3000,.T.);
#2413=EDGE_CURVE('',#2999,#3001,#3002,.T.);
#2414=EDGE_CURVE('',#3001,#2996,#3003,.T.);
#2415=EDGE_CURVE('',#2704,#2976,#3004,.T.);
#2416=EDGE_CURVE('',#2696,#2985,#3005,.T.);
#2417=EDGE_CURVE('',#2695,#2983,#3006,.T.);
#2418=EDGE_CURVE('',#2698,#2981,#3007,.T.);
#2419=EDGE_CURVE('',#2700,#2979,#3008,.T.);
#2420=EDGE_CURVE('',#2702,#2977,#3009,.T.);
#2421=EDGE_CURVE('',#2712,#2996,#3010,.T.);
#2422=EDGE_CURVE('',#2708,#3001,#3011,.T.);
#2423=EDGE_CURVE('',#2707,#2999,#3012,.T.);
#2424=EDGE_CURVE('',#2710,#2997,#3013,.T.);
#2425=EDGE_CURVE('',#2988,#3014,#3015,.T.);
#2426=EDGE_CURVE('',#3016,#2993,#3017,.T.);
#2427=EDGE_CURVE('',#3016,#3014,#3018,.T.);
#2428=EDGE_CURVE('',#3019,#3020,#3021,.T.);
#2429=EDGE_CURVE('',#2854,#3019,#3022,.T.);
#2430=EDGE_CURVE('',#3023,#2859,#3024,.T.);
#2431=EDGE_CURVE('',#3025,#3023,#3026,.T.);
#2432=EDGE_CURVE('',#3025,#3020,#3027,.T.);
#2433=EDGE_CURVE('',#3028,#3016,#3029,.T.);
#2434=EDGE_CURVE('',#3028,#3030,#3031,.T.);
#2435=EDGE_CURVE('',#3030,#3014,#3032,.T.);
#2436=EDGE_CURVE('',#3033,#3030,#3034,.T.);
#2437=EDGE_CURVE('',#3033,#3035,#3036,.T.);
#2438=EDGE_CURVE('',#3035,#3014,#3037,.T.);
#2439=EDGE_CURVE('',#2989,#3035,#3038,.T.);
#2440=EDGE_CURVE('',#3039,#2991,#3040,.T.);
#2441=EDGE_CURVE('',#3035,#3039,#3041,.T.);
#2442=EDGE_CURVE('',#3042,#3043,#3044,.T.);
#2443=EDGE_CURVE('',#3043,#2857,#3045,.T.);
#2444=EDGE_CURVE('',#2855,#3046,#3047,.T.);
#2445=EDGE_CURVE('',#3046,#3048,#3049,.T.);
#2446=EDGE_CURVE('',#3048,#3042,#3050,.T.);
#2447=EDGE_CURVE('',#3051,#3039,#3052,.T.);
#2448=EDGE_CURVE('',#3033,#3051,#3053,.T.);
#2449=EDGE_CURVE('',#3051,#3028,#3054,.T.);
#2450=EDGE_CURVE('',#3039,#3016,#3055,.T.);
#2451=EDGE_CURVE('',#3042,#3056,#3057,.T.);
#2452=EDGE_CURVE('',#3058,#3048,#3059,.T.);
#2453=EDGE_CURVE('',#3058,#3056,#3060,.T.);
#2454=EDGE_CURVE('',#3058,#3061,#3062,.T.);
#2455=EDGE_CURVE('',#3063,#3061,#3064,.T.);
#2456=EDGE_CURVE('',#3056,#3063,#3065,.T.);
#2457=EDGE_CURVE('',#3063,#3025,#3066,.T.);
#2458=EDGE_CURVE('',#3042,#3025,#3067,.T.);
#2459=EDGE_CURVE('',#3023,#3043,#3068,.T.);
#2460=EDGE_CURVE('',#3061,#3020,#3069,.T.);
#2461=EDGE_CURVE('',#3048,#3020,#3070,.T.);
#2462=EDGE_CURVE('',#3019,#3046,#3071,.T.);
#2463=EDGE_CURVE('',#2952,#2944,#3072,.T.);
#2464=EDGE_CURVE('',#2735,#3073,#3074,.T.);
#2465=EDGE_CURVE('',#3075,#2740,#3076,.T.);
#2466=EDGE_CURVE('',#3075,#3073,#3077,.T.);
#2467=EDGE_CURVE('',#3078,#3079,#3080,.T.);
#2468=EDGE_CURVE('',#2846,#3078,#3081,.T.);
#2469=EDGE_CURVE('',#3082,#2851,#3083,.T.);
#2470=EDGE_CURVE('',#3084,#3082,#3085,.T.);
#2471=EDGE_CURVE('',#3084,#3079,#3086,.T.);
#2472=EDGE_CURVE('',#3087,#3075,#3088,.T.);
#2473=EDGE_CURVE('',#3087,#3089,#3090,.T.);
#2474=EDGE_CURVE('',#3089,#3073,#3091,.T.);
#2475=EDGE_CURVE('',#3092,#3089,#3093,.T.);
#2476=EDGE_CURVE('',#3092,#3094,#3095,.T.);
#2477=EDGE_CURVE('',#3094,#3073,#3096,.T.);
#2478=EDGE_CURVE('',#2736,#3094,#3097,.T.);
#2479=EDGE_CURVE('',#3098,#2738,#3099,.T.);
#2480=EDGE_CURVE('',#3094,#3098,#3100,.T.);
#2481=EDGE_CURVE('',#3101,#3102,#3103,.T.);
#2482=EDGE_CURVE('',#3102,#2849,#3104,.T.);
#2483=EDGE_CURVE('',#2847,#3105,#3106,.T.);
#2484=EDGE_CURVE('',#3105,#3107,#3108,.T.);
#2485=EDGE_CURVE('',#3107,#3101,#3109,.T.);
#2486=EDGE_CURVE('',#3110,#3098,#3111,.T.);
#2487=EDGE_CURVE('',#3092,#3110,#3112,.T.);
#2488=EDGE_CURVE('',#3110,#3087,#3113,.T.);
#2489=EDGE_CURVE('',#3098,#3075,#3114,.T.);
#2490=EDGE_CURVE('',#3101,#3115,#3116,.T.);
#2491=EDGE_CURVE('',#3117,#3107,#3118,.T.);
#2492=EDGE_CURVE('',#3117,#3115,#3119,.T.);
#2493=EDGE_CURVE('',#3117,#3120,#3121,.T.);
#2494=EDGE_CURVE('',#3122,#3120,#3123,.T.);
#2495=EDGE_CURVE('',#3115,#3122,#3124,.T.);
#2496=EDGE_CURVE('',#3122,#3084,#3125,.T.);
#2497=EDGE_CURVE('',#3101,#3084,#3126,.T.);
#2498=EDGE_CURVE('',#3082,#3102,#3127,.T.);
#2499=EDGE_CURVE('',#3120,#3079,#3128,.T.);
#2500=EDGE_CURVE('',#3107,#3079,#3129,.T.);
#2501=EDGE_CURVE('',#3078,#3105,#3130,.T.);
#2502=EDGE_CURVE('',#2835,#2666,#3131,.T.);
#2503=EDGE_CURVE('',#2806,#2664,#3132,.T.);
#2504=EDGE_CURVE('',#3133,#3134,#3135,.T.);
#2505=EDGE_CURVE('',#3134,#3136,#3137,.T.);
#2506=EDGE_CURVE('',#3136,#3138,#3139,.T.);
#2507=EDGE_CURVE('',#2660,#3138,#3140,.T.);
#2508=EDGE_CURVE('',#3133,#2661,#3141,.T.);
#2509=EDGE_CURVE('',#2655,#3142,#3143,.T.);
#2510=EDGE_CURVE('',#2807,#3142,#3144,.T.);
#2511=EDGE_CURVE('',#3133,#3145,#3146,.T.);
#2512=EDGE_CURVE('',#3145,#2680,#3147,.T.);
#2513=EDGE_CURVE('',#3148,#2678,#3149,.T.);
#2514=EDGE_CURVE('',#3148,#2819,#3150,.T.);
#2515=EDGE_CURVE('',#2817,#3145,#3151,.T.);
#2516=EDGE_CURVE('',#3152,#2815,#3153,.T.);
#2517=EDGE_CURVE('',#3152,#3145,#3154,.T.);
#2518=EDGE_CURVE('',#3155,#3152,#3156,.T.);
#2519=EDGE_CURVE('',#3157,#3155,#3158,.T.);
#2520=EDGE_CURVE('',#3134,#3157,#3159,.T.);
#2521=EDGE_CURVE('',#3160,#3161,#3162,.T.);
#2522=EDGE_CURVE('',#3163,#3160,#3164,.T.);
#2523=EDGE_CURVE('',#3165,#3163,#3166,.T.);
#2524=EDGE_CURVE('',#3148,#3165,#3167,.T.);
#2525=EDGE_CURVE('',#3148,#3168,#3169,.T.);
#2526=EDGE_CURVE('',#3168,#3161,#3170,.T.);
#2527=EDGE_CURVE('',#3157,#3171,#3172,.T.);
#2528=EDGE_CURVE('',#3136,#3171,#3173,.T.);
#2529=EDGE_CURVE('',#3174,#3175,#3176,.T.);
#2530=EDGE_CURVE('',#3175,#3177,#3178,.T.);
#2531=EDGE_CURVE('',#3177,#3179,#3180,.T.);
#2532=EDGE_CURVE('',#3181,#3179,#3182,.T.);
#2533=EDGE_CURVE('',#3181,#3142,#3183,.T.);
#2534=EDGE_CURVE('',#2652,#3138,#3184,.T.);
#2535=EDGE_CURVE('',#3171,#3185,#3186,.T.);
#2536=EDGE_CURVE('',#3187,#3185,#3188,.T.);
#2537=EDGE_CURVE('',#3189,#3187,#3190,.T.);
#2538=EDGE_CURVE('',#3189,#3191,#3192,.T.);
#2539=EDGE_CURVE('',#3191,#3193,#3194,.T.);
#2540=EDGE_CURVE('',#3193,#3174,#3195,.T.);
#2541=EDGE_CURVE('',#3196,#3197,#3198,.T.);
#2542=EDGE_CURVE('',#3197,#3199,#3200,.T.);
#2543=EDGE_CURVE('',#3199,#3201,#3202,.T.);
#2544=EDGE_CURVE('',#3203,#3201,#3204,.T.);
#2545=EDGE_CURVE('',#3205,#3203,#3206,.T.);
#2546=EDGE_CURVE('',#3205,#3207,#3208,.T.);
#2547=EDGE_CURVE('',#3207,#3209,#3210,.T.);
#2548=EDGE_CURVE('',#3209,#3211,#3212,.T.);
#2549=EDGE_CURVE('',#3211,#3213,#3214,.T.);
#2550=EDGE_CURVE('',#3213,#3215,#3216,.T.);
#2551=EDGE_CURVE('',#3217,#3215,#3218,.T.);
#2552=EDGE_CURVE('',#3217,#3219,#3220,.T.);
#2553=EDGE_CURVE('',#3219,#3196,#3221,.T.);
#2554=EDGE_CURVE('',#3193,#2811,#3222,.T.);
#2555=EDGE_CURVE('',#3174,#2809,#3223,.T.);
#2556=EDGE_CURVE('',#3181,#3224,#3225,.T.);
#2557=EDGE_CURVE('',#3226,#3224,#3227,.T.);
#2558=EDGE_CURVE('',#3175,#3226,#3228,.T.);
#2559=EDGE_CURVE('',#3229,#3226,#3230,.T.);
#2560=EDGE_CURVE('',#3177,#3229,#3231,.T.);
#2561=EDGE_CURVE('',#3232,#3229,#3233,.T.);
#2562=EDGE_CURVE('',#3232,#3179,#3234,.T.);
#2563=EDGE_CURVE('',#3213,#3235,#3236,.T.);
#2564=EDGE_CURVE('',#3237,#3235,#3238,.T.);
#2565=EDGE_CURVE('',#3237,#3215,#3239,.T.);
#2566=EDGE_CURVE('',#3232,#3224,#3240,.T.);
#2567=EDGE_CURVE('',#3241,#3242,#3243,.T.);
#2568=EDGE_CURVE('',#3241,#3244,#3245,.T.);
#2569=EDGE_CURVE('',#3229,#3244,#3246,.T.);
#2570=EDGE_CURVE('',#3232,#3247,#3248,.T.);
#2571=EDGE_CURVE('',#3242,#3247,#3249,.T.);
#2572=EDGE_CURVE('',#3247,#3185,#3250,.T.);
#2573=EDGE_CURVE('',#3242,#3155,#3251,.T.);
#2574=EDGE_CURVE('',#2813,#3191,#3252,.T.);
#2575=EDGE_CURVE('',#3189,#3241,#3253,.T.);
#2576=EDGE_CURVE('',#3187,#3244,#3254,.T.);
#2577=EDGE_CURVE('',#3247,#3244,#3255,.T.);
#2578=EDGE_CURVE('',#3256,#3201,#3257,.T.);
#2579=EDGE_CURVE('',#3256,#3258,#3259,.T.);
#2580=EDGE_CURVE('',#3203,#3258,#3260,.T.);
#2581=EDGE_CURVE('',#3261,#3258,#3262,.T.);
#2582=EDGE_CURVE('',#3261,#3163,#3263,.T.);
#2583=EDGE_CURVE('',#3160,#3205,#3264,.T.);
#2584=EDGE_CURVE('',#3161,#3207,#3265,.T.);
#2585=EDGE_CURVE('',#2829,#3209,#3266,.T.);
#2586=EDGE_CURVE('',#3168,#2676,#3267,.T.);
#2587=EDGE_CURVE('',#2831,#2674,#3268,.T.);
#2588=EDGE_CURVE('',#2833,#2672,#3269,.T.);
#2589=EDGE_CURVE('',#2670,#3270,#3271,.T.);
#2590=EDGE_CURVE('',#3270,#3272,#3273,.T.);
#2591=EDGE_CURVE('',#2668,#3272,#3274,.T.);
#2592=EDGE_CURVE('',#3272,#3275,#3276,.T.);
#2593=EDGE_CURVE('',#3275,#3277,#3278,.T.);
#2594=EDGE_CURVE('',#3277,#2668,#3279,.T.);
#2595=EDGE_CURVE('',#3280,#3277,#3281,.T.);
#2596=EDGE_CURVE('',#3280,#2670,#3282,.T.);
#2597=EDGE_CURVE('',#3283,#3280,#3284,.T.);
#2598=EDGE_CURVE('',#3270,#3283,#3285,.T.);
#2599=EDGE_CURVE('',#3283,#3275,#3286,.T.);
#2600=EDGE_CURVE('',#3217,#3287,#3288,.T.);
#2601=EDGE_CURVE('',#3289,#3287,#3290,.T.);
#2602=EDGE_CURVE('',#3211,#3289,#3291,.T.);
#2603=EDGE_CURVE('',#3219,#2827,#3292,.T.);
#2604=EDGE_CURVE('',#3196,#2825,#3293,.T.);
#2605=EDGE_CURVE('',#2823,#3197,#3294,.T.);
#2606=EDGE_CURVE('',#3261,#3295,#3296,.T.);
#2607=EDGE_CURVE('',#3199,#3295,#3297,.T.);
#2608=EDGE_CURVE('',#3165,#2821,#3298,.T.);
#2609=EDGE_CURVE('',#3295,#3256,#3299,.T.);
#2610=EDGE_CURVE('',#3235,#3258,#3300,.T.);
#2611=EDGE_CURVE('',#3235,#3289,#3301,.T.);
#2612=EDGE_CURVE('',#3237,#3287,#3302,.T.);
#2613=EDGE_CURVE('',#3237,#3256,#3303,.T.);
#2614=CARTESIAN_POINT('',(-6.6,0.0,-9.7));
#2615=DIRECTION('',(0.0,1.0,0.0));
#2616=DIRECTION('',(-1.0,0.0,0.0));
#2617=CARTESIAN_POINT('',(-6.6,0.0,-9.7));
#2618=DIRECTION('',(-0.0,1.0,0.0));
#2619=DIRECTION('',(1.0,0.0,0.0));
#2620=CARTESIAN_POINT('',(6.6,0.0,-9.7));
#2621=DIRECTION('',(0.0,1.0,0.0));
#2622=DIRECTION('',(-1.0,0.0,0.0));
#2623=CARTESIAN_POINT('',(6.6,0.0,-9.7));
#2624=DIRECTION('',(-0.0,1.0,0.0));
#2625=DIRECTION('',(1.0,0.0,0.0));
#2626=CARTESIAN_POINT('',(2.1,0.0,-13.9));
#2627=DIRECTION('',(0.0,1.0,0.0));
#2628=DIRECTION('',(-1.0,0.0,0.0));
#2629=CARTESIAN_POINT('',(2.1,0.0,-13.9));
#2630=DIRECTION('',(-0.0,1.0,0.0));
#2631=DIRECTION('',(1.0,0.0,0.0));
#2632=CARTESIAN_POINT('',(2.1,0.0,-19.4));
#2633=DIRECTION('',(0.0,1.0,0.0));
#2634=DIRECTION('',(-1.0,0.0,0.0));
#2635=CARTESIAN_POINT('',(2.1,0.0,-19.4));
#2636=DIRECTION('',(-0.0,1.0,0.0));
#2637=DIRECTION('',(1.0,0.0,0.0));
#2638=CARTESIAN_POINT('',(-2.1,0.0,-13.9));
#2639=DIRECTION('',(0.0,1.0,0.0));
#2640=DIRECTION('',(-1.0,0.0,0.0));
#2641=CARTESIAN_POINT('',(-2.1,0.0,-13.9));
#2642=DIRECTION('',(-0.0,1.0,0.0));
#2643=DIRECTION('',(1.0,0.0,0.0));
#2644=CARTESIAN_POINT('',(-2.1,0.0,-19.4));
#2645=DIRECTION('',(0.0,1.0,0.0));
#2646=DIRECTION('',(-1.0,0.0,0.0));
#2647=CARTESIAN_POINT('',(-2.1,0.0,-19.4));
#2648=DIRECTION('',(-0.0,1.0,0.0));
#2649=DIRECTION('',(1.0,0.0,0.0));
#2650=DIRECTION('',(0.0,1.0,0.0));
#2651=DIRECTION('',(0.0,1.0,0.0));
#2652=VERTEX_POINT('',#3304);
#2653=VERTEX_POINT('',#3305);
#2654=LINE('',#3306,#3307);
#2655=VERTEX_POINT('',#3308);
#2656=CIRCLE('',#3309,0.4);
#2657=VERTEX_POINT('',#3310);
#2658=LINE('',#3311,#3312);
#2659=CIRCLE('',#3313,0.4);
#2660=VERTEX_POINT('',#3314);
#2661=VERTEX_POINT('',#3315);
#2662=LINE('',#3316,#3317);
#2663=CIRCLE('',#3318,0.4);
#2664=VERTEX_POINT('',#3319);
#2665=LINE('',#3320,#3321);
#2666=VERTEX_POINT('',#3322);
#2667=CIRCLE('',#3323,0.4);
#2668=VERTEX_POINT('',#3324);
#2669=LINE('',#3325,#3326);
#2670=VERTEX_POINT('',#3327);
#2671=LINE('',#3328,#3329);
#2672=VERTEX_POINT('',#3330);
#2673=LINE('',#3331,#3332);
#2674=VERTEX_POINT('',#3333);
#2675=CIRCLE('',#3334,0.4);
#2676=VERTEX_POINT('',#3335);
#2677=LINE('',#3336,#3337);
#2678=VERTEX_POINT('',#3338);
#2679=CIRCLE('',#3339,0.4);
#2680=VERTEX_POINT('',#3340);
#2681=LINE('',#3341,#3342);
#2682=CIRCLE('',#3343,0.4);
#2683=VERTEX_POINT('',#3344);
#2684=VERTEX_POINT('',#3345);
#2685=LINE('',#3346,#3347);
#2686=VERTEX_POINT('',#3348);
#2687=LINE('',#3349,#3350);
#2688=VERTEX_POINT('',#3351);
#2689=LINE('',#3352,#3353);
#2690=VERTEX_POINT('',#3354);
#2691=LINE('',#3355,#3356);
#2692=VERTEX_POINT('',#3357);
#2693=LINE('',#3358,#3359);
#2694=LINE('',#3360,#3361);
#2695=VERTEX_POINT('',#3362);
#2696=VERTEX_POINT('',#3363);
#2697=LINE('',#3364,#3365);
#2698=VERTEX_POINT('',#3366);
#2699=LINE('',#3367,#3368);
#2700=VERTEX_POINT('',#3369);
#2701=LINE('',#3370,#3371);
#2702=VERTEX_POINT('',#3372);
#2703=LINE('',#3373,#3374);
#2704=VERTEX_POINT('',#3375);
#2705=LINE('',#3376,#3377);
#2706=LINE('',#3378,#3379);
#2707=VERTEX_POINT('',#3380);
#2708=VERTEX_POINT('',#3381);
#2709=LINE('',#3382,#3383);
#2710=VERTEX_POINT('',#3384);
#2711=LINE('',#3385,#3386);
#2712=VERTEX_POINT('',#3387);
#2713=LINE('',#3388,#3389);
#2714=LINE('',#3390,#3391);
#2715=VERTEX_POINT('',#3392);
#2716=VERTEX_POINT('',#3393);
#2717=LINE('',#3394,#3395);
#2718=VERTEX_POINT('',#3396);
#2719=LINE('',#3397,#3398);
#2720=VERTEX_POINT('',#3399);
#2721=LINE('',#3400,#3401);
#2722=LINE('',#3402,#3403);
#2723=VERTEX_POINT('',#3404);
#2724=LINE('',#3405,#3406);
#2725=VERTEX_POINT('',#3407);
#2726=LINE('',#3408,#3409);
#2727=LINE('',#3410,#3411);
#2728=VERTEX_POINT('',#3412);
#2729=LINE('',#3413,#3414);
#2730=LINE('',#3415,#3416);
#2731=VERTEX_POINT('',#3417);
#2732=LINE('',#3418,#3419);
#2733=LINE('',#3420,#3421);
#2734=LINE('',#3422,#3423);
#2735=VERTEX_POINT('',#3424);
#2736=VERTEX_POINT('',#3425);
#2737=LINE('',#3426,#3427);
#2738=VERTEX_POINT('',#3428);
#2739=LINE('',#3429,#3430);
#2740=VERTEX_POINT('',#3431);
#2741=LINE('',#3432,#3433);
#2742=LINE('',#3434,#3435);
#2743=VERTEX_POINT('',#3436);
#2744=VERTEX_POINT('',#3437);
#2745=LINE('',#3438,#3439);
#2746=VERTEX_POINT('',#3440);
#2747=LINE('',#3441,#3442);
#2748=VERTEX_POINT('',#3443);
#2749=LINE('',#3444,#3445);
#2750=VERTEX_POINT('',#3446);
#2751=LINE('',#3447,#3448);
#2752=VERTEX_POINT('',#3449);
#2753=LINE('',#3450,#3451);
#2754=LINE('',#3452,#3453);
#2755=VERTEX_POINT('',#3454);
#2756=VERTEX_POINT('',#3455);
#2757=LINE('',#3456,#3457);
#2758=VERTEX_POINT('',#3458);
#2759=LINE('',#3459,#3460);
#2760=VERTEX_POINT('',#3461);
#2761=LINE('',#3462,#3463);
#2762=LINE('',#3464,#3465);
#2763=LINE('',#3466,#3467);
#2764=LINE('',#3468,#3469);
#2765=LINE('',#3470,#3471);
#2766=LINE('',#3472,#3473);
#2767=LINE('',#3474,#3475);
#2768=LINE('',#3476,#3477);
#2769=VERTEX_POINT('',#3478);
#2770=LINE('',#3479,#3480);
#2771=VERTEX_POINT('',#3481);
#2772=LINE('',#3482,#3483);
#2773=LINE('',#3484,#3485);
#2774=VERTEX_POINT('',#3486);
#2775=VERTEX_POINT('',#3487);
#2776=LINE('',#3488,#3489);
#2777=VERTEX_POINT('',#3490);
#2778=CIRCLE('',#3491,2.09);
#2779=VERTEX_POINT('',#3492);
#2780=LINE('',#3493,#3494);
#2781=VERTEX_POINT('',#3495);
#2782=LINE('',#3496,#3497);
#2783=VERTEX_POINT('',#3498);
#2784=LINE('',#3499,#3500);
#2785=VERTEX_POINT('',#3501);
#2786=CIRCLE('',#3502,1.02);
#2787=VERTEX_POINT('',#3503);
#2788=LINE('',#3504,#3505);
#2789=LINE('',#3506,#3507);
#2790=VERTEX_POINT('',#3508);
#2791=LINE('',#3509,#3510);
#2792=VERTEX_POINT('',#3511);
#2793=LINE('',#3512,#3513);
#2794=LINE('',#3514,#3515);
#2795=VERTEX_POINT('',#3516);
#2796=LINE('',#3517,#3518);
#2797=VERTEX_POINT('',#3519);
#2798=LINE('',#3520,#3521);
#2799=LINE('',#3522,#3523);
#2800=VERTEX_POINT('',#3524);
#2801=VERTEX_POINT('',#3525);
#2802=LINE('',#3526,#3527);
#2803=LINE('',#3528,#3529);
#2804=LINE('',#3530,#3531);
#2805=LINE('',#3532,#3533);
#2806=VERTEX_POINT('',#3534);
#2807=VERTEX_POINT('',#3535);
#2808=LINE('',#3536,#3537);
#2809=VERTEX_POINT('',#3538);
#2810=LINE('',#3539,#3540);
#2811=VERTEX_POINT('',#3541);
#2812=CIRCLE('',#3542,0.4);
#2813=VERTEX_POINT('',#3543);
#2814=LINE('',#3544,#3545);
#2815=VERTEX_POINT('',#3546);
#2816=LINE('',#3547,#3548);
#2817=VERTEX_POINT('',#3549);
#2818=LINE('',#3550,#3551);
#2819=VERTEX_POINT('',#3552);
#2820=LINE('',#3553,#3554);
#2821=VERTEX_POINT('',#3555);
#2822=LINE('',#3556,#3557);
#2823=VERTEX_POINT('',#3558);
#2824=LINE('',#3559,#3560);
#2825=VERTEX_POINT('',#3561);
#2826=LINE('',#3562,#3563);
#2827=VERTEX_POINT('',#3564);
#2828=CIRCLE('',#3565,0.4);
#2829=VERTEX_POINT('',#3566);
#2830=LINE('',#3567,#3568);
#2831=VERTEX_POINT('',#3569);
#2832=LINE('',#3570,#3571);
#2833=VERTEX_POINT('',#3572);
#2834=CIRCLE('',#3573,0.4);
#2835=VERTEX_POINT('',#3574);
#2836=LINE('',#3575,#3576);
#2837=CIRCLE('',#3577,0.4);
#2838=VERTEX_POINT('',#3578);
#2839=VERTEX_POINT('',#3579);
#2840=LINE('',#3580,#3581);
#2841=VERTEX_POINT('',#3582);
#2842=LINE('',#3583,#3584);
#2843=VERTEX_POINT('',#3585);
#2844=LINE('',#3586,#3587);
#2845=LINE('',#3588,#3589);
#2846=VERTEX_POINT('',#3590);
#2847=VERTEX_POINT('',#3591);
#2848=LINE('',#3592,#3593);
#2849=VERTEX_POINT('',#3594);
#2850=LINE('',#3595,#3596);
#2851=VERTEX_POINT('',#3597);
#2852=LINE('',#3598,#3599);
#2853=LINE('',#3600,#3601);
#2854=VERTEX_POINT('',#3602);
#2855=VERTEX_POINT('',#3603);
#2856=LINE('',#3604,#3605);
#2857=VERTEX_POINT('',#3606);
#2858=LINE('',#3607,#3608);
#2859=VERTEX_POINT('',#3609);
#2860=LINE('',#3610,#3611);
#2861=LINE('',#3612,#3613);
#2862=VERTEX_POINT('',#3614);
#2863=LINE('',#3615,#3616);
#2864=LINE('',#3617,#3618);
#2865=VERTEX_POINT('',#3619);
#2866=LINE('',#3620,#3621);
#2867=LINE('',#3622,#3623);
#2868=VERTEX_POINT('',#3624);
#2869=VERTEX_POINT('',#3625);
#2870=LINE('',#3626,#3627);
#2871=CIRCLE('',#3628,1.02);
#2872=VERTEX_POINT('',#3629);
#2873=LINE('',#3630,#3631);
#2874=VERTEX_POINT('',#3632);
#2875=CIRCLE('',#3633,2.09);
#2876=VERTEX_POINT('',#3634);
#2877=LINE('',#3635,#3636);
#2878=LINE('',#3637,#3638);
#2879=VERTEX_POINT('',#3639);
#2880=LINE('',#3640,#3641);
#2881=LINE('',#3642,#3643);
#2882=LINE('',#3644,#3645);
#2883=LINE('',#3646,#3647);
#2884=LINE('',#3648,#3649);
#2885=LINE('',#3650,#3651);
#2886=LINE('',#3652,#3653);
#2887=VERTEX_POINT('',#3654);
#2888=LINE('',#3655,#3656);
#2889=VERTEX_POINT('',#3657);
#2890=LINE('',#3658,#3659);
#2891=LINE('',#3660,#3661);
#2892=VERTEX_POINT('',#3662);
#2893=LINE('',#3663,#3664);
#2894=LINE('',#3665,#3666);
#2895=VERTEX_POINT('',#3667);
#2896=LINE('',#3668,#3669);
#2897=LINE('',#3670,#3671);
#2898=LINE('',#3672,#3673);
#2899=LINE('',#3674,#3675);
#2900=LINE('',#3676,#3677);
#2901=VERTEX_POINT('',#3678);
#2902=VERTEX_POINT('',#3679);
#2903=LINE('',#3680,#3681);
#2904=VERTEX_POINT('',#3682);
#2905=LINE('',#3683,#3684);
#2906=VERTEX_POINT('',#3685);
#2907=LINE('',#3686,#3687);
#2908=LINE('',#3688,#3689);
#2909=VERTEX_POINT('',#3690);
#2910=VERTEX_POINT('',#3691);
#2911=LINE('',#3692,#3693);
#2912=VERTEX_POINT('',#3694);
#2913=CIRCLE('',#3695,2.09);
#2914=LINE('',#3696,#3697);
#2915=VERTEX_POINT('',#3698);
#2916=LINE('',#3699,#3700);
#2917=VERTEX_POINT('',#3701);
#2918=CIRCLE('',#3702,1.02);
#2919=VERTEX_POINT('',#3703);
#2920=LINE('',#3704,#3705);
#2921=LINE('',#3706,#3707);
#2922=VERTEX_POINT('',#3708);
#2923=LINE('',#3709,#3710);
#2924=VERTEX_POINT('',#3711);
#2925=LINE('',#3712,#3713);
#2926=LINE('',#3714,#3715);
#2927=VERTEX_POINT('',#3716);
#2928=LINE('',#3717,#3718);
#2929=VERTEX_POINT('',#3719);
#2930=LINE('',#3720,#3721);
#2931=LINE('',#3722,#3723);
#2932=VERTEX_POINT('',#3724);
#2933=LINE('',#3725,#3726);
#2934=LINE('',#3727,#3728);
#2935=VERTEX_POINT('',#3729);
#2936=LINE('',#3730,#3731);
#2937=LINE('',#3732,#3733);
#2938=VERTEX_POINT('',#3734);
#2939=CIRCLE('',#3735,1.02);
#2940=LINE('',#3736,#3737);
#2941=VERTEX_POINT('',#3738);
#2942=LINE('',#3739,#3740);
#2943=LINE('',#3741,#3742);
#2944=VERTEX_POINT('',#3743);
#2945=LINE('',#3744,#3745);
#2946=VERTEX_POINT('',#3746);
#2947=LINE('',#3747,#3748);
#2948=LINE('',#3749,#3750);
#2949=VERTEX_POINT('',#3751);
#2950=LINE('',#3752,#3753);
#2951=LINE('',#3754,#3755);
#2952=VERTEX_POINT('',#3756);
#2953=LINE('',#3757,#3758);
#2954=VERTEX_POINT('',#3759);
#2955=LINE('',#3760,#3761);
#2956=LINE('',#3762,#3763);
#2957=VERTEX_POINT('',#3764);
#2958=LINE('',#3765,#3766);
#2959=LINE('',#3767,#3768);
#2960=VERTEX_POINT('',#3769);
#2961=CIRCLE('',#3770,2.09);
#2962=LINE('',#3771,#3772);
#2963=LINE('',#3773,#3774);
#2964=VERTEX_POINT('',#3775);
#2965=LINE('',#3776,#3777);
#2966=VERTEX_POINT('',#3778);
#2967=LINE('',#3779,#3780);
#2968=LINE('',#3781,#3782);
#2969=LINE('',#3783,#3784);
#2970=LINE('',#3785,#3786);
#2971=LINE('',#3787,#3788);
#2972=VERTEX_POINT('',#3789);
#2973=LINE('',#3790,#3791);
#2974=LINE('',#3792,#3793);
#2975=LINE('',#3794,#3795);
#2976=VERTEX_POINT('',#3796);
#2977=VERTEX_POINT('',#3797);
#2978=LINE('',#3798,#3799);
#2979=VERTEX_POINT('',#3800);
#2980=LINE('',#3801,#3802);
#2981=VERTEX_POINT('',#3803);
#2982=LINE('',#3804,#3805);
#2983=VERTEX_POINT('',#3806);
#2984=LINE('',#3807,#3808);
#2985=VERTEX_POINT('',#3809);
#2986=LINE('',#3810,#3811);
#2987=LINE('',#3812,#3813);
#2988=VERTEX_POINT('',#3814);
#2989=VERTEX_POINT('',#3815);
#2990=LINE('',#3816,#3817);
#2991=VERTEX_POINT('',#3818);
#2992=LINE('',#3819,#3820);
#2993=VERTEX_POINT('',#3821);
#2994=LINE('',#3822,#3823);
#2995=LINE('',#3824,#3825);
#2996=VERTEX_POINT('',#3826);
#2997=VERTEX_POINT('',#3827);
#2998=LINE('',#3828,#3829);
#2999=VERTEX_POINT('',#3830);
#3000=LINE('',#3831,#3832);
#3001=VERTEX_POINT('',#3833);
#3002=LINE('',#3834,#3835);
#3003=LINE('',#3836,#3837);
#3004=LINE('',#3838,#3839);
#3005=LINE('',#3840,#3841);
#3006=LINE('',#3842,#3843);
#3007=LINE('',#3844,#3845);
#3008=LINE('',#3846,#3847);
#3009=LINE('',#3848,#3849);
#3010=LINE('',#3850,#3851);
#3011=LINE('',#3852,#3853);
#3012=LINE('',#3854,#3855);
#3013=LINE('',#3856,#3857);
#3014=VERTEX_POINT('',#3858);
#3015=LINE('',#3859,#3860);
#3016=VERTEX_POINT('',#3861);
#3017=LINE('',#3862,#3863);
#3018=LINE('',#3864,#3865);
#3019=VERTEX_POINT('',#3866);
#3020=VERTEX_POINT('',#3867);
#3021=LINE('',#3868,#3869);
#3022=CIRCLE('',#3870,2.09);
#3023=VERTEX_POINT('',#3871);
#3024=CIRCLE('',#3872,1.02);
#3025=VERTEX_POINT('',#3873);
#3026=LINE('',#3874,#3875);
#3027=LINE('',#3876,#3877);
#3028=VERTEX_POINT('',#3878);
#3029=LINE('',#3879,#3880);
#3030=VERTEX_POINT('',#3881);
#3031=LINE('',#3882,#3883);
#3032=LINE('',#3884,#3885);
#3033=VERTEX_POINT('',#3886);
#3034=LINE('',#3887,#3888);
#3035=VERTEX_POINT('',#3889);
#3036=LINE('',#3890,#3891);
#3037=LINE('',#3892,#3893);
#3038=LINE('',#3894,#3895);
#3039=VERTEX_POINT('',#3896);
#3040=LINE('',#3897,#3898);
#3041=LINE('',#3899,#3900);
#3042=VERTEX_POINT('',#3901);
#3043=VERTEX_POINT('',#3902);
#3044=LINE('',#3903,#3904);
#3045=CIRCLE('',#3905,1.02);
#3046=VERTEX_POINT('',#3906);
#3047=CIRCLE('',#3907,2.09);
#3048=VERTEX_POINT('',#3908);
#3049=LINE('',#3909,#3910);
#3050=LINE('',#3911,#3912);
#3051=VERTEX_POINT('',#3913);
#3052=LINE('',#3914,#3915);
#3053=LINE('',#3916,#3917);
#3054=LINE('',#3918,#3919);
#3055=LINE('',#3920,#3921);
#3056=VERTEX_POINT('',#3922);
#3057=LINE('',#3923,#3924);
#3058=VERTEX_POINT('',#3925);
#3059=LINE('',#3926,#3927);
#3060=LINE('',#3928,#3929);
#3061=VERTEX_POINT('',#3930);
#3062=LINE('',#3931,#3932);
#3063=VERTEX_POINT('',#3933);
#3064=LINE('',#3934,#3935);
#3065=LINE('',#3936,#3937);
#3066=LINE('',#3938,#3939);
#3067=LINE('',#3940,#3941);
#3068=LINE('',#3942,#3943);
#3069=LINE('',#3944,#3945);
#3070=LINE('',#3946,#3947);
#3071=LINE('',#3948,#3949);
#3072=LINE('',#3950,#3951);
#3073=VERTEX_POINT('',#3952);
#3074=LINE('',#3953,#3954);
#3075=VERTEX_POINT('',#3955);
#3076=LINE('',#3956,#3957);
#3077=LINE('',#3958,#3959);
#3078=VERTEX_POINT('',#3960);
#3079=VERTEX_POINT('',#3961);
#3080=LINE('',#3962,#3963);
#3081=CIRCLE('',#3964,2.09);
#3082=VERTEX_POINT('',#3965);
#3083=CIRCLE('',#3966,1.02);
#3084=VERTEX_POINT('',#3967);
#3085=LINE('',#3968,#3969);
#3086=LINE('',#3970,#3971);
#3087=VERTEX_POINT('',#3972);
#3088=LINE('',#3973,#3974);
#3089=VERTEX_POINT('',#3975);
#3090=LINE('',#3976,#3977);
#3091=LINE('',#3978,#3979);
#3092=VERTEX_POINT('',#3980);
#3093=LINE('',#3981,#3982);
#3094=VERTEX_POINT('',#3983);
#3095=LINE('',#3984,#3985);
#3096=LINE('',#3986,#3987);
#3097=LINE('',#3988,#3989);
#3098=VERTEX_POINT('',#3990);
#3099=LINE('',#3991,#3992);
#3100=LINE('',#3993,#3994);
#3101=VERTEX_POINT('',#3995);
#3102=VERTEX_POINT('',#3996);
#3103=LINE('',#3997,#3998);
#3104=CIRCLE('',#3999,1.02);
#3105=VERTEX_POINT('',#4000);
#3106=CIRCLE('',#4001,2.09);
#3107=VERTEX_POINT('',#4002);
#3108=LINE('',#4003,#4004);
#3109=LINE('',#4005,#4006);
#3110=VERTEX_POINT('',#4007);
#3111=LINE('',#4008,#4009);
#3112=LINE('',#4010,#4011);
#3113=LINE('',#4012,#4013);
#3114=LINE('',#4014,#4015);
#3115=VERTEX_POINT('',#4016);
#3116=LINE('',#4017,#4018);
#3117=VERTEX_POINT('',#4019);
#3118=LINE('',#4020,#4021);
#3119=LINE('',#4022,#4023);
#3120=VERTEX_POINT('',#4024);
#3121=LINE('',#4025,#4026);
#3122=VERTEX_POINT('',#4027);
#3123=LINE('',#4028,#4029);
#3124=LINE('',#4030,#4031);
#3125=LINE('',#4032,#4033);
#3126=LINE('',#4034,#4035);
#3127=LINE('',#4036,#4037);
#3128=LINE('',#4038,#4039);
#3129=LINE('',#4040,#4041);
#3130=LINE('',#4042,#4043);
#3131=LINE('',#4044,#4045);
#3132=LINE('',#4046,#4047);
#3133=VERTEX_POINT('',#4048);
#3134=VERTEX_POINT('',#4049);
#3135=LINE('',#4050,#4051);
#3136=VERTEX_POINT('',#4052);
#3137=LINE('',#4053,#4054);
#3138=VERTEX_POINT('',#4055);
#3139=LINE('',#4056,#4057);
#3140=LINE('',#4058,#4059);
#3141=LINE('',#4060,#4061);
#3142=VERTEX_POINT('',#4062);
#3143=LINE('',#4063,#4064);
#3144=LINE('',#4065,#4066);
#3145=VERTEX_POINT('',#4067);
#3146=CIRCLE('',#4068,0.4);
#3147=LINE('',#4069,#4070);
#3148=VERTEX_POINT('',#4071);
#3149=LINE('',#4072,#4073);
#3150=LINE('',#4074,#4075);
#3151=LINE('',#4076,#4077);
#3152=VERTEX_POINT('',#4078);
#3153=LINE('',#4079,#4080);
#3154=LINE('',#4081,#4082);
#3155=VERTEX_POINT('',#4083);
#3156=LINE('',#4084,#4085);
#3157=VERTEX_POINT('',#4086);
#3158=LINE('',#4087,#4088);
#3159=LINE('',#4089,#4090);
#3160=VERTEX_POINT('',#4091);
#3161=VERTEX_POINT('',#4092);
#3162=LINE('',#4093,#4094);
#3163=VERTEX_POINT('',#4095);
#3164=LINE('',#4096,#4097);
#3165=VERTEX_POINT('',#4098);
#3166=LINE('',#4099,#4100);
#3167=LINE('',#4101,#4102);
#3168=VERTEX_POINT('',#4103);
#3169=CIRCLE('',#4104,0.4);
#3170=LINE('',#4105,#4106);
#3171=VERTEX_POINT('',#4107);
#3172=LINE('',#4108,#4109);
#3173=LINE('',#4110,#4111);
#3174=VERTEX_POINT('',#4112);
#3175=VERTEX_POINT('',#4113);
#3176=LINE('',#4114,#4115);
#3177=VERTEX_POINT('',#4116);
#3178=LINE('',#4117,#4118);
#3179=VERTEX_POINT('',#4119);
#3180=LINE('',#4120,#4121);
#3181=VERTEX_POINT('',#4122);
#3182=LINE('',#4123,#4124);
#3183=LINE('',#4125,#4126);
#3184=CIRCLE('',#4127,0.4);
#3185=VERTEX_POINT('',#4128);
#3186=LINE('',#4129,#4130);
#3187=VERTEX_POINT('',#4131);
#3188=LINE('',#4132,#4133);
#3189=VERTEX_POINT('',#4134);
#3190=LINE('',#4135,#4136);
#3191=VERTEX_POINT('',#4137);
#3192=LINE('',#4138,#4139);
#3193=VERTEX_POINT('',#4140);
#3194=LINE('',#4141,#4142);
#3195=CIRCLE('',#4143,0.4);
#3196=VERTEX_POINT('',#4144);
#3197=VERTEX_POINT('',#4145);
#3198=LINE('',#4146,#4147);
#3199=VERTEX_POINT('',#4148);
#3200=LINE('',#4149,#4150);
#3201=VERTEX_POINT('',#4151);
#3202=LINE('',#4152,#4153);
#3203=VERTEX_POINT('',#4154);
#3204=LINE('',#4155,#4156);
#3205=VERTEX_POINT('',#4157);
#3206=LINE('',#4158,#4159);
#3207=VERTEX_POINT('',#4160);
#3208=LINE('',#4161,#4162);
#3209=VERTEX_POINT('',#4163);
#3210=LINE('',#4164,#4165);
#3211=VERTEX_POINT('',#4166);
#3212=LINE('',#4167,#4168);
#3213=VERTEX_POINT('',#4169);
#3214=LINE('',#4170,#4171);
#3215=VERTEX_POINT('',#4172);
#3216=LINE('',#4173,#4174);
#3217=VERTEX_POINT('',#4175);
#3218=LINE('',#4176,#4177);
#3219=VERTEX_POINT('',#4178);
#3220=LINE('',#4179,#4180);
#3221=CIRCLE('',#4181,0.4);
#3222=LINE('',#4182,#4183);
#3223=LINE('',#4184,#4185);
#3224=VERTEX_POINT('',#4186);
#3225=LINE('',#4187,#4188);
#3226=VERTEX_POINT('',#4189);
#3227=CIRCLE('',#4190,1.2);
#3228=LINE('',#4191,#4192);
#3229=VERTEX_POINT('',#4193);
#3230=LINE('',#4194,#4195);
#3231=LINE('',#4196,#4197);
#3232=VERTEX_POINT('',#4198);
#3233=CIRCLE('',#4199,1.2);
#3234=LINE('',#4200,#4201);
#3235=VERTEX_POINT('',#4202);
#3236=LINE('',#4203,#4204);
#3237=VERTEX_POINT('',#4205);
#3238=CIRCLE('',#4206,1.2);
#3239=LINE('',#4207,#4208);
#3240=LINE('',#4209,#4210);
#3241=VERTEX_POINT('',#4211);
#3242=VERTEX_POINT('',#4212);
#3243=CIRCLE('',#4213,1.2);
#3244=VERTEX_POINT('',#4214);
#3245=LINE('',#4215,#4216);
#3246=LINE('',#4217,#4218);
#3247=VERTEX_POINT('',#4219);
#3248=LINE('',#4220,#4221);
#3249=LINE('',#4222,#4223);
#3250=LINE('',#4224,#4225);
#3251=LINE('',#4226,#4227);
#3252=LINE('',#4228,#4229);
#3253=LINE('',#4230,#4231);
#3254=LINE('',#4232,#4233);
#3255=CIRCLE('',#4234,1.2);
#3256=VERTEX_POINT('',#4235);
#3257=LINE('',#4236,#4237);
#3258=VERTEX_POINT('',#4238);
#3259=CIRCLE('',#4239,1.2);
#3260=LINE('',#4240,#4241);
#3261=VERTEX_POINT('',#4242);
#3262=LINE('',#4243,#4244);
#3263=LINE('',#4245,#4246);
#3264=LINE('',#4247,#4248);
#3265=LINE('',#4249,#4250);
#3266=LINE('',#4251,#4252);
#3267=LINE('',#4253,#4254);
#3268=LINE('',#4255,#4256);
#3269=LINE('',#4257,#4258);
#3270=VERTEX_POINT('',#4259);
#3271=LINE('',#4260,#4261);
#3272=VERTEX_POINT('',#4262);
#3273=LINE('',#4263,#4264);
#3274=LINE('',#4265,#4266);
#3275=VERTEX_POINT('',#4267);
#3276=LINE('',#4268,#4269);
#3277=VERTEX_POINT('',#4270);
#3278=LINE('',#4271,#4272);
#3279=LINE('',#4273,#4274);
#3280=VERTEX_POINT('',#4275);
#3281=LINE('',#4276,#4277);
#3282=LINE('',#4278,#4279);
#3283=VERTEX_POINT('',#4280);
#3284=LINE('',#4281,#4282);
#3285=LINE('',#4283,#4284);
#3286=LINE('',#4285,#4286);
#3287=VERTEX_POINT('',#4287);
#3288=LINE('',#4288,#4289);
#3289=VERTEX_POINT('',#4290);
#3290=CIRCLE('',#4291,1.2);
#3291=LINE('',#4292,#4293);
#3292=LINE('',#4294,#4295);
#3293=LINE('',#4296,#4297);
#3294=LINE('',#4298,#4299);
#3295=VERTEX_POINT('',#4300);
#3296=CIRCLE('',#4301,1.2);
#3297=LINE('',#4302,#4303);
#3298=LINE('',#4304,#4305);
#3299=LINE('',#4306,#4307);
#3300=LINE('',#4308,#4309);
#3301=LINE('',#4310,#4311);
#3302=LINE('',#4312,#4313);
#3303=LINE('',#4314,#4315);
#3304=CARTESIAN_POINT('',(5.2,2.75,-6.6));
#3305=CARTESIAN_POINT('',(5.2,2.75,0.0));
#3306=CARTESIAN_POINT('',(5.2,2.75,0.0));
#3307=VECTOR('',#4316,1.0);
#3308=CARTESIAN_POINT('',(4.8,3.15,-6.6));
#3309=AXIS2_PLACEMENT_3D('',#4317,#4318,#4319);
#3310=CARTESIAN_POINT('',(4.8,3.15,0.0));
#3311=CARTESIAN_POINT('',(4.8,3.15,0.0));
#3312=VECTOR('',#4320,6.6);
#3313=AXIS2_PLACEMENT_3D('',#4321,#4322,#4323);
#3314=CARTESIAN_POINT('',(4.8,2.35,0.0));
#3315=CARTESIAN_POINT('',(4.8,0.8,0.0));
#3316=CARTESIAN_POINT('',(4.8,2.35,0.0));
#3317=VECTOR('',#4324,1.55);
#3318=AXIS2_PLACEMENT_3D('',#4325,#4326,#4327);
#3319=CARTESIAN_POINT('',(4.8,9.6,0.0));
#3320=CARTESIAN_POINT('',(4.8,9.6,0.0));
#3321=VECTOR('',#4328,6.45);
#3322=CARTESIAN_POINT('',(4.4,10.0,0.0));
#3323=AXIS2_PLACEMENT_3D('',#4329,#4330,#4331);
#3324=CARTESIAN_POINT('',(1.7,10.0,0.0));
#3325=CARTESIAN_POINT('',(1.7,10.0,0.0));
#3326=VECTOR('',#4332,2.7);
#3327=CARTESIAN_POINT('',(-1.7,10.0,0.0));
#3328=CARTESIAN_POINT('',(-1.7,10.0,0.0));
#3329=VECTOR('',#4333,3.4);
#3330=CARTESIAN_POINT('',(-4.4,10.0,0.0));
#3331=CARTESIAN_POINT('',(-4.4,10.0,0.0));
#3332=VECTOR('',#4334,2.7);
#3333=CARTESIAN_POINT('',(-4.8,9.6,0.0));
#3334=AXIS2_PLACEMENT_3D('',#4335,#4336,#4337);
#3335=CARTESIAN_POINT('',(-4.8,0.8,0.0));
#3336=CARTESIAN_POINT('',(-4.8,0.8,0.0));
#3337=VECTOR('',#4338,8.8);
#3338=CARTESIAN_POINT('',(-4.4,0.4,0.0));
#3339=AXIS2_PLACEMENT_3D('',#4339,#4340,#4341);
#3340=CARTESIAN_POINT('',(4.4,0.4,0.0));
#3341=CARTESIAN_POINT('',(4.4,0.4,0.0));
#3342=VECTOR('',#4342,8.8);
#3343=AXIS2_PLACEMENT_3D('',#4343,#4344,#4345);
#3344=CARTESIAN_POINT('',(3.9,9.1,0.0));
#3345=CARTESIAN_POINT('',(0.3,9.1,0.0));
#3346=CARTESIAN_POINT('',(3.9,9.1,0.0));
#3347=VECTOR('',#4346,3.6);
#3348=CARTESIAN_POINT('',(3.9,6.45,0.0));
#3349=CARTESIAN_POINT('',(3.9,6.45,0.0));
#3350=VECTOR('',#4347,2.65);
#3351=CARTESIAN_POINT('',(2.95,5.5,0.0));
#3352=CARTESIAN_POINT('',(2.95,5.5,0.0));
#3353=VECTOR('',#4348,1.343502884254);
#3354=CARTESIAN_POINT('',(1.25,5.5,0.0));
#3355=CARTESIAN_POINT('',(1.25,5.5,0.0));
#3356=VECTOR('',#4349,1.7);
#3357=CARTESIAN_POINT('',(0.3,6.45,0.0));
#3358=CARTESIAN_POINT('',(0.3,6.45,0.0));
#3359=VECTOR('',#4350,1.343502884254);
#3360=CARTESIAN_POINT('',(0.3,9.1,0.0));
#3361=VECTOR('',#4351,2.65);
#3362=CARTESIAN_POINT('',(-0.3,4.9,0.0));
#3363=CARTESIAN_POINT('',(-3.9,4.9,0.0));
#3364=CARTESIAN_POINT('',(-0.3,4.9,0.0));
#3365=VECTOR('',#4352,3.6);
#3366=CARTESIAN_POINT('',(-0.3,2.25,0.0));
#3367=CARTESIAN_POINT('',(-0.3,2.25,0.0));
#3368=VECTOR('',#4353,2.65);
#3369=CARTESIAN_POINT('',(-1.25,1.3,0.0));
#3370=CARTESIAN_POINT('',(-1.25,1.3,0.0));
#3371=VECTOR('',#4354,1.343502884254);
#3372=CARTESIAN_POINT('',(-2.95,1.3,0.0));
#3373=CARTESIAN_POINT('',(-2.95,1.3,0.0));
#3374=VECTOR('',#4355,1.7);
#3375=CARTESIAN_POINT('',(-3.9,2.25,0.0));
#3376=CARTESIAN_POINT('',(-3.9,2.25,0.0));
#3377=VECTOR('',#4356,1.343502884254);
#3378=CARTESIAN_POINT('',(-3.9,4.9,0.0));
#3379=VECTOR('',#4357,2.65);
#3380=CARTESIAN_POINT('',(-0.3,9.1,0.0));
#3381=CARTESIAN_POINT('',(-3.9,9.1,0.0));
#3382=CARTESIAN_POINT('',(-0.3,9.1,0.0));
#3383=VECTOR('',#4358,3.6);
#3384=CARTESIAN_POINT('',(-0.3,5.5,0.0));
#3385=CARTESIAN_POINT('',(-0.3,5.5,0.0));
#3386=VECTOR('',#4359,3.6);
#3387=CARTESIAN_POINT('',(-3.9,5.5,0.0));
#3388=CARTESIAN_POINT('',(-3.9,5.5,0.0));
#3389=VECTOR('',#4360,3.6);
#3390=CARTESIAN_POINT('',(-3.9,9.1,0.0));
#3391=VECTOR('',#4361,3.6);
#3392=CARTESIAN_POINT('',(3.9,4.9,0.0));
#3393=CARTESIAN_POINT('',(0.3,4.9,0.0));
#3394=CARTESIAN_POINT('',(3.9,4.9,0.0));
#3395=VECTOR('',#4362,3.6);
#3396=CARTESIAN_POINT('',(3.9,1.3,0.0));
#3397=CARTESIAN_POINT('',(3.9,1.3,0.0));
#3398=VECTOR('',#4363,3.6);
#3399=CARTESIAN_POINT('',(0.3,1.3,0.0));
#3400=CARTESIAN_POINT('',(0.3,1.3,0.0));
#3401=VECTOR('',#4364,3.6);
#3402=CARTESIAN_POINT('',(0.3,4.9,0.0));
#3403=VECTOR('',#4365,3.6);
#3404=CARTESIAN_POINT('',(0.3,1.3,-9.1));
#3405=CARTESIAN_POINT('',(0.3,1.3,0.0));
#3406=VECTOR('',#4366,9.1);
#3407=CARTESIAN_POINT('',(0.3,4.9,-9.1));
#3408=CARTESIAN_POINT('',(0.3,4.9,-9.1));
#3409=VECTOR('',#4367,3.6);
#3410=CARTESIAN_POINT('',(0.3,4.9,0.0));
#3411=VECTOR('',#4368,9.1);
#3412=CARTESIAN_POINT('',(3.9,4.9,-9.1));
#3413=CARTESIAN_POINT('',(3.9,4.9,-9.1));
#3414=VECTOR('',#4369,3.6);
#3415=CARTESIAN_POINT('',(3.9,4.9,0.0));
#3416=VECTOR('',#4370,9.1);
#3417=CARTESIAN_POINT('',(3.9,1.3,-9.1));
#3418=CARTESIAN_POINT('',(3.9,1.3,-9.1));
#3419=VECTOR('',#4371,3.6);
#3420=CARTESIAN_POINT('',(3.9,1.3,0.0));
#3421=VECTOR('',#4372,9.1);
#3422=CARTESIAN_POINT('',(0.3,1.3,-9.1));
#3423=VECTOR('',#4373,3.6);
#3424=CARTESIAN_POINT('',(2.6,2.765,-9.1));
#3425=CARTESIAN_POINT('',(1.6,2.765,-9.1));
#3426=CARTESIAN_POINT('',(2.6,2.765,-9.1));
#3427=VECTOR('',#4374,1.0);
#3428=CARTESIAN_POINT('',(1.6,3.835,-9.1));
#3429=CARTESIAN_POINT('',(1.6,2.765,-9.1));
#3430=VECTOR('',#4375,1.07);
#3431=CARTESIAN_POINT('',(2.6,3.835,-9.1));
#3432=CARTESIAN_POINT('',(2.6,3.835,-9.1));
#3433=VECTOR('',#4376,1.0);
#3434=CARTESIAN_POINT('',(2.6,2.765,-9.1));
#3435=VECTOR('',#4377,1.07);
#3436=CARTESIAN_POINT('',(0.3,6.45,-9.1));
#3437=CARTESIAN_POINT('',(1.25,5.5,-9.1));
#3438=CARTESIAN_POINT('',(0.3,6.45,-9.1));
#3439=VECTOR('',#4378,1.343502884254);
#3440=CARTESIAN_POINT('',(2.95,5.5,-9.1));
#3441=CARTESIAN_POINT('',(1.25,5.5,-9.1));
#3442=VECTOR('',#4379,1.7);
#3443=CARTESIAN_POINT('',(3.9,6.45,-9.1));
#3444=CARTESIAN_POINT('',(2.95,5.5,-9.1));
#3445=VECTOR('',#4380,1.343502884254);
#3446=CARTESIAN_POINT('',(3.9,9.1,-9.1));
#3447=CARTESIAN_POINT('',(3.9,6.45,-9.1));
#3448=VECTOR('',#4381,2.65);
#3449=CARTESIAN_POINT('',(0.3,9.1,-9.1));
#3450=CARTESIAN_POINT('',(3.9,9.1,-9.1));
#3451=VECTOR('',#4382,3.6);
#3452=CARTESIAN_POINT('',(0.3,9.1,-9.1));
#3453=VECTOR('',#4383,2.65);
#3454=CARTESIAN_POINT('',(2.6,6.965,-9.1));
#3455=CARTESIAN_POINT('',(1.6,6.965,-9.1));
#3456=CARTESIAN_POINT('',(2.6,6.965,-9.1));
#3457=VECTOR('',#4384,1.0);
#3458=CARTESIAN_POINT('',(1.6,8.035,-9.1));
#3459=CARTESIAN_POINT('',(1.6,6.965,-9.1));
#3460=VECTOR('',#4385,1.07);
#3461=CARTESIAN_POINT('',(2.6,8.035,-9.1));
#3462=CARTESIAN_POINT('',(2.6,8.035,-9.1));
#3463=VECTOR('',#4386,1.0);
#3464=CARTESIAN_POINT('',(2.6,6.965,-9.1));
#3465=VECTOR('',#4387,1.07);
#3466=CARTESIAN_POINT('',(0.3,6.45,0.0));
#3467=VECTOR('',#4388,9.1);
#3468=CARTESIAN_POINT('',(0.3,9.1,0.0));
#3469=VECTOR('',#4389,9.1);
#3470=CARTESIAN_POINT('',(3.9,9.1,0.0));
#3471=VECTOR('',#4390,9.1);
#3472=CARTESIAN_POINT('',(3.9,6.45,0.0));
#3473=VECTOR('',#4391,9.1);
#3474=CARTESIAN_POINT('',(2.95,5.5,0.0));
#3475=VECTOR('',#4392,9.1);
#3476=CARTESIAN_POINT('',(1.25,5.5,0.0));
#3477=VECTOR('',#4393,9.1);
#3478=CARTESIAN_POINT('',(2.6,6.965,-4.5));
#3479=CARTESIAN_POINT('',(2.6,6.965,-9.1));
#3480=VECTOR('',#4394,4.6);
#3481=CARTESIAN_POINT('',(2.6,8.035,-4.5));
#3482=CARTESIAN_POINT('',(2.6,8.035,-4.5));
#3483=VECTOR('',#4395,4.6);
#3484=CARTESIAN_POINT('',(2.6,8.035,-4.5));
#3485=VECTOR('',#4396,1.07);
#3486=CARTESIAN_POINT('',(2.6,5.945,-19.935));
#3487=CARTESIAN_POINT('',(2.6,-2.8,-19.935));
#3488=CARTESIAN_POINT('',(2.6,5.945,-19.935));
#3489=VECTOR('',#4397,8.745);
#3490=CARTESIAN_POINT('',(2.6,8.035,-17.845));
#3491=AXIS2_PLACEMENT_3D('',#4398,#4399,#4400);
#3492=CARTESIAN_POINT('',(2.6,8.035,-12.8));
#3493=CARTESIAN_POINT('',(2.6,8.035,-12.8));
#3494=VECTOR('',#4401,5.045);
#3495=CARTESIAN_POINT('',(2.6,6.965,-12.8));
#3496=CARTESIAN_POINT('',(2.6,6.965,-12.8));
#3497=VECTOR('',#4402,1.07);
#3498=CARTESIAN_POINT('',(2.6,6.965,-17.845));
#3499=CARTESIAN_POINT('',(2.6,6.965,-17.845));
#3500=VECTOR('',#4403,5.045);
#3501=CARTESIAN_POINT('',(2.6,5.945,-18.865));
#3502=AXIS2_PLACEMENT_3D('',#4404,#4405,#4406);
#3503=CARTESIAN_POINT('',(2.6,-2.8,-18.865));
#3504=CARTESIAN_POINT('',(2.6,-2.8,-18.865));
#3505=VECTOR('',#4407,8.745);
#3506=CARTESIAN_POINT('',(2.6,-2.8,-18.865));
#3507=VECTOR('',#4408,1.07);
#3508=CARTESIAN_POINT('',(2.23,7.665,-3.8));
#3509=CARTESIAN_POINT('',(2.23,7.665,-3.8));
#3510=VECTOR('',#4409,0.8739565206576);
#3511=CARTESIAN_POINT('',(2.23,7.335,-3.8));
#3512=CARTESIAN_POINT('',(2.23,7.665,-3.8));
#3513=VECTOR('',#4410,0.33);
#3514=CARTESIAN_POINT('',(2.23,7.335,-3.8));
#3515=VECTOR('',#4411,0.8739565206576);
#3516=CARTESIAN_POINT('',(1.97,7.335,-3.8));
#3517=CARTESIAN_POINT('',(1.97,7.335,-3.8));
#3518=VECTOR('',#4412,0.26);
#3519=CARTESIAN_POINT('',(1.6,6.965,-4.5));
#3520=CARTESIAN_POINT('',(1.97,7.335,-3.8));
#3521=VECTOR('',#4413,0.8739565206576);
#3522=CARTESIAN_POINT('',(1.6,6.965,-4.5));
#3523=VECTOR('',#4414,1.0);
#3524=CARTESIAN_POINT('',(1.6,6.965,-17.845));
#3525=CARTESIAN_POINT('',(1.6,6.965,-12.8));
#3526=CARTESIAN_POINT('',(1.6,6.965,-17.845));
#3527=VECTOR('',#4415,5.045);
#3528=CARTESIAN_POINT('',(2.6,6.965,-17.845));
#3529=VECTOR('',#4416,1.0);
#3530=CARTESIAN_POINT('',(2.6,6.965,-12.8));
#3531=VECTOR('',#4417,1.0);
#3532=CARTESIAN_POINT('',(1.6,6.965,-9.1));
#3533=VECTOR('',#4418,4.6);
#3534=CARTESIAN_POINT('',(4.8,9.6,-12.8));
#3535=CARTESIAN_POINT('',(4.8,4.9,-12.8));
#3536=CARTESIAN_POINT('',(4.8,9.6,-12.8));
#3537=VECTOR('',#4419,4.7);
#3538=CARTESIAN_POINT('',(9.4,4.9,-12.8));
#3539=CARTESIAN_POINT('',(9.4,4.9,-12.8));
#3540=VECTOR('',#4420,4.6);
#3541=CARTESIAN_POINT('',(9.8,4.5,-12.8));
#3542=AXIS2_PLACEMENT_3D('',#4421,#4422,#4423);
#3543=CARTESIAN_POINT('',(9.8,0.0,-12.8));
#3544=CARTESIAN_POINT('',(9.8,0.0,-12.8));
#3545=VECTOR('',#4424,4.5);
#3546=CARTESIAN_POINT('',(4.4,0.0,-12.8));
#3547=CARTESIAN_POINT('',(4.4,0.0,-12.8));
#3548=VECTOR('',#4425,5.4);
#3549=CARTESIAN_POINT('',(4.4,0.4,-12.8));
#3550=CARTESIAN_POINT('',(4.4,0.4,-12.8));
#3551=VECTOR('',#4426,0.4);
#3552=CARTESIAN_POINT('',(-4.4,0.4,-12.8));
#3553=CARTESIAN_POINT('',(4.4,0.4,-12.8));
#3554=VECTOR('',#4427,8.8);
#3555=CARTESIAN_POINT('',(-4.4,0.0,-12.8));
#3556=CARTESIAN_POINT('',(-4.4,0.0,-12.8));
#3557=VECTOR('',#4428,0.4);
#3558=CARTESIAN_POINT('',(-9.8,0.0,-12.8));
#3559=CARTESIAN_POINT('',(-9.8,0.0,-12.8));
#3560=VECTOR('',#4429,5.4);
#3561=CARTESIAN_POINT('',(-9.8,4.5,-12.8));
#3562=CARTESIAN_POINT('',(-9.8,4.5,-12.8));
#3563=VECTOR('',#4430,4.5);
#3564=CARTESIAN_POINT('',(-9.4,4.9,-12.8));
#3565=AXIS2_PLACEMENT_3D('',#4431,#4432,#4433);
#3566=CARTESIAN_POINT('',(-4.8,4.9,-12.8));
#3567=CARTESIAN_POINT('',(-4.8,4.9,-12.8));
#3568=VECTOR('',#4434,4.6);
#3569=CARTESIAN_POINT('',(-4.8,9.6,-12.8));
#3570=CARTESIAN_POINT('',(-4.8,4.9,-12.8));
#3571=VECTOR('',#4435,4.7);
#3572=CARTESIAN_POINT('',(-4.4,10.0,-12.8));
#3573=AXIS2_PLACEMENT_3D('',#4436,#4437,#4438);
#3574=CARTESIAN_POINT('',(4.4,10.0,-12.8));
#3575=CARTESIAN_POINT('',(-4.4,10.0,-12.8));
#3576=VECTOR('',#4439,8.8);
#3577=AXIS2_PLACEMENT_3D('',#4440,#4441,#4442);
#3578=CARTESIAN_POINT('',(-1.6,8.035,-12.8));
#3579=CARTESIAN_POINT('',(-2.6,8.035,-12.8));
#3580=CARTESIAN_POINT('',(-1.6,8.035,-12.8));
#3581=VECTOR('',#4443,1.0);
#3582=CARTESIAN_POINT('',(-2.6,6.965,-12.8));
#3583=CARTESIAN_POINT('',(-2.6,6.965,-12.8));
#3584=VECTOR('',#4444,1.07);
#3585=CARTESIAN_POINT('',(-1.6,6.965,-12.8));
#3586=CARTESIAN_POINT('',(-1.6,6.965,-12.8));
#3587=VECTOR('',#4445,1.0);
#3588=CARTESIAN_POINT('',(-1.6,6.965,-12.8));
#3589=VECTOR('',#4446,1.07);
#3590=CARTESIAN_POINT('',(2.6,3.784871319471,-12.8));
#3591=CARTESIAN_POINT('',(1.6,3.784871319471,-12.8));
#3592=CARTESIAN_POINT('',(2.6,3.784871319471,-12.8));
#3593=VECTOR('',#4447,1.0);
#3594=CARTESIAN_POINT('',(1.6,2.657893750663,-12.8));
#3595=CARTESIAN_POINT('',(1.6,2.657893750663,-12.8));
#3596=VECTOR('',#4448,1.126977568808);
#3597=CARTESIAN_POINT('',(2.6,2.657893750663,-12.8));
#3598=CARTESIAN_POINT('',(2.6,2.657893750663,-12.8));
#3599=VECTOR('',#4449,1.0);
#3600=CARTESIAN_POINT('',(2.6,2.657893750663,-12.8));
#3601=VECTOR('',#4450,1.126977568808);
#3602=CARTESIAN_POINT('',(-1.6,3.784871319471,-12.8));
#3603=CARTESIAN_POINT('',(-2.6,3.784871319471,-12.8));
#3604=CARTESIAN_POINT('',(-1.6,3.784871319471,-12.8));
#3605=VECTOR('',#4451,1.0);
#3606=CARTESIAN_POINT('',(-2.6,2.657893750663,-12.8));
#3607=CARTESIAN_POINT('',(-2.6,2.657893750663,-12.8));
#3608=VECTOR('',#4452,1.126977568808);
#3609=CARTESIAN_POINT('',(-1.6,2.657893750663,-12.8));
#3610=CARTESIAN_POINT('',(-1.6,2.657893750663,-12.8));
#3611=VECTOR('',#4453,1.0);
#3612=CARTESIAN_POINT('',(-1.6,2.657893750663,-12.8));
#3613=VECTOR('',#4454,1.126977568808);
#3614=CARTESIAN_POINT('',(1.6,8.035,-12.8));
#3615=CARTESIAN_POINT('',(2.6,8.035,-12.8));
#3616=VECTOR('',#4455,1.0);
#3617=CARTESIAN_POINT('',(1.6,6.965,-12.8));
#3618=VECTOR('',#4456,1.07);
#3619=CARTESIAN_POINT('',(1.6,8.035,-4.5));
#3620=CARTESIAN_POINT('',(1.6,8.035,-4.5));
#3621=VECTOR('',#4457,4.6);
#3622=CARTESIAN_POINT('',(1.6,6.965,-4.5));
#3623=VECTOR('',#4458,1.07);
#3624=CARTESIAN_POINT('',(1.6,-2.8,-18.865));
#3625=CARTESIAN_POINT('',(1.6,5.945,-18.865));
#3626=CARTESIAN_POINT('',(1.6,-2.8,-18.865));
#3627=VECTOR('',#4459,8.745);
#3628=AXIS2_PLACEMENT_3D('',#4460,#4461,#4462);
#3629=CARTESIAN_POINT('',(1.6,8.035,-17.845));
#3630=CARTESIAN_POINT('',(1.6,8.035,-12.8));
#3631=VECTOR('',#4463,5.045);
#3632=CARTESIAN_POINT('',(1.6,5.945,-19.935));
#3633=AXIS2_PLACEMENT_3D('',#4464,#4465,#4466);
#3634=CARTESIAN_POINT('',(1.6,-2.8,-19.935));
#3635=CARTESIAN_POINT('',(1.6,5.945,-19.935));
#3636=VECTOR('',#4467,8.745);
#3637=CARTESIAN_POINT('',(1.6,-2.8,-19.935));
#3638=VECTOR('',#4468,1.07);
#3639=CARTESIAN_POINT('',(1.97,7.665,-3.8));
#3640=CARTESIAN_POINT('',(1.97,7.665,-3.8));
#3641=VECTOR('',#4469,0.8739565206576);
#3642=CARTESIAN_POINT('',(1.97,7.335,-3.8));
#3643=VECTOR('',#4470,0.33);
#3644=CARTESIAN_POINT('',(1.97,7.665,-3.8));
#3645=VECTOR('',#4471,0.26);
#3646=CARTESIAN_POINT('',(1.6,8.035,-4.5));
#3647=VECTOR('',#4472,1.0);
#3648=CARTESIAN_POINT('',(2.6,8.035,-17.845));
#3649=VECTOR('',#4473,1.0);
#3650=CARTESIAN_POINT('',(2.6,5.945,-19.935));
#3651=VECTOR('',#4474,1.0);
#3652=CARTESIAN_POINT('',(1.6,-2.8,-19.935));
#3653=VECTOR('',#4475,1.0);
#3654=CARTESIAN_POINT('',(2.23,-3.5,-19.565));
#3655=CARTESIAN_POINT('',(2.23,-3.5,-19.565));
#3656=VECTOR('',#4476,0.8739565206576);
#3657=CARTESIAN_POINT('',(1.97,-3.5,-19.565));
#3658=CARTESIAN_POINT('',(1.97,-3.5,-19.565));
#3659=VECTOR('',#4477,0.26);
#3660=CARTESIAN_POINT('',(1.97,-3.5,-19.565));
#3661=VECTOR('',#4478,0.8739565206576);
#3662=CARTESIAN_POINT('',(1.97,-3.5,-19.235));
#3663=CARTESIAN_POINT('',(1.6,-2.8,-18.865));
#3664=VECTOR('',#4479,0.8739565206576);
#3665=CARTESIAN_POINT('',(1.97,-3.5,-19.565));
#3666=VECTOR('',#4480,0.33);
#3667=CARTESIAN_POINT('',(2.23,-3.5,-19.235));
#3668=CARTESIAN_POINT('',(2.23,-3.5,-19.235));
#3669=VECTOR('',#4481,0.33);
#3670=CARTESIAN_POINT('',(1.97,-3.5,-19.235));
#3671=VECTOR('',#4482,0.26);
#3672=CARTESIAN_POINT('',(2.23,-3.5,-19.235));
#3673=VECTOR('',#4483,0.8739565206576);
#3674=CARTESIAN_POINT('',(1.6,-2.8,-18.865));
#3675=VECTOR('',#4484,1.0);
#3676=CARTESIAN_POINT('',(2.6,5.945,-18.865));
#3677=VECTOR('',#4485,1.0);
#3678=CARTESIAN_POINT('',(-1.6,6.965,-9.1));
#3679=CARTESIAN_POINT('',(-1.6,6.965,-4.5));
#3680=CARTESIAN_POINT('',(-1.6,6.965,-9.1));
#3681=VECTOR('',#4486,4.6);
#3682=CARTESIAN_POINT('',(-1.6,8.035,-9.1));
#3683=CARTESIAN_POINT('',(-1.6,6.965,-9.1));
#3684=VECTOR('',#4487,1.07);
#3685=CARTESIAN_POINT('',(-1.6,8.035,-4.5));
#3686=CARTESIAN_POINT('',(-1.6,8.035,-4.5));
#3687=VECTOR('',#4488,4.6);
#3688=CARTESIAN_POINT('',(-1.6,8.035,-4.5));
#3689=VECTOR('',#4489,1.07);
#3690=CARTESIAN_POINT('',(-1.6,5.945,-19.935));
#3691=CARTESIAN_POINT('',(-1.6,-2.8,-19.935));
#3692=CARTESIAN_POINT('',(-1.6,5.945,-19.935));
#3693=VECTOR('',#4490,8.745);
#3694=CARTESIAN_POINT('',(-1.6,8.035,-17.845));
#3695=AXIS2_PLACEMENT_3D('',#4491,#4492,#4493);
#3696=CARTESIAN_POINT('',(-1.6,8.035,-12.8));
#3697=VECTOR('',#4494,5.045);
#3698=CARTESIAN_POINT('',(-1.6,6.965,-17.845));
#3699=CARTESIAN_POINT('',(-1.6,6.965,-17.845));
#3700=VECTOR('',#4495,5.045);
#3701=CARTESIAN_POINT('',(-1.6,5.945,-18.865));
#3702=AXIS2_PLACEMENT_3D('',#4496,#4497,#4498);
#3703=CARTESIAN_POINT('',(-1.6,-2.8,-18.865));
#3704=CARTESIAN_POINT('',(-1.6,-2.8,-18.865));
#3705=VECTOR('',#4499,8.745);
#3706=CARTESIAN_POINT('',(-1.6,-2.8,-18.865));
#3707=VECTOR('',#4500,1.07);
#3708=CARTESIAN_POINT('',(-1.97,7.665,-3.8));
#3709=CARTESIAN_POINT('',(-1.97,7.665,-3.8));
#3710=VECTOR('',#4501,0.8739565206576);
#3711=CARTESIAN_POINT('',(-1.97,7.335,-3.8));
#3712=CARTESIAN_POINT('',(-1.97,7.665,-3.8));
#3713=VECTOR('',#4502,0.33);
#3714=CARTESIAN_POINT('',(-1.97,7.335,-3.8));
#3715=VECTOR('',#4503,0.8739565206576);
#3716=CARTESIAN_POINT('',(-2.23,7.335,-3.8));
#3717=CARTESIAN_POINT('',(-2.23,7.335,-3.8));
#3718=VECTOR('',#4504,0.26);
#3719=CARTESIAN_POINT('',(-2.6,6.965,-4.5));
#3720=CARTESIAN_POINT('',(-2.23,7.335,-3.8));
#3721=VECTOR('',#4505,0.8739565206576);
#3722=CARTESIAN_POINT('',(-2.6,6.965,-4.5));
#3723=VECTOR('',#4506,1.0);
#3724=CARTESIAN_POINT('',(-2.6,6.965,-17.845));
#3725=CARTESIAN_POINT('',(-2.6,6.965,-17.845));
#3726=VECTOR('',#4507,5.045);
#3727=CARTESIAN_POINT('',(-1.6,6.965,-17.845));
#3728=VECTOR('',#4508,1.0);
#3729=CARTESIAN_POINT('',(-2.6,6.965,-9.1));
#3730=CARTESIAN_POINT('',(-2.6,6.965,-9.1));
#3731=VECTOR('',#4509,4.6);
#3732=CARTESIAN_POINT('',(-1.6,6.965,-9.1));
#3733=VECTOR('',#4510,1.0);
#3734=CARTESIAN_POINT('',(-2.6,5.945,-18.865));
#3735=AXIS2_PLACEMENT_3D('',#4511,#4512,#4513);
#3736=CARTESIAN_POINT('',(-1.6,5.945,-18.865));
#3737=VECTOR('',#4514,1.0);
#3738=CARTESIAN_POINT('',(-2.6,-2.8,-18.865));
#3739=CARTESIAN_POINT('',(-2.6,-2.8,-18.865));
#3740=VECTOR('',#4515,8.745);
#3741=CARTESIAN_POINT('',(-2.6,-2.8,-18.865));
#3742=VECTOR('',#4516,1.0);
#3743=CARTESIAN_POINT('',(-2.23,-3.5,-19.235));
#3744=CARTESIAN_POINT('',(-2.6,-2.8,-18.865));
#3745=VECTOR('',#4517,0.8739565206576);
#3746=CARTESIAN_POINT('',(-1.97,-3.5,-19.235));
#3747=CARTESIAN_POINT('',(-2.23,-3.5,-19.235));
#3748=VECTOR('',#4518,0.26);
#3749=CARTESIAN_POINT('',(-1.97,-3.5,-19.235));
#3750=VECTOR('',#4519,0.8739565206576);
#3751=CARTESIAN_POINT('',(-1.97,-3.5,-19.565));
#3752=CARTESIAN_POINT('',(-1.97,-3.5,-19.235));
#3753=VECTOR('',#4520,0.33);
#3754=CARTESIAN_POINT('',(-1.97,-3.5,-19.565));
#3755=VECTOR('',#4521,0.8739565206576);
#3756=CARTESIAN_POINT('',(-2.23,-3.5,-19.565));
#3757=CARTESIAN_POINT('',(-2.23,-3.5,-19.565));
#3758=VECTOR('',#4522,0.26);
#3759=CARTESIAN_POINT('',(-2.6,-2.8,-19.935));
#3760=CARTESIAN_POINT('',(-2.23,-3.5,-19.565));
#3761=VECTOR('',#4523,0.8739565206576);
#3762=CARTESIAN_POINT('',(-2.6,-2.8,-19.935));
#3763=VECTOR('',#4524,1.0);
#3764=CARTESIAN_POINT('',(-2.6,5.945,-19.935));
#3765=CARTESIAN_POINT('',(-2.6,5.945,-19.935));
#3766=VECTOR('',#4525,8.745);
#3767=CARTESIAN_POINT('',(-1.6,5.945,-19.935));
#3768=VECTOR('',#4526,1.0);
#3769=CARTESIAN_POINT('',(-2.6,8.035,-17.845));
#3770=AXIS2_PLACEMENT_3D('',#4527,#4528,#4529);
#3771=CARTESIAN_POINT('',(-1.6,8.035,-17.845));
#3772=VECTOR('',#4530,1.0);
#3773=CARTESIAN_POINT('',(-2.6,8.035,-12.8));
#3774=VECTOR('',#4531,5.045);
#3775=CARTESIAN_POINT('',(-2.6,8.035,-9.1));
#3776=CARTESIAN_POINT('',(-1.6,8.035,-9.1));
#3777=VECTOR('',#4532,1.0);
#3778=CARTESIAN_POINT('',(-2.6,8.035,-4.5));
#3779=CARTESIAN_POINT('',(-2.6,8.035,-4.5));
#3780=VECTOR('',#4533,4.6);
#3781=CARTESIAN_POINT('',(-2.6,8.035,-4.5));
#3782=VECTOR('',#4534,1.0);
#3783=CARTESIAN_POINT('',(-2.6,6.965,-9.1));
#3784=VECTOR('',#4535,1.07);
#3785=CARTESIAN_POINT('',(-2.6,6.965,-4.5));
#3786=VECTOR('',#4536,1.07);
#3787=CARTESIAN_POINT('',(-2.6,-2.8,-19.935));
#3788=VECTOR('',#4537,1.07);
#3789=CARTESIAN_POINT('',(-2.23,7.665,-3.8));
#3790=CARTESIAN_POINT('',(-2.23,7.665,-3.8));
#3791=VECTOR('',#4538,0.8739565206576);
#3792=CARTESIAN_POINT('',(-2.23,7.335,-3.8));
#3793=VECTOR('',#4539,0.33);
#3794=CARTESIAN_POINT('',(-2.23,7.665,-3.8));
#3795=VECTOR('',#4540,0.26);
#3796=CARTESIAN_POINT('',(-3.9,2.25,-9.1));
#3797=CARTESIAN_POINT('',(-2.95,1.3,-9.1));
#3798=CARTESIAN_POINT('',(-3.9,2.25,-9.1));
#3799=VECTOR('',#4541,1.343502884254);
#3800=CARTESIAN_POINT('',(-1.25,1.3,-9.1));
#3801=CARTESIAN_POINT('',(-2.95,1.3,-9.1));
#3802=VECTOR('',#4542,1.7);
#3803=CARTESIAN_POINT('',(-0.3,2.25,-9.1));
#3804=CARTESIAN_POINT('',(-1.25,1.3,-9.1));
#3805=VECTOR('',#4543,1.343502884254);
#3806=CARTESIAN_POINT('',(-0.3,4.9,-9.1));
#3807=CARTESIAN_POINT('',(-0.3,2.25,-9.1));
#3808=VECTOR('',#4544,2.65);
#3809=CARTESIAN_POINT('',(-3.9,4.9,-9.1));
#3810=CARTESIAN_POINT('',(-0.3,4.9,-9.1));
#3811=VECTOR('',#4545,3.6);
#3812=CARTESIAN_POINT('',(-3.9,4.9,-9.1));
#3813=VECTOR('',#4546,2.65);
#3814=CARTESIAN_POINT('',(-1.6,2.765,-9.1));
#3815=CARTESIAN_POINT('',(-2.6,2.765,-9.1));
#3816=CARTESIAN_POINT('',(-1.6,2.765,-9.1));
#3817=VECTOR('',#4547,1.0);
#3818=CARTESIAN_POINT('',(-2.6,3.835,-9.1));
#3819=CARTESIAN_POINT('',(-2.6,2.765,-9.1));
#3820=VECTOR('',#4548,1.07);
#3821=CARTESIAN_POINT('',(-1.6,3.835,-9.1));
#3822=CARTESIAN_POINT('',(-1.6,3.835,-9.1));
#3823=VECTOR('',#4549,1.0);
#3824=CARTESIAN_POINT('',(-1.6,2.765,-9.1));
#3825=VECTOR('',#4550,1.07);
#3826=CARTESIAN_POINT('',(-3.9,5.5,-9.1));
#3827=CARTESIAN_POINT('',(-0.3,5.5,-9.1));
#3828=CARTESIAN_POINT('',(-3.9,5.5,-9.1));
#3829=VECTOR('',#4551,3.6);
#3830=CARTESIAN_POINT('',(-0.3,9.1,-9.1));
#3831=CARTESIAN_POINT('',(-0.3,5.5,-9.1));
#3832=VECTOR('',#4552,3.6);
#3833=CARTESIAN_POINT('',(-3.9,9.1,-9.1));
#3834=CARTESIAN_POINT('',(-0.3,9.1,-9.1));
#3835=VECTOR('',#4553,3.6);
#3836=CARTESIAN_POINT('',(-3.9,9.1,-9.1));
#3837=VECTOR('',#4554,3.6);
#3838=CARTESIAN_POINT('',(-3.9,2.25,0.0));
#3839=VECTOR('',#4555,9.1);
#3840=CARTESIAN_POINT('',(-3.9,4.9,0.0));
#3841=VECTOR('',#4556,9.1);
#3842=CARTESIAN_POINT('',(-0.3,4.9,0.0));
#3843=VECTOR('',#4557,9.1);
#3844=CARTESIAN_POINT('',(-0.3,2.25,0.0));
#3845=VECTOR('',#4558,9.1);
#3846=CARTESIAN_POINT('',(-1.25,1.3,0.0));
#3847=VECTOR('',#4559,9.1);
#3848=CARTESIAN_POINT('',(-2.95,1.3,0.0));
#3849=VECTOR('',#4560,9.1);
#3850=CARTESIAN_POINT('',(-3.9,5.5,0.0));
#3851=VECTOR('',#4561,9.1);
#3852=CARTESIAN_POINT('',(-3.9,9.1,0.0));
#3853=VECTOR('',#4562,9.1);
#3854=CARTESIAN_POINT('',(-0.3,9.1,0.0));
#3855=VECTOR('',#4563,9.1);
#3856=CARTESIAN_POINT('',(-0.3,5.5,0.0));
#3857=VECTOR('',#4564,9.1);
#3858=CARTESIAN_POINT('',(-1.6,2.765,-4.5));
#3859=CARTESIAN_POINT('',(-1.6,2.765,-9.1));
#3860=VECTOR('',#4565,4.6);
#3861=CARTESIAN_POINT('',(-1.6,3.835,-4.5));
#3862=CARTESIAN_POINT('',(-1.6,3.835,-4.5));
#3863=VECTOR('',#4566,4.6);
#3864=CARTESIAN_POINT('',(-1.6,3.835,-4.5));
#3865=VECTOR('',#4567,1.07);
#3866=CARTESIAN_POINT('',(-1.6,1.745,-14.435));
#3867=CARTESIAN_POINT('',(-1.6,-2.8,-14.435));
#3868=CARTESIAN_POINT('',(-1.6,1.745,-14.435));
#3869=VECTOR('',#4568,4.545);
#3870=AXIS2_PLACEMENT_3D('',#4569,#4570,#4571);
#3871=CARTESIAN_POINT('',(-1.6,1.745,-13.365));
#3872=AXIS2_PLACEMENT_3D('',#4572,#4573,#4574);
#3873=CARTESIAN_POINT('',(-1.6,-2.8,-13.365));
#3874=CARTESIAN_POINT('',(-1.6,-2.8,-13.365));
#3875=VECTOR('',#4575,4.545);
#3876=CARTESIAN_POINT('',(-1.6,-2.8,-13.365));
#3877=VECTOR('',#4576,1.07);
#3878=CARTESIAN_POINT('',(-1.97,3.465,-3.8));
#3879=CARTESIAN_POINT('',(-1.97,3.465,-3.8));
#3880=VECTOR('',#4577,0.8739565206576);
#3881=CARTESIAN_POINT('',(-1.97,3.135,-3.8));
#3882=CARTESIAN_POINT('',(-1.97,3.465,-3.8));
#3883=VECTOR('',#4578,0.33);
#3884=CARTESIAN_POINT('',(-1.97,3.135,-3.8));
#3885=VECTOR('',#4579,0.8739565206576);
#3886=CARTESIAN_POINT('',(-2.23,3.135,-3.8));
#3887=CARTESIAN_POINT('',(-2.23,3.135,-3.8));
#3888=VECTOR('',#4580,0.26);
#3889=CARTESIAN_POINT('',(-2.6,2.765,-4.5));
#3890=CARTESIAN_POINT('',(-2.23,3.135,-3.8));
#3891=VECTOR('',#4581,0.8739565206576);
#3892=CARTESIAN_POINT('',(-2.6,2.765,-4.5));
#3893=VECTOR('',#4582,1.0);
#3894=CARTESIAN_POINT('',(-2.6,2.765,-9.1));
#3895=VECTOR('',#4583,4.6);
#3896=CARTESIAN_POINT('',(-2.6,3.835,-4.5));
#3897=CARTESIAN_POINT('',(-2.6,3.835,-4.5));
#3898=VECTOR('',#4584,4.6);
#3899=CARTESIAN_POINT('',(-2.6,2.765,-4.5));
#3900=VECTOR('',#4585,1.07);
#3901=CARTESIAN_POINT('',(-2.6,-2.8,-13.365));
#3902=CARTESIAN_POINT('',(-2.6,1.745,-13.365));
#3903=CARTESIAN_POINT('',(-2.6,-2.8,-13.365));
#3904=VECTOR('',#4586,4.545);
#3905=AXIS2_PLACEMENT_3D('',#4587,#4588,#4589);
#3906=CARTESIAN_POINT('',(-2.6,1.745,-14.435));
#3907=AXIS2_PLACEMENT_3D('',#4590,#4591,#4592);
#3908=CARTESIAN_POINT('',(-2.6,-2.8,-14.435));
#3909=CARTESIAN_POINT('',(-2.6,1.745,-14.435));
#3910=VECTOR('',#4593,4.545);
#3911=CARTESIAN_POINT('',(-2.6,-2.8,-14.435));
#3912=VECTOR('',#4594,1.07);
#3913=CARTESIAN_POINT('',(-2.23,3.465,-3.8));
#3914=CARTESIAN_POINT('',(-2.23,3.465,-3.8));
#3915=VECTOR('',#4595,0.8739565206576);
#3916=CARTESIAN_POINT('',(-2.23,3.135,-3.8));
#3917=VECTOR('',#4596,0.33);
#3918=CARTESIAN_POINT('',(-2.23,3.465,-3.8));
#3919=VECTOR('',#4597,0.26);
#3920=CARTESIAN_POINT('',(-2.6,3.835,-4.5));
#3921=VECTOR('',#4598,1.0);
#3922=CARTESIAN_POINT('',(-2.23,-3.5,-13.735));
#3923=CARTESIAN_POINT('',(-2.6,-2.8,-13.365));
#3924=VECTOR('',#4599,0.8739565206576);
#3925=CARTESIAN_POINT('',(-2.23,-3.5,-14.065));
#3926=CARTESIAN_POINT('',(-2.23,-3.5,-14.065));
#3927=VECTOR('',#4600,0.8739565206576);
#3928=CARTESIAN_POINT('',(-2.23,-3.5,-14.065));
#3929=VECTOR('',#4601,0.33);
#3930=CARTESIAN_POINT('',(-1.97,-3.5,-14.065));
#3931=CARTESIAN_POINT('',(-2.23,-3.5,-14.065));
#3932=VECTOR('',#4602,0.26);
#3933=CARTESIAN_POINT('',(-1.97,-3.5,-13.735));
#3934=CARTESIAN_POINT('',(-1.97,-3.5,-13.735));
#3935=VECTOR('',#4603,0.33);
#3936=CARTESIAN_POINT('',(-2.23,-3.5,-13.735));
#3937=VECTOR('',#4604,0.26);
#3938=CARTESIAN_POINT('',(-1.97,-3.5,-13.735));
#3939=VECTOR('',#4605,0.8739565206576);
#3940=CARTESIAN_POINT('',(-2.6,-2.8,-13.365));
#3941=VECTOR('',#4606,1.0);
#3942=CARTESIAN_POINT('',(-1.6,1.745,-13.365));
#3943=VECTOR('',#4607,1.0);
#3944=CARTESIAN_POINT('',(-1.97,-3.5,-14.065));
#3945=VECTOR('',#4608,0.8739565206576);
#3946=CARTESIAN_POINT('',(-2.6,-2.8,-14.435));
#3947=VECTOR('',#4609,1.0);
#3948=CARTESIAN_POINT('',(-1.6,1.745,-14.435));
#3949=VECTOR('',#4610,1.0);
#3950=CARTESIAN_POINT('',(-2.23,-3.5,-19.565));
#3951=VECTOR('',#4611,0.33);
#3952=CARTESIAN_POINT('',(2.6,2.765,-4.5));
#3953=CARTESIAN_POINT('',(2.6,2.765,-9.1));
#3954=VECTOR('',#4612,4.6);
#3955=CARTESIAN_POINT('',(2.6,3.835,-4.5));
#3956=CARTESIAN_POINT('',(2.6,3.835,-4.5));
#3957=VECTOR('',#4613,4.6);
#3958=CARTESIAN_POINT('',(2.6,3.835,-4.5));
#3959=VECTOR('',#4614,1.07);
#3960=CARTESIAN_POINT('',(2.6,1.745,-14.435));
#3961=CARTESIAN_POINT('',(2.6,-2.8,-14.435));
#3962=CARTESIAN_POINT('',(2.6,1.745,-14.435));
#3963=VECTOR('',#4615,4.545);
#3964=AXIS2_PLACEMENT_3D('',#4616,#4617,#4618);
#3965=CARTESIAN_POINT('',(2.6,1.745,-13.365));
#3966=AXIS2_PLACEMENT_3D('',#4619,#4620,#4621);
#3967=CARTESIAN_POINT('',(2.6,-2.8,-13.365));
#3968=CARTESIAN_POINT('',(2.6,-2.8,-13.365));
#3969=VECTOR('',#4622,4.545);
#3970=CARTESIAN_POINT('',(2.6,-2.8,-13.365));
#3971=VECTOR('',#4623,1.07);
#3972=CARTESIAN_POINT('',(2.23,3.465,-3.8));
#3973=CARTESIAN_POINT('',(2.23,3.465,-3.8));
#3974=VECTOR('',#4624,0.8739565206576);
#3975=CARTESIAN_POINT('',(2.23,3.135,-3.8));
#3976=CARTESIAN_POINT('',(2.23,3.465,-3.8));
#3977=VECTOR('',#4625,0.33);
#3978=CARTESIAN_POINT('',(2.23,3.135,-3.8));
#3979=VECTOR('',#4626,0.8739565206576);
#3980=CARTESIAN_POINT('',(1.97,3.135,-3.8));
#3981=CARTESIAN_POINT('',(1.97,3.135,-3.8));
#3982=VECTOR('',#4627,0.26);
#3983=CARTESIAN_POINT('',(1.6,2.765,-4.5));
#3984=CARTESIAN_POINT('',(1.97,3.135,-3.8));
#3985=VECTOR('',#4628,0.8739565206576);
#3986=CARTESIAN_POINT('',(1.6,2.765,-4.5));
#3987=VECTOR('',#4629,1.0);
#3988=CARTESIAN_POINT('',(1.6,2.765,-9.1));
#3989=VECTOR('',#4630,4.6);
#3990=CARTESIAN_POINT('',(1.6,3.835,-4.5));
#3991=CARTESIAN_POINT('',(1.6,3.835,-4.5));
#3992=VECTOR('',#4631,4.6);
#3993=CARTESIAN_POINT('',(1.6,2.765,-4.5));
#3994=VECTOR('',#4632,1.07);
#3995=CARTESIAN_POINT('',(1.6,-2.8,-13.365));
#3996=CARTESIAN_POINT('',(1.6,1.745,-13.365));
#3997=CARTESIAN_POINT('',(1.6,-2.8,-13.365));
#3998=VECTOR('',#4633,4.545);
#3999=AXIS2_PLACEMENT_3D('',#4634,#4635,#4636);
#4000=CARTESIAN_POINT('',(1.6,1.745,-14.435));
#4001=AXIS2_PLACEMENT_3D('',#4637,#4638,#4639);
#4002=CARTESIAN_POINT('',(1.6,-2.8,-14.435));
#4003=CARTESIAN_POINT('',(1.6,1.745,-14.435));
#4004=VECTOR('',#4640,4.545);
#4005=CARTESIAN_POINT('',(1.6,-2.8,-14.435));
#4006=VECTOR('',#4641,1.07);
#4007=CARTESIAN_POINT('',(1.97,3.465,-3.8));
#4008=CARTESIAN_POINT('',(1.97,3.465,-3.8));
#4009=VECTOR('',#4642,0.8739565206576);
#4010=CARTESIAN_POINT('',(1.97,3.135,-3.8));
#4011=VECTOR('',#4643,0.33);
#4012=CARTESIAN_POINT('',(1.97,3.465,-3.8));
#4013=VECTOR('',#4644,0.26);
#4014=CARTESIAN_POINT('',(1.6,3.835,-4.5));
#4015=VECTOR('',#4645,1.0);
#4016=CARTESIAN_POINT('',(1.97,-3.5,-13.735));
#4017=CARTESIAN_POINT('',(1.6,-2.8,-13.365));
#4018=VECTOR('',#4646,0.8739565206576);
#4019=CARTESIAN_POINT('',(1.97,-3.5,-14.065));
#4020=CARTESIAN_POINT('',(1.97,-3.5,-14.065));
#4021=VECTOR('',#4647,0.8739565206576);
#4022=CARTESIAN_POINT('',(1.97,-3.5,-14.065));
#4023=VECTOR('',#4648,0.33);
#4024=CARTESIAN_POINT('',(2.23,-3.5,-14.065));
#4025=CARTESIAN_POINT('',(1.97,-3.5,-14.065));
#4026=VECTOR('',#4649,0.26);
#4027=CARTESIAN_POINT('',(2.23,-3.5,-13.735));
#4028=CARTESIAN_POINT('',(2.23,-3.5,-13.735));
#4029=VECTOR('',#4650,0.33);
#4030=CARTESIAN_POINT('',(1.97,-3.5,-13.735));
#4031=VECTOR('',#4651,0.26);
#4032=CARTESIAN_POINT('',(2.23,-3.5,-13.735));
#4033=VECTOR('',#4652,0.8739565206576);
#4034=CARTESIAN_POINT('',(1.6,-2.8,-13.365));
#4035=VECTOR('',#4653,1.0);
#4036=CARTESIAN_POINT('',(2.6,1.745,-13.365));
#4037=VECTOR('',#4654,1.0);
#4038=CARTESIAN_POINT('',(2.23,-3.5,-14.065));
#4039=VECTOR('',#4655,0.8739565206576);
#4040=CARTESIAN_POINT('',(1.6,-2.8,-14.435));
#4041=VECTOR('',#4656,1.0);
#4042=CARTESIAN_POINT('',(2.6,1.745,-14.435));
#4043=VECTOR('',#4657,1.0);
#4044=CARTESIAN_POINT('',(4.4,10.0,-12.8));
#4045=VECTOR('',#4658,12.8);
#4046=CARTESIAN_POINT('',(4.8,9.6,-12.8));
#4047=VECTOR('',#4659,12.8);
#4048=CARTESIAN_POINT('',(4.8,0.8,-2.0));
#4049=CARTESIAN_POINT('',(4.8,1.5,-2.0));
#4050=CARTESIAN_POINT('',(4.8,0.8,-2.0));
#4051=VECTOR('',#4660,0.7);
#4052=CARTESIAN_POINT('',(4.8,1.5,-6.6));
#4053=CARTESIAN_POINT('',(4.8,1.5,-2.0));
#4054=VECTOR('',#4661,4.6);
#4055=CARTESIAN_POINT('',(4.8,2.35,-6.6));
#4056=CARTESIAN_POINT('',(4.8,1.5,-6.6));
#4057=VECTOR('',#4662,0.85);
#4058=CARTESIAN_POINT('',(4.8,2.35,0.0));
#4059=VECTOR('',#4663,6.6);
#4060=CARTESIAN_POINT('',(4.8,0.8,-2.0));
#4061=VECTOR('',#4664,2.0);
#4062=CARTESIAN_POINT('',(4.8,4.9,-6.6));
#4063=CARTESIAN_POINT('',(4.8,3.15,-6.6));
#4064=VECTOR('',#4665,1.75);
#4065=CARTESIAN_POINT('',(4.8,4.9,-12.8));
#4066=VECTOR('',#4666,6.2);
#4067=CARTESIAN_POINT('',(4.4,0.4,-2.0));
#4068=AXIS2_PLACEMENT_3D('',#4667,#4668,#4669);
#4069=CARTESIAN_POINT('',(4.4,0.4,-2.0));
#4070=VECTOR('',#4670,2.0);
#4071=CARTESIAN_POINT('',(-4.4,0.4,-2.0));
#4072=CARTESIAN_POINT('',(-4.4,0.4,-2.0));
#4073=VECTOR('',#4671,2.0);
#4074=CARTESIAN_POINT('',(-4.4,0.4,-2.0));
#4075=VECTOR('',#4672,10.8);
#4076=CARTESIAN_POINT('',(4.4,0.4,-12.8));
#4077=VECTOR('',#4673,10.8);
#4078=CARTESIAN_POINT('',(4.4,0.0,-2.0));
#4079=CARTESIAN_POINT('',(4.4,0.0,-2.0));
#4080=VECTOR('',#4674,10.8);
#4081=CARTESIAN_POINT('',(4.4,0.0,-2.0));
#4082=VECTOR('',#4675,0.4);
#4083=CARTESIAN_POINT('',(5.4,0.0,-2.0));
#4084=CARTESIAN_POINT('',(5.4,0.0,-2.0));
#4085=VECTOR('',#4676,1.0);
#4086=CARTESIAN_POINT('',(5.4,1.5,-2.0));
#4087=CARTESIAN_POINT('',(5.4,1.5,-2.0));
#4088=VECTOR('',#4677,1.5);
#4089=CARTESIAN_POINT('',(4.8,1.5,-2.0));
#4090=VECTOR('',#4678,0.6);
#4091=CARTESIAN_POINT('',(-5.4,1.5,-2.0));
#4092=CARTESIAN_POINT('',(-4.8,1.5,-2.0));
#4093=CARTESIAN_POINT('',(-5.4,1.5,-2.0));
#4094=VECTOR('',#4679,0.6);
#4095=CARTESIAN_POINT('',(-5.4,0.0,-2.0));
#4096=CARTESIAN_POINT('',(-5.4,0.0,-2.0));
#4097=VECTOR('',#4680,1.5);
#4098=CARTESIAN_POINT('',(-4.4,0.0,-2.0));
#4099=CARTESIAN_POINT('',(-4.4,0.0,-2.0));
#4100=VECTOR('',#4681,1.0);
#4101=CARTESIAN_POINT('',(-4.4,0.4,-2.0));
#4102=VECTOR('',#4682,0.4);
#4103=CARTESIAN_POINT('',(-4.8,0.8,-2.0));
#4104=AXIS2_PLACEMENT_3D('',#4683,#4684,#4685);
#4105=CARTESIAN_POINT('',(-4.8,0.8,-2.0));
#4106=VECTOR('',#4686,0.7);
#4107=CARTESIAN_POINT('',(5.4,1.5,-6.6));
#4108=CARTESIAN_POINT('',(5.4,1.5,-2.0));
#4109=VECTOR('',#4687,4.6);
#4110=CARTESIAN_POINT('',(4.8,1.5,-6.6));
#4111=VECTOR('',#4688,0.6);
#4112=CARTESIAN_POINT('',(9.4,4.9,-6.6));
#4113=CARTESIAN_POINT('',(7.8,4.9,-6.6));
#4114=CARTESIAN_POINT('',(9.4,4.9,-6.6));
#4115=VECTOR('',#4689,1.6);
#4116=CARTESIAN_POINT('',(7.8,3.4,-6.6));
#4117=CARTESIAN_POINT('',(7.8,4.9,-6.6));
#4118=VECTOR('',#4690,1.5);
#4119=CARTESIAN_POINT('',(5.4,3.4,-6.6));
#4120=CARTESIAN_POINT('',(7.8,3.4,-6.6));
#4121=VECTOR('',#4691,2.4);
#4122=CARTESIAN_POINT('',(5.4,4.9,-6.6));
#4123=CARTESIAN_POINT('',(5.4,4.9,-6.6));
#4124=VECTOR('',#4692,1.5);
#4125=CARTESIAN_POINT('',(5.4,4.9,-6.6));
#4126=VECTOR('',#4693,0.6);
#4127=AXIS2_PLACEMENT_3D('',#4694,#4695,#4696);
#4128=CARTESIAN_POINT('',(5.4,2.0,-6.6));
#4129=CARTESIAN_POINT('',(5.4,1.5,-6.6));
#4130=VECTOR('',#4697,0.5);
#4131=CARTESIAN_POINT('',(7.8,2.0,-6.6));
#4132=CARTESIAN_POINT('',(7.8,2.0,-6.6));
#4133=VECTOR('',#4698,2.4);
#4134=CARTESIAN_POINT('',(7.8,0.0,-6.6));
#4135=CARTESIAN_POINT('',(7.8,0.0,-6.6));
#4136=VECTOR('',#4699,2.0);
#4137=CARTESIAN_POINT('',(9.8,0.0,-6.6));
#4138=CARTESIAN_POINT('',(7.8,0.0,-6.6));
#4139=VECTOR('',#4700,2.0);
#4140=CARTESIAN_POINT('',(9.8,4.5,-6.6));
#4141=CARTESIAN_POINT('',(9.8,0.0,-6.6));
#4142=VECTOR('',#4701,4.5);
#4143=AXIS2_PLACEMENT_3D('',#4702,#4703,#4704);
#4144=CARTESIAN_POINT('',(-9.8,4.5,-6.6));
#4145=CARTESIAN_POINT('',(-9.8,0.0,-6.6));
#4146=CARTESIAN_POINT('',(-9.8,4.5,-6.6));
#4147=VECTOR('',#4705,4.5);
#4148=CARTESIAN_POINT('',(-7.8,0.0,-6.6));
#4149=CARTESIAN_POINT('',(-9.8,0.0,-6.6));
#4150=VECTOR('',#4706,2.0);
#4151=CARTESIAN_POINT('',(-7.8,2.0,-6.6));
#4152=CARTESIAN_POINT('',(-7.8,0.0,-6.6));
#4153=VECTOR('',#4707,2.0);
#4154=CARTESIAN_POINT('',(-5.4,2.0,-6.6));
#4155=CARTESIAN_POINT('',(-5.4,2.0,-6.6));
#4156=VECTOR('',#4708,2.4);
#4157=CARTESIAN_POINT('',(-5.4,1.5,-6.6));
#4158=CARTESIAN_POINT('',(-5.4,1.5,-6.6));
#4159=VECTOR('',#4709,0.5);
#4160=CARTESIAN_POINT('',(-4.8,1.5,-6.6));
#4161=CARTESIAN_POINT('',(-5.4,1.5,-6.6));
#4162=VECTOR('',#4710,0.6);
#4163=CARTESIAN_POINT('',(-4.8,4.9,-6.6));
#4164=CARTESIAN_POINT('',(-4.8,1.5,-6.6));
#4165=VECTOR('',#4711,3.4);
#4166=CARTESIAN_POINT('',(-5.4,4.9,-6.6));
#4167=CARTESIAN_POINT('',(-4.8,4.9,-6.6));
#4168=VECTOR('',#4712,0.6);
#4169=CARTESIAN_POINT('',(-5.4,3.4,-6.6));
#4170=CARTESIAN_POINT('',(-5.4,4.9,-6.6));
#4171=VECTOR('',#4713,1.5);
#4172=CARTESIAN_POINT('',(-7.8,3.4,-6.6));
#4173=CARTESIAN_POINT('',(-5.4,3.4,-6.6));
#4174=VECTOR('',#4714,2.4);
#4175=CARTESIAN_POINT('',(-7.8,4.9,-6.6));
#4176=CARTESIAN_POINT('',(-7.8,4.9,-6.6));
#4177=VECTOR('',#4715,1.5);
#4178=CARTESIAN_POINT('',(-9.4,4.9,-6.6));
#4179=CARTESIAN_POINT('',(-7.8,4.9,-6.6));
#4180=VECTOR('',#4716,1.6);
#4181=AXIS2_PLACEMENT_3D('',#4717,#4718,#4719);
#4182=CARTESIAN_POINT('',(9.8,4.5,-6.6));
#4183=VECTOR('',#4720,6.2);
#4184=CARTESIAN_POINT('',(9.4,4.9,-6.6));
#4185=VECTOR('',#4721,6.2);
#4186=CARTESIAN_POINT('',(5.4,4.9,-9.7));
#4187=CARTESIAN_POINT('',(5.4,4.9,-6.6));
#4188=VECTOR('',#4722,3.1);
#4189=CARTESIAN_POINT('',(7.8,4.9,-9.7));
#4190=AXIS2_PLACEMENT_3D('',#4723,#4724,#4725);
#4191=CARTESIAN_POINT('',(7.8,4.9,-6.6));
#4192=VECTOR('',#4726,3.1);
#4193=CARTESIAN_POINT('',(7.8,3.4,-9.7));
#4194=CARTESIAN_POINT('',(7.8,3.4,-9.7));
#4195=VECTOR('',#4727,1.5);
#4196=CARTESIAN_POINT('',(7.8,3.4,-6.6));
#4197=VECTOR('',#4728,3.1);
#4198=CARTESIAN_POINT('',(5.4,3.4,-9.7));
#4199=AXIS2_PLACEMENT_3D('',#4729,#4730,#4731);
#4200=CARTESIAN_POINT('',(5.4,3.4,-9.7));
#4201=VECTOR('',#4732,3.1);
#4202=CARTESIAN_POINT('',(-5.4,3.4,-9.7));
#4203=CARTESIAN_POINT('',(-5.4,3.4,-6.6));
#4204=VECTOR('',#4733,3.1);
#4205=CARTESIAN_POINT('',(-7.8,3.4,-9.7));
#4206=AXIS2_PLACEMENT_3D('',#4734,#4735,#4736);
#4207=CARTESIAN_POINT('',(-7.8,3.4,-9.7));
#4208=VECTOR('',#4737,3.1);
#4209=CARTESIAN_POINT('',(5.4,3.4,-9.7));
#4210=VECTOR('',#4738,1.5);
#4211=CARTESIAN_POINT('',(7.8,0.0,-9.7));
#4212=CARTESIAN_POINT('',(5.4,0.0,-9.7));
#4213=AXIS2_PLACEMENT_3D('',#4739,#4740,#4741);
#4214=CARTESIAN_POINT('',(7.8,2.0,-9.7));
#4215=CARTESIAN_POINT('',(7.8,0.0,-9.7));
#4216=VECTOR('',#4742,2.0);
#4217=CARTESIAN_POINT('',(7.8,3.4,-9.7));
#4218=VECTOR('',#4743,1.4);
#4219=CARTESIAN_POINT('',(5.4,2.0,-9.7));
#4220=CARTESIAN_POINT('',(5.4,3.4,-9.7));
#4221=VECTOR('',#4744,1.4);
#4222=CARTESIAN_POINT('',(5.4,0.0,-9.7));
#4223=VECTOR('',#4745,2.0);
#4224=CARTESIAN_POINT('',(5.4,2.0,-9.7));
#4225=VECTOR('',#4746,3.1);
#4226=CARTESIAN_POINT('',(5.4,0.0,-9.7));
#4227=VECTOR('',#4747,7.7);
#4228=CARTESIAN_POINT('',(9.8,0.0,-12.8));
#4229=VECTOR('',#4748,6.2);
#4230=CARTESIAN_POINT('',(7.8,0.0,-6.6));
#4231=VECTOR('',#4749,3.1);
#4232=CARTESIAN_POINT('',(7.8,2.0,-6.6));
#4233=VECTOR('',#4750,3.1);
#4234=AXIS2_PLACEMENT_3D('',#4751,#4752,#4753);
#4235=CARTESIAN_POINT('',(-7.8,2.0,-9.7));
#4236=CARTESIAN_POINT('',(-7.8,2.0,-9.7));
#4237=VECTOR('',#4754,3.1);
#4238=CARTESIAN_POINT('',(-5.4,2.0,-9.7));
#4239=AXIS2_PLACEMENT_3D('',#4755,#4756,#4757);
#4240=CARTESIAN_POINT('',(-5.4,2.0,-6.6));
#4241=VECTOR('',#4758,3.1);
#4242=CARTESIAN_POINT('',(-5.4,0.0,-9.7));
#4243=CARTESIAN_POINT('',(-5.4,0.0,-9.7));
#4244=VECTOR('',#4759,2.0);
#4245=CARTESIAN_POINT('',(-5.4,0.0,-9.7));
#4246=VECTOR('',#4760,7.7);
#4247=CARTESIAN_POINT('',(-5.4,1.5,-2.0));
#4248=VECTOR('',#4761,4.6);
#4249=CARTESIAN_POINT('',(-4.8,1.5,-2.0));
#4250=VECTOR('',#4762,4.6);
#4251=CARTESIAN_POINT('',(-4.8,4.9,-12.8));
#4252=VECTOR('',#4763,6.2);
#4253=CARTESIAN_POINT('',(-4.8,0.8,-2.0));
#4254=VECTOR('',#4764,2.0);
#4255=CARTESIAN_POINT('',(-4.8,9.6,-12.8));
#4256=VECTOR('',#4765,12.8);
#4257=CARTESIAN_POINT('',(-4.4,10.0,-12.8));
#4258=VECTOR('',#4766,12.8);
#4259=CARTESIAN_POINT('',(-1.7,10.0,-3.05));
#4260=CARTESIAN_POINT('',(-1.7,10.0,0.0));
#4261=VECTOR('',#4767,3.05);
#4262=CARTESIAN_POINT('',(1.7,10.0,-3.05));
#4263=CARTESIAN_POINT('',(-1.7,10.0,-3.05));
#4264=VECTOR('',#4768,3.4);
#4265=CARTESIAN_POINT('',(1.7,10.0,0.0));
#4266=VECTOR('',#4769,3.05);
#4267=CARTESIAN_POINT('',(1.7,11.4,-3.172484128936));
#4268=CARTESIAN_POINT('',(1.7,10.0,-3.05));
#4269=VECTOR('',#4770,1.405347772561);
#4270=CARTESIAN_POINT('',(1.7,11.4,-2.35));
#4271=CARTESIAN_POINT('',(1.7,11.4,-3.172484128936));
#4272=VECTOR('',#4771,0.8224841289363);
#4273=CARTESIAN_POINT('',(1.7,11.4,-2.35));
#4274=VECTOR('',#4772,2.735415873318);
#4275=CARTESIAN_POINT('',(-1.7,11.4,-2.35));
#4276=CARTESIAN_POINT('',(-1.7,11.4,-2.35));
#4277=VECTOR('',#4773,3.4);
#4278=CARTESIAN_POINT('',(-1.7,11.4,-2.35));
#4279=VECTOR('',#4774,2.735415873318);
#4280=CARTESIAN_POINT('',(-1.7,11.4,-3.172484128936));
#4281=CARTESIAN_POINT('',(-1.7,11.4,-3.172484128936));
#4282=VECTOR('',#4775,0.8224841289363);
#4283=CARTESIAN_POINT('',(-1.7,10.0,-3.05));
#4284=VECTOR('',#4776,1.405347772561);
#4285=CARTESIAN_POINT('',(-1.7,11.4,-3.172484128936));
#4286=VECTOR('',#4777,3.4);
#4287=CARTESIAN_POINT('',(-7.8,4.9,-9.7));
#4288=CARTESIAN_POINT('',(-7.8,4.9,-6.6));
#4289=VECTOR('',#4778,3.1);
#4290=CARTESIAN_POINT('',(-5.4,4.9,-9.7));
#4291=AXIS2_PLACEMENT_3D('',#4779,#4780,#4781);
#4292=CARTESIAN_POINT('',(-5.4,4.9,-6.6));
#4293=VECTOR('',#4782,3.1);
#4294=CARTESIAN_POINT('',(-9.4,4.9,-6.6));
#4295=VECTOR('',#4783,6.2);
#4296=CARTESIAN_POINT('',(-9.8,4.5,-6.6));
#4297=VECTOR('',#4784,6.2);
#4298=CARTESIAN_POINT('',(-9.8,0.0,-12.8));
#4299=VECTOR('',#4785,6.2);
#4300=CARTESIAN_POINT('',(-7.8,0.0,-9.7));
#4301=AXIS2_PLACEMENT_3D('',#4786,#4787,#4788);
#4302=CARTESIAN_POINT('',(-7.8,0.0,-6.6));
#4303=VECTOR('',#4789,3.1);
#4304=CARTESIAN_POINT('',(-4.4,0.0,-2.0));
#4305=VECTOR('',#4790,10.8);
#4306=CARTESIAN_POINT('',(-7.8,0.0,-9.7));
#4307=VECTOR('',#4791,2.0);
#4308=CARTESIAN_POINT('',(-5.4,3.4,-9.7));
#4309=VECTOR('',#4792,1.4);
#4310=CARTESIAN_POINT('',(-5.4,3.4,-9.7));
#4311=VECTOR('',#4793,1.5);
#4312=CARTESIAN_POINT('',(-7.8,3.4,-9.7));
#4313=VECTOR('',#4794,1.5);
#4314=CARTESIAN_POINT('',(-7.8,3.4,-9.7));
#4315=VECTOR('',#4795,1.4);
#4316=DIRECTION('',(0.0,-0.0,1.0));
#4317=CARTESIAN_POINT('',(4.8,2.75,-6.6));
#4318=DIRECTION('',(0.0,0.0,-1.0));
#4319=DIRECTION('',(0.0,1.0,0.0));
#4320=DIRECTION('',(0.0,0.0,-1.0));
#4321=CARTESIAN_POINT('',(4.8,2.75,0.0));
#4322=DIRECTION('',(0.0,0.0,-1.0));
#4323=DIRECTION('',(0.0,1.0,0.0));
#4324=DIRECTION('',(0.0,-1.0,0.0));
#4325=CARTESIAN_POINT('',(4.8,2.75,0.0));
#4326=DIRECTION('',(0.0,0.0,-1.0));
#4327=DIRECTION('',(0.0,1.0,0.0));
#4328=DIRECTION('',(0.0,-1.0,0.0));
#4329=CARTESIAN_POINT('',(4.4,9.6,0.0));
#4330=DIRECTION('',(0.0,0.0,1.0));
#4331=DIRECTION('',(1.0,0.0,0.0));
#4332=DIRECTION('',(1.0,0.0,0.0));
#4333=DIRECTION('',(1.0,0.0,0.0));
#4334=DIRECTION('',(1.0,0.0,0.0));
#4335=CARTESIAN_POINT('',(-4.4,9.6,0.0));
#4336=DIRECTION('',(0.0,-0.0,1.0));
#4337=DIRECTION('',(0.0,1.0,0.0));
#4338=DIRECTION('',(0.0,1.0,0.0));
#4339=CARTESIAN_POINT('',(-4.4,0.8,0.0));
#4340=DIRECTION('',(0.0,0.0,1.0));
#4341=DIRECTION('',(-1.0,0.0,0.0));
#4342=DIRECTION('',(-1.0,0.0,0.0));
#4343=CARTESIAN_POINT('',(4.4,0.8,0.0));
#4344=DIRECTION('',(0.0,0.0,1.0));
#4345=DIRECTION('',(0.0,-1.0,0.0));
#4346=DIRECTION('',(-1.0,0.0,0.0));
#4347=DIRECTION('',(0.0,1.0,0.0));
#4348=DIRECTION('',(0.707106781186548,0.707106781186548,0.0));
#4349=DIRECTION('',(1.0,0.0,0.0));
#4350=DIRECTION('',(0.707106781186548,-0.707106781186548,0.0));
#4351=DIRECTION('',(0.0,-1.0,0.0));
#4352=DIRECTION('',(-1.0,0.0,0.0));
#4353=DIRECTION('',(0.0,1.0,0.0));
#4354=DIRECTION('',(0.707106781186548,0.707106781186548,0.0));
#4355=DIRECTION('',(1.0,0.0,0.0));
#4356=DIRECTION('',(0.707106781186548,-0.707106781186548,0.0));
#4357=DIRECTION('',(0.0,-1.0,0.0));
#4358=DIRECTION('',(-1.0,0.0,0.0));
#4359=DIRECTION('',(0.0,1.0,0.0));
#4360=DIRECTION('',(1.0,0.0,0.0));
#4361=DIRECTION('',(0.0,-1.0,0.0));
#4362=DIRECTION('',(-1.0,0.0,0.0));
#4363=DIRECTION('',(0.0,1.0,0.0));
#4364=DIRECTION('',(1.0,0.0,0.0));
#4365=DIRECTION('',(0.0,-1.0,0.0));
#4366=DIRECTION('',(0.0,0.0,-1.0));
#4367=DIRECTION('',(0.0,-1.0,0.0));
#4368=DIRECTION('',(0.0,0.0,-1.0));
#4369=DIRECTION('',(-1.0,0.0,0.0));
#4370=DIRECTION('',(0.0,0.0,-1.0));
#4371=DIRECTION('',(0.0,1.0,0.0));
#4372=DIRECTION('',(0.0,0.0,-1.0));
#4373=DIRECTION('',(1.0,0.0,0.0));
#4374=DIRECTION('',(-1.0,0.0,0.0));
#4375=DIRECTION('',(0.0,1.0,0.0));
#4376=DIRECTION('',(-1.0,0.0,0.0));
#4377=DIRECTION('',(0.0,1.0,0.0));
#4378=DIRECTION('',(0.707106781186548,-0.707106781186548,0.0));
#4379=DIRECTION('',(1.0,0.0,0.0));
#4380=DIRECTION('',(0.707106781186548,0.707106781186548,0.0));
#4381=DIRECTION('',(0.0,1.0,0.0));
#4382=DIRECTION('',(-1.0,0.0,0.0));
#4383=DIRECTION('',(0.0,-1.0,0.0));
#4384=DIRECTION('',(-1.0,0.0,0.0));
#4385=DIRECTION('',(0.0,1.0,0.0));
#4386=DIRECTION('',(-1.0,0.0,0.0));
#4387=DIRECTION('',(0.0,1.0,0.0));
#4388=DIRECTION('',(0.0,0.0,-1.0));
#4389=DIRECTION('',(0.0,0.0,-1.0));
#4390=DIRECTION('',(0.0,0.0,-1.0));
#4391=DIRECTION('',(0.0,0.0,-1.0));
#4392=DIRECTION('',(0.0,0.0,-1.0));
#4393=DIRECTION('',(0.0,0.0,-1.0));
#4394=DIRECTION('',(0.0,0.0,1.0));
#4395=DIRECTION('',(0.0,0.0,-1.0));
#4396=DIRECTION('',(0.0,-1.0,0.0));
#4397=DIRECTION('',(0.0,-1.0,0.0));
#4398=CARTESIAN_POINT('',(2.6,5.945,-17.845));
#4399=DIRECTION('',(-1.0,0.0,0.0));
#4400=DIRECTION('',(0.0,1.0,0.0));
#4401=DIRECTION('',(0.0,0.0,-1.0));
#4402=DIRECTION('',(0.0,1.0,0.0));
#4403=DIRECTION('',(0.0,0.0,1.0));
#4404=CARTESIAN_POINT('',(2.6,5.945,-17.845));
#4405=DIRECTION('',(1.0,0.0,0.0));
#4406=DIRECTION('',(0.0,0.0,-1.0));
#4407=DIRECTION('',(0.0,1.0,0.0));
#4408=DIRECTION('',(0.0,0.0,-1.0));
#4409=DIRECTION('',(0.4233620223139,0.4233620223139,-0.800955177350499));
#4410=DIRECTION('',(0.0,-1.0,0.0));
#4411=DIRECTION('',(0.4233620223139,-0.4233620223139,-0.800955177350499));
#4412=DIRECTION('',(1.0,0.0,0.0));
#4413=DIRECTION('',(-0.4233620223139,-0.4233620223139,-0.800955177350499));
#4414=DIRECTION('',(1.0,0.0,0.0));
#4415=DIRECTION('',(0.0,0.0,1.0));
#4416=DIRECTION('',(-1.0,0.0,0.0));
#4417=DIRECTION('',(-1.0,0.0,0.0));
#4418=DIRECTION('',(0.0,0.0,1.0));
#4419=DIRECTION('',(0.0,-1.0,0.0));
#4420=DIRECTION('',(-1.0,0.0,0.0));
#4421=CARTESIAN_POINT('',(9.4,4.5,-12.8));
#4422=DIRECTION('',(0.0,0.0,-1.0));
#4423=DIRECTION('',(0.0,1.0,0.0));
#4424=DIRECTION('',(0.0,1.0,0.0));
#4425=DIRECTION('',(1.0,0.0,0.0));
#4426=DIRECTION('',(0.0,-1.0,0.0));
#4427=DIRECTION('',(-1.0,0.0,0.0));
#4428=DIRECTION('',(0.0,1.0,0.0));
#4429=DIRECTION('',(1.0,0.0,0.0));
#4430=DIRECTION('',(0.0,-1.0,0.0));
#4431=CARTESIAN_POINT('',(-9.4,4.5,-12.8));
#4432=DIRECTION('',(0.0,0.0,-1.0));
#4433=DIRECTION('',(-1.0,0.0,0.0));
#4434=DIRECTION('',(-1.0,0.0,0.0));
#4435=DIRECTION('',(0.0,1.0,0.0));
#4436=CARTESIAN_POINT('',(-4.4,9.6,-12.8));
#4437=DIRECTION('',(0.0,0.0,-1.0));
#4438=DIRECTION('',(-1.0,0.0,0.0));
#4439=DIRECTION('',(1.0,0.0,0.0));
#4440=CARTESIAN_POINT('',(4.4,9.6,-12.8));
#4441=DIRECTION('',(0.0,0.0,-1.0));
#4442=DIRECTION('',(0.0,1.0,0.0));
#4443=DIRECTION('',(-1.0,0.0,0.0));
#4444=DIRECTION('',(0.0,1.0,0.0));
#4445=DIRECTION('',(-1.0,0.0,0.0));
#4446=DIRECTION('',(0.0,1.0,0.0));
#4447=DIRECTION('',(-1.0,0.0,0.0));
#4448=DIRECTION('',(0.0,1.0,0.0));
#4449=DIRECTION('',(-1.0,0.0,0.0));
#4450=DIRECTION('',(0.0,1.0,0.0));
#4451=DIRECTION('',(-1.0,0.0,0.0));
#4452=DIRECTION('',(0.0,1.0,0.0));
#4453=DIRECTION('',(-1.0,0.0,0.0));
#4454=DIRECTION('',(0.0,1.0,0.0));
#4455=DIRECTION('',(-1.0,0.0,0.0));
#4456=DIRECTION('',(0.0,1.0,0.0));
#4457=DIRECTION('',(0.0,0.0,-1.0));
#4458=DIRECTION('',(0.0,1.0,0.0));
#4459=DIRECTION('',(0.0,1.0,0.0));
#4460=CARTESIAN_POINT('',(1.6,5.945,-17.845));
#4461=DIRECTION('',(1.0,0.0,0.0));
#4462=DIRECTION('',(0.0,0.0,-1.0));
#4463=DIRECTION('',(0.0,0.0,-1.0));
#4464=CARTESIAN_POINT('',(1.6,5.945,-17.845));
#4465=DIRECTION('',(-1.0,0.0,0.0));
#4466=DIRECTION('',(0.0,1.0,0.0));
#4467=DIRECTION('',(0.0,-1.0,0.0));
#4468=DIRECTION('',(0.0,0.0,1.0));
#4469=DIRECTION('',(-0.4233620223139,0.4233620223139,-0.800955177350499));
#4470=DIRECTION('',(0.0,1.0,0.0));
#4471=DIRECTION('',(1.0,0.0,0.0));
#4472=DIRECTION('',(1.0,0.0,0.0));
#4473=DIRECTION('',(-1.0,0.0,0.0));
#4474=DIRECTION('',(-1.0,0.0,0.0));
#4475=DIRECTION('',(1.0,0.0,0.0));
#4476=DIRECTION('',(0.4233620223139,0.800955177350499,-0.4233620223139));
#4477=DIRECTION('',(1.0,0.0,0.0));
#4478=DIRECTION('',(-0.4233620223139,0.800955177350499,-0.4233620223139));
#4479=DIRECTION('',(0.4233620223139,-0.800955177350499,-0.4233620223139));
#4480=DIRECTION('',(0.0,0.0,1.0));
#4481=DIRECTION('',(0.0,0.0,-1.0));
#4482=DIRECTION('',(1.0,0.0,0.0));
#4483=DIRECTION('',(0.4233620223139,0.800955177350499,0.4233620223139));
#4484=DIRECTION('',(1.0,0.0,0.0));
#4485=DIRECTION('',(-1.0,0.0,0.0));
#4486=DIRECTION('',(0.0,0.0,1.0));
#4487=DIRECTION('',(0.0,1.0,0.0));
#4488=DIRECTION('',(0.0,0.0,-1.0));
#4489=DIRECTION('',(0.0,-1.0,0.0));
#4490=DIRECTION('',(0.0,-1.0,0.0));
#4491=CARTESIAN_POINT('',(-1.6,5.945,-17.845));
#4492=DIRECTION('',(-1.0,0.0,0.0));
#4493=DIRECTION('',(0.0,1.0,0.0));
#4494=DIRECTION('',(0.0,0.0,-1.0));
#4495=DIRECTION('',(0.0,0.0,1.0));
#4496=CARTESIAN_POINT('',(-1.6,5.945,-17.845));
#4497=DIRECTION('',(1.0,0.0,0.0));
#4498=DIRECTION('',(0.0,0.0,-1.0));
#4499=DIRECTION('',(0.0,1.0,0.0));
#4500=DIRECTION('',(0.0,0.0,-1.0));
#4501=DIRECTION('',(0.4233620223139,0.4233620223139,-0.800955177350499));
#4502=DIRECTION('',(0.0,-1.0,0.0));
#4503=DIRECTION('',(0.4233620223139,-0.4233620223139,-0.800955177350499));
#4504=DIRECTION('',(1.0,0.0,0.0));
#4505=DIRECTION('',(-0.4233620223139,-0.4233620223139,-0.800955177350499));
#4506=DIRECTION('',(1.0,0.0,0.0));
#4507=DIRECTION('',(0.0,0.0,1.0));
#4508=DIRECTION('',(-1.0,0.0,0.0));
#4509=DIRECTION('',(0.0,0.0,1.0));
#4510=DIRECTION('',(-1.0,0.0,0.0));
#4511=CARTESIAN_POINT('',(-2.6,5.945,-17.845));
#4512=DIRECTION('',(1.0,0.0,0.0));
#4513=DIRECTION('',(0.0,0.0,-1.0));
#4514=DIRECTION('',(-1.0,0.0,0.0));
#4515=DIRECTION('',(0.0,1.0,0.0));
#4516=DIRECTION('',(1.0,0.0,0.0));
#4517=DIRECTION('',(0.4233620223139,-0.800955177350499,-0.4233620223139));
#4518=DIRECTION('',(1.0,0.0,0.0));
#4519=DIRECTION('',(0.4233620223139,0.800955177350499,0.4233620223139));
#4520=DIRECTION('',(0.0,0.0,-1.0));
#4521=DIRECTION('',(0.4233620223139,0.800955177350499,-0.4233620223139));
#4522=DIRECTION('',(1.0,0.0,0.0));
#4523=DIRECTION('',(-0.4233620223139,0.800955177350499,-0.4233620223139));
#4524=DIRECTION('',(1.0,0.0,0.0));
#4525=DIRECTION('',(0.0,-1.0,0.0));
#4526=DIRECTION('',(-1.0,0.0,0.0));
#4527=CARTESIAN_POINT('',(-2.6,5.945,-17.845));
#4528=DIRECTION('',(-1.0,0.0,0.0));
#4529=DIRECTION('',(0.0,1.0,0.0));
#4530=DIRECTION('',(-1.0,0.0,0.0));
#4531=DIRECTION('',(0.0,0.0,-1.0));
#4532=DIRECTION('',(-1.0,0.0,0.0));
#4533=DIRECTION('',(0.0,0.0,-1.0));
#4534=DIRECTION('',(1.0,0.0,0.0));
#4535=DIRECTION('',(0.0,1.0,0.0));
#4536=DIRECTION('',(0.0,1.0,0.0));
#4537=DIRECTION('',(0.0,0.0,1.0));
#4538=DIRECTION('',(-0.4233620223139,0.4233620223139,-0.800955177350499));
#4539=DIRECTION('',(0.0,1.0,0.0));
#4540=DIRECTION('',(1.0,0.0,0.0));
#4541=DIRECTION('',(0.707106781186548,-0.707106781186548,0.0));
#4542=DIRECTION('',(1.0,0.0,0.0));
#4543=DIRECTION('',(0.707106781186548,0.707106781186548,0.0));
#4544=DIRECTION('',(0.0,1.0,0.0));
#4545=DIRECTION('',(-1.0,0.0,0.0));
#4546=DIRECTION('',(0.0,-1.0,0.0));
#4547=DIRECTION('',(-1.0,0.0,0.0));
#4548=DIRECTION('',(0.0,1.0,0.0));
#4549=DIRECTION('',(-1.0,0.0,0.0));
#4550=DIRECTION('',(0.0,1.0,0.0));
#4551=DIRECTION('',(1.0,0.0,0.0));
#4552=DIRECTION('',(0.0,1.0,0.0));
#4553=DIRECTION('',(-1.0,0.0,0.0));
#4554=DIRECTION('',(0.0,-1.0,0.0));
#4555=DIRECTION('',(0.0,0.0,-1.0));
#4556=DIRECTION('',(0.0,0.0,-1.0));
#4557=DIRECTION('',(0.0,0.0,-1.0));
#4558=DIRECTION('',(0.0,0.0,-1.0));
#4559=DIRECTION('',(0.0,0.0,-1.0));
#4560=DIRECTION('',(0.0,0.0,-1.0));
#4561=DIRECTION('',(0.0,0.0,-1.0));
#4562=DIRECTION('',(0.0,0.0,-1.0));
#4563=DIRECTION('',(0.0,0.0,-1.0));
#4564=DIRECTION('',(0.0,0.0,-1.0));
#4565=DIRECTION('',(0.0,0.0,1.0));
#4566=DIRECTION('',(0.0,0.0,-1.0));
#4567=DIRECTION('',(0.0,-1.0,0.0));
#4568=DIRECTION('',(0.0,-1.0,0.0));
#4569=CARTESIAN_POINT('',(-1.6,1.745,-12.345));
#4570=DIRECTION('',(-1.0,0.0,0.0));
#4571=DIRECTION('',(0.0,0.976014985392781,-0.217703349282296));
#4572=CARTESIAN_POINT('',(-1.6,1.745,-12.345));
#4573=DIRECTION('',(1.0,0.0,0.0));
#4574=DIRECTION('',(0.0,0.0,-1.0));
#4575=DIRECTION('',(0.0,1.0,0.0));
#4576=DIRECTION('',(0.0,0.0,-1.0));
#4577=DIRECTION('',(0.4233620223139,0.4233620223139,-0.800955177350499));
#4578=DIRECTION('',(0.0,-1.0,0.0));
#4579=DIRECTION('',(0.4233620223139,-0.4233620223139,-0.800955177350499));
#4580=DIRECTION('',(1.0,0.0,0.0));
#4581=DIRECTION('',(-0.4233620223139,-0.4233620223139,-0.800955177350499));
#4582=DIRECTION('',(1.0,0.0,0.0));
#4583=DIRECTION('',(0.0,0.0,1.0));
#4584=DIRECTION('',(0.0,0.0,-1.0));
#4585=DIRECTION('',(0.0,1.0,0.0));
#4586=DIRECTION('',(0.0,1.0,0.0));
#4587=CARTESIAN_POINT('',(-2.6,1.745,-12.345));
#4588=DIRECTION('',(1.0,0.0,0.0));
#4589=DIRECTION('',(0.0,0.0,-1.0));
#4590=CARTESIAN_POINT('',(-2.6,1.745,-12.345));
#4591=DIRECTION('',(-1.0,0.0,0.0));
#4592=DIRECTION('',(0.0,0.976014985392781,-0.217703349282296));
#4593=DIRECTION('',(0.0,-1.0,0.0));
#4594=DIRECTION('',(0.0,0.0,1.0));
#4595=DIRECTION('',(-0.4233620223139,0.4233620223139,-0.800955177350499));
#4596=DIRECTION('',(0.0,1.0,0.0));
#4597=DIRECTION('',(1.0,0.0,0.0));
#4598=DIRECTION('',(1.0,0.0,0.0));
#4599=DIRECTION('',(0.4233620223139,-0.800955177350499,-0.4233620223139));
#4600=DIRECTION('',(-0.4233620223139,0.800955177350499,-0.4233620223139));
#4601=DIRECTION('',(0.0,0.0,1.0));
#4602=DIRECTION('',(1.0,0.0,0.0));
#4603=DIRECTION('',(0.0,0.0,-1.0));
#4604=DIRECTION('',(1.0,0.0,0.0));
#4605=DIRECTION('',(0.4233620223139,0.800955177350499,0.4233620223139));
#4606=DIRECTION('',(1.0,0.0,0.0));
#4607=DIRECTION('',(-1.0,0.0,0.0));
#4608=DIRECTION('',(0.4233620223139,0.800955177350499,-0.4233620223139));
#4609=DIRECTION('',(1.0,0.0,0.0));
#4610=DIRECTION('',(-1.0,0.0,0.0));
#4611=DIRECTION('',(0.0,0.0,1.0));
#4612=DIRECTION('',(0.0,0.0,1.0));
#4613=DIRECTION('',(0.0,0.0,-1.0));
#4614=DIRECTION('',(0.0,-1.0,0.0));
#4615=DIRECTION('',(0.0,-1.0,0.0));
#4616=CARTESIAN_POINT('',(2.6,1.745,-12.345));
#4617=DIRECTION('',(-1.0,0.0,0.0));
#4618=DIRECTION('',(0.0,0.976014985392781,-0.217703349282296));
#4619=CARTESIAN_POINT('',(2.6,1.745,-12.345));
#4620=DIRECTION('',(1.0,0.0,0.0));
#4621=DIRECTION('',(0.0,0.0,-1.0));
#4622=DIRECTION('',(0.0,1.0,0.0));
#4623=DIRECTION('',(0.0,0.0,-1.0));
#4624=DIRECTION('',(0.4233620223139,0.4233620223139,-0.800955177350499));
#4625=DIRECTION('',(0.0,-1.0,0.0));
#4626=DIRECTION('',(0.4233620223139,-0.4233620223139,-0.800955177350499));
#4627=DIRECTION('',(1.0,0.0,0.0));
#4628=DIRECTION('',(-0.4233620223139,-0.4233620223139,-0.800955177350499));
#4629=DIRECTION('',(1.0,0.0,0.0));
#4630=DIRECTION('',(0.0,0.0,1.0));
#4631=DIRECTION('',(0.0,0.0,-1.0));
#4632=DIRECTION('',(0.0,1.0,0.0));
#4633=DIRECTION('',(0.0,1.0,0.0));
#4634=CARTESIAN_POINT('',(1.6,1.745,-12.345));
#4635=DIRECTION('',(1.0,0.0,0.0));
#4636=DIRECTION('',(0.0,0.0,-1.0));
#4637=CARTESIAN_POINT('',(1.6,1.745,-12.345));
#4638=DIRECTION('',(-1.0,0.0,0.0));
#4639=DIRECTION('',(0.0,0.976014985392781,-0.217703349282296));
#4640=DIRECTION('',(0.0,-1.0,0.0));
#4641=DIRECTION('',(0.0,0.0,1.0));
#4642=DIRECTION('',(-0.4233620223139,0.4233620223139,-0.800955177350499));
#4643=DIRECTION('',(0.0,1.0,0.0));
#4644=DIRECTION('',(1.0,0.0,0.0));
#4645=DIRECTION('',(1.0,0.0,0.0));
#4646=DIRECTION('',(0.4233620223139,-0.800955177350499,-0.4233620223139));
#4647=DIRECTION('',(-0.4233620223139,0.800955177350499,-0.4233620223139));
#4648=DIRECTION('',(0.0,0.0,1.0));
#4649=DIRECTION('',(1.0,0.0,0.0));
#4650=DIRECTION('',(0.0,0.0,-1.0));
#4651=DIRECTION('',(1.0,0.0,0.0));
#4652=DIRECTION('',(0.4233620223139,0.800955177350499,0.4233620223139));
#4653=DIRECTION('',(1.0,0.0,0.0));
#4654=DIRECTION('',(-1.0,0.0,0.0));
#4655=DIRECTION('',(0.4233620223139,0.800955177350499,-0.4233620223139));
#4656=DIRECTION('',(1.0,0.0,0.0));
#4657=DIRECTION('',(-1.0,0.0,0.0));
#4658=DIRECTION('',(0.0,0.0,1.0));
#4659=DIRECTION('',(0.0,0.0,1.0));
#4660=DIRECTION('',(0.0,1.0,0.0));
#4661=DIRECTION('',(0.0,0.0,-1.0));
#4662=DIRECTION('',(0.0,1.0,0.0));
#4663=DIRECTION('',(0.0,0.0,-1.0));
#4664=DIRECTION('',(0.0,0.0,1.0));
#4665=DIRECTION('',(0.0,1.0,0.0));
#4666=DIRECTION('',(0.0,0.0,1.0));
#4667=CARTESIAN_POINT('',(4.4,0.8,-2.0));
#4668=DIRECTION('',(0.0,0.0,-1.0));
#4669=DIRECTION('',(1.0,0.0,0.0));
#4670=DIRECTION('',(0.0,0.0,1.0));
#4671=DIRECTION('',(0.0,0.0,1.0));
#4672=DIRECTION('',(0.0,0.0,-1.0));
#4673=DIRECTION('',(0.0,0.0,1.0));
#4674=DIRECTION('',(0.0,0.0,-1.0));
#4675=DIRECTION('',(0.0,1.0,0.0));
#4676=DIRECTION('',(-1.0,0.0,0.0));
#4677=DIRECTION('',(0.0,-1.0,0.0));
#4678=DIRECTION('',(1.0,0.0,0.0));
#4679=DIRECTION('',(1.0,0.0,0.0));
#4680=DIRECTION('',(0.0,1.0,0.0));
#4681=DIRECTION('',(-1.0,0.0,0.0));
#4682=DIRECTION('',(0.0,-1.0,0.0));
#4683=CARTESIAN_POINT('',(-4.4,0.8,-2.0));
#4684=DIRECTION('',(0.0,0.0,-1.0));
#4685=DIRECTION('',(0.0,-1.0,0.0));
#4686=DIRECTION('',(0.0,1.0,0.0));
#4687=DIRECTION('',(0.0,0.0,-1.0));
#4688=DIRECTION('',(1.0,0.0,0.0));
#4689=DIRECTION('',(-1.0,0.0,0.0));
#4690=DIRECTION('',(0.0,-1.0,0.0));
#4691=DIRECTION('',(-1.0,0.0,0.0));
#4692=DIRECTION('',(0.0,-1.0,0.0));
#4693=DIRECTION('',(-1.0,0.0,0.0));
#4694=CARTESIAN_POINT('',(4.8,2.75,-6.6));
#4695=DIRECTION('',(0.0,0.0,-1.0));
#4696=DIRECTION('',(0.0,1.0,0.0));
#4697=DIRECTION('',(0.0,1.0,0.0));
#4698=DIRECTION('',(-1.0,0.0,0.0));
#4699=DIRECTION('',(0.0,1.0,0.0));
#4700=DIRECTION('',(1.0,0.0,0.0));
#4701=DIRECTION('',(0.0,1.0,0.0));
#4702=CARTESIAN_POINT('',(9.4,4.5,-6.6));
#4703=DIRECTION('',(0.0,0.0,1.0));
#4704=DIRECTION('',(1.0,0.0,0.0));
#4705=DIRECTION('',(0.0,-1.0,0.0));
#4706=DIRECTION('',(1.0,0.0,0.0));
#4707=DIRECTION('',(0.0,1.0,0.0));
#4708=DIRECTION('',(-1.0,0.0,0.0));
#4709=DIRECTION('',(0.0,1.0,0.0));
#4710=DIRECTION('',(1.0,0.0,0.0));
#4711=DIRECTION('',(0.0,1.0,0.0));
#4712=DIRECTION('',(-1.0,0.0,0.0));
#4713=DIRECTION('',(0.0,-1.0,0.0));
#4714=DIRECTION('',(-1.0,0.0,0.0));
#4715=DIRECTION('',(0.0,-1.0,0.0));
#4716=DIRECTION('',(-1.0,0.0,0.0));
#4717=CARTESIAN_POINT('',(-9.4,4.5,-6.6));
#4718=DIRECTION('',(0.0,-0.0,1.0));
#4719=DIRECTION('',(0.0,1.0,0.0));
#4720=DIRECTION('',(0.0,0.0,-1.0));
#4721=DIRECTION('',(0.0,0.0,-1.0));
#4722=DIRECTION('',(0.0,0.0,-1.0));
#4723=CARTESIAN_POINT('',(6.6,4.9,-9.7));
#4724=DIRECTION('',(-0.0,1.0,0.0));
#4725=DIRECTION('',(1.0,0.0,0.0));
#4726=DIRECTION('',(0.0,0.0,-1.0));
#4727=DIRECTION('',(0.0,1.0,0.0));
#4728=DIRECTION('',(0.0,0.0,-1.0));
#4729=CARTESIAN_POINT('',(6.6,3.4,-9.7));
#4730=DIRECTION('',(0.0,1.0,0.0));
#4731=DIRECTION('',(-1.0,0.0,0.0));
#4732=DIRECTION('',(0.0,0.0,1.0));
#4733=DIRECTION('',(0.0,0.0,-1.0));
#4734=CARTESIAN_POINT('',(-6.6,3.4,-9.7));
#4735=DIRECTION('',(0.0,1.0,0.0));
#4736=DIRECTION('',(-1.0,0.0,0.0));
#4737=DIRECTION('',(0.0,0.0,1.0));
#4738=DIRECTION('',(0.0,1.0,0.0));
#4739=CARTESIAN_POINT('',(6.6,0.0,-9.7));
#4740=DIRECTION('',(-0.0,1.0,0.0));
#4741=DIRECTION('',(1.0,0.0,0.0));
#4742=DIRECTION('',(0.0,1.0,0.0));
#4743=DIRECTION('',(0.0,-1.0,0.0));
#4744=DIRECTION('',(0.0,-1.0,0.0));
#4745=DIRECTION('',(0.0,1.0,0.0));
#4746=DIRECTION('',(0.0,0.0,1.0));
#4747=DIRECTION('',(0.0,0.0,1.0));
#4748=DIRECTION('',(0.0,0.0,1.0));
#4749=DIRECTION('',(0.0,0.0,-1.0));
#4750=DIRECTION('',(0.0,0.0,-1.0));
#4751=CARTESIAN_POINT('',(6.6,2.0,-9.7));
#4752=DIRECTION('',(0.0,1.0,0.0));
#4753=DIRECTION('',(-1.0,0.0,0.0));
#4754=DIRECTION('',(0.0,0.0,1.0));
#4755=CARTESIAN_POINT('',(-6.6,2.0,-9.7));
#4756=DIRECTION('',(0.0,1.0,0.0));
#4757=DIRECTION('',(-1.0,0.0,0.0));
#4758=DIRECTION('',(0.0,0.0,-1.0));
#4759=DIRECTION('',(0.0,1.0,0.0));
#4760=DIRECTION('',(0.0,0.0,1.0));
#4761=DIRECTION('',(0.0,0.0,-1.0));
#4762=DIRECTION('',(0.0,0.0,-1.0));
#4763=DIRECTION('',(0.0,0.0,1.0));
#4764=DIRECTION('',(0.0,0.0,1.0));
#4765=DIRECTION('',(0.0,0.0,1.0));
#4766=DIRECTION('',(0.0,0.0,1.0));
#4767=DIRECTION('',(0.0,0.0,-1.0));
#4768=DIRECTION('',(1.0,0.0,0.0));
#4769=DIRECTION('',(0.0,0.0,-1.0));
#4770=DIRECTION('',(0.0,0.996194698091745,-0.0871557427476639));
#4771=DIRECTION('',(0.0,0.0,1.0));
#4772=DIRECTION('',(0.0,-0.511805175094575,0.859101543908758));
#4773=DIRECTION('',(1.0,0.0,0.0));
#4774=DIRECTION('',(0.0,-0.511805175094575,0.859101543908758));
#4775=DIRECTION('',(0.0,0.0,1.0));
#4776=DIRECTION('',(0.0,0.996194698091745,-0.0871557427476639));
#4777=DIRECTION('',(1.0,0.0,0.0));
#4778=DIRECTION('',(0.0,0.0,-1.0));
#4779=CARTESIAN_POINT('',(-6.6,4.9,-9.7));
#4780=DIRECTION('',(-0.0,1.0,0.0));
#4781=DIRECTION('',(1.0,0.0,0.0));
#4782=DIRECTION('',(0.0,0.0,-1.0));
#4783=DIRECTION('',(0.0,0.0,-1.0));
#4784=DIRECTION('',(0.0,0.0,-1.0));
#4785=DIRECTION('',(0.0,0.0,1.0));
#4786=CARTESIAN_POINT('',(-6.6,0.0,-9.7));
#4787=DIRECTION('',(-0.0,1.0,0.0));
#4788=DIRECTION('',(1.0,0.0,0.0));
#4789=DIRECTION('',(0.0,0.0,-1.0));
#4790=DIRECTION('',(0.0,0.0,-1.0));
#4791=DIRECTION('',(0.0,1.0,0.0));
#4792=DIRECTION('',(0.0,-1.0,0.0));
#4793=DIRECTION('',(0.0,1.0,0.0));
#4794=DIRECTION('',(0.0,1.0,0.0));
#4795=DIRECTION('',(0.0,-1.0,0.0));
ENDSEC;
END-ISO-10303-21;
