ISO-10303-21;
HEADER;
FILE_DESCRIPTION(('STEP AP242'),'1');
FILE_NAME('0039281223.stp','2024-12-27T12:26:27',('TraceParts'),('TraceParts S.A.'),'Spatial InterOp 3D',' ',' ');
FILE_SCHEMA(('AP242_MANAGED_MODEL_BASED_3D_ENGINEERING_MIM_LF  {1 0 10303 442 1 1 4}'));
ENDSEC;
DATA;
#1=PRODUCT_DEFINITION_CONTEXT('',#10,'design');
#2=APPLICATION_PROTOCOL_DEFINITION('INTERNATIONAL STANDARD','ap242_managed_model_based_3d_engineering',2014,#10);
#3=PRODUCT_CATEGORY_RELATIONSHIP('NONE','NONE',#11,#12);
#4=SHAPE_DEFINITION_REPRESENTATION(#13,#14);
#5=SHAPE_DEFINITION_REPRESENTATION(#13,#15);
#6= (GEOMETRIC_REPRESENTATION_CONTEXT(3)GLOBAL_UNCERTAINTY_ASSIGNED_CONTEXT((#18))GLOBAL_UNIT_ASSIGNED_CONTEXT((#20,#21,#22))REPRESENTATION_CONTEXT('NONE','WORKSPACE'));
#10=APPLICATION_CONTEXT('managed model based 3d engineering');
#11=PRODUCT_CATEGORY('part','NONE');
#12=PRODUCT_RELATED_PRODUCT_CATEGORY('detail',' ',(#24));
#13=PRODUCT_DEFINITION_SHAPE('NONE','NONE',#25);
#14=ADVANCED_BREP_SHAPE_REPRESENTATION('0039281223_1',(#26,#27),#6);
#15=GEOMETRICALLY_BOUNDED_SURFACE_SHAPE_REPRESENTATION('1',(#28,#29),#6);
#18=UNCERTAINTY_MEASURE_WITH_UNIT(LENGTH_MEASURE(1.0E-06),#20,'','');
#20= (CONVERSION_BASED_UNIT('MILLIMETRE',#32)LENGTH_UNIT()NAMED_UNIT(#35));
#21= (NAMED_UNIT(#37)PLANE_ANGLE_UNIT()SI_UNIT($,.RADIAN.));
#22= (NAMED_UNIT(#37)SOLID_ANGLE_UNIT()SI_UNIT($,.STERADIAN.));
#24=PRODUCT('0039281223_1','0039281223_1','PART-0039281223_1-DESC',(#43));
#25=PRODUCT_DEFINITION('','NONE',#44,#1);
#26=MANIFOLD_SOLID_BREP('0039281223_1',#45);
#27=AXIS2_PLACEMENT_3D('',#46,#47,#48);
#28=GEOMETRIC_SET('1',(#49,#50,#51,#52,#53,#54,#55,#56,#57,#58,#59,#60,#61,#62,#63,#64,#65,#66,#67,#68,#69,#70,#71,#72,#73,#74,#75,#76,#77,#78,#79,#80,#81,#82,#83,#84,#85,#86,#87,#88,#89,#90,#91,#92));
#29=AXIS2_PLACEMENT_3D('',#93,#94,#95);
#32=LENGTH_MEASURE_WITH_UNIT(LENGTH_MEASURE(1.0),#96);
#35=DIMENSIONAL_EXPONENTS(1.0,0.0,0.0,0.0,0.0,0.0,0.0);
#37=DIMENSIONAL_EXPONENTS(0.0,0.0,0.0,0.0,0.0,0.0,0.0);
#43=PRODUCT_CONTEXT('',#10,'mechanical');
#44=PRODUCT_DEFINITION_FORMATION_WITH_SPECIFIED_SOURCE(' ','NONE',#24,.NOT_KNOWN.);
#45=CLOSED_SHELL('',(#97,#98,#99,#100,#101,#102,#103,#104,#105,#106,#107,#108,#109,#110,#111,#112,#113,#114,#115,#116,#117,#118,#119,#120,#121,#122,#123,#124,#125,#126,#127,#128,#129,#130,#131,#132,#133,#134,#135,#136,#137,#138,#139,#140,#141,#142,#143,#144,#145,#146,#147,#148,#149,#150,#151,#152,#153,#154,#155,#156,#157,#158,#159,#160,#161,#162,#163,#164,#165,#166,#167,#168,#169,#170,#171,#172,#173,#174,#175,#176,#177,#178,#179,#180,#181,#182,#183,#184,#185,#186,#187,#188,#189,#190,#191,#192,#193,#194,#195,#196,#197,#198,#199,#200,#201,#202,#203,#204,#205,#206,#207,#208,#209,#210,#211,#212,#213,#214,#215,#216,#217,#218,#219,#220,#221,#222,#223,#224,#225,#226,#227,#228,#229,#230,#231,#232,#233,#234,#235,#236,#237,#238,#239,#240,#241,#242,#243,#244,#245,#246,#247,#248,#249,#250,#251,#252,#253,#254,#255,#256,#257,#258,#259,#260,#261,#262,#263,#264,#265,#266,#267,#268,#269,#270,#271,#272,#273,#274,#275,#276,#277,#278,#279,#280,#281,#282,#283,#284,#285,#286,#287,#288,#289,#290,#291,#292,#293,#294,#295,#296,#297,#298,#299,#300,#301,#302,#303,#304,#305,#306,#307,#308,#309,#310,#311,#312,#313,#314,#315,#316,#317,#318,#319,#320,#321,#322,#323,#324,#325,#326,#327,#328,#329,#330,#331,#332,#333,#334,#335,#336,#337,#338,#339,#340,#341,#342,#343,#344,#345,#346,#347,#348,#349,#350,#351,#352,#353,#354,#355,#356,#357,#358,#359,#360,#361,#362,#363,#364,#365,#366,#367,#368,#369,#370,#371,#372,#373,#374,#375,#376,#377,#378,#379,#380,#381,#382,#383,#384,#385,#386,#387,#388,#389,#390,#391,#392,#393,#394,#395,#396,#397,#398,#399,#400,#401,#402,#403,#404,#405,#406,#407,#408,#409,#410,#411,#412,#413,#414,#415,#416,#417,#418,#419,#420,#421,#422,#423,#424,#425,#426,#427,#428,#429,#430,#431,#432,#433,#434,#435,#436,#437,#438,#439,#440,#441,#442,#443,#444,#445,#446,#447,#448,#449,#450,#451,#452,#453,#454,#455,#456,#457,#458,#459,#460,#461,#462,#463,#464,#465,#466,#467,#468,#469,#470,#471,#472,#473,#474,#475,#476,#477,#478,#479,#480,#481,#482,#483,#484,#485,#486,#487,#488,#489,#490,#491,#492,#493,#494,#495,#496,#497,#498,#499,#500,#501,#502,#503,#504,#505,#506,#507,#508,#509,#510,#511,#512,#513,#514,#515,#516,#517,#518,#519,#520,#521,#522,#523,#524,#525,#526,#527,#528,#529,#530,#531,#532,#533,#534,#535,#536,#537,#538,#539,#540,#541,#542,#543,#544,#545,#546,#547,#548,#549,#550,#551,#552,#553,#554,#555,#556,#557,#558,#559,#560,#561,#562,#563,#564,#565,#566,#567,#568,#569,#570,#571,#572,#573,#574,#575,#576,#577,#578,#579,#580,#581,#582,#583,#584,#585,#586,#587,#588,#589,#590,#591,#592,#593,#594,#595,#596,#597,#598,#599,#600,#601,#602,#603,#604,#605,#606,#607,#608,#609,#610,#611,#612,#613,#614,#615,#616,#617,#618,#619,#620,#621,#622,#623,#624,#625,#626,#627,#628,#629,#630,#631,#632,#633,#634,#635,#636,#637,#638,#639,#640,#641,#642,#643,#644,#645,#646,#647,#648,#649,#650,#651,#652,#653,#654,#655,#656,#657,#658,#659,#660,#661,#662,#663,#664,#665,#666,#667,#668,#669,#670,#671,#672,#673,#674,#675,#676,#677,#678,#679,#680,#681,#682,#683,#684,#685,#686,#687,#688,#689,#690,#691,#692,#693,#694));
#46=CARTESIAN_POINT('',(0.0,0.0,0.0));
#47=DIRECTION('',(0.0,0.0,1.0));
#48=DIRECTION('',(1.0,0.0,0.0));
#49=COMPOSITE_CURVE('0039281223_2',(#695),.U.);
#50=COMPOSITE_CURVE('0039281223_3',(#696),.U.);
#51=COMPOSITE_CURVE('0039281223_4',(#697),.U.);
#52=COMPOSITE_CURVE('0039281223_5',(#698),.U.);
#53=COMPOSITE_CURVE('0039281223_6',(#699),.U.);
#54=COMPOSITE_CURVE('0039281223_7',(#700),.U.);
#55=COMPOSITE_CURVE('0039281223_8',(#701),.U.);
#56=COMPOSITE_CURVE('0039281223_9',(#702),.U.);
#57=COMPOSITE_CURVE('0039281223_10',(#703),.U.);
#58=COMPOSITE_CURVE('0039281223_11',(#704),.U.);
#59=COMPOSITE_CURVE('0039281223_12',(#705),.U.);
#60=COMPOSITE_CURVE('0039281223_13',(#706),.U.);
#61=COMPOSITE_CURVE('0039281223_14',(#707),.U.);
#62=COMPOSITE_CURVE('0039281223_15',(#708),.U.);
#63=COMPOSITE_CURVE('0039281223_16',(#709),.U.);
#64=COMPOSITE_CURVE('0039281223_17',(#710),.U.);
#65=COMPOSITE_CURVE('0039281223_18',(#711),.U.);
#66=COMPOSITE_CURVE('0039281223_19',(#712),.U.);
#67=COMPOSITE_CURVE('0039281223_20',(#713),.U.);
#68=COMPOSITE_CURVE('0039281223_21',(#714),.U.);
#69=COMPOSITE_CURVE('0039281223_22',(#715),.U.);
#70=COMPOSITE_CURVE('0039281223_23',(#716),.U.);
#71=COMPOSITE_CURVE('0039281223_24',(#717),.U.);
#72=COMPOSITE_CURVE('0039281223_25',(#718),.U.);
#73=COMPOSITE_CURVE('0039281223_26',(#719),.U.);
#74=COMPOSITE_CURVE('0039281223_27',(#720),.U.);
#75=COMPOSITE_CURVE('0039281223_28',(#721),.U.);
#76=COMPOSITE_CURVE('0039281223_29',(#722),.U.);
#77=COMPOSITE_CURVE('0039281223_30',(#723),.U.);
#78=COMPOSITE_CURVE('0039281223_31',(#724),.U.);
#79=COMPOSITE_CURVE('0039281223_32',(#725),.U.);
#80=COMPOSITE_CURVE('0039281223_33',(#726),.U.);
#81=COMPOSITE_CURVE('0039281223_34',(#727),.U.);
#82=COMPOSITE_CURVE('0039281223_35',(#728),.U.);
#83=COMPOSITE_CURVE('0039281223_36',(#729),.U.);
#84=COMPOSITE_CURVE('0039281223_37',(#730),.U.);
#85=COMPOSITE_CURVE('0039281223_38',(#731),.U.);
#86=COMPOSITE_CURVE('0039281223_39',(#732),.U.);
#87=COMPOSITE_CURVE('0039281223_40',(#733),.U.);
#88=COMPOSITE_CURVE('0039281223_41',(#734),.U.);
#89=COMPOSITE_CURVE('0039281223_42',(#735),.U.);
#90=COMPOSITE_CURVE('0039281223_43',(#736),.U.);
#91=COMPOSITE_CURVE('0039281223_44',(#737),.U.);
#92=COMPOSITE_CURVE('0039281223_45',(#738),.U.);
#93=CARTESIAN_POINT('',(0.0,0.0,0.0));
#94=DIRECTION('',(0.0,0.0,1.0));
#95=DIRECTION('',(1.0,0.0,0.0));
#96= (NAMED_UNIT(#35)LENGTH_UNIT()SI_UNIT(.MILLI.,.METRE.));
#97=ADVANCED_FACE('',(#740),#741,.T.);
#98=ADVANCED_FACE('',(#742),#743,.F.);
#99=ADVANCED_FACE('',(#744),#745,.F.);
#100=ADVANCED_FACE('',(#746),#747,.T.);
#101=ADVANCED_FACE('',(#748),#749,.T.);
#102=ADVANCED_FACE('',(#750),#751,.T.);
#103=ADVANCED_FACE('',(#752),#753,.T.);
#104=ADVANCED_FACE('',(#754),#755,.T.);
#105=ADVANCED_FACE('',(#756),#757,.T.);
#106=ADVANCED_FACE('',(#758),#759,.T.);
#107=ADVANCED_FACE('',(#760),#761,.T.);
#108=ADVANCED_FACE('',(#762),#763,.T.);
#109=ADVANCED_FACE('',(#764),#765,.T.);
#110=ADVANCED_FACE('',(#766),#767,.T.);
#111=ADVANCED_FACE('',(#768),#769,.T.);
#112=ADVANCED_FACE('',(#770),#771,.T.);
#113=ADVANCED_FACE('',(#772),#773,.T.);
#114=ADVANCED_FACE('',(#774),#775,.T.);
#115=ADVANCED_FACE('',(#776),#777,.T.);
#116=ADVANCED_FACE('',(#778),#779,.T.);
#117=ADVANCED_FACE('',(#780),#781,.T.);
#118=ADVANCED_FACE('',(#782),#783,.T.);
#119=ADVANCED_FACE('',(#784),#785,.T.);
#120=ADVANCED_FACE('',(#786),#787,.T.);
#121=ADVANCED_FACE('',(#788),#789,.T.);
#122=ADVANCED_FACE('',(#790),#791,.T.);
#123=ADVANCED_FACE('',(#792),#793,.T.);
#124=ADVANCED_FACE('',(#794),#795,.F.);
#125=ADVANCED_FACE('',(#796),#797,.F.);
#126=ADVANCED_FACE('',(#798),#799,.F.);
#127=ADVANCED_FACE('',(#800),#801,.F.);
#128=ADVANCED_FACE('',(#802),#803,.F.);
#129=ADVANCED_FACE('',(#804),#805,.F.);
#130=ADVANCED_FACE('',(#806),#807,.F.);
#131=ADVANCED_FACE('',(#808),#809,.F.);
#132=ADVANCED_FACE('',(#810),#811,.F.);
#133=ADVANCED_FACE('',(#812),#813,.F.);
#134=ADVANCED_FACE('',(#814),#815,.F.);
#135=ADVANCED_FACE('',(#816),#817,.F.);
#136=ADVANCED_FACE('',(#818),#819,.F.);
#137=ADVANCED_FACE('',(#820),#821,.F.);
#138=ADVANCED_FACE('',(#822),#823,.F.);
#139=ADVANCED_FACE('',(#824,#825),#826,.T.);
#140=ADVANCED_FACE('',(#827,#828),#829,.T.);
#141=ADVANCED_FACE('',(#830),#831,.T.);
#142=ADVANCED_FACE('',(#832,#833),#834,.T.);
#143=ADVANCED_FACE('',(#835,#836),#837,.T.);
#144=ADVANCED_FACE('',(#838),#839,.F.);
#145=ADVANCED_FACE('',(#840),#841,.T.);
#146=ADVANCED_FACE('',(#842),#843,.T.);
#147=ADVANCED_FACE('',(#844),#845,.T.);
#148=ADVANCED_FACE('',(#846),#847,.T.);
#149=ADVANCED_FACE('',(#848),#849,.T.);
#150=ADVANCED_FACE('',(#850),#851,.T.);
#151=ADVANCED_FACE('',(#852),#853,.T.);
#152=ADVANCED_FACE('',(#854),#855,.T.);
#153=ADVANCED_FACE('',(#856),#857,.T.);
#154=ADVANCED_FACE('',(#858),#859,.T.);
#155=ADVANCED_FACE('',(#860),#861,.T.);
#156=ADVANCED_FACE('',(#862),#863,.T.);
#157=ADVANCED_FACE('',(#864),#865,.T.);
#158=ADVANCED_FACE('',(#866),#867,.T.);
#159=ADVANCED_FACE('',(#868),#869,.T.);
#160=ADVANCED_FACE('',(#870),#871,.T.);
#161=ADVANCED_FACE('',(#872),#873,.T.);
#162=ADVANCED_FACE('',(#874),#875,.T.);
#163=ADVANCED_FACE('',(#876),#877,.T.);
#164=ADVANCED_FACE('',(#878),#879,.T.);
#165=ADVANCED_FACE('',(#880),#881,.T.);
#166=ADVANCED_FACE('',(#882),#883,.T.);
#167=ADVANCED_FACE('',(#884),#885,.T.);
#168=ADVANCED_FACE('',(#886),#887,.T.);
#169=ADVANCED_FACE('',(#888),#889,.T.);
#170=ADVANCED_FACE('',(#890),#891,.F.);
#171=ADVANCED_FACE('',(#892),#893,.F.);
#172=ADVANCED_FACE('',(#894),#895,.F.);
#173=ADVANCED_FACE('',(#896),#897,.F.);
#174=ADVANCED_FACE('',(#898),#899,.F.);
#175=ADVANCED_FACE('',(#900),#901,.F.);
#176=ADVANCED_FACE('',(#902),#903,.F.);
#177=ADVANCED_FACE('',(#904),#905,.F.);
#178=ADVANCED_FACE('',(#906),#907,.F.);
#179=ADVANCED_FACE('',(#908),#909,.F.);
#180=ADVANCED_FACE('',(#910),#911,.F.);
#181=ADVANCED_FACE('',(#912),#913,.F.);
#182=ADVANCED_FACE('',(#914),#915,.F.);
#183=ADVANCED_FACE('',(#916),#917,.F.);
#184=ADVANCED_FACE('',(#918),#919,.F.);
#185=ADVANCED_FACE('',(#920),#921,.F.);
#186=ADVANCED_FACE('',(#922),#923,.F.);
#187=ADVANCED_FACE('',(#924),#925,.T.);
#188=ADVANCED_FACE('',(#926),#927,.T.);
#189=ADVANCED_FACE('',(#928),#929,.T.);
#190=ADVANCED_FACE('',(#930,#931,#932,#933,#934,#935,#936,#937,#938,#939,#940,#941,#942,#943,#944,#945,#946,#947,#948,#949,#950,#951,#952),#953,.T.);
#191=ADVANCED_FACE('',(#954),#955,.T.);
#192=ADVANCED_FACE('',(#956),#957,.F.);
#193=ADVANCED_FACE('',(#958),#959,.T.);
#194=ADVANCED_FACE('',(#960),#961,.T.);
#195=ADVANCED_FACE('',(#962),#963,.T.);
#196=ADVANCED_FACE('',(#964),#965,.T.);
#197=ADVANCED_FACE('',(#966),#967,.F.);
#198=ADVANCED_FACE('',(#968),#969,.F.);
#199=ADVANCED_FACE('',(#970),#971,.F.);
#200=ADVANCED_FACE('',(#972),#973,.F.);
#201=ADVANCED_FACE('',(#974,#975),#976,.T.);
#202=ADVANCED_FACE('',(#977,#978),#979,.T.);
#203=ADVANCED_FACE('',(#980),#981,.F.);
#204=ADVANCED_FACE('',(#982),#983,.F.);
#205=ADVANCED_FACE('',(#984),#985,.F.);
#206=ADVANCED_FACE('',(#986),#987,.F.);
#207=ADVANCED_FACE('',(#988),#989,.F.);
#208=ADVANCED_FACE('',(#990),#991,.F.);
#209=ADVANCED_FACE('',(#992),#993,.F.);
#210=ADVANCED_FACE('',(#994),#995,.F.);
#211=ADVANCED_FACE('',(#996),#997,.F.);
#212=ADVANCED_FACE('',(#998),#999,.F.);
#213=ADVANCED_FACE('',(#1000),#1001,.F.);
#214=ADVANCED_FACE('',(#1002,#1003),#1004,.T.);
#215=ADVANCED_FACE('',(#1005,#1006),#1007,.T.);
#216=ADVANCED_FACE('',(#1008,#1009),#1010,.T.);
#217=ADVANCED_FACE('',(#1011,#1012),#1013,.T.);
#218=ADVANCED_FACE('',(#1014),#1015,.F.);
#219=ADVANCED_FACE('',(#1016),#1017,.F.);
#220=ADVANCED_FACE('',(#1018),#1019,.F.);
#221=ADVANCED_FACE('',(#1020),#1021,.F.);
#222=ADVANCED_FACE('',(#1022),#1023,.F.);
#223=ADVANCED_FACE('',(#1024),#1025,.F.);
#224=ADVANCED_FACE('',(#1026),#1027,.F.);
#225=ADVANCED_FACE('',(#1028),#1029,.F.);
#226=ADVANCED_FACE('',(#1030),#1031,.F.);
#227=ADVANCED_FACE('',(#1032),#1033,.F.);
#228=ADVANCED_FACE('',(#1034),#1035,.F.);
#229=ADVANCED_FACE('',(#1036),#1037,.F.);
#230=ADVANCED_FACE('',(#1038),#1039,.F.);
#231=ADVANCED_FACE('',(#1040),#1041,.F.);
#232=ADVANCED_FACE('',(#1042),#1043,.F.);
#233=ADVANCED_FACE('',(#1044),#1045,.F.);
#234=ADVANCED_FACE('',(#1046),#1047,.F.);
#235=ADVANCED_FACE('',(#1048),#1049,.F.);
#236=ADVANCED_FACE('',(#1050),#1051,.F.);
#237=ADVANCED_FACE('',(#1052),#1053,.F.);
#238=ADVANCED_FACE('',(#1054),#1055,.T.);
#239=ADVANCED_FACE('',(#1056),#1057,.T.);
#240=ADVANCED_FACE('',(#1058),#1059,.T.);
#241=ADVANCED_FACE('',(#1060),#1061,.T.);
#242=ADVANCED_FACE('',(#1062),#1063,.T.);
#243=ADVANCED_FACE('',(#1064),#1065,.T.);
#244=ADVANCED_FACE('',(#1066),#1067,.T.);
#245=ADVANCED_FACE('',(#1068),#1069,.T.);
#246=ADVANCED_FACE('',(#1070),#1071,.T.);
#247=ADVANCED_FACE('',(#1072),#1073,.T.);
#248=ADVANCED_FACE('',(#1074),#1075,.T.);
#249=ADVANCED_FACE('',(#1076),#1077,.T.);
#250=ADVANCED_FACE('',(#1078),#1079,.T.);
#251=ADVANCED_FACE('',(#1080),#1081,.T.);
#252=ADVANCED_FACE('',(#1082),#1083,.T.);
#253=ADVANCED_FACE('',(#1084),#1085,.T.);
#254=ADVANCED_FACE('',(#1086),#1087,.T.);
#255=ADVANCED_FACE('',(#1088),#1089,.T.);
#256=ADVANCED_FACE('',(#1090),#1091,.T.);
#257=ADVANCED_FACE('',(#1092),#1093,.T.);
#258=ADVANCED_FACE('',(#1094),#1095,.F.);
#259=ADVANCED_FACE('',(#1096),#1097,.F.);
#260=ADVANCED_FACE('',(#1098),#1099,.F.);
#261=ADVANCED_FACE('',(#1100),#1101,.F.);
#262=ADVANCED_FACE('',(#1102),#1103,.T.);
#263=ADVANCED_FACE('',(#1104),#1105,.T.);
#264=ADVANCED_FACE('',(#1106),#1107,.T.);
#265=ADVANCED_FACE('',(#1108),#1109,.T.);
#266=ADVANCED_FACE('',(#1110),#1111,.T.);
#267=ADVANCED_FACE('',(#1112),#1113,.T.);
#268=ADVANCED_FACE('',(#1114),#1115,.T.);
#269=ADVANCED_FACE('',(#1116),#1117,.T.);
#270=ADVANCED_FACE('',(#1118),#1119,.T.);
#271=ADVANCED_FACE('',(#1120),#1121,.T.);
#272=ADVANCED_FACE('',(#1122),#1123,.T.);
#273=ADVANCED_FACE('',(#1124),#1125,.T.);
#274=ADVANCED_FACE('',(#1126,#1127),#1128,.T.);
#275=ADVANCED_FACE('',(#1129,#1130),#1131,.T.);
#276=ADVANCED_FACE('',(#1132),#1133,.F.);
#277=ADVANCED_FACE('',(#1134),#1135,.F.);
#278=ADVANCED_FACE('',(#1136),#1137,.F.);
#279=ADVANCED_FACE('',(#1138),#1139,.F.);
#280=ADVANCED_FACE('',(#1140),#1141,.F.);
#281=ADVANCED_FACE('',(#1142),#1143,.F.);
#282=ADVANCED_FACE('',(#1144),#1145,.F.);
#283=ADVANCED_FACE('',(#1146),#1147,.F.);
#284=ADVANCED_FACE('',(#1148),#1149,.T.);
#285=ADVANCED_FACE('',(#1150),#1151,.T.);
#286=ADVANCED_FACE('',(#1152),#1153,.T.);
#287=ADVANCED_FACE('',(#1154),#1155,.T.);
#288=ADVANCED_FACE('',(#1156),#1157,.T.);
#289=ADVANCED_FACE('',(#1158),#1159,.T.);
#290=ADVANCED_FACE('',(#1160),#1161,.T.);
#291=ADVANCED_FACE('',(#1162),#1163,.T.);
#292=ADVANCED_FACE('',(#1164),#1165,.F.);
#293=ADVANCED_FACE('',(#1166,#1167),#1168,.T.);
#294=ADVANCED_FACE('',(#1169,#1170),#1171,.T.);
#295=ADVANCED_FACE('',(#1172),#1173,.F.);
#296=ADVANCED_FACE('',(#1174),#1175,.F.);
#297=ADVANCED_FACE('',(#1176),#1177,.F.);
#298=ADVANCED_FACE('',(#1178),#1179,.F.);
#299=ADVANCED_FACE('',(#1180),#1181,.F.);
#300=ADVANCED_FACE('',(#1182),#1183,.F.);
#301=ADVANCED_FACE('',(#1184),#1185,.F.);
#302=ADVANCED_FACE('',(#1186),#1187,.F.);
#303=ADVANCED_FACE('',(#1188),#1189,.F.);
#304=ADVANCED_FACE('',(#1190),#1191,.F.);
#305=ADVANCED_FACE('',(#1192),#1193,.F.);
#306=ADVANCED_FACE('',(#1194,#1195),#1196,.T.);
#307=ADVANCED_FACE('',(#1197,#1198),#1199,.T.);
#308=ADVANCED_FACE('',(#1200,#1201),#1202,.T.);
#309=ADVANCED_FACE('',(#1203,#1204),#1205,.T.);
#310=ADVANCED_FACE('',(#1206),#1207,.F.);
#311=ADVANCED_FACE('',(#1208),#1209,.F.);
#312=ADVANCED_FACE('',(#1210),#1211,.F.);
#313=ADVANCED_FACE('',(#1212),#1213,.F.);
#314=ADVANCED_FACE('',(#1214),#1215,.F.);
#315=ADVANCED_FACE('',(#1216),#1217,.F.);
#316=ADVANCED_FACE('',(#1218),#1219,.F.);
#317=ADVANCED_FACE('',(#1220),#1221,.F.);
#318=ADVANCED_FACE('',(#1222),#1223,.F.);
#319=ADVANCED_FACE('',(#1224),#1225,.F.);
#320=ADVANCED_FACE('',(#1226),#1227,.F.);
#321=ADVANCED_FACE('',(#1228),#1229,.F.);
#322=ADVANCED_FACE('',(#1230),#1231,.F.);
#323=ADVANCED_FACE('',(#1232),#1233,.F.);
#324=ADVANCED_FACE('',(#1234),#1235,.F.);
#325=ADVANCED_FACE('',(#1236),#1237,.F.);
#326=ADVANCED_FACE('',(#1238),#1239,.F.);
#327=ADVANCED_FACE('',(#1240),#1241,.F.);
#328=ADVANCED_FACE('',(#1242),#1243,.F.);
#329=ADVANCED_FACE('',(#1244),#1245,.F.);
#330=ADVANCED_FACE('',(#1246),#1247,.T.);
#331=ADVANCED_FACE('',(#1248),#1249,.T.);
#332=ADVANCED_FACE('',(#1250),#1251,.T.);
#333=ADVANCED_FACE('',(#1252),#1253,.T.);
#334=ADVANCED_FACE('',(#1254),#1255,.T.);
#335=ADVANCED_FACE('',(#1256),#1257,.T.);
#336=ADVANCED_FACE('',(#1258),#1259,.T.);
#337=ADVANCED_FACE('',(#1260),#1261,.T.);
#338=ADVANCED_FACE('',(#1262),#1263,.T.);
#339=ADVANCED_FACE('',(#1264),#1265,.T.);
#340=ADVANCED_FACE('',(#1266),#1267,.T.);
#341=ADVANCED_FACE('',(#1268),#1269,.T.);
#342=ADVANCED_FACE('',(#1270),#1271,.T.);
#343=ADVANCED_FACE('',(#1272),#1273,.T.);
#344=ADVANCED_FACE('',(#1274),#1275,.T.);
#345=ADVANCED_FACE('',(#1276),#1277,.T.);
#346=ADVANCED_FACE('',(#1278),#1279,.T.);
#347=ADVANCED_FACE('',(#1280),#1281,.T.);
#348=ADVANCED_FACE('',(#1282),#1283,.T.);
#349=ADVANCED_FACE('',(#1284),#1285,.T.);
#350=ADVANCED_FACE('',(#1286),#1287,.F.);
#351=ADVANCED_FACE('',(#1288),#1289,.F.);
#352=ADVANCED_FACE('',(#1290),#1291,.F.);
#353=ADVANCED_FACE('',(#1292),#1293,.F.);
#354=ADVANCED_FACE('',(#1294),#1295,.T.);
#355=ADVANCED_FACE('',(#1296),#1297,.T.);
#356=ADVANCED_FACE('',(#1298),#1299,.T.);
#357=ADVANCED_FACE('',(#1300),#1301,.T.);
#358=ADVANCED_FACE('',(#1302),#1303,.T.);
#359=ADVANCED_FACE('',(#1304),#1305,.T.);
#360=ADVANCED_FACE('',(#1306),#1307,.T.);
#361=ADVANCED_FACE('',(#1308),#1309,.T.);
#362=ADVANCED_FACE('',(#1310),#1311,.T.);
#363=ADVANCED_FACE('',(#1312),#1313,.T.);
#364=ADVANCED_FACE('',(#1314),#1315,.T.);
#365=ADVANCED_FACE('',(#1316),#1317,.T.);
#366=ADVANCED_FACE('',(#1318,#1319),#1320,.T.);
#367=ADVANCED_FACE('',(#1321,#1322),#1323,.T.);
#368=ADVANCED_FACE('',(#1324),#1325,.F.);
#369=ADVANCED_FACE('',(#1326),#1327,.F.);
#370=ADVANCED_FACE('',(#1328),#1329,.F.);
#371=ADVANCED_FACE('',(#1330),#1331,.F.);
#372=ADVANCED_FACE('',(#1332),#1333,.F.);
#373=ADVANCED_FACE('',(#1334),#1335,.F.);
#374=ADVANCED_FACE('',(#1336),#1337,.F.);
#375=ADVANCED_FACE('',(#1338),#1339,.F.);
#376=ADVANCED_FACE('',(#1340),#1341,.T.);
#377=ADVANCED_FACE('',(#1342),#1343,.T.);
#378=ADVANCED_FACE('',(#1344),#1345,.T.);
#379=ADVANCED_FACE('',(#1346),#1347,.T.);
#380=ADVANCED_FACE('',(#1348),#1349,.T.);
#381=ADVANCED_FACE('',(#1350),#1351,.T.);
#382=ADVANCED_FACE('',(#1352),#1353,.T.);
#383=ADVANCED_FACE('',(#1354),#1355,.T.);
#384=ADVANCED_FACE('',(#1356),#1357,.F.);
#385=ADVANCED_FACE('',(#1358,#1359),#1360,.T.);
#386=ADVANCED_FACE('',(#1361,#1362),#1363,.T.);
#387=ADVANCED_FACE('',(#1364),#1365,.F.);
#388=ADVANCED_FACE('',(#1366),#1367,.F.);
#389=ADVANCED_FACE('',(#1368),#1369,.F.);
#390=ADVANCED_FACE('',(#1370),#1371,.F.);
#391=ADVANCED_FACE('',(#1372),#1373,.F.);
#392=ADVANCED_FACE('',(#1374),#1375,.F.);
#393=ADVANCED_FACE('',(#1376),#1377,.F.);
#394=ADVANCED_FACE('',(#1378),#1379,.F.);
#395=ADVANCED_FACE('',(#1380),#1381,.F.);
#396=ADVANCED_FACE('',(#1382),#1383,.F.);
#397=ADVANCED_FACE('',(#1384),#1385,.F.);
#398=ADVANCED_FACE('',(#1386,#1387),#1388,.T.);
#399=ADVANCED_FACE('',(#1389,#1390),#1391,.T.);
#400=ADVANCED_FACE('',(#1392,#1393),#1394,.T.);
#401=ADVANCED_FACE('',(#1395,#1396),#1397,.T.);
#402=ADVANCED_FACE('',(#1398),#1399,.F.);
#403=ADVANCED_FACE('',(#1400),#1401,.F.);
#404=ADVANCED_FACE('',(#1402),#1403,.F.);
#405=ADVANCED_FACE('',(#1404),#1405,.F.);
#406=ADVANCED_FACE('',(#1406),#1407,.F.);
#407=ADVANCED_FACE('',(#1408),#1409,.F.);
#408=ADVANCED_FACE('',(#1410),#1411,.F.);
#409=ADVANCED_FACE('',(#1412),#1413,.F.);
#410=ADVANCED_FACE('',(#1414),#1415,.F.);
#411=ADVANCED_FACE('',(#1416),#1417,.F.);
#412=ADVANCED_FACE('',(#1418),#1419,.F.);
#413=ADVANCED_FACE('',(#1420),#1421,.F.);
#414=ADVANCED_FACE('',(#1422),#1423,.F.);
#415=ADVANCED_FACE('',(#1424),#1425,.F.);
#416=ADVANCED_FACE('',(#1426),#1427,.F.);
#417=ADVANCED_FACE('',(#1428),#1429,.F.);
#418=ADVANCED_FACE('',(#1430),#1431,.F.);
#419=ADVANCED_FACE('',(#1432),#1433,.F.);
#420=ADVANCED_FACE('',(#1434),#1435,.F.);
#421=ADVANCED_FACE('',(#1436),#1437,.F.);
#422=ADVANCED_FACE('',(#1438),#1439,.T.);
#423=ADVANCED_FACE('',(#1440),#1441,.T.);
#424=ADVANCED_FACE('',(#1442),#1443,.T.);
#425=ADVANCED_FACE('',(#1444),#1445,.T.);
#426=ADVANCED_FACE('',(#1446),#1447,.T.);
#427=ADVANCED_FACE('',(#1448),#1449,.T.);
#428=ADVANCED_FACE('',(#1450),#1451,.T.);
#429=ADVANCED_FACE('',(#1452),#1453,.T.);
#430=ADVANCED_FACE('',(#1454),#1455,.T.);
#431=ADVANCED_FACE('',(#1456),#1457,.T.);
#432=ADVANCED_FACE('',(#1458),#1459,.T.);
#433=ADVANCED_FACE('',(#1460),#1461,.T.);
#434=ADVANCED_FACE('',(#1462),#1463,.T.);
#435=ADVANCED_FACE('',(#1464),#1465,.T.);
#436=ADVANCED_FACE('',(#1466),#1467,.T.);
#437=ADVANCED_FACE('',(#1468),#1469,.T.);
#438=ADVANCED_FACE('',(#1470),#1471,.T.);
#439=ADVANCED_FACE('',(#1472),#1473,.T.);
#440=ADVANCED_FACE('',(#1474),#1475,.T.);
#441=ADVANCED_FACE('',(#1476),#1477,.T.);
#442=ADVANCED_FACE('',(#1478),#1479,.F.);
#443=ADVANCED_FACE('',(#1480),#1481,.F.);
#444=ADVANCED_FACE('',(#1482),#1483,.F.);
#445=ADVANCED_FACE('',(#1484),#1485,.F.);
#446=ADVANCED_FACE('',(#1486),#1487,.T.);
#447=ADVANCED_FACE('',(#1488),#1489,.T.);
#448=ADVANCED_FACE('',(#1490),#1491,.T.);
#449=ADVANCED_FACE('',(#1492),#1493,.T.);
#450=ADVANCED_FACE('',(#1494),#1495,.T.);
#451=ADVANCED_FACE('',(#1496),#1497,.T.);
#452=ADVANCED_FACE('',(#1498),#1499,.T.);
#453=ADVANCED_FACE('',(#1500),#1501,.T.);
#454=ADVANCED_FACE('',(#1502),#1503,.T.);
#455=ADVANCED_FACE('',(#1504),#1505,.T.);
#456=ADVANCED_FACE('',(#1506),#1507,.T.);
#457=ADVANCED_FACE('',(#1508),#1509,.T.);
#458=ADVANCED_FACE('',(#1510,#1511),#1512,.T.);
#459=ADVANCED_FACE('',(#1513,#1514),#1515,.T.);
#460=ADVANCED_FACE('',(#1516),#1517,.F.);
#461=ADVANCED_FACE('',(#1518),#1519,.F.);
#462=ADVANCED_FACE('',(#1520),#1521,.F.);
#463=ADVANCED_FACE('',(#1522),#1523,.F.);
#464=ADVANCED_FACE('',(#1524),#1525,.F.);
#465=ADVANCED_FACE('',(#1526),#1527,.F.);
#466=ADVANCED_FACE('',(#1528),#1529,.F.);
#467=ADVANCED_FACE('',(#1530),#1531,.F.);
#468=ADVANCED_FACE('',(#1532),#1533,.T.);
#469=ADVANCED_FACE('',(#1534),#1535,.T.);
#470=ADVANCED_FACE('',(#1536),#1537,.T.);
#471=ADVANCED_FACE('',(#1538),#1539,.T.);
#472=ADVANCED_FACE('',(#1540),#1541,.T.);
#473=ADVANCED_FACE('',(#1542),#1543,.T.);
#474=ADVANCED_FACE('',(#1544),#1545,.T.);
#475=ADVANCED_FACE('',(#1546),#1547,.T.);
#476=ADVANCED_FACE('',(#1548),#1549,.F.);
#477=ADVANCED_FACE('',(#1550,#1551),#1552,.T.);
#478=ADVANCED_FACE('',(#1553,#1554),#1555,.T.);
#479=ADVANCED_FACE('',(#1556),#1557,.F.);
#480=ADVANCED_FACE('',(#1558),#1559,.F.);
#481=ADVANCED_FACE('',(#1560),#1561,.F.);
#482=ADVANCED_FACE('',(#1562),#1563,.F.);
#483=ADVANCED_FACE('',(#1564),#1565,.F.);
#484=ADVANCED_FACE('',(#1566),#1567,.F.);
#485=ADVANCED_FACE('',(#1568),#1569,.F.);
#486=ADVANCED_FACE('',(#1570),#1571,.F.);
#487=ADVANCED_FACE('',(#1572),#1573,.F.);
#488=ADVANCED_FACE('',(#1574),#1575,.F.);
#489=ADVANCED_FACE('',(#1576),#1577,.F.);
#490=ADVANCED_FACE('',(#1578,#1579),#1580,.T.);
#491=ADVANCED_FACE('',(#1581,#1582),#1583,.T.);
#492=ADVANCED_FACE('',(#1584,#1585),#1586,.T.);
#493=ADVANCED_FACE('',(#1587,#1588),#1589,.T.);
#494=ADVANCED_FACE('',(#1590),#1591,.F.);
#495=ADVANCED_FACE('',(#1592),#1593,.F.);
#496=ADVANCED_FACE('',(#1594),#1595,.F.);
#497=ADVANCED_FACE('',(#1596),#1597,.F.);
#498=ADVANCED_FACE('',(#1598),#1599,.F.);
#499=ADVANCED_FACE('',(#1600),#1601,.F.);
#500=ADVANCED_FACE('',(#1602),#1603,.F.);
#501=ADVANCED_FACE('',(#1604),#1605,.F.);
#502=ADVANCED_FACE('',(#1606),#1607,.F.);
#503=ADVANCED_FACE('',(#1608),#1609,.F.);
#504=ADVANCED_FACE('',(#1610),#1611,.F.);
#505=ADVANCED_FACE('',(#1612),#1613,.F.);
#506=ADVANCED_FACE('',(#1614),#1615,.F.);
#507=ADVANCED_FACE('',(#1616),#1617,.F.);
#508=ADVANCED_FACE('',(#1618),#1619,.F.);
#509=ADVANCED_FACE('',(#1620),#1621,.F.);
#510=ADVANCED_FACE('',(#1622),#1623,.F.);
#511=ADVANCED_FACE('',(#1624),#1625,.F.);
#512=ADVANCED_FACE('',(#1626),#1627,.F.);
#513=ADVANCED_FACE('',(#1628),#1629,.F.);
#514=ADVANCED_FACE('',(#1630),#1631,.T.);
#515=ADVANCED_FACE('',(#1632),#1633,.T.);
#516=ADVANCED_FACE('',(#1634),#1635,.T.);
#517=ADVANCED_FACE('',(#1636),#1637,.T.);
#518=ADVANCED_FACE('',(#1638),#1639,.T.);
#519=ADVANCED_FACE('',(#1640),#1641,.T.);
#520=ADVANCED_FACE('',(#1642),#1643,.T.);
#521=ADVANCED_FACE('',(#1644),#1645,.T.);
#522=ADVANCED_FACE('',(#1646),#1647,.T.);
#523=ADVANCED_FACE('',(#1648),#1649,.T.);
#524=ADVANCED_FACE('',(#1650),#1651,.T.);
#525=ADVANCED_FACE('',(#1652),#1653,.T.);
#526=ADVANCED_FACE('',(#1654),#1655,.T.);
#527=ADVANCED_FACE('',(#1656),#1657,.T.);
#528=ADVANCED_FACE('',(#1658),#1659,.T.);
#529=ADVANCED_FACE('',(#1660),#1661,.T.);
#530=ADVANCED_FACE('',(#1662),#1663,.T.);
#531=ADVANCED_FACE('',(#1664),#1665,.T.);
#532=ADVANCED_FACE('',(#1666),#1667,.T.);
#533=ADVANCED_FACE('',(#1668),#1669,.T.);
#534=ADVANCED_FACE('',(#1670),#1671,.F.);
#535=ADVANCED_FACE('',(#1672),#1673,.F.);
#536=ADVANCED_FACE('',(#1674),#1675,.F.);
#537=ADVANCED_FACE('',(#1676),#1677,.F.);
#538=ADVANCED_FACE('',(#1678),#1679,.T.);
#539=ADVANCED_FACE('',(#1680),#1681,.T.);
#540=ADVANCED_FACE('',(#1682),#1683,.T.);
#541=ADVANCED_FACE('',(#1684),#1685,.T.);
#542=ADVANCED_FACE('',(#1686),#1687,.T.);
#543=ADVANCED_FACE('',(#1688),#1689,.T.);
#544=ADVANCED_FACE('',(#1690),#1691,.T.);
#545=ADVANCED_FACE('',(#1692),#1693,.T.);
#546=ADVANCED_FACE('',(#1694),#1695,.T.);
#547=ADVANCED_FACE('',(#1696),#1697,.T.);
#548=ADVANCED_FACE('',(#1698),#1699,.T.);
#549=ADVANCED_FACE('',(#1700),#1701,.T.);
#550=ADVANCED_FACE('',(#1702,#1703),#1704,.T.);
#551=ADVANCED_FACE('',(#1705,#1706),#1707,.T.);
#552=ADVANCED_FACE('',(#1708),#1709,.F.);
#553=ADVANCED_FACE('',(#1710),#1711,.F.);
#554=ADVANCED_FACE('',(#1712),#1713,.F.);
#555=ADVANCED_FACE('',(#1714),#1715,.F.);
#556=ADVANCED_FACE('',(#1716),#1717,.F.);
#557=ADVANCED_FACE('',(#1718),#1719,.F.);
#558=ADVANCED_FACE('',(#1720),#1721,.F.);
#559=ADVANCED_FACE('',(#1722),#1723,.F.);
#560=ADVANCED_FACE('',(#1724),#1725,.T.);
#561=ADVANCED_FACE('',(#1726),#1727,.T.);
#562=ADVANCED_FACE('',(#1728),#1729,.T.);
#563=ADVANCED_FACE('',(#1730),#1731,.T.);
#564=ADVANCED_FACE('',(#1732),#1733,.T.);
#565=ADVANCED_FACE('',(#1734),#1735,.T.);
#566=ADVANCED_FACE('',(#1736),#1737,.T.);
#567=ADVANCED_FACE('',(#1738),#1739,.T.);
#568=ADVANCED_FACE('',(#1740),#1741,.F.);
#569=ADVANCED_FACE('',(#1742,#1743),#1744,.T.);
#570=ADVANCED_FACE('',(#1745,#1746),#1747,.T.);
#571=ADVANCED_FACE('',(#1748),#1749,.F.);
#572=ADVANCED_FACE('',(#1750),#1751,.F.);
#573=ADVANCED_FACE('',(#1752),#1753,.F.);
#574=ADVANCED_FACE('',(#1754),#1755,.F.);
#575=ADVANCED_FACE('',(#1756),#1757,.F.);
#576=ADVANCED_FACE('',(#1758),#1759,.F.);
#577=ADVANCED_FACE('',(#1760),#1761,.F.);
#578=ADVANCED_FACE('',(#1762),#1763,.F.);
#579=ADVANCED_FACE('',(#1764),#1765,.F.);
#580=ADVANCED_FACE('',(#1766),#1767,.F.);
#581=ADVANCED_FACE('',(#1768),#1769,.F.);
#582=ADVANCED_FACE('',(#1770,#1771),#1772,.T.);
#583=ADVANCED_FACE('',(#1773,#1774),#1775,.T.);
#584=ADVANCED_FACE('',(#1776,#1777),#1778,.T.);
#585=ADVANCED_FACE('',(#1779,#1780),#1781,.T.);
#586=ADVANCED_FACE('',(#1782),#1783,.F.);
#587=ADVANCED_FACE('',(#1784),#1785,.F.);
#588=ADVANCED_FACE('',(#1786),#1787,.F.);
#589=ADVANCED_FACE('',(#1788),#1789,.F.);
#590=ADVANCED_FACE('',(#1790),#1791,.F.);
#591=ADVANCED_FACE('',(#1792),#1793,.F.);
#592=ADVANCED_FACE('',(#1794),#1795,.F.);
#593=ADVANCED_FACE('',(#1796),#1797,.F.);
#594=ADVANCED_FACE('',(#1798),#1799,.F.);
#595=ADVANCED_FACE('',(#1800),#1801,.F.);
#596=ADVANCED_FACE('',(#1802),#1803,.F.);
#597=ADVANCED_FACE('',(#1804),#1805,.F.);
#598=ADVANCED_FACE('',(#1806),#1807,.F.);
#599=ADVANCED_FACE('',(#1808),#1809,.F.);
#600=ADVANCED_FACE('',(#1810),#1811,.F.);
#601=ADVANCED_FACE('',(#1812),#1813,.F.);
#602=ADVANCED_FACE('',(#1814),#1815,.F.);
#603=ADVANCED_FACE('',(#1816),#1817,.F.);
#604=ADVANCED_FACE('',(#1818),#1819,.F.);
#605=ADVANCED_FACE('',(#1820),#1821,.F.);
#606=ADVANCED_FACE('',(#1822),#1823,.T.);
#607=ADVANCED_FACE('',(#1824),#1825,.T.);
#608=ADVANCED_FACE('',(#1826),#1827,.T.);
#609=ADVANCED_FACE('',(#1828),#1829,.T.);
#610=ADVANCED_FACE('',(#1830),#1831,.T.);
#611=ADVANCED_FACE('',(#1832),#1833,.T.);
#612=ADVANCED_FACE('',(#1834),#1835,.T.);
#613=ADVANCED_FACE('',(#1836),#1837,.T.);
#614=ADVANCED_FACE('',(#1838),#1839,.T.);
#615=ADVANCED_FACE('',(#1840),#1841,.T.);
#616=ADVANCED_FACE('',(#1842),#1843,.T.);
#617=ADVANCED_FACE('',(#1844),#1845,.T.);
#618=ADVANCED_FACE('',(#1846),#1847,.T.);
#619=ADVANCED_FACE('',(#1848),#1849,.T.);
#620=ADVANCED_FACE('',(#1850),#1851,.T.);
#621=ADVANCED_FACE('',(#1852),#1853,.T.);
#622=ADVANCED_FACE('',(#1854),#1855,.T.);
#623=ADVANCED_FACE('',(#1856),#1857,.T.);
#624=ADVANCED_FACE('',(#1858),#1859,.T.);
#625=ADVANCED_FACE('',(#1860),#1861,.T.);
#626=ADVANCED_FACE('',(#1862),#1863,.F.);
#627=ADVANCED_FACE('',(#1864),#1865,.F.);
#628=ADVANCED_FACE('',(#1866),#1867,.F.);
#629=ADVANCED_FACE('',(#1868),#1869,.F.);
#630=ADVANCED_FACE('',(#1870),#1871,.T.);
#631=ADVANCED_FACE('',(#1872),#1873,.T.);
#632=ADVANCED_FACE('',(#1874),#1875,.T.);
#633=ADVANCED_FACE('',(#1876),#1877,.T.);
#634=ADVANCED_FACE('',(#1878),#1879,.T.);
#635=ADVANCED_FACE('',(#1880),#1881,.T.);
#636=ADVANCED_FACE('',(#1882),#1883,.T.);
#637=ADVANCED_FACE('',(#1884),#1885,.T.);
#638=ADVANCED_FACE('',(#1886),#1887,.T.);
#639=ADVANCED_FACE('',(#1888),#1889,.T.);
#640=ADVANCED_FACE('',(#1890),#1891,.T.);
#641=ADVANCED_FACE('',(#1892),#1893,.T.);
#642=ADVANCED_FACE('',(#1894),#1895,.T.);
#643=ADVANCED_FACE('',(#1896),#1897,.T.);
#644=ADVANCED_FACE('',(#1898),#1899,.T.);
#645=ADVANCED_FACE('',(#1900),#1901,.T.);
#646=ADVANCED_FACE('',(#1902),#1903,.T.);
#647=ADVANCED_FACE('',(#1904),#1905,.T.);
#648=ADVANCED_FACE('',(#1906),#1907,.T.);
#649=ADVANCED_FACE('',(#1908),#1909,.T.);
#650=ADVANCED_FACE('',(#1910),#1911,.F.);
#651=ADVANCED_FACE('',(#1912),#1913,.T.);
#652=ADVANCED_FACE('',(#1914),#1915,.F.);
#653=ADVANCED_FACE('',(#1916),#1917,.F.);
#654=ADVANCED_FACE('',(#1918),#1919,.F.);
#655=ADVANCED_FACE('',(#1920),#1921,.F.);
#656=ADVANCED_FACE('',(#1922,#1923),#1924,.T.);
#657=ADVANCED_FACE('',(#1925,#1926),#1927,.T.);
#658=ADVANCED_FACE('',(#1928),#1929,.F.);
#659=ADVANCED_FACE('',(#1930),#1931,.F.);
#660=ADVANCED_FACE('',(#1932),#1933,.F.);
#661=ADVANCED_FACE('',(#1934),#1935,.F.);
#662=ADVANCED_FACE('',(#1936),#1937,.F.);
#663=ADVANCED_FACE('',(#1938),#1939,.F.);
#664=ADVANCED_FACE('',(#1940),#1941,.F.);
#665=ADVANCED_FACE('',(#1942),#1943,.F.);
#666=ADVANCED_FACE('',(#1944),#1945,.F.);
#667=ADVANCED_FACE('',(#1946),#1947,.F.);
#668=ADVANCED_FACE('',(#1948),#1949,.T.);
#669=ADVANCED_FACE('',(#1950),#1951,.T.);
#670=ADVANCED_FACE('',(#1952),#1953,.T.);
#671=ADVANCED_FACE('',(#1954),#1955,.T.);
#672=ADVANCED_FACE('',(#1956),#1957,.T.);
#673=ADVANCED_FACE('',(#1958),#1959,.T.);
#674=ADVANCED_FACE('',(#1960),#1961,.T.);
#675=ADVANCED_FACE('',(#1962),#1963,.T.);
#676=ADVANCED_FACE('',(#1964),#1965,.T.);
#677=ADVANCED_FACE('',(#1966),#1967,.T.);
#678=ADVANCED_FACE('',(#1968),#1969,.T.);
#679=ADVANCED_FACE('',(#1970),#1971,.T.);
#680=ADVANCED_FACE('',(#1972),#1973,.T.);
#681=ADVANCED_FACE('',(#1974),#1975,.T.);
#682=ADVANCED_FACE('',(#1976),#1977,.T.);
#683=ADVANCED_FACE('',(#1978),#1979,.T.);
#684=ADVANCED_FACE('',(#1980),#1981,.T.);
#685=ADVANCED_FACE('',(#1982),#1983,.T.);
#686=ADVANCED_FACE('',(#1984),#1985,.T.);
#687=ADVANCED_FACE('',(#1986),#1987,.T.);
#688=ADVANCED_FACE('',(#1988),#1989,.F.);
#689=ADVANCED_FACE('',(#1990),#1991,.F.);
#690=ADVANCED_FACE('',(#1992),#1993,.F.);
#691=ADVANCED_FACE('',(#1994),#1995,.F.);
#692=ADVANCED_FACE('',(#1996),#1997,.F.);
#693=ADVANCED_FACE('',(#1998),#1999,.F.);
#694=ADVANCED_FACE('',(#2000),#2001,.F.);
#695=COMPOSITE_CURVE_SEGMENT(.CONTINUOUS.,.T.,#2002);
#696=COMPOSITE_CURVE_SEGMENT(.CONTINUOUS.,.T.,#2003);
#697=COMPOSITE_CURVE_SEGMENT(.CONTINUOUS.,.T.,#2004);
#698=COMPOSITE_CURVE_SEGMENT(.CONTINUOUS.,.T.,#2005);
#699=COMPOSITE_CURVE_SEGMENT(.CONTINUOUS.,.T.,#2006);
#700=COMPOSITE_CURVE_SEGMENT(.CONTINUOUS.,.T.,#2007);
#701=COMPOSITE_CURVE_SEGMENT(.CONTINUOUS.,.T.,#2008);
#702=COMPOSITE_CURVE_SEGMENT(.CONTINUOUS.,.T.,#2009);
#703=COMPOSITE_CURVE_SEGMENT(.CONTINUOUS.,.T.,#2010);
#704=COMPOSITE_CURVE_SEGMENT(.CONTINUOUS.,.T.,#2011);
#705=COMPOSITE_CURVE_SEGMENT(.CONTINUOUS.,.T.,#2012);
#706=COMPOSITE_CURVE_SEGMENT(.CONTINUOUS.,.T.,#2013);
#707=COMPOSITE_CURVE_SEGMENT(.CONTINUOUS.,.T.,#2014);
#708=COMPOSITE_CURVE_SEGMENT(.CONTINUOUS.,.T.,#2015);
#709=COMPOSITE_CURVE_SEGMENT(.CONTINUOUS.,.T.,#2016);
#710=COMPOSITE_CURVE_SEGMENT(.CONTINUOUS.,.T.,#2017);
#711=COMPOSITE_CURVE_SEGMENT(.CONTINUOUS.,.T.,#2018);
#712=COMPOSITE_CURVE_SEGMENT(.CONTINUOUS.,.T.,#2019);
#713=COMPOSITE_CURVE_SEGMENT(.CONTINUOUS.,.T.,#2020);
#714=COMPOSITE_CURVE_SEGMENT(.CONTINUOUS.,.T.,#2021);
#715=COMPOSITE_CURVE_SEGMENT(.CONTINUOUS.,.T.,#2022);
#716=COMPOSITE_CURVE_SEGMENT(.CONTINUOUS.,.T.,#2023);
#717=COMPOSITE_CURVE_SEGMENT(.CONTINUOUS.,.T.,#2024);
#718=COMPOSITE_CURVE_SEGMENT(.CONTINUOUS.,.T.,#2025);
#719=COMPOSITE_CURVE_SEGMENT(.CONTINUOUS.,.T.,#2026);
#720=COMPOSITE_CURVE_SEGMENT(.CONTINUOUS.,.T.,#2027);
#721=COMPOSITE_CURVE_SEGMENT(.CONTINUOUS.,.T.,#2028);
#722=COMPOSITE_CURVE_SEGMENT(.CONTINUOUS.,.T.,#2029);
#723=COMPOSITE_CURVE_SEGMENT(.CONTINUOUS.,.T.,#2030);
#724=COMPOSITE_CURVE_SEGMENT(.CONTINUOUS.,.T.,#2031);
#725=COMPOSITE_CURVE_SEGMENT(.CONTINUOUS.,.T.,#2032);
#726=COMPOSITE_CURVE_SEGMENT(.CONTINUOUS.,.T.,#2033);
#727=COMPOSITE_CURVE_SEGMENT(.CONTINUOUS.,.T.,#2034);
#728=COMPOSITE_CURVE_SEGMENT(.CONTINUOUS.,.T.,#2035);
#729=COMPOSITE_CURVE_SEGMENT(.CONTINUOUS.,.T.,#2036);
#730=COMPOSITE_CURVE_SEGMENT(.CONTINUOUS.,.T.,#2037);
#731=COMPOSITE_CURVE_SEGMENT(.CONTINUOUS.,.T.,#2038);
#732=COMPOSITE_CURVE_SEGMENT(.CONTINUOUS.,.T.,#2039);
#733=COMPOSITE_CURVE_SEGMENT(.CONTINUOUS.,.T.,#2040);
#734=COMPOSITE_CURVE_SEGMENT(.CONTINUOUS.,.T.,#2041);
#735=COMPOSITE_CURVE_SEGMENT(.CONTINUOUS.,.T.,#2042);
#736=COMPOSITE_CURVE_SEGMENT(.CONTINUOUS.,.T.,#2043);
#737=COMPOSITE_CURVE_SEGMENT(.CONTINUOUS.,.T.,#2044);
#738=COMPOSITE_CURVE_SEGMENT(.CONTINUOUS.,.T.,#2045);
#740=FACE_OUTER_BOUND('',#2046,.T.);
#741=CYLINDRICAL_SURFACE('',#2047,0.4);
#742=FACE_OUTER_BOUND('',#2048,.T.);
#743=PLANE('',#2049);
#744=FACE_OUTER_BOUND('',#2050,.T.);
#745=PLANE('',#2051);
#746=FACE_OUTER_BOUND('',#2052,.T.);
#747=PLANE('',#2053);
#748=FACE_OUTER_BOUND('',#2054,.T.);
#749=PLANE('',#2055);
#750=FACE_OUTER_BOUND('',#2056,.T.);
#751=PLANE('',#2057);
#752=FACE_OUTER_BOUND('',#2058,.T.);
#753=PLANE('',#2059);
#754=FACE_OUTER_BOUND('',#2060,.T.);
#755=PLANE('',#2061);
#756=FACE_OUTER_BOUND('',#2062,.T.);
#757=PLANE('',#2063);
#758=FACE_OUTER_BOUND('',#2064,.T.);
#759=PLANE('',#2065);
#760=FACE_OUTER_BOUND('',#2066,.T.);
#761=PLANE('',#2067);
#762=FACE_OUTER_BOUND('',#2068,.T.);
#763=PLANE('',#2069);
#764=FACE_OUTER_BOUND('',#2070,.T.);
#765=PLANE('',#2071);
#766=FACE_OUTER_BOUND('',#2072,.T.);
#767=PLANE('',#2073);
#768=FACE_OUTER_BOUND('',#2074,.T.);
#769=PLANE('',#2075);
#770=FACE_OUTER_BOUND('',#2076,.T.);
#771=PLANE('',#2077);
#772=FACE_OUTER_BOUND('',#2078,.T.);
#773=PLANE('',#2079);
#774=FACE_OUTER_BOUND('',#2080,.T.);
#775=PLANE('',#2081);
#776=FACE_OUTER_BOUND('',#2082,.T.);
#777=PLANE('',#2083);
#778=FACE_OUTER_BOUND('',#2084,.T.);
#779=PLANE('',#2085);
#780=FACE_OUTER_BOUND('',#2086,.T.);
#781=PLANE('',#2087);
#782=FACE_OUTER_BOUND('',#2088,.T.);
#783=PLANE('',#2089);
#784=FACE_OUTER_BOUND('',#2090,.T.);
#785=PLANE('',#2091);
#786=FACE_OUTER_BOUND('',#2092,.T.);
#787=PLANE('',#2093);
#788=FACE_OUTER_BOUND('',#2094,.T.);
#789=PLANE('',#2095);
#790=FACE_OUTER_BOUND('',#2096,.T.);
#791=PLANE('',#2097);
#792=FACE_OUTER_BOUND('',#2098,.T.);
#793=PLANE('',#2099);
#794=FACE_OUTER_BOUND('',#2100,.T.);
#795=PLANE('',#2101);
#796=FACE_OUTER_BOUND('',#2102,.T.);
#797=PLANE('',#2103);
#798=FACE_OUTER_BOUND('',#2104,.T.);
#799=PLANE('',#2105);
#800=FACE_OUTER_BOUND('',#2106,.T.);
#801=PLANE('',#2107);
#802=FACE_OUTER_BOUND('',#2108,.T.);
#803=PLANE('',#2109);
#804=FACE_OUTER_BOUND('',#2110,.T.);
#805=PLANE('',#2111);
#806=FACE_OUTER_BOUND('',#2112,.T.);
#807=PLANE('',#2113);
#808=FACE_OUTER_BOUND('',#2114,.T.);
#809=PLANE('',#2115);
#810=FACE_OUTER_BOUND('',#2116,.T.);
#811=PLANE('',#2117);
#812=FACE_OUTER_BOUND('',#2118,.T.);
#813=PLANE('',#2119);
#814=FACE_OUTER_BOUND('',#2120,.T.);
#815=PLANE('',#2121);
#816=FACE_OUTER_BOUND('',#2122,.T.);
#817=PLANE('',#2123);
#818=FACE_OUTER_BOUND('',#2124,.T.);
#819=PLANE('',#2125);
#820=FACE_OUTER_BOUND('',#2126,.T.);
#821=PLANE('',#2127);
#822=FACE_OUTER_BOUND('',#2128,.T.);
#823=PLANE('',#2129);
#824=FACE_OUTER_BOUND('',#2130,.T.);
#825=FACE_BOUND('',#2131,.T.);
#826=PLANE('',#2132);
#827=FACE_OUTER_BOUND('',#2133,.T.);
#828=FACE_BOUND('',#2134,.T.);
#829=PLANE('',#2135);
#830=FACE_OUTER_BOUND('',#2136,.T.);
#831=PLANE('',#2137);
#832=FACE_OUTER_BOUND('',#2138,.T.);
#833=FACE_BOUND('',#2139,.T.);
#834=PLANE('',#2140);
#835=FACE_OUTER_BOUND('',#2141,.T.);
#836=FACE_BOUND('',#2142,.T.);
#837=PLANE('',#2143);
#838=FACE_OUTER_BOUND('',#2144,.T.);
#839=PLANE('',#2145);
#840=FACE_OUTER_BOUND('',#2146,.T.);
#841=PLANE('',#2147);
#842=FACE_OUTER_BOUND('',#2148,.T.);
#843=PLANE('',#2149);
#844=FACE_OUTER_BOUND('',#2150,.T.);
#845=PLANE('',#2151);
#846=FACE_OUTER_BOUND('',#2152,.T.);
#847=PLANE('',#2153);
#848=FACE_OUTER_BOUND('',#2154,.T.);
#849=PLANE('',#2155);
#850=FACE_OUTER_BOUND('',#2156,.T.);
#851=PLANE('',#2157);
#852=FACE_OUTER_BOUND('',#2158,.T.);
#853=PLANE('',#2159);
#854=FACE_OUTER_BOUND('',#2160,.T.);
#855=PLANE('',#2161);
#856=FACE_OUTER_BOUND('',#2162,.T.);
#857=PLANE('',#2163);
#858=FACE_OUTER_BOUND('',#2164,.T.);
#859=PLANE('',#2165);
#860=FACE_OUTER_BOUND('',#2166,.T.);
#861=PLANE('',#2167);
#862=FACE_OUTER_BOUND('',#2168,.T.);
#863=PLANE('',#2169);
#864=FACE_OUTER_BOUND('',#2170,.T.);
#865=PLANE('',#2171);
#866=FACE_OUTER_BOUND('',#2172,.T.);
#867=PLANE('',#2173);
#868=FACE_OUTER_BOUND('',#2174,.T.);
#869=PLANE('',#2175);
#870=FACE_OUTER_BOUND('',#2176,.T.);
#871=PLANE('',#2177);
#872=FACE_OUTER_BOUND('',#2178,.T.);
#873=PLANE('',#2179);
#874=FACE_OUTER_BOUND('',#2180,.T.);
#875=PLANE('',#2181);
#876=FACE_OUTER_BOUND('',#2182,.T.);
#877=PLANE('',#2183);
#878=FACE_OUTER_BOUND('',#2184,.T.);
#879=PLANE('',#2185);
#880=FACE_OUTER_BOUND('',#2186,.T.);
#881=PLANE('',#2187);
#882=FACE_OUTER_BOUND('',#2188,.T.);
#883=PLANE('',#2189);
#884=FACE_OUTER_BOUND('',#2190,.T.);
#885=PLANE('',#2191);
#886=FACE_OUTER_BOUND('',#2192,.T.);
#887=PLANE('',#2193);
#888=FACE_OUTER_BOUND('',#2194,.T.);
#889=PLANE('',#2195);
#890=FACE_OUTER_BOUND('',#2196,.T.);
#891=PLANE('',#2197);
#892=FACE_OUTER_BOUND('',#2198,.T.);
#893=PLANE('',#2199);
#894=FACE_OUTER_BOUND('',#2200,.T.);
#895=PLANE('',#2201);
#896=FACE_OUTER_BOUND('',#2202,.T.);
#897=PLANE('',#2203);
#898=FACE_OUTER_BOUND('',#2204,.T.);
#899=PLANE('',#2205);
#900=FACE_OUTER_BOUND('',#2206,.T.);
#901=PLANE('',#2207);
#902=FACE_OUTER_BOUND('',#2208,.T.);
#903=PLANE('',#2209);
#904=FACE_OUTER_BOUND('',#2210,.T.);
#905=PLANE('',#2211);
#906=FACE_OUTER_BOUND('',#2212,.T.);
#907=PLANE('',#2213);
#908=FACE_OUTER_BOUND('',#2214,.T.);
#909=PLANE('',#2215);
#910=FACE_OUTER_BOUND('',#2216,.T.);
#911=PLANE('',#2217);
#912=FACE_OUTER_BOUND('',#2218,.T.);
#913=PLANE('',#2219);
#914=FACE_OUTER_BOUND('',#2220,.T.);
#915=PLANE('',#2221);
#916=FACE_OUTER_BOUND('',#2222,.T.);
#917=PLANE('',#2223);
#918=FACE_OUTER_BOUND('',#2224,.T.);
#919=PLANE('',#2225);
#920=FACE_OUTER_BOUND('',#2226,.T.);
#921=PLANE('',#2227);
#922=FACE_OUTER_BOUND('',#2228,.T.);
#923=PLANE('',#2229);
#924=FACE_OUTER_BOUND('',#2230,.T.);
#925=PLANE('',#2231);
#926=FACE_OUTER_BOUND('',#2232,.T.);
#927=PLANE('',#2233);
#928=FACE_OUTER_BOUND('',#2234,.T.);
#929=CYLINDRICAL_SURFACE('',#2235,0.4);
#930=FACE_OUTER_BOUND('',#2236,.T.);
#931=FACE_BOUND('',#2237,.T.);
#932=FACE_BOUND('',#2238,.T.);
#933=FACE_BOUND('',#2239,.T.);
#934=FACE_BOUND('',#2240,.T.);
#935=FACE_BOUND('',#2241,.T.);
#936=FACE_BOUND('',#2242,.T.);
#937=FACE_BOUND('',#2243,.T.);
#938=FACE_BOUND('',#2244,.T.);
#939=FACE_BOUND('',#2245,.T.);
#940=FACE_BOUND('',#2246,.T.);
#941=FACE_BOUND('',#2247,.T.);
#942=FACE_BOUND('',#2248,.T.);
#943=FACE_BOUND('',#2249,.T.);
#944=FACE_BOUND('',#2250,.T.);
#945=FACE_BOUND('',#2251,.T.);
#946=FACE_BOUND('',#2252,.T.);
#947=FACE_BOUND('',#2253,.T.);
#948=FACE_BOUND('',#2254,.T.);
#949=FACE_BOUND('',#2255,.T.);
#950=FACE_BOUND('',#2256,.T.);
#951=FACE_BOUND('',#2257,.T.);
#952=FACE_BOUND('',#2258,.T.);
#953=PLANE('',#2259);
#954=FACE_OUTER_BOUND('',#2260,.T.);
#955=PLANE('',#2261);
#956=FACE_OUTER_BOUND('',#2262,.T.);
#957=PLANE('',#2263);
#958=FACE_OUTER_BOUND('',#2264,.T.);
#959=PLANE('',#2265);
#960=FACE_OUTER_BOUND('',#2266,.T.);
#961=PLANE('',#2267);
#962=FACE_OUTER_BOUND('',#2268,.T.);
#963=PLANE('',#2269);
#964=FACE_OUTER_BOUND('',#2270,.T.);
#965=PLANE('',#2271);
#966=FACE_OUTER_BOUND('',#2272,.T.);
#967=PLANE('',#2273);
#968=FACE_OUTER_BOUND('',#2274,.T.);
#969=PLANE('',#2275);
#970=FACE_OUTER_BOUND('',#2276,.T.);
#971=PLANE('',#2277);
#972=FACE_OUTER_BOUND('',#2278,.T.);
#973=PLANE('',#2279);
#974=FACE_OUTER_BOUND('',#2280,.T.);
#975=FACE_BOUND('',#2281,.T.);
#976=PLANE('',#2282);
#977=FACE_OUTER_BOUND('',#2283,.T.);
#978=FACE_BOUND('',#2284,.T.);
#979=PLANE('',#2285);
#980=FACE_OUTER_BOUND('',#2286,.T.);
#981=PLANE('',#2287);
#982=FACE_OUTER_BOUND('',#2288,.T.);
#983=PLANE('',#2289);
#984=FACE_OUTER_BOUND('',#2290,.T.);
#985=PLANE('',#2291);
#986=FACE_OUTER_BOUND('',#2292,.T.);
#987=PLANE('',#2293);
#988=FACE_OUTER_BOUND('',#2294,.T.);
#989=PLANE('',#2295);
#990=FACE_OUTER_BOUND('',#2296,.T.);
#991=PLANE('',#2297);
#992=FACE_OUTER_BOUND('',#2298,.T.);
#993=PLANE('',#2299);
#994=FACE_OUTER_BOUND('',#2300,.T.);
#995=PLANE('',#2301);
#996=FACE_OUTER_BOUND('',#2302,.T.);
#997=PLANE('',#2303);
#998=FACE_OUTER_BOUND('',#2304,.T.);
#999=PLANE('',#2305);
#1000=FACE_OUTER_BOUND('',#2306,.T.);
#1001=PLANE('',#2307);
#1002=FACE_OUTER_BOUND('',#2308,.T.);
#1003=FACE_BOUND('',#2309,.T.);
#1004=PLANE('',#2310);
#1005=FACE_OUTER_BOUND('',#2311,.T.);
#1006=FACE_BOUND('',#2312,.T.);
#1007=PLANE('',#2313);
#1008=FACE_OUTER_BOUND('',#2314,.T.);
#1009=FACE_BOUND('',#2315,.T.);
#1010=PLANE('',#2316);
#1011=FACE_OUTER_BOUND('',#2317,.T.);
#1012=FACE_BOUND('',#2318,.T.);
#1013=PLANE('',#2319);
#1014=FACE_OUTER_BOUND('',#2320,.T.);
#1015=PLANE('',#2321);
#1016=FACE_OUTER_BOUND('',#2322,.T.);
#1017=PLANE('',#2323);
#1018=FACE_OUTER_BOUND('',#2324,.T.);
#1019=PLANE('',#2325);
#1020=FACE_OUTER_BOUND('',#2326,.T.);
#1021=PLANE('',#2327);
#1022=FACE_OUTER_BOUND('',#2328,.T.);
#1023=PLANE('',#2329);
#1024=FACE_OUTER_BOUND('',#2330,.T.);
#1025=PLANE('',#2331);
#1026=FACE_OUTER_BOUND('',#2332,.T.);
#1027=PLANE('',#2333);
#1028=FACE_OUTER_BOUND('',#2334,.T.);
#1029=PLANE('',#2335);
#1030=FACE_OUTER_BOUND('',#2336,.T.);
#1031=PLANE('',#2337);
#1032=FACE_OUTER_BOUND('',#2338,.T.);
#1033=PLANE('',#2339);
#1034=FACE_OUTER_BOUND('',#2340,.T.);
#1035=PLANE('',#2341);
#1036=FACE_OUTER_BOUND('',#2342,.T.);
#1037=PLANE('',#2343);
#1038=FACE_OUTER_BOUND('',#2344,.T.);
#1039=PLANE('',#2345);
#1040=FACE_OUTER_BOUND('',#2346,.T.);
#1041=PLANE('',#2347);
#1042=FACE_OUTER_BOUND('',#2348,.T.);
#1043=PLANE('',#2349);
#1044=FACE_OUTER_BOUND('',#2350,.T.);
#1045=PLANE('',#2351);
#1046=FACE_OUTER_BOUND('',#2352,.T.);
#1047=PLANE('',#2353);
#1048=FACE_OUTER_BOUND('',#2354,.T.);
#1049=PLANE('',#2355);
#1050=FACE_OUTER_BOUND('',#2356,.T.);
#1051=PLANE('',#2357);
#1052=FACE_OUTER_BOUND('',#2358,.T.);
#1053=PLANE('',#2359);
#1054=FACE_OUTER_BOUND('',#2360,.T.);
#1055=PLANE('',#2361);
#1056=FACE_OUTER_BOUND('',#2362,.T.);
#1057=PLANE('',#2363);
#1058=FACE_OUTER_BOUND('',#2364,.T.);
#1059=PLANE('',#2365);
#1060=FACE_OUTER_BOUND('',#2366,.T.);
#1061=PLANE('',#2367);
#1062=FACE_OUTER_BOUND('',#2368,.T.);
#1063=PLANE('',#2369);
#1064=FACE_OUTER_BOUND('',#2370,.T.);
#1065=PLANE('',#2371);
#1066=FACE_OUTER_BOUND('',#2372,.T.);
#1067=PLANE('',#2373);
#1068=FACE_OUTER_BOUND('',#2374,.T.);
#1069=PLANE('',#2375);
#1070=FACE_OUTER_BOUND('',#2376,.T.);
#1071=PLANE('',#2377);
#1072=FACE_OUTER_BOUND('',#2378,.T.);
#1073=PLANE('',#2379);
#1074=FACE_OUTER_BOUND('',#2380,.T.);
#1075=PLANE('',#2381);
#1076=FACE_OUTER_BOUND('',#2382,.T.);
#1077=PLANE('',#2383);
#1078=FACE_OUTER_BOUND('',#2384,.T.);
#1079=PLANE('',#2385);
#1080=FACE_OUTER_BOUND('',#2386,.T.);
#1081=PLANE('',#2387);
#1082=FACE_OUTER_BOUND('',#2388,.T.);
#1083=PLANE('',#2389);
#1084=FACE_OUTER_BOUND('',#2390,.T.);
#1085=PLANE('',#2391);
#1086=FACE_OUTER_BOUND('',#2392,.T.);
#1087=PLANE('',#2393);
#1088=FACE_OUTER_BOUND('',#2394,.T.);
#1089=PLANE('',#2395);
#1090=FACE_OUTER_BOUND('',#2396,.T.);
#1091=PLANE('',#2397);
#1092=FACE_OUTER_BOUND('',#2398,.T.);
#1093=PLANE('',#2399);
#1094=FACE_OUTER_BOUND('',#2400,.T.);
#1095=PLANE('',#2401);
#1096=FACE_OUTER_BOUND('',#2402,.T.);
#1097=PLANE('',#2403);
#1098=FACE_OUTER_BOUND('',#2404,.T.);
#1099=PLANE('',#2405);
#1100=FACE_OUTER_BOUND('',#2406,.T.);
#1101=PLANE('',#2407);
#1102=FACE_OUTER_BOUND('',#2408,.T.);
#1103=PLANE('',#2409);
#1104=FACE_OUTER_BOUND('',#2410,.T.);
#1105=PLANE('',#2411);
#1106=FACE_OUTER_BOUND('',#2412,.T.);
#1107=PLANE('',#2413);
#1108=FACE_OUTER_BOUND('',#2414,.T.);
#1109=PLANE('',#2415);
#1110=FACE_OUTER_BOUND('',#2416,.T.);
#1111=PLANE('',#2417);
#1112=FACE_OUTER_BOUND('',#2418,.T.);
#1113=PLANE('',#2419);
#1114=FACE_OUTER_BOUND('',#2420,.T.);
#1115=PLANE('',#2421);
#1116=FACE_OUTER_BOUND('',#2422,.T.);
#1117=PLANE('',#2423);
#1118=FACE_OUTER_BOUND('',#2424,.T.);
#1119=PLANE('',#2425);
#1120=FACE_OUTER_BOUND('',#2426,.T.);
#1121=PLANE('',#2427);
#1122=FACE_OUTER_BOUND('',#2428,.T.);
#1123=PLANE('',#2429);
#1124=FACE_OUTER_BOUND('',#2430,.T.);
#1125=PLANE('',#2431);
#1126=FACE_OUTER_BOUND('',#2432,.T.);
#1127=FACE_BOUND('',#2433,.T.);
#1128=PLANE('',#2434);
#1129=FACE_OUTER_BOUND('',#2435,.T.);
#1130=FACE_BOUND('',#2436,.T.);
#1131=PLANE('',#2437);
#1132=FACE_OUTER_BOUND('',#2438,.T.);
#1133=PLANE('',#2439);
#1134=FACE_OUTER_BOUND('',#2440,.T.);
#1135=PLANE('',#2441);
#1136=FACE_OUTER_BOUND('',#2442,.T.);
#1137=PLANE('',#2443);
#1138=FACE_OUTER_BOUND('',#2444,.T.);
#1139=PLANE('',#2445);
#1140=FACE_OUTER_BOUND('',#2446,.T.);
#1141=PLANE('',#2447);
#1142=FACE_OUTER_BOUND('',#2448,.T.);
#1143=PLANE('',#2449);
#1144=FACE_OUTER_BOUND('',#2450,.T.);
#1145=PLANE('',#2451);
#1146=FACE_OUTER_BOUND('',#2452,.T.);
#1147=PLANE('',#2453);
#1148=FACE_OUTER_BOUND('',#2454,.T.);
#1149=PLANE('',#2455);
#1150=FACE_OUTER_BOUND('',#2456,.T.);
#1151=PLANE('',#2457);
#1152=FACE_OUTER_BOUND('',#2458,.T.);
#1153=PLANE('',#2459);
#1154=FACE_OUTER_BOUND('',#2460,.T.);
#1155=PLANE('',#2461);
#1156=FACE_OUTER_BOUND('',#2462,.T.);
#1157=PLANE('',#2463);
#1158=FACE_OUTER_BOUND('',#2464,.T.);
#1159=PLANE('',#2465);
#1160=FACE_OUTER_BOUND('',#2466,.T.);
#1161=PLANE('',#2467);
#1162=FACE_OUTER_BOUND('',#2468,.T.);
#1163=PLANE('',#2469);
#1164=FACE_OUTER_BOUND('',#2470,.T.);
#1165=PLANE('',#2471);
#1166=FACE_OUTER_BOUND('',#2472,.T.);
#1167=FACE_BOUND('',#2473,.T.);
#1168=PLANE('',#2474);
#1169=FACE_OUTER_BOUND('',#2475,.T.);
#1170=FACE_BOUND('',#2476,.T.);
#1171=PLANE('',#2477);
#1172=FACE_OUTER_BOUND('',#2478,.T.);
#1173=PLANE('',#2479);
#1174=FACE_OUTER_BOUND('',#2480,.T.);
#1175=PLANE('',#2481);
#1176=FACE_OUTER_BOUND('',#2482,.T.);
#1177=PLANE('',#2483);
#1178=FACE_OUTER_BOUND('',#2484,.T.);
#1179=PLANE('',#2485);
#1180=FACE_OUTER_BOUND('',#2486,.T.);
#1181=PLANE('',#2487);
#1182=FACE_OUTER_BOUND('',#2488,.T.);
#1183=PLANE('',#2489);
#1184=FACE_OUTER_BOUND('',#2490,.T.);
#1185=PLANE('',#2491);
#1186=FACE_OUTER_BOUND('',#2492,.T.);
#1187=PLANE('',#2493);
#1188=FACE_OUTER_BOUND('',#2494,.T.);
#1189=PLANE('',#2495);
#1190=FACE_OUTER_BOUND('',#2496,.T.);
#1191=PLANE('',#2497);
#1192=FACE_OUTER_BOUND('',#2498,.T.);
#1193=PLANE('',#2499);
#1194=FACE_OUTER_BOUND('',#2500,.T.);
#1195=FACE_BOUND('',#2501,.T.);
#1196=PLANE('',#2502);
#1197=FACE_OUTER_BOUND('',#2503,.T.);
#1198=FACE_BOUND('',#2504,.T.);
#1199=PLANE('',#2505);
#1200=FACE_OUTER_BOUND('',#2506,.T.);
#1201=FACE_BOUND('',#2507,.T.);
#1202=PLANE('',#2508);
#1203=FACE_OUTER_BOUND('',#2509,.T.);
#1204=FACE_BOUND('',#2510,.T.);
#1205=PLANE('',#2511);
#1206=FACE_OUTER_BOUND('',#2512,.T.);
#1207=PLANE('',#2513);
#1208=FACE_OUTER_BOUND('',#2514,.T.);
#1209=PLANE('',#2515);
#1210=FACE_OUTER_BOUND('',#2516,.T.);
#1211=PLANE('',#2517);
#1212=FACE_OUTER_BOUND('',#2518,.T.);
#1213=PLANE('',#2519);
#1214=FACE_OUTER_BOUND('',#2520,.T.);
#1215=PLANE('',#2521);
#1216=FACE_OUTER_BOUND('',#2522,.T.);
#1217=PLANE('',#2523);
#1218=FACE_OUTER_BOUND('',#2524,.T.);
#1219=PLANE('',#2525);
#1220=FACE_OUTER_BOUND('',#2526,.T.);
#1221=PLANE('',#2527);
#1222=FACE_OUTER_BOUND('',#2528,.T.);
#1223=PLANE('',#2529);
#1224=FACE_OUTER_BOUND('',#2530,.T.);
#1225=PLANE('',#2531);
#1226=FACE_OUTER_BOUND('',#2532,.T.);
#1227=PLANE('',#2533);
#1228=FACE_OUTER_BOUND('',#2534,.T.);
#1229=PLANE('',#2535);
#1230=FACE_OUTER_BOUND('',#2536,.T.);
#1231=PLANE('',#2537);
#1232=FACE_OUTER_BOUND('',#2538,.T.);
#1233=PLANE('',#2539);
#1234=FACE_OUTER_BOUND('',#2540,.T.);
#1235=PLANE('',#2541);
#1236=FACE_OUTER_BOUND('',#2542,.T.);
#1237=PLANE('',#2543);
#1238=FACE_OUTER_BOUND('',#2544,.T.);
#1239=PLANE('',#2545);
#1240=FACE_OUTER_BOUND('',#2546,.T.);
#1241=PLANE('',#2547);
#1242=FACE_OUTER_BOUND('',#2548,.T.);
#1243=PLANE('',#2549);
#1244=FACE_OUTER_BOUND('',#2550,.T.);
#1245=PLANE('',#2551);
#1246=FACE_OUTER_BOUND('',#2552,.T.);
#1247=PLANE('',#2553);
#1248=FACE_OUTER_BOUND('',#2554,.T.);
#1249=PLANE('',#2555);
#1250=FACE_OUTER_BOUND('',#2556,.T.);
#1251=PLANE('',#2557);
#1252=FACE_OUTER_BOUND('',#2558,.T.);
#1253=PLANE('',#2559);
#1254=FACE_OUTER_BOUND('',#2560,.T.);
#1255=PLANE('',#2561);
#1256=FACE_OUTER_BOUND('',#2562,.T.);
#1257=PLANE('',#2563);
#1258=FACE_OUTER_BOUND('',#2564,.T.);
#1259=PLANE('',#2565);
#1260=FACE_OUTER_BOUND('',#2566,.T.);
#1261=PLANE('',#2567);
#1262=FACE_OUTER_BOUND('',#2568,.T.);
#1263=PLANE('',#2569);
#1264=FACE_OUTER_BOUND('',#2570,.T.);
#1265=PLANE('',#2571);
#1266=FACE_OUTER_BOUND('',#2572,.T.);
#1267=PLANE('',#2573);
#1268=FACE_OUTER_BOUND('',#2574,.T.);
#1269=PLANE('',#2575);
#1270=FACE_OUTER_BOUND('',#2576,.T.);
#1271=PLANE('',#2577);
#1272=FACE_OUTER_BOUND('',#2578,.T.);
#1273=PLANE('',#2579);
#1274=FACE_OUTER_BOUND('',#2580,.T.);
#1275=PLANE('',#2581);
#1276=FACE_OUTER_BOUND('',#2582,.T.);
#1277=PLANE('',#2583);
#1278=FACE_OUTER_BOUND('',#2584,.T.);
#1279=PLANE('',#2585);
#1280=FACE_OUTER_BOUND('',#2586,.T.);
#1281=PLANE('',#2587);
#1282=FACE_OUTER_BOUND('',#2588,.T.);
#1283=PLANE('',#2589);
#1284=FACE_OUTER_BOUND('',#2590,.T.);
#1285=PLANE('',#2591);
#1286=FACE_OUTER_BOUND('',#2592,.T.);
#1287=PLANE('',#2593);
#1288=FACE_OUTER_BOUND('',#2594,.T.);
#1289=PLANE('',#2595);
#1290=FACE_OUTER_BOUND('',#2596,.T.);
#1291=PLANE('',#2597);
#1292=FACE_OUTER_BOUND('',#2598,.T.);
#1293=PLANE('',#2599);
#1294=FACE_OUTER_BOUND('',#2600,.T.);
#1295=PLANE('',#2601);
#1296=FACE_OUTER_BOUND('',#2602,.T.);
#1297=PLANE('',#2603);
#1298=FACE_OUTER_BOUND('',#2604,.T.);
#1299=PLANE('',#2605);
#1300=FACE_OUTER_BOUND('',#2606,.T.);
#1301=PLANE('',#2607);
#1302=FACE_OUTER_BOUND('',#2608,.T.);
#1303=PLANE('',#2609);
#1304=FACE_OUTER_BOUND('',#2610,.T.);
#1305=PLANE('',#2611);
#1306=FACE_OUTER_BOUND('',#2612,.T.);
#1307=PLANE('',#2613);
#1308=FACE_OUTER_BOUND('',#2614,.T.);
#1309=PLANE('',#2615);
#1310=FACE_OUTER_BOUND('',#2616,.T.);
#1311=PLANE('',#2617);
#1312=FACE_OUTER_BOUND('',#2618,.T.);
#1313=PLANE('',#2619);
#1314=FACE_OUTER_BOUND('',#2620,.T.);
#1315=PLANE('',#2621);
#1316=FACE_OUTER_BOUND('',#2622,.T.);
#1317=PLANE('',#2623);
#1318=FACE_OUTER_BOUND('',#2624,.T.);
#1319=FACE_BOUND('',#2625,.T.);
#1320=PLANE('',#2626);
#1321=FACE_OUTER_BOUND('',#2627,.T.);
#1322=FACE_BOUND('',#2628,.T.);
#1323=PLANE('',#2629);
#1324=FACE_OUTER_BOUND('',#2630,.T.);
#1325=PLANE('',#2631);
#1326=FACE_OUTER_BOUND('',#2632,.T.);
#1327=PLANE('',#2633);
#1328=FACE_OUTER_BOUND('',#2634,.T.);
#1329=PLANE('',#2635);
#1330=FACE_OUTER_BOUND('',#2636,.T.);
#1331=PLANE('',#2637);
#1332=FACE_OUTER_BOUND('',#2638,.T.);
#1333=PLANE('',#2639);
#1334=FACE_OUTER_BOUND('',#2640,.T.);
#1335=PLANE('',#2641);
#1336=FACE_OUTER_BOUND('',#2642,.T.);
#1337=PLANE('',#2643);
#1338=FACE_OUTER_BOUND('',#2644,.T.);
#1339=PLANE('',#2645);
#1340=FACE_OUTER_BOUND('',#2646,.T.);
#1341=PLANE('',#2647);
#1342=FACE_OUTER_BOUND('',#2648,.T.);
#1343=PLANE('',#2649);
#1344=FACE_OUTER_BOUND('',#2650,.T.);
#1345=PLANE('',#2651);
#1346=FACE_OUTER_BOUND('',#2652,.T.);
#1347=PLANE('',#2653);
#1348=FACE_OUTER_BOUND('',#2654,.T.);
#1349=PLANE('',#2655);
#1350=FACE_OUTER_BOUND('',#2656,.T.);
#1351=PLANE('',#2657);
#1352=FACE_OUTER_BOUND('',#2658,.T.);
#1353=PLANE('',#2659);
#1354=FACE_OUTER_BOUND('',#2660,.T.);
#1355=PLANE('',#2661);
#1356=FACE_OUTER_BOUND('',#2662,.T.);
#1357=PLANE('',#2663);
#1358=FACE_OUTER_BOUND('',#2664,.T.);
#1359=FACE_BOUND('',#2665,.T.);
#1360=PLANE('',#2666);
#1361=FACE_OUTER_BOUND('',#2667,.T.);
#1362=FACE_BOUND('',#2668,.T.);
#1363=PLANE('',#2669);
#1364=FACE_OUTER_BOUND('',#2670,.T.);
#1365=PLANE('',#2671);
#1366=FACE_OUTER_BOUND('',#2672,.T.);
#1367=PLANE('',#2673);
#1368=FACE_OUTER_BOUND('',#2674,.T.);
#1369=PLANE('',#2675);
#1370=FACE_OUTER_BOUND('',#2676,.T.);
#1371=PLANE('',#2677);
#1372=FACE_OUTER_BOUND('',#2678,.T.);
#1373=PLANE('',#2679);
#1374=FACE_OUTER_BOUND('',#2680,.T.);
#1375=PLANE('',#2681);
#1376=FACE_OUTER_BOUND('',#2682,.T.);
#1377=PLANE('',#2683);
#1378=FACE_OUTER_BOUND('',#2684,.T.);
#1379=PLANE('',#2685);
#1380=FACE_OUTER_BOUND('',#2686,.T.);
#1381=PLANE('',#2687);
#1382=FACE_OUTER_BOUND('',#2688,.T.);
#1383=PLANE('',#2689);
#1384=FACE_OUTER_BOUND('',#2690,.T.);
#1385=PLANE('',#2691);
#1386=FACE_OUTER_BOUND('',#2692,.T.);
#1387=FACE_BOUND('',#2693,.T.);
#1388=PLANE('',#2694);
#1389=FACE_OUTER_BOUND('',#2695,.T.);
#1390=FACE_BOUND('',#2696,.T.);
#1391=PLANE('',#2697);
#1392=FACE_OUTER_BOUND('',#2698,.T.);
#1393=FACE_BOUND('',#2699,.T.);
#1394=PLANE('',#2700);
#1395=FACE_OUTER_BOUND('',#2701,.T.);
#1396=FACE_BOUND('',#2702,.T.);
#1397=PLANE('',#2703);
#1398=FACE_OUTER_BOUND('',#2704,.T.);
#1399=PLANE('',#2705);
#1400=FACE_OUTER_BOUND('',#2706,.T.);
#1401=PLANE('',#2707);
#1402=FACE_OUTER_BOUND('',#2708,.T.);
#1403=PLANE('',#2709);
#1404=FACE_OUTER_BOUND('',#2710,.T.);
#1405=PLANE('',#2711);
#1406=FACE_OUTER_BOUND('',#2712,.T.);
#1407=PLANE('',#2713);
#1408=FACE_OUTER_BOUND('',#2714,.T.);
#1409=PLANE('',#2715);
#1410=FACE_OUTER_BOUND('',#2716,.T.);
#1411=PLANE('',#2717);
#1412=FACE_OUTER_BOUND('',#2718,.T.);
#1413=PLANE('',#2719);
#1414=FACE_OUTER_BOUND('',#2720,.T.);
#1415=PLANE('',#2721);
#1416=FACE_OUTER_BOUND('',#2722,.T.);
#1417=PLANE('',#2723);
#1418=FACE_OUTER_BOUND('',#2724,.T.);
#1419=PLANE('',#2725);
#1420=FACE_OUTER_BOUND('',#2726,.T.);
#1421=PLANE('',#2727);
#1422=FACE_OUTER_BOUND('',#2728,.T.);
#1423=PLANE('',#2729);
#1424=FACE_OUTER_BOUND('',#2730,.T.);
#1425=PLANE('',#2731);
#1426=FACE_OUTER_BOUND('',#2732,.T.);
#1427=PLANE('',#2733);
#1428=FACE_OUTER_BOUND('',#2734,.T.);
#1429=PLANE('',#2735);
#1430=FACE_OUTER_BOUND('',#2736,.T.);
#1431=PLANE('',#2737);
#1432=FACE_OUTER_BOUND('',#2738,.T.);
#1433=PLANE('',#2739);
#1434=FACE_OUTER_BOUND('',#2740,.T.);
#1435=PLANE('',#2741);
#1436=FACE_OUTER_BOUND('',#2742,.T.);
#1437=PLANE('',#2743);
#1438=FACE_OUTER_BOUND('',#2744,.T.);
#1439=PLANE('',#2745);
#1440=FACE_OUTER_BOUND('',#2746,.T.);
#1441=PLANE('',#2747);
#1442=FACE_OUTER_BOUND('',#2748,.T.);
#1443=PLANE('',#2749);
#1444=FACE_OUTER_BOUND('',#2750,.T.);
#1445=PLANE('',#2751);
#1446=FACE_OUTER_BOUND('',#2752,.T.);
#1447=PLANE('',#2753);
#1448=FACE_OUTER_BOUND('',#2754,.T.);
#1449=PLANE('',#2755);
#1450=FACE_OUTER_BOUND('',#2756,.T.);
#1451=PLANE('',#2757);
#1452=FACE_OUTER_BOUND('',#2758,.T.);
#1453=PLANE('',#2759);
#1454=FACE_OUTER_BOUND('',#2760,.T.);
#1455=PLANE('',#2761);
#1456=FACE_OUTER_BOUND('',#2762,.T.);
#1457=PLANE('',#2763);
#1458=FACE_OUTER_BOUND('',#2764,.T.);
#1459=PLANE('',#2765);
#1460=FACE_OUTER_BOUND('',#2766,.T.);
#1461=PLANE('',#2767);
#1462=FACE_OUTER_BOUND('',#2768,.T.);
#1463=PLANE('',#2769);
#1464=FACE_OUTER_BOUND('',#2770,.T.);
#1465=PLANE('',#2771);
#1466=FACE_OUTER_BOUND('',#2772,.T.);
#1467=PLANE('',#2773);
#1468=FACE_OUTER_BOUND('',#2774,.T.);
#1469=PLANE('',#2775);
#1470=FACE_OUTER_BOUND('',#2776,.T.);
#1471=PLANE('',#2777);
#1472=FACE_OUTER_BOUND('',#2778,.T.);
#1473=PLANE('',#2779);
#1474=FACE_OUTER_BOUND('',#2780,.T.);
#1475=PLANE('',#2781);
#1476=FACE_OUTER_BOUND('',#2782,.T.);
#1477=PLANE('',#2783);
#1478=FACE_OUTER_BOUND('',#2784,.T.);
#1479=PLANE('',#2785);
#1480=FACE_OUTER_BOUND('',#2786,.T.);
#1481=PLANE('',#2787);
#1482=FACE_OUTER_BOUND('',#2788,.T.);
#1483=PLANE('',#2789);
#1484=FACE_OUTER_BOUND('',#2790,.T.);
#1485=PLANE('',#2791);
#1486=FACE_OUTER_BOUND('',#2792,.T.);
#1487=PLANE('',#2793);
#1488=FACE_OUTER_BOUND('',#2794,.T.);
#1489=PLANE('',#2795);
#1490=FACE_OUTER_BOUND('',#2796,.T.);
#1491=PLANE('',#2797);
#1492=FACE_OUTER_BOUND('',#2798,.T.);
#1493=PLANE('',#2799);
#1494=FACE_OUTER_BOUND('',#2800,.T.);
#1495=PLANE('',#2801);
#1496=FACE_OUTER_BOUND('',#2802,.T.);
#1497=PLANE('',#2803);
#1498=FACE_OUTER_BOUND('',#2804,.T.);
#1499=PLANE('',#2805);
#1500=FACE_OUTER_BOUND('',#2806,.T.);
#1501=PLANE('',#2807);
#1502=FACE_OUTER_BOUND('',#2808,.T.);
#1503=PLANE('',#2809);
#1504=FACE_OUTER_BOUND('',#2810,.T.);
#1505=PLANE('',#2811);
#1506=FACE_OUTER_BOUND('',#2812,.T.);
#1507=PLANE('',#2813);
#1508=FACE_OUTER_BOUND('',#2814,.T.);
#1509=PLANE('',#2815);
#1510=FACE_OUTER_BOUND('',#2816,.T.);
#1511=FACE_BOUND('',#2817,.T.);
#1512=PLANE('',#2818);
#1513=FACE_OUTER_BOUND('',#2819,.T.);
#1514=FACE_BOUND('',#2820,.T.);
#1515=PLANE('',#2821);
#1516=FACE_OUTER_BOUND('',#2822,.T.);
#1517=PLANE('',#2823);
#1518=FACE_OUTER_BOUND('',#2824,.T.);
#1519=PLANE('',#2825);
#1520=FACE_OUTER_BOUND('',#2826,.T.);
#1521=PLANE('',#2827);
#1522=FACE_OUTER_BOUND('',#2828,.T.);
#1523=PLANE('',#2829);
#1524=FACE_OUTER_BOUND('',#2830,.T.);
#1525=PLANE('',#2831);
#1526=FACE_OUTER_BOUND('',#2832,.T.);
#1527=PLANE('',#2833);
#1528=FACE_OUTER_BOUND('',#2834,.T.);
#1529=PLANE('',#2835);
#1530=FACE_OUTER_BOUND('',#2836,.T.);
#1531=PLANE('',#2837);
#1532=FACE_OUTER_BOUND('',#2838,.T.);
#1533=PLANE('',#2839);
#1534=FACE_OUTER_BOUND('',#2840,.T.);
#1535=PLANE('',#2841);
#1536=FACE_OUTER_BOUND('',#2842,.T.);
#1537=PLANE('',#2843);
#1538=FACE_OUTER_BOUND('',#2844,.T.);
#1539=PLANE('',#2845);
#1540=FACE_OUTER_BOUND('',#2846,.T.);
#1541=PLANE('',#2847);
#1542=FACE_OUTER_BOUND('',#2848,.T.);
#1543=PLANE('',#2849);
#1544=FACE_OUTER_BOUND('',#2850,.T.);
#1545=PLANE('',#2851);
#1546=FACE_OUTER_BOUND('',#2852,.T.);
#1547=PLANE('',#2853);
#1548=FACE_OUTER_BOUND('',#2854,.T.);
#1549=PLANE('',#2855);
#1550=FACE_OUTER_BOUND('',#2856,.T.);
#1551=FACE_BOUND('',#2857,.T.);
#1552=PLANE('',#2858);
#1553=FACE_OUTER_BOUND('',#2859,.T.);
#1554=FACE_BOUND('',#2860,.T.);
#1555=PLANE('',#2861);
#1556=FACE_OUTER_BOUND('',#2862,.T.);
#1557=PLANE('',#2863);
#1558=FACE_OUTER_BOUND('',#2864,.T.);
#1559=PLANE('',#2865);
#1560=FACE_OUTER_BOUND('',#2866,.T.);
#1561=PLANE('',#2867);
#1562=FACE_OUTER_BOUND('',#2868,.T.);
#1563=PLANE('',#2869);
#1564=FACE_OUTER_BOUND('',#2870,.T.);
#1565=PLANE('',#2871);
#1566=FACE_OUTER_BOUND('',#2872,.T.);
#1567=PLANE('',#2873);
#1568=FACE_OUTER_BOUND('',#2874,.T.);
#1569=PLANE('',#2875);
#1570=FACE_OUTER_BOUND('',#2876,.T.);
#1571=PLANE('',#2877);
#1572=FACE_OUTER_BOUND('',#2878,.T.);
#1573=PLANE('',#2879);
#1574=FACE_OUTER_BOUND('',#2880,.T.);
#1575=PLANE('',#2881);
#1576=FACE_OUTER_BOUND('',#2882,.T.);
#1577=PLANE('',#2883);
#1578=FACE_OUTER_BOUND('',#2884,.T.);
#1579=FACE_BOUND('',#2885,.T.);
#1580=PLANE('',#2886);
#1581=FACE_OUTER_BOUND('',#2887,.T.);
#1582=FACE_BOUND('',#2888,.T.);
#1583=PLANE('',#2889);
#1584=FACE_OUTER_BOUND('',#2890,.T.);
#1585=FACE_BOUND('',#2891,.T.);
#1586=PLANE('',#2892);
#1587=FACE_OUTER_BOUND('',#2893,.T.);
#1588=FACE_BOUND('',#2894,.T.);
#1589=PLANE('',#2895);
#1590=FACE_OUTER_BOUND('',#2896,.T.);
#1591=PLANE('',#2897);
#1592=FACE_OUTER_BOUND('',#2898,.T.);
#1593=PLANE('',#2899);
#1594=FACE_OUTER_BOUND('',#2900,.T.);
#1595=PLANE('',#2901);
#1596=FACE_OUTER_BOUND('',#2902,.T.);
#1597=PLANE('',#2903);
#1598=FACE_OUTER_BOUND('',#2904,.T.);
#1599=PLANE('',#2905);
#1600=FACE_OUTER_BOUND('',#2906,.T.);
#1601=PLANE('',#2907);
#1602=FACE_OUTER_BOUND('',#2908,.T.);
#1603=PLANE('',#2909);
#1604=FACE_OUTER_BOUND('',#2910,.T.);
#1605=PLANE('',#2911);
#1606=FACE_OUTER_BOUND('',#2912,.T.);
#1607=PLANE('',#2913);
#1608=FACE_OUTER_BOUND('',#2914,.T.);
#1609=PLANE('',#2915);
#1610=FACE_OUTER_BOUND('',#2916,.T.);
#1611=PLANE('',#2917);
#1612=FACE_OUTER_BOUND('',#2918,.T.);
#1613=PLANE('',#2919);
#1614=FACE_OUTER_BOUND('',#2920,.T.);
#1615=PLANE('',#2921);
#1616=FACE_OUTER_BOUND('',#2922,.T.);
#1617=PLANE('',#2923);
#1618=FACE_OUTER_BOUND('',#2924,.T.);
#1619=PLANE('',#2925);
#1620=FACE_OUTER_BOUND('',#2926,.T.);
#1621=PLANE('',#2927);
#1622=FACE_OUTER_BOUND('',#2928,.T.);
#1623=PLANE('',#2929);
#1624=FACE_OUTER_BOUND('',#2930,.T.);
#1625=PLANE('',#2931);
#1626=FACE_OUTER_BOUND('',#2932,.T.);
#1627=PLANE('',#2933);
#1628=FACE_OUTER_BOUND('',#2934,.T.);
#1629=PLANE('',#2935);
#1630=FACE_OUTER_BOUND('',#2936,.T.);
#1631=PLANE('',#2937);
#1632=FACE_OUTER_BOUND('',#2938,.T.);
#1633=PLANE('',#2939);
#1634=FACE_OUTER_BOUND('',#2940,.T.);
#1635=PLANE('',#2941);
#1636=FACE_OUTER_BOUND('',#2942,.T.);
#1637=PLANE('',#2943);
#1638=FACE_OUTER_BOUND('',#2944,.T.);
#1639=PLANE('',#2945);
#1640=FACE_OUTER_BOUND('',#2946,.T.);
#1641=PLANE('',#2947);
#1642=FACE_OUTER_BOUND('',#2948,.T.);
#1643=PLANE('',#2949);
#1644=FACE_OUTER_BOUND('',#2950,.T.);
#1645=PLANE('',#2951);
#1646=FACE_OUTER_BOUND('',#2952,.T.);
#1647=PLANE('',#2953);
#1648=FACE_OUTER_BOUND('',#2954,.T.);
#1649=PLANE('',#2955);
#1650=FACE_OUTER_BOUND('',#2956,.T.);
#1651=PLANE('',#2957);
#1652=FACE_OUTER_BOUND('',#2958,.T.);
#1653=PLANE('',#2959);
#1654=FACE_OUTER_BOUND('',#2960,.T.);
#1655=PLANE('',#2961);
#1656=FACE_OUTER_BOUND('',#2962,.T.);
#1657=PLANE('',#2963);
#1658=FACE_OUTER_BOUND('',#2964,.T.);
#1659=PLANE('',#2965);
#1660=FACE_OUTER_BOUND('',#2966,.T.);
#1661=PLANE('',#2967);
#1662=FACE_OUTER_BOUND('',#2968,.T.);
#1663=PLANE('',#2969);
#1664=FACE_OUTER_BOUND('',#2970,.T.);
#1665=PLANE('',#2971);
#1666=FACE_OUTER_BOUND('',#2972,.T.);
#1667=PLANE('',#2973);
#1668=FACE_OUTER_BOUND('',#2974,.T.);
#1669=PLANE('',#2975);
#1670=FACE_OUTER_BOUND('',#2976,.T.);
#1671=PLANE('',#2977);
#1672=FACE_OUTER_BOUND('',#2978,.T.);
#1673=PLANE('',#2979);
#1674=FACE_OUTER_BOUND('',#2980,.T.);
#1675=PLANE('',#2981);
#1676=FACE_OUTER_BOUND('',#2982,.T.);
#1677=PLANE('',#2983);
#1678=FACE_OUTER_BOUND('',#2984,.T.);
#1679=PLANE('',#2985);
#1680=FACE_OUTER_BOUND('',#2986,.T.);
#1681=PLANE('',#2987);
#1682=FACE_OUTER_BOUND('',#2988,.T.);
#1683=PLANE('',#2989);
#1684=FACE_OUTER_BOUND('',#2990,.T.);
#1685=PLANE('',#2991);
#1686=FACE_OUTER_BOUND('',#2992,.T.);
#1687=PLANE('',#2993);
#1688=FACE_OUTER_BOUND('',#2994,.T.);
#1689=PLANE('',#2995);
#1690=FACE_OUTER_BOUND('',#2996,.T.);
#1691=PLANE('',#2997);
#1692=FACE_OUTER_BOUND('',#2998,.T.);
#1693=PLANE('',#2999);
#1694=FACE_OUTER_BOUND('',#3000,.T.);
#1695=PLANE('',#3001);
#1696=FACE_OUTER_BOUND('',#3002,.T.);
#1697=PLANE('',#3003);
#1698=FACE_OUTER_BOUND('',#3004,.T.);
#1699=PLANE('',#3005);
#1700=FACE_OUTER_BOUND('',#3006,.T.);
#1701=PLANE('',#3007);
#1702=FACE_OUTER_BOUND('',#3008,.T.);
#1703=FACE_BOUND('',#3009,.T.);
#1704=PLANE('',#3010);
#1705=FACE_OUTER_BOUND('',#3011,.T.);
#1706=FACE_BOUND('',#3012,.T.);
#1707=PLANE('',#3013);
#1708=FACE_OUTER_BOUND('',#3014,.T.);
#1709=PLANE('',#3015);
#1710=FACE_OUTER_BOUND('',#3016,.T.);
#1711=PLANE('',#3017);
#1712=FACE_OUTER_BOUND('',#3018,.T.);
#1713=PLANE('',#3019);
#1714=FACE_OUTER_BOUND('',#3020,.T.);
#1715=PLANE('',#3021);
#1716=FACE_OUTER_BOUND('',#3022,.T.);
#1717=PLANE('',#3023);
#1718=FACE_OUTER_BOUND('',#3024,.T.);
#1719=PLANE('',#3025);
#1720=FACE_OUTER_BOUND('',#3026,.T.);
#1721=PLANE('',#3027);
#1722=FACE_OUTER_BOUND('',#3028,.T.);
#1723=PLANE('',#3029);
#1724=FACE_OUTER_BOUND('',#3030,.T.);
#1725=PLANE('',#3031);
#1726=FACE_OUTER_BOUND('',#3032,.T.);
#1727=PLANE('',#3033);
#1728=FACE_OUTER_BOUND('',#3034,.T.);
#1729=PLANE('',#3035);
#1730=FACE_OUTER_BOUND('',#3036,.T.);
#1731=PLANE('',#3037);
#1732=FACE_OUTER_BOUND('',#3038,.T.);
#1733=PLANE('',#3039);
#1734=FACE_OUTER_BOUND('',#3040,.T.);
#1735=PLANE('',#3041);
#1736=FACE_OUTER_BOUND('',#3042,.T.);
#1737=PLANE('',#3043);
#1738=FACE_OUTER_BOUND('',#3044,.T.);
#1739=PLANE('',#3045);
#1740=FACE_OUTER_BOUND('',#3046,.T.);
#1741=PLANE('',#3047);
#1742=FACE_OUTER_BOUND('',#3048,.T.);
#1743=FACE_BOUND('',#3049,.T.);
#1744=PLANE('',#3050);
#1745=FACE_OUTER_BOUND('',#3051,.T.);
#1746=FACE_BOUND('',#3052,.T.);
#1747=PLANE('',#3053);
#1748=FACE_OUTER_BOUND('',#3054,.T.);
#1749=PLANE('',#3055);
#1750=FACE_OUTER_BOUND('',#3056,.T.);
#1751=PLANE('',#3057);
#1752=FACE_OUTER_BOUND('',#3058,.T.);
#1753=PLANE('',#3059);
#1754=FACE_OUTER_BOUND('',#3060,.T.);
#1755=PLANE('',#3061);
#1756=FACE_OUTER_BOUND('',#3062,.T.);
#1757=PLANE('',#3063);
#1758=FACE_OUTER_BOUND('',#3064,.T.);
#1759=PLANE('',#3065);
#1760=FACE_OUTER_BOUND('',#3066,.T.);
#1761=PLANE('',#3067);
#1762=FACE_OUTER_BOUND('',#3068,.T.);
#1763=PLANE('',#3069);
#1764=FACE_OUTER_BOUND('',#3070,.T.);
#1765=PLANE('',#3071);
#1766=FACE_OUTER_BOUND('',#3072,.T.);
#1767=PLANE('',#3073);
#1768=FACE_OUTER_BOUND('',#3074,.T.);
#1769=PLANE('',#3075);
#1770=FACE_OUTER_BOUND('',#3076,.T.);
#1771=FACE_BOUND('',#3077,.T.);
#1772=PLANE('',#3078);
#1773=FACE_OUTER_BOUND('',#3079,.T.);
#1774=FACE_BOUND('',#3080,.T.);
#1775=PLANE('',#3081);
#1776=FACE_OUTER_BOUND('',#3082,.T.);
#1777=FACE_BOUND('',#3083,.T.);
#1778=PLANE('',#3084);
#1779=FACE_OUTER_BOUND('',#3085,.T.);
#1780=FACE_BOUND('',#3086,.T.);
#1781=PLANE('',#3087);
#1782=FACE_OUTER_BOUND('',#3088,.T.);
#1783=PLANE('',#3089);
#1784=FACE_OUTER_BOUND('',#3090,.T.);
#1785=PLANE('',#3091);
#1786=FACE_OUTER_BOUND('',#3092,.T.);
#1787=PLANE('',#3093);
#1788=FACE_OUTER_BOUND('',#3094,.T.);
#1789=PLANE('',#3095);
#1790=FACE_OUTER_BOUND('',#3096,.T.);
#1791=PLANE('',#3097);
#1792=FACE_OUTER_BOUND('',#3098,.T.);
#1793=PLANE('',#3099);
#1794=FACE_OUTER_BOUND('',#3100,.T.);
#1795=PLANE('',#3101);
#1796=FACE_OUTER_BOUND('',#3102,.T.);
#1797=PLANE('',#3103);
#1798=FACE_OUTER_BOUND('',#3104,.T.);
#1799=PLANE('',#3105);
#1800=FACE_OUTER_BOUND('',#3106,.T.);
#1801=PLANE('',#3107);
#1802=FACE_OUTER_BOUND('',#3108,.T.);
#1803=PLANE('',#3109);
#1804=FACE_OUTER_BOUND('',#3110,.T.);
#1805=PLANE('',#3111);
#1806=FACE_OUTER_BOUND('',#3112,.T.);
#1807=PLANE('',#3113);
#1808=FACE_OUTER_BOUND('',#3114,.T.);
#1809=PLANE('',#3115);
#1810=FACE_OUTER_BOUND('',#3116,.T.);
#1811=PLANE('',#3117);
#1812=FACE_OUTER_BOUND('',#3118,.T.);
#1813=PLANE('',#3119);
#1814=FACE_OUTER_BOUND('',#3120,.T.);
#1815=PLANE('',#3121);
#1816=FACE_OUTER_BOUND('',#3122,.T.);
#1817=PLANE('',#3123);
#1818=FACE_OUTER_BOUND('',#3124,.T.);
#1819=PLANE('',#3125);
#1820=FACE_OUTER_BOUND('',#3126,.T.);
#1821=PLANE('',#3127);
#1822=FACE_OUTER_BOUND('',#3128,.T.);
#1823=PLANE('',#3129);
#1824=FACE_OUTER_BOUND('',#3130,.T.);
#1825=PLANE('',#3131);
#1826=FACE_OUTER_BOUND('',#3132,.T.);
#1827=PLANE('',#3133);
#1828=FACE_OUTER_BOUND('',#3134,.T.);
#1829=PLANE('',#3135);
#1830=FACE_OUTER_BOUND('',#3136,.T.);
#1831=PLANE('',#3137);
#1832=FACE_OUTER_BOUND('',#3138,.T.);
#1833=PLANE('',#3139);
#1834=FACE_OUTER_BOUND('',#3140,.T.);
#1835=PLANE('',#3141);
#1836=FACE_OUTER_BOUND('',#3142,.T.);
#1837=PLANE('',#3143);
#1838=FACE_OUTER_BOUND('',#3144,.T.);
#1839=PLANE('',#3145);
#1840=FACE_OUTER_BOUND('',#3146,.T.);
#1841=PLANE('',#3147);
#1842=FACE_OUTER_BOUND('',#3148,.T.);
#1843=PLANE('',#3149);
#1844=FACE_OUTER_BOUND('',#3150,.T.);
#1845=PLANE('',#3151);
#1846=FACE_OUTER_BOUND('',#3152,.T.);
#1847=PLANE('',#3153);
#1848=FACE_OUTER_BOUND('',#3154,.T.);
#1849=PLANE('',#3155);
#1850=FACE_OUTER_BOUND('',#3156,.T.);
#1851=PLANE('',#3157);
#1852=FACE_OUTER_BOUND('',#3158,.T.);
#1853=PLANE('',#3159);
#1854=FACE_OUTER_BOUND('',#3160,.T.);
#1855=PLANE('',#3161);
#1856=FACE_OUTER_BOUND('',#3162,.T.);
#1857=PLANE('',#3163);
#1858=FACE_OUTER_BOUND('',#3164,.T.);
#1859=PLANE('',#3165);
#1860=FACE_OUTER_BOUND('',#3166,.T.);
#1861=PLANE('',#3167);
#1862=FACE_OUTER_BOUND('',#3168,.T.);
#1863=PLANE('',#3169);
#1864=FACE_OUTER_BOUND('',#3170,.T.);
#1865=PLANE('',#3171);
#1866=FACE_OUTER_BOUND('',#3172,.T.);
#1867=PLANE('',#3173);
#1868=FACE_OUTER_BOUND('',#3174,.T.);
#1869=PLANE('',#3175);
#1870=FACE_OUTER_BOUND('',#3176,.T.);
#1871=PLANE('',#3177);
#1872=FACE_OUTER_BOUND('',#3178,.T.);
#1873=PLANE('',#3179);
#1874=FACE_OUTER_BOUND('',#3180,.T.);
#1875=PLANE('',#3181);
#1876=FACE_OUTER_BOUND('',#3182,.T.);
#1877=PLANE('',#3183);
#1878=FACE_OUTER_BOUND('',#3184,.T.);
#1879=PLANE('',#3185);
#1880=FACE_OUTER_BOUND('',#3186,.T.);
#1881=PLANE('',#3187);
#1882=FACE_OUTER_BOUND('',#3188,.T.);
#1883=PLANE('',#3189);
#1884=FACE_OUTER_BOUND('',#3190,.T.);
#1885=PLANE('',#3191);
#1886=FACE_OUTER_BOUND('',#3192,.T.);
#1887=PLANE('',#3193);
#1888=FACE_OUTER_BOUND('',#3194,.T.);
#1889=PLANE('',#3195);
#1890=FACE_OUTER_BOUND('',#3196,.T.);
#1891=PLANE('',#3197);
#1892=FACE_OUTER_BOUND('',#3198,.T.);
#1893=PLANE('',#3199);
#1894=FACE_OUTER_BOUND('',#3200,.T.);
#1895=PLANE('',#3201);
#1896=FACE_OUTER_BOUND('',#3202,.T.);
#1897=PLANE('',#3203);
#1898=FACE_OUTER_BOUND('',#3204,.T.);
#1899=PLANE('',#3205);
#1900=FACE_OUTER_BOUND('',#3206,.T.);
#1901=PLANE('',#3207);
#1902=FACE_OUTER_BOUND('',#3208,.T.);
#1903=PLANE('',#3209);
#1904=FACE_OUTER_BOUND('',#3210,.T.);
#1905=PLANE('',#3211);
#1906=FACE_OUTER_BOUND('',#3212,.T.);
#1907=PLANE('',#3213);
#1908=FACE_OUTER_BOUND('',#3214,.T.);
#1909=PLANE('',#3215);
#1910=FACE_OUTER_BOUND('',#3216,.T.);
#1911=PLANE('',#3217);
#1912=FACE_OUTER_BOUND('',#3218,.T.);
#1913=PLANE('',#3219);
#1914=FACE_OUTER_BOUND('',#3220,.T.);
#1915=PLANE('',#3221);
#1916=FACE_OUTER_BOUND('',#3222,.T.);
#1917=PLANE('',#3223);
#1918=FACE_OUTER_BOUND('',#3224,.T.);
#1919=PLANE('',#3225);
#1920=FACE_OUTER_BOUND('',#3226,.T.);
#1921=PLANE('',#3227);
#1922=FACE_OUTER_BOUND('',#3228,.T.);
#1923=FACE_BOUND('',#3229,.T.);
#1924=PLANE('',#3230);
#1925=FACE_OUTER_BOUND('',#3231,.T.);
#1926=FACE_BOUND('',#3232,.T.);
#1927=PLANE('',#3233);
#1928=FACE_OUTER_BOUND('',#3234,.T.);
#1929=PLANE('',#3235);
#1930=FACE_OUTER_BOUND('',#3236,.T.);
#1931=PLANE('',#3237);
#1932=FACE_OUTER_BOUND('',#3238,.T.);
#1933=PLANE('',#3239);
#1934=FACE_OUTER_BOUND('',#3240,.T.);
#1935=PLANE('',#3241);
#1936=FACE_OUTER_BOUND('',#3242,.T.);
#1937=PLANE('',#3243);
#1938=FACE_OUTER_BOUND('',#3244,.T.);
#1939=PLANE('',#3245);
#1940=FACE_OUTER_BOUND('',#3246,.T.);
#1941=PLANE('',#3247);
#1942=FACE_OUTER_BOUND('',#3248,.T.);
#1943=PLANE('',#3249);
#1944=FACE_OUTER_BOUND('',#3250,.T.);
#1945=PLANE('',#3251);
#1946=FACE_OUTER_BOUND('',#3252,.T.);
#1947=PLANE('',#3253);
#1948=FACE_OUTER_BOUND('',#3254,.T.);
#1949=PLANE('',#3255);
#1950=FACE_OUTER_BOUND('',#3256,.T.);
#1951=PLANE('',#3257);
#1952=FACE_OUTER_BOUND('',#3258,.T.);
#1953=PLANE('',#3259);
#1954=FACE_OUTER_BOUND('',#3260,.T.);
#1955=PLANE('',#3261);
#1956=FACE_OUTER_BOUND('',#3262,.T.);
#1957=PLANE('',#3263);
#1958=FACE_OUTER_BOUND('',#3264,.T.);
#1959=PLANE('',#3265);
#1960=FACE_OUTER_BOUND('',#3266,.T.);
#1961=PLANE('',#3267);
#1962=FACE_OUTER_BOUND('',#3268,.T.);
#1963=PLANE('',#3269);
#1964=FACE_OUTER_BOUND('',#3270,.T.);
#1965=PLANE('',#3271);
#1966=FACE_OUTER_BOUND('',#3272,.T.);
#1967=PLANE('',#3273);
#1968=FACE_OUTER_BOUND('',#3274,.T.);
#1969=PLANE('',#3275);
#1970=FACE_OUTER_BOUND('',#3276,.T.);
#1971=PLANE('',#3277);
#1972=FACE_OUTER_BOUND('',#3278,.T.);
#1973=PLANE('',#3279);
#1974=FACE_OUTER_BOUND('',#3280,.T.);
#1975=PLANE('',#3281);
#1976=FACE_OUTER_BOUND('',#3282,.T.);
#1977=PLANE('',#3283);
#1978=FACE_OUTER_BOUND('',#3284,.T.);
#1979=PLANE('',#3285);
#1980=FACE_OUTER_BOUND('',#3286,.T.);
#1981=PLANE('',#3287);
#1982=FACE_OUTER_BOUND('',#3288,.T.);
#1983=PLANE('',#3289);
#1984=FACE_OUTER_BOUND('',#3290,.T.);
#1985=PLANE('',#3291);
#1986=FACE_OUTER_BOUND('',#3292,.T.);
#1987=PLANE('',#3293);
#1988=FACE_OUTER_BOUND('',#3294,.T.);
#1989=PLANE('',#3295);
#1990=FACE_OUTER_BOUND('',#3296,.T.);
#1991=PLANE('',#3297);
#1992=FACE_OUTER_BOUND('',#3298,.T.);
#1993=PLANE('',#3299);
#1994=FACE_OUTER_BOUND('',#3300,.T.);
#1995=PLANE('',#3301);
#1996=FACE_OUTER_BOUND('',#3302,.T.);
#1997=PLANE('',#3303);
#1998=FACE_OUTER_BOUND('',#3304,.T.);
#1999=PLANE('',#3305);
#2000=FACE_OUTER_BOUND('',#3306,.T.);
#2001=PLANE('',#3307);
#2002=TRIMMED_CURVE('',#3308,(PARAMETER_VALUE(0.0)),(PARAMETER_VALUE(3.1415926535892)),.T.,.UNSPECIFIED.);
#2003=TRIMMED_CURVE('',#3309,(PARAMETER_VALUE(0.0)),(PARAMETER_VALUE(3.1415926535892)),.T.,.UNSPECIFIED.);
#2004=TRIMMED_CURVE('',#3310,(PARAMETER_VALUE(0.0)),(PARAMETER_VALUE(3.1415926535892)),.T.,.UNSPECIFIED.);
#2005=TRIMMED_CURVE('',#3311,(PARAMETER_VALUE(0.0)),(PARAMETER_VALUE(3.1415926535892)),.T.,.UNSPECIFIED.);
#2006=TRIMMED_CURVE('',#3312,(PARAMETER_VALUE(0.0)),(PARAMETER_VALUE(3.1415926535892)),.T.,.UNSPECIFIED.);
#2007=TRIMMED_CURVE('',#3313,(PARAMETER_VALUE(0.0)),(PARAMETER_VALUE(3.1415926535892)),.T.,.UNSPECIFIED.);
#2008=TRIMMED_CURVE('',#3314,(PARAMETER_VALUE(0.0)),(PARAMETER_VALUE(3.1415926535892)),.T.,.UNSPECIFIED.);
#2009=TRIMMED_CURVE('',#3315,(PARAMETER_VALUE(0.0)),(PARAMETER_VALUE(3.1415926535892)),.T.,.UNSPECIFIED.);
#2010=TRIMMED_CURVE('',#3316,(PARAMETER_VALUE(0.0)),(PARAMETER_VALUE(3.1415926535892)),.T.,.UNSPECIFIED.);
#2011=TRIMMED_CURVE('',#3317,(PARAMETER_VALUE(0.0)),(PARAMETER_VALUE(3.1415926535892)),.T.,.UNSPECIFIED.);
#2012=TRIMMED_CURVE('',#3318,(PARAMETER_VALUE(0.0)),(PARAMETER_VALUE(3.1415926535892)),.T.,.UNSPECIFIED.);
#2013=TRIMMED_CURVE('',#3319,(PARAMETER_VALUE(0.0)),(PARAMETER_VALUE(3.1415926535892)),.T.,.UNSPECIFIED.);
#2014=TRIMMED_CURVE('',#3320,(PARAMETER_VALUE(0.0)),(PARAMETER_VALUE(3.1415926535892)),.T.,.UNSPECIFIED.);
#2015=TRIMMED_CURVE('',#3321,(PARAMETER_VALUE(0.0)),(PARAMETER_VALUE(3.1415926535892)),.T.,.UNSPECIFIED.);
#2016=TRIMMED_CURVE('',#3322,(PARAMETER_VALUE(0.0)),(PARAMETER_VALUE(3.1415926535892)),.T.,.UNSPECIFIED.);
#2017=TRIMMED_CURVE('',#3323,(PARAMETER_VALUE(0.0)),(PARAMETER_VALUE(3.1415926535892)),.T.,.UNSPECIFIED.);
#2018=TRIMMED_CURVE('',#3324,(PARAMETER_VALUE(0.0)),(PARAMETER_VALUE(3.1415926535892)),.T.,.UNSPECIFIED.);
#2019=TRIMMED_CURVE('',#3325,(PARAMETER_VALUE(0.0)),(PARAMETER_VALUE(3.1415926535892)),.T.,.UNSPECIFIED.);
#2020=TRIMMED_CURVE('',#3326,(PARAMETER_VALUE(0.0)),(PARAMETER_VALUE(3.1415926535892)),.T.,.UNSPECIFIED.);
#2021=TRIMMED_CURVE('',#3327,(PARAMETER_VALUE(0.0)),(PARAMETER_VALUE(3.1415926535892)),.T.,.UNSPECIFIED.);
#2022=TRIMMED_CURVE('',#3328,(PARAMETER_VALUE(0.0)),(PARAMETER_VALUE(3.1415926535892)),.T.,.UNSPECIFIED.);
#2023=TRIMMED_CURVE('',#3329,(PARAMETER_VALUE(0.0)),(PARAMETER_VALUE(3.1415926535892)),.T.,.UNSPECIFIED.);
#2024=TRIMMED_CURVE('',#3330,(PARAMETER_VALUE(0.0)),(PARAMETER_VALUE(3.1415926535892)),.T.,.UNSPECIFIED.);
#2025=TRIMMED_CURVE('',#3331,(PARAMETER_VALUE(0.0)),(PARAMETER_VALUE(3.1415926535892)),.T.,.UNSPECIFIED.);
#2026=TRIMMED_CURVE('',#3332,(PARAMETER_VALUE(0.0)),(PARAMETER_VALUE(3.1415926535892)),.T.,.UNSPECIFIED.);
#2027=TRIMMED_CURVE('',#3333,(PARAMETER_VALUE(0.0)),(PARAMETER_VALUE(3.1415926535892)),.T.,.UNSPECIFIED.);
#2028=TRIMMED_CURVE('',#3334,(PARAMETER_VALUE(0.0)),(PARAMETER_VALUE(3.1415926535892)),.T.,.UNSPECIFIED.);
#2029=TRIMMED_CURVE('',#3335,(PARAMETER_VALUE(0.0)),(PARAMETER_VALUE(3.1415926535892)),.T.,.UNSPECIFIED.);
#2030=TRIMMED_CURVE('',#3336,(PARAMETER_VALUE(0.0)),(PARAMETER_VALUE(3.1415926535892)),.T.,.UNSPECIFIED.);
#2031=TRIMMED_CURVE('',#3337,(PARAMETER_VALUE(0.0)),(PARAMETER_VALUE(3.1415926535892)),.T.,.UNSPECIFIED.);
#2032=TRIMMED_CURVE('',#3338,(PARAMETER_VALUE(0.0)),(PARAMETER_VALUE(3.1415926535892)),.T.,.UNSPECIFIED.);
#2033=TRIMMED_CURVE('',#3339,(PARAMETER_VALUE(0.0)),(PARAMETER_VALUE(3.1415926535892)),.T.,.UNSPECIFIED.);
#2034=TRIMMED_CURVE('',#3340,(PARAMETER_VALUE(0.0)),(PARAMETER_VALUE(3.1415926535892)),.T.,.UNSPECIFIED.);
#2035=TRIMMED_CURVE('',#3341,(PARAMETER_VALUE(0.0)),(PARAMETER_VALUE(3.1415926535892)),.T.,.UNSPECIFIED.);
#2036=TRIMMED_CURVE('',#3342,(PARAMETER_VALUE(0.0)),(PARAMETER_VALUE(3.1415926535892)),.T.,.UNSPECIFIED.);
#2037=TRIMMED_CURVE('',#3343,(PARAMETER_VALUE(0.0)),(PARAMETER_VALUE(3.1415926535892)),.T.,.UNSPECIFIED.);
#2038=TRIMMED_CURVE('',#3344,(PARAMETER_VALUE(0.0)),(PARAMETER_VALUE(3.1415926535892)),.T.,.UNSPECIFIED.);
#2039=TRIMMED_CURVE('',#3345,(PARAMETER_VALUE(0.0)),(PARAMETER_VALUE(3.1415926535892)),.T.,.UNSPECIFIED.);
#2040=TRIMMED_CURVE('',#3346,(PARAMETER_VALUE(0.0)),(PARAMETER_VALUE(3.1415926535892)),.T.,.UNSPECIFIED.);
#2041=TRIMMED_CURVE('',#3347,(PARAMETER_VALUE(0.0)),(PARAMETER_VALUE(3.1415926535892)),.T.,.UNSPECIFIED.);
#2042=TRIMMED_CURVE('',#3348,(PARAMETER_VALUE(0.0)),(PARAMETER_VALUE(3.1415926535892)),.T.,.UNSPECIFIED.);
#2043=TRIMMED_CURVE('',#3349,(PARAMETER_VALUE(0.0)),(PARAMETER_VALUE(3.1415926535892)),.T.,.UNSPECIFIED.);
#2044=TRIMMED_CURVE('',#3350,(PARAMETER_VALUE(0.0)),(PARAMETER_VALUE(3.1415926535892)),.T.,.UNSPECIFIED.);
#2045=TRIMMED_CURVE('',#3351,(PARAMETER_VALUE(0.0)),(PARAMETER_VALUE(3.1415926535892)),.T.,.UNSPECIFIED.);
#2046=EDGE_LOOP('',(#3352,#3353,#3354,#3355));
#2047=AXIS2_PLACEMENT_3D('',#3356,#3357,#3358);
#2048=EDGE_LOOP('',(#3359,#3360,#3361,#3362,#3363,#3364));
#2049=AXIS2_PLACEMENT_3D('',#3365,#3366,#3367);
#2050=EDGE_LOOP('',(#3368,#3369,#3370,#3371,#3372,#3373));
#2051=AXIS2_PLACEMENT_3D('',#3374,#3375,#3376);
#2052=EDGE_LOOP('',(#3377,#3378,#3379,#3380));
#2053=AXIS2_PLACEMENT_3D('',#3381,#3382,#3383);
#2054=EDGE_LOOP('',(#3384,#3385,#3386,#3387));
#2055=AXIS2_PLACEMENT_3D('',#3388,#3389,#3390);
#2056=EDGE_LOOP('',(#3391,#3392,#3393,#3394,#3395,#3396,#3397,#3398,#3399,#3400,#3401));
#2057=AXIS2_PLACEMENT_3D('',#3402,#3403,#3404);
#2058=EDGE_LOOP('',(#3405,#3406,#3407,#3408));
#2059=AXIS2_PLACEMENT_3D('',#3409,#3410,#3411);
#2060=EDGE_LOOP('',(#3412,#3413,#3414,#3415));
#2061=AXIS2_PLACEMENT_3D('',#3416,#3417,#3418);
#2062=EDGE_LOOP('',(#3419,#3420,#3421,#3422));
#2063=AXIS2_PLACEMENT_3D('',#3423,#3424,#3425);
#2064=EDGE_LOOP('',(#3426,#3427,#3428,#3429));
#2065=AXIS2_PLACEMENT_3D('',#3430,#3431,#3432);
#2066=EDGE_LOOP('',(#3433,#3434,#3435,#3436));
#2067=AXIS2_PLACEMENT_3D('',#3437,#3438,#3439);
#2068=EDGE_LOOP('',(#3440,#3441,#3442,#3443));
#2069=AXIS2_PLACEMENT_3D('',#3444,#3445,#3446);
#2070=EDGE_LOOP('',(#3447,#3448,#3449,#3450));
#2071=AXIS2_PLACEMENT_3D('',#3451,#3452,#3453);
#2072=EDGE_LOOP('',(#3454,#3455,#3456,#3457));
#2073=AXIS2_PLACEMENT_3D('',#3458,#3459,#3460);
#2074=EDGE_LOOP('',(#3461,#3462,#3463,#3464));
#2075=AXIS2_PLACEMENT_3D('',#3465,#3466,#3467);
#2076=EDGE_LOOP('',(#3468,#3469,#3470,#3471));
#2077=AXIS2_PLACEMENT_3D('',#3472,#3473,#3474);
#2078=EDGE_LOOP('',(#3475,#3476,#3477,#3478));
#2079=AXIS2_PLACEMENT_3D('',#3479,#3480,#3481);
#2080=EDGE_LOOP('',(#3482,#3483,#3484,#3485));
#2081=AXIS2_PLACEMENT_3D('',#3486,#3487,#3488);
#2082=EDGE_LOOP('',(#3489,#3490,#3491,#3492));
#2083=AXIS2_PLACEMENT_3D('',#3493,#3494,#3495);
#2084=EDGE_LOOP('',(#3496,#3497,#3498,#3499));
#2085=AXIS2_PLACEMENT_3D('',#3500,#3501,#3502);
#2086=EDGE_LOOP('',(#3503,#3504,#3505,#3506));
#2087=AXIS2_PLACEMENT_3D('',#3507,#3508,#3509);
#2088=EDGE_LOOP('',(#3510,#3511,#3512,#3513));
#2089=AXIS2_PLACEMENT_3D('',#3514,#3515,#3516);
#2090=EDGE_LOOP('',(#3517,#3518,#3519,#3520));
#2091=AXIS2_PLACEMENT_3D('',#3521,#3522,#3523);
#2092=EDGE_LOOP('',(#3524,#3525,#3526,#3527));
#2093=AXIS2_PLACEMENT_3D('',#3528,#3529,#3530);
#2094=EDGE_LOOP('',(#3531,#3532,#3533,#3534));
#2095=AXIS2_PLACEMENT_3D('',#3535,#3536,#3537);
#2096=EDGE_LOOP('',(#3538,#3539,#3540,#3541,#3542,#3543,#3544,#3545,#3546,#3547,#3548,#3549));
#2097=AXIS2_PLACEMENT_3D('',#3550,#3551,#3552);
#2098=EDGE_LOOP('',(#3553,#3554,#3555,#3556));
#2099=AXIS2_PLACEMENT_3D('',#3557,#3558,#3559);
#2100=EDGE_LOOP('',(#3560,#3561,#3562,#3563));
#2101=AXIS2_PLACEMENT_3D('',#3564,#3565,#3566);
#2102=EDGE_LOOP('',(#3567,#3568,#3569,#3570,#3571,#3572,#3573,#3574,#3575,#3576,#3577,#3578,#3579,#3580,#3581,#3582,#3583,#3584,#3585,#3586,#3587,#3588,#3589,#3590,#3591,#3592,#3593,#3594,#3595,#3596,#3597,#3598,#3599,#3600,#3601,#3602,#3603,#3604,#3605,#3606,#3607,#3608,#3609,#3610,#3611,#3612,#3613,#3614));
#2103=AXIS2_PLACEMENT_3D('',#3615,#3616,#3617);
#2104=EDGE_LOOP('',(#3618,#3619,#3620,#3621));
#2105=AXIS2_PLACEMENT_3D('',#3622,#3623,#3624);
#2106=EDGE_LOOP('',(#3625,#3626,#3627,#3628,#3629,#3630));
#2107=AXIS2_PLACEMENT_3D('',#3631,#3632,#3633);
#2108=EDGE_LOOP('',(#3634,#3635,#3636,#3637,#3638,#3639,#3640,#3641));
#2109=AXIS2_PLACEMENT_3D('',#3642,#3643,#3644);
#2110=EDGE_LOOP('',(#3645,#3646,#3647,#3648,#3649,#3650,#3651,#3652));
#2111=AXIS2_PLACEMENT_3D('',#3653,#3654,#3655);
#2112=EDGE_LOOP('',(#3656,#3657,#3658,#3659,#3660,#3661,#3662,#3663));
#2113=AXIS2_PLACEMENT_3D('',#3664,#3665,#3666);
#2114=EDGE_LOOP('',(#3667,#3668,#3669,#3670,#3671,#3672,#3673,#3674));
#2115=AXIS2_PLACEMENT_3D('',#3675,#3676,#3677);
#2116=EDGE_LOOP('',(#3678,#3679,#3680,#3681,#3682,#3683,#3684,#3685));
#2117=AXIS2_PLACEMENT_3D('',#3686,#3687,#3688);
#2118=EDGE_LOOP('',(#3689,#3690,#3691,#3692,#3693,#3694,#3695,#3696));
#2119=AXIS2_PLACEMENT_3D('',#3697,#3698,#3699);
#2120=EDGE_LOOP('',(#3700,#3701,#3702,#3703,#3704,#3705,#3706,#3707));
#2121=AXIS2_PLACEMENT_3D('',#3708,#3709,#3710);
#2122=EDGE_LOOP('',(#3711,#3712,#3713,#3714,#3715,#3716,#3717,#3718));
#2123=AXIS2_PLACEMENT_3D('',#3719,#3720,#3721);
#2124=EDGE_LOOP('',(#3722,#3723,#3724,#3725,#3726,#3727,#3728,#3729));
#2125=AXIS2_PLACEMENT_3D('',#3730,#3731,#3732);
#2126=EDGE_LOOP('',(#3733,#3734,#3735,#3736,#3737,#3738,#3739,#3740));
#2127=AXIS2_PLACEMENT_3D('',#3741,#3742,#3743);
#2128=EDGE_LOOP('',(#3744,#3745,#3746,#3747,#3748,#3749));
#2129=AXIS2_PLACEMENT_3D('',#3750,#3751,#3752);
#2130=EDGE_LOOP('',(#3753,#3754,#3755,#3756,#3757,#3758,#3759,#3760));
#2131=EDGE_LOOP('',(#3761,#3762,#3763,#3764));
#2132=AXIS2_PLACEMENT_3D('',#3765,#3766,#3767);
#2133=EDGE_LOOP('',(#3768,#3769,#3770,#3771,#3772,#3773,#3774,#3775));
#2134=EDGE_LOOP('',(#3776,#3777,#3778,#3779));
#2135=AXIS2_PLACEMENT_3D('',#3780,#3781,#3782);
#2136=EDGE_LOOP('',(#3783,#3784,#3785,#3786,#3787,#3788,#3789,#3790,#3791,#3792,#3793,#3794,#3795,#3796,#3797,#3798,#3799,#3800,#3801,#3802,#3803,#3804,#3805,#3806,#3807,#3808,#3809,#3810,#3811,#3812,#3813,#3814,#3815,#3816,#3817,#3818,#3819,#3820,#3821,#3822,#3823,#3824,#3825,#3826,#3827,#3828,#3829,#3830,#3831,#3832,#3833,#3834));
#2137=AXIS2_PLACEMENT_3D('',#3835,#3836,#3837);
#2138=EDGE_LOOP('',(#3838,#3839,#3840,#3841,#3842,#3843,#3844,#3845));
#2139=EDGE_LOOP('',(#3846,#3847,#3848,#3849));
#2140=AXIS2_PLACEMENT_3D('',#3850,#3851,#3852);
#2141=EDGE_LOOP('',(#3853,#3854,#3855,#3856,#3857,#3858,#3859,#3860));
#2142=EDGE_LOOP('',(#3861,#3862,#3863,#3864));
#2143=AXIS2_PLACEMENT_3D('',#3865,#3866,#3867);
#2144=EDGE_LOOP('',(#3868,#3869,#3870,#3871));
#2145=AXIS2_PLACEMENT_3D('',#3872,#3873,#3874);
#2146=EDGE_LOOP('',(#3875,#3876,#3877,#3878));
#2147=AXIS2_PLACEMENT_3D('',#3879,#3880,#3881);
#2148=EDGE_LOOP('',(#3882,#3883,#3884,#3885));
#2149=AXIS2_PLACEMENT_3D('',#3886,#3887,#3888);
#2150=EDGE_LOOP('',(#3889,#3890,#3891,#3892));
#2151=AXIS2_PLACEMENT_3D('',#3893,#3894,#3895);
#2152=EDGE_LOOP('',(#3896,#3897,#3898,#3899));
#2153=AXIS2_PLACEMENT_3D('',#3900,#3901,#3902);
#2154=EDGE_LOOP('',(#3903,#3904,#3905,#3906));
#2155=AXIS2_PLACEMENT_3D('',#3907,#3908,#3909);
#2156=EDGE_LOOP('',(#3910,#3911,#3912,#3913));
#2157=AXIS2_PLACEMENT_3D('',#3914,#3915,#3916);
#2158=EDGE_LOOP('',(#3917,#3918,#3919,#3920));
#2159=AXIS2_PLACEMENT_3D('',#3921,#3922,#3923);
#2160=EDGE_LOOP('',(#3924,#3925,#3926,#3927));
#2161=AXIS2_PLACEMENT_3D('',#3928,#3929,#3930);
#2162=EDGE_LOOP('',(#3931,#3932,#3933,#3934));
#2163=AXIS2_PLACEMENT_3D('',#3935,#3936,#3937);
#2164=EDGE_LOOP('',(#3938,#3939,#3940,#3941));
#2165=AXIS2_PLACEMENT_3D('',#3942,#3943,#3944);
#2166=EDGE_LOOP('',(#3945,#3946,#3947,#3948));
#2167=AXIS2_PLACEMENT_3D('',#3949,#3950,#3951);
#2168=EDGE_LOOP('',(#3952,#3953,#3954,#3955));
#2169=AXIS2_PLACEMENT_3D('',#3956,#3957,#3958);
#2170=EDGE_LOOP('',(#3959,#3960,#3961,#3962));
#2171=AXIS2_PLACEMENT_3D('',#3963,#3964,#3965);
#2172=EDGE_LOOP('',(#3966,#3967,#3968,#3969));
#2173=AXIS2_PLACEMENT_3D('',#3970,#3971,#3972);
#2174=EDGE_LOOP('',(#3973,#3974,#3975,#3976));
#2175=AXIS2_PLACEMENT_3D('',#3977,#3978,#3979);
#2176=EDGE_LOOP('',(#3980,#3981,#3982,#3983));
#2177=AXIS2_PLACEMENT_3D('',#3984,#3985,#3986);
#2178=EDGE_LOOP('',(#3987,#3988,#3989,#3990));
#2179=AXIS2_PLACEMENT_3D('',#3991,#3992,#3993);
#2180=EDGE_LOOP('',(#3994,#3995,#3996,#3997));
#2181=AXIS2_PLACEMENT_3D('',#3998,#3999,#4000);
#2182=EDGE_LOOP('',(#4001,#4002,#4003,#4004));
#2183=AXIS2_PLACEMENT_3D('',#4005,#4006,#4007);
#2184=EDGE_LOOP('',(#4008,#4009,#4010,#4011));
#2185=AXIS2_PLACEMENT_3D('',#4012,#4013,#4014);
#2186=EDGE_LOOP('',(#4015,#4016,#4017,#4018));
#2187=AXIS2_PLACEMENT_3D('',#4019,#4020,#4021);
#2188=EDGE_LOOP('',(#4022,#4023,#4024,#4025));
#2189=AXIS2_PLACEMENT_3D('',#4026,#4027,#4028);
#2190=EDGE_LOOP('',(#4029,#4030,#4031,#4032));
#2191=AXIS2_PLACEMENT_3D('',#4033,#4034,#4035);
#2192=EDGE_LOOP('',(#4036,#4037,#4038,#4039));
#2193=AXIS2_PLACEMENT_3D('',#4040,#4041,#4042);
#2194=EDGE_LOOP('',(#4043,#4044,#4045,#4046));
#2195=AXIS2_PLACEMENT_3D('',#4047,#4048,#4049);
#2196=EDGE_LOOP('',(#4050,#4051,#4052,#4053));
#2197=AXIS2_PLACEMENT_3D('',#4054,#4055,#4056);
#2198=EDGE_LOOP('',(#4057,#4058,#4059,#4060,#4061,#4062,#4063,#4064,#4065,#4066,#4067,#4068,#4069,#4070,#4071,#4072,#4073,#4074,#4075,#4076,#4077,#4078,#4079,#4080,#4081,#4082,#4083,#4084,#4085,#4086,#4087,#4088,#4089,#4090,#4091,#4092,#4093,#4094,#4095,#4096,#4097,#4098,#4099,#4100,#4101,#4102,#4103,#4104));
#2199=AXIS2_PLACEMENT_3D('',#4105,#4106,#4107);
#2200=EDGE_LOOP('',(#4108,#4109,#4110,#4111));
#2201=AXIS2_PLACEMENT_3D('',#4112,#4113,#4114);
#2202=EDGE_LOOP('',(#4115,#4116,#4117,#4118,#4119,#4120));
#2203=AXIS2_PLACEMENT_3D('',#4121,#4122,#4123);
#2204=EDGE_LOOP('',(#4124,#4125,#4126,#4127,#4128,#4129,#4130,#4131));
#2205=AXIS2_PLACEMENT_3D('',#4132,#4133,#4134);
#2206=EDGE_LOOP('',(#4135,#4136,#4137,#4138,#4139,#4140,#4141,#4142));
#2207=AXIS2_PLACEMENT_3D('',#4143,#4144,#4145);
#2208=EDGE_LOOP('',(#4146,#4147,#4148,#4149,#4150,#4151,#4152,#4153));
#2209=AXIS2_PLACEMENT_3D('',#4154,#4155,#4156);
#2210=EDGE_LOOP('',(#4157,#4158,#4159,#4160,#4161,#4162,#4163,#4164));
#2211=AXIS2_PLACEMENT_3D('',#4165,#4166,#4167);
#2212=EDGE_LOOP('',(#4168,#4169,#4170,#4171,#4172,#4173,#4174,#4175));
#2213=AXIS2_PLACEMENT_3D('',#4176,#4177,#4178);
#2214=EDGE_LOOP('',(#4179,#4180,#4181,#4182,#4183,#4184,#4185,#4186));
#2215=AXIS2_PLACEMENT_3D('',#4187,#4188,#4189);
#2216=EDGE_LOOP('',(#4190,#4191,#4192,#4193,#4194,#4195,#4196,#4197));
#2217=AXIS2_PLACEMENT_3D('',#4198,#4199,#4200);
#2218=EDGE_LOOP('',(#4201,#4202,#4203,#4204,#4205,#4206,#4207,#4208));
#2219=AXIS2_PLACEMENT_3D('',#4209,#4210,#4211);
#2220=EDGE_LOOP('',(#4212,#4213,#4214,#4215,#4216,#4217,#4218,#4219));
#2221=AXIS2_PLACEMENT_3D('',#4220,#4221,#4222);
#2222=EDGE_LOOP('',(#4223,#4224,#4225,#4226,#4227,#4228));
#2223=AXIS2_PLACEMENT_3D('',#4229,#4230,#4231);
#2224=EDGE_LOOP('',(#4232,#4233,#4234,#4235,#4236,#4237,#4238,#4239));
#2225=AXIS2_PLACEMENT_3D('',#4240,#4241,#4242);
#2226=EDGE_LOOP('',(#4243,#4244,#4245,#4246));
#2227=AXIS2_PLACEMENT_3D('',#4247,#4248,#4249);
#2228=EDGE_LOOP('',(#4250,#4251,#4252,#4253));
#2229=AXIS2_PLACEMENT_3D('',#4254,#4255,#4256);
#2230=EDGE_LOOP('',(#4257,#4258,#4259,#4260,#4261,#4262));
#2231=AXIS2_PLACEMENT_3D('',#4263,#4264,#4265);
#2232=EDGE_LOOP('',(#4266,#4267,#4268,#4269,#4270,#4271));
#2233=AXIS2_PLACEMENT_3D('',#4272,#4273,#4274);
#2234=EDGE_LOOP('',(#4275,#4276,#4277,#4278));
#2235=AXIS2_PLACEMENT_3D('',#4279,#4280,#4281);
#2236=EDGE_LOOP('',(#4282,#4283,#4284,#4285,#4286,#4287,#4288,#4289,#4290,#4291,#4292,#4293,#4294));
#2237=EDGE_LOOP('',(#4295,#4296,#4297,#4298));
#2238=EDGE_LOOP('',(#4299,#4300,#4301,#4302,#4303,#4304));
#2239=EDGE_LOOP('',(#4305,#4306,#4307,#4308));
#2240=EDGE_LOOP('',(#4309,#4310,#4311,#4312,#4313,#4314));
#2241=EDGE_LOOP('',(#4315,#4316,#4317,#4318,#4319,#4320));
#2242=EDGE_LOOP('',(#4321,#4322,#4323,#4324));
#2243=EDGE_LOOP('',(#4325,#4326,#4327,#4328,#4329,#4330));
#2244=EDGE_LOOP('',(#4331,#4332,#4333,#4334));
#2245=EDGE_LOOP('',(#4335,#4336,#4337,#4338));
#2246=EDGE_LOOP('',(#4339,#4340,#4341,#4342,#4343,#4344));
#2247=EDGE_LOOP('',(#4345,#4346,#4347,#4348,#4349,#4350));
#2248=EDGE_LOOP('',(#4351,#4352,#4353,#4354));
#2249=EDGE_LOOP('',(#4355,#4356,#4357,#4358));
#2250=EDGE_LOOP('',(#4359,#4360,#4361,#4362,#4363,#4364));
#2251=EDGE_LOOP('',(#4365,#4366,#4367,#4368));
#2252=EDGE_LOOP('',(#4369,#4370,#4371,#4372,#4373,#4374));
#2253=EDGE_LOOP('',(#4375,#4376,#4377,#4378,#4379,#4380));
#2254=EDGE_LOOP('',(#4381,#4382,#4383,#4384));
#2255=EDGE_LOOP('',(#4385,#4386,#4387,#4388));
#2256=EDGE_LOOP('',(#4389,#4390,#4391,#4392,#4393,#4394));
#2257=EDGE_LOOP('',(#4395,#4396,#4397,#4398,#4399,#4400));
#2258=EDGE_LOOP('',(#4401,#4402,#4403,#4404));
#2259=AXIS2_PLACEMENT_3D('',#4405,#4406,#4407);
#2260=EDGE_LOOP('',(#4408,#4409,#4410,#4411));
#2261=AXIS2_PLACEMENT_3D('',#4412,#4413,#4414);
#2262=EDGE_LOOP('',(#4415,#4416,#4417,#4418));
#2263=AXIS2_PLACEMENT_3D('',#4419,#4420,#4421);
#2264=EDGE_LOOP('',(#4422,#4423,#4424,#4425));
#2265=AXIS2_PLACEMENT_3D('',#4426,#4427,#4428);
#2266=EDGE_LOOP('',(#4429,#4430,#4431,#4432));
#2267=AXIS2_PLACEMENT_3D('',#4433,#4434,#4435);
#2268=EDGE_LOOP('',(#4436,#4437,#4438,#4439));
#2269=AXIS2_PLACEMENT_3D('',#4440,#4441,#4442);
#2270=EDGE_LOOP('',(#4443,#4444,#4445,#4446,#4447,#4448,#4449,#4450,#4451,#4452,#4453,#4454,#4455,#4456,#4457,#4458,#4459,#4460,#4461,#4462,#4463,#4464,#4465,#4466,#4467,#4468,#4469,#4470,#4471,#4472,#4473,#4474,#4475,#4476,#4477,#4478,#4479,#4480,#4481,#4482,#4483,#4484,#4485,#4486,#4487,#4488,#4489,#4490));
#2271=AXIS2_PLACEMENT_3D('',#4491,#4492,#4493);
#2272=EDGE_LOOP('',(#4494,#4495,#4496,#4497));
#2273=AXIS2_PLACEMENT_3D('',#4498,#4499,#4500);
#2274=EDGE_LOOP('',(#4501,#4502,#4503,#4504));
#2275=AXIS2_PLACEMENT_3D('',#4505,#4506,#4507);
#2276=EDGE_LOOP('',(#4508,#4509,#4510,#4511));
#2277=AXIS2_PLACEMENT_3D('',#4512,#4513,#4514);
#2278=EDGE_LOOP('',(#4515,#4516,#4517,#4518));
#2279=AXIS2_PLACEMENT_3D('',#4519,#4520,#4521);
#2280=EDGE_LOOP('',(#4522,#4523,#4524,#4525,#4526,#4527,#4528,#4529));
#2281=EDGE_LOOP('',(#4530,#4531,#4532,#4533));
#2282=AXIS2_PLACEMENT_3D('',#4534,#4535,#4536);
#2283=EDGE_LOOP('',(#4537,#4538,#4539,#4540,#4541,#4542,#4543,#4544));
#2284=EDGE_LOOP('',(#4545,#4546,#4547,#4548));
#2285=AXIS2_PLACEMENT_3D('',#4549,#4550,#4551);
#2286=EDGE_LOOP('',(#4552,#4553,#4554,#4555));
#2287=AXIS2_PLACEMENT_3D('',#4556,#4557,#4558);
#2288=EDGE_LOOP('',(#4559,#4560,#4561,#4562));
#2289=AXIS2_PLACEMENT_3D('',#4563,#4564,#4565);
#2290=EDGE_LOOP('',(#4566,#4567,#4568,#4569));
#2291=AXIS2_PLACEMENT_3D('',#4570,#4571,#4572);
#2292=EDGE_LOOP('',(#4573,#4574,#4575,#4576));
#2293=AXIS2_PLACEMENT_3D('',#4577,#4578,#4579);
#2294=EDGE_LOOP('',(#4580,#4581,#4582,#4583));
#2295=AXIS2_PLACEMENT_3D('',#4584,#4585,#4586);
#2296=EDGE_LOOP('',(#4587,#4588,#4589,#4590));
#2297=AXIS2_PLACEMENT_3D('',#4591,#4592,#4593);
#2298=EDGE_LOOP('',(#4594,#4595,#4596,#4597));
#2299=AXIS2_PLACEMENT_3D('',#4598,#4599,#4600);
#2300=EDGE_LOOP('',(#4601,#4602,#4603,#4604,#4605));
#2301=AXIS2_PLACEMENT_3D('',#4606,#4607,#4608);
#2302=EDGE_LOOP('',(#4609,#4610,#4611,#4612,#4613));
#2303=AXIS2_PLACEMENT_3D('',#4614,#4615,#4616);
#2304=EDGE_LOOP('',(#4617,#4618,#4619,#4620,#4621));
#2305=AXIS2_PLACEMENT_3D('',#4622,#4623,#4624);
#2306=EDGE_LOOP('',(#4625,#4626,#4627,#4628,#4629));
#2307=AXIS2_PLACEMENT_3D('',#4630,#4631,#4632);
#2308=EDGE_LOOP('',(#4633,#4634,#4635,#4636,#4637,#4638));
#2309=EDGE_LOOP('',(#4639,#4640,#4641,#4642));
#2310=AXIS2_PLACEMENT_3D('',#4643,#4644,#4645);
#2311=EDGE_LOOP('',(#4646,#4647,#4648,#4649));
#2312=EDGE_LOOP('',(#4650,#4651,#4652,#4653));
#2313=AXIS2_PLACEMENT_3D('',#4654,#4655,#4656);
#2314=EDGE_LOOP('',(#4657,#4658,#4659,#4660));
#2315=EDGE_LOOP('',(#4661,#4662,#4663,#4664));
#2316=AXIS2_PLACEMENT_3D('',#4665,#4666,#4667);
#2317=EDGE_LOOP('',(#4668,#4669,#4670,#4671,#4672,#4673));
#2318=EDGE_LOOP('',(#4674,#4675,#4676,#4677));
#2319=AXIS2_PLACEMENT_3D('',#4678,#4679,#4680);
#2320=EDGE_LOOP('',(#4681,#4682,#4683,#4684));
#2321=AXIS2_PLACEMENT_3D('',#4685,#4686,#4687);
#2322=EDGE_LOOP('',(#4688,#4689,#4690,#4691));
#2323=AXIS2_PLACEMENT_3D('',#4692,#4693,#4694);
#2324=EDGE_LOOP('',(#4695,#4696,#4697,#4698));
#2325=AXIS2_PLACEMENT_3D('',#4699,#4700,#4701);
#2326=EDGE_LOOP('',(#4702,#4703,#4704,#4705));
#2327=AXIS2_PLACEMENT_3D('',#4706,#4707,#4708);
#2328=EDGE_LOOP('',(#4709,#4710,#4711,#4712));
#2329=AXIS2_PLACEMENT_3D('',#4713,#4714,#4715);
#2330=EDGE_LOOP('',(#4716,#4717,#4718,#4719));
#2331=AXIS2_PLACEMENT_3D('',#4720,#4721,#4722);
#2332=EDGE_LOOP('',(#4723,#4724,#4725,#4726));
#2333=AXIS2_PLACEMENT_3D('',#4727,#4728,#4729);
#2334=EDGE_LOOP('',(#4730,#4731,#4732,#4733));
#2335=AXIS2_PLACEMENT_3D('',#4734,#4735,#4736);
#2336=EDGE_LOOP('',(#4737,#4738,#4739,#4740));
#2337=AXIS2_PLACEMENT_3D('',#4741,#4742,#4743);
#2338=EDGE_LOOP('',(#4744,#4745,#4746,#4747));
#2339=AXIS2_PLACEMENT_3D('',#4748,#4749,#4750);
#2340=EDGE_LOOP('',(#4751,#4752,#4753,#4754));
#2341=AXIS2_PLACEMENT_3D('',#4755,#4756,#4757);
#2342=EDGE_LOOP('',(#4758,#4759,#4760,#4761));
#2343=AXIS2_PLACEMENT_3D('',#4762,#4763,#4764);
#2344=EDGE_LOOP('',(#4765,#4766,#4767,#4768));
#2345=AXIS2_PLACEMENT_3D('',#4769,#4770,#4771);
#2346=EDGE_LOOP('',(#4772,#4773,#4774,#4775));
#2347=AXIS2_PLACEMENT_3D('',#4776,#4777,#4778);
#2348=EDGE_LOOP('',(#4779,#4780,#4781,#4782));
#2349=AXIS2_PLACEMENT_3D('',#4783,#4784,#4785);
#2350=EDGE_LOOP('',(#4786,#4787,#4788,#4789));
#2351=AXIS2_PLACEMENT_3D('',#4790,#4791,#4792);
#2352=EDGE_LOOP('',(#4793,#4794,#4795,#4796));
#2353=AXIS2_PLACEMENT_3D('',#4797,#4798,#4799);
#2354=EDGE_LOOP('',(#4800,#4801,#4802,#4803));
#2355=AXIS2_PLACEMENT_3D('',#4804,#4805,#4806);
#2356=EDGE_LOOP('',(#4807,#4808,#4809,#4810));
#2357=AXIS2_PLACEMENT_3D('',#4811,#4812,#4813);
#2358=EDGE_LOOP('',(#4814,#4815,#4816,#4817));
#2359=AXIS2_PLACEMENT_3D('',#4818,#4819,#4820);
#2360=EDGE_LOOP('',(#4821,#4822,#4823,#4824));
#2361=AXIS2_PLACEMENT_3D('',#4825,#4826,#4827);
#2362=EDGE_LOOP('',(#4828,#4829,#4830,#4831));
#2363=AXIS2_PLACEMENT_3D('',#4832,#4833,#4834);
#2364=EDGE_LOOP('',(#4835,#4836,#4837,#4838));
#2365=AXIS2_PLACEMENT_3D('',#4839,#4840,#4841);
#2366=EDGE_LOOP('',(#4842,#4843,#4844,#4845));
#2367=AXIS2_PLACEMENT_3D('',#4846,#4847,#4848);
#2368=EDGE_LOOP('',(#4849,#4850,#4851,#4852,#4853));
#2369=AXIS2_PLACEMENT_3D('',#4854,#4855,#4856);
#2370=EDGE_LOOP('',(#4857,#4858,#4859,#4860,#4861));
#2371=AXIS2_PLACEMENT_3D('',#4862,#4863,#4864);
#2372=EDGE_LOOP('',(#4865,#4866,#4867,#4868,#4869));
#2373=AXIS2_PLACEMENT_3D('',#4870,#4871,#4872);
#2374=EDGE_LOOP('',(#4873,#4874,#4875,#4876,#4877));
#2375=AXIS2_PLACEMENT_3D('',#4878,#4879,#4880);
#2376=EDGE_LOOP('',(#4881,#4882,#4883,#4884));
#2377=AXIS2_PLACEMENT_3D('',#4885,#4886,#4887);
#2378=EDGE_LOOP('',(#4888,#4889,#4890,#4891));
#2379=AXIS2_PLACEMENT_3D('',#4892,#4893,#4894);
#2380=EDGE_LOOP('',(#4895,#4896,#4897,#4898));
#2381=AXIS2_PLACEMENT_3D('',#4899,#4900,#4901);
#2382=EDGE_LOOP('',(#4902,#4903,#4904,#4905));
#2383=AXIS2_PLACEMENT_3D('',#4906,#4907,#4908);
#2384=EDGE_LOOP('',(#4909,#4910,#4911,#4912));
#2385=AXIS2_PLACEMENT_3D('',#4913,#4914,#4915);
#2386=EDGE_LOOP('',(#4916,#4917,#4918,#4919));
#2387=AXIS2_PLACEMENT_3D('',#4920,#4921,#4922);
#2388=EDGE_LOOP('',(#4923,#4924,#4925,#4926));
#2389=AXIS2_PLACEMENT_3D('',#4927,#4928,#4929);
#2390=EDGE_LOOP('',(#4930,#4931,#4932,#4933));
#2391=AXIS2_PLACEMENT_3D('',#4934,#4935,#4936);
#2392=EDGE_LOOP('',(#4937,#4938,#4939,#4940));
#2393=AXIS2_PLACEMENT_3D('',#4941,#4942,#4943);
#2394=EDGE_LOOP('',(#4944,#4945,#4946,#4947));
#2395=AXIS2_PLACEMENT_3D('',#4948,#4949,#4950);
#2396=EDGE_LOOP('',(#4951,#4952,#4953,#4954));
#2397=AXIS2_PLACEMENT_3D('',#4955,#4956,#4957);
#2398=EDGE_LOOP('',(#4958,#4959,#4960,#4961));
#2399=AXIS2_PLACEMENT_3D('',#4962,#4963,#4964);
#2400=EDGE_LOOP('',(#4965,#4966,#4967,#4968,#4969));
#2401=AXIS2_PLACEMENT_3D('',#4970,#4971,#4972);
#2402=EDGE_LOOP('',(#4973,#4974,#4975,#4976,#4977));
#2403=AXIS2_PLACEMENT_3D('',#4978,#4979,#4980);
#2404=EDGE_LOOP('',(#4981,#4982,#4983,#4984,#4985));
#2405=AXIS2_PLACEMENT_3D('',#4986,#4987,#4988);
#2406=EDGE_LOOP('',(#4989,#4990,#4991,#4992,#4993));
#2407=AXIS2_PLACEMENT_3D('',#4994,#4995,#4996);
#2408=EDGE_LOOP('',(#4997,#4998,#4999,#5000));
#2409=AXIS2_PLACEMENT_3D('',#5001,#5002,#5003);
#2410=EDGE_LOOP('',(#5004,#5005,#5006,#5007,#5008));
#2411=AXIS2_PLACEMENT_3D('',#5009,#5010,#5011);
#2412=EDGE_LOOP('',(#5012,#5013,#5014,#5015,#5016));
#2413=AXIS2_PLACEMENT_3D('',#5017,#5018,#5019);
#2414=EDGE_LOOP('',(#5020,#5021,#5022,#5023,#5024));
#2415=AXIS2_PLACEMENT_3D('',#5025,#5026,#5027);
#2416=EDGE_LOOP('',(#5028,#5029,#5030,#5031,#5032));
#2417=AXIS2_PLACEMENT_3D('',#5033,#5034,#5035);
#2418=EDGE_LOOP('',(#5036,#5037,#5038,#5039));
#2419=AXIS2_PLACEMENT_3D('',#5040,#5041,#5042);
#2420=EDGE_LOOP('',(#5043,#5044,#5045,#5046));
#2421=AXIS2_PLACEMENT_3D('',#5047,#5048,#5049);
#2422=EDGE_LOOP('',(#5050,#5051,#5052,#5053));
#2423=AXIS2_PLACEMENT_3D('',#5054,#5055,#5056);
#2424=EDGE_LOOP('',(#5057,#5058,#5059,#5060));
#2425=AXIS2_PLACEMENT_3D('',#5061,#5062,#5063);
#2426=EDGE_LOOP('',(#5064,#5065,#5066,#5067));
#2427=AXIS2_PLACEMENT_3D('',#5068,#5069,#5070);
#2428=EDGE_LOOP('',(#5071,#5072,#5073,#5074));
#2429=AXIS2_PLACEMENT_3D('',#5075,#5076,#5077);
#2430=EDGE_LOOP('',(#5078,#5079,#5080,#5081));
#2431=AXIS2_PLACEMENT_3D('',#5082,#5083,#5084);
#2432=EDGE_LOOP('',(#5085,#5086,#5087,#5088,#5089,#5090,#5091,#5092));
#2433=EDGE_LOOP('',(#5093,#5094,#5095,#5096));
#2434=AXIS2_PLACEMENT_3D('',#5097,#5098,#5099);
#2435=EDGE_LOOP('',(#5100,#5101,#5102,#5103,#5104,#5105,#5106,#5107));
#2436=EDGE_LOOP('',(#5108,#5109,#5110,#5111));
#2437=AXIS2_PLACEMENT_3D('',#5112,#5113,#5114);
#2438=EDGE_LOOP('',(#5115,#5116,#5117,#5118));
#2439=AXIS2_PLACEMENT_3D('',#5119,#5120,#5121);
#2440=EDGE_LOOP('',(#5122,#5123,#5124,#5125));
#2441=AXIS2_PLACEMENT_3D('',#5126,#5127,#5128);
#2442=EDGE_LOOP('',(#5129,#5130,#5131,#5132));
#2443=AXIS2_PLACEMENT_3D('',#5133,#5134,#5135);
#2444=EDGE_LOOP('',(#5136,#5137,#5138,#5139));
#2445=AXIS2_PLACEMENT_3D('',#5140,#5141,#5142);
#2446=EDGE_LOOP('',(#5143,#5144,#5145,#5146));
#2447=AXIS2_PLACEMENT_3D('',#5147,#5148,#5149);
#2448=EDGE_LOOP('',(#5150,#5151,#5152,#5153));
#2449=AXIS2_PLACEMENT_3D('',#5154,#5155,#5156);
#2450=EDGE_LOOP('',(#5157,#5158,#5159,#5160));
#2451=AXIS2_PLACEMENT_3D('',#5161,#5162,#5163);
#2452=EDGE_LOOP('',(#5164,#5165,#5166,#5167));
#2453=AXIS2_PLACEMENT_3D('',#5168,#5169,#5170);
#2454=EDGE_LOOP('',(#5171,#5172,#5173,#5174));
#2455=AXIS2_PLACEMENT_3D('',#5175,#5176,#5177);
#2456=EDGE_LOOP('',(#5178,#5179,#5180,#5181));
#2457=AXIS2_PLACEMENT_3D('',#5182,#5183,#5184);
#2458=EDGE_LOOP('',(#5185,#5186,#5187,#5188));
#2459=AXIS2_PLACEMENT_3D('',#5189,#5190,#5191);
#2460=EDGE_LOOP('',(#5192,#5193,#5194,#5195));
#2461=AXIS2_PLACEMENT_3D('',#5196,#5197,#5198);
#2462=EDGE_LOOP('',(#5199,#5200,#5201,#5202));
#2463=AXIS2_PLACEMENT_3D('',#5203,#5204,#5205);
#2464=EDGE_LOOP('',(#5206,#5207,#5208,#5209));
#2465=AXIS2_PLACEMENT_3D('',#5210,#5211,#5212);
#2466=EDGE_LOOP('',(#5213,#5214,#5215,#5216));
#2467=AXIS2_PLACEMENT_3D('',#5217,#5218,#5219);
#2468=EDGE_LOOP('',(#5220,#5221,#5222,#5223));
#2469=AXIS2_PLACEMENT_3D('',#5224,#5225,#5226);
#2470=EDGE_LOOP('',(#5227,#5228,#5229,#5230));
#2471=AXIS2_PLACEMENT_3D('',#5231,#5232,#5233);
#2472=EDGE_LOOP('',(#5234,#5235,#5236,#5237,#5238,#5239,#5240,#5241));
#2473=EDGE_LOOP('',(#5242,#5243,#5244,#5245));
#2474=AXIS2_PLACEMENT_3D('',#5246,#5247,#5248);
#2475=EDGE_LOOP('',(#5249,#5250,#5251,#5252,#5253,#5254,#5255,#5256));
#2476=EDGE_LOOP('',(#5257,#5258,#5259,#5260));
#2477=AXIS2_PLACEMENT_3D('',#5261,#5262,#5263);
#2478=EDGE_LOOP('',(#5264,#5265,#5266,#5267));
#2479=AXIS2_PLACEMENT_3D('',#5268,#5269,#5270);
#2480=EDGE_LOOP('',(#5271,#5272,#5273,#5274));
#2481=AXIS2_PLACEMENT_3D('',#5275,#5276,#5277);
#2482=EDGE_LOOP('',(#5278,#5279,#5280,#5281));
#2483=AXIS2_PLACEMENT_3D('',#5282,#5283,#5284);
#2484=EDGE_LOOP('',(#5285,#5286,#5287,#5288));
#2485=AXIS2_PLACEMENT_3D('',#5289,#5290,#5291);
#2486=EDGE_LOOP('',(#5292,#5293,#5294,#5295));
#2487=AXIS2_PLACEMENT_3D('',#5296,#5297,#5298);
#2488=EDGE_LOOP('',(#5299,#5300,#5301,#5302));
#2489=AXIS2_PLACEMENT_3D('',#5303,#5304,#5305);
#2490=EDGE_LOOP('',(#5306,#5307,#5308,#5309));
#2491=AXIS2_PLACEMENT_3D('',#5310,#5311,#5312);
#2492=EDGE_LOOP('',(#5313,#5314,#5315,#5316,#5317));
#2493=AXIS2_PLACEMENT_3D('',#5318,#5319,#5320);
#2494=EDGE_LOOP('',(#5321,#5322,#5323,#5324,#5325));
#2495=AXIS2_PLACEMENT_3D('',#5326,#5327,#5328);
#2496=EDGE_LOOP('',(#5329,#5330,#5331,#5332,#5333));
#2497=AXIS2_PLACEMENT_3D('',#5334,#5335,#5336);
#2498=EDGE_LOOP('',(#5337,#5338,#5339,#5340,#5341));
#2499=AXIS2_PLACEMENT_3D('',#5342,#5343,#5344);
#2500=EDGE_LOOP('',(#5345,#5346,#5347,#5348));
#2501=EDGE_LOOP('',(#5349,#5350,#5351,#5352));
#2502=AXIS2_PLACEMENT_3D('',#5353,#5354,#5355);
#2503=EDGE_LOOP('',(#5356,#5357,#5358,#5359,#5360,#5361));
#2504=EDGE_LOOP('',(#5362,#5363,#5364,#5365));
#2505=AXIS2_PLACEMENT_3D('',#5366,#5367,#5368);
#2506=EDGE_LOOP('',(#5369,#5370,#5371,#5372,#5373,#5374));
#2507=EDGE_LOOP('',(#5375,#5376,#5377,#5378));
#2508=AXIS2_PLACEMENT_3D('',#5379,#5380,#5381);
#2509=EDGE_LOOP('',(#5382,#5383,#5384,#5385));
#2510=EDGE_LOOP('',(#5386,#5387,#5388,#5389));
#2511=AXIS2_PLACEMENT_3D('',#5390,#5391,#5392);
#2512=EDGE_LOOP('',(#5393,#5394,#5395,#5396));
#2513=AXIS2_PLACEMENT_3D('',#5397,#5398,#5399);
#2514=EDGE_LOOP('',(#5400,#5401,#5402,#5403));
#2515=AXIS2_PLACEMENT_3D('',#5404,#5405,#5406);
#2516=EDGE_LOOP('',(#5407,#5408,#5409,#5410));
#2517=AXIS2_PLACEMENT_3D('',#5411,#5412,#5413);
#2518=EDGE_LOOP('',(#5414,#5415,#5416,#5417));
#2519=AXIS2_PLACEMENT_3D('',#5418,#5419,#5420);
#2520=EDGE_LOOP('',(#5421,#5422,#5423,#5424));
#2521=AXIS2_PLACEMENT_3D('',#5425,#5426,#5427);
#2522=EDGE_LOOP('',(#5428,#5429,#5430,#5431));
#2523=AXIS2_PLACEMENT_3D('',#5432,#5433,#5434);
#2524=EDGE_LOOP('',(#5435,#5436,#5437,#5438));
#2525=AXIS2_PLACEMENT_3D('',#5439,#5440,#5441);
#2526=EDGE_LOOP('',(#5442,#5443,#5444,#5445));
#2527=AXIS2_PLACEMENT_3D('',#5446,#5447,#5448);
#2528=EDGE_LOOP('',(#5449,#5450,#5451,#5452));
#2529=AXIS2_PLACEMENT_3D('',#5453,#5454,#5455);
#2530=EDGE_LOOP('',(#5456,#5457,#5458,#5459));
#2531=AXIS2_PLACEMENT_3D('',#5460,#5461,#5462);
#2532=EDGE_LOOP('',(#5463,#5464,#5465,#5466));
#2533=AXIS2_PLACEMENT_3D('',#5467,#5468,#5469);
#2534=EDGE_LOOP('',(#5470,#5471,#5472,#5473));
#2535=AXIS2_PLACEMENT_3D('',#5474,#5475,#5476);
#2536=EDGE_LOOP('',(#5477,#5478,#5479,#5480));
#2537=AXIS2_PLACEMENT_3D('',#5481,#5482,#5483);
#2538=EDGE_LOOP('',(#5484,#5485,#5486,#5487));
#2539=AXIS2_PLACEMENT_3D('',#5488,#5489,#5490);
#2540=EDGE_LOOP('',(#5491,#5492,#5493,#5494));
#2541=AXIS2_PLACEMENT_3D('',#5495,#5496,#5497);
#2542=EDGE_LOOP('',(#5498,#5499,#5500,#5501));
#2543=AXIS2_PLACEMENT_3D('',#5502,#5503,#5504);
#2544=EDGE_LOOP('',(#5505,#5506,#5507,#5508));
#2545=AXIS2_PLACEMENT_3D('',#5509,#5510,#5511);
#2546=EDGE_LOOP('',(#5512,#5513,#5514,#5515));
#2547=AXIS2_PLACEMENT_3D('',#5516,#5517,#5518);
#2548=EDGE_LOOP('',(#5519,#5520,#5521,#5522));
#2549=AXIS2_PLACEMENT_3D('',#5523,#5524,#5525);
#2550=EDGE_LOOP('',(#5526,#5527,#5528,#5529));
#2551=AXIS2_PLACEMENT_3D('',#5530,#5531,#5532);
#2552=EDGE_LOOP('',(#5533,#5534,#5535,#5536));
#2553=AXIS2_PLACEMENT_3D('',#5537,#5538,#5539);
#2554=EDGE_LOOP('',(#5540,#5541,#5542,#5543));
#2555=AXIS2_PLACEMENT_3D('',#5544,#5545,#5546);
#2556=EDGE_LOOP('',(#5547,#5548,#5549,#5550));
#2557=AXIS2_PLACEMENT_3D('',#5551,#5552,#5553);
#2558=EDGE_LOOP('',(#5554,#5555,#5556,#5557));
#2559=AXIS2_PLACEMENT_3D('',#5558,#5559,#5560);
#2560=EDGE_LOOP('',(#5561,#5562,#5563,#5564,#5565));
#2561=AXIS2_PLACEMENT_3D('',#5566,#5567,#5568);
#2562=EDGE_LOOP('',(#5569,#5570,#5571,#5572,#5573));
#2563=AXIS2_PLACEMENT_3D('',#5574,#5575,#5576);
#2564=EDGE_LOOP('',(#5577,#5578,#5579,#5580,#5581));
#2565=AXIS2_PLACEMENT_3D('',#5582,#5583,#5584);
#2566=EDGE_LOOP('',(#5585,#5586,#5587,#5588,#5589));
#2567=AXIS2_PLACEMENT_3D('',#5590,#5591,#5592);
#2568=EDGE_LOOP('',(#5593,#5594,#5595,#5596));
#2569=AXIS2_PLACEMENT_3D('',#5597,#5598,#5599);
#2570=EDGE_LOOP('',(#5600,#5601,#5602,#5603));
#2571=AXIS2_PLACEMENT_3D('',#5604,#5605,#5606);
#2572=EDGE_LOOP('',(#5607,#5608,#5609,#5610));
#2573=AXIS2_PLACEMENT_3D('',#5611,#5612,#5613);
#2574=EDGE_LOOP('',(#5614,#5615,#5616,#5617));
#2575=AXIS2_PLACEMENT_3D('',#5618,#5619,#5620);
#2576=EDGE_LOOP('',(#5621,#5622,#5623,#5624));
#2577=AXIS2_PLACEMENT_3D('',#5625,#5626,#5627);
#2578=EDGE_LOOP('',(#5628,#5629,#5630,#5631));
#2579=AXIS2_PLACEMENT_3D('',#5632,#5633,#5634);
#2580=EDGE_LOOP('',(#5635,#5636,#5637,#5638));
#2581=AXIS2_PLACEMENT_3D('',#5639,#5640,#5641);
#2582=EDGE_LOOP('',(#5642,#5643,#5644,#5645));
#2583=AXIS2_PLACEMENT_3D('',#5646,#5647,#5648);
#2584=EDGE_LOOP('',(#5649,#5650,#5651,#5652));
#2585=AXIS2_PLACEMENT_3D('',#5653,#5654,#5655);
#2586=EDGE_LOOP('',(#5656,#5657,#5658,#5659));
#2587=AXIS2_PLACEMENT_3D('',#5660,#5661,#5662);
#2588=EDGE_LOOP('',(#5663,#5664,#5665,#5666));
#2589=AXIS2_PLACEMENT_3D('',#5667,#5668,#5669);
#2590=EDGE_LOOP('',(#5670,#5671,#5672,#5673));
#2591=AXIS2_PLACEMENT_3D('',#5674,#5675,#5676);
#2592=EDGE_LOOP('',(#5677,#5678,#5679,#5680,#5681));
#2593=AXIS2_PLACEMENT_3D('',#5682,#5683,#5684);
#2594=EDGE_LOOP('',(#5685,#5686,#5687,#5688,#5689));
#2595=AXIS2_PLACEMENT_3D('',#5690,#5691,#5692);
#2596=EDGE_LOOP('',(#5693,#5694,#5695,#5696,#5697));
#2597=AXIS2_PLACEMENT_3D('',#5698,#5699,#5700);
#2598=EDGE_LOOP('',(#5701,#5702,#5703,#5704,#5705));
#2599=AXIS2_PLACEMENT_3D('',#5706,#5707,#5708);
#2600=EDGE_LOOP('',(#5709,#5710,#5711,#5712));
#2601=AXIS2_PLACEMENT_3D('',#5713,#5714,#5715);
#2602=EDGE_LOOP('',(#5716,#5717,#5718,#5719,#5720));
#2603=AXIS2_PLACEMENT_3D('',#5721,#5722,#5723);
#2604=EDGE_LOOP('',(#5724,#5725,#5726,#5727,#5728));
#2605=AXIS2_PLACEMENT_3D('',#5729,#5730,#5731);
#2606=EDGE_LOOP('',(#5732,#5733,#5734,#5735,#5736));
#2607=AXIS2_PLACEMENT_3D('',#5737,#5738,#5739);
#2608=EDGE_LOOP('',(#5740,#5741,#5742,#5743,#5744));
#2609=AXIS2_PLACEMENT_3D('',#5745,#5746,#5747);
#2610=EDGE_LOOP('',(#5748,#5749,#5750,#5751));
#2611=AXIS2_PLACEMENT_3D('',#5752,#5753,#5754);
#2612=EDGE_LOOP('',(#5755,#5756,#5757,#5758));
#2613=AXIS2_PLACEMENT_3D('',#5759,#5760,#5761);
#2614=EDGE_LOOP('',(#5762,#5763,#5764,#5765));
#2615=AXIS2_PLACEMENT_3D('',#5766,#5767,#5768);
#2616=EDGE_LOOP('',(#5769,#5770,#5771,#5772));
#2617=AXIS2_PLACEMENT_3D('',#5773,#5774,#5775);
#2618=EDGE_LOOP('',(#5776,#5777,#5778,#5779));
#2619=AXIS2_PLACEMENT_3D('',#5780,#5781,#5782);
#2620=EDGE_LOOP('',(#5783,#5784,#5785,#5786));
#2621=AXIS2_PLACEMENT_3D('',#5787,#5788,#5789);
#2622=EDGE_LOOP('',(#5790,#5791,#5792,#5793));
#2623=AXIS2_PLACEMENT_3D('',#5794,#5795,#5796);
#2624=EDGE_LOOP('',(#5797,#5798,#5799,#5800,#5801,#5802,#5803,#5804));
#2625=EDGE_LOOP('',(#5805,#5806,#5807,#5808));
#2626=AXIS2_PLACEMENT_3D('',#5809,#5810,#5811);
#2627=EDGE_LOOP('',(#5812,#5813,#5814,#5815,#5816,#5817,#5818,#5819));
#2628=EDGE_LOOP('',(#5820,#5821,#5822,#5823));
#2629=AXIS2_PLACEMENT_3D('',#5824,#5825,#5826);
#2630=EDGE_LOOP('',(#5827,#5828,#5829,#5830));
#2631=AXIS2_PLACEMENT_3D('',#5831,#5832,#5833);
#2632=EDGE_LOOP('',(#5834,#5835,#5836,#5837));
#2633=AXIS2_PLACEMENT_3D('',#5838,#5839,#5840);
#2634=EDGE_LOOP('',(#5841,#5842,#5843,#5844));
#2635=AXIS2_PLACEMENT_3D('',#5845,#5846,#5847);
#2636=EDGE_LOOP('',(#5848,#5849,#5850,#5851));
#2637=AXIS2_PLACEMENT_3D('',#5852,#5853,#5854);
#2638=EDGE_LOOP('',(#5855,#5856,#5857,#5858));
#2639=AXIS2_PLACEMENT_3D('',#5859,#5860,#5861);
#2640=EDGE_LOOP('',(#5862,#5863,#5864,#5865));
#2641=AXIS2_PLACEMENT_3D('',#5866,#5867,#5868);
#2642=EDGE_LOOP('',(#5869,#5870,#5871,#5872));
#2643=AXIS2_PLACEMENT_3D('',#5873,#5874,#5875);
#2644=EDGE_LOOP('',(#5876,#5877,#5878,#5879));
#2645=AXIS2_PLACEMENT_3D('',#5880,#5881,#5882);
#2646=EDGE_LOOP('',(#5883,#5884,#5885,#5886));
#2647=AXIS2_PLACEMENT_3D('',#5887,#5888,#5889);
#2648=EDGE_LOOP('',(#5890,#5891,#5892,#5893));
#2649=AXIS2_PLACEMENT_3D('',#5894,#5895,#5896);
#2650=EDGE_LOOP('',(#5897,#5898,#5899,#5900));
#2651=AXIS2_PLACEMENT_3D('',#5901,#5902,#5903);
#2652=EDGE_LOOP('',(#5904,#5905,#5906,#5907));
#2653=AXIS2_PLACEMENT_3D('',#5908,#5909,#5910);
#2654=EDGE_LOOP('',(#5911,#5912,#5913,#5914));
#2655=AXIS2_PLACEMENT_3D('',#5915,#5916,#5917);
#2656=EDGE_LOOP('',(#5918,#5919,#5920,#5921));
#2657=AXIS2_PLACEMENT_3D('',#5922,#5923,#5924);
#2658=EDGE_LOOP('',(#5925,#5926,#5927,#5928));
#2659=AXIS2_PLACEMENT_3D('',#5929,#5930,#5931);
#2660=EDGE_LOOP('',(#5932,#5933,#5934,#5935));
#2661=AXIS2_PLACEMENT_3D('',#5936,#5937,#5938);
#2662=EDGE_LOOP('',(#5939,#5940,#5941,#5942));
#2663=AXIS2_PLACEMENT_3D('',#5943,#5944,#5945);
#2664=EDGE_LOOP('',(#5946,#5947,#5948,#5949,#5950,#5951,#5952,#5953));
#2665=EDGE_LOOP('',(#5954,#5955,#5956,#5957));
#2666=AXIS2_PLACEMENT_3D('',#5958,#5959,#5960);
#2667=EDGE_LOOP('',(#5961,#5962,#5963,#5964,#5965,#5966,#5967,#5968));
#2668=EDGE_LOOP('',(#5969,#5970,#5971,#5972));
#2669=AXIS2_PLACEMENT_3D('',#5973,#5974,#5975);
#2670=EDGE_LOOP('',(#5976,#5977,#5978,#5979));
#2671=AXIS2_PLACEMENT_3D('',#5980,#5981,#5982);
#2672=EDGE_LOOP('',(#5983,#5984,#5985,#5986));
#2673=AXIS2_PLACEMENT_3D('',#5987,#5988,#5989);
#2674=EDGE_LOOP('',(#5990,#5991,#5992,#5993));
#2675=AXIS2_PLACEMENT_3D('',#5994,#5995,#5996);
#2676=EDGE_LOOP('',(#5997,#5998,#5999,#6000));
#2677=AXIS2_PLACEMENT_3D('',#6001,#6002,#6003);
#2678=EDGE_LOOP('',(#6004,#6005,#6006,#6007));
#2679=AXIS2_PLACEMENT_3D('',#6008,#6009,#6010);
#2680=EDGE_LOOP('',(#6011,#6012,#6013,#6014));
#2681=AXIS2_PLACEMENT_3D('',#6015,#6016,#6017);
#2682=EDGE_LOOP('',(#6018,#6019,#6020,#6021));
#2683=AXIS2_PLACEMENT_3D('',#6022,#6023,#6024);
#2684=EDGE_LOOP('',(#6025,#6026,#6027,#6028,#6029));
#2685=AXIS2_PLACEMENT_3D('',#6030,#6031,#6032);
#2686=EDGE_LOOP('',(#6033,#6034,#6035,#6036,#6037));
#2687=AXIS2_PLACEMENT_3D('',#6038,#6039,#6040);
#2688=EDGE_LOOP('',(#6041,#6042,#6043,#6044,#6045));
#2689=AXIS2_PLACEMENT_3D('',#6046,#6047,#6048);
#2690=EDGE_LOOP('',(#6049,#6050,#6051,#6052,#6053));
#2691=AXIS2_PLACEMENT_3D('',#6054,#6055,#6056);
#2692=EDGE_LOOP('',(#6057,#6058,#6059,#6060,#6061,#6062));
#2693=EDGE_LOOP('',(#6063,#6064,#6065,#6066));
#2694=AXIS2_PLACEMENT_3D('',#6067,#6068,#6069);
#2695=EDGE_LOOP('',(#6070,#6071,#6072,#6073));
#2696=EDGE_LOOP('',(#6074,#6075,#6076,#6077));
#2697=AXIS2_PLACEMENT_3D('',#6078,#6079,#6080);
#2698=EDGE_LOOP('',(#6081,#6082,#6083,#6084));
#2699=EDGE_LOOP('',(#6085,#6086,#6087,#6088));
#2700=AXIS2_PLACEMENT_3D('',#6089,#6090,#6091);
#2701=EDGE_LOOP('',(#6092,#6093,#6094,#6095,#6096,#6097));
#2702=EDGE_LOOP('',(#6098,#6099,#6100,#6101));
#2703=AXIS2_PLACEMENT_3D('',#6102,#6103,#6104);
#2704=EDGE_LOOP('',(#6105,#6106,#6107,#6108));
#2705=AXIS2_PLACEMENT_3D('',#6109,#6110,#6111);
#2706=EDGE_LOOP('',(#6112,#6113,#6114,#6115));
#2707=AXIS2_PLACEMENT_3D('',#6116,#6117,#6118);
#2708=EDGE_LOOP('',(#6119,#6120,#6121,#6122));
#2709=AXIS2_PLACEMENT_3D('',#6123,#6124,#6125);
#2710=EDGE_LOOP('',(#6126,#6127,#6128,#6129));
#2711=AXIS2_PLACEMENT_3D('',#6130,#6131,#6132);
#2712=EDGE_LOOP('',(#6133,#6134,#6135,#6136));
#2713=AXIS2_PLACEMENT_3D('',#6137,#6138,#6139);
#2714=EDGE_LOOP('',(#6140,#6141,#6142,#6143));
#2715=AXIS2_PLACEMENT_3D('',#6144,#6145,#6146);
#2716=EDGE_LOOP('',(#6147,#6148,#6149,#6150));
#2717=AXIS2_PLACEMENT_3D('',#6151,#6152,#6153);
#2718=EDGE_LOOP('',(#6154,#6155,#6156,#6157));
#2719=AXIS2_PLACEMENT_3D('',#6158,#6159,#6160);
#2720=EDGE_LOOP('',(#6161,#6162,#6163,#6164));
#2721=AXIS2_PLACEMENT_3D('',#6165,#6166,#6167);
#2722=EDGE_LOOP('',(#6168,#6169,#6170,#6171));
#2723=AXIS2_PLACEMENT_3D('',#6172,#6173,#6174);
#2724=EDGE_LOOP('',(#6175,#6176,#6177,#6178));
#2725=AXIS2_PLACEMENT_3D('',#6179,#6180,#6181);
#2726=EDGE_LOOP('',(#6182,#6183,#6184,#6185));
#2727=AXIS2_PLACEMENT_3D('',#6186,#6187,#6188);
#2728=EDGE_LOOP('',(#6189,#6190,#6191,#6192));
#2729=AXIS2_PLACEMENT_3D('',#6193,#6194,#6195);
#2730=EDGE_LOOP('',(#6196,#6197,#6198,#6199));
#2731=AXIS2_PLACEMENT_3D('',#6200,#6201,#6202);
#2732=EDGE_LOOP('',(#6203,#6204,#6205,#6206));
#2733=AXIS2_PLACEMENT_3D('',#6207,#6208,#6209);
#2734=EDGE_LOOP('',(#6210,#6211,#6212,#6213));
#2735=AXIS2_PLACEMENT_3D('',#6214,#6215,#6216);
#2736=EDGE_LOOP('',(#6217,#6218,#6219,#6220));
#2737=AXIS2_PLACEMENT_3D('',#6221,#6222,#6223);
#2738=EDGE_LOOP('',(#6224,#6225,#6226,#6227));
#2739=AXIS2_PLACEMENT_3D('',#6228,#6229,#6230);
#2740=EDGE_LOOP('',(#6231,#6232,#6233,#6234));
#2741=AXIS2_PLACEMENT_3D('',#6235,#6236,#6237);
#2742=EDGE_LOOP('',(#6238,#6239,#6240,#6241));
#2743=AXIS2_PLACEMENT_3D('',#6242,#6243,#6244);
#2744=EDGE_LOOP('',(#6245,#6246,#6247,#6248));
#2745=AXIS2_PLACEMENT_3D('',#6249,#6250,#6251);
#2746=EDGE_LOOP('',(#6252,#6253,#6254,#6255));
#2747=AXIS2_PLACEMENT_3D('',#6256,#6257,#6258);
#2748=EDGE_LOOP('',(#6259,#6260,#6261,#6262));
#2749=AXIS2_PLACEMENT_3D('',#6263,#6264,#6265);
#2750=EDGE_LOOP('',(#6266,#6267,#6268,#6269));
#2751=AXIS2_PLACEMENT_3D('',#6270,#6271,#6272);
#2752=EDGE_LOOP('',(#6273,#6274,#6275,#6276,#6277));
#2753=AXIS2_PLACEMENT_3D('',#6278,#6279,#6280);
#2754=EDGE_LOOP('',(#6281,#6282,#6283,#6284,#6285));
#2755=AXIS2_PLACEMENT_3D('',#6286,#6287,#6288);
#2756=EDGE_LOOP('',(#6289,#6290,#6291,#6292,#6293));
#2757=AXIS2_PLACEMENT_3D('',#6294,#6295,#6296);
#2758=EDGE_LOOP('',(#6297,#6298,#6299,#6300,#6301));
#2759=AXIS2_PLACEMENT_3D('',#6302,#6303,#6304);
#2760=EDGE_LOOP('',(#6305,#6306,#6307,#6308));
#2761=AXIS2_PLACEMENT_3D('',#6309,#6310,#6311);
#2762=EDGE_LOOP('',(#6312,#6313,#6314,#6315));
#2763=AXIS2_PLACEMENT_3D('',#6316,#6317,#6318);
#2764=EDGE_LOOP('',(#6319,#6320,#6321,#6322));
#2765=AXIS2_PLACEMENT_3D('',#6323,#6324,#6325);
#2766=EDGE_LOOP('',(#6326,#6327,#6328,#6329));
#2767=AXIS2_PLACEMENT_3D('',#6330,#6331,#6332);
#2768=EDGE_LOOP('',(#6333,#6334,#6335,#6336));
#2769=AXIS2_PLACEMENT_3D('',#6337,#6338,#6339);
#2770=EDGE_LOOP('',(#6340,#6341,#6342,#6343));
#2771=AXIS2_PLACEMENT_3D('',#6344,#6345,#6346);
#2772=EDGE_LOOP('',(#6347,#6348,#6349,#6350));
#2773=AXIS2_PLACEMENT_3D('',#6351,#6352,#6353);
#2774=EDGE_LOOP('',(#6354,#6355,#6356,#6357));
#2775=AXIS2_PLACEMENT_3D('',#6358,#6359,#6360);
#2776=EDGE_LOOP('',(#6361,#6362,#6363,#6364));
#2777=AXIS2_PLACEMENT_3D('',#6365,#6366,#6367);
#2778=EDGE_LOOP('',(#6368,#6369,#6370,#6371));
#2779=AXIS2_PLACEMENT_3D('',#6372,#6373,#6374);
#2780=EDGE_LOOP('',(#6375,#6376,#6377,#6378));
#2781=AXIS2_PLACEMENT_3D('',#6379,#6380,#6381);
#2782=EDGE_LOOP('',(#6382,#6383,#6384,#6385));
#2783=AXIS2_PLACEMENT_3D('',#6386,#6387,#6388);
#2784=EDGE_LOOP('',(#6389,#6390,#6391,#6392,#6393));
#2785=AXIS2_PLACEMENT_3D('',#6394,#6395,#6396);
#2786=EDGE_LOOP('',(#6397,#6398,#6399,#6400,#6401));
#2787=AXIS2_PLACEMENT_3D('',#6402,#6403,#6404);
#2788=EDGE_LOOP('',(#6405,#6406,#6407,#6408,#6409));
#2789=AXIS2_PLACEMENT_3D('',#6410,#6411,#6412);
#2790=EDGE_LOOP('',(#6413,#6414,#6415,#6416,#6417));
#2791=AXIS2_PLACEMENT_3D('',#6418,#6419,#6420);
#2792=EDGE_LOOP('',(#6421,#6422,#6423,#6424));
#2793=AXIS2_PLACEMENT_3D('',#6425,#6426,#6427);
#2794=EDGE_LOOP('',(#6428,#6429,#6430,#6431,#6432));
#2795=AXIS2_PLACEMENT_3D('',#6433,#6434,#6435);
#2796=EDGE_LOOP('',(#6436,#6437,#6438,#6439,#6440));
#2797=AXIS2_PLACEMENT_3D('',#6441,#6442,#6443);
#2798=EDGE_LOOP('',(#6444,#6445,#6446,#6447,#6448));
#2799=AXIS2_PLACEMENT_3D('',#6449,#6450,#6451);
#2800=EDGE_LOOP('',(#6452,#6453,#6454,#6455,#6456));
#2801=AXIS2_PLACEMENT_3D('',#6457,#6458,#6459);
#2802=EDGE_LOOP('',(#6460,#6461,#6462,#6463));
#2803=AXIS2_PLACEMENT_3D('',#6464,#6465,#6466);
#2804=EDGE_LOOP('',(#6467,#6468,#6469,#6470));
#2805=AXIS2_PLACEMENT_3D('',#6471,#6472,#6473);
#2806=EDGE_LOOP('',(#6474,#6475,#6476,#6477));
#2807=AXIS2_PLACEMENT_3D('',#6478,#6479,#6480);
#2808=EDGE_LOOP('',(#6481,#6482,#6483,#6484));
#2809=AXIS2_PLACEMENT_3D('',#6485,#6486,#6487);
#2810=EDGE_LOOP('',(#6488,#6489,#6490,#6491));
#2811=AXIS2_PLACEMENT_3D('',#6492,#6493,#6494);
#2812=EDGE_LOOP('',(#6495,#6496,#6497,#6498));
#2813=AXIS2_PLACEMENT_3D('',#6499,#6500,#6501);
#2814=EDGE_LOOP('',(#6502,#6503,#6504,#6505));
#2815=AXIS2_PLACEMENT_3D('',#6506,#6507,#6508);
#2816=EDGE_LOOP('',(#6509,#6510,#6511,#6512,#6513,#6514,#6515,#6516));
#2817=EDGE_LOOP('',(#6517,#6518,#6519,#6520));
#2818=AXIS2_PLACEMENT_3D('',#6521,#6522,#6523);
#2819=EDGE_LOOP('',(#6524,#6525,#6526,#6527,#6528,#6529,#6530,#6531));
#2820=EDGE_LOOP('',(#6532,#6533,#6534,#6535));
#2821=AXIS2_PLACEMENT_3D('',#6536,#6537,#6538);
#2822=EDGE_LOOP('',(#6539,#6540,#6541,#6542));
#2823=AXIS2_PLACEMENT_3D('',#6543,#6544,#6545);
#2824=EDGE_LOOP('',(#6546,#6547,#6548,#6549));
#2825=AXIS2_PLACEMENT_3D('',#6550,#6551,#6552);
#2826=EDGE_LOOP('',(#6553,#6554,#6555,#6556));
#2827=AXIS2_PLACEMENT_3D('',#6557,#6558,#6559);
#2828=EDGE_LOOP('',(#6560,#6561,#6562,#6563));
#2829=AXIS2_PLACEMENT_3D('',#6564,#6565,#6566);
#2830=EDGE_LOOP('',(#6567,#6568,#6569,#6570));
#2831=AXIS2_PLACEMENT_3D('',#6571,#6572,#6573);
#2832=EDGE_LOOP('',(#6574,#6575,#6576,#6577));
#2833=AXIS2_PLACEMENT_3D('',#6578,#6579,#6580);
#2834=EDGE_LOOP('',(#6581,#6582,#6583,#6584));
#2835=AXIS2_PLACEMENT_3D('',#6585,#6586,#6587);
#2836=EDGE_LOOP('',(#6588,#6589,#6590,#6591));
#2837=AXIS2_PLACEMENT_3D('',#6592,#6593,#6594);
#2838=EDGE_LOOP('',(#6595,#6596,#6597,#6598));
#2839=AXIS2_PLACEMENT_3D('',#6599,#6600,#6601);
#2840=EDGE_LOOP('',(#6602,#6603,#6604,#6605));
#2841=AXIS2_PLACEMENT_3D('',#6606,#6607,#6608);
#2842=EDGE_LOOP('',(#6609,#6610,#6611,#6612));
#2843=AXIS2_PLACEMENT_3D('',#6613,#6614,#6615);
#2844=EDGE_LOOP('',(#6616,#6617,#6618,#6619));
#2845=AXIS2_PLACEMENT_3D('',#6620,#6621,#6622);
#2846=EDGE_LOOP('',(#6623,#6624,#6625,#6626));
#2847=AXIS2_PLACEMENT_3D('',#6627,#6628,#6629);
#2848=EDGE_LOOP('',(#6630,#6631,#6632,#6633));
#2849=AXIS2_PLACEMENT_3D('',#6634,#6635,#6636);
#2850=EDGE_LOOP('',(#6637,#6638,#6639,#6640));
#2851=AXIS2_PLACEMENT_3D('',#6641,#6642,#6643);
#2852=EDGE_LOOP('',(#6644,#6645,#6646,#6647));
#2853=AXIS2_PLACEMENT_3D('',#6648,#6649,#6650);
#2854=EDGE_LOOP('',(#6651,#6652,#6653,#6654));
#2855=AXIS2_PLACEMENT_3D('',#6655,#6656,#6657);
#2856=EDGE_LOOP('',(#6658,#6659,#6660,#6661,#6662,#6663,#6664,#6665));
#2857=EDGE_LOOP('',(#6666,#6667,#6668,#6669));
#2858=AXIS2_PLACEMENT_3D('',#6670,#6671,#6672);
#2859=EDGE_LOOP('',(#6673,#6674,#6675,#6676,#6677,#6678,#6679,#6680));
#2860=EDGE_LOOP('',(#6681,#6682,#6683,#6684));
#2861=AXIS2_PLACEMENT_3D('',#6685,#6686,#6687);
#2862=EDGE_LOOP('',(#6688,#6689,#6690,#6691));
#2863=AXIS2_PLACEMENT_3D('',#6692,#6693,#6694);
#2864=EDGE_LOOP('',(#6695,#6696,#6697,#6698));
#2865=AXIS2_PLACEMENT_3D('',#6699,#6700,#6701);
#2866=EDGE_LOOP('',(#6702,#6703,#6704,#6705));
#2867=AXIS2_PLACEMENT_3D('',#6706,#6707,#6708);
#2868=EDGE_LOOP('',(#6709,#6710,#6711,#6712));
#2869=AXIS2_PLACEMENT_3D('',#6713,#6714,#6715);
#2870=EDGE_LOOP('',(#6716,#6717,#6718,#6719));
#2871=AXIS2_PLACEMENT_3D('',#6720,#6721,#6722);
#2872=EDGE_LOOP('',(#6723,#6724,#6725,#6726));
#2873=AXIS2_PLACEMENT_3D('',#6727,#6728,#6729);
#2874=EDGE_LOOP('',(#6730,#6731,#6732,#6733));
#2875=AXIS2_PLACEMENT_3D('',#6734,#6735,#6736);
#2876=EDGE_LOOP('',(#6737,#6738,#6739,#6740,#6741));
#2877=AXIS2_PLACEMENT_3D('',#6742,#6743,#6744);
#2878=EDGE_LOOP('',(#6745,#6746,#6747,#6748,#6749));
#2879=AXIS2_PLACEMENT_3D('',#6750,#6751,#6752);
#2880=EDGE_LOOP('',(#6753,#6754,#6755,#6756,#6757));
#2881=AXIS2_PLACEMENT_3D('',#6758,#6759,#6760);
#2882=EDGE_LOOP('',(#6761,#6762,#6763,#6764,#6765));
#2883=AXIS2_PLACEMENT_3D('',#6766,#6767,#6768);
#2884=EDGE_LOOP('',(#6769,#6770,#6771,#6772));
#2885=EDGE_LOOP('',(#6773,#6774,#6775,#6776));
#2886=AXIS2_PLACEMENT_3D('',#6777,#6778,#6779);
#2887=EDGE_LOOP('',(#6780,#6781,#6782,#6783,#6784,#6785));
#2888=EDGE_LOOP('',(#6786,#6787,#6788,#6789));
#2889=AXIS2_PLACEMENT_3D('',#6790,#6791,#6792);
#2890=EDGE_LOOP('',(#6793,#6794,#6795,#6796,#6797,#6798));
#2891=EDGE_LOOP('',(#6799,#6800,#6801,#6802));
#2892=AXIS2_PLACEMENT_3D('',#6803,#6804,#6805);
#2893=EDGE_LOOP('',(#6806,#6807,#6808,#6809));
#2894=EDGE_LOOP('',(#6810,#6811,#6812,#6813));
#2895=AXIS2_PLACEMENT_3D('',#6814,#6815,#6816);
#2896=EDGE_LOOP('',(#6817,#6818,#6819,#6820));
#2897=AXIS2_PLACEMENT_3D('',#6821,#6822,#6823);
#2898=EDGE_LOOP('',(#6824,#6825,#6826,#6827));
#2899=AXIS2_PLACEMENT_3D('',#6828,#6829,#6830);
#2900=EDGE_LOOP('',(#6831,#6832,#6833,#6834));
#2901=AXIS2_PLACEMENT_3D('',#6835,#6836,#6837);
#2902=EDGE_LOOP('',(#6838,#6839,#6840,#6841));
#2903=AXIS2_PLACEMENT_3D('',#6842,#6843,#6844);
#2904=EDGE_LOOP('',(#6845,#6846,#6847,#6848));
#2905=AXIS2_PLACEMENT_3D('',#6849,#6850,#6851);
#2906=EDGE_LOOP('',(#6852,#6853,#6854,#6855));
#2907=AXIS2_PLACEMENT_3D('',#6856,#6857,#6858);
#2908=EDGE_LOOP('',(#6859,#6860,#6861,#6862));
#2909=AXIS2_PLACEMENT_3D('',#6863,#6864,#6865);
#2910=EDGE_LOOP('',(#6866,#6867,#6868,#6869));
#2911=AXIS2_PLACEMENT_3D('',#6870,#6871,#6872);
#2912=EDGE_LOOP('',(#6873,#6874,#6875,#6876));
#2913=AXIS2_PLACEMENT_3D('',#6877,#6878,#6879);
#2914=EDGE_LOOP('',(#6880,#6881,#6882,#6883));
#2915=AXIS2_PLACEMENT_3D('',#6884,#6885,#6886);
#2916=EDGE_LOOP('',(#6887,#6888,#6889,#6890));
#2917=AXIS2_PLACEMENT_3D('',#6891,#6892,#6893);
#2918=EDGE_LOOP('',(#6894,#6895,#6896,#6897));
#2919=AXIS2_PLACEMENT_3D('',#6898,#6899,#6900);
#2920=EDGE_LOOP('',(#6901,#6902,#6903,#6904));
#2921=AXIS2_PLACEMENT_3D('',#6905,#6906,#6907);
#2922=EDGE_LOOP('',(#6908,#6909,#6910,#6911));
#2923=AXIS2_PLACEMENT_3D('',#6912,#6913,#6914);
#2924=EDGE_LOOP('',(#6915,#6916,#6917,#6918));
#2925=AXIS2_PLACEMENT_3D('',#6919,#6920,#6921);
#2926=EDGE_LOOP('',(#6922,#6923,#6924,#6925));
#2927=AXIS2_PLACEMENT_3D('',#6926,#6927,#6928);
#2928=EDGE_LOOP('',(#6929,#6930,#6931,#6932));
#2929=AXIS2_PLACEMENT_3D('',#6933,#6934,#6935);
#2930=EDGE_LOOP('',(#6936,#6937,#6938,#6939));
#2931=AXIS2_PLACEMENT_3D('',#6940,#6941,#6942);
#2932=EDGE_LOOP('',(#6943,#6944,#6945,#6946));
#2933=AXIS2_PLACEMENT_3D('',#6947,#6948,#6949);
#2934=EDGE_LOOP('',(#6950,#6951,#6952,#6953));
#2935=AXIS2_PLACEMENT_3D('',#6954,#6955,#6956);
#2936=EDGE_LOOP('',(#6957,#6958,#6959,#6960));
#2937=AXIS2_PLACEMENT_3D('',#6961,#6962,#6963);
#2938=EDGE_LOOP('',(#6964,#6965,#6966,#6967));
#2939=AXIS2_PLACEMENT_3D('',#6968,#6969,#6970);
#2940=EDGE_LOOP('',(#6971,#6972,#6973,#6974));
#2941=AXIS2_PLACEMENT_3D('',#6975,#6976,#6977);
#2942=EDGE_LOOP('',(#6978,#6979,#6980,#6981));
#2943=AXIS2_PLACEMENT_3D('',#6982,#6983,#6984);
#2944=EDGE_LOOP('',(#6985,#6986,#6987,#6988,#6989));
#2945=AXIS2_PLACEMENT_3D('',#6990,#6991,#6992);
#2946=EDGE_LOOP('',(#6993,#6994,#6995,#6996,#6997));
#2947=AXIS2_PLACEMENT_3D('',#6998,#6999,#7000);
#2948=EDGE_LOOP('',(#7001,#7002,#7003,#7004,#7005));
#2949=AXIS2_PLACEMENT_3D('',#7006,#7007,#7008);
#2950=EDGE_LOOP('',(#7009,#7010,#7011,#7012,#7013));
#2951=AXIS2_PLACEMENT_3D('',#7014,#7015,#7016);
#2952=EDGE_LOOP('',(#7017,#7018,#7019,#7020));
#2953=AXIS2_PLACEMENT_3D('',#7021,#7022,#7023);
#2954=EDGE_LOOP('',(#7024,#7025,#7026,#7027));
#2955=AXIS2_PLACEMENT_3D('',#7028,#7029,#7030);
#2956=EDGE_LOOP('',(#7031,#7032,#7033,#7034));
#2957=AXIS2_PLACEMENT_3D('',#7035,#7036,#7037);
#2958=EDGE_LOOP('',(#7038,#7039,#7040,#7041));
#2959=AXIS2_PLACEMENT_3D('',#7042,#7043,#7044);
#2960=EDGE_LOOP('',(#7045,#7046,#7047,#7048));
#2961=AXIS2_PLACEMENT_3D('',#7049,#7050,#7051);
#2962=EDGE_LOOP('',(#7052,#7053,#7054,#7055));
#2963=AXIS2_PLACEMENT_3D('',#7056,#7057,#7058);
#2964=EDGE_LOOP('',(#7059,#7060,#7061,#7062));
#2965=AXIS2_PLACEMENT_3D('',#7063,#7064,#7065);
#2966=EDGE_LOOP('',(#7066,#7067,#7068,#7069));
#2967=AXIS2_PLACEMENT_3D('',#7070,#7071,#7072);
#2968=EDGE_LOOP('',(#7073,#7074,#7075,#7076));
#2969=AXIS2_PLACEMENT_3D('',#7077,#7078,#7079);
#2970=EDGE_LOOP('',(#7080,#7081,#7082,#7083));
#2971=AXIS2_PLACEMENT_3D('',#7084,#7085,#7086);
#2972=EDGE_LOOP('',(#7087,#7088,#7089,#7090));
#2973=AXIS2_PLACEMENT_3D('',#7091,#7092,#7093);
#2974=EDGE_LOOP('',(#7094,#7095,#7096,#7097));
#2975=AXIS2_PLACEMENT_3D('',#7098,#7099,#7100);
#2976=EDGE_LOOP('',(#7101,#7102,#7103,#7104,#7105));
#2977=AXIS2_PLACEMENT_3D('',#7106,#7107,#7108);
#2978=EDGE_LOOP('',(#7109,#7110,#7111,#7112,#7113));
#2979=AXIS2_PLACEMENT_3D('',#7114,#7115,#7116);
#2980=EDGE_LOOP('',(#7117,#7118,#7119,#7120,#7121));
#2981=AXIS2_PLACEMENT_3D('',#7122,#7123,#7124);
#2982=EDGE_LOOP('',(#7125,#7126,#7127,#7128,#7129));
#2983=AXIS2_PLACEMENT_3D('',#7130,#7131,#7132);
#2984=EDGE_LOOP('',(#7133,#7134,#7135,#7136));
#2985=AXIS2_PLACEMENT_3D('',#7137,#7138,#7139);
#2986=EDGE_LOOP('',(#7140,#7141,#7142,#7143,#7144));
#2987=AXIS2_PLACEMENT_3D('',#7145,#7146,#7147);
#2988=EDGE_LOOP('',(#7148,#7149,#7150,#7151,#7152));
#2989=AXIS2_PLACEMENT_3D('',#7153,#7154,#7155);
#2990=EDGE_LOOP('',(#7156,#7157,#7158,#7159,#7160));
#2991=AXIS2_PLACEMENT_3D('',#7161,#7162,#7163);
#2992=EDGE_LOOP('',(#7164,#7165,#7166,#7167,#7168));
#2993=AXIS2_PLACEMENT_3D('',#7169,#7170,#7171);
#2994=EDGE_LOOP('',(#7172,#7173,#7174,#7175));
#2995=AXIS2_PLACEMENT_3D('',#7176,#7177,#7178);
#2996=EDGE_LOOP('',(#7179,#7180,#7181,#7182));
#2997=AXIS2_PLACEMENT_3D('',#7183,#7184,#7185);
#2998=EDGE_LOOP('',(#7186,#7187,#7188,#7189));
#2999=AXIS2_PLACEMENT_3D('',#7190,#7191,#7192);
#3000=EDGE_LOOP('',(#7193,#7194,#7195,#7196));
#3001=AXIS2_PLACEMENT_3D('',#7197,#7198,#7199);
#3002=EDGE_LOOP('',(#7200,#7201,#7202,#7203));
#3003=AXIS2_PLACEMENT_3D('',#7204,#7205,#7206);
#3004=EDGE_LOOP('',(#7207,#7208,#7209,#7210));
#3005=AXIS2_PLACEMENT_3D('',#7211,#7212,#7213);
#3006=EDGE_LOOP('',(#7214,#7215,#7216,#7217));
#3007=AXIS2_PLACEMENT_3D('',#7218,#7219,#7220);
#3008=EDGE_LOOP('',(#7221,#7222,#7223,#7224,#7225,#7226,#7227,#7228));
#3009=EDGE_LOOP('',(#7229,#7230,#7231,#7232));
#3010=AXIS2_PLACEMENT_3D('',#7233,#7234,#7235);
#3011=EDGE_LOOP('',(#7236,#7237,#7238,#7239,#7240,#7241,#7242,#7243));
#3012=EDGE_LOOP('',(#7244,#7245,#7246,#7247));
#3013=AXIS2_PLACEMENT_3D('',#7248,#7249,#7250);
#3014=EDGE_LOOP('',(#7251,#7252,#7253,#7254));
#3015=AXIS2_PLACEMENT_3D('',#7255,#7256,#7257);
#3016=EDGE_LOOP('',(#7258,#7259,#7260,#7261));
#3017=AXIS2_PLACEMENT_3D('',#7262,#7263,#7264);
#3018=EDGE_LOOP('',(#7265,#7266,#7267,#7268));
#3019=AXIS2_PLACEMENT_3D('',#7269,#7270,#7271);
#3020=EDGE_LOOP('',(#7272,#7273,#7274,#7275));
#3021=AXIS2_PLACEMENT_3D('',#7276,#7277,#7278);
#3022=EDGE_LOOP('',(#7279,#7280,#7281,#7282));
#3023=AXIS2_PLACEMENT_3D('',#7283,#7284,#7285);
#3024=EDGE_LOOP('',(#7286,#7287,#7288,#7289));
#3025=AXIS2_PLACEMENT_3D('',#7290,#7291,#7292);
#3026=EDGE_LOOP('',(#7293,#7294,#7295,#7296));
#3027=AXIS2_PLACEMENT_3D('',#7297,#7298,#7299);
#3028=EDGE_LOOP('',(#7300,#7301,#7302,#7303));
#3029=AXIS2_PLACEMENT_3D('',#7304,#7305,#7306);
#3030=EDGE_LOOP('',(#7307,#7308,#7309,#7310));
#3031=AXIS2_PLACEMENT_3D('',#7311,#7312,#7313);
#3032=EDGE_LOOP('',(#7314,#7315,#7316,#7317));
#3033=AXIS2_PLACEMENT_3D('',#7318,#7319,#7320);
#3034=EDGE_LOOP('',(#7321,#7322,#7323,#7324));
#3035=AXIS2_PLACEMENT_3D('',#7325,#7326,#7327);
#3036=EDGE_LOOP('',(#7328,#7329,#7330,#7331));
#3037=AXIS2_PLACEMENT_3D('',#7332,#7333,#7334);
#3038=EDGE_LOOP('',(#7335,#7336,#7337,#7338));
#3039=AXIS2_PLACEMENT_3D('',#7339,#7340,#7341);
#3040=EDGE_LOOP('',(#7342,#7343,#7344,#7345));
#3041=AXIS2_PLACEMENT_3D('',#7346,#7347,#7348);
#3042=EDGE_LOOP('',(#7349,#7350,#7351,#7352));
#3043=AXIS2_PLACEMENT_3D('',#7353,#7354,#7355);
#3044=EDGE_LOOP('',(#7356,#7357,#7358,#7359));
#3045=AXIS2_PLACEMENT_3D('',#7360,#7361,#7362);
#3046=EDGE_LOOP('',(#7363,#7364,#7365,#7366));
#3047=AXIS2_PLACEMENT_3D('',#7367,#7368,#7369);
#3048=EDGE_LOOP('',(#7370,#7371,#7372,#7373,#7374,#7375,#7376,#7377));
#3049=EDGE_LOOP('',(#7378,#7379,#7380,#7381));
#3050=AXIS2_PLACEMENT_3D('',#7382,#7383,#7384);
#3051=EDGE_LOOP('',(#7385,#7386,#7387,#7388,#7389,#7390,#7391,#7392));
#3052=EDGE_LOOP('',(#7393,#7394,#7395,#7396));
#3053=AXIS2_PLACEMENT_3D('',#7397,#7398,#7399);
#3054=EDGE_LOOP('',(#7400,#7401,#7402,#7403));
#3055=AXIS2_PLACEMENT_3D('',#7404,#7405,#7406);
#3056=EDGE_LOOP('',(#7407,#7408,#7409,#7410));
#3057=AXIS2_PLACEMENT_3D('',#7411,#7412,#7413);
#3058=EDGE_LOOP('',(#7414,#7415,#7416,#7417));
#3059=AXIS2_PLACEMENT_3D('',#7418,#7419,#7420);
#3060=EDGE_LOOP('',(#7421,#7422,#7423,#7424));
#3061=AXIS2_PLACEMENT_3D('',#7425,#7426,#7427);
#3062=EDGE_LOOP('',(#7428,#7429,#7430,#7431));
#3063=AXIS2_PLACEMENT_3D('',#7432,#7433,#7434);
#3064=EDGE_LOOP('',(#7435,#7436,#7437,#7438));
#3065=AXIS2_PLACEMENT_3D('',#7439,#7440,#7441);
#3066=EDGE_LOOP('',(#7442,#7443,#7444,#7445));
#3067=AXIS2_PLACEMENT_3D('',#7446,#7447,#7448);
#3068=EDGE_LOOP('',(#7449,#7450,#7451,#7452,#7453));
#3069=AXIS2_PLACEMENT_3D('',#7454,#7455,#7456);
#3070=EDGE_LOOP('',(#7457,#7458,#7459,#7460,#7461));
#3071=AXIS2_PLACEMENT_3D('',#7462,#7463,#7464);
#3072=EDGE_LOOP('',(#7465,#7466,#7467,#7468,#7469));
#3073=AXIS2_PLACEMENT_3D('',#7470,#7471,#7472);
#3074=EDGE_LOOP('',(#7473,#7474,#7475,#7476,#7477));
#3075=AXIS2_PLACEMENT_3D('',#7478,#7479,#7480);
#3076=EDGE_LOOP('',(#7481,#7482,#7483,#7484,#7485,#7486));
#3077=EDGE_LOOP('',(#7487,#7488,#7489,#7490));
#3078=AXIS2_PLACEMENT_3D('',#7491,#7492,#7493);
#3079=EDGE_LOOP('',(#7494,#7495,#7496,#7497));
#3080=EDGE_LOOP('',(#7498,#7499,#7500,#7501));
#3081=AXIS2_PLACEMENT_3D('',#7502,#7503,#7504);
#3082=EDGE_LOOP('',(#7505,#7506,#7507,#7508));
#3083=EDGE_LOOP('',(#7509,#7510,#7511,#7512));
#3084=AXIS2_PLACEMENT_3D('',#7513,#7514,#7515);
#3085=EDGE_LOOP('',(#7516,#7517,#7518,#7519,#7520,#7521));
#3086=EDGE_LOOP('',(#7522,#7523,#7524,#7525));
#3087=AXIS2_PLACEMENT_3D('',#7526,#7527,#7528);
#3088=EDGE_LOOP('',(#7529,#7530,#7531,#7532));
#3089=AXIS2_PLACEMENT_3D('',#7533,#7534,#7535);
#3090=EDGE_LOOP('',(#7536,#7537,#7538,#7539));
#3091=AXIS2_PLACEMENT_3D('',#7540,#7541,#7542);
#3092=EDGE_LOOP('',(#7543,#7544,#7545,#7546));
#3093=AXIS2_PLACEMENT_3D('',#7547,#7548,#7549);
#3094=EDGE_LOOP('',(#7550,#7551,#7552,#7553));
#3095=AXIS2_PLACEMENT_3D('',#7554,#7555,#7556);
#3096=EDGE_LOOP('',(#7557,#7558,#7559,#7560));
#3097=AXIS2_PLACEMENT_3D('',#7561,#7562,#7563);
#3098=EDGE_LOOP('',(#7564,#7565,#7566,#7567));
#3099=AXIS2_PLACEMENT_3D('',#7568,#7569,#7570);
#3100=EDGE_LOOP('',(#7571,#7572,#7573,#7574));
#3101=AXIS2_PLACEMENT_3D('',#7575,#7576,#7577);
#3102=EDGE_LOOP('',(#7578,#7579,#7580,#7581));
#3103=AXIS2_PLACEMENT_3D('',#7582,#7583,#7584);
#3104=EDGE_LOOP('',(#7585,#7586,#7587,#7588));
#3105=AXIS2_PLACEMENT_3D('',#7589,#7590,#7591);
#3106=EDGE_LOOP('',(#7592,#7593,#7594,#7595));
#3107=AXIS2_PLACEMENT_3D('',#7596,#7597,#7598);
#3108=EDGE_LOOP('',(#7599,#7600,#7601,#7602));
#3109=AXIS2_PLACEMENT_3D('',#7603,#7604,#7605);
#3110=EDGE_LOOP('',(#7606,#7607,#7608,#7609));
#3111=AXIS2_PLACEMENT_3D('',#7610,#7611,#7612);
#3112=EDGE_LOOP('',(#7613,#7614,#7615,#7616));
#3113=AXIS2_PLACEMENT_3D('',#7617,#7618,#7619);
#3114=EDGE_LOOP('',(#7620,#7621,#7622,#7623));
#3115=AXIS2_PLACEMENT_3D('',#7624,#7625,#7626);
#3116=EDGE_LOOP('',(#7627,#7628,#7629,#7630));
#3117=AXIS2_PLACEMENT_3D('',#7631,#7632,#7633);
#3118=EDGE_LOOP('',(#7634,#7635,#7636,#7637));
#3119=AXIS2_PLACEMENT_3D('',#7638,#7639,#7640);
#3120=EDGE_LOOP('',(#7641,#7642,#7643,#7644));
#3121=AXIS2_PLACEMENT_3D('',#7645,#7646,#7647);
#3122=EDGE_LOOP('',(#7648,#7649,#7650,#7651));
#3123=AXIS2_PLACEMENT_3D('',#7652,#7653,#7654);
#3124=EDGE_LOOP('',(#7655,#7656,#7657,#7658));
#3125=AXIS2_PLACEMENT_3D('',#7659,#7660,#7661);
#3126=EDGE_LOOP('',(#7662,#7663,#7664,#7665));
#3127=AXIS2_PLACEMENT_3D('',#7666,#7667,#7668);
#3128=EDGE_LOOP('',(#7669,#7670,#7671,#7672));
#3129=AXIS2_PLACEMENT_3D('',#7673,#7674,#7675);
#3130=EDGE_LOOP('',(#7676,#7677,#7678,#7679));
#3131=AXIS2_PLACEMENT_3D('',#7680,#7681,#7682);
#3132=EDGE_LOOP('',(#7683,#7684,#7685,#7686));
#3133=AXIS2_PLACEMENT_3D('',#7687,#7688,#7689);
#3134=EDGE_LOOP('',(#7690,#7691,#7692,#7693));
#3135=AXIS2_PLACEMENT_3D('',#7694,#7695,#7696);
#3136=EDGE_LOOP('',(#7697,#7698,#7699,#7700,#7701));
#3137=AXIS2_PLACEMENT_3D('',#7702,#7703,#7704);
#3138=EDGE_LOOP('',(#7705,#7706,#7707,#7708,#7709));
#3139=AXIS2_PLACEMENT_3D('',#7710,#7711,#7712);
#3140=EDGE_LOOP('',(#7713,#7714,#7715,#7716,#7717));
#3141=AXIS2_PLACEMENT_3D('',#7718,#7719,#7720);
#3142=EDGE_LOOP('',(#7721,#7722,#7723,#7724,#7725));
#3143=AXIS2_PLACEMENT_3D('',#7726,#7727,#7728);
#3144=EDGE_LOOP('',(#7729,#7730,#7731,#7732));
#3145=AXIS2_PLACEMENT_3D('',#7733,#7734,#7735);
#3146=EDGE_LOOP('',(#7736,#7737,#7738,#7739));
#3147=AXIS2_PLACEMENT_3D('',#7740,#7741,#7742);
#3148=EDGE_LOOP('',(#7743,#7744,#7745,#7746));
#3149=AXIS2_PLACEMENT_3D('',#7747,#7748,#7749);
#3150=EDGE_LOOP('',(#7750,#7751,#7752,#7753));
#3151=AXIS2_PLACEMENT_3D('',#7754,#7755,#7756);
#3152=EDGE_LOOP('',(#7757,#7758,#7759,#7760));
#3153=AXIS2_PLACEMENT_3D('',#7761,#7762,#7763);
#3154=EDGE_LOOP('',(#7764,#7765,#7766,#7767));
#3155=AXIS2_PLACEMENT_3D('',#7768,#7769,#7770);
#3156=EDGE_LOOP('',(#7771,#7772,#7773,#7774));
#3157=AXIS2_PLACEMENT_3D('',#7775,#7776,#7777);
#3158=EDGE_LOOP('',(#7778,#7779,#7780,#7781));
#3159=AXIS2_PLACEMENT_3D('',#7782,#7783,#7784);
#3160=EDGE_LOOP('',(#7785,#7786,#7787,#7788));
#3161=AXIS2_PLACEMENT_3D('',#7789,#7790,#7791);
#3162=EDGE_LOOP('',(#7792,#7793,#7794,#7795));
#3163=AXIS2_PLACEMENT_3D('',#7796,#7797,#7798);
#3164=EDGE_LOOP('',(#7799,#7800,#7801,#7802));
#3165=AXIS2_PLACEMENT_3D('',#7803,#7804,#7805);
#3166=EDGE_LOOP('',(#7806,#7807,#7808,#7809));
#3167=AXIS2_PLACEMENT_3D('',#7810,#7811,#7812);
#3168=EDGE_LOOP('',(#7813,#7814,#7815,#7816,#7817));
#3169=AXIS2_PLACEMENT_3D('',#7818,#7819,#7820);
#3170=EDGE_LOOP('',(#7821,#7822,#7823,#7824,#7825));
#3171=AXIS2_PLACEMENT_3D('',#7826,#7827,#7828);
#3172=EDGE_LOOP('',(#7829,#7830,#7831,#7832,#7833));
#3173=AXIS2_PLACEMENT_3D('',#7834,#7835,#7836);
#3174=EDGE_LOOP('',(#7837,#7838,#7839,#7840,#7841));
#3175=AXIS2_PLACEMENT_3D('',#7842,#7843,#7844);
#3176=EDGE_LOOP('',(#7845,#7846,#7847,#7848));
#3177=AXIS2_PLACEMENT_3D('',#7849,#7850,#7851);
#3178=EDGE_LOOP('',(#7852,#7853,#7854,#7855,#7856));
#3179=AXIS2_PLACEMENT_3D('',#7857,#7858,#7859);
#3180=EDGE_LOOP('',(#7860,#7861,#7862,#7863,#7864));
#3181=AXIS2_PLACEMENT_3D('',#7865,#7866,#7867);
#3182=EDGE_LOOP('',(#7868,#7869,#7870,#7871,#7872));
#3183=AXIS2_PLACEMENT_3D('',#7873,#7874,#7875);
#3184=EDGE_LOOP('',(#7876,#7877,#7878,#7879,#7880));
#3185=AXIS2_PLACEMENT_3D('',#7881,#7882,#7883);
#3186=EDGE_LOOP('',(#7884,#7885,#7886,#7887));
#3187=AXIS2_PLACEMENT_3D('',#7888,#7889,#7890);
#3188=EDGE_LOOP('',(#7891,#7892,#7893,#7894));
#3189=AXIS2_PLACEMENT_3D('',#7895,#7896,#7897);
#3190=EDGE_LOOP('',(#7898,#7899,#7900,#7901));
#3191=AXIS2_PLACEMENT_3D('',#7902,#7903,#7904);
#3192=EDGE_LOOP('',(#7905,#7906,#7907,#7908));
#3193=AXIS2_PLACEMENT_3D('',#7909,#7910,#7911);
#3194=EDGE_LOOP('',(#7912,#7913,#7914,#7915));
#3195=AXIS2_PLACEMENT_3D('',#7916,#7917,#7918);
#3196=EDGE_LOOP('',(#7919,#7920,#7921,#7922));
#3197=AXIS2_PLACEMENT_3D('',#7923,#7924,#7925);
#3198=EDGE_LOOP('',(#7926,#7927,#7928,#7929));
#3199=AXIS2_PLACEMENT_3D('',#7930,#7931,#7932);
#3200=EDGE_LOOP('',(#7933,#7934,#7935,#7936));
#3201=AXIS2_PLACEMENT_3D('',#7937,#7938,#7939);
#3202=EDGE_LOOP('',(#7940,#7941,#7942,#7943));
#3203=AXIS2_PLACEMENT_3D('',#7944,#7945,#7946);
#3204=EDGE_LOOP('',(#7947,#7948,#7949,#7950));
#3205=AXIS2_PLACEMENT_3D('',#7951,#7952,#7953);
#3206=EDGE_LOOP('',(#7954,#7955,#7956,#7957));
#3207=AXIS2_PLACEMENT_3D('',#7958,#7959,#7960);
#3208=EDGE_LOOP('',(#7961,#7962,#7963,#7964));
#3209=AXIS2_PLACEMENT_3D('',#7965,#7966,#7967);
#3210=EDGE_LOOP('',(#7968,#7969,#7970,#7971));
#3211=AXIS2_PLACEMENT_3D('',#7972,#7973,#7974);
#3212=EDGE_LOOP('',(#7975,#7976,#7977,#7978));
#3213=AXIS2_PLACEMENT_3D('',#7979,#7980,#7981);
#3214=EDGE_LOOP('',(#7982,#7983,#7984,#7985));
#3215=AXIS2_PLACEMENT_3D('',#7986,#7987,#7988);
#3216=EDGE_LOOP('',(#7989,#7990,#7991,#7992));
#3217=AXIS2_PLACEMENT_3D('',#7993,#7994,#7995);
#3218=EDGE_LOOP('',(#7996,#7997,#7998,#7999));
#3219=AXIS2_PLACEMENT_3D('',#8000,#8001,#8002);
#3220=EDGE_LOOP('',(#8003,#8004,#8005,#8006));
#3221=AXIS2_PLACEMENT_3D('',#8007,#8008,#8009);
#3222=EDGE_LOOP('',(#8010,#8011,#8012,#8013));
#3223=AXIS2_PLACEMENT_3D('',#8014,#8015,#8016);
#3224=EDGE_LOOP('',(#8017,#8018,#8019,#8020));
#3225=AXIS2_PLACEMENT_3D('',#8021,#8022,#8023);
#3226=EDGE_LOOP('',(#8024,#8025,#8026,#8027));
#3227=AXIS2_PLACEMENT_3D('',#8028,#8029,#8030);
#3228=EDGE_LOOP('',(#8031,#8032,#8033,#8034));
#3229=EDGE_LOOP('',(#8035,#8036,#8037,#8038));
#3230=AXIS2_PLACEMENT_3D('',#8039,#8040,#8041);
#3231=EDGE_LOOP('',(#8042,#8043,#8044,#8045,#8046,#8047));
#3232=EDGE_LOOP('',(#8048,#8049,#8050,#8051));
#3233=AXIS2_PLACEMENT_3D('',#8052,#8053,#8054);
#3234=EDGE_LOOP('',(#8055,#8056,#8057,#8058));
#3235=AXIS2_PLACEMENT_3D('',#8059,#8060,#8061);
#3236=EDGE_LOOP('',(#8062,#8063,#8064,#8065));
#3237=AXIS2_PLACEMENT_3D('',#8066,#8067,#8068);
#3238=EDGE_LOOP('',(#8069,#8070,#8071,#8072));
#3239=AXIS2_PLACEMENT_3D('',#8073,#8074,#8075);
#3240=EDGE_LOOP('',(#8076,#8077,#8078,#8079));
#3241=AXIS2_PLACEMENT_3D('',#8080,#8081,#8082);
#3242=EDGE_LOOP('',(#8083,#8084,#8085,#8086));
#3243=AXIS2_PLACEMENT_3D('',#8087,#8088,#8089);
#3244=EDGE_LOOP('',(#8090,#8091,#8092,#8093));
#3245=AXIS2_PLACEMENT_3D('',#8094,#8095,#8096);
#3246=EDGE_LOOP('',(#8097,#8098,#8099,#8100,#8101));
#3247=AXIS2_PLACEMENT_3D('',#8102,#8103,#8104);
#3248=EDGE_LOOP('',(#8105,#8106,#8107,#8108,#8109));
#3249=AXIS2_PLACEMENT_3D('',#8110,#8111,#8112);
#3250=EDGE_LOOP('',(#8113,#8114,#8115,#8116,#8117));
#3251=AXIS2_PLACEMENT_3D('',#8118,#8119,#8120);
#3252=EDGE_LOOP('',(#8121,#8122,#8123,#8124,#8125));
#3253=AXIS2_PLACEMENT_3D('',#8126,#8127,#8128);
#3254=EDGE_LOOP('',(#8129,#8130,#8131,#8132));
#3255=AXIS2_PLACEMENT_3D('',#8133,#8134,#8135);
#3256=EDGE_LOOP('',(#8136,#8137,#8138,#8139,#8140));
#3257=AXIS2_PLACEMENT_3D('',#8141,#8142,#8143);
#3258=EDGE_LOOP('',(#8144,#8145,#8146,#8147,#8148));
#3259=AXIS2_PLACEMENT_3D('',#8149,#8150,#8151);
#3260=EDGE_LOOP('',(#8152,#8153,#8154,#8155,#8156));
#3261=AXIS2_PLACEMENT_3D('',#8157,#8158,#8159);
#3262=EDGE_LOOP('',(#8160,#8161,#8162,#8163,#8164));
#3263=AXIS2_PLACEMENT_3D('',#8165,#8166,#8167);
#3264=EDGE_LOOP('',(#8168,#8169,#8170,#8171));
#3265=AXIS2_PLACEMENT_3D('',#8172,#8173,#8174);
#3266=EDGE_LOOP('',(#8175,#8176,#8177,#8178));
#3267=AXIS2_PLACEMENT_3D('',#8179,#8180,#8181);
#3268=EDGE_LOOP('',(#8182,#8183,#8184,#8185));
#3269=AXIS2_PLACEMENT_3D('',#8186,#8187,#8188);
#3270=EDGE_LOOP('',(#8189,#8190,#8191,#8192));
#3271=AXIS2_PLACEMENT_3D('',#8193,#8194,#8195);
#3272=EDGE_LOOP('',(#8196,#8197,#8198,#8199));
#3273=AXIS2_PLACEMENT_3D('',#8200,#8201,#8202);
#3274=EDGE_LOOP('',(#8203,#8204,#8205,#8206));
#3275=AXIS2_PLACEMENT_3D('',#8207,#8208,#8209);
#3276=EDGE_LOOP('',(#8210,#8211,#8212,#8213));
#3277=AXIS2_PLACEMENT_3D('',#8214,#8215,#8216);
#3278=EDGE_LOOP('',(#8217,#8218,#8219,#8220));
#3279=AXIS2_PLACEMENT_3D('',#8221,#8222,#8223);
#3280=EDGE_LOOP('',(#8224,#8225,#8226,#8227));
#3281=AXIS2_PLACEMENT_3D('',#8228,#8229,#8230);
#3282=EDGE_LOOP('',(#8231,#8232,#8233,#8234));
#3283=AXIS2_PLACEMENT_3D('',#8235,#8236,#8237);
#3284=EDGE_LOOP('',(#8238,#8239,#8240,#8241));
#3285=AXIS2_PLACEMENT_3D('',#8242,#8243,#8244);
#3286=EDGE_LOOP('',(#8245,#8246,#8247,#8248));
#3287=AXIS2_PLACEMENT_3D('',#8249,#8250,#8251);
#3288=EDGE_LOOP('',(#8252,#8253,#8254,#8255));
#3289=AXIS2_PLACEMENT_3D('',#8256,#8257,#8258);
#3290=EDGE_LOOP('',(#8259,#8260,#8261,#8262));
#3291=AXIS2_PLACEMENT_3D('',#8263,#8264,#8265);
#3292=EDGE_LOOP('',(#8266,#8267,#8268,#8269));
#3293=AXIS2_PLACEMENT_3D('',#8270,#8271,#8272);
#3294=EDGE_LOOP('',(#8273,#8274,#8275,#8276));
#3295=AXIS2_PLACEMENT_3D('',#8277,#8278,#8279);
#3296=EDGE_LOOP('',(#8280,#8281,#8282,#8283));
#3297=AXIS2_PLACEMENT_3D('',#8284,#8285,#8286);
#3298=EDGE_LOOP('',(#8287,#8288,#8289,#8290));
#3299=AXIS2_PLACEMENT_3D('',#8291,#8292,#8293);
#3300=EDGE_LOOP('',(#8294,#8295,#8296,#8297));
#3301=AXIS2_PLACEMENT_3D('',#8298,#8299,#8300);
#3302=EDGE_LOOP('',(#8301,#8302,#8303,#8304));
#3303=AXIS2_PLACEMENT_3D('',#8305,#8306,#8307);
#3304=EDGE_LOOP('',(#8308,#8309,#8310,#8311));
#3305=AXIS2_PLACEMENT_3D('',#8312,#8313,#8314);
#3306=EDGE_LOOP('',(#8315,#8316,#8317,#8318));
#3307=AXIS2_PLACEMENT_3D('',#8319,#8320,#8321);
#3308=CIRCLE('',#8322,0.7);
#3309=CIRCLE('',#8323,0.7);
#3310=CIRCLE('',#8324,0.7);
#3311=CIRCLE('',#8325,0.7);
#3312=CIRCLE('',#8326,0.7);
#3313=CIRCLE('',#8327,0.7);
#3314=CIRCLE('',#8328,0.7);
#3315=CIRCLE('',#8329,0.7);
#3316=CIRCLE('',#8330,0.7);
#3317=CIRCLE('',#8331,0.7);
#3318=CIRCLE('',#8332,0.7);
#3319=CIRCLE('',#8333,0.7);
#3320=CIRCLE('',#8334,0.7);
#3321=CIRCLE('',#8335,0.7);
#3322=CIRCLE('',#8336,0.7);
#3323=CIRCLE('',#8337,0.7);
#3324=CIRCLE('',#8338,0.7);
#3325=CIRCLE('',#8339,0.7);
#3326=CIRCLE('',#8340,0.7);
#3327=CIRCLE('',#8341,0.7);
#3328=CIRCLE('',#8342,0.7);
#3329=CIRCLE('',#8343,0.7);
#3330=CIRCLE('',#8344,0.7);
#3331=CIRCLE('',#8345,0.7);
#3332=CIRCLE('',#8346,0.7);
#3333=CIRCLE('',#8347,0.7);
#3334=CIRCLE('',#8348,0.7);
#3335=CIRCLE('',#8349,0.7);
#3336=CIRCLE('',#8350,0.7);
#3337=CIRCLE('',#8351,0.7);
#3338=CIRCLE('',#8352,0.7);
#3339=CIRCLE('',#8353,0.7);
#3340=CIRCLE('',#8354,0.7);
#3341=CIRCLE('',#8355,0.7);
#3342=CIRCLE('',#8356,0.7);
#3343=CIRCLE('',#8357,0.7);
#3344=CIRCLE('',#8358,0.7);
#3345=CIRCLE('',#8359,0.7);
#3346=CIRCLE('',#8360,0.7);
#3347=CIRCLE('',#8361,0.7);
#3348=CIRCLE('',#8362,0.7);
#3349=CIRCLE('',#8363,0.7);
#3350=CIRCLE('',#8364,0.7);
#3351=CIRCLE('',#8365,0.7);
#3352=ORIENTED_EDGE('',*,*,#8366,.F.);
#3353=ORIENTED_EDGE('',*,*,#8367,.T.);
#3354=ORIENTED_EDGE('',*,*,#8368,.T.);
#3355=ORIENTED_EDGE('',*,*,#8369,.F.);
#3356=CARTESIAN_POINT('',(23.7,12.8,2.6));
#3357=DIRECTION('',(0.0,1.0,-0.0));
#3358=DIRECTION('',(1.0,0.0,0.0));
#3359=ORIENTED_EDGE('',*,*,#8370,.T.);
#3360=ORIENTED_EDGE('',*,*,#8371,.F.);
#3361=ORIENTED_EDGE('',*,*,#8372,.F.);
#3362=ORIENTED_EDGE('',*,*,#8373,.F.);
#3363=ORIENTED_EDGE('',*,*,#8374,.F.);
#3364=ORIENTED_EDGE('',*,*,#8375,.F.);
#3365=CARTESIAN_POINT('',(-23.7,0.0,0.0));
#3366=DIRECTION('',(1.0,0.0,0.0));
#3367=DIRECTION('',(0.0,1.0,0.0));
#3368=ORIENTED_EDGE('',*,*,#8376,.F.);
#3369=ORIENTED_EDGE('',*,*,#8377,.F.);
#3370=ORIENTED_EDGE('',*,*,#8378,.F.);
#3371=ORIENTED_EDGE('',*,*,#8379,.T.);
#3372=ORIENTED_EDGE('',*,*,#8380,.T.);
#3373=ORIENTED_EDGE('',*,*,#8381,.T.);
#3374=CARTESIAN_POINT('',(-23.7,0.0,0.0));
#3375=DIRECTION('',(1.0,0.0,0.0));
#3376=DIRECTION('',(0.0,1.0,0.0));
#3377=ORIENTED_EDGE('',*,*,#8382,.F.);
#3378=ORIENTED_EDGE('',*,*,#8375,.T.);
#3379=ORIENTED_EDGE('',*,*,#8383,.T.);
#3380=ORIENTED_EDGE('',*,*,#8384,.T.);
#3381=CARTESIAN_POINT('',(-23.7,12.8,-1.59));
#3382=DIRECTION('',(-0.707106781186548,0.0,0.707106781186548));
#3383=DIRECTION('',(0.0,1.0,0.0));
#3384=ORIENTED_EDGE('',*,*,#8385,.T.);
#3385=ORIENTED_EDGE('',*,*,#8386,.T.);
#3386=ORIENTED_EDGE('',*,*,#8387,.F.);
#3387=ORIENTED_EDGE('',*,*,#8384,.F.);
#3388=CARTESIAN_POINT('',(-24.1,12.8,-1.99));
#3389=DIRECTION('',(-1.0,0.0,0.0));
#3390=DIRECTION('',(0.0,0.0,1.0));
#3391=ORIENTED_EDGE('',*,*,#8388,.T.);
#3392=ORIENTED_EDGE('',*,*,#8389,.T.);
#3393=ORIENTED_EDGE('',*,*,#8390,.T.);
#3394=ORIENTED_EDGE('',*,*,#8391,.F.);
#3395=ORIENTED_EDGE('',*,*,#8392,.T.);
#3396=ORIENTED_EDGE('',*,*,#8393,.T.);
#3397=ORIENTED_EDGE('',*,*,#8394,.T.);
#3398=ORIENTED_EDGE('',*,*,#8369,.T.);
#3399=ORIENTED_EDGE('',*,*,#8395,.T.);
#3400=ORIENTED_EDGE('',*,*,#8396,.T.);
#3401=ORIENTED_EDGE('',*,*,#8397,.F.);
#3402=CARTESIAN_POINT('',(-23.7,0.2,0.0));
#3403=DIRECTION('',(0.0,-1.0,0.0));
#3404=DIRECTION('',(0.0,0.0,-1.0));
#3405=ORIENTED_EDGE('',*,*,#8398,.T.);
#3406=ORIENTED_EDGE('',*,*,#8399,.T.);
#3407=ORIENTED_EDGE('',*,*,#8400,.T.);
#3408=ORIENTED_EDGE('',*,*,#8401,.T.);
#3409=CARTESIAN_POINT('',(-23.7,0.2,0.0));
#3410=DIRECTION('',(0.0,-1.0,0.0));
#3411=DIRECTION('',(0.0,0.0,-1.0));
#3412=ORIENTED_EDGE('',*,*,#8402,.T.);
#3413=ORIENTED_EDGE('',*,*,#8403,.T.);
#3414=ORIENTED_EDGE('',*,*,#8404,.T.);
#3415=ORIENTED_EDGE('',*,*,#8405,.F.);
#3416=CARTESIAN_POINT('',(-23.7,0.2,0.0));
#3417=DIRECTION('',(0.0,-1.0,0.0));
#3418=DIRECTION('',(0.0,0.0,-1.0));
#3419=ORIENTED_EDGE('',*,*,#8406,.T.);
#3420=ORIENTED_EDGE('',*,*,#8407,.F.);
#3421=ORIENTED_EDGE('',*,*,#8408,.T.);
#3422=ORIENTED_EDGE('',*,*,#8409,.T.);
#3423=CARTESIAN_POINT('',(-23.7,0.2,0.0));
#3424=DIRECTION('',(0.0,-1.0,0.0));
#3425=DIRECTION('',(0.0,0.0,-1.0));
#3426=ORIENTED_EDGE('',*,*,#8410,.T.);
#3427=ORIENTED_EDGE('',*,*,#8411,.T.);
#3428=ORIENTED_EDGE('',*,*,#8412,.T.);
#3429=ORIENTED_EDGE('',*,*,#8413,.F.);
#3430=CARTESIAN_POINT('',(-23.7,0.2,0.0));
#3431=DIRECTION('',(0.0,-1.0,0.0));
#3432=DIRECTION('',(0.0,0.0,-1.0));
#3433=ORIENTED_EDGE('',*,*,#8414,.T.);
#3434=ORIENTED_EDGE('',*,*,#8415,.F.);
#3435=ORIENTED_EDGE('',*,*,#8416,.T.);
#3436=ORIENTED_EDGE('',*,*,#8417,.T.);
#3437=CARTESIAN_POINT('',(-23.7,0.2,0.0));
#3438=DIRECTION('',(0.0,-1.0,0.0));
#3439=DIRECTION('',(0.0,0.0,-1.0));
#3440=ORIENTED_EDGE('',*,*,#8418,.T.);
#3441=ORIENTED_EDGE('',*,*,#8419,.T.);
#3442=ORIENTED_EDGE('',*,*,#8420,.T.);
#3443=ORIENTED_EDGE('',*,*,#8421,.F.);
#3444=CARTESIAN_POINT('',(-23.7,0.2,0.0));
#3445=DIRECTION('',(0.0,-1.0,0.0));
#3446=DIRECTION('',(0.0,0.0,-1.0));
#3447=ORIENTED_EDGE('',*,*,#8422,.T.);
#3448=ORIENTED_EDGE('',*,*,#8423,.F.);
#3449=ORIENTED_EDGE('',*,*,#8424,.T.);
#3450=ORIENTED_EDGE('',*,*,#8425,.T.);
#3451=CARTESIAN_POINT('',(-23.7,0.2,0.0));
#3452=DIRECTION('',(0.0,-1.0,0.0));
#3453=DIRECTION('',(0.0,0.0,-1.0));
#3454=ORIENTED_EDGE('',*,*,#8426,.T.);
#3455=ORIENTED_EDGE('',*,*,#8427,.T.);
#3456=ORIENTED_EDGE('',*,*,#8428,.T.);
#3457=ORIENTED_EDGE('',*,*,#8429,.F.);
#3458=CARTESIAN_POINT('',(-23.7,0.2,0.0));
#3459=DIRECTION('',(0.0,-1.0,0.0));
#3460=DIRECTION('',(0.0,0.0,-1.0));
#3461=ORIENTED_EDGE('',*,*,#8430,.T.);
#3462=ORIENTED_EDGE('',*,*,#8431,.F.);
#3463=ORIENTED_EDGE('',*,*,#8432,.T.);
#3464=ORIENTED_EDGE('',*,*,#8433,.T.);
#3465=CARTESIAN_POINT('',(-23.7,0.2,0.0));
#3466=DIRECTION('',(0.0,-1.0,0.0));
#3467=DIRECTION('',(0.0,0.0,-1.0));
#3468=ORIENTED_EDGE('',*,*,#8434,.T.);
#3469=ORIENTED_EDGE('',*,*,#8435,.T.);
#3470=ORIENTED_EDGE('',*,*,#8436,.T.);
#3471=ORIENTED_EDGE('',*,*,#8437,.F.);
#3472=CARTESIAN_POINT('',(-23.7,0.2,0.0));
#3473=DIRECTION('',(0.0,-1.0,0.0));
#3474=DIRECTION('',(0.0,0.0,-1.0));
#3475=ORIENTED_EDGE('',*,*,#8438,.T.);
#3476=ORIENTED_EDGE('',*,*,#8439,.F.);
#3477=ORIENTED_EDGE('',*,*,#8440,.T.);
#3478=ORIENTED_EDGE('',*,*,#8441,.T.);
#3479=CARTESIAN_POINT('',(-23.7,0.2,0.0));
#3480=DIRECTION('',(0.0,-1.0,0.0));
#3481=DIRECTION('',(0.0,0.0,-1.0));
#3482=ORIENTED_EDGE('',*,*,#8442,.T.);
#3483=ORIENTED_EDGE('',*,*,#8443,.T.);
#3484=ORIENTED_EDGE('',*,*,#8444,.T.);
#3485=ORIENTED_EDGE('',*,*,#8445,.F.);
#3486=CARTESIAN_POINT('',(-23.7,0.2,0.0));
#3487=DIRECTION('',(0.0,-1.0,0.0));
#3488=DIRECTION('',(0.0,0.0,-1.0));
#3489=ORIENTED_EDGE('',*,*,#8446,.T.);
#3490=ORIENTED_EDGE('',*,*,#8447,.F.);
#3491=ORIENTED_EDGE('',*,*,#8448,.T.);
#3492=ORIENTED_EDGE('',*,*,#8449,.T.);
#3493=CARTESIAN_POINT('',(-23.7,0.2,0.0));
#3494=DIRECTION('',(0.0,-1.0,0.0));
#3495=DIRECTION('',(0.0,0.0,-1.0));
#3496=ORIENTED_EDGE('',*,*,#8450,.T.);
#3497=ORIENTED_EDGE('',*,*,#8451,.T.);
#3498=ORIENTED_EDGE('',*,*,#8452,.T.);
#3499=ORIENTED_EDGE('',*,*,#8453,.F.);
#3500=CARTESIAN_POINT('',(-23.7,0.2,0.0));
#3501=DIRECTION('',(0.0,-1.0,0.0));
#3502=DIRECTION('',(0.0,0.0,-1.0));
#3503=ORIENTED_EDGE('',*,*,#8454,.T.);
#3504=ORIENTED_EDGE('',*,*,#8455,.F.);
#3505=ORIENTED_EDGE('',*,*,#8456,.T.);
#3506=ORIENTED_EDGE('',*,*,#8457,.T.);
#3507=CARTESIAN_POINT('',(-23.7,0.2,0.0));
#3508=DIRECTION('',(0.0,-1.0,0.0));
#3509=DIRECTION('',(0.0,0.0,-1.0));
#3510=ORIENTED_EDGE('',*,*,#8458,.T.);
#3511=ORIENTED_EDGE('',*,*,#8459,.T.);
#3512=ORIENTED_EDGE('',*,*,#8460,.T.);
#3513=ORIENTED_EDGE('',*,*,#8461,.F.);
#3514=CARTESIAN_POINT('',(-23.7,0.2,0.0));
#3515=DIRECTION('',(0.0,-1.0,0.0));
#3516=DIRECTION('',(0.0,0.0,-1.0));
#3517=ORIENTED_EDGE('',*,*,#8462,.T.);
#3518=ORIENTED_EDGE('',*,*,#8463,.F.);
#3519=ORIENTED_EDGE('',*,*,#8464,.T.);
#3520=ORIENTED_EDGE('',*,*,#8465,.T.);
#3521=CARTESIAN_POINT('',(-23.7,0.2,0.0));
#3522=DIRECTION('',(0.0,-1.0,0.0));
#3523=DIRECTION('',(0.0,0.0,-1.0));
#3524=ORIENTED_EDGE('',*,*,#8466,.T.);
#3525=ORIENTED_EDGE('',*,*,#8467,.T.);
#3526=ORIENTED_EDGE('',*,*,#8468,.T.);
#3527=ORIENTED_EDGE('',*,*,#8469,.F.);
#3528=CARTESIAN_POINT('',(-23.7,0.2,0.0));
#3529=DIRECTION('',(0.0,-1.0,0.0));
#3530=DIRECTION('',(0.0,0.0,-1.0));
#3531=ORIENTED_EDGE('',*,*,#8470,.T.);
#3532=ORIENTED_EDGE('',*,*,#8471,.F.);
#3533=ORIENTED_EDGE('',*,*,#8472,.T.);
#3534=ORIENTED_EDGE('',*,*,#8473,.T.);
#3535=CARTESIAN_POINT('',(-23.7,0.2,0.0));
#3536=DIRECTION('',(0.0,-1.0,0.0));
#3537=DIRECTION('',(0.0,0.0,-1.0));
#3538=ORIENTED_EDGE('',*,*,#8474,.T.);
#3539=ORIENTED_EDGE('',*,*,#8370,.F.);
#3540=ORIENTED_EDGE('',*,*,#8382,.T.);
#3541=ORIENTED_EDGE('',*,*,#8387,.T.);
#3542=ORIENTED_EDGE('',*,*,#8475,.T.);
#3543=ORIENTED_EDGE('',*,*,#8380,.F.);
#3544=ORIENTED_EDGE('',*,*,#8476,.T.);
#3545=ORIENTED_EDGE('',*,*,#8477,.T.);
#3546=ORIENTED_EDGE('',*,*,#8478,.T.);
#3547=ORIENTED_EDGE('',*,*,#8479,.T.);
#3548=ORIENTED_EDGE('',*,*,#8480,.T.);
#3549=ORIENTED_EDGE('',*,*,#8481,.F.);
#3550=CARTESIAN_POINT('',(-23.7,0.2,0.0));
#3551=DIRECTION('',(0.0,-1.0,0.0));
#3552=DIRECTION('',(0.0,0.0,-1.0));
#3553=ORIENTED_EDGE('',*,*,#8482,.T.);
#3554=ORIENTED_EDGE('',*,*,#8483,.T.);
#3555=ORIENTED_EDGE('',*,*,#8484,.T.);
#3556=ORIENTED_EDGE('',*,*,#8485,.F.);
#3557=CARTESIAN_POINT('',(-23.7,0.2,0.0));
#3558=DIRECTION('',(0.0,-1.0,0.0));
#3559=DIRECTION('',(0.0,0.0,-1.0));
#3560=ORIENTED_EDGE('',*,*,#8486,.T.);
#3561=ORIENTED_EDGE('',*,*,#8487,.F.);
#3562=ORIENTED_EDGE('',*,*,#8488,.F.);
#3563=ORIENTED_EDGE('',*,*,#8397,.T.);
#3564=CARTESIAN_POINT('',(22.3,0.0,0.5));
#3565=DIRECTION('',(1.0,0.0,0.0));
#3566=DIRECTION('',(0.0,1.0,0.0));
#3567=ORIENTED_EDGE('',*,*,#8489,.F.);
#3568=ORIENTED_EDGE('',*,*,#8490,.T.);
#3569=ORIENTED_EDGE('',*,*,#8491,.T.);
#3570=ORIENTED_EDGE('',*,*,#8388,.F.);
#3571=ORIENTED_EDGE('',*,*,#8488,.T.);
#3572=ORIENTED_EDGE('',*,*,#8492,.F.);
#3573=ORIENTED_EDGE('',*,*,#8493,.F.);
#3574=ORIENTED_EDGE('',*,*,#8398,.F.);
#3575=ORIENTED_EDGE('',*,*,#8494,.T.);
#3576=ORIENTED_EDGE('',*,*,#8495,.F.);
#3577=ORIENTED_EDGE('',*,*,#8496,.F.);
#3578=ORIENTED_EDGE('',*,*,#8406,.F.);
#3579=ORIENTED_EDGE('',*,*,#8497,.T.);
#3580=ORIENTED_EDGE('',*,*,#8498,.F.);
#3581=ORIENTED_EDGE('',*,*,#8499,.F.);
#3582=ORIENTED_EDGE('',*,*,#8414,.F.);
#3583=ORIENTED_EDGE('',*,*,#8500,.T.);
#3584=ORIENTED_EDGE('',*,*,#8501,.F.);
#3585=ORIENTED_EDGE('',*,*,#8502,.F.);
#3586=ORIENTED_EDGE('',*,*,#8422,.F.);
#3587=ORIENTED_EDGE('',*,*,#8503,.T.);
#3588=ORIENTED_EDGE('',*,*,#8504,.F.);
#3589=ORIENTED_EDGE('',*,*,#8505,.F.);
#3590=ORIENTED_EDGE('',*,*,#8430,.F.);
#3591=ORIENTED_EDGE('',*,*,#8506,.T.);
#3592=ORIENTED_EDGE('',*,*,#8507,.F.);
#3593=ORIENTED_EDGE('',*,*,#8508,.F.);
#3594=ORIENTED_EDGE('',*,*,#8438,.F.);
#3595=ORIENTED_EDGE('',*,*,#8509,.T.);
#3596=ORIENTED_EDGE('',*,*,#8510,.F.);
#3597=ORIENTED_EDGE('',*,*,#8511,.F.);
#3598=ORIENTED_EDGE('',*,*,#8446,.F.);
#3599=ORIENTED_EDGE('',*,*,#8512,.T.);
#3600=ORIENTED_EDGE('',*,*,#8513,.F.);
#3601=ORIENTED_EDGE('',*,*,#8514,.F.);
#3602=ORIENTED_EDGE('',*,*,#8454,.F.);
#3603=ORIENTED_EDGE('',*,*,#8515,.T.);
#3604=ORIENTED_EDGE('',*,*,#8516,.F.);
#3605=ORIENTED_EDGE('',*,*,#8517,.F.);
#3606=ORIENTED_EDGE('',*,*,#8462,.F.);
#3607=ORIENTED_EDGE('',*,*,#8518,.T.);
#3608=ORIENTED_EDGE('',*,*,#8519,.F.);
#3609=ORIENTED_EDGE('',*,*,#8520,.F.);
#3610=ORIENTED_EDGE('',*,*,#8470,.F.);
#3611=ORIENTED_EDGE('',*,*,#8521,.T.);
#3612=ORIENTED_EDGE('',*,*,#8522,.F.);
#3613=ORIENTED_EDGE('',*,*,#8523,.F.);
#3614=ORIENTED_EDGE('',*,*,#8480,.F.);
#3615=CARTESIAN_POINT('',(19.7,0.0,0.5));
#3616=DIRECTION('',(0.0,0.0,-1.0));
#3617=DIRECTION('',(0.0,-1.0,0.0));
#3618=ORIENTED_EDGE('',*,*,#8523,.T.);
#3619=ORIENTED_EDGE('',*,*,#8524,.F.);
#3620=ORIENTED_EDGE('',*,*,#8525,.F.);
#3621=ORIENTED_EDGE('',*,*,#8481,.T.);
#3622=CARTESIAN_POINT('',(-22.3,0.0,3.8));
#3623=DIRECTION('',(-1.0,0.0,0.0));
#3624=DIRECTION('',(0.0,0.0,1.0));
#3625=ORIENTED_EDGE('',*,*,#8526,.F.);
#3626=ORIENTED_EDGE('',*,*,#8527,.F.);
#3627=ORIENTED_EDGE('',*,*,#8528,.F.);
#3628=ORIENTED_EDGE('',*,*,#8529,.F.);
#3629=ORIENTED_EDGE('',*,*,#8486,.F.);
#3630=ORIENTED_EDGE('',*,*,#8396,.F.);
#3631=CARTESIAN_POINT('',(20.0,0.0,3.8));
#3632=DIRECTION('',(0.0,0.0,1.0));
#3633=DIRECTION('',(1.0,0.0,0.0));
#3634=ORIENTED_EDGE('',*,*,#8530,.T.);
#3635=ORIENTED_EDGE('',*,*,#8531,.F.);
#3636=ORIENTED_EDGE('',*,*,#8532,.F.);
#3637=ORIENTED_EDGE('',*,*,#8533,.F.);
#3638=ORIENTED_EDGE('',*,*,#8534,.F.);
#3639=ORIENTED_EDGE('',*,*,#8535,.F.);
#3640=ORIENTED_EDGE('',*,*,#8536,.F.);
#3641=ORIENTED_EDGE('',*,*,#8400,.F.);
#3642=CARTESIAN_POINT('',(20.0,0.0,3.8));
#3643=DIRECTION('',(0.0,0.0,1.0));
#3644=DIRECTION('',(1.0,0.0,0.0));
#3645=ORIENTED_EDGE('',*,*,#8537,.T.);
#3646=ORIENTED_EDGE('',*,*,#8538,.F.);
#3647=ORIENTED_EDGE('',*,*,#8539,.F.);
#3648=ORIENTED_EDGE('',*,*,#8540,.F.);
#3649=ORIENTED_EDGE('',*,*,#8541,.F.);
#3650=ORIENTED_EDGE('',*,*,#8542,.F.);
#3651=ORIENTED_EDGE('',*,*,#8543,.F.);
#3652=ORIENTED_EDGE('',*,*,#8408,.F.);
#3653=CARTESIAN_POINT('',(20.0,0.0,3.8));
#3654=DIRECTION('',(0.0,0.0,1.0));
#3655=DIRECTION('',(1.0,0.0,0.0));
#3656=ORIENTED_EDGE('',*,*,#8544,.T.);
#3657=ORIENTED_EDGE('',*,*,#8545,.F.);
#3658=ORIENTED_EDGE('',*,*,#8546,.F.);
#3659=ORIENTED_EDGE('',*,*,#8547,.F.);
#3660=ORIENTED_EDGE('',*,*,#8548,.F.);
#3661=ORIENTED_EDGE('',*,*,#8549,.F.);
#3662=ORIENTED_EDGE('',*,*,#8550,.F.);
#3663=ORIENTED_EDGE('',*,*,#8416,.F.);
#3664=CARTESIAN_POINT('',(20.0,0.0,3.8));
#3665=DIRECTION('',(0.0,0.0,1.0));
#3666=DIRECTION('',(1.0,0.0,0.0));
#3667=ORIENTED_EDGE('',*,*,#8551,.T.);
#3668=ORIENTED_EDGE('',*,*,#8552,.F.);
#3669=ORIENTED_EDGE('',*,*,#8553,.F.);
#3670=ORIENTED_EDGE('',*,*,#8554,.F.);
#3671=ORIENTED_EDGE('',*,*,#8555,.F.);
#3672=ORIENTED_EDGE('',*,*,#8556,.F.);
#3673=ORIENTED_EDGE('',*,*,#8557,.F.);
#3674=ORIENTED_EDGE('',*,*,#8424,.F.);
#3675=CARTESIAN_POINT('',(20.0,0.0,3.8));
#3676=DIRECTION('',(0.0,0.0,1.0));
#3677=DIRECTION('',(1.0,0.0,0.0));
#3678=ORIENTED_EDGE('',*,*,#8558,.T.);
#3679=ORIENTED_EDGE('',*,*,#8559,.F.);
#3680=ORIENTED_EDGE('',*,*,#8560,.F.);
#3681=ORIENTED_EDGE('',*,*,#8561,.F.);
#3682=ORIENTED_EDGE('',*,*,#8562,.F.);
#3683=ORIENTED_EDGE('',*,*,#8563,.F.);
#3684=ORIENTED_EDGE('',*,*,#8564,.F.);
#3685=ORIENTED_EDGE('',*,*,#8432,.F.);
#3686=CARTESIAN_POINT('',(20.0,0.0,3.8));
#3687=DIRECTION('',(0.0,0.0,1.0));
#3688=DIRECTION('',(1.0,0.0,0.0));
#3689=ORIENTED_EDGE('',*,*,#8565,.T.);
#3690=ORIENTED_EDGE('',*,*,#8566,.F.);
#3691=ORIENTED_EDGE('',*,*,#8567,.F.);
#3692=ORIENTED_EDGE('',*,*,#8568,.F.);
#3693=ORIENTED_EDGE('',*,*,#8569,.F.);
#3694=ORIENTED_EDGE('',*,*,#8570,.F.);
#3695=ORIENTED_EDGE('',*,*,#8571,.F.);
#3696=ORIENTED_EDGE('',*,*,#8440,.F.);
#3697=CARTESIAN_POINT('',(20.0,0.0,3.8));
#3698=DIRECTION('',(0.0,0.0,1.0));
#3699=DIRECTION('',(1.0,0.0,0.0));
#3700=ORIENTED_EDGE('',*,*,#8572,.T.);
#3701=ORIENTED_EDGE('',*,*,#8573,.F.);
#3702=ORIENTED_EDGE('',*,*,#8574,.F.);
#3703=ORIENTED_EDGE('',*,*,#8575,.F.);
#3704=ORIENTED_EDGE('',*,*,#8576,.F.);
#3705=ORIENTED_EDGE('',*,*,#8577,.F.);
#3706=ORIENTED_EDGE('',*,*,#8578,.F.);
#3707=ORIENTED_EDGE('',*,*,#8448,.F.);
#3708=CARTESIAN_POINT('',(20.0,0.0,3.8));
#3709=DIRECTION('',(0.0,0.0,1.0));
#3710=DIRECTION('',(1.0,0.0,0.0));
#3711=ORIENTED_EDGE('',*,*,#8579,.T.);
#3712=ORIENTED_EDGE('',*,*,#8580,.F.);
#3713=ORIENTED_EDGE('',*,*,#8581,.F.);
#3714=ORIENTED_EDGE('',*,*,#8582,.F.);
#3715=ORIENTED_EDGE('',*,*,#8583,.F.);
#3716=ORIENTED_EDGE('',*,*,#8584,.F.);
#3717=ORIENTED_EDGE('',*,*,#8585,.F.);
#3718=ORIENTED_EDGE('',*,*,#8456,.F.);
#3719=CARTESIAN_POINT('',(20.0,0.0,3.8));
#3720=DIRECTION('',(0.0,0.0,1.0));
#3721=DIRECTION('',(1.0,0.0,0.0));
#3722=ORIENTED_EDGE('',*,*,#8586,.T.);
#3723=ORIENTED_EDGE('',*,*,#8587,.F.);
#3724=ORIENTED_EDGE('',*,*,#8588,.F.);
#3725=ORIENTED_EDGE('',*,*,#8589,.F.);
#3726=ORIENTED_EDGE('',*,*,#8590,.F.);
#3727=ORIENTED_EDGE('',*,*,#8591,.F.);
#3728=ORIENTED_EDGE('',*,*,#8592,.F.);
#3729=ORIENTED_EDGE('',*,*,#8464,.F.);
#3730=CARTESIAN_POINT('',(20.0,0.0,3.8));
#3731=DIRECTION('',(0.0,0.0,1.0));
#3732=DIRECTION('',(1.0,0.0,0.0));
#3733=ORIENTED_EDGE('',*,*,#8593,.T.);
#3734=ORIENTED_EDGE('',*,*,#8594,.F.);
#3735=ORIENTED_EDGE('',*,*,#8595,.F.);
#3736=ORIENTED_EDGE('',*,*,#8596,.F.);
#3737=ORIENTED_EDGE('',*,*,#8597,.F.);
#3738=ORIENTED_EDGE('',*,*,#8598,.F.);
#3739=ORIENTED_EDGE('',*,*,#8599,.F.);
#3740=ORIENTED_EDGE('',*,*,#8472,.F.);
#3741=CARTESIAN_POINT('',(20.0,0.0,3.8));
#3742=DIRECTION('',(0.0,0.0,1.0));
#3743=DIRECTION('',(1.0,0.0,0.0));
#3744=ORIENTED_EDGE('',*,*,#8600,.F.);
#3745=ORIENTED_EDGE('',*,*,#8371,.T.);
#3746=ORIENTED_EDGE('',*,*,#8474,.F.);
#3747=ORIENTED_EDGE('',*,*,#8525,.T.);
#3748=ORIENTED_EDGE('',*,*,#8601,.F.);
#3749=ORIENTED_EDGE('',*,*,#8602,.F.);
#3750=CARTESIAN_POINT('',(20.0,0.0,3.8));
#3751=DIRECTION('',(0.0,0.0,1.0));
#3752=DIRECTION('',(1.0,0.0,0.0));
#3753=ORIENTED_EDGE('',*,*,#8603,.T.);
#3754=ORIENTED_EDGE('',*,*,#8604,.T.);
#3755=ORIENTED_EDGE('',*,*,#8605,.T.);
#3756=ORIENTED_EDGE('',*,*,#8606,.T.);
#3757=ORIENTED_EDGE('',*,*,#8607,.T.);
#3758=ORIENTED_EDGE('',*,*,#8608,.T.);
#3759=ORIENTED_EDGE('',*,*,#8609,.T.);
#3760=ORIENTED_EDGE('',*,*,#8610,.T.);
#3761=ORIENTED_EDGE('',*,*,#8611,.T.);
#3762=ORIENTED_EDGE('',*,*,#8612,.T.);
#3763=ORIENTED_EDGE('',*,*,#8613,.F.);
#3764=ORIENTED_EDGE('',*,*,#8614,.F.);
#3765=CARTESIAN_POINT('',(-23.7,0.8,4.8));
#3766=DIRECTION('',(0.0,-1.0,0.0));
#3767=DIRECTION('',(0.0,0.0,-1.0));
#3768=ORIENTED_EDGE('',*,*,#8615,.T.);
#3769=ORIENTED_EDGE('',*,*,#8531,.T.);
#3770=ORIENTED_EDGE('',*,*,#8616,.T.);
#3771=ORIENTED_EDGE('',*,*,#8492,.T.);
#3772=ORIENTED_EDGE('',*,*,#8487,.T.);
#3773=ORIENTED_EDGE('',*,*,#8529,.T.);
#3774=ORIENTED_EDGE('',*,*,#8617,.T.);
#3775=ORIENTED_EDGE('',*,*,#8618,.F.);
#3776=ORIENTED_EDGE('',*,*,#8619,.T.);
#3777=ORIENTED_EDGE('',*,*,#8620,.T.);
#3778=ORIENTED_EDGE('',*,*,#8621,.F.);
#3779=ORIENTED_EDGE('',*,*,#8622,.F.);
#3780=CARTESIAN_POINT('',(-23.7,0.8,4.8));
#3781=DIRECTION('',(0.0,-1.0,0.0));
#3782=DIRECTION('',(0.0,0.0,-1.0));
#3783=ORIENTED_EDGE('',*,*,#8623,.F.);
#3784=ORIENTED_EDGE('',*,*,#8624,.F.);
#3785=ORIENTED_EDGE('',*,*,#8377,.T.);
#3786=ORIENTED_EDGE('',*,*,#8625,.T.);
#3787=ORIENTED_EDGE('',*,*,#8626,.T.);
#3788=ORIENTED_EDGE('',*,*,#8627,.T.);
#3789=ORIENTED_EDGE('',*,*,#8628,.F.);
#3790=ORIENTED_EDGE('',*,*,#8629,.T.);
#3791=ORIENTED_EDGE('',*,*,#8630,.F.);
#3792=ORIENTED_EDGE('',*,*,#8631,.F.);
#3793=ORIENTED_EDGE('',*,*,#8632,.T.);
#3794=ORIENTED_EDGE('',*,*,#8610,.F.);
#3795=ORIENTED_EDGE('',*,*,#8633,.F.);
#3796=ORIENTED_EDGE('',*,*,#8634,.F.);
#3797=ORIENTED_EDGE('',*,*,#8635,.T.);
#3798=ORIENTED_EDGE('',*,*,#8636,.F.);
#3799=ORIENTED_EDGE('',*,*,#8637,.F.);
#3800=ORIENTED_EDGE('',*,*,#8638,.F.);
#3801=ORIENTED_EDGE('',*,*,#8639,.T.);
#3802=ORIENTED_EDGE('',*,*,#8640,.F.);
#3803=ORIENTED_EDGE('',*,*,#8641,.F.);
#3804=ORIENTED_EDGE('',*,*,#8642,.F.);
#3805=ORIENTED_EDGE('',*,*,#8643,.T.);
#3806=ORIENTED_EDGE('',*,*,#8644,.F.);
#3807=ORIENTED_EDGE('',*,*,#8645,.F.);
#3808=ORIENTED_EDGE('',*,*,#8646,.F.);
#3809=ORIENTED_EDGE('',*,*,#8647,.T.);
#3810=ORIENTED_EDGE('',*,*,#8648,.F.);
#3811=ORIENTED_EDGE('',*,*,#8649,.F.);
#3812=ORIENTED_EDGE('',*,*,#8650,.F.);
#3813=ORIENTED_EDGE('',*,*,#8651,.T.);
#3814=ORIENTED_EDGE('',*,*,#8652,.F.);
#3815=ORIENTED_EDGE('',*,*,#8653,.F.);
#3816=ORIENTED_EDGE('',*,*,#8654,.F.);
#3817=ORIENTED_EDGE('',*,*,#8655,.T.);
#3818=ORIENTED_EDGE('',*,*,#8656,.F.);
#3819=ORIENTED_EDGE('',*,*,#8657,.F.);
#3820=ORIENTED_EDGE('',*,*,#8658,.F.);
#3821=ORIENTED_EDGE('',*,*,#8659,.T.);
#3822=ORIENTED_EDGE('',*,*,#8660,.F.);
#3823=ORIENTED_EDGE('',*,*,#8661,.F.);
#3824=ORIENTED_EDGE('',*,*,#8662,.F.);
#3825=ORIENTED_EDGE('',*,*,#8663,.T.);
#3826=ORIENTED_EDGE('',*,*,#8664,.F.);
#3827=ORIENTED_EDGE('',*,*,#8665,.F.);
#3828=ORIENTED_EDGE('',*,*,#8666,.F.);
#3829=ORIENTED_EDGE('',*,*,#8667,.T.);
#3830=ORIENTED_EDGE('',*,*,#8668,.F.);
#3831=ORIENTED_EDGE('',*,*,#8669,.F.);
#3832=ORIENTED_EDGE('',*,*,#8670,.F.);
#3833=ORIENTED_EDGE('',*,*,#8671,.T.);
#3834=ORIENTED_EDGE('',*,*,#8672,.F.);
#3835=CARTESIAN_POINT('',(-23.7,0.0,-4.8));
#3836=DIRECTION('',(0.0,0.0,-1.0));
#3837=DIRECTION('',(0.0,-1.0,0.0));
#3838=ORIENTED_EDGE('',*,*,#8673,.T.);
#3839=ORIENTED_EDGE('',*,*,#8674,.T.);
#3840=ORIENTED_EDGE('',*,*,#8675,.T.);
#3841=ORIENTED_EDGE('',*,*,#8676,.T.);
#3842=ORIENTED_EDGE('',*,*,#8677,.T.);
#3843=ORIENTED_EDGE('',*,*,#8678,.T.);
#3844=ORIENTED_EDGE('',*,*,#8679,.T.);
#3845=ORIENTED_EDGE('',*,*,#8672,.T.);
#3846=ORIENTED_EDGE('',*,*,#8680,.T.);
#3847=ORIENTED_EDGE('',*,*,#8681,.T.);
#3848=ORIENTED_EDGE('',*,*,#8682,.F.);
#3849=ORIENTED_EDGE('',*,*,#8683,.F.);
#3850=CARTESIAN_POINT('',(-23.7,0.8,4.8));
#3851=DIRECTION('',(0.0,-1.0,0.0));
#3852=DIRECTION('',(0.0,0.0,-1.0));
#3853=ORIENTED_EDGE('',*,*,#8684,.T.);
#3854=ORIENTED_EDGE('',*,*,#8601,.T.);
#3855=ORIENTED_EDGE('',*,*,#8524,.T.);
#3856=ORIENTED_EDGE('',*,*,#8522,.T.);
#3857=ORIENTED_EDGE('',*,*,#8685,.T.);
#3858=ORIENTED_EDGE('',*,*,#8598,.T.);
#3859=ORIENTED_EDGE('',*,*,#8686,.T.);
#3860=ORIENTED_EDGE('',*,*,#8687,.F.);
#3861=ORIENTED_EDGE('',*,*,#8688,.T.);
#3862=ORIENTED_EDGE('',*,*,#8689,.T.);
#3863=ORIENTED_EDGE('',*,*,#8690,.F.);
#3864=ORIENTED_EDGE('',*,*,#8691,.F.);
#3865=CARTESIAN_POINT('',(-23.7,0.8,4.8));
#3866=DIRECTION('',(0.0,-1.0,0.0));
#3867=DIRECTION('',(0.0,0.0,-1.0));
#3868=ORIENTED_EDGE('',*,*,#8623,.T.);
#3869=ORIENTED_EDGE('',*,*,#8679,.F.);
#3870=ORIENTED_EDGE('',*,*,#8692,.T.);
#3871=ORIENTED_EDGE('',*,*,#8693,.F.);
#3872=CARTESIAN_POINT('',(-22.0,0.0,-3.8));
#3873=DIRECTION('',(-1.0,0.0,0.0));
#3874=DIRECTION('',(0.0,0.0,1.0));
#3875=ORIENTED_EDGE('',*,*,#8694,.F.);
#3876=ORIENTED_EDGE('',*,*,#8695,.F.);
#3877=ORIENTED_EDGE('',*,*,#8696,.F.);
#3878=ORIENTED_EDGE('',*,*,#8490,.F.);
#3879=CARTESIAN_POINT('',(-23.7,0.0,4.8));
#3880=DIRECTION('',(0.0,-1.0,0.0));
#3881=DIRECTION('',(0.0,0.0,-1.0));
#3882=ORIENTED_EDGE('',*,*,#8697,.T.);
#3883=ORIENTED_EDGE('',*,*,#8527,.T.);
#3884=ORIENTED_EDGE('',*,*,#8698,.F.);
#3885=ORIENTED_EDGE('',*,*,#8699,.F.);
#3886=CARTESIAN_POINT('',(-23.7,0.0,4.8));
#3887=DIRECTION('',(0.0,-1.0,0.0));
#3888=DIRECTION('',(0.0,0.0,-1.0));
#3889=ORIENTED_EDGE('',*,*,#8700,.F.);
#3890=ORIENTED_EDGE('',*,*,#8701,.F.);
#3891=ORIENTED_EDGE('',*,*,#8702,.F.);
#3892=ORIENTED_EDGE('',*,*,#8631,.T.);
#3893=CARTESIAN_POINT('',(-23.7,0.0,4.8));
#3894=DIRECTION('',(0.0,-1.0,0.0));
#3895=DIRECTION('',(0.0,0.0,-1.0));
#3896=ORIENTED_EDGE('',*,*,#8533,.T.);
#3897=ORIENTED_EDGE('',*,*,#8703,.F.);
#3898=ORIENTED_EDGE('',*,*,#8704,.F.);
#3899=ORIENTED_EDGE('',*,*,#8705,.T.);
#3900=CARTESIAN_POINT('',(-23.7,0.0,4.8));
#3901=DIRECTION('',(0.0,-1.0,0.0));
#3902=DIRECTION('',(0.0,0.0,-1.0));
#3903=ORIENTED_EDGE('',*,*,#8634,.T.);
#3904=ORIENTED_EDGE('',*,*,#8706,.T.);
#3905=ORIENTED_EDGE('',*,*,#8707,.F.);
#3906=ORIENTED_EDGE('',*,*,#8708,.F.);
#3907=CARTESIAN_POINT('',(-23.7,0.0,4.8));
#3908=DIRECTION('',(0.0,-1.0,0.0));
#3909=DIRECTION('',(0.0,0.0,-1.0));
#3910=ORIENTED_EDGE('',*,*,#8540,.T.);
#3911=ORIENTED_EDGE('',*,*,#8709,.F.);
#3912=ORIENTED_EDGE('',*,*,#8710,.F.);
#3913=ORIENTED_EDGE('',*,*,#8711,.T.);
#3914=CARTESIAN_POINT('',(-23.7,0.0,4.8));
#3915=DIRECTION('',(0.0,-1.0,0.0));
#3916=DIRECTION('',(0.0,0.0,-1.0));
#3917=ORIENTED_EDGE('',*,*,#8638,.T.);
#3918=ORIENTED_EDGE('',*,*,#8712,.T.);
#3919=ORIENTED_EDGE('',*,*,#8713,.F.);
#3920=ORIENTED_EDGE('',*,*,#8714,.F.);
#3921=CARTESIAN_POINT('',(-23.7,0.0,4.8));
#3922=DIRECTION('',(0.0,-1.0,0.0));
#3923=DIRECTION('',(0.0,0.0,-1.0));
#3924=ORIENTED_EDGE('',*,*,#8547,.T.);
#3925=ORIENTED_EDGE('',*,*,#8715,.F.);
#3926=ORIENTED_EDGE('',*,*,#8716,.F.);
#3927=ORIENTED_EDGE('',*,*,#8717,.T.);
#3928=CARTESIAN_POINT('',(-23.7,0.0,4.8));
#3929=DIRECTION('',(0.0,-1.0,0.0));
#3930=DIRECTION('',(0.0,0.0,-1.0));
#3931=ORIENTED_EDGE('',*,*,#8642,.T.);
#3932=ORIENTED_EDGE('',*,*,#8718,.T.);
#3933=ORIENTED_EDGE('',*,*,#8719,.F.);
#3934=ORIENTED_EDGE('',*,*,#8720,.F.);
#3935=CARTESIAN_POINT('',(-23.7,0.0,4.8));
#3936=DIRECTION('',(0.0,-1.0,0.0));
#3937=DIRECTION('',(0.0,0.0,-1.0));
#3938=ORIENTED_EDGE('',*,*,#8554,.T.);
#3939=ORIENTED_EDGE('',*,*,#8721,.F.);
#3940=ORIENTED_EDGE('',*,*,#8722,.F.);
#3941=ORIENTED_EDGE('',*,*,#8723,.T.);
#3942=CARTESIAN_POINT('',(-23.7,0.0,4.8));
#3943=DIRECTION('',(0.0,-1.0,0.0));
#3944=DIRECTION('',(0.0,0.0,-1.0));
#3945=ORIENTED_EDGE('',*,*,#8646,.T.);
#3946=ORIENTED_EDGE('',*,*,#8724,.T.);
#3947=ORIENTED_EDGE('',*,*,#8725,.F.);
#3948=ORIENTED_EDGE('',*,*,#8726,.F.);
#3949=CARTESIAN_POINT('',(-23.7,0.0,4.8));
#3950=DIRECTION('',(0.0,-1.0,0.0));
#3951=DIRECTION('',(0.0,0.0,-1.0));
#3952=ORIENTED_EDGE('',*,*,#8561,.T.);
#3953=ORIENTED_EDGE('',*,*,#8727,.F.);
#3954=ORIENTED_EDGE('',*,*,#8728,.F.);
#3955=ORIENTED_EDGE('',*,*,#8729,.T.);
#3956=CARTESIAN_POINT('',(-23.7,0.0,4.8));
#3957=DIRECTION('',(0.0,-1.0,0.0));
#3958=DIRECTION('',(0.0,0.0,-1.0));
#3959=ORIENTED_EDGE('',*,*,#8650,.T.);
#3960=ORIENTED_EDGE('',*,*,#8730,.T.);
#3961=ORIENTED_EDGE('',*,*,#8731,.F.);
#3962=ORIENTED_EDGE('',*,*,#8732,.F.);
#3963=CARTESIAN_POINT('',(-23.7,0.0,4.8));
#3964=DIRECTION('',(0.0,-1.0,0.0));
#3965=DIRECTION('',(0.0,0.0,-1.0));
#3966=ORIENTED_EDGE('',*,*,#8568,.T.);
#3967=ORIENTED_EDGE('',*,*,#8733,.F.);
#3968=ORIENTED_EDGE('',*,*,#8734,.F.);
#3969=ORIENTED_EDGE('',*,*,#8735,.T.);
#3970=CARTESIAN_POINT('',(-23.7,0.0,4.8));
#3971=DIRECTION('',(0.0,-1.0,0.0));
#3972=DIRECTION('',(0.0,0.0,-1.0));
#3973=ORIENTED_EDGE('',*,*,#8654,.T.);
#3974=ORIENTED_EDGE('',*,*,#8736,.T.);
#3975=ORIENTED_EDGE('',*,*,#8737,.F.);
#3976=ORIENTED_EDGE('',*,*,#8738,.F.);
#3977=CARTESIAN_POINT('',(-23.7,0.0,4.8));
#3978=DIRECTION('',(0.0,-1.0,0.0));
#3979=DIRECTION('',(0.0,0.0,-1.0));
#3980=ORIENTED_EDGE('',*,*,#8575,.T.);
#3981=ORIENTED_EDGE('',*,*,#8739,.F.);
#3982=ORIENTED_EDGE('',*,*,#8740,.F.);
#3983=ORIENTED_EDGE('',*,*,#8741,.T.);
#3984=CARTESIAN_POINT('',(-23.7,0.0,4.8));
#3985=DIRECTION('',(0.0,-1.0,0.0));
#3986=DIRECTION('',(0.0,0.0,-1.0));
#3987=ORIENTED_EDGE('',*,*,#8658,.T.);
#3988=ORIENTED_EDGE('',*,*,#8742,.T.);
#3989=ORIENTED_EDGE('',*,*,#8743,.F.);
#3990=ORIENTED_EDGE('',*,*,#8744,.F.);
#3991=CARTESIAN_POINT('',(-23.7,0.0,4.8));
#3992=DIRECTION('',(0.0,-1.0,0.0));
#3993=DIRECTION('',(0.0,0.0,-1.0));
#3994=ORIENTED_EDGE('',*,*,#8582,.T.);
#3995=ORIENTED_EDGE('',*,*,#8745,.F.);
#3996=ORIENTED_EDGE('',*,*,#8746,.F.);
#3997=ORIENTED_EDGE('',*,*,#8747,.T.);
#3998=CARTESIAN_POINT('',(-23.7,0.0,4.8));
#3999=DIRECTION('',(0.0,-1.0,0.0));
#4000=DIRECTION('',(0.0,0.0,-1.0));
#4001=ORIENTED_EDGE('',*,*,#8662,.T.);
#4002=ORIENTED_EDGE('',*,*,#8748,.T.);
#4003=ORIENTED_EDGE('',*,*,#8749,.F.);
#4004=ORIENTED_EDGE('',*,*,#8750,.F.);
#4005=CARTESIAN_POINT('',(-23.7,0.0,4.8));
#4006=DIRECTION('',(0.0,-1.0,0.0));
#4007=DIRECTION('',(0.0,0.0,-1.0));
#4008=ORIENTED_EDGE('',*,*,#8589,.T.);
#4009=ORIENTED_EDGE('',*,*,#8751,.F.);
#4010=ORIENTED_EDGE('',*,*,#8752,.F.);
#4011=ORIENTED_EDGE('',*,*,#8753,.T.);
#4012=CARTESIAN_POINT('',(-23.7,0.0,4.8));
#4013=DIRECTION('',(0.0,-1.0,0.0));
#4014=DIRECTION('',(0.0,0.0,-1.0));
#4015=ORIENTED_EDGE('',*,*,#8666,.T.);
#4016=ORIENTED_EDGE('',*,*,#8754,.T.);
#4017=ORIENTED_EDGE('',*,*,#8755,.F.);
#4018=ORIENTED_EDGE('',*,*,#8756,.F.);
#4019=CARTESIAN_POINT('',(-23.7,0.0,4.8));
#4020=DIRECTION('',(0.0,-1.0,0.0));
#4021=DIRECTION('',(0.0,0.0,-1.0));
#4022=ORIENTED_EDGE('',*,*,#8596,.T.);
#4023=ORIENTED_EDGE('',*,*,#8757,.F.);
#4024=ORIENTED_EDGE('',*,*,#8758,.F.);
#4025=ORIENTED_EDGE('',*,*,#8759,.T.);
#4026=CARTESIAN_POINT('',(-23.7,0.0,4.8));
#4027=DIRECTION('',(0.0,-1.0,0.0));
#4028=DIRECTION('',(0.0,0.0,-1.0));
#4029=ORIENTED_EDGE('',*,*,#8760,.F.);
#4030=ORIENTED_EDGE('',*,*,#8372,.T.);
#4031=ORIENTED_EDGE('',*,*,#8600,.T.);
#4032=ORIENTED_EDGE('',*,*,#8761,.F.);
#4033=CARTESIAN_POINT('',(-23.7,0.0,4.8));
#4034=DIRECTION('',(0.0,-1.0,0.0));
#4035=DIRECTION('',(0.0,0.0,-1.0));
#4036=ORIENTED_EDGE('',*,*,#8762,.F.);
#4037=ORIENTED_EDGE('',*,*,#8378,.T.);
#4038=ORIENTED_EDGE('',*,*,#8624,.T.);
#4039=ORIENTED_EDGE('',*,*,#8693,.T.);
#4040=CARTESIAN_POINT('',(-23.7,0.0,4.8));
#4041=DIRECTION('',(0.0,-1.0,0.0));
#4042=DIRECTION('',(0.0,0.0,-1.0));
#4043=ORIENTED_EDGE('',*,*,#8670,.T.);
#4044=ORIENTED_EDGE('',*,*,#8763,.T.);
#4045=ORIENTED_EDGE('',*,*,#8764,.F.);
#4046=ORIENTED_EDGE('',*,*,#8765,.F.);
#4047=CARTESIAN_POINT('',(-23.7,0.0,4.8));
#4048=DIRECTION('',(0.0,-1.0,0.0));
#4049=DIRECTION('',(0.0,0.0,-1.0));
#4050=ORIENTED_EDGE('',*,*,#8766,.T.);
#4051=ORIENTED_EDGE('',*,*,#8389,.F.);
#4052=ORIENTED_EDGE('',*,*,#8491,.F.);
#4053=ORIENTED_EDGE('',*,*,#8696,.T.);
#4054=CARTESIAN_POINT('',(22.7,0.0,0.5));
#4055=DIRECTION('',(-1.0,0.0,0.0));
#4056=DIRECTION('',(0.0,0.0,1.0));
#4057=ORIENTED_EDGE('',*,*,#8767,.T.);
#4058=ORIENTED_EDGE('',*,*,#8768,.F.);
#4059=ORIENTED_EDGE('',*,*,#8769,.F.);
#4060=ORIENTED_EDGE('',*,*,#8468,.F.);
#4061=ORIENTED_EDGE('',*,*,#8770,.T.);
#4062=ORIENTED_EDGE('',*,*,#8771,.F.);
#4063=ORIENTED_EDGE('',*,*,#8772,.F.);
#4064=ORIENTED_EDGE('',*,*,#8460,.F.);
#4065=ORIENTED_EDGE('',*,*,#8773,.T.);
#4066=ORIENTED_EDGE('',*,*,#8774,.F.);
#4067=ORIENTED_EDGE('',*,*,#8775,.F.);
#4068=ORIENTED_EDGE('',*,*,#8452,.F.);
#4069=ORIENTED_EDGE('',*,*,#8776,.T.);
#4070=ORIENTED_EDGE('',*,*,#8777,.F.);
#4071=ORIENTED_EDGE('',*,*,#8778,.F.);
#4072=ORIENTED_EDGE('',*,*,#8444,.F.);
#4073=ORIENTED_EDGE('',*,*,#8779,.T.);
#4074=ORIENTED_EDGE('',*,*,#8780,.F.);
#4075=ORIENTED_EDGE('',*,*,#8781,.F.);
#4076=ORIENTED_EDGE('',*,*,#8436,.F.);
#4077=ORIENTED_EDGE('',*,*,#8782,.T.);
#4078=ORIENTED_EDGE('',*,*,#8783,.F.);
#4079=ORIENTED_EDGE('',*,*,#8784,.F.);
#4080=ORIENTED_EDGE('',*,*,#8428,.F.);
#4081=ORIENTED_EDGE('',*,*,#8785,.T.);
#4082=ORIENTED_EDGE('',*,*,#8786,.F.);
#4083=ORIENTED_EDGE('',*,*,#8787,.F.);
#4084=ORIENTED_EDGE('',*,*,#8420,.F.);
#4085=ORIENTED_EDGE('',*,*,#8788,.T.);
#4086=ORIENTED_EDGE('',*,*,#8789,.F.);
#4087=ORIENTED_EDGE('',*,*,#8790,.F.);
#4088=ORIENTED_EDGE('',*,*,#8412,.F.);
#4089=ORIENTED_EDGE('',*,*,#8791,.T.);
#4090=ORIENTED_EDGE('',*,*,#8792,.F.);
#4091=ORIENTED_EDGE('',*,*,#8793,.F.);
#4092=ORIENTED_EDGE('',*,*,#8404,.F.);
#4093=ORIENTED_EDGE('',*,*,#8794,.T.);
#4094=ORIENTED_EDGE('',*,*,#8606,.F.);
#4095=ORIENTED_EDGE('',*,*,#8795,.F.);
#4096=ORIENTED_EDGE('',*,*,#8390,.F.);
#4097=ORIENTED_EDGE('',*,*,#8766,.F.);
#4098=ORIENTED_EDGE('',*,*,#8695,.T.);
#4099=ORIENTED_EDGE('',*,*,#8796,.T.);
#4100=ORIENTED_EDGE('',*,*,#8478,.F.);
#4101=ORIENTED_EDGE('',*,*,#8797,.T.);
#4102=ORIENTED_EDGE('',*,*,#8676,.F.);
#4103=ORIENTED_EDGE('',*,*,#8798,.F.);
#4104=ORIENTED_EDGE('',*,*,#8484,.F.);
#4105=CARTESIAN_POINT('',(22.3,0.0,-0.5));
#4106=DIRECTION('',(0.0,0.0,1.0));
#4107=DIRECTION('',(1.0,0.0,0.0));
#4108=ORIENTED_EDGE('',*,*,#8798,.T.);
#4109=ORIENTED_EDGE('',*,*,#8675,.F.);
#4110=ORIENTED_EDGE('',*,*,#8799,.F.);
#4111=ORIENTED_EDGE('',*,*,#8485,.T.);
#4112=CARTESIAN_POINT('',(-19.7,0.0,-3.8));
#4113=DIRECTION('',(1.0,0.0,0.0));
#4114=DIRECTION('',(0.0,1.0,0.0));
#4115=ORIENTED_EDGE('',*,*,#8701,.T.);
#4116=ORIENTED_EDGE('',*,*,#8800,.T.);
#4117=ORIENTED_EDGE('',*,*,#8392,.F.);
#4118=ORIENTED_EDGE('',*,*,#8801,.T.);
#4119=ORIENTED_EDGE('',*,*,#8604,.F.);
#4120=ORIENTED_EDGE('',*,*,#8802,.F.);
#4121=CARTESIAN_POINT('',(19.7,0.0,-3.8));
#4122=DIRECTION('',(0.0,0.0,-1.0));
#4123=DIRECTION('',(0.0,-1.0,0.0));
#4124=ORIENTED_EDGE('',*,*,#8707,.T.);
#4125=ORIENTED_EDGE('',*,*,#8803,.F.);
#4126=ORIENTED_EDGE('',*,*,#8608,.F.);
#4127=ORIENTED_EDGE('',*,*,#8804,.F.);
#4128=ORIENTED_EDGE('',*,*,#8402,.F.);
#4129=ORIENTED_EDGE('',*,*,#8805,.T.);
#4130=ORIENTED_EDGE('',*,*,#8806,.F.);
#4131=ORIENTED_EDGE('',*,*,#8807,.F.);
#4132=CARTESIAN_POINT('',(19.7,0.0,-3.8));
#4133=DIRECTION('',(0.0,0.0,-1.0));
#4134=DIRECTION('',(0.0,-1.0,0.0));
#4135=ORIENTED_EDGE('',*,*,#8713,.T.);
#4136=ORIENTED_EDGE('',*,*,#8808,.F.);
#4137=ORIENTED_EDGE('',*,*,#8809,.F.);
#4138=ORIENTED_EDGE('',*,*,#8810,.F.);
#4139=ORIENTED_EDGE('',*,*,#8410,.F.);
#4140=ORIENTED_EDGE('',*,*,#8811,.T.);
#4141=ORIENTED_EDGE('',*,*,#8812,.F.);
#4142=ORIENTED_EDGE('',*,*,#8813,.F.);
#4143=CARTESIAN_POINT('',(19.7,0.0,-3.8));
#4144=DIRECTION('',(0.0,0.0,-1.0));
#4145=DIRECTION('',(0.0,-1.0,0.0));
#4146=ORIENTED_EDGE('',*,*,#8719,.T.);
#4147=ORIENTED_EDGE('',*,*,#8814,.F.);
#4148=ORIENTED_EDGE('',*,*,#8815,.F.);
#4149=ORIENTED_EDGE('',*,*,#8816,.F.);
#4150=ORIENTED_EDGE('',*,*,#8418,.F.);
#4151=ORIENTED_EDGE('',*,*,#8817,.T.);
#4152=ORIENTED_EDGE('',*,*,#8818,.F.);
#4153=ORIENTED_EDGE('',*,*,#8819,.F.);
#4154=CARTESIAN_POINT('',(19.7,0.0,-3.8));
#4155=DIRECTION('',(0.0,0.0,-1.0));
#4156=DIRECTION('',(0.0,-1.0,0.0));
#4157=ORIENTED_EDGE('',*,*,#8725,.T.);
#4158=ORIENTED_EDGE('',*,*,#8820,.F.);
#4159=ORIENTED_EDGE('',*,*,#8821,.F.);
#4160=ORIENTED_EDGE('',*,*,#8822,.F.);
#4161=ORIENTED_EDGE('',*,*,#8426,.F.);
#4162=ORIENTED_EDGE('',*,*,#8823,.T.);
#4163=ORIENTED_EDGE('',*,*,#8824,.F.);
#4164=ORIENTED_EDGE('',*,*,#8825,.F.);
#4165=CARTESIAN_POINT('',(19.7,0.0,-3.8));
#4166=DIRECTION('',(0.0,0.0,-1.0));
#4167=DIRECTION('',(0.0,-1.0,0.0));
#4168=ORIENTED_EDGE('',*,*,#8731,.T.);
#4169=ORIENTED_EDGE('',*,*,#8826,.F.);
#4170=ORIENTED_EDGE('',*,*,#8827,.F.);
#4171=ORIENTED_EDGE('',*,*,#8828,.F.);
#4172=ORIENTED_EDGE('',*,*,#8434,.F.);
#4173=ORIENTED_EDGE('',*,*,#8829,.T.);
#4174=ORIENTED_EDGE('',*,*,#8830,.F.);
#4175=ORIENTED_EDGE('',*,*,#8831,.F.);
#4176=CARTESIAN_POINT('',(19.7,0.0,-3.8));
#4177=DIRECTION('',(0.0,0.0,-1.0));
#4178=DIRECTION('',(0.0,-1.0,0.0));
#4179=ORIENTED_EDGE('',*,*,#8737,.T.);
#4180=ORIENTED_EDGE('',*,*,#8832,.F.);
#4181=ORIENTED_EDGE('',*,*,#8833,.F.);
#4182=ORIENTED_EDGE('',*,*,#8834,.F.);
#4183=ORIENTED_EDGE('',*,*,#8442,.F.);
#4184=ORIENTED_EDGE('',*,*,#8835,.T.);
#4185=ORIENTED_EDGE('',*,*,#8836,.F.);
#4186=ORIENTED_EDGE('',*,*,#8837,.F.);
#4187=CARTESIAN_POINT('',(19.7,0.0,-3.8));
#4188=DIRECTION('',(0.0,0.0,-1.0));
#4189=DIRECTION('',(0.0,-1.0,0.0));
#4190=ORIENTED_EDGE('',*,*,#8743,.T.);
#4191=ORIENTED_EDGE('',*,*,#8838,.F.);
#4192=ORIENTED_EDGE('',*,*,#8839,.F.);
#4193=ORIENTED_EDGE('',*,*,#8840,.F.);
#4194=ORIENTED_EDGE('',*,*,#8450,.F.);
#4195=ORIENTED_EDGE('',*,*,#8841,.T.);
#4196=ORIENTED_EDGE('',*,*,#8842,.F.);
#4197=ORIENTED_EDGE('',*,*,#8843,.F.);
#4198=CARTESIAN_POINT('',(19.7,0.0,-3.8));
#4199=DIRECTION('',(0.0,0.0,-1.0));
#4200=DIRECTION('',(0.0,-1.0,0.0));
#4201=ORIENTED_EDGE('',*,*,#8749,.T.);
#4202=ORIENTED_EDGE('',*,*,#8844,.F.);
#4203=ORIENTED_EDGE('',*,*,#8845,.F.);
#4204=ORIENTED_EDGE('',*,*,#8846,.F.);
#4205=ORIENTED_EDGE('',*,*,#8458,.F.);
#4206=ORIENTED_EDGE('',*,*,#8847,.T.);
#4207=ORIENTED_EDGE('',*,*,#8848,.F.);
#4208=ORIENTED_EDGE('',*,*,#8849,.F.);
#4209=CARTESIAN_POINT('',(19.7,0.0,-3.8));
#4210=DIRECTION('',(0.0,0.0,-1.0));
#4211=DIRECTION('',(0.0,-1.0,0.0));
#4212=ORIENTED_EDGE('',*,*,#8755,.T.);
#4213=ORIENTED_EDGE('',*,*,#8850,.F.);
#4214=ORIENTED_EDGE('',*,*,#8851,.F.);
#4215=ORIENTED_EDGE('',*,*,#8852,.F.);
#4216=ORIENTED_EDGE('',*,*,#8466,.F.);
#4217=ORIENTED_EDGE('',*,*,#8853,.T.);
#4218=ORIENTED_EDGE('',*,*,#8854,.F.);
#4219=ORIENTED_EDGE('',*,*,#8855,.F.);
#4220=CARTESIAN_POINT('',(19.7,0.0,-3.8));
#4221=DIRECTION('',(0.0,0.0,-1.0));
#4222=DIRECTION('',(0.0,-1.0,0.0));
#4223=ORIENTED_EDGE('',*,*,#8379,.F.);
#4224=ORIENTED_EDGE('',*,*,#8762,.T.);
#4225=ORIENTED_EDGE('',*,*,#8692,.F.);
#4226=ORIENTED_EDGE('',*,*,#8678,.F.);
#4227=ORIENTED_EDGE('',*,*,#8856,.F.);
#4228=ORIENTED_EDGE('',*,*,#8476,.F.);
#4229=CARTESIAN_POINT('',(19.7,0.0,-3.8));
#4230=DIRECTION('',(0.0,0.0,-1.0));
#4231=DIRECTION('',(0.0,-1.0,0.0));
#4232=ORIENTED_EDGE('',*,*,#8764,.T.);
#4233=ORIENTED_EDGE('',*,*,#8857,.F.);
#4234=ORIENTED_EDGE('',*,*,#8858,.F.);
#4235=ORIENTED_EDGE('',*,*,#8859,.F.);
#4236=ORIENTED_EDGE('',*,*,#8482,.F.);
#4237=ORIENTED_EDGE('',*,*,#8799,.T.);
#4238=ORIENTED_EDGE('',*,*,#8674,.F.);
#4239=ORIENTED_EDGE('',*,*,#8860,.F.);
#4240=CARTESIAN_POINT('',(19.7,0.0,-3.8));
#4241=DIRECTION('',(0.0,0.0,-1.0));
#4242=DIRECTION('',(0.0,-1.0,0.0));
#4243=ORIENTED_EDGE('',*,*,#8802,.T.);
#4244=ORIENTED_EDGE('',*,*,#8603,.F.);
#4245=ORIENTED_EDGE('',*,*,#8632,.F.);
#4246=ORIENTED_EDGE('',*,*,#8702,.T.);
#4247=CARTESIAN_POINT('',(22.0,0.0,-4.8));
#4248=DIRECTION('',(1.0,0.0,0.0));
#4249=DIRECTION('',(0.0,1.0,0.0));
#4250=ORIENTED_EDGE('',*,*,#8795,.T.);
#4251=ORIENTED_EDGE('',*,*,#8605,.F.);
#4252=ORIENTED_EDGE('',*,*,#8801,.F.);
#4253=ORIENTED_EDGE('',*,*,#8391,.T.);
#4254=CARTESIAN_POINT('',(22.3,0.0,-3.8));
#4255=DIRECTION('',(1.0,0.0,0.0));
#4256=DIRECTION('',(0.0,1.0,0.0));
#4257=ORIENTED_EDGE('',*,*,#8393,.F.);
#4258=ORIENTED_EDGE('',*,*,#8800,.F.);
#4259=ORIENTED_EDGE('',*,*,#8700,.T.);
#4260=ORIENTED_EDGE('',*,*,#8630,.T.);
#4261=ORIENTED_EDGE('',*,*,#8861,.T.);
#4262=ORIENTED_EDGE('',*,*,#8862,.T.);
#4263=CARTESIAN_POINT('',(23.7,0.0,0.0));
#4264=DIRECTION('',(1.0,0.0,0.0));
#4265=DIRECTION('',(0.0,1.0,0.0));
#4266=ORIENTED_EDGE('',*,*,#8863,.T.);
#4267=ORIENTED_EDGE('',*,*,#8864,.T.);
#4268=ORIENTED_EDGE('',*,*,#8698,.T.);
#4269=ORIENTED_EDGE('',*,*,#8526,.T.);
#4270=ORIENTED_EDGE('',*,*,#8395,.F.);
#4271=ORIENTED_EDGE('',*,*,#8368,.F.);
#4272=CARTESIAN_POINT('',(23.7,0.0,0.0));
#4273=DIRECTION('',(1.0,0.0,0.0));
#4274=DIRECTION('',(0.0,1.0,0.0));
#4275=ORIENTED_EDGE('',*,*,#8366,.T.);
#4276=ORIENTED_EDGE('',*,*,#8394,.F.);
#4277=ORIENTED_EDGE('',*,*,#8862,.F.);
#4278=ORIENTED_EDGE('',*,*,#8865,.T.);
#4279=CARTESIAN_POINT('',(23.7,12.8,2.6));
#4280=DIRECTION('',(0.0,1.0,-0.0));
#4281=DIRECTION('',(1.0,0.0,0.0));
#4282=ORIENTED_EDGE('',*,*,#8625,.F.);
#4283=ORIENTED_EDGE('',*,*,#8376,.T.);
#4284=ORIENTED_EDGE('',*,*,#8866,.F.);
#4285=ORIENTED_EDGE('',*,*,#8385,.F.);
#4286=ORIENTED_EDGE('',*,*,#8383,.F.);
#4287=ORIENTED_EDGE('',*,*,#8374,.T.);
#4288=ORIENTED_EDGE('',*,*,#8867,.T.);
#4289=ORIENTED_EDGE('',*,*,#8863,.F.);
#4290=ORIENTED_EDGE('',*,*,#8367,.F.);
#4291=ORIENTED_EDGE('',*,*,#8865,.F.);
#4292=ORIENTED_EDGE('',*,*,#8861,.F.);
#4293=ORIENTED_EDGE('',*,*,#8629,.F.);
#4294=ORIENTED_EDGE('',*,*,#8868,.F.);
#4295=ORIENTED_EDGE('',*,*,#8869,.F.);
#4296=ORIENTED_EDGE('',*,*,#8870,.F.);
#4297=ORIENTED_EDGE('',*,*,#8871,.F.);
#4298=ORIENTED_EDGE('',*,*,#8872,.F.);
#4299=ORIENTED_EDGE('',*,*,#8873,.F.);
#4300=ORIENTED_EDGE('',*,*,#8874,.F.);
#4301=ORIENTED_EDGE('',*,*,#8875,.F.);
#4302=ORIENTED_EDGE('',*,*,#8876,.F.);
#4303=ORIENTED_EDGE('',*,*,#8877,.F.);
#4304=ORIENTED_EDGE('',*,*,#8878,.F.);
#4305=ORIENTED_EDGE('',*,*,#8879,.F.);
#4306=ORIENTED_EDGE('',*,*,#8880,.F.);
#4307=ORIENTED_EDGE('',*,*,#8881,.F.);
#4308=ORIENTED_EDGE('',*,*,#8882,.F.);
#4309=ORIENTED_EDGE('',*,*,#8883,.F.);
#4310=ORIENTED_EDGE('',*,*,#8884,.F.);
#4311=ORIENTED_EDGE('',*,*,#8885,.F.);
#4312=ORIENTED_EDGE('',*,*,#8886,.F.);
#4313=ORIENTED_EDGE('',*,*,#8887,.F.);
#4314=ORIENTED_EDGE('',*,*,#8888,.F.);
#4315=ORIENTED_EDGE('',*,*,#8889,.F.);
#4316=ORIENTED_EDGE('',*,*,#8890,.F.);
#4317=ORIENTED_EDGE('',*,*,#8891,.F.);
#4318=ORIENTED_EDGE('',*,*,#8892,.F.);
#4319=ORIENTED_EDGE('',*,*,#8893,.F.);
#4320=ORIENTED_EDGE('',*,*,#8894,.F.);
#4321=ORIENTED_EDGE('',*,*,#8895,.F.);
#4322=ORIENTED_EDGE('',*,*,#8896,.F.);
#4323=ORIENTED_EDGE('',*,*,#8897,.F.);
#4324=ORIENTED_EDGE('',*,*,#8898,.F.);
#4325=ORIENTED_EDGE('',*,*,#8899,.F.);
#4326=ORIENTED_EDGE('',*,*,#8900,.F.);
#4327=ORIENTED_EDGE('',*,*,#8901,.F.);
#4328=ORIENTED_EDGE('',*,*,#8902,.F.);
#4329=ORIENTED_EDGE('',*,*,#8903,.F.);
#4330=ORIENTED_EDGE('',*,*,#8904,.F.);
#4331=ORIENTED_EDGE('',*,*,#8905,.F.);
#4332=ORIENTED_EDGE('',*,*,#8906,.F.);
#4333=ORIENTED_EDGE('',*,*,#8907,.F.);
#4334=ORIENTED_EDGE('',*,*,#8908,.F.);
#4335=ORIENTED_EDGE('',*,*,#8909,.F.);
#4336=ORIENTED_EDGE('',*,*,#8910,.F.);
#4337=ORIENTED_EDGE('',*,*,#8911,.F.);
#4338=ORIENTED_EDGE('',*,*,#8912,.F.);
#4339=ORIENTED_EDGE('',*,*,#8913,.F.);
#4340=ORIENTED_EDGE('',*,*,#8914,.F.);
#4341=ORIENTED_EDGE('',*,*,#8915,.F.);
#4342=ORIENTED_EDGE('',*,*,#8916,.F.);
#4343=ORIENTED_EDGE('',*,*,#8917,.F.);
#4344=ORIENTED_EDGE('',*,*,#8918,.F.);
#4345=ORIENTED_EDGE('',*,*,#8919,.F.);
#4346=ORIENTED_EDGE('',*,*,#8920,.F.);
#4347=ORIENTED_EDGE('',*,*,#8921,.F.);
#4348=ORIENTED_EDGE('',*,*,#8922,.F.);
#4349=ORIENTED_EDGE('',*,*,#8923,.F.);
#4350=ORIENTED_EDGE('',*,*,#8924,.F.);
#4351=ORIENTED_EDGE('',*,*,#8925,.F.);
#4352=ORIENTED_EDGE('',*,*,#8926,.F.);
#4353=ORIENTED_EDGE('',*,*,#8927,.F.);
#4354=ORIENTED_EDGE('',*,*,#8928,.F.);
#4355=ORIENTED_EDGE('',*,*,#8929,.F.);
#4356=ORIENTED_EDGE('',*,*,#8930,.F.);
#4357=ORIENTED_EDGE('',*,*,#8931,.F.);
#4358=ORIENTED_EDGE('',*,*,#8932,.F.);
#4359=ORIENTED_EDGE('',*,*,#8933,.F.);
#4360=ORIENTED_EDGE('',*,*,#8934,.F.);
#4361=ORIENTED_EDGE('',*,*,#8935,.F.);
#4362=ORIENTED_EDGE('',*,*,#8936,.F.);
#4363=ORIENTED_EDGE('',*,*,#8937,.F.);
#4364=ORIENTED_EDGE('',*,*,#8938,.F.);
#4365=ORIENTED_EDGE('',*,*,#8939,.F.);
#4366=ORIENTED_EDGE('',*,*,#8940,.F.);
#4367=ORIENTED_EDGE('',*,*,#8941,.F.);
#4368=ORIENTED_EDGE('',*,*,#8942,.F.);
#4369=ORIENTED_EDGE('',*,*,#8943,.F.);
#4370=ORIENTED_EDGE('',*,*,#8944,.F.);
#4371=ORIENTED_EDGE('',*,*,#8945,.F.);
#4372=ORIENTED_EDGE('',*,*,#8946,.F.);
#4373=ORIENTED_EDGE('',*,*,#8947,.F.);
#4374=ORIENTED_EDGE('',*,*,#8948,.F.);
#4375=ORIENTED_EDGE('',*,*,#8949,.F.);
#4376=ORIENTED_EDGE('',*,*,#8950,.F.);
#4377=ORIENTED_EDGE('',*,*,#8951,.F.);
#4378=ORIENTED_EDGE('',*,*,#8952,.F.);
#4379=ORIENTED_EDGE('',*,*,#8953,.F.);
#4380=ORIENTED_EDGE('',*,*,#8954,.F.);
#4381=ORIENTED_EDGE('',*,*,#8955,.F.);
#4382=ORIENTED_EDGE('',*,*,#8956,.F.);
#4383=ORIENTED_EDGE('',*,*,#8957,.F.);
#4384=ORIENTED_EDGE('',*,*,#8958,.F.);
#4385=ORIENTED_EDGE('',*,*,#8959,.F.);
#4386=ORIENTED_EDGE('',*,*,#8960,.F.);
#4387=ORIENTED_EDGE('',*,*,#8961,.F.);
#4388=ORIENTED_EDGE('',*,*,#8962,.F.);
#4389=ORIENTED_EDGE('',*,*,#8963,.F.);
#4390=ORIENTED_EDGE('',*,*,#8964,.F.);
#4391=ORIENTED_EDGE('',*,*,#8965,.F.);
#4392=ORIENTED_EDGE('',*,*,#8966,.F.);
#4393=ORIENTED_EDGE('',*,*,#8967,.F.);
#4394=ORIENTED_EDGE('',*,*,#8968,.F.);
#4395=ORIENTED_EDGE('',*,*,#8969,.F.);
#4396=ORIENTED_EDGE('',*,*,#8970,.F.);
#4397=ORIENTED_EDGE('',*,*,#8971,.F.);
#4398=ORIENTED_EDGE('',*,*,#8972,.F.);
#4399=ORIENTED_EDGE('',*,*,#8973,.F.);
#4400=ORIENTED_EDGE('',*,*,#8974,.F.);
#4401=ORIENTED_EDGE('',*,*,#8975,.F.);
#4402=ORIENTED_EDGE('',*,*,#8976,.F.);
#4403=ORIENTED_EDGE('',*,*,#8977,.F.);
#4404=ORIENTED_EDGE('',*,*,#8978,.F.);
#4405=CARTESIAN_POINT('',(-23.7,12.8,-4.8));
#4406=DIRECTION('',(-0.0,1.0,0.0));
#4407=DIRECTION('',(1.0,0.0,0.0));
#4408=ORIENTED_EDGE('',*,*,#8979,.F.);
#4409=ORIENTED_EDGE('',*,*,#8980,.F.);
#4410=ORIENTED_EDGE('',*,*,#8981,.T.);
#4411=ORIENTED_EDGE('',*,*,#8868,.T.);
#4412=CARTESIAN_POINT('',(-1.7,10.45,-6.2));
#4413=DIRECTION('',(0.0,0.511805175094575,-0.859101543908758));
#4414=DIRECTION('',(-1.0,0.0,0.0));
#4415=ORIENTED_EDGE('',*,*,#8981,.F.);
#4416=ORIENTED_EDGE('',*,*,#8982,.F.);
#4417=ORIENTED_EDGE('',*,*,#8983,.F.);
#4418=ORIENTED_EDGE('',*,*,#8626,.F.);
#4419=CARTESIAN_POINT('',(-1.7,0.0,0.0));
#4420=DIRECTION('',(1.0,0.0,0.0));
#4421=DIRECTION('',(0.0,1.0,0.0));
#4422=ORIENTED_EDGE('',*,*,#8983,.T.);
#4423=ORIENTED_EDGE('',*,*,#8984,.T.);
#4424=ORIENTED_EDGE('',*,*,#8985,.F.);
#4425=ORIENTED_EDGE('',*,*,#8627,.F.);
#4426=CARTESIAN_POINT('',(-1.7,9.75,-4.8));
#4427=DIRECTION('',(0.0,-1.0,0.0));
#4428=DIRECTION('',(0.0,0.0,-1.0));
#4429=ORIENTED_EDGE('',*,*,#8985,.T.);
#4430=ORIENTED_EDGE('',*,*,#8986,.T.);
#4431=ORIENTED_EDGE('',*,*,#8979,.T.);
#4432=ORIENTED_EDGE('',*,*,#8628,.T.);
#4433=CARTESIAN_POINT('',(1.7,0.0,0.0));
#4434=DIRECTION('',(1.0,0.0,0.0));
#4435=DIRECTION('',(0.0,1.0,0.0));
#4436=ORIENTED_EDGE('',*,*,#8980,.T.);
#4437=ORIENTED_EDGE('',*,*,#8986,.F.);
#4438=ORIENTED_EDGE('',*,*,#8984,.F.);
#4439=ORIENTED_EDGE('',*,*,#8982,.T.);
#4440=CARTESIAN_POINT('',(-1.7,9.75,-6.2));
#4441=DIRECTION('',(0.0,0.0,-1.0));
#4442=DIRECTION('',(0.0,-1.0,0.0));
#4443=ORIENTED_EDGE('',*,*,#8987,.F.);
#4444=ORIENTED_EDGE('',*,*,#8758,.T.);
#4445=ORIENTED_EDGE('',*,*,#8988,.T.);
#4446=ORIENTED_EDGE('',*,*,#8989,.T.);
#4447=ORIENTED_EDGE('',*,*,#8990,.F.);
#4448=ORIENTED_EDGE('',*,*,#8752,.T.);
#4449=ORIENTED_EDGE('',*,*,#8991,.T.);
#4450=ORIENTED_EDGE('',*,*,#8992,.T.);
#4451=ORIENTED_EDGE('',*,*,#8993,.F.);
#4452=ORIENTED_EDGE('',*,*,#8746,.T.);
#4453=ORIENTED_EDGE('',*,*,#8994,.T.);
#4454=ORIENTED_EDGE('',*,*,#8995,.T.);
#4455=ORIENTED_EDGE('',*,*,#8996,.F.);
#4456=ORIENTED_EDGE('',*,*,#8740,.T.);
#4457=ORIENTED_EDGE('',*,*,#8997,.T.);
#4458=ORIENTED_EDGE('',*,*,#8998,.T.);
#4459=ORIENTED_EDGE('',*,*,#8999,.F.);
#4460=ORIENTED_EDGE('',*,*,#8734,.T.);
#4461=ORIENTED_EDGE('',*,*,#9000,.T.);
#4462=ORIENTED_EDGE('',*,*,#9001,.T.);
#4463=ORIENTED_EDGE('',*,*,#9002,.F.);
#4464=ORIENTED_EDGE('',*,*,#8728,.T.);
#4465=ORIENTED_EDGE('',*,*,#9003,.T.);
#4466=ORIENTED_EDGE('',*,*,#9004,.T.);
#4467=ORIENTED_EDGE('',*,*,#9005,.F.);
#4468=ORIENTED_EDGE('',*,*,#8722,.T.);
#4469=ORIENTED_EDGE('',*,*,#9006,.T.);
#4470=ORIENTED_EDGE('',*,*,#9007,.T.);
#4471=ORIENTED_EDGE('',*,*,#9008,.F.);
#4472=ORIENTED_EDGE('',*,*,#8716,.T.);
#4473=ORIENTED_EDGE('',*,*,#9009,.T.);
#4474=ORIENTED_EDGE('',*,*,#9010,.T.);
#4475=ORIENTED_EDGE('',*,*,#9011,.F.);
#4476=ORIENTED_EDGE('',*,*,#8710,.T.);
#4477=ORIENTED_EDGE('',*,*,#9012,.T.);
#4478=ORIENTED_EDGE('',*,*,#9013,.T.);
#4479=ORIENTED_EDGE('',*,*,#9014,.F.);
#4480=ORIENTED_EDGE('',*,*,#8704,.T.);
#4481=ORIENTED_EDGE('',*,*,#9015,.T.);
#4482=ORIENTED_EDGE('',*,*,#8618,.T.);
#4483=ORIENTED_EDGE('',*,*,#9016,.F.);
#4484=ORIENTED_EDGE('',*,*,#8699,.T.);
#4485=ORIENTED_EDGE('',*,*,#8864,.F.);
#4486=ORIENTED_EDGE('',*,*,#8867,.F.);
#4487=ORIENTED_EDGE('',*,*,#8373,.T.);
#4488=ORIENTED_EDGE('',*,*,#8760,.T.);
#4489=ORIENTED_EDGE('',*,*,#9017,.T.);
#4490=ORIENTED_EDGE('',*,*,#8687,.T.);
#4491=CARTESIAN_POINT('',(-23.7,12.8,4.8));
#4492=DIRECTION('',(0.0,0.0,1.0));
#4493=DIRECTION('',(1.0,0.0,0.0));
#4494=ORIENTED_EDGE('',*,*,#8602,.T.);
#4495=ORIENTED_EDGE('',*,*,#8684,.F.);
#4496=ORIENTED_EDGE('',*,*,#9017,.F.);
#4497=ORIENTED_EDGE('',*,*,#8761,.T.);
#4498=CARTESIAN_POINT('',(-22.0,0.0,4.8));
#4499=DIRECTION('',(-1.0,0.0,0.0));
#4500=DIRECTION('',(0.0,0.0,1.0));
#4501=ORIENTED_EDGE('',*,*,#9016,.T.);
#4502=ORIENTED_EDGE('',*,*,#8617,.F.);
#4503=ORIENTED_EDGE('',*,*,#8528,.T.);
#4504=ORIENTED_EDGE('',*,*,#8697,.F.);
#4505=CARTESIAN_POINT('',(22.0,0.0,3.8));
#4506=DIRECTION('',(1.0,0.0,0.0));
#4507=DIRECTION('',(0.0,1.0,0.0));
#4508=ORIENTED_EDGE('',*,*,#8532,.T.);
#4509=ORIENTED_EDGE('',*,*,#8615,.F.);
#4510=ORIENTED_EDGE('',*,*,#9015,.F.);
#4511=ORIENTED_EDGE('',*,*,#8703,.T.);
#4512=CARTESIAN_POINT('',(20.0,0.0,4.8));
#4513=DIRECTION('',(-1.0,0.0,0.0));
#4514=DIRECTION('',(0.0,0.0,1.0));
#4515=ORIENTED_EDGE('',*,*,#9014,.T.);
#4516=ORIENTED_EDGE('',*,*,#9018,.F.);
#4517=ORIENTED_EDGE('',*,*,#8534,.T.);
#4518=ORIENTED_EDGE('',*,*,#8705,.F.);
#4519=CARTESIAN_POINT('',(17.8,0.0,3.8));
#4520=DIRECTION('',(1.0,0.0,0.0));
#4521=DIRECTION('',(0.0,1.0,0.0));
#4522=ORIENTED_EDGE('',*,*,#9019,.T.);
#4523=ORIENTED_EDGE('',*,*,#8806,.T.);
#4524=ORIENTED_EDGE('',*,*,#9020,.T.);
#4525=ORIENTED_EDGE('',*,*,#8792,.T.);
#4526=ORIENTED_EDGE('',*,*,#9021,.T.);
#4527=ORIENTED_EDGE('',*,*,#8809,.T.);
#4528=ORIENTED_EDGE('',*,*,#9022,.T.);
#4529=ORIENTED_EDGE('',*,*,#8636,.T.);
#4530=ORIENTED_EDGE('',*,*,#9023,.T.);
#4531=ORIENTED_EDGE('',*,*,#9024,.T.);
#4532=ORIENTED_EDGE('',*,*,#9025,.F.);
#4533=ORIENTED_EDGE('',*,*,#9026,.F.);
#4534=CARTESIAN_POINT('',(-23.7,0.8,4.8));
#4535=DIRECTION('',(0.0,-1.0,0.0));
#4536=DIRECTION('',(0.0,0.0,-1.0));
#4537=ORIENTED_EDGE('',*,*,#9027,.T.);
#4538=ORIENTED_EDGE('',*,*,#8538,.T.);
#4539=ORIENTED_EDGE('',*,*,#9028,.T.);
#4540=ORIENTED_EDGE('',*,*,#8495,.T.);
#4541=ORIENTED_EDGE('',*,*,#9029,.T.);
#4542=ORIENTED_EDGE('',*,*,#8535,.T.);
#4543=ORIENTED_EDGE('',*,*,#9018,.T.);
#4544=ORIENTED_EDGE('',*,*,#9013,.F.);
#4545=ORIENTED_EDGE('',*,*,#9030,.T.);
#4546=ORIENTED_EDGE('',*,*,#9031,.T.);
#4547=ORIENTED_EDGE('',*,*,#9032,.F.);
#4548=ORIENTED_EDGE('',*,*,#9033,.F.);
#4549=CARTESIAN_POINT('',(-23.7,0.8,4.8));
#4550=DIRECTION('',(0.0,-1.0,0.0));
#4551=DIRECTION('',(0.0,0.0,-1.0));
#4552=ORIENTED_EDGE('',*,*,#8637,.T.);
#4553=ORIENTED_EDGE('',*,*,#9022,.F.);
#4554=ORIENTED_EDGE('',*,*,#8808,.T.);
#4555=ORIENTED_EDGE('',*,*,#8712,.F.);
#4556=CARTESIAN_POINT('',(15.8,0.0,-3.8));
#4557=DIRECTION('',(-1.0,0.0,0.0));
#4558=DIRECTION('',(0.0,0.0,1.0));
#4559=ORIENTED_EDGE('',*,*,#8810,.T.);
#4560=ORIENTED_EDGE('',*,*,#9021,.F.);
#4561=ORIENTED_EDGE('',*,*,#8791,.F.);
#4562=ORIENTED_EDGE('',*,*,#8411,.F.);
#4563=CARTESIAN_POINT('',(15.5,0.0,-0.5));
#4564=DIRECTION('',(-1.0,0.0,0.0));
#4565=DIRECTION('',(0.0,0.0,1.0));
#4566=ORIENTED_EDGE('',*,*,#8793,.T.);
#4567=ORIENTED_EDGE('',*,*,#9020,.F.);
#4568=ORIENTED_EDGE('',*,*,#8805,.F.);
#4569=ORIENTED_EDGE('',*,*,#8405,.T.);
#4570=CARTESIAN_POINT('',(18.1,0.0,-3.8));
#4571=DIRECTION('',(1.0,0.0,0.0));
#4572=DIRECTION('',(0.0,1.0,0.0));
#4573=ORIENTED_EDGE('',*,*,#8807,.T.);
#4574=ORIENTED_EDGE('',*,*,#9019,.F.);
#4575=ORIENTED_EDGE('',*,*,#8635,.F.);
#4576=ORIENTED_EDGE('',*,*,#8708,.T.);
#4577=CARTESIAN_POINT('',(17.8,0.0,-4.8));
#4578=DIRECTION('',(1.0,0.0,0.0));
#4579=DIRECTION('',(0.0,1.0,0.0));
#4580=ORIENTED_EDGE('',*,*,#8536,.T.);
#4581=ORIENTED_EDGE('',*,*,#9029,.F.);
#4582=ORIENTED_EDGE('',*,*,#8494,.F.);
#4583=ORIENTED_EDGE('',*,*,#8401,.F.);
#4584=CARTESIAN_POINT('',(18.1,0.0,0.5));
#4585=DIRECTION('',(1.0,0.0,0.0));
#4586=DIRECTION('',(0.0,1.0,0.0));
#4587=ORIENTED_EDGE('',*,*,#8496,.T.);
#4588=ORIENTED_EDGE('',*,*,#9028,.F.);
#4589=ORIENTED_EDGE('',*,*,#8537,.F.);
#4590=ORIENTED_EDGE('',*,*,#8407,.T.);
#4591=CARTESIAN_POINT('',(15.5,0.0,3.8));
#4592=DIRECTION('',(-1.0,0.0,0.0));
#4593=DIRECTION('',(0.0,0.0,1.0));
#4594=ORIENTED_EDGE('',*,*,#8539,.T.);
#4595=ORIENTED_EDGE('',*,*,#9027,.F.);
#4596=ORIENTED_EDGE('',*,*,#9012,.F.);
#4597=ORIENTED_EDGE('',*,*,#8709,.T.);
#4598=CARTESIAN_POINT('',(15.8,0.0,4.8));
#4599=DIRECTION('',(-1.0,0.0,0.0));
#4600=DIRECTION('',(0.0,0.0,1.0));
#4601=ORIENTED_EDGE('',*,*,#9034,.F.);
#4602=ORIENTED_EDGE('',*,*,#9035,.F.);
#4603=ORIENTED_EDGE('',*,*,#9036,.F.);
#4604=ORIENTED_EDGE('',*,*,#9037,.F.);
#4605=ORIENTED_EDGE('',*,*,#9038,.T.);
#4606=CARTESIAN_POINT('',(17.37,0.0,0.0));
#4607=DIRECTION('',(-1.0,0.0,0.0));
#4608=DIRECTION('',(0.0,0.0,1.0));
#4609=ORIENTED_EDGE('',*,*,#9039,.F.);
#4610=ORIENTED_EDGE('',*,*,#9040,.F.);
#4611=ORIENTED_EDGE('',*,*,#9041,.F.);
#4612=ORIENTED_EDGE('',*,*,#9042,.F.);
#4613=ORIENTED_EDGE('',*,*,#9043,.T.);
#4614=CARTESIAN_POINT('',(17.37,0.0,0.0));
#4615=DIRECTION('',(-1.0,0.0,0.0));
#4616=DIRECTION('',(0.0,0.0,1.0));
#4617=ORIENTED_EDGE('',*,*,#9044,.F.);
#4618=ORIENTED_EDGE('',*,*,#9045,.F.);
#4619=ORIENTED_EDGE('',*,*,#9046,.F.);
#4620=ORIENTED_EDGE('',*,*,#9047,.F.);
#4621=ORIENTED_EDGE('',*,*,#9026,.T.);
#4622=CARTESIAN_POINT('',(17.37,0.0,0.0));
#4623=DIRECTION('',(-1.0,0.0,0.0));
#4624=DIRECTION('',(0.0,0.0,1.0));
#4625=ORIENTED_EDGE('',*,*,#9048,.F.);
#4626=ORIENTED_EDGE('',*,*,#9049,.F.);
#4627=ORIENTED_EDGE('',*,*,#9050,.F.);
#4628=ORIENTED_EDGE('',*,*,#9051,.F.);
#4629=ORIENTED_EDGE('',*,*,#9033,.T.);
#4630=CARTESIAN_POINT('',(17.37,0.0,0.0));
#4631=DIRECTION('',(-1.0,0.0,0.0));
#4632=DIRECTION('',(0.0,0.0,1.0));
#4633=ORIENTED_EDGE('',*,*,#9052,.T.);
#4634=ORIENTED_EDGE('',*,*,#9053,.T.);
#4635=ORIENTED_EDGE('',*,*,#9054,.T.);
#4636=ORIENTED_EDGE('',*,*,#9055,.T.);
#4637=ORIENTED_EDGE('',*,*,#9056,.T.);
#4638=ORIENTED_EDGE('',*,*,#9057,.T.);
#4639=ORIENTED_EDGE('',*,*,#9058,.T.);
#4640=ORIENTED_EDGE('',*,*,#9059,.F.);
#4641=ORIENTED_EDGE('',*,*,#9060,.F.);
#4642=ORIENTED_EDGE('',*,*,#9043,.F.);
#4643=CARTESIAN_POINT('',(-23.7,3.7,-4.8));
#4644=DIRECTION('',(-0.0,1.0,0.0));
#4645=DIRECTION('',(1.0,0.0,0.0));
#4646=ORIENTED_EDGE('',*,*,#9061,.T.);
#4647=ORIENTED_EDGE('',*,*,#9062,.T.);
#4648=ORIENTED_EDGE('',*,*,#9063,.T.);
#4649=ORIENTED_EDGE('',*,*,#9064,.T.);
#4650=ORIENTED_EDGE('',*,*,#9065,.T.);
#4651=ORIENTED_EDGE('',*,*,#9066,.F.);
#4652=ORIENTED_EDGE('',*,*,#9067,.F.);
#4653=ORIENTED_EDGE('',*,*,#9038,.F.);
#4654=CARTESIAN_POINT('',(-23.7,3.7,-4.8));
#4655=DIRECTION('',(-0.0,1.0,0.0));
#4656=DIRECTION('',(1.0,0.0,0.0));
#4657=ORIENTED_EDGE('',*,*,#9068,.T.);
#4658=ORIENTED_EDGE('',*,*,#9069,.T.);
#4659=ORIENTED_EDGE('',*,*,#9070,.T.);
#4660=ORIENTED_EDGE('',*,*,#9071,.T.);
#4661=ORIENTED_EDGE('',*,*,#9072,.T.);
#4662=ORIENTED_EDGE('',*,*,#9073,.F.);
#4663=ORIENTED_EDGE('',*,*,#9074,.F.);
#4664=ORIENTED_EDGE('',*,*,#9075,.F.);
#4665=CARTESIAN_POINT('',(-23.7,3.7,-4.8));
#4666=DIRECTION('',(-0.0,1.0,0.0));
#4667=DIRECTION('',(1.0,0.0,0.0));
#4668=ORIENTED_EDGE('',*,*,#9076,.T.);
#4669=ORIENTED_EDGE('',*,*,#9077,.T.);
#4670=ORIENTED_EDGE('',*,*,#9078,.T.);
#4671=ORIENTED_EDGE('',*,*,#9079,.T.);
#4672=ORIENTED_EDGE('',*,*,#9080,.T.);
#4673=ORIENTED_EDGE('',*,*,#9081,.T.);
#4674=ORIENTED_EDGE('',*,*,#9082,.T.);
#4675=ORIENTED_EDGE('',*,*,#9083,.F.);
#4676=ORIENTED_EDGE('',*,*,#9084,.F.);
#4677=ORIENTED_EDGE('',*,*,#9085,.F.);
#4678=CARTESIAN_POINT('',(-23.7,3.7,-4.8));
#4679=DIRECTION('',(-0.0,1.0,0.0));
#4680=DIRECTION('',(1.0,0.0,0.0));
#4681=ORIENTED_EDGE('',*,*,#9086,.T.);
#4682=ORIENTED_EDGE('',*,*,#9057,.F.);
#4683=ORIENTED_EDGE('',*,*,#9087,.F.);
#4684=ORIENTED_EDGE('',*,*,#8894,.T.);
#4685=CARTESIAN_POINT('',(18.6,12.8,3.0));
#4686=DIRECTION('',(1.0,0.0,0.0));
#4687=DIRECTION('',(0.0,1.0,0.0));
#4688=ORIENTED_EDGE('',*,*,#9087,.T.);
#4689=ORIENTED_EDGE('',*,*,#9056,.F.);
#4690=ORIENTED_EDGE('',*,*,#9088,.F.);
#4691=ORIENTED_EDGE('',*,*,#8889,.T.);
#4692=CARTESIAN_POINT('',(17.7,12.8,3.9));
#4693=DIRECTION('',(0.707106781186548,0.0,0.707106781186548));
#4694=DIRECTION('',(0.0,-1.0,0.0));
#4695=ORIENTED_EDGE('',*,*,#9088,.T.);
#4696=ORIENTED_EDGE('',*,*,#9055,.F.);
#4697=ORIENTED_EDGE('',*,*,#9089,.F.);
#4698=ORIENTED_EDGE('',*,*,#8890,.T.);
#4699=CARTESIAN_POINT('',(15.9,12.8,3.9));
#4700=DIRECTION('',(0.0,0.0,1.0));
#4701=DIRECTION('',(1.0,0.0,0.0));
#4702=ORIENTED_EDGE('',*,*,#9089,.T.);
#4703=ORIENTED_EDGE('',*,*,#9054,.F.);
#4704=ORIENTED_EDGE('',*,*,#9090,.F.);
#4705=ORIENTED_EDGE('',*,*,#8891,.T.);
#4706=CARTESIAN_POINT('',(15.0,12.8,3.0));
#4707=DIRECTION('',(-0.707106781186548,0.0,0.707106781186548));
#4708=DIRECTION('',(0.0,1.0,0.0));
#4709=ORIENTED_EDGE('',*,*,#9090,.T.);
#4710=ORIENTED_EDGE('',*,*,#9053,.F.);
#4711=ORIENTED_EDGE('',*,*,#9091,.F.);
#4712=ORIENTED_EDGE('',*,*,#8892,.T.);
#4713=CARTESIAN_POINT('',(15.0,12.8,0.3));
#4714=DIRECTION('',(-1.0,0.0,0.0));
#4715=DIRECTION('',(0.0,0.0,1.0));
#4716=ORIENTED_EDGE('',*,*,#9091,.T.);
#4717=ORIENTED_EDGE('',*,*,#9052,.F.);
#4718=ORIENTED_EDGE('',*,*,#9086,.F.);
#4719=ORIENTED_EDGE('',*,*,#8893,.T.);
#4720=CARTESIAN_POINT('',(18.6,12.8,0.3));
#4721=DIRECTION('',(0.0,0.0,-1.0));
#4722=DIRECTION('',(0.0,-1.0,0.0));
#4723=ORIENTED_EDGE('',*,*,#9092,.T.);
#4724=ORIENTED_EDGE('',*,*,#9064,.F.);
#4725=ORIENTED_EDGE('',*,*,#9093,.F.);
#4726=ORIENTED_EDGE('',*,*,#8898,.T.);
#4727=CARTESIAN_POINT('',(18.6,12.8,-0.3));
#4728=DIRECTION('',(1.0,0.0,0.0));
#4729=DIRECTION('',(0.0,1.0,0.0));
#4730=ORIENTED_EDGE('',*,*,#9093,.T.);
#4731=ORIENTED_EDGE('',*,*,#9063,.F.);
#4732=ORIENTED_EDGE('',*,*,#9094,.F.);
#4733=ORIENTED_EDGE('',*,*,#8895,.T.);
#4734=CARTESIAN_POINT('',(15.0,12.8,-0.3));
#4735=DIRECTION('',(0.0,0.0,1.0));
#4736=DIRECTION('',(1.0,0.0,0.0));
#4737=ORIENTED_EDGE('',*,*,#9094,.T.);
#4738=ORIENTED_EDGE('',*,*,#9062,.F.);
#4739=ORIENTED_EDGE('',*,*,#9095,.F.);
#4740=ORIENTED_EDGE('',*,*,#8896,.T.);
#4741=CARTESIAN_POINT('',(15.0,12.8,-3.9));
#4742=DIRECTION('',(-1.0,0.0,0.0));
#4743=DIRECTION('',(0.0,0.0,1.0));
#4744=ORIENTED_EDGE('',*,*,#9095,.T.);
#4745=ORIENTED_EDGE('',*,*,#9061,.F.);
#4746=ORIENTED_EDGE('',*,*,#9092,.F.);
#4747=ORIENTED_EDGE('',*,*,#8897,.T.);
#4748=CARTESIAN_POINT('',(18.6,12.8,-3.9));
#4749=DIRECTION('',(0.0,0.0,-1.0));
#4750=DIRECTION('',(0.0,-1.0,0.0));
#4751=ORIENTED_EDGE('',*,*,#9096,.T.);
#4752=ORIENTED_EDGE('',*,*,#9071,.F.);
#4753=ORIENTED_EDGE('',*,*,#9097,.F.);
#4754=ORIENTED_EDGE('',*,*,#8882,.T.);
#4755=CARTESIAN_POINT('',(10.8,12.8,-3.9));
#4756=DIRECTION('',(-1.0,0.0,0.0));
#4757=DIRECTION('',(0.0,0.0,1.0));
#4758=ORIENTED_EDGE('',*,*,#9097,.T.);
#4759=ORIENTED_EDGE('',*,*,#9070,.F.);
#4760=ORIENTED_EDGE('',*,*,#9098,.F.);
#4761=ORIENTED_EDGE('',*,*,#8879,.T.);
#4762=CARTESIAN_POINT('',(14.4,12.8,-3.9));
#4763=DIRECTION('',(0.0,0.0,-1.0));
#4764=DIRECTION('',(0.0,-1.0,0.0));
#4765=ORIENTED_EDGE('',*,*,#9098,.T.);
#4766=ORIENTED_EDGE('',*,*,#9069,.F.);
#4767=ORIENTED_EDGE('',*,*,#9099,.F.);
#4768=ORIENTED_EDGE('',*,*,#8880,.T.);
#4769=CARTESIAN_POINT('',(14.4,12.8,-0.3));
#4770=DIRECTION('',(1.0,0.0,0.0));
#4771=DIRECTION('',(0.0,1.0,0.0));
#4772=ORIENTED_EDGE('',*,*,#9099,.T.);
#4773=ORIENTED_EDGE('',*,*,#9068,.F.);
#4774=ORIENTED_EDGE('',*,*,#9096,.F.);
#4775=ORIENTED_EDGE('',*,*,#8881,.T.);
#4776=CARTESIAN_POINT('',(10.8,12.8,-0.3));
#4777=DIRECTION('',(0.0,0.0,1.0));
#4778=DIRECTION('',(1.0,0.0,0.0));
#4779=ORIENTED_EDGE('',*,*,#9100,.T.);
#4780=ORIENTED_EDGE('',*,*,#9081,.F.);
#4781=ORIENTED_EDGE('',*,*,#9101,.F.);
#4782=ORIENTED_EDGE('',*,*,#8888,.T.);
#4783=CARTESIAN_POINT('',(10.8,12.8,0.3));
#4784=DIRECTION('',(-1.0,0.0,0.0));
#4785=DIRECTION('',(0.0,0.0,1.0));
#4786=ORIENTED_EDGE('',*,*,#9101,.T.);
#4787=ORIENTED_EDGE('',*,*,#9080,.F.);
#4788=ORIENTED_EDGE('',*,*,#9102,.F.);
#4789=ORIENTED_EDGE('',*,*,#8883,.T.);
#4790=CARTESIAN_POINT('',(14.4,12.8,0.3));
#4791=DIRECTION('',(0.0,0.0,-1.0));
#4792=DIRECTION('',(0.0,-1.0,0.0));
#4793=ORIENTED_EDGE('',*,*,#9102,.T.);
#4794=ORIENTED_EDGE('',*,*,#9079,.F.);
#4795=ORIENTED_EDGE('',*,*,#9103,.F.);
#4796=ORIENTED_EDGE('',*,*,#8884,.T.);
#4797=CARTESIAN_POINT('',(14.4,12.8,3.0));
#4798=DIRECTION('',(1.0,0.0,0.0));
#4799=DIRECTION('',(0.0,1.0,0.0));
#4800=ORIENTED_EDGE('',*,*,#9103,.T.);
#4801=ORIENTED_EDGE('',*,*,#9078,.F.);
#4802=ORIENTED_EDGE('',*,*,#9104,.F.);
#4803=ORIENTED_EDGE('',*,*,#8885,.T.);
#4804=CARTESIAN_POINT('',(13.5,12.8,3.9));
#4805=DIRECTION('',(0.707106781186548,0.0,0.707106781186548));
#4806=DIRECTION('',(0.0,-1.0,0.0));
#4807=ORIENTED_EDGE('',*,*,#9104,.T.);
#4808=ORIENTED_EDGE('',*,*,#9077,.F.);
#4809=ORIENTED_EDGE('',*,*,#9105,.F.);
#4810=ORIENTED_EDGE('',*,*,#8886,.T.);
#4811=CARTESIAN_POINT('',(11.7,12.8,3.9));
#4812=DIRECTION('',(0.0,0.0,1.0));
#4813=DIRECTION('',(1.0,0.0,0.0));
#4814=ORIENTED_EDGE('',*,*,#9105,.T.);
#4815=ORIENTED_EDGE('',*,*,#9076,.F.);
#4816=ORIENTED_EDGE('',*,*,#9100,.F.);
#4817=ORIENTED_EDGE('',*,*,#8887,.T.);
#4818=CARTESIAN_POINT('',(10.8,12.8,3.0));
#4819=DIRECTION('',(-0.707106781186498,0.0,0.707106781186598));
#4820=DIRECTION('',(0.0,1.0,0.0));
#4821=ORIENTED_EDGE('',*,*,#9106,.F.);
#4822=ORIENTED_EDGE('',*,*,#9107,.F.);
#4823=ORIENTED_EDGE('',*,*,#9034,.T.);
#4824=ORIENTED_EDGE('',*,*,#9067,.T.);
#4825=CARTESIAN_POINT('',(17.37,4.3,-2.85));
#4826=DIRECTION('',(0.0,0.554700196225229,-0.832050294337844));
#4827=DIRECTION('',(-1.0,0.0,0.0));
#4828=ORIENTED_EDGE('',*,*,#9107,.T.);
#4829=ORIENTED_EDGE('',*,*,#9108,.F.);
#4830=ORIENTED_EDGE('',*,*,#9109,.F.);
#4831=ORIENTED_EDGE('',*,*,#9035,.T.);
#4832=CARTESIAN_POINT('',(17.37,9.2,-2.85));
#4833=DIRECTION('',(0.0,0.0,-1.0));
#4834=DIRECTION('',(0.0,-1.0,0.0));
#4835=ORIENTED_EDGE('',*,*,#9109,.T.);
#4836=ORIENTED_EDGE('',*,*,#9110,.F.);
#4837=ORIENTED_EDGE('',*,*,#9111,.F.);
#4838=ORIENTED_EDGE('',*,*,#9036,.T.);
#4839=CARTESIAN_POINT('',(17.37,9.2,-1.71));
#4840=DIRECTION('',(-0.0,1.0,0.0));
#4841=DIRECTION('',(1.0,0.0,0.0));
#4842=ORIENTED_EDGE('',*,*,#9037,.T.);
#4843=ORIENTED_EDGE('',*,*,#9111,.T.);
#4844=ORIENTED_EDGE('',*,*,#9112,.F.);
#4845=ORIENTED_EDGE('',*,*,#9065,.F.);
#4846=CARTESIAN_POINT('',(17.37,3.7,-1.71));
#4847=DIRECTION('',(0.0,0.0,1.0));
#4848=DIRECTION('',(1.0,0.0,0.0));
#4849=ORIENTED_EDGE('',*,*,#9112,.T.);
#4850=ORIENTED_EDGE('',*,*,#9110,.T.);
#4851=ORIENTED_EDGE('',*,*,#9108,.T.);
#4852=ORIENTED_EDGE('',*,*,#9106,.T.);
#4853=ORIENTED_EDGE('',*,*,#9066,.T.);
#4854=CARTESIAN_POINT('',(16.23,0.0,0.0));
#4855=DIRECTION('',(-1.0,0.0,0.0));
#4856=DIRECTION('',(0.0,0.0,1.0));
#4857=ORIENTED_EDGE('',*,*,#9113,.T.);
#4858=ORIENTED_EDGE('',*,*,#9114,.T.);
#4859=ORIENTED_EDGE('',*,*,#9115,.T.);
#4860=ORIENTED_EDGE('',*,*,#9116,.T.);
#4861=ORIENTED_EDGE('',*,*,#9059,.T.);
#4862=CARTESIAN_POINT('',(16.23,0.0,0.0));
#4863=DIRECTION('',(-1.0,0.0,0.0));
#4864=DIRECTION('',(0.0,0.0,1.0));
#4865=ORIENTED_EDGE('',*,*,#9117,.T.);
#4866=ORIENTED_EDGE('',*,*,#9118,.T.);
#4867=ORIENTED_EDGE('',*,*,#9119,.T.);
#4868=ORIENTED_EDGE('',*,*,#9120,.T.);
#4869=ORIENTED_EDGE('',*,*,#9024,.F.);
#4870=CARTESIAN_POINT('',(16.23,0.0,0.0));
#4871=DIRECTION('',(-1.0,0.0,0.0));
#4872=DIRECTION('',(0.0,0.0,1.0));
#4873=ORIENTED_EDGE('',*,*,#9121,.T.);
#4874=ORIENTED_EDGE('',*,*,#9122,.T.);
#4875=ORIENTED_EDGE('',*,*,#9123,.T.);
#4876=ORIENTED_EDGE('',*,*,#9124,.T.);
#4877=ORIENTED_EDGE('',*,*,#9031,.F.);
#4878=CARTESIAN_POINT('',(16.23,0.0,0.0));
#4879=DIRECTION('',(-1.0,0.0,0.0));
#4880=DIRECTION('',(0.0,0.0,1.0));
#4881=ORIENTED_EDGE('',*,*,#9116,.F.);
#4882=ORIENTED_EDGE('',*,*,#9125,.F.);
#4883=ORIENTED_EDGE('',*,*,#9039,.T.);
#4884=ORIENTED_EDGE('',*,*,#9060,.T.);
#4885=CARTESIAN_POINT('',(17.37,9.2,1.31));
#4886=DIRECTION('',(0.0,0.0,-1.0));
#4887=DIRECTION('',(0.0,-1.0,0.0));
#4888=ORIENTED_EDGE('',*,*,#9125,.T.);
#4889=ORIENTED_EDGE('',*,*,#9115,.F.);
#4890=ORIENTED_EDGE('',*,*,#9126,.F.);
#4891=ORIENTED_EDGE('',*,*,#9040,.T.);
#4892=CARTESIAN_POINT('',(17.37,9.2,2.45));
#4893=DIRECTION('',(-0.0,1.0,0.0));
#4894=DIRECTION('',(1.0,0.0,0.0));
#4895=ORIENTED_EDGE('',*,*,#9126,.T.);
#4896=ORIENTED_EDGE('',*,*,#9114,.F.);
#4897=ORIENTED_EDGE('',*,*,#9127,.F.);
#4898=ORIENTED_EDGE('',*,*,#9041,.T.);
#4899=CARTESIAN_POINT('',(17.37,4.3,2.45));
#4900=DIRECTION('',(0.0,0.0,1.0));
#4901=DIRECTION('',(1.0,0.0,0.0));
#4902=ORIENTED_EDGE('',*,*,#9042,.T.);
#4903=ORIENTED_EDGE('',*,*,#9127,.T.);
#4904=ORIENTED_EDGE('',*,*,#9113,.F.);
#4905=ORIENTED_EDGE('',*,*,#9058,.F.);
#4906=CARTESIAN_POINT('',(17.37,3.7,2.85));
#4907=DIRECTION('',(0.0,0.554700196225229,0.832050294337844));
#4908=DIRECTION('',(1.0,-0.0,0.0));
#4909=ORIENTED_EDGE('',*,*,#9120,.F.);
#4910=ORIENTED_EDGE('',*,*,#9128,.F.);
#4911=ORIENTED_EDGE('',*,*,#9044,.T.);
#4912=ORIENTED_EDGE('',*,*,#9025,.T.);
#4913=CARTESIAN_POINT('',(17.37,-2.23,-2.65));
#4914=DIRECTION('',(0.0,0.0,1.0));
#4915=DIRECTION('',(1.0,0.0,0.0));
#4916=ORIENTED_EDGE('',*,*,#9128,.T.);
#4917=ORIENTED_EDGE('',*,*,#9119,.F.);
#4918=ORIENTED_EDGE('',*,*,#9129,.F.);
#4919=ORIENTED_EDGE('',*,*,#9045,.T.);
#4920=CARTESIAN_POINT('',(17.37,-3.5,-3.1));
#4921=DIRECTION('',(0.0,-0.333984527886008,0.942578556478324));
#4922=DIRECTION('',(-1.0,0.0,0.0));
#4923=ORIENTED_EDGE('',*,*,#9129,.T.);
#4924=ORIENTED_EDGE('',*,*,#9118,.F.);
#4925=ORIENTED_EDGE('',*,*,#9130,.F.);
#4926=ORIENTED_EDGE('',*,*,#9046,.T.);
#4927=CARTESIAN_POINT('',(17.37,-3.5,-3.25));
#4928=DIRECTION('',(0.0,-1.0,0.0));
#4929=DIRECTION('',(0.0,0.0,-1.0));
#4930=ORIENTED_EDGE('',*,*,#9047,.T.);
#4931=ORIENTED_EDGE('',*,*,#9130,.T.);
#4932=ORIENTED_EDGE('',*,*,#9117,.F.);
#4933=ORIENTED_EDGE('',*,*,#9023,.F.);
#4934=CARTESIAN_POINT('',(17.37,3.7,-3.25));
#4935=DIRECTION('',(0.0,0.0,-1.0));
#4936=DIRECTION('',(0.0,-1.0,0.0));
#4937=ORIENTED_EDGE('',*,*,#9124,.F.);
#4938=ORIENTED_EDGE('',*,*,#9131,.F.);
#4939=ORIENTED_EDGE('',*,*,#9048,.T.);
#4940=ORIENTED_EDGE('',*,*,#9032,.T.);
#4941=CARTESIAN_POINT('',(17.37,-3.5,2.85));
#4942=DIRECTION('',(0.0,0.0,1.0));
#4943=DIRECTION('',(1.0,0.0,0.0));
#4944=ORIENTED_EDGE('',*,*,#9131,.T.);
#4945=ORIENTED_EDGE('',*,*,#9123,.F.);
#4946=ORIENTED_EDGE('',*,*,#9132,.F.);
#4947=ORIENTED_EDGE('',*,*,#9049,.T.);
#4948=CARTESIAN_POINT('',(17.37,-3.5,2.7));
#4949=DIRECTION('',(0.0,-1.0,0.0));
#4950=DIRECTION('',(0.0,0.0,-1.0));
#4951=ORIENTED_EDGE('',*,*,#9132,.T.);
#4952=ORIENTED_EDGE('',*,*,#9122,.F.);
#4953=ORIENTED_EDGE('',*,*,#9133,.F.);
#4954=ORIENTED_EDGE('',*,*,#9050,.T.);
#4955=CARTESIAN_POINT('',(17.37,-2.23,2.25));
#4956=DIRECTION('',(0.0,-0.333984527886008,-0.942578556478324));
#4957=DIRECTION('',(0.0,-0.942578556478324,0.333984527886008));
#4958=ORIENTED_EDGE('',*,*,#9051,.T.);
#4959=ORIENTED_EDGE('',*,*,#9133,.T.);
#4960=ORIENTED_EDGE('',*,*,#9121,.F.);
#4961=ORIENTED_EDGE('',*,*,#9030,.F.);
#4962=CARTESIAN_POINT('',(17.37,3.7,2.25));
#4963=DIRECTION('',(0.0,0.0,-1.0));
#4964=DIRECTION('',(0.0,-1.0,0.0));
#4965=ORIENTED_EDGE('',*,*,#9134,.F.);
#4966=ORIENTED_EDGE('',*,*,#9135,.F.);
#4967=ORIENTED_EDGE('',*,*,#9136,.F.);
#4968=ORIENTED_EDGE('',*,*,#9137,.F.);
#4969=ORIENTED_EDGE('',*,*,#9075,.T.);
#4970=CARTESIAN_POINT('',(13.17,0.0,0.0));
#4971=DIRECTION('',(-1.0,0.0,0.0));
#4972=DIRECTION('',(0.0,0.0,1.0));
#4973=ORIENTED_EDGE('',*,*,#9138,.F.);
#4974=ORIENTED_EDGE('',*,*,#9139,.F.);
#4975=ORIENTED_EDGE('',*,*,#9140,.F.);
#4976=ORIENTED_EDGE('',*,*,#9141,.F.);
#4977=ORIENTED_EDGE('',*,*,#9085,.T.);
#4978=CARTESIAN_POINT('',(13.17,0.0,0.0));
#4979=DIRECTION('',(-1.0,0.0,0.0));
#4980=DIRECTION('',(0.0,0.0,1.0));
#4981=ORIENTED_EDGE('',*,*,#9142,.F.);
#4982=ORIENTED_EDGE('',*,*,#9143,.F.);
#4983=ORIENTED_EDGE('',*,*,#9144,.F.);
#4984=ORIENTED_EDGE('',*,*,#9145,.F.);
#4985=ORIENTED_EDGE('',*,*,#9146,.T.);
#4986=CARTESIAN_POINT('',(13.17,0.0,0.0));
#4987=DIRECTION('',(-1.0,0.0,0.0));
#4988=DIRECTION('',(0.0,0.0,1.0));
#4989=ORIENTED_EDGE('',*,*,#9147,.F.);
#4990=ORIENTED_EDGE('',*,*,#9148,.F.);
#4991=ORIENTED_EDGE('',*,*,#9149,.F.);
#4992=ORIENTED_EDGE('',*,*,#9150,.F.);
#4993=ORIENTED_EDGE('',*,*,#9151,.T.);
#4994=CARTESIAN_POINT('',(13.17,0.0,0.0));
#4995=DIRECTION('',(-1.0,0.0,0.0));
#4996=DIRECTION('',(0.0,0.0,1.0));
#4997=ORIENTED_EDGE('',*,*,#9137,.T.);
#4998=ORIENTED_EDGE('',*,*,#9152,.T.);
#4999=ORIENTED_EDGE('',*,*,#9153,.F.);
#5000=ORIENTED_EDGE('',*,*,#9072,.F.);
#5001=CARTESIAN_POINT('',(13.17,3.7,-1.71));
#5002=DIRECTION('',(0.0,0.0,1.0));
#5003=DIRECTION('',(1.0,0.0,0.0));
#5004=ORIENTED_EDGE('',*,*,#9153,.T.);
#5005=ORIENTED_EDGE('',*,*,#9154,.T.);
#5006=ORIENTED_EDGE('',*,*,#9155,.T.);
#5007=ORIENTED_EDGE('',*,*,#9156,.T.);
#5008=ORIENTED_EDGE('',*,*,#9073,.T.);
#5009=CARTESIAN_POINT('',(12.03,0.0,0.0));
#5010=DIRECTION('',(-1.0,0.0,0.0));
#5011=DIRECTION('',(0.0,0.0,1.0));
#5012=ORIENTED_EDGE('',*,*,#9157,.T.);
#5013=ORIENTED_EDGE('',*,*,#9158,.T.);
#5014=ORIENTED_EDGE('',*,*,#9159,.T.);
#5015=ORIENTED_EDGE('',*,*,#9160,.T.);
#5016=ORIENTED_EDGE('',*,*,#9083,.T.);
#5017=CARTESIAN_POINT('',(12.03,0.0,0.0));
#5018=DIRECTION('',(-1.0,0.0,0.0));
#5019=DIRECTION('',(0.0,0.0,1.0));
#5020=ORIENTED_EDGE('',*,*,#9161,.T.);
#5021=ORIENTED_EDGE('',*,*,#9162,.T.);
#5022=ORIENTED_EDGE('',*,*,#9163,.T.);
#5023=ORIENTED_EDGE('',*,*,#9164,.T.);
#5024=ORIENTED_EDGE('',*,*,#9165,.F.);
#5025=CARTESIAN_POINT('',(12.03,0.0,0.0));
#5026=DIRECTION('',(-1.0,0.0,0.0));
#5027=DIRECTION('',(0.0,0.0,1.0));
#5028=ORIENTED_EDGE('',*,*,#9166,.T.);
#5029=ORIENTED_EDGE('',*,*,#9167,.T.);
#5030=ORIENTED_EDGE('',*,*,#9168,.T.);
#5031=ORIENTED_EDGE('',*,*,#9169,.T.);
#5032=ORIENTED_EDGE('',*,*,#9170,.F.);
#5033=CARTESIAN_POINT('',(12.03,0.0,0.0));
#5034=DIRECTION('',(-1.0,0.0,0.0));
#5035=DIRECTION('',(0.0,0.0,1.0));
#5036=ORIENTED_EDGE('',*,*,#9156,.F.);
#5037=ORIENTED_EDGE('',*,*,#9171,.F.);
#5038=ORIENTED_EDGE('',*,*,#9134,.T.);
#5039=ORIENTED_EDGE('',*,*,#9074,.T.);
#5040=CARTESIAN_POINT('',(13.17,4.3,-2.85));
#5041=DIRECTION('',(0.0,0.554700196225229,-0.832050294337844));
#5042=DIRECTION('',(-1.0,0.0,0.0));
#5043=ORIENTED_EDGE('',*,*,#9171,.T.);
#5044=ORIENTED_EDGE('',*,*,#9155,.F.);
#5045=ORIENTED_EDGE('',*,*,#9172,.F.);
#5046=ORIENTED_EDGE('',*,*,#9135,.T.);
#5047=CARTESIAN_POINT('',(13.17,9.2,-2.85));
#5048=DIRECTION('',(0.0,0.0,-1.0));
#5049=DIRECTION('',(0.0,-1.0,0.0));
#5050=ORIENTED_EDGE('',*,*,#9172,.T.);
#5051=ORIENTED_EDGE('',*,*,#9154,.F.);
#5052=ORIENTED_EDGE('',*,*,#9152,.F.);
#5053=ORIENTED_EDGE('',*,*,#9136,.T.);
#5054=CARTESIAN_POINT('',(13.17,9.2,-1.71));
#5055=DIRECTION('',(-0.0,1.0,0.0));
#5056=DIRECTION('',(1.0,0.0,0.0));
#5057=ORIENTED_EDGE('',*,*,#9160,.F.);
#5058=ORIENTED_EDGE('',*,*,#9173,.F.);
#5059=ORIENTED_EDGE('',*,*,#9138,.T.);
#5060=ORIENTED_EDGE('',*,*,#9084,.T.);
#5061=CARTESIAN_POINT('',(13.17,9.2,1.31));
#5062=DIRECTION('',(0.0,0.0,-1.0));
#5063=DIRECTION('',(0.0,-1.0,0.0));
#5064=ORIENTED_EDGE('',*,*,#9173,.T.);
#5065=ORIENTED_EDGE('',*,*,#9159,.F.);
#5066=ORIENTED_EDGE('',*,*,#9174,.F.);
#5067=ORIENTED_EDGE('',*,*,#9139,.T.);
#5068=CARTESIAN_POINT('',(13.17,9.2,2.45));
#5069=DIRECTION('',(-0.0,1.0,0.0));
#5070=DIRECTION('',(1.0,0.0,0.0));
#5071=ORIENTED_EDGE('',*,*,#9174,.T.);
#5072=ORIENTED_EDGE('',*,*,#9158,.F.);
#5073=ORIENTED_EDGE('',*,*,#9175,.F.);
#5074=ORIENTED_EDGE('',*,*,#9140,.T.);
#5075=CARTESIAN_POINT('',(13.17,4.3,2.45));
#5076=DIRECTION('',(0.0,0.0,1.0));
#5077=DIRECTION('',(1.0,0.0,0.0));
#5078=ORIENTED_EDGE('',*,*,#9141,.T.);
#5079=ORIENTED_EDGE('',*,*,#9175,.T.);
#5080=ORIENTED_EDGE('',*,*,#9157,.F.);
#5081=ORIENTED_EDGE('',*,*,#9082,.F.);
#5082=CARTESIAN_POINT('',(13.17,3.7,2.85));
#5083=DIRECTION('',(0.0,0.554700196225229,0.832050294337844));
#5084=DIRECTION('',(1.0,-0.0,0.0));
#5085=ORIENTED_EDGE('',*,*,#9176,.T.);
#5086=ORIENTED_EDGE('',*,*,#8812,.T.);
#5087=ORIENTED_EDGE('',*,*,#9177,.T.);
#5088=ORIENTED_EDGE('',*,*,#8789,.T.);
#5089=ORIENTED_EDGE('',*,*,#9178,.T.);
#5090=ORIENTED_EDGE('',*,*,#8815,.T.);
#5091=ORIENTED_EDGE('',*,*,#9179,.T.);
#5092=ORIENTED_EDGE('',*,*,#8640,.T.);
#5093=ORIENTED_EDGE('',*,*,#9180,.T.);
#5094=ORIENTED_EDGE('',*,*,#9165,.T.);
#5095=ORIENTED_EDGE('',*,*,#9181,.F.);
#5096=ORIENTED_EDGE('',*,*,#9146,.F.);
#5097=CARTESIAN_POINT('',(-23.7,0.8,4.8));
#5098=DIRECTION('',(0.0,-1.0,0.0));
#5099=DIRECTION('',(0.0,0.0,-1.0));
#5100=ORIENTED_EDGE('',*,*,#9182,.T.);
#5101=ORIENTED_EDGE('',*,*,#8545,.T.);
#5102=ORIENTED_EDGE('',*,*,#9183,.T.);
#5103=ORIENTED_EDGE('',*,*,#8498,.T.);
#5104=ORIENTED_EDGE('',*,*,#9184,.T.);
#5105=ORIENTED_EDGE('',*,*,#8542,.T.);
#5106=ORIENTED_EDGE('',*,*,#9185,.T.);
#5107=ORIENTED_EDGE('',*,*,#9010,.F.);
#5108=ORIENTED_EDGE('',*,*,#9186,.T.);
#5109=ORIENTED_EDGE('',*,*,#9170,.T.);
#5110=ORIENTED_EDGE('',*,*,#9187,.F.);
#5111=ORIENTED_EDGE('',*,*,#9151,.F.);
#5112=CARTESIAN_POINT('',(-23.7,0.8,4.8));
#5113=DIRECTION('',(0.0,-1.0,0.0));
#5114=DIRECTION('',(0.0,0.0,-1.0));
#5115=ORIENTED_EDGE('',*,*,#8641,.T.);
#5116=ORIENTED_EDGE('',*,*,#9179,.F.);
#5117=ORIENTED_EDGE('',*,*,#8814,.T.);
#5118=ORIENTED_EDGE('',*,*,#8718,.F.);
#5119=CARTESIAN_POINT('',(11.6,0.0,-3.8));
#5120=DIRECTION('',(-1.0,0.0,0.0));
#5121=DIRECTION('',(0.0,0.0,1.0));
#5122=ORIENTED_EDGE('',*,*,#8816,.T.);
#5123=ORIENTED_EDGE('',*,*,#9178,.F.);
#5124=ORIENTED_EDGE('',*,*,#8788,.F.);
#5125=ORIENTED_EDGE('',*,*,#8419,.F.);
#5126=CARTESIAN_POINT('',(11.3,0.0,-0.5));
#5127=DIRECTION('',(-1.0,0.0,0.0));
#5128=DIRECTION('',(0.0,0.0,1.0));
#5129=ORIENTED_EDGE('',*,*,#8790,.T.);
#5130=ORIENTED_EDGE('',*,*,#9177,.F.);
#5131=ORIENTED_EDGE('',*,*,#8811,.F.);
#5132=ORIENTED_EDGE('',*,*,#8413,.T.);
#5133=CARTESIAN_POINT('',(13.9,0.0,-3.8));
#5134=DIRECTION('',(1.0,0.0,0.0));
#5135=DIRECTION('',(0.0,1.0,0.0));
#5136=ORIENTED_EDGE('',*,*,#8813,.T.);
#5137=ORIENTED_EDGE('',*,*,#9176,.F.);
#5138=ORIENTED_EDGE('',*,*,#8639,.F.);
#5139=ORIENTED_EDGE('',*,*,#8714,.T.);
#5140=CARTESIAN_POINT('',(13.6,0.0,-4.8));
#5141=DIRECTION('',(1.0,0.0,0.0));
#5142=DIRECTION('',(0.0,1.0,0.0));
#5143=ORIENTED_EDGE('',*,*,#9011,.T.);
#5144=ORIENTED_EDGE('',*,*,#9185,.F.);
#5145=ORIENTED_EDGE('',*,*,#8541,.T.);
#5146=ORIENTED_EDGE('',*,*,#8711,.F.);
#5147=CARTESIAN_POINT('',(13.6,0.0,3.8));
#5148=DIRECTION('',(1.0,0.0,0.0));
#5149=DIRECTION('',(0.0,1.0,0.0));
#5150=ORIENTED_EDGE('',*,*,#8543,.T.);
#5151=ORIENTED_EDGE('',*,*,#9184,.F.);
#5152=ORIENTED_EDGE('',*,*,#8497,.F.);
#5153=ORIENTED_EDGE('',*,*,#8409,.F.);
#5154=CARTESIAN_POINT('',(13.9,0.0,0.5));
#5155=DIRECTION('',(1.0,0.0,0.0));
#5156=DIRECTION('',(0.0,1.0,0.0));
#5157=ORIENTED_EDGE('',*,*,#8499,.T.);
#5158=ORIENTED_EDGE('',*,*,#9183,.F.);
#5159=ORIENTED_EDGE('',*,*,#8544,.F.);
#5160=ORIENTED_EDGE('',*,*,#8415,.T.);
#5161=CARTESIAN_POINT('',(11.3,0.0,3.8));
#5162=DIRECTION('',(-1.0,0.0,0.0));
#5163=DIRECTION('',(0.0,0.0,1.0));
#5164=ORIENTED_EDGE('',*,*,#8546,.T.);
#5165=ORIENTED_EDGE('',*,*,#9182,.F.);
#5166=ORIENTED_EDGE('',*,*,#9009,.F.);
#5167=ORIENTED_EDGE('',*,*,#8715,.T.);
#5168=CARTESIAN_POINT('',(11.6,0.0,4.8));
#5169=DIRECTION('',(-1.0,0.0,0.0));
#5170=DIRECTION('',(0.0,0.0,1.0));
#5171=ORIENTED_EDGE('',*,*,#9164,.F.);
#5172=ORIENTED_EDGE('',*,*,#9188,.F.);
#5173=ORIENTED_EDGE('',*,*,#9142,.T.);
#5174=ORIENTED_EDGE('',*,*,#9181,.T.);
#5175=CARTESIAN_POINT('',(13.17,-2.23,-2.65));
#5176=DIRECTION('',(0.0,0.0,1.0));
#5177=DIRECTION('',(1.0,0.0,0.0));
#5178=ORIENTED_EDGE('',*,*,#9188,.T.);
#5179=ORIENTED_EDGE('',*,*,#9163,.F.);
#5180=ORIENTED_EDGE('',*,*,#9189,.F.);
#5181=ORIENTED_EDGE('',*,*,#9143,.T.);
#5182=CARTESIAN_POINT('',(13.17,-3.5,-3.1));
#5183=DIRECTION('',(0.0,-0.333984527886008,0.942578556478324));
#5184=DIRECTION('',(-1.0,0.0,0.0));
#5185=ORIENTED_EDGE('',*,*,#9189,.T.);
#5186=ORIENTED_EDGE('',*,*,#9162,.F.);
#5187=ORIENTED_EDGE('',*,*,#9190,.F.);
#5188=ORIENTED_EDGE('',*,*,#9144,.T.);
#5189=CARTESIAN_POINT('',(13.17,-3.5,-3.25));
#5190=DIRECTION('',(0.0,-1.0,0.0));
#5191=DIRECTION('',(0.0,0.0,-1.0));
#5192=ORIENTED_EDGE('',*,*,#9145,.T.);
#5193=ORIENTED_EDGE('',*,*,#9190,.T.);
#5194=ORIENTED_EDGE('',*,*,#9161,.F.);
#5195=ORIENTED_EDGE('',*,*,#9180,.F.);
#5196=CARTESIAN_POINT('',(13.17,3.7,-3.25));
#5197=DIRECTION('',(0.0,0.0,-1.0));
#5198=DIRECTION('',(0.0,-1.0,0.0));
#5199=ORIENTED_EDGE('',*,*,#9169,.F.);
#5200=ORIENTED_EDGE('',*,*,#9191,.F.);
#5201=ORIENTED_EDGE('',*,*,#9147,.T.);
#5202=ORIENTED_EDGE('',*,*,#9187,.T.);
#5203=CARTESIAN_POINT('',(13.17,-3.5,2.85));
#5204=DIRECTION('',(0.0,0.0,1.0));
#5205=DIRECTION('',(1.0,0.0,0.0));
#5206=ORIENTED_EDGE('',*,*,#9191,.T.);
#5207=ORIENTED_EDGE('',*,*,#9168,.F.);
#5208=ORIENTED_EDGE('',*,*,#9192,.F.);
#5209=ORIENTED_EDGE('',*,*,#9148,.T.);
#5210=CARTESIAN_POINT('',(13.17,-3.5,2.7));
#5211=DIRECTION('',(0.0,-1.0,0.0));
#5212=DIRECTION('',(0.0,0.0,-1.0));
#5213=ORIENTED_EDGE('',*,*,#9192,.T.);
#5214=ORIENTED_EDGE('',*,*,#9167,.F.);
#5215=ORIENTED_EDGE('',*,*,#9193,.F.);
#5216=ORIENTED_EDGE('',*,*,#9149,.T.);
#5217=CARTESIAN_POINT('',(13.17,-2.23,2.25));
#5218=DIRECTION('',(0.0,-0.333984527886008,-0.942578556478324));
#5219=DIRECTION('',(0.0,-0.942578556478324,0.333984527886008));
#5220=ORIENTED_EDGE('',*,*,#9150,.T.);
#5221=ORIENTED_EDGE('',*,*,#9193,.T.);
#5222=ORIENTED_EDGE('',*,*,#9166,.F.);
#5223=ORIENTED_EDGE('',*,*,#9186,.F.);
#5224=CARTESIAN_POINT('',(13.17,3.7,2.25));
#5225=DIRECTION('',(0.0,0.0,-1.0));
#5226=DIRECTION('',(0.0,-1.0,0.0));
#5227=ORIENTED_EDGE('',*,*,#9008,.T.);
#5228=ORIENTED_EDGE('',*,*,#9194,.F.);
#5229=ORIENTED_EDGE('',*,*,#8548,.T.);
#5230=ORIENTED_EDGE('',*,*,#8717,.F.);
#5231=CARTESIAN_POINT('',(9.4,0.0,3.8));
#5232=DIRECTION('',(1.0,0.0,0.0));
#5233=DIRECTION('',(0.0,1.0,0.0));
#5234=ORIENTED_EDGE('',*,*,#9195,.T.);
#5235=ORIENTED_EDGE('',*,*,#8818,.T.);
#5236=ORIENTED_EDGE('',*,*,#9196,.T.);
#5237=ORIENTED_EDGE('',*,*,#8786,.T.);
#5238=ORIENTED_EDGE('',*,*,#9197,.T.);
#5239=ORIENTED_EDGE('',*,*,#8821,.T.);
#5240=ORIENTED_EDGE('',*,*,#9198,.T.);
#5241=ORIENTED_EDGE('',*,*,#8644,.T.);
#5242=ORIENTED_EDGE('',*,*,#9199,.T.);
#5243=ORIENTED_EDGE('',*,*,#9200,.T.);
#5244=ORIENTED_EDGE('',*,*,#9201,.F.);
#5245=ORIENTED_EDGE('',*,*,#9202,.F.);
#5246=CARTESIAN_POINT('',(-23.7,0.8,4.8));
#5247=DIRECTION('',(0.0,-1.0,0.0));
#5248=DIRECTION('',(0.0,0.0,-1.0));
#5249=ORIENTED_EDGE('',*,*,#9203,.T.);
#5250=ORIENTED_EDGE('',*,*,#8552,.T.);
#5251=ORIENTED_EDGE('',*,*,#9204,.T.);
#5252=ORIENTED_EDGE('',*,*,#8501,.T.);
#5253=ORIENTED_EDGE('',*,*,#9205,.T.);
#5254=ORIENTED_EDGE('',*,*,#8549,.T.);
#5255=ORIENTED_EDGE('',*,*,#9194,.T.);
#5256=ORIENTED_EDGE('',*,*,#9007,.F.);
#5257=ORIENTED_EDGE('',*,*,#9206,.T.);
#5258=ORIENTED_EDGE('',*,*,#9207,.T.);
#5259=ORIENTED_EDGE('',*,*,#9208,.F.);
#5260=ORIENTED_EDGE('',*,*,#9209,.F.);
#5261=CARTESIAN_POINT('',(-23.7,0.8,4.8));
#5262=DIRECTION('',(0.0,-1.0,0.0));
#5263=DIRECTION('',(0.0,0.0,-1.0));
#5264=ORIENTED_EDGE('',*,*,#8645,.T.);
#5265=ORIENTED_EDGE('',*,*,#9198,.F.);
#5266=ORIENTED_EDGE('',*,*,#8820,.T.);
#5267=ORIENTED_EDGE('',*,*,#8724,.F.);
#5268=CARTESIAN_POINT('',(7.4,0.0,-3.8));
#5269=DIRECTION('',(-1.0,0.0,0.0));
#5270=DIRECTION('',(0.0,0.0,1.0));
#5271=ORIENTED_EDGE('',*,*,#8822,.T.);
#5272=ORIENTED_EDGE('',*,*,#9197,.F.);
#5273=ORIENTED_EDGE('',*,*,#8785,.F.);
#5274=ORIENTED_EDGE('',*,*,#8427,.F.);
#5275=CARTESIAN_POINT('',(7.1,0.0,-0.5));
#5276=DIRECTION('',(-1.0,0.0,0.0));
#5277=DIRECTION('',(0.0,0.0,1.0));
#5278=ORIENTED_EDGE('',*,*,#8787,.T.);
#5279=ORIENTED_EDGE('',*,*,#9196,.F.);
#5280=ORIENTED_EDGE('',*,*,#8817,.F.);
#5281=ORIENTED_EDGE('',*,*,#8421,.T.);
#5282=CARTESIAN_POINT('',(9.7,0.0,-3.8));
#5283=DIRECTION('',(1.0,0.0,0.0));
#5284=DIRECTION('',(0.0,1.0,0.0));
#5285=ORIENTED_EDGE('',*,*,#8819,.T.);
#5286=ORIENTED_EDGE('',*,*,#9195,.F.);
#5287=ORIENTED_EDGE('',*,*,#8643,.F.);
#5288=ORIENTED_EDGE('',*,*,#8720,.T.);
#5289=CARTESIAN_POINT('',(9.4,0.0,-4.8));
#5290=DIRECTION('',(1.0,0.0,0.0));
#5291=DIRECTION('',(0.0,1.0,0.0));
#5292=ORIENTED_EDGE('',*,*,#8550,.T.);
#5293=ORIENTED_EDGE('',*,*,#9205,.F.);
#5294=ORIENTED_EDGE('',*,*,#8500,.F.);
#5295=ORIENTED_EDGE('',*,*,#8417,.F.);
#5296=CARTESIAN_POINT('',(9.7,0.0,0.5));
#5297=DIRECTION('',(1.0,0.0,0.0));
#5298=DIRECTION('',(0.0,1.0,0.0));
#5299=ORIENTED_EDGE('',*,*,#8502,.T.);
#5300=ORIENTED_EDGE('',*,*,#9204,.F.);
#5301=ORIENTED_EDGE('',*,*,#8551,.F.);
#5302=ORIENTED_EDGE('',*,*,#8423,.T.);
#5303=CARTESIAN_POINT('',(7.1,0.0,3.8));
#5304=DIRECTION('',(-1.0,0.0,0.0));
#5305=DIRECTION('',(0.0,0.0,1.0));
#5306=ORIENTED_EDGE('',*,*,#8553,.T.);
#5307=ORIENTED_EDGE('',*,*,#9203,.F.);
#5308=ORIENTED_EDGE('',*,*,#9006,.F.);
#5309=ORIENTED_EDGE('',*,*,#8721,.T.);
#5310=CARTESIAN_POINT('',(7.4,0.0,4.8));
#5311=DIRECTION('',(-1.0,0.0,0.0));
#5312=DIRECTION('',(0.0,0.0,1.0));
#5313=ORIENTED_EDGE('',*,*,#9210,.F.);
#5314=ORIENTED_EDGE('',*,*,#9211,.F.);
#5315=ORIENTED_EDGE('',*,*,#9212,.F.);
#5316=ORIENTED_EDGE('',*,*,#9213,.F.);
#5317=ORIENTED_EDGE('',*,*,#9214,.T.);
#5318=CARTESIAN_POINT('',(8.97,0.0,0.0));
#5319=DIRECTION('',(-1.0,0.0,0.0));
#5320=DIRECTION('',(0.0,0.0,1.0));
#5321=ORIENTED_EDGE('',*,*,#9215,.F.);
#5322=ORIENTED_EDGE('',*,*,#9216,.F.);
#5323=ORIENTED_EDGE('',*,*,#9217,.F.);
#5324=ORIENTED_EDGE('',*,*,#9218,.F.);
#5325=ORIENTED_EDGE('',*,*,#9219,.T.);
#5326=CARTESIAN_POINT('',(8.97,0.0,0.0));
#5327=DIRECTION('',(-1.0,0.0,0.0));
#5328=DIRECTION('',(0.0,0.0,1.0));
#5329=ORIENTED_EDGE('',*,*,#9220,.F.);
#5330=ORIENTED_EDGE('',*,*,#9221,.F.);
#5331=ORIENTED_EDGE('',*,*,#9222,.F.);
#5332=ORIENTED_EDGE('',*,*,#9223,.F.);
#5333=ORIENTED_EDGE('',*,*,#9202,.T.);
#5334=CARTESIAN_POINT('',(8.97,0.0,0.0));
#5335=DIRECTION('',(-1.0,0.0,0.0));
#5336=DIRECTION('',(0.0,0.0,1.0));
#5337=ORIENTED_EDGE('',*,*,#9224,.F.);
#5338=ORIENTED_EDGE('',*,*,#9225,.F.);
#5339=ORIENTED_EDGE('',*,*,#9226,.F.);
#5340=ORIENTED_EDGE('',*,*,#9227,.F.);
#5341=ORIENTED_EDGE('',*,*,#9209,.T.);
#5342=CARTESIAN_POINT('',(8.97,0.0,0.0));
#5343=DIRECTION('',(-1.0,0.0,0.0));
#5344=DIRECTION('',(0.0,0.0,1.0));
#5345=ORIENTED_EDGE('',*,*,#9228,.T.);
#5346=ORIENTED_EDGE('',*,*,#9229,.T.);
#5347=ORIENTED_EDGE('',*,*,#9230,.T.);
#5348=ORIENTED_EDGE('',*,*,#9231,.T.);
#5349=ORIENTED_EDGE('',*,*,#9232,.T.);
#5350=ORIENTED_EDGE('',*,*,#9233,.F.);
#5351=ORIENTED_EDGE('',*,*,#9234,.F.);
#5352=ORIENTED_EDGE('',*,*,#9219,.F.);
#5353=CARTESIAN_POINT('',(-23.7,3.7,-4.8));
#5354=DIRECTION('',(-0.0,1.0,0.0));
#5355=DIRECTION('',(1.0,0.0,0.0));
#5356=ORIENTED_EDGE('',*,*,#9235,.T.);
#5357=ORIENTED_EDGE('',*,*,#9236,.T.);
#5358=ORIENTED_EDGE('',*,*,#9237,.T.);
#5359=ORIENTED_EDGE('',*,*,#9238,.T.);
#5360=ORIENTED_EDGE('',*,*,#9239,.T.);
#5361=ORIENTED_EDGE('',*,*,#9240,.T.);
#5362=ORIENTED_EDGE('',*,*,#9241,.T.);
#5363=ORIENTED_EDGE('',*,*,#9242,.F.);
#5364=ORIENTED_EDGE('',*,*,#9243,.F.);
#5365=ORIENTED_EDGE('',*,*,#9214,.F.);
#5366=CARTESIAN_POINT('',(-23.7,3.7,-4.8));
#5367=DIRECTION('',(-0.0,1.0,0.0));
#5368=DIRECTION('',(1.0,0.0,0.0));
#5369=ORIENTED_EDGE('',*,*,#9244,.T.);
#5370=ORIENTED_EDGE('',*,*,#9245,.T.);
#5371=ORIENTED_EDGE('',*,*,#9246,.T.);
#5372=ORIENTED_EDGE('',*,*,#9247,.T.);
#5373=ORIENTED_EDGE('',*,*,#9248,.T.);
#5374=ORIENTED_EDGE('',*,*,#9249,.T.);
#5375=ORIENTED_EDGE('',*,*,#9250,.T.);
#5376=ORIENTED_EDGE('',*,*,#9251,.F.);
#5377=ORIENTED_EDGE('',*,*,#9252,.F.);
#5378=ORIENTED_EDGE('',*,*,#9253,.F.);
#5379=CARTESIAN_POINT('',(-23.7,3.7,-4.8));
#5380=DIRECTION('',(-0.0,1.0,0.0));
#5381=DIRECTION('',(1.0,0.0,0.0));
#5382=ORIENTED_EDGE('',*,*,#9254,.T.);
#5383=ORIENTED_EDGE('',*,*,#9255,.T.);
#5384=ORIENTED_EDGE('',*,*,#9256,.T.);
#5385=ORIENTED_EDGE('',*,*,#9257,.T.);
#5386=ORIENTED_EDGE('',*,*,#9258,.T.);
#5387=ORIENTED_EDGE('',*,*,#9259,.F.);
#5388=ORIENTED_EDGE('',*,*,#9260,.F.);
#5389=ORIENTED_EDGE('',*,*,#9261,.F.);
#5390=CARTESIAN_POINT('',(-23.7,3.7,-4.8));
#5391=DIRECTION('',(-0.0,1.0,0.0));
#5392=DIRECTION('',(1.0,0.0,0.0));
#5393=ORIENTED_EDGE('',*,*,#9262,.T.);
#5394=ORIENTED_EDGE('',*,*,#9231,.F.);
#5395=ORIENTED_EDGE('',*,*,#9263,.F.);
#5396=ORIENTED_EDGE('',*,*,#8942,.T.);
#5397=CARTESIAN_POINT('',(10.2,12.8,3.9));
#5398=DIRECTION('',(1.0,0.0,0.0));
#5399=DIRECTION('',(0.0,1.0,0.0));
#5400=ORIENTED_EDGE('',*,*,#9263,.T.);
#5401=ORIENTED_EDGE('',*,*,#9230,.F.);
#5402=ORIENTED_EDGE('',*,*,#9264,.F.);
#5403=ORIENTED_EDGE('',*,*,#8939,.T.);
#5404=CARTESIAN_POINT('',(6.6,12.8,3.9));
#5405=DIRECTION('',(0.0,0.0,1.0));
#5406=DIRECTION('',(1.0,0.0,0.0));
#5407=ORIENTED_EDGE('',*,*,#9264,.T.);
#5408=ORIENTED_EDGE('',*,*,#9229,.F.);
#5409=ORIENTED_EDGE('',*,*,#9265,.F.);
#5410=ORIENTED_EDGE('',*,*,#8940,.T.);
#5411=CARTESIAN_POINT('',(6.6,12.8,0.3));
#5412=DIRECTION('',(-1.0,0.0,0.0));
#5413=DIRECTION('',(0.0,0.0,1.0));
#5414=ORIENTED_EDGE('',*,*,#9265,.T.);
#5415=ORIENTED_EDGE('',*,*,#9228,.F.);
#5416=ORIENTED_EDGE('',*,*,#9262,.F.);
#5417=ORIENTED_EDGE('',*,*,#8941,.T.);
#5418=CARTESIAN_POINT('',(10.2,12.8,0.3));
#5419=DIRECTION('',(0.0,0.0,-1.0));
#5420=DIRECTION('',(0.0,-1.0,0.0));
#5421=ORIENTED_EDGE('',*,*,#9266,.T.);
#5422=ORIENTED_EDGE('',*,*,#9240,.F.);
#5423=ORIENTED_EDGE('',*,*,#9267,.F.);
#5424=ORIENTED_EDGE('',*,*,#8948,.T.);
#5425=CARTESIAN_POINT('',(10.2,12.8,-1.2));
#5426=DIRECTION('',(1.0,0.0,0.0));
#5427=DIRECTION('',(0.0,1.0,0.0));
#5428=ORIENTED_EDGE('',*,*,#9267,.T.);
#5429=ORIENTED_EDGE('',*,*,#9239,.F.);
#5430=ORIENTED_EDGE('',*,*,#9268,.F.);
#5431=ORIENTED_EDGE('',*,*,#8943,.T.);
#5432=CARTESIAN_POINT('',(9.3,12.8,-0.3));
#5433=DIRECTION('',(0.707106781186598,0.0,0.707106781186498));
#5434=DIRECTION('',(0.0,-1.0,0.0));
#5435=ORIENTED_EDGE('',*,*,#9268,.T.);
#5436=ORIENTED_EDGE('',*,*,#9238,.F.);
#5437=ORIENTED_EDGE('',*,*,#9269,.F.);
#5438=ORIENTED_EDGE('',*,*,#8944,.T.);
#5439=CARTESIAN_POINT('',(7.5,12.8,-0.3));
#5440=DIRECTION('',(0.0,0.0,1.0));
#5441=DIRECTION('',(1.0,0.0,0.0));
#5442=ORIENTED_EDGE('',*,*,#9269,.T.);
#5443=ORIENTED_EDGE('',*,*,#9237,.F.);
#5444=ORIENTED_EDGE('',*,*,#9270,.F.);
#5445=ORIENTED_EDGE('',*,*,#8945,.T.);
#5446=CARTESIAN_POINT('',(6.6,12.8,-1.2));
#5447=DIRECTION('',(-0.707106781186598,0.0,0.707106781186498));
#5448=DIRECTION('',(0.0,1.0,0.0));
#5449=ORIENTED_EDGE('',*,*,#9270,.T.);
#5450=ORIENTED_EDGE('',*,*,#9236,.F.);
#5451=ORIENTED_EDGE('',*,*,#9271,.F.);
#5452=ORIENTED_EDGE('',*,*,#8946,.T.);
#5453=CARTESIAN_POINT('',(6.6,12.8,-3.9));
#5454=DIRECTION('',(-1.0,0.0,0.0));
#5455=DIRECTION('',(0.0,0.0,1.0));
#5456=ORIENTED_EDGE('',*,*,#9271,.T.);
#5457=ORIENTED_EDGE('',*,*,#9235,.F.);
#5458=ORIENTED_EDGE('',*,*,#9266,.F.);
#5459=ORIENTED_EDGE('',*,*,#8947,.T.);
#5460=CARTESIAN_POINT('',(10.2,12.8,-3.9));
#5461=DIRECTION('',(0.0,0.0,-1.0));
#5462=DIRECTION('',(0.0,-1.0,0.0));
#5463=ORIENTED_EDGE('',*,*,#9272,.T.);
#5464=ORIENTED_EDGE('',*,*,#9249,.F.);
#5465=ORIENTED_EDGE('',*,*,#9273,.F.);
#5466=ORIENTED_EDGE('',*,*,#8954,.T.);
#5467=CARTESIAN_POINT('',(6.0,12.8,-3.9));
#5468=DIRECTION('',(0.0,0.0,-1.0));
#5469=DIRECTION('',(0.0,-1.0,0.0));
#5470=ORIENTED_EDGE('',*,*,#9273,.T.);
#5471=ORIENTED_EDGE('',*,*,#9248,.F.);
#5472=ORIENTED_EDGE('',*,*,#9274,.F.);
#5473=ORIENTED_EDGE('',*,*,#8949,.T.);
#5474=CARTESIAN_POINT('',(6.0,12.8,-1.2));
#5475=DIRECTION('',(1.0,0.0,0.0));
#5476=DIRECTION('',(0.0,1.0,0.0));
#5477=ORIENTED_EDGE('',*,*,#9274,.T.);
#5478=ORIENTED_EDGE('',*,*,#9247,.F.);
#5479=ORIENTED_EDGE('',*,*,#9275,.F.);
#5480=ORIENTED_EDGE('',*,*,#8950,.T.);
#5481=CARTESIAN_POINT('',(5.1,12.8,-0.3));
#5482=DIRECTION('',(0.707106781186598,0.0,0.707106781186498));
#5483=DIRECTION('',(0.0,-1.0,0.0));
#5484=ORIENTED_EDGE('',*,*,#9275,.T.);
#5485=ORIENTED_EDGE('',*,*,#9246,.F.);
#5486=ORIENTED_EDGE('',*,*,#9276,.F.);
#5487=ORIENTED_EDGE('',*,*,#8951,.T.);
#5488=CARTESIAN_POINT('',(3.3,12.8,-0.3));
#5489=DIRECTION('',(0.0,0.0,1.0));
#5490=DIRECTION('',(1.0,0.0,0.0));
#5491=ORIENTED_EDGE('',*,*,#9276,.T.);
#5492=ORIENTED_EDGE('',*,*,#9245,.F.);
#5493=ORIENTED_EDGE('',*,*,#9277,.F.);
#5494=ORIENTED_EDGE('',*,*,#8952,.T.);
#5495=CARTESIAN_POINT('',(2.4,12.8,-1.2));
#5496=DIRECTION('',(-0.707106781186598,0.0,0.707106781186498));
#5497=DIRECTION('',(0.0,1.0,0.0));
#5498=ORIENTED_EDGE('',*,*,#9277,.T.);
#5499=ORIENTED_EDGE('',*,*,#9244,.F.);
#5500=ORIENTED_EDGE('',*,*,#9272,.F.);
#5501=ORIENTED_EDGE('',*,*,#8953,.T.);
#5502=CARTESIAN_POINT('',(2.4,12.8,-3.9));
#5503=DIRECTION('',(-1.0,0.0,0.0));
#5504=DIRECTION('',(0.0,0.0,1.0));
#5505=ORIENTED_EDGE('',*,*,#9278,.T.);
#5506=ORIENTED_EDGE('',*,*,#9257,.F.);
#5507=ORIENTED_EDGE('',*,*,#9279,.F.);
#5508=ORIENTED_EDGE('',*,*,#8958,.T.);
#5509=CARTESIAN_POINT('',(6.0,12.8,0.3));
#5510=DIRECTION('',(0.0,0.0,-1.0));
#5511=DIRECTION('',(0.0,-1.0,0.0));
#5512=ORIENTED_EDGE('',*,*,#9279,.T.);
#5513=ORIENTED_EDGE('',*,*,#9256,.F.);
#5514=ORIENTED_EDGE('',*,*,#9280,.F.);
#5515=ORIENTED_EDGE('',*,*,#8955,.T.);
#5516=CARTESIAN_POINT('',(6.0,12.8,3.9));
#5517=DIRECTION('',(1.0,0.0,0.0));
#5518=DIRECTION('',(0.0,1.0,0.0));
#5519=ORIENTED_EDGE('',*,*,#9280,.T.);
#5520=ORIENTED_EDGE('',*,*,#9255,.F.);
#5521=ORIENTED_EDGE('',*,*,#9281,.F.);
#5522=ORIENTED_EDGE('',*,*,#8956,.T.);
#5523=CARTESIAN_POINT('',(2.4,12.8,3.9));
#5524=DIRECTION('',(0.0,0.0,1.0));
#5525=DIRECTION('',(1.0,0.0,0.0));
#5526=ORIENTED_EDGE('',*,*,#9281,.T.);
#5527=ORIENTED_EDGE('',*,*,#9254,.F.);
#5528=ORIENTED_EDGE('',*,*,#9278,.F.);
#5529=ORIENTED_EDGE('',*,*,#8957,.T.);
#5530=CARTESIAN_POINT('',(2.4,12.8,0.3));
#5531=DIRECTION('',(-1.0,0.0,0.0));
#5532=DIRECTION('',(0.0,0.0,1.0));
#5533=ORIENTED_EDGE('',*,*,#9282,.F.);
#5534=ORIENTED_EDGE('',*,*,#9283,.F.);
#5535=ORIENTED_EDGE('',*,*,#9210,.T.);
#5536=ORIENTED_EDGE('',*,*,#9243,.T.);
#5537=CARTESIAN_POINT('',(8.97,4.3,-2.85));
#5538=DIRECTION('',(0.0,0.554700196225229,-0.832050294337844));
#5539=DIRECTION('',(-1.0,0.0,0.0));
#5540=ORIENTED_EDGE('',*,*,#9283,.T.);
#5541=ORIENTED_EDGE('',*,*,#9284,.F.);
#5542=ORIENTED_EDGE('',*,*,#9285,.F.);
#5543=ORIENTED_EDGE('',*,*,#9211,.T.);
#5544=CARTESIAN_POINT('',(8.97,9.2,-2.85));
#5545=DIRECTION('',(0.0,0.0,-1.0));
#5546=DIRECTION('',(0.0,-1.0,0.0));
#5547=ORIENTED_EDGE('',*,*,#9285,.T.);
#5548=ORIENTED_EDGE('',*,*,#9286,.F.);
#5549=ORIENTED_EDGE('',*,*,#9287,.F.);
#5550=ORIENTED_EDGE('',*,*,#9212,.T.);
#5551=CARTESIAN_POINT('',(8.97,9.2,-1.71));
#5552=DIRECTION('',(-0.0,1.0,0.0));
#5553=DIRECTION('',(1.0,0.0,0.0));
#5554=ORIENTED_EDGE('',*,*,#9213,.T.);
#5555=ORIENTED_EDGE('',*,*,#9287,.T.);
#5556=ORIENTED_EDGE('',*,*,#9288,.F.);
#5557=ORIENTED_EDGE('',*,*,#9241,.F.);
#5558=CARTESIAN_POINT('',(8.97,3.7,-1.71));
#5559=DIRECTION('',(0.0,0.0,1.0));
#5560=DIRECTION('',(1.0,0.0,0.0));
#5561=ORIENTED_EDGE('',*,*,#9288,.T.);
#5562=ORIENTED_EDGE('',*,*,#9286,.T.);
#5563=ORIENTED_EDGE('',*,*,#9284,.T.);
#5564=ORIENTED_EDGE('',*,*,#9282,.T.);
#5565=ORIENTED_EDGE('',*,*,#9242,.T.);
#5566=CARTESIAN_POINT('',(7.83,0.0,0.0));
#5567=DIRECTION('',(-1.0,0.0,0.0));
#5568=DIRECTION('',(0.0,0.0,1.0));
#5569=ORIENTED_EDGE('',*,*,#9289,.T.);
#5570=ORIENTED_EDGE('',*,*,#9290,.T.);
#5571=ORIENTED_EDGE('',*,*,#9291,.T.);
#5572=ORIENTED_EDGE('',*,*,#9292,.T.);
#5573=ORIENTED_EDGE('',*,*,#9233,.T.);
#5574=CARTESIAN_POINT('',(7.83,0.0,0.0));
#5575=DIRECTION('',(-1.0,0.0,0.0));
#5576=DIRECTION('',(0.0,0.0,1.0));
#5577=ORIENTED_EDGE('',*,*,#9293,.T.);
#5578=ORIENTED_EDGE('',*,*,#9294,.T.);
#5579=ORIENTED_EDGE('',*,*,#9295,.T.);
#5580=ORIENTED_EDGE('',*,*,#9296,.T.);
#5581=ORIENTED_EDGE('',*,*,#9200,.F.);
#5582=CARTESIAN_POINT('',(7.83,0.0,0.0));
#5583=DIRECTION('',(-1.0,0.0,0.0));
#5584=DIRECTION('',(0.0,0.0,1.0));
#5585=ORIENTED_EDGE('',*,*,#9297,.T.);
#5586=ORIENTED_EDGE('',*,*,#9298,.T.);
#5587=ORIENTED_EDGE('',*,*,#9299,.T.);
#5588=ORIENTED_EDGE('',*,*,#9300,.T.);
#5589=ORIENTED_EDGE('',*,*,#9207,.F.);
#5590=CARTESIAN_POINT('',(7.83,0.0,0.0));
#5591=DIRECTION('',(-1.0,0.0,0.0));
#5592=DIRECTION('',(0.0,0.0,1.0));
#5593=ORIENTED_EDGE('',*,*,#9292,.F.);
#5594=ORIENTED_EDGE('',*,*,#9301,.F.);
#5595=ORIENTED_EDGE('',*,*,#9215,.T.);
#5596=ORIENTED_EDGE('',*,*,#9234,.T.);
#5597=CARTESIAN_POINT('',(8.97,9.2,1.31));
#5598=DIRECTION('',(0.0,0.0,-1.0));
#5599=DIRECTION('',(0.0,-1.0,0.0));
#5600=ORIENTED_EDGE('',*,*,#9301,.T.);
#5601=ORIENTED_EDGE('',*,*,#9291,.F.);
#5602=ORIENTED_EDGE('',*,*,#9302,.F.);
#5603=ORIENTED_EDGE('',*,*,#9216,.T.);
#5604=CARTESIAN_POINT('',(8.97,9.2,2.45));
#5605=DIRECTION('',(-0.0,1.0,0.0));
#5606=DIRECTION('',(1.0,0.0,0.0));
#5607=ORIENTED_EDGE('',*,*,#9302,.T.);
#5608=ORIENTED_EDGE('',*,*,#9290,.F.);
#5609=ORIENTED_EDGE('',*,*,#9303,.F.);
#5610=ORIENTED_EDGE('',*,*,#9217,.T.);
#5611=CARTESIAN_POINT('',(8.97,4.3,2.45));
#5612=DIRECTION('',(0.0,0.0,1.0));
#5613=DIRECTION('',(1.0,0.0,0.0));
#5614=ORIENTED_EDGE('',*,*,#9218,.T.);
#5615=ORIENTED_EDGE('',*,*,#9303,.T.);
#5616=ORIENTED_EDGE('',*,*,#9289,.F.);
#5617=ORIENTED_EDGE('',*,*,#9232,.F.);
#5618=CARTESIAN_POINT('',(8.97,3.7,2.85));
#5619=DIRECTION('',(0.0,0.554700196225229,0.832050294337844));
#5620=DIRECTION('',(1.0,-0.0,0.0));
#5621=ORIENTED_EDGE('',*,*,#9296,.F.);
#5622=ORIENTED_EDGE('',*,*,#9304,.F.);
#5623=ORIENTED_EDGE('',*,*,#9220,.T.);
#5624=ORIENTED_EDGE('',*,*,#9201,.T.);
#5625=CARTESIAN_POINT('',(8.97,-2.23,-2.65));
#5626=DIRECTION('',(0.0,0.0,1.0));
#5627=DIRECTION('',(1.0,0.0,0.0));
#5628=ORIENTED_EDGE('',*,*,#9304,.T.);
#5629=ORIENTED_EDGE('',*,*,#9295,.F.);
#5630=ORIENTED_EDGE('',*,*,#9305,.F.);
#5631=ORIENTED_EDGE('',*,*,#9221,.T.);
#5632=CARTESIAN_POINT('',(8.97,-3.5,-3.1));
#5633=DIRECTION('',(0.0,-0.333984527886008,0.942578556478324));
#5634=DIRECTION('',(-1.0,0.0,0.0));
#5635=ORIENTED_EDGE('',*,*,#9305,.T.);
#5636=ORIENTED_EDGE('',*,*,#9294,.F.);
#5637=ORIENTED_EDGE('',*,*,#9306,.F.);
#5638=ORIENTED_EDGE('',*,*,#9222,.T.);
#5639=CARTESIAN_POINT('',(8.97,-3.5,-3.25));
#5640=DIRECTION('',(0.0,-1.0,0.0));
#5641=DIRECTION('',(0.0,0.0,-1.0));
#5642=ORIENTED_EDGE('',*,*,#9223,.T.);
#5643=ORIENTED_EDGE('',*,*,#9306,.T.);
#5644=ORIENTED_EDGE('',*,*,#9293,.F.);
#5645=ORIENTED_EDGE('',*,*,#9199,.F.);
#5646=CARTESIAN_POINT('',(8.97,3.7,-3.25));
#5647=DIRECTION('',(0.0,0.0,-1.0));
#5648=DIRECTION('',(0.0,-1.0,0.0));
#5649=ORIENTED_EDGE('',*,*,#9300,.F.);
#5650=ORIENTED_EDGE('',*,*,#9307,.F.);
#5651=ORIENTED_EDGE('',*,*,#9224,.T.);
#5652=ORIENTED_EDGE('',*,*,#9208,.T.);
#5653=CARTESIAN_POINT('',(8.97,-3.5,2.85));
#5654=DIRECTION('',(0.0,0.0,1.0));
#5655=DIRECTION('',(1.0,0.0,0.0));
#5656=ORIENTED_EDGE('',*,*,#9307,.T.);
#5657=ORIENTED_EDGE('',*,*,#9299,.F.);
#5658=ORIENTED_EDGE('',*,*,#9308,.F.);
#5659=ORIENTED_EDGE('',*,*,#9225,.T.);
#5660=CARTESIAN_POINT('',(8.97,-3.5,2.7));
#5661=DIRECTION('',(0.0,-1.0,0.0));
#5662=DIRECTION('',(0.0,0.0,-1.0));
#5663=ORIENTED_EDGE('',*,*,#9308,.T.);
#5664=ORIENTED_EDGE('',*,*,#9298,.F.);
#5665=ORIENTED_EDGE('',*,*,#9309,.F.);
#5666=ORIENTED_EDGE('',*,*,#9226,.T.);
#5667=CARTESIAN_POINT('',(8.97,-2.23,2.25));
#5668=DIRECTION('',(0.0,-0.333984527886008,-0.942578556478324));
#5669=DIRECTION('',(0.0,-0.942578556478324,0.333984527886008));
#5670=ORIENTED_EDGE('',*,*,#9227,.T.);
#5671=ORIENTED_EDGE('',*,*,#9309,.T.);
#5672=ORIENTED_EDGE('',*,*,#9297,.F.);
#5673=ORIENTED_EDGE('',*,*,#9206,.F.);
#5674=CARTESIAN_POINT('',(8.97,3.7,2.25));
#5675=DIRECTION('',(0.0,0.0,-1.0));
#5676=DIRECTION('',(0.0,-1.0,0.0));
#5677=ORIENTED_EDGE('',*,*,#9310,.F.);
#5678=ORIENTED_EDGE('',*,*,#9311,.F.);
#5679=ORIENTED_EDGE('',*,*,#9312,.F.);
#5680=ORIENTED_EDGE('',*,*,#9313,.F.);
#5681=ORIENTED_EDGE('',*,*,#9253,.T.);
#5682=CARTESIAN_POINT('',(4.77,0.0,0.0));
#5683=DIRECTION('',(-1.0,0.0,0.0));
#5684=DIRECTION('',(0.0,0.0,1.0));
#5685=ORIENTED_EDGE('',*,*,#9314,.F.);
#5686=ORIENTED_EDGE('',*,*,#9315,.F.);
#5687=ORIENTED_EDGE('',*,*,#9316,.F.);
#5688=ORIENTED_EDGE('',*,*,#9317,.F.);
#5689=ORIENTED_EDGE('',*,*,#9261,.T.);
#5690=CARTESIAN_POINT('',(4.77,0.0,0.0));
#5691=DIRECTION('',(-1.0,0.0,0.0));
#5692=DIRECTION('',(0.0,0.0,1.0));
#5693=ORIENTED_EDGE('',*,*,#9318,.F.);
#5694=ORIENTED_EDGE('',*,*,#9319,.F.);
#5695=ORIENTED_EDGE('',*,*,#9320,.F.);
#5696=ORIENTED_EDGE('',*,*,#9321,.F.);
#5697=ORIENTED_EDGE('',*,*,#9322,.T.);
#5698=CARTESIAN_POINT('',(4.77,0.0,0.0));
#5699=DIRECTION('',(-1.0,0.0,0.0));
#5700=DIRECTION('',(0.0,0.0,1.0));
#5701=ORIENTED_EDGE('',*,*,#9323,.F.);
#5702=ORIENTED_EDGE('',*,*,#9324,.F.);
#5703=ORIENTED_EDGE('',*,*,#9325,.F.);
#5704=ORIENTED_EDGE('',*,*,#9326,.F.);
#5705=ORIENTED_EDGE('',*,*,#9327,.T.);
#5706=CARTESIAN_POINT('',(4.77,0.0,0.0));
#5707=DIRECTION('',(-1.0,0.0,0.0));
#5708=DIRECTION('',(0.0,0.0,1.0));
#5709=ORIENTED_EDGE('',*,*,#9313,.T.);
#5710=ORIENTED_EDGE('',*,*,#9328,.T.);
#5711=ORIENTED_EDGE('',*,*,#9329,.F.);
#5712=ORIENTED_EDGE('',*,*,#9250,.F.);
#5713=CARTESIAN_POINT('',(4.77,3.7,-1.71));
#5714=DIRECTION('',(0.0,0.0,1.0));
#5715=DIRECTION('',(1.0,0.0,0.0));
#5716=ORIENTED_EDGE('',*,*,#9329,.T.);
#5717=ORIENTED_EDGE('',*,*,#9330,.T.);
#5718=ORIENTED_EDGE('',*,*,#9331,.T.);
#5719=ORIENTED_EDGE('',*,*,#9332,.T.);
#5720=ORIENTED_EDGE('',*,*,#9251,.T.);
#5721=CARTESIAN_POINT('',(3.63,0.0,0.0));
#5722=DIRECTION('',(-1.0,0.0,0.0));
#5723=DIRECTION('',(0.0,0.0,1.0));
#5724=ORIENTED_EDGE('',*,*,#9333,.T.);
#5725=ORIENTED_EDGE('',*,*,#9334,.T.);
#5726=ORIENTED_EDGE('',*,*,#9335,.T.);
#5727=ORIENTED_EDGE('',*,*,#9336,.T.);
#5728=ORIENTED_EDGE('',*,*,#9259,.T.);
#5729=CARTESIAN_POINT('',(3.63,0.0,0.0));
#5730=DIRECTION('',(-1.0,0.0,0.0));
#5731=DIRECTION('',(0.0,0.0,1.0));
#5732=ORIENTED_EDGE('',*,*,#9337,.T.);
#5733=ORIENTED_EDGE('',*,*,#9338,.T.);
#5734=ORIENTED_EDGE('',*,*,#9339,.T.);
#5735=ORIENTED_EDGE('',*,*,#9340,.T.);
#5736=ORIENTED_EDGE('',*,*,#9341,.F.);
#5737=CARTESIAN_POINT('',(3.63,0.0,0.0));
#5738=DIRECTION('',(-1.0,0.0,0.0));
#5739=DIRECTION('',(0.0,0.0,1.0));
#5740=ORIENTED_EDGE('',*,*,#9342,.T.);
#5741=ORIENTED_EDGE('',*,*,#9343,.T.);
#5742=ORIENTED_EDGE('',*,*,#9344,.T.);
#5743=ORIENTED_EDGE('',*,*,#9345,.T.);
#5744=ORIENTED_EDGE('',*,*,#9346,.F.);
#5745=CARTESIAN_POINT('',(3.63,0.0,0.0));
#5746=DIRECTION('',(-1.0,0.0,0.0));
#5747=DIRECTION('',(0.0,0.0,1.0));
#5748=ORIENTED_EDGE('',*,*,#9332,.F.);
#5749=ORIENTED_EDGE('',*,*,#9347,.F.);
#5750=ORIENTED_EDGE('',*,*,#9310,.T.);
#5751=ORIENTED_EDGE('',*,*,#9252,.T.);
#5752=CARTESIAN_POINT('',(4.77,4.3,-2.85));
#5753=DIRECTION('',(0.0,0.554700196225229,-0.832050294337844));
#5754=DIRECTION('',(-1.0,0.0,0.0));
#5755=ORIENTED_EDGE('',*,*,#9347,.T.);
#5756=ORIENTED_EDGE('',*,*,#9331,.F.);
#5757=ORIENTED_EDGE('',*,*,#9348,.F.);
#5758=ORIENTED_EDGE('',*,*,#9311,.T.);
#5759=CARTESIAN_POINT('',(4.77,9.2,-2.85));
#5760=DIRECTION('',(0.0,0.0,-1.0));
#5761=DIRECTION('',(0.0,-1.0,0.0));
#5762=ORIENTED_EDGE('',*,*,#9348,.T.);
#5763=ORIENTED_EDGE('',*,*,#9330,.F.);
#5764=ORIENTED_EDGE('',*,*,#9328,.F.);
#5765=ORIENTED_EDGE('',*,*,#9312,.T.);
#5766=CARTESIAN_POINT('',(4.77,9.2,-1.71));
#5767=DIRECTION('',(-0.0,1.0,0.0));
#5768=DIRECTION('',(1.0,0.0,0.0));
#5769=ORIENTED_EDGE('',*,*,#9336,.F.);
#5770=ORIENTED_EDGE('',*,*,#9349,.F.);
#5771=ORIENTED_EDGE('',*,*,#9314,.T.);
#5772=ORIENTED_EDGE('',*,*,#9260,.T.);
#5773=CARTESIAN_POINT('',(4.77,9.2,1.31));
#5774=DIRECTION('',(0.0,0.0,-1.0));
#5775=DIRECTION('',(0.0,-1.0,0.0));
#5776=ORIENTED_EDGE('',*,*,#9349,.T.);
#5777=ORIENTED_EDGE('',*,*,#9335,.F.);
#5778=ORIENTED_EDGE('',*,*,#9350,.F.);
#5779=ORIENTED_EDGE('',*,*,#9315,.T.);
#5780=CARTESIAN_POINT('',(4.77,9.2,2.45));
#5781=DIRECTION('',(-0.0,1.0,0.0));
#5782=DIRECTION('',(1.0,0.0,0.0));
#5783=ORIENTED_EDGE('',*,*,#9350,.T.);
#5784=ORIENTED_EDGE('',*,*,#9334,.F.);
#5785=ORIENTED_EDGE('',*,*,#9351,.F.);
#5786=ORIENTED_EDGE('',*,*,#9316,.T.);
#5787=CARTESIAN_POINT('',(4.77,4.3,2.45));
#5788=DIRECTION('',(0.0,0.0,1.0));
#5789=DIRECTION('',(1.0,0.0,0.0));
#5790=ORIENTED_EDGE('',*,*,#9317,.T.);
#5791=ORIENTED_EDGE('',*,*,#9351,.T.);
#5792=ORIENTED_EDGE('',*,*,#9333,.F.);
#5793=ORIENTED_EDGE('',*,*,#9258,.F.);
#5794=CARTESIAN_POINT('',(4.77,3.7,2.85));
#5795=DIRECTION('',(0.0,0.554700196225229,0.832050294337844));
#5796=DIRECTION('',(1.0,-0.0,0.0));
#5797=ORIENTED_EDGE('',*,*,#9352,.T.);
#5798=ORIENTED_EDGE('',*,*,#8824,.T.);
#5799=ORIENTED_EDGE('',*,*,#9353,.T.);
#5800=ORIENTED_EDGE('',*,*,#8783,.T.);
#5801=ORIENTED_EDGE('',*,*,#9354,.T.);
#5802=ORIENTED_EDGE('',*,*,#8827,.T.);
#5803=ORIENTED_EDGE('',*,*,#9355,.T.);
#5804=ORIENTED_EDGE('',*,*,#8648,.T.);
#5805=ORIENTED_EDGE('',*,*,#9356,.T.);
#5806=ORIENTED_EDGE('',*,*,#9341,.T.);
#5807=ORIENTED_EDGE('',*,*,#9357,.F.);
#5808=ORIENTED_EDGE('',*,*,#9322,.F.);
#5809=CARTESIAN_POINT('',(-23.7,0.8,4.8));
#5810=DIRECTION('',(0.0,-1.0,0.0));
#5811=DIRECTION('',(0.0,0.0,-1.0));
#5812=ORIENTED_EDGE('',*,*,#9358,.T.);
#5813=ORIENTED_EDGE('',*,*,#8559,.T.);
#5814=ORIENTED_EDGE('',*,*,#9359,.T.);
#5815=ORIENTED_EDGE('',*,*,#8504,.T.);
#5816=ORIENTED_EDGE('',*,*,#9360,.T.);
#5817=ORIENTED_EDGE('',*,*,#8556,.T.);
#5818=ORIENTED_EDGE('',*,*,#9361,.T.);
#5819=ORIENTED_EDGE('',*,*,#9004,.F.);
#5820=ORIENTED_EDGE('',*,*,#9362,.T.);
#5821=ORIENTED_EDGE('',*,*,#9346,.T.);
#5822=ORIENTED_EDGE('',*,*,#9363,.F.);
#5823=ORIENTED_EDGE('',*,*,#9327,.F.);
#5824=CARTESIAN_POINT('',(-23.7,0.8,4.8));
#5825=DIRECTION('',(0.0,-1.0,0.0));
#5826=DIRECTION('',(0.0,0.0,-1.0));
#5827=ORIENTED_EDGE('',*,*,#8649,.T.);
#5828=ORIENTED_EDGE('',*,*,#9355,.F.);
#5829=ORIENTED_EDGE('',*,*,#8826,.T.);
#5830=ORIENTED_EDGE('',*,*,#8730,.F.);
#5831=CARTESIAN_POINT('',(3.2,0.0,-3.8));
#5832=DIRECTION('',(-1.0,0.0,0.0));
#5833=DIRECTION('',(0.0,0.0,1.0));
#5834=ORIENTED_EDGE('',*,*,#8828,.T.);
#5835=ORIENTED_EDGE('',*,*,#9354,.F.);
#5836=ORIENTED_EDGE('',*,*,#8782,.F.);
#5837=ORIENTED_EDGE('',*,*,#8435,.F.);
#5838=CARTESIAN_POINT('',(2.9,0.0,-0.5));
#5839=DIRECTION('',(-1.0,0.0,0.0));
#5840=DIRECTION('',(0.0,0.0,1.0));
#5841=ORIENTED_EDGE('',*,*,#8784,.T.);
#5842=ORIENTED_EDGE('',*,*,#9353,.F.);
#5843=ORIENTED_EDGE('',*,*,#8823,.F.);
#5844=ORIENTED_EDGE('',*,*,#8429,.T.);
#5845=CARTESIAN_POINT('',(5.5,0.0,-3.8));
#5846=DIRECTION('',(1.0,0.0,0.0));
#5847=DIRECTION('',(0.0,1.0,0.0));
#5848=ORIENTED_EDGE('',*,*,#8825,.T.);
#5849=ORIENTED_EDGE('',*,*,#9352,.F.);
#5850=ORIENTED_EDGE('',*,*,#8647,.F.);
#5851=ORIENTED_EDGE('',*,*,#8726,.T.);
#5852=CARTESIAN_POINT('',(5.2,0.0,-4.8));
#5853=DIRECTION('',(1.0,0.0,0.0));
#5854=DIRECTION('',(0.0,1.0,0.0));
#5855=ORIENTED_EDGE('',*,*,#9005,.T.);
#5856=ORIENTED_EDGE('',*,*,#9361,.F.);
#5857=ORIENTED_EDGE('',*,*,#8555,.T.);
#5858=ORIENTED_EDGE('',*,*,#8723,.F.);
#5859=CARTESIAN_POINT('',(5.2,0.0,3.8));
#5860=DIRECTION('',(1.0,0.0,0.0));
#5861=DIRECTION('',(0.0,1.0,0.0));
#5862=ORIENTED_EDGE('',*,*,#8557,.T.);
#5863=ORIENTED_EDGE('',*,*,#9360,.F.);
#5864=ORIENTED_EDGE('',*,*,#8503,.F.);
#5865=ORIENTED_EDGE('',*,*,#8425,.F.);
#5866=CARTESIAN_POINT('',(5.5,0.0,0.5));
#5867=DIRECTION('',(1.0,0.0,0.0));
#5868=DIRECTION('',(0.0,1.0,0.0));
#5869=ORIENTED_EDGE('',*,*,#8505,.T.);
#5870=ORIENTED_EDGE('',*,*,#9359,.F.);
#5871=ORIENTED_EDGE('',*,*,#8558,.F.);
#5872=ORIENTED_EDGE('',*,*,#8431,.T.);
#5873=CARTESIAN_POINT('',(2.9,0.0,3.8));
#5874=DIRECTION('',(-1.0,0.0,0.0));
#5875=DIRECTION('',(0.0,0.0,1.0));
#5876=ORIENTED_EDGE('',*,*,#8560,.T.);
#5877=ORIENTED_EDGE('',*,*,#9358,.F.);
#5878=ORIENTED_EDGE('',*,*,#9003,.F.);
#5879=ORIENTED_EDGE('',*,*,#8727,.T.);
#5880=CARTESIAN_POINT('',(3.2,0.0,4.8));
#5881=DIRECTION('',(-1.0,0.0,0.0));
#5882=DIRECTION('',(0.0,0.0,1.0));
#5883=ORIENTED_EDGE('',*,*,#9340,.F.);
#5884=ORIENTED_EDGE('',*,*,#9364,.F.);
#5885=ORIENTED_EDGE('',*,*,#9318,.T.);
#5886=ORIENTED_EDGE('',*,*,#9357,.T.);
#5887=CARTESIAN_POINT('',(4.77,-2.23,-2.65));
#5888=DIRECTION('',(0.0,0.0,1.0));
#5889=DIRECTION('',(1.0,0.0,0.0));
#5890=ORIENTED_EDGE('',*,*,#9364,.T.);
#5891=ORIENTED_EDGE('',*,*,#9339,.F.);
#5892=ORIENTED_EDGE('',*,*,#9365,.F.);
#5893=ORIENTED_EDGE('',*,*,#9319,.T.);
#5894=CARTESIAN_POINT('',(4.77,-3.5,-3.1));
#5895=DIRECTION('',(0.0,-0.333984527886008,0.942578556478324));
#5896=DIRECTION('',(-1.0,0.0,0.0));
#5897=ORIENTED_EDGE('',*,*,#9365,.T.);
#5898=ORIENTED_EDGE('',*,*,#9338,.F.);
#5899=ORIENTED_EDGE('',*,*,#9366,.F.);
#5900=ORIENTED_EDGE('',*,*,#9320,.T.);
#5901=CARTESIAN_POINT('',(4.77,-3.5,-3.25));
#5902=DIRECTION('',(0.0,-1.0,0.0));
#5903=DIRECTION('',(0.0,0.0,-1.0));
#5904=ORIENTED_EDGE('',*,*,#9321,.T.);
#5905=ORIENTED_EDGE('',*,*,#9366,.T.);
#5906=ORIENTED_EDGE('',*,*,#9337,.F.);
#5907=ORIENTED_EDGE('',*,*,#9356,.F.);
#5908=CARTESIAN_POINT('',(4.77,3.7,-3.25));
#5909=DIRECTION('',(0.0,0.0,-1.0));
#5910=DIRECTION('',(0.0,-1.0,0.0));
#5911=ORIENTED_EDGE('',*,*,#9345,.F.);
#5912=ORIENTED_EDGE('',*,*,#9367,.F.);
#5913=ORIENTED_EDGE('',*,*,#9323,.T.);
#5914=ORIENTED_EDGE('',*,*,#9363,.T.);
#5915=CARTESIAN_POINT('',(4.77,-3.5,2.85));
#5916=DIRECTION('',(0.0,0.0,1.0));
#5917=DIRECTION('',(1.0,0.0,0.0));
#5918=ORIENTED_EDGE('',*,*,#9367,.T.);
#5919=ORIENTED_EDGE('',*,*,#9344,.F.);
#5920=ORIENTED_EDGE('',*,*,#9368,.F.);
#5921=ORIENTED_EDGE('',*,*,#9324,.T.);
#5922=CARTESIAN_POINT('',(4.77,-3.5,2.7));
#5923=DIRECTION('',(0.0,-1.0,0.0));
#5924=DIRECTION('',(0.0,0.0,-1.0));
#5925=ORIENTED_EDGE('',*,*,#9368,.T.);
#5926=ORIENTED_EDGE('',*,*,#9343,.F.);
#5927=ORIENTED_EDGE('',*,*,#9369,.F.);
#5928=ORIENTED_EDGE('',*,*,#9325,.T.);
#5929=CARTESIAN_POINT('',(4.77,-2.23,2.25));
#5930=DIRECTION('',(0.0,-0.333984527886008,-0.942578556478324));
#5931=DIRECTION('',(0.0,-0.942578556478324,0.333984527886008));
#5932=ORIENTED_EDGE('',*,*,#9326,.T.);
#5933=ORIENTED_EDGE('',*,*,#9369,.T.);
#5934=ORIENTED_EDGE('',*,*,#9342,.F.);
#5935=ORIENTED_EDGE('',*,*,#9362,.F.);
#5936=CARTESIAN_POINT('',(4.77,3.7,2.25));
#5937=DIRECTION('',(0.0,0.0,-1.0));
#5938=DIRECTION('',(0.0,-1.0,0.0));
#5939=ORIENTED_EDGE('',*,*,#9002,.T.);
#5940=ORIENTED_EDGE('',*,*,#9370,.F.);
#5941=ORIENTED_EDGE('',*,*,#8562,.T.);
#5942=ORIENTED_EDGE('',*,*,#8729,.F.);
#5943=CARTESIAN_POINT('',(1.0,0.0,3.8));
#5944=DIRECTION('',(1.0,0.0,0.0));
#5945=DIRECTION('',(0.0,1.0,0.0));
#5946=ORIENTED_EDGE('',*,*,#9371,.T.);
#5947=ORIENTED_EDGE('',*,*,#8830,.T.);
#5948=ORIENTED_EDGE('',*,*,#9372,.T.);
#5949=ORIENTED_EDGE('',*,*,#8780,.T.);
#5950=ORIENTED_EDGE('',*,*,#9373,.T.);
#5951=ORIENTED_EDGE('',*,*,#8833,.T.);
#5952=ORIENTED_EDGE('',*,*,#9374,.T.);
#5953=ORIENTED_EDGE('',*,*,#8652,.T.);
#5954=ORIENTED_EDGE('',*,*,#9375,.T.);
#5955=ORIENTED_EDGE('',*,*,#9376,.T.);
#5956=ORIENTED_EDGE('',*,*,#9377,.F.);
#5957=ORIENTED_EDGE('',*,*,#9378,.F.);
#5958=CARTESIAN_POINT('',(-23.7,0.8,4.8));
#5959=DIRECTION('',(0.0,-1.0,0.0));
#5960=DIRECTION('',(0.0,0.0,-1.0));
#5961=ORIENTED_EDGE('',*,*,#9379,.T.);
#5962=ORIENTED_EDGE('',*,*,#8566,.T.);
#5963=ORIENTED_EDGE('',*,*,#9380,.T.);
#5964=ORIENTED_EDGE('',*,*,#8507,.T.);
#5965=ORIENTED_EDGE('',*,*,#9381,.T.);
#5966=ORIENTED_EDGE('',*,*,#8563,.T.);
#5967=ORIENTED_EDGE('',*,*,#9370,.T.);
#5968=ORIENTED_EDGE('',*,*,#9001,.F.);
#5969=ORIENTED_EDGE('',*,*,#9382,.T.);
#5970=ORIENTED_EDGE('',*,*,#9383,.T.);
#5971=ORIENTED_EDGE('',*,*,#9384,.F.);
#5972=ORIENTED_EDGE('',*,*,#9385,.F.);
#5973=CARTESIAN_POINT('',(-23.7,0.8,4.8));
#5974=DIRECTION('',(0.0,-1.0,0.0));
#5975=DIRECTION('',(0.0,0.0,-1.0));
#5976=ORIENTED_EDGE('',*,*,#8653,.T.);
#5977=ORIENTED_EDGE('',*,*,#9374,.F.);
#5978=ORIENTED_EDGE('',*,*,#8832,.T.);
#5979=ORIENTED_EDGE('',*,*,#8736,.F.);
#5980=CARTESIAN_POINT('',(-1.0,0.0,-3.8));
#5981=DIRECTION('',(-1.0,0.0,0.0));
#5982=DIRECTION('',(0.0,0.0,1.0));
#5983=ORIENTED_EDGE('',*,*,#8834,.T.);
#5984=ORIENTED_EDGE('',*,*,#9373,.F.);
#5985=ORIENTED_EDGE('',*,*,#8779,.F.);
#5986=ORIENTED_EDGE('',*,*,#8443,.F.);
#5987=CARTESIAN_POINT('',(-1.3,0.0,-0.5));
#5988=DIRECTION('',(-1.0,0.0,0.0));
#5989=DIRECTION('',(0.0,0.0,1.0));
#5990=ORIENTED_EDGE('',*,*,#8781,.T.);
#5991=ORIENTED_EDGE('',*,*,#9372,.F.);
#5992=ORIENTED_EDGE('',*,*,#8829,.F.);
#5993=ORIENTED_EDGE('',*,*,#8437,.T.);
#5994=CARTESIAN_POINT('',(1.3,0.0,-3.8));
#5995=DIRECTION('',(1.0,0.0,0.0));
#5996=DIRECTION('',(0.0,1.0,0.0));
#5997=ORIENTED_EDGE('',*,*,#8831,.T.);
#5998=ORIENTED_EDGE('',*,*,#9371,.F.);
#5999=ORIENTED_EDGE('',*,*,#8651,.F.);
#6000=ORIENTED_EDGE('',*,*,#8732,.T.);
#6001=CARTESIAN_POINT('',(1.0,0.0,-4.8));
#6002=DIRECTION('',(1.0,0.0,0.0));
#6003=DIRECTION('',(0.0,1.0,0.0));
#6004=ORIENTED_EDGE('',*,*,#8564,.T.);
#6005=ORIENTED_EDGE('',*,*,#9381,.F.);
#6006=ORIENTED_EDGE('',*,*,#8506,.F.);
#6007=ORIENTED_EDGE('',*,*,#8433,.F.);
#6008=CARTESIAN_POINT('',(1.3,0.0,0.5));
#6009=DIRECTION('',(1.0,0.0,0.0));
#6010=DIRECTION('',(0.0,1.0,0.0));
#6011=ORIENTED_EDGE('',*,*,#8508,.T.);
#6012=ORIENTED_EDGE('',*,*,#9380,.F.);
#6013=ORIENTED_EDGE('',*,*,#8565,.F.);
#6014=ORIENTED_EDGE('',*,*,#8439,.T.);
#6015=CARTESIAN_POINT('',(-1.3,0.0,3.8));
#6016=DIRECTION('',(-1.0,0.0,0.0));
#6017=DIRECTION('',(0.0,0.0,1.0));
#6018=ORIENTED_EDGE('',*,*,#8567,.T.);
#6019=ORIENTED_EDGE('',*,*,#9379,.F.);
#6020=ORIENTED_EDGE('',*,*,#9000,.F.);
#6021=ORIENTED_EDGE('',*,*,#8733,.T.);
#6022=CARTESIAN_POINT('',(-1.0,0.0,4.8));
#6023=DIRECTION('',(-1.0,0.0,0.0));
#6024=DIRECTION('',(0.0,0.0,1.0));
#6025=ORIENTED_EDGE('',*,*,#9386,.F.);
#6026=ORIENTED_EDGE('',*,*,#9387,.F.);
#6027=ORIENTED_EDGE('',*,*,#9388,.F.);
#6028=ORIENTED_EDGE('',*,*,#9389,.F.);
#6029=ORIENTED_EDGE('',*,*,#9390,.T.);
#6030=CARTESIAN_POINT('',(0.57,0.0,0.0));
#6031=DIRECTION('',(-1.0,0.0,0.0));
#6032=DIRECTION('',(0.0,0.0,1.0));
#6033=ORIENTED_EDGE('',*,*,#9391,.F.);
#6034=ORIENTED_EDGE('',*,*,#9392,.F.);
#6035=ORIENTED_EDGE('',*,*,#9393,.F.);
#6036=ORIENTED_EDGE('',*,*,#9394,.F.);
#6037=ORIENTED_EDGE('',*,*,#9395,.T.);
#6038=CARTESIAN_POINT('',(0.57,0.0,0.0));
#6039=DIRECTION('',(-1.0,0.0,0.0));
#6040=DIRECTION('',(0.0,0.0,1.0));
#6041=ORIENTED_EDGE('',*,*,#9396,.F.);
#6042=ORIENTED_EDGE('',*,*,#9397,.F.);
#6043=ORIENTED_EDGE('',*,*,#9398,.F.);
#6044=ORIENTED_EDGE('',*,*,#9399,.F.);
#6045=ORIENTED_EDGE('',*,*,#9378,.T.);
#6046=CARTESIAN_POINT('',(0.57,0.0,0.0));
#6047=DIRECTION('',(-1.0,0.0,0.0));
#6048=DIRECTION('',(0.0,0.0,1.0));
#6049=ORIENTED_EDGE('',*,*,#9400,.F.);
#6050=ORIENTED_EDGE('',*,*,#9401,.F.);
#6051=ORIENTED_EDGE('',*,*,#9402,.F.);
#6052=ORIENTED_EDGE('',*,*,#9403,.F.);
#6053=ORIENTED_EDGE('',*,*,#9385,.T.);
#6054=CARTESIAN_POINT('',(0.57,0.0,0.0));
#6055=DIRECTION('',(-1.0,0.0,0.0));
#6056=DIRECTION('',(0.0,0.0,1.0));
#6057=ORIENTED_EDGE('',*,*,#9404,.T.);
#6058=ORIENTED_EDGE('',*,*,#9405,.T.);
#6059=ORIENTED_EDGE('',*,*,#9406,.T.);
#6060=ORIENTED_EDGE('',*,*,#9407,.T.);
#6061=ORIENTED_EDGE('',*,*,#9408,.T.);
#6062=ORIENTED_EDGE('',*,*,#9409,.T.);
#6063=ORIENTED_EDGE('',*,*,#9410,.T.);
#6064=ORIENTED_EDGE('',*,*,#9411,.F.);
#6065=ORIENTED_EDGE('',*,*,#9412,.F.);
#6066=ORIENTED_EDGE('',*,*,#9395,.F.);
#6067=CARTESIAN_POINT('',(-23.7,3.7,-4.8));
#6068=DIRECTION('',(-0.0,1.0,0.0));
#6069=DIRECTION('',(1.0,0.0,0.0));
#6070=ORIENTED_EDGE('',*,*,#9413,.T.);
#6071=ORIENTED_EDGE('',*,*,#9414,.T.);
#6072=ORIENTED_EDGE('',*,*,#9415,.T.);
#6073=ORIENTED_EDGE('',*,*,#9416,.T.);
#6074=ORIENTED_EDGE('',*,*,#9417,.T.);
#6075=ORIENTED_EDGE('',*,*,#9418,.F.);
#6076=ORIENTED_EDGE('',*,*,#9419,.F.);
#6077=ORIENTED_EDGE('',*,*,#9390,.F.);
#6078=CARTESIAN_POINT('',(-23.7,3.7,-4.8));
#6079=DIRECTION('',(-0.0,1.0,0.0));
#6080=DIRECTION('',(1.0,0.0,0.0));
#6081=ORIENTED_EDGE('',*,*,#9420,.T.);
#6082=ORIENTED_EDGE('',*,*,#9421,.T.);
#6083=ORIENTED_EDGE('',*,*,#9422,.T.);
#6084=ORIENTED_EDGE('',*,*,#9423,.T.);
#6085=ORIENTED_EDGE('',*,*,#9424,.T.);
#6086=ORIENTED_EDGE('',*,*,#9425,.F.);
#6087=ORIENTED_EDGE('',*,*,#9426,.F.);
#6088=ORIENTED_EDGE('',*,*,#9427,.F.);
#6089=CARTESIAN_POINT('',(-23.7,3.7,-4.8));
#6090=DIRECTION('',(-0.0,1.0,0.0));
#6091=DIRECTION('',(1.0,0.0,0.0));
#6092=ORIENTED_EDGE('',*,*,#9428,.T.);
#6093=ORIENTED_EDGE('',*,*,#9429,.T.);
#6094=ORIENTED_EDGE('',*,*,#9430,.T.);
#6095=ORIENTED_EDGE('',*,*,#9431,.T.);
#6096=ORIENTED_EDGE('',*,*,#9432,.T.);
#6097=ORIENTED_EDGE('',*,*,#9433,.T.);
#6098=ORIENTED_EDGE('',*,*,#9434,.T.);
#6099=ORIENTED_EDGE('',*,*,#9435,.F.);
#6100=ORIENTED_EDGE('',*,*,#9436,.F.);
#6101=ORIENTED_EDGE('',*,*,#9437,.F.);
#6102=CARTESIAN_POINT('',(-23.7,3.7,-4.8));
#6103=DIRECTION('',(-0.0,1.0,0.0));
#6104=DIRECTION('',(1.0,0.0,0.0));
#6105=ORIENTED_EDGE('',*,*,#9438,.T.);
#6106=ORIENTED_EDGE('',*,*,#9409,.F.);
#6107=ORIENTED_EDGE('',*,*,#9439,.F.);
#6108=ORIENTED_EDGE('',*,*,#8904,.T.);
#6109=CARTESIAN_POINT('',(1.8,12.8,3.0));
#6110=DIRECTION('',(1.0,0.0,0.0));
#6111=DIRECTION('',(0.0,1.0,0.0));
#6112=ORIENTED_EDGE('',*,*,#9439,.T.);
#6113=ORIENTED_EDGE('',*,*,#9408,.F.);
#6114=ORIENTED_EDGE('',*,*,#9440,.F.);
#6115=ORIENTED_EDGE('',*,*,#8899,.T.);
#6116=CARTESIAN_POINT('',(0.9,12.8,3.9));
#6117=DIRECTION('',(0.707106781186548,0.0,0.707106781186548));
#6118=DIRECTION('',(0.0,-1.0,0.0));
#6119=ORIENTED_EDGE('',*,*,#9440,.T.);
#6120=ORIENTED_EDGE('',*,*,#9407,.F.);
#6121=ORIENTED_EDGE('',*,*,#9441,.F.);
#6122=ORIENTED_EDGE('',*,*,#8900,.T.);
#6123=CARTESIAN_POINT('',(-0.9,12.8,3.9));
#6124=DIRECTION('',(0.0,0.0,1.0));
#6125=DIRECTION('',(1.0,0.0,0.0));
#6126=ORIENTED_EDGE('',*,*,#9441,.T.);
#6127=ORIENTED_EDGE('',*,*,#9406,.F.);
#6128=ORIENTED_EDGE('',*,*,#9442,.F.);
#6129=ORIENTED_EDGE('',*,*,#8901,.T.);
#6130=CARTESIAN_POINT('',(-1.8,12.8,3.0));
#6131=DIRECTION('',(-0.707106781186548,0.0,0.707106781186548));
#6132=DIRECTION('',(0.0,1.0,0.0));
#6133=ORIENTED_EDGE('',*,*,#9442,.T.);
#6134=ORIENTED_EDGE('',*,*,#9405,.F.);
#6135=ORIENTED_EDGE('',*,*,#9443,.F.);
#6136=ORIENTED_EDGE('',*,*,#8902,.T.);
#6137=CARTESIAN_POINT('',(-1.8,12.8,0.3));
#6138=DIRECTION('',(-1.0,0.0,0.0));
#6139=DIRECTION('',(0.0,0.0,1.0));
#6140=ORIENTED_EDGE('',*,*,#9443,.T.);
#6141=ORIENTED_EDGE('',*,*,#9404,.F.);
#6142=ORIENTED_EDGE('',*,*,#9438,.F.);
#6143=ORIENTED_EDGE('',*,*,#8903,.T.);
#6144=CARTESIAN_POINT('',(1.8,12.8,0.3));
#6145=DIRECTION('',(0.0,0.0,-1.0));
#6146=DIRECTION('',(0.0,-1.0,0.0));
#6147=ORIENTED_EDGE('',*,*,#9444,.T.);
#6148=ORIENTED_EDGE('',*,*,#9416,.F.);
#6149=ORIENTED_EDGE('',*,*,#9445,.F.);
#6150=ORIENTED_EDGE('',*,*,#8908,.T.);
#6151=CARTESIAN_POINT('',(1.8,12.8,-0.3));
#6152=DIRECTION('',(1.0,0.0,0.0));
#6153=DIRECTION('',(0.0,1.0,0.0));
#6154=ORIENTED_EDGE('',*,*,#9445,.T.);
#6155=ORIENTED_EDGE('',*,*,#9415,.F.);
#6156=ORIENTED_EDGE('',*,*,#9446,.F.);
#6157=ORIENTED_EDGE('',*,*,#8905,.T.);
#6158=CARTESIAN_POINT('',(-1.8,12.8,-0.3));
#6159=DIRECTION('',(0.0,0.0,1.0));
#6160=DIRECTION('',(1.0,0.0,0.0));
#6161=ORIENTED_EDGE('',*,*,#9446,.T.);
#6162=ORIENTED_EDGE('',*,*,#9414,.F.);
#6163=ORIENTED_EDGE('',*,*,#9447,.F.);
#6164=ORIENTED_EDGE('',*,*,#8906,.T.);
#6165=CARTESIAN_POINT('',(-1.8,12.8,-3.9));
#6166=DIRECTION('',(-1.0,0.0,0.0));
#6167=DIRECTION('',(0.0,0.0,1.0));
#6168=ORIENTED_EDGE('',*,*,#9447,.T.);
#6169=ORIENTED_EDGE('',*,*,#9413,.F.);
#6170=ORIENTED_EDGE('',*,*,#9444,.F.);
#6171=ORIENTED_EDGE('',*,*,#8907,.T.);
#6172=CARTESIAN_POINT('',(1.8,12.8,-3.9));
#6173=DIRECTION('',(0.0,0.0,-1.0));
#6174=DIRECTION('',(0.0,-1.0,0.0));
#6175=ORIENTED_EDGE('',*,*,#9448,.T.);
#6176=ORIENTED_EDGE('',*,*,#9423,.F.);
#6177=ORIENTED_EDGE('',*,*,#9449,.F.);
#6178=ORIENTED_EDGE('',*,*,#8912,.T.);
#6179=CARTESIAN_POINT('',(-6.0,12.8,-3.9));
#6180=DIRECTION('',(-1.0,0.0,0.0));
#6181=DIRECTION('',(0.0,0.0,1.0));
#6182=ORIENTED_EDGE('',*,*,#9449,.T.);
#6183=ORIENTED_EDGE('',*,*,#9422,.F.);
#6184=ORIENTED_EDGE('',*,*,#9450,.F.);
#6185=ORIENTED_EDGE('',*,*,#8909,.T.);
#6186=CARTESIAN_POINT('',(-2.4,12.8,-3.9));
#6187=DIRECTION('',(0.0,0.0,-1.0));
#6188=DIRECTION('',(0.0,-1.0,0.0));
#6189=ORIENTED_EDGE('',*,*,#9450,.T.);
#6190=ORIENTED_EDGE('',*,*,#9421,.F.);
#6191=ORIENTED_EDGE('',*,*,#9451,.F.);
#6192=ORIENTED_EDGE('',*,*,#8910,.T.);
#6193=CARTESIAN_POINT('',(-2.4,12.8,-0.3));
#6194=DIRECTION('',(1.0,0.0,0.0));
#6195=DIRECTION('',(0.0,1.0,0.0));
#6196=ORIENTED_EDGE('',*,*,#9451,.T.);
#6197=ORIENTED_EDGE('',*,*,#9420,.F.);
#6198=ORIENTED_EDGE('',*,*,#9448,.F.);
#6199=ORIENTED_EDGE('',*,*,#8911,.T.);
#6200=CARTESIAN_POINT('',(-6.0,12.8,-0.3));
#6201=DIRECTION('',(0.0,0.0,1.0));
#6202=DIRECTION('',(1.0,0.0,0.0));
#6203=ORIENTED_EDGE('',*,*,#9452,.T.);
#6204=ORIENTED_EDGE('',*,*,#9433,.F.);
#6205=ORIENTED_EDGE('',*,*,#9453,.F.);
#6206=ORIENTED_EDGE('',*,*,#8918,.T.);
#6207=CARTESIAN_POINT('',(-6.0,12.8,0.3));
#6208=DIRECTION('',(-1.0,0.0,0.0));
#6209=DIRECTION('',(0.0,0.0,1.0));
#6210=ORIENTED_EDGE('',*,*,#9453,.T.);
#6211=ORIENTED_EDGE('',*,*,#9432,.F.);
#6212=ORIENTED_EDGE('',*,*,#9454,.F.);
#6213=ORIENTED_EDGE('',*,*,#8913,.T.);
#6214=CARTESIAN_POINT('',(-2.4,12.8,0.3));
#6215=DIRECTION('',(0.0,0.0,-1.0));
#6216=DIRECTION('',(0.0,-1.0,0.0));
#6217=ORIENTED_EDGE('',*,*,#9454,.T.);
#6218=ORIENTED_EDGE('',*,*,#9431,.F.);
#6219=ORIENTED_EDGE('',*,*,#9455,.F.);
#6220=ORIENTED_EDGE('',*,*,#8914,.T.);
#6221=CARTESIAN_POINT('',(-2.4,12.8,3.0));
#6222=DIRECTION('',(1.0,0.0,0.0));
#6223=DIRECTION('',(0.0,1.0,0.0));
#6224=ORIENTED_EDGE('',*,*,#9455,.T.);
#6225=ORIENTED_EDGE('',*,*,#9430,.F.);
#6226=ORIENTED_EDGE('',*,*,#9456,.F.);
#6227=ORIENTED_EDGE('',*,*,#8915,.T.);
#6228=CARTESIAN_POINT('',(-3.3,12.8,3.9));
#6229=DIRECTION('',(0.707106781186548,0.0,0.707106781186548));
#6230=DIRECTION('',(0.0,-1.0,0.0));
#6231=ORIENTED_EDGE('',*,*,#9456,.T.);
#6232=ORIENTED_EDGE('',*,*,#9429,.F.);
#6233=ORIENTED_EDGE('',*,*,#9457,.F.);
#6234=ORIENTED_EDGE('',*,*,#8916,.T.);
#6235=CARTESIAN_POINT('',(-5.1,12.8,3.9));
#6236=DIRECTION('',(0.0,0.0,1.0));
#6237=DIRECTION('',(1.0,0.0,0.0));
#6238=ORIENTED_EDGE('',*,*,#9457,.T.);
#6239=ORIENTED_EDGE('',*,*,#9428,.F.);
#6240=ORIENTED_EDGE('',*,*,#9452,.F.);
#6241=ORIENTED_EDGE('',*,*,#8917,.T.);
#6242=CARTESIAN_POINT('',(-6.0,12.8,3.0));
#6243=DIRECTION('',(-0.707106781186498,0.0,0.707106781186598));
#6244=DIRECTION('',(0.0,1.0,0.0));
#6245=ORIENTED_EDGE('',*,*,#9458,.F.);
#6246=ORIENTED_EDGE('',*,*,#9459,.F.);
#6247=ORIENTED_EDGE('',*,*,#9386,.T.);
#6248=ORIENTED_EDGE('',*,*,#9419,.T.);
#6249=CARTESIAN_POINT('',(0.57,4.3,-2.85));
#6250=DIRECTION('',(0.0,0.554700196225229,-0.832050294337844));
#6251=DIRECTION('',(-1.0,0.0,0.0));
#6252=ORIENTED_EDGE('',*,*,#9459,.T.);
#6253=ORIENTED_EDGE('',*,*,#9460,.F.);
#6254=ORIENTED_EDGE('',*,*,#9461,.F.);
#6255=ORIENTED_EDGE('',*,*,#9387,.T.);
#6256=CARTESIAN_POINT('',(0.57,9.2,-2.85));
#6257=DIRECTION('',(0.0,0.0,-1.0));
#6258=DIRECTION('',(0.0,-1.0,0.0));
#6259=ORIENTED_EDGE('',*,*,#9461,.T.);
#6260=ORIENTED_EDGE('',*,*,#9462,.F.);
#6261=ORIENTED_EDGE('',*,*,#9463,.F.);
#6262=ORIENTED_EDGE('',*,*,#9388,.T.);
#6263=CARTESIAN_POINT('',(0.57,9.2,-1.71));
#6264=DIRECTION('',(-0.0,1.0,0.0));
#6265=DIRECTION('',(1.0,0.0,0.0));
#6266=ORIENTED_EDGE('',*,*,#9389,.T.);
#6267=ORIENTED_EDGE('',*,*,#9463,.T.);
#6268=ORIENTED_EDGE('',*,*,#9464,.F.);
#6269=ORIENTED_EDGE('',*,*,#9417,.F.);
#6270=CARTESIAN_POINT('',(0.57,3.7,-1.71));
#6271=DIRECTION('',(0.0,0.0,1.0));
#6272=DIRECTION('',(1.0,0.0,0.0));
#6273=ORIENTED_EDGE('',*,*,#9464,.T.);
#6274=ORIENTED_EDGE('',*,*,#9462,.T.);
#6275=ORIENTED_EDGE('',*,*,#9460,.T.);
#6276=ORIENTED_EDGE('',*,*,#9458,.T.);
#6277=ORIENTED_EDGE('',*,*,#9418,.T.);
#6278=CARTESIAN_POINT('',(-0.57,0.0,0.0));
#6279=DIRECTION('',(-1.0,0.0,0.0));
#6280=DIRECTION('',(0.0,0.0,1.0));
#6281=ORIENTED_EDGE('',*,*,#9465,.T.);
#6282=ORIENTED_EDGE('',*,*,#9466,.T.);
#6283=ORIENTED_EDGE('',*,*,#9467,.T.);
#6284=ORIENTED_EDGE('',*,*,#9468,.T.);
#6285=ORIENTED_EDGE('',*,*,#9411,.T.);
#6286=CARTESIAN_POINT('',(-0.57,0.0,0.0));
#6287=DIRECTION('',(-1.0,0.0,0.0));
#6288=DIRECTION('',(0.0,0.0,1.0));
#6289=ORIENTED_EDGE('',*,*,#9469,.T.);
#6290=ORIENTED_EDGE('',*,*,#9470,.T.);
#6291=ORIENTED_EDGE('',*,*,#9471,.T.);
#6292=ORIENTED_EDGE('',*,*,#9472,.T.);
#6293=ORIENTED_EDGE('',*,*,#9376,.F.);
#6294=CARTESIAN_POINT('',(-0.57,0.0,0.0));
#6295=DIRECTION('',(-1.0,0.0,0.0));
#6296=DIRECTION('',(0.0,0.0,1.0));
#6297=ORIENTED_EDGE('',*,*,#9473,.T.);
#6298=ORIENTED_EDGE('',*,*,#9474,.T.);
#6299=ORIENTED_EDGE('',*,*,#9475,.T.);
#6300=ORIENTED_EDGE('',*,*,#9476,.T.);
#6301=ORIENTED_EDGE('',*,*,#9383,.F.);
#6302=CARTESIAN_POINT('',(-0.57,0.0,0.0));
#6303=DIRECTION('',(-1.0,0.0,0.0));
#6304=DIRECTION('',(0.0,0.0,1.0));
#6305=ORIENTED_EDGE('',*,*,#9468,.F.);
#6306=ORIENTED_EDGE('',*,*,#9477,.F.);
#6307=ORIENTED_EDGE('',*,*,#9391,.T.);
#6308=ORIENTED_EDGE('',*,*,#9412,.T.);
#6309=CARTESIAN_POINT('',(0.57,9.2,1.31));
#6310=DIRECTION('',(0.0,0.0,-1.0));
#6311=DIRECTION('',(0.0,-1.0,0.0));
#6312=ORIENTED_EDGE('',*,*,#9477,.T.);
#6313=ORIENTED_EDGE('',*,*,#9467,.F.);
#6314=ORIENTED_EDGE('',*,*,#9478,.F.);
#6315=ORIENTED_EDGE('',*,*,#9392,.T.);
#6316=CARTESIAN_POINT('',(0.57,9.2,2.45));
#6317=DIRECTION('',(-0.0,1.0,0.0));
#6318=DIRECTION('',(1.0,0.0,0.0));
#6319=ORIENTED_EDGE('',*,*,#9478,.T.);
#6320=ORIENTED_EDGE('',*,*,#9466,.F.);
#6321=ORIENTED_EDGE('',*,*,#9479,.F.);
#6322=ORIENTED_EDGE('',*,*,#9393,.T.);
#6323=CARTESIAN_POINT('',(0.57,4.3,2.45));
#6324=DIRECTION('',(0.0,0.0,1.0));
#6325=DIRECTION('',(1.0,0.0,0.0));
#6326=ORIENTED_EDGE('',*,*,#9394,.T.);
#6327=ORIENTED_EDGE('',*,*,#9479,.T.);
#6328=ORIENTED_EDGE('',*,*,#9465,.F.);
#6329=ORIENTED_EDGE('',*,*,#9410,.F.);
#6330=CARTESIAN_POINT('',(0.57,3.7,2.85));
#6331=DIRECTION('',(0.0,0.554700196225229,0.832050294337844));
#6332=DIRECTION('',(1.0,-0.0,0.0));
#6333=ORIENTED_EDGE('',*,*,#9472,.F.);
#6334=ORIENTED_EDGE('',*,*,#9480,.F.);
#6335=ORIENTED_EDGE('',*,*,#9396,.T.);
#6336=ORIENTED_EDGE('',*,*,#9377,.T.);
#6337=CARTESIAN_POINT('',(0.57,-2.23,-2.65));
#6338=DIRECTION('',(0.0,0.0,1.0));
#6339=DIRECTION('',(1.0,0.0,0.0));
#6340=ORIENTED_EDGE('',*,*,#9480,.T.);
#6341=ORIENTED_EDGE('',*,*,#9471,.F.);
#6342=ORIENTED_EDGE('',*,*,#9481,.F.);
#6343=ORIENTED_EDGE('',*,*,#9397,.T.);
#6344=CARTESIAN_POINT('',(0.57,-3.5,-3.1));
#6345=DIRECTION('',(0.0,-0.333984527886008,0.942578556478324));
#6346=DIRECTION('',(-1.0,0.0,0.0));
#6347=ORIENTED_EDGE('',*,*,#9481,.T.);
#6348=ORIENTED_EDGE('',*,*,#9470,.F.);
#6349=ORIENTED_EDGE('',*,*,#9482,.F.);
#6350=ORIENTED_EDGE('',*,*,#9398,.T.);
#6351=CARTESIAN_POINT('',(0.57,-3.5,-3.25));
#6352=DIRECTION('',(0.0,-1.0,0.0));
#6353=DIRECTION('',(0.0,0.0,-1.0));
#6354=ORIENTED_EDGE('',*,*,#9399,.T.);
#6355=ORIENTED_EDGE('',*,*,#9482,.T.);
#6356=ORIENTED_EDGE('',*,*,#9469,.F.);
#6357=ORIENTED_EDGE('',*,*,#9375,.F.);
#6358=CARTESIAN_POINT('',(0.57,3.7,-3.25));
#6359=DIRECTION('',(0.0,0.0,-1.0));
#6360=DIRECTION('',(0.0,-1.0,0.0));
#6361=ORIENTED_EDGE('',*,*,#9476,.F.);
#6362=ORIENTED_EDGE('',*,*,#9483,.F.);
#6363=ORIENTED_EDGE('',*,*,#9400,.T.);
#6364=ORIENTED_EDGE('',*,*,#9384,.T.);
#6365=CARTESIAN_POINT('',(0.57,-3.5,2.85));
#6366=DIRECTION('',(0.0,0.0,1.0));
#6367=DIRECTION('',(1.0,0.0,0.0));
#6368=ORIENTED_EDGE('',*,*,#9483,.T.);
#6369=ORIENTED_EDGE('',*,*,#9475,.F.);
#6370=ORIENTED_EDGE('',*,*,#9484,.F.);
#6371=ORIENTED_EDGE('',*,*,#9401,.T.);
#6372=CARTESIAN_POINT('',(0.57,-3.5,2.7));
#6373=DIRECTION('',(0.0,-1.0,0.0));
#6374=DIRECTION('',(0.0,0.0,-1.0));
#6375=ORIENTED_EDGE('',*,*,#9484,.T.);
#6376=ORIENTED_EDGE('',*,*,#9474,.F.);
#6377=ORIENTED_EDGE('',*,*,#9485,.F.);
#6378=ORIENTED_EDGE('',*,*,#9402,.T.);
#6379=CARTESIAN_POINT('',(0.57,-2.23,2.25));
#6380=DIRECTION('',(0.0,-0.333984527886008,-0.942578556478324));
#6381=DIRECTION('',(0.0,-0.942578556478324,0.333984527886008));
#6382=ORIENTED_EDGE('',*,*,#9403,.T.);
#6383=ORIENTED_EDGE('',*,*,#9485,.T.);
#6384=ORIENTED_EDGE('',*,*,#9473,.F.);
#6385=ORIENTED_EDGE('',*,*,#9382,.F.);
#6386=CARTESIAN_POINT('',(0.57,3.7,2.25));
#6387=DIRECTION('',(0.0,0.0,-1.0));
#6388=DIRECTION('',(0.0,-1.0,0.0));
#6389=ORIENTED_EDGE('',*,*,#9486,.F.);
#6390=ORIENTED_EDGE('',*,*,#9487,.F.);
#6391=ORIENTED_EDGE('',*,*,#9488,.F.);
#6392=ORIENTED_EDGE('',*,*,#9489,.F.);
#6393=ORIENTED_EDGE('',*,*,#9427,.T.);
#6394=CARTESIAN_POINT('',(-3.63,0.0,0.0));
#6395=DIRECTION('',(-1.0,0.0,0.0));
#6396=DIRECTION('',(0.0,0.0,1.0));
#6397=ORIENTED_EDGE('',*,*,#9490,.F.);
#6398=ORIENTED_EDGE('',*,*,#9491,.F.);
#6399=ORIENTED_EDGE('',*,*,#9492,.F.);
#6400=ORIENTED_EDGE('',*,*,#9493,.F.);
#6401=ORIENTED_EDGE('',*,*,#9437,.T.);
#6402=CARTESIAN_POINT('',(-3.63,0.0,0.0));
#6403=DIRECTION('',(-1.0,0.0,0.0));
#6404=DIRECTION('',(0.0,0.0,1.0));
#6405=ORIENTED_EDGE('',*,*,#9494,.F.);
#6406=ORIENTED_EDGE('',*,*,#9495,.F.);
#6407=ORIENTED_EDGE('',*,*,#9496,.F.);
#6408=ORIENTED_EDGE('',*,*,#9497,.F.);
#6409=ORIENTED_EDGE('',*,*,#9498,.T.);
#6410=CARTESIAN_POINT('',(-3.63,0.0,0.0));
#6411=DIRECTION('',(-1.0,0.0,0.0));
#6412=DIRECTION('',(0.0,0.0,1.0));
#6413=ORIENTED_EDGE('',*,*,#9499,.F.);
#6414=ORIENTED_EDGE('',*,*,#9500,.F.);
#6415=ORIENTED_EDGE('',*,*,#9501,.F.);
#6416=ORIENTED_EDGE('',*,*,#9502,.F.);
#6417=ORIENTED_EDGE('',*,*,#9503,.T.);
#6418=CARTESIAN_POINT('',(-3.63,0.0,0.0));
#6419=DIRECTION('',(-1.0,0.0,0.0));
#6420=DIRECTION('',(0.0,0.0,1.0));
#6421=ORIENTED_EDGE('',*,*,#9489,.T.);
#6422=ORIENTED_EDGE('',*,*,#9504,.T.);
#6423=ORIENTED_EDGE('',*,*,#9505,.F.);
#6424=ORIENTED_EDGE('',*,*,#9424,.F.);
#6425=CARTESIAN_POINT('',(-3.63,3.7,-1.71));
#6426=DIRECTION('',(0.0,0.0,1.0));
#6427=DIRECTION('',(1.0,0.0,0.0));
#6428=ORIENTED_EDGE('',*,*,#9505,.T.);
#6429=ORIENTED_EDGE('',*,*,#9506,.T.);
#6430=ORIENTED_EDGE('',*,*,#9507,.T.);
#6431=ORIENTED_EDGE('',*,*,#9508,.T.);
#6432=ORIENTED_EDGE('',*,*,#9425,.T.);
#6433=CARTESIAN_POINT('',(-4.77,0.0,0.0));
#6434=DIRECTION('',(-1.0,0.0,0.0));
#6435=DIRECTION('',(0.0,0.0,1.0));
#6436=ORIENTED_EDGE('',*,*,#9509,.T.);
#6437=ORIENTED_EDGE('',*,*,#9510,.T.);
#6438=ORIENTED_EDGE('',*,*,#9511,.T.);
#6439=ORIENTED_EDGE('',*,*,#9512,.T.);
#6440=ORIENTED_EDGE('',*,*,#9435,.T.);
#6441=CARTESIAN_POINT('',(-4.77,0.0,0.0));
#6442=DIRECTION('',(-1.0,0.0,0.0));
#6443=DIRECTION('',(0.0,0.0,1.0));
#6444=ORIENTED_EDGE('',*,*,#9513,.T.);
#6445=ORIENTED_EDGE('',*,*,#9514,.T.);
#6446=ORIENTED_EDGE('',*,*,#9515,.T.);
#6447=ORIENTED_EDGE('',*,*,#9516,.T.);
#6448=ORIENTED_EDGE('',*,*,#9517,.F.);
#6449=CARTESIAN_POINT('',(-4.77,0.0,0.0));
#6450=DIRECTION('',(-1.0,0.0,0.0));
#6451=DIRECTION('',(0.0,0.0,1.0));
#6452=ORIENTED_EDGE('',*,*,#9518,.T.);
#6453=ORIENTED_EDGE('',*,*,#9519,.T.);
#6454=ORIENTED_EDGE('',*,*,#9520,.T.);
#6455=ORIENTED_EDGE('',*,*,#9521,.T.);
#6456=ORIENTED_EDGE('',*,*,#9522,.F.);
#6457=CARTESIAN_POINT('',(-4.77,0.0,0.0));
#6458=DIRECTION('',(-1.0,0.0,0.0));
#6459=DIRECTION('',(0.0,0.0,1.0));
#6460=ORIENTED_EDGE('',*,*,#9508,.F.);
#6461=ORIENTED_EDGE('',*,*,#9523,.F.);
#6462=ORIENTED_EDGE('',*,*,#9486,.T.);
#6463=ORIENTED_EDGE('',*,*,#9426,.T.);
#6464=CARTESIAN_POINT('',(-3.63,4.3,-2.85));
#6465=DIRECTION('',(0.0,0.554700196225229,-0.832050294337844));
#6466=DIRECTION('',(-1.0,0.0,0.0));
#6467=ORIENTED_EDGE('',*,*,#9523,.T.);
#6468=ORIENTED_EDGE('',*,*,#9507,.F.);
#6469=ORIENTED_EDGE('',*,*,#9524,.F.);
#6470=ORIENTED_EDGE('',*,*,#9487,.T.);
#6471=CARTESIAN_POINT('',(-3.63,9.2,-2.85));
#6472=DIRECTION('',(0.0,0.0,-1.0));
#6473=DIRECTION('',(0.0,-1.0,0.0));
#6474=ORIENTED_EDGE('',*,*,#9524,.T.);
#6475=ORIENTED_EDGE('',*,*,#9506,.F.);
#6476=ORIENTED_EDGE('',*,*,#9504,.F.);
#6477=ORIENTED_EDGE('',*,*,#9488,.T.);
#6478=CARTESIAN_POINT('',(-3.63,9.2,-1.71));
#6479=DIRECTION('',(-0.0,1.0,0.0));
#6480=DIRECTION('',(1.0,0.0,0.0));
#6481=ORIENTED_EDGE('',*,*,#9512,.F.);
#6482=ORIENTED_EDGE('',*,*,#9525,.F.);
#6483=ORIENTED_EDGE('',*,*,#9490,.T.);
#6484=ORIENTED_EDGE('',*,*,#9436,.T.);
#6485=CARTESIAN_POINT('',(-3.63,9.2,1.31));
#6486=DIRECTION('',(0.0,0.0,-1.0));
#6487=DIRECTION('',(0.0,-1.0,0.0));
#6488=ORIENTED_EDGE('',*,*,#9525,.T.);
#6489=ORIENTED_EDGE('',*,*,#9511,.F.);
#6490=ORIENTED_EDGE('',*,*,#9526,.F.);
#6491=ORIENTED_EDGE('',*,*,#9491,.T.);
#6492=CARTESIAN_POINT('',(-3.63,9.2,2.45));
#6493=DIRECTION('',(-0.0,1.0,0.0));
#6494=DIRECTION('',(1.0,0.0,0.0));
#6495=ORIENTED_EDGE('',*,*,#9526,.T.);
#6496=ORIENTED_EDGE('',*,*,#9510,.F.);
#6497=ORIENTED_EDGE('',*,*,#9527,.F.);
#6498=ORIENTED_EDGE('',*,*,#9492,.T.);
#6499=CARTESIAN_POINT('',(-3.63,4.3,2.45));
#6500=DIRECTION('',(0.0,0.0,1.0));
#6501=DIRECTION('',(1.0,0.0,0.0));
#6502=ORIENTED_EDGE('',*,*,#9493,.T.);
#6503=ORIENTED_EDGE('',*,*,#9527,.T.);
#6504=ORIENTED_EDGE('',*,*,#9509,.F.);
#6505=ORIENTED_EDGE('',*,*,#9434,.F.);
#6506=CARTESIAN_POINT('',(-3.63,3.7,2.85));
#6507=DIRECTION('',(0.0,0.554700196225229,0.832050294337844));
#6508=DIRECTION('',(1.0,-0.0,0.0));
#6509=ORIENTED_EDGE('',*,*,#9528,.T.);
#6510=ORIENTED_EDGE('',*,*,#8836,.T.);
#6511=ORIENTED_EDGE('',*,*,#9529,.T.);
#6512=ORIENTED_EDGE('',*,*,#8777,.T.);
#6513=ORIENTED_EDGE('',*,*,#9530,.T.);
#6514=ORIENTED_EDGE('',*,*,#8839,.T.);
#6515=ORIENTED_EDGE('',*,*,#9531,.T.);
#6516=ORIENTED_EDGE('',*,*,#8656,.T.);
#6517=ORIENTED_EDGE('',*,*,#9532,.T.);
#6518=ORIENTED_EDGE('',*,*,#9517,.T.);
#6519=ORIENTED_EDGE('',*,*,#9533,.F.);
#6520=ORIENTED_EDGE('',*,*,#9498,.F.);
#6521=CARTESIAN_POINT('',(-23.7,0.8,4.8));
#6522=DIRECTION('',(0.0,-1.0,0.0));
#6523=DIRECTION('',(0.0,0.0,-1.0));
#6524=ORIENTED_EDGE('',*,*,#9534,.T.);
#6525=ORIENTED_EDGE('',*,*,#8573,.T.);
#6526=ORIENTED_EDGE('',*,*,#9535,.T.);
#6527=ORIENTED_EDGE('',*,*,#8510,.T.);
#6528=ORIENTED_EDGE('',*,*,#9536,.T.);
#6529=ORIENTED_EDGE('',*,*,#8570,.T.);
#6530=ORIENTED_EDGE('',*,*,#9537,.T.);
#6531=ORIENTED_EDGE('',*,*,#8998,.F.);
#6532=ORIENTED_EDGE('',*,*,#9538,.T.);
#6533=ORIENTED_EDGE('',*,*,#9522,.T.);
#6534=ORIENTED_EDGE('',*,*,#9539,.F.);
#6535=ORIENTED_EDGE('',*,*,#9503,.F.);
#6536=CARTESIAN_POINT('',(-23.7,0.8,4.8));
#6537=DIRECTION('',(0.0,-1.0,0.0));
#6538=DIRECTION('',(0.0,0.0,-1.0));
#6539=ORIENTED_EDGE('',*,*,#8657,.T.);
#6540=ORIENTED_EDGE('',*,*,#9531,.F.);
#6541=ORIENTED_EDGE('',*,*,#8838,.T.);
#6542=ORIENTED_EDGE('',*,*,#8742,.F.);
#6543=CARTESIAN_POINT('',(-5.2,0.0,-3.8));
#6544=DIRECTION('',(-1.0,0.0,0.0));
#6545=DIRECTION('',(0.0,0.0,1.0));
#6546=ORIENTED_EDGE('',*,*,#8840,.T.);
#6547=ORIENTED_EDGE('',*,*,#9530,.F.);
#6548=ORIENTED_EDGE('',*,*,#8776,.F.);
#6549=ORIENTED_EDGE('',*,*,#8451,.F.);
#6550=CARTESIAN_POINT('',(-5.5,0.0,-0.5));
#6551=DIRECTION('',(-1.0,0.0,0.0));
#6552=DIRECTION('',(0.0,0.0,1.0));
#6553=ORIENTED_EDGE('',*,*,#8778,.T.);
#6554=ORIENTED_EDGE('',*,*,#9529,.F.);
#6555=ORIENTED_EDGE('',*,*,#8835,.F.);
#6556=ORIENTED_EDGE('',*,*,#8445,.T.);
#6557=CARTESIAN_POINT('',(-2.9,0.0,-3.8));
#6558=DIRECTION('',(1.0,0.0,0.0));
#6559=DIRECTION('',(0.0,1.0,0.0));
#6560=ORIENTED_EDGE('',*,*,#8837,.T.);
#6561=ORIENTED_EDGE('',*,*,#9528,.F.);
#6562=ORIENTED_EDGE('',*,*,#8655,.F.);
#6563=ORIENTED_EDGE('',*,*,#8738,.T.);
#6564=CARTESIAN_POINT('',(-3.2,0.0,-4.8));
#6565=DIRECTION('',(1.0,0.0,0.0));
#6566=DIRECTION('',(0.0,1.0,0.0));
#6567=ORIENTED_EDGE('',*,*,#8999,.T.);
#6568=ORIENTED_EDGE('',*,*,#9537,.F.);
#6569=ORIENTED_EDGE('',*,*,#8569,.T.);
#6570=ORIENTED_EDGE('',*,*,#8735,.F.);
#6571=CARTESIAN_POINT('',(-3.2,0.0,3.8));
#6572=DIRECTION('',(1.0,0.0,0.0));
#6573=DIRECTION('',(0.0,1.0,0.0));
#6574=ORIENTED_EDGE('',*,*,#8571,.T.);
#6575=ORIENTED_EDGE('',*,*,#9536,.F.);
#6576=ORIENTED_EDGE('',*,*,#8509,.F.);
#6577=ORIENTED_EDGE('',*,*,#8441,.F.);
#6578=CARTESIAN_POINT('',(-2.9,0.0,0.5));
#6579=DIRECTION('',(1.0,0.0,0.0));
#6580=DIRECTION('',(0.0,1.0,0.0));
#6581=ORIENTED_EDGE('',*,*,#8511,.T.);
#6582=ORIENTED_EDGE('',*,*,#9535,.F.);
#6583=ORIENTED_EDGE('',*,*,#8572,.F.);
#6584=ORIENTED_EDGE('',*,*,#8447,.T.);
#6585=CARTESIAN_POINT('',(-5.5,0.0,3.8));
#6586=DIRECTION('',(-1.0,0.0,0.0));
#6587=DIRECTION('',(0.0,0.0,1.0));
#6588=ORIENTED_EDGE('',*,*,#8574,.T.);
#6589=ORIENTED_EDGE('',*,*,#9534,.F.);
#6590=ORIENTED_EDGE('',*,*,#8997,.F.);
#6591=ORIENTED_EDGE('',*,*,#8739,.T.);
#6592=CARTESIAN_POINT('',(-5.2,0.0,4.8));
#6593=DIRECTION('',(-1.0,0.0,0.0));
#6594=DIRECTION('',(0.0,0.0,1.0));
#6595=ORIENTED_EDGE('',*,*,#9516,.F.);
#6596=ORIENTED_EDGE('',*,*,#9540,.F.);
#6597=ORIENTED_EDGE('',*,*,#9494,.T.);
#6598=ORIENTED_EDGE('',*,*,#9533,.T.);
#6599=CARTESIAN_POINT('',(-3.63,-2.23,-2.65));
#6600=DIRECTION('',(0.0,0.0,1.0));
#6601=DIRECTION('',(1.0,0.0,0.0));
#6602=ORIENTED_EDGE('',*,*,#9540,.T.);
#6603=ORIENTED_EDGE('',*,*,#9515,.F.);
#6604=ORIENTED_EDGE('',*,*,#9541,.F.);
#6605=ORIENTED_EDGE('',*,*,#9495,.T.);
#6606=CARTESIAN_POINT('',(-3.63,-3.5,-3.1));
#6607=DIRECTION('',(0.0,-0.333984527886008,0.942578556478324));
#6608=DIRECTION('',(-1.0,0.0,0.0));
#6609=ORIENTED_EDGE('',*,*,#9541,.T.);
#6610=ORIENTED_EDGE('',*,*,#9514,.F.);
#6611=ORIENTED_EDGE('',*,*,#9542,.F.);
#6612=ORIENTED_EDGE('',*,*,#9496,.T.);
#6613=CARTESIAN_POINT('',(-3.63,-3.5,-3.25));
#6614=DIRECTION('',(0.0,-1.0,0.0));
#6615=DIRECTION('',(0.0,0.0,-1.0));
#6616=ORIENTED_EDGE('',*,*,#9497,.T.);
#6617=ORIENTED_EDGE('',*,*,#9542,.T.);
#6618=ORIENTED_EDGE('',*,*,#9513,.F.);
#6619=ORIENTED_EDGE('',*,*,#9532,.F.);
#6620=CARTESIAN_POINT('',(-3.63,3.7,-3.25));
#6621=DIRECTION('',(0.0,0.0,-1.0));
#6622=DIRECTION('',(0.0,-1.0,0.0));
#6623=ORIENTED_EDGE('',*,*,#9521,.F.);
#6624=ORIENTED_EDGE('',*,*,#9543,.F.);
#6625=ORIENTED_EDGE('',*,*,#9499,.T.);
#6626=ORIENTED_EDGE('',*,*,#9539,.T.);
#6627=CARTESIAN_POINT('',(-3.63,-3.5,2.85));
#6628=DIRECTION('',(0.0,0.0,1.0));
#6629=DIRECTION('',(1.0,0.0,0.0));
#6630=ORIENTED_EDGE('',*,*,#9543,.T.);
#6631=ORIENTED_EDGE('',*,*,#9520,.F.);
#6632=ORIENTED_EDGE('',*,*,#9544,.F.);
#6633=ORIENTED_EDGE('',*,*,#9500,.T.);
#6634=CARTESIAN_POINT('',(-3.63,-3.5,2.7));
#6635=DIRECTION('',(0.0,-1.0,0.0));
#6636=DIRECTION('',(0.0,0.0,-1.0));
#6637=ORIENTED_EDGE('',*,*,#9544,.T.);
#6638=ORIENTED_EDGE('',*,*,#9519,.F.);
#6639=ORIENTED_EDGE('',*,*,#9545,.F.);
#6640=ORIENTED_EDGE('',*,*,#9501,.T.);
#6641=CARTESIAN_POINT('',(-3.63,-2.23,2.25));
#6642=DIRECTION('',(0.0,-0.333984527886008,-0.942578556478324));
#6643=DIRECTION('',(0.0,-0.942578556478324,0.333984527886008));
#6644=ORIENTED_EDGE('',*,*,#9502,.T.);
#6645=ORIENTED_EDGE('',*,*,#9545,.T.);
#6646=ORIENTED_EDGE('',*,*,#9518,.F.);
#6647=ORIENTED_EDGE('',*,*,#9538,.F.);
#6648=CARTESIAN_POINT('',(-3.63,3.7,2.25));
#6649=DIRECTION('',(0.0,0.0,-1.0));
#6650=DIRECTION('',(0.0,-1.0,0.0));
#6651=ORIENTED_EDGE('',*,*,#8996,.T.);
#6652=ORIENTED_EDGE('',*,*,#9546,.F.);
#6653=ORIENTED_EDGE('',*,*,#8576,.T.);
#6654=ORIENTED_EDGE('',*,*,#8741,.F.);
#6655=CARTESIAN_POINT('',(-7.4,0.0,3.8));
#6656=DIRECTION('',(1.0,0.0,0.0));
#6657=DIRECTION('',(0.0,1.0,0.0));
#6658=ORIENTED_EDGE('',*,*,#9547,.T.);
#6659=ORIENTED_EDGE('',*,*,#8842,.T.);
#6660=ORIENTED_EDGE('',*,*,#9548,.T.);
#6661=ORIENTED_EDGE('',*,*,#8774,.T.);
#6662=ORIENTED_EDGE('',*,*,#9549,.T.);
#6663=ORIENTED_EDGE('',*,*,#8845,.T.);
#6664=ORIENTED_EDGE('',*,*,#9550,.T.);
#6665=ORIENTED_EDGE('',*,*,#8660,.T.);
#6666=ORIENTED_EDGE('',*,*,#9551,.T.);
#6667=ORIENTED_EDGE('',*,*,#9552,.T.);
#6668=ORIENTED_EDGE('',*,*,#9553,.F.);
#6669=ORIENTED_EDGE('',*,*,#9554,.F.);
#6670=CARTESIAN_POINT('',(-23.7,0.8,4.8));
#6671=DIRECTION('',(0.0,-1.0,0.0));
#6672=DIRECTION('',(0.0,0.0,-1.0));
#6673=ORIENTED_EDGE('',*,*,#9555,.T.);
#6674=ORIENTED_EDGE('',*,*,#8580,.T.);
#6675=ORIENTED_EDGE('',*,*,#9556,.T.);
#6676=ORIENTED_EDGE('',*,*,#8513,.T.);
#6677=ORIENTED_EDGE('',*,*,#9557,.T.);
#6678=ORIENTED_EDGE('',*,*,#8577,.T.);
#6679=ORIENTED_EDGE('',*,*,#9546,.T.);
#6680=ORIENTED_EDGE('',*,*,#8995,.F.);
#6681=ORIENTED_EDGE('',*,*,#9558,.T.);
#6682=ORIENTED_EDGE('',*,*,#9559,.T.);
#6683=ORIENTED_EDGE('',*,*,#9560,.F.);
#6684=ORIENTED_EDGE('',*,*,#9561,.F.);
#6685=CARTESIAN_POINT('',(-23.7,0.8,4.8));
#6686=DIRECTION('',(0.0,-1.0,0.0));
#6687=DIRECTION('',(0.0,0.0,-1.0));
#6688=ORIENTED_EDGE('',*,*,#8661,.T.);
#6689=ORIENTED_EDGE('',*,*,#9550,.F.);
#6690=ORIENTED_EDGE('',*,*,#8844,.T.);
#6691=ORIENTED_EDGE('',*,*,#8748,.F.);
#6692=CARTESIAN_POINT('',(-9.4,0.0,-3.8));
#6693=DIRECTION('',(-1.0,0.0,0.0));
#6694=DIRECTION('',(0.0,0.0,1.0));
#6695=ORIENTED_EDGE('',*,*,#8846,.T.);
#6696=ORIENTED_EDGE('',*,*,#9549,.F.);
#6697=ORIENTED_EDGE('',*,*,#8773,.F.);
#6698=ORIENTED_EDGE('',*,*,#8459,.F.);
#6699=CARTESIAN_POINT('',(-9.7,0.0,-0.5));
#6700=DIRECTION('',(-1.0,0.0,0.0));
#6701=DIRECTION('',(0.0,0.0,1.0));
#6702=ORIENTED_EDGE('',*,*,#8775,.T.);
#6703=ORIENTED_EDGE('',*,*,#9548,.F.);
#6704=ORIENTED_EDGE('',*,*,#8841,.F.);
#6705=ORIENTED_EDGE('',*,*,#8453,.T.);
#6706=CARTESIAN_POINT('',(-7.1,0.0,-3.8));
#6707=DIRECTION('',(1.0,0.0,0.0));
#6708=DIRECTION('',(0.0,1.0,0.0));
#6709=ORIENTED_EDGE('',*,*,#8843,.T.);
#6710=ORIENTED_EDGE('',*,*,#9547,.F.);
#6711=ORIENTED_EDGE('',*,*,#8659,.F.);
#6712=ORIENTED_EDGE('',*,*,#8744,.T.);
#6713=CARTESIAN_POINT('',(-7.4,0.0,-4.8));
#6714=DIRECTION('',(1.0,0.0,0.0));
#6715=DIRECTION('',(0.0,1.0,0.0));
#6716=ORIENTED_EDGE('',*,*,#8578,.T.);
#6717=ORIENTED_EDGE('',*,*,#9557,.F.);
#6718=ORIENTED_EDGE('',*,*,#8512,.F.);
#6719=ORIENTED_EDGE('',*,*,#8449,.F.);
#6720=CARTESIAN_POINT('',(-7.1,0.0,0.5));
#6721=DIRECTION('',(1.0,0.0,0.0));
#6722=DIRECTION('',(0.0,1.0,0.0));
#6723=ORIENTED_EDGE('',*,*,#8514,.T.);
#6724=ORIENTED_EDGE('',*,*,#9556,.F.);
#6725=ORIENTED_EDGE('',*,*,#8579,.F.);
#6726=ORIENTED_EDGE('',*,*,#8455,.T.);
#6727=CARTESIAN_POINT('',(-9.7,0.0,3.8));
#6728=DIRECTION('',(-1.0,0.0,0.0));
#6729=DIRECTION('',(0.0,0.0,1.0));
#6730=ORIENTED_EDGE('',*,*,#8581,.T.);
#6731=ORIENTED_EDGE('',*,*,#9555,.F.);
#6732=ORIENTED_EDGE('',*,*,#8994,.F.);
#6733=ORIENTED_EDGE('',*,*,#8745,.T.);
#6734=CARTESIAN_POINT('',(-9.4,0.0,4.8));
#6735=DIRECTION('',(-1.0,0.0,0.0));
#6736=DIRECTION('',(0.0,0.0,1.0));
#6737=ORIENTED_EDGE('',*,*,#9562,.F.);
#6738=ORIENTED_EDGE('',*,*,#9563,.F.);
#6739=ORIENTED_EDGE('',*,*,#9564,.F.);
#6740=ORIENTED_EDGE('',*,*,#9565,.F.);
#6741=ORIENTED_EDGE('',*,*,#9566,.T.);
#6742=CARTESIAN_POINT('',(-7.83,0.0,0.0));
#6743=DIRECTION('',(-1.0,0.0,0.0));
#6744=DIRECTION('',(0.0,0.0,1.0));
#6745=ORIENTED_EDGE('',*,*,#9567,.F.);
#6746=ORIENTED_EDGE('',*,*,#9568,.F.);
#6747=ORIENTED_EDGE('',*,*,#9569,.F.);
#6748=ORIENTED_EDGE('',*,*,#9570,.F.);
#6749=ORIENTED_EDGE('',*,*,#9571,.T.);
#6750=CARTESIAN_POINT('',(-7.83,0.0,0.0));
#6751=DIRECTION('',(-1.0,0.0,0.0));
#6752=DIRECTION('',(0.0,0.0,1.0));
#6753=ORIENTED_EDGE('',*,*,#9572,.F.);
#6754=ORIENTED_EDGE('',*,*,#9573,.F.);
#6755=ORIENTED_EDGE('',*,*,#9574,.F.);
#6756=ORIENTED_EDGE('',*,*,#9575,.F.);
#6757=ORIENTED_EDGE('',*,*,#9554,.T.);
#6758=CARTESIAN_POINT('',(-7.83,0.0,0.0));
#6759=DIRECTION('',(-1.0,0.0,0.0));
#6760=DIRECTION('',(0.0,0.0,1.0));
#6761=ORIENTED_EDGE('',*,*,#9576,.F.);
#6762=ORIENTED_EDGE('',*,*,#9577,.F.);
#6763=ORIENTED_EDGE('',*,*,#9578,.F.);
#6764=ORIENTED_EDGE('',*,*,#9579,.F.);
#6765=ORIENTED_EDGE('',*,*,#9561,.T.);
#6766=CARTESIAN_POINT('',(-7.83,0.0,0.0));
#6767=DIRECTION('',(-1.0,0.0,0.0));
#6768=DIRECTION('',(0.0,0.0,1.0));
#6769=ORIENTED_EDGE('',*,*,#9580,.T.);
#6770=ORIENTED_EDGE('',*,*,#9581,.T.);
#6771=ORIENTED_EDGE('',*,*,#9582,.T.);
#6772=ORIENTED_EDGE('',*,*,#9583,.T.);
#6773=ORIENTED_EDGE('',*,*,#9584,.T.);
#6774=ORIENTED_EDGE('',*,*,#9585,.F.);
#6775=ORIENTED_EDGE('',*,*,#9586,.F.);
#6776=ORIENTED_EDGE('',*,*,#9571,.F.);
#6777=CARTESIAN_POINT('',(-23.7,3.7,-4.8));
#6778=DIRECTION('',(-0.0,1.0,0.0));
#6779=DIRECTION('',(1.0,0.0,0.0));
#6780=ORIENTED_EDGE('',*,*,#9587,.T.);
#6781=ORIENTED_EDGE('',*,*,#9588,.T.);
#6782=ORIENTED_EDGE('',*,*,#9589,.T.);
#6783=ORIENTED_EDGE('',*,*,#9590,.T.);
#6784=ORIENTED_EDGE('',*,*,#9591,.T.);
#6785=ORIENTED_EDGE('',*,*,#9592,.T.);
#6786=ORIENTED_EDGE('',*,*,#9593,.T.);
#6787=ORIENTED_EDGE('',*,*,#9594,.F.);
#6788=ORIENTED_EDGE('',*,*,#9595,.F.);
#6789=ORIENTED_EDGE('',*,*,#9566,.F.);
#6790=CARTESIAN_POINT('',(-23.7,3.7,-4.8));
#6791=DIRECTION('',(-0.0,1.0,0.0));
#6792=DIRECTION('',(1.0,0.0,0.0));
#6793=ORIENTED_EDGE('',*,*,#9596,.T.);
#6794=ORIENTED_EDGE('',*,*,#9597,.T.);
#6795=ORIENTED_EDGE('',*,*,#9598,.T.);
#6796=ORIENTED_EDGE('',*,*,#9599,.T.);
#6797=ORIENTED_EDGE('',*,*,#9600,.T.);
#6798=ORIENTED_EDGE('',*,*,#9601,.T.);
#6799=ORIENTED_EDGE('',*,*,#9602,.T.);
#6800=ORIENTED_EDGE('',*,*,#9603,.F.);
#6801=ORIENTED_EDGE('',*,*,#9604,.F.);
#6802=ORIENTED_EDGE('',*,*,#9605,.F.);
#6803=CARTESIAN_POINT('',(-23.7,3.7,-4.8));
#6804=DIRECTION('',(-0.0,1.0,0.0));
#6805=DIRECTION('',(1.0,0.0,0.0));
#6806=ORIENTED_EDGE('',*,*,#9606,.T.);
#6807=ORIENTED_EDGE('',*,*,#9607,.T.);
#6808=ORIENTED_EDGE('',*,*,#9608,.T.);
#6809=ORIENTED_EDGE('',*,*,#9609,.T.);
#6810=ORIENTED_EDGE('',*,*,#9610,.T.);
#6811=ORIENTED_EDGE('',*,*,#9611,.F.);
#6812=ORIENTED_EDGE('',*,*,#9612,.F.);
#6813=ORIENTED_EDGE('',*,*,#9613,.F.);
#6814=CARTESIAN_POINT('',(-23.7,3.7,-4.8));
#6815=DIRECTION('',(-0.0,1.0,0.0));
#6816=DIRECTION('',(1.0,0.0,0.0));
#6817=ORIENTED_EDGE('',*,*,#9614,.T.);
#6818=ORIENTED_EDGE('',*,*,#9583,.F.);
#6819=ORIENTED_EDGE('',*,*,#9615,.F.);
#6820=ORIENTED_EDGE('',*,*,#8962,.T.);
#6821=CARTESIAN_POINT('',(-6.6,12.8,3.9));
#6822=DIRECTION('',(1.0,0.0,0.0));
#6823=DIRECTION('',(0.0,1.0,0.0));
#6824=ORIENTED_EDGE('',*,*,#9615,.T.);
#6825=ORIENTED_EDGE('',*,*,#9582,.F.);
#6826=ORIENTED_EDGE('',*,*,#9616,.F.);
#6827=ORIENTED_EDGE('',*,*,#8959,.T.);
#6828=CARTESIAN_POINT('',(-10.2,12.8,3.9));
#6829=DIRECTION('',(0.0,0.0,1.0));
#6830=DIRECTION('',(1.0,0.0,0.0));
#6831=ORIENTED_EDGE('',*,*,#9616,.T.);
#6832=ORIENTED_EDGE('',*,*,#9581,.F.);
#6833=ORIENTED_EDGE('',*,*,#9617,.F.);
#6834=ORIENTED_EDGE('',*,*,#8960,.T.);
#6835=CARTESIAN_POINT('',(-10.2,12.8,0.3));
#6836=DIRECTION('',(-1.0,0.0,0.0));
#6837=DIRECTION('',(0.0,0.0,1.0));
#6838=ORIENTED_EDGE('',*,*,#9617,.T.);
#6839=ORIENTED_EDGE('',*,*,#9580,.F.);
#6840=ORIENTED_EDGE('',*,*,#9614,.F.);
#6841=ORIENTED_EDGE('',*,*,#8961,.T.);
#6842=CARTESIAN_POINT('',(-6.6,12.8,0.3));
#6843=DIRECTION('',(0.0,0.0,-1.0));
#6844=DIRECTION('',(0.0,-1.0,0.0));
#6845=ORIENTED_EDGE('',*,*,#9618,.T.);
#6846=ORIENTED_EDGE('',*,*,#9592,.F.);
#6847=ORIENTED_EDGE('',*,*,#9619,.F.);
#6848=ORIENTED_EDGE('',*,*,#8968,.T.);
#6849=CARTESIAN_POINT('',(-6.6,12.8,-1.2));
#6850=DIRECTION('',(1.0,0.0,0.0));
#6851=DIRECTION('',(0.0,1.0,0.0));
#6852=ORIENTED_EDGE('',*,*,#9619,.T.);
#6853=ORIENTED_EDGE('',*,*,#9591,.F.);
#6854=ORIENTED_EDGE('',*,*,#9620,.F.);
#6855=ORIENTED_EDGE('',*,*,#8963,.T.);
#6856=CARTESIAN_POINT('',(-7.5,12.8,-0.3));
#6857=DIRECTION('',(0.707106781186598,0.0,0.707106781186498));
#6858=DIRECTION('',(0.0,-1.0,0.0));
#6859=ORIENTED_EDGE('',*,*,#9620,.T.);
#6860=ORIENTED_EDGE('',*,*,#9590,.F.);
#6861=ORIENTED_EDGE('',*,*,#9621,.F.);
#6862=ORIENTED_EDGE('',*,*,#8964,.T.);
#6863=CARTESIAN_POINT('',(-9.3,12.8,-0.3));
#6864=DIRECTION('',(0.0,0.0,1.0));
#6865=DIRECTION('',(1.0,0.0,0.0));
#6866=ORIENTED_EDGE('',*,*,#9621,.T.);
#6867=ORIENTED_EDGE('',*,*,#9589,.F.);
#6868=ORIENTED_EDGE('',*,*,#9622,.F.);
#6869=ORIENTED_EDGE('',*,*,#8965,.T.);
#6870=CARTESIAN_POINT('',(-10.2,12.8,-1.2));
#6871=DIRECTION('',(-0.707106781186598,0.0,0.707106781186498));
#6872=DIRECTION('',(0.0,1.0,0.0));
#6873=ORIENTED_EDGE('',*,*,#9622,.T.);
#6874=ORIENTED_EDGE('',*,*,#9588,.F.);
#6875=ORIENTED_EDGE('',*,*,#9623,.F.);
#6876=ORIENTED_EDGE('',*,*,#8966,.T.);
#6877=CARTESIAN_POINT('',(-10.2,12.8,-3.9));
#6878=DIRECTION('',(-1.0,0.0,0.0));
#6879=DIRECTION('',(0.0,0.0,1.0));
#6880=ORIENTED_EDGE('',*,*,#9623,.T.);
#6881=ORIENTED_EDGE('',*,*,#9587,.F.);
#6882=ORIENTED_EDGE('',*,*,#9618,.F.);
#6883=ORIENTED_EDGE('',*,*,#8967,.T.);
#6884=CARTESIAN_POINT('',(-6.6,12.8,-3.9));
#6885=DIRECTION('',(0.0,0.0,-1.0));
#6886=DIRECTION('',(0.0,-1.0,0.0));
#6887=ORIENTED_EDGE('',*,*,#9624,.T.);
#6888=ORIENTED_EDGE('',*,*,#9601,.F.);
#6889=ORIENTED_EDGE('',*,*,#9625,.F.);
#6890=ORIENTED_EDGE('',*,*,#8974,.T.);
#6891=CARTESIAN_POINT('',(-10.8,12.8,-3.9));
#6892=DIRECTION('',(0.0,0.0,-1.0));
#6893=DIRECTION('',(0.0,-1.0,0.0));
#6894=ORIENTED_EDGE('',*,*,#9625,.T.);
#6895=ORIENTED_EDGE('',*,*,#9600,.F.);
#6896=ORIENTED_EDGE('',*,*,#9626,.F.);
#6897=ORIENTED_EDGE('',*,*,#8969,.T.);
#6898=CARTESIAN_POINT('',(-10.8,12.8,-1.2));
#6899=DIRECTION('',(1.0,0.0,0.0));
#6900=DIRECTION('',(0.0,1.0,0.0));
#6901=ORIENTED_EDGE('',*,*,#9626,.T.);
#6902=ORIENTED_EDGE('',*,*,#9599,.F.);
#6903=ORIENTED_EDGE('',*,*,#9627,.F.);
#6904=ORIENTED_EDGE('',*,*,#8970,.T.);
#6905=CARTESIAN_POINT('',(-11.7,12.8,-0.3));
#6906=DIRECTION('',(0.707106781186598,0.0,0.707106781186498));
#6907=DIRECTION('',(0.0,-1.0,0.0));
#6908=ORIENTED_EDGE('',*,*,#9627,.T.);
#6909=ORIENTED_EDGE('',*,*,#9598,.F.);
#6910=ORIENTED_EDGE('',*,*,#9628,.F.);
#6911=ORIENTED_EDGE('',*,*,#8971,.T.);
#6912=CARTESIAN_POINT('',(-13.5,12.8,-0.3));
#6913=DIRECTION('',(0.0,0.0,1.0));
#6914=DIRECTION('',(1.0,0.0,0.0));
#6915=ORIENTED_EDGE('',*,*,#9628,.T.);
#6916=ORIENTED_EDGE('',*,*,#9597,.F.);
#6917=ORIENTED_EDGE('',*,*,#9629,.F.);
#6918=ORIENTED_EDGE('',*,*,#8972,.T.);
#6919=CARTESIAN_POINT('',(-14.4,12.8,-1.2));
#6920=DIRECTION('',(-0.707106781186598,0.0,0.707106781186498));
#6921=DIRECTION('',(0.0,1.0,0.0));
#6922=ORIENTED_EDGE('',*,*,#9629,.T.);
#6923=ORIENTED_EDGE('',*,*,#9596,.F.);
#6924=ORIENTED_EDGE('',*,*,#9624,.F.);
#6925=ORIENTED_EDGE('',*,*,#8973,.T.);
#6926=CARTESIAN_POINT('',(-14.4,12.8,-3.9));
#6927=DIRECTION('',(-1.0,0.0,0.0));
#6928=DIRECTION('',(0.0,0.0,1.0));
#6929=ORIENTED_EDGE('',*,*,#9630,.T.);
#6930=ORIENTED_EDGE('',*,*,#9609,.F.);
#6931=ORIENTED_EDGE('',*,*,#9631,.F.);
#6932=ORIENTED_EDGE('',*,*,#8978,.T.);
#6933=CARTESIAN_POINT('',(-10.8,12.8,0.3));
#6934=DIRECTION('',(0.0,0.0,-1.0));
#6935=DIRECTION('',(0.0,-1.0,0.0));
#6936=ORIENTED_EDGE('',*,*,#9631,.T.);
#6937=ORIENTED_EDGE('',*,*,#9608,.F.);
#6938=ORIENTED_EDGE('',*,*,#9632,.F.);
#6939=ORIENTED_EDGE('',*,*,#8975,.T.);
#6940=CARTESIAN_POINT('',(-10.8,12.8,3.9));
#6941=DIRECTION('',(1.0,0.0,0.0));
#6942=DIRECTION('',(0.0,1.0,0.0));
#6943=ORIENTED_EDGE('',*,*,#9632,.T.);
#6944=ORIENTED_EDGE('',*,*,#9607,.F.);
#6945=ORIENTED_EDGE('',*,*,#9633,.F.);
#6946=ORIENTED_EDGE('',*,*,#8976,.T.);
#6947=CARTESIAN_POINT('',(-14.4,12.8,3.9));
#6948=DIRECTION('',(0.0,0.0,1.0));
#6949=DIRECTION('',(1.0,0.0,0.0));
#6950=ORIENTED_EDGE('',*,*,#9633,.T.);
#6951=ORIENTED_EDGE('',*,*,#9606,.F.);
#6952=ORIENTED_EDGE('',*,*,#9630,.F.);
#6953=ORIENTED_EDGE('',*,*,#8977,.T.);
#6954=CARTESIAN_POINT('',(-14.4,12.8,0.3));
#6955=DIRECTION('',(-1.0,0.0,0.0));
#6956=DIRECTION('',(0.0,0.0,1.0));
#6957=ORIENTED_EDGE('',*,*,#9634,.F.);
#6958=ORIENTED_EDGE('',*,*,#9635,.F.);
#6959=ORIENTED_EDGE('',*,*,#9562,.T.);
#6960=ORIENTED_EDGE('',*,*,#9595,.T.);
#6961=CARTESIAN_POINT('',(-7.83,4.3,-2.85));
#6962=DIRECTION('',(0.0,0.554700196225229,-0.832050294337844));
#6963=DIRECTION('',(-1.0,0.0,0.0));
#6964=ORIENTED_EDGE('',*,*,#9635,.T.);
#6965=ORIENTED_EDGE('',*,*,#9636,.F.);
#6966=ORIENTED_EDGE('',*,*,#9637,.F.);
#6967=ORIENTED_EDGE('',*,*,#9563,.T.);
#6968=CARTESIAN_POINT('',(-7.83,9.2,-2.85));
#6969=DIRECTION('',(0.0,0.0,-1.0));
#6970=DIRECTION('',(0.0,-1.0,0.0));
#6971=ORIENTED_EDGE('',*,*,#9637,.T.);
#6972=ORIENTED_EDGE('',*,*,#9638,.F.);
#6973=ORIENTED_EDGE('',*,*,#9639,.F.);
#6974=ORIENTED_EDGE('',*,*,#9564,.T.);
#6975=CARTESIAN_POINT('',(-7.83,9.2,-1.71));
#6976=DIRECTION('',(-0.0,1.0,0.0));
#6977=DIRECTION('',(1.0,0.0,0.0));
#6978=ORIENTED_EDGE('',*,*,#9565,.T.);
#6979=ORIENTED_EDGE('',*,*,#9639,.T.);
#6980=ORIENTED_EDGE('',*,*,#9640,.F.);
#6981=ORIENTED_EDGE('',*,*,#9593,.F.);
#6982=CARTESIAN_POINT('',(-7.83,3.7,-1.71));
#6983=DIRECTION('',(0.0,0.0,1.0));
#6984=DIRECTION('',(1.0,0.0,0.0));
#6985=ORIENTED_EDGE('',*,*,#9640,.T.);
#6986=ORIENTED_EDGE('',*,*,#9638,.T.);
#6987=ORIENTED_EDGE('',*,*,#9636,.T.);
#6988=ORIENTED_EDGE('',*,*,#9634,.T.);
#6989=ORIENTED_EDGE('',*,*,#9594,.T.);
#6990=CARTESIAN_POINT('',(-8.97,0.0,0.0));
#6991=DIRECTION('',(-1.0,0.0,0.0));
#6992=DIRECTION('',(0.0,0.0,1.0));
#6993=ORIENTED_EDGE('',*,*,#9641,.T.);
#6994=ORIENTED_EDGE('',*,*,#9642,.T.);
#6995=ORIENTED_EDGE('',*,*,#9643,.T.);
#6996=ORIENTED_EDGE('',*,*,#9644,.T.);
#6997=ORIENTED_EDGE('',*,*,#9585,.T.);
#6998=CARTESIAN_POINT('',(-8.97,0.0,0.0));
#6999=DIRECTION('',(-1.0,0.0,0.0));
#7000=DIRECTION('',(0.0,0.0,1.0));
#7001=ORIENTED_EDGE('',*,*,#9645,.T.);
#7002=ORIENTED_EDGE('',*,*,#9646,.T.);
#7003=ORIENTED_EDGE('',*,*,#9647,.T.);
#7004=ORIENTED_EDGE('',*,*,#9648,.T.);
#7005=ORIENTED_EDGE('',*,*,#9552,.F.);
#7006=CARTESIAN_POINT('',(-8.97,0.0,0.0));
#7007=DIRECTION('',(-1.0,0.0,0.0));
#7008=DIRECTION('',(0.0,0.0,1.0));
#7009=ORIENTED_EDGE('',*,*,#9649,.T.);
#7010=ORIENTED_EDGE('',*,*,#9650,.T.);
#7011=ORIENTED_EDGE('',*,*,#9651,.T.);
#7012=ORIENTED_EDGE('',*,*,#9652,.T.);
#7013=ORIENTED_EDGE('',*,*,#9559,.F.);
#7014=CARTESIAN_POINT('',(-8.97,0.0,0.0));
#7015=DIRECTION('',(-1.0,0.0,0.0));
#7016=DIRECTION('',(0.0,0.0,1.0));
#7017=ORIENTED_EDGE('',*,*,#9644,.F.);
#7018=ORIENTED_EDGE('',*,*,#9653,.F.);
#7019=ORIENTED_EDGE('',*,*,#9567,.T.);
#7020=ORIENTED_EDGE('',*,*,#9586,.T.);
#7021=CARTESIAN_POINT('',(-7.83,9.2,1.31));
#7022=DIRECTION('',(0.0,0.0,-1.0));
#7023=DIRECTION('',(0.0,-1.0,0.0));
#7024=ORIENTED_EDGE('',*,*,#9653,.T.);
#7025=ORIENTED_EDGE('',*,*,#9643,.F.);
#7026=ORIENTED_EDGE('',*,*,#9654,.F.);
#7027=ORIENTED_EDGE('',*,*,#9568,.T.);
#7028=CARTESIAN_POINT('',(-7.83,9.2,2.45));
#7029=DIRECTION('',(-0.0,1.0,0.0));
#7030=DIRECTION('',(1.0,0.0,0.0));
#7031=ORIENTED_EDGE('',*,*,#9654,.T.);
#7032=ORIENTED_EDGE('',*,*,#9642,.F.);
#7033=ORIENTED_EDGE('',*,*,#9655,.F.);
#7034=ORIENTED_EDGE('',*,*,#9569,.T.);
#7035=CARTESIAN_POINT('',(-7.83,4.3,2.45));
#7036=DIRECTION('',(0.0,0.0,1.0));
#7037=DIRECTION('',(1.0,0.0,0.0));
#7038=ORIENTED_EDGE('',*,*,#9570,.T.);
#7039=ORIENTED_EDGE('',*,*,#9655,.T.);
#7040=ORIENTED_EDGE('',*,*,#9641,.F.);
#7041=ORIENTED_EDGE('',*,*,#9584,.F.);
#7042=CARTESIAN_POINT('',(-7.83,3.7,2.85));
#7043=DIRECTION('',(0.0,0.554700196225229,0.832050294337844));
#7044=DIRECTION('',(1.0,-0.0,0.0));
#7045=ORIENTED_EDGE('',*,*,#9648,.F.);
#7046=ORIENTED_EDGE('',*,*,#9656,.F.);
#7047=ORIENTED_EDGE('',*,*,#9572,.T.);
#7048=ORIENTED_EDGE('',*,*,#9553,.T.);
#7049=CARTESIAN_POINT('',(-7.83,-2.23,-2.65));
#7050=DIRECTION('',(0.0,0.0,1.0));
#7051=DIRECTION('',(1.0,0.0,0.0));
#7052=ORIENTED_EDGE('',*,*,#9656,.T.);
#7053=ORIENTED_EDGE('',*,*,#9647,.F.);
#7054=ORIENTED_EDGE('',*,*,#9657,.F.);
#7055=ORIENTED_EDGE('',*,*,#9573,.T.);
#7056=CARTESIAN_POINT('',(-7.83,-3.5,-3.1));
#7057=DIRECTION('',(0.0,-0.333984527886008,0.942578556478324));
#7058=DIRECTION('',(-1.0,0.0,0.0));
#7059=ORIENTED_EDGE('',*,*,#9657,.T.);
#7060=ORIENTED_EDGE('',*,*,#9646,.F.);
#7061=ORIENTED_EDGE('',*,*,#9658,.F.);
#7062=ORIENTED_EDGE('',*,*,#9574,.T.);
#7063=CARTESIAN_POINT('',(-7.83,-3.5,-3.25));
#7064=DIRECTION('',(0.0,-1.0,0.0));
#7065=DIRECTION('',(0.0,0.0,-1.0));
#7066=ORIENTED_EDGE('',*,*,#9575,.T.);
#7067=ORIENTED_EDGE('',*,*,#9658,.T.);
#7068=ORIENTED_EDGE('',*,*,#9645,.F.);
#7069=ORIENTED_EDGE('',*,*,#9551,.F.);
#7070=CARTESIAN_POINT('',(-7.83,3.7,-3.25));
#7071=DIRECTION('',(0.0,0.0,-1.0));
#7072=DIRECTION('',(0.0,-1.0,0.0));
#7073=ORIENTED_EDGE('',*,*,#9652,.F.);
#7074=ORIENTED_EDGE('',*,*,#9659,.F.);
#7075=ORIENTED_EDGE('',*,*,#9576,.T.);
#7076=ORIENTED_EDGE('',*,*,#9560,.T.);
#7077=CARTESIAN_POINT('',(-7.83,-3.5,2.85));
#7078=DIRECTION('',(0.0,0.0,1.0));
#7079=DIRECTION('',(1.0,0.0,0.0));
#7080=ORIENTED_EDGE('',*,*,#9659,.T.);
#7081=ORIENTED_EDGE('',*,*,#9651,.F.);
#7082=ORIENTED_EDGE('',*,*,#9660,.F.);
#7083=ORIENTED_EDGE('',*,*,#9577,.T.);
#7084=CARTESIAN_POINT('',(-7.83,-3.5,2.7));
#7085=DIRECTION('',(0.0,-1.0,0.0));
#7086=DIRECTION('',(0.0,0.0,-1.0));
#7087=ORIENTED_EDGE('',*,*,#9660,.T.);
#7088=ORIENTED_EDGE('',*,*,#9650,.F.);
#7089=ORIENTED_EDGE('',*,*,#9661,.F.);
#7090=ORIENTED_EDGE('',*,*,#9578,.T.);
#7091=CARTESIAN_POINT('',(-7.83,-2.23,2.25));
#7092=DIRECTION('',(0.0,-0.333984527886008,-0.942578556478324));
#7093=DIRECTION('',(0.0,-0.942578556478324,0.333984527886008));
#7094=ORIENTED_EDGE('',*,*,#9579,.T.);
#7095=ORIENTED_EDGE('',*,*,#9661,.T.);
#7096=ORIENTED_EDGE('',*,*,#9649,.F.);
#7097=ORIENTED_EDGE('',*,*,#9558,.F.);
#7098=CARTESIAN_POINT('',(-7.83,3.7,2.25));
#7099=DIRECTION('',(0.0,0.0,-1.0));
#7100=DIRECTION('',(0.0,-1.0,0.0));
#7101=ORIENTED_EDGE('',*,*,#9662,.F.);
#7102=ORIENTED_EDGE('',*,*,#9663,.F.);
#7103=ORIENTED_EDGE('',*,*,#9664,.F.);
#7104=ORIENTED_EDGE('',*,*,#9665,.F.);
#7105=ORIENTED_EDGE('',*,*,#9605,.T.);
#7106=CARTESIAN_POINT('',(-12.03,0.0,0.0));
#7107=DIRECTION('',(-1.0,0.0,0.0));
#7108=DIRECTION('',(0.0,0.0,1.0));
#7109=ORIENTED_EDGE('',*,*,#9666,.F.);
#7110=ORIENTED_EDGE('',*,*,#9667,.F.);
#7111=ORIENTED_EDGE('',*,*,#9668,.F.);
#7112=ORIENTED_EDGE('',*,*,#9669,.F.);
#7113=ORIENTED_EDGE('',*,*,#9613,.T.);
#7114=CARTESIAN_POINT('',(-12.03,0.0,0.0));
#7115=DIRECTION('',(-1.0,0.0,0.0));
#7116=DIRECTION('',(0.0,0.0,1.0));
#7117=ORIENTED_EDGE('',*,*,#9670,.F.);
#7118=ORIENTED_EDGE('',*,*,#9671,.F.);
#7119=ORIENTED_EDGE('',*,*,#9672,.F.);
#7120=ORIENTED_EDGE('',*,*,#9673,.F.);
#7121=ORIENTED_EDGE('',*,*,#9674,.T.);
#7122=CARTESIAN_POINT('',(-12.03,0.0,0.0));
#7123=DIRECTION('',(-1.0,0.0,0.0));
#7124=DIRECTION('',(0.0,0.0,1.0));
#7125=ORIENTED_EDGE('',*,*,#9675,.F.);
#7126=ORIENTED_EDGE('',*,*,#9676,.F.);
#7127=ORIENTED_EDGE('',*,*,#9677,.F.);
#7128=ORIENTED_EDGE('',*,*,#9678,.F.);
#7129=ORIENTED_EDGE('',*,*,#9679,.T.);
#7130=CARTESIAN_POINT('',(-12.03,0.0,0.0));
#7131=DIRECTION('',(-1.0,0.0,0.0));
#7132=DIRECTION('',(0.0,0.0,1.0));
#7133=ORIENTED_EDGE('',*,*,#9665,.T.);
#7134=ORIENTED_EDGE('',*,*,#9680,.T.);
#7135=ORIENTED_EDGE('',*,*,#9681,.F.);
#7136=ORIENTED_EDGE('',*,*,#9602,.F.);
#7137=CARTESIAN_POINT('',(-12.03,3.7,-1.71));
#7138=DIRECTION('',(0.0,0.0,1.0));
#7139=DIRECTION('',(1.0,0.0,0.0));
#7140=ORIENTED_EDGE('',*,*,#9681,.T.);
#7141=ORIENTED_EDGE('',*,*,#9682,.T.);
#7142=ORIENTED_EDGE('',*,*,#9683,.T.);
#7143=ORIENTED_EDGE('',*,*,#9684,.T.);
#7144=ORIENTED_EDGE('',*,*,#9603,.T.);
#7145=CARTESIAN_POINT('',(-13.17,0.0,0.0));
#7146=DIRECTION('',(-1.0,0.0,0.0));
#7147=DIRECTION('',(0.0,0.0,1.0));
#7148=ORIENTED_EDGE('',*,*,#9685,.T.);
#7149=ORIENTED_EDGE('',*,*,#9686,.T.);
#7150=ORIENTED_EDGE('',*,*,#9687,.T.);
#7151=ORIENTED_EDGE('',*,*,#9688,.T.);
#7152=ORIENTED_EDGE('',*,*,#9611,.T.);
#7153=CARTESIAN_POINT('',(-13.17,0.0,0.0));
#7154=DIRECTION('',(-1.0,0.0,0.0));
#7155=DIRECTION('',(0.0,0.0,1.0));
#7156=ORIENTED_EDGE('',*,*,#9689,.T.);
#7157=ORIENTED_EDGE('',*,*,#9690,.T.);
#7158=ORIENTED_EDGE('',*,*,#9691,.T.);
#7159=ORIENTED_EDGE('',*,*,#9692,.T.);
#7160=ORIENTED_EDGE('',*,*,#9693,.F.);
#7161=CARTESIAN_POINT('',(-13.17,0.0,0.0));
#7162=DIRECTION('',(-1.0,0.0,0.0));
#7163=DIRECTION('',(0.0,0.0,1.0));
#7164=ORIENTED_EDGE('',*,*,#9694,.T.);
#7165=ORIENTED_EDGE('',*,*,#9695,.T.);
#7166=ORIENTED_EDGE('',*,*,#9696,.T.);
#7167=ORIENTED_EDGE('',*,*,#9697,.T.);
#7168=ORIENTED_EDGE('',*,*,#9698,.F.);
#7169=CARTESIAN_POINT('',(-13.17,0.0,0.0));
#7170=DIRECTION('',(-1.0,0.0,0.0));
#7171=DIRECTION('',(0.0,0.0,1.0));
#7172=ORIENTED_EDGE('',*,*,#9684,.F.);
#7173=ORIENTED_EDGE('',*,*,#9699,.F.);
#7174=ORIENTED_EDGE('',*,*,#9662,.T.);
#7175=ORIENTED_EDGE('',*,*,#9604,.T.);
#7176=CARTESIAN_POINT('',(-12.03,4.3,-2.85));
#7177=DIRECTION('',(0.0,0.554700196225229,-0.832050294337844));
#7178=DIRECTION('',(-1.0,0.0,0.0));
#7179=ORIENTED_EDGE('',*,*,#9699,.T.);
#7180=ORIENTED_EDGE('',*,*,#9683,.F.);
#7181=ORIENTED_EDGE('',*,*,#9700,.F.);
#7182=ORIENTED_EDGE('',*,*,#9663,.T.);
#7183=CARTESIAN_POINT('',(-12.03,9.2,-2.85));
#7184=DIRECTION('',(0.0,0.0,-1.0));
#7185=DIRECTION('',(0.0,-1.0,0.0));
#7186=ORIENTED_EDGE('',*,*,#9700,.T.);
#7187=ORIENTED_EDGE('',*,*,#9682,.F.);
#7188=ORIENTED_EDGE('',*,*,#9680,.F.);
#7189=ORIENTED_EDGE('',*,*,#9664,.T.);
#7190=CARTESIAN_POINT('',(-12.03,9.2,-1.71));
#7191=DIRECTION('',(-0.0,1.0,0.0));
#7192=DIRECTION('',(1.0,0.0,0.0));
#7193=ORIENTED_EDGE('',*,*,#9688,.F.);
#7194=ORIENTED_EDGE('',*,*,#9701,.F.);
#7195=ORIENTED_EDGE('',*,*,#9666,.T.);
#7196=ORIENTED_EDGE('',*,*,#9612,.T.);
#7197=CARTESIAN_POINT('',(-12.03,9.2,1.31));
#7198=DIRECTION('',(0.0,0.0,-1.0));
#7199=DIRECTION('',(0.0,-1.0,0.0));
#7200=ORIENTED_EDGE('',*,*,#9701,.T.);
#7201=ORIENTED_EDGE('',*,*,#9687,.F.);
#7202=ORIENTED_EDGE('',*,*,#9702,.F.);
#7203=ORIENTED_EDGE('',*,*,#9667,.T.);
#7204=CARTESIAN_POINT('',(-12.03,9.2,2.45));
#7205=DIRECTION('',(-0.0,1.0,0.0));
#7206=DIRECTION('',(1.0,0.0,0.0));
#7207=ORIENTED_EDGE('',*,*,#9702,.T.);
#7208=ORIENTED_EDGE('',*,*,#9686,.F.);
#7209=ORIENTED_EDGE('',*,*,#9703,.F.);
#7210=ORIENTED_EDGE('',*,*,#9668,.T.);
#7211=CARTESIAN_POINT('',(-12.03,4.3,2.45));
#7212=DIRECTION('',(0.0,0.0,1.0));
#7213=DIRECTION('',(1.0,0.0,0.0));
#7214=ORIENTED_EDGE('',*,*,#9669,.T.);
#7215=ORIENTED_EDGE('',*,*,#9703,.T.);
#7216=ORIENTED_EDGE('',*,*,#9685,.F.);
#7217=ORIENTED_EDGE('',*,*,#9610,.F.);
#7218=CARTESIAN_POINT('',(-12.03,3.7,2.85));
#7219=DIRECTION('',(0.0,0.554700196225229,0.832050294337844));
#7220=DIRECTION('',(1.0,-0.0,0.0));
#7221=ORIENTED_EDGE('',*,*,#9704,.T.);
#7222=ORIENTED_EDGE('',*,*,#8848,.T.);
#7223=ORIENTED_EDGE('',*,*,#9705,.T.);
#7224=ORIENTED_EDGE('',*,*,#8771,.T.);
#7225=ORIENTED_EDGE('',*,*,#9706,.T.);
#7226=ORIENTED_EDGE('',*,*,#8851,.T.);
#7227=ORIENTED_EDGE('',*,*,#9707,.T.);
#7228=ORIENTED_EDGE('',*,*,#8664,.T.);
#7229=ORIENTED_EDGE('',*,*,#9708,.T.);
#7230=ORIENTED_EDGE('',*,*,#9693,.T.);
#7231=ORIENTED_EDGE('',*,*,#9709,.F.);
#7232=ORIENTED_EDGE('',*,*,#9674,.F.);
#7233=CARTESIAN_POINT('',(-23.7,0.8,4.8));
#7234=DIRECTION('',(0.0,-1.0,0.0));
#7235=DIRECTION('',(0.0,0.0,-1.0));
#7236=ORIENTED_EDGE('',*,*,#9710,.T.);
#7237=ORIENTED_EDGE('',*,*,#8587,.T.);
#7238=ORIENTED_EDGE('',*,*,#9711,.T.);
#7239=ORIENTED_EDGE('',*,*,#8516,.T.);
#7240=ORIENTED_EDGE('',*,*,#9712,.T.);
#7241=ORIENTED_EDGE('',*,*,#8584,.T.);
#7242=ORIENTED_EDGE('',*,*,#9713,.T.);
#7243=ORIENTED_EDGE('',*,*,#8992,.F.);
#7244=ORIENTED_EDGE('',*,*,#9714,.T.);
#7245=ORIENTED_EDGE('',*,*,#9698,.T.);
#7246=ORIENTED_EDGE('',*,*,#9715,.F.);
#7247=ORIENTED_EDGE('',*,*,#9679,.F.);
#7248=CARTESIAN_POINT('',(-23.7,0.8,4.8));
#7249=DIRECTION('',(0.0,-1.0,0.0));
#7250=DIRECTION('',(0.0,0.0,-1.0));
#7251=ORIENTED_EDGE('',*,*,#8665,.T.);
#7252=ORIENTED_EDGE('',*,*,#9707,.F.);
#7253=ORIENTED_EDGE('',*,*,#8850,.T.);
#7254=ORIENTED_EDGE('',*,*,#8754,.F.);
#7255=CARTESIAN_POINT('',(-13.6,0.0,-3.8));
#7256=DIRECTION('',(-1.0,0.0,0.0));
#7257=DIRECTION('',(0.0,0.0,1.0));
#7258=ORIENTED_EDGE('',*,*,#8852,.T.);
#7259=ORIENTED_EDGE('',*,*,#9706,.F.);
#7260=ORIENTED_EDGE('',*,*,#8770,.F.);
#7261=ORIENTED_EDGE('',*,*,#8467,.F.);
#7262=CARTESIAN_POINT('',(-13.9,0.0,-0.5));
#7263=DIRECTION('',(-1.0,0.0,0.0));
#7264=DIRECTION('',(0.0,0.0,1.0));
#7265=ORIENTED_EDGE('',*,*,#8772,.T.);
#7266=ORIENTED_EDGE('',*,*,#9705,.F.);
#7267=ORIENTED_EDGE('',*,*,#8847,.F.);
#7268=ORIENTED_EDGE('',*,*,#8461,.T.);
#7269=CARTESIAN_POINT('',(-11.3,0.0,-3.8));
#7270=DIRECTION('',(1.0,0.0,0.0));
#7271=DIRECTION('',(0.0,1.0,0.0));
#7272=ORIENTED_EDGE('',*,*,#8849,.T.);
#7273=ORIENTED_EDGE('',*,*,#9704,.F.);
#7274=ORIENTED_EDGE('',*,*,#8663,.F.);
#7275=ORIENTED_EDGE('',*,*,#8750,.T.);
#7276=CARTESIAN_POINT('',(-11.6,0.0,-4.8));
#7277=DIRECTION('',(1.0,0.0,0.0));
#7278=DIRECTION('',(0.0,1.0,0.0));
#7279=ORIENTED_EDGE('',*,*,#8993,.T.);
#7280=ORIENTED_EDGE('',*,*,#9713,.F.);
#7281=ORIENTED_EDGE('',*,*,#8583,.T.);
#7282=ORIENTED_EDGE('',*,*,#8747,.F.);
#7283=CARTESIAN_POINT('',(-11.6,0.0,3.8));
#7284=DIRECTION('',(1.0,0.0,0.0));
#7285=DIRECTION('',(0.0,1.0,0.0));
#7286=ORIENTED_EDGE('',*,*,#8585,.T.);
#7287=ORIENTED_EDGE('',*,*,#9712,.F.);
#7288=ORIENTED_EDGE('',*,*,#8515,.F.);
#7289=ORIENTED_EDGE('',*,*,#8457,.F.);
#7290=CARTESIAN_POINT('',(-11.3,0.0,0.5));
#7291=DIRECTION('',(1.0,0.0,0.0));
#7292=DIRECTION('',(0.0,1.0,0.0));
#7293=ORIENTED_EDGE('',*,*,#8517,.T.);
#7294=ORIENTED_EDGE('',*,*,#9711,.F.);
#7295=ORIENTED_EDGE('',*,*,#8586,.F.);
#7296=ORIENTED_EDGE('',*,*,#8463,.T.);
#7297=CARTESIAN_POINT('',(-13.9,0.0,3.8));
#7298=DIRECTION('',(-1.0,0.0,0.0));
#7299=DIRECTION('',(0.0,0.0,1.0));
#7300=ORIENTED_EDGE('',*,*,#8588,.T.);
#7301=ORIENTED_EDGE('',*,*,#9710,.F.);
#7302=ORIENTED_EDGE('',*,*,#8991,.F.);
#7303=ORIENTED_EDGE('',*,*,#8751,.T.);
#7304=CARTESIAN_POINT('',(-13.6,0.0,4.8));
#7305=DIRECTION('',(-1.0,0.0,0.0));
#7306=DIRECTION('',(0.0,0.0,1.0));
#7307=ORIENTED_EDGE('',*,*,#9692,.F.);
#7308=ORIENTED_EDGE('',*,*,#9716,.F.);
#7309=ORIENTED_EDGE('',*,*,#9670,.T.);
#7310=ORIENTED_EDGE('',*,*,#9709,.T.);
#7311=CARTESIAN_POINT('',(-12.03,-2.23,-2.65));
#7312=DIRECTION('',(0.0,0.0,1.0));
#7313=DIRECTION('',(1.0,0.0,0.0));
#7314=ORIENTED_EDGE('',*,*,#9716,.T.);
#7315=ORIENTED_EDGE('',*,*,#9691,.F.);
#7316=ORIENTED_EDGE('',*,*,#9717,.F.);
#7317=ORIENTED_EDGE('',*,*,#9671,.T.);
#7318=CARTESIAN_POINT('',(-12.03,-3.5,-3.1));
#7319=DIRECTION('',(0.0,-0.333984527886008,0.942578556478324));
#7320=DIRECTION('',(-1.0,0.0,0.0));
#7321=ORIENTED_EDGE('',*,*,#9717,.T.);
#7322=ORIENTED_EDGE('',*,*,#9690,.F.);
#7323=ORIENTED_EDGE('',*,*,#9718,.F.);
#7324=ORIENTED_EDGE('',*,*,#9672,.T.);
#7325=CARTESIAN_POINT('',(-12.03,-3.5,-3.25));
#7326=DIRECTION('',(0.0,-1.0,0.0));
#7327=DIRECTION('',(0.0,0.0,-1.0));
#7328=ORIENTED_EDGE('',*,*,#9673,.T.);
#7329=ORIENTED_EDGE('',*,*,#9718,.T.);
#7330=ORIENTED_EDGE('',*,*,#9689,.F.);
#7331=ORIENTED_EDGE('',*,*,#9708,.F.);
#7332=CARTESIAN_POINT('',(-12.03,3.7,-3.25));
#7333=DIRECTION('',(0.0,0.0,-1.0));
#7334=DIRECTION('',(0.0,-1.0,0.0));
#7335=ORIENTED_EDGE('',*,*,#9697,.F.);
#7336=ORIENTED_EDGE('',*,*,#9719,.F.);
#7337=ORIENTED_EDGE('',*,*,#9675,.T.);
#7338=ORIENTED_EDGE('',*,*,#9715,.T.);
#7339=CARTESIAN_POINT('',(-12.03,-3.5,2.85));
#7340=DIRECTION('',(0.0,0.0,1.0));
#7341=DIRECTION('',(1.0,0.0,0.0));
#7342=ORIENTED_EDGE('',*,*,#9719,.T.);
#7343=ORIENTED_EDGE('',*,*,#9696,.F.);
#7344=ORIENTED_EDGE('',*,*,#9720,.F.);
#7345=ORIENTED_EDGE('',*,*,#9676,.T.);
#7346=CARTESIAN_POINT('',(-12.03,-3.5,2.7));
#7347=DIRECTION('',(0.0,-1.0,0.0));
#7348=DIRECTION('',(0.0,0.0,-1.0));
#7349=ORIENTED_EDGE('',*,*,#9720,.T.);
#7350=ORIENTED_EDGE('',*,*,#9695,.F.);
#7351=ORIENTED_EDGE('',*,*,#9721,.F.);
#7352=ORIENTED_EDGE('',*,*,#9677,.T.);
#7353=CARTESIAN_POINT('',(-12.03,-2.23,2.25));
#7354=DIRECTION('',(0.0,-0.333984527886008,-0.942578556478324));
#7355=DIRECTION('',(0.0,-0.942578556478324,0.333984527886008));
#7356=ORIENTED_EDGE('',*,*,#9678,.T.);
#7357=ORIENTED_EDGE('',*,*,#9721,.T.);
#7358=ORIENTED_EDGE('',*,*,#9694,.F.);
#7359=ORIENTED_EDGE('',*,*,#9714,.F.);
#7360=CARTESIAN_POINT('',(-12.03,3.7,2.25));
#7361=DIRECTION('',(0.0,0.0,-1.0));
#7362=DIRECTION('',(0.0,-1.0,0.0));
#7363=ORIENTED_EDGE('',*,*,#8990,.T.);
#7364=ORIENTED_EDGE('',*,*,#9722,.F.);
#7365=ORIENTED_EDGE('',*,*,#8590,.T.);
#7366=ORIENTED_EDGE('',*,*,#8753,.F.);
#7367=CARTESIAN_POINT('',(-15.8,0.0,3.8));
#7368=DIRECTION('',(1.0,0.0,0.0));
#7369=DIRECTION('',(0.0,1.0,0.0));
#7370=ORIENTED_EDGE('',*,*,#9723,.T.);
#7371=ORIENTED_EDGE('',*,*,#8854,.T.);
#7372=ORIENTED_EDGE('',*,*,#9724,.T.);
#7373=ORIENTED_EDGE('',*,*,#8768,.T.);
#7374=ORIENTED_EDGE('',*,*,#9725,.T.);
#7375=ORIENTED_EDGE('',*,*,#8858,.T.);
#7376=ORIENTED_EDGE('',*,*,#9726,.T.);
#7377=ORIENTED_EDGE('',*,*,#8668,.T.);
#7378=ORIENTED_EDGE('',*,*,#9727,.T.);
#7379=ORIENTED_EDGE('',*,*,#9728,.T.);
#7380=ORIENTED_EDGE('',*,*,#9729,.F.);
#7381=ORIENTED_EDGE('',*,*,#9730,.F.);
#7382=CARTESIAN_POINT('',(-23.7,0.8,4.8));
#7383=DIRECTION('',(0.0,-1.0,0.0));
#7384=DIRECTION('',(0.0,0.0,-1.0));
#7385=ORIENTED_EDGE('',*,*,#9731,.T.);
#7386=ORIENTED_EDGE('',*,*,#8594,.T.);
#7387=ORIENTED_EDGE('',*,*,#9732,.T.);
#7388=ORIENTED_EDGE('',*,*,#8519,.T.);
#7389=ORIENTED_EDGE('',*,*,#9733,.T.);
#7390=ORIENTED_EDGE('',*,*,#8591,.T.);
#7391=ORIENTED_EDGE('',*,*,#9722,.T.);
#7392=ORIENTED_EDGE('',*,*,#8989,.F.);
#7393=ORIENTED_EDGE('',*,*,#9734,.T.);
#7394=ORIENTED_EDGE('',*,*,#9735,.T.);
#7395=ORIENTED_EDGE('',*,*,#9736,.F.);
#7396=ORIENTED_EDGE('',*,*,#9737,.F.);
#7397=CARTESIAN_POINT('',(-23.7,0.8,4.8));
#7398=DIRECTION('',(0.0,-1.0,0.0));
#7399=DIRECTION('',(0.0,0.0,-1.0));
#7400=ORIENTED_EDGE('',*,*,#8669,.T.);
#7401=ORIENTED_EDGE('',*,*,#9726,.F.);
#7402=ORIENTED_EDGE('',*,*,#8857,.T.);
#7403=ORIENTED_EDGE('',*,*,#8763,.F.);
#7404=CARTESIAN_POINT('',(-17.8,0.0,-3.8));
#7405=DIRECTION('',(-1.0,0.0,0.0));
#7406=DIRECTION('',(0.0,0.0,1.0));
#7407=ORIENTED_EDGE('',*,*,#8859,.T.);
#7408=ORIENTED_EDGE('',*,*,#9725,.F.);
#7409=ORIENTED_EDGE('',*,*,#8767,.F.);
#7410=ORIENTED_EDGE('',*,*,#8483,.F.);
#7411=CARTESIAN_POINT('',(-18.1,0.0,-0.5));
#7412=DIRECTION('',(-1.0,0.0,0.0));
#7413=DIRECTION('',(0.0,0.0,1.0));
#7414=ORIENTED_EDGE('',*,*,#8769,.T.);
#7415=ORIENTED_EDGE('',*,*,#9724,.F.);
#7416=ORIENTED_EDGE('',*,*,#8853,.F.);
#7417=ORIENTED_EDGE('',*,*,#8469,.T.);
#7418=CARTESIAN_POINT('',(-15.5,0.0,-3.8));
#7419=DIRECTION('',(1.0,0.0,0.0));
#7420=DIRECTION('',(0.0,1.0,0.0));
#7421=ORIENTED_EDGE('',*,*,#8855,.T.);
#7422=ORIENTED_EDGE('',*,*,#9723,.F.);
#7423=ORIENTED_EDGE('',*,*,#8667,.F.);
#7424=ORIENTED_EDGE('',*,*,#8756,.T.);
#7425=CARTESIAN_POINT('',(-15.8,0.0,-4.8));
#7426=DIRECTION('',(1.0,0.0,0.0));
#7427=DIRECTION('',(0.0,1.0,0.0));
#7428=ORIENTED_EDGE('',*,*,#8592,.T.);
#7429=ORIENTED_EDGE('',*,*,#9733,.F.);
#7430=ORIENTED_EDGE('',*,*,#8518,.F.);
#7431=ORIENTED_EDGE('',*,*,#8465,.F.);
#7432=CARTESIAN_POINT('',(-15.5,0.0,0.5));
#7433=DIRECTION('',(1.0,0.0,0.0));
#7434=DIRECTION('',(0.0,1.0,0.0));
#7435=ORIENTED_EDGE('',*,*,#8520,.T.);
#7436=ORIENTED_EDGE('',*,*,#9732,.F.);
#7437=ORIENTED_EDGE('',*,*,#8593,.F.);
#7438=ORIENTED_EDGE('',*,*,#8471,.T.);
#7439=CARTESIAN_POINT('',(-18.1,0.0,3.8));
#7440=DIRECTION('',(-1.0,0.0,0.0));
#7441=DIRECTION('',(0.0,0.0,1.0));
#7442=ORIENTED_EDGE('',*,*,#8595,.T.);
#7443=ORIENTED_EDGE('',*,*,#9731,.F.);
#7444=ORIENTED_EDGE('',*,*,#8988,.F.);
#7445=ORIENTED_EDGE('',*,*,#8757,.T.);
#7446=CARTESIAN_POINT('',(-17.8,0.0,4.8));
#7447=DIRECTION('',(-1.0,0.0,0.0));
#7448=DIRECTION('',(0.0,0.0,1.0));
#7449=ORIENTED_EDGE('',*,*,#9738,.F.);
#7450=ORIENTED_EDGE('',*,*,#9739,.F.);
#7451=ORIENTED_EDGE('',*,*,#9740,.F.);
#7452=ORIENTED_EDGE('',*,*,#9741,.F.);
#7453=ORIENTED_EDGE('',*,*,#9742,.T.);
#7454=CARTESIAN_POINT('',(-16.23,0.0,0.0));
#7455=DIRECTION('',(-1.0,0.0,0.0));
#7456=DIRECTION('',(0.0,0.0,1.0));
#7457=ORIENTED_EDGE('',*,*,#9743,.F.);
#7458=ORIENTED_EDGE('',*,*,#9744,.F.);
#7459=ORIENTED_EDGE('',*,*,#9745,.F.);
#7460=ORIENTED_EDGE('',*,*,#9746,.F.);
#7461=ORIENTED_EDGE('',*,*,#9747,.T.);
#7462=CARTESIAN_POINT('',(-16.23,0.0,0.0));
#7463=DIRECTION('',(-1.0,0.0,0.0));
#7464=DIRECTION('',(0.0,0.0,1.0));
#7465=ORIENTED_EDGE('',*,*,#9748,.F.);
#7466=ORIENTED_EDGE('',*,*,#9749,.F.);
#7467=ORIENTED_EDGE('',*,*,#9750,.F.);
#7468=ORIENTED_EDGE('',*,*,#9751,.F.);
#7469=ORIENTED_EDGE('',*,*,#9730,.T.);
#7470=CARTESIAN_POINT('',(-16.23,0.0,0.0));
#7471=DIRECTION('',(-1.0,0.0,0.0));
#7472=DIRECTION('',(0.0,0.0,1.0));
#7473=ORIENTED_EDGE('',*,*,#9752,.F.);
#7474=ORIENTED_EDGE('',*,*,#9753,.F.);
#7475=ORIENTED_EDGE('',*,*,#9754,.F.);
#7476=ORIENTED_EDGE('',*,*,#9755,.F.);
#7477=ORIENTED_EDGE('',*,*,#9737,.T.);
#7478=CARTESIAN_POINT('',(-16.23,0.0,0.0));
#7479=DIRECTION('',(-1.0,0.0,0.0));
#7480=DIRECTION('',(0.0,0.0,1.0));
#7481=ORIENTED_EDGE('',*,*,#9756,.T.);
#7482=ORIENTED_EDGE('',*,*,#9757,.T.);
#7483=ORIENTED_EDGE('',*,*,#9758,.T.);
#7484=ORIENTED_EDGE('',*,*,#9759,.T.);
#7485=ORIENTED_EDGE('',*,*,#9760,.T.);
#7486=ORIENTED_EDGE('',*,*,#9761,.T.);
#7487=ORIENTED_EDGE('',*,*,#9762,.T.);
#7488=ORIENTED_EDGE('',*,*,#9763,.F.);
#7489=ORIENTED_EDGE('',*,*,#9764,.F.);
#7490=ORIENTED_EDGE('',*,*,#9747,.F.);
#7491=CARTESIAN_POINT('',(-23.7,3.7,-4.8));
#7492=DIRECTION('',(-0.0,1.0,0.0));
#7493=DIRECTION('',(1.0,0.0,0.0));
#7494=ORIENTED_EDGE('',*,*,#9765,.T.);
#7495=ORIENTED_EDGE('',*,*,#9766,.T.);
#7496=ORIENTED_EDGE('',*,*,#9767,.T.);
#7497=ORIENTED_EDGE('',*,*,#9768,.T.);
#7498=ORIENTED_EDGE('',*,*,#9769,.T.);
#7499=ORIENTED_EDGE('',*,*,#9770,.F.);
#7500=ORIENTED_EDGE('',*,*,#9771,.F.);
#7501=ORIENTED_EDGE('',*,*,#9742,.F.);
#7502=CARTESIAN_POINT('',(-23.7,3.7,-4.8));
#7503=DIRECTION('',(-0.0,1.0,0.0));
#7504=DIRECTION('',(1.0,0.0,0.0));
#7505=ORIENTED_EDGE('',*,*,#9772,.T.);
#7506=ORIENTED_EDGE('',*,*,#9773,.T.);
#7507=ORIENTED_EDGE('',*,*,#9774,.T.);
#7508=ORIENTED_EDGE('',*,*,#9775,.T.);
#7509=ORIENTED_EDGE('',*,*,#9776,.T.);
#7510=ORIENTED_EDGE('',*,*,#9777,.F.);
#7511=ORIENTED_EDGE('',*,*,#9778,.F.);
#7512=ORIENTED_EDGE('',*,*,#9779,.F.);
#7513=CARTESIAN_POINT('',(-23.7,3.7,-4.8));
#7514=DIRECTION('',(-0.0,1.0,0.0));
#7515=DIRECTION('',(1.0,0.0,0.0));
#7516=ORIENTED_EDGE('',*,*,#9780,.T.);
#7517=ORIENTED_EDGE('',*,*,#9781,.T.);
#7518=ORIENTED_EDGE('',*,*,#9782,.T.);
#7519=ORIENTED_EDGE('',*,*,#9783,.T.);
#7520=ORIENTED_EDGE('',*,*,#9784,.T.);
#7521=ORIENTED_EDGE('',*,*,#9785,.T.);
#7522=ORIENTED_EDGE('',*,*,#9786,.T.);
#7523=ORIENTED_EDGE('',*,*,#9787,.F.);
#7524=ORIENTED_EDGE('',*,*,#9788,.F.);
#7525=ORIENTED_EDGE('',*,*,#9789,.F.);
#7526=CARTESIAN_POINT('',(-23.7,3.7,-4.8));
#7527=DIRECTION('',(-0.0,1.0,0.0));
#7528=DIRECTION('',(1.0,0.0,0.0));
#7529=ORIENTED_EDGE('',*,*,#9790,.T.);
#7530=ORIENTED_EDGE('',*,*,#9761,.F.);
#7531=ORIENTED_EDGE('',*,*,#9791,.F.);
#7532=ORIENTED_EDGE('',*,*,#8924,.T.);
#7533=CARTESIAN_POINT('',(-15.0,12.8,3.0));
#7534=DIRECTION('',(1.0,0.0,0.0));
#7535=DIRECTION('',(0.0,1.0,0.0));
#7536=ORIENTED_EDGE('',*,*,#9791,.T.);
#7537=ORIENTED_EDGE('',*,*,#9760,.F.);
#7538=ORIENTED_EDGE('',*,*,#9792,.F.);
#7539=ORIENTED_EDGE('',*,*,#8919,.T.);
#7540=CARTESIAN_POINT('',(-15.9,12.8,3.9));
#7541=DIRECTION('',(0.707106781186548,0.0,0.707106781186548));
#7542=DIRECTION('',(0.0,-1.0,0.0));
#7543=ORIENTED_EDGE('',*,*,#9792,.T.);
#7544=ORIENTED_EDGE('',*,*,#9759,.F.);
#7545=ORIENTED_EDGE('',*,*,#9793,.F.);
#7546=ORIENTED_EDGE('',*,*,#8920,.T.);
#7547=CARTESIAN_POINT('',(-17.7,12.8,3.9));
#7548=DIRECTION('',(0.0,0.0,1.0));
#7549=DIRECTION('',(1.0,0.0,0.0));
#7550=ORIENTED_EDGE('',*,*,#9793,.T.);
#7551=ORIENTED_EDGE('',*,*,#9758,.F.);
#7552=ORIENTED_EDGE('',*,*,#9794,.F.);
#7553=ORIENTED_EDGE('',*,*,#8921,.T.);
#7554=CARTESIAN_POINT('',(-18.6,12.8,3.0));
#7555=DIRECTION('',(-0.707106781186548,0.0,0.707106781186548));
#7556=DIRECTION('',(0.0,1.0,0.0));
#7557=ORIENTED_EDGE('',*,*,#9794,.T.);
#7558=ORIENTED_EDGE('',*,*,#9757,.F.);
#7559=ORIENTED_EDGE('',*,*,#9795,.F.);
#7560=ORIENTED_EDGE('',*,*,#8922,.T.);
#7561=CARTESIAN_POINT('',(-18.6,12.8,0.3));
#7562=DIRECTION('',(-1.0,0.0,0.0));
#7563=DIRECTION('',(0.0,0.0,1.0));
#7564=ORIENTED_EDGE('',*,*,#9795,.T.);
#7565=ORIENTED_EDGE('',*,*,#9756,.F.);
#7566=ORIENTED_EDGE('',*,*,#9790,.F.);
#7567=ORIENTED_EDGE('',*,*,#8923,.T.);
#7568=CARTESIAN_POINT('',(-15.0,12.8,0.3));
#7569=DIRECTION('',(0.0,0.0,-1.0));
#7570=DIRECTION('',(0.0,-1.0,0.0));
#7571=ORIENTED_EDGE('',*,*,#9796,.T.);
#7572=ORIENTED_EDGE('',*,*,#9768,.F.);
#7573=ORIENTED_EDGE('',*,*,#9797,.F.);
#7574=ORIENTED_EDGE('',*,*,#8928,.T.);
#7575=CARTESIAN_POINT('',(-15.0,12.8,-0.3));
#7576=DIRECTION('',(1.0,0.0,0.0));
#7577=DIRECTION('',(0.0,1.0,0.0));
#7578=ORIENTED_EDGE('',*,*,#9797,.T.);
#7579=ORIENTED_EDGE('',*,*,#9767,.F.);
#7580=ORIENTED_EDGE('',*,*,#9798,.F.);
#7581=ORIENTED_EDGE('',*,*,#8925,.T.);
#7582=CARTESIAN_POINT('',(-18.6,12.8,-0.3));
#7583=DIRECTION('',(0.0,0.0,1.0));
#7584=DIRECTION('',(1.0,0.0,0.0));
#7585=ORIENTED_EDGE('',*,*,#9798,.T.);
#7586=ORIENTED_EDGE('',*,*,#9766,.F.);
#7587=ORIENTED_EDGE('',*,*,#9799,.F.);
#7588=ORIENTED_EDGE('',*,*,#8926,.T.);
#7589=CARTESIAN_POINT('',(-18.6,12.8,-3.9));
#7590=DIRECTION('',(-1.0,0.0,0.0));
#7591=DIRECTION('',(0.0,0.0,1.0));
#7592=ORIENTED_EDGE('',*,*,#9799,.T.);
#7593=ORIENTED_EDGE('',*,*,#9765,.F.);
#7594=ORIENTED_EDGE('',*,*,#9796,.F.);
#7595=ORIENTED_EDGE('',*,*,#8927,.T.);
#7596=CARTESIAN_POINT('',(-15.0,12.8,-3.9));
#7597=DIRECTION('',(0.0,0.0,-1.0));
#7598=DIRECTION('',(0.0,-1.0,0.0));
#7599=ORIENTED_EDGE('',*,*,#9800,.T.);
#7600=ORIENTED_EDGE('',*,*,#9775,.F.);
#7601=ORIENTED_EDGE('',*,*,#9801,.F.);
#7602=ORIENTED_EDGE('',*,*,#8932,.T.);
#7603=CARTESIAN_POINT('',(-22.8,12.8,-3.9));
#7604=DIRECTION('',(-1.0,0.0,0.0));
#7605=DIRECTION('',(0.0,0.0,1.0));
#7606=ORIENTED_EDGE('',*,*,#9801,.T.);
#7607=ORIENTED_EDGE('',*,*,#9774,.F.);
#7608=ORIENTED_EDGE('',*,*,#9802,.F.);
#7609=ORIENTED_EDGE('',*,*,#8929,.T.);
#7610=CARTESIAN_POINT('',(-19.2,12.8,-3.9));
#7611=DIRECTION('',(0.0,0.0,-1.0));
#7612=DIRECTION('',(0.0,-1.0,0.0));
#7613=ORIENTED_EDGE('',*,*,#9802,.T.);
#7614=ORIENTED_EDGE('',*,*,#9773,.F.);
#7615=ORIENTED_EDGE('',*,*,#9803,.F.);
#7616=ORIENTED_EDGE('',*,*,#8930,.T.);
#7617=CARTESIAN_POINT('',(-19.2,12.8,-0.3));
#7618=DIRECTION('',(1.0,0.0,0.0));
#7619=DIRECTION('',(0.0,1.0,0.0));
#7620=ORIENTED_EDGE('',*,*,#9803,.T.);
#7621=ORIENTED_EDGE('',*,*,#9772,.F.);
#7622=ORIENTED_EDGE('',*,*,#9800,.F.);
#7623=ORIENTED_EDGE('',*,*,#8931,.T.);
#7624=CARTESIAN_POINT('',(-22.8,12.8,-0.3));
#7625=DIRECTION('',(0.0,0.0,1.0));
#7626=DIRECTION('',(1.0,0.0,0.0));
#7627=ORIENTED_EDGE('',*,*,#9804,.T.);
#7628=ORIENTED_EDGE('',*,*,#9785,.F.);
#7629=ORIENTED_EDGE('',*,*,#9805,.F.);
#7630=ORIENTED_EDGE('',*,*,#8938,.T.);
#7631=CARTESIAN_POINT('',(-22.8,12.8,0.3));
#7632=DIRECTION('',(-1.0,0.0,0.0));
#7633=DIRECTION('',(0.0,0.0,1.0));
#7634=ORIENTED_EDGE('',*,*,#9805,.T.);
#7635=ORIENTED_EDGE('',*,*,#9784,.F.);
#7636=ORIENTED_EDGE('',*,*,#9806,.F.);
#7637=ORIENTED_EDGE('',*,*,#8933,.T.);
#7638=CARTESIAN_POINT('',(-19.2,12.8,0.3));
#7639=DIRECTION('',(0.0,0.0,-1.0));
#7640=DIRECTION('',(0.0,-1.0,0.0));
#7641=ORIENTED_EDGE('',*,*,#9806,.T.);
#7642=ORIENTED_EDGE('',*,*,#9783,.F.);
#7643=ORIENTED_EDGE('',*,*,#9807,.F.);
#7644=ORIENTED_EDGE('',*,*,#8934,.T.);
#7645=CARTESIAN_POINT('',(-19.2,12.8,3.0));
#7646=DIRECTION('',(1.0,0.0,0.0));
#7647=DIRECTION('',(0.0,1.0,0.0));
#7648=ORIENTED_EDGE('',*,*,#9807,.T.);
#7649=ORIENTED_EDGE('',*,*,#9782,.F.);
#7650=ORIENTED_EDGE('',*,*,#9808,.F.);
#7651=ORIENTED_EDGE('',*,*,#8935,.T.);
#7652=CARTESIAN_POINT('',(-20.1,12.8,3.9));
#7653=DIRECTION('',(0.707106781186548,0.0,0.707106781186548));
#7654=DIRECTION('',(0.0,-1.0,0.0));
#7655=ORIENTED_EDGE('',*,*,#9808,.T.);
#7656=ORIENTED_EDGE('',*,*,#9781,.F.);
#7657=ORIENTED_EDGE('',*,*,#9809,.F.);
#7658=ORIENTED_EDGE('',*,*,#8936,.T.);
#7659=CARTESIAN_POINT('',(-21.9,12.8,3.9));
#7660=DIRECTION('',(0.0,0.0,1.0));
#7661=DIRECTION('',(1.0,0.0,0.0));
#7662=ORIENTED_EDGE('',*,*,#9809,.T.);
#7663=ORIENTED_EDGE('',*,*,#9780,.F.);
#7664=ORIENTED_EDGE('',*,*,#9804,.F.);
#7665=ORIENTED_EDGE('',*,*,#8937,.T.);
#7666=CARTESIAN_POINT('',(-22.8,12.8,3.0));
#7667=DIRECTION('',(-0.707106781186548,0.0,0.707106781186548));
#7668=DIRECTION('',(0.0,1.0,0.0));
#7669=ORIENTED_EDGE('',*,*,#9810,.F.);
#7670=ORIENTED_EDGE('',*,*,#9811,.F.);
#7671=ORIENTED_EDGE('',*,*,#9738,.T.);
#7672=ORIENTED_EDGE('',*,*,#9771,.T.);
#7673=CARTESIAN_POINT('',(-16.23,4.3,-2.85));
#7674=DIRECTION('',(0.0,0.554700196225229,-0.832050294337844));
#7675=DIRECTION('',(-1.0,0.0,0.0));
#7676=ORIENTED_EDGE('',*,*,#9811,.T.);
#7677=ORIENTED_EDGE('',*,*,#9812,.F.);
#7678=ORIENTED_EDGE('',*,*,#9813,.F.);
#7679=ORIENTED_EDGE('',*,*,#9739,.T.);
#7680=CARTESIAN_POINT('',(-16.23,9.2,-2.85));
#7681=DIRECTION('',(0.0,0.0,-1.0));
#7682=DIRECTION('',(0.0,-1.0,0.0));
#7683=ORIENTED_EDGE('',*,*,#9813,.T.);
#7684=ORIENTED_EDGE('',*,*,#9814,.F.);
#7685=ORIENTED_EDGE('',*,*,#9815,.F.);
#7686=ORIENTED_EDGE('',*,*,#9740,.T.);
#7687=CARTESIAN_POINT('',(-16.23,9.2,-1.71));
#7688=DIRECTION('',(-0.0,1.0,0.0));
#7689=DIRECTION('',(1.0,0.0,0.0));
#7690=ORIENTED_EDGE('',*,*,#9741,.T.);
#7691=ORIENTED_EDGE('',*,*,#9815,.T.);
#7692=ORIENTED_EDGE('',*,*,#9816,.F.);
#7693=ORIENTED_EDGE('',*,*,#9769,.F.);
#7694=CARTESIAN_POINT('',(-16.23,3.7,-1.71));
#7695=DIRECTION('',(0.0,0.0,1.0));
#7696=DIRECTION('',(1.0,0.0,0.0));
#7697=ORIENTED_EDGE('',*,*,#9816,.T.);
#7698=ORIENTED_EDGE('',*,*,#9814,.T.);
#7699=ORIENTED_EDGE('',*,*,#9812,.T.);
#7700=ORIENTED_EDGE('',*,*,#9810,.T.);
#7701=ORIENTED_EDGE('',*,*,#9770,.T.);
#7702=CARTESIAN_POINT('',(-17.37,0.0,0.0));
#7703=DIRECTION('',(-1.0,0.0,0.0));
#7704=DIRECTION('',(0.0,0.0,1.0));
#7705=ORIENTED_EDGE('',*,*,#9817,.T.);
#7706=ORIENTED_EDGE('',*,*,#9818,.T.);
#7707=ORIENTED_EDGE('',*,*,#9819,.T.);
#7708=ORIENTED_EDGE('',*,*,#9820,.T.);
#7709=ORIENTED_EDGE('',*,*,#9763,.T.);
#7710=CARTESIAN_POINT('',(-17.37,0.0,0.0));
#7711=DIRECTION('',(-1.0,0.0,0.0));
#7712=DIRECTION('',(0.0,0.0,1.0));
#7713=ORIENTED_EDGE('',*,*,#9821,.T.);
#7714=ORIENTED_EDGE('',*,*,#9822,.T.);
#7715=ORIENTED_EDGE('',*,*,#9823,.T.);
#7716=ORIENTED_EDGE('',*,*,#9824,.T.);
#7717=ORIENTED_EDGE('',*,*,#9728,.F.);
#7718=CARTESIAN_POINT('',(-17.37,0.0,0.0));
#7719=DIRECTION('',(-1.0,0.0,0.0));
#7720=DIRECTION('',(0.0,0.0,1.0));
#7721=ORIENTED_EDGE('',*,*,#9825,.T.);
#7722=ORIENTED_EDGE('',*,*,#9826,.T.);
#7723=ORIENTED_EDGE('',*,*,#9827,.T.);
#7724=ORIENTED_EDGE('',*,*,#9828,.T.);
#7725=ORIENTED_EDGE('',*,*,#9735,.F.);
#7726=CARTESIAN_POINT('',(-17.37,0.0,0.0));
#7727=DIRECTION('',(-1.0,0.0,0.0));
#7728=DIRECTION('',(0.0,0.0,1.0));
#7729=ORIENTED_EDGE('',*,*,#9820,.F.);
#7730=ORIENTED_EDGE('',*,*,#9829,.F.);
#7731=ORIENTED_EDGE('',*,*,#9743,.T.);
#7732=ORIENTED_EDGE('',*,*,#9764,.T.);
#7733=CARTESIAN_POINT('',(-16.23,9.2,1.31));
#7734=DIRECTION('',(0.0,0.0,-1.0));
#7735=DIRECTION('',(0.0,-1.0,0.0));
#7736=ORIENTED_EDGE('',*,*,#9829,.T.);
#7737=ORIENTED_EDGE('',*,*,#9819,.F.);
#7738=ORIENTED_EDGE('',*,*,#9830,.F.);
#7739=ORIENTED_EDGE('',*,*,#9744,.T.);
#7740=CARTESIAN_POINT('',(-16.23,9.2,2.45));
#7741=DIRECTION('',(-0.0,1.0,0.0));
#7742=DIRECTION('',(1.0,0.0,0.0));
#7743=ORIENTED_EDGE('',*,*,#9830,.T.);
#7744=ORIENTED_EDGE('',*,*,#9818,.F.);
#7745=ORIENTED_EDGE('',*,*,#9831,.F.);
#7746=ORIENTED_EDGE('',*,*,#9745,.T.);
#7747=CARTESIAN_POINT('',(-16.23,4.3,2.45));
#7748=DIRECTION('',(0.0,0.0,1.0));
#7749=DIRECTION('',(1.0,0.0,0.0));
#7750=ORIENTED_EDGE('',*,*,#9746,.T.);
#7751=ORIENTED_EDGE('',*,*,#9831,.T.);
#7752=ORIENTED_EDGE('',*,*,#9817,.F.);
#7753=ORIENTED_EDGE('',*,*,#9762,.F.);
#7754=CARTESIAN_POINT('',(-16.23,3.7,2.85));
#7755=DIRECTION('',(0.0,0.554700196225229,0.832050294337844));
#7756=DIRECTION('',(1.0,-0.0,0.0));
#7757=ORIENTED_EDGE('',*,*,#9824,.F.);
#7758=ORIENTED_EDGE('',*,*,#9832,.F.);
#7759=ORIENTED_EDGE('',*,*,#9748,.T.);
#7760=ORIENTED_EDGE('',*,*,#9729,.T.);
#7761=CARTESIAN_POINT('',(-16.23,-2.23,-2.65));
#7762=DIRECTION('',(0.0,0.0,1.0));
#7763=DIRECTION('',(1.0,0.0,0.0));
#7764=ORIENTED_EDGE('',*,*,#9832,.T.);
#7765=ORIENTED_EDGE('',*,*,#9823,.F.);
#7766=ORIENTED_EDGE('',*,*,#9833,.F.);
#7767=ORIENTED_EDGE('',*,*,#9749,.T.);
#7768=CARTESIAN_POINT('',(-16.23,-3.5,-3.1));
#7769=DIRECTION('',(0.0,-0.333984527886008,0.942578556478324));
#7770=DIRECTION('',(-1.0,0.0,0.0));
#7771=ORIENTED_EDGE('',*,*,#9833,.T.);
#7772=ORIENTED_EDGE('',*,*,#9822,.F.);
#7773=ORIENTED_EDGE('',*,*,#9834,.F.);
#7774=ORIENTED_EDGE('',*,*,#9750,.T.);
#7775=CARTESIAN_POINT('',(-16.23,-3.5,-3.25));
#7776=DIRECTION('',(0.0,-1.0,0.0));
#7777=DIRECTION('',(0.0,0.0,-1.0));
#7778=ORIENTED_EDGE('',*,*,#9751,.T.);
#7779=ORIENTED_EDGE('',*,*,#9834,.T.);
#7780=ORIENTED_EDGE('',*,*,#9821,.F.);
#7781=ORIENTED_EDGE('',*,*,#9727,.F.);
#7782=CARTESIAN_POINT('',(-16.23,3.7,-3.25));
#7783=DIRECTION('',(0.0,0.0,-1.0));
#7784=DIRECTION('',(0.0,-1.0,0.0));
#7785=ORIENTED_EDGE('',*,*,#9828,.F.);
#7786=ORIENTED_EDGE('',*,*,#9835,.F.);
#7787=ORIENTED_EDGE('',*,*,#9752,.T.);
#7788=ORIENTED_EDGE('',*,*,#9736,.T.);
#7789=CARTESIAN_POINT('',(-16.23,-3.5,2.85));
#7790=DIRECTION('',(0.0,0.0,1.0));
#7791=DIRECTION('',(1.0,0.0,0.0));
#7792=ORIENTED_EDGE('',*,*,#9835,.T.);
#7793=ORIENTED_EDGE('',*,*,#9827,.F.);
#7794=ORIENTED_EDGE('',*,*,#9836,.F.);
#7795=ORIENTED_EDGE('',*,*,#9753,.T.);
#7796=CARTESIAN_POINT('',(-16.23,-3.5,2.7));
#7797=DIRECTION('',(0.0,-1.0,0.0));
#7798=DIRECTION('',(0.0,0.0,-1.0));
#7799=ORIENTED_EDGE('',*,*,#9836,.T.);
#7800=ORIENTED_EDGE('',*,*,#9826,.F.);
#7801=ORIENTED_EDGE('',*,*,#9837,.F.);
#7802=ORIENTED_EDGE('',*,*,#9754,.T.);
#7803=CARTESIAN_POINT('',(-16.23,-2.23,2.25));
#7804=DIRECTION('',(0.0,-0.333984527886008,-0.942578556478324));
#7805=DIRECTION('',(0.0,-0.942578556478324,0.333984527886008));
#7806=ORIENTED_EDGE('',*,*,#9755,.T.);
#7807=ORIENTED_EDGE('',*,*,#9837,.T.);
#7808=ORIENTED_EDGE('',*,*,#9825,.F.);
#7809=ORIENTED_EDGE('',*,*,#9734,.F.);
#7810=CARTESIAN_POINT('',(-16.23,3.7,2.25));
#7811=DIRECTION('',(0.0,0.0,-1.0));
#7812=DIRECTION('',(0.0,-1.0,0.0));
#7813=ORIENTED_EDGE('',*,*,#9838,.F.);
#7814=ORIENTED_EDGE('',*,*,#9839,.F.);
#7815=ORIENTED_EDGE('',*,*,#9840,.F.);
#7816=ORIENTED_EDGE('',*,*,#9841,.F.);
#7817=ORIENTED_EDGE('',*,*,#9779,.T.);
#7818=CARTESIAN_POINT('',(-20.43,0.0,0.0));
#7819=DIRECTION('',(-1.0,0.0,0.0));
#7820=DIRECTION('',(0.0,0.0,1.0));
#7821=ORIENTED_EDGE('',*,*,#9842,.F.);
#7822=ORIENTED_EDGE('',*,*,#9843,.F.);
#7823=ORIENTED_EDGE('',*,*,#9844,.F.);
#7824=ORIENTED_EDGE('',*,*,#9845,.F.);
#7825=ORIENTED_EDGE('',*,*,#9789,.T.);
#7826=CARTESIAN_POINT('',(-20.43,0.0,0.0));
#7827=DIRECTION('',(-1.0,0.0,0.0));
#7828=DIRECTION('',(0.0,0.0,1.0));
#7829=ORIENTED_EDGE('',*,*,#9846,.F.);
#7830=ORIENTED_EDGE('',*,*,#9847,.F.);
#7831=ORIENTED_EDGE('',*,*,#9848,.F.);
#7832=ORIENTED_EDGE('',*,*,#9849,.F.);
#7833=ORIENTED_EDGE('',*,*,#8683,.T.);
#7834=CARTESIAN_POINT('',(-20.43,0.0,0.0));
#7835=DIRECTION('',(-1.0,0.0,0.0));
#7836=DIRECTION('',(0.0,0.0,1.0));
#7837=ORIENTED_EDGE('',*,*,#9850,.F.);
#7838=ORIENTED_EDGE('',*,*,#9851,.F.);
#7839=ORIENTED_EDGE('',*,*,#9852,.F.);
#7840=ORIENTED_EDGE('',*,*,#9853,.F.);
#7841=ORIENTED_EDGE('',*,*,#8691,.T.);
#7842=CARTESIAN_POINT('',(-20.43,0.0,0.0));
#7843=DIRECTION('',(-1.0,0.0,0.0));
#7844=DIRECTION('',(0.0,0.0,1.0));
#7845=ORIENTED_EDGE('',*,*,#9841,.T.);
#7846=ORIENTED_EDGE('',*,*,#9854,.T.);
#7847=ORIENTED_EDGE('',*,*,#9855,.F.);
#7848=ORIENTED_EDGE('',*,*,#9776,.F.);
#7849=CARTESIAN_POINT('',(-20.43,3.7,-1.71));
#7850=DIRECTION('',(0.0,0.0,1.0));
#7851=DIRECTION('',(1.0,0.0,0.0));
#7852=ORIENTED_EDGE('',*,*,#9855,.T.);
#7853=ORIENTED_EDGE('',*,*,#9856,.T.);
#7854=ORIENTED_EDGE('',*,*,#9857,.T.);
#7855=ORIENTED_EDGE('',*,*,#9858,.T.);
#7856=ORIENTED_EDGE('',*,*,#9777,.T.);
#7857=CARTESIAN_POINT('',(-21.57,0.0,0.0));
#7858=DIRECTION('',(-1.0,0.0,0.0));
#7859=DIRECTION('',(0.0,0.0,1.0));
#7860=ORIENTED_EDGE('',*,*,#9859,.T.);
#7861=ORIENTED_EDGE('',*,*,#9860,.T.);
#7862=ORIENTED_EDGE('',*,*,#9861,.T.);
#7863=ORIENTED_EDGE('',*,*,#9862,.T.);
#7864=ORIENTED_EDGE('',*,*,#9787,.T.);
#7865=CARTESIAN_POINT('',(-21.57,0.0,0.0));
#7866=DIRECTION('',(-1.0,0.0,0.0));
#7867=DIRECTION('',(0.0,0.0,1.0));
#7868=ORIENTED_EDGE('',*,*,#9863,.T.);
#7869=ORIENTED_EDGE('',*,*,#9864,.T.);
#7870=ORIENTED_EDGE('',*,*,#9865,.T.);
#7871=ORIENTED_EDGE('',*,*,#9866,.T.);
#7872=ORIENTED_EDGE('',*,*,#8681,.F.);
#7873=CARTESIAN_POINT('',(-21.57,0.0,0.0));
#7874=DIRECTION('',(-1.0,0.0,0.0));
#7875=DIRECTION('',(0.0,0.0,1.0));
#7876=ORIENTED_EDGE('',*,*,#9867,.T.);
#7877=ORIENTED_EDGE('',*,*,#9868,.T.);
#7878=ORIENTED_EDGE('',*,*,#9869,.T.);
#7879=ORIENTED_EDGE('',*,*,#9870,.T.);
#7880=ORIENTED_EDGE('',*,*,#8689,.F.);
#7881=CARTESIAN_POINT('',(-21.57,0.0,0.0));
#7882=DIRECTION('',(-1.0,0.0,0.0));
#7883=DIRECTION('',(0.0,0.0,1.0));
#7884=ORIENTED_EDGE('',*,*,#9858,.F.);
#7885=ORIENTED_EDGE('',*,*,#9871,.F.);
#7886=ORIENTED_EDGE('',*,*,#9838,.T.);
#7887=ORIENTED_EDGE('',*,*,#9778,.T.);
#7888=CARTESIAN_POINT('',(-20.43,4.3,-2.85));
#7889=DIRECTION('',(0.0,0.554700196225229,-0.832050294337844));
#7890=DIRECTION('',(-1.0,0.0,0.0));
#7891=ORIENTED_EDGE('',*,*,#9871,.T.);
#7892=ORIENTED_EDGE('',*,*,#9857,.F.);
#7893=ORIENTED_EDGE('',*,*,#9872,.F.);
#7894=ORIENTED_EDGE('',*,*,#9839,.T.);
#7895=CARTESIAN_POINT('',(-20.43,9.2,-2.85));
#7896=DIRECTION('',(0.0,0.0,-1.0));
#7897=DIRECTION('',(0.0,-1.0,0.0));
#7898=ORIENTED_EDGE('',*,*,#9872,.T.);
#7899=ORIENTED_EDGE('',*,*,#9856,.F.);
#7900=ORIENTED_EDGE('',*,*,#9854,.F.);
#7901=ORIENTED_EDGE('',*,*,#9840,.T.);
#7902=CARTESIAN_POINT('',(-20.43,9.2,-1.71));
#7903=DIRECTION('',(-0.0,1.0,0.0));
#7904=DIRECTION('',(1.0,0.0,0.0));
#7905=ORIENTED_EDGE('',*,*,#9862,.F.);
#7906=ORIENTED_EDGE('',*,*,#9873,.F.);
#7907=ORIENTED_EDGE('',*,*,#9842,.T.);
#7908=ORIENTED_EDGE('',*,*,#9788,.T.);
#7909=CARTESIAN_POINT('',(-20.43,9.2,1.31));
#7910=DIRECTION('',(0.0,0.0,-1.0));
#7911=DIRECTION('',(0.0,-1.0,0.0));
#7912=ORIENTED_EDGE('',*,*,#9873,.T.);
#7913=ORIENTED_EDGE('',*,*,#9861,.F.);
#7914=ORIENTED_EDGE('',*,*,#9874,.F.);
#7915=ORIENTED_EDGE('',*,*,#9843,.T.);
#7916=CARTESIAN_POINT('',(-20.43,9.2,2.45));
#7917=DIRECTION('',(-0.0,1.0,0.0));
#7918=DIRECTION('',(1.0,0.0,0.0));
#7919=ORIENTED_EDGE('',*,*,#9874,.T.);
#7920=ORIENTED_EDGE('',*,*,#9860,.F.);
#7921=ORIENTED_EDGE('',*,*,#9875,.F.);
#7922=ORIENTED_EDGE('',*,*,#9844,.T.);
#7923=CARTESIAN_POINT('',(-20.43,4.3,2.45));
#7924=DIRECTION('',(0.0,0.0,1.0));
#7925=DIRECTION('',(1.0,0.0,0.0));
#7926=ORIENTED_EDGE('',*,*,#9845,.T.);
#7927=ORIENTED_EDGE('',*,*,#9875,.T.);
#7928=ORIENTED_EDGE('',*,*,#9859,.F.);
#7929=ORIENTED_EDGE('',*,*,#9786,.F.);
#7930=CARTESIAN_POINT('',(-20.43,3.7,2.85));
#7931=DIRECTION('',(0.0,0.554700196225229,0.832050294337844));
#7932=DIRECTION('',(1.0,-0.0,0.0));
#7933=ORIENTED_EDGE('',*,*,#9866,.F.);
#7934=ORIENTED_EDGE('',*,*,#9876,.F.);
#7935=ORIENTED_EDGE('',*,*,#9846,.T.);
#7936=ORIENTED_EDGE('',*,*,#8682,.T.);
#7937=CARTESIAN_POINT('',(-20.43,-2.23,-2.65));
#7938=DIRECTION('',(0.0,0.0,1.0));
#7939=DIRECTION('',(1.0,0.0,0.0));
#7940=ORIENTED_EDGE('',*,*,#9876,.T.);
#7941=ORIENTED_EDGE('',*,*,#9865,.F.);
#7942=ORIENTED_EDGE('',*,*,#9877,.F.);
#7943=ORIENTED_EDGE('',*,*,#9847,.T.);
#7944=CARTESIAN_POINT('',(-20.43,-3.5,-3.1));
#7945=DIRECTION('',(0.0,-0.333984527886008,0.942578556478324));
#7946=DIRECTION('',(-1.0,0.0,0.0));
#7947=ORIENTED_EDGE('',*,*,#9877,.T.);
#7948=ORIENTED_EDGE('',*,*,#9864,.F.);
#7949=ORIENTED_EDGE('',*,*,#9878,.F.);
#7950=ORIENTED_EDGE('',*,*,#9848,.T.);
#7951=CARTESIAN_POINT('',(-20.43,-3.5,-3.25));
#7952=DIRECTION('',(0.0,-1.0,0.0));
#7953=DIRECTION('',(0.0,0.0,-1.0));
#7954=ORIENTED_EDGE('',*,*,#9849,.T.);
#7955=ORIENTED_EDGE('',*,*,#9878,.T.);
#7956=ORIENTED_EDGE('',*,*,#9863,.F.);
#7957=ORIENTED_EDGE('',*,*,#8680,.F.);
#7958=CARTESIAN_POINT('',(-20.43,3.7,-3.25));
#7959=DIRECTION('',(0.0,0.0,-1.0));
#7960=DIRECTION('',(0.0,-1.0,0.0));
#7961=ORIENTED_EDGE('',*,*,#9870,.F.);
#7962=ORIENTED_EDGE('',*,*,#9879,.F.);
#7963=ORIENTED_EDGE('',*,*,#9850,.T.);
#7964=ORIENTED_EDGE('',*,*,#8690,.T.);
#7965=CARTESIAN_POINT('',(-20.43,-3.5,2.85));
#7966=DIRECTION('',(0.0,0.0,1.0));
#7967=DIRECTION('',(1.0,0.0,0.0));
#7968=ORIENTED_EDGE('',*,*,#9879,.T.);
#7969=ORIENTED_EDGE('',*,*,#9869,.F.);
#7970=ORIENTED_EDGE('',*,*,#9880,.F.);
#7971=ORIENTED_EDGE('',*,*,#9851,.T.);
#7972=CARTESIAN_POINT('',(-20.43,-3.5,2.7));
#7973=DIRECTION('',(0.0,-1.0,0.0));
#7974=DIRECTION('',(0.0,0.0,-1.0));
#7975=ORIENTED_EDGE('',*,*,#9880,.T.);
#7976=ORIENTED_EDGE('',*,*,#9868,.F.);
#7977=ORIENTED_EDGE('',*,*,#9881,.F.);
#7978=ORIENTED_EDGE('',*,*,#9852,.T.);
#7979=CARTESIAN_POINT('',(-20.43,-2.23,2.25));
#7980=DIRECTION('',(0.0,-0.333984527886008,-0.942578556478324));
#7981=DIRECTION('',(0.0,-0.942578556478324,0.333984527886008));
#7982=ORIENTED_EDGE('',*,*,#9853,.T.);
#7983=ORIENTED_EDGE('',*,*,#9881,.T.);
#7984=ORIENTED_EDGE('',*,*,#9867,.F.);
#7985=ORIENTED_EDGE('',*,*,#8688,.F.);
#7986=CARTESIAN_POINT('',(-20.43,3.7,2.25));
#7987=DIRECTION('',(0.0,0.0,-1.0));
#7988=DIRECTION('',(0.0,-1.0,0.0));
#7989=ORIENTED_EDGE('',*,*,#8987,.T.);
#7990=ORIENTED_EDGE('',*,*,#8686,.F.);
#7991=ORIENTED_EDGE('',*,*,#8597,.T.);
#7992=ORIENTED_EDGE('',*,*,#8759,.F.);
#7993=CARTESIAN_POINT('',(-20.0,0.0,3.8));
#7994=DIRECTION('',(1.0,0.0,0.0));
#7995=DIRECTION('',(0.0,1.0,0.0));
#7996=ORIENTED_EDGE('',*,*,#8866,.T.);
#7997=ORIENTED_EDGE('',*,*,#8381,.F.);
#7998=ORIENTED_EDGE('',*,*,#8475,.F.);
#7999=ORIENTED_EDGE('',*,*,#8386,.F.);
#8000=CARTESIAN_POINT('',(-24.1,12.8,-2.99));
#8001=DIRECTION('',(-0.707106781186548,0.0,-0.707106781186548));
#8002=DIRECTION('',(-0.707106781186548,0.0,0.707106781186548));
#8003=ORIENTED_EDGE('',*,*,#9882,.T.);
#8004=ORIENTED_EDGE('',*,*,#9883,.F.);
#8005=ORIENTED_EDGE('',*,*,#9884,.F.);
#8006=ORIENTED_EDGE('',*,*,#8872,.T.);
#8007=CARTESIAN_POINT('',(22.8,12.8,3.9));
#8008=DIRECTION('',(1.0,0.0,0.0));
#8009=DIRECTION('',(0.0,1.0,0.0));
#8010=ORIENTED_EDGE('',*,*,#9884,.T.);
#8011=ORIENTED_EDGE('',*,*,#9885,.F.);
#8012=ORIENTED_EDGE('',*,*,#9886,.F.);
#8013=ORIENTED_EDGE('',*,*,#8869,.T.);
#8014=CARTESIAN_POINT('',(19.2,12.8,3.9));
#8015=DIRECTION('',(0.0,0.0,1.0));
#8016=DIRECTION('',(1.0,0.0,0.0));
#8017=ORIENTED_EDGE('',*,*,#9886,.T.);
#8018=ORIENTED_EDGE('',*,*,#9887,.F.);
#8019=ORIENTED_EDGE('',*,*,#9888,.F.);
#8020=ORIENTED_EDGE('',*,*,#8870,.T.);
#8021=CARTESIAN_POINT('',(19.2,12.8,0.3));
#8022=DIRECTION('',(-1.0,0.0,0.0));
#8023=DIRECTION('',(0.0,0.0,1.0));
#8024=ORIENTED_EDGE('',*,*,#9888,.T.);
#8025=ORIENTED_EDGE('',*,*,#9889,.F.);
#8026=ORIENTED_EDGE('',*,*,#9882,.F.);
#8027=ORIENTED_EDGE('',*,*,#8871,.T.);
#8028=CARTESIAN_POINT('',(22.8,12.8,0.3));
#8029=DIRECTION('',(0.0,0.0,-1.0));
#8030=DIRECTION('',(0.0,-1.0,0.0));
#8031=ORIENTED_EDGE('',*,*,#9889,.T.);
#8032=ORIENTED_EDGE('',*,*,#9887,.T.);
#8033=ORIENTED_EDGE('',*,*,#9885,.T.);
#8034=ORIENTED_EDGE('',*,*,#9883,.T.);
#8035=ORIENTED_EDGE('',*,*,#9890,.T.);
#8036=ORIENTED_EDGE('',*,*,#9891,.F.);
#8037=ORIENTED_EDGE('',*,*,#9892,.F.);
#8038=ORIENTED_EDGE('',*,*,#9893,.T.);
#8039=CARTESIAN_POINT('',(-23.7,3.7,-4.8));
#8040=DIRECTION('',(-0.0,1.0,0.0));
#8041=DIRECTION('',(1.0,0.0,0.0));
#8042=ORIENTED_EDGE('',*,*,#9894,.T.);
#8043=ORIENTED_EDGE('',*,*,#9895,.T.);
#8044=ORIENTED_EDGE('',*,*,#9896,.T.);
#8045=ORIENTED_EDGE('',*,*,#9897,.T.);
#8046=ORIENTED_EDGE('',*,*,#9898,.T.);
#8047=ORIENTED_EDGE('',*,*,#9899,.T.);
#8048=ORIENTED_EDGE('',*,*,#9900,.T.);
#8049=ORIENTED_EDGE('',*,*,#9901,.F.);
#8050=ORIENTED_EDGE('',*,*,#9902,.F.);
#8051=ORIENTED_EDGE('',*,*,#9903,.T.);
#8052=CARTESIAN_POINT('',(-23.7,3.7,-4.8));
#8053=DIRECTION('',(-0.0,1.0,0.0));
#8054=DIRECTION('',(1.0,0.0,0.0));
#8055=ORIENTED_EDGE('',*,*,#9904,.T.);
#8056=ORIENTED_EDGE('',*,*,#9899,.F.);
#8057=ORIENTED_EDGE('',*,*,#9905,.F.);
#8058=ORIENTED_EDGE('',*,*,#8878,.T.);
#8059=CARTESIAN_POINT('',(22.8,12.8,-1.2));
#8060=DIRECTION('',(1.0,0.0,0.0));
#8061=DIRECTION('',(0.0,1.0,0.0));
#8062=ORIENTED_EDGE('',*,*,#9905,.T.);
#8063=ORIENTED_EDGE('',*,*,#9898,.F.);
#8064=ORIENTED_EDGE('',*,*,#9906,.F.);
#8065=ORIENTED_EDGE('',*,*,#8873,.T.);
#8066=CARTESIAN_POINT('',(21.9,12.8,-0.3));
#8067=DIRECTION('',(0.707106781186548,0.0,0.707106781186548));
#8068=DIRECTION('',(0.0,-1.0,0.0));
#8069=ORIENTED_EDGE('',*,*,#9906,.T.);
#8070=ORIENTED_EDGE('',*,*,#9897,.F.);
#8071=ORIENTED_EDGE('',*,*,#9907,.F.);
#8072=ORIENTED_EDGE('',*,*,#8874,.T.);
#8073=CARTESIAN_POINT('',(20.1,12.8,-0.3));
#8074=DIRECTION('',(0.0,0.0,1.0));
#8075=DIRECTION('',(1.0,0.0,0.0));
#8076=ORIENTED_EDGE('',*,*,#9907,.T.);
#8077=ORIENTED_EDGE('',*,*,#9896,.F.);
#8078=ORIENTED_EDGE('',*,*,#9908,.F.);
#8079=ORIENTED_EDGE('',*,*,#8875,.T.);
#8080=CARTESIAN_POINT('',(19.2,12.8,-1.2));
#8081=DIRECTION('',(-0.707106781186598,0.0,0.707106781186498));
#8082=DIRECTION('',(0.0,1.0,0.0));
#8083=ORIENTED_EDGE('',*,*,#9908,.T.);
#8084=ORIENTED_EDGE('',*,*,#9895,.F.);
#8085=ORIENTED_EDGE('',*,*,#9909,.F.);
#8086=ORIENTED_EDGE('',*,*,#8876,.T.);
#8087=CARTESIAN_POINT('',(19.2,12.8,-3.9));
#8088=DIRECTION('',(-1.0,0.0,0.0));
#8089=DIRECTION('',(0.0,0.0,1.0));
#8090=ORIENTED_EDGE('',*,*,#9909,.T.);
#8091=ORIENTED_EDGE('',*,*,#9894,.F.);
#8092=ORIENTED_EDGE('',*,*,#9904,.F.);
#8093=ORIENTED_EDGE('',*,*,#8877,.T.);
#8094=CARTESIAN_POINT('',(22.8,12.8,-3.9));
#8095=DIRECTION('',(0.0,0.0,-1.0));
#8096=DIRECTION('',(0.0,-1.0,0.0));
#8097=ORIENTED_EDGE('',*,*,#9910,.F.);
#8098=ORIENTED_EDGE('',*,*,#9911,.F.);
#8099=ORIENTED_EDGE('',*,*,#9912,.F.);
#8100=ORIENTED_EDGE('',*,*,#9913,.F.);
#8101=ORIENTED_EDGE('',*,*,#9903,.F.);
#8102=CARTESIAN_POINT('',(21.57,0.0,0.0));
#8103=DIRECTION('',(-1.0,0.0,0.0));
#8104=DIRECTION('',(0.0,0.0,1.0));
#8105=ORIENTED_EDGE('',*,*,#9914,.F.);
#8106=ORIENTED_EDGE('',*,*,#9915,.F.);
#8107=ORIENTED_EDGE('',*,*,#9916,.F.);
#8108=ORIENTED_EDGE('',*,*,#9917,.F.);
#8109=ORIENTED_EDGE('',*,*,#9893,.F.);
#8110=CARTESIAN_POINT('',(21.57,0.0,0.0));
#8111=DIRECTION('',(-1.0,0.0,0.0));
#8112=DIRECTION('',(0.0,0.0,1.0));
#8113=ORIENTED_EDGE('',*,*,#8622,.T.);
#8114=ORIENTED_EDGE('',*,*,#9918,.F.);
#8115=ORIENTED_EDGE('',*,*,#9919,.F.);
#8116=ORIENTED_EDGE('',*,*,#9920,.F.);
#8117=ORIENTED_EDGE('',*,*,#9921,.F.);
#8118=CARTESIAN_POINT('',(21.57,0.0,0.0));
#8119=DIRECTION('',(-1.0,0.0,0.0));
#8120=DIRECTION('',(0.0,0.0,1.0));
#8121=ORIENTED_EDGE('',*,*,#9922,.F.);
#8122=ORIENTED_EDGE('',*,*,#9923,.F.);
#8123=ORIENTED_EDGE('',*,*,#9924,.F.);
#8124=ORIENTED_EDGE('',*,*,#9925,.F.);
#8125=ORIENTED_EDGE('',*,*,#8614,.T.);
#8126=CARTESIAN_POINT('',(21.57,0.0,0.0));
#8127=DIRECTION('',(-1.0,0.0,0.0));
#8128=DIRECTION('',(0.0,0.0,1.0));
#8129=ORIENTED_EDGE('',*,*,#9913,.T.);
#8130=ORIENTED_EDGE('',*,*,#9926,.T.);
#8131=ORIENTED_EDGE('',*,*,#9927,.F.);
#8132=ORIENTED_EDGE('',*,*,#9900,.F.);
#8133=CARTESIAN_POINT('',(21.57,3.7,-1.71));
#8134=DIRECTION('',(0.0,0.0,1.0));
#8135=DIRECTION('',(1.0,0.0,0.0));
#8136=ORIENTED_EDGE('',*,*,#9927,.T.);
#8137=ORIENTED_EDGE('',*,*,#9928,.T.);
#8138=ORIENTED_EDGE('',*,*,#9929,.T.);
#8139=ORIENTED_EDGE('',*,*,#9930,.T.);
#8140=ORIENTED_EDGE('',*,*,#9901,.T.);
#8141=CARTESIAN_POINT('',(20.43,0.0,0.0));
#8142=DIRECTION('',(-1.0,0.0,0.0));
#8143=DIRECTION('',(0.0,0.0,1.0));
#8144=ORIENTED_EDGE('',*,*,#9931,.T.);
#8145=ORIENTED_EDGE('',*,*,#9932,.T.);
#8146=ORIENTED_EDGE('',*,*,#9933,.T.);
#8147=ORIENTED_EDGE('',*,*,#9934,.T.);
#8148=ORIENTED_EDGE('',*,*,#9891,.T.);
#8149=CARTESIAN_POINT('',(20.43,0.0,0.0));
#8150=DIRECTION('',(-1.0,0.0,0.0));
#8151=DIRECTION('',(0.0,0.0,1.0));
#8152=ORIENTED_EDGE('',*,*,#9935,.T.);
#8153=ORIENTED_EDGE('',*,*,#9936,.T.);
#8154=ORIENTED_EDGE('',*,*,#9937,.T.);
#8155=ORIENTED_EDGE('',*,*,#8620,.F.);
#8156=ORIENTED_EDGE('',*,*,#9938,.T.);
#8157=CARTESIAN_POINT('',(20.43,0.0,0.0));
#8158=DIRECTION('',(-1.0,0.0,0.0));
#8159=DIRECTION('',(0.0,0.0,1.0));
#8160=ORIENTED_EDGE('',*,*,#9939,.T.);
#8161=ORIENTED_EDGE('',*,*,#9940,.T.);
#8162=ORIENTED_EDGE('',*,*,#9941,.T.);
#8163=ORIENTED_EDGE('',*,*,#9942,.T.);
#8164=ORIENTED_EDGE('',*,*,#8612,.F.);
#8165=CARTESIAN_POINT('',(20.43,0.0,0.0));
#8166=DIRECTION('',(-1.0,0.0,0.0));
#8167=DIRECTION('',(0.0,0.0,1.0));
#8168=ORIENTED_EDGE('',*,*,#9930,.F.);
#8169=ORIENTED_EDGE('',*,*,#9943,.F.);
#8170=ORIENTED_EDGE('',*,*,#9910,.T.);
#8171=ORIENTED_EDGE('',*,*,#9902,.T.);
#8172=CARTESIAN_POINT('',(21.57,4.3,-2.85));
#8173=DIRECTION('',(0.0,0.554700196225229,-0.832050294337844));
#8174=DIRECTION('',(-1.0,0.0,0.0));
#8175=ORIENTED_EDGE('',*,*,#9943,.T.);
#8176=ORIENTED_EDGE('',*,*,#9929,.F.);
#8177=ORIENTED_EDGE('',*,*,#9944,.F.);
#8178=ORIENTED_EDGE('',*,*,#9911,.T.);
#8179=CARTESIAN_POINT('',(21.57,9.2,-2.85));
#8180=DIRECTION('',(0.0,0.0,-1.0));
#8181=DIRECTION('',(0.0,-1.0,0.0));
#8182=ORIENTED_EDGE('',*,*,#9944,.T.);
#8183=ORIENTED_EDGE('',*,*,#9928,.F.);
#8184=ORIENTED_EDGE('',*,*,#9926,.F.);
#8185=ORIENTED_EDGE('',*,*,#9912,.T.);
#8186=CARTESIAN_POINT('',(21.57,9.2,-1.71));
#8187=DIRECTION('',(-0.0,1.0,0.0));
#8188=DIRECTION('',(1.0,0.0,0.0));
#8189=ORIENTED_EDGE('',*,*,#9934,.F.);
#8190=ORIENTED_EDGE('',*,*,#9945,.F.);
#8191=ORIENTED_EDGE('',*,*,#9914,.T.);
#8192=ORIENTED_EDGE('',*,*,#9892,.T.);
#8193=CARTESIAN_POINT('',(21.57,9.2,1.31));
#8194=DIRECTION('',(0.0,0.0,-1.0));
#8195=DIRECTION('',(0.0,-1.0,0.0));
#8196=ORIENTED_EDGE('',*,*,#9945,.T.);
#8197=ORIENTED_EDGE('',*,*,#9933,.F.);
#8198=ORIENTED_EDGE('',*,*,#9946,.F.);
#8199=ORIENTED_EDGE('',*,*,#9915,.T.);
#8200=CARTESIAN_POINT('',(21.57,9.2,2.45));
#8201=DIRECTION('',(-0.0,1.0,0.0));
#8202=DIRECTION('',(1.0,0.0,0.0));
#8203=ORIENTED_EDGE('',*,*,#9946,.T.);
#8204=ORIENTED_EDGE('',*,*,#9932,.F.);
#8205=ORIENTED_EDGE('',*,*,#9947,.F.);
#8206=ORIENTED_EDGE('',*,*,#9916,.T.);
#8207=CARTESIAN_POINT('',(21.57,4.3,2.45));
#8208=DIRECTION('',(0.0,0.0,1.0));
#8209=DIRECTION('',(1.0,0.0,0.0));
#8210=ORIENTED_EDGE('',*,*,#9917,.T.);
#8211=ORIENTED_EDGE('',*,*,#9947,.T.);
#8212=ORIENTED_EDGE('',*,*,#9931,.F.);
#8213=ORIENTED_EDGE('',*,*,#9890,.F.);
#8214=CARTESIAN_POINT('',(21.57,3.7,2.85));
#8215=DIRECTION('',(0.0,0.554700196225229,0.832050294337844));
#8216=DIRECTION('',(1.0,-0.0,0.0));
#8217=ORIENTED_EDGE('',*,*,#9948,.T.);
#8218=ORIENTED_EDGE('',*,*,#9938,.F.);
#8219=ORIENTED_EDGE('',*,*,#8619,.F.);
#8220=ORIENTED_EDGE('',*,*,#9921,.T.);
#8221=CARTESIAN_POINT('',(21.57,3.7,2.25));
#8222=DIRECTION('',(0.0,0.0,-1.0));
#8223=DIRECTION('',(0.0,-1.0,0.0));
#8224=ORIENTED_EDGE('',*,*,#9949,.T.);
#8225=ORIENTED_EDGE('',*,*,#9935,.F.);
#8226=ORIENTED_EDGE('',*,*,#9948,.F.);
#8227=ORIENTED_EDGE('',*,*,#9920,.T.);
#8228=CARTESIAN_POINT('',(21.57,-2.23,2.25));
#8229=DIRECTION('',(0.0,-0.333984527886008,-0.942578556478324));
#8230=DIRECTION('',(0.0,-0.942578556478324,0.333984527886008));
#8231=ORIENTED_EDGE('',*,*,#9950,.T.);
#8232=ORIENTED_EDGE('',*,*,#9936,.F.);
#8233=ORIENTED_EDGE('',*,*,#9949,.F.);
#8234=ORIENTED_EDGE('',*,*,#9919,.T.);
#8235=CARTESIAN_POINT('',(21.57,-3.5,2.7));
#8236=DIRECTION('',(0.0,-1.0,0.0));
#8237=DIRECTION('',(0.0,0.0,-1.0));
#8238=ORIENTED_EDGE('',*,*,#8621,.T.);
#8239=ORIENTED_EDGE('',*,*,#9937,.F.);
#8240=ORIENTED_EDGE('',*,*,#9950,.F.);
#8241=ORIENTED_EDGE('',*,*,#9918,.T.);
#8242=CARTESIAN_POINT('',(21.57,-3.5,2.85));
#8243=DIRECTION('',(0.0,0.0,1.0));
#8244=DIRECTION('',(1.0,0.0,0.0));
#8245=ORIENTED_EDGE('',*,*,#9942,.F.);
#8246=ORIENTED_EDGE('',*,*,#9951,.F.);
#8247=ORIENTED_EDGE('',*,*,#9922,.T.);
#8248=ORIENTED_EDGE('',*,*,#8613,.T.);
#8249=CARTESIAN_POINT('',(21.57,-2.23,-2.65));
#8250=DIRECTION('',(0.0,0.0,1.0));
#8251=DIRECTION('',(1.0,0.0,0.0));
#8252=ORIENTED_EDGE('',*,*,#9951,.T.);
#8253=ORIENTED_EDGE('',*,*,#9941,.F.);
#8254=ORIENTED_EDGE('',*,*,#9952,.F.);
#8255=ORIENTED_EDGE('',*,*,#9923,.T.);
#8256=CARTESIAN_POINT('',(21.57,-3.5,-3.1));
#8257=DIRECTION('',(0.0,-0.333984527886008,0.942578556478324));
#8258=DIRECTION('',(-1.0,0.0,0.0));
#8259=ORIENTED_EDGE('',*,*,#9952,.T.);
#8260=ORIENTED_EDGE('',*,*,#9940,.F.);
#8261=ORIENTED_EDGE('',*,*,#9953,.F.);
#8262=ORIENTED_EDGE('',*,*,#9924,.T.);
#8263=CARTESIAN_POINT('',(21.57,-3.5,-3.25));
#8264=DIRECTION('',(0.0,-1.0,0.0));
#8265=DIRECTION('',(0.0,0.0,-1.0));
#8266=ORIENTED_EDGE('',*,*,#9925,.T.);
#8267=ORIENTED_EDGE('',*,*,#9953,.T.);
#8268=ORIENTED_EDGE('',*,*,#9939,.F.);
#8269=ORIENTED_EDGE('',*,*,#8611,.F.);
#8270=CARTESIAN_POINT('',(21.57,3.7,-3.25));
#8271=DIRECTION('',(0.0,0.0,-1.0));
#8272=DIRECTION('',(0.0,-1.0,0.0));
#8273=ORIENTED_EDGE('',*,*,#8804,.T.);
#8274=ORIENTED_EDGE('',*,*,#8607,.F.);
#8275=ORIENTED_EDGE('',*,*,#8794,.F.);
#8276=ORIENTED_EDGE('',*,*,#8403,.F.);
#8277=CARTESIAN_POINT('',(19.7,0.0,-0.5));
#8278=DIRECTION('',(-1.0,0.0,0.0));
#8279=DIRECTION('',(0.0,0.0,1.0));
#8280=ORIENTED_EDGE('',*,*,#8633,.T.);
#8281=ORIENTED_EDGE('',*,*,#8609,.F.);
#8282=ORIENTED_EDGE('',*,*,#8803,.T.);
#8283=ORIENTED_EDGE('',*,*,#8706,.F.);
#8284=CARTESIAN_POINT('',(20.0,0.0,-3.8));
#8285=DIRECTION('',(-1.0,0.0,0.0));
#8286=DIRECTION('',(0.0,0.0,1.0));
#8287=ORIENTED_EDGE('',*,*,#8856,.T.);
#8288=ORIENTED_EDGE('',*,*,#8677,.F.);
#8289=ORIENTED_EDGE('',*,*,#8797,.F.);
#8290=ORIENTED_EDGE('',*,*,#8477,.F.);
#8291=CARTESIAN_POINT('',(-22.3,0.0,-0.5));
#8292=DIRECTION('',(-1.0,0.0,0.0));
#8293=DIRECTION('',(0.0,0.0,1.0));
#8294=ORIENTED_EDGE('',*,*,#8860,.T.);
#8295=ORIENTED_EDGE('',*,*,#8673,.F.);
#8296=ORIENTED_EDGE('',*,*,#8671,.F.);
#8297=ORIENTED_EDGE('',*,*,#8765,.T.);
#8298=CARTESIAN_POINT('',(-20.0,0.0,-4.8));
#8299=DIRECTION('',(1.0,0.0,0.0));
#8300=DIRECTION('',(0.0,1.0,0.0));
#8301=ORIENTED_EDGE('',*,*,#8489,.T.);
#8302=ORIENTED_EDGE('',*,*,#8479,.F.);
#8303=ORIENTED_EDGE('',*,*,#8796,.F.);
#8304=ORIENTED_EDGE('',*,*,#8694,.T.);
#8305=CARTESIAN_POINT('',(-22.7,0.0,-0.5));
#8306=DIRECTION('',(1.0,0.0,0.0));
#8307=DIRECTION('',(0.0,1.0,0.0));
#8308=ORIENTED_EDGE('',*,*,#8599,.T.);
#8309=ORIENTED_EDGE('',*,*,#8685,.F.);
#8310=ORIENTED_EDGE('',*,*,#8521,.F.);
#8311=ORIENTED_EDGE('',*,*,#8473,.F.);
#8312=CARTESIAN_POINT('',(-19.7,0.0,0.5));
#8313=DIRECTION('',(1.0,0.0,0.0));
#8314=DIRECTION('',(0.0,1.0,0.0));
#8315=ORIENTED_EDGE('',*,*,#8493,.T.);
#8316=ORIENTED_EDGE('',*,*,#8616,.F.);
#8317=ORIENTED_EDGE('',*,*,#8530,.F.);
#8318=ORIENTED_EDGE('',*,*,#8399,.F.);
#8319=CARTESIAN_POINT('',(19.7,0.0,3.8));
#8320=DIRECTION('',(-1.0,0.0,0.0));
#8321=DIRECTION('',(0.0,0.0,1.0));
#8322=AXIS2_PLACEMENT_3D('',#9954,#9955,#9956);
#8323=AXIS2_PLACEMENT_3D('',#9957,#9958,#9959);
#8324=AXIS2_PLACEMENT_3D('',#9960,#9961,#9962);
#8325=AXIS2_PLACEMENT_3D('',#9963,#9964,#9965);
#8326=AXIS2_PLACEMENT_3D('',#9966,#9967,#9968);
#8327=AXIS2_PLACEMENT_3D('',#9969,#9970,#9971);
#8328=AXIS2_PLACEMENT_3D('',#9972,#9973,#9974);
#8329=AXIS2_PLACEMENT_3D('',#9975,#9976,#9977);
#8330=AXIS2_PLACEMENT_3D('',#9978,#9979,#9980);
#8331=AXIS2_PLACEMENT_3D('',#9981,#9982,#9983);
#8332=AXIS2_PLACEMENT_3D('',#9984,#9985,#9986);
#8333=AXIS2_PLACEMENT_3D('',#9987,#9988,#9989);
#8334=AXIS2_PLACEMENT_3D('',#9990,#9991,#9992);
#8335=AXIS2_PLACEMENT_3D('',#9993,#9994,#9995);
#8336=AXIS2_PLACEMENT_3D('',#9996,#9997,#9998);
#8337=AXIS2_PLACEMENT_3D('',#9999,#10000,#10001);
#8338=AXIS2_PLACEMENT_3D('',#10002,#10003,#10004);
#8339=AXIS2_PLACEMENT_3D('',#10005,#10006,#10007);
#8340=AXIS2_PLACEMENT_3D('',#10008,#10009,#10010);
#8341=AXIS2_PLACEMENT_3D('',#10011,#10012,#10013);
#8342=AXIS2_PLACEMENT_3D('',#10014,#10015,#10016);
#8343=AXIS2_PLACEMENT_3D('',#10017,#10018,#10019);
#8344=AXIS2_PLACEMENT_3D('',#10020,#10021,#10022);
#8345=AXIS2_PLACEMENT_3D('',#10023,#10024,#10025);
#8346=AXIS2_PLACEMENT_3D('',#10026,#10027,#10028);
#8347=AXIS2_PLACEMENT_3D('',#10029,#10030,#10031);
#8348=AXIS2_PLACEMENT_3D('',#10032,#10033,#10034);
#8349=AXIS2_PLACEMENT_3D('',#10035,#10036,#10037);
#8350=AXIS2_PLACEMENT_3D('',#10038,#10039,#10040);
#8351=AXIS2_PLACEMENT_3D('',#10041,#10042,#10043);
#8352=AXIS2_PLACEMENT_3D('',#10044,#10045,#10046);
#8353=AXIS2_PLACEMENT_3D('',#10047,#10048,#10049);
#8354=AXIS2_PLACEMENT_3D('',#10050,#10051,#10052);
#8355=AXIS2_PLACEMENT_3D('',#10053,#10054,#10055);
#8356=AXIS2_PLACEMENT_3D('',#10056,#10057,#10058);
#8357=AXIS2_PLACEMENT_3D('',#10059,#10060,#10061);
#8358=AXIS2_PLACEMENT_3D('',#10062,#10063,#10064);
#8359=AXIS2_PLACEMENT_3D('',#10065,#10066,#10067);
#8360=AXIS2_PLACEMENT_3D('',#10068,#10069,#10070);
#8361=AXIS2_PLACEMENT_3D('',#10071,#10072,#10073);
#8362=AXIS2_PLACEMENT_3D('',#10074,#10075,#10076);
#8363=AXIS2_PLACEMENT_3D('',#10077,#10078,#10079);
#8364=AXIS2_PLACEMENT_3D('',#10080,#10081,#10082);
#8365=AXIS2_PLACEMENT_3D('',#10083,#10084,#10085);
#8366=EDGE_CURVE('',#10086,#10087,#10088,.T.);
#8367=EDGE_CURVE('',#10086,#10089,#10090,.T.);
#8368=EDGE_CURVE('',#10089,#10091,#10092,.T.);
#8369=EDGE_CURVE('',#10087,#10091,#10093,.T.);
#8370=EDGE_CURVE('',#10094,#10095,#10096,.T.);
#8371=EDGE_CURVE('',#10097,#10095,#10098,.T.);
#8372=EDGE_CURVE('',#10099,#10097,#10100,.T.);
#8373=EDGE_CURVE('',#10101,#10099,#10102,.T.);
#8374=EDGE_CURVE('',#10103,#10101,#10104,.T.);
#8375=EDGE_CURVE('',#10094,#10103,#10105,.T.);
#8376=EDGE_CURVE('',#10106,#10107,#10108,.T.);
#8377=EDGE_CURVE('',#10109,#10106,#10110,.T.);
#8378=EDGE_CURVE('',#10111,#10109,#10112,.T.);
#8379=EDGE_CURVE('',#10111,#10113,#10114,.T.);
#8380=EDGE_CURVE('',#10113,#10115,#10116,.T.);
#8381=EDGE_CURVE('',#10115,#10107,#10117,.T.);
#8382=EDGE_CURVE('',#10094,#10118,#10119,.T.);
#8383=EDGE_CURVE('',#10103,#10120,#10121,.T.);
#8384=EDGE_CURVE('',#10120,#10118,#10122,.T.);
#8385=EDGE_CURVE('',#10120,#10123,#10124,.T.);
#8386=EDGE_CURVE('',#10123,#10125,#10126,.T.);
#8387=EDGE_CURVE('',#10118,#10125,#10127,.T.);
#8388=EDGE_CURVE('',#10128,#10129,#10130,.T.);
#8389=EDGE_CURVE('',#10129,#10131,#10132,.T.);
#8390=EDGE_CURVE('',#10131,#10133,#10134,.T.);
#8391=EDGE_CURVE('',#10135,#10133,#10136,.T.);
#8392=EDGE_CURVE('',#10135,#10137,#10138,.T.);
#8393=EDGE_CURVE('',#10137,#10139,#10140,.T.);
#8394=EDGE_CURVE('',#10139,#10087,#10141,.T.);
#8395=EDGE_CURVE('',#10091,#10142,#10143,.T.);
#8396=EDGE_CURVE('',#10142,#10144,#10145,.T.);
#8397=EDGE_CURVE('',#10128,#10144,#10146,.T.);
#8398=EDGE_CURVE('',#10147,#10148,#10149,.T.);
#8399=EDGE_CURVE('',#10148,#10150,#10151,.T.);
#8400=EDGE_CURVE('',#10150,#10152,#10153,.T.);
#8401=EDGE_CURVE('',#10152,#10147,#10154,.T.);
#8402=EDGE_CURVE('',#10155,#10156,#10157,.T.);
#8403=EDGE_CURVE('',#10156,#10158,#10159,.T.);
#8404=EDGE_CURVE('',#10158,#10160,#10161,.T.);
#8405=EDGE_CURVE('',#10155,#10160,#10162,.T.);
#8406=EDGE_CURVE('',#10163,#10164,#10165,.T.);
#8407=EDGE_CURVE('',#10166,#10164,#10167,.T.);
#8408=EDGE_CURVE('',#10166,#10168,#10169,.T.);
#8409=EDGE_CURVE('',#10168,#10163,#10170,.T.);
#8410=EDGE_CURVE('',#10171,#10172,#10173,.T.);
#8411=EDGE_CURVE('',#10172,#10174,#10175,.T.);
#8412=EDGE_CURVE('',#10174,#10176,#10177,.T.);
#8413=EDGE_CURVE('',#10171,#10176,#10178,.T.);
#8414=EDGE_CURVE('',#10179,#10180,#10181,.T.);
#8415=EDGE_CURVE('',#10182,#10180,#10183,.T.);
#8416=EDGE_CURVE('',#10182,#10184,#10185,.T.);
#8417=EDGE_CURVE('',#10184,#10179,#10186,.T.);
#8418=EDGE_CURVE('',#10187,#10188,#10189,.T.);
#8419=EDGE_CURVE('',#10188,#10190,#10191,.T.);
#8420=EDGE_CURVE('',#10190,#10192,#10193,.T.);
#8421=EDGE_CURVE('',#10187,#10192,#10194,.T.);
#8422=EDGE_CURVE('',#10195,#10196,#10197,.T.);
#8423=EDGE_CURVE('',#10198,#10196,#10199,.T.);
#8424=EDGE_CURVE('',#10198,#10200,#10201,.T.);
#8425=EDGE_CURVE('',#10200,#10195,#10202,.T.);
#8426=EDGE_CURVE('',#10203,#10204,#10205,.T.);
#8427=EDGE_CURVE('',#10204,#10206,#10207,.T.);
#8428=EDGE_CURVE('',#10206,#10208,#10209,.T.);
#8429=EDGE_CURVE('',#10203,#10208,#10210,.T.);
#8430=EDGE_CURVE('',#10211,#10212,#10213,.T.);
#8431=EDGE_CURVE('',#10214,#10212,#10215,.T.);
#8432=EDGE_CURVE('',#10214,#10216,#10217,.T.);
#8433=EDGE_CURVE('',#10216,#10211,#10218,.T.);
#8434=EDGE_CURVE('',#10219,#10220,#10221,.T.);
#8435=EDGE_CURVE('',#10220,#10222,#10223,.T.);
#8436=EDGE_CURVE('',#10222,#10224,#10225,.T.);
#8437=EDGE_CURVE('',#10219,#10224,#10226,.T.);
#8438=EDGE_CURVE('',#10227,#10228,#10229,.T.);
#8439=EDGE_CURVE('',#10230,#10228,#10231,.T.);
#8440=EDGE_CURVE('',#10230,#10232,#10233,.T.);
#8441=EDGE_CURVE('',#10232,#10227,#10234,.T.);
#8442=EDGE_CURVE('',#10235,#10236,#10237,.T.);
#8443=EDGE_CURVE('',#10236,#10238,#10239,.T.);
#8444=EDGE_CURVE('',#10238,#10240,#10241,.T.);
#8445=EDGE_CURVE('',#10235,#10240,#10242,.T.);
#8446=EDGE_CURVE('',#10243,#10244,#10245,.T.);
#8447=EDGE_CURVE('',#10246,#10244,#10247,.T.);
#8448=EDGE_CURVE('',#10246,#10248,#10249,.T.);
#8449=EDGE_CURVE('',#10248,#10243,#10250,.T.);
#8450=EDGE_CURVE('',#10251,#10252,#10253,.T.);
#8451=EDGE_CURVE('',#10252,#10254,#10255,.T.);
#8452=EDGE_CURVE('',#10254,#10256,#10257,.T.);
#8453=EDGE_CURVE('',#10251,#10256,#10258,.T.);
#8454=EDGE_CURVE('',#10259,#10260,#10261,.T.);
#8455=EDGE_CURVE('',#10262,#10260,#10263,.T.);
#8456=EDGE_CURVE('',#10262,#10264,#10265,.T.);
#8457=EDGE_CURVE('',#10264,#10259,#10266,.T.);
#8458=EDGE_CURVE('',#10267,#10268,#10269,.T.);
#8459=EDGE_CURVE('',#10268,#10270,#10271,.T.);
#8460=EDGE_CURVE('',#10270,#10272,#10273,.T.);
#8461=EDGE_CURVE('',#10267,#10272,#10274,.T.);
#8462=EDGE_CURVE('',#10275,#10276,#10277,.T.);
#8463=EDGE_CURVE('',#10278,#10276,#10279,.T.);
#8464=EDGE_CURVE('',#10278,#10280,#10281,.T.);
#8465=EDGE_CURVE('',#10280,#10275,#10282,.T.);
#8466=EDGE_CURVE('',#10283,#10284,#10285,.T.);
#8467=EDGE_CURVE('',#10284,#10286,#10287,.T.);
#8468=EDGE_CURVE('',#10286,#10288,#10289,.T.);
#8469=EDGE_CURVE('',#10283,#10288,#10290,.T.);
#8470=EDGE_CURVE('',#10291,#10292,#10293,.T.);
#8471=EDGE_CURVE('',#10294,#10292,#10295,.T.);
#8472=EDGE_CURVE('',#10294,#10296,#10297,.T.);
#8473=EDGE_CURVE('',#10296,#10291,#10298,.T.);
#8474=EDGE_CURVE('',#10299,#10095,#10300,.T.);
#8475=EDGE_CURVE('',#10125,#10115,#10301,.T.);
#8476=EDGE_CURVE('',#10113,#10302,#10303,.T.);
#8477=EDGE_CURVE('',#10302,#10304,#10305,.T.);
#8478=EDGE_CURVE('',#10304,#10306,#10307,.T.);
#8479=EDGE_CURVE('',#10306,#10308,#10309,.T.);
#8480=EDGE_CURVE('',#10308,#10310,#10311,.T.);
#8481=EDGE_CURVE('',#10299,#10310,#10312,.T.);
#8482=EDGE_CURVE('',#10313,#10314,#10315,.T.);
#8483=EDGE_CURVE('',#10314,#10316,#10317,.T.);
#8484=EDGE_CURVE('',#10316,#10318,#10319,.T.);
#8485=EDGE_CURVE('',#10313,#10318,#10320,.T.);
#8486=EDGE_CURVE('',#10144,#10321,#10322,.T.);
#8487=EDGE_CURVE('',#10323,#10321,#10324,.T.);
#8488=EDGE_CURVE('',#10128,#10323,#10325,.T.);
#8489=EDGE_CURVE('',#10326,#10308,#10327,.T.);
#8490=EDGE_CURVE('',#10326,#10328,#10329,.T.);
#8491=EDGE_CURVE('',#10328,#10129,#10330,.T.);
#8492=EDGE_CURVE('',#10331,#10323,#10332,.T.);
#8493=EDGE_CURVE('',#10148,#10331,#10333,.T.);
#8494=EDGE_CURVE('',#10147,#10334,#10335,.T.);
#8495=EDGE_CURVE('',#10336,#10334,#10337,.T.);
#8496=EDGE_CURVE('',#10164,#10336,#10338,.T.);
#8497=EDGE_CURVE('',#10163,#10339,#10340,.T.);
#8498=EDGE_CURVE('',#10341,#10339,#10342,.T.);
#8499=EDGE_CURVE('',#10180,#10341,#10343,.T.);
#8500=EDGE_CURVE('',#10179,#10344,#10345,.T.);
#8501=EDGE_CURVE('',#10346,#10344,#10347,.T.);
#8502=EDGE_CURVE('',#10196,#10346,#10348,.T.);
#8503=EDGE_CURVE('',#10195,#10349,#10350,.T.);
#8504=EDGE_CURVE('',#10351,#10349,#10352,.T.);
#8505=EDGE_CURVE('',#10212,#10351,#10353,.T.);
#8506=EDGE_CURVE('',#10211,#10354,#10355,.T.);
#8507=EDGE_CURVE('',#10356,#10354,#10357,.T.);
#8508=EDGE_CURVE('',#10228,#10356,#10358,.T.);
#8509=EDGE_CURVE('',#10227,#10359,#10360,.T.);
#8510=EDGE_CURVE('',#10361,#10359,#10362,.T.);
#8511=EDGE_CURVE('',#10244,#10361,#10363,.T.);
#8512=EDGE_CURVE('',#10243,#10364,#10365,.T.);
#8513=EDGE_CURVE('',#10366,#10364,#10367,.T.);
#8514=EDGE_CURVE('',#10260,#10366,#10368,.T.);
#8515=EDGE_CURVE('',#10259,#10369,#10370,.T.);
#8516=EDGE_CURVE('',#10371,#10369,#10372,.T.);
#8517=EDGE_CURVE('',#10276,#10371,#10373,.T.);
#8518=EDGE_CURVE('',#10275,#10374,#10375,.T.);
#8519=EDGE_CURVE('',#10376,#10374,#10377,.T.);
#8520=EDGE_CURVE('',#10292,#10376,#10378,.T.);
#8521=EDGE_CURVE('',#10291,#10379,#10380,.T.);
#8522=EDGE_CURVE('',#10381,#10379,#10382,.T.);
#8523=EDGE_CURVE('',#10310,#10381,#10383,.T.);
#8524=EDGE_CURVE('',#10384,#10381,#10385,.T.);
#8525=EDGE_CURVE('',#10299,#10384,#10386,.T.);
#8526=EDGE_CURVE('',#10387,#10142,#10388,.T.);
#8527=EDGE_CURVE('',#10389,#10387,#10390,.T.);
#8528=EDGE_CURVE('',#10391,#10389,#10392,.T.);
#8529=EDGE_CURVE('',#10321,#10391,#10393,.T.);
#8530=EDGE_CURVE('',#10150,#10394,#10395,.T.);
#8531=EDGE_CURVE('',#10396,#10394,#10397,.T.);
#8532=EDGE_CURVE('',#10398,#10396,#10399,.T.);
#8533=EDGE_CURVE('',#10400,#10398,#10401,.T.);
#8534=EDGE_CURVE('',#10402,#10400,#10403,.T.);
#8535=EDGE_CURVE('',#10404,#10402,#10405,.T.);
#8536=EDGE_CURVE('',#10152,#10404,#10406,.T.);
#8537=EDGE_CURVE('',#10166,#10407,#10408,.T.);
#8538=EDGE_CURVE('',#10409,#10407,#10410,.T.);
#8539=EDGE_CURVE('',#10411,#10409,#10412,.T.);
#8540=EDGE_CURVE('',#10413,#10411,#10414,.T.);
#8541=EDGE_CURVE('',#10415,#10413,#10416,.T.);
#8542=EDGE_CURVE('',#10417,#10415,#10418,.T.);
#8543=EDGE_CURVE('',#10168,#10417,#10419,.T.);
#8544=EDGE_CURVE('',#10182,#10420,#10421,.T.);
#8545=EDGE_CURVE('',#10422,#10420,#10423,.T.);
#8546=EDGE_CURVE('',#10424,#10422,#10425,.T.);
#8547=EDGE_CURVE('',#10426,#10424,#10427,.T.);
#8548=EDGE_CURVE('',#10428,#10426,#10429,.T.);
#8549=EDGE_CURVE('',#10430,#10428,#10431,.T.);
#8550=EDGE_CURVE('',#10184,#10430,#10432,.T.);
#8551=EDGE_CURVE('',#10198,#10433,#10434,.T.);
#8552=EDGE_CURVE('',#10435,#10433,#10436,.T.);
#8553=EDGE_CURVE('',#10437,#10435,#10438,.T.);
#8554=EDGE_CURVE('',#10439,#10437,#10440,.T.);
#8555=EDGE_CURVE('',#10441,#10439,#10442,.T.);
#8556=EDGE_CURVE('',#10443,#10441,#10444,.T.);
#8557=EDGE_CURVE('',#10200,#10443,#10445,.T.);
#8558=EDGE_CURVE('',#10214,#10446,#10447,.T.);
#8559=EDGE_CURVE('',#10448,#10446,#10449,.T.);
#8560=EDGE_CURVE('',#10450,#10448,#10451,.T.);
#8561=EDGE_CURVE('',#10452,#10450,#10453,.T.);
#8562=EDGE_CURVE('',#10454,#10452,#10455,.T.);
#8563=EDGE_CURVE('',#10456,#10454,#10457,.T.);
#8564=EDGE_CURVE('',#10216,#10456,#10458,.T.);
#8565=EDGE_CURVE('',#10230,#10459,#10460,.T.);
#8566=EDGE_CURVE('',#10461,#10459,#10462,.T.);
#8567=EDGE_CURVE('',#10463,#10461,#10464,.T.);
#8568=EDGE_CURVE('',#10465,#10463,#10466,.T.);
#8569=EDGE_CURVE('',#10467,#10465,#10468,.T.);
#8570=EDGE_CURVE('',#10469,#10467,#10470,.T.);
#8571=EDGE_CURVE('',#10232,#10469,#10471,.T.);
#8572=EDGE_CURVE('',#10246,#10472,#10473,.T.);
#8573=EDGE_CURVE('',#10474,#10472,#10475,.T.);
#8574=EDGE_CURVE('',#10476,#10474,#10477,.T.);
#8575=EDGE_CURVE('',#10478,#10476,#10479,.T.);
#8576=EDGE_CURVE('',#10480,#10478,#10481,.T.);
#8577=EDGE_CURVE('',#10482,#10480,#10483,.T.);
#8578=EDGE_CURVE('',#10248,#10482,#10484,.T.);
#8579=EDGE_CURVE('',#10262,#10485,#10486,.T.);
#8580=EDGE_CURVE('',#10487,#10485,#10488,.T.);
#8581=EDGE_CURVE('',#10489,#10487,#10490,.T.);
#8582=EDGE_CURVE('',#10491,#10489,#10492,.T.);
#8583=EDGE_CURVE('',#10493,#10491,#10494,.T.);
#8584=EDGE_CURVE('',#10495,#10493,#10496,.T.);
#8585=EDGE_CURVE('',#10264,#10495,#10497,.T.);
#8586=EDGE_CURVE('',#10278,#10498,#10499,.T.);
#8587=EDGE_CURVE('',#10500,#10498,#10501,.T.);
#8588=EDGE_CURVE('',#10502,#10500,#10503,.T.);
#8589=EDGE_CURVE('',#10504,#10502,#10505,.T.);
#8590=EDGE_CURVE('',#10506,#10504,#10507,.T.);
#8591=EDGE_CURVE('',#10508,#10506,#10509,.T.);
#8592=EDGE_CURVE('',#10280,#10508,#10510,.T.);
#8593=EDGE_CURVE('',#10294,#10511,#10512,.T.);
#8594=EDGE_CURVE('',#10513,#10511,#10514,.T.);
#8595=EDGE_CURVE('',#10515,#10513,#10516,.T.);
#8596=EDGE_CURVE('',#10517,#10515,#10518,.T.);
#8597=EDGE_CURVE('',#10519,#10517,#10520,.T.);
#8598=EDGE_CURVE('',#10521,#10519,#10522,.T.);
#8599=EDGE_CURVE('',#10296,#10521,#10523,.T.);
#8600=EDGE_CURVE('',#10097,#10524,#10525,.T.);
#8601=EDGE_CURVE('',#10526,#10384,#10527,.T.);
#8602=EDGE_CURVE('',#10524,#10526,#10528,.T.);
#8603=EDGE_CURVE('',#10529,#10530,#10531,.T.);
#8604=EDGE_CURVE('',#10530,#10532,#10533,.T.);
#8605=EDGE_CURVE('',#10532,#10534,#10535,.T.);
#8606=EDGE_CURVE('',#10534,#10536,#10537,.T.);
#8607=EDGE_CURVE('',#10536,#10538,#10539,.T.);
#8608=EDGE_CURVE('',#10538,#10540,#10541,.T.);
#8609=EDGE_CURVE('',#10540,#10542,#10543,.T.);
#8610=EDGE_CURVE('',#10542,#10529,#10544,.T.);
#8611=EDGE_CURVE('',#10545,#10546,#10547,.T.);
#8612=EDGE_CURVE('',#10546,#10548,#10549,.T.);
#8613=EDGE_CURVE('',#10550,#10548,#10551,.T.);
#8614=EDGE_CURVE('',#10545,#10550,#10552,.T.);
#8615=EDGE_CURVE('',#10553,#10396,#10554,.T.);
#8616=EDGE_CURVE('',#10394,#10331,#10555,.T.);
#8617=EDGE_CURVE('',#10391,#10556,#10557,.T.);
#8618=EDGE_CURVE('',#10553,#10556,#10558,.T.);
#8619=EDGE_CURVE('',#10559,#10560,#10561,.T.);
#8620=EDGE_CURVE('',#10560,#10562,#10563,.T.);
#8621=EDGE_CURVE('',#10564,#10562,#10565,.T.);
#8622=EDGE_CURVE('',#10559,#10564,#10566,.T.);
#8623=EDGE_CURVE('',#10567,#10568,#10569,.T.);
#8624=EDGE_CURVE('',#10109,#10567,#10570,.T.);
#8625=EDGE_CURVE('',#10106,#10571,#10572,.T.);
#8626=EDGE_CURVE('',#10571,#10573,#10574,.T.);
#8627=EDGE_CURVE('',#10573,#10575,#10576,.T.);
#8628=EDGE_CURVE('',#10577,#10575,#10578,.T.);
#8629=EDGE_CURVE('',#10577,#10579,#10580,.T.);
#8630=EDGE_CURVE('',#10581,#10579,#10582,.T.);
#8631=EDGE_CURVE('',#10583,#10581,#10584,.T.);
#8632=EDGE_CURVE('',#10583,#10529,#10585,.T.);
#8633=EDGE_CURVE('',#10586,#10542,#10587,.T.);
#8634=EDGE_CURVE('',#10588,#10586,#10589,.T.);
#8635=EDGE_CURVE('',#10588,#10590,#10591,.T.);
#8636=EDGE_CURVE('',#10592,#10590,#10593,.T.);
#8637=EDGE_CURVE('',#10594,#10592,#10595,.T.);
#8638=EDGE_CURVE('',#10596,#10594,#10597,.T.);
#8639=EDGE_CURVE('',#10596,#10598,#10599,.T.);
#8640=EDGE_CURVE('',#10600,#10598,#10601,.T.);
#8641=EDGE_CURVE('',#10602,#10600,#10603,.T.);
#8642=EDGE_CURVE('',#10604,#10602,#10605,.T.);
#8643=EDGE_CURVE('',#10604,#10606,#10607,.T.);
#8644=EDGE_CURVE('',#10608,#10606,#10609,.T.);
#8645=EDGE_CURVE('',#10610,#10608,#10611,.T.);
#8646=EDGE_CURVE('',#10612,#10610,#10613,.T.);
#8647=EDGE_CURVE('',#10612,#10614,#10615,.T.);
#8648=EDGE_CURVE('',#10616,#10614,#10617,.T.);
#8649=EDGE_CURVE('',#10618,#10616,#10619,.T.);
#8650=EDGE_CURVE('',#10620,#10618,#10621,.T.);
#8651=EDGE_CURVE('',#10620,#10622,#10623,.T.);
#8652=EDGE_CURVE('',#10624,#10622,#10625,.T.);
#8653=EDGE_CURVE('',#10626,#10624,#10627,.T.);
#8654=EDGE_CURVE('',#10628,#10626,#10629,.T.);
#8655=EDGE_CURVE('',#10628,#10630,#10631,.T.);
#8656=EDGE_CURVE('',#10632,#10630,#10633,.T.);
#8657=EDGE_CURVE('',#10634,#10632,#10635,.T.);
#8658=EDGE_CURVE('',#10636,#10634,#10637,.T.);
#8659=EDGE_CURVE('',#10636,#10638,#10639,.T.);
#8660=EDGE_CURVE('',#10640,#10638,#10641,.T.);
#8661=EDGE_CURVE('',#10642,#10640,#10643,.T.);
#8662=EDGE_CURVE('',#10644,#10642,#10645,.T.);
#8663=EDGE_CURVE('',#10644,#10646,#10647,.T.);
#8664=EDGE_CURVE('',#10648,#10646,#10649,.T.);
#8665=EDGE_CURVE('',#10650,#10648,#10651,.T.);
#8666=EDGE_CURVE('',#10652,#10650,#10653,.T.);
#8667=EDGE_CURVE('',#10652,#10654,#10655,.T.);
#8668=EDGE_CURVE('',#10656,#10654,#10657,.T.);
#8669=EDGE_CURVE('',#10658,#10656,#10659,.T.);
#8670=EDGE_CURVE('',#10660,#10658,#10661,.T.);
#8671=EDGE_CURVE('',#10660,#10662,#10663,.T.);
#8672=EDGE_CURVE('',#10568,#10662,#10664,.T.);
#8673=EDGE_CURVE('',#10662,#10665,#10666,.T.);
#8674=EDGE_CURVE('',#10665,#10667,#10668,.T.);
#8675=EDGE_CURVE('',#10667,#10669,#10670,.T.);
#8676=EDGE_CURVE('',#10669,#10671,#10672,.T.);
#8677=EDGE_CURVE('',#10671,#10673,#10674,.T.);
#8678=EDGE_CURVE('',#10673,#10675,#10676,.T.);
#8679=EDGE_CURVE('',#10675,#10568,#10677,.T.);
#8680=EDGE_CURVE('',#10678,#10679,#10680,.T.);
#8681=EDGE_CURVE('',#10679,#10681,#10682,.T.);
#8682=EDGE_CURVE('',#10683,#10681,#10684,.T.);
#8683=EDGE_CURVE('',#10678,#10683,#10685,.T.);
#8684=EDGE_CURVE('',#10686,#10526,#10687,.T.);
#8685=EDGE_CURVE('',#10379,#10521,#10688,.T.);
#8686=EDGE_CURVE('',#10519,#10689,#10690,.T.);
#8687=EDGE_CURVE('',#10686,#10689,#10691,.T.);
#8688=EDGE_CURVE('',#10692,#10693,#10694,.T.);
#8689=EDGE_CURVE('',#10693,#10695,#10696,.T.);
#8690=EDGE_CURVE('',#10697,#10695,#10698,.T.);
#8691=EDGE_CURVE('',#10692,#10697,#10699,.T.);
#8692=EDGE_CURVE('',#10675,#10700,#10701,.T.);
#8693=EDGE_CURVE('',#10567,#10700,#10702,.T.);
#8694=EDGE_CURVE('',#10703,#10326,#10704,.T.);
#8695=EDGE_CURVE('',#10705,#10703,#10706,.T.);
#8696=EDGE_CURVE('',#10328,#10705,#10707,.T.);
#8697=EDGE_CURVE('',#10708,#10389,#10709,.T.);
#8698=EDGE_CURVE('',#10710,#10387,#10711,.T.);
#8699=EDGE_CURVE('',#10708,#10710,#10712,.T.);
#8700=EDGE_CURVE('',#10713,#10581,#10714,.T.);
#8701=EDGE_CURVE('',#10715,#10713,#10716,.T.);
#8702=EDGE_CURVE('',#10583,#10715,#10717,.T.);
#8703=EDGE_CURVE('',#10718,#10398,#10719,.T.);
#8704=EDGE_CURVE('',#10720,#10718,#10721,.T.);
#8705=EDGE_CURVE('',#10720,#10400,#10722,.T.);
#8706=EDGE_CURVE('',#10586,#10723,#10724,.T.);
#8707=EDGE_CURVE('',#10725,#10723,#10726,.T.);
#8708=EDGE_CURVE('',#10588,#10725,#10727,.T.);
#8709=EDGE_CURVE('',#10728,#10411,#10729,.T.);
#8710=EDGE_CURVE('',#10730,#10728,#10731,.T.);
#8711=EDGE_CURVE('',#10730,#10413,#10732,.T.);
#8712=EDGE_CURVE('',#10594,#10733,#10734,.T.);
#8713=EDGE_CURVE('',#10735,#10733,#10736,.T.);
#8714=EDGE_CURVE('',#10596,#10735,#10737,.T.);
#8715=EDGE_CURVE('',#10738,#10424,#10739,.T.);
#8716=EDGE_CURVE('',#10740,#10738,#10741,.T.);
#8717=EDGE_CURVE('',#10740,#10426,#10742,.T.);
#8718=EDGE_CURVE('',#10602,#10743,#10744,.T.);
#8719=EDGE_CURVE('',#10745,#10743,#10746,.T.);
#8720=EDGE_CURVE('',#10604,#10745,#10747,.T.);
#8721=EDGE_CURVE('',#10748,#10437,#10749,.T.);
#8722=EDGE_CURVE('',#10750,#10748,#10751,.T.);
#8723=EDGE_CURVE('',#10750,#10439,#10752,.T.);
#8724=EDGE_CURVE('',#10610,#10753,#10754,.T.);
#8725=EDGE_CURVE('',#10755,#10753,#10756,.T.);
#8726=EDGE_CURVE('',#10612,#10755,#10757,.T.);
#8727=EDGE_CURVE('',#10758,#10450,#10759,.T.);
#8728=EDGE_CURVE('',#10760,#10758,#10761,.T.);
#8729=EDGE_CURVE('',#10760,#10452,#10762,.T.);
#8730=EDGE_CURVE('',#10618,#10763,#10764,.T.);
#8731=EDGE_CURVE('',#10765,#10763,#10766,.T.);
#8732=EDGE_CURVE('',#10620,#10765,#10767,.T.);
#8733=EDGE_CURVE('',#10768,#10463,#10769,.T.);
#8734=EDGE_CURVE('',#10770,#10768,#10771,.T.);
#8735=EDGE_CURVE('',#10770,#10465,#10772,.T.);
#8736=EDGE_CURVE('',#10626,#10773,#10774,.T.);
#8737=EDGE_CURVE('',#10775,#10773,#10776,.T.);
#8738=EDGE_CURVE('',#10628,#10775,#10777,.T.);
#8739=EDGE_CURVE('',#10778,#10476,#10779,.T.);
#8740=EDGE_CURVE('',#10780,#10778,#10781,.T.);
#8741=EDGE_CURVE('',#10780,#10478,#10782,.T.);
#8742=EDGE_CURVE('',#10634,#10783,#10784,.T.);
#8743=EDGE_CURVE('',#10785,#10783,#10786,.T.);
#8744=EDGE_CURVE('',#10636,#10785,#10787,.T.);
#8745=EDGE_CURVE('',#10788,#10489,#10789,.T.);
#8746=EDGE_CURVE('',#10790,#10788,#10791,.T.);
#8747=EDGE_CURVE('',#10790,#10491,#10792,.T.);
#8748=EDGE_CURVE('',#10642,#10793,#10794,.T.);
#8749=EDGE_CURVE('',#10795,#10793,#10796,.T.);
#8750=EDGE_CURVE('',#10644,#10795,#10797,.T.);
#8751=EDGE_CURVE('',#10798,#10502,#10799,.T.);
#8752=EDGE_CURVE('',#10800,#10798,#10801,.T.);
#8753=EDGE_CURVE('',#10800,#10504,#10802,.T.);
#8754=EDGE_CURVE('',#10650,#10803,#10804,.T.);
#8755=EDGE_CURVE('',#10805,#10803,#10806,.T.);
#8756=EDGE_CURVE('',#10652,#10805,#10807,.T.);
#8757=EDGE_CURVE('',#10808,#10515,#10809,.T.);
#8758=EDGE_CURVE('',#10810,#10808,#10811,.T.);
#8759=EDGE_CURVE('',#10810,#10517,#10812,.T.);
#8760=EDGE_CURVE('',#10099,#10813,#10814,.T.);
#8761=EDGE_CURVE('',#10813,#10524,#10815,.T.);
#8762=EDGE_CURVE('',#10111,#10700,#10816,.T.);
#8763=EDGE_CURVE('',#10658,#10817,#10818,.T.);
#8764=EDGE_CURVE('',#10819,#10817,#10820,.T.);
#8765=EDGE_CURVE('',#10660,#10819,#10821,.T.);
#8766=EDGE_CURVE('',#10705,#10131,#10822,.T.);
#8767=EDGE_CURVE('',#10316,#10823,#10824,.T.);
#8768=EDGE_CURVE('',#10825,#10823,#10826,.T.);
#8769=EDGE_CURVE('',#10288,#10825,#10827,.T.);
#8770=EDGE_CURVE('',#10286,#10828,#10829,.T.);
#8771=EDGE_CURVE('',#10830,#10828,#10831,.T.);
#8772=EDGE_CURVE('',#10272,#10830,#10832,.T.);
#8773=EDGE_CURVE('',#10270,#10833,#10834,.T.);
#8774=EDGE_CURVE('',#10835,#10833,#10836,.T.);
#8775=EDGE_CURVE('',#10256,#10835,#10837,.T.);
#8776=EDGE_CURVE('',#10254,#10838,#10839,.T.);
#8777=EDGE_CURVE('',#10840,#10838,#10841,.T.);
#8778=EDGE_CURVE('',#10240,#10840,#10842,.T.);
#8779=EDGE_CURVE('',#10238,#10843,#10844,.T.);
#8780=EDGE_CURVE('',#10845,#10843,#10846,.T.);
#8781=EDGE_CURVE('',#10224,#10845,#10847,.T.);
#8782=EDGE_CURVE('',#10222,#10848,#10849,.T.);
#8783=EDGE_CURVE('',#10850,#10848,#10851,.T.);
#8784=EDGE_CURVE('',#10208,#10850,#10852,.T.);
#8785=EDGE_CURVE('',#10206,#10853,#10854,.T.);
#8786=EDGE_CURVE('',#10855,#10853,#10856,.T.);
#8787=EDGE_CURVE('',#10192,#10855,#10857,.T.);
#8788=EDGE_CURVE('',#10190,#10858,#10859,.T.);
#8789=EDGE_CURVE('',#10860,#10858,#10861,.T.);
#8790=EDGE_CURVE('',#10176,#10860,#10862,.T.);
#8791=EDGE_CURVE('',#10174,#10863,#10864,.T.);
#8792=EDGE_CURVE('',#10865,#10863,#10866,.T.);
#8793=EDGE_CURVE('',#10160,#10865,#10867,.T.);
#8794=EDGE_CURVE('',#10158,#10536,#10868,.T.);
#8795=EDGE_CURVE('',#10133,#10534,#10869,.T.);
#8796=EDGE_CURVE('',#10703,#10306,#10870,.T.);
#8797=EDGE_CURVE('',#10304,#10671,#10871,.T.);
#8798=EDGE_CURVE('',#10318,#10669,#10872,.T.);
#8799=EDGE_CURVE('',#10313,#10667,#10873,.T.);
#8800=EDGE_CURVE('',#10713,#10137,#10874,.T.);
#8801=EDGE_CURVE('',#10135,#10532,#10875,.T.);
#8802=EDGE_CURVE('',#10715,#10530,#10876,.T.);
#8803=EDGE_CURVE('',#10540,#10723,#10877,.T.);
#8804=EDGE_CURVE('',#10156,#10538,#10878,.T.);
#8805=EDGE_CURVE('',#10155,#10879,#10880,.T.);
#8806=EDGE_CURVE('',#10881,#10879,#10882,.T.);
#8807=EDGE_CURVE('',#10725,#10881,#10883,.T.);
#8808=EDGE_CURVE('',#10884,#10733,#10885,.T.);
#8809=EDGE_CURVE('',#10886,#10884,#10887,.T.);
#8810=EDGE_CURVE('',#10172,#10886,#10888,.T.);
#8811=EDGE_CURVE('',#10171,#10889,#10890,.T.);
#8812=EDGE_CURVE('',#10891,#10889,#10892,.T.);
#8813=EDGE_CURVE('',#10735,#10891,#10893,.T.);
#8814=EDGE_CURVE('',#10894,#10743,#10895,.T.);
#8815=EDGE_CURVE('',#10896,#10894,#10897,.T.);
#8816=EDGE_CURVE('',#10188,#10896,#10898,.T.);
#8817=EDGE_CURVE('',#10187,#10899,#10900,.T.);
#8818=EDGE_CURVE('',#10901,#10899,#10902,.T.);
#8819=EDGE_CURVE('',#10745,#10901,#10903,.T.);
#8820=EDGE_CURVE('',#10904,#10753,#10905,.T.);
#8821=EDGE_CURVE('',#10906,#10904,#10907,.T.);
#8822=EDGE_CURVE('',#10204,#10906,#10908,.T.);
#8823=EDGE_CURVE('',#10203,#10909,#10910,.T.);
#8824=EDGE_CURVE('',#10911,#10909,#10912,.T.);
#8825=EDGE_CURVE('',#10755,#10911,#10913,.T.);
#8826=EDGE_CURVE('',#10914,#10763,#10915,.T.);
#8827=EDGE_CURVE('',#10916,#10914,#10917,.T.);
#8828=EDGE_CURVE('',#10220,#10916,#10918,.T.);
#8829=EDGE_CURVE('',#10219,#10919,#10920,.T.);
#8830=EDGE_CURVE('',#10921,#10919,#10922,.T.);
#8831=EDGE_CURVE('',#10765,#10921,#10923,.T.);
#8832=EDGE_CURVE('',#10924,#10773,#10925,.T.);
#8833=EDGE_CURVE('',#10926,#10924,#10927,.T.);
#8834=EDGE_CURVE('',#10236,#10926,#10928,.T.);
#8835=EDGE_CURVE('',#10235,#10929,#10930,.T.);
#8836=EDGE_CURVE('',#10931,#10929,#10932,.T.);
#8837=EDGE_CURVE('',#10775,#10931,#10933,.T.);
#8838=EDGE_CURVE('',#10934,#10783,#10935,.T.);
#8839=EDGE_CURVE('',#10936,#10934,#10937,.T.);
#8840=EDGE_CURVE('',#10252,#10936,#10938,.T.);
#8841=EDGE_CURVE('',#10251,#10939,#10940,.T.);
#8842=EDGE_CURVE('',#10941,#10939,#10942,.T.);
#8843=EDGE_CURVE('',#10785,#10941,#10943,.T.);
#8844=EDGE_CURVE('',#10944,#10793,#10945,.T.);
#8845=EDGE_CURVE('',#10946,#10944,#10947,.T.);
#8846=EDGE_CURVE('',#10268,#10946,#10948,.T.);
#8847=EDGE_CURVE('',#10267,#10949,#10950,.T.);
#8848=EDGE_CURVE('',#10951,#10949,#10952,.T.);
#8849=EDGE_CURVE('',#10795,#10951,#10953,.T.);
#8850=EDGE_CURVE('',#10954,#10803,#10955,.T.);
#8851=EDGE_CURVE('',#10956,#10954,#10957,.T.);
#8852=EDGE_CURVE('',#10284,#10956,#10958,.T.);
#8853=EDGE_CURVE('',#10283,#10959,#10960,.T.);
#8854=EDGE_CURVE('',#10961,#10959,#10962,.T.);
#8855=EDGE_CURVE('',#10805,#10961,#10963,.T.);
#8856=EDGE_CURVE('',#10302,#10673,#10964,.T.);
#8857=EDGE_CURVE('',#10965,#10817,#10966,.T.);
#8858=EDGE_CURVE('',#10967,#10965,#10968,.T.);
#8859=EDGE_CURVE('',#10314,#10967,#10969,.T.);
#8860=EDGE_CURVE('',#10819,#10665,#10970,.T.);
#8861=EDGE_CURVE('',#10579,#10971,#10972,.T.);
#8862=EDGE_CURVE('',#10971,#10139,#10973,.T.);
#8863=EDGE_CURVE('',#10089,#10974,#10975,.T.);
#8864=EDGE_CURVE('',#10974,#10710,#10976,.T.);
#8865=EDGE_CURVE('',#10971,#10086,#10977,.T.);
#8866=EDGE_CURVE('',#10123,#10107,#10978,.T.);
#8867=EDGE_CURVE('',#10101,#10974,#10979,.T.);
#8868=EDGE_CURVE('',#10571,#10577,#10980,.T.);
#8869=EDGE_CURVE('',#10981,#10982,#10983,.T.);
#8870=EDGE_CURVE('',#10984,#10981,#10985,.T.);
#8871=EDGE_CURVE('',#10986,#10984,#10987,.T.);
#8872=EDGE_CURVE('',#10982,#10986,#10988,.T.);
#8873=EDGE_CURVE('',#10989,#10990,#10991,.T.);
#8874=EDGE_CURVE('',#10992,#10989,#10993,.T.);
#8875=EDGE_CURVE('',#10994,#10992,#10995,.T.);
#8876=EDGE_CURVE('',#10996,#10994,#10997,.T.);
#8877=EDGE_CURVE('',#10998,#10996,#10999,.T.);
#8878=EDGE_CURVE('',#10990,#10998,#11000,.T.);
#8879=EDGE_CURVE('',#11001,#11002,#11003,.T.);
#8880=EDGE_CURVE('',#11004,#11001,#11005,.T.);
#8881=EDGE_CURVE('',#11006,#11004,#11007,.T.);
#8882=EDGE_CURVE('',#11002,#11006,#11008,.T.);
#8883=EDGE_CURVE('',#11009,#11010,#11011,.T.);
#8884=EDGE_CURVE('',#11012,#11009,#11013,.T.);
#8885=EDGE_CURVE('',#11014,#11012,#11015,.T.);
#8886=EDGE_CURVE('',#11016,#11014,#11017,.T.);
#8887=EDGE_CURVE('',#11018,#11016,#11019,.T.);
#8888=EDGE_CURVE('',#11010,#11018,#11020,.T.);
#8889=EDGE_CURVE('',#11021,#11022,#11023,.T.);
#8890=EDGE_CURVE('',#11024,#11021,#11025,.T.);
#8891=EDGE_CURVE('',#11026,#11024,#11027,.T.);
#8892=EDGE_CURVE('',#11028,#11026,#11029,.T.);
#8893=EDGE_CURVE('',#11030,#11028,#11031,.T.);
#8894=EDGE_CURVE('',#11022,#11030,#11032,.T.);
#8895=EDGE_CURVE('',#11033,#11034,#11035,.T.);
#8896=EDGE_CURVE('',#11036,#11033,#11037,.T.);
#8897=EDGE_CURVE('',#11038,#11036,#11039,.T.);
#8898=EDGE_CURVE('',#11034,#11038,#11040,.T.);
#8899=EDGE_CURVE('',#11041,#11042,#11043,.T.);
#8900=EDGE_CURVE('',#11044,#11041,#11045,.T.);
#8901=EDGE_CURVE('',#11046,#11044,#11047,.T.);
#8902=EDGE_CURVE('',#11048,#11046,#11049,.T.);
#8903=EDGE_CURVE('',#11050,#11048,#11051,.T.);
#8904=EDGE_CURVE('',#11042,#11050,#11052,.T.);
#8905=EDGE_CURVE('',#11053,#11054,#11055,.T.);
#8906=EDGE_CURVE('',#11056,#11053,#11057,.T.);
#8907=EDGE_CURVE('',#11058,#11056,#11059,.T.);
#8908=EDGE_CURVE('',#11054,#11058,#11060,.T.);
#8909=EDGE_CURVE('',#11061,#11062,#11063,.T.);
#8910=EDGE_CURVE('',#11064,#11061,#11065,.T.);
#8911=EDGE_CURVE('',#11066,#11064,#11067,.T.);
#8912=EDGE_CURVE('',#11062,#11066,#11068,.T.);
#8913=EDGE_CURVE('',#11069,#11070,#11071,.T.);
#8914=EDGE_CURVE('',#11072,#11069,#11073,.T.);
#8915=EDGE_CURVE('',#11074,#11072,#11075,.T.);
#8916=EDGE_CURVE('',#11076,#11074,#11077,.T.);
#8917=EDGE_CURVE('',#11078,#11076,#11079,.T.);
#8918=EDGE_CURVE('',#11070,#11078,#11080,.T.);
#8919=EDGE_CURVE('',#11081,#11082,#11083,.T.);
#8920=EDGE_CURVE('',#11084,#11081,#11085,.T.);
#8921=EDGE_CURVE('',#11086,#11084,#11087,.T.);
#8922=EDGE_CURVE('',#11088,#11086,#11089,.T.);
#8923=EDGE_CURVE('',#11090,#11088,#11091,.T.);
#8924=EDGE_CURVE('',#11082,#11090,#11092,.T.);
#8925=EDGE_CURVE('',#11093,#11094,#11095,.T.);
#8926=EDGE_CURVE('',#11096,#11093,#11097,.T.);
#8927=EDGE_CURVE('',#11098,#11096,#11099,.T.);
#8928=EDGE_CURVE('',#11094,#11098,#11100,.T.);
#8929=EDGE_CURVE('',#11101,#11102,#11103,.T.);
#8930=EDGE_CURVE('',#11104,#11101,#11105,.T.);
#8931=EDGE_CURVE('',#11106,#11104,#11107,.T.);
#8932=EDGE_CURVE('',#11102,#11106,#11108,.T.);
#8933=EDGE_CURVE('',#11109,#11110,#11111,.T.);
#8934=EDGE_CURVE('',#11112,#11109,#11113,.T.);
#8935=EDGE_CURVE('',#11114,#11112,#11115,.T.);
#8936=EDGE_CURVE('',#11116,#11114,#11117,.T.);
#8937=EDGE_CURVE('',#11118,#11116,#11119,.T.);
#8938=EDGE_CURVE('',#11110,#11118,#11120,.T.);
#8939=EDGE_CURVE('',#11121,#11122,#11123,.T.);
#8940=EDGE_CURVE('',#11124,#11121,#11125,.T.);
#8941=EDGE_CURVE('',#11126,#11124,#11127,.T.);
#8942=EDGE_CURVE('',#11122,#11126,#11128,.T.);
#8943=EDGE_CURVE('',#11129,#11130,#11131,.T.);
#8944=EDGE_CURVE('',#11132,#11129,#11133,.T.);
#8945=EDGE_CURVE('',#11134,#11132,#11135,.T.);
#8946=EDGE_CURVE('',#11136,#11134,#11137,.T.);
#8947=EDGE_CURVE('',#11138,#11136,#11139,.T.);
#8948=EDGE_CURVE('',#11130,#11138,#11140,.T.);
#8949=EDGE_CURVE('',#11141,#11142,#11143,.T.);
#8950=EDGE_CURVE('',#11144,#11141,#11145,.T.);
#8951=EDGE_CURVE('',#11146,#11144,#11147,.T.);
#8952=EDGE_CURVE('',#11148,#11146,#11149,.T.);
#8953=EDGE_CURVE('',#11150,#11148,#11151,.T.);
#8954=EDGE_CURVE('',#11142,#11150,#11152,.T.);
#8955=EDGE_CURVE('',#11153,#11154,#11155,.T.);
#8956=EDGE_CURVE('',#11156,#11153,#11157,.T.);
#8957=EDGE_CURVE('',#11158,#11156,#11159,.T.);
#8958=EDGE_CURVE('',#11154,#11158,#11160,.T.);
#8959=EDGE_CURVE('',#11161,#11162,#11163,.T.);
#8960=EDGE_CURVE('',#11164,#11161,#11165,.T.);
#8961=EDGE_CURVE('',#11166,#11164,#11167,.T.);
#8962=EDGE_CURVE('',#11162,#11166,#11168,.T.);
#8963=EDGE_CURVE('',#11169,#11170,#11171,.T.);
#8964=EDGE_CURVE('',#11172,#11169,#11173,.T.);
#8965=EDGE_CURVE('',#11174,#11172,#11175,.T.);
#8966=EDGE_CURVE('',#11176,#11174,#11177,.T.);
#8967=EDGE_CURVE('',#11178,#11176,#11179,.T.);
#8968=EDGE_CURVE('',#11170,#11178,#11180,.T.);
#8969=EDGE_CURVE('',#11181,#11182,#11183,.T.);
#8970=EDGE_CURVE('',#11184,#11181,#11185,.T.);
#8971=EDGE_CURVE('',#11186,#11184,#11187,.T.);
#8972=EDGE_CURVE('',#11188,#11186,#11189,.T.);
#8973=EDGE_CURVE('',#11190,#11188,#11191,.T.);
#8974=EDGE_CURVE('',#11182,#11190,#11192,.T.);
#8975=EDGE_CURVE('',#11193,#11194,#11195,.T.);
#8976=EDGE_CURVE('',#11196,#11193,#11197,.T.);
#8977=EDGE_CURVE('',#11198,#11196,#11199,.T.);
#8978=EDGE_CURVE('',#11194,#11198,#11200,.T.);
#8979=EDGE_CURVE('',#11201,#10577,#11202,.T.);
#8980=EDGE_CURVE('',#11203,#11201,#11204,.T.);
#8981=EDGE_CURVE('',#11203,#10571,#11205,.T.);
#8982=EDGE_CURVE('',#11206,#11203,#11207,.T.);
#8983=EDGE_CURVE('',#10573,#11206,#11208,.T.);
#8984=EDGE_CURVE('',#11206,#11209,#11210,.T.);
#8985=EDGE_CURVE('',#10575,#11209,#11211,.T.);
#8986=EDGE_CURVE('',#11209,#11201,#11212,.T.);
#8987=EDGE_CURVE('',#10810,#10689,#11213,.T.);
#8988=EDGE_CURVE('',#10808,#11214,#11215,.T.);
#8989=EDGE_CURVE('',#11214,#11216,#11217,.T.);
#8990=EDGE_CURVE('',#10800,#11216,#11218,.T.);
#8991=EDGE_CURVE('',#10798,#11219,#11220,.T.);
#8992=EDGE_CURVE('',#11219,#11221,#11222,.T.);
#8993=EDGE_CURVE('',#10790,#11221,#11223,.T.);
#8994=EDGE_CURVE('',#10788,#11224,#11225,.T.);
#8995=EDGE_CURVE('',#11224,#11226,#11227,.T.);
#8996=EDGE_CURVE('',#10780,#11226,#11228,.T.);
#8997=EDGE_CURVE('',#10778,#11229,#11230,.T.);
#8998=EDGE_CURVE('',#11229,#11231,#11232,.T.);
#8999=EDGE_CURVE('',#10770,#11231,#11233,.T.);
#9000=EDGE_CURVE('',#10768,#11234,#11235,.T.);
#9001=EDGE_CURVE('',#11234,#11236,#11237,.T.);
#9002=EDGE_CURVE('',#10760,#11236,#11238,.T.);
#9003=EDGE_CURVE('',#10758,#11239,#11240,.T.);
#9004=EDGE_CURVE('',#11239,#11241,#11242,.T.);
#9005=EDGE_CURVE('',#10750,#11241,#11243,.T.);
#9006=EDGE_CURVE('',#10748,#11244,#11245,.T.);
#9007=EDGE_CURVE('',#11244,#11246,#11247,.T.);
#9008=EDGE_CURVE('',#10740,#11246,#11248,.T.);
#9009=EDGE_CURVE('',#10738,#11249,#11250,.T.);
#9010=EDGE_CURVE('',#11249,#11251,#11252,.T.);
#9011=EDGE_CURVE('',#10730,#11251,#11253,.T.);
#9012=EDGE_CURVE('',#10728,#11254,#11255,.T.);
#9013=EDGE_CURVE('',#11254,#11256,#11257,.T.);
#9014=EDGE_CURVE('',#10720,#11256,#11258,.T.);
#9015=EDGE_CURVE('',#10718,#10553,#11259,.T.);
#9016=EDGE_CURVE('',#10708,#10556,#11260,.T.);
#9017=EDGE_CURVE('',#10813,#10686,#11261,.T.);
#9018=EDGE_CURVE('',#10402,#11256,#11262,.T.);
#9019=EDGE_CURVE('',#10590,#10881,#11263,.T.);
#9020=EDGE_CURVE('',#10879,#10865,#11264,.T.);
#9021=EDGE_CURVE('',#10863,#10886,#11265,.T.);
#9022=EDGE_CURVE('',#10884,#10592,#11266,.T.);
#9023=EDGE_CURVE('',#11267,#11268,#11269,.T.);
#9024=EDGE_CURVE('',#11268,#11270,#11271,.T.);
#9025=EDGE_CURVE('',#11272,#11270,#11273,.T.);
#9026=EDGE_CURVE('',#11267,#11272,#11274,.T.);
#9027=EDGE_CURVE('',#11254,#10409,#11275,.T.);
#9028=EDGE_CURVE('',#10407,#10336,#11276,.T.);
#9029=EDGE_CURVE('',#10334,#10404,#11277,.T.);
#9030=EDGE_CURVE('',#11278,#11279,#11280,.T.);
#9031=EDGE_CURVE('',#11279,#11281,#11282,.T.);
#9032=EDGE_CURVE('',#11283,#11281,#11284,.T.);
#9033=EDGE_CURVE('',#11278,#11283,#11285,.T.);
#9034=EDGE_CURVE('',#11286,#11287,#11288,.T.);
#9035=EDGE_CURVE('',#11289,#11286,#11290,.T.);
#9036=EDGE_CURVE('',#11291,#11289,#11292,.T.);
#9037=EDGE_CURVE('',#11293,#11291,#11294,.T.);
#9038=EDGE_CURVE('',#11293,#11287,#11295,.T.);
#9039=EDGE_CURVE('',#11296,#11297,#11298,.T.);
#9040=EDGE_CURVE('',#11299,#11296,#11300,.T.);
#9041=EDGE_CURVE('',#11301,#11299,#11302,.T.);
#9042=EDGE_CURVE('',#11303,#11301,#11304,.T.);
#9043=EDGE_CURVE('',#11303,#11297,#11305,.T.);
#9044=EDGE_CURVE('',#11306,#11272,#11307,.T.);
#9045=EDGE_CURVE('',#11308,#11306,#11309,.T.);
#9046=EDGE_CURVE('',#11310,#11308,#11311,.T.);
#9047=EDGE_CURVE('',#11267,#11310,#11312,.T.);
#9048=EDGE_CURVE('',#11313,#11283,#11314,.T.);
#9049=EDGE_CURVE('',#11315,#11313,#11316,.T.);
#9050=EDGE_CURVE('',#11317,#11315,#11318,.T.);
#9051=EDGE_CURVE('',#11278,#11317,#11319,.T.);
#9052=EDGE_CURVE('',#11320,#11321,#11322,.T.);
#9053=EDGE_CURVE('',#11321,#11323,#11324,.T.);
#9054=EDGE_CURVE('',#11323,#11325,#11326,.T.);
#9055=EDGE_CURVE('',#11325,#11327,#11328,.T.);
#9056=EDGE_CURVE('',#11327,#11329,#11330,.T.);
#9057=EDGE_CURVE('',#11329,#11320,#11331,.T.);
#9058=EDGE_CURVE('',#11303,#11332,#11333,.T.);
#9059=EDGE_CURVE('',#11334,#11332,#11335,.T.);
#9060=EDGE_CURVE('',#11297,#11334,#11336,.T.);
#9061=EDGE_CURVE('',#11337,#11338,#11339,.T.);
#9062=EDGE_CURVE('',#11338,#11340,#11341,.T.);
#9063=EDGE_CURVE('',#11340,#11342,#11343,.T.);
#9064=EDGE_CURVE('',#11342,#11337,#11344,.T.);
#9065=EDGE_CURVE('',#11293,#11345,#11346,.T.);
#9066=EDGE_CURVE('',#11347,#11345,#11348,.T.);
#9067=EDGE_CURVE('',#11287,#11347,#11349,.T.);
#9068=EDGE_CURVE('',#11350,#11351,#11352,.T.);
#9069=EDGE_CURVE('',#11351,#11353,#11354,.T.);
#9070=EDGE_CURVE('',#11353,#11355,#11356,.T.);
#9071=EDGE_CURVE('',#11355,#11350,#11357,.T.);
#9072=EDGE_CURVE('',#11358,#11359,#11360,.T.);
#9073=EDGE_CURVE('',#11361,#11359,#11362,.T.);
#9074=EDGE_CURVE('',#11363,#11361,#11364,.T.);
#9075=EDGE_CURVE('',#11358,#11363,#11365,.T.);
#9076=EDGE_CURVE('',#11366,#11367,#11368,.T.);
#9077=EDGE_CURVE('',#11367,#11369,#11370,.T.);
#9078=EDGE_CURVE('',#11369,#11371,#11372,.T.);
#9079=EDGE_CURVE('',#11371,#11373,#11374,.T.);
#9080=EDGE_CURVE('',#11373,#11375,#11376,.T.);
#9081=EDGE_CURVE('',#11375,#11366,#11377,.T.);
#9082=EDGE_CURVE('',#11378,#11379,#11380,.T.);
#9083=EDGE_CURVE('',#11381,#11379,#11382,.T.);
#9084=EDGE_CURVE('',#11383,#11381,#11384,.T.);
#9085=EDGE_CURVE('',#11378,#11383,#11385,.T.);
#9086=EDGE_CURVE('',#11030,#11320,#11386,.T.);
#9087=EDGE_CURVE('',#11022,#11329,#11387,.T.);
#9088=EDGE_CURVE('',#11021,#11327,#11388,.T.);
#9089=EDGE_CURVE('',#11024,#11325,#11389,.T.);
#9090=EDGE_CURVE('',#11026,#11323,#11390,.T.);
#9091=EDGE_CURVE('',#11028,#11321,#11391,.T.);
#9092=EDGE_CURVE('',#11038,#11337,#11392,.T.);
#9093=EDGE_CURVE('',#11034,#11342,#11393,.T.);
#9094=EDGE_CURVE('',#11033,#11340,#11394,.T.);
#9095=EDGE_CURVE('',#11036,#11338,#11395,.T.);
#9096=EDGE_CURVE('',#11006,#11350,#11396,.T.);
#9097=EDGE_CURVE('',#11002,#11355,#11397,.T.);
#9098=EDGE_CURVE('',#11001,#11353,#11398,.T.);
#9099=EDGE_CURVE('',#11004,#11351,#11399,.T.);
#9100=EDGE_CURVE('',#11018,#11366,#11400,.T.);
#9101=EDGE_CURVE('',#11010,#11375,#11401,.T.);
#9102=EDGE_CURVE('',#11009,#11373,#11402,.T.);
#9103=EDGE_CURVE('',#11012,#11371,#11403,.T.);
#9104=EDGE_CURVE('',#11014,#11369,#11404,.T.);
#9105=EDGE_CURVE('',#11016,#11367,#11405,.T.);
#9106=EDGE_CURVE('',#11406,#11347,#11407,.T.);
#9107=EDGE_CURVE('',#11286,#11406,#11408,.T.);
#9108=EDGE_CURVE('',#11409,#11406,#11410,.T.);
#9109=EDGE_CURVE('',#11289,#11409,#11411,.T.);
#9110=EDGE_CURVE('',#11412,#11409,#11413,.T.);
#9111=EDGE_CURVE('',#11291,#11412,#11414,.T.);
#9112=EDGE_CURVE('',#11345,#11412,#11415,.T.);
#9113=EDGE_CURVE('',#11332,#11416,#11417,.T.);
#9114=EDGE_CURVE('',#11416,#11418,#11419,.T.);
#9115=EDGE_CURVE('',#11418,#11420,#11421,.T.);
#9116=EDGE_CURVE('',#11420,#11334,#11422,.T.);
#9117=EDGE_CURVE('',#11268,#11423,#11424,.T.);
#9118=EDGE_CURVE('',#11423,#11425,#11426,.T.);
#9119=EDGE_CURVE('',#11425,#11427,#11428,.T.);
#9120=EDGE_CURVE('',#11427,#11270,#11429,.T.);
#9121=EDGE_CURVE('',#11279,#11430,#11431,.T.);
#9122=EDGE_CURVE('',#11430,#11432,#11433,.T.);
#9123=EDGE_CURVE('',#11432,#11434,#11435,.T.);
#9124=EDGE_CURVE('',#11434,#11281,#11436,.T.);
#9125=EDGE_CURVE('',#11296,#11420,#11437,.T.);
#9126=EDGE_CURVE('',#11299,#11418,#11438,.T.);
#9127=EDGE_CURVE('',#11301,#11416,#11439,.T.);
#9128=EDGE_CURVE('',#11306,#11427,#11440,.T.);
#9129=EDGE_CURVE('',#11308,#11425,#11441,.T.);
#9130=EDGE_CURVE('',#11310,#11423,#11442,.T.);
#9131=EDGE_CURVE('',#11313,#11434,#11443,.T.);
#9132=EDGE_CURVE('',#11315,#11432,#11444,.T.);
#9133=EDGE_CURVE('',#11317,#11430,#11445,.T.);
#9134=EDGE_CURVE('',#11446,#11363,#11447,.T.);
#9135=EDGE_CURVE('',#11448,#11446,#11449,.T.);
#9136=EDGE_CURVE('',#11450,#11448,#11451,.T.);
#9137=EDGE_CURVE('',#11358,#11450,#11452,.T.);
#9138=EDGE_CURVE('',#11453,#11383,#11454,.T.);
#9139=EDGE_CURVE('',#11455,#11453,#11456,.T.);
#9140=EDGE_CURVE('',#11457,#11455,#11458,.T.);
#9141=EDGE_CURVE('',#11378,#11457,#11459,.T.);
#9142=EDGE_CURVE('',#11460,#11461,#11462,.T.);
#9143=EDGE_CURVE('',#11463,#11460,#11464,.T.);
#9144=EDGE_CURVE('',#11465,#11463,#11466,.T.);
#9145=EDGE_CURVE('',#11467,#11465,#11468,.T.);
#9146=EDGE_CURVE('',#11467,#11461,#11469,.T.);
#9147=EDGE_CURVE('',#11470,#11471,#11472,.T.);
#9148=EDGE_CURVE('',#11473,#11470,#11474,.T.);
#9149=EDGE_CURVE('',#11475,#11473,#11476,.T.);
#9150=EDGE_CURVE('',#11477,#11475,#11478,.T.);
#9151=EDGE_CURVE('',#11477,#11471,#11479,.T.);
#9152=EDGE_CURVE('',#11450,#11480,#11481,.T.);
#9153=EDGE_CURVE('',#11359,#11480,#11482,.T.);
#9154=EDGE_CURVE('',#11480,#11483,#11484,.T.);
#9155=EDGE_CURVE('',#11483,#11485,#11486,.T.);
#9156=EDGE_CURVE('',#11485,#11361,#11487,.T.);
#9157=EDGE_CURVE('',#11379,#11488,#11489,.T.);
#9158=EDGE_CURVE('',#11488,#11490,#11491,.T.);
#9159=EDGE_CURVE('',#11490,#11492,#11493,.T.);
#9160=EDGE_CURVE('',#11492,#11381,#11494,.T.);
#9161=EDGE_CURVE('',#11495,#11496,#11497,.T.);
#9162=EDGE_CURVE('',#11496,#11498,#11499,.T.);
#9163=EDGE_CURVE('',#11498,#11500,#11501,.T.);
#9164=EDGE_CURVE('',#11500,#11502,#11503,.T.);
#9165=EDGE_CURVE('',#11495,#11502,#11504,.T.);
#9166=EDGE_CURVE('',#11505,#11506,#11507,.T.);
#9167=EDGE_CURVE('',#11506,#11508,#11509,.T.);
#9168=EDGE_CURVE('',#11508,#11510,#11511,.T.);
#9169=EDGE_CURVE('',#11510,#11512,#11513,.T.);
#9170=EDGE_CURVE('',#11505,#11512,#11514,.T.);
#9171=EDGE_CURVE('',#11446,#11485,#11515,.T.);
#9172=EDGE_CURVE('',#11448,#11483,#11516,.T.);
#9173=EDGE_CURVE('',#11453,#11492,#11517,.T.);
#9174=EDGE_CURVE('',#11455,#11490,#11518,.T.);
#9175=EDGE_CURVE('',#11457,#11488,#11519,.T.);
#9176=EDGE_CURVE('',#10598,#10891,#11520,.T.);
#9177=EDGE_CURVE('',#10889,#10860,#11521,.T.);
#9178=EDGE_CURVE('',#10858,#10896,#11522,.T.);
#9179=EDGE_CURVE('',#10894,#10600,#11523,.T.);
#9180=EDGE_CURVE('',#11467,#11495,#11524,.T.);
#9181=EDGE_CURVE('',#11461,#11502,#11525,.T.);
#9182=EDGE_CURVE('',#11249,#10422,#11526,.T.);
#9183=EDGE_CURVE('',#10420,#10341,#11527,.T.);
#9184=EDGE_CURVE('',#10339,#10417,#11528,.T.);
#9185=EDGE_CURVE('',#10415,#11251,#11529,.T.);
#9186=EDGE_CURVE('',#11477,#11505,#11530,.T.);
#9187=EDGE_CURVE('',#11471,#11512,#11531,.T.);
#9188=EDGE_CURVE('',#11460,#11500,#11532,.T.);
#9189=EDGE_CURVE('',#11463,#11498,#11533,.T.);
#9190=EDGE_CURVE('',#11465,#11496,#11534,.T.);
#9191=EDGE_CURVE('',#11470,#11510,#11535,.T.);
#9192=EDGE_CURVE('',#11473,#11508,#11536,.T.);
#9193=EDGE_CURVE('',#11475,#11506,#11537,.T.);
#9194=EDGE_CURVE('',#10428,#11246,#11538,.T.);
#9195=EDGE_CURVE('',#10606,#10901,#11539,.T.);
#9196=EDGE_CURVE('',#10899,#10855,#11540,.T.);
#9197=EDGE_CURVE('',#10853,#10906,#11541,.T.);
#9198=EDGE_CURVE('',#10904,#10608,#11542,.T.);
#9199=EDGE_CURVE('',#11543,#11544,#11545,.T.);
#9200=EDGE_CURVE('',#11544,#11546,#11547,.T.);
#9201=EDGE_CURVE('',#11548,#11546,#11549,.T.);
#9202=EDGE_CURVE('',#11543,#11548,#11550,.T.);
#9203=EDGE_CURVE('',#11244,#10435,#11551,.T.);
#9204=EDGE_CURVE('',#10433,#10346,#11552,.T.);
#9205=EDGE_CURVE('',#10344,#10430,#11553,.T.);
#9206=EDGE_CURVE('',#11554,#11555,#11556,.T.);
#9207=EDGE_CURVE('',#11555,#11557,#11558,.T.);
#9208=EDGE_CURVE('',#11559,#11557,#11560,.T.);
#9209=EDGE_CURVE('',#11554,#11559,#11561,.T.);
#9210=EDGE_CURVE('',#11562,#11563,#11564,.T.);
#9211=EDGE_CURVE('',#11565,#11562,#11566,.T.);
#9212=EDGE_CURVE('',#11567,#11565,#11568,.T.);
#9213=EDGE_CURVE('',#11569,#11567,#11570,.T.);
#9214=EDGE_CURVE('',#11569,#11563,#11571,.T.);
#9215=EDGE_CURVE('',#11572,#11573,#11574,.T.);
#9216=EDGE_CURVE('',#11575,#11572,#11576,.T.);
#9217=EDGE_CURVE('',#11577,#11575,#11578,.T.);
#9218=EDGE_CURVE('',#11579,#11577,#11580,.T.);
#9219=EDGE_CURVE('',#11579,#11573,#11581,.T.);
#9220=EDGE_CURVE('',#11582,#11548,#11583,.T.);
#9221=EDGE_CURVE('',#11584,#11582,#11585,.T.);
#9222=EDGE_CURVE('',#11586,#11584,#11587,.T.);
#9223=EDGE_CURVE('',#11543,#11586,#11588,.T.);
#9224=EDGE_CURVE('',#11589,#11559,#11590,.T.);
#9225=EDGE_CURVE('',#11591,#11589,#11592,.T.);
#9226=EDGE_CURVE('',#11593,#11591,#11594,.T.);
#9227=EDGE_CURVE('',#11554,#11593,#11595,.T.);
#9228=EDGE_CURVE('',#11596,#11597,#11598,.T.);
#9229=EDGE_CURVE('',#11597,#11599,#11600,.T.);
#9230=EDGE_CURVE('',#11599,#11601,#11602,.T.);
#9231=EDGE_CURVE('',#11601,#11596,#11603,.T.);
#9232=EDGE_CURVE('',#11579,#11604,#11605,.T.);
#9233=EDGE_CURVE('',#11606,#11604,#11607,.T.);
#9234=EDGE_CURVE('',#11573,#11606,#11608,.T.);
#9235=EDGE_CURVE('',#11609,#11610,#11611,.T.);
#9236=EDGE_CURVE('',#11610,#11612,#11613,.T.);
#9237=EDGE_CURVE('',#11612,#11614,#11615,.T.);
#9238=EDGE_CURVE('',#11614,#11616,#11617,.T.);
#9239=EDGE_CURVE('',#11616,#11618,#11619,.T.);
#9240=EDGE_CURVE('',#11618,#11609,#11620,.T.);
#9241=EDGE_CURVE('',#11569,#11621,#11622,.T.);
#9242=EDGE_CURVE('',#11623,#11621,#11624,.T.);
#9243=EDGE_CURVE('',#11563,#11623,#11625,.T.);
#9244=EDGE_CURVE('',#11626,#11627,#11628,.T.);
#9245=EDGE_CURVE('',#11627,#11629,#11630,.T.);
#9246=EDGE_CURVE('',#11629,#11631,#11632,.T.);
#9247=EDGE_CURVE('',#11631,#11633,#11634,.T.);
#9248=EDGE_CURVE('',#11633,#11635,#11636,.T.);
#9249=EDGE_CURVE('',#11635,#11626,#11637,.T.);
#9250=EDGE_CURVE('',#11638,#11639,#11640,.T.);
#9251=EDGE_CURVE('',#11641,#11639,#11642,.T.);
#9252=EDGE_CURVE('',#11643,#11641,#11644,.T.);
#9253=EDGE_CURVE('',#11638,#11643,#11645,.T.);
#9254=EDGE_CURVE('',#11646,#11647,#11648,.T.);
#9255=EDGE_CURVE('',#11647,#11649,#11650,.T.);
#9256=EDGE_CURVE('',#11649,#11651,#11652,.T.);
#9257=EDGE_CURVE('',#11651,#11646,#11653,.T.);
#9258=EDGE_CURVE('',#11654,#11655,#11656,.T.);
#9259=EDGE_CURVE('',#11657,#11655,#11658,.T.);
#9260=EDGE_CURVE('',#11659,#11657,#11660,.T.);
#9261=EDGE_CURVE('',#11654,#11659,#11661,.T.);
#9262=EDGE_CURVE('',#11126,#11596,#11662,.T.);
#9263=EDGE_CURVE('',#11122,#11601,#11663,.T.);
#9264=EDGE_CURVE('',#11121,#11599,#11664,.T.);
#9265=EDGE_CURVE('',#11124,#11597,#11665,.T.);
#9266=EDGE_CURVE('',#11138,#11609,#11666,.T.);
#9267=EDGE_CURVE('',#11130,#11618,#11667,.T.);
#9268=EDGE_CURVE('',#11129,#11616,#11668,.T.);
#9269=EDGE_CURVE('',#11132,#11614,#11669,.T.);
#9270=EDGE_CURVE('',#11134,#11612,#11670,.T.);
#9271=EDGE_CURVE('',#11136,#11610,#11671,.T.);
#9272=EDGE_CURVE('',#11150,#11626,#11672,.T.);
#9273=EDGE_CURVE('',#11142,#11635,#11673,.T.);
#9274=EDGE_CURVE('',#11141,#11633,#11674,.T.);
#9275=EDGE_CURVE('',#11144,#11631,#11675,.T.);
#9276=EDGE_CURVE('',#11146,#11629,#11676,.T.);
#9277=EDGE_CURVE('',#11148,#11627,#11677,.T.);
#9278=EDGE_CURVE('',#11158,#11646,#11678,.T.);
#9279=EDGE_CURVE('',#11154,#11651,#11679,.T.);
#9280=EDGE_CURVE('',#11153,#11649,#11680,.T.);
#9281=EDGE_CURVE('',#11156,#11647,#11681,.T.);
#9282=EDGE_CURVE('',#11682,#11623,#11683,.T.);
#9283=EDGE_CURVE('',#11562,#11682,#11684,.T.);
#9284=EDGE_CURVE('',#11685,#11682,#11686,.T.);
#9285=EDGE_CURVE('',#11565,#11685,#11687,.T.);
#9286=EDGE_CURVE('',#11688,#11685,#11689,.T.);
#9287=EDGE_CURVE('',#11567,#11688,#11690,.T.);
#9288=EDGE_CURVE('',#11621,#11688,#11691,.T.);
#9289=EDGE_CURVE('',#11604,#11692,#11693,.T.);
#9290=EDGE_CURVE('',#11692,#11694,#11695,.T.);
#9291=EDGE_CURVE('',#11694,#11696,#11697,.T.);
#9292=EDGE_CURVE('',#11696,#11606,#11698,.T.);
#9293=EDGE_CURVE('',#11544,#11699,#11700,.T.);
#9294=EDGE_CURVE('',#11699,#11701,#11702,.T.);
#9295=EDGE_CURVE('',#11701,#11703,#11704,.T.);
#9296=EDGE_CURVE('',#11703,#11546,#11705,.T.);
#9297=EDGE_CURVE('',#11555,#11706,#11707,.T.);
#9298=EDGE_CURVE('',#11706,#11708,#11709,.T.);
#9299=EDGE_CURVE('',#11708,#11710,#11711,.T.);
#9300=EDGE_CURVE('',#11710,#11557,#11712,.T.);
#9301=EDGE_CURVE('',#11572,#11696,#11713,.T.);
#9302=EDGE_CURVE('',#11575,#11694,#11714,.T.);
#9303=EDGE_CURVE('',#11577,#11692,#11715,.T.);
#9304=EDGE_CURVE('',#11582,#11703,#11716,.T.);
#9305=EDGE_CURVE('',#11584,#11701,#11717,.T.);
#9306=EDGE_CURVE('',#11586,#11699,#11718,.T.);
#9307=EDGE_CURVE('',#11589,#11710,#11719,.T.);
#9308=EDGE_CURVE('',#11591,#11708,#11720,.T.);
#9309=EDGE_CURVE('',#11593,#11706,#11721,.T.);
#9310=EDGE_CURVE('',#11722,#11643,#11723,.T.);
#9311=EDGE_CURVE('',#11724,#11722,#11725,.T.);
#9312=EDGE_CURVE('',#11726,#11724,#11727,.T.);
#9313=EDGE_CURVE('',#11638,#11726,#11728,.T.);
#9314=EDGE_CURVE('',#11729,#11659,#11730,.T.);
#9315=EDGE_CURVE('',#11731,#11729,#11732,.T.);
#9316=EDGE_CURVE('',#11733,#11731,#11734,.T.);
#9317=EDGE_CURVE('',#11654,#11733,#11735,.T.);
#9318=EDGE_CURVE('',#11736,#11737,#11738,.T.);
#9319=EDGE_CURVE('',#11739,#11736,#11740,.T.);
#9320=EDGE_CURVE('',#11741,#11739,#11742,.T.);
#9321=EDGE_CURVE('',#11743,#11741,#11744,.T.);
#9322=EDGE_CURVE('',#11743,#11737,#11745,.T.);
#9323=EDGE_CURVE('',#11746,#11747,#11748,.T.);
#9324=EDGE_CURVE('',#11749,#11746,#11750,.T.);
#9325=EDGE_CURVE('',#11751,#11749,#11752,.T.);
#9326=EDGE_CURVE('',#11753,#11751,#11754,.T.);
#9327=EDGE_CURVE('',#11753,#11747,#11755,.T.);
#9328=EDGE_CURVE('',#11726,#11756,#11757,.T.);
#9329=EDGE_CURVE('',#11639,#11756,#11758,.T.);
#9330=EDGE_CURVE('',#11756,#11759,#11760,.T.);
#9331=EDGE_CURVE('',#11759,#11761,#11762,.T.);
#9332=EDGE_CURVE('',#11761,#11641,#11763,.T.);
#9333=EDGE_CURVE('',#11655,#11764,#11765,.T.);
#9334=EDGE_CURVE('',#11764,#11766,#11767,.T.);
#9335=EDGE_CURVE('',#11766,#11768,#11769,.T.);
#9336=EDGE_CURVE('',#11768,#11657,#11770,.T.);
#9337=EDGE_CURVE('',#11771,#11772,#11773,.T.);
#9338=EDGE_CURVE('',#11772,#11774,#11775,.T.);
#9339=EDGE_CURVE('',#11774,#11776,#11777,.T.);
#9340=EDGE_CURVE('',#11776,#11778,#11779,.T.);
#9341=EDGE_CURVE('',#11771,#11778,#11780,.T.);
#9342=EDGE_CURVE('',#11781,#11782,#11783,.T.);
#9343=EDGE_CURVE('',#11782,#11784,#11785,.T.);
#9344=EDGE_CURVE('',#11784,#11786,#11787,.T.);
#9345=EDGE_CURVE('',#11786,#11788,#11789,.T.);
#9346=EDGE_CURVE('',#11781,#11788,#11790,.T.);
#9347=EDGE_CURVE('',#11722,#11761,#11791,.T.);
#9348=EDGE_CURVE('',#11724,#11759,#11792,.T.);
#9349=EDGE_CURVE('',#11729,#11768,#11793,.T.);
#9350=EDGE_CURVE('',#11731,#11766,#11794,.T.);
#9351=EDGE_CURVE('',#11733,#11764,#11795,.T.);
#9352=EDGE_CURVE('',#10614,#10911,#11796,.T.);
#9353=EDGE_CURVE('',#10909,#10850,#11797,.T.);
#9354=EDGE_CURVE('',#10848,#10916,#11798,.T.);
#9355=EDGE_CURVE('',#10914,#10616,#11799,.T.);
#9356=EDGE_CURVE('',#11743,#11771,#11800,.T.);
#9357=EDGE_CURVE('',#11737,#11778,#11801,.T.);
#9358=EDGE_CURVE('',#11239,#10448,#11802,.T.);
#9359=EDGE_CURVE('',#10446,#10351,#11803,.T.);
#9360=EDGE_CURVE('',#10349,#10443,#11804,.T.);
#9361=EDGE_CURVE('',#10441,#11241,#11805,.T.);
#9362=EDGE_CURVE('',#11753,#11781,#11806,.T.);
#9363=EDGE_CURVE('',#11747,#11788,#11807,.T.);
#9364=EDGE_CURVE('',#11736,#11776,#11808,.T.);
#9365=EDGE_CURVE('',#11739,#11774,#11809,.T.);
#9366=EDGE_CURVE('',#11741,#11772,#11810,.T.);
#9367=EDGE_CURVE('',#11746,#11786,#11811,.T.);
#9368=EDGE_CURVE('',#11749,#11784,#11812,.T.);
#9369=EDGE_CURVE('',#11751,#11782,#11813,.T.);
#9370=EDGE_CURVE('',#10454,#11236,#11814,.T.);
#9371=EDGE_CURVE('',#10622,#10921,#11815,.T.);
#9372=EDGE_CURVE('',#10919,#10845,#11816,.T.);
#9373=EDGE_CURVE('',#10843,#10926,#11817,.T.);
#9374=EDGE_CURVE('',#10924,#10624,#11818,.T.);
#9375=EDGE_CURVE('',#11819,#11820,#11821,.T.);
#9376=EDGE_CURVE('',#11820,#11822,#11823,.T.);
#9377=EDGE_CURVE('',#11824,#11822,#11825,.T.);
#9378=EDGE_CURVE('',#11819,#11824,#11826,.T.);
#9379=EDGE_CURVE('',#11234,#10461,#11827,.T.);
#9380=EDGE_CURVE('',#10459,#10356,#11828,.T.);
#9381=EDGE_CURVE('',#10354,#10456,#11829,.T.);
#9382=EDGE_CURVE('',#11830,#11831,#11832,.T.);
#9383=EDGE_CURVE('',#11831,#11833,#11834,.T.);
#9384=EDGE_CURVE('',#11835,#11833,#11836,.T.);
#9385=EDGE_CURVE('',#11830,#11835,#11837,.T.);
#9386=EDGE_CURVE('',#11838,#11839,#11840,.T.);
#9387=EDGE_CURVE('',#11841,#11838,#11842,.T.);
#9388=EDGE_CURVE('',#11843,#11841,#11844,.T.);
#9389=EDGE_CURVE('',#11845,#11843,#11846,.T.);
#9390=EDGE_CURVE('',#11845,#11839,#11847,.T.);
#9391=EDGE_CURVE('',#11848,#11849,#11850,.T.);
#9392=EDGE_CURVE('',#11851,#11848,#11852,.T.);
#9393=EDGE_CURVE('',#11853,#11851,#11854,.T.);
#9394=EDGE_CURVE('',#11855,#11853,#11856,.T.);
#9395=EDGE_CURVE('',#11855,#11849,#11857,.T.);
#9396=EDGE_CURVE('',#11858,#11824,#11859,.T.);
#9397=EDGE_CURVE('',#11860,#11858,#11861,.T.);
#9398=EDGE_CURVE('',#11862,#11860,#11863,.T.);
#9399=EDGE_CURVE('',#11819,#11862,#11864,.T.);
#9400=EDGE_CURVE('',#11865,#11835,#11866,.T.);
#9401=EDGE_CURVE('',#11867,#11865,#11868,.T.);
#9402=EDGE_CURVE('',#11869,#11867,#11870,.T.);
#9403=EDGE_CURVE('',#11830,#11869,#11871,.T.);
#9404=EDGE_CURVE('',#11872,#11873,#11874,.T.);
#9405=EDGE_CURVE('',#11873,#11875,#11876,.T.);
#9406=EDGE_CURVE('',#11875,#11877,#11878,.T.);
#9407=EDGE_CURVE('',#11877,#11879,#11880,.T.);
#9408=EDGE_CURVE('',#11879,#11881,#11882,.T.);
#9409=EDGE_CURVE('',#11881,#11872,#11883,.T.);
#9410=EDGE_CURVE('',#11855,#11884,#11885,.T.);
#9411=EDGE_CURVE('',#11886,#11884,#11887,.T.);
#9412=EDGE_CURVE('',#11849,#11886,#11888,.T.);
#9413=EDGE_CURVE('',#11889,#11890,#11891,.T.);
#9414=EDGE_CURVE('',#11890,#11892,#11893,.T.);
#9415=EDGE_CURVE('',#11892,#11894,#11895,.T.);
#9416=EDGE_CURVE('',#11894,#11889,#11896,.T.);
#9417=EDGE_CURVE('',#11845,#11897,#11898,.T.);
#9418=EDGE_CURVE('',#11899,#11897,#11900,.T.);
#9419=EDGE_CURVE('',#11839,#11899,#11901,.T.);
#9420=EDGE_CURVE('',#11902,#11903,#11904,.T.);
#9421=EDGE_CURVE('',#11903,#11905,#11906,.T.);
#9422=EDGE_CURVE('',#11905,#11907,#11908,.T.);
#9423=EDGE_CURVE('',#11907,#11902,#11909,.T.);
#9424=EDGE_CURVE('',#11910,#11911,#11912,.T.);
#9425=EDGE_CURVE('',#11913,#11911,#11914,.T.);
#9426=EDGE_CURVE('',#11915,#11913,#11916,.T.);
#9427=EDGE_CURVE('',#11910,#11915,#11917,.T.);
#9428=EDGE_CURVE('',#11918,#11919,#11920,.T.);
#9429=EDGE_CURVE('',#11919,#11921,#11922,.T.);
#9430=EDGE_CURVE('',#11921,#11923,#11924,.T.);
#9431=EDGE_CURVE('',#11923,#11925,#11926,.T.);
#9432=EDGE_CURVE('',#11925,#11927,#11928,.T.);
#9433=EDGE_CURVE('',#11927,#11918,#11929,.T.);
#9434=EDGE_CURVE('',#11930,#11931,#11932,.T.);
#9435=EDGE_CURVE('',#11933,#11931,#11934,.T.);
#9436=EDGE_CURVE('',#11935,#11933,#11936,.T.);
#9437=EDGE_CURVE('',#11930,#11935,#11937,.T.);
#9438=EDGE_CURVE('',#11050,#11872,#11938,.T.);
#9439=EDGE_CURVE('',#11042,#11881,#11939,.T.);
#9440=EDGE_CURVE('',#11041,#11879,#11940,.T.);
#9441=EDGE_CURVE('',#11044,#11877,#11941,.T.);
#9442=EDGE_CURVE('',#11046,#11875,#11942,.T.);
#9443=EDGE_CURVE('',#11048,#11873,#11943,.T.);
#9444=EDGE_CURVE('',#11058,#11889,#11944,.T.);
#9445=EDGE_CURVE('',#11054,#11894,#11945,.T.);
#9446=EDGE_CURVE('',#11053,#11892,#11946,.T.);
#9447=EDGE_CURVE('',#11056,#11890,#11947,.T.);
#9448=EDGE_CURVE('',#11066,#11902,#11948,.T.);
#9449=EDGE_CURVE('',#11062,#11907,#11949,.T.);
#9450=EDGE_CURVE('',#11061,#11905,#11950,.T.);
#9451=EDGE_CURVE('',#11064,#11903,#11951,.T.);
#9452=EDGE_CURVE('',#11078,#11918,#11952,.T.);
#9453=EDGE_CURVE('',#11070,#11927,#11953,.T.);
#9454=EDGE_CURVE('',#11069,#11925,#11954,.T.);
#9455=EDGE_CURVE('',#11072,#11923,#11955,.T.);
#9456=EDGE_CURVE('',#11074,#11921,#11956,.T.);
#9457=EDGE_CURVE('',#11076,#11919,#11957,.T.);
#9458=EDGE_CURVE('',#11958,#11899,#11959,.T.);
#9459=EDGE_CURVE('',#11838,#11958,#11960,.T.);
#9460=EDGE_CURVE('',#11961,#11958,#11962,.T.);
#9461=EDGE_CURVE('',#11841,#11961,#11963,.T.);
#9462=EDGE_CURVE('',#11964,#11961,#11965,.T.);
#9463=EDGE_CURVE('',#11843,#11964,#11966,.T.);
#9464=EDGE_CURVE('',#11897,#11964,#11967,.T.);
#9465=EDGE_CURVE('',#11884,#11968,#11969,.T.);
#9466=EDGE_CURVE('',#11968,#11970,#11971,.T.);
#9467=EDGE_CURVE('',#11970,#11972,#11973,.T.);
#9468=EDGE_CURVE('',#11972,#11886,#11974,.T.);
#9469=EDGE_CURVE('',#11820,#11975,#11976,.T.);
#9470=EDGE_CURVE('',#11975,#11977,#11978,.T.);
#9471=EDGE_CURVE('',#11977,#11979,#11980,.T.);
#9472=EDGE_CURVE('',#11979,#11822,#11981,.T.);
#9473=EDGE_CURVE('',#11831,#11982,#11983,.T.);
#9474=EDGE_CURVE('',#11982,#11984,#11985,.T.);
#9475=EDGE_CURVE('',#11984,#11986,#11987,.T.);
#9476=EDGE_CURVE('',#11986,#11833,#11988,.T.);
#9477=EDGE_CURVE('',#11848,#11972,#11989,.T.);
#9478=EDGE_CURVE('',#11851,#11970,#11990,.T.);
#9479=EDGE_CURVE('',#11853,#11968,#11991,.T.);
#9480=EDGE_CURVE('',#11858,#11979,#11992,.T.);
#9481=EDGE_CURVE('',#11860,#11977,#11993,.T.);
#9482=EDGE_CURVE('',#11862,#11975,#11994,.T.);
#9483=EDGE_CURVE('',#11865,#11986,#11995,.T.);
#9484=EDGE_CURVE('',#11867,#11984,#11996,.T.);
#9485=EDGE_CURVE('',#11869,#11982,#11997,.T.);
#9486=EDGE_CURVE('',#11998,#11915,#11999,.T.);
#9487=EDGE_CURVE('',#12000,#11998,#12001,.T.);
#9488=EDGE_CURVE('',#12002,#12000,#12003,.T.);
#9489=EDGE_CURVE('',#11910,#12002,#12004,.T.);
#9490=EDGE_CURVE('',#12005,#11935,#12006,.T.);
#9491=EDGE_CURVE('',#12007,#12005,#12008,.T.);
#9492=EDGE_CURVE('',#12009,#12007,#12010,.T.);
#9493=EDGE_CURVE('',#11930,#12009,#12011,.T.);
#9494=EDGE_CURVE('',#12012,#12013,#12014,.T.);
#9495=EDGE_CURVE('',#12015,#12012,#12016,.T.);
#9496=EDGE_CURVE('',#12017,#12015,#12018,.T.);
#9497=EDGE_CURVE('',#12019,#12017,#12020,.T.);
#9498=EDGE_CURVE('',#12019,#12013,#12021,.T.);
#9499=EDGE_CURVE('',#12022,#12023,#12024,.T.);
#9500=EDGE_CURVE('',#12025,#12022,#12026,.T.);
#9501=EDGE_CURVE('',#12027,#12025,#12028,.T.);
#9502=EDGE_CURVE('',#12029,#12027,#12030,.T.);
#9503=EDGE_CURVE('',#12029,#12023,#12031,.T.);
#9504=EDGE_CURVE('',#12002,#12032,#12033,.T.);
#9505=EDGE_CURVE('',#11911,#12032,#12034,.T.);
#9506=EDGE_CURVE('',#12032,#12035,#12036,.T.);
#9507=EDGE_CURVE('',#12035,#12037,#12038,.T.);
#9508=EDGE_CURVE('',#12037,#11913,#12039,.T.);
#9509=EDGE_CURVE('',#11931,#12040,#12041,.T.);
#9510=EDGE_CURVE('',#12040,#12042,#12043,.T.);
#9511=EDGE_CURVE('',#12042,#12044,#12045,.T.);
#9512=EDGE_CURVE('',#12044,#11933,#12046,.T.);
#9513=EDGE_CURVE('',#12047,#12048,#12049,.T.);
#9514=EDGE_CURVE('',#12048,#12050,#12051,.T.);
#9515=EDGE_CURVE('',#12050,#12052,#12053,.T.);
#9516=EDGE_CURVE('',#12052,#12054,#12055,.T.);
#9517=EDGE_CURVE('',#12047,#12054,#12056,.T.);
#9518=EDGE_CURVE('',#12057,#12058,#12059,.T.);
#9519=EDGE_CURVE('',#12058,#12060,#12061,.T.);
#9520=EDGE_CURVE('',#12060,#12062,#12063,.T.);
#9521=EDGE_CURVE('',#12062,#12064,#12065,.T.);
#9522=EDGE_CURVE('',#12057,#12064,#12066,.T.);
#9523=EDGE_CURVE('',#11998,#12037,#12067,.T.);
#9524=EDGE_CURVE('',#12000,#12035,#12068,.T.);
#9525=EDGE_CURVE('',#12005,#12044,#12069,.T.);
#9526=EDGE_CURVE('',#12007,#12042,#12070,.T.);
#9527=EDGE_CURVE('',#12009,#12040,#12071,.T.);
#9528=EDGE_CURVE('',#10630,#10931,#12072,.T.);
#9529=EDGE_CURVE('',#10929,#10840,#12073,.T.);
#9530=EDGE_CURVE('',#10838,#10936,#12074,.T.);
#9531=EDGE_CURVE('',#10934,#10632,#12075,.T.);
#9532=EDGE_CURVE('',#12019,#12047,#12076,.T.);
#9533=EDGE_CURVE('',#12013,#12054,#12077,.T.);
#9534=EDGE_CURVE('',#11229,#10474,#12078,.T.);
#9535=EDGE_CURVE('',#10472,#10361,#12079,.T.);
#9536=EDGE_CURVE('',#10359,#10469,#12080,.T.);
#9537=EDGE_CURVE('',#10467,#11231,#12081,.T.);
#9538=EDGE_CURVE('',#12029,#12057,#12082,.T.);
#9539=EDGE_CURVE('',#12023,#12064,#12083,.T.);
#9540=EDGE_CURVE('',#12012,#12052,#12084,.T.);
#9541=EDGE_CURVE('',#12015,#12050,#12085,.T.);
#9542=EDGE_CURVE('',#12017,#12048,#12086,.T.);
#9543=EDGE_CURVE('',#12022,#12062,#12087,.T.);
#9544=EDGE_CURVE('',#12025,#12060,#12088,.T.);
#9545=EDGE_CURVE('',#12027,#12058,#12089,.T.);
#9546=EDGE_CURVE('',#10480,#11226,#12090,.T.);
#9547=EDGE_CURVE('',#10638,#10941,#12091,.T.);
#9548=EDGE_CURVE('',#10939,#10835,#12092,.T.);
#9549=EDGE_CURVE('',#10833,#10946,#12093,.T.);
#9550=EDGE_CURVE('',#10944,#10640,#12094,.T.);
#9551=EDGE_CURVE('',#12095,#12096,#12097,.T.);
#9552=EDGE_CURVE('',#12096,#12098,#12099,.T.);
#9553=EDGE_CURVE('',#12100,#12098,#12101,.T.);
#9554=EDGE_CURVE('',#12095,#12100,#12102,.T.);
#9555=EDGE_CURVE('',#11224,#10487,#12103,.T.);
#9556=EDGE_CURVE('',#10485,#10366,#12104,.T.);
#9557=EDGE_CURVE('',#10364,#10482,#12105,.T.);
#9558=EDGE_CURVE('',#12106,#12107,#12108,.T.);
#9559=EDGE_CURVE('',#12107,#12109,#12110,.T.);
#9560=EDGE_CURVE('',#12111,#12109,#12112,.T.);
#9561=EDGE_CURVE('',#12106,#12111,#12113,.T.);
#9562=EDGE_CURVE('',#12114,#12115,#12116,.T.);
#9563=EDGE_CURVE('',#12117,#12114,#12118,.T.);
#9564=EDGE_CURVE('',#12119,#12117,#12120,.T.);
#9565=EDGE_CURVE('',#12121,#12119,#12122,.T.);
#9566=EDGE_CURVE('',#12121,#12115,#12123,.T.);
#9567=EDGE_CURVE('',#12124,#12125,#12126,.T.);
#9568=EDGE_CURVE('',#12127,#12124,#12128,.T.);
#9569=EDGE_CURVE('',#12129,#12127,#12130,.T.);
#9570=EDGE_CURVE('',#12131,#12129,#12132,.T.);
#9571=EDGE_CURVE('',#12131,#12125,#12133,.T.);
#9572=EDGE_CURVE('',#12134,#12100,#12135,.T.);
#9573=EDGE_CURVE('',#12136,#12134,#12137,.T.);
#9574=EDGE_CURVE('',#12138,#12136,#12139,.T.);
#9575=EDGE_CURVE('',#12095,#12138,#12140,.T.);
#9576=EDGE_CURVE('',#12141,#12111,#12142,.T.);
#9577=EDGE_CURVE('',#12143,#12141,#12144,.T.);
#9578=EDGE_CURVE('',#12145,#12143,#12146,.T.);
#9579=EDGE_CURVE('',#12106,#12145,#12147,.T.);
#9580=EDGE_CURVE('',#12148,#12149,#12150,.T.);
#9581=EDGE_CURVE('',#12149,#12151,#12152,.T.);
#9582=EDGE_CURVE('',#12151,#12153,#12154,.T.);
#9583=EDGE_CURVE('',#12153,#12148,#12155,.T.);
#9584=EDGE_CURVE('',#12131,#12156,#12157,.T.);
#9585=EDGE_CURVE('',#12158,#12156,#12159,.T.);
#9586=EDGE_CURVE('',#12125,#12158,#12160,.T.);
#9587=EDGE_CURVE('',#12161,#12162,#12163,.T.);
#9588=EDGE_CURVE('',#12162,#12164,#12165,.T.);
#9589=EDGE_CURVE('',#12164,#12166,#12167,.T.);
#9590=EDGE_CURVE('',#12166,#12168,#12169,.T.);
#9591=EDGE_CURVE('',#12168,#12170,#12171,.T.);
#9592=EDGE_CURVE('',#12170,#12161,#12172,.T.);
#9593=EDGE_CURVE('',#12121,#12173,#12174,.T.);
#9594=EDGE_CURVE('',#12175,#12173,#12176,.T.);
#9595=EDGE_CURVE('',#12115,#12175,#12177,.T.);
#9596=EDGE_CURVE('',#12178,#12179,#12180,.T.);
#9597=EDGE_CURVE('',#12179,#12181,#12182,.T.);
#9598=EDGE_CURVE('',#12181,#12183,#12184,.T.);
#9599=EDGE_CURVE('',#12183,#12185,#12186,.T.);
#9600=EDGE_CURVE('',#12185,#12187,#12188,.T.);
#9601=EDGE_CURVE('',#12187,#12178,#12189,.T.);
#9602=EDGE_CURVE('',#12190,#12191,#12192,.T.);
#9603=EDGE_CURVE('',#12193,#12191,#12194,.T.);
#9604=EDGE_CURVE('',#12195,#12193,#12196,.T.);
#9605=EDGE_CURVE('',#12190,#12195,#12197,.T.);
#9606=EDGE_CURVE('',#12198,#12199,#12200,.T.);
#9607=EDGE_CURVE('',#12199,#12201,#12202,.T.);
#9608=EDGE_CURVE('',#12201,#12203,#12204,.T.);
#9609=EDGE_CURVE('',#12203,#12198,#12205,.T.);
#9610=EDGE_CURVE('',#12206,#12207,#12208,.T.);
#9611=EDGE_CURVE('',#12209,#12207,#12210,.T.);
#9612=EDGE_CURVE('',#12211,#12209,#12212,.T.);
#9613=EDGE_CURVE('',#12206,#12211,#12213,.T.);
#9614=EDGE_CURVE('',#11166,#12148,#12214,.T.);
#9615=EDGE_CURVE('',#11162,#12153,#12215,.T.);
#9616=EDGE_CURVE('',#11161,#12151,#12216,.T.);
#9617=EDGE_CURVE('',#11164,#12149,#12217,.T.);
#9618=EDGE_CURVE('',#11178,#12161,#12218,.T.);
#9619=EDGE_CURVE('',#11170,#12170,#12219,.T.);
#9620=EDGE_CURVE('',#11169,#12168,#12220,.T.);
#9621=EDGE_CURVE('',#11172,#12166,#12221,.T.);
#9622=EDGE_CURVE('',#11174,#12164,#12222,.T.);
#9623=EDGE_CURVE('',#11176,#12162,#12223,.T.);
#9624=EDGE_CURVE('',#11190,#12178,#12224,.T.);
#9625=EDGE_CURVE('',#11182,#12187,#12225,.T.);
#9626=EDGE_CURVE('',#11181,#12185,#12226,.T.);
#9627=EDGE_CURVE('',#11184,#12183,#12227,.T.);
#9628=EDGE_CURVE('',#11186,#12181,#12228,.T.);
#9629=EDGE_CURVE('',#11188,#12179,#12229,.T.);
#9630=EDGE_CURVE('',#11198,#12198,#12230,.T.);
#9631=EDGE_CURVE('',#11194,#12203,#12231,.T.);
#9632=EDGE_CURVE('',#11193,#12201,#12232,.T.);
#9633=EDGE_CURVE('',#11196,#12199,#12233,.T.);
#9634=EDGE_CURVE('',#12234,#12175,#12235,.T.);
#9635=EDGE_CURVE('',#12114,#12234,#12236,.T.);
#9636=EDGE_CURVE('',#12237,#12234,#12238,.T.);
#9637=EDGE_CURVE('',#12117,#12237,#12239,.T.);
#9638=EDGE_CURVE('',#12240,#12237,#12241,.T.);
#9639=EDGE_CURVE('',#12119,#12240,#12242,.T.);
#9640=EDGE_CURVE('',#12173,#12240,#12243,.T.);
#9641=EDGE_CURVE('',#12156,#12244,#12245,.T.);
#9642=EDGE_CURVE('',#12244,#12246,#12247,.T.);
#9643=EDGE_CURVE('',#12246,#12248,#12249,.T.);
#9644=EDGE_CURVE('',#12248,#12158,#12250,.T.);
#9645=EDGE_CURVE('',#12096,#12251,#12252,.T.);
#9646=EDGE_CURVE('',#12251,#12253,#12254,.T.);
#9647=EDGE_CURVE('',#12253,#12255,#12256,.T.);
#9648=EDGE_CURVE('',#12255,#12098,#12257,.T.);
#9649=EDGE_CURVE('',#12107,#12258,#12259,.T.);
#9650=EDGE_CURVE('',#12258,#12260,#12261,.T.);
#9651=EDGE_CURVE('',#12260,#12262,#12263,.T.);
#9652=EDGE_CURVE('',#12262,#12109,#12264,.T.);
#9653=EDGE_CURVE('',#12124,#12248,#12265,.T.);
#9654=EDGE_CURVE('',#12127,#12246,#12266,.T.);
#9655=EDGE_CURVE('',#12129,#12244,#12267,.T.);
#9656=EDGE_CURVE('',#12134,#12255,#12268,.T.);
#9657=EDGE_CURVE('',#12136,#12253,#12269,.T.);
#9658=EDGE_CURVE('',#12138,#12251,#12270,.T.);
#9659=EDGE_CURVE('',#12141,#12262,#12271,.T.);
#9660=EDGE_CURVE('',#12143,#12260,#12272,.T.);
#9661=EDGE_CURVE('',#12145,#12258,#12273,.T.);
#9662=EDGE_CURVE('',#12274,#12195,#12275,.T.);
#9663=EDGE_CURVE('',#12276,#12274,#12277,.T.);
#9664=EDGE_CURVE('',#12278,#12276,#12279,.T.);
#9665=EDGE_CURVE('',#12190,#12278,#12280,.T.);
#9666=EDGE_CURVE('',#12281,#12211,#12282,.T.);
#9667=EDGE_CURVE('',#12283,#12281,#12284,.T.);
#9668=EDGE_CURVE('',#12285,#12283,#12286,.T.);
#9669=EDGE_CURVE('',#12206,#12285,#12287,.T.);
#9670=EDGE_CURVE('',#12288,#12289,#12290,.T.);
#9671=EDGE_CURVE('',#12291,#12288,#12292,.T.);
#9672=EDGE_CURVE('',#12293,#12291,#12294,.T.);
#9673=EDGE_CURVE('',#12295,#12293,#12296,.T.);
#9674=EDGE_CURVE('',#12295,#12289,#12297,.T.);
#9675=EDGE_CURVE('',#12298,#12299,#12300,.T.);
#9676=EDGE_CURVE('',#12301,#12298,#12302,.T.);
#9677=EDGE_CURVE('',#12303,#12301,#12304,.T.);
#9678=EDGE_CURVE('',#12305,#12303,#12306,.T.);
#9679=EDGE_CURVE('',#12305,#12299,#12307,.T.);
#9680=EDGE_CURVE('',#12278,#12308,#12309,.T.);
#9681=EDGE_CURVE('',#12191,#12308,#12310,.T.);
#9682=EDGE_CURVE('',#12308,#12311,#12312,.T.);
#9683=EDGE_CURVE('',#12311,#12313,#12314,.T.);
#9684=EDGE_CURVE('',#12313,#12193,#12315,.T.);
#9685=EDGE_CURVE('',#12207,#12316,#12317,.T.);
#9686=EDGE_CURVE('',#12316,#12318,#12319,.T.);
#9687=EDGE_CURVE('',#12318,#12320,#12321,.T.);
#9688=EDGE_CURVE('',#12320,#12209,#12322,.T.);
#9689=EDGE_CURVE('',#12323,#12324,#12325,.T.);
#9690=EDGE_CURVE('',#12324,#12326,#12327,.T.);
#9691=EDGE_CURVE('',#12326,#12328,#12329,.T.);
#9692=EDGE_CURVE('',#12328,#12330,#12331,.T.);
#9693=EDGE_CURVE('',#12323,#12330,#12332,.T.);
#9694=EDGE_CURVE('',#12333,#12334,#12335,.T.);
#9695=EDGE_CURVE('',#12334,#12336,#12337,.T.);
#9696=EDGE_CURVE('',#12336,#12338,#12339,.T.);
#9697=EDGE_CURVE('',#12338,#12340,#12341,.T.);
#9698=EDGE_CURVE('',#12333,#12340,#12342,.T.);
#9699=EDGE_CURVE('',#12274,#12313,#12343,.T.);
#9700=EDGE_CURVE('',#12276,#12311,#12344,.T.);
#9701=EDGE_CURVE('',#12281,#12320,#12345,.T.);
#9702=EDGE_CURVE('',#12283,#12318,#12346,.T.);
#9703=EDGE_CURVE('',#12285,#12316,#12347,.T.);
#9704=EDGE_CURVE('',#10646,#10951,#12348,.T.);
#9705=EDGE_CURVE('',#10949,#10830,#12349,.T.);
#9706=EDGE_CURVE('',#10828,#10956,#12350,.T.);
#9707=EDGE_CURVE('',#10954,#10648,#12351,.T.);
#9708=EDGE_CURVE('',#12295,#12323,#12352,.T.);
#9709=EDGE_CURVE('',#12289,#12330,#12353,.T.);
#9710=EDGE_CURVE('',#11219,#10500,#12354,.T.);
#9711=EDGE_CURVE('',#10498,#10371,#12355,.T.);
#9712=EDGE_CURVE('',#10369,#10495,#12356,.T.);
#9713=EDGE_CURVE('',#10493,#11221,#12357,.T.);
#9714=EDGE_CURVE('',#12305,#12333,#12358,.T.);
#9715=EDGE_CURVE('',#12299,#12340,#12359,.T.);
#9716=EDGE_CURVE('',#12288,#12328,#12360,.T.);
#9717=EDGE_CURVE('',#12291,#12326,#12361,.T.);
#9718=EDGE_CURVE('',#12293,#12324,#12362,.T.);
#9719=EDGE_CURVE('',#12298,#12338,#12363,.T.);
#9720=EDGE_CURVE('',#12301,#12336,#12364,.T.);
#9721=EDGE_CURVE('',#12303,#12334,#12365,.T.);
#9722=EDGE_CURVE('',#10506,#11216,#12366,.T.);
#9723=EDGE_CURVE('',#10654,#10961,#12367,.T.);
#9724=EDGE_CURVE('',#10959,#10825,#12368,.T.);
#9725=EDGE_CURVE('',#10823,#10967,#12369,.T.);
#9726=EDGE_CURVE('',#10965,#10656,#12370,.T.);
#9727=EDGE_CURVE('',#12371,#12372,#12373,.T.);
#9728=EDGE_CURVE('',#12372,#12374,#12375,.T.);
#9729=EDGE_CURVE('',#12376,#12374,#12377,.T.);
#9730=EDGE_CURVE('',#12371,#12376,#12378,.T.);
#9731=EDGE_CURVE('',#11214,#10513,#12379,.T.);
#9732=EDGE_CURVE('',#10511,#10376,#12380,.T.);
#9733=EDGE_CURVE('',#10374,#10508,#12381,.T.);
#9734=EDGE_CURVE('',#12382,#12383,#12384,.T.);
#9735=EDGE_CURVE('',#12383,#12385,#12386,.T.);
#9736=EDGE_CURVE('',#12387,#12385,#12388,.T.);
#9737=EDGE_CURVE('',#12382,#12387,#12389,.T.);
#9738=EDGE_CURVE('',#12390,#12391,#12392,.T.);
#9739=EDGE_CURVE('',#12393,#12390,#12394,.T.);
#9740=EDGE_CURVE('',#12395,#12393,#12396,.T.);
#9741=EDGE_CURVE('',#12397,#12395,#12398,.T.);
#9742=EDGE_CURVE('',#12397,#12391,#12399,.T.);
#9743=EDGE_CURVE('',#12400,#12401,#12402,.T.);
#9744=EDGE_CURVE('',#12403,#12400,#12404,.T.);
#9745=EDGE_CURVE('',#12405,#12403,#12406,.T.);
#9746=EDGE_CURVE('',#12407,#12405,#12408,.T.);
#9747=EDGE_CURVE('',#12407,#12401,#12409,.T.);
#9748=EDGE_CURVE('',#12410,#12376,#12411,.T.);
#9749=EDGE_CURVE('',#12412,#12410,#12413,.T.);
#9750=EDGE_CURVE('',#12414,#12412,#12415,.T.);
#9751=EDGE_CURVE('',#12371,#12414,#12416,.T.);
#9752=EDGE_CURVE('',#12417,#12387,#12418,.T.);
#9753=EDGE_CURVE('',#12419,#12417,#12420,.T.);
#9754=EDGE_CURVE('',#12421,#12419,#12422,.T.);
#9755=EDGE_CURVE('',#12382,#12421,#12423,.T.);
#9756=EDGE_CURVE('',#12424,#12425,#12426,.T.);
#9757=EDGE_CURVE('',#12425,#12427,#12428,.T.);
#9758=EDGE_CURVE('',#12427,#12429,#12430,.T.);
#9759=EDGE_CURVE('',#12429,#12431,#12432,.T.);
#9760=EDGE_CURVE('',#12431,#12433,#12434,.T.);
#9761=EDGE_CURVE('',#12433,#12424,#12435,.T.);
#9762=EDGE_CURVE('',#12407,#12436,#12437,.T.);
#9763=EDGE_CURVE('',#12438,#12436,#12439,.T.);
#9764=EDGE_CURVE('',#12401,#12438,#12440,.T.);
#9765=EDGE_CURVE('',#12441,#12442,#12443,.T.);
#9766=EDGE_CURVE('',#12442,#12444,#12445,.T.);
#9767=EDGE_CURVE('',#12444,#12446,#12447,.T.);
#9768=EDGE_CURVE('',#12446,#12441,#12448,.T.);
#9769=EDGE_CURVE('',#12397,#12449,#12450,.T.);
#9770=EDGE_CURVE('',#12451,#12449,#12452,.T.);
#9771=EDGE_CURVE('',#12391,#12451,#12453,.T.);
#9772=EDGE_CURVE('',#12454,#12455,#12456,.T.);
#9773=EDGE_CURVE('',#12455,#12457,#12458,.T.);
#9774=EDGE_CURVE('',#12457,#12459,#12460,.T.);
#9775=EDGE_CURVE('',#12459,#12454,#12461,.T.);
#9776=EDGE_CURVE('',#12462,#12463,#12464,.T.);
#9777=EDGE_CURVE('',#12465,#12463,#12466,.T.);
#9778=EDGE_CURVE('',#12467,#12465,#12468,.T.);
#9779=EDGE_CURVE('',#12462,#12467,#12469,.T.);
#9780=EDGE_CURVE('',#12470,#12471,#12472,.T.);
#9781=EDGE_CURVE('',#12471,#12473,#12474,.T.);
#9782=EDGE_CURVE('',#12473,#12475,#12476,.T.);
#9783=EDGE_CURVE('',#12475,#12477,#12478,.T.);
#9784=EDGE_CURVE('',#12477,#12479,#12480,.T.);
#9785=EDGE_CURVE('',#12479,#12470,#12481,.T.);
#9786=EDGE_CURVE('',#12482,#12483,#12484,.T.);
#9787=EDGE_CURVE('',#12485,#12483,#12486,.T.);
#9788=EDGE_CURVE('',#12487,#12485,#12488,.T.);
#9789=EDGE_CURVE('',#12482,#12487,#12489,.T.);
#9790=EDGE_CURVE('',#11090,#12424,#12490,.T.);
#9791=EDGE_CURVE('',#11082,#12433,#12491,.T.);
#9792=EDGE_CURVE('',#11081,#12431,#12492,.T.);
#9793=EDGE_CURVE('',#11084,#12429,#12493,.T.);
#9794=EDGE_CURVE('',#11086,#12427,#12494,.T.);
#9795=EDGE_CURVE('',#11088,#12425,#12495,.T.);
#9796=EDGE_CURVE('',#11098,#12441,#12496,.T.);
#9797=EDGE_CURVE('',#11094,#12446,#12497,.T.);
#9798=EDGE_CURVE('',#11093,#12444,#12498,.T.);
#9799=EDGE_CURVE('',#11096,#12442,#12499,.T.);
#9800=EDGE_CURVE('',#11106,#12454,#12500,.T.);
#9801=EDGE_CURVE('',#11102,#12459,#12501,.T.);
#9802=EDGE_CURVE('',#11101,#12457,#12502,.T.);
#9803=EDGE_CURVE('',#11104,#12455,#12503,.T.);
#9804=EDGE_CURVE('',#11118,#12470,#12504,.T.);
#9805=EDGE_CURVE('',#11110,#12479,#12505,.T.);
#9806=EDGE_CURVE('',#11109,#12477,#12506,.T.);
#9807=EDGE_CURVE('',#11112,#12475,#12507,.T.);
#9808=EDGE_CURVE('',#11114,#12473,#12508,.T.);
#9809=EDGE_CURVE('',#11116,#12471,#12509,.T.);
#9810=EDGE_CURVE('',#12510,#12451,#12511,.T.);
#9811=EDGE_CURVE('',#12390,#12510,#12512,.T.);
#9812=EDGE_CURVE('',#12513,#12510,#12514,.T.);
#9813=EDGE_CURVE('',#12393,#12513,#12515,.T.);
#9814=EDGE_CURVE('',#12516,#12513,#12517,.T.);
#9815=EDGE_CURVE('',#12395,#12516,#12518,.T.);
#9816=EDGE_CURVE('',#12449,#12516,#12519,.T.);
#9817=EDGE_CURVE('',#12436,#12520,#12521,.T.);
#9818=EDGE_CURVE('',#12520,#12522,#12523,.T.);
#9819=EDGE_CURVE('',#12522,#12524,#12525,.T.);
#9820=EDGE_CURVE('',#12524,#12438,#12526,.T.);
#9821=EDGE_CURVE('',#12372,#12527,#12528,.T.);
#9822=EDGE_CURVE('',#12527,#12529,#12530,.T.);
#9823=EDGE_CURVE('',#12529,#12531,#12532,.T.);
#9824=EDGE_CURVE('',#12531,#12374,#12533,.T.);
#9825=EDGE_CURVE('',#12383,#12534,#12535,.T.);
#9826=EDGE_CURVE('',#12534,#12536,#12537,.T.);
#9827=EDGE_CURVE('',#12536,#12538,#12539,.T.);
#9828=EDGE_CURVE('',#12538,#12385,#12540,.T.);
#9829=EDGE_CURVE('',#12400,#12524,#12541,.T.);
#9830=EDGE_CURVE('',#12403,#12522,#12542,.T.);
#9831=EDGE_CURVE('',#12405,#12520,#12543,.T.);
#9832=EDGE_CURVE('',#12410,#12531,#12544,.T.);
#9833=EDGE_CURVE('',#12412,#12529,#12545,.T.);
#9834=EDGE_CURVE('',#12414,#12527,#12546,.T.);
#9835=EDGE_CURVE('',#12417,#12538,#12547,.T.);
#9836=EDGE_CURVE('',#12419,#12536,#12548,.T.);
#9837=EDGE_CURVE('',#12421,#12534,#12549,.T.);
#9838=EDGE_CURVE('',#12550,#12467,#12551,.T.);
#9839=EDGE_CURVE('',#12552,#12550,#12553,.T.);
#9840=EDGE_CURVE('',#12554,#12552,#12555,.T.);
#9841=EDGE_CURVE('',#12462,#12554,#12556,.T.);
#9842=EDGE_CURVE('',#12557,#12487,#12558,.T.);
#9843=EDGE_CURVE('',#12559,#12557,#12560,.T.);
#9844=EDGE_CURVE('',#12561,#12559,#12562,.T.);
#9845=EDGE_CURVE('',#12482,#12561,#12563,.T.);
#9846=EDGE_CURVE('',#12564,#10683,#12565,.T.);
#9847=EDGE_CURVE('',#12566,#12564,#12567,.T.);
#9848=EDGE_CURVE('',#12568,#12566,#12569,.T.);
#9849=EDGE_CURVE('',#10678,#12568,#12570,.T.);
#9850=EDGE_CURVE('',#12571,#10697,#12572,.T.);
#9851=EDGE_CURVE('',#12573,#12571,#12574,.T.);
#9852=EDGE_CURVE('',#12575,#12573,#12576,.T.);
#9853=EDGE_CURVE('',#10692,#12575,#12577,.T.);
#9854=EDGE_CURVE('',#12554,#12578,#12579,.T.);
#9855=EDGE_CURVE('',#12463,#12578,#12580,.T.);
#9856=EDGE_CURVE('',#12578,#12581,#12582,.T.);
#9857=EDGE_CURVE('',#12581,#12583,#12584,.T.);
#9858=EDGE_CURVE('',#12583,#12465,#12585,.T.);
#9859=EDGE_CURVE('',#12483,#12586,#12587,.T.);
#9860=EDGE_CURVE('',#12586,#12588,#12589,.T.);
#9861=EDGE_CURVE('',#12588,#12590,#12591,.T.);
#9862=EDGE_CURVE('',#12590,#12485,#12592,.T.);
#9863=EDGE_CURVE('',#10679,#12593,#12594,.T.);
#9864=EDGE_CURVE('',#12593,#12595,#12596,.T.);
#9865=EDGE_CURVE('',#12595,#12597,#12598,.T.);
#9866=EDGE_CURVE('',#12597,#10681,#12599,.T.);
#9867=EDGE_CURVE('',#10693,#12600,#12601,.T.);
#9868=EDGE_CURVE('',#12600,#12602,#12603,.T.);
#9869=EDGE_CURVE('',#12602,#12604,#12605,.T.);
#9870=EDGE_CURVE('',#12604,#10695,#12606,.T.);
#9871=EDGE_CURVE('',#12550,#12583,#12607,.T.);
#9872=EDGE_CURVE('',#12552,#12581,#12608,.T.);
#9873=EDGE_CURVE('',#12557,#12590,#12609,.T.);
#9874=EDGE_CURVE('',#12559,#12588,#12610,.T.);
#9875=EDGE_CURVE('',#12561,#12586,#12611,.T.);
#9876=EDGE_CURVE('',#12564,#12597,#12612,.T.);
#9877=EDGE_CURVE('',#12566,#12595,#12613,.T.);
#9878=EDGE_CURVE('',#12568,#12593,#12614,.T.);
#9879=EDGE_CURVE('',#12571,#12604,#12615,.T.);
#9880=EDGE_CURVE('',#12573,#12602,#12616,.T.);
#9881=EDGE_CURVE('',#12575,#12600,#12617,.T.);
#9882=EDGE_CURVE('',#10986,#12618,#12619,.T.);
#9883=EDGE_CURVE('',#12620,#12618,#12621,.T.);
#9884=EDGE_CURVE('',#10982,#12620,#12622,.T.);
#9885=EDGE_CURVE('',#12623,#12620,#12624,.T.);
#9886=EDGE_CURVE('',#10981,#12623,#12625,.T.);
#9887=EDGE_CURVE('',#12626,#12623,#12627,.T.);
#9888=EDGE_CURVE('',#10984,#12626,#12628,.T.);
#9889=EDGE_CURVE('',#12618,#12626,#12629,.T.);
#9890=EDGE_CURVE('',#12630,#12631,#12632,.T.);
#9891=EDGE_CURVE('',#12633,#12631,#12634,.T.);
#9892=EDGE_CURVE('',#12635,#12633,#12636,.T.);
#9893=EDGE_CURVE('',#12635,#12630,#12637,.T.);
#9894=EDGE_CURVE('',#12638,#12639,#12640,.T.);
#9895=EDGE_CURVE('',#12639,#12641,#12642,.T.);
#9896=EDGE_CURVE('',#12641,#12643,#12644,.T.);
#9897=EDGE_CURVE('',#12643,#12645,#12646,.T.);
#9898=EDGE_CURVE('',#12645,#12647,#12648,.T.);
#9899=EDGE_CURVE('',#12647,#12638,#12649,.T.);
#9900=EDGE_CURVE('',#12650,#12651,#12652,.T.);
#9901=EDGE_CURVE('',#12653,#12651,#12654,.T.);
#9902=EDGE_CURVE('',#12655,#12653,#12656,.T.);
#9903=EDGE_CURVE('',#12655,#12650,#12657,.T.);
#9904=EDGE_CURVE('',#10998,#12638,#12658,.T.);
#9905=EDGE_CURVE('',#10990,#12647,#12659,.T.);
#9906=EDGE_CURVE('',#10989,#12645,#12660,.T.);
#9907=EDGE_CURVE('',#10992,#12643,#12661,.T.);
#9908=EDGE_CURVE('',#10994,#12641,#12662,.T.);
#9909=EDGE_CURVE('',#10996,#12639,#12663,.T.);
#9910=EDGE_CURVE('',#12664,#12655,#12665,.T.);
#9911=EDGE_CURVE('',#12666,#12664,#12667,.T.);
#9912=EDGE_CURVE('',#12668,#12666,#12669,.T.);
#9913=EDGE_CURVE('',#12650,#12668,#12670,.T.);
#9914=EDGE_CURVE('',#12671,#12635,#12672,.T.);
#9915=EDGE_CURVE('',#12673,#12671,#12674,.T.);
#9916=EDGE_CURVE('',#12675,#12673,#12676,.T.);
#9917=EDGE_CURVE('',#12630,#12675,#12677,.T.);
#9918=EDGE_CURVE('',#12678,#10564,#12679,.T.);
#9919=EDGE_CURVE('',#12680,#12678,#12681,.T.);
#9920=EDGE_CURVE('',#12682,#12680,#12683,.T.);
#9921=EDGE_CURVE('',#10559,#12682,#12684,.T.);
#9922=EDGE_CURVE('',#12685,#10550,#12686,.T.);
#9923=EDGE_CURVE('',#12687,#12685,#12688,.T.);
#9924=EDGE_CURVE('',#12689,#12687,#12690,.T.);
#9925=EDGE_CURVE('',#10545,#12689,#12691,.T.);
#9926=EDGE_CURVE('',#12668,#12692,#12693,.T.);
#9927=EDGE_CURVE('',#12651,#12692,#12694,.T.);
#9928=EDGE_CURVE('',#12692,#12695,#12696,.T.);
#9929=EDGE_CURVE('',#12695,#12697,#12698,.T.);
#9930=EDGE_CURVE('',#12697,#12653,#12699,.T.);
#9931=EDGE_CURVE('',#12631,#12700,#12701,.T.);
#9932=EDGE_CURVE('',#12700,#12702,#12703,.T.);
#9933=EDGE_CURVE('',#12702,#12704,#12705,.T.);
#9934=EDGE_CURVE('',#12704,#12633,#12706,.T.);
#9935=EDGE_CURVE('',#12707,#12708,#12709,.T.);
#9936=EDGE_CURVE('',#12708,#12710,#12711,.T.);
#9937=EDGE_CURVE('',#12710,#10562,#12712,.T.);
#9938=EDGE_CURVE('',#10560,#12707,#12713,.T.);
#9939=EDGE_CURVE('',#10546,#12714,#12715,.T.);
#9940=EDGE_CURVE('',#12714,#12716,#12717,.T.);
#9941=EDGE_CURVE('',#12716,#12718,#12719,.T.);
#9942=EDGE_CURVE('',#12718,#10548,#12720,.T.);
#9943=EDGE_CURVE('',#12664,#12697,#12721,.T.);
#9944=EDGE_CURVE('',#12666,#12695,#12722,.T.);
#9945=EDGE_CURVE('',#12671,#12704,#12723,.T.);
#9946=EDGE_CURVE('',#12673,#12702,#12724,.T.);
#9947=EDGE_CURVE('',#12675,#12700,#12725,.T.);
#9948=EDGE_CURVE('',#12682,#12707,#12726,.T.);
#9949=EDGE_CURVE('',#12680,#12708,#12727,.T.);
#9950=EDGE_CURVE('',#12678,#12710,#12728,.T.);
#9951=EDGE_CURVE('',#12685,#12718,#12729,.T.);
#9952=EDGE_CURVE('',#12687,#12716,#12730,.T.);
#9953=EDGE_CURVE('',#12689,#12714,#12731,.T.);
#9954=CARTESIAN_POINT('',(21.0,0.0,-2.95));
#9955=DIRECTION('',(0.0,-1.0,0.0));
#9956=DIRECTION('',(1.0,0.0,0.0));
#9957=CARTESIAN_POINT('',(21.0,0.0,-2.95));
#9958=DIRECTION('',(0.0,-1.0,0.0));
#9959=DIRECTION('',(-1.0,0.0,0.0));
#9960=CARTESIAN_POINT('',(21.0,0.0,2.55));
#9961=DIRECTION('',(0.0,-1.0,0.0));
#9962=DIRECTION('',(1.0,0.0,0.0));
#9963=CARTESIAN_POINT('',(21.0,0.0,2.55));
#9964=DIRECTION('',(0.0,-1.0,0.0));
#9965=DIRECTION('',(-1.0,0.0,0.0));
#9966=CARTESIAN_POINT('',(16.8,0.0,-2.95));
#9967=DIRECTION('',(0.0,-1.0,0.0));
#9968=DIRECTION('',(1.0,0.0,0.0));
#9969=CARTESIAN_POINT('',(16.8,0.0,-2.95));
#9970=DIRECTION('',(0.0,-1.0,0.0));
#9971=DIRECTION('',(-1.0,0.0,0.0));
#9972=CARTESIAN_POINT('',(16.8,0.0,2.55));
#9973=DIRECTION('',(0.0,-1.0,0.0));
#9974=DIRECTION('',(1.0,0.0,0.0));
#9975=CARTESIAN_POINT('',(16.8,0.0,2.55));
#9976=DIRECTION('',(0.0,-1.0,0.0));
#9977=DIRECTION('',(-1.0,0.0,0.0));
#9978=CARTESIAN_POINT('',(12.6,0.0,-2.95));
#9979=DIRECTION('',(0.0,-1.0,0.0));
#9980=DIRECTION('',(1.0,0.0,0.0));
#9981=CARTESIAN_POINT('',(12.6,0.0,-2.95));
#9982=DIRECTION('',(0.0,-1.0,0.0));
#9983=DIRECTION('',(-1.0,0.0,0.0));
#9984=CARTESIAN_POINT('',(12.6,0.0,2.55));
#9985=DIRECTION('',(0.0,-1.0,0.0));
#9986=DIRECTION('',(1.0,0.0,0.0));
#9987=CARTESIAN_POINT('',(12.6,0.0,2.55));
#9988=DIRECTION('',(0.0,-1.0,0.0));
#9989=DIRECTION('',(-1.0,0.0,0.0));
#9990=CARTESIAN_POINT('',(8.4,0.0,-2.95));
#9991=DIRECTION('',(0.0,-1.0,0.0));
#9992=DIRECTION('',(1.0,0.0,0.0));
#9993=CARTESIAN_POINT('',(8.4,0.0,-2.95));
#9994=DIRECTION('',(0.0,-1.0,0.0));
#9995=DIRECTION('',(-1.0,0.0,0.0));
#9996=CARTESIAN_POINT('',(8.4,0.0,2.55));
#9997=DIRECTION('',(0.0,-1.0,0.0));
#9998=DIRECTION('',(1.0,0.0,0.0));
#9999=CARTESIAN_POINT('',(8.4,0.0,2.55));
#10000=DIRECTION('',(0.0,-1.0,0.0));
#10001=DIRECTION('',(-1.0,0.0,0.0));
#10002=CARTESIAN_POINT('',(4.2,0.0,-2.95));
#10003=DIRECTION('',(0.0,-1.0,0.0));
#10004=DIRECTION('',(1.0,0.0,0.0));
#10005=CARTESIAN_POINT('',(4.2,0.0,-2.95));
#10006=DIRECTION('',(0.0,-1.0,0.0));
#10007=DIRECTION('',(-1.0,0.0,0.0));
#10008=CARTESIAN_POINT('',(4.2,0.0,2.55));
#10009=DIRECTION('',(0.0,-1.0,0.0));
#10010=DIRECTION('',(1.0,0.0,0.0));
#10011=CARTESIAN_POINT('',(4.2,0.0,2.55));
#10012=DIRECTION('',(0.0,-1.0,0.0));
#10013=DIRECTION('',(-1.0,0.0,0.0));
#10014=CARTESIAN_POINT('',(0.0,0.0,-2.95));
#10015=DIRECTION('',(0.0,-1.0,0.0));
#10016=DIRECTION('',(1.0,0.0,0.0));
#10017=CARTESIAN_POINT('',(0.0,0.0,-2.95));
#10018=DIRECTION('',(0.0,-1.0,0.0));
#10019=DIRECTION('',(-1.0,0.0,0.0));
#10020=CARTESIAN_POINT('',(0.0,0.0,2.55));
#10021=DIRECTION('',(0.0,-1.0,0.0));
#10022=DIRECTION('',(1.0,0.0,0.0));
#10023=CARTESIAN_POINT('',(0.0,0.0,2.55));
#10024=DIRECTION('',(0.0,-1.0,0.0));
#10025=DIRECTION('',(-1.0,0.0,0.0));
#10026=CARTESIAN_POINT('',(-4.2,0.0,-2.95));
#10027=DIRECTION('',(0.0,-1.0,0.0));
#10028=DIRECTION('',(1.0,0.0,0.0));
#10029=CARTESIAN_POINT('',(-4.2,0.0,-2.95));
#10030=DIRECTION('',(0.0,-1.0,0.0));
#10031=DIRECTION('',(-1.0,0.0,0.0));
#10032=CARTESIAN_POINT('',(-4.2,0.0,2.55));
#10033=DIRECTION('',(0.0,-1.0,0.0));
#10034=DIRECTION('',(1.0,0.0,0.0));
#10035=CARTESIAN_POINT('',(-4.2,0.0,2.55));
#10036=DIRECTION('',(0.0,-1.0,0.0));
#10037=DIRECTION('',(-1.0,0.0,0.0));
#10038=CARTESIAN_POINT('',(-8.4,0.0,-2.95));
#10039=DIRECTION('',(0.0,-1.0,0.0));
#10040=DIRECTION('',(1.0,0.0,0.0));
#10041=CARTESIAN_POINT('',(-8.4,0.0,-2.95));
#10042=DIRECTION('',(0.0,-1.0,0.0));
#10043=DIRECTION('',(-1.0,0.0,0.0));
#10044=CARTESIAN_POINT('',(-8.4,0.0,2.55));
#10045=DIRECTION('',(0.0,-1.0,0.0));
#10046=DIRECTION('',(1.0,0.0,0.0));
#10047=CARTESIAN_POINT('',(-8.4,0.0,2.55));
#10048=DIRECTION('',(0.0,-1.0,0.0));
#10049=DIRECTION('',(-1.0,0.0,0.0));
#10050=CARTESIAN_POINT('',(-12.6,0.0,-2.95));
#10051=DIRECTION('',(0.0,-1.0,0.0));
#10052=DIRECTION('',(1.0,0.0,0.0));
#10053=CARTESIAN_POINT('',(-12.6,0.0,-2.95));
#10054=DIRECTION('',(0.0,-1.0,0.0));
#10055=DIRECTION('',(-1.0,0.0,0.0));
#10056=CARTESIAN_POINT('',(-12.6,0.0,2.55));
#10057=DIRECTION('',(0.0,-1.0,0.0));
#10058=DIRECTION('',(1.0,0.0,0.0));
#10059=CARTESIAN_POINT('',(-12.6,0.0,2.55));
#10060=DIRECTION('',(0.0,-1.0,0.0));
#10061=DIRECTION('',(-1.0,0.0,0.0));
#10062=CARTESIAN_POINT('',(-16.8,0.0,-2.95));
#10063=DIRECTION('',(0.0,-1.0,0.0));
#10064=DIRECTION('',(1.0,0.0,0.0));
#10065=CARTESIAN_POINT('',(-16.8,0.0,-2.95));
#10066=DIRECTION('',(0.0,-1.0,0.0));
#10067=DIRECTION('',(-1.0,0.0,0.0));
#10068=CARTESIAN_POINT('',(-16.8,0.0,2.55));
#10069=DIRECTION('',(0.0,-1.0,0.0));
#10070=DIRECTION('',(1.0,0.0,0.0));
#10071=CARTESIAN_POINT('',(-16.8,0.0,2.55));
#10072=DIRECTION('',(0.0,-1.0,0.0));
#10073=DIRECTION('',(-1.0,0.0,0.0));
#10074=CARTESIAN_POINT('',(-21.0,0.0,-2.95));
#10075=DIRECTION('',(0.0,-1.0,0.0));
#10076=DIRECTION('',(1.0,0.0,0.0));
#10077=CARTESIAN_POINT('',(-21.0,0.0,-2.95));
#10078=DIRECTION('',(0.0,-1.0,0.0));
#10079=DIRECTION('',(-1.0,0.0,0.0));
#10080=CARTESIAN_POINT('',(-21.0,0.0,2.55));
#10081=DIRECTION('',(0.0,-1.0,0.0));
#10082=DIRECTION('',(1.0,0.0,0.0));
#10083=CARTESIAN_POINT('',(-21.0,0.0,2.55));
#10084=DIRECTION('',(0.0,-1.0,0.0));
#10085=DIRECTION('',(-1.0,0.0,0.0));
#10086=VERTEX_POINT('',#12732);
#10087=VERTEX_POINT('',#12733);
#10088=LINE('',#12734,#12735);
#10089=VERTEX_POINT('',#12736);
#10090=CIRCLE('',#12737,0.4);
#10091=VERTEX_POINT('',#12738);
#10092=LINE('',#12739,#12740);
#10093=CIRCLE('',#12741,0.4);
#10094=VERTEX_POINT('',#12742);
#10095=VERTEX_POINT('',#12743);
#10096=LINE('',#12744,#12745);
#10097=VERTEX_POINT('',#12746);
#10098=LINE('',#12747,#12748);
#10099=VERTEX_POINT('',#12749);
#10100=LINE('',#12750,#12751);
#10101=VERTEX_POINT('',#12752);
#10102=LINE('',#12753,#12754);
#10103=VERTEX_POINT('',#12755);
#10104=LINE('',#12756,#12757);
#10105=LINE('',#12758,#12759);
#10106=VERTEX_POINT('',#12760);
#10107=VERTEX_POINT('',#12761);
#10108=LINE('',#12762,#12763);
#10109=VERTEX_POINT('',#12764);
#10110=LINE('',#12765,#12766);
#10111=VERTEX_POINT('',#12767);
#10112=LINE('',#12768,#12769);
#10113=VERTEX_POINT('',#12770);
#10114=LINE('',#12771,#12772);
#10115=VERTEX_POINT('',#12773);
#10116=LINE('',#12774,#12775);
#10117=LINE('',#12776,#12777);
#10118=VERTEX_POINT('',#12778);
#10119=LINE('',#12779,#12780);
#10120=VERTEX_POINT('',#12781);
#10121=LINE('',#12782,#12783);
#10122=LINE('',#12784,#12785);
#10123=VERTEX_POINT('',#12786);
#10124=LINE('',#12787,#12788);
#10125=VERTEX_POINT('',#12789);
#10126=LINE('',#12790,#12791);
#10127=LINE('',#12792,#12793);
#10128=VERTEX_POINT('',#12794);
#10129=VERTEX_POINT('',#12795);
#10130=LINE('',#12796,#12797);
#10131=VERTEX_POINT('',#12798);
#10132=LINE('',#12799,#12800);
#10133=VERTEX_POINT('',#12801);
#10134=LINE('',#12802,#12803);
#10135=VERTEX_POINT('',#12804);
#10136=LINE('',#12805,#12806);
#10137=VERTEX_POINT('',#12807);
#10138=LINE('',#12808,#12809);
#10139=VERTEX_POINT('',#12810);
#10140=LINE('',#12811,#12812);
#10141=CIRCLE('',#12813,0.4);
#10142=VERTEX_POINT('',#12814);
#10143=LINE('',#12815,#12816);
#10144=VERTEX_POINT('',#12817);
#10145=LINE('',#12818,#12819);
#10146=LINE('',#12820,#12821);
#10147=VERTEX_POINT('',#12822);
#10148=VERTEX_POINT('',#12823);
#10149=LINE('',#12824,#12825);
#10150=VERTEX_POINT('',#12826);
#10151=LINE('',#12827,#12828);
#10152=VERTEX_POINT('',#12829);
#10153=LINE('',#12830,#12831);
#10154=LINE('',#12832,#12833);
#10155=VERTEX_POINT('',#12834);
#10156=VERTEX_POINT('',#12835);
#10157=LINE('',#12836,#12837);
#10158=VERTEX_POINT('',#12838);
#10159=LINE('',#12839,#12840);
#10160=VERTEX_POINT('',#12841);
#10161=LINE('',#12842,#12843);
#10162=LINE('',#12844,#12845);
#10163=VERTEX_POINT('',#12846);
#10164=VERTEX_POINT('',#12847);
#10165=LINE('',#12848,#12849);
#10166=VERTEX_POINT('',#12850);
#10167=LINE('',#12851,#12852);
#10168=VERTEX_POINT('',#12853);
#10169=LINE('',#12854,#12855);
#10170=LINE('',#12856,#12857);
#10171=VERTEX_POINT('',#12858);
#10172=VERTEX_POINT('',#12859);
#10173=LINE('',#12860,#12861);
#10174=VERTEX_POINT('',#12862);
#10175=LINE('',#12863,#12864);
#10176=VERTEX_POINT('',#12865);
#10177=LINE('',#12866,#12867);
#10178=LINE('',#12868,#12869);
#10179=VERTEX_POINT('',#12870);
#10180=VERTEX_POINT('',#12871);
#10181=LINE('',#12872,#12873);
#10182=VERTEX_POINT('',#12874);
#10183=LINE('',#12875,#12876);
#10184=VERTEX_POINT('',#12877);
#10185=LINE('',#12878,#12879);
#10186=LINE('',#12880,#12881);
#10187=VERTEX_POINT('',#12882);
#10188=VERTEX_POINT('',#12883);
#10189=LINE('',#12884,#12885);
#10190=VERTEX_POINT('',#12886);
#10191=LINE('',#12887,#12888);
#10192=VERTEX_POINT('',#12889);
#10193=LINE('',#12890,#12891);
#10194=LINE('',#12892,#12893);
#10195=VERTEX_POINT('',#12894);
#10196=VERTEX_POINT('',#12895);
#10197=LINE('',#12896,#12897);
#10198=VERTEX_POINT('',#12898);
#10199=LINE('',#12899,#12900);
#10200=VERTEX_POINT('',#12901);
#10201=LINE('',#12902,#12903);
#10202=LINE('',#12904,#12905);
#10203=VERTEX_POINT('',#12906);
#10204=VERTEX_POINT('',#12907);
#10205=LINE('',#12908,#12909);
#10206=VERTEX_POINT('',#12910);
#10207=LINE('',#12911,#12912);
#10208=VERTEX_POINT('',#12913);
#10209=LINE('',#12914,#12915);
#10210=LINE('',#12916,#12917);
#10211=VERTEX_POINT('',#12918);
#10212=VERTEX_POINT('',#12919);
#10213=LINE('',#12920,#12921);
#10214=VERTEX_POINT('',#12922);
#10215=LINE('',#12923,#12924);
#10216=VERTEX_POINT('',#12925);
#10217=LINE('',#12926,#12927);
#10218=LINE('',#12928,#12929);
#10219=VERTEX_POINT('',#12930);
#10220=VERTEX_POINT('',#12931);
#10221=LINE('',#12932,#12933);
#10222=VERTEX_POINT('',#12934);
#10223=LINE('',#12935,#12936);
#10224=VERTEX_POINT('',#12937);
#10225=LINE('',#12938,#12939);
#10226=LINE('',#12940,#12941);
#10227=VERTEX_POINT('',#12942);
#10228=VERTEX_POINT('',#12943);
#10229=LINE('',#12944,#12945);
#10230=VERTEX_POINT('',#12946);
#10231=LINE('',#12947,#12948);
#10232=VERTEX_POINT('',#12949);
#10233=LINE('',#12950,#12951);
#10234=LINE('',#12952,#12953);
#10235=VERTEX_POINT('',#12954);
#10236=VERTEX_POINT('',#12955);
#10237=LINE('',#12956,#12957);
#10238=VERTEX_POINT('',#12958);
#10239=LINE('',#12959,#12960);
#10240=VERTEX_POINT('',#12961);
#10241=LINE('',#12962,#12963);
#10242=LINE('',#12964,#12965);
#10243=VERTEX_POINT('',#12966);
#10244=VERTEX_POINT('',#12967);
#10245=LINE('',#12968,#12969);
#10246=VERTEX_POINT('',#12970);
#10247=LINE('',#12971,#12972);
#10248=VERTEX_POINT('',#12973);
#10249=LINE('',#12974,#12975);
#10250=LINE('',#12976,#12977);
#10251=VERTEX_POINT('',#12978);
#10252=VERTEX_POINT('',#12979);
#10253=LINE('',#12980,#12981);
#10254=VERTEX_POINT('',#12982);
#10255=LINE('',#12983,#12984);
#10256=VERTEX_POINT('',#12985);
#10257=LINE('',#12986,#12987);
#10258=LINE('',#12988,#12989);
#10259=VERTEX_POINT('',#12990);
#10260=VERTEX_POINT('',#12991);
#10261=LINE('',#12992,#12993);
#10262=VERTEX_POINT('',#12994);
#10263=LINE('',#12995,#12996);
#10264=VERTEX_POINT('',#12997);
#10265=LINE('',#12998,#12999);
#10266=LINE('',#13000,#13001);
#10267=VERTEX_POINT('',#13002);
#10268=VERTEX_POINT('',#13003);
#10269=LINE('',#13004,#13005);
#10270=VERTEX_POINT('',#13006);
#10271=LINE('',#13007,#13008);
#10272=VERTEX_POINT('',#13009);
#10273=LINE('',#13010,#13011);
#10274=LINE('',#13012,#13013);
#10275=VERTEX_POINT('',#13014);
#10276=VERTEX_POINT('',#13015);
#10277=LINE('',#13016,#13017);
#10278=VERTEX_POINT('',#13018);
#10279=LINE('',#13019,#13020);
#10280=VERTEX_POINT('',#13021);
#10281=LINE('',#13022,#13023);
#10282=LINE('',#13024,#13025);
#10283=VERTEX_POINT('',#13026);
#10284=VERTEX_POINT('',#13027);
#10285=LINE('',#13028,#13029);
#10286=VERTEX_POINT('',#13030);
#10287=LINE('',#13031,#13032);
#10288=VERTEX_POINT('',#13033);
#10289=LINE('',#13034,#13035);
#10290=LINE('',#13036,#13037);
#10291=VERTEX_POINT('',#13038);
#10292=VERTEX_POINT('',#13039);
#10293=LINE('',#13040,#13041);
#10294=VERTEX_POINT('',#13042);
#10295=LINE('',#13043,#13044);
#10296=VERTEX_POINT('',#13045);
#10297=LINE('',#13046,#13047);
#10298=LINE('',#13048,#13049);
#10299=VERTEX_POINT('',#13050);
#10300=LINE('',#13051,#13052);
#10301=LINE('',#13053,#13054);
#10302=VERTEX_POINT('',#13055);
#10303=LINE('',#13056,#13057);
#10304=VERTEX_POINT('',#13058);
#10305=LINE('',#13059,#13060);
#10306=VERTEX_POINT('',#13061);
#10307=LINE('',#13062,#13063);
#10308=VERTEX_POINT('',#13064);
#10309=LINE('',#13065,#13066);
#10310=VERTEX_POINT('',#13067);
#10311=LINE('',#13068,#13069);
#10312=LINE('',#13070,#13071);
#10313=VERTEX_POINT('',#13072);
#10314=VERTEX_POINT('',#13073);
#10315=LINE('',#13074,#13075);
#10316=VERTEX_POINT('',#13076);
#10317=LINE('',#13077,#13078);
#10318=VERTEX_POINT('',#13079);
#10319=LINE('',#13080,#13081);
#10320=LINE('',#13082,#13083);
#10321=VERTEX_POINT('',#13084);
#10322=LINE('',#13085,#13086);
#10323=VERTEX_POINT('',#13087);
#10324=LINE('',#13088,#13089);
#10325=LINE('',#13090,#13091);
#10326=VERTEX_POINT('',#13092);
#10327=LINE('',#13093,#13094);
#10328=VERTEX_POINT('',#13095);
#10329=LINE('',#13096,#13097);
#10330=LINE('',#13098,#13099);
#10331=VERTEX_POINT('',#13100);
#10332=LINE('',#13101,#13102);
#10333=LINE('',#13103,#13104);
#10334=VERTEX_POINT('',#13105);
#10335=LINE('',#13106,#13107);
#10336=VERTEX_POINT('',#13108);
#10337=LINE('',#13109,#13110);
#10338=LINE('',#13111,#13112);
#10339=VERTEX_POINT('',#13113);
#10340=LINE('',#13114,#13115);
#10341=VERTEX_POINT('',#13116);
#10342=LINE('',#13117,#13118);
#10343=LINE('',#13119,#13120);
#10344=VERTEX_POINT('',#13121);
#10345=LINE('',#13122,#13123);
#10346=VERTEX_POINT('',#13124);
#10347=LINE('',#13125,#13126);
#10348=LINE('',#13127,#13128);
#10349=VERTEX_POINT('',#13129);
#10350=LINE('',#13130,#13131);
#10351=VERTEX_POINT('',#13132);
#10352=LINE('',#13133,#13134);
#10353=LINE('',#13135,#13136);
#10354=VERTEX_POINT('',#13137);
#10355=LINE('',#13138,#13139);
#10356=VERTEX_POINT('',#13140);
#10357=LINE('',#13141,#13142);
#10358=LINE('',#13143,#13144);
#10359=VERTEX_POINT('',#13145);
#10360=LINE('',#13146,#13147);
#10361=VERTEX_POINT('',#13148);
#10362=LINE('',#13149,#13150);
#10363=LINE('',#13151,#13152);
#10364=VERTEX_POINT('',#13153);
#10365=LINE('',#13154,#13155);
#10366=VERTEX_POINT('',#13156);
#10367=LINE('',#13157,#13158);
#10368=LINE('',#13159,#13160);
#10369=VERTEX_POINT('',#13161);
#10370=LINE('',#13162,#13163);
#10371=VERTEX_POINT('',#13164);
#10372=LINE('',#13165,#13166);
#10373=LINE('',#13167,#13168);
#10374=VERTEX_POINT('',#13169);
#10375=LINE('',#13170,#13171);
#10376=VERTEX_POINT('',#13172);
#10377=LINE('',#13173,#13174);
#10378=LINE('',#13175,#13176);
#10379=VERTEX_POINT('',#13177);
#10380=LINE('',#13178,#13179);
#10381=VERTEX_POINT('',#13180);
#10382=LINE('',#13181,#13182);
#10383=LINE('',#13183,#13184);
#10384=VERTEX_POINT('',#13185);
#10385=LINE('',#13186,#13187);
#10386=LINE('',#13188,#13189);
#10387=VERTEX_POINT('',#13190);
#10388=LINE('',#13191,#13192);
#10389=VERTEX_POINT('',#13193);
#10390=LINE('',#13194,#13195);
#10391=VERTEX_POINT('',#13196);
#10392=LINE('',#13197,#13198);
#10393=LINE('',#13199,#13200);
#10394=VERTEX_POINT('',#13201);
#10395=LINE('',#13202,#13203);
#10396=VERTEX_POINT('',#13204);
#10397=LINE('',#13205,#13206);
#10398=VERTEX_POINT('',#13207);
#10399=LINE('',#13208,#13209);
#10400=VERTEX_POINT('',#13210);
#10401=LINE('',#13211,#13212);
#10402=VERTEX_POINT('',#13213);
#10403=LINE('',#13214,#13215);
#10404=VERTEX_POINT('',#13216);
#10405=LINE('',#13217,#13218);
#10406=LINE('',#13219,#13220);
#10407=VERTEX_POINT('',#13221);
#10408=LINE('',#13222,#13223);
#10409=VERTEX_POINT('',#13224);
#10410=LINE('',#13225,#13226);
#10411=VERTEX_POINT('',#13227);
#10412=LINE('',#13228,#13229);
#10413=VERTEX_POINT('',#13230);
#10414=LINE('',#13231,#13232);
#10415=VERTEX_POINT('',#13233);
#10416=LINE('',#13234,#13235);
#10417=VERTEX_POINT('',#13236);
#10418=LINE('',#13237,#13238);
#10419=LINE('',#13239,#13240);
#10420=VERTEX_POINT('',#13241);
#10421=LINE('',#13242,#13243);
#10422=VERTEX_POINT('',#13244);
#10423=LINE('',#13245,#13246);
#10424=VERTEX_POINT('',#13247);
#10425=LINE('',#13248,#13249);
#10426=VERTEX_POINT('',#13250);
#10427=LINE('',#13251,#13252);
#10428=VERTEX_POINT('',#13253);
#10429=LINE('',#13254,#13255);
#10430=VERTEX_POINT('',#13256);
#10431=LINE('',#13257,#13258);
#10432=LINE('',#13259,#13260);
#10433=VERTEX_POINT('',#13261);
#10434=LINE('',#13262,#13263);
#10435=VERTEX_POINT('',#13264);
#10436=LINE('',#13265,#13266);
#10437=VERTEX_POINT('',#13267);
#10438=LINE('',#13268,#13269);
#10439=VERTEX_POINT('',#13270);
#10440=LINE('',#13271,#13272);
#10441=VERTEX_POINT('',#13273);
#10442=LINE('',#13274,#13275);
#10443=VERTEX_POINT('',#13276);
#10444=LINE('',#13277,#13278);
#10445=LINE('',#13279,#13280);
#10446=VERTEX_POINT('',#13281);
#10447=LINE('',#13282,#13283);
#10448=VERTEX_POINT('',#13284);
#10449=LINE('',#13285,#13286);
#10450=VERTEX_POINT('',#13287);
#10451=LINE('',#13288,#13289);
#10452=VERTEX_POINT('',#13290);
#10453=LINE('',#13291,#13292);
#10454=VERTEX_POINT('',#13293);
#10455=LINE('',#13294,#13295);
#10456=VERTEX_POINT('',#13296);
#10457=LINE('',#13297,#13298);
#10458=LINE('',#13299,#13300);
#10459=VERTEX_POINT('',#13301);
#10460=LINE('',#13302,#13303);
#10461=VERTEX_POINT('',#13304);
#10462=LINE('',#13305,#13306);
#10463=VERTEX_POINT('',#13307);
#10464=LINE('',#13308,#13309);
#10465=VERTEX_POINT('',#13310);
#10466=LINE('',#13311,#13312);
#10467=VERTEX_POINT('',#13313);
#10468=LINE('',#13314,#13315);
#10469=VERTEX_POINT('',#13316);
#10470=LINE('',#13317,#13318);
#10471=LINE('',#13319,#13320);
#10472=VERTEX_POINT('',#13321);
#10473=LINE('',#13322,#13323);
#10474=VERTEX_POINT('',#13324);
#10475=LINE('',#13325,#13326);
#10476=VERTEX_POINT('',#13327);
#10477=LINE('',#13328,#13329);
#10478=VERTEX_POINT('',#13330);
#10479=LINE('',#13331,#13332);
#10480=VERTEX_POINT('',#13333);
#10481=LINE('',#13334,#13335);
#10482=VERTEX_POINT('',#13336);
#10483=LINE('',#13337,#13338);
#10484=LINE('',#13339,#13340);
#10485=VERTEX_POINT('',#13341);
#10486=LINE('',#13342,#13343);
#10487=VERTEX_POINT('',#13344);
#10488=LINE('',#13345,#13346);
#10489=VERTEX_POINT('',#13347);
#10490=LINE('',#13348,#13349);
#10491=VERTEX_POINT('',#13350);
#10492=LINE('',#13351,#13352);
#10493=VERTEX_POINT('',#13353);
#10494=LINE('',#13354,#13355);
#10495=VERTEX_POINT('',#13356);
#10496=LINE('',#13357,#13358);
#10497=LINE('',#13359,#13360);
#10498=VERTEX_POINT('',#13361);
#10499=LINE('',#13362,#13363);
#10500=VERTEX_POINT('',#13364);
#10501=LINE('',#13365,#13366);
#10502=VERTEX_POINT('',#13367);
#10503=LINE('',#13368,#13369);
#10504=VERTEX_POINT('',#13370);
#10505=LINE('',#13371,#13372);
#10506=VERTEX_POINT('',#13373);
#10507=LINE('',#13374,#13375);
#10508=VERTEX_POINT('',#13376);
#10509=LINE('',#13377,#13378);
#10510=LINE('',#13379,#13380);
#10511=VERTEX_POINT('',#13381);
#10512=LINE('',#13382,#13383);
#10513=VERTEX_POINT('',#13384);
#10514=LINE('',#13385,#13386);
#10515=VERTEX_POINT('',#13387);
#10516=LINE('',#13388,#13389);
#10517=VERTEX_POINT('',#13390);
#10518=LINE('',#13391,#13392);
#10519=VERTEX_POINT('',#13393);
#10520=LINE('',#13394,#13395);
#10521=VERTEX_POINT('',#13396);
#10522=LINE('',#13397,#13398);
#10523=LINE('',#13399,#13400);
#10524=VERTEX_POINT('',#13401);
#10525=LINE('',#13402,#13403);
#10526=VERTEX_POINT('',#13404);
#10527=LINE('',#13405,#13406);
#10528=LINE('',#13407,#13408);
#10529=VERTEX_POINT('',#13409);
#10530=VERTEX_POINT('',#13410);
#10531=LINE('',#13411,#13412);
#10532=VERTEX_POINT('',#13413);
#10533=LINE('',#13414,#13415);
#10534=VERTEX_POINT('',#13416);
#10535=LINE('',#13417,#13418);
#10536=VERTEX_POINT('',#13419);
#10537=LINE('',#13420,#13421);
#10538=VERTEX_POINT('',#13422);
#10539=LINE('',#13423,#13424);
#10540=VERTEX_POINT('',#13425);
#10541=LINE('',#13426,#13427);
#10542=VERTEX_POINT('',#13428);
#10543=LINE('',#13429,#13430);
#10544=LINE('',#13431,#13432);
#10545=VERTEX_POINT('',#13433);
#10546=VERTEX_POINT('',#13434);
#10547=LINE('',#13435,#13436);
#10548=VERTEX_POINT('',#13437);
#10549=LINE('',#13438,#13439);
#10550=VERTEX_POINT('',#13440);
#10551=LINE('',#13441,#13442);
#10552=LINE('',#13443,#13444);
#10553=VERTEX_POINT('',#13445);
#10554=LINE('',#13446,#13447);
#10555=LINE('',#13448,#13449);
#10556=VERTEX_POINT('',#13450);
#10557=LINE('',#13451,#13452);
#10558=LINE('',#13453,#13454);
#10559=VERTEX_POINT('',#13455);
#10560=VERTEX_POINT('',#13456);
#10561=LINE('',#13457,#13458);
#10562=VERTEX_POINT('',#13459);
#10563=LINE('',#13460,#13461);
#10564=VERTEX_POINT('',#13462);
#10565=LINE('',#13463,#13464);
#10566=LINE('',#13465,#13466);
#10567=VERTEX_POINT('',#13467);
#10568=VERTEX_POINT('',#13468);
#10569=LINE('',#13469,#13470);
#10570=LINE('',#13471,#13472);
#10571=VERTEX_POINT('',#13473);
#10572=LINE('',#13474,#13475);
#10573=VERTEX_POINT('',#13476);
#10574=LINE('',#13477,#13478);
#10575=VERTEX_POINT('',#13479);
#10576=LINE('',#13480,#13481);
#10577=VERTEX_POINT('',#13482);
#10578=LINE('',#13483,#13484);
#10579=VERTEX_POINT('',#13485);
#10580=LINE('',#13486,#13487);
#10581=VERTEX_POINT('',#13488);
#10582=LINE('',#13489,#13490);
#10583=VERTEX_POINT('',#13491);
#10584=LINE('',#13492,#13493);
#10585=LINE('',#13494,#13495);
#10586=VERTEX_POINT('',#13496);
#10587=LINE('',#13497,#13498);
#10588=VERTEX_POINT('',#13499);
#10589=LINE('',#13500,#13501);
#10590=VERTEX_POINT('',#13502);
#10591=LINE('',#13503,#13504);
#10592=VERTEX_POINT('',#13505);
#10593=LINE('',#13506,#13507);
#10594=VERTEX_POINT('',#13508);
#10595=LINE('',#13509,#13510);
#10596=VERTEX_POINT('',#13511);
#10597=LINE('',#13512,#13513);
#10598=VERTEX_POINT('',#13514);
#10599=LINE('',#13515,#13516);
#10600=VERTEX_POINT('',#13517);
#10601=LINE('',#13518,#13519);
#10602=VERTEX_POINT('',#13520);
#10603=LINE('',#13521,#13522);
#10604=VERTEX_POINT('',#13523);
#10605=LINE('',#13524,#13525);
#10606=VERTEX_POINT('',#13526);
#10607=LINE('',#13527,#13528);
#10608=VERTEX_POINT('',#13529);
#10609=LINE('',#13530,#13531);
#10610=VERTEX_POINT('',#13532);
#10611=LINE('',#13533,#13534);
#10612=VERTEX_POINT('',#13535);
#10613=LINE('',#13536,#13537);
#10614=VERTEX_POINT('',#13538);
#10615=LINE('',#13539,#13540);
#10616=VERTEX_POINT('',#13541);
#10617=LINE('',#13542,#13543);
#10618=VERTEX_POINT('',#13544);
#10619=LINE('',#13545,#13546);
#10620=VERTEX_POINT('',#13547);
#10621=LINE('',#13548,#13549);
#10622=VERTEX_POINT('',#13550);
#10623=LINE('',#13551,#13552);
#10624=VERTEX_POINT('',#13553);
#10625=LINE('',#13554,#13555);
#10626=VERTEX_POINT('',#13556);
#10627=LINE('',#13557,#13558);
#10628=VERTEX_POINT('',#13559);
#10629=LINE('',#13560,#13561);
#10630=VERTEX_POINT('',#13562);
#10631=LINE('',#13563,#13564);
#10632=VERTEX_POINT('',#13565);
#10633=LINE('',#13566,#13567);
#10634=VERTEX_POINT('',#13568);
#10635=LINE('',#13569,#13570);
#10636=VERTEX_POINT('',#13571);
#10637=LINE('',#13572,#13573);
#10638=VERTEX_POINT('',#13574);
#10639=LINE('',#13575,#13576);
#10640=VERTEX_POINT('',#13577);
#10641=LINE('',#13578,#13579);
#10642=VERTEX_POINT('',#13580);
#10643=LINE('',#13581,#13582);
#10644=VERTEX_POINT('',#13583);
#10645=LINE('',#13584,#13585);
#10646=VERTEX_POINT('',#13586);
#10647=LINE('',#13587,#13588);
#10648=VERTEX_POINT('',#13589);
#10649=LINE('',#13590,#13591);
#10650=VERTEX_POINT('',#13592);
#10651=LINE('',#13593,#13594);
#10652=VERTEX_POINT('',#13595);
#10653=LINE('',#13596,#13597);
#10654=VERTEX_POINT('',#13598);
#10655=LINE('',#13599,#13600);
#10656=VERTEX_POINT('',#13601);
#10657=LINE('',#13602,#13603);
#10658=VERTEX_POINT('',#13604);
#10659=LINE('',#13605,#13606);
#10660=VERTEX_POINT('',#13607);
#10661=LINE('',#13608,#13609);
#10662=VERTEX_POINT('',#13610);
#10663=LINE('',#13611,#13612);
#10664=LINE('',#13613,#13614);
#10665=VERTEX_POINT('',#13615);
#10666=LINE('',#13616,#13617);
#10667=VERTEX_POINT('',#13618);
#10668=LINE('',#13619,#13620);
#10669=VERTEX_POINT('',#13621);
#10670=LINE('',#13622,#13623);
#10671=VERTEX_POINT('',#13624);
#10672=LINE('',#13625,#13626);
#10673=VERTEX_POINT('',#13627);
#10674=LINE('',#13628,#13629);
#10675=VERTEX_POINT('',#13630);
#10676=LINE('',#13631,#13632);
#10677=LINE('',#13633,#13634);
#10678=VERTEX_POINT('',#13635);
#10679=VERTEX_POINT('',#13636);
#10680=LINE('',#13637,#13638);
#10681=VERTEX_POINT('',#13639);
#10682=LINE('',#13640,#13641);
#10683=VERTEX_POINT('',#13642);
#10684=LINE('',#13643,#13644);
#10685=LINE('',#13645,#13646);
#10686=VERTEX_POINT('',#13647);
#10687=LINE('',#13648,#13649);
#10688=LINE('',#13650,#13651);
#10689=VERTEX_POINT('',#13652);
#10690=LINE('',#13653,#13654);
#10691=LINE('',#13655,#13656);
#10692=VERTEX_POINT('',#13657);
#10693=VERTEX_POINT('',#13658);
#10694=LINE('',#13659,#13660);
#10695=VERTEX_POINT('',#13661);
#10696=LINE('',#13662,#13663);
#10697=VERTEX_POINT('',#13664);
#10698=LINE('',#13665,#13666);
#10699=LINE('',#13667,#13668);
#10700=VERTEX_POINT('',#13669);
#10701=LINE('',#13670,#13671);
#10702=LINE('',#13672,#13673);
#10703=VERTEX_POINT('',#13674);
#10704=LINE('',#13675,#13676);
#10705=VERTEX_POINT('',#13677);
#10706=LINE('',#13678,#13679);
#10707=LINE('',#13680,#13681);
#10708=VERTEX_POINT('',#13682);
#10709=LINE('',#13683,#13684);
#10710=VERTEX_POINT('',#13685);
#10711=LINE('',#13686,#13687);
#10712=LINE('',#13688,#13689);
#10713=VERTEX_POINT('',#13690);
#10714=LINE('',#13691,#13692);
#10715=VERTEX_POINT('',#13693);
#10716=LINE('',#13694,#13695);
#10717=LINE('',#13696,#13697);
#10718=VERTEX_POINT('',#13698);
#10719=LINE('',#13699,#13700);
#10720=VERTEX_POINT('',#13701);
#10721=LINE('',#13702,#13703);
#10722=LINE('',#13704,#13705);
#10723=VERTEX_POINT('',#13706);
#10724=LINE('',#13707,#13708);
#10725=VERTEX_POINT('',#13709);
#10726=LINE('',#13710,#13711);
#10727=LINE('',#13712,#13713);
#10728=VERTEX_POINT('',#13714);
#10729=LINE('',#13715,#13716);
#10730=VERTEX_POINT('',#13717);
#10731=LINE('',#13718,#13719);
#10732=LINE('',#13720,#13721);
#10733=VERTEX_POINT('',#13722);
#10734=LINE('',#13723,#13724);
#10735=VERTEX_POINT('',#13725);
#10736=LINE('',#13726,#13727);
#10737=LINE('',#13728,#13729);
#10738=VERTEX_POINT('',#13730);
#10739=LINE('',#13731,#13732);
#10740=VERTEX_POINT('',#13733);
#10741=LINE('',#13734,#13735);
#10742=LINE('',#13736,#13737);
#10743=VERTEX_POINT('',#13738);
#10744=LINE('',#13739,#13740);
#10745=VERTEX_POINT('',#13741);
#10746=LINE('',#13742,#13743);
#10747=LINE('',#13744,#13745);
#10748=VERTEX_POINT('',#13746);
#10749=LINE('',#13747,#13748);
#10750=VERTEX_POINT('',#13749);
#10751=LINE('',#13750,#13751);
#10752=LINE('',#13752,#13753);
#10753=VERTEX_POINT('',#13754);
#10754=LINE('',#13755,#13756);
#10755=VERTEX_POINT('',#13757);
#10756=LINE('',#13758,#13759);
#10757=LINE('',#13760,#13761);
#10758=VERTEX_POINT('',#13762);
#10759=LINE('',#13763,#13764);
#10760=VERTEX_POINT('',#13765);
#10761=LINE('',#13766,#13767);
#10762=LINE('',#13768,#13769);
#10763=VERTEX_POINT('',#13770);
#10764=LINE('',#13771,#13772);
#10765=VERTEX_POINT('',#13773);
#10766=LINE('',#13774,#13775);
#10767=LINE('',#13776,#13777);
#10768=VERTEX_POINT('',#13778);
#10769=LINE('',#13779,#13780);
#10770=VERTEX_POINT('',#13781);
#10771=LINE('',#13782,#13783);
#10772=LINE('',#13784,#13785);
#10773=VERTEX_POINT('',#13786);
#10774=LINE('',#13787,#13788);
#10775=VERTEX_POINT('',#13789);
#10776=LINE('',#13790,#13791);
#10777=LINE('',#13792,#13793);
#10778=VERTEX_POINT('',#13794);
#10779=LINE('',#13795,#13796);
#10780=VERTEX_POINT('',#13797);
#10781=LINE('',#13798,#13799);
#10782=LINE('',#13800,#13801);
#10783=VERTEX_POINT('',#13802);
#10784=LINE('',#13803,#13804);
#10785=VERTEX_POINT('',#13805);
#10786=LINE('',#13806,#13807);
#10787=LINE('',#13808,#13809);
#10788=VERTEX_POINT('',#13810);
#10789=LINE('',#13811,#13812);
#10790=VERTEX_POINT('',#13813);
#10791=LINE('',#13814,#13815);
#10792=LINE('',#13816,#13817);
#10793=VERTEX_POINT('',#13818);
#10794=LINE('',#13819,#13820);
#10795=VERTEX_POINT('',#13821);
#10796=LINE('',#13822,#13823);
#10797=LINE('',#13824,#13825);
#10798=VERTEX_POINT('',#13826);
#10799=LINE('',#13827,#13828);
#10800=VERTEX_POINT('',#13829);
#10801=LINE('',#13830,#13831);
#10802=LINE('',#13832,#13833);
#10803=VERTEX_POINT('',#13834);
#10804=LINE('',#13835,#13836);
#10805=VERTEX_POINT('',#13837);
#10806=LINE('',#13838,#13839);
#10807=LINE('',#13840,#13841);
#10808=VERTEX_POINT('',#13842);
#10809=LINE('',#13843,#13844);
#10810=VERTEX_POINT('',#13845);
#10811=LINE('',#13846,#13847);
#10812=LINE('',#13848,#13849);
#10813=VERTEX_POINT('',#13850);
#10814=LINE('',#13851,#13852);
#10815=LINE('',#13853,#13854);
#10816=LINE('',#13855,#13856);
#10817=VERTEX_POINT('',#13857);
#10818=LINE('',#13858,#13859);
#10819=VERTEX_POINT('',#13860);
#10820=LINE('',#13861,#13862);
#10821=LINE('',#13863,#13864);
#10822=LINE('',#13865,#13866);
#10823=VERTEX_POINT('',#13867);
#10824=LINE('',#13868,#13869);
#10825=VERTEX_POINT('',#13870);
#10826=LINE('',#13871,#13872);
#10827=LINE('',#13873,#13874);
#10828=VERTEX_POINT('',#13875);
#10829=LINE('',#13876,#13877);
#10830=VERTEX_POINT('',#13878);
#10831=LINE('',#13879,#13880);
#10832=LINE('',#13881,#13882);
#10833=VERTEX_POINT('',#13883);
#10834=LINE('',#13884,#13885);
#10835=VERTEX_POINT('',#13886);
#10836=LINE('',#13887,#13888);
#10837=LINE('',#13889,#13890);
#10838=VERTEX_POINT('',#13891);
#10839=LINE('',#13892,#13893);
#10840=VERTEX_POINT('',#13894);
#10841=LINE('',#13895,#13896);
#10842=LINE('',#13897,#13898);
#10843=VERTEX_POINT('',#13899);
#10844=LINE('',#13900,#13901);
#10845=VERTEX_POINT('',#13902);
#10846=LINE('',#13903,#13904);
#10847=LINE('',#13905,#13906);
#10848=VERTEX_POINT('',#13907);
#10849=LINE('',#13908,#13909);
#10850=VERTEX_POINT('',#13910);
#10851=LINE('',#13911,#13912);
#10852=LINE('',#13913,#13914);
#10853=VERTEX_POINT('',#13915);
#10854=LINE('',#13916,#13917);
#10855=VERTEX_POINT('',#13918);
#10856=LINE('',#13919,#13920);
#10857=LINE('',#13921,#13922);
#10858=VERTEX_POINT('',#13923);
#10859=LINE('',#13924,#13925);
#10860=VERTEX_POINT('',#13926);
#10861=LINE('',#13927,#13928);
#10862=LINE('',#13929,#13930);
#10863=VERTEX_POINT('',#13931);
#10864=LINE('',#13932,#13933);
#10865=VERTEX_POINT('',#13934);
#10866=LINE('',#13935,#13936);
#10867=LINE('',#13937,#13938);
#10868=LINE('',#13939,#13940);
#10869=LINE('',#13941,#13942);
#10870=LINE('',#13943,#13944);
#10871=LINE('',#13945,#13946);
#10872=LINE('',#13947,#13948);
#10873=LINE('',#13949,#13950);
#10874=LINE('',#13951,#13952);
#10875=LINE('',#13953,#13954);
#10876=LINE('',#13955,#13956);
#10877=LINE('',#13957,#13958);
#10878=LINE('',#13959,#13960);
#10879=VERTEX_POINT('',#13961);
#10880=LINE('',#13962,#13963);
#10881=VERTEX_POINT('',#13964);
#10882=LINE('',#13965,#13966);
#10883=LINE('',#13967,#13968);
#10884=VERTEX_POINT('',#13969);
#10885=LINE('',#13970,#13971);
#10886=VERTEX_POINT('',#13972);
#10887=LINE('',#13973,#13974);
#10888=LINE('',#13975,#13976);
#10889=VERTEX_POINT('',#13977);
#10890=LINE('',#13978,#13979);
#10891=VERTEX_POINT('',#13980);
#10892=LINE('',#13981,#13982);
#10893=LINE('',#13983,#13984);
#10894=VERTEX_POINT('',#13985);
#10895=LINE('',#13986,#13987);
#10896=VERTEX_POINT('',#13988);
#10897=LINE('',#13989,#13990);
#10898=LINE('',#13991,#13992);
#10899=VERTEX_POINT('',#13993);
#10900=LINE('',#13994,#13995);
#10901=VERTEX_POINT('',#13996);
#10902=LINE('',#13997,#13998);
#10903=LINE('',#13999,#14000);
#10904=VERTEX_POINT('',#14001);
#10905=LINE('',#14002,#14003);
#10906=VERTEX_POINT('',#14004);
#10907=LINE('',#14005,#14006);
#10908=LINE('',#14007,#14008);
#10909=VERTEX_POINT('',#14009);
#10910=LINE('',#14010,#14011);
#10911=VERTEX_POINT('',#14012);
#10912=LINE('',#14013,#14014);
#10913=LINE('',#14015,#14016);
#10914=VERTEX_POINT('',#14017);
#10915=LINE('',#14018,#14019);
#10916=VERTEX_POINT('',#14020);
#10917=LINE('',#14021,#14022);
#10918=LINE('',#14023,#14024);
#10919=VERTEX_POINT('',#14025);
#10920=LINE('',#14026,#14027);
#10921=VERTEX_POINT('',#14028);
#10922=LINE('',#14029,#14030);
#10923=LINE('',#14031,#14032);
#10924=VERTEX_POINT('',#14033);
#10925=LINE('',#14034,#14035);
#10926=VERTEX_POINT('',#14036);
#10927=LINE('',#14037,#14038);
#10928=LINE('',#14039,#14040);
#10929=VERTEX_POINT('',#14041);
#10930=LINE('',#14042,#14043);
#10931=VERTEX_POINT('',#14044);
#10932=LINE('',#14045,#14046);
#10933=LINE('',#14047,#14048);
#10934=VERTEX_POINT('',#14049);
#10935=LINE('',#14050,#14051);
#10936=VERTEX_POINT('',#14052);
#10937=LINE('',#14053,#14054);
#10938=LINE('',#14055,#14056);
#10939=VERTEX_POINT('',#14057);
#10940=LINE('',#14058,#14059);
#10941=VERTEX_POINT('',#14060);
#10942=LINE('',#14061,#14062);
#10943=LINE('',#14063,#14064);
#10944=VERTEX_POINT('',#14065);
#10945=LINE('',#14066,#14067);
#10946=VERTEX_POINT('',#14068);
#10947=LINE('',#14069,#14070);
#10948=LINE('',#14071,#14072);
#10949=VERTEX_POINT('',#14073);
#10950=LINE('',#14074,#14075);
#10951=VERTEX_POINT('',#14076);
#10952=LINE('',#14077,#14078);
#10953=LINE('',#14079,#14080);
#10954=VERTEX_POINT('',#14081);
#10955=LINE('',#14082,#14083);
#10956=VERTEX_POINT('',#14084);
#10957=LINE('',#14085,#14086);
#10958=LINE('',#14087,#14088);
#10959=VERTEX_POINT('',#14089);
#10960=LINE('',#14090,#14091);
#10961=VERTEX_POINT('',#14092);
#10962=LINE('',#14093,#14094);
#10963=LINE('',#14095,#14096);
#10964=LINE('',#14097,#14098);
#10965=VERTEX_POINT('',#14099);
#10966=LINE('',#14100,#14101);
#10967=VERTEX_POINT('',#14102);
#10968=LINE('',#14103,#14104);
#10969=LINE('',#14105,#14106);
#10970=LINE('',#14107,#14108);
#10971=VERTEX_POINT('',#14109);
#10972=LINE('',#14110,#14111);
#10973=LINE('',#14112,#14113);
#10974=VERTEX_POINT('',#14114);
#10975=LINE('',#14115,#14116);
#10976=LINE('',#14117,#14118);
#10977=CIRCLE('',#14119,0.4);
#10978=LINE('',#14120,#14121);
#10979=LINE('',#14122,#14123);
#10980=LINE('',#14124,#14125);
#10981=VERTEX_POINT('',#14126);
#10982=VERTEX_POINT('',#14127);
#10983=LINE('',#14128,#14129);
#10984=VERTEX_POINT('',#14130);
#10985=LINE('',#14131,#14132);
#10986=VERTEX_POINT('',#14133);
#10987=LINE('',#14134,#14135);
#10988=LINE('',#14136,#14137);
#10989=VERTEX_POINT('',#14138);
#10990=VERTEX_POINT('',#14139);
#10991=LINE('',#14140,#14141);
#10992=VERTEX_POINT('',#14142);
#10993=LINE('',#14143,#14144);
#10994=VERTEX_POINT('',#14145);
#10995=LINE('',#14146,#14147);
#10996=VERTEX_POINT('',#14148);
#10997=LINE('',#14149,#14150);
#10998=VERTEX_POINT('',#14151);
#10999=LINE('',#14152,#14153);
#11000=LINE('',#14154,#14155);
#11001=VERTEX_POINT('',#14156);
#11002=VERTEX_POINT('',#14157);
#11003=LINE('',#14158,#14159);
#11004=VERTEX_POINT('',#14160);
#11005=LINE('',#14161,#14162);
#11006=VERTEX_POINT('',#14163);
#11007=LINE('',#14164,#14165);
#11008=LINE('',#14166,#14167);
#11009=VERTEX_POINT('',#14168);
#11010=VERTEX_POINT('',#14169);
#11011=LINE('',#14170,#14171);
#11012=VERTEX_POINT('',#14172);
#11013=LINE('',#14173,#14174);
#11014=VERTEX_POINT('',#14175);
#11015=LINE('',#14176,#14177);
#11016=VERTEX_POINT('',#14178);
#11017=LINE('',#14179,#14180);
#11018=VERTEX_POINT('',#14181);
#11019=LINE('',#14182,#14183);
#11020=LINE('',#14184,#14185);
#11021=VERTEX_POINT('',#14186);
#11022=VERTEX_POINT('',#14187);
#11023=LINE('',#14188,#14189);
#11024=VERTEX_POINT('',#14190);
#11025=LINE('',#14191,#14192);
#11026=VERTEX_POINT('',#14193);
#11027=LINE('',#14194,#14195);
#11028=VERTEX_POINT('',#14196);
#11029=LINE('',#14197,#14198);
#11030=VERTEX_POINT('',#14199);
#11031=LINE('',#14200,#14201);
#11032=LINE('',#14202,#14203);
#11033=VERTEX_POINT('',#14204);
#11034=VERTEX_POINT('',#14205);
#11035=LINE('',#14206,#14207);
#11036=VERTEX_POINT('',#14208);
#11037=LINE('',#14209,#14210);
#11038=VERTEX_POINT('',#14211);
#11039=LINE('',#14212,#14213);
#11040=LINE('',#14214,#14215);
#11041=VERTEX_POINT('',#14216);
#11042=VERTEX_POINT('',#14217);
#11043=LINE('',#14218,#14219);
#11044=VERTEX_POINT('',#14220);
#11045=LINE('',#14221,#14222);
#11046=VERTEX_POINT('',#14223);
#11047=LINE('',#14224,#14225);
#11048=VERTEX_POINT('',#14226);
#11049=LINE('',#14227,#14228);
#11050=VERTEX_POINT('',#14229);
#11051=LINE('',#14230,#14231);
#11052=LINE('',#14232,#14233);
#11053=VERTEX_POINT('',#14234);
#11054=VERTEX_POINT('',#14235);
#11055=LINE('',#14236,#14237);
#11056=VERTEX_POINT('',#14238);
#11057=LINE('',#14239,#14240);
#11058=VERTEX_POINT('',#14241);
#11059=LINE('',#14242,#14243);
#11060=LINE('',#14244,#14245);
#11061=VERTEX_POINT('',#14246);
#11062=VERTEX_POINT('',#14247);
#11063=LINE('',#14248,#14249);
#11064=VERTEX_POINT('',#14250);
#11065=LINE('',#14251,#14252);
#11066=VERTEX_POINT('',#14253);
#11067=LINE('',#14254,#14255);
#11068=LINE('',#14256,#14257);
#11069=VERTEX_POINT('',#14258);
#11070=VERTEX_POINT('',#14259);
#11071=LINE('',#14260,#14261);
#11072=VERTEX_POINT('',#14262);
#11073=LINE('',#14263,#14264);
#11074=VERTEX_POINT('',#14265);
#11075=LINE('',#14266,#14267);
#11076=VERTEX_POINT('',#14268);
#11077=LINE('',#14269,#14270);
#11078=VERTEX_POINT('',#14271);
#11079=LINE('',#14272,#14273);
#11080=LINE('',#14274,#14275);
#11081=VERTEX_POINT('',#14276);
#11082=VERTEX_POINT('',#14277);
#11083=LINE('',#14278,#14279);
#11084=VERTEX_POINT('',#14280);
#11085=LINE('',#14281,#14282);
#11086=VERTEX_POINT('',#14283);
#11087=LINE('',#14284,#14285);
#11088=VERTEX_POINT('',#14286);
#11089=LINE('',#14287,#14288);
#11090=VERTEX_POINT('',#14289);
#11091=LINE('',#14290,#14291);
#11092=LINE('',#14292,#14293);
#11093=VERTEX_POINT('',#14294);
#11094=VERTEX_POINT('',#14295);
#11095=LINE('',#14296,#14297);
#11096=VERTEX_POINT('',#14298);
#11097=LINE('',#14299,#14300);
#11098=VERTEX_POINT('',#14301);
#11099=LINE('',#14302,#14303);
#11100=LINE('',#14304,#14305);
#11101=VERTEX_POINT('',#14306);
#11102=VERTEX_POINT('',#14307);
#11103=LINE('',#14308,#14309);
#11104=VERTEX_POINT('',#14310);
#11105=LINE('',#14311,#14312);
#11106=VERTEX_POINT('',#14313);
#11107=LINE('',#14314,#14315);
#11108=LINE('',#14316,#14317);
#11109=VERTEX_POINT('',#14318);
#11110=VERTEX_POINT('',#14319);
#11111=LINE('',#14320,#14321);
#11112=VERTEX_POINT('',#14322);
#11113=LINE('',#14323,#14324);
#11114=VERTEX_POINT('',#14325);
#11115=LINE('',#14326,#14327);
#11116=VERTEX_POINT('',#14328);
#11117=LINE('',#14329,#14330);
#11118=VERTEX_POINT('',#14331);
#11119=LINE('',#14332,#14333);
#11120=LINE('',#14334,#14335);
#11121=VERTEX_POINT('',#14336);
#11122=VERTEX_POINT('',#14337);
#11123=LINE('',#14338,#14339);
#11124=VERTEX_POINT('',#14340);
#11125=LINE('',#14341,#14342);
#11126=VERTEX_POINT('',#14343);
#11127=LINE('',#14344,#14345);
#11128=LINE('',#14346,#14347);
#11129=VERTEX_POINT('',#14348);
#11130=VERTEX_POINT('',#14349);
#11131=LINE('',#14350,#14351);
#11132=VERTEX_POINT('',#14352);
#11133=LINE('',#14353,#14354);
#11134=VERTEX_POINT('',#14355);
#11135=LINE('',#14356,#14357);
#11136=VERTEX_POINT('',#14358);
#11137=LINE('',#14359,#14360);
#11138=VERTEX_POINT('',#14361);
#11139=LINE('',#14362,#14363);
#11140=LINE('',#14364,#14365);
#11141=VERTEX_POINT('',#14366);
#11142=VERTEX_POINT('',#14367);
#11143=LINE('',#14368,#14369);
#11144=VERTEX_POINT('',#14370);
#11145=LINE('',#14371,#14372);
#11146=VERTEX_POINT('',#14373);
#11147=LINE('',#14374,#14375);
#11148=VERTEX_POINT('',#14376);
#11149=LINE('',#14377,#14378);
#11150=VERTEX_POINT('',#14379);
#11151=LINE('',#14380,#14381);
#11152=LINE('',#14382,#14383);
#11153=VERTEX_POINT('',#14384);
#11154=VERTEX_POINT('',#14385);
#11155=LINE('',#14386,#14387);
#11156=VERTEX_POINT('',#14388);
#11157=LINE('',#14389,#14390);
#11158=VERTEX_POINT('',#14391);
#11159=LINE('',#14392,#14393);
#11160=LINE('',#14394,#14395);
#11161=VERTEX_POINT('',#14396);
#11162=VERTEX_POINT('',#14397);
#11163=LINE('',#14398,#14399);
#11164=VERTEX_POINT('',#14400);
#11165=LINE('',#14401,#14402);
#11166=VERTEX_POINT('',#14403);
#11167=LINE('',#14404,#14405);
#11168=LINE('',#14406,#14407);
#11169=VERTEX_POINT('',#14408);
#11170=VERTEX_POINT('',#14409);
#11171=LINE('',#14410,#14411);
#11172=VERTEX_POINT('',#14412);
#11173=LINE('',#14413,#14414);
#11174=VERTEX_POINT('',#14415);
#11175=LINE('',#14416,#14417);
#11176=VERTEX_POINT('',#14418);
#11177=LINE('',#14419,#14420);
#11178=VERTEX_POINT('',#14421);
#11179=LINE('',#14422,#14423);
#11180=LINE('',#14424,#14425);
#11181=VERTEX_POINT('',#14426);
#11182=VERTEX_POINT('',#14427);
#11183=LINE('',#14428,#14429);
#11184=VERTEX_POINT('',#14430);
#11185=LINE('',#14431,#14432);
#11186=VERTEX_POINT('',#14433);
#11187=LINE('',#14434,#14435);
#11188=VERTEX_POINT('',#14436);
#11189=LINE('',#14437,#14438);
#11190=VERTEX_POINT('',#14439);
#11191=LINE('',#14440,#14441);
#11192=LINE('',#14442,#14443);
#11193=VERTEX_POINT('',#14444);
#11194=VERTEX_POINT('',#14445);
#11195=LINE('',#14446,#14447);
#11196=VERTEX_POINT('',#14448);
#11197=LINE('',#14449,#14450);
#11198=VERTEX_POINT('',#14451);
#11199=LINE('',#14452,#14453);
#11200=LINE('',#14454,#14455);
#11201=VERTEX_POINT('',#14456);
#11202=LINE('',#14457,#14458);
#11203=VERTEX_POINT('',#14459);
#11204=LINE('',#14460,#14461);
#11205=LINE('',#14462,#14463);
#11206=VERTEX_POINT('',#14464);
#11207=LINE('',#14465,#14466);
#11208=LINE('',#14467,#14468);
#11209=VERTEX_POINT('',#14469);
#11210=LINE('',#14470,#14471);
#11211=LINE('',#14472,#14473);
#11212=LINE('',#14474,#14475);
#11213=LINE('',#14476,#14477);
#11214=VERTEX_POINT('',#14478);
#11215=LINE('',#14479,#14480);
#11216=VERTEX_POINT('',#14481);
#11217=LINE('',#14482,#14483);
#11218=LINE('',#14484,#14485);
#11219=VERTEX_POINT('',#14486);
#11220=LINE('',#14487,#14488);
#11221=VERTEX_POINT('',#14489);
#11222=LINE('',#14490,#14491);
#11223=LINE('',#14492,#14493);
#11224=VERTEX_POINT('',#14494);
#11225=LINE('',#14495,#14496);
#11226=VERTEX_POINT('',#14497);
#11227=LINE('',#14498,#14499);
#11228=LINE('',#14500,#14501);
#11229=VERTEX_POINT('',#14502);
#11230=LINE('',#14503,#14504);
#11231=VERTEX_POINT('',#14505);
#11232=LINE('',#14506,#14507);
#11233=LINE('',#14508,#14509);
#11234=VERTEX_POINT('',#14510);
#11235=LINE('',#14511,#14512);
#11236=VERTEX_POINT('',#14513);
#11237=LINE('',#14514,#14515);
#11238=LINE('',#14516,#14517);
#11239=VERTEX_POINT('',#14518);
#11240=LINE('',#14519,#14520);
#11241=VERTEX_POINT('',#14521);
#11242=LINE('',#14522,#14523);
#11243=LINE('',#14524,#14525);
#11244=VERTEX_POINT('',#14526);
#11245=LINE('',#14527,#14528);
#11246=VERTEX_POINT('',#14529);
#11247=LINE('',#14530,#14531);
#11248=LINE('',#14532,#14533);
#11249=VERTEX_POINT('',#14534);
#11250=LINE('',#14535,#14536);
#11251=VERTEX_POINT('',#14537);
#11252=LINE('',#14538,#14539);
#11253=LINE('',#14540,#14541);
#11254=VERTEX_POINT('',#14542);
#11255=LINE('',#14543,#14544);
#11256=VERTEX_POINT('',#14545);
#11257=LINE('',#14546,#14547);
#11258=LINE('',#14548,#14549);
#11259=LINE('',#14550,#14551);
#11260=LINE('',#14552,#14553);
#11261=LINE('',#14554,#14555);
#11262=LINE('',#14556,#14557);
#11263=LINE('',#14558,#14559);
#11264=LINE('',#14560,#14561);
#11265=LINE('',#14562,#14563);
#11266=LINE('',#14564,#14565);
#11267=VERTEX_POINT('',#14566);
#11268=VERTEX_POINT('',#14567);
#11269=LINE('',#14568,#14569);
#11270=VERTEX_POINT('',#14570);
#11271=LINE('',#14571,#14572);
#11272=VERTEX_POINT('',#14573);
#11273=LINE('',#14574,#14575);
#11274=LINE('',#14576,#14577);
#11275=LINE('',#14578,#14579);
#11276=LINE('',#14580,#14581);
#11277=LINE('',#14582,#14583);
#11278=VERTEX_POINT('',#14584);
#11279=VERTEX_POINT('',#14585);
#11280=LINE('',#14586,#14587);
#11281=VERTEX_POINT('',#14588);
#11282=LINE('',#14589,#14590);
#11283=VERTEX_POINT('',#14591);
#11284=LINE('',#14592,#14593);
#11285=LINE('',#14594,#14595);
#11286=VERTEX_POINT('',#14596);
#11287=VERTEX_POINT('',#14597);
#11288=LINE('',#14598,#14599);
#11289=VERTEX_POINT('',#14600);
#11290=LINE('',#14601,#14602);
#11291=VERTEX_POINT('',#14603);
#11292=LINE('',#14604,#14605);
#11293=VERTEX_POINT('',#14606);
#11294=LINE('',#14607,#14608);
#11295=LINE('',#14609,#14610);
#11296=VERTEX_POINT('',#14611);
#11297=VERTEX_POINT('',#14612);
#11298=LINE('',#14613,#14614);
#11299=VERTEX_POINT('',#14615);
#11300=LINE('',#14616,#14617);
#11301=VERTEX_POINT('',#14618);
#11302=LINE('',#14619,#14620);
#11303=VERTEX_POINT('',#14621);
#11304=LINE('',#14622,#14623);
#11305=LINE('',#14624,#14625);
#11306=VERTEX_POINT('',#14626);
#11307=LINE('',#14627,#14628);
#11308=VERTEX_POINT('',#14629);
#11309=LINE('',#14630,#14631);
#11310=VERTEX_POINT('',#14632);
#11311=LINE('',#14633,#14634);
#11312=LINE('',#14635,#14636);
#11313=VERTEX_POINT('',#14637);
#11314=LINE('',#14638,#14639);
#11315=VERTEX_POINT('',#14640);
#11316=LINE('',#14641,#14642);
#11317=VERTEX_POINT('',#14643);
#11318=LINE('',#14644,#14645);
#11319=LINE('',#14646,#14647);
#11320=VERTEX_POINT('',#14648);
#11321=VERTEX_POINT('',#14649);
#11322=LINE('',#14650,#14651);
#11323=VERTEX_POINT('',#14652);
#11324=LINE('',#14653,#14654);
#11325=VERTEX_POINT('',#14655);
#11326=LINE('',#14656,#14657);
#11327=VERTEX_POINT('',#14658);
#11328=LINE('',#14659,#14660);
#11329=VERTEX_POINT('',#14661);
#11330=LINE('',#14662,#14663);
#11331=LINE('',#14664,#14665);
#11332=VERTEX_POINT('',#14666);
#11333=LINE('',#14667,#14668);
#11334=VERTEX_POINT('',#14669);
#11335=LINE('',#14670,#14671);
#11336=LINE('',#14672,#14673);
#11337=VERTEX_POINT('',#14674);
#11338=VERTEX_POINT('',#14675);
#11339=LINE('',#14676,#14677);
#11340=VERTEX_POINT('',#14678);
#11341=LINE('',#14679,#14680);
#11342=VERTEX_POINT('',#14681);
#11343=LINE('',#14682,#14683);
#11344=LINE('',#14684,#14685);
#11345=VERTEX_POINT('',#14686);
#11346=LINE('',#14687,#14688);
#11347=VERTEX_POINT('',#14689);
#11348=LINE('',#14690,#14691);
#11349=LINE('',#14692,#14693);
#11350=VERTEX_POINT('',#14694);
#11351=VERTEX_POINT('',#14695);
#11352=LINE('',#14696,#14697);
#11353=VERTEX_POINT('',#14698);
#11354=LINE('',#14699,#14700);
#11355=VERTEX_POINT('',#14701);
#11356=LINE('',#14702,#14703);
#11357=LINE('',#14704,#14705);
#11358=VERTEX_POINT('',#14706);
#11359=VERTEX_POINT('',#14707);
#11360=LINE('',#14708,#14709);
#11361=VERTEX_POINT('',#14710);
#11362=LINE('',#14711,#14712);
#11363=VERTEX_POINT('',#14713);
#11364=LINE('',#14714,#14715);
#11365=LINE('',#14716,#14717);
#11366=VERTEX_POINT('',#14718);
#11367=VERTEX_POINT('',#14719);
#11368=LINE('',#14720,#14721);
#11369=VERTEX_POINT('',#14722);
#11370=LINE('',#14723,#14724);
#11371=VERTEX_POINT('',#14725);
#11372=LINE('',#14726,#14727);
#11373=VERTEX_POINT('',#14728);
#11374=LINE('',#14729,#14730);
#11375=VERTEX_POINT('',#14731);
#11376=LINE('',#14732,#14733);
#11377=LINE('',#14734,#14735);
#11378=VERTEX_POINT('',#14736);
#11379=VERTEX_POINT('',#14737);
#11380=LINE('',#14738,#14739);
#11381=VERTEX_POINT('',#14740);
#11382=LINE('',#14741,#14742);
#11383=VERTEX_POINT('',#14743);
#11384=LINE('',#14744,#14745);
#11385=LINE('',#14746,#14747);
#11386=LINE('',#14748,#14749);
#11387=LINE('',#14750,#14751);
#11388=LINE('',#14752,#14753);
#11389=LINE('',#14754,#14755);
#11390=LINE('',#14756,#14757);
#11391=LINE('',#14758,#14759);
#11392=LINE('',#14760,#14761);
#11393=LINE('',#14762,#14763);
#11394=LINE('',#14764,#14765);
#11395=LINE('',#14766,#14767);
#11396=LINE('',#14768,#14769);
#11397=LINE('',#14770,#14771);
#11398=LINE('',#14772,#14773);
#11399=LINE('',#14774,#14775);
#11400=LINE('',#14776,#14777);
#11401=LINE('',#14778,#14779);
#11402=LINE('',#14780,#14781);
#11403=LINE('',#14782,#14783);
#11404=LINE('',#14784,#14785);
#11405=LINE('',#14786,#14787);
#11406=VERTEX_POINT('',#14788);
#11407=LINE('',#14789,#14790);
#11408=LINE('',#14791,#14792);
#11409=VERTEX_POINT('',#14793);
#11410=LINE('',#14794,#14795);
#11411=LINE('',#14796,#14797);
#11412=VERTEX_POINT('',#14798);
#11413=LINE('',#14799,#14800);
#11414=LINE('',#14801,#14802);
#11415=LINE('',#14803,#14804);
#11416=VERTEX_POINT('',#14805);
#11417=LINE('',#14806,#14807);
#11418=VERTEX_POINT('',#14808);
#11419=LINE('',#14809,#14810);
#11420=VERTEX_POINT('',#14811);
#11421=LINE('',#14812,#14813);
#11422=LINE('',#14814,#14815);
#11423=VERTEX_POINT('',#14816);
#11424=LINE('',#14817,#14818);
#11425=VERTEX_POINT('',#14819);
#11426=LINE('',#14820,#14821);
#11427=VERTEX_POINT('',#14822);
#11428=LINE('',#14823,#14824);
#11429=LINE('',#14825,#14826);
#11430=VERTEX_POINT('',#14827);
#11431=LINE('',#14828,#14829);
#11432=VERTEX_POINT('',#14830);
#11433=LINE('',#14831,#14832);
#11434=VERTEX_POINT('',#14833);
#11435=LINE('',#14834,#14835);
#11436=LINE('',#14836,#14837);
#11437=LINE('',#14838,#14839);
#11438=LINE('',#14840,#14841);
#11439=LINE('',#14842,#14843);
#11440=LINE('',#14844,#14845);
#11441=LINE('',#14846,#14847);
#11442=LINE('',#14848,#14849);
#11443=LINE('',#14850,#14851);
#11444=LINE('',#14852,#14853);
#11445=LINE('',#14854,#14855);
#11446=VERTEX_POINT('',#14856);
#11447=LINE('',#14857,#14858);
#11448=VERTEX_POINT('',#14859);
#11449=LINE('',#14860,#14861);
#11450=VERTEX_POINT('',#14862);
#11451=LINE('',#14863,#14864);
#11452=LINE('',#14865,#14866);
#11453=VERTEX_POINT('',#14867);
#11454=LINE('',#14868,#14869);
#11455=VERTEX_POINT('',#14870);
#11456=LINE('',#14871,#14872);
#11457=VERTEX_POINT('',#14873);
#11458=LINE('',#14874,#14875);
#11459=LINE('',#14876,#14877);
#11460=VERTEX_POINT('',#14878);
#11461=VERTEX_POINT('',#14879);
#11462=LINE('',#14880,#14881);
#11463=VERTEX_POINT('',#14882);
#11464=LINE('',#14883,#14884);
#11465=VERTEX_POINT('',#14885);
#11466=LINE('',#14886,#14887);
#11467=VERTEX_POINT('',#14888);
#11468=LINE('',#14889,#14890);
#11469=LINE('',#14891,#14892);
#11470=VERTEX_POINT('',#14893);
#11471=VERTEX_POINT('',#14894);
#11472=LINE('',#14895,#14896);
#11473=VERTEX_POINT('',#14897);
#11474=LINE('',#14898,#14899);
#11475=VERTEX_POINT('',#14900);
#11476=LINE('',#14901,#14902);
#11477=VERTEX_POINT('',#14903);
#11478=LINE('',#14904,#14905);
#11479=LINE('',#14906,#14907);
#11480=VERTEX_POINT('',#14908);
#11481=LINE('',#14909,#14910);
#11482=LINE('',#14911,#14912);
#11483=VERTEX_POINT('',#14913);
#11484=LINE('',#14914,#14915);
#11485=VERTEX_POINT('',#14916);
#11486=LINE('',#14917,#14918);
#11487=LINE('',#14919,#14920);
#11488=VERTEX_POINT('',#14921);
#11489=LINE('',#14922,#14923);
#11490=VERTEX_POINT('',#14924);
#11491=LINE('',#14925,#14926);
#11492=VERTEX_POINT('',#14927);
#11493=LINE('',#14928,#14929);
#11494=LINE('',#14930,#14931);
#11495=VERTEX_POINT('',#14932);
#11496=VERTEX_POINT('',#14933);
#11497=LINE('',#14934,#14935);
#11498=VERTEX_POINT('',#14936);
#11499=LINE('',#14937,#14938);
#11500=VERTEX_POINT('',#14939);
#11501=LINE('',#14940,#14941);
#11502=VERTEX_POINT('',#14942);
#11503=LINE('',#14943,#14944);
#11504=LINE('',#14945,#14946);
#11505=VERTEX_POINT('',#14947);
#11506=VERTEX_POINT('',#14948);
#11507=LINE('',#14949,#14950);
#11508=VERTEX_POINT('',#14951);
#11509=LINE('',#14952,#14953);
#11510=VERTEX_POINT('',#14954);
#11511=LINE('',#14955,#14956);
#11512=VERTEX_POINT('',#14957);
#11513=LINE('',#14958,#14959);
#11514=LINE('',#14960,#14961);
#11515=LINE('',#14962,#14963);
#11516=LINE('',#14964,#14965);
#11517=LINE('',#14966,#14967);
#11518=LINE('',#14968,#14969);
#11519=LINE('',#14970,#14971);
#11520=LINE('',#14972,#14973);
#11521=LINE('',#14974,#14975);
#11522=LINE('',#14976,#14977);
#11523=LINE('',#14978,#14979);
#11524=LINE('',#14980,#14981);
#11525=LINE('',#14982,#14983);
#11526=LINE('',#14984,#14985);
#11527=LINE('',#14986,#14987);
#11528=LINE('',#14988,#14989);
#11529=LINE('',#14990,#14991);
#11530=LINE('',#14992,#14993);
#11531=LINE('',#14994,#14995);
#11532=LINE('',#14996,#14997);
#11533=LINE('',#14998,#14999);
#11534=LINE('',#15000,#15001);
#11535=LINE('',#15002,#15003);
#11536=LINE('',#15004,#15005);
#11537=LINE('',#15006,#15007);
#11538=LINE('',#15008,#15009);
#11539=LINE('',#15010,#15011);
#11540=LINE('',#15012,#15013);
#11541=LINE('',#15014,#15015);
#11542=LINE('',#15016,#15017);
#11543=VERTEX_POINT('',#15018);
#11544=VERTEX_POINT('',#15019);
#11545=LINE('',#15020,#15021);
#11546=VERTEX_POINT('',#15022);
#11547=LINE('',#15023,#15024);
#11548=VERTEX_POINT('',#15025);
#11549=LINE('',#15026,#15027);
#11550=LINE('',#15028,#15029);
#11551=LINE('',#15030,#15031);
#11552=LINE('',#15032,#15033);
#11553=LINE('',#15034,#15035);
#11554=VERTEX_POINT('',#15036);
#11555=VERTEX_POINT('',#15037);
#11556=LINE('',#15038,#15039);
#11557=VERTEX_POINT('',#15040);
#11558=LINE('',#15041,#15042);
#11559=VERTEX_POINT('',#15043);
#11560=LINE('',#15044,#15045);
#11561=LINE('',#15046,#15047);
#11562=VERTEX_POINT('',#15048);
#11563=VERTEX_POINT('',#15049);
#11564=LINE('',#15050,#15051);
#11565=VERTEX_POINT('',#15052);
#11566=LINE('',#15053,#15054);
#11567=VERTEX_POINT('',#15055);
#11568=LINE('',#15056,#15057);
#11569=VERTEX_POINT('',#15058);
#11570=LINE('',#15059,#15060);
#11571=LINE('',#15061,#15062);
#11572=VERTEX_POINT('',#15063);
#11573=VERTEX_POINT('',#15064);
#11574=LINE('',#15065,#15066);
#11575=VERTEX_POINT('',#15067);
#11576=LINE('',#15068,#15069);
#11577=VERTEX_POINT('',#15070);
#11578=LINE('',#15071,#15072);
#11579=VERTEX_POINT('',#15073);
#11580=LINE('',#15074,#15075);
#11581=LINE('',#15076,#15077);
#11582=VERTEX_POINT('',#15078);
#11583=LINE('',#15079,#15080);
#11584=VERTEX_POINT('',#15081);
#11585=LINE('',#15082,#15083);
#11586=VERTEX_POINT('',#15084);
#11587=LINE('',#15085,#15086);
#11588=LINE('',#15087,#15088);
#11589=VERTEX_POINT('',#15089);
#11590=LINE('',#15090,#15091);
#11591=VERTEX_POINT('',#15092);
#11592=LINE('',#15093,#15094);
#11593=VERTEX_POINT('',#15095);
#11594=LINE('',#15096,#15097);
#11595=LINE('',#15098,#15099);
#11596=VERTEX_POINT('',#15100);
#11597=VERTEX_POINT('',#15101);
#11598=LINE('',#15102,#15103);
#11599=VERTEX_POINT('',#15104);
#11600=LINE('',#15105,#15106);
#11601=VERTEX_POINT('',#15107);
#11602=LINE('',#15108,#15109);
#11603=LINE('',#15110,#15111);
#11604=VERTEX_POINT('',#15112);
#11605=LINE('',#15113,#15114);
#11606=VERTEX_POINT('',#15115);
#11607=LINE('',#15116,#15117);
#11608=LINE('',#15118,#15119);
#11609=VERTEX_POINT('',#15120);
#11610=VERTEX_POINT('',#15121);
#11611=LINE('',#15122,#15123);
#11612=VERTEX_POINT('',#15124);
#11613=LINE('',#15125,#15126);
#11614=VERTEX_POINT('',#15127);
#11615=LINE('',#15128,#15129);
#11616=VERTEX_POINT('',#15130);
#11617=LINE('',#15131,#15132);
#11618=VERTEX_POINT('',#15133);
#11619=LINE('',#15134,#15135);
#11620=LINE('',#15136,#15137);
#11621=VERTEX_POINT('',#15138);
#11622=LINE('',#15139,#15140);
#11623=VERTEX_POINT('',#15141);
#11624=LINE('',#15142,#15143);
#11625=LINE('',#15144,#15145);
#11626=VERTEX_POINT('',#15146);
#11627=VERTEX_POINT('',#15147);
#11628=LINE('',#15148,#15149);
#11629=VERTEX_POINT('',#15150);
#11630=LINE('',#15151,#15152);
#11631=VERTEX_POINT('',#15153);
#11632=LINE('',#15154,#15155);
#11633=VERTEX_POINT('',#15156);
#11634=LINE('',#15157,#15158);
#11635=VERTEX_POINT('',#15159);
#11636=LINE('',#15160,#15161);
#11637=LINE('',#15162,#15163);
#11638=VERTEX_POINT('',#15164);
#11639=VERTEX_POINT('',#15165);
#11640=LINE('',#15166,#15167);
#11641=VERTEX_POINT('',#15168);
#11642=LINE('',#15169,#15170);
#11643=VERTEX_POINT('',#15171);
#11644=LINE('',#15172,#15173);
#11645=LINE('',#15174,#15175);
#11646=VERTEX_POINT('',#15176);
#11647=VERTEX_POINT('',#15177);
#11648=LINE('',#15178,#15179);
#11649=VERTEX_POINT('',#15180);
#11650=LINE('',#15181,#15182);
#11651=VERTEX_POINT('',#15183);
#11652=LINE('',#15184,#15185);
#11653=LINE('',#15186,#15187);
#11654=VERTEX_POINT('',#15188);
#11655=VERTEX_POINT('',#15189);
#11656=LINE('',#15190,#15191);
#11657=VERTEX_POINT('',#15192);
#11658=LINE('',#15193,#15194);
#11659=VERTEX_POINT('',#15195);
#11660=LINE('',#15196,#15197);
#11661=LINE('',#15198,#15199);
#11662=LINE('',#15200,#15201);
#11663=LINE('',#15202,#15203);
#11664=LINE('',#15204,#15205);
#11665=LINE('',#15206,#15207);
#11666=LINE('',#15208,#15209);
#11667=LINE('',#15210,#15211);
#11668=LINE('',#15212,#15213);
#11669=LINE('',#15214,#15215);
#11670=LINE('',#15216,#15217);
#11671=LINE('',#15218,#15219);
#11672=LINE('',#15220,#15221);
#11673=LINE('',#15222,#15223);
#11674=LINE('',#15224,#15225);
#11675=LINE('',#15226,#15227);
#11676=LINE('',#15228,#15229);
#11677=LINE('',#15230,#15231);
#11678=LINE('',#15232,#15233);
#11679=LINE('',#15234,#15235);
#11680=LINE('',#15236,#15237);
#11681=LINE('',#15238,#15239);
#11682=VERTEX_POINT('',#15240);
#11683=LINE('',#15241,#15242);
#11684=LINE('',#15243,#15244);
#11685=VERTEX_POINT('',#15245);
#11686=LINE('',#15246,#15247);
#11687=LINE('',#15248,#15249);
#11688=VERTEX_POINT('',#15250);
#11689=LINE('',#15251,#15252);
#11690=LINE('',#15253,#15254);
#11691=LINE('',#15255,#15256);
#11692=VERTEX_POINT('',#15257);
#11693=LINE('',#15258,#15259);
#11694=VERTEX_POINT('',#15260);
#11695=LINE('',#15261,#15262);
#11696=VERTEX_POINT('',#15263);
#11697=LINE('',#15264,#15265);
#11698=LINE('',#15266,#15267);
#11699=VERTEX_POINT('',#15268);
#11700=LINE('',#15269,#15270);
#11701=VERTEX_POINT('',#15271);
#11702=LINE('',#15272,#15273);
#11703=VERTEX_POINT('',#15274);
#11704=LINE('',#15275,#15276);
#11705=LINE('',#15277,#15278);
#11706=VERTEX_POINT('',#15279);
#11707=LINE('',#15280,#15281);
#11708=VERTEX_POINT('',#15282);
#11709=LINE('',#15283,#15284);
#11710=VERTEX_POINT('',#15285);
#11711=LINE('',#15286,#15287);
#11712=LINE('',#15288,#15289);
#11713=LINE('',#15290,#15291);
#11714=LINE('',#15292,#15293);
#11715=LINE('',#15294,#15295);
#11716=LINE('',#15296,#15297);
#11717=LINE('',#15298,#15299);
#11718=LINE('',#15300,#15301);
#11719=LINE('',#15302,#15303);
#11720=LINE('',#15304,#15305);
#11721=LINE('',#15306,#15307);
#11722=VERTEX_POINT('',#15308);
#11723=LINE('',#15309,#15310);
#11724=VERTEX_POINT('',#15311);
#11725=LINE('',#15312,#15313);
#11726=VERTEX_POINT('',#15314);
#11727=LINE('',#15315,#15316);
#11728=LINE('',#15317,#15318);
#11729=VERTEX_POINT('',#15319);
#11730=LINE('',#15320,#15321);
#11731=VERTEX_POINT('',#15322);
#11732=LINE('',#15323,#15324);
#11733=VERTEX_POINT('',#15325);
#11734=LINE('',#15326,#15327);
#11735=LINE('',#15328,#15329);
#11736=VERTEX_POINT('',#15330);
#11737=VERTEX_POINT('',#15331);
#11738=LINE('',#15332,#15333);
#11739=VERTEX_POINT('',#15334);
#11740=LINE('',#15335,#15336);
#11741=VERTEX_POINT('',#15337);
#11742=LINE('',#15338,#15339);
#11743=VERTEX_POINT('',#15340);
#11744=LINE('',#15341,#15342);
#11745=LINE('',#15343,#15344);
#11746=VERTEX_POINT('',#15345);
#11747=VERTEX_POINT('',#15346);
#11748=LINE('',#15347,#15348);
#11749=VERTEX_POINT('',#15349);
#11750=LINE('',#15350,#15351);
#11751=VERTEX_POINT('',#15352);
#11752=LINE('',#15353,#15354);
#11753=VERTEX_POINT('',#15355);
#11754=LINE('',#15356,#15357);
#11755=LINE('',#15358,#15359);
#11756=VERTEX_POINT('',#15360);
#11757=LINE('',#15361,#15362);
#11758=LINE('',#15363,#15364);
#11759=VERTEX_POINT('',#15365);
#11760=LINE('',#15366,#15367);
#11761=VERTEX_POINT('',#15368);
#11762=LINE('',#15369,#15370);
#11763=LINE('',#15371,#15372);
#11764=VERTEX_POINT('',#15373);
#11765=LINE('',#15374,#15375);
#11766=VERTEX_POINT('',#15376);
#11767=LINE('',#15377,#15378);
#11768=VERTEX_POINT('',#15379);
#11769=LINE('',#15380,#15381);
#11770=LINE('',#15382,#15383);
#11771=VERTEX_POINT('',#15384);
#11772=VERTEX_POINT('',#15385);
#11773=LINE('',#15386,#15387);
#11774=VERTEX_POINT('',#15388);
#11775=LINE('',#15389,#15390);
#11776=VERTEX_POINT('',#15391);
#11777=LINE('',#15392,#15393);
#11778=VERTEX_POINT('',#15394);
#11779=LINE('',#15395,#15396);
#11780=LINE('',#15397,#15398);
#11781=VERTEX_POINT('',#15399);
#11782=VERTEX_POINT('',#15400);
#11783=LINE('',#15401,#15402);
#11784=VERTEX_POINT('',#15403);
#11785=LINE('',#15404,#15405);
#11786=VERTEX_POINT('',#15406);
#11787=LINE('',#15407,#15408);
#11788=VERTEX_POINT('',#15409);
#11789=LINE('',#15410,#15411);
#11790=LINE('',#15412,#15413);
#11791=LINE('',#15414,#15415);
#11792=LINE('',#15416,#15417);
#11793=LINE('',#15418,#15419);
#11794=LINE('',#15420,#15421);
#11795=LINE('',#15422,#15423);
#11796=LINE('',#15424,#15425);
#11797=LINE('',#15426,#15427);
#11798=LINE('',#15428,#15429);
#11799=LINE('',#15430,#15431);
#11800=LINE('',#15432,#15433);
#11801=LINE('',#15434,#15435);
#11802=LINE('',#15436,#15437);
#11803=LINE('',#15438,#15439);
#11804=LINE('',#15440,#15441);
#11805=LINE('',#15442,#15443);
#11806=LINE('',#15444,#15445);
#11807=LINE('',#15446,#15447);
#11808=LINE('',#15448,#15449);
#11809=LINE('',#15450,#15451);
#11810=LINE('',#15452,#15453);
#11811=LINE('',#15454,#15455);
#11812=LINE('',#15456,#15457);
#11813=LINE('',#15458,#15459);
#11814=LINE('',#15460,#15461);
#11815=LINE('',#15462,#15463);
#11816=LINE('',#15464,#15465);
#11817=LINE('',#15466,#15467);
#11818=LINE('',#15468,#15469);
#11819=VERTEX_POINT('',#15470);
#11820=VERTEX_POINT('',#15471);
#11821=LINE('',#15472,#15473);
#11822=VERTEX_POINT('',#15474);
#11823=LINE('',#15475,#15476);
#11824=VERTEX_POINT('',#15477);
#11825=LINE('',#15478,#15479);
#11826=LINE('',#15480,#15481);
#11827=LINE('',#15482,#15483);
#11828=LINE('',#15484,#15485);
#11829=LINE('',#15486,#15487);
#11830=VERTEX_POINT('',#15488);
#11831=VERTEX_POINT('',#15489);
#11832=LINE('',#15490,#15491);
#11833=VERTEX_POINT('',#15492);
#11834=LINE('',#15493,#15494);
#11835=VERTEX_POINT('',#15495);
#11836=LINE('',#15496,#15497);
#11837=LINE('',#15498,#15499);
#11838=VERTEX_POINT('',#15500);
#11839=VERTEX_POINT('',#15501);
#11840=LINE('',#15502,#15503);
#11841=VERTEX_POINT('',#15504);
#11842=LINE('',#15505,#15506);
#11843=VERTEX_POINT('',#15507);
#11844=LINE('',#15508,#15509);
#11845=VERTEX_POINT('',#15510);
#11846=LINE('',#15511,#15512);
#11847=LINE('',#15513,#15514);
#11848=VERTEX_POINT('',#15515);
#11849=VERTEX_POINT('',#15516);
#11850=LINE('',#15517,#15518);
#11851=VERTEX_POINT('',#15519);
#11852=LINE('',#15520,#15521);
#11853=VERTEX_POINT('',#15522);
#11854=LINE('',#15523,#15524);
#11855=VERTEX_POINT('',#15525);
#11856=LINE('',#15526,#15527);
#11857=LINE('',#15528,#15529);
#11858=VERTEX_POINT('',#15530);
#11859=LINE('',#15531,#15532);
#11860=VERTEX_POINT('',#15533);
#11861=LINE('',#15534,#15535);
#11862=VERTEX_POINT('',#15536);
#11863=LINE('',#15537,#15538);
#11864=LINE('',#15539,#15540);
#11865=VERTEX_POINT('',#15541);
#11866=LINE('',#15542,#15543);
#11867=VERTEX_POINT('',#15544);
#11868=LINE('',#15545,#15546);
#11869=VERTEX_POINT('',#15547);
#11870=LINE('',#15548,#15549);
#11871=LINE('',#15550,#15551);
#11872=VERTEX_POINT('',#15552);
#11873=VERTEX_POINT('',#15553);
#11874=LINE('',#15554,#15555);
#11875=VERTEX_POINT('',#15556);
#11876=LINE('',#15557,#15558);
#11877=VERTEX_POINT('',#15559);
#11878=LINE('',#15560,#15561);
#11879=VERTEX_POINT('',#15562);
#11880=LINE('',#15563,#15564);
#11881=VERTEX_POINT('',#15565);
#11882=LINE('',#15566,#15567);
#11883=LINE('',#15568,#15569);
#11884=VERTEX_POINT('',#15570);
#11885=LINE('',#15571,#15572);
#11886=VERTEX_POINT('',#15573);
#11887=LINE('',#15574,#15575);
#11888=LINE('',#15576,#15577);
#11889=VERTEX_POINT('',#15578);
#11890=VERTEX_POINT('',#15579);
#11891=LINE('',#15580,#15581);
#11892=VERTEX_POINT('',#15582);
#11893=LINE('',#15583,#15584);
#11894=VERTEX_POINT('',#15585);
#11895=LINE('',#15586,#15587);
#11896=LINE('',#15588,#15589);
#11897=VERTEX_POINT('',#15590);
#11898=LINE('',#15591,#15592);
#11899=VERTEX_POINT('',#15593);
#11900=LINE('',#15594,#15595);
#11901=LINE('',#15596,#15597);
#11902=VERTEX_POINT('',#15598);
#11903=VERTEX_POINT('',#15599);
#11904=LINE('',#15600,#15601);
#11905=VERTEX_POINT('',#15602);
#11906=LINE('',#15603,#15604);
#11907=VERTEX_POINT('',#15605);
#11908=LINE('',#15606,#15607);
#11909=LINE('',#15608,#15609);
#11910=VERTEX_POINT('',#15610);
#11911=VERTEX_POINT('',#15611);
#11912=LINE('',#15612,#15613);
#11913=VERTEX_POINT('',#15614);
#11914=LINE('',#15615,#15616);
#11915=VERTEX_POINT('',#15617);
#11916=LINE('',#15618,#15619);
#11917=LINE('',#15620,#15621);
#11918=VERTEX_POINT('',#15622);
#11919=VERTEX_POINT('',#15623);
#11920=LINE('',#15624,#15625);
#11921=VERTEX_POINT('',#15626);
#11922=LINE('',#15627,#15628);
#11923=VERTEX_POINT('',#15629);
#11924=LINE('',#15630,#15631);
#11925=VERTEX_POINT('',#15632);
#11926=LINE('',#15633,#15634);
#11927=VERTEX_POINT('',#15635);
#11928=LINE('',#15636,#15637);
#11929=LINE('',#15638,#15639);
#11930=VERTEX_POINT('',#15640);
#11931=VERTEX_POINT('',#15641);
#11932=LINE('',#15642,#15643);
#11933=VERTEX_POINT('',#15644);
#11934=LINE('',#15645,#15646);
#11935=VERTEX_POINT('',#15647);
#11936=LINE('',#15648,#15649);
#11937=LINE('',#15650,#15651);
#11938=LINE('',#15652,#15653);
#11939=LINE('',#15654,#15655);
#11940=LINE('',#15656,#15657);
#11941=LINE('',#15658,#15659);
#11942=LINE('',#15660,#15661);
#11943=LINE('',#15662,#15663);
#11944=LINE('',#15664,#15665);
#11945=LINE('',#15666,#15667);
#11946=LINE('',#15668,#15669);
#11947=LINE('',#15670,#15671);
#11948=LINE('',#15672,#15673);
#11949=LINE('',#15674,#15675);
#11950=LINE('',#15676,#15677);
#11951=LINE('',#15678,#15679);
#11952=LINE('',#15680,#15681);
#11953=LINE('',#15682,#15683);
#11954=LINE('',#15684,#15685);
#11955=LINE('',#15686,#15687);
#11956=LINE('',#15688,#15689);
#11957=LINE('',#15690,#15691);
#11958=VERTEX_POINT('',#15692);
#11959=LINE('',#15693,#15694);
#11960=LINE('',#15695,#15696);
#11961=VERTEX_POINT('',#15697);
#11962=LINE('',#15698,#15699);
#11963=LINE('',#15700,#15701);
#11964=VERTEX_POINT('',#15702);
#11965=LINE('',#15703,#15704);
#11966=LINE('',#15705,#15706);
#11967=LINE('',#15707,#15708);
#11968=VERTEX_POINT('',#15709);
#11969=LINE('',#15710,#15711);
#11970=VERTEX_POINT('',#15712);
#11971=LINE('',#15713,#15714);
#11972=VERTEX_POINT('',#15715);
#11973=LINE('',#15716,#15717);
#11974=LINE('',#15718,#15719);
#11975=VERTEX_POINT('',#15720);
#11976=LINE('',#15721,#15722);
#11977=VERTEX_POINT('',#15723);
#11978=LINE('',#15724,#15725);
#11979=VERTEX_POINT('',#15726);
#11980=LINE('',#15727,#15728);
#11981=LINE('',#15729,#15730);
#11982=VERTEX_POINT('',#15731);
#11983=LINE('',#15732,#15733);
#11984=VERTEX_POINT('',#15734);
#11985=LINE('',#15735,#15736);
#11986=VERTEX_POINT('',#15737);
#11987=LINE('',#15738,#15739);
#11988=LINE('',#15740,#15741);
#11989=LINE('',#15742,#15743);
#11990=LINE('',#15744,#15745);
#11991=LINE('',#15746,#15747);
#11992=LINE('',#15748,#15749);
#11993=LINE('',#15750,#15751);
#11994=LINE('',#15752,#15753);
#11995=LINE('',#15754,#15755);
#11996=LINE('',#15756,#15757);
#11997=LINE('',#15758,#15759);
#11998=VERTEX_POINT('',#15760);
#11999=LINE('',#15761,#15762);
#12000=VERTEX_POINT('',#15763);
#12001=LINE('',#15764,#15765);
#12002=VERTEX_POINT('',#15766);
#12003=LINE('',#15767,#15768);
#12004=LINE('',#15769,#15770);
#12005=VERTEX_POINT('',#15771);
#12006=LINE('',#15772,#15773);
#12007=VERTEX_POINT('',#15774);
#12008=LINE('',#15775,#15776);
#12009=VERTEX_POINT('',#15777);
#12010=LINE('',#15778,#15779);
#12011=LINE('',#15780,#15781);
#12012=VERTEX_POINT('',#15782);
#12013=VERTEX_POINT('',#15783);
#12014=LINE('',#15784,#15785);
#12015=VERTEX_POINT('',#15786);
#12016=LINE('',#15787,#15788);
#12017=VERTEX_POINT('',#15789);
#12018=LINE('',#15790,#15791);
#12019=VERTEX_POINT('',#15792);
#12020=LINE('',#15793,#15794);
#12021=LINE('',#15795,#15796);
#12022=VERTEX_POINT('',#15797);
#12023=VERTEX_POINT('',#15798);
#12024=LINE('',#15799,#15800);
#12025=VERTEX_POINT('',#15801);
#12026=LINE('',#15802,#15803);
#12027=VERTEX_POINT('',#15804);
#12028=LINE('',#15805,#15806);
#12029=VERTEX_POINT('',#15807);
#12030=LINE('',#15808,#15809);
#12031=LINE('',#15810,#15811);
#12032=VERTEX_POINT('',#15812);
#12033=LINE('',#15813,#15814);
#12034=LINE('',#15815,#15816);
#12035=VERTEX_POINT('',#15817);
#12036=LINE('',#15818,#15819);
#12037=VERTEX_POINT('',#15820);
#12038=LINE('',#15821,#15822);
#12039=LINE('',#15823,#15824);
#12040=VERTEX_POINT('',#15825);
#12041=LINE('',#15826,#15827);
#12042=VERTEX_POINT('',#15828);
#12043=LINE('',#15829,#15830);
#12044=VERTEX_POINT('',#15831);
#12045=LINE('',#15832,#15833);
#12046=LINE('',#15834,#15835);
#12047=VERTEX_POINT('',#15836);
#12048=VERTEX_POINT('',#15837);
#12049=LINE('',#15838,#15839);
#12050=VERTEX_POINT('',#15840);
#12051=LINE('',#15841,#15842);
#12052=VERTEX_POINT('',#15843);
#12053=LINE('',#15844,#15845);
#12054=VERTEX_POINT('',#15846);
#12055=LINE('',#15847,#15848);
#12056=LINE('',#15849,#15850);
#12057=VERTEX_POINT('',#15851);
#12058=VERTEX_POINT('',#15852);
#12059=LINE('',#15853,#15854);
#12060=VERTEX_POINT('',#15855);
#12061=LINE('',#15856,#15857);
#12062=VERTEX_POINT('',#15858);
#12063=LINE('',#15859,#15860);
#12064=VERTEX_POINT('',#15861);
#12065=LINE('',#15862,#15863);
#12066=LINE('',#15864,#15865);
#12067=LINE('',#15866,#15867);
#12068=LINE('',#15868,#15869);
#12069=LINE('',#15870,#15871);
#12070=LINE('',#15872,#15873);
#12071=LINE('',#15874,#15875);
#12072=LINE('',#15876,#15877);
#12073=LINE('',#15878,#15879);
#12074=LINE('',#15880,#15881);
#12075=LINE('',#15882,#15883);
#12076=LINE('',#15884,#15885);
#12077=LINE('',#15886,#15887);
#12078=LINE('',#15888,#15889);
#12079=LINE('',#15890,#15891);
#12080=LINE('',#15892,#15893);
#12081=LINE('',#15894,#15895);
#12082=LINE('',#15896,#15897);
#12083=LINE('',#15898,#15899);
#12084=LINE('',#15900,#15901);
#12085=LINE('',#15902,#15903);
#12086=LINE('',#15904,#15905);
#12087=LINE('',#15906,#15907);
#12088=LINE('',#15908,#15909);
#12089=LINE('',#15910,#15911);
#12090=LINE('',#15912,#15913);
#12091=LINE('',#15914,#15915);
#12092=LINE('',#15916,#15917);
#12093=LINE('',#15918,#15919);
#12094=LINE('',#15920,#15921);
#12095=VERTEX_POINT('',#15922);
#12096=VERTEX_POINT('',#15923);
#12097=LINE('',#15924,#15925);
#12098=VERTEX_POINT('',#15926);
#12099=LINE('',#15927,#15928);
#12100=VERTEX_POINT('',#15929);
#12101=LINE('',#15930,#15931);
#12102=LINE('',#15932,#15933);
#12103=LINE('',#15934,#15935);
#12104=LINE('',#15936,#15937);
#12105=LINE('',#15938,#15939);
#12106=VERTEX_POINT('',#15940);
#12107=VERTEX_POINT('',#15941);
#12108=LINE('',#15942,#15943);
#12109=VERTEX_POINT('',#15944);
#12110=LINE('',#15945,#15946);
#12111=VERTEX_POINT('',#15947);
#12112=LINE('',#15948,#15949);
#12113=LINE('',#15950,#15951);
#12114=VERTEX_POINT('',#15952);
#12115=VERTEX_POINT('',#15953);
#12116=LINE('',#15954,#15955);
#12117=VERTEX_POINT('',#15956);
#12118=LINE('',#15957,#15958);
#12119=VERTEX_POINT('',#15959);
#12120=LINE('',#15960,#15961);
#12121=VERTEX_POINT('',#15962);
#12122=LINE('',#15963,#15964);
#12123=LINE('',#15965,#15966);
#12124=VERTEX_POINT('',#15967);
#12125=VERTEX_POINT('',#15968);
#12126=LINE('',#15969,#15970);
#12127=VERTEX_POINT('',#15971);
#12128=LINE('',#15972,#15973);
#12129=VERTEX_POINT('',#15974);
#12130=LINE('',#15975,#15976);
#12131=VERTEX_POINT('',#15977);
#12132=LINE('',#15978,#15979);
#12133=LINE('',#15980,#15981);
#12134=VERTEX_POINT('',#15982);
#12135=LINE('',#15983,#15984);
#12136=VERTEX_POINT('',#15985);
#12137=LINE('',#15986,#15987);
#12138=VERTEX_POINT('',#15988);
#12139=LINE('',#15989,#15990);
#12140=LINE('',#15991,#15992);
#12141=VERTEX_POINT('',#15993);
#12142=LINE('',#15994,#15995);
#12143=VERTEX_POINT('',#15996);
#12144=LINE('',#15997,#15998);
#12145=VERTEX_POINT('',#15999);
#12146=LINE('',#16000,#16001);
#12147=LINE('',#16002,#16003);
#12148=VERTEX_POINT('',#16004);
#12149=VERTEX_POINT('',#16005);
#12150=LINE('',#16006,#16007);
#12151=VERTEX_POINT('',#16008);
#12152=LINE('',#16009,#16010);
#12153=VERTEX_POINT('',#16011);
#12154=LINE('',#16012,#16013);
#12155=LINE('',#16014,#16015);
#12156=VERTEX_POINT('',#16016);
#12157=LINE('',#16017,#16018);
#12158=VERTEX_POINT('',#16019);
#12159=LINE('',#16020,#16021);
#12160=LINE('',#16022,#16023);
#12161=VERTEX_POINT('',#16024);
#12162=VERTEX_POINT('',#16025);
#12163=LINE('',#16026,#16027);
#12164=VERTEX_POINT('',#16028);
#12165=LINE('',#16029,#16030);
#12166=VERTEX_POINT('',#16031);
#12167=LINE('',#16032,#16033);
#12168=VERTEX_POINT('',#16034);
#12169=LINE('',#16035,#16036);
#12170=VERTEX_POINT('',#16037);
#12171=LINE('',#16038,#16039);
#12172=LINE('',#16040,#16041);
#12173=VERTEX_POINT('',#16042);
#12174=LINE('',#16043,#16044);
#12175=VERTEX_POINT('',#16045);
#12176=LINE('',#16046,#16047);
#12177=LINE('',#16048,#16049);
#12178=VERTEX_POINT('',#16050);
#12179=VERTEX_POINT('',#16051);
#12180=LINE('',#16052,#16053);
#12181=VERTEX_POINT('',#16054);
#12182=LINE('',#16055,#16056);
#12183=VERTEX_POINT('',#16057);
#12184=LINE('',#16058,#16059);
#12185=VERTEX_POINT('',#16060);
#12186=LINE('',#16061,#16062);
#12187=VERTEX_POINT('',#16063);
#12188=LINE('',#16064,#16065);
#12189=LINE('',#16066,#16067);
#12190=VERTEX_POINT('',#16068);
#12191=VERTEX_POINT('',#16069);
#12192=LINE('',#16070,#16071);
#12193=VERTEX_POINT('',#16072);
#12194=LINE('',#16073,#16074);
#12195=VERTEX_POINT('',#16075);
#12196=LINE('',#16076,#16077);
#12197=LINE('',#16078,#16079);
#12198=VERTEX_POINT('',#16080);
#12199=VERTEX_POINT('',#16081);
#12200=LINE('',#16082,#16083);
#12201=VERTEX_POINT('',#16084);
#12202=LINE('',#16085,#16086);
#12203=VERTEX_POINT('',#16087);
#12204=LINE('',#16088,#16089);
#12205=LINE('',#16090,#16091);
#12206=VERTEX_POINT('',#16092);
#12207=VERTEX_POINT('',#16093);
#12208=LINE('',#16094,#16095);
#12209=VERTEX_POINT('',#16096);
#12210=LINE('',#16097,#16098);
#12211=VERTEX_POINT('',#16099);
#12212=LINE('',#16100,#16101);
#12213=LINE('',#16102,#16103);
#12214=LINE('',#16104,#16105);
#12215=LINE('',#16106,#16107);
#12216=LINE('',#16108,#16109);
#12217=LINE('',#16110,#16111);
#12218=LINE('',#16112,#16113);
#12219=LINE('',#16114,#16115);
#12220=LINE('',#16116,#16117);
#12221=LINE('',#16118,#16119);
#12222=LINE('',#16120,#16121);
#12223=LINE('',#16122,#16123);
#12224=LINE('',#16124,#16125);
#12225=LINE('',#16126,#16127);
#12226=LINE('',#16128,#16129);
#12227=LINE('',#16130,#16131);
#12228=LINE('',#16132,#16133);
#12229=LINE('',#16134,#16135);
#12230=LINE('',#16136,#16137);
#12231=LINE('',#16138,#16139);
#12232=LINE('',#16140,#16141);
#12233=LINE('',#16142,#16143);
#12234=VERTEX_POINT('',#16144);
#12235=LINE('',#16145,#16146);
#12236=LINE('',#16147,#16148);
#12237=VERTEX_POINT('',#16149);
#12238=LINE('',#16150,#16151);
#12239=LINE('',#16152,#16153);
#12240=VERTEX_POINT('',#16154);
#12241=LINE('',#16155,#16156);
#12242=LINE('',#16157,#16158);
#12243=LINE('',#16159,#16160);
#12244=VERTEX_POINT('',#16161);
#12245=LINE('',#16162,#16163);
#12246=VERTEX_POINT('',#16164);
#12247=LINE('',#16165,#16166);
#12248=VERTEX_POINT('',#16167);
#12249=LINE('',#16168,#16169);
#12250=LINE('',#16170,#16171);
#12251=VERTEX_POINT('',#16172);
#12252=LINE('',#16173,#16174);
#12253=VERTEX_POINT('',#16175);
#12254=LINE('',#16176,#16177);
#12255=VERTEX_POINT('',#16178);
#12256=LINE('',#16179,#16180);
#12257=LINE('',#16181,#16182);
#12258=VERTEX_POINT('',#16183);
#12259=LINE('',#16184,#16185);
#12260=VERTEX_POINT('',#16186);
#12261=LINE('',#16187,#16188);
#12262=VERTEX_POINT('',#16189);
#12263=LINE('',#16190,#16191);
#12264=LINE('',#16192,#16193);
#12265=LINE('',#16194,#16195);
#12266=LINE('',#16196,#16197);
#12267=LINE('',#16198,#16199);
#12268=LINE('',#16200,#16201);
#12269=LINE('',#16202,#16203);
#12270=LINE('',#16204,#16205);
#12271=LINE('',#16206,#16207);
#12272=LINE('',#16208,#16209);
#12273=LINE('',#16210,#16211);
#12274=VERTEX_POINT('',#16212);
#12275=LINE('',#16213,#16214);
#12276=VERTEX_POINT('',#16215);
#12277=LINE('',#16216,#16217);
#12278=VERTEX_POINT('',#16218);
#12279=LINE('',#16219,#16220);
#12280=LINE('',#16221,#16222);
#12281=VERTEX_POINT('',#16223);
#12282=LINE('',#16224,#16225);
#12283=VERTEX_POINT('',#16226);
#12284=LINE('',#16227,#16228);
#12285=VERTEX_POINT('',#16229);
#12286=LINE('',#16230,#16231);
#12287=LINE('',#16232,#16233);
#12288=VERTEX_POINT('',#16234);
#12289=VERTEX_POINT('',#16235);
#12290=LINE('',#16236,#16237);
#12291=VERTEX_POINT('',#16238);
#12292=LINE('',#16239,#16240);
#12293=VERTEX_POINT('',#16241);
#12294=LINE('',#16242,#16243);
#12295=VERTEX_POINT('',#16244);
#12296=LINE('',#16245,#16246);
#12297=LINE('',#16247,#16248);
#12298=VERTEX_POINT('',#16249);
#12299=VERTEX_POINT('',#16250);
#12300=LINE('',#16251,#16252);
#12301=VERTEX_POINT('',#16253);
#12302=LINE('',#16254,#16255);
#12303=VERTEX_POINT('',#16256);
#12304=LINE('',#16257,#16258);
#12305=VERTEX_POINT('',#16259);
#12306=LINE('',#16260,#16261);
#12307=LINE('',#16262,#16263);
#12308=VERTEX_POINT('',#16264);
#12309=LINE('',#16265,#16266);
#12310=LINE('',#16267,#16268);
#12311=VERTEX_POINT('',#16269);
#12312=LINE('',#16270,#16271);
#12313=VERTEX_POINT('',#16272);
#12314=LINE('',#16273,#16274);
#12315=LINE('',#16275,#16276);
#12316=VERTEX_POINT('',#16277);
#12317=LINE('',#16278,#16279);
#12318=VERTEX_POINT('',#16280);
#12319=LINE('',#16281,#16282);
#12320=VERTEX_POINT('',#16283);
#12321=LINE('',#16284,#16285);
#12322=LINE('',#16286,#16287);
#12323=VERTEX_POINT('',#16288);
#12324=VERTEX_POINT('',#16289);
#12325=LINE('',#16290,#16291);
#12326=VERTEX_POINT('',#16292);
#12327=LINE('',#16293,#16294);
#12328=VERTEX_POINT('',#16295);
#12329=LINE('',#16296,#16297);
#12330=VERTEX_POINT('',#16298);
#12331=LINE('',#16299,#16300);
#12332=LINE('',#16301,#16302);
#12333=VERTEX_POINT('',#16303);
#12334=VERTEX_POINT('',#16304);
#12335=LINE('',#16305,#16306);
#12336=VERTEX_POINT('',#16307);
#12337=LINE('',#16308,#16309);
#12338=VERTEX_POINT('',#16310);
#12339=LINE('',#16311,#16312);
#12340=VERTEX_POINT('',#16313);
#12341=LINE('',#16314,#16315);
#12342=LINE('',#16316,#16317);
#12343=LINE('',#16318,#16319);
#12344=LINE('',#16320,#16321);
#12345=LINE('',#16322,#16323);
#12346=LINE('',#16324,#16325);
#12347=LINE('',#16326,#16327);
#12348=LINE('',#16328,#16329);
#12349=LINE('',#16330,#16331);
#12350=LINE('',#16332,#16333);
#12351=LINE('',#16334,#16335);
#12352=LINE('',#16336,#16337);
#12353=LINE('',#16338,#16339);
#12354=LINE('',#16340,#16341);
#12355=LINE('',#16342,#16343);
#12356=LINE('',#16344,#16345);
#12357=LINE('',#16346,#16347);
#12358=LINE('',#16348,#16349);
#12359=LINE('',#16350,#16351);
#12360=LINE('',#16352,#16353);
#12361=LINE('',#16354,#16355);
#12362=LINE('',#16356,#16357);
#12363=LINE('',#16358,#16359);
#12364=LINE('',#16360,#16361);
#12365=LINE('',#16362,#16363);
#12366=LINE('',#16364,#16365);
#12367=LINE('',#16366,#16367);
#12368=LINE('',#16368,#16369);
#12369=LINE('',#16370,#16371);
#12370=LINE('',#16372,#16373);
#12371=VERTEX_POINT('',#16374);
#12372=VERTEX_POINT('',#16375);
#12373=LINE('',#16376,#16377);
#12374=VERTEX_POINT('',#16378);
#12375=LINE('',#16379,#16380);
#12376=VERTEX_POINT('',#16381);
#12377=LINE('',#16382,#16383);
#12378=LINE('',#16384,#16385);
#12379=LINE('',#16386,#16387);
#12380=LINE('',#16388,#16389);
#12381=LINE('',#16390,#16391);
#12382=VERTEX_POINT('',#16392);
#12383=VERTEX_POINT('',#16393);
#12384=LINE('',#16394,#16395);
#12385=VERTEX_POINT('',#16396);
#12386=LINE('',#16397,#16398);
#12387=VERTEX_POINT('',#16399);
#12388=LINE('',#16400,#16401);
#12389=LINE('',#16402,#16403);
#12390=VERTEX_POINT('',#16404);
#12391=VERTEX_POINT('',#16405);
#12392=LINE('',#16406,#16407);
#12393=VERTEX_POINT('',#16408);
#12394=LINE('',#16409,#16410);
#12395=VERTEX_POINT('',#16411);
#12396=LINE('',#16412,#16413);
#12397=VERTEX_POINT('',#16414);
#12398=LINE('',#16415,#16416);
#12399=LINE('',#16417,#16418);
#12400=VERTEX_POINT('',#16419);
#12401=VERTEX_POINT('',#16420);
#12402=LINE('',#16421,#16422);
#12403=VERTEX_POINT('',#16423);
#12404=LINE('',#16424,#16425);
#12405=VERTEX_POINT('',#16426);
#12406=LINE('',#16427,#16428);
#12407=VERTEX_POINT('',#16429);
#12408=LINE('',#16430,#16431);
#12409=LINE('',#16432,#16433);
#12410=VERTEX_POINT('',#16434);
#12411=LINE('',#16435,#16436);
#12412=VERTEX_POINT('',#16437);
#12413=LINE('',#16438,#16439);
#12414=VERTEX_POINT('',#16440);
#12415=LINE('',#16441,#16442);
#12416=LINE('',#16443,#16444);
#12417=VERTEX_POINT('',#16445);
#12418=LINE('',#16446,#16447);
#12419=VERTEX_POINT('',#16448);
#12420=LINE('',#16449,#16450);
#12421=VERTEX_POINT('',#16451);
#12422=LINE('',#16452,#16453);
#12423=LINE('',#16454,#16455);
#12424=VERTEX_POINT('',#16456);
#12425=VERTEX_POINT('',#16457);
#12426=LINE('',#16458,#16459);
#12427=VERTEX_POINT('',#16460);
#12428=LINE('',#16461,#16462);
#12429=VERTEX_POINT('',#16463);
#12430=LINE('',#16464,#16465);
#12431=VERTEX_POINT('',#16466);
#12432=LINE('',#16467,#16468);
#12433=VERTEX_POINT('',#16469);
#12434=LINE('',#16470,#16471);
#12435=LINE('',#16472,#16473);
#12436=VERTEX_POINT('',#16474);
#12437=LINE('',#16475,#16476);
#12438=VERTEX_POINT('',#16477);
#12439=LINE('',#16478,#16479);
#12440=LINE('',#16480,#16481);
#12441=VERTEX_POINT('',#16482);
#12442=VERTEX_POINT('',#16483);
#12443=LINE('',#16484,#16485);
#12444=VERTEX_POINT('',#16486);
#12445=LINE('',#16487,#16488);
#12446=VERTEX_POINT('',#16489);
#12447=LINE('',#16490,#16491);
#12448=LINE('',#16492,#16493);
#12449=VERTEX_POINT('',#16494);
#12450=LINE('',#16495,#16496);
#12451=VERTEX_POINT('',#16497);
#12452=LINE('',#16498,#16499);
#12453=LINE('',#16500,#16501);
#12454=VERTEX_POINT('',#16502);
#12455=VERTEX_POINT('',#16503);
#12456=LINE('',#16504,#16505);
#12457=VERTEX_POINT('',#16506);
#12458=LINE('',#16507,#16508);
#12459=VERTEX_POINT('',#16509);
#12460=LINE('',#16510,#16511);
#12461=LINE('',#16512,#16513);
#12462=VERTEX_POINT('',#16514);
#12463=VERTEX_POINT('',#16515);
#12464=LINE('',#16516,#16517);
#12465=VERTEX_POINT('',#16518);
#12466=LINE('',#16519,#16520);
#12467=VERTEX_POINT('',#16521);
#12468=LINE('',#16522,#16523);
#12469=LINE('',#16524,#16525);
#12470=VERTEX_POINT('',#16526);
#12471=VERTEX_POINT('',#16527);
#12472=LINE('',#16528,#16529);
#12473=VERTEX_POINT('',#16530);
#12474=LINE('',#16531,#16532);
#12475=VERTEX_POINT('',#16533);
#12476=LINE('',#16534,#16535);
#12477=VERTEX_POINT('',#16536);
#12478=LINE('',#16537,#16538);
#12479=VERTEX_POINT('',#16539);
#12480=LINE('',#16540,#16541);
#12481=LINE('',#16542,#16543);
#12482=VERTEX_POINT('',#16544);
#12483=VERTEX_POINT('',#16545);
#12484=LINE('',#16546,#16547);
#12485=VERTEX_POINT('',#16548);
#12486=LINE('',#16549,#16550);
#12487=VERTEX_POINT('',#16551);
#12488=LINE('',#16552,#16553);
#12489=LINE('',#16554,#16555);
#12490=LINE('',#16556,#16557);
#12491=LINE('',#16558,#16559);
#12492=LINE('',#16560,#16561);
#12493=LINE('',#16562,#16563);
#12494=LINE('',#16564,#16565);
#12495=LINE('',#16566,#16567);
#12496=LINE('',#16568,#16569);
#12497=LINE('',#16570,#16571);
#12498=LINE('',#16572,#16573);
#12499=LINE('',#16574,#16575);
#12500=LINE('',#16576,#16577);
#12501=LINE('',#16578,#16579);
#12502=LINE('',#16580,#16581);
#12503=LINE('',#16582,#16583);
#12504=LINE('',#16584,#16585);
#12505=LINE('',#16586,#16587);
#12506=LINE('',#16588,#16589);
#12507=LINE('',#16590,#16591);
#12508=LINE('',#16592,#16593);
#12509=LINE('',#16594,#16595);
#12510=VERTEX_POINT('',#16596);
#12511=LINE('',#16597,#16598);
#12512=LINE('',#16599,#16600);
#12513=VERTEX_POINT('',#16601);
#12514=LINE('',#16602,#16603);
#12515=LINE('',#16604,#16605);
#12516=VERTEX_POINT('',#16606);
#12517=LINE('',#16607,#16608);
#12518=LINE('',#16609,#16610);
#12519=LINE('',#16611,#16612);
#12520=VERTEX_POINT('',#16613);
#12521=LINE('',#16614,#16615);
#12522=VERTEX_POINT('',#16616);
#12523=LINE('',#16617,#16618);
#12524=VERTEX_POINT('',#16619);
#12525=LINE('',#16620,#16621);
#12526=LINE('',#16622,#16623);
#12527=VERTEX_POINT('',#16624);
#12528=LINE('',#16625,#16626);
#12529=VERTEX_POINT('',#16627);
#12530=LINE('',#16628,#16629);
#12531=VERTEX_POINT('',#16630);
#12532=LINE('',#16631,#16632);
#12533=LINE('',#16633,#16634);
#12534=VERTEX_POINT('',#16635);
#12535=LINE('',#16636,#16637);
#12536=VERTEX_POINT('',#16638);
#12537=LINE('',#16639,#16640);
#12538=VERTEX_POINT('',#16641);
#12539=LINE('',#16642,#16643);
#12540=LINE('',#16644,#16645);
#12541=LINE('',#16646,#16647);
#12542=LINE('',#16648,#16649);
#12543=LINE('',#16650,#16651);
#12544=LINE('',#16652,#16653);
#12545=LINE('',#16654,#16655);
#12546=LINE('',#16656,#16657);
#12547=LINE('',#16658,#16659);
#12548=LINE('',#16660,#16661);
#12549=LINE('',#16662,#16663);
#12550=VERTEX_POINT('',#16664);
#12551=LINE('',#16665,#16666);
#12552=VERTEX_POINT('',#16667);
#12553=LINE('',#16668,#16669);
#12554=VERTEX_POINT('',#16670);
#12555=LINE('',#16671,#16672);
#12556=LINE('',#16673,#16674);
#12557=VERTEX_POINT('',#16675);
#12558=LINE('',#16676,#16677);
#12559=VERTEX_POINT('',#16678);
#12560=LINE('',#16679,#16680);
#12561=VERTEX_POINT('',#16681);
#12562=LINE('',#16682,#16683);
#12563=LINE('',#16684,#16685);
#12564=VERTEX_POINT('',#16686);
#12565=LINE('',#16687,#16688);
#12566=VERTEX_POINT('',#16689);
#12567=LINE('',#16690,#16691);
#12568=VERTEX_POINT('',#16692);
#12569=LINE('',#16693,#16694);
#12570=LINE('',#16695,#16696);
#12571=VERTEX_POINT('',#16697);
#12572=LINE('',#16698,#16699);
#12573=VERTEX_POINT('',#16700);
#12574=LINE('',#16701,#16702);
#12575=VERTEX_POINT('',#16703);
#12576=LINE('',#16704,#16705);
#12577=LINE('',#16706,#16707);
#12578=VERTEX_POINT('',#16708);
#12579=LINE('',#16709,#16710);
#12580=LINE('',#16711,#16712);
#12581=VERTEX_POINT('',#16713);
#12582=LINE('',#16714,#16715);
#12583=VERTEX_POINT('',#16716);
#12584=LINE('',#16717,#16718);
#12585=LINE('',#16719,#16720);
#12586=VERTEX_POINT('',#16721);
#12587=LINE('',#16722,#16723);
#12588=VERTEX_POINT('',#16724);
#12589=LINE('',#16725,#16726);
#12590=VERTEX_POINT('',#16727);
#12591=LINE('',#16728,#16729);
#12592=LINE('',#16730,#16731);
#12593=VERTEX_POINT('',#16732);
#12594=LINE('',#16733,#16734);
#12595=VERTEX_POINT('',#16735);
#12596=LINE('',#16736,#16737);
#12597=VERTEX_POINT('',#16738);
#12598=LINE('',#16739,#16740);
#12599=LINE('',#16741,#16742);
#12600=VERTEX_POINT('',#16743);
#12601=LINE('',#16744,#16745);
#12602=VERTEX_POINT('',#16746);
#12603=LINE('',#16747,#16748);
#12604=VERTEX_POINT('',#16749);
#12605=LINE('',#16750,#16751);
#12606=LINE('',#16752,#16753);
#12607=LINE('',#16754,#16755);
#12608=LINE('',#16756,#16757);
#12609=LINE('',#16758,#16759);
#12610=LINE('',#16760,#16761);
#12611=LINE('',#16762,#16763);
#12612=LINE('',#16764,#16765);
#12613=LINE('',#16766,#16767);
#12614=LINE('',#16768,#16769);
#12615=LINE('',#16770,#16771);
#12616=LINE('',#16772,#16773);
#12617=LINE('',#16774,#16775);
#12618=VERTEX_POINT('',#16776);
#12619=LINE('',#16777,#16778);
#12620=VERTEX_POINT('',#16779);
#12621=LINE('',#16780,#16781);
#12622=LINE('',#16782,#16783);
#12623=VERTEX_POINT('',#16784);
#12624=LINE('',#16785,#16786);
#12625=LINE('',#16787,#16788);
#12626=VERTEX_POINT('',#16789);
#12627=LINE('',#16790,#16791);
#12628=LINE('',#16792,#16793);
#12629=LINE('',#16794,#16795);
#12630=VERTEX_POINT('',#16796);
#12631=VERTEX_POINT('',#16797);
#12632=LINE('',#16798,#16799);
#12633=VERTEX_POINT('',#16800);
#12634=LINE('',#16801,#16802);
#12635=VERTEX_POINT('',#16803);
#12636=LINE('',#16804,#16805);
#12637=LINE('',#16806,#16807);
#12638=VERTEX_POINT('',#16808);
#12639=VERTEX_POINT('',#16809);
#12640=LINE('',#16810,#16811);
#12641=VERTEX_POINT('',#16812);
#12642=LINE('',#16813,#16814);
#12643=VERTEX_POINT('',#16815);
#12644=LINE('',#16816,#16817);
#12645=VERTEX_POINT('',#16818);
#12646=LINE('',#16819,#16820);
#12647=VERTEX_POINT('',#16821);
#12648=LINE('',#16822,#16823);
#12649=LINE('',#16824,#16825);
#12650=VERTEX_POINT('',#16826);
#12651=VERTEX_POINT('',#16827);
#12652=LINE('',#16828,#16829);
#12653=VERTEX_POINT('',#16830);
#12654=LINE('',#16831,#16832);
#12655=VERTEX_POINT('',#16833);
#12656=LINE('',#16834,#16835);
#12657=LINE('',#16836,#16837);
#12658=LINE('',#16838,#16839);
#12659=LINE('',#16840,#16841);
#12660=LINE('',#16842,#16843);
#12661=LINE('',#16844,#16845);
#12662=LINE('',#16846,#16847);
#12663=LINE('',#16848,#16849);
#12664=VERTEX_POINT('',#16850);
#12665=LINE('',#16851,#16852);
#12666=VERTEX_POINT('',#16853);
#12667=LINE('',#16854,#16855);
#12668=VERTEX_POINT('',#16856);
#12669=LINE('',#16857,#16858);
#12670=LINE('',#16859,#16860);
#12671=VERTEX_POINT('',#16861);
#12672=LINE('',#16862,#16863);
#12673=VERTEX_POINT('',#16864);
#12674=LINE('',#16865,#16866);
#12675=VERTEX_POINT('',#16867);
#12676=LINE('',#16868,#16869);
#12677=LINE('',#16870,#16871);
#12678=VERTEX_POINT('',#16872);
#12679=LINE('',#16873,#16874);
#12680=VERTEX_POINT('',#16875);
#12681=LINE('',#16876,#16877);
#12682=VERTEX_POINT('',#16878);
#12683=LINE('',#16879,#16880);
#12684=LINE('',#16881,#16882);
#12685=VERTEX_POINT('',#16883);
#12686=LINE('',#16884,#16885);
#12687=VERTEX_POINT('',#16886);
#12688=LINE('',#16887,#16888);
#12689=VERTEX_POINT('',#16889);
#12690=LINE('',#16890,#16891);
#12691=LINE('',#16892,#16893);
#12692=VERTEX_POINT('',#16894);
#12693=LINE('',#16895,#16896);
#12694=LINE('',#16897,#16898);
#12695=VERTEX_POINT('',#16899);
#12696=LINE('',#16900,#16901);
#12697=VERTEX_POINT('',#16902);
#12698=LINE('',#16903,#16904);
#12699=LINE('',#16905,#16906);
#12700=VERTEX_POINT('',#16907);
#12701=LINE('',#16908,#16909);
#12702=VERTEX_POINT('',#16910);
#12703=LINE('',#16911,#16912);
#12704=VERTEX_POINT('',#16913);
#12705=LINE('',#16914,#16915);
#12706=LINE('',#16916,#16917);
#12707=VERTEX_POINT('',#16918);
#12708=VERTEX_POINT('',#16919);
#12709=LINE('',#16920,#16921);
#12710=VERTEX_POINT('',#16922);
#12711=LINE('',#16923,#16924);
#12712=LINE('',#16925,#16926);
#12713=LINE('',#16927,#16928);
#12714=VERTEX_POINT('',#16929);
#12715=LINE('',#16930,#16931);
#12716=VERTEX_POINT('',#16932);
#12717=LINE('',#16933,#16934);
#12718=VERTEX_POINT('',#16935);
#12719=LINE('',#16936,#16937);
#12720=LINE('',#16938,#16939);
#12721=LINE('',#16940,#16941);
#12722=LINE('',#16942,#16943);
#12723=LINE('',#16944,#16945);
#12724=LINE('',#16946,#16947);
#12725=LINE('',#16948,#16949);
#12726=LINE('',#16950,#16951);
#12727=LINE('',#16952,#16953);
#12728=LINE('',#16954,#16955);
#12729=LINE('',#16956,#16957);
#12730=LINE('',#16958,#16959);
#12731=LINE('',#16960,#16961);
#12732=CARTESIAN_POINT('',(24.1,12.8,2.6));
#12733=CARTESIAN_POINT('',(24.1,0.2,2.6));
#12734=CARTESIAN_POINT('',(24.1,12.8,2.6));
#12735=VECTOR('',#16962,1.0);
#12736=CARTESIAN_POINT('',(23.7,12.8,3.0));
#12737=AXIS2_PLACEMENT_3D('',#16963,#16964,#16965);
#12738=CARTESIAN_POINT('',(23.7,0.2,3.0));
#12739=CARTESIAN_POINT('',(23.7,12.8,3.0));
#12740=VECTOR('',#16966,12.6);
#12741=AXIS2_PLACEMENT_3D('',#16967,#16968,#16969);
#12742=CARTESIAN_POINT('',(-23.7,0.2,-1.59));
#12743=CARTESIAN_POINT('',(-23.7,0.2,3.8));
#12744=CARTESIAN_POINT('',(-23.7,0.2,-1.59));
#12745=VECTOR('',#16970,5.39);
#12746=CARTESIAN_POINT('',(-23.7,0.0,3.8));
#12747=CARTESIAN_POINT('',(-23.7,0.0,3.8));
#12748=VECTOR('',#16971,0.2);
#12749=CARTESIAN_POINT('',(-23.7,0.0,4.8));
#12750=CARTESIAN_POINT('',(-23.7,0.0,4.8));
#12751=VECTOR('',#16972,1.0);
#12752=CARTESIAN_POINT('',(-23.7,12.8,4.8));
#12753=CARTESIAN_POINT('',(-23.7,12.8,4.8));
#12754=VECTOR('',#16973,12.8);
#12755=CARTESIAN_POINT('',(-23.7,12.8,-1.59));
#12756=CARTESIAN_POINT('',(-23.7,12.8,-1.59));
#12757=VECTOR('',#16974,6.39);
#12758=CARTESIAN_POINT('',(-23.7,0.2,-1.59));
#12759=VECTOR('',#16975,12.6);
#12760=CARTESIAN_POINT('',(-23.7,12.8,-4.8));
#12761=CARTESIAN_POINT('',(-23.7,12.8,-3.39));
#12762=CARTESIAN_POINT('',(-23.7,12.8,-4.8));
#12763=VECTOR('',#16976,1.41);
#12764=CARTESIAN_POINT('',(-23.7,0.0,-4.8));
#12765=CARTESIAN_POINT('',(-23.7,0.0,-4.8));
#12766=VECTOR('',#16977,12.8);
#12767=CARTESIAN_POINT('',(-23.7,0.0,-3.8));
#12768=CARTESIAN_POINT('',(-23.7,0.0,-3.8));
#12769=VECTOR('',#16978,1.0);
#12770=CARTESIAN_POINT('',(-23.7,0.2,-3.8));
#12771=CARTESIAN_POINT('',(-23.7,0.0,-3.8));
#12772=VECTOR('',#16979,0.2);
#12773=CARTESIAN_POINT('',(-23.7,0.2,-3.39));
#12774=CARTESIAN_POINT('',(-23.7,0.2,-3.8));
#12775=VECTOR('',#16980,0.41);
#12776=CARTESIAN_POINT('',(-23.7,0.2,-3.39));
#12777=VECTOR('',#16981,12.6);
#12778=CARTESIAN_POINT('',(-24.1,0.2,-1.99));
#12779=CARTESIAN_POINT('',(-23.7,0.2,-1.59));
#12780=VECTOR('',#16982,0.5656854249492);
#12781=CARTESIAN_POINT('',(-24.1,12.8,-1.99));
#12782=CARTESIAN_POINT('',(-23.7,12.8,-1.59));
#12783=VECTOR('',#16983,0.5656854249492);
#12784=CARTESIAN_POINT('',(-24.1,12.8,-1.99));
#12785=VECTOR('',#16984,12.6);
#12786=CARTESIAN_POINT('',(-24.1,12.8,-2.99));
#12787=CARTESIAN_POINT('',(-24.1,12.8,-1.99));
#12788=VECTOR('',#16985,1.0);
#12789=CARTESIAN_POINT('',(-24.1,0.2,-2.99));
#12790=CARTESIAN_POINT('',(-24.1,12.8,-2.99));
#12791=VECTOR('',#16986,12.6);
#12792=CARTESIAN_POINT('',(-24.1,0.2,-1.99));
#12793=VECTOR('',#16987,1.0);
#12794=CARTESIAN_POINT('',(22.3,0.2,0.5));
#12795=CARTESIAN_POINT('',(22.7,0.2,0.5));
#12796=CARTESIAN_POINT('',(22.3,0.2,0.5));
#12797=VECTOR('',#16988,0.4);
#12798=CARTESIAN_POINT('',(22.7,0.2,-0.5));
#12799=CARTESIAN_POINT('',(22.7,0.2,0.5));
#12800=VECTOR('',#16989,1.0);
#12801=CARTESIAN_POINT('',(22.3,0.2,-0.5));
#12802=CARTESIAN_POINT('',(22.7,0.2,-0.5));
#12803=VECTOR('',#16990,0.4);
#12804=CARTESIAN_POINT('',(22.3,0.2,-3.8));
#12805=CARTESIAN_POINT('',(22.3,0.2,-3.8));
#12806=VECTOR('',#16991,3.3);
#12807=CARTESIAN_POINT('',(23.7,0.2,-3.8));
#12808=CARTESIAN_POINT('',(22.3,0.2,-3.8));
#12809=VECTOR('',#16992,1.4);
#12810=CARTESIAN_POINT('',(23.7,0.2,2.2));
#12811=CARTESIAN_POINT('',(23.7,0.2,-3.8));
#12812=VECTOR('',#16993,6.0);
#12813=AXIS2_PLACEMENT_3D('',#16994,#16995,#16996);
#12814=CARTESIAN_POINT('',(23.7,0.2,3.8));
#12815=CARTESIAN_POINT('',(23.7,0.2,3.0));
#12816=VECTOR('',#16997,0.8);
#12817=CARTESIAN_POINT('',(22.3,0.2,3.8));
#12818=CARTESIAN_POINT('',(23.7,0.2,3.8));
#12819=VECTOR('',#16998,1.4);
#12820=CARTESIAN_POINT('',(22.3,0.2,0.5));
#12821=VECTOR('',#16999,3.3);
#12822=CARTESIAN_POINT('',(18.1,0.2,0.5));
#12823=CARTESIAN_POINT('',(19.7,0.2,0.5));
#12824=CARTESIAN_POINT('',(18.1,0.2,0.5));
#12825=VECTOR('',#17000,1.6);
#12826=CARTESIAN_POINT('',(19.7,0.2,3.8));
#12827=CARTESIAN_POINT('',(19.7,0.2,0.5));
#12828=VECTOR('',#17001,3.3);
#12829=CARTESIAN_POINT('',(18.1,0.2,3.8));
#12830=CARTESIAN_POINT('',(19.7,0.2,3.8));
#12831=VECTOR('',#17002,1.6);
#12832=CARTESIAN_POINT('',(18.1,0.2,3.8));
#12833=VECTOR('',#17003,3.3);
#12834=CARTESIAN_POINT('',(18.1,0.2,-3.8));
#12835=CARTESIAN_POINT('',(19.7,0.2,-3.8));
#12836=CARTESIAN_POINT('',(18.1,0.2,-3.8));
#12837=VECTOR('',#17004,1.6);
#12838=CARTESIAN_POINT('',(19.7,0.2,-0.5));
#12839=CARTESIAN_POINT('',(19.7,0.2,-3.8));
#12840=VECTOR('',#17005,3.3);
#12841=CARTESIAN_POINT('',(18.1,0.2,-0.5));
#12842=CARTESIAN_POINT('',(19.7,0.2,-0.5));
#12843=VECTOR('',#17006,1.6);
#12844=CARTESIAN_POINT('',(18.1,0.2,-3.8));
#12845=VECTOR('',#17007,3.3);
#12846=CARTESIAN_POINT('',(13.9,0.2,0.5));
#12847=CARTESIAN_POINT('',(15.5,0.2,0.5));
#12848=CARTESIAN_POINT('',(13.9,0.2,0.5));
#12849=VECTOR('',#17008,1.6);
#12850=CARTESIAN_POINT('',(15.5,0.2,3.8));
#12851=CARTESIAN_POINT('',(15.5,0.2,3.8));
#12852=VECTOR('',#17009,3.3);
#12853=CARTESIAN_POINT('',(13.9,0.2,3.8));
#12854=CARTESIAN_POINT('',(15.5,0.2,3.8));
#12855=VECTOR('',#17010,1.6);
#12856=CARTESIAN_POINT('',(13.9,0.2,3.8));
#12857=VECTOR('',#17011,3.3);
#12858=CARTESIAN_POINT('',(13.9,0.2,-3.8));
#12859=CARTESIAN_POINT('',(15.5,0.2,-3.8));
#12860=CARTESIAN_POINT('',(13.9,0.2,-3.8));
#12861=VECTOR('',#17012,1.6);
#12862=CARTESIAN_POINT('',(15.5,0.2,-0.5));
#12863=CARTESIAN_POINT('',(15.5,0.2,-3.8));
#12864=VECTOR('',#17013,3.3);
#12865=CARTESIAN_POINT('',(13.9,0.2,-0.5));
#12866=CARTESIAN_POINT('',(15.5,0.2,-0.5));
#12867=VECTOR('',#17014,1.6);
#12868=CARTESIAN_POINT('',(13.9,0.2,-3.8));
#12869=VECTOR('',#17015,3.3);
#12870=CARTESIAN_POINT('',(9.7,0.2,0.5));
#12871=CARTESIAN_POINT('',(11.3,0.2,0.5));
#12872=CARTESIAN_POINT('',(9.7,0.2,0.5));
#12873=VECTOR('',#17016,1.6);
#12874=CARTESIAN_POINT('',(11.3,0.2,3.8));
#12875=CARTESIAN_POINT('',(11.3,0.2,3.8));
#12876=VECTOR('',#17017,3.3);
#12877=CARTESIAN_POINT('',(9.7,0.2,3.8));
#12878=CARTESIAN_POINT('',(11.3,0.2,3.8));
#12879=VECTOR('',#17018,1.6);
#12880=CARTESIAN_POINT('',(9.7,0.2,3.8));
#12881=VECTOR('',#17019,3.3);
#12882=CARTESIAN_POINT('',(9.7,0.2,-3.8));
#12883=CARTESIAN_POINT('',(11.3,0.2,-3.8));
#12884=CARTESIAN_POINT('',(9.7,0.2,-3.8));
#12885=VECTOR('',#17020,1.6);
#12886=CARTESIAN_POINT('',(11.3,0.2,-0.5));
#12887=CARTESIAN_POINT('',(11.3,0.2,-3.8));
#12888=VECTOR('',#17021,3.3);
#12889=CARTESIAN_POINT('',(9.7,0.2,-0.5));
#12890=CARTESIAN_POINT('',(11.3,0.2,-0.5));
#12891=VECTOR('',#17022,1.6);
#12892=CARTESIAN_POINT('',(9.7,0.2,-3.8));
#12893=VECTOR('',#17023,3.3);
#12894=CARTESIAN_POINT('',(5.5,0.2,0.5));
#12895=CARTESIAN_POINT('',(7.1,0.2,0.5));
#12896=CARTESIAN_POINT('',(5.5,0.2,0.5));
#12897=VECTOR('',#17024,1.6);
#12898=CARTESIAN_POINT('',(7.1,0.2,3.8));
#12899=CARTESIAN_POINT('',(7.1,0.2,3.8));
#12900=VECTOR('',#17025,3.3);
#12901=CARTESIAN_POINT('',(5.5,0.2,3.8));
#12902=CARTESIAN_POINT('',(7.1,0.2,3.8));
#12903=VECTOR('',#17026,1.6);
#12904=CARTESIAN_POINT('',(5.5,0.2,3.8));
#12905=VECTOR('',#17027,3.3);
#12906=CARTESIAN_POINT('',(5.5,0.2,-3.8));
#12907=CARTESIAN_POINT('',(7.1,0.2,-3.8));
#12908=CARTESIAN_POINT('',(5.5,0.2,-3.8));
#12909=VECTOR('',#17028,1.6);
#12910=CARTESIAN_POINT('',(7.1,0.2,-0.5));
#12911=CARTESIAN_POINT('',(7.1,0.2,-3.8));
#12912=VECTOR('',#17029,3.3);
#12913=CARTESIAN_POINT('',(5.5,0.2,-0.5));
#12914=CARTESIAN_POINT('',(7.1,0.2,-0.5));
#12915=VECTOR('',#17030,1.6);
#12916=CARTESIAN_POINT('',(5.5,0.2,-3.8));
#12917=VECTOR('',#17031,3.3);
#12918=CARTESIAN_POINT('',(1.3,0.2,0.5));
#12919=CARTESIAN_POINT('',(2.9,0.2,0.5));
#12920=CARTESIAN_POINT('',(1.3,0.2,0.5));
#12921=VECTOR('',#17032,1.6);
#12922=CARTESIAN_POINT('',(2.9,0.2,3.8));
#12923=CARTESIAN_POINT('',(2.9,0.2,3.8));
#12924=VECTOR('',#17033,3.3);
#12925=CARTESIAN_POINT('',(1.3,0.2,3.8));
#12926=CARTESIAN_POINT('',(2.9,0.2,3.8));
#12927=VECTOR('',#17034,1.6);
#12928=CARTESIAN_POINT('',(1.3,0.2,3.8));
#12929=VECTOR('',#17035,3.3);
#12930=CARTESIAN_POINT('',(1.3,0.2,-3.8));
#12931=CARTESIAN_POINT('',(2.9,0.2,-3.8));
#12932=CARTESIAN_POINT('',(1.3,0.2,-3.8));
#12933=VECTOR('',#17036,1.6);
#12934=CARTESIAN_POINT('',(2.9,0.2,-0.5));
#12935=CARTESIAN_POINT('',(2.9,0.2,-3.8));
#12936=VECTOR('',#17037,3.3);
#12937=CARTESIAN_POINT('',(1.3,0.2,-0.5));
#12938=CARTESIAN_POINT('',(2.9,0.2,-0.5));
#12939=VECTOR('',#17038,1.6);
#12940=CARTESIAN_POINT('',(1.3,0.2,-3.8));
#12941=VECTOR('',#17039,3.3);
#12942=CARTESIAN_POINT('',(-2.9,0.2,0.5));
#12943=CARTESIAN_POINT('',(-1.3,0.2,0.5));
#12944=CARTESIAN_POINT('',(-2.9,0.2,0.5));
#12945=VECTOR('',#17040,1.6);
#12946=CARTESIAN_POINT('',(-1.3,0.2,3.8));
#12947=CARTESIAN_POINT('',(-1.3,0.2,3.8));
#12948=VECTOR('',#17041,3.3);
#12949=CARTESIAN_POINT('',(-2.9,0.2,3.8));
#12950=CARTESIAN_POINT('',(-1.3,0.2,3.8));
#12951=VECTOR('',#17042,1.6);
#12952=CARTESIAN_POINT('',(-2.9,0.2,3.8));
#12953=VECTOR('',#17043,3.3);
#12954=CARTESIAN_POINT('',(-2.9,0.2,-3.8));
#12955=CARTESIAN_POINT('',(-1.3,0.2,-3.8));
#12956=CARTESIAN_POINT('',(-2.9,0.2,-3.8));
#12957=VECTOR('',#17044,1.6);
#12958=CARTESIAN_POINT('',(-1.3,0.2,-0.5));
#12959=CARTESIAN_POINT('',(-1.3,0.2,-3.8));
#12960=VECTOR('',#17045,3.3);
#12961=CARTESIAN_POINT('',(-2.9,0.2,-0.5));
#12962=CARTESIAN_POINT('',(-1.3,0.2,-0.5));
#12963=VECTOR('',#17046,1.6);
#12964=CARTESIAN_POINT('',(-2.9,0.2,-3.8));
#12965=VECTOR('',#17047,3.3);
#12966=CARTESIAN_POINT('',(-7.1,0.2,0.5));
#12967=CARTESIAN_POINT('',(-5.5,0.2,0.5));
#12968=CARTESIAN_POINT('',(-7.1,0.2,0.5));
#12969=VECTOR('',#17048,1.6);
#12970=CARTESIAN_POINT('',(-5.5,0.2,3.8));
#12971=CARTESIAN_POINT('',(-5.5,0.2,3.8));
#12972=VECTOR('',#17049,3.3);
#12973=CARTESIAN_POINT('',(-7.1,0.2,3.8));
#12974=CARTESIAN_POINT('',(-5.5,0.2,3.8));
#12975=VECTOR('',#17050,1.6);
#12976=CARTESIAN_POINT('',(-7.1,0.2,3.8));
#12977=VECTOR('',#17051,3.3);
#12978=CARTESIAN_POINT('',(-7.1,0.2,-3.8));
#12979=CARTESIAN_POINT('',(-5.5,0.2,-3.8));
#12980=CARTESIAN_POINT('',(-7.1,0.2,-3.8));
#12981=VECTOR('',#17052,1.6);
#12982=CARTESIAN_POINT('',(-5.5,0.2,-0.5));
#12983=CARTESIAN_POINT('',(-5.5,0.2,-3.8));
#12984=VECTOR('',#17053,3.3);
#12985=CARTESIAN_POINT('',(-7.1,0.2,-0.5));
#12986=CARTESIAN_POINT('',(-5.5,0.2,-0.5));
#12987=VECTOR('',#17054,1.6);
#12988=CARTESIAN_POINT('',(-7.1,0.2,-3.8));
#12989=VECTOR('',#17055,3.3);
#12990=CARTESIAN_POINT('',(-11.3,0.2,0.5));
#12991=CARTESIAN_POINT('',(-9.7,0.2,0.5));
#12992=CARTESIAN_POINT('',(-11.3,0.2,0.5));
#12993=VECTOR('',#17056,1.6);
#12994=CARTESIAN_POINT('',(-9.7,0.2,3.8));
#12995=CARTESIAN_POINT('',(-9.7,0.2,3.8));
#12996=VECTOR('',#17057,3.3);
#12997=CARTESIAN_POINT('',(-11.3,0.2,3.8));
#12998=CARTESIAN_POINT('',(-9.7,0.2,3.8));
#12999=VECTOR('',#17058,1.6);
#13000=CARTESIAN_POINT('',(-11.3,0.2,3.8));
#13001=VECTOR('',#17059,3.3);
#13002=CARTESIAN_POINT('',(-11.3,0.2,-3.8));
#13003=CARTESIAN_POINT('',(-9.7,0.2,-3.8));
#13004=CARTESIAN_POINT('',(-11.3,0.2,-3.8));
#13005=VECTOR('',#17060,1.6);
#13006=CARTESIAN_POINT('',(-9.7,0.2,-0.5));
#13007=CARTESIAN_POINT('',(-9.7,0.2,-3.8));
#13008=VECTOR('',#17061,3.3);
#13009=CARTESIAN_POINT('',(-11.3,0.2,-0.5));
#13010=CARTESIAN_POINT('',(-9.7,0.2,-0.5));
#13011=VECTOR('',#17062,1.6);
#13012=CARTESIAN_POINT('',(-11.3,0.2,-3.8));
#13013=VECTOR('',#17063,3.3);
#13014=CARTESIAN_POINT('',(-15.5,0.2,0.5));
#13015=CARTESIAN_POINT('',(-13.9,0.2,0.5));
#13016=CARTESIAN_POINT('',(-15.5,0.2,0.5));
#13017=VECTOR('',#17064,1.6);
#13018=CARTESIAN_POINT('',(-13.9,0.2,3.8));
#13019=CARTESIAN_POINT('',(-13.9,0.2,3.8));
#13020=VECTOR('',#17065,3.3);
#13021=CARTESIAN_POINT('',(-15.5,0.2,3.8));
#13022=CARTESIAN_POINT('',(-13.9,0.2,3.8));
#13023=VECTOR('',#17066,1.6);
#13024=CARTESIAN_POINT('',(-15.5,0.2,3.8));
#13025=VECTOR('',#17067,3.3);
#13026=CARTESIAN_POINT('',(-15.5,0.2,-3.8));
#13027=CARTESIAN_POINT('',(-13.9,0.2,-3.8));
#13028=CARTESIAN_POINT('',(-15.5,0.2,-3.8));
#13029=VECTOR('',#17068,1.6);
#13030=CARTESIAN_POINT('',(-13.9,0.2,-0.5));
#13031=CARTESIAN_POINT('',(-13.9,0.2,-3.8));
#13032=VECTOR('',#17069,3.3);
#13033=CARTESIAN_POINT('',(-15.5,0.2,-0.5));
#13034=CARTESIAN_POINT('',(-13.9,0.2,-0.5));
#13035=VECTOR('',#17070,1.6);
#13036=CARTESIAN_POINT('',(-15.5,0.2,-3.8));
#13037=VECTOR('',#17071,3.3);
#13038=CARTESIAN_POINT('',(-19.7,0.2,0.5));
#13039=CARTESIAN_POINT('',(-18.1,0.2,0.5));
#13040=CARTESIAN_POINT('',(-19.7,0.2,0.5));
#13041=VECTOR('',#17072,1.6);
#13042=CARTESIAN_POINT('',(-18.1,0.2,3.8));
#13043=CARTESIAN_POINT('',(-18.1,0.2,3.8));
#13044=VECTOR('',#17073,3.3);
#13045=CARTESIAN_POINT('',(-19.7,0.2,3.8));
#13046=CARTESIAN_POINT('',(-18.1,0.2,3.8));
#13047=VECTOR('',#17074,1.6);
#13048=CARTESIAN_POINT('',(-19.7,0.2,3.8));
#13049=VECTOR('',#17075,3.3);
#13050=CARTESIAN_POINT('',(-22.3,0.2,3.8));
#13051=CARTESIAN_POINT('',(-22.3,0.2,3.8));
#13052=VECTOR('',#17076,1.4);
#13053=CARTESIAN_POINT('',(-24.1,0.2,-2.99));
#13054=VECTOR('',#17077,0.5656854249492);
#13055=CARTESIAN_POINT('',(-22.3,0.2,-3.8));
#13056=CARTESIAN_POINT('',(-23.7,0.2,-3.8));
#13057=VECTOR('',#17078,1.4);
#13058=CARTESIAN_POINT('',(-22.3,0.2,-0.5));
#13059=CARTESIAN_POINT('',(-22.3,0.2,-3.8));
#13060=VECTOR('',#17079,3.3);
#13061=CARTESIAN_POINT('',(-22.7,0.2,-0.5));
#13062=CARTESIAN_POINT('',(-22.3,0.2,-0.5));
#13063=VECTOR('',#17080,0.4);
#13064=CARTESIAN_POINT('',(-22.7,0.2,0.5));
#13065=CARTESIAN_POINT('',(-22.7,0.2,-0.5));
#13066=VECTOR('',#17081,1.0);
#13067=CARTESIAN_POINT('',(-22.3,0.2,0.5));
#13068=CARTESIAN_POINT('',(-22.7,0.2,0.5));
#13069=VECTOR('',#17082,0.4);
#13070=CARTESIAN_POINT('',(-22.3,0.2,3.8));
#13071=VECTOR('',#17083,3.3);
#13072=CARTESIAN_POINT('',(-19.7,0.2,-3.8));
#13073=CARTESIAN_POINT('',(-18.1,0.2,-3.8));
#13074=CARTESIAN_POINT('',(-19.7,0.2,-3.8));
#13075=VECTOR('',#17084,1.6);
#13076=CARTESIAN_POINT('',(-18.1,0.2,-0.5));
#13077=CARTESIAN_POINT('',(-18.1,0.2,-3.8));
#13078=VECTOR('',#17085,3.3);
#13079=CARTESIAN_POINT('',(-19.7,0.2,-0.5));
#13080=CARTESIAN_POINT('',(-18.1,0.2,-0.5));
#13081=VECTOR('',#17086,1.6);
#13082=CARTESIAN_POINT('',(-19.7,0.2,-3.8));
#13083=VECTOR('',#17087,3.3);
#13084=CARTESIAN_POINT('',(22.3,0.8,3.8));
#13085=CARTESIAN_POINT('',(22.3,0.2,3.8));
#13086=VECTOR('',#17088,0.6);
#13087=CARTESIAN_POINT('',(22.3,0.8,0.5));
#13088=CARTESIAN_POINT('',(22.3,0.8,0.5));
#13089=VECTOR('',#17089,3.3);
#13090=CARTESIAN_POINT('',(22.3,0.2,0.5));
#13091=VECTOR('',#17090,0.6);
#13092=CARTESIAN_POINT('',(-22.7,0.0,0.5));
#13093=CARTESIAN_POINT('',(-22.7,0.0,0.5));
#13094=VECTOR('',#17091,0.2);
#13095=CARTESIAN_POINT('',(22.7,0.0,0.5));
#13096=CARTESIAN_POINT('',(-22.7,0.0,0.5));
#13097=VECTOR('',#17092,45.4);
#13098=CARTESIAN_POINT('',(22.7,0.0,0.5));
#13099=VECTOR('',#17093,0.2);
#13100=CARTESIAN_POINT('',(19.7,0.8,0.5));
#13101=CARTESIAN_POINT('',(19.7,0.8,0.5));
#13102=VECTOR('',#17094,2.6);
#13103=CARTESIAN_POINT('',(19.7,0.2,0.5));
#13104=VECTOR('',#17095,0.6);
#13105=CARTESIAN_POINT('',(18.1,0.8,0.5));
#13106=CARTESIAN_POINT('',(18.1,0.2,0.5));
#13107=VECTOR('',#17096,0.6);
#13108=CARTESIAN_POINT('',(15.5,0.8,0.5));
#13109=CARTESIAN_POINT('',(15.5,0.8,0.5));
#13110=VECTOR('',#17097,2.6);
#13111=CARTESIAN_POINT('',(15.5,0.2,0.5));
#13112=VECTOR('',#17098,0.6);
#13113=CARTESIAN_POINT('',(13.9,0.8,0.5));
#13114=CARTESIAN_POINT('',(13.9,0.2,0.5));
#13115=VECTOR('',#17099,0.6);
#13116=CARTESIAN_POINT('',(11.3,0.8,0.5));
#13117=CARTESIAN_POINT('',(11.3,0.8,0.5));
#13118=VECTOR('',#17100,2.6);
#13119=CARTESIAN_POINT('',(11.3,0.2,0.5));
#13120=VECTOR('',#17101,0.6);
#13121=CARTESIAN_POINT('',(9.7,0.8,0.5));
#13122=CARTESIAN_POINT('',(9.7,0.2,0.5));
#13123=VECTOR('',#17102,0.6);
#13124=CARTESIAN_POINT('',(7.1,0.8,0.5));
#13125=CARTESIAN_POINT('',(7.1,0.8,0.5));
#13126=VECTOR('',#17103,2.6);
#13127=CARTESIAN_POINT('',(7.1,0.2,0.5));
#13128=VECTOR('',#17104,0.6);
#13129=CARTESIAN_POINT('',(5.5,0.8,0.5));
#13130=CARTESIAN_POINT('',(5.5,0.2,0.5));
#13131=VECTOR('',#17105,0.6);
#13132=CARTESIAN_POINT('',(2.9,0.8,0.5));
#13133=CARTESIAN_POINT('',(2.9,0.8,0.5));
#13134=VECTOR('',#17106,2.6);
#13135=CARTESIAN_POINT('',(2.9,0.2,0.5));
#13136=VECTOR('',#17107,0.6);
#13137=CARTESIAN_POINT('',(1.3,0.8,0.5));
#13138=CARTESIAN_POINT('',(1.3,0.2,0.5));
#13139=VECTOR('',#17108,0.6);
#13140=CARTESIAN_POINT('',(-1.3,0.8,0.5));
#13141=CARTESIAN_POINT('',(-1.3,0.8,0.5));
#13142=VECTOR('',#17109,2.6);
#13143=CARTESIAN_POINT('',(-1.3,0.2,0.5));
#13144=VECTOR('',#17110,0.6);
#13145=CARTESIAN_POINT('',(-2.9,0.8,0.5));
#13146=CARTESIAN_POINT('',(-2.9,0.2,0.5));
#13147=VECTOR('',#17111,0.6);
#13148=CARTESIAN_POINT('',(-5.5,0.8,0.5));
#13149=CARTESIAN_POINT('',(-5.5,0.8,0.5));
#13150=VECTOR('',#17112,2.6);
#13151=CARTESIAN_POINT('',(-5.5,0.2,0.5));
#13152=VECTOR('',#17113,0.6);
#13153=CARTESIAN_POINT('',(-7.1,0.8,0.5));
#13154=CARTESIAN_POINT('',(-7.1,0.2,0.5));
#13155=VECTOR('',#17114,0.6);
#13156=CARTESIAN_POINT('',(-9.7,0.8,0.5));
#13157=CARTESIAN_POINT('',(-9.7,0.8,0.5));
#13158=VECTOR('',#17115,2.6);
#13159=CARTESIAN_POINT('',(-9.7,0.2,0.5));
#13160=VECTOR('',#17116,0.6);
#13161=CARTESIAN_POINT('',(-11.3,0.8,0.5));
#13162=CARTESIAN_POINT('',(-11.3,0.2,0.5));
#13163=VECTOR('',#17117,0.6);
#13164=CARTESIAN_POINT('',(-13.9,0.8,0.5));
#13165=CARTESIAN_POINT('',(-13.9,0.8,0.5));
#13166=VECTOR('',#17118,2.6);
#13167=CARTESIAN_POINT('',(-13.9,0.2,0.5));
#13168=VECTOR('',#17119,0.6);
#13169=CARTESIAN_POINT('',(-15.5,0.8,0.5));
#13170=CARTESIAN_POINT('',(-15.5,0.2,0.5));
#13171=VECTOR('',#17120,0.6);
#13172=CARTESIAN_POINT('',(-18.1,0.8,0.5));
#13173=CARTESIAN_POINT('',(-18.1,0.8,0.5));
#13174=VECTOR('',#17121,2.6);
#13175=CARTESIAN_POINT('',(-18.1,0.2,0.5));
#13176=VECTOR('',#17122,0.6);
#13177=CARTESIAN_POINT('',(-19.7,0.8,0.5));
#13178=CARTESIAN_POINT('',(-19.7,0.2,0.5));
#13179=VECTOR('',#17123,0.6);
#13180=CARTESIAN_POINT('',(-22.3,0.8,0.5));
#13181=CARTESIAN_POINT('',(-22.3,0.8,0.5));
#13182=VECTOR('',#17124,2.6);
#13183=CARTESIAN_POINT('',(-22.3,0.2,0.5));
#13184=VECTOR('',#17125,0.6);
#13185=CARTESIAN_POINT('',(-22.3,0.8,3.8));
#13186=CARTESIAN_POINT('',(-22.3,0.8,3.8));
#13187=VECTOR('',#17126,3.3);
#13188=CARTESIAN_POINT('',(-22.3,0.2,3.8));
#13189=VECTOR('',#17127,0.6);
#13190=CARTESIAN_POINT('',(23.7,0.0,3.8));
#13191=CARTESIAN_POINT('',(23.7,0.0,3.8));
#13192=VECTOR('',#17128,0.2);
#13193=CARTESIAN_POINT('',(22.0,0.0,3.8));
#13194=CARTESIAN_POINT('',(22.0,0.0,3.8));
#13195=VECTOR('',#17129,1.7);
#13196=CARTESIAN_POINT('',(22.0,0.8,3.8));
#13197=CARTESIAN_POINT('',(22.0,0.8,3.8));
#13198=VECTOR('',#17130,0.8);
#13199=CARTESIAN_POINT('',(22.3,0.8,3.8));
#13200=VECTOR('',#17131,0.3);
#13201=CARTESIAN_POINT('',(19.7,0.8,3.8));
#13202=CARTESIAN_POINT('',(19.7,0.2,3.8));
#13203=VECTOR('',#17132,0.6);
#13204=CARTESIAN_POINT('',(20.0,0.8,3.8));
#13205=CARTESIAN_POINT('',(20.0,0.8,3.8));
#13206=VECTOR('',#17133,0.3);
#13207=CARTESIAN_POINT('',(20.0,0.0,3.8));
#13208=CARTESIAN_POINT('',(20.0,0.0,3.8));
#13209=VECTOR('',#17134,0.8);
#13210=CARTESIAN_POINT('',(17.8,0.0,3.8));
#13211=CARTESIAN_POINT('',(17.8,0.0,3.8));
#13212=VECTOR('',#17135,2.2);
#13213=CARTESIAN_POINT('',(17.8,0.8,3.8));
#13214=CARTESIAN_POINT('',(17.8,0.8,3.8));
#13215=VECTOR('',#17136,0.8);
#13216=CARTESIAN_POINT('',(18.1,0.8,3.8));
#13217=CARTESIAN_POINT('',(18.1,0.8,3.8));
#13218=VECTOR('',#17137,0.3);
#13219=CARTESIAN_POINT('',(18.1,0.2,3.8));
#13220=VECTOR('',#17138,0.6);
#13221=CARTESIAN_POINT('',(15.5,0.8,3.8));
#13222=CARTESIAN_POINT('',(15.5,0.2,3.8));
#13223=VECTOR('',#17139,0.6);
#13224=CARTESIAN_POINT('',(15.8,0.8,3.8));
#13225=CARTESIAN_POINT('',(15.8,0.8,3.8));
#13226=VECTOR('',#17140,0.3);
#13227=CARTESIAN_POINT('',(15.8,0.0,3.8));
#13228=CARTESIAN_POINT('',(15.8,0.0,3.8));
#13229=VECTOR('',#17141,0.8);
#13230=CARTESIAN_POINT('',(13.6,0.0,3.8));
#13231=CARTESIAN_POINT('',(13.6,0.0,3.8));
#13232=VECTOR('',#17142,2.2);
#13233=CARTESIAN_POINT('',(13.6,0.8,3.8));
#13234=CARTESIAN_POINT('',(13.6,0.8,3.8));
#13235=VECTOR('',#17143,0.8);
#13236=CARTESIAN_POINT('',(13.9,0.8,3.8));
#13237=CARTESIAN_POINT('',(13.9,0.8,3.8));
#13238=VECTOR('',#17144,0.3);
#13239=CARTESIAN_POINT('',(13.9,0.2,3.8));
#13240=VECTOR('',#17145,0.6);
#13241=CARTESIAN_POINT('',(11.3,0.8,3.8));
#13242=CARTESIAN_POINT('',(11.3,0.2,3.8));
#13243=VECTOR('',#17146,0.6);
#13244=CARTESIAN_POINT('',(11.6,0.8,3.8));
#13245=CARTESIAN_POINT('',(11.6,0.8,3.8));
#13246=VECTOR('',#17147,0.3);
#13247=CARTESIAN_POINT('',(11.6,0.0,3.8));
#13248=CARTESIAN_POINT('',(11.6,0.0,3.8));
#13249=VECTOR('',#17148,0.8);
#13250=CARTESIAN_POINT('',(9.4,0.0,3.8));
#13251=CARTESIAN_POINT('',(9.4,0.0,3.8));
#13252=VECTOR('',#17149,2.2);
#13253=CARTESIAN_POINT('',(9.4,0.8,3.8));
#13254=CARTESIAN_POINT('',(9.4,0.8,3.8));
#13255=VECTOR('',#17150,0.8);
#13256=CARTESIAN_POINT('',(9.7,0.8,3.8));
#13257=CARTESIAN_POINT('',(9.7,0.8,3.8));
#13258=VECTOR('',#17151,0.3);
#13259=CARTESIAN_POINT('',(9.7,0.2,3.8));
#13260=VECTOR('',#17152,0.6);
#13261=CARTESIAN_POINT('',(7.1,0.8,3.8));
#13262=CARTESIAN_POINT('',(7.1,0.2,3.8));
#13263=VECTOR('',#17153,0.6);
#13264=CARTESIAN_POINT('',(7.4,0.8,3.8));
#13265=CARTESIAN_POINT('',(7.4,0.8,3.8));
#13266=VECTOR('',#17154,0.3);
#13267=CARTESIAN_POINT('',(7.4,0.0,3.8));
#13268=CARTESIAN_POINT('',(7.4,0.0,3.8));
#13269=VECTOR('',#17155,0.8);
#13270=CARTESIAN_POINT('',(5.2,0.0,3.8));
#13271=CARTESIAN_POINT('',(5.2,0.0,3.8));
#13272=VECTOR('',#17156,2.2);
#13273=CARTESIAN_POINT('',(5.2,0.8,3.8));
#13274=CARTESIAN_POINT('',(5.2,0.8,3.8));
#13275=VECTOR('',#17157,0.8);
#13276=CARTESIAN_POINT('',(5.5,0.8,3.8));
#13277=CARTESIAN_POINT('',(5.5,0.8,3.8));
#13278=VECTOR('',#17158,0.3);
#13279=CARTESIAN_POINT('',(5.5,0.2,3.8));
#13280=VECTOR('',#17159,0.6);
#13281=CARTESIAN_POINT('',(2.9,0.8,3.8));
#13282=CARTESIAN_POINT('',(2.9,0.2,3.8));
#13283=VECTOR('',#17160,0.6);
#13284=CARTESIAN_POINT('',(3.2,0.8,3.8));
#13285=CARTESIAN_POINT('',(3.2,0.8,3.8));
#13286=VECTOR('',#17161,0.3);
#13287=CARTESIAN_POINT('',(3.2,0.0,3.8));
#13288=CARTESIAN_POINT('',(3.2,0.0,3.8));
#13289=VECTOR('',#17162,0.8);
#13290=CARTESIAN_POINT('',(1.0,0.0,3.8));
#13291=CARTESIAN_POINT('',(1.0,0.0,3.8));
#13292=VECTOR('',#17163,2.2);
#13293=CARTESIAN_POINT('',(1.0,0.8,3.8));
#13294=CARTESIAN_POINT('',(1.0,0.8,3.8));
#13295=VECTOR('',#17164,0.8);
#13296=CARTESIAN_POINT('',(1.3,0.8,3.8));
#13297=CARTESIAN_POINT('',(1.3,0.8,3.8));
#13298=VECTOR('',#17165,0.3);
#13299=CARTESIAN_POINT('',(1.3,0.2,3.8));
#13300=VECTOR('',#17166,0.6);
#13301=CARTESIAN_POINT('',(-1.3,0.8,3.8));
#13302=CARTESIAN_POINT('',(-1.3,0.2,3.8));
#13303=VECTOR('',#17167,0.6);
#13304=CARTESIAN_POINT('',(-1.0,0.8,3.8));
#13305=CARTESIAN_POINT('',(-1.0,0.8,3.8));
#13306=VECTOR('',#17168,0.3);
#13307=CARTESIAN_POINT('',(-1.0,0.0,3.8));
#13308=CARTESIAN_POINT('',(-1.0,0.0,3.8));
#13309=VECTOR('',#17169,0.8);
#13310=CARTESIAN_POINT('',(-3.2,0.0,3.8));
#13311=CARTESIAN_POINT('',(-3.2,0.0,3.8));
#13312=VECTOR('',#17170,2.2);
#13313=CARTESIAN_POINT('',(-3.2,0.8,3.8));
#13314=CARTESIAN_POINT('',(-3.2,0.8,3.8));
#13315=VECTOR('',#17171,0.8);
#13316=CARTESIAN_POINT('',(-2.9,0.8,3.8));
#13317=CARTESIAN_POINT('',(-2.9,0.8,3.8));
#13318=VECTOR('',#17172,0.3);
#13319=CARTESIAN_POINT('',(-2.9,0.2,3.8));
#13320=VECTOR('',#17173,0.6);
#13321=CARTESIAN_POINT('',(-5.5,0.8,3.8));
#13322=CARTESIAN_POINT('',(-5.5,0.2,3.8));
#13323=VECTOR('',#17174,0.6);
#13324=CARTESIAN_POINT('',(-5.2,0.8,3.8));
#13325=CARTESIAN_POINT('',(-5.2,0.8,3.8));
#13326=VECTOR('',#17175,0.3);
#13327=CARTESIAN_POINT('',(-5.2,0.0,3.8));
#13328=CARTESIAN_POINT('',(-5.2,0.0,3.8));
#13329=VECTOR('',#17176,0.8);
#13330=CARTESIAN_POINT('',(-7.4,0.0,3.8));
#13331=CARTESIAN_POINT('',(-7.4,0.0,3.8));
#13332=VECTOR('',#17177,2.2);
#13333=CARTESIAN_POINT('',(-7.4,0.8,3.8));
#13334=CARTESIAN_POINT('',(-7.4,0.8,3.8));
#13335=VECTOR('',#17178,0.8);
#13336=CARTESIAN_POINT('',(-7.1,0.8,3.8));
#13337=CARTESIAN_POINT('',(-7.1,0.8,3.8));
#13338=VECTOR('',#17179,0.3);
#13339=CARTESIAN_POINT('',(-7.1,0.2,3.8));
#13340=VECTOR('',#17180,0.6);
#13341=CARTESIAN_POINT('',(-9.7,0.8,3.8));
#13342=CARTESIAN_POINT('',(-9.7,0.2,3.8));
#13343=VECTOR('',#17181,0.6);
#13344=CARTESIAN_POINT('',(-9.4,0.8,3.8));
#13345=CARTESIAN_POINT('',(-9.4,0.8,3.8));
#13346=VECTOR('',#17182,0.3);
#13347=CARTESIAN_POINT('',(-9.4,0.0,3.8));
#13348=CARTESIAN_POINT('',(-9.4,0.0,3.8));
#13349=VECTOR('',#17183,0.8);
#13350=CARTESIAN_POINT('',(-11.6,0.0,3.8));
#13351=CARTESIAN_POINT('',(-11.6,0.0,3.8));
#13352=VECTOR('',#17184,2.2);
#13353=CARTESIAN_POINT('',(-11.6,0.8,3.8));
#13354=CARTESIAN_POINT('',(-11.6,0.8,3.8));
#13355=VECTOR('',#17185,0.8);
#13356=CARTESIAN_POINT('',(-11.3,0.8,3.8));
#13357=CARTESIAN_POINT('',(-11.3,0.8,3.8));
#13358=VECTOR('',#17186,0.3);
#13359=CARTESIAN_POINT('',(-11.3,0.2,3.8));
#13360=VECTOR('',#17187,0.6);
#13361=CARTESIAN_POINT('',(-13.9,0.8,3.8));
#13362=CARTESIAN_POINT('',(-13.9,0.2,3.8));
#13363=VECTOR('',#17188,0.6);
#13364=CARTESIAN_POINT('',(-13.6,0.8,3.8));
#13365=CARTESIAN_POINT('',(-13.6,0.8,3.8));
#13366=VECTOR('',#17189,0.3);
#13367=CARTESIAN_POINT('',(-13.6,0.0,3.8));
#13368=CARTESIAN_POINT('',(-13.6,0.0,3.8));
#13369=VECTOR('',#17190,0.8);
#13370=CARTESIAN_POINT('',(-15.8,0.0,3.8));
#13371=CARTESIAN_POINT('',(-15.8,0.0,3.8));
#13372=VECTOR('',#17191,2.2);
#13373=CARTESIAN_POINT('',(-15.8,0.8,3.8));
#13374=CARTESIAN_POINT('',(-15.8,0.8,3.8));
#13375=VECTOR('',#17192,0.8);
#13376=CARTESIAN_POINT('',(-15.5,0.8,3.8));
#13377=CARTESIAN_POINT('',(-15.5,0.8,3.8));
#13378=VECTOR('',#17193,0.3);
#13379=CARTESIAN_POINT('',(-15.5,0.2,3.8));
#13380=VECTOR('',#17194,0.6);
#13381=CARTESIAN_POINT('',(-18.1,0.8,3.8));
#13382=CARTESIAN_POINT('',(-18.1,0.2,3.8));
#13383=VECTOR('',#17195,0.6);
#13384=CARTESIAN_POINT('',(-17.8,0.8,3.8));
#13385=CARTESIAN_POINT('',(-17.8,0.8,3.8));
#13386=VECTOR('',#17196,0.3);
#13387=CARTESIAN_POINT('',(-17.8,0.0,3.8));
#13388=CARTESIAN_POINT('',(-17.8,0.0,3.8));
#13389=VECTOR('',#17197,0.8);
#13390=CARTESIAN_POINT('',(-20.0,0.0,3.8));
#13391=CARTESIAN_POINT('',(-20.0,0.0,3.8));
#13392=VECTOR('',#17198,2.2);
#13393=CARTESIAN_POINT('',(-20.0,0.8,3.8));
#13394=CARTESIAN_POINT('',(-20.0,0.8,3.8));
#13395=VECTOR('',#17199,0.8);
#13396=CARTESIAN_POINT('',(-19.7,0.8,3.8));
#13397=CARTESIAN_POINT('',(-19.7,0.8,3.8));
#13398=VECTOR('',#17200,0.3);
#13399=CARTESIAN_POINT('',(-19.7,0.2,3.8));
#13400=VECTOR('',#17201,0.6);
#13401=CARTESIAN_POINT('',(-22.0,0.0,3.8));
#13402=CARTESIAN_POINT('',(-23.7,0.0,3.8));
#13403=VECTOR('',#17202,1.7);
#13404=CARTESIAN_POINT('',(-22.0,0.8,3.8));
#13405=CARTESIAN_POINT('',(-22.0,0.8,3.8));
#13406=VECTOR('',#17203,0.3);
#13407=CARTESIAN_POINT('',(-22.0,0.0,3.8));
#13408=VECTOR('',#17204,0.8);
#13409=CARTESIAN_POINT('',(22.0,0.8,-4.8));
#13410=CARTESIAN_POINT('',(22.0,0.8,-3.8));
#13411=CARTESIAN_POINT('',(22.0,0.8,-4.8));
#13412=VECTOR('',#17205,1.0);
#13413=CARTESIAN_POINT('',(22.3,0.8,-3.8));
#13414=CARTESIAN_POINT('',(22.0,0.8,-3.8));
#13415=VECTOR('',#17206,0.3);
#13416=CARTESIAN_POINT('',(22.3,0.8,-0.5));
#13417=CARTESIAN_POINT('',(22.3,0.8,-3.8));
#13418=VECTOR('',#17207,3.3);
#13419=CARTESIAN_POINT('',(19.7,0.8,-0.5));
#13420=CARTESIAN_POINT('',(22.3,0.8,-0.5));
#13421=VECTOR('',#17208,2.6);
#13422=CARTESIAN_POINT('',(19.7,0.8,-3.8));
#13423=CARTESIAN_POINT('',(19.7,0.8,-0.5));
#13424=VECTOR('',#17209,3.3);
#13425=CARTESIAN_POINT('',(20.0,0.8,-3.8));
#13426=CARTESIAN_POINT('',(19.7,0.8,-3.8));
#13427=VECTOR('',#17210,0.3);
#13428=CARTESIAN_POINT('',(20.0,0.8,-4.8));
#13429=CARTESIAN_POINT('',(20.0,0.8,-3.8));
#13430=VECTOR('',#17211,1.0);
#13431=CARTESIAN_POINT('',(20.0,0.8,-4.8));
#13432=VECTOR('',#17212,2.0);
#13433=CARTESIAN_POINT('',(21.57,0.8,-3.25));
#13434=CARTESIAN_POINT('',(20.43,0.8,-3.25));
#13435=CARTESIAN_POINT('',(21.57,0.8,-3.25));
#13436=VECTOR('',#17213,1.14);
#13437=CARTESIAN_POINT('',(20.43,0.8,-2.65));
#13438=CARTESIAN_POINT('',(20.43,0.8,-3.25));
#13439=VECTOR('',#17214,0.6);
#13440=CARTESIAN_POINT('',(21.57,0.8,-2.65));
#13441=CARTESIAN_POINT('',(21.57,0.8,-2.65));
#13442=VECTOR('',#17215,1.14);
#13443=CARTESIAN_POINT('',(21.57,0.8,-3.25));
#13444=VECTOR('',#17216,0.6);
#13445=CARTESIAN_POINT('',(20.0,0.8,4.8));
#13446=CARTESIAN_POINT('',(20.0,0.8,4.8));
#13447=VECTOR('',#17217,1.0);
#13448=CARTESIAN_POINT('',(19.7,0.8,3.8));
#13449=VECTOR('',#17218,3.3);
#13450=CARTESIAN_POINT('',(22.0,0.8,4.8));
#13451=CARTESIAN_POINT('',(22.0,0.8,3.8));
#13452=VECTOR('',#17219,1.0);
#13453=CARTESIAN_POINT('',(20.0,0.8,4.8));
#13454=VECTOR('',#17220,2.0);
#13455=CARTESIAN_POINT('',(21.57,0.8,2.25));
#13456=CARTESIAN_POINT('',(20.43,0.8,2.25));
#13457=CARTESIAN_POINT('',(21.57,0.8,2.25));
#13458=VECTOR('',#17221,1.14);
#13459=CARTESIAN_POINT('',(20.43,0.8,2.85));
#13460=CARTESIAN_POINT('',(20.43,0.8,2.25));
#13461=VECTOR('',#17222,0.6);
#13462=CARTESIAN_POINT('',(21.57,0.8,2.85));
#13463=CARTESIAN_POINT('',(21.57,0.8,2.85));
#13464=VECTOR('',#17223,1.14);
#13465=CARTESIAN_POINT('',(21.57,0.8,2.25));
#13466=VECTOR('',#17224,0.6);
#13467=CARTESIAN_POINT('',(-22.0,0.0,-4.8));
#13468=CARTESIAN_POINT('',(-22.0,0.8,-4.8));
#13469=CARTESIAN_POINT('',(-22.0,0.0,-4.8));
#13470=VECTOR('',#17225,0.8);
#13471=CARTESIAN_POINT('',(-23.7,0.0,-4.8));
#13472=VECTOR('',#17226,1.7);
#13473=CARTESIAN_POINT('',(-1.7,12.8,-4.8));
#13474=CARTESIAN_POINT('',(-23.7,12.8,-4.8));
#13475=VECTOR('',#17227,22.0);
#13476=CARTESIAN_POINT('',(-1.7,9.75,-4.8));
#13477=CARTESIAN_POINT('',(-1.7,12.8,-4.8));
#13478=VECTOR('',#17228,3.05);
#13479=CARTESIAN_POINT('',(1.7,9.75,-4.8));
#13480=CARTESIAN_POINT('',(-1.7,9.75,-4.8));
#13481=VECTOR('',#17229,3.4);
#13482=CARTESIAN_POINT('',(1.7,12.8,-4.8));
#13483=CARTESIAN_POINT('',(1.7,12.8,-4.8));
#13484=VECTOR('',#17230,3.05);
#13485=CARTESIAN_POINT('',(23.7,12.8,-4.8));
#13486=CARTESIAN_POINT('',(1.7,12.8,-4.8));
#13487=VECTOR('',#17231,22.0);
#13488=CARTESIAN_POINT('',(23.7,0.0,-4.8));
#13489=CARTESIAN_POINT('',(23.7,0.0,-4.8));
#13490=VECTOR('',#17232,12.8);
#13491=CARTESIAN_POINT('',(22.0,0.0,-4.8));
#13492=CARTESIAN_POINT('',(22.0,0.0,-4.8));
#13493=VECTOR('',#17233,1.7);
#13494=CARTESIAN_POINT('',(22.0,0.0,-4.8));
#13495=VECTOR('',#17234,0.8);
#13496=CARTESIAN_POINT('',(20.0,0.0,-4.8));
#13497=CARTESIAN_POINT('',(20.0,0.0,-4.8));
#13498=VECTOR('',#17235,0.8);
#13499=CARTESIAN_POINT('',(17.8,0.0,-4.8));
#13500=CARTESIAN_POINT('',(17.8,0.0,-4.8));
#13501=VECTOR('',#17236,2.2);
#13502=CARTESIAN_POINT('',(17.8,0.8,-4.8));
#13503=CARTESIAN_POINT('',(17.8,0.0,-4.8));
#13504=VECTOR('',#17237,0.8);
#13505=CARTESIAN_POINT('',(15.8,0.8,-4.8));
#13506=CARTESIAN_POINT('',(15.8,0.8,-4.8));
#13507=VECTOR('',#17238,2.0);
#13508=CARTESIAN_POINT('',(15.8,0.0,-4.8));
#13509=CARTESIAN_POINT('',(15.8,0.0,-4.8));
#13510=VECTOR('',#17239,0.8);
#13511=CARTESIAN_POINT('',(13.6,0.0,-4.8));
#13512=CARTESIAN_POINT('',(13.6,0.0,-4.8));
#13513=VECTOR('',#17240,2.2);
#13514=CARTESIAN_POINT('',(13.6,0.8,-4.8));
#13515=CARTESIAN_POINT('',(13.6,0.0,-4.8));
#13516=VECTOR('',#17241,0.8);
#13517=CARTESIAN_POINT('',(11.6,0.8,-4.8));
#13518=CARTESIAN_POINT('',(11.6,0.8,-4.8));
#13519=VECTOR('',#17242,2.0);
#13520=CARTESIAN_POINT('',(11.6,0.0,-4.8));
#13521=CARTESIAN_POINT('',(11.6,0.0,-4.8));
#13522=VECTOR('',#17243,0.8);
#13523=CARTESIAN_POINT('',(9.4,0.0,-4.8));
#13524=CARTESIAN_POINT('',(9.4,0.0,-4.8));
#13525=VECTOR('',#17244,2.2);
#13526=CARTESIAN_POINT('',(9.4,0.8,-4.8));
#13527=CARTESIAN_POINT('',(9.4,0.0,-4.8));
#13528=VECTOR('',#17245,0.8);
#13529=CARTESIAN_POINT('',(7.4,0.8,-4.8));
#13530=CARTESIAN_POINT('',(7.4,0.8,-4.8));
#13531=VECTOR('',#17246,2.0);
#13532=CARTESIAN_POINT('',(7.4,0.0,-4.8));
#13533=CARTESIAN_POINT('',(7.4,0.0,-4.8));
#13534=VECTOR('',#17247,0.8);
#13535=CARTESIAN_POINT('',(5.2,0.0,-4.8));
#13536=CARTESIAN_POINT('',(5.2,0.0,-4.8));
#13537=VECTOR('',#17248,2.2);
#13538=CARTESIAN_POINT('',(5.2,0.8,-4.8));
#13539=CARTESIAN_POINT('',(5.2,0.0,-4.8));
#13540=VECTOR('',#17249,0.8);
#13541=CARTESIAN_POINT('',(3.2,0.8,-4.8));
#13542=CARTESIAN_POINT('',(3.2,0.8,-4.8));
#13543=VECTOR('',#17250,2.0);
#13544=CARTESIAN_POINT('',(3.2,0.0,-4.8));
#13545=CARTESIAN_POINT('',(3.2,0.0,-4.8));
#13546=VECTOR('',#17251,0.8);
#13547=CARTESIAN_POINT('',(1.0,0.0,-4.8));
#13548=CARTESIAN_POINT('',(1.0,0.0,-4.8));
#13549=VECTOR('',#17252,2.2);
#13550=CARTESIAN_POINT('',(1.0,0.8,-4.8));
#13551=CARTESIAN_POINT('',(1.0,0.0,-4.8));
#13552=VECTOR('',#17253,0.8);
#13553=CARTESIAN_POINT('',(-1.0,0.8,-4.8));
#13554=CARTESIAN_POINT('',(-1.0,0.8,-4.8));
#13555=VECTOR('',#17254,2.0);
#13556=CARTESIAN_POINT('',(-1.0,0.0,-4.8));
#13557=CARTESIAN_POINT('',(-1.0,0.0,-4.8));
#13558=VECTOR('',#17255,0.8);
#13559=CARTESIAN_POINT('',(-3.2,0.0,-4.8));
#13560=CARTESIAN_POINT('',(-3.2,0.0,-4.8));
#13561=VECTOR('',#17256,2.2);
#13562=CARTESIAN_POINT('',(-3.2,0.8,-4.8));
#13563=CARTESIAN_POINT('',(-3.2,0.0,-4.8));
#13564=VECTOR('',#17257,0.8);
#13565=CARTESIAN_POINT('',(-5.2,0.8,-4.8));
#13566=CARTESIAN_POINT('',(-5.2,0.8,-4.8));
#13567=VECTOR('',#17258,2.0);
#13568=CARTESIAN_POINT('',(-5.2,0.0,-4.8));
#13569=CARTESIAN_POINT('',(-5.2,0.0,-4.8));
#13570=VECTOR('',#17259,0.8);
#13571=CARTESIAN_POINT('',(-7.4,0.0,-4.8));
#13572=CARTESIAN_POINT('',(-7.4,0.0,-4.8));
#13573=VECTOR('',#17260,2.2);
#13574=CARTESIAN_POINT('',(-7.4,0.8,-4.8));
#13575=CARTESIAN_POINT('',(-7.4,0.0,-4.8));
#13576=VECTOR('',#17261,0.8);
#13577=CARTESIAN_POINT('',(-9.4,0.8,-4.8));
#13578=CARTESIAN_POINT('',(-9.4,0.8,-4.8));
#13579=VECTOR('',#17262,2.0);
#13580=CARTESIAN_POINT('',(-9.4,0.0,-4.8));
#13581=CARTESIAN_POINT('',(-9.4,0.0,-4.8));
#13582=VECTOR('',#17263,0.8);
#13583=CARTESIAN_POINT('',(-11.6,0.0,-4.8));
#13584=CARTESIAN_POINT('',(-11.6,0.0,-4.8));
#13585=VECTOR('',#17264,2.2);
#13586=CARTESIAN_POINT('',(-11.6,0.8,-4.8));
#13587=CARTESIAN_POINT('',(-11.6,0.0,-4.8));
#13588=VECTOR('',#17265,0.8);
#13589=CARTESIAN_POINT('',(-13.6,0.8,-4.8));
#13590=CARTESIAN_POINT('',(-13.6,0.8,-4.8));
#13591=VECTOR('',#17266,2.0);
#13592=CARTESIAN_POINT('',(-13.6,0.0,-4.8));
#13593=CARTESIAN_POINT('',(-13.6,0.0,-4.8));
#13594=VECTOR('',#17267,0.8);
#13595=CARTESIAN_POINT('',(-15.8,0.0,-4.8));
#13596=CARTESIAN_POINT('',(-15.8,0.0,-4.8));
#13597=VECTOR('',#17268,2.2);
#13598=CARTESIAN_POINT('',(-15.8,0.8,-4.8));
#13599=CARTESIAN_POINT('',(-15.8,0.0,-4.8));
#13600=VECTOR('',#17269,0.8);
#13601=CARTESIAN_POINT('',(-17.8,0.8,-4.8));
#13602=CARTESIAN_POINT('',(-17.8,0.8,-4.8));
#13603=VECTOR('',#17270,2.0);
#13604=CARTESIAN_POINT('',(-17.8,0.0,-4.8));
#13605=CARTESIAN_POINT('',(-17.8,0.0,-4.8));
#13606=VECTOR('',#17271,0.8);
#13607=CARTESIAN_POINT('',(-20.0,0.0,-4.8));
#13608=CARTESIAN_POINT('',(-20.0,0.0,-4.8));
#13609=VECTOR('',#17272,2.2);
#13610=CARTESIAN_POINT('',(-20.0,0.8,-4.8));
#13611=CARTESIAN_POINT('',(-20.0,0.0,-4.8));
#13612=VECTOR('',#17273,0.8);
#13613=CARTESIAN_POINT('',(-22.0,0.8,-4.8));
#13614=VECTOR('',#17274,2.0);
#13615=CARTESIAN_POINT('',(-20.0,0.8,-3.8));
#13616=CARTESIAN_POINT('',(-20.0,0.8,-4.8));
#13617=VECTOR('',#17275,1.0);
#13618=CARTESIAN_POINT('',(-19.7,0.8,-3.8));
#13619=CARTESIAN_POINT('',(-20.0,0.8,-3.8));
#13620=VECTOR('',#17276,0.3);
#13621=CARTESIAN_POINT('',(-19.7,0.8,-0.5));
#13622=CARTESIAN_POINT('',(-19.7,0.8,-3.8));
#13623=VECTOR('',#17277,3.3);
#13624=CARTESIAN_POINT('',(-22.3,0.8,-0.5));
#13625=CARTESIAN_POINT('',(-19.7,0.8,-0.5));
#13626=VECTOR('',#17278,2.6);
#13627=CARTESIAN_POINT('',(-22.3,0.8,-3.8));
#13628=CARTESIAN_POINT('',(-22.3,0.8,-0.5));
#13629=VECTOR('',#17279,3.3);
#13630=CARTESIAN_POINT('',(-22.0,0.8,-3.8));
#13631=CARTESIAN_POINT('',(-22.3,0.8,-3.8));
#13632=VECTOR('',#17280,0.3);
#13633=CARTESIAN_POINT('',(-22.0,0.8,-3.8));
#13634=VECTOR('',#17281,1.0);
#13635=CARTESIAN_POINT('',(-20.43,0.8,-3.25));
#13636=CARTESIAN_POINT('',(-21.57,0.8,-3.25));
#13637=CARTESIAN_POINT('',(-20.43,0.8,-3.25));
#13638=VECTOR('',#17282,1.14);
#13639=CARTESIAN_POINT('',(-21.57,0.8,-2.65));
#13640=CARTESIAN_POINT('',(-21.57,0.8,-3.25));
#13641=VECTOR('',#17283,0.6);
#13642=CARTESIAN_POINT('',(-20.43,0.8,-2.65));
#13643=CARTESIAN_POINT('',(-20.43,0.8,-2.65));
#13644=VECTOR('',#17284,1.14);
#13645=CARTESIAN_POINT('',(-20.43,0.8,-3.25));
#13646=VECTOR('',#17285,0.6);
#13647=CARTESIAN_POINT('',(-22.0,0.8,4.8));
#13648=CARTESIAN_POINT('',(-22.0,0.8,4.8));
#13649=VECTOR('',#17286,1.0);
#13650=CARTESIAN_POINT('',(-19.7,0.8,0.5));
#13651=VECTOR('',#17287,3.3);
#13652=CARTESIAN_POINT('',(-20.0,0.8,4.8));
#13653=CARTESIAN_POINT('',(-20.0,0.8,3.8));
#13654=VECTOR('',#17288,1.0);
#13655=CARTESIAN_POINT('',(-22.0,0.8,4.8));
#13656=VECTOR('',#17289,2.0);
#13657=CARTESIAN_POINT('',(-20.43,0.8,2.25));
#13658=CARTESIAN_POINT('',(-21.57,0.8,2.25));
#13659=CARTESIAN_POINT('',(-20.43,0.8,2.25));
#13660=VECTOR('',#17290,1.14);
#13661=CARTESIAN_POINT('',(-21.57,0.8,2.85));
#13662=CARTESIAN_POINT('',(-21.57,0.8,2.25));
#13663=VECTOR('',#17291,0.6);
#13664=CARTESIAN_POINT('',(-20.43,0.8,2.85));
#13665=CARTESIAN_POINT('',(-20.43,0.8,2.85));
#13666=VECTOR('',#17292,1.14);
#13667=CARTESIAN_POINT('',(-20.43,0.8,2.25));
#13668=VECTOR('',#17293,0.6);
#13669=CARTESIAN_POINT('',(-22.0,0.0,-3.8));
#13670=CARTESIAN_POINT('',(-22.0,0.8,-3.8));
#13671=VECTOR('',#17294,0.8);
#13672=CARTESIAN_POINT('',(-22.0,0.0,-4.8));
#13673=VECTOR('',#17295,1.0);
#13674=CARTESIAN_POINT('',(-22.7,0.0,-0.5));
#13675=CARTESIAN_POINT('',(-22.7,0.0,-0.5));
#13676=VECTOR('',#17296,1.0);
#13677=CARTESIAN_POINT('',(22.7,0.0,-0.5));
#13678=CARTESIAN_POINT('',(22.7,0.0,-0.5));
#13679=VECTOR('',#17297,45.4);
#13680=CARTESIAN_POINT('',(22.7,0.0,0.5));
#13681=VECTOR('',#17298,1.0);
#13682=CARTESIAN_POINT('',(22.0,0.0,4.8));
#13683=CARTESIAN_POINT('',(22.0,0.0,4.8));
#13684=VECTOR('',#17299,1.0);
#13685=CARTESIAN_POINT('',(23.7,0.0,4.8));
#13686=CARTESIAN_POINT('',(23.7,0.0,4.8));
#13687=VECTOR('',#17300,1.0);
#13688=CARTESIAN_POINT('',(22.0,0.0,4.8));
#13689=VECTOR('',#17301,1.7);
#13690=CARTESIAN_POINT('',(23.7,0.0,-3.8));
#13691=CARTESIAN_POINT('',(23.7,0.0,-3.8));
#13692=VECTOR('',#17302,1.0);
#13693=CARTESIAN_POINT('',(22.0,0.0,-3.8));
#13694=CARTESIAN_POINT('',(22.0,0.0,-3.8));
#13695=VECTOR('',#17303,1.7);
#13696=CARTESIAN_POINT('',(22.0,0.0,-4.8));
#13697=VECTOR('',#17304,1.0);
#13698=CARTESIAN_POINT('',(20.0,0.0,4.8));
#13699=CARTESIAN_POINT('',(20.0,0.0,4.8));
#13700=VECTOR('',#17305,1.0);
#13701=CARTESIAN_POINT('',(17.8,0.0,4.8));
#13702=CARTESIAN_POINT('',(17.8,0.0,4.8));
#13703=VECTOR('',#17306,2.2);
#13704=CARTESIAN_POINT('',(17.8,0.0,4.8));
#13705=VECTOR('',#17307,1.0);
#13706=CARTESIAN_POINT('',(20.0,0.0,-3.8));
#13707=CARTESIAN_POINT('',(20.0,0.0,-4.8));
#13708=VECTOR('',#17308,1.0);
#13709=CARTESIAN_POINT('',(17.8,0.0,-3.8));
#13710=CARTESIAN_POINT('',(17.8,0.0,-3.8));
#13711=VECTOR('',#17309,2.2);
#13712=CARTESIAN_POINT('',(17.8,0.0,-4.8));
#13713=VECTOR('',#17310,1.0);
#13714=CARTESIAN_POINT('',(15.8,0.0,4.8));
#13715=CARTESIAN_POINT('',(15.8,0.0,4.8));
#13716=VECTOR('',#17311,1.0);
#13717=CARTESIAN_POINT('',(13.6,0.0,4.8));
#13718=CARTESIAN_POINT('',(13.6,0.0,4.8));
#13719=VECTOR('',#17312,2.2);
#13720=CARTESIAN_POINT('',(13.6,0.0,4.8));
#13721=VECTOR('',#17313,1.0);
#13722=CARTESIAN_POINT('',(15.8,0.0,-3.8));
#13723=CARTESIAN_POINT('',(15.8,0.0,-4.8));
#13724=VECTOR('',#17314,1.0);
#13725=CARTESIAN_POINT('',(13.6,0.0,-3.8));
#13726=CARTESIAN_POINT('',(13.6,0.0,-3.8));
#13727=VECTOR('',#17315,2.2);
#13728=CARTESIAN_POINT('',(13.6,0.0,-4.8));
#13729=VECTOR('',#17316,1.0);
#13730=CARTESIAN_POINT('',(11.6,0.0,4.8));
#13731=CARTESIAN_POINT('',(11.6,0.0,4.8));
#13732=VECTOR('',#17317,1.0);
#13733=CARTESIAN_POINT('',(9.4,0.0,4.8));
#13734=CARTESIAN_POINT('',(9.4,0.0,4.8));
#13735=VECTOR('',#17318,2.2);
#13736=CARTESIAN_POINT('',(9.4,0.0,4.8));
#13737=VECTOR('',#17319,1.0);
#13738=CARTESIAN_POINT('',(11.6,0.0,-3.8));
#13739=CARTESIAN_POINT('',(11.6,0.0,-4.8));
#13740=VECTOR('',#17320,1.0);
#13741=CARTESIAN_POINT('',(9.4,0.0,-3.8));
#13742=CARTESIAN_POINT('',(9.4,0.0,-3.8));
#13743=VECTOR('',#17321,2.2);
#13744=CARTESIAN_POINT('',(9.4,0.0,-4.8));
#13745=VECTOR('',#17322,1.0);
#13746=CARTESIAN_POINT('',(7.4,0.0,4.8));
#13747=CARTESIAN_POINT('',(7.4,0.0,4.8));
#13748=VECTOR('',#17323,1.0);
#13749=CARTESIAN_POINT('',(5.2,0.0,4.8));
#13750=CARTESIAN_POINT('',(5.2,0.0,4.8));
#13751=VECTOR('',#17324,2.2);
#13752=CARTESIAN_POINT('',(5.2,0.0,4.8));
#13753=VECTOR('',#17325,1.0);
#13754=CARTESIAN_POINT('',(7.4,0.0,-3.8));
#13755=CARTESIAN_POINT('',(7.4,0.0,-4.8));
#13756=VECTOR('',#17326,1.0);
#13757=CARTESIAN_POINT('',(5.2,0.0,-3.8));
#13758=CARTESIAN_POINT('',(5.2,0.0,-3.8));
#13759=VECTOR('',#17327,2.2);
#13760=CARTESIAN_POINT('',(5.2,0.0,-4.8));
#13761=VECTOR('',#17328,1.0);
#13762=CARTESIAN_POINT('',(3.2,0.0,4.8));
#13763=CARTESIAN_POINT('',(3.2,0.0,4.8));
#13764=VECTOR('',#17329,1.0);
#13765=CARTESIAN_POINT('',(1.0,0.0,4.8));
#13766=CARTESIAN_POINT('',(1.0,0.0,4.8));
#13767=VECTOR('',#17330,2.2);
#13768=CARTESIAN_POINT('',(1.0,0.0,4.8));
#13769=VECTOR('',#17331,1.0);
#13770=CARTESIAN_POINT('',(3.2,0.0,-3.8));
#13771=CARTESIAN_POINT('',(3.2,0.0,-4.8));
#13772=VECTOR('',#17332,1.0);
#13773=CARTESIAN_POINT('',(1.0,0.0,-3.8));
#13774=CARTESIAN_POINT('',(1.0,0.0,-3.8));
#13775=VECTOR('',#17333,2.2);
#13776=CARTESIAN_POINT('',(1.0,0.0,-4.8));
#13777=VECTOR('',#17334,1.0);
#13778=CARTESIAN_POINT('',(-1.0,0.0,4.8));
#13779=CARTESIAN_POINT('',(-1.0,0.0,4.8));
#13780=VECTOR('',#17335,1.0);
#13781=CARTESIAN_POINT('',(-3.2,0.0,4.8));
#13782=CARTESIAN_POINT('',(-3.2,0.0,4.8));
#13783=VECTOR('',#17336,2.2);
#13784=CARTESIAN_POINT('',(-3.2,0.0,4.8));
#13785=VECTOR('',#17337,1.0);
#13786=CARTESIAN_POINT('',(-1.0,0.0,-3.8));
#13787=CARTESIAN_POINT('',(-1.0,0.0,-4.8));
#13788=VECTOR('',#17338,1.0);
#13789=CARTESIAN_POINT('',(-3.2,0.0,-3.8));
#13790=CARTESIAN_POINT('',(-3.2,0.0,-3.8));
#13791=VECTOR('',#17339,2.2);
#13792=CARTESIAN_POINT('',(-3.2,0.0,-4.8));
#13793=VECTOR('',#17340,1.0);
#13794=CARTESIAN_POINT('',(-5.2,0.0,4.8));
#13795=CARTESIAN_POINT('',(-5.2,0.0,4.8));
#13796=VECTOR('',#17341,1.0);
#13797=CARTESIAN_POINT('',(-7.4,0.0,4.8));
#13798=CARTESIAN_POINT('',(-7.4,0.0,4.8));
#13799=VECTOR('',#17342,2.2);
#13800=CARTESIAN_POINT('',(-7.4,0.0,4.8));
#13801=VECTOR('',#17343,1.0);
#13802=CARTESIAN_POINT('',(-5.2,0.0,-3.8));
#13803=CARTESIAN_POINT('',(-5.2,0.0,-4.8));
#13804=VECTOR('',#17344,1.0);
#13805=CARTESIAN_POINT('',(-7.4,0.0,-3.8));
#13806=CARTESIAN_POINT('',(-7.4,0.0,-3.8));
#13807=VECTOR('',#17345,2.2);
#13808=CARTESIAN_POINT('',(-7.4,0.0,-4.8));
#13809=VECTOR('',#17346,1.0);
#13810=CARTESIAN_POINT('',(-9.4,0.0,4.8));
#13811=CARTESIAN_POINT('',(-9.4,0.0,4.8));
#13812=VECTOR('',#17347,1.0);
#13813=CARTESIAN_POINT('',(-11.6,0.0,4.8));
#13814=CARTESIAN_POINT('',(-11.6,0.0,4.8));
#13815=VECTOR('',#17348,2.2);
#13816=CARTESIAN_POINT('',(-11.6,0.0,4.8));
#13817=VECTOR('',#17349,1.0);
#13818=CARTESIAN_POINT('',(-9.4,0.0,-3.8));
#13819=CARTESIAN_POINT('',(-9.4,0.0,-4.8));
#13820=VECTOR('',#17350,1.0);
#13821=CARTESIAN_POINT('',(-11.6,0.0,-3.8));
#13822=CARTESIAN_POINT('',(-11.6,0.0,-3.8));
#13823=VECTOR('',#17351,2.2);
#13824=CARTESIAN_POINT('',(-11.6,0.0,-4.8));
#13825=VECTOR('',#17352,1.0);
#13826=CARTESIAN_POINT('',(-13.6,0.0,4.8));
#13827=CARTESIAN_POINT('',(-13.6,0.0,4.8));
#13828=VECTOR('',#17353,1.0);
#13829=CARTESIAN_POINT('',(-15.8,0.0,4.8));
#13830=CARTESIAN_POINT('',(-15.8,0.0,4.8));
#13831=VECTOR('',#17354,2.2);
#13832=CARTESIAN_POINT('',(-15.8,0.0,4.8));
#13833=VECTOR('',#17355,1.0);
#13834=CARTESIAN_POINT('',(-13.6,0.0,-3.8));
#13835=CARTESIAN_POINT('',(-13.6,0.0,-4.8));
#13836=VECTOR('',#17356,1.0);
#13837=CARTESIAN_POINT('',(-15.8,0.0,-3.8));
#13838=CARTESIAN_POINT('',(-15.8,0.0,-3.8));
#13839=VECTOR('',#17357,2.2);
#13840=CARTESIAN_POINT('',(-15.8,0.0,-4.8));
#13841=VECTOR('',#17358,1.0);
#13842=CARTESIAN_POINT('',(-17.8,0.0,4.8));
#13843=CARTESIAN_POINT('',(-17.8,0.0,4.8));
#13844=VECTOR('',#17359,1.0);
#13845=CARTESIAN_POINT('',(-20.0,0.0,4.8));
#13846=CARTESIAN_POINT('',(-20.0,0.0,4.8));
#13847=VECTOR('',#17360,2.2);
#13848=CARTESIAN_POINT('',(-20.0,0.0,4.8));
#13849=VECTOR('',#17361,1.0);
#13850=CARTESIAN_POINT('',(-22.0,0.0,4.8));
#13851=CARTESIAN_POINT('',(-23.7,0.0,4.8));
#13852=VECTOR('',#17362,1.7);
#13853=CARTESIAN_POINT('',(-22.0,0.0,4.8));
#13854=VECTOR('',#17363,1.0);
#13855=CARTESIAN_POINT('',(-23.7,0.0,-3.8));
#13856=VECTOR('',#17364,1.7);
#13857=CARTESIAN_POINT('',(-17.8,0.0,-3.8));
#13858=CARTESIAN_POINT('',(-17.8,0.0,-4.8));
#13859=VECTOR('',#17365,1.0);
#13860=CARTESIAN_POINT('',(-20.0,0.0,-3.8));
#13861=CARTESIAN_POINT('',(-20.0,0.0,-3.8));
#13862=VECTOR('',#17366,2.2);
#13863=CARTESIAN_POINT('',(-20.0,0.0,-4.8));
#13864=VECTOR('',#17367,1.0);
#13865=CARTESIAN_POINT('',(22.7,0.0,-0.5));
#13866=VECTOR('',#17368,0.2);
#13867=CARTESIAN_POINT('',(-18.1,0.8,-0.5));
#13868=CARTESIAN_POINT('',(-18.1,0.2,-0.5));
#13869=VECTOR('',#17369,0.6);
#13870=CARTESIAN_POINT('',(-15.5,0.8,-0.5));
#13871=CARTESIAN_POINT('',(-15.5,0.8,-0.5));
#13872=VECTOR('',#17370,2.6);
#13873=CARTESIAN_POINT('',(-15.5,0.2,-0.5));
#13874=VECTOR('',#17371,0.6);
#13875=CARTESIAN_POINT('',(-13.9,0.8,-0.5));
#13876=CARTESIAN_POINT('',(-13.9,0.2,-0.5));
#13877=VECTOR('',#17372,0.6);
#13878=CARTESIAN_POINT('',(-11.3,0.8,-0.5));
#13879=CARTESIAN_POINT('',(-11.3,0.8,-0.5));
#13880=VECTOR('',#17373,2.6);
#13881=CARTESIAN_POINT('',(-11.3,0.2,-0.5));
#13882=VECTOR('',#17374,0.6);
#13883=CARTESIAN_POINT('',(-9.7,0.8,-0.5));
#13884=CARTESIAN_POINT('',(-9.7,0.2,-0.5));
#13885=VECTOR('',#17375,0.6);
#13886=CARTESIAN_POINT('',(-7.1,0.8,-0.5));
#13887=CARTESIAN_POINT('',(-7.1,0.8,-0.5));
#13888=VECTOR('',#17376,2.6);
#13889=CARTESIAN_POINT('',(-7.1,0.2,-0.5));
#13890=VECTOR('',#17377,0.6);
#13891=CARTESIAN_POINT('',(-5.5,0.8,-0.5));
#13892=CARTESIAN_POINT('',(-5.5,0.2,-0.5));
#13893=VECTOR('',#17378,0.6);
#13894=CARTESIAN_POINT('',(-2.9,0.8,-0.5));
#13895=CARTESIAN_POINT('',(-2.9,0.8,-0.5));
#13896=VECTOR('',#17379,2.6);
#13897=CARTESIAN_POINT('',(-2.9,0.2,-0.5));
#13898=VECTOR('',#17380,0.6);
#13899=CARTESIAN_POINT('',(-1.3,0.8,-0.5));
#13900=CARTESIAN_POINT('',(-1.3,0.2,-0.5));
#13901=VECTOR('',#17381,0.6);
#13902=CARTESIAN_POINT('',(1.3,0.8,-0.5));
#13903=CARTESIAN_POINT('',(1.3,0.8,-0.5));
#13904=VECTOR('',#17382,2.6);
#13905=CARTESIAN_POINT('',(1.3,0.2,-0.5));
#13906=VECTOR('',#17383,0.6);
#13907=CARTESIAN_POINT('',(2.9,0.8,-0.5));
#13908=CARTESIAN_POINT('',(2.9,0.2,-0.5));
#13909=VECTOR('',#17384,0.6);
#13910=CARTESIAN_POINT('',(5.5,0.8,-0.5));
#13911=CARTESIAN_POINT('',(5.5,0.8,-0.5));
#13912=VECTOR('',#17385,2.6);
#13913=CARTESIAN_POINT('',(5.5,0.2,-0.5));
#13914=VECTOR('',#17386,0.6);
#13915=CARTESIAN_POINT('',(7.1,0.8,-0.5));
#13916=CARTESIAN_POINT('',(7.1,0.2,-0.5));
#13917=VECTOR('',#17387,0.6);
#13918=CARTESIAN_POINT('',(9.7,0.8,-0.5));
#13919=CARTESIAN_POINT('',(9.7,0.8,-0.5));
#13920=VECTOR('',#17388,2.6);
#13921=CARTESIAN_POINT('',(9.7,0.2,-0.5));
#13922=VECTOR('',#17389,0.6);
#13923=CARTESIAN_POINT('',(11.3,0.8,-0.5));
#13924=CARTESIAN_POINT('',(11.3,0.2,-0.5));
#13925=VECTOR('',#17390,0.6);
#13926=CARTESIAN_POINT('',(13.9,0.8,-0.5));
#13927=CARTESIAN_POINT('',(13.9,0.8,-0.5));
#13928=VECTOR('',#17391,2.6);
#13929=CARTESIAN_POINT('',(13.9,0.2,-0.5));
#13930=VECTOR('',#17392,0.6);
#13931=CARTESIAN_POINT('',(15.5,0.8,-0.5));
#13932=CARTESIAN_POINT('',(15.5,0.2,-0.5));
#13933=VECTOR('',#17393,0.6);
#13934=CARTESIAN_POINT('',(18.1,0.8,-0.5));
#13935=CARTESIAN_POINT('',(18.1,0.8,-0.5));
#13936=VECTOR('',#17394,2.6);
#13937=CARTESIAN_POINT('',(18.1,0.2,-0.5));
#13938=VECTOR('',#17395,0.6);
#13939=CARTESIAN_POINT('',(19.7,0.2,-0.5));
#13940=VECTOR('',#17396,0.6);
#13941=CARTESIAN_POINT('',(22.3,0.2,-0.5));
#13942=VECTOR('',#17397,0.6);
#13943=CARTESIAN_POINT('',(-22.7,0.0,-0.5));
#13944=VECTOR('',#17398,0.2);
#13945=CARTESIAN_POINT('',(-22.3,0.2,-0.5));
#13946=VECTOR('',#17399,0.6);
#13947=CARTESIAN_POINT('',(-19.7,0.2,-0.5));
#13948=VECTOR('',#17400,0.6);
#13949=CARTESIAN_POINT('',(-19.7,0.2,-3.8));
#13950=VECTOR('',#17401,0.6);
#13951=CARTESIAN_POINT('',(23.7,0.0,-3.8));
#13952=VECTOR('',#17402,0.2);
#13953=CARTESIAN_POINT('',(22.3,0.2,-3.8));
#13954=VECTOR('',#17403,0.6);
#13955=CARTESIAN_POINT('',(22.0,0.0,-3.8));
#13956=VECTOR('',#17404,0.8);
#13957=CARTESIAN_POINT('',(20.0,0.8,-3.8));
#13958=VECTOR('',#17405,0.8);
#13959=CARTESIAN_POINT('',(19.7,0.2,-3.8));
#13960=VECTOR('',#17406,0.6);
#13961=CARTESIAN_POINT('',(18.1,0.8,-3.8));
#13962=CARTESIAN_POINT('',(18.1,0.2,-3.8));
#13963=VECTOR('',#17407,0.6);
#13964=CARTESIAN_POINT('',(17.8,0.8,-3.8));
#13965=CARTESIAN_POINT('',(17.8,0.8,-3.8));
#13966=VECTOR('',#17408,0.3);
#13967=CARTESIAN_POINT('',(17.8,0.0,-3.8));
#13968=VECTOR('',#17409,0.8);
#13969=CARTESIAN_POINT('',(15.8,0.8,-3.8));
#13970=CARTESIAN_POINT('',(15.8,0.8,-3.8));
#13971=VECTOR('',#17410,0.8);
#13972=CARTESIAN_POINT('',(15.5,0.8,-3.8));
#13973=CARTESIAN_POINT('',(15.5,0.8,-3.8));
#13974=VECTOR('',#17411,0.3);
#13975=CARTESIAN_POINT('',(15.5,0.2,-3.8));
#13976=VECTOR('',#17412,0.6);
#13977=CARTESIAN_POINT('',(13.9,0.8,-3.8));
#13978=CARTESIAN_POINT('',(13.9,0.2,-3.8));
#13979=VECTOR('',#17413,0.6);
#13980=CARTESIAN_POINT('',(13.6,0.8,-3.8));
#13981=CARTESIAN_POINT('',(13.6,0.8,-3.8));
#13982=VECTOR('',#17414,0.3);
#13983=CARTESIAN_POINT('',(13.6,0.0,-3.8));
#13984=VECTOR('',#17415,0.8);
#13985=CARTESIAN_POINT('',(11.6,0.8,-3.8));
#13986=CARTESIAN_POINT('',(11.6,0.8,-3.8));
#13987=VECTOR('',#17416,0.8);
#13988=CARTESIAN_POINT('',(11.3,0.8,-3.8));
#13989=CARTESIAN_POINT('',(11.3,0.8,-3.8));
#13990=VECTOR('',#17417,0.3);
#13991=CARTESIAN_POINT('',(11.3,0.2,-3.8));
#13992=VECTOR('',#17418,0.6);
#13993=CARTESIAN_POINT('',(9.7,0.8,-3.8));
#13994=CARTESIAN_POINT('',(9.7,0.2,-3.8));
#13995=VECTOR('',#17419,0.6);
#13996=CARTESIAN_POINT('',(9.4,0.8,-3.8));
#13997=CARTESIAN_POINT('',(9.4,0.8,-3.8));
#13998=VECTOR('',#17420,0.3);
#13999=CARTESIAN_POINT('',(9.4,0.0,-3.8));
#14000=VECTOR('',#17421,0.8);
#14001=CARTESIAN_POINT('',(7.4,0.8,-3.8));
#14002=CARTESIAN_POINT('',(7.4,0.8,-3.8));
#14003=VECTOR('',#17422,0.8);
#14004=CARTESIAN_POINT('',(7.1,0.8,-3.8));
#14005=CARTESIAN_POINT('',(7.1,0.8,-3.8));
#14006=VECTOR('',#17423,0.3);
#14007=CARTESIAN_POINT('',(7.1,0.2,-3.8));
#14008=VECTOR('',#17424,0.6);
#14009=CARTESIAN_POINT('',(5.5,0.8,-3.8));
#14010=CARTESIAN_POINT('',(5.5,0.2,-3.8));
#14011=VECTOR('',#17425,0.6);
#14012=CARTESIAN_POINT('',(5.2,0.8,-3.8));
#14013=CARTESIAN_POINT('',(5.2,0.8,-3.8));
#14014=VECTOR('',#17426,0.3);
#14015=CARTESIAN_POINT('',(5.2,0.0,-3.8));
#14016=VECTOR('',#17427,0.8);
#14017=CARTESIAN_POINT('',(3.2,0.8,-3.8));
#14018=CARTESIAN_POINT('',(3.2,0.8,-3.8));
#14019=VECTOR('',#17428,0.8);
#14020=CARTESIAN_POINT('',(2.9,0.8,-3.8));
#14021=CARTESIAN_POINT('',(2.9,0.8,-3.8));
#14022=VECTOR('',#17429,0.3);
#14023=CARTESIAN_POINT('',(2.9,0.2,-3.8));
#14024=VECTOR('',#17430,0.6);
#14025=CARTESIAN_POINT('',(1.3,0.8,-3.8));
#14026=CARTESIAN_POINT('',(1.3,0.2,-3.8));
#14027=VECTOR('',#17431,0.6);
#14028=CARTESIAN_POINT('',(1.0,0.8,-3.8));
#14029=CARTESIAN_POINT('',(1.0,0.8,-3.8));
#14030=VECTOR('',#17432,0.3);
#14031=CARTESIAN_POINT('',(1.0,0.0,-3.8));
#14032=VECTOR('',#17433,0.8);
#14033=CARTESIAN_POINT('',(-1.0,0.8,-3.8));
#14034=CARTESIAN_POINT('',(-1.0,0.8,-3.8));
#14035=VECTOR('',#17434,0.8);
#14036=CARTESIAN_POINT('',(-1.3,0.8,-3.8));
#14037=CARTESIAN_POINT('',(-1.3,0.8,-3.8));
#14038=VECTOR('',#17435,0.3);
#14039=CARTESIAN_POINT('',(-1.3,0.2,-3.8));
#14040=VECTOR('',#17436,0.6);
#14041=CARTESIAN_POINT('',(-2.9,0.8,-3.8));
#14042=CARTESIAN_POINT('',(-2.9,0.2,-3.8));
#14043=VECTOR('',#17437,0.6);
#14044=CARTESIAN_POINT('',(-3.2,0.8,-3.8));
#14045=CARTESIAN_POINT('',(-3.2,0.8,-3.8));
#14046=VECTOR('',#17438,0.3);
#14047=CARTESIAN_POINT('',(-3.2,0.0,-3.8));
#14048=VECTOR('',#17439,0.8);
#14049=CARTESIAN_POINT('',(-5.2,0.8,-3.8));
#14050=CARTESIAN_POINT('',(-5.2,0.8,-3.8));
#14051=VECTOR('',#17440,0.8);
#14052=CARTESIAN_POINT('',(-5.5,0.8,-3.8));
#14053=CARTESIAN_POINT('',(-5.5,0.8,-3.8));
#14054=VECTOR('',#17441,0.3);
#14055=CARTESIAN_POINT('',(-5.5,0.2,-3.8));
#14056=VECTOR('',#17442,0.6);
#14057=CARTESIAN_POINT('',(-7.1,0.8,-3.8));
#14058=CARTESIAN_POINT('',(-7.1,0.2,-3.8));
#14059=VECTOR('',#17443,0.6);
#14060=CARTESIAN_POINT('',(-7.4,0.8,-3.8));
#14061=CARTESIAN_POINT('',(-7.4,0.8,-3.8));
#14062=VECTOR('',#17444,0.3);
#14063=CARTESIAN_POINT('',(-7.4,0.0,-3.8));
#14064=VECTOR('',#17445,0.8);
#14065=CARTESIAN_POINT('',(-9.4,0.8,-3.8));
#14066=CARTESIAN_POINT('',(-9.4,0.8,-3.8));
#14067=VECTOR('',#17446,0.8);
#14068=CARTESIAN_POINT('',(-9.7,0.8,-3.8));
#14069=CARTESIAN_POINT('',(-9.7,0.8,-3.8));
#14070=VECTOR('',#17447,0.3);
#14071=CARTESIAN_POINT('',(-9.7,0.2,-3.8));
#14072=VECTOR('',#17448,0.6);
#14073=CARTESIAN_POINT('',(-11.3,0.8,-3.8));
#14074=CARTESIAN_POINT('',(-11.3,0.2,-3.8));
#14075=VECTOR('',#17449,0.6);
#14076=CARTESIAN_POINT('',(-11.6,0.8,-3.8));
#14077=CARTESIAN_POINT('',(-11.6,0.8,-3.8));
#14078=VECTOR('',#17450,0.3);
#14079=CARTESIAN_POINT('',(-11.6,0.0,-3.8));
#14080=VECTOR('',#17451,0.8);
#14081=CARTESIAN_POINT('',(-13.6,0.8,-3.8));
#14082=CARTESIAN_POINT('',(-13.6,0.8,-3.8));
#14083=VECTOR('',#17452,0.8);
#14084=CARTESIAN_POINT('',(-13.9,0.8,-3.8));
#14085=CARTESIAN_POINT('',(-13.9,0.8,-3.8));
#14086=VECTOR('',#17453,0.3);
#14087=CARTESIAN_POINT('',(-13.9,0.2,-3.8));
#14088=VECTOR('',#17454,0.6);
#14089=CARTESIAN_POINT('',(-15.5,0.8,-3.8));
#14090=CARTESIAN_POINT('',(-15.5,0.2,-3.8));
#14091=VECTOR('',#17455,0.6);
#14092=CARTESIAN_POINT('',(-15.8,0.8,-3.8));
#14093=CARTESIAN_POINT('',(-15.8,0.8,-3.8));
#14094=VECTOR('',#17456,0.3);
#14095=CARTESIAN_POINT('',(-15.8,0.0,-3.8));
#14096=VECTOR('',#17457,0.8);
#14097=CARTESIAN_POINT('',(-22.3,0.2,-3.8));
#14098=VECTOR('',#17458,0.6);
#14099=CARTESIAN_POINT('',(-17.8,0.8,-3.8));
#14100=CARTESIAN_POINT('',(-17.8,0.8,-3.8));
#14101=VECTOR('',#17459,0.8);
#14102=CARTESIAN_POINT('',(-18.1,0.8,-3.8));
#14103=CARTESIAN_POINT('',(-18.1,0.8,-3.8));
#14104=VECTOR('',#17460,0.3);
#14105=CARTESIAN_POINT('',(-18.1,0.2,-3.8));
#14106=VECTOR('',#17461,0.6);
#14107=CARTESIAN_POINT('',(-20.0,0.0,-3.8));
#14108=VECTOR('',#17462,0.8);
#14109=CARTESIAN_POINT('',(23.7,12.8,2.2));
#14110=CARTESIAN_POINT('',(23.7,12.8,-4.8));
#14111=VECTOR('',#17463,7.0);
#14112=CARTESIAN_POINT('',(23.7,12.8,2.2));
#14113=VECTOR('',#17464,12.6);
#14114=CARTESIAN_POINT('',(23.7,12.8,4.8));
#14115=CARTESIAN_POINT('',(23.7,12.8,3.0));
#14116=VECTOR('',#17465,1.8);
#14117=CARTESIAN_POINT('',(23.7,12.8,4.8));
#14118=VECTOR('',#17466,12.8);
#14119=AXIS2_PLACEMENT_3D('',#17467,#17468,#17469);
#14120=CARTESIAN_POINT('',(-24.1,12.8,-2.99));
#14121=VECTOR('',#17470,0.5656854249492);
#14122=CARTESIAN_POINT('',(-23.7,12.8,4.8));
#14123=VECTOR('',#17471,47.4);
#14124=CARTESIAN_POINT('',(-1.7,12.8,-4.8));
#14125=VECTOR('',#17472,3.4);
#14126=CARTESIAN_POINT('',(19.2,12.8,3.9));
#14127=CARTESIAN_POINT('',(22.8,12.8,3.9));
#14128=CARTESIAN_POINT('',(19.2,12.8,3.9));
#14129=VECTOR('',#17473,3.6);
#14130=CARTESIAN_POINT('',(19.2,12.8,0.3));
#14131=CARTESIAN_POINT('',(19.2,12.8,0.3));
#14132=VECTOR('',#17474,3.6);
#14133=CARTESIAN_POINT('',(22.8,12.8,0.3));
#14134=CARTESIAN_POINT('',(22.8,12.8,0.3));
#14135=VECTOR('',#17475,3.6);
#14136=CARTESIAN_POINT('',(22.8,12.8,3.9));
#14137=VECTOR('',#17476,3.6);
#14138=CARTESIAN_POINT('',(21.9,12.8,-0.3));
#14139=CARTESIAN_POINT('',(22.8,12.8,-1.2));
#14140=CARTESIAN_POINT('',(21.9,12.8,-0.3));
#14141=VECTOR('',#17477,1.272792206136);
#14142=CARTESIAN_POINT('',(20.1,12.8,-0.3));
#14143=CARTESIAN_POINT('',(20.1,12.8,-0.3));
#14144=VECTOR('',#17478,1.8);
#14145=CARTESIAN_POINT('',(19.2,12.8,-1.2));
#14146=CARTESIAN_POINT('',(19.2,12.8,-1.2));
#14147=VECTOR('',#17479,1.272792206136);
#14148=CARTESIAN_POINT('',(19.2,12.8,-3.9));
#14149=CARTESIAN_POINT('',(19.2,12.8,-3.9));
#14150=VECTOR('',#17480,2.7);
#14151=CARTESIAN_POINT('',(22.8,12.8,-3.9));
#14152=CARTESIAN_POINT('',(22.8,12.8,-3.9));
#14153=VECTOR('',#17481,3.6);
#14154=CARTESIAN_POINT('',(22.8,12.8,-1.2));
#14155=VECTOR('',#17482,2.7);
#14156=CARTESIAN_POINT('',(14.4,12.8,-3.9));
#14157=CARTESIAN_POINT('',(10.8,12.8,-3.9));
#14158=CARTESIAN_POINT('',(14.4,12.8,-3.9));
#14159=VECTOR('',#17483,3.6);
#14160=CARTESIAN_POINT('',(14.4,12.8,-0.3));
#14161=CARTESIAN_POINT('',(14.4,12.8,-0.3));
#14162=VECTOR('',#17484,3.6);
#14163=CARTESIAN_POINT('',(10.8,12.8,-0.3));
#14164=CARTESIAN_POINT('',(10.8,12.8,-0.3));
#14165=VECTOR('',#17485,3.6);
#14166=CARTESIAN_POINT('',(10.8,12.8,-3.9));
#14167=VECTOR('',#17486,3.6);
#14168=CARTESIAN_POINT('',(14.4,12.8,0.3));
#14169=CARTESIAN_POINT('',(10.8,12.8,0.3));
#14170=CARTESIAN_POINT('',(14.4,12.8,0.3));
#14171=VECTOR('',#17487,3.6);
#14172=CARTESIAN_POINT('',(14.4,12.8,3.0));
#14173=CARTESIAN_POINT('',(14.4,12.8,3.0));
#14174=VECTOR('',#17488,2.7);
#14175=CARTESIAN_POINT('',(13.5,12.8,3.9));
#14176=CARTESIAN_POINT('',(13.5,12.8,3.9));
#14177=VECTOR('',#17489,1.272792206136);
#14178=CARTESIAN_POINT('',(11.7,12.8,3.9));
#14179=CARTESIAN_POINT('',(11.7,12.8,3.9));
#14180=VECTOR('',#17490,1.8);
#14181=CARTESIAN_POINT('',(10.8,12.8,3.0));
#14182=CARTESIAN_POINT('',(10.8,12.8,3.0));
#14183=VECTOR('',#17491,1.272792206136);
#14184=CARTESIAN_POINT('',(10.8,12.8,0.3));
#14185=VECTOR('',#17492,2.7);
#14186=CARTESIAN_POINT('',(17.7,12.8,3.9));
#14187=CARTESIAN_POINT('',(18.6,12.8,3.0));
#14188=CARTESIAN_POINT('',(17.7,12.8,3.9));
#14189=VECTOR('',#17493,1.272792206136);
#14190=CARTESIAN_POINT('',(15.9,12.8,3.9));
#14191=CARTESIAN_POINT('',(15.9,12.8,3.9));
#14192=VECTOR('',#17494,1.8);
#14193=CARTESIAN_POINT('',(15.0,12.8,3.0));
#14194=CARTESIAN_POINT('',(15.0,12.8,3.0));
#14195=VECTOR('',#17495,1.272792206136);
#14196=CARTESIAN_POINT('',(15.0,12.8,0.3));
#14197=CARTESIAN_POINT('',(15.0,12.8,0.3));
#14198=VECTOR('',#17496,2.7);
#14199=CARTESIAN_POINT('',(18.6,12.8,0.3));
#14200=CARTESIAN_POINT('',(18.6,12.8,0.3));
#14201=VECTOR('',#17497,3.6);
#14202=CARTESIAN_POINT('',(18.6,12.8,3.0));
#14203=VECTOR('',#17498,2.7);
#14204=CARTESIAN_POINT('',(15.0,12.8,-0.3));
#14205=CARTESIAN_POINT('',(18.6,12.8,-0.3));
#14206=CARTESIAN_POINT('',(15.0,12.8,-0.3));
#14207=VECTOR('',#17499,3.6);
#14208=CARTESIAN_POINT('',(15.0,12.8,-3.9));
#14209=CARTESIAN_POINT('',(15.0,12.8,-3.9));
#14210=VECTOR('',#17500,3.6);
#14211=CARTESIAN_POINT('',(18.6,12.8,-3.9));
#14212=CARTESIAN_POINT('',(18.6,12.8,-3.9));
#14213=VECTOR('',#17501,3.6);
#14214=CARTESIAN_POINT('',(18.6,12.8,-0.3));
#14215=VECTOR('',#17502,3.6);
#14216=CARTESIAN_POINT('',(0.9,12.8,3.9));
#14217=CARTESIAN_POINT('',(1.8,12.8,3.0));
#14218=CARTESIAN_POINT('',(0.9,12.8,3.9));
#14219=VECTOR('',#17503,1.272792206136);
#14220=CARTESIAN_POINT('',(-0.9,12.8,3.9));
#14221=CARTESIAN_POINT('',(-0.9,12.8,3.9));
#14222=VECTOR('',#17504,1.8);
#14223=CARTESIAN_POINT('',(-1.8,12.8,3.0));
#14224=CARTESIAN_POINT('',(-1.8,12.8,3.0));
#14225=VECTOR('',#17505,1.272792206136);
#14226=CARTESIAN_POINT('',(-1.8,12.8,0.3));
#14227=CARTESIAN_POINT('',(-1.8,12.8,0.3));
#14228=VECTOR('',#17506,2.7);
#14229=CARTESIAN_POINT('',(1.8,12.8,0.3));
#14230=CARTESIAN_POINT('',(1.8,12.8,0.3));
#14231=VECTOR('',#17507,3.6);
#14232=CARTESIAN_POINT('',(1.8,12.8,3.0));
#14233=VECTOR('',#17508,2.7);
#14234=CARTESIAN_POINT('',(-1.8,12.8,-0.3));
#14235=CARTESIAN_POINT('',(1.8,12.8,-0.3));
#14236=CARTESIAN_POINT('',(-1.8,12.8,-0.3));
#14237=VECTOR('',#17509,3.6);
#14238=CARTESIAN_POINT('',(-1.8,12.8,-3.9));
#14239=CARTESIAN_POINT('',(-1.8,12.8,-3.9));
#14240=VECTOR('',#17510,3.6);
#14241=CARTESIAN_POINT('',(1.8,12.8,-3.9));
#14242=CARTESIAN_POINT('',(1.8,12.8,-3.9));
#14243=VECTOR('',#17511,3.6);
#14244=CARTESIAN_POINT('',(1.8,12.8,-0.3));
#14245=VECTOR('',#17512,3.6);
#14246=CARTESIAN_POINT('',(-2.4,12.8,-3.9));
#14247=CARTESIAN_POINT('',(-6.0,12.8,-3.9));
#14248=CARTESIAN_POINT('',(-2.4,12.8,-3.9));
#14249=VECTOR('',#17513,3.6);
#14250=CARTESIAN_POINT('',(-2.4,12.8,-0.3));
#14251=CARTESIAN_POINT('',(-2.4,12.8,-0.3));
#14252=VECTOR('',#17514,3.6);
#14253=CARTESIAN_POINT('',(-6.0,12.8,-0.3));
#14254=CARTESIAN_POINT('',(-6.0,12.8,-0.3));
#14255=VECTOR('',#17515,3.6);
#14256=CARTESIAN_POINT('',(-6.0,12.8,-3.9));
#14257=VECTOR('',#17516,3.6);
#14258=CARTESIAN_POINT('',(-2.4,12.8,0.3));
#14259=CARTESIAN_POINT('',(-6.0,12.8,0.3));
#14260=CARTESIAN_POINT('',(-2.4,12.8,0.3));
#14261=VECTOR('',#17517,3.6);
#14262=CARTESIAN_POINT('',(-2.4,12.8,3.0));
#14263=CARTESIAN_POINT('',(-2.4,12.8,3.0));
#14264=VECTOR('',#17518,2.7);
#14265=CARTESIAN_POINT('',(-3.3,12.8,3.9));
#14266=CARTESIAN_POINT('',(-3.3,12.8,3.9));
#14267=VECTOR('',#17519,1.272792206136);
#14268=CARTESIAN_POINT('',(-5.1,12.8,3.9));
#14269=CARTESIAN_POINT('',(-5.1,12.8,3.9));
#14270=VECTOR('',#17520,1.8);
#14271=CARTESIAN_POINT('',(-6.0,12.8,3.0));
#14272=CARTESIAN_POINT('',(-6.0,12.8,3.0));
#14273=VECTOR('',#17521,1.272792206136);
#14274=CARTESIAN_POINT('',(-6.0,12.8,0.3));
#14275=VECTOR('',#17522,2.7);
#14276=CARTESIAN_POINT('',(-15.9,12.8,3.9));
#14277=CARTESIAN_POINT('',(-15.0,12.8,3.0));
#14278=CARTESIAN_POINT('',(-15.9,12.8,3.9));
#14279=VECTOR('',#17523,1.272792206136);
#14280=CARTESIAN_POINT('',(-17.7,12.8,3.9));
#14281=CARTESIAN_POINT('',(-17.7,12.8,3.9));
#14282=VECTOR('',#17524,1.8);
#14283=CARTESIAN_POINT('',(-18.6,12.8,3.0));
#14284=CARTESIAN_POINT('',(-18.6,12.8,3.0));
#14285=VECTOR('',#17525,1.272792206136);
#14286=CARTESIAN_POINT('',(-18.6,12.8,0.3));
#14287=CARTESIAN_POINT('',(-18.6,12.8,0.3));
#14288=VECTOR('',#17526,2.7);
#14289=CARTESIAN_POINT('',(-15.0,12.8,0.3));
#14290=CARTESIAN_POINT('',(-15.0,12.8,0.3));
#14291=VECTOR('',#17527,3.6);
#14292=CARTESIAN_POINT('',(-15.0,12.8,3.0));
#14293=VECTOR('',#17528,2.7);
#14294=CARTESIAN_POINT('',(-18.6,12.8,-0.3));
#14295=CARTESIAN_POINT('',(-15.0,12.8,-0.3));
#14296=CARTESIAN_POINT('',(-18.6,12.8,-0.3));
#14297=VECTOR('',#17529,3.6);
#14298=CARTESIAN_POINT('',(-18.6,12.8,-3.9));
#14299=CARTESIAN_POINT('',(-18.6,12.8,-3.9));
#14300=VECTOR('',#17530,3.6);
#14301=CARTESIAN_POINT('',(-15.0,12.8,-3.9));
#14302=CARTESIAN_POINT('',(-15.0,12.8,-3.9));
#14303=VECTOR('',#17531,3.6);
#14304=CARTESIAN_POINT('',(-15.0,12.8,-0.3));
#14305=VECTOR('',#17532,3.6);
#14306=CARTESIAN_POINT('',(-19.2,12.8,-3.9));
#14307=CARTESIAN_POINT('',(-22.8,12.8,-3.9));
#14308=CARTESIAN_POINT('',(-19.2,12.8,-3.9));
#14309=VECTOR('',#17533,3.6);
#14310=CARTESIAN_POINT('',(-19.2,12.8,-0.3));
#14311=CARTESIAN_POINT('',(-19.2,12.8,-0.3));
#14312=VECTOR('',#17534,3.6);
#14313=CARTESIAN_POINT('',(-22.8,12.8,-0.3));
#14314=CARTESIAN_POINT('',(-22.8,12.8,-0.3));
#14315=VECTOR('',#17535,3.6);
#14316=CARTESIAN_POINT('',(-22.8,12.8,-3.9));
#14317=VECTOR('',#17536,3.6);
#14318=CARTESIAN_POINT('',(-19.2,12.8,0.3));
#14319=CARTESIAN_POINT('',(-22.8,12.8,0.3));
#14320=CARTESIAN_POINT('',(-19.2,12.8,0.3));
#14321=VECTOR('',#17537,3.6);
#14322=CARTESIAN_POINT('',(-19.2,12.8,3.0));
#14323=CARTESIAN_POINT('',(-19.2,12.8,3.0));
#14324=VECTOR('',#17538,2.7);
#14325=CARTESIAN_POINT('',(-20.1,12.8,3.9));
#14326=CARTESIAN_POINT('',(-20.1,12.8,3.9));
#14327=VECTOR('',#17539,1.272792206136);
#14328=CARTESIAN_POINT('',(-21.9,12.8,3.9));
#14329=CARTESIAN_POINT('',(-21.9,12.8,3.9));
#14330=VECTOR('',#17540,1.8);
#14331=CARTESIAN_POINT('',(-22.8,12.8,3.0));
#14332=CARTESIAN_POINT('',(-22.8,12.8,3.0));
#14333=VECTOR('',#17541,1.272792206136);
#14334=CARTESIAN_POINT('',(-22.8,12.8,0.3));
#14335=VECTOR('',#17542,2.7);
#14336=CARTESIAN_POINT('',(6.6,12.8,3.9));
#14337=CARTESIAN_POINT('',(10.2,12.8,3.9));
#14338=CARTESIAN_POINT('',(6.6,12.8,3.9));
#14339=VECTOR('',#17543,3.6);
#14340=CARTESIAN_POINT('',(6.6,12.8,0.3));
#14341=CARTESIAN_POINT('',(6.6,12.8,0.3));
#14342=VECTOR('',#17544,3.6);
#14343=CARTESIAN_POINT('',(10.2,12.8,0.3));
#14344=CARTESIAN_POINT('',(10.2,12.8,0.3));
#14345=VECTOR('',#17545,3.6);
#14346=CARTESIAN_POINT('',(10.2,12.8,3.9));
#14347=VECTOR('',#17546,3.6);
#14348=CARTESIAN_POINT('',(9.3,12.8,-0.3));
#14349=CARTESIAN_POINT('',(10.2,12.8,-1.2));
#14350=CARTESIAN_POINT('',(9.3,12.8,-0.3));
#14351=VECTOR('',#17547,1.272792206136);
#14352=CARTESIAN_POINT('',(7.5,12.8,-0.3));
#14353=CARTESIAN_POINT('',(7.5,12.8,-0.3));
#14354=VECTOR('',#17548,1.8);
#14355=CARTESIAN_POINT('',(6.6,12.8,-1.2));
#14356=CARTESIAN_POINT('',(6.6,12.8,-1.2));
#14357=VECTOR('',#17549,1.272792206136);
#14358=CARTESIAN_POINT('',(6.6,12.8,-3.9));
#14359=CARTESIAN_POINT('',(6.6,12.8,-3.9));
#14360=VECTOR('',#17550,2.7);
#14361=CARTESIAN_POINT('',(10.2,12.8,-3.9));
#14362=CARTESIAN_POINT('',(10.2,12.8,-3.9));
#14363=VECTOR('',#17551,3.6);
#14364=CARTESIAN_POINT('',(10.2,12.8,-1.2));
#14365=VECTOR('',#17552,2.7);
#14366=CARTESIAN_POINT('',(6.0,12.8,-1.2));
#14367=CARTESIAN_POINT('',(6.0,12.8,-3.9));
#14368=CARTESIAN_POINT('',(6.0,12.8,-1.2));
#14369=VECTOR('',#17553,2.7);
#14370=CARTESIAN_POINT('',(5.1,12.8,-0.3));
#14371=CARTESIAN_POINT('',(5.1,12.8,-0.3));
#14372=VECTOR('',#17554,1.272792206136);
#14373=CARTESIAN_POINT('',(3.3,12.8,-0.3));
#14374=CARTESIAN_POINT('',(3.3,12.8,-0.3));
#14375=VECTOR('',#17555,1.8);
#14376=CARTESIAN_POINT('',(2.4,12.8,-1.2));
#14377=CARTESIAN_POINT('',(2.4,12.8,-1.2));
#14378=VECTOR('',#17556,1.272792206136);
#14379=CARTESIAN_POINT('',(2.4,12.8,-3.9));
#14380=CARTESIAN_POINT('',(2.4,12.8,-3.9));
#14381=VECTOR('',#17557,2.7);
#14382=CARTESIAN_POINT('',(6.0,12.8,-3.9));
#14383=VECTOR('',#17558,3.6);
#14384=CARTESIAN_POINT('',(6.0,12.8,3.9));
#14385=CARTESIAN_POINT('',(6.0,12.8,0.3));
#14386=CARTESIAN_POINT('',(6.0,12.8,3.9));
#14387=VECTOR('',#17559,3.6);
#14388=CARTESIAN_POINT('',(2.4,12.8,3.9));
#14389=CARTESIAN_POINT('',(2.4,12.8,3.9));
#14390=VECTOR('',#17560,3.6);
#14391=CARTESIAN_POINT('',(2.4,12.8,0.3));
#14392=CARTESIAN_POINT('',(2.4,12.8,0.3));
#14393=VECTOR('',#17561,3.6);
#14394=CARTESIAN_POINT('',(6.0,12.8,0.3));
#14395=VECTOR('',#17562,3.6);
#14396=CARTESIAN_POINT('',(-10.2,12.8,3.9));
#14397=CARTESIAN_POINT('',(-6.6,12.8,3.9));
#14398=CARTESIAN_POINT('',(-10.2,12.8,3.9));
#14399=VECTOR('',#17563,3.6);
#14400=CARTESIAN_POINT('',(-10.2,12.8,0.3));
#14401=CARTESIAN_POINT('',(-10.2,12.8,0.3));
#14402=VECTOR('',#17564,3.6);
#14403=CARTESIAN_POINT('',(-6.6,12.8,0.3));
#14404=CARTESIAN_POINT('',(-6.6,12.8,0.3));
#14405=VECTOR('',#17565,3.6);
#14406=CARTESIAN_POINT('',(-6.6,12.8,3.9));
#14407=VECTOR('',#17566,3.6);
#14408=CARTESIAN_POINT('',(-7.5,12.8,-0.3));
#14409=CARTESIAN_POINT('',(-6.6,12.8,-1.2));
#14410=CARTESIAN_POINT('',(-7.5,12.8,-0.3));
#14411=VECTOR('',#17567,1.272792206136);
#14412=CARTESIAN_POINT('',(-9.3,12.8,-0.3));
#14413=CARTESIAN_POINT('',(-9.3,12.8,-0.3));
#14414=VECTOR('',#17568,1.8);
#14415=CARTESIAN_POINT('',(-10.2,12.8,-1.2));
#14416=CARTESIAN_POINT('',(-10.2,12.8,-1.2));
#14417=VECTOR('',#17569,1.272792206136);
#14418=CARTESIAN_POINT('',(-10.2,12.8,-3.9));
#14419=CARTESIAN_POINT('',(-10.2,12.8,-3.9));
#14420=VECTOR('',#17570,2.7);
#14421=CARTESIAN_POINT('',(-6.6,12.8,-3.9));
#14422=CARTESIAN_POINT('',(-6.6,12.8,-3.9));
#14423=VECTOR('',#17571,3.6);
#14424=CARTESIAN_POINT('',(-6.6,12.8,-1.2));
#14425=VECTOR('',#17572,2.7);
#14426=CARTESIAN_POINT('',(-10.8,12.8,-1.2));
#14427=CARTESIAN_POINT('',(-10.8,12.8,-3.9));
#14428=CARTESIAN_POINT('',(-10.8,12.8,-1.2));
#14429=VECTOR('',#17573,2.7);
#14430=CARTESIAN_POINT('',(-11.7,12.8,-0.3));
#14431=CARTESIAN_POINT('',(-11.7,12.8,-0.3));
#14432=VECTOR('',#17574,1.272792206136);
#14433=CARTESIAN_POINT('',(-13.5,12.8,-0.3));
#14434=CARTESIAN_POINT('',(-13.5,12.8,-0.3));
#14435=VECTOR('',#17575,1.8);
#14436=CARTESIAN_POINT('',(-14.4,12.8,-1.2));
#14437=CARTESIAN_POINT('',(-14.4,12.8,-1.2));
#14438=VECTOR('',#17576,1.272792206136);
#14439=CARTESIAN_POINT('',(-14.4,12.8,-3.9));
#14440=CARTESIAN_POINT('',(-14.4,12.8,-3.9));
#14441=VECTOR('',#17577,2.7);
#14442=CARTESIAN_POINT('',(-10.8,12.8,-3.9));
#14443=VECTOR('',#17578,3.6);
#14444=CARTESIAN_POINT('',(-10.8,12.8,3.9));
#14445=CARTESIAN_POINT('',(-10.8,12.8,0.3));
#14446=CARTESIAN_POINT('',(-10.8,12.8,3.9));
#14447=VECTOR('',#17579,3.6);
#14448=CARTESIAN_POINT('',(-14.4,12.8,3.9));
#14449=CARTESIAN_POINT('',(-14.4,12.8,3.9));
#14450=VECTOR('',#17580,3.6);
#14451=CARTESIAN_POINT('',(-14.4,12.8,0.3));
#14452=CARTESIAN_POINT('',(-14.4,12.8,0.3));
#14453=VECTOR('',#17581,3.6);
#14454=CARTESIAN_POINT('',(-10.8,12.8,0.3));
#14455=VECTOR('',#17582,3.6);
#14456=CARTESIAN_POINT('',(1.7,10.45,-6.2));
#14457=CARTESIAN_POINT('',(1.7,10.45,-6.2));
#14458=VECTOR('',#17583,2.735415873318);
#14459=CARTESIAN_POINT('',(-1.7,10.45,-6.2));
#14460=CARTESIAN_POINT('',(-1.7,10.45,-6.2));
#14461=VECTOR('',#17584,3.4);
#14462=CARTESIAN_POINT('',(-1.7,10.45,-6.2));
#14463=VECTOR('',#17585,2.735415873318);
#14464=CARTESIAN_POINT('',(-1.7,9.75,-6.2));
#14465=CARTESIAN_POINT('',(-1.7,9.75,-6.2));
#14466=VECTOR('',#17586,0.7);
#14467=CARTESIAN_POINT('',(-1.7,9.75,-4.8));
#14468=VECTOR('',#17587,1.4);
#14469=CARTESIAN_POINT('',(1.7,9.75,-6.2));
#14470=CARTESIAN_POINT('',(-1.7,9.75,-6.2));
#14471=VECTOR('',#17588,3.4);
#14472=CARTESIAN_POINT('',(1.7,9.75,-4.8));
#14473=VECTOR('',#17589,1.4);
#14474=CARTESIAN_POINT('',(1.7,9.75,-6.2));
#14475=VECTOR('',#17590,0.7);
#14476=CARTESIAN_POINT('',(-20.0,0.0,4.8));
#14477=VECTOR('',#17591,0.8);
#14478=CARTESIAN_POINT('',(-17.8,0.8,4.8));
#14479=CARTESIAN_POINT('',(-17.8,0.0,4.8));
#14480=VECTOR('',#17592,0.8);
#14481=CARTESIAN_POINT('',(-15.8,0.8,4.8));
#14482=CARTESIAN_POINT('',(-17.8,0.8,4.8));
#14483=VECTOR('',#17593,2.0);
#14484=CARTESIAN_POINT('',(-15.8,0.0,4.8));
#14485=VECTOR('',#17594,0.8);
#14486=CARTESIAN_POINT('',(-13.6,0.8,4.8));
#14487=CARTESIAN_POINT('',(-13.6,0.0,4.8));
#14488=VECTOR('',#17595,0.8);
#14489=CARTESIAN_POINT('',(-11.6,0.8,4.8));
#14490=CARTESIAN_POINT('',(-13.6,0.8,4.8));
#14491=VECTOR('',#17596,2.0);
#14492=CARTESIAN_POINT('',(-11.6,0.0,4.8));
#14493=VECTOR('',#17597,0.8);
#14494=CARTESIAN_POINT('',(-9.4,0.8,4.8));
#14495=CARTESIAN_POINT('',(-9.4,0.0,4.8));
#14496=VECTOR('',#17598,0.8);
#14497=CARTESIAN_POINT('',(-7.4,0.8,4.8));
#14498=CARTESIAN_POINT('',(-9.4,0.8,4.8));
#14499=VECTOR('',#17599,2.0);
#14500=CARTESIAN_POINT('',(-7.4,0.0,4.8));
#14501=VECTOR('',#17600,0.8);
#14502=CARTESIAN_POINT('',(-5.2,0.8,4.8));
#14503=CARTESIAN_POINT('',(-5.2,0.0,4.8));
#14504=VECTOR('',#17601,0.8);
#14505=CARTESIAN_POINT('',(-3.2,0.8,4.8));
#14506=CARTESIAN_POINT('',(-5.2,0.8,4.8));
#14507=VECTOR('',#17602,2.0);
#14508=CARTESIAN_POINT('',(-3.2,0.0,4.8));
#14509=VECTOR('',#17603,0.8);
#14510=CARTESIAN_POINT('',(-1.0,0.8,4.8));
#14511=CARTESIAN_POINT('',(-1.0,0.0,4.8));
#14512=VECTOR('',#17604,0.8);
#14513=CARTESIAN_POINT('',(1.0,0.8,4.8));
#14514=CARTESIAN_POINT('',(-1.0,0.8,4.8));
#14515=VECTOR('',#17605,2.0);
#14516=CARTESIAN_POINT('',(1.0,0.0,4.8));
#14517=VECTOR('',#17606,0.8);
#14518=CARTESIAN_POINT('',(3.2,0.8,4.8));
#14519=CARTESIAN_POINT('',(3.2,0.0,4.8));
#14520=VECTOR('',#17607,0.8);
#14521=CARTESIAN_POINT('',(5.2,0.8,4.8));
#14522=CARTESIAN_POINT('',(3.2,0.8,4.8));
#14523=VECTOR('',#17608,2.0);
#14524=CARTESIAN_POINT('',(5.2,0.0,4.8));
#14525=VECTOR('',#17609,0.8);
#14526=CARTESIAN_POINT('',(7.4,0.8,4.8));
#14527=CARTESIAN_POINT('',(7.4,0.0,4.8));
#14528=VECTOR('',#17610,0.8);
#14529=CARTESIAN_POINT('',(9.4,0.8,4.8));
#14530=CARTESIAN_POINT('',(7.4,0.8,4.8));
#14531=VECTOR('',#17611,2.0);
#14532=CARTESIAN_POINT('',(9.4,0.0,4.8));
#14533=VECTOR('',#17612,0.8);
#14534=CARTESIAN_POINT('',(11.6,0.8,4.8));
#14535=CARTESIAN_POINT('',(11.6,0.0,4.8));
#14536=VECTOR('',#17613,0.8);
#14537=CARTESIAN_POINT('',(13.6,0.8,4.8));
#14538=CARTESIAN_POINT('',(11.6,0.8,4.8));
#14539=VECTOR('',#17614,2.0);
#14540=CARTESIAN_POINT('',(13.6,0.0,4.8));
#14541=VECTOR('',#17615,0.8);
#14542=CARTESIAN_POINT('',(15.8,0.8,4.8));
#14543=CARTESIAN_POINT('',(15.8,0.0,4.8));
#14544=VECTOR('',#17616,0.8);
#14545=CARTESIAN_POINT('',(17.8,0.8,4.8));
#14546=CARTESIAN_POINT('',(15.8,0.8,4.8));
#14547=VECTOR('',#17617,2.0);
#14548=CARTESIAN_POINT('',(17.8,0.0,4.8));
#14549=VECTOR('',#17618,0.8);
#14550=CARTESIAN_POINT('',(20.0,0.0,4.8));
#14551=VECTOR('',#17619,0.8);
#14552=CARTESIAN_POINT('',(22.0,0.0,4.8));
#14553=VECTOR('',#17620,0.8);
#14554=CARTESIAN_POINT('',(-22.0,0.0,4.8));
#14555=VECTOR('',#17621,0.8);
#14556=CARTESIAN_POINT('',(17.8,0.8,3.8));
#14557=VECTOR('',#17622,1.0);
#14558=CARTESIAN_POINT('',(17.8,0.8,-4.8));
#14559=VECTOR('',#17623,1.0);
#14560=CARTESIAN_POINT('',(18.1,0.8,-3.8));
#14561=VECTOR('',#17624,3.3);
#14562=CARTESIAN_POINT('',(15.5,0.8,-0.5));
#14563=VECTOR('',#17625,3.3);
#14564=CARTESIAN_POINT('',(15.8,0.8,-3.8));
#14565=VECTOR('',#17626,1.0);
#14566=CARTESIAN_POINT('',(17.37,0.8,-3.25));
#14567=CARTESIAN_POINT('',(16.23,0.8,-3.25));
#14568=CARTESIAN_POINT('',(17.37,0.8,-3.25));
#14569=VECTOR('',#17627,1.14);
#14570=CARTESIAN_POINT('',(16.23,0.8,-2.65));
#14571=CARTESIAN_POINT('',(16.23,0.8,-3.25));
#14572=VECTOR('',#17628,0.6);
#14573=CARTESIAN_POINT('',(17.37,0.8,-2.65));
#14574=CARTESIAN_POINT('',(17.37,0.8,-2.65));
#14575=VECTOR('',#17629,1.14);
#14576=CARTESIAN_POINT('',(17.37,0.8,-3.25));
#14577=VECTOR('',#17630,0.6);
#14578=CARTESIAN_POINT('',(15.8,0.8,4.8));
#14579=VECTOR('',#17631,1.0);
#14580=CARTESIAN_POINT('',(15.5,0.8,3.8));
#14581=VECTOR('',#17632,3.3);
#14582=CARTESIAN_POINT('',(18.1,0.8,0.5));
#14583=VECTOR('',#17633,3.3);
#14584=CARTESIAN_POINT('',(17.37,0.8,2.25));
#14585=CARTESIAN_POINT('',(16.23,0.8,2.25));
#14586=CARTESIAN_POINT('',(17.37,0.8,2.25));
#14587=VECTOR('',#17634,1.14);
#14588=CARTESIAN_POINT('',(16.23,0.8,2.85));
#14589=CARTESIAN_POINT('',(16.23,0.8,2.25));
#14590=VECTOR('',#17635,0.6);
#14591=CARTESIAN_POINT('',(17.37,0.8,2.85));
#14592=CARTESIAN_POINT('',(17.37,0.8,2.85));
#14593=VECTOR('',#17636,1.14);
#14594=CARTESIAN_POINT('',(17.37,0.8,2.25));
#14595=VECTOR('',#17637,0.6);
#14596=CARTESIAN_POINT('',(17.37,4.3,-2.85));
#14597=CARTESIAN_POINT('',(17.37,3.7,-3.25));
#14598=CARTESIAN_POINT('',(17.37,4.3,-2.85));
#14599=VECTOR('',#17638,0.7211102550928);
#14600=CARTESIAN_POINT('',(17.37,9.2,-2.85));
#14601=CARTESIAN_POINT('',(17.37,9.2,-2.85));
#14602=VECTOR('',#17639,4.9);
#14603=CARTESIAN_POINT('',(17.37,9.2,-1.71));
#14604=CARTESIAN_POINT('',(17.37,9.2,-1.71));
#14605=VECTOR('',#17640,1.14);
#14606=CARTESIAN_POINT('',(17.37,3.7,-1.71));
#14607=CARTESIAN_POINT('',(17.37,3.7,-1.71));
#14608=VECTOR('',#17641,5.5);
#14609=CARTESIAN_POINT('',(17.37,3.7,-1.71));
#14610=VECTOR('',#17642,1.54);
#14611=CARTESIAN_POINT('',(17.37,9.2,1.31));
#14612=CARTESIAN_POINT('',(17.37,3.7,1.31));
#14613=CARTESIAN_POINT('',(17.37,9.2,1.31));
#14614=VECTOR('',#17643,5.5);
#14615=CARTESIAN_POINT('',(17.37,9.2,2.45));
#14616=CARTESIAN_POINT('',(17.37,9.2,2.45));
#14617=VECTOR('',#17644,1.14);
#14618=CARTESIAN_POINT('',(17.37,4.3,2.45));
#14619=CARTESIAN_POINT('',(17.37,4.3,2.45));
#14620=VECTOR('',#17645,4.9);
#14621=CARTESIAN_POINT('',(17.37,3.7,2.85));
#14622=CARTESIAN_POINT('',(17.37,3.7,2.85));
#14623=VECTOR('',#17646,0.7211102550928);
#14624=CARTESIAN_POINT('',(17.37,3.7,2.85));
#14625=VECTOR('',#17647,1.54);
#14626=CARTESIAN_POINT('',(17.37,-2.23,-2.65));
#14627=CARTESIAN_POINT('',(17.37,-2.23,-2.65));
#14628=VECTOR('',#17648,3.03);
#14629=CARTESIAN_POINT('',(17.37,-3.5,-3.1));
#14630=CARTESIAN_POINT('',(17.37,-3.5,-3.1));
#14631=VECTOR('',#17649,1.347367804276);
#14632=CARTESIAN_POINT('',(17.37,-3.5,-3.25));
#14633=CARTESIAN_POINT('',(17.37,-3.5,-3.25));
#14634=VECTOR('',#17650,0.15);
#14635=CARTESIAN_POINT('',(17.37,0.8,-3.25));
#14636=VECTOR('',#17651,4.3);
#14637=CARTESIAN_POINT('',(17.37,-3.5,2.85));
#14638=CARTESIAN_POINT('',(17.37,-3.5,2.85));
#14639=VECTOR('',#17652,4.3);
#14640=CARTESIAN_POINT('',(17.37,-3.5,2.7));
#14641=CARTESIAN_POINT('',(17.37,-3.5,2.7));
#14642=VECTOR('',#17653,0.15);
#14643=CARTESIAN_POINT('',(17.37,-2.23,2.25));
#14644=CARTESIAN_POINT('',(17.37,-2.23,2.25));
#14645=VECTOR('',#17654,1.347367804276);
#14646=CARTESIAN_POINT('',(17.37,0.8,2.25));
#14647=VECTOR('',#17655,3.03);
#14648=CARTESIAN_POINT('',(18.6,3.7,0.3));
#14649=CARTESIAN_POINT('',(15.0,3.7,0.3));
#14650=CARTESIAN_POINT('',(18.6,3.7,0.3));
#14651=VECTOR('',#17656,3.6);
#14652=CARTESIAN_POINT('',(15.0,3.7,3.0));
#14653=CARTESIAN_POINT('',(15.0,3.7,0.3));
#14654=VECTOR('',#17657,2.7);
#14655=CARTESIAN_POINT('',(15.9,3.7,3.9));
#14656=CARTESIAN_POINT('',(15.0,3.7,3.0));
#14657=VECTOR('',#17658,1.272792206136);
#14658=CARTESIAN_POINT('',(17.7,3.7,3.9));
#14659=CARTESIAN_POINT('',(15.9,3.7,3.9));
#14660=VECTOR('',#17659,1.8);
#14661=CARTESIAN_POINT('',(18.6,3.7,3.0));
#14662=CARTESIAN_POINT('',(17.7,3.7,3.9));
#14663=VECTOR('',#17660,1.272792206136);
#14664=CARTESIAN_POINT('',(18.6,3.7,3.0));
#14665=VECTOR('',#17661,2.7);
#14666=CARTESIAN_POINT('',(16.23,3.7,2.85));
#14667=CARTESIAN_POINT('',(17.37,3.7,2.85));
#14668=VECTOR('',#17662,1.14);
#14669=CARTESIAN_POINT('',(16.23,3.7,1.31));
#14670=CARTESIAN_POINT('',(16.23,3.7,1.31));
#14671=VECTOR('',#17663,1.54);
#14672=CARTESIAN_POINT('',(17.37,3.7,1.31));
#14673=VECTOR('',#17664,1.14);
#14674=CARTESIAN_POINT('',(18.6,3.7,-3.9));
#14675=CARTESIAN_POINT('',(15.0,3.7,-3.9));
#14676=CARTESIAN_POINT('',(18.6,3.7,-3.9));
#14677=VECTOR('',#17665,3.6);
#14678=CARTESIAN_POINT('',(15.0,3.7,-0.3));
#14679=CARTESIAN_POINT('',(15.0,3.7,-3.9));
#14680=VECTOR('',#17666,3.6);
#14681=CARTESIAN_POINT('',(18.6,3.7,-0.3));
#14682=CARTESIAN_POINT('',(15.0,3.7,-0.3));
#14683=VECTOR('',#17667,3.6);
#14684=CARTESIAN_POINT('',(18.6,3.7,-0.3));
#14685=VECTOR('',#17668,3.6);
#14686=CARTESIAN_POINT('',(16.23,3.7,-1.71));
#14687=CARTESIAN_POINT('',(17.37,3.7,-1.71));
#14688=VECTOR('',#17669,1.14);
#14689=CARTESIAN_POINT('',(16.23,3.7,-3.25));
#14690=CARTESIAN_POINT('',(16.23,3.7,-3.25));
#14691=VECTOR('',#17670,1.54);
#14692=CARTESIAN_POINT('',(17.37,3.7,-3.25));
#14693=VECTOR('',#17671,1.14);
#14694=CARTESIAN_POINT('',(10.8,3.7,-0.3));
#14695=CARTESIAN_POINT('',(14.4,3.7,-0.3));
#14696=CARTESIAN_POINT('',(10.8,3.7,-0.3));
#14697=VECTOR('',#17672,3.6);
#14698=CARTESIAN_POINT('',(14.4,3.7,-3.9));
#14699=CARTESIAN_POINT('',(14.4,3.7,-0.3));
#14700=VECTOR('',#17673,3.6);
#14701=CARTESIAN_POINT('',(10.8,3.7,-3.9));
#14702=CARTESIAN_POINT('',(14.4,3.7,-3.9));
#14703=VECTOR('',#17674,3.6);
#14704=CARTESIAN_POINT('',(10.8,3.7,-3.9));
#14705=VECTOR('',#17675,3.6);
#14706=CARTESIAN_POINT('',(13.17,3.7,-1.71));
#14707=CARTESIAN_POINT('',(12.03,3.7,-1.71));
#14708=CARTESIAN_POINT('',(13.17,3.7,-1.71));
#14709=VECTOR('',#17676,1.14);
#14710=CARTESIAN_POINT('',(12.03,3.7,-3.25));
#14711=CARTESIAN_POINT('',(12.03,3.7,-3.25));
#14712=VECTOR('',#17677,1.54);
#14713=CARTESIAN_POINT('',(13.17,3.7,-3.25));
#14714=CARTESIAN_POINT('',(13.17,3.7,-3.25));
#14715=VECTOR('',#17678,1.14);
#14716=CARTESIAN_POINT('',(13.17,3.7,-1.71));
#14717=VECTOR('',#17679,1.54);
#14718=CARTESIAN_POINT('',(10.8,3.7,3.0));
#14719=CARTESIAN_POINT('',(11.7,3.7,3.9));
#14720=CARTESIAN_POINT('',(10.8,3.7,3.0));
#14721=VECTOR('',#17680,1.272792206136);
#14722=CARTESIAN_POINT('',(13.5,3.7,3.9));
#14723=CARTESIAN_POINT('',(11.7,3.7,3.9));
#14724=VECTOR('',#17681,1.8);
#14725=CARTESIAN_POINT('',(14.4,3.7,3.0));
#14726=CARTESIAN_POINT('',(13.5,3.7,3.9));
#14727=VECTOR('',#17682,1.272792206136);
#14728=CARTESIAN_POINT('',(14.4,3.7,0.3));
#14729=CARTESIAN_POINT('',(14.4,3.7,3.0));
#14730=VECTOR('',#17683,2.7);
#14731=CARTESIAN_POINT('',(10.8,3.7,0.3));
#14732=CARTESIAN_POINT('',(14.4,3.7,0.3));
#14733=VECTOR('',#17684,3.6);
#14734=CARTESIAN_POINT('',(10.8,3.7,0.3));
#14735=VECTOR('',#17685,2.7);
#14736=CARTESIAN_POINT('',(13.17,3.7,2.85));
#14737=CARTESIAN_POINT('',(12.03,3.7,2.85));
#14738=CARTESIAN_POINT('',(13.17,3.7,2.85));
#14739=VECTOR('',#17686,1.14);
#14740=CARTESIAN_POINT('',(12.03,3.7,1.31));
#14741=CARTESIAN_POINT('',(12.03,3.7,1.31));
#14742=VECTOR('',#17687,1.54);
#14743=CARTESIAN_POINT('',(13.17,3.7,1.31));
#14744=CARTESIAN_POINT('',(13.17,3.7,1.31));
#14745=VECTOR('',#17688,1.14);
#14746=CARTESIAN_POINT('',(13.17,3.7,2.85));
#14747=VECTOR('',#17689,1.54);
#14748=CARTESIAN_POINT('',(18.6,12.8,0.3));
#14749=VECTOR('',#17690,9.1);
#14750=CARTESIAN_POINT('',(18.6,12.8,3.0));
#14751=VECTOR('',#17691,9.1);
#14752=CARTESIAN_POINT('',(17.7,12.8,3.9));
#14753=VECTOR('',#17692,9.1);
#14754=CARTESIAN_POINT('',(15.9,12.8,3.9));
#14755=VECTOR('',#17693,9.1);
#14756=CARTESIAN_POINT('',(15.0,12.8,3.0));
#14757=VECTOR('',#17694,9.1);
#14758=CARTESIAN_POINT('',(15.0,12.8,0.3));
#14759=VECTOR('',#17695,9.1);
#14760=CARTESIAN_POINT('',(18.6,12.8,-3.9));
#14761=VECTOR('',#17696,9.1);
#14762=CARTESIAN_POINT('',(18.6,12.8,-0.3));
#14763=VECTOR('',#17697,9.1);
#14764=CARTESIAN_POINT('',(15.0,12.8,-0.3));
#14765=VECTOR('',#17698,9.1);
#14766=CARTESIAN_POINT('',(15.0,12.8,-3.9));
#14767=VECTOR('',#17699,9.1);
#14768=CARTESIAN_POINT('',(10.8,12.8,-0.3));
#14769=VECTOR('',#17700,9.1);
#14770=CARTESIAN_POINT('',(10.8,12.8,-3.9));
#14771=VECTOR('',#17701,9.1);
#14772=CARTESIAN_POINT('',(14.4,12.8,-3.9));
#14773=VECTOR('',#17702,9.1);
#14774=CARTESIAN_POINT('',(14.4,12.8,-0.3));
#14775=VECTOR('',#17703,9.1);
#14776=CARTESIAN_POINT('',(10.8,12.8,3.0));
#14777=VECTOR('',#17704,9.1);
#14778=CARTESIAN_POINT('',(10.8,12.8,0.3));
#14779=VECTOR('',#17705,9.1);
#14780=CARTESIAN_POINT('',(14.4,12.8,0.3));
#14781=VECTOR('',#17706,9.1);
#14782=CARTESIAN_POINT('',(14.4,12.8,3.0));
#14783=VECTOR('',#17707,9.1);
#14784=CARTESIAN_POINT('',(13.5,12.8,3.9));
#14785=VECTOR('',#17708,9.1);
#14786=CARTESIAN_POINT('',(11.7,12.8,3.9));
#14787=VECTOR('',#17709,9.1);
#14788=CARTESIAN_POINT('',(16.23,4.3,-2.85));
#14789=CARTESIAN_POINT('',(16.23,4.3,-2.85));
#14790=VECTOR('',#17710,0.7211102550928);
#14791=CARTESIAN_POINT('',(17.37,4.3,-2.85));
#14792=VECTOR('',#17711,1.14);
#14793=CARTESIAN_POINT('',(16.23,9.2,-2.85));
#14794=CARTESIAN_POINT('',(16.23,9.2,-2.85));
#14795=VECTOR('',#17712,4.9);
#14796=CARTESIAN_POINT('',(17.37,9.2,-2.85));
#14797=VECTOR('',#17713,1.14);
#14798=CARTESIAN_POINT('',(16.23,9.2,-1.71));
#14799=CARTESIAN_POINT('',(16.23,9.2,-1.71));
#14800=VECTOR('',#17714,1.14);
#14801=CARTESIAN_POINT('',(17.37,9.2,-1.71));
#14802=VECTOR('',#17715,1.14);
#14803=CARTESIAN_POINT('',(16.23,3.7,-1.71));
#14804=VECTOR('',#17716,5.5);
#14805=CARTESIAN_POINT('',(16.23,4.3,2.45));
#14806=CARTESIAN_POINT('',(16.23,3.7,2.85));
#14807=VECTOR('',#17717,0.7211102550928);
#14808=CARTESIAN_POINT('',(16.23,9.2,2.45));
#14809=CARTESIAN_POINT('',(16.23,4.3,2.45));
#14810=VECTOR('',#17718,4.9);
#14811=CARTESIAN_POINT('',(16.23,9.2,1.31));
#14812=CARTESIAN_POINT('',(16.23,9.2,2.45));
#14813=VECTOR('',#17719,1.14);
#14814=CARTESIAN_POINT('',(16.23,9.2,1.31));
#14815=VECTOR('',#17720,5.5);
#14816=CARTESIAN_POINT('',(16.23,-3.5,-3.25));
#14817=CARTESIAN_POINT('',(16.23,0.8,-3.25));
#14818=VECTOR('',#17721,4.3);
#14819=CARTESIAN_POINT('',(16.23,-3.5,-3.1));
#14820=CARTESIAN_POINT('',(16.23,-3.5,-3.25));
#14821=VECTOR('',#17722,0.15);
#14822=CARTESIAN_POINT('',(16.23,-2.23,-2.65));
#14823=CARTESIAN_POINT('',(16.23,-3.5,-3.1));
#14824=VECTOR('',#17723,1.347367804276);
#14825=CARTESIAN_POINT('',(16.23,-2.23,-2.65));
#14826=VECTOR('',#17724,3.03);
#14827=CARTESIAN_POINT('',(16.23,-2.23,2.25));
#14828=CARTESIAN_POINT('',(16.23,0.8,2.25));
#14829=VECTOR('',#17725,3.03);
#14830=CARTESIAN_POINT('',(16.23,-3.5,2.7));
#14831=CARTESIAN_POINT('',(16.23,-2.23,2.25));
#14832=VECTOR('',#17726,1.347367804276);
#14833=CARTESIAN_POINT('',(16.23,-3.5,2.85));
#14834=CARTESIAN_POINT('',(16.23,-3.5,2.7));
#14835=VECTOR('',#17727,0.15);
#14836=CARTESIAN_POINT('',(16.23,-3.5,2.85));
#14837=VECTOR('',#17728,4.3);
#14838=CARTESIAN_POINT('',(17.37,9.2,1.31));
#14839=VECTOR('',#17729,1.14);
#14840=CARTESIAN_POINT('',(17.37,9.2,2.45));
#14841=VECTOR('',#17730,1.14);
#14842=CARTESIAN_POINT('',(17.37,4.3,2.45));
#14843=VECTOR('',#17731,1.14);
#14844=CARTESIAN_POINT('',(17.37,-2.23,-2.65));
#14845=VECTOR('',#17732,1.14);
#14846=CARTESIAN_POINT('',(17.37,-3.5,-3.1));
#14847=VECTOR('',#17733,1.14);
#14848=CARTESIAN_POINT('',(17.37,-3.5,-3.25));
#14849=VECTOR('',#17734,1.14);
#14850=CARTESIAN_POINT('',(17.37,-3.5,2.85));
#14851=VECTOR('',#17735,1.14);
#14852=CARTESIAN_POINT('',(17.37,-3.5,2.7));
#14853=VECTOR('',#17736,1.14);
#14854=CARTESIAN_POINT('',(17.37,-2.23,2.25));
#14855=VECTOR('',#17737,1.14);
#14856=CARTESIAN_POINT('',(13.17,4.3,-2.85));
#14857=CARTESIAN_POINT('',(13.17,4.3,-2.85));
#14858=VECTOR('',#17738,0.7211102550928);
#14859=CARTESIAN_POINT('',(13.17,9.2,-2.85));
#14860=CARTESIAN_POINT('',(13.17,9.2,-2.85));
#14861=VECTOR('',#17739,4.9);
#14862=CARTESIAN_POINT('',(13.17,9.2,-1.71));
#14863=CARTESIAN_POINT('',(13.17,9.2,-1.71));
#14864=VECTOR('',#17740,1.14);
#14865=CARTESIAN_POINT('',(13.17,3.7,-1.71));
#14866=VECTOR('',#17741,5.5);
#14867=CARTESIAN_POINT('',(13.17,9.2,1.31));
#14868=CARTESIAN_POINT('',(13.17,9.2,1.31));
#14869=VECTOR('',#17742,5.5);
#14870=CARTESIAN_POINT('',(13.17,9.2,2.45));
#14871=CARTESIAN_POINT('',(13.17,9.2,2.45));
#14872=VECTOR('',#17743,1.14);
#14873=CARTESIAN_POINT('',(13.17,4.3,2.45));
#14874=CARTESIAN_POINT('',(13.17,4.3,2.45));
#14875=VECTOR('',#17744,4.9);
#14876=CARTESIAN_POINT('',(13.17,3.7,2.85));
#14877=VECTOR('',#17745,0.7211102550928);
#14878=CARTESIAN_POINT('',(13.17,-2.23,-2.65));
#14879=CARTESIAN_POINT('',(13.17,0.8,-2.65));
#14880=CARTESIAN_POINT('',(13.17,-2.23,-2.65));
#14881=VECTOR('',#17746,3.03);
#14882=CARTESIAN_POINT('',(13.17,-3.5,-3.1));
#14883=CARTESIAN_POINT('',(13.17,-3.5,-3.1));
#14884=VECTOR('',#17747,1.347367804276);
#14885=CARTESIAN_POINT('',(13.17,-3.5,-3.25));
#14886=CARTESIAN_POINT('',(13.17,-3.5,-3.25));
#14887=VECTOR('',#17748,0.15);
#14888=CARTESIAN_POINT('',(13.17,0.8,-3.25));
#14889=CARTESIAN_POINT('',(13.17,0.8,-3.25));
#14890=VECTOR('',#17749,4.3);
#14891=CARTESIAN_POINT('',(13.17,0.8,-3.25));
#14892=VECTOR('',#17750,0.6);
#14893=CARTESIAN_POINT('',(13.17,-3.5,2.85));
#14894=CARTESIAN_POINT('',(13.17,0.8,2.85));
#14895=CARTESIAN_POINT('',(13.17,-3.5,2.85));
#14896=VECTOR('',#17751,4.3);
#14897=CARTESIAN_POINT('',(13.17,-3.5,2.7));
#14898=CARTESIAN_POINT('',(13.17,-3.5,2.7));
#14899=VECTOR('',#17752,0.15);
#14900=CARTESIAN_POINT('',(13.17,-2.23,2.25));
#14901=CARTESIAN_POINT('',(13.17,-2.23,2.25));
#14902=VECTOR('',#17753,1.347367804276);
#14903=CARTESIAN_POINT('',(13.17,0.8,2.25));
#14904=CARTESIAN_POINT('',(13.17,0.8,2.25));
#14905=VECTOR('',#17754,3.03);
#14906=CARTESIAN_POINT('',(13.17,0.8,2.25));
#14907=VECTOR('',#17755,0.6);
#14908=CARTESIAN_POINT('',(12.03,9.2,-1.71));
#14909=CARTESIAN_POINT('',(13.17,9.2,-1.71));
#14910=VECTOR('',#17756,1.14);
#14911=CARTESIAN_POINT('',(12.03,3.7,-1.71));
#14912=VECTOR('',#17757,5.5);
#14913=CARTESIAN_POINT('',(12.03,9.2,-2.85));
#14914=CARTESIAN_POINT('',(12.03,9.2,-1.71));
#14915=VECTOR('',#17758,1.14);
#14916=CARTESIAN_POINT('',(12.03,4.3,-2.85));
#14917=CARTESIAN_POINT('',(12.03,9.2,-2.85));
#14918=VECTOR('',#17759,4.9);
#14919=CARTESIAN_POINT('',(12.03,4.3,-2.85));
#14920=VECTOR('',#17760,0.7211102550928);
#14921=CARTESIAN_POINT('',(12.03,4.3,2.45));
#14922=CARTESIAN_POINT('',(12.03,3.7,2.85));
#14923=VECTOR('',#17761,0.7211102550928);
#14924=CARTESIAN_POINT('',(12.03,9.2,2.45));
#14925=CARTESIAN_POINT('',(12.03,4.3,2.45));
#14926=VECTOR('',#17762,4.9);
#14927=CARTESIAN_POINT('',(12.03,9.2,1.31));
#14928=CARTESIAN_POINT('',(12.03,9.2,2.45));
#14929=VECTOR('',#17763,1.14);
#14930=CARTESIAN_POINT('',(12.03,9.2,1.31));
#14931=VECTOR('',#17764,5.5);
#14932=CARTESIAN_POINT('',(12.03,0.8,-3.25));
#14933=CARTESIAN_POINT('',(12.03,-3.5,-3.25));
#14934=CARTESIAN_POINT('',(12.03,0.8,-3.25));
#14935=VECTOR('',#17765,4.3);
#14936=CARTESIAN_POINT('',(12.03,-3.5,-3.1));
#14937=CARTESIAN_POINT('',(12.03,-3.5,-3.25));
#14938=VECTOR('',#17766,0.15);
#14939=CARTESIAN_POINT('',(12.03,-2.23,-2.65));
#14940=CARTESIAN_POINT('',(12.03,-3.5,-3.1));
#14941=VECTOR('',#17767,1.347367804276);
#14942=CARTESIAN_POINT('',(12.03,0.8,-2.65));
#14943=CARTESIAN_POINT('',(12.03,-2.23,-2.65));
#14944=VECTOR('',#17768,3.03);
#14945=CARTESIAN_POINT('',(12.03,0.8,-3.25));
#14946=VECTOR('',#17769,0.6);
#14947=CARTESIAN_POINT('',(12.03,0.8,2.25));
#14948=CARTESIAN_POINT('',(12.03,-2.23,2.25));
#14949=CARTESIAN_POINT('',(12.03,0.8,2.25));
#14950=VECTOR('',#17770,3.03);
#14951=CARTESIAN_POINT('',(12.03,-3.5,2.7));
#14952=CARTESIAN_POINT('',(12.03,-2.23,2.25));
#14953=VECTOR('',#17771,1.347367804276);
#14954=CARTESIAN_POINT('',(12.03,-3.5,2.85));
#14955=CARTESIAN_POINT('',(12.03,-3.5,2.7));
#14956=VECTOR('',#17772,0.15);
#14957=CARTESIAN_POINT('',(12.03,0.8,2.85));
#14958=CARTESIAN_POINT('',(12.03,-3.5,2.85));
#14959=VECTOR('',#17773,4.3);
#14960=CARTESIAN_POINT('',(12.03,0.8,2.25));
#14961=VECTOR('',#17774,0.6);
#14962=CARTESIAN_POINT('',(13.17,4.3,-2.85));
#14963=VECTOR('',#17775,1.14);
#14964=CARTESIAN_POINT('',(13.17,9.2,-2.85));
#14965=VECTOR('',#17776,1.14);
#14966=CARTESIAN_POINT('',(13.17,9.2,1.31));
#14967=VECTOR('',#17777,1.14);
#14968=CARTESIAN_POINT('',(13.17,9.2,2.45));
#14969=VECTOR('',#17778,1.14);
#14970=CARTESIAN_POINT('',(13.17,4.3,2.45));
#14971=VECTOR('',#17779,1.14);
#14972=CARTESIAN_POINT('',(13.6,0.8,-4.8));
#14973=VECTOR('',#17780,1.0);
#14974=CARTESIAN_POINT('',(13.9,0.8,-3.8));
#14975=VECTOR('',#17781,3.3);
#14976=CARTESIAN_POINT('',(11.3,0.8,-0.5));
#14977=VECTOR('',#17782,3.3);
#14978=CARTESIAN_POINT('',(11.6,0.8,-3.8));
#14979=VECTOR('',#17783,1.0);
#14980=CARTESIAN_POINT('',(13.17,0.8,-3.25));
#14981=VECTOR('',#17784,1.14);
#14982=CARTESIAN_POINT('',(13.17,0.8,-2.65));
#14983=VECTOR('',#17785,1.14);
#14984=CARTESIAN_POINT('',(11.6,0.8,4.8));
#14985=VECTOR('',#17786,1.0);
#14986=CARTESIAN_POINT('',(11.3,0.8,3.8));
#14987=VECTOR('',#17787,3.3);
#14988=CARTESIAN_POINT('',(13.9,0.8,0.5));
#14989=VECTOR('',#17788,3.3);
#14990=CARTESIAN_POINT('',(13.6,0.8,3.8));
#14991=VECTOR('',#17789,1.0);
#14992=CARTESIAN_POINT('',(13.17,0.8,2.25));
#14993=VECTOR('',#17790,1.14);
#14994=CARTESIAN_POINT('',(13.17,0.8,2.85));
#14995=VECTOR('',#17791,1.14);
#14996=CARTESIAN_POINT('',(13.17,-2.23,-2.65));
#14997=VECTOR('',#17792,1.14);
#14998=CARTESIAN_POINT('',(13.17,-3.5,-3.1));
#14999=VECTOR('',#17793,1.14);
#15000=CARTESIAN_POINT('',(13.17,-3.5,-3.25));
#15001=VECTOR('',#17794,1.14);
#15002=CARTESIAN_POINT('',(13.17,-3.5,2.85));
#15003=VECTOR('',#17795,1.14);
#15004=CARTESIAN_POINT('',(13.17,-3.5,2.7));
#15005=VECTOR('',#17796,1.14);
#15006=CARTESIAN_POINT('',(13.17,-2.23,2.25));
#15007=VECTOR('',#17797,1.14);
#15008=CARTESIAN_POINT('',(9.4,0.8,3.8));
#15009=VECTOR('',#17798,1.0);
#15010=CARTESIAN_POINT('',(9.4,0.8,-4.8));
#15011=VECTOR('',#17799,1.0);
#15012=CARTESIAN_POINT('',(9.7,0.8,-3.8));
#15013=VECTOR('',#17800,3.3);
#15014=CARTESIAN_POINT('',(7.1,0.8,-0.5));
#15015=VECTOR('',#17801,3.3);
#15016=CARTESIAN_POINT('',(7.4,0.8,-3.8));
#15017=VECTOR('',#17802,1.0);
#15018=CARTESIAN_POINT('',(8.97,0.8,-3.25));
#15019=CARTESIAN_POINT('',(7.83,0.8,-3.25));
#15020=CARTESIAN_POINT('',(8.97,0.8,-3.25));
#15021=VECTOR('',#17803,1.14);
#15022=CARTESIAN_POINT('',(7.83,0.8,-2.65));
#15023=CARTESIAN_POINT('',(7.83,0.8,-3.25));
#15024=VECTOR('',#17804,0.6);
#15025=CARTESIAN_POINT('',(8.97,0.8,-2.65));
#15026=CARTESIAN_POINT('',(8.97,0.8,-2.65));
#15027=VECTOR('',#17805,1.14);
#15028=CARTESIAN_POINT('',(8.97,0.8,-3.25));
#15029=VECTOR('',#17806,0.6);
#15030=CARTESIAN_POINT('',(7.4,0.8,4.8));
#15031=VECTOR('',#17807,1.0);
#15032=CARTESIAN_POINT('',(7.1,0.8,3.8));
#15033=VECTOR('',#17808,3.3);
#15034=CARTESIAN_POINT('',(9.7,0.8,0.5));
#15035=VECTOR('',#17809,3.3);
#15036=CARTESIAN_POINT('',(8.97,0.8,2.25));
#15037=CARTESIAN_POINT('',(7.83,0.8,2.25));
#15038=CARTESIAN_POINT('',(8.97,0.8,2.25));
#15039=VECTOR('',#17810,1.14);
#15040=CARTESIAN_POINT('',(7.83,0.8,2.85));
#15041=CARTESIAN_POINT('',(7.83,0.8,2.25));
#15042=VECTOR('',#17811,0.6);
#15043=CARTESIAN_POINT('',(8.97,0.8,2.85));
#15044=CARTESIAN_POINT('',(8.97,0.8,2.85));
#15045=VECTOR('',#17812,1.14);
#15046=CARTESIAN_POINT('',(8.97,0.8,2.25));
#15047=VECTOR('',#17813,0.6);
#15048=CARTESIAN_POINT('',(8.97,4.3,-2.85));
#15049=CARTESIAN_POINT('',(8.97,3.7,-3.25));
#15050=CARTESIAN_POINT('',(8.97,4.3,-2.85));
#15051=VECTOR('',#17814,0.7211102550928);
#15052=CARTESIAN_POINT('',(8.97,9.2,-2.85));
#15053=CARTESIAN_POINT('',(8.97,9.2,-2.85));
#15054=VECTOR('',#17815,4.9);
#15055=CARTESIAN_POINT('',(8.97,9.2,-1.71));
#15056=CARTESIAN_POINT('',(8.97,9.2,-1.71));
#15057=VECTOR('',#17816,1.14);
#15058=CARTESIAN_POINT('',(8.97,3.7,-1.71));
#15059=CARTESIAN_POINT('',(8.97,3.7,-1.71));
#15060=VECTOR('',#17817,5.5);
#15061=CARTESIAN_POINT('',(8.97,3.7,-1.71));
#15062=VECTOR('',#17818,1.54);
#15063=CARTESIAN_POINT('',(8.97,9.2,1.31));
#15064=CARTESIAN_POINT('',(8.97,3.7,1.31));
#15065=CARTESIAN_POINT('',(8.97,9.2,1.31));
#15066=VECTOR('',#17819,5.5);
#15067=CARTESIAN_POINT('',(8.97,9.2,2.45));
#15068=CARTESIAN_POINT('',(8.97,9.2,2.45));
#15069=VECTOR('',#17820,1.14);
#15070=CARTESIAN_POINT('',(8.97,4.3,2.45));
#15071=CARTESIAN_POINT('',(8.97,4.3,2.45));
#15072=VECTOR('',#17821,4.9);
#15073=CARTESIAN_POINT('',(8.97,3.7,2.85));
#15074=CARTESIAN_POINT('',(8.97,3.7,2.85));
#15075=VECTOR('',#17822,0.7211102550928);
#15076=CARTESIAN_POINT('',(8.97,3.7,2.85));
#15077=VECTOR('',#17823,1.54);
#15078=CARTESIAN_POINT('',(8.97,-2.23,-2.65));
#15079=CARTESIAN_POINT('',(8.97,-2.23,-2.65));
#15080=VECTOR('',#17824,3.03);
#15081=CARTESIAN_POINT('',(8.97,-3.5,-3.1));
#15082=CARTESIAN_POINT('',(8.97,-3.5,-3.1));
#15083=VECTOR('',#17825,1.347367804276);
#15084=CARTESIAN_POINT('',(8.97,-3.5,-3.25));
#15085=CARTESIAN_POINT('',(8.97,-3.5,-3.25));
#15086=VECTOR('',#17826,0.15);
#15087=CARTESIAN_POINT('',(8.97,0.8,-3.25));
#15088=VECTOR('',#17827,4.3);
#15089=CARTESIAN_POINT('',(8.97,-3.5,2.85));
#15090=CARTESIAN_POINT('',(8.97,-3.5,2.85));
#15091=VECTOR('',#17828,4.3);
#15092=CARTESIAN_POINT('',(8.97,-3.5,2.7));
#15093=CARTESIAN_POINT('',(8.97,-3.5,2.7));
#15094=VECTOR('',#17829,0.15);
#15095=CARTESIAN_POINT('',(8.97,-2.23,2.25));
#15096=CARTESIAN_POINT('',(8.97,-2.23,2.25));
#15097=VECTOR('',#17830,1.347367804276);
#15098=CARTESIAN_POINT('',(8.97,0.8,2.25));
#15099=VECTOR('',#17831,3.03);
#15100=CARTESIAN_POINT('',(10.2,3.7,0.3));
#15101=CARTESIAN_POINT('',(6.6,3.7,0.3));
#15102=CARTESIAN_POINT('',(10.2,3.7,0.3));
#15103=VECTOR('',#17832,3.6);
#15104=CARTESIAN_POINT('',(6.6,3.7,3.9));
#15105=CARTESIAN_POINT('',(6.6,3.7,0.3));
#15106=VECTOR('',#17833,3.6);
#15107=CARTESIAN_POINT('',(10.2,3.7,3.9));
#15108=CARTESIAN_POINT('',(6.6,3.7,3.9));
#15109=VECTOR('',#17834,3.6);
#15110=CARTESIAN_POINT('',(10.2,3.7,3.9));
#15111=VECTOR('',#17835,3.6);
#15112=CARTESIAN_POINT('',(7.83,3.7,2.85));
#15113=CARTESIAN_POINT('',(8.97,3.7,2.85));
#15114=VECTOR('',#17836,1.14);
#15115=CARTESIAN_POINT('',(7.83,3.7,1.31));
#15116=CARTESIAN_POINT('',(7.83,3.7,1.31));
#15117=VECTOR('',#17837,1.54);
#15118=CARTESIAN_POINT('',(8.97,3.7,1.31));
#15119=VECTOR('',#17838,1.14);
#15120=CARTESIAN_POINT('',(10.2,3.7,-3.9));
#15121=CARTESIAN_POINT('',(6.6,3.7,-3.9));
#15122=CARTESIAN_POINT('',(10.2,3.7,-3.9));
#15123=VECTOR('',#17839,3.6);
#15124=CARTESIAN_POINT('',(6.6,3.7,-1.2));
#15125=CARTESIAN_POINT('',(6.6,3.7,-3.9));
#15126=VECTOR('',#17840,2.7);
#15127=CARTESIAN_POINT('',(7.5,3.7,-0.3));
#15128=CARTESIAN_POINT('',(6.6,3.7,-1.2));
#15129=VECTOR('',#17841,1.272792206136);
#15130=CARTESIAN_POINT('',(9.3,3.7,-0.3));
#15131=CARTESIAN_POINT('',(7.5,3.7,-0.3));
#15132=VECTOR('',#17842,1.8);
#15133=CARTESIAN_POINT('',(10.2,3.7,-1.2));
#15134=CARTESIAN_POINT('',(9.3,3.7,-0.3));
#15135=VECTOR('',#17843,1.272792206136);
#15136=CARTESIAN_POINT('',(10.2,3.7,-1.2));
#15137=VECTOR('',#17844,2.7);
#15138=CARTESIAN_POINT('',(7.83,3.7,-1.71));
#15139=CARTESIAN_POINT('',(8.97,3.7,-1.71));
#15140=VECTOR('',#17845,1.14);
#15141=CARTESIAN_POINT('',(7.83,3.7,-3.25));
#15142=CARTESIAN_POINT('',(7.83,3.7,-3.25));
#15143=VECTOR('',#17846,1.54);
#15144=CARTESIAN_POINT('',(8.97,3.7,-3.25));
#15145=VECTOR('',#17847,1.14);
#15146=CARTESIAN_POINT('',(2.4,3.7,-3.9));
#15147=CARTESIAN_POINT('',(2.4,3.7,-1.2));
#15148=CARTESIAN_POINT('',(2.4,3.7,-3.9));
#15149=VECTOR('',#17848,2.7);
#15150=CARTESIAN_POINT('',(3.3,3.7,-0.3));
#15151=CARTESIAN_POINT('',(2.4,3.7,-1.2));
#15152=VECTOR('',#17849,1.272792206136);
#15153=CARTESIAN_POINT('',(5.1,3.7,-0.3));
#15154=CARTESIAN_POINT('',(3.3,3.7,-0.3));
#15155=VECTOR('',#17850,1.8);
#15156=CARTESIAN_POINT('',(6.0,3.7,-1.2));
#15157=CARTESIAN_POINT('',(5.1,3.7,-0.3));
#15158=VECTOR('',#17851,1.272792206136);
#15159=CARTESIAN_POINT('',(6.0,3.7,-3.9));
#15160=CARTESIAN_POINT('',(6.0,3.7,-1.2));
#15161=VECTOR('',#17852,2.7);
#15162=CARTESIAN_POINT('',(6.0,3.7,-3.9));
#15163=VECTOR('',#17853,3.6);
#15164=CARTESIAN_POINT('',(4.77,3.7,-1.71));
#15165=CARTESIAN_POINT('',(3.63,3.7,-1.71));
#15166=CARTESIAN_POINT('',(4.77,3.7,-1.71));
#15167=VECTOR('',#17854,1.14);
#15168=CARTESIAN_POINT('',(3.63,3.7,-3.25));
#15169=CARTESIAN_POINT('',(3.63,3.7,-3.25));
#15170=VECTOR('',#17855,1.54);
#15171=CARTESIAN_POINT('',(4.77,3.7,-3.25));
#15172=CARTESIAN_POINT('',(4.77,3.7,-3.25));
#15173=VECTOR('',#17856,1.14);
#15174=CARTESIAN_POINT('',(4.77,3.7,-1.71));
#15175=VECTOR('',#17857,1.54);
#15176=CARTESIAN_POINT('',(2.4,3.7,0.3));
#15177=CARTESIAN_POINT('',(2.4,3.7,3.9));
#15178=CARTESIAN_POINT('',(2.4,3.7,0.3));
#15179=VECTOR('',#17858,3.6);
#15180=CARTESIAN_POINT('',(6.0,3.7,3.9));
#15181=CARTESIAN_POINT('',(2.4,3.7,3.9));
#15182=VECTOR('',#17859,3.6);
#15183=CARTESIAN_POINT('',(6.0,3.7,0.3));
#15184=CARTESIAN_POINT('',(6.0,3.7,3.9));
#15185=VECTOR('',#17860,3.6);
#15186=CARTESIAN_POINT('',(6.0,3.7,0.3));
#15187=VECTOR('',#17861,3.6);
#15188=CARTESIAN_POINT('',(4.77,3.7,2.85));
#15189=CARTESIAN_POINT('',(3.63,3.7,2.85));
#15190=CARTESIAN_POINT('',(4.77,3.7,2.85));
#15191=VECTOR('',#17862,1.14);
#15192=CARTESIAN_POINT('',(3.63,3.7,1.31));
#15193=CARTESIAN_POINT('',(3.63,3.7,1.31));
#15194=VECTOR('',#17863,1.54);
#15195=CARTESIAN_POINT('',(4.77,3.7,1.31));
#15196=CARTESIAN_POINT('',(4.77,3.7,1.31));
#15197=VECTOR('',#17864,1.14);
#15198=CARTESIAN_POINT('',(4.77,3.7,2.85));
#15199=VECTOR('',#17865,1.54);
#15200=CARTESIAN_POINT('',(10.2,12.8,0.3));
#15201=VECTOR('',#17866,9.1);
#15202=CARTESIAN_POINT('',(10.2,12.8,3.9));
#15203=VECTOR('',#17867,9.1);
#15204=CARTESIAN_POINT('',(6.6,12.8,3.9));
#15205=VECTOR('',#17868,9.1);
#15206=CARTESIAN_POINT('',(6.6,12.8,0.3));
#15207=VECTOR('',#17869,9.1);
#15208=CARTESIAN_POINT('',(10.2,12.8,-3.9));
#15209=VECTOR('',#17870,9.1);
#15210=CARTESIAN_POINT('',(10.2,12.8,-1.2));
#15211=VECTOR('',#17871,9.1);
#15212=CARTESIAN_POINT('',(9.3,12.8,-0.3));
#15213=VECTOR('',#17872,9.1);
#15214=CARTESIAN_POINT('',(7.5,12.8,-0.3));
#15215=VECTOR('',#17873,9.1);
#15216=CARTESIAN_POINT('',(6.6,12.8,-1.2));
#15217=VECTOR('',#17874,9.1);
#15218=CARTESIAN_POINT('',(6.6,12.8,-3.9));
#15219=VECTOR('',#17875,9.1);
#15220=CARTESIAN_POINT('',(2.4,12.8,-3.9));
#15221=VECTOR('',#17876,9.1);
#15222=CARTESIAN_POINT('',(6.0,12.8,-3.9));
#15223=VECTOR('',#17877,9.1);
#15224=CARTESIAN_POINT('',(6.0,12.8,-1.2));
#15225=VECTOR('',#17878,9.1);
#15226=CARTESIAN_POINT('',(5.1,12.8,-0.3));
#15227=VECTOR('',#17879,9.1);
#15228=CARTESIAN_POINT('',(3.3,12.8,-0.3));
#15229=VECTOR('',#17880,9.1);
#15230=CARTESIAN_POINT('',(2.4,12.8,-1.2));
#15231=VECTOR('',#17881,9.1);
#15232=CARTESIAN_POINT('',(2.4,12.8,0.3));
#15233=VECTOR('',#17882,9.1);
#15234=CARTESIAN_POINT('',(6.0,12.8,0.3));
#15235=VECTOR('',#17883,9.1);
#15236=CARTESIAN_POINT('',(6.0,12.8,3.9));
#15237=VECTOR('',#17884,9.1);
#15238=CARTESIAN_POINT('',(2.4,12.8,3.9));
#15239=VECTOR('',#17885,9.1);
#15240=CARTESIAN_POINT('',(7.83,4.3,-2.85));
#15241=CARTESIAN_POINT('',(7.83,4.3,-2.85));
#15242=VECTOR('',#17886,0.7211102550928);
#15243=CARTESIAN_POINT('',(8.97,4.3,-2.85));
#15244=VECTOR('',#17887,1.14);
#15245=CARTESIAN_POINT('',(7.83,9.2,-2.85));
#15246=CARTESIAN_POINT('',(7.83,9.2,-2.85));
#15247=VECTOR('',#17888,4.9);
#15248=CARTESIAN_POINT('',(8.97,9.2,-2.85));
#15249=VECTOR('',#17889,1.14);
#15250=CARTESIAN_POINT('',(7.83,9.2,-1.71));
#15251=CARTESIAN_POINT('',(7.83,9.2,-1.71));
#15252=VECTOR('',#17890,1.14);
#15253=CARTESIAN_POINT('',(8.97,9.2,-1.71));
#15254=VECTOR('',#17891,1.14);
#15255=CARTESIAN_POINT('',(7.83,3.7,-1.71));
#15256=VECTOR('',#17892,5.5);
#15257=CARTESIAN_POINT('',(7.83,4.3,2.45));
#15258=CARTESIAN_POINT('',(7.83,3.7,2.85));
#15259=VECTOR('',#17893,0.7211102550928);
#15260=CARTESIAN_POINT('',(7.83,9.2,2.45));
#15261=CARTESIAN_POINT('',(7.83,4.3,2.45));
#15262=VECTOR('',#17894,4.9);
#15263=CARTESIAN_POINT('',(7.83,9.2,1.31));
#15264=CARTESIAN_POINT('',(7.83,9.2,2.45));
#15265=VECTOR('',#17895,1.14);
#15266=CARTESIAN_POINT('',(7.83,9.2,1.31));
#15267=VECTOR('',#17896,5.5);
#15268=CARTESIAN_POINT('',(7.83,-3.5,-3.25));
#15269=CARTESIAN_POINT('',(7.83,0.8,-3.25));
#15270=VECTOR('',#17897,4.3);
#15271=CARTESIAN_POINT('',(7.83,-3.5,-3.1));
#15272=CARTESIAN_POINT('',(7.83,-3.5,-3.25));
#15273=VECTOR('',#17898,0.15);
#15274=CARTESIAN_POINT('',(7.83,-2.23,-2.65));
#15275=CARTESIAN_POINT('',(7.83,-3.5,-3.1));
#15276=VECTOR('',#17899,1.347367804276);
#15277=CARTESIAN_POINT('',(7.83,-2.23,-2.65));
#15278=VECTOR('',#17900,3.03);
#15279=CARTESIAN_POINT('',(7.83,-2.23,2.25));
#15280=CARTESIAN_POINT('',(7.83,0.8,2.25));
#15281=VECTOR('',#17901,3.03);
#15282=CARTESIAN_POINT('',(7.83,-3.5,2.7));
#15283=CARTESIAN_POINT('',(7.83,-2.23,2.25));
#15284=VECTOR('',#17902,1.347367804276);
#15285=CARTESIAN_POINT('',(7.83,-3.5,2.85));
#15286=CARTESIAN_POINT('',(7.83,-3.5,2.7));
#15287=VECTOR('',#17903,0.15);
#15288=CARTESIAN_POINT('',(7.83,-3.5,2.85));
#15289=VECTOR('',#17904,4.3);
#15290=CARTESIAN_POINT('',(8.97,9.2,1.31));
#15291=VECTOR('',#17905,1.14);
#15292=CARTESIAN_POINT('',(8.97,9.2,2.45));
#15293=VECTOR('',#17906,1.14);
#15294=CARTESIAN_POINT('',(8.97,4.3,2.45));
#15295=VECTOR('',#17907,1.14);
#15296=CARTESIAN_POINT('',(8.97,-2.23,-2.65));
#15297=VECTOR('',#17908,1.14);
#15298=CARTESIAN_POINT('',(8.97,-3.5,-3.1));
#15299=VECTOR('',#17909,1.14);
#15300=CARTESIAN_POINT('',(8.97,-3.5,-3.25));
#15301=VECTOR('',#17910,1.14);
#15302=CARTESIAN_POINT('',(8.97,-3.5,2.85));
#15303=VECTOR('',#17911,1.14);
#15304=CARTESIAN_POINT('',(8.97,-3.5,2.7));
#15305=VECTOR('',#17912,1.14);
#15306=CARTESIAN_POINT('',(8.97,-2.23,2.25));
#15307=VECTOR('',#17913,1.14);
#15308=CARTESIAN_POINT('',(4.77,4.3,-2.85));
#15309=CARTESIAN_POINT('',(4.77,4.3,-2.85));
#15310=VECTOR('',#17914,0.7211102550928);
#15311=CARTESIAN_POINT('',(4.77,9.2,-2.85));
#15312=CARTESIAN_POINT('',(4.77,9.2,-2.85));
#15313=VECTOR('',#17915,4.9);
#15314=CARTESIAN_POINT('',(4.77,9.2,-1.71));
#15315=CARTESIAN_POINT('',(4.77,9.2,-1.71));
#15316=VECTOR('',#17916,1.14);
#15317=CARTESIAN_POINT('',(4.77,3.7,-1.71));
#15318=VECTOR('',#17917,5.5);
#15319=CARTESIAN_POINT('',(4.77,9.2,1.31));
#15320=CARTESIAN_POINT('',(4.77,9.2,1.31));
#15321=VECTOR('',#17918,5.5);
#15322=CARTESIAN_POINT('',(4.77,9.2,2.45));
#15323=CARTESIAN_POINT('',(4.77,9.2,2.45));
#15324=VECTOR('',#17919,1.14);
#15325=CARTESIAN_POINT('',(4.77,4.3,2.45));
#15326=CARTESIAN_POINT('',(4.77,4.3,2.45));
#15327=VECTOR('',#17920,4.9);
#15328=CARTESIAN_POINT('',(4.77,3.7,2.85));
#15329=VECTOR('',#17921,0.7211102550928);
#15330=CARTESIAN_POINT('',(4.77,-2.23,-2.65));
#15331=CARTESIAN_POINT('',(4.77,0.8,-2.65));
#15332=CARTESIAN_POINT('',(4.77,-2.23,-2.65));
#15333=VECTOR('',#17922,3.03);
#15334=CARTESIAN_POINT('',(4.77,-3.5,-3.1));
#15335=CARTESIAN_POINT('',(4.77,-3.5,-3.1));
#15336=VECTOR('',#17923,1.347367804276);
#15337=CARTESIAN_POINT('',(4.77,-3.5,-3.25));
#15338=CARTESIAN_POINT('',(4.77,-3.5,-3.25));
#15339=VECTOR('',#17924,0.15);
#15340=CARTESIAN_POINT('',(4.77,0.8,-3.25));
#15341=CARTESIAN_POINT('',(4.77,0.8,-3.25));
#15342=VECTOR('',#17925,4.3);
#15343=CARTESIAN_POINT('',(4.77,0.8,-3.25));
#15344=VECTOR('',#17926,0.6);
#15345=CARTESIAN_POINT('',(4.77,-3.5,2.85));
#15346=CARTESIAN_POINT('',(4.77,0.8,2.85));
#15347=CARTESIAN_POINT('',(4.77,-3.5,2.85));
#15348=VECTOR('',#17927,4.3);
#15349=CARTESIAN_POINT('',(4.77,-3.5,2.7));
#15350=CARTESIAN_POINT('',(4.77,-3.5,2.7));
#15351=VECTOR('',#17928,0.15);
#15352=CARTESIAN_POINT('',(4.77,-2.23,2.25));
#15353=CARTESIAN_POINT('',(4.77,-2.23,2.25));
#15354=VECTOR('',#17929,1.347367804276);
#15355=CARTESIAN_POINT('',(4.77,0.8,2.25));
#15356=CARTESIAN_POINT('',(4.77,0.8,2.25));
#15357=VECTOR('',#17930,3.03);
#15358=CARTESIAN_POINT('',(4.77,0.8,2.25));
#15359=VECTOR('',#17931,0.6);
#15360=CARTESIAN_POINT('',(3.63,9.2,-1.71));
#15361=CARTESIAN_POINT('',(4.77,9.2,-1.71));
#15362=VECTOR('',#17932,1.14);
#15363=CARTESIAN_POINT('',(3.63,3.7,-1.71));
#15364=VECTOR('',#17933,5.5);
#15365=CARTESIAN_POINT('',(3.63,9.2,-2.85));
#15366=CARTESIAN_POINT('',(3.63,9.2,-1.71));
#15367=VECTOR('',#17934,1.14);
#15368=CARTESIAN_POINT('',(3.63,4.3,-2.85));
#15369=CARTESIAN_POINT('',(3.63,9.2,-2.85));
#15370=VECTOR('',#17935,4.9);
#15371=CARTESIAN_POINT('',(3.63,4.3,-2.85));
#15372=VECTOR('',#17936,0.7211102550928);
#15373=CARTESIAN_POINT('',(3.63,4.3,2.45));
#15374=CARTESIAN_POINT('',(3.63,3.7,2.85));
#15375=VECTOR('',#17937,0.7211102550928);
#15376=CARTESIAN_POINT('',(3.63,9.2,2.45));
#15377=CARTESIAN_POINT('',(3.63,4.3,2.45));
#15378=VECTOR('',#17938,4.9);
#15379=CARTESIAN_POINT('',(3.63,9.2,1.31));
#15380=CARTESIAN_POINT('',(3.63,9.2,2.45));
#15381=VECTOR('',#17939,1.14);
#15382=CARTESIAN_POINT('',(3.63,9.2,1.31));
#15383=VECTOR('',#17940,5.5);
#15384=CARTESIAN_POINT('',(3.63,0.8,-3.25));
#15385=CARTESIAN_POINT('',(3.63,-3.5,-3.25));
#15386=CARTESIAN_POINT('',(3.63,0.8,-3.25));
#15387=VECTOR('',#17941,4.3);
#15388=CARTESIAN_POINT('',(3.63,-3.5,-3.1));
#15389=CARTESIAN_POINT('',(3.63,-3.5,-3.25));
#15390=VECTOR('',#17942,0.15);
#15391=CARTESIAN_POINT('',(3.63,-2.23,-2.65));
#15392=CARTESIAN_POINT('',(3.63,-3.5,-3.1));
#15393=VECTOR('',#17943,1.347367804276);
#15394=CARTESIAN_POINT('',(3.63,0.8,-2.65));
#15395=CARTESIAN_POINT('',(3.63,-2.23,-2.65));
#15396=VECTOR('',#17944,3.03);
#15397=CARTESIAN_POINT('',(3.63,0.8,-3.25));
#15398=VECTOR('',#17945,0.6);
#15399=CARTESIAN_POINT('',(3.63,0.8,2.25));
#15400=CARTESIAN_POINT('',(3.63,-2.23,2.25));
#15401=CARTESIAN_POINT('',(3.63,0.8,2.25));
#15402=VECTOR('',#17946,3.03);
#15403=CARTESIAN_POINT('',(3.63,-3.5,2.7));
#15404=CARTESIAN_POINT('',(3.63,-2.23,2.25));
#15405=VECTOR('',#17947,1.347367804276);
#15406=CARTESIAN_POINT('',(3.63,-3.5,2.85));
#15407=CARTESIAN_POINT('',(3.63,-3.5,2.7));
#15408=VECTOR('',#17948,0.15);
#15409=CARTESIAN_POINT('',(3.63,0.8,2.85));
#15410=CARTESIAN_POINT('',(3.63,-3.5,2.85));
#15411=VECTOR('',#17949,4.3);
#15412=CARTESIAN_POINT('',(3.63,0.8,2.25));
#15413=VECTOR('',#17950,0.6);
#15414=CARTESIAN_POINT('',(4.77,4.3,-2.85));
#15415=VECTOR('',#17951,1.14);
#15416=CARTESIAN_POINT('',(4.77,9.2,-2.85));
#15417=VECTOR('',#17952,1.14);
#15418=CARTESIAN_POINT('',(4.77,9.2,1.31));
#15419=VECTOR('',#17953,1.14);
#15420=CARTESIAN_POINT('',(4.77,9.2,2.45));
#15421=VECTOR('',#17954,1.14);
#15422=CARTESIAN_POINT('',(4.77,4.3,2.45));
#15423=VECTOR('',#17955,1.14);
#15424=CARTESIAN_POINT('',(5.2,0.8,-4.8));
#15425=VECTOR('',#17956,1.0);
#15426=CARTESIAN_POINT('',(5.5,0.8,-3.8));
#15427=VECTOR('',#17957,3.3);
#15428=CARTESIAN_POINT('',(2.9,0.8,-0.5));
#15429=VECTOR('',#17958,3.3);
#15430=CARTESIAN_POINT('',(3.2,0.8,-3.8));
#15431=VECTOR('',#17959,1.0);
#15432=CARTESIAN_POINT('',(4.77,0.8,-3.25));
#15433=VECTOR('',#17960,1.14);
#15434=CARTESIAN_POINT('',(4.77,0.8,-2.65));
#15435=VECTOR('',#17961,1.14);
#15436=CARTESIAN_POINT('',(3.2,0.8,4.8));
#15437=VECTOR('',#17962,1.0);
#15438=CARTESIAN_POINT('',(2.9,0.8,3.8));
#15439=VECTOR('',#17963,3.3);
#15440=CARTESIAN_POINT('',(5.5,0.8,0.5));
#15441=VECTOR('',#17964,3.3);
#15442=CARTESIAN_POINT('',(5.2,0.8,3.8));
#15443=VECTOR('',#17965,1.0);
#15444=CARTESIAN_POINT('',(4.77,0.8,2.25));
#15445=VECTOR('',#17966,1.14);
#15446=CARTESIAN_POINT('',(4.77,0.8,2.85));
#15447=VECTOR('',#17967,1.14);
#15448=CARTESIAN_POINT('',(4.77,-2.23,-2.65));
#15449=VECTOR('',#17968,1.14);
#15450=CARTESIAN_POINT('',(4.77,-3.5,-3.1));
#15451=VECTOR('',#17969,1.14);
#15452=CARTESIAN_POINT('',(4.77,-3.5,-3.25));
#15453=VECTOR('',#17970,1.14);
#15454=CARTESIAN_POINT('',(4.77,-3.5,2.85));
#15455=VECTOR('',#17971,1.14);
#15456=CARTESIAN_POINT('',(4.77,-3.5,2.7));
#15457=VECTOR('',#17972,1.14);
#15458=CARTESIAN_POINT('',(4.77,-2.23,2.25));
#15459=VECTOR('',#17973,1.14);
#15460=CARTESIAN_POINT('',(1.0,0.8,3.8));
#15461=VECTOR('',#17974,1.0);
#15462=CARTESIAN_POINT('',(1.0,0.8,-4.8));
#15463=VECTOR('',#17975,1.0);
#15464=CARTESIAN_POINT('',(1.3,0.8,-3.8));
#15465=VECTOR('',#17976,3.3);
#15466=CARTESIAN_POINT('',(-1.3,0.8,-0.5));
#15467=VECTOR('',#17977,3.3);
#15468=CARTESIAN_POINT('',(-1.0,0.8,-3.8));
#15469=VECTOR('',#17978,1.0);
#15470=CARTESIAN_POINT('',(0.57,0.8,-3.25));
#15471=CARTESIAN_POINT('',(-0.57,0.8,-3.25));
#15472=CARTESIAN_POINT('',(0.57,0.8,-3.25));
#15473=VECTOR('',#17979,1.14);
#15474=CARTESIAN_POINT('',(-0.57,0.8,-2.65));
#15475=CARTESIAN_POINT('',(-0.57,0.8,-3.25));
#15476=VECTOR('',#17980,0.6);
#15477=CARTESIAN_POINT('',(0.57,0.8,-2.65));
#15478=CARTESIAN_POINT('',(0.57,0.8,-2.65));
#15479=VECTOR('',#17981,1.14);
#15480=CARTESIAN_POINT('',(0.57,0.8,-3.25));
#15481=VECTOR('',#17982,0.6);
#15482=CARTESIAN_POINT('',(-1.0,0.8,4.8));
#15483=VECTOR('',#17983,1.0);
#15484=CARTESIAN_POINT('',(-1.3,0.8,3.8));
#15485=VECTOR('',#17984,3.3);
#15486=CARTESIAN_POINT('',(1.3,0.8,0.5));
#15487=VECTOR('',#17985,3.3);
#15488=CARTESIAN_POINT('',(0.57,0.8,2.25));
#15489=CARTESIAN_POINT('',(-0.57,0.8,2.25));
#15490=CARTESIAN_POINT('',(0.57,0.8,2.25));
#15491=VECTOR('',#17986,1.14);
#15492=CARTESIAN_POINT('',(-0.57,0.8,2.85));
#15493=CARTESIAN_POINT('',(-0.57,0.8,2.25));
#15494=VECTOR('',#17987,0.6);
#15495=CARTESIAN_POINT('',(0.57,0.8,2.85));
#15496=CARTESIAN_POINT('',(0.57,0.8,2.85));
#15497=VECTOR('',#17988,1.14);
#15498=CARTESIAN_POINT('',(0.57,0.8,2.25));
#15499=VECTOR('',#17989,0.6);
#15500=CARTESIAN_POINT('',(0.57,4.3,-2.85));
#15501=CARTESIAN_POINT('',(0.57,3.7,-3.25));
#15502=CARTESIAN_POINT('',(0.57,4.3,-2.85));
#15503=VECTOR('',#17990,0.7211102550928);
#15504=CARTESIAN_POINT('',(0.57,9.2,-2.85));
#15505=CARTESIAN_POINT('',(0.57,9.2,-2.85));
#15506=VECTOR('',#17991,4.9);
#15507=CARTESIAN_POINT('',(0.57,9.2,-1.71));
#15508=CARTESIAN_POINT('',(0.57,9.2,-1.71));
#15509=VECTOR('',#17992,1.14);
#15510=CARTESIAN_POINT('',(0.57,3.7,-1.71));
#15511=CARTESIAN_POINT('',(0.57,3.7,-1.71));
#15512=VECTOR('',#17993,5.5);
#15513=CARTESIAN_POINT('',(0.57,3.7,-1.71));
#15514=VECTOR('',#17994,1.54);
#15515=CARTESIAN_POINT('',(0.57,9.2,1.31));
#15516=CARTESIAN_POINT('',(0.57,3.7,1.31));
#15517=CARTESIAN_POINT('',(0.57,9.2,1.31));
#15518=VECTOR('',#17995,5.5);
#15519=CARTESIAN_POINT('',(0.57,9.2,2.45));
#15520=CARTESIAN_POINT('',(0.57,9.2,2.45));
#15521=VECTOR('',#17996,1.14);
#15522=CARTESIAN_POINT('',(0.57,4.3,2.45));
#15523=CARTESIAN_POINT('',(0.57,4.3,2.45));
#15524=VECTOR('',#17997,4.9);
#15525=CARTESIAN_POINT('',(0.57,3.7,2.85));
#15526=CARTESIAN_POINT('',(0.57,3.7,2.85));
#15527=VECTOR('',#17998,0.7211102550928);
#15528=CARTESIAN_POINT('',(0.57,3.7,2.85));
#15529=VECTOR('',#17999,1.54);
#15530=CARTESIAN_POINT('',(0.57,-2.23,-2.65));
#15531=CARTESIAN_POINT('',(0.57,-2.23,-2.65));
#15532=VECTOR('',#18000,3.03);
#15533=CARTESIAN_POINT('',(0.57,-3.5,-3.1));
#15534=CARTESIAN_POINT('',(0.57,-3.5,-3.1));
#15535=VECTOR('',#18001,1.347367804276);
#15536=CARTESIAN_POINT('',(0.57,-3.5,-3.25));
#15537=CARTESIAN_POINT('',(0.57,-3.5,-3.25));
#15538=VECTOR('',#18002,0.15);
#15539=CARTESIAN_POINT('',(0.57,0.8,-3.25));
#15540=VECTOR('',#18003,4.3);
#15541=CARTESIAN_POINT('',(0.57,-3.5,2.85));
#15542=CARTESIAN_POINT('',(0.57,-3.5,2.85));
#15543=VECTOR('',#18004,4.3);
#15544=CARTESIAN_POINT('',(0.57,-3.5,2.7));
#15545=CARTESIAN_POINT('',(0.57,-3.5,2.7));
#15546=VECTOR('',#18005,0.15);
#15547=CARTESIAN_POINT('',(0.57,-2.23,2.25));
#15548=CARTESIAN_POINT('',(0.57,-2.23,2.25));
#15549=VECTOR('',#18006,1.347367804276);
#15550=CARTESIAN_POINT('',(0.57,0.8,2.25));
#15551=VECTOR('',#18007,3.03);
#15552=CARTESIAN_POINT('',(1.8,3.7,0.3));
#15553=CARTESIAN_POINT('',(-1.8,3.7,0.3));
#15554=CARTESIAN_POINT('',(1.8,3.7,0.3));
#15555=VECTOR('',#18008,3.6);
#15556=CARTESIAN_POINT('',(-1.8,3.7,3.0));
#15557=CARTESIAN_POINT('',(-1.8,3.7,0.3));
#15558=VECTOR('',#18009,2.7);
#15559=CARTESIAN_POINT('',(-0.9,3.7,3.9));
#15560=CARTESIAN_POINT('',(-1.8,3.7,3.0));
#15561=VECTOR('',#18010,1.272792206136);
#15562=CARTESIAN_POINT('',(0.9,3.7,3.9));
#15563=CARTESIAN_POINT('',(-0.9,3.7,3.9));
#15564=VECTOR('',#18011,1.8);
#15565=CARTESIAN_POINT('',(1.8,3.7,3.0));
#15566=CARTESIAN_POINT('',(0.9,3.7,3.9));
#15567=VECTOR('',#18012,1.272792206136);
#15568=CARTESIAN_POINT('',(1.8,3.7,3.0));
#15569=VECTOR('',#18013,2.7);
#15570=CARTESIAN_POINT('',(-0.57,3.7,2.85));
#15571=CARTESIAN_POINT('',(0.57,3.7,2.85));
#15572=VECTOR('',#18014,1.14);
#15573=CARTESIAN_POINT('',(-0.57,3.7,1.31));
#15574=CARTESIAN_POINT('',(-0.57,3.7,1.31));
#15575=VECTOR('',#18015,1.54);
#15576=CARTESIAN_POINT('',(0.57,3.7,1.31));
#15577=VECTOR('',#18016,1.14);
#15578=CARTESIAN_POINT('',(1.8,3.7,-3.9));
#15579=CARTESIAN_POINT('',(-1.8,3.7,-3.9));
#15580=CARTESIAN_POINT('',(1.8,3.7,-3.9));
#15581=VECTOR('',#18017,3.6);
#15582=CARTESIAN_POINT('',(-1.8,3.7,-0.3));
#15583=CARTESIAN_POINT('',(-1.8,3.7,-3.9));
#15584=VECTOR('',#18018,3.6);
#15585=CARTESIAN_POINT('',(1.8,3.7,-0.3));
#15586=CARTESIAN_POINT('',(-1.8,3.7,-0.3));
#15587=VECTOR('',#18019,3.6);
#15588=CARTESIAN_POINT('',(1.8,3.7,-0.3));
#15589=VECTOR('',#18020,3.6);
#15590=CARTESIAN_POINT('',(-0.57,3.7,-1.71));
#15591=CARTESIAN_POINT('',(0.57,3.7,-1.71));
#15592=VECTOR('',#18021,1.14);
#15593=CARTESIAN_POINT('',(-0.57,3.7,-3.25));
#15594=CARTESIAN_POINT('',(-0.57,3.7,-3.25));
#15595=VECTOR('',#18022,1.54);
#15596=CARTESIAN_POINT('',(0.57,3.7,-3.25));
#15597=VECTOR('',#18023,1.14);
#15598=CARTESIAN_POINT('',(-6.0,3.7,-0.3));
#15599=CARTESIAN_POINT('',(-2.4,3.7,-0.3));
#15600=CARTESIAN_POINT('',(-6.0,3.7,-0.3));
#15601=VECTOR('',#18024,3.6);
#15602=CARTESIAN_POINT('',(-2.4,3.7,-3.9));
#15603=CARTESIAN_POINT('',(-2.4,3.7,-0.3));
#15604=VECTOR('',#18025,3.6);
#15605=CARTESIAN_POINT('',(-6.0,3.7,-3.9));
#15606=CARTESIAN_POINT('',(-2.4,3.7,-3.9));
#15607=VECTOR('',#18026,3.6);
#15608=CARTESIAN_POINT('',(-6.0,3.7,-3.9));
#15609=VECTOR('',#18027,3.6);
#15610=CARTESIAN_POINT('',(-3.63,3.7,-1.71));
#15611=CARTESIAN_POINT('',(-4.77,3.7,-1.71));
#15612=CARTESIAN_POINT('',(-3.63,3.7,-1.71));
#15613=VECTOR('',#18028,1.14);
#15614=CARTESIAN_POINT('',(-4.77,3.7,-3.25));
#15615=CARTESIAN_POINT('',(-4.77,3.7,-3.25));
#15616=VECTOR('',#18029,1.54);
#15617=CARTESIAN_POINT('',(-3.63,3.7,-3.25));
#15618=CARTESIAN_POINT('',(-3.63,3.7,-3.25));
#15619=VECTOR('',#18030,1.14);
#15620=CARTESIAN_POINT('',(-3.63,3.7,-1.71));
#15621=VECTOR('',#18031,1.54);
#15622=CARTESIAN_POINT('',(-6.0,3.7,3.0));
#15623=CARTESIAN_POINT('',(-5.1,3.7,3.9));
#15624=CARTESIAN_POINT('',(-6.0,3.7,3.0));
#15625=VECTOR('',#18032,1.272792206136);
#15626=CARTESIAN_POINT('',(-3.3,3.7,3.9));
#15627=CARTESIAN_POINT('',(-5.1,3.7,3.9));
#15628=VECTOR('',#18033,1.8);
#15629=CARTESIAN_POINT('',(-2.4,3.7,3.0));
#15630=CARTESIAN_POINT('',(-3.3,3.7,3.9));
#15631=VECTOR('',#18034,1.272792206136);
#15632=CARTESIAN_POINT('',(-2.4,3.7,0.3));
#15633=CARTESIAN_POINT('',(-2.4,3.7,3.0));
#15634=VECTOR('',#18035,2.7);
#15635=CARTESIAN_POINT('',(-6.0,3.7,0.3));
#15636=CARTESIAN_POINT('',(-2.4,3.7,0.3));
#15637=VECTOR('',#18036,3.6);
#15638=CARTESIAN_POINT('',(-6.0,3.7,0.3));
#15639=VECTOR('',#18037,2.7);
#15640=CARTESIAN_POINT('',(-3.63,3.7,2.85));
#15641=CARTESIAN_POINT('',(-4.77,3.7,2.85));
#15642=CARTESIAN_POINT('',(-3.63,3.7,2.85));
#15643=VECTOR('',#18038,1.14);
#15644=CARTESIAN_POINT('',(-4.77,3.7,1.31));
#15645=CARTESIAN_POINT('',(-4.77,3.7,1.31));
#15646=VECTOR('',#18039,1.54);
#15647=CARTESIAN_POINT('',(-3.63,3.7,1.31));
#15648=CARTESIAN_POINT('',(-3.63,3.7,1.31));
#15649=VECTOR('',#18040,1.14);
#15650=CARTESIAN_POINT('',(-3.63,3.7,2.85));
#15651=VECTOR('',#18041,1.54);
#15652=CARTESIAN_POINT('',(1.8,12.8,0.3));
#15653=VECTOR('',#18042,9.1);
#15654=CARTESIAN_POINT('',(1.8,12.8,3.0));
#15655=VECTOR('',#18043,9.1);
#15656=CARTESIAN_POINT('',(0.9,12.8,3.9));
#15657=VECTOR('',#18044,9.1);
#15658=CARTESIAN_POINT('',(-0.9,12.8,3.9));
#15659=VECTOR('',#18045,9.1);
#15660=CARTESIAN_POINT('',(-1.8,12.8,3.0));
#15661=VECTOR('',#18046,9.1);
#15662=CARTESIAN_POINT('',(-1.8,12.8,0.3));
#15663=VECTOR('',#18047,9.1);
#15664=CARTESIAN_POINT('',(1.8,12.8,-3.9));
#15665=VECTOR('',#18048,9.1);
#15666=CARTESIAN_POINT('',(1.8,12.8,-0.3));
#15667=VECTOR('',#18049,9.1);
#15668=CARTESIAN_POINT('',(-1.8,12.8,-0.3));
#15669=VECTOR('',#18050,9.1);
#15670=CARTESIAN_POINT('',(-1.8,12.8,-3.9));
#15671=VECTOR('',#18051,9.1);
#15672=CARTESIAN_POINT('',(-6.0,12.8,-0.3));
#15673=VECTOR('',#18052,9.1);
#15674=CARTESIAN_POINT('',(-6.0,12.8,-3.9));
#15675=VECTOR('',#18053,9.1);
#15676=CARTESIAN_POINT('',(-2.4,12.8,-3.9));
#15677=VECTOR('',#18054,9.1);
#15678=CARTESIAN_POINT('',(-2.4,12.8,-0.3));
#15679=VECTOR('',#18055,9.1);
#15680=CARTESIAN_POINT('',(-6.0,12.8,3.0));
#15681=VECTOR('',#18056,9.1);
#15682=CARTESIAN_POINT('',(-6.0,12.8,0.3));
#15683=VECTOR('',#18057,9.1);
#15684=CARTESIAN_POINT('',(-2.4,12.8,0.3));
#15685=VECTOR('',#18058,9.1);
#15686=CARTESIAN_POINT('',(-2.4,12.8,3.0));
#15687=VECTOR('',#18059,9.1);
#15688=CARTESIAN_POINT('',(-3.3,12.8,3.9));
#15689=VECTOR('',#18060,9.1);
#15690=CARTESIAN_POINT('',(-5.1,12.8,3.9));
#15691=VECTOR('',#18061,9.1);
#15692=CARTESIAN_POINT('',(-0.57,4.3,-2.85));
#15693=CARTESIAN_POINT('',(-0.57,4.3,-2.85));
#15694=VECTOR('',#18062,0.7211102550928);
#15695=CARTESIAN_POINT('',(0.57,4.3,-2.85));
#15696=VECTOR('',#18063,1.14);
#15697=CARTESIAN_POINT('',(-0.57,9.2,-2.85));
#15698=CARTESIAN_POINT('',(-0.57,9.2,-2.85));
#15699=VECTOR('',#18064,4.9);
#15700=CARTESIAN_POINT('',(0.57,9.2,-2.85));
#15701=VECTOR('',#18065,1.14);
#15702=CARTESIAN_POINT('',(-0.57,9.2,-1.71));
#15703=CARTESIAN_POINT('',(-0.57,9.2,-1.71));
#15704=VECTOR('',#18066,1.14);
#15705=CARTESIAN_POINT('',(0.57,9.2,-1.71));
#15706=VECTOR('',#18067,1.14);
#15707=CARTESIAN_POINT('',(-0.57,3.7,-1.71));
#15708=VECTOR('',#18068,5.5);
#15709=CARTESIAN_POINT('',(-0.57,4.3,2.45));
#15710=CARTESIAN_POINT('',(-0.57,3.7,2.85));
#15711=VECTOR('',#18069,0.7211102550928);
#15712=CARTESIAN_POINT('',(-0.57,9.2,2.45));
#15713=CARTESIAN_POINT('',(-0.57,4.3,2.45));
#15714=VECTOR('',#18070,4.9);
#15715=CARTESIAN_POINT('',(-0.57,9.2,1.31));
#15716=CARTESIAN_POINT('',(-0.57,9.2,2.45));
#15717=VECTOR('',#18071,1.14);
#15718=CARTESIAN_POINT('',(-0.57,9.2,1.31));
#15719=VECTOR('',#18072,5.5);
#15720=CARTESIAN_POINT('',(-0.57,-3.5,-3.25));
#15721=CARTESIAN_POINT('',(-0.57,0.8,-3.25));
#15722=VECTOR('',#18073,4.3);
#15723=CARTESIAN_POINT('',(-0.57,-3.5,-3.1));
#15724=CARTESIAN_POINT('',(-0.57,-3.5,-3.25));
#15725=VECTOR('',#18074,0.15);
#15726=CARTESIAN_POINT('',(-0.57,-2.23,-2.65));
#15727=CARTESIAN_POINT('',(-0.57,-3.5,-3.1));
#15728=VECTOR('',#18075,1.347367804276);
#15729=CARTESIAN_POINT('',(-0.57,-2.23,-2.65));
#15730=VECTOR('',#18076,3.03);
#15731=CARTESIAN_POINT('',(-0.57,-2.23,2.25));
#15732=CARTESIAN_POINT('',(-0.57,0.8,2.25));
#15733=VECTOR('',#18077,3.03);
#15734=CARTESIAN_POINT('',(-0.57,-3.5,2.7));
#15735=CARTESIAN_POINT('',(-0.57,-2.23,2.25));
#15736=VECTOR('',#18078,1.347367804276);
#15737=CARTESIAN_POINT('',(-0.57,-3.5,2.85));
#15738=CARTESIAN_POINT('',(-0.57,-3.5,2.7));
#15739=VECTOR('',#18079,0.15);
#15740=CARTESIAN_POINT('',(-0.57,-3.5,2.85));
#15741=VECTOR('',#18080,4.3);
#15742=CARTESIAN_POINT('',(0.57,9.2,1.31));
#15743=VECTOR('',#18081,1.14);
#15744=CARTESIAN_POINT('',(0.57,9.2,2.45));
#15745=VECTOR('',#18082,1.14);
#15746=CARTESIAN_POINT('',(0.57,4.3,2.45));
#15747=VECTOR('',#18083,1.14);
#15748=CARTESIAN_POINT('',(0.57,-2.23,-2.65));
#15749=VECTOR('',#18084,1.14);
#15750=CARTESIAN_POINT('',(0.57,-3.5,-3.1));
#15751=VECTOR('',#18085,1.14);
#15752=CARTESIAN_POINT('',(0.57,-3.5,-3.25));
#15753=VECTOR('',#18086,1.14);
#15754=CARTESIAN_POINT('',(0.57,-3.5,2.85));
#15755=VECTOR('',#18087,1.14);
#15756=CARTESIAN_POINT('',(0.57,-3.5,2.7));
#15757=VECTOR('',#18088,1.14);
#15758=CARTESIAN_POINT('',(0.57,-2.23,2.25));
#15759=VECTOR('',#18089,1.14);
#15760=CARTESIAN_POINT('',(-3.63,4.3,-2.85));
#15761=CARTESIAN_POINT('',(-3.63,4.3,-2.85));
#15762=VECTOR('',#18090,0.7211102550928);
#15763=CARTESIAN_POINT('',(-3.63,9.2,-2.85));
#15764=CARTESIAN_POINT('',(-3.63,9.2,-2.85));
#15765=VECTOR('',#18091,4.9);
#15766=CARTESIAN_POINT('',(-3.63,9.2,-1.71));
#15767=CARTESIAN_POINT('',(-3.63,9.2,-1.71));
#15768=VECTOR('',#18092,1.14);
#15769=CARTESIAN_POINT('',(-3.63,3.7,-1.71));
#15770=VECTOR('',#18093,5.5);
#15771=CARTESIAN_POINT('',(-3.63,9.2,1.31));
#15772=CARTESIAN_POINT('',(-3.63,9.2,1.31));
#15773=VECTOR('',#18094,5.5);
#15774=CARTESIAN_POINT('',(-3.63,9.2,2.45));
#15775=CARTESIAN_POINT('',(-3.63,9.2,2.45));
#15776=VECTOR('',#18095,1.14);
#15777=CARTESIAN_POINT('',(-3.63,4.3,2.45));
#15778=CARTESIAN_POINT('',(-3.63,4.3,2.45));
#15779=VECTOR('',#18096,4.9);
#15780=CARTESIAN_POINT('',(-3.63,3.7,2.85));
#15781=VECTOR('',#18097,0.7211102550928);
#15782=CARTESIAN_POINT('',(-3.63,-2.23,-2.65));
#15783=CARTESIAN_POINT('',(-3.63,0.8,-2.65));
#15784=CARTESIAN_POINT('',(-3.63,-2.23,-2.65));
#15785=VECTOR('',#18098,3.03);
#15786=CARTESIAN_POINT('',(-3.63,-3.5,-3.1));
#15787=CARTESIAN_POINT('',(-3.63,-3.5,-3.1));
#15788=VECTOR('',#18099,1.347367804276);
#15789=CARTESIAN_POINT('',(-3.63,-3.5,-3.25));
#15790=CARTESIAN_POINT('',(-3.63,-3.5,-3.25));
#15791=VECTOR('',#18100,0.15);
#15792=CARTESIAN_POINT('',(-3.63,0.8,-3.25));
#15793=CARTESIAN_POINT('',(-3.63,0.8,-3.25));
#15794=VECTOR('',#18101,4.3);
#15795=CARTESIAN_POINT('',(-3.63,0.8,-3.25));
#15796=VECTOR('',#18102,0.6);
#15797=CARTESIAN_POINT('',(-3.63,-3.5,2.85));
#15798=CARTESIAN_POINT('',(-3.63,0.8,2.85));
#15799=CARTESIAN_POINT('',(-3.63,-3.5,2.85));
#15800=VECTOR('',#18103,4.3);
#15801=CARTESIAN_POINT('',(-3.63,-3.5,2.7));
#15802=CARTESIAN_POINT('',(-3.63,-3.5,2.7));
#15803=VECTOR('',#18104,0.15);
#15804=CARTESIAN_POINT('',(-3.63,-2.23,2.25));
#15805=CARTESIAN_POINT('',(-3.63,-2.23,2.25));
#15806=VECTOR('',#18105,1.347367804276);
#15807=CARTESIAN_POINT('',(-3.63,0.8,2.25));
#15808=CARTESIAN_POINT('',(-3.63,0.8,2.25));
#15809=VECTOR('',#18106,3.03);
#15810=CARTESIAN_POINT('',(-3.63,0.8,2.25));
#15811=VECTOR('',#18107,0.6);
#15812=CARTESIAN_POINT('',(-4.77,9.2,-1.71));
#15813=CARTESIAN_POINT('',(-3.63,9.2,-1.71));
#15814=VECTOR('',#18108,1.14);
#15815=CARTESIAN_POINT('',(-4.77,3.7,-1.71));
#15816=VECTOR('',#18109,5.5);
#15817=CARTESIAN_POINT('',(-4.77,9.2,-2.85));
#15818=CARTESIAN_POINT('',(-4.77,9.2,-1.71));
#15819=VECTOR('',#18110,1.14);
#15820=CARTESIAN_POINT('',(-4.77,4.3,-2.85));
#15821=CARTESIAN_POINT('',(-4.77,9.2,-2.85));
#15822=VECTOR('',#18111,4.9);
#15823=CARTESIAN_POINT('',(-4.77,4.3,-2.85));
#15824=VECTOR('',#18112,0.7211102550928);
#15825=CARTESIAN_POINT('',(-4.77,4.3,2.45));
#15826=CARTESIAN_POINT('',(-4.77,3.7,2.85));
#15827=VECTOR('',#18113,0.7211102550928);
#15828=CARTESIAN_POINT('',(-4.77,9.2,2.45));
#15829=CARTESIAN_POINT('',(-4.77,4.3,2.45));
#15830=VECTOR('',#18114,4.9);
#15831=CARTESIAN_POINT('',(-4.77,9.2,1.31));
#15832=CARTESIAN_POINT('',(-4.77,9.2,2.45));
#15833=VECTOR('',#18115,1.14);
#15834=CARTESIAN_POINT('',(-4.77,9.2,1.31));
#15835=VECTOR('',#18116,5.5);
#15836=CARTESIAN_POINT('',(-4.77,0.8,-3.25));
#15837=CARTESIAN_POINT('',(-4.77,-3.5,-3.25));
#15838=CARTESIAN_POINT('',(-4.77,0.8,-3.25));
#15839=VECTOR('',#18117,4.3);
#15840=CARTESIAN_POINT('',(-4.77,-3.5,-3.1));
#15841=CARTESIAN_POINT('',(-4.77,-3.5,-3.25));
#15842=VECTOR('',#18118,0.15);
#15843=CARTESIAN_POINT('',(-4.77,-2.23,-2.65));
#15844=CARTESIAN_POINT('',(-4.77,-3.5,-3.1));
#15845=VECTOR('',#18119,1.347367804276);
#15846=CARTESIAN_POINT('',(-4.77,0.8,-2.65));
#15847=CARTESIAN_POINT('',(-4.77,-2.23,-2.65));
#15848=VECTOR('',#18120,3.03);
#15849=CARTESIAN_POINT('',(-4.77,0.8,-3.25));
#15850=VECTOR('',#18121,0.6);
#15851=CARTESIAN_POINT('',(-4.77,0.8,2.25));
#15852=CARTESIAN_POINT('',(-4.77,-2.23,2.25));
#15853=CARTESIAN_POINT('',(-4.77,0.8,2.25));
#15854=VECTOR('',#18122,3.03);
#15855=CARTESIAN_POINT('',(-4.77,-3.5,2.7));
#15856=CARTESIAN_POINT('',(-4.77,-2.23,2.25));
#15857=VECTOR('',#18123,1.347367804276);
#15858=CARTESIAN_POINT('',(-4.77,-3.5,2.85));
#15859=CARTESIAN_POINT('',(-4.77,-3.5,2.7));
#15860=VECTOR('',#18124,0.15);
#15861=CARTESIAN_POINT('',(-4.77,0.8,2.85));
#15862=CARTESIAN_POINT('',(-4.77,-3.5,2.85));
#15863=VECTOR('',#18125,4.3);
#15864=CARTESIAN_POINT('',(-4.77,0.8,2.25));
#15865=VECTOR('',#18126,0.6);
#15866=CARTESIAN_POINT('',(-3.63,4.3,-2.85));
#15867=VECTOR('',#18127,1.14);
#15868=CARTESIAN_POINT('',(-3.63,9.2,-2.85));
#15869=VECTOR('',#18128,1.14);
#15870=CARTESIAN_POINT('',(-3.63,9.2,1.31));
#15871=VECTOR('',#18129,1.14);
#15872=CARTESIAN_POINT('',(-3.63,9.2,2.45));
#15873=VECTOR('',#18130,1.14);
#15874=CARTESIAN_POINT('',(-3.63,4.3,2.45));
#15875=VECTOR('',#18131,1.14);
#15876=CARTESIAN_POINT('',(-3.2,0.8,-4.8));
#15877=VECTOR('',#18132,1.0);
#15878=CARTESIAN_POINT('',(-2.9,0.8,-3.8));
#15879=VECTOR('',#18133,3.3);
#15880=CARTESIAN_POINT('',(-5.5,0.8,-0.5));
#15881=VECTOR('',#18134,3.3);
#15882=CARTESIAN_POINT('',(-5.2,0.8,-3.8));
#15883=VECTOR('',#18135,1.0);
#15884=CARTESIAN_POINT('',(-3.63,0.8,-3.25));
#15885=VECTOR('',#18136,1.14);
#15886=CARTESIAN_POINT('',(-3.63,0.8,-2.65));
#15887=VECTOR('',#18137,1.14);
#15888=CARTESIAN_POINT('',(-5.2,0.8,4.8));
#15889=VECTOR('',#18138,1.0);
#15890=CARTESIAN_POINT('',(-5.5,0.8,3.8));
#15891=VECTOR('',#18139,3.3);
#15892=CARTESIAN_POINT('',(-2.9,0.8,0.5));
#15893=VECTOR('',#18140,3.3);
#15894=CARTESIAN_POINT('',(-3.2,0.8,3.8));
#15895=VECTOR('',#18141,1.0);
#15896=CARTESIAN_POINT('',(-3.63,0.8,2.25));
#15897=VECTOR('',#18142,1.14);
#15898=CARTESIAN_POINT('',(-3.63,0.8,2.85));
#15899=VECTOR('',#18143,1.14);
#15900=CARTESIAN_POINT('',(-3.63,-2.23,-2.65));
#15901=VECTOR('',#18144,1.14);
#15902=CARTESIAN_POINT('',(-3.63,-3.5,-3.1));
#15903=VECTOR('',#18145,1.14);
#15904=CARTESIAN_POINT('',(-3.63,-3.5,-3.25));
#15905=VECTOR('',#18146,1.14);
#15906=CARTESIAN_POINT('',(-3.63,-3.5,2.85));
#15907=VECTOR('',#18147,1.14);
#15908=CARTESIAN_POINT('',(-3.63,-3.5,2.7));
#15909=VECTOR('',#18148,1.14);
#15910=CARTESIAN_POINT('',(-3.63,-2.23,2.25));
#15911=VECTOR('',#18149,1.14);
#15912=CARTESIAN_POINT('',(-7.4,0.8,3.8));
#15913=VECTOR('',#18150,1.0);
#15914=CARTESIAN_POINT('',(-7.4,0.8,-4.8));
#15915=VECTOR('',#18151,1.0);
#15916=CARTESIAN_POINT('',(-7.1,0.8,-3.8));
#15917=VECTOR('',#18152,3.3);
#15918=CARTESIAN_POINT('',(-9.7,0.8,-0.5));
#15919=VECTOR('',#18153,3.3);
#15920=CARTESIAN_POINT('',(-9.4,0.8,-3.8));
#15921=VECTOR('',#18154,1.0);
#15922=CARTESIAN_POINT('',(-7.83,0.8,-3.25));
#15923=CARTESIAN_POINT('',(-8.97,0.8,-3.25));
#15924=CARTESIAN_POINT('',(-7.83,0.8,-3.25));
#15925=VECTOR('',#18155,1.14);
#15926=CARTESIAN_POINT('',(-8.97,0.8,-2.65));
#15927=CARTESIAN_POINT('',(-8.97,0.8,-3.25));
#15928=VECTOR('',#18156,0.6);
#15929=CARTESIAN_POINT('',(-7.83,0.8,-2.65));
#15930=CARTESIAN_POINT('',(-7.83,0.8,-2.65));
#15931=VECTOR('',#18157,1.14);
#15932=CARTESIAN_POINT('',(-7.83,0.8,-3.25));
#15933=VECTOR('',#18158,0.6);
#15934=CARTESIAN_POINT('',(-9.4,0.8,4.8));
#15935=VECTOR('',#18159,1.0);
#15936=CARTESIAN_POINT('',(-9.7,0.8,3.8));
#15937=VECTOR('',#18160,3.3);
#15938=CARTESIAN_POINT('',(-7.1,0.8,0.5));
#15939=VECTOR('',#18161,3.3);
#15940=CARTESIAN_POINT('',(-7.83,0.8,2.25));
#15941=CARTESIAN_POINT('',(-8.97,0.8,2.25));
#15942=CARTESIAN_POINT('',(-7.83,0.8,2.25));
#15943=VECTOR('',#18162,1.14);
#15944=CARTESIAN_POINT('',(-8.97,0.8,2.85));
#15945=CARTESIAN_POINT('',(-8.97,0.8,2.25));
#15946=VECTOR('',#18163,0.6);
#15947=CARTESIAN_POINT('',(-7.83,0.8,2.85));
#15948=CARTESIAN_POINT('',(-7.83,0.8,2.85));
#15949=VECTOR('',#18164,1.14);
#15950=CARTESIAN_POINT('',(-7.83,0.8,2.25));
#15951=VECTOR('',#18165,0.6);
#15952=CARTESIAN_POINT('',(-7.83,4.3,-2.85));
#15953=CARTESIAN_POINT('',(-7.83,3.7,-3.25));
#15954=CARTESIAN_POINT('',(-7.83,4.3,-2.85));
#15955=VECTOR('',#18166,0.7211102550928);
#15956=CARTESIAN_POINT('',(-7.83,9.2,-2.85));
#15957=CARTESIAN_POINT('',(-7.83,9.2,-2.85));
#15958=VECTOR('',#18167,4.9);
#15959=CARTESIAN_POINT('',(-7.83,9.2,-1.71));
#15960=CARTESIAN_POINT('',(-7.83,9.2,-1.71));
#15961=VECTOR('',#18168,1.14);
#15962=CARTESIAN_POINT('',(-7.83,3.7,-1.71));
#15963=CARTESIAN_POINT('',(-7.83,3.7,-1.71));
#15964=VECTOR('',#18169,5.5);
#15965=CARTESIAN_POINT('',(-7.83,3.7,-1.71));
#15966=VECTOR('',#18170,1.54);
#15967=CARTESIAN_POINT('',(-7.83,9.2,1.31));
#15968=CARTESIAN_POINT('',(-7.83,3.7,1.31));
#15969=CARTESIAN_POINT('',(-7.83,9.2,1.31));
#15970=VECTOR('',#18171,5.5);
#15971=CARTESIAN_POINT('',(-7.83,9.2,2.45));
#15972=CARTESIAN_POINT('',(-7.83,9.2,2.45));
#15973=VECTOR('',#18172,1.14);
#15974=CARTESIAN_POINT('',(-7.83,4.3,2.45));
#15975=CARTESIAN_POINT('',(-7.83,4.3,2.45));
#15976=VECTOR('',#18173,4.9);
#15977=CARTESIAN_POINT('',(-7.83,3.7,2.85));
#15978=CARTESIAN_POINT('',(-7.83,3.7,2.85));
#15979=VECTOR('',#18174,0.7211102550928);
#15980=CARTESIAN_POINT('',(-7.83,3.7,2.85));
#15981=VECTOR('',#18175,1.54);
#15982=CARTESIAN_POINT('',(-7.83,-2.23,-2.65));
#15983=CARTESIAN_POINT('',(-7.83,-2.23,-2.65));
#15984=VECTOR('',#18176,3.03);
#15985=CARTESIAN_POINT('',(-7.83,-3.5,-3.1));
#15986=CARTESIAN_POINT('',(-7.83,-3.5,-3.1));
#15987=VECTOR('',#18177,1.347367804276);
#15988=CARTESIAN_POINT('',(-7.83,-3.5,-3.25));
#15989=CARTESIAN_POINT('',(-7.83,-3.5,-3.25));
#15990=VECTOR('',#18178,0.15);
#15991=CARTESIAN_POINT('',(-7.83,0.8,-3.25));
#15992=VECTOR('',#18179,4.3);
#15993=CARTESIAN_POINT('',(-7.83,-3.5,2.85));
#15994=CARTESIAN_POINT('',(-7.83,-3.5,2.85));
#15995=VECTOR('',#18180,4.3);
#15996=CARTESIAN_POINT('',(-7.83,-3.5,2.7));
#15997=CARTESIAN_POINT('',(-7.83,-3.5,2.7));
#15998=VECTOR('',#18181,0.15);
#15999=CARTESIAN_POINT('',(-7.83,-2.23,2.25));
#16000=CARTESIAN_POINT('',(-7.83,-2.23,2.25));
#16001=VECTOR('',#18182,1.347367804276);
#16002=CARTESIAN_POINT('',(-7.83,0.8,2.25));
#16003=VECTOR('',#18183,3.03);
#16004=CARTESIAN_POINT('',(-6.6,3.7,0.3));
#16005=CARTESIAN_POINT('',(-10.2,3.7,0.3));
#16006=CARTESIAN_POINT('',(-6.6,3.7,0.3));
#16007=VECTOR('',#18184,3.6);
#16008=CARTESIAN_POINT('',(-10.2,3.7,3.9));
#16009=CARTESIAN_POINT('',(-10.2,3.7,0.3));
#16010=VECTOR('',#18185,3.6);
#16011=CARTESIAN_POINT('',(-6.6,3.7,3.9));
#16012=CARTESIAN_POINT('',(-10.2,3.7,3.9));
#16013=VECTOR('',#18186,3.6);
#16014=CARTESIAN_POINT('',(-6.6,3.7,3.9));
#16015=VECTOR('',#18187,3.6);
#16016=CARTESIAN_POINT('',(-8.97,3.7,2.85));
#16017=CARTESIAN_POINT('',(-7.83,3.7,2.85));
#16018=VECTOR('',#18188,1.14);
#16019=CARTESIAN_POINT('',(-8.97,3.7,1.31));
#16020=CARTESIAN_POINT('',(-8.97,3.7,1.31));
#16021=VECTOR('',#18189,1.54);
#16022=CARTESIAN_POINT('',(-7.83,3.7,1.31));
#16023=VECTOR('',#18190,1.14);
#16024=CARTESIAN_POINT('',(-6.6,3.7,-3.9));
#16025=CARTESIAN_POINT('',(-10.2,3.7,-3.9));
#16026=CARTESIAN_POINT('',(-6.6,3.7,-3.9));
#16027=VECTOR('',#18191,3.6);
#16028=CARTESIAN_POINT('',(-10.2,3.7,-1.2));
#16029=CARTESIAN_POINT('',(-10.2,3.7,-3.9));
#16030=VECTOR('',#18192,2.7);
#16031=CARTESIAN_POINT('',(-9.3,3.7,-0.3));
#16032=CARTESIAN_POINT('',(-10.2,3.7,-1.2));
#16033=VECTOR('',#18193,1.272792206136);
#16034=CARTESIAN_POINT('',(-7.5,3.7,-0.3));
#16035=CARTESIAN_POINT('',(-9.3,3.7,-0.3));
#16036=VECTOR('',#18194,1.8);
#16037=CARTESIAN_POINT('',(-6.6,3.7,-1.2));
#16038=CARTESIAN_POINT('',(-7.5,3.7,-0.3));
#16039=VECTOR('',#18195,1.272792206136);
#16040=CARTESIAN_POINT('',(-6.6,3.7,-1.2));
#16041=VECTOR('',#18196,2.7);
#16042=CARTESIAN_POINT('',(-8.97,3.7,-1.71));
#16043=CARTESIAN_POINT('',(-7.83,3.7,-1.71));
#16044=VECTOR('',#18197,1.14);
#16045=CARTESIAN_POINT('',(-8.97,3.7,-3.25));
#16046=CARTESIAN_POINT('',(-8.97,3.7,-3.25));
#16047=VECTOR('',#18198,1.54);
#16048=CARTESIAN_POINT('',(-7.83,3.7,-3.25));
#16049=VECTOR('',#18199,1.14);
#16050=CARTESIAN_POINT('',(-14.4,3.7,-3.9));
#16051=CARTESIAN_POINT('',(-14.4,3.7,-1.2));
#16052=CARTESIAN_POINT('',(-14.4,3.7,-3.9));
#16053=VECTOR('',#18200,2.7);
#16054=CARTESIAN_POINT('',(-13.5,3.7,-0.3));
#16055=CARTESIAN_POINT('',(-14.4,3.7,-1.2));
#16056=VECTOR('',#18201,1.272792206136);
#16057=CARTESIAN_POINT('',(-11.7,3.7,-0.3));
#16058=CARTESIAN_POINT('',(-13.5,3.7,-0.3));
#16059=VECTOR('',#18202,1.8);
#16060=CARTESIAN_POINT('',(-10.8,3.7,-1.2));
#16061=CARTESIAN_POINT('',(-11.7,3.7,-0.3));
#16062=VECTOR('',#18203,1.272792206136);
#16063=CARTESIAN_POINT('',(-10.8,3.7,-3.9));
#16064=CARTESIAN_POINT('',(-10.8,3.7,-1.2));
#16065=VECTOR('',#18204,2.7);
#16066=CARTESIAN_POINT('',(-10.8,3.7,-3.9));
#16067=VECTOR('',#18205,3.6);
#16068=CARTESIAN_POINT('',(-12.03,3.7,-1.71));
#16069=CARTESIAN_POINT('',(-13.17,3.7,-1.71));
#16070=CARTESIAN_POINT('',(-12.03,3.7,-1.71));
#16071=VECTOR('',#18206,1.14);
#16072=CARTESIAN_POINT('',(-13.17,3.7,-3.25));
#16073=CARTESIAN_POINT('',(-13.17,3.7,-3.25));
#16074=VECTOR('',#18207,1.54);
#16075=CARTESIAN_POINT('',(-12.03,3.7,-3.25));
#16076=CARTESIAN_POINT('',(-12.03,3.7,-3.25));
#16077=VECTOR('',#18208,1.14);
#16078=CARTESIAN_POINT('',(-12.03,3.7,-1.71));
#16079=VECTOR('',#18209,1.54);
#16080=CARTESIAN_POINT('',(-14.4,3.7,0.3));
#16081=CARTESIAN_POINT('',(-14.4,3.7,3.9));
#16082=CARTESIAN_POINT('',(-14.4,3.7,0.3));
#16083=VECTOR('',#18210,3.6);
#16084=CARTESIAN_POINT('',(-10.8,3.7,3.9));
#16085=CARTESIAN_POINT('',(-14.4,3.7,3.9));
#16086=VECTOR('',#18211,3.6);
#16087=CARTESIAN_POINT('',(-10.8,3.7,0.3));
#16088=CARTESIAN_POINT('',(-10.8,3.7,3.9));
#16089=VECTOR('',#18212,3.6);
#16090=CARTESIAN_POINT('',(-10.8,3.7,0.3));
#16091=VECTOR('',#18213,3.6);
#16092=CARTESIAN_POINT('',(-12.03,3.7,2.85));
#16093=CARTESIAN_POINT('',(-13.17,3.7,2.85));
#16094=CARTESIAN_POINT('',(-12.03,3.7,2.85));
#16095=VECTOR('',#18214,1.14);
#16096=CARTESIAN_POINT('',(-13.17,3.7,1.31));
#16097=CARTESIAN_POINT('',(-13.17,3.7,1.31));
#16098=VECTOR('',#18215,1.54);
#16099=CARTESIAN_POINT('',(-12.03,3.7,1.31));
#16100=CARTESIAN_POINT('',(-12.03,3.7,1.31));
#16101=VECTOR('',#18216,1.14);
#16102=CARTESIAN_POINT('',(-12.03,3.7,2.85));
#16103=VECTOR('',#18217,1.54);
#16104=CARTESIAN_POINT('',(-6.6,12.8,0.3));
#16105=VECTOR('',#18218,9.1);
#16106=CARTESIAN_POINT('',(-6.6,12.8,3.9));
#16107=VECTOR('',#18219,9.1);
#16108=CARTESIAN_POINT('',(-10.2,12.8,3.9));
#16109=VECTOR('',#18220,9.1);
#16110=CARTESIAN_POINT('',(-10.2,12.8,0.3));
#16111=VECTOR('',#18221,9.1);
#16112=CARTESIAN_POINT('',(-6.6,12.8,-3.9));
#16113=VECTOR('',#18222,9.1);
#16114=CARTESIAN_POINT('',(-6.6,12.8,-1.2));
#16115=VECTOR('',#18223,9.1);
#16116=CARTESIAN_POINT('',(-7.5,12.8,-0.3));
#16117=VECTOR('',#18224,9.1);
#16118=CARTESIAN_POINT('',(-9.3,12.8,-0.3));
#16119=VECTOR('',#18225,9.1);
#16120=CARTESIAN_POINT('',(-10.2,12.8,-1.2));
#16121=VECTOR('',#18226,9.1);
#16122=CARTESIAN_POINT('',(-10.2,12.8,-3.9));
#16123=VECTOR('',#18227,9.1);
#16124=CARTESIAN_POINT('',(-14.4,12.8,-3.9));
#16125=VECTOR('',#18228,9.1);
#16126=CARTESIAN_POINT('',(-10.8,12.8,-3.9));
#16127=VECTOR('',#18229,9.1);
#16128=CARTESIAN_POINT('',(-10.8,12.8,-1.2));
#16129=VECTOR('',#18230,9.1);
#16130=CARTESIAN_POINT('',(-11.7,12.8,-0.3));
#16131=VECTOR('',#18231,9.1);
#16132=CARTESIAN_POINT('',(-13.5,12.8,-0.3));
#16133=VECTOR('',#18232,9.1);
#16134=CARTESIAN_POINT('',(-14.4,12.8,-1.2));
#16135=VECTOR('',#18233,9.1);
#16136=CARTESIAN_POINT('',(-14.4,12.8,0.3));
#16137=VECTOR('',#18234,9.1);
#16138=CARTESIAN_POINT('',(-10.8,12.8,0.3));
#16139=VECTOR('',#18235,9.1);
#16140=CARTESIAN_POINT('',(-10.8,12.8,3.9));
#16141=VECTOR('',#18236,9.1);
#16142=CARTESIAN_POINT('',(-14.4,12.8,3.9));
#16143=VECTOR('',#18237,9.1);
#16144=CARTESIAN_POINT('',(-8.97,4.3,-2.85));
#16145=CARTESIAN_POINT('',(-8.97,4.3,-2.85));
#16146=VECTOR('',#18238,0.7211102550928);
#16147=CARTESIAN_POINT('',(-7.83,4.3,-2.85));
#16148=VECTOR('',#18239,1.14);
#16149=CARTESIAN_POINT('',(-8.97,9.2,-2.85));
#16150=CARTESIAN_POINT('',(-8.97,9.2,-2.85));
#16151=VECTOR('',#18240,4.9);
#16152=CARTESIAN_POINT('',(-7.83,9.2,-2.85));
#16153=VECTOR('',#18241,1.14);
#16154=CARTESIAN_POINT('',(-8.97,9.2,-1.71));
#16155=CARTESIAN_POINT('',(-8.97,9.2,-1.71));
#16156=VECTOR('',#18242,1.14);
#16157=CARTESIAN_POINT('',(-7.83,9.2,-1.71));
#16158=VECTOR('',#18243,1.14);
#16159=CARTESIAN_POINT('',(-8.97,3.7,-1.71));
#16160=VECTOR('',#18244,5.5);
#16161=CARTESIAN_POINT('',(-8.97,4.3,2.45));
#16162=CARTESIAN_POINT('',(-8.97,3.7,2.85));
#16163=VECTOR('',#18245,0.7211102550928);
#16164=CARTESIAN_POINT('',(-8.97,9.2,2.45));
#16165=CARTESIAN_POINT('',(-8.97,4.3,2.45));
#16166=VECTOR('',#18246,4.9);
#16167=CARTESIAN_POINT('',(-8.97,9.2,1.31));
#16168=CARTESIAN_POINT('',(-8.97,9.2,2.45));
#16169=VECTOR('',#18247,1.14);
#16170=CARTESIAN_POINT('',(-8.97,9.2,1.31));
#16171=VECTOR('',#18248,5.5);
#16172=CARTESIAN_POINT('',(-8.97,-3.5,-3.25));
#16173=CARTESIAN_POINT('',(-8.97,0.8,-3.25));
#16174=VECTOR('',#18249,4.3);
#16175=CARTESIAN_POINT('',(-8.97,-3.5,-3.1));
#16176=CARTESIAN_POINT('',(-8.97,-3.5,-3.25));
#16177=VECTOR('',#18250,0.15);
#16178=CARTESIAN_POINT('',(-8.97,-2.23,-2.65));
#16179=CARTESIAN_POINT('',(-8.97,-3.5,-3.1));
#16180=VECTOR('',#18251,1.347367804276);
#16181=CARTESIAN_POINT('',(-8.97,-2.23,-2.65));
#16182=VECTOR('',#18252,3.03);
#16183=CARTESIAN_POINT('',(-8.97,-2.23,2.25));
#16184=CARTESIAN_POINT('',(-8.97,0.8,2.25));
#16185=VECTOR('',#18253,3.03);
#16186=CARTESIAN_POINT('',(-8.97,-3.5,2.7));
#16187=CARTESIAN_POINT('',(-8.97,-2.23,2.25));
#16188=VECTOR('',#18254,1.347367804276);
#16189=CARTESIAN_POINT('',(-8.97,-3.5,2.85));
#16190=CARTESIAN_POINT('',(-8.97,-3.5,2.7));
#16191=VECTOR('',#18255,0.15);
#16192=CARTESIAN_POINT('',(-8.97,-3.5,2.85));
#16193=VECTOR('',#18256,4.3);
#16194=CARTESIAN_POINT('',(-7.83,9.2,1.31));
#16195=VECTOR('',#18257,1.14);
#16196=CARTESIAN_POINT('',(-7.83,9.2,2.45));
#16197=VECTOR('',#18258,1.14);
#16198=CARTESIAN_POINT('',(-7.83,4.3,2.45));
#16199=VECTOR('',#18259,1.14);
#16200=CARTESIAN_POINT('',(-7.83,-2.23,-2.65));
#16201=VECTOR('',#18260,1.14);
#16202=CARTESIAN_POINT('',(-7.83,-3.5,-3.1));
#16203=VECTOR('',#18261,1.14);
#16204=CARTESIAN_POINT('',(-7.83,-3.5,-3.25));
#16205=VECTOR('',#18262,1.14);
#16206=CARTESIAN_POINT('',(-7.83,-3.5,2.85));
#16207=VECTOR('',#18263,1.14);
#16208=CARTESIAN_POINT('',(-7.83,-3.5,2.7));
#16209=VECTOR('',#18264,1.14);
#16210=CARTESIAN_POINT('',(-7.83,-2.23,2.25));
#16211=VECTOR('',#18265,1.14);
#16212=CARTESIAN_POINT('',(-12.03,4.3,-2.85));
#16213=CARTESIAN_POINT('',(-12.03,4.3,-2.85));
#16214=VECTOR('',#18266,0.7211102550928);
#16215=CARTESIAN_POINT('',(-12.03,9.2,-2.85));
#16216=CARTESIAN_POINT('',(-12.03,9.2,-2.85));
#16217=VECTOR('',#18267,4.9);
#16218=CARTESIAN_POINT('',(-12.03,9.2,-1.71));
#16219=CARTESIAN_POINT('',(-12.03,9.2,-1.71));
#16220=VECTOR('',#18268,1.14);
#16221=CARTESIAN_POINT('',(-12.03,3.7,-1.71));
#16222=VECTOR('',#18269,5.5);
#16223=CARTESIAN_POINT('',(-12.03,9.2,1.31));
#16224=CARTESIAN_POINT('',(-12.03,9.2,1.31));
#16225=VECTOR('',#18270,5.5);
#16226=CARTESIAN_POINT('',(-12.03,9.2,2.45));
#16227=CARTESIAN_POINT('',(-12.03,9.2,2.45));
#16228=VECTOR('',#18271,1.14);
#16229=CARTESIAN_POINT('',(-12.03,4.3,2.45));
#16230=CARTESIAN_POINT('',(-12.03,4.3,2.45));
#16231=VECTOR('',#18272,4.9);
#16232=CARTESIAN_POINT('',(-12.03,3.7,2.85));
#16233=VECTOR('',#18273,0.7211102550928);
#16234=CARTESIAN_POINT('',(-12.03,-2.23,-2.65));
#16235=CARTESIAN_POINT('',(-12.03,0.8,-2.65));
#16236=CARTESIAN_POINT('',(-12.03,-2.23,-2.65));
#16237=VECTOR('',#18274,3.03);
#16238=CARTESIAN_POINT('',(-12.03,-3.5,-3.1));
#16239=CARTESIAN_POINT('',(-12.03,-3.5,-3.1));
#16240=VECTOR('',#18275,1.347367804276);
#16241=CARTESIAN_POINT('',(-12.03,-3.5,-3.25));
#16242=CARTESIAN_POINT('',(-12.03,-3.5,-3.25));
#16243=VECTOR('',#18276,0.15);
#16244=CARTESIAN_POINT('',(-12.03,0.8,-3.25));
#16245=CARTESIAN_POINT('',(-12.03,0.8,-3.25));
#16246=VECTOR('',#18277,4.3);
#16247=CARTESIAN_POINT('',(-12.03,0.8,-3.25));
#16248=VECTOR('',#18278,0.6);
#16249=CARTESIAN_POINT('',(-12.03,-3.5,2.85));
#16250=CARTESIAN_POINT('',(-12.03,0.8,2.85));
#16251=CARTESIAN_POINT('',(-12.03,-3.5,2.85));
#16252=VECTOR('',#18279,4.3);
#16253=CARTESIAN_POINT('',(-12.03,-3.5,2.7));
#16254=CARTESIAN_POINT('',(-12.03,-3.5,2.7));
#16255=VECTOR('',#18280,0.15);
#16256=CARTESIAN_POINT('',(-12.03,-2.23,2.25));
#16257=CARTESIAN_POINT('',(-12.03,-2.23,2.25));
#16258=VECTOR('',#18281,1.347367804276);
#16259=CARTESIAN_POINT('',(-12.03,0.8,2.25));
#16260=CARTESIAN_POINT('',(-12.03,0.8,2.25));
#16261=VECTOR('',#18282,3.03);
#16262=CARTESIAN_POINT('',(-12.03,0.8,2.25));
#16263=VECTOR('',#18283,0.6);
#16264=CARTESIAN_POINT('',(-13.17,9.2,-1.71));
#16265=CARTESIAN_POINT('',(-12.03,9.2,-1.71));
#16266=VECTOR('',#18284,1.14);
#16267=CARTESIAN_POINT('',(-13.17,3.7,-1.71));
#16268=VECTOR('',#18285,5.5);
#16269=CARTESIAN_POINT('',(-13.17,9.2,-2.85));
#16270=CARTESIAN_POINT('',(-13.17,9.2,-1.71));
#16271=VECTOR('',#18286,1.14);
#16272=CARTESIAN_POINT('',(-13.17,4.3,-2.85));
#16273=CARTESIAN_POINT('',(-13.17,9.2,-2.85));
#16274=VECTOR('',#18287,4.9);
#16275=CARTESIAN_POINT('',(-13.17,4.3,-2.85));
#16276=VECTOR('',#18288,0.7211102550928);
#16277=CARTESIAN_POINT('',(-13.17,4.3,2.45));
#16278=CARTESIAN_POINT('',(-13.17,3.7,2.85));
#16279=VECTOR('',#18289,0.7211102550928);
#16280=CARTESIAN_POINT('',(-13.17,9.2,2.45));
#16281=CARTESIAN_POINT('',(-13.17,4.3,2.45));
#16282=VECTOR('',#18290,4.9);
#16283=CARTESIAN_POINT('',(-13.17,9.2,1.31));
#16284=CARTESIAN_POINT('',(-13.17,9.2,2.45));
#16285=VECTOR('',#18291,1.14);
#16286=CARTESIAN_POINT('',(-13.17,9.2,1.31));
#16287=VECTOR('',#18292,5.5);
#16288=CARTESIAN_POINT('',(-13.17,0.8,-3.25));
#16289=CARTESIAN_POINT('',(-13.17,-3.5,-3.25));
#16290=CARTESIAN_POINT('',(-13.17,0.8,-3.25));
#16291=VECTOR('',#18293,4.3);
#16292=CARTESIAN_POINT('',(-13.17,-3.5,-3.1));
#16293=CARTESIAN_POINT('',(-13.17,-3.5,-3.25));
#16294=VECTOR('',#18294,0.15);
#16295=CARTESIAN_POINT('',(-13.17,-2.23,-2.65));
#16296=CARTESIAN_POINT('',(-13.17,-3.5,-3.1));
#16297=VECTOR('',#18295,1.347367804276);
#16298=CARTESIAN_POINT('',(-13.17,0.8,-2.65));
#16299=CARTESIAN_POINT('',(-13.17,-2.23,-2.65));
#16300=VECTOR('',#18296,3.03);
#16301=CARTESIAN_POINT('',(-13.17,0.8,-3.25));
#16302=VECTOR('',#18297,0.6);
#16303=CARTESIAN_POINT('',(-13.17,0.8,2.25));
#16304=CARTESIAN_POINT('',(-13.17,-2.23,2.25));
#16305=CARTESIAN_POINT('',(-13.17,0.8,2.25));
#16306=VECTOR('',#18298,3.03);
#16307=CARTESIAN_POINT('',(-13.17,-3.5,2.7));
#16308=CARTESIAN_POINT('',(-13.17,-2.23,2.25));
#16309=VECTOR('',#18299,1.347367804276);
#16310=CARTESIAN_POINT('',(-13.17,-3.5,2.85));
#16311=CARTESIAN_POINT('',(-13.17,-3.5,2.7));
#16312=VECTOR('',#18300,0.15);
#16313=CARTESIAN_POINT('',(-13.17,0.8,2.85));
#16314=CARTESIAN_POINT('',(-13.17,-3.5,2.85));
#16315=VECTOR('',#18301,4.3);
#16316=CARTESIAN_POINT('',(-13.17,0.8,2.25));
#16317=VECTOR('',#18302,0.6);
#16318=CARTESIAN_POINT('',(-12.03,4.3,-2.85));
#16319=VECTOR('',#18303,1.14);
#16320=CARTESIAN_POINT('',(-12.03,9.2,-2.85));
#16321=VECTOR('',#18304,1.14);
#16322=CARTESIAN_POINT('',(-12.03,9.2,1.31));
#16323=VECTOR('',#18305,1.14);
#16324=CARTESIAN_POINT('',(-12.03,9.2,2.45));
#16325=VECTOR('',#18306,1.14);
#16326=CARTESIAN_POINT('',(-12.03,4.3,2.45));
#16327=VECTOR('',#18307,1.14);
#16328=CARTESIAN_POINT('',(-11.6,0.8,-4.8));
#16329=VECTOR('',#18308,1.0);
#16330=CARTESIAN_POINT('',(-11.3,0.8,-3.8));
#16331=VECTOR('',#18309,3.3);
#16332=CARTESIAN_POINT('',(-13.9,0.8,-0.5));
#16333=VECTOR('',#18310,3.3);
#16334=CARTESIAN_POINT('',(-13.6,0.8,-3.8));
#16335=VECTOR('',#18311,1.0);
#16336=CARTESIAN_POINT('',(-12.03,0.8,-3.25));
#16337=VECTOR('',#18312,1.14);
#16338=CARTESIAN_POINT('',(-12.03,0.8,-2.65));
#16339=VECTOR('',#18313,1.14);
#16340=CARTESIAN_POINT('',(-13.6,0.8,4.8));
#16341=VECTOR('',#18314,1.0);
#16342=CARTESIAN_POINT('',(-13.9,0.8,3.8));
#16343=VECTOR('',#18315,3.3);
#16344=CARTESIAN_POINT('',(-11.3,0.8,0.5));
#16345=VECTOR('',#18316,3.3);
#16346=CARTESIAN_POINT('',(-11.6,0.8,3.8));
#16347=VECTOR('',#18317,1.0);
#16348=CARTESIAN_POINT('',(-12.03,0.8,2.25));
#16349=VECTOR('',#18318,1.14);
#16350=CARTESIAN_POINT('',(-12.03,0.8,2.85));
#16351=VECTOR('',#18319,1.14);
#16352=CARTESIAN_POINT('',(-12.03,-2.23,-2.65));
#16353=VECTOR('',#18320,1.14);
#16354=CARTESIAN_POINT('',(-12.03,-3.5,-3.1));
#16355=VECTOR('',#18321,1.14);
#16356=CARTESIAN_POINT('',(-12.03,-3.5,-3.25));
#16357=VECTOR('',#18322,1.14);
#16358=CARTESIAN_POINT('',(-12.03,-3.5,2.85));
#16359=VECTOR('',#18323,1.14);
#16360=CARTESIAN_POINT('',(-12.03,-3.5,2.7));
#16361=VECTOR('',#18324,1.14);
#16362=CARTESIAN_POINT('',(-12.03,-2.23,2.25));
#16363=VECTOR('',#18325,1.14);
#16364=CARTESIAN_POINT('',(-15.8,0.8,3.8));
#16365=VECTOR('',#18326,1.0);
#16366=CARTESIAN_POINT('',(-15.8,0.8,-4.8));
#16367=VECTOR('',#18327,1.0);
#16368=CARTESIAN_POINT('',(-15.5,0.8,-3.8));
#16369=VECTOR('',#18328,3.3);
#16370=CARTESIAN_POINT('',(-18.1,0.8,-0.5));
#16371=VECTOR('',#18329,3.3);
#16372=CARTESIAN_POINT('',(-17.8,0.8,-3.8));
#16373=VECTOR('',#18330,1.0);
#16374=CARTESIAN_POINT('',(-16.23,0.8,-3.25));
#16375=CARTESIAN_POINT('',(-17.37,0.8,-3.25));
#16376=CARTESIAN_POINT('',(-16.23,0.8,-3.25));
#16377=VECTOR('',#18331,1.14);
#16378=CARTESIAN_POINT('',(-17.37,0.8,-2.65));
#16379=CARTESIAN_POINT('',(-17.37,0.8,-3.25));
#16380=VECTOR('',#18332,0.6);
#16381=CARTESIAN_POINT('',(-16.23,0.8,-2.65));
#16382=CARTESIAN_POINT('',(-16.23,0.8,-2.65));
#16383=VECTOR('',#18333,1.14);
#16384=CARTESIAN_POINT('',(-16.23,0.8,-3.25));
#16385=VECTOR('',#18334,0.6);
#16386=CARTESIAN_POINT('',(-17.8,0.8,4.8));
#16387=VECTOR('',#18335,1.0);
#16388=CARTESIAN_POINT('',(-18.1,0.8,3.8));
#16389=VECTOR('',#18336,3.3);
#16390=CARTESIAN_POINT('',(-15.5,0.8,0.5));
#16391=VECTOR('',#18337,3.3);
#16392=CARTESIAN_POINT('',(-16.23,0.8,2.25));
#16393=CARTESIAN_POINT('',(-17.37,0.8,2.25));
#16394=CARTESIAN_POINT('',(-16.23,0.8,2.25));
#16395=VECTOR('',#18338,1.14);
#16396=CARTESIAN_POINT('',(-17.37,0.8,2.85));
#16397=CARTESIAN_POINT('',(-17.37,0.8,2.25));
#16398=VECTOR('',#18339,0.6);
#16399=CARTESIAN_POINT('',(-16.23,0.8,2.85));
#16400=CARTESIAN_POINT('',(-16.23,0.8,2.85));
#16401=VECTOR('',#18340,1.14);
#16402=CARTESIAN_POINT('',(-16.23,0.8,2.25));
#16403=VECTOR('',#18341,0.6);
#16404=CARTESIAN_POINT('',(-16.23,4.3,-2.85));
#16405=CARTESIAN_POINT('',(-16.23,3.7,-3.25));
#16406=CARTESIAN_POINT('',(-16.23,4.3,-2.85));
#16407=VECTOR('',#18342,0.7211102550928);
#16408=CARTESIAN_POINT('',(-16.23,9.2,-2.85));
#16409=CARTESIAN_POINT('',(-16.23,9.2,-2.85));
#16410=VECTOR('',#18343,4.9);
#16411=CARTESIAN_POINT('',(-16.23,9.2,-1.71));
#16412=CARTESIAN_POINT('',(-16.23,9.2,-1.71));
#16413=VECTOR('',#18344,1.14);
#16414=CARTESIAN_POINT('',(-16.23,3.7,-1.71));
#16415=CARTESIAN_POINT('',(-16.23,3.7,-1.71));
#16416=VECTOR('',#18345,5.5);
#16417=CARTESIAN_POINT('',(-16.23,3.7,-1.71));
#16418=VECTOR('',#18346,1.54);
#16419=CARTESIAN_POINT('',(-16.23,9.2,1.31));
#16420=CARTESIAN_POINT('',(-16.23,3.7,1.31));
#16421=CARTESIAN_POINT('',(-16.23,9.2,1.31));
#16422=VECTOR('',#18347,5.5);
#16423=CARTESIAN_POINT('',(-16.23,9.2,2.45));
#16424=CARTESIAN_POINT('',(-16.23,9.2,2.45));
#16425=VECTOR('',#18348,1.14);
#16426=CARTESIAN_POINT('',(-16.23,4.3,2.45));
#16427=CARTESIAN_POINT('',(-16.23,4.3,2.45));
#16428=VECTOR('',#18349,4.9);
#16429=CARTESIAN_POINT('',(-16.23,3.7,2.85));
#16430=CARTESIAN_POINT('',(-16.23,3.7,2.85));
#16431=VECTOR('',#18350,0.7211102550928);
#16432=CARTESIAN_POINT('',(-16.23,3.7,2.85));
#16433=VECTOR('',#18351,1.54);
#16434=CARTESIAN_POINT('',(-16.23,-2.23,-2.65));
#16435=CARTESIAN_POINT('',(-16.23,-2.23,-2.65));
#16436=VECTOR('',#18352,3.03);
#16437=CARTESIAN_POINT('',(-16.23,-3.5,-3.1));
#16438=CARTESIAN_POINT('',(-16.23,-3.5,-3.1));
#16439=VECTOR('',#18353,1.347367804276);
#16440=CARTESIAN_POINT('',(-16.23,-3.5,-3.25));
#16441=CARTESIAN_POINT('',(-16.23,-3.5,-3.25));
#16442=VECTOR('',#18354,0.15);
#16443=CARTESIAN_POINT('',(-16.23,0.8,-3.25));
#16444=VECTOR('',#18355,4.3);
#16445=CARTESIAN_POINT('',(-16.23,-3.5,2.85));
#16446=CARTESIAN_POINT('',(-16.23,-3.5,2.85));
#16447=VECTOR('',#18356,4.3);
#16448=CARTESIAN_POINT('',(-16.23,-3.5,2.7));
#16449=CARTESIAN_POINT('',(-16.23,-3.5,2.7));
#16450=VECTOR('',#18357,0.15);
#16451=CARTESIAN_POINT('',(-16.23,-2.23,2.25));
#16452=CARTESIAN_POINT('',(-16.23,-2.23,2.25));
#16453=VECTOR('',#18358,1.347367804276);
#16454=CARTESIAN_POINT('',(-16.23,0.8,2.25));
#16455=VECTOR('',#18359,3.03);
#16456=CARTESIAN_POINT('',(-15.0,3.7,0.3));
#16457=CARTESIAN_POINT('',(-18.6,3.7,0.3));
#16458=CARTESIAN_POINT('',(-15.0,3.7,0.3));
#16459=VECTOR('',#18360,3.6);
#16460=CARTESIAN_POINT('',(-18.6,3.7,3.0));
#16461=CARTESIAN_POINT('',(-18.6,3.7,0.3));
#16462=VECTOR('',#18361,2.7);
#16463=CARTESIAN_POINT('',(-17.7,3.7,3.9));
#16464=CARTESIAN_POINT('',(-18.6,3.7,3.0));
#16465=VECTOR('',#18362,1.272792206136);
#16466=CARTESIAN_POINT('',(-15.9,3.7,3.9));
#16467=CARTESIAN_POINT('',(-17.7,3.7,3.9));
#16468=VECTOR('',#18363,1.8);
#16469=CARTESIAN_POINT('',(-15.0,3.7,3.0));
#16470=CARTESIAN_POINT('',(-15.9,3.7,3.9));
#16471=VECTOR('',#18364,1.272792206136);
#16472=CARTESIAN_POINT('',(-15.0,3.7,3.0));
#16473=VECTOR('',#18365,2.7);
#16474=CARTESIAN_POINT('',(-17.37,3.7,2.85));
#16475=CARTESIAN_POINT('',(-16.23,3.7,2.85));
#16476=VECTOR('',#18366,1.14);
#16477=CARTESIAN_POINT('',(-17.37,3.7,1.31));
#16478=CARTESIAN_POINT('',(-17.37,3.7,1.31));
#16479=VECTOR('',#18367,1.54);
#16480=CARTESIAN_POINT('',(-16.23,3.7,1.31));
#16481=VECTOR('',#18368,1.14);
#16482=CARTESIAN_POINT('',(-15.0,3.7,-3.9));
#16483=CARTESIAN_POINT('',(-18.6,3.7,-3.9));
#16484=CARTESIAN_POINT('',(-15.0,3.7,-3.9));
#16485=VECTOR('',#18369,3.6);
#16486=CARTESIAN_POINT('',(-18.6,3.7,-0.3));
#16487=CARTESIAN_POINT('',(-18.6,3.7,-3.9));
#16488=VECTOR('',#18370,3.6);
#16489=CARTESIAN_POINT('',(-15.0,3.7,-0.3));
#16490=CARTESIAN_POINT('',(-18.6,3.7,-0.3));
#16491=VECTOR('',#18371,3.6);
#16492=CARTESIAN_POINT('',(-15.0,3.7,-0.3));
#16493=VECTOR('',#18372,3.6);
#16494=CARTESIAN_POINT('',(-17.37,3.7,-1.71));
#16495=CARTESIAN_POINT('',(-16.23,3.7,-1.71));
#16496=VECTOR('',#18373,1.14);
#16497=CARTESIAN_POINT('',(-17.37,3.7,-3.25));
#16498=CARTESIAN_POINT('',(-17.37,3.7,-3.25));
#16499=VECTOR('',#18374,1.54);
#16500=CARTESIAN_POINT('',(-16.23,3.7,-3.25));
#16501=VECTOR('',#18375,1.14);
#16502=CARTESIAN_POINT('',(-22.8,3.7,-0.3));
#16503=CARTESIAN_POINT('',(-19.2,3.7,-0.3));
#16504=CARTESIAN_POINT('',(-22.8,3.7,-0.3));
#16505=VECTOR('',#18376,3.6);
#16506=CARTESIAN_POINT('',(-19.2,3.7,-3.9));
#16507=CARTESIAN_POINT('',(-19.2,3.7,-0.3));
#16508=VECTOR('',#18377,3.6);
#16509=CARTESIAN_POINT('',(-22.8,3.7,-3.9));
#16510=CARTESIAN_POINT('',(-19.2,3.7,-3.9));
#16511=VECTOR('',#18378,3.6);
#16512=CARTESIAN_POINT('',(-22.8,3.7,-3.9));
#16513=VECTOR('',#18379,3.6);
#16514=CARTESIAN_POINT('',(-20.43,3.7,-1.71));
#16515=CARTESIAN_POINT('',(-21.57,3.7,-1.71));
#16516=CARTESIAN_POINT('',(-20.43,3.7,-1.71));
#16517=VECTOR('',#18380,1.14);
#16518=CARTESIAN_POINT('',(-21.57,3.7,-3.25));
#16519=CARTESIAN_POINT('',(-21.57,3.7,-3.25));
#16520=VECTOR('',#18381,1.54);
#16521=CARTESIAN_POINT('',(-20.43,3.7,-3.25));
#16522=CARTESIAN_POINT('',(-20.43,3.7,-3.25));
#16523=VECTOR('',#18382,1.14);
#16524=CARTESIAN_POINT('',(-20.43,3.7,-1.71));
#16525=VECTOR('',#18383,1.54);
#16526=CARTESIAN_POINT('',(-22.8,3.7,3.0));
#16527=CARTESIAN_POINT('',(-21.9,3.7,3.9));
#16528=CARTESIAN_POINT('',(-22.8,3.7,3.0));
#16529=VECTOR('',#18384,1.272792206136);
#16530=CARTESIAN_POINT('',(-20.1,3.7,3.9));
#16531=CARTESIAN_POINT('',(-21.9,3.7,3.9));
#16532=VECTOR('',#18385,1.8);
#16533=CARTESIAN_POINT('',(-19.2,3.7,3.0));
#16534=CARTESIAN_POINT('',(-20.1,3.7,3.9));
#16535=VECTOR('',#18386,1.272792206136);
#16536=CARTESIAN_POINT('',(-19.2,3.7,0.3));
#16537=CARTESIAN_POINT('',(-19.2,3.7,3.0));
#16538=VECTOR('',#18387,2.7);
#16539=CARTESIAN_POINT('',(-22.8,3.7,0.3));
#16540=CARTESIAN_POINT('',(-19.2,3.7,0.3));
#16541=VECTOR('',#18388,3.6);
#16542=CARTESIAN_POINT('',(-22.8,3.7,0.3));
#16543=VECTOR('',#18389,2.7);
#16544=CARTESIAN_POINT('',(-20.43,3.7,2.85));
#16545=CARTESIAN_POINT('',(-21.57,3.7,2.85));
#16546=CARTESIAN_POINT('',(-20.43,3.7,2.85));
#16547=VECTOR('',#18390,1.14);
#16548=CARTESIAN_POINT('',(-21.57,3.7,1.31));
#16549=CARTESIAN_POINT('',(-21.57,3.7,1.31));
#16550=VECTOR('',#18391,1.54);
#16551=CARTESIAN_POINT('',(-20.43,3.7,1.31));
#16552=CARTESIAN_POINT('',(-20.43,3.7,1.31));
#16553=VECTOR('',#18392,1.14);
#16554=CARTESIAN_POINT('',(-20.43,3.7,2.85));
#16555=VECTOR('',#18393,1.54);
#16556=CARTESIAN_POINT('',(-15.0,12.8,0.3));
#16557=VECTOR('',#18394,9.1);
#16558=CARTESIAN_POINT('',(-15.0,12.8,3.0));
#16559=VECTOR('',#18395,9.1);
#16560=CARTESIAN_POINT('',(-15.9,12.8,3.9));
#16561=VECTOR('',#18396,9.1);
#16562=CARTESIAN_POINT('',(-17.7,12.8,3.9));
#16563=VECTOR('',#18397,9.1);
#16564=CARTESIAN_POINT('',(-18.6,12.8,3.0));
#16565=VECTOR('',#18398,9.1);
#16566=CARTESIAN_POINT('',(-18.6,12.8,0.3));
#16567=VECTOR('',#18399,9.1);
#16568=CARTESIAN_POINT('',(-15.0,12.8,-3.9));
#16569=VECTOR('',#18400,9.1);
#16570=CARTESIAN_POINT('',(-15.0,12.8,-0.3));
#16571=VECTOR('',#18401,9.1);
#16572=CARTESIAN_POINT('',(-18.6,12.8,-0.3));
#16573=VECTOR('',#18402,9.1);
#16574=CARTESIAN_POINT('',(-18.6,12.8,-3.9));
#16575=VECTOR('',#18403,9.1);
#16576=CARTESIAN_POINT('',(-22.8,12.8,-0.3));
#16577=VECTOR('',#18404,9.1);
#16578=CARTESIAN_POINT('',(-22.8,12.8,-3.9));
#16579=VECTOR('',#18405,9.1);
#16580=CARTESIAN_POINT('',(-19.2,12.8,-3.9));
#16581=VECTOR('',#18406,9.1);
#16582=CARTESIAN_POINT('',(-19.2,12.8,-0.3));
#16583=VECTOR('',#18407,9.1);
#16584=CARTESIAN_POINT('',(-22.8,12.8,3.0));
#16585=VECTOR('',#18408,9.1);
#16586=CARTESIAN_POINT('',(-22.8,12.8,0.3));
#16587=VECTOR('',#18409,9.1);
#16588=CARTESIAN_POINT('',(-19.2,12.8,0.3));
#16589=VECTOR('',#18410,9.1);
#16590=CARTESIAN_POINT('',(-19.2,12.8,3.0));
#16591=VECTOR('',#18411,9.1);
#16592=CARTESIAN_POINT('',(-20.1,12.8,3.9));
#16593=VECTOR('',#18412,9.1);
#16594=CARTESIAN_POINT('',(-21.9,12.8,3.9));
#16595=VECTOR('',#18413,9.1);
#16596=CARTESIAN_POINT('',(-17.37,4.3,-2.85));
#16597=CARTESIAN_POINT('',(-17.37,4.3,-2.85));
#16598=VECTOR('',#18414,0.7211102550928);
#16599=CARTESIAN_POINT('',(-16.23,4.3,-2.85));
#16600=VECTOR('',#18415,1.14);
#16601=CARTESIAN_POINT('',(-17.37,9.2,-2.85));
#16602=CARTESIAN_POINT('',(-17.37,9.2,-2.85));
#16603=VECTOR('',#18416,4.9);
#16604=CARTESIAN_POINT('',(-16.23,9.2,-2.85));
#16605=VECTOR('',#18417,1.14);
#16606=CARTESIAN_POINT('',(-17.37,9.2,-1.71));
#16607=CARTESIAN_POINT('',(-17.37,9.2,-1.71));
#16608=VECTOR('',#18418,1.14);
#16609=CARTESIAN_POINT('',(-16.23,9.2,-1.71));
#16610=VECTOR('',#18419,1.14);
#16611=CARTESIAN_POINT('',(-17.37,3.7,-1.71));
#16612=VECTOR('',#18420,5.5);
#16613=CARTESIAN_POINT('',(-17.37,4.3,2.45));
#16614=CARTESIAN_POINT('',(-17.37,3.7,2.85));
#16615=VECTOR('',#18421,0.7211102550928);
#16616=CARTESIAN_POINT('',(-17.37,9.2,2.45));
#16617=CARTESIAN_POINT('',(-17.37,4.3,2.45));
#16618=VECTOR('',#18422,4.9);
#16619=CARTESIAN_POINT('',(-17.37,9.2,1.31));
#16620=CARTESIAN_POINT('',(-17.37,9.2,2.45));
#16621=VECTOR('',#18423,1.14);
#16622=CARTESIAN_POINT('',(-17.37,9.2,1.31));
#16623=VECTOR('',#18424,5.5);
#16624=CARTESIAN_POINT('',(-17.37,-3.5,-3.25));
#16625=CARTESIAN_POINT('',(-17.37,0.8,-3.25));
#16626=VECTOR('',#18425,4.3);
#16627=CARTESIAN_POINT('',(-17.37,-3.5,-3.1));
#16628=CARTESIAN_POINT('',(-17.37,-3.5,-3.25));
#16629=VECTOR('',#18426,0.15);
#16630=CARTESIAN_POINT('',(-17.37,-2.23,-2.65));
#16631=CARTESIAN_POINT('',(-17.37,-3.5,-3.1));
#16632=VECTOR('',#18427,1.347367804276);
#16633=CARTESIAN_POINT('',(-17.37,-2.23,-2.65));
#16634=VECTOR('',#18428,3.03);
#16635=CARTESIAN_POINT('',(-17.37,-2.23,2.25));
#16636=CARTESIAN_POINT('',(-17.37,0.8,2.25));
#16637=VECTOR('',#18429,3.03);
#16638=CARTESIAN_POINT('',(-17.37,-3.5,2.7));
#16639=CARTESIAN_POINT('',(-17.37,-2.23,2.25));
#16640=VECTOR('',#18430,1.347367804276);
#16641=CARTESIAN_POINT('',(-17.37,-3.5,2.85));
#16642=CARTESIAN_POINT('',(-17.37,-3.5,2.7));
#16643=VECTOR('',#18431,0.15);
#16644=CARTESIAN_POINT('',(-17.37,-3.5,2.85));
#16645=VECTOR('',#18432,4.3);
#16646=CARTESIAN_POINT('',(-16.23,9.2,1.31));
#16647=VECTOR('',#18433,1.14);
#16648=CARTESIAN_POINT('',(-16.23,9.2,2.45));
#16649=VECTOR('',#18434,1.14);
#16650=CARTESIAN_POINT('',(-16.23,4.3,2.45));
#16651=VECTOR('',#18435,1.14);
#16652=CARTESIAN_POINT('',(-16.23,-2.23,-2.65));
#16653=VECTOR('',#18436,1.14);
#16654=CARTESIAN_POINT('',(-16.23,-3.5,-3.1));
#16655=VECTOR('',#18437,1.14);
#16656=CARTESIAN_POINT('',(-16.23,-3.5,-3.25));
#16657=VECTOR('',#18438,1.14);
#16658=CARTESIAN_POINT('',(-16.23,-3.5,2.85));
#16659=VECTOR('',#18439,1.14);
#16660=CARTESIAN_POINT('',(-16.23,-3.5,2.7));
#16661=VECTOR('',#18440,1.14);
#16662=CARTESIAN_POINT('',(-16.23,-2.23,2.25));
#16663=VECTOR('',#18441,1.14);
#16664=CARTESIAN_POINT('',(-20.43,4.3,-2.85));
#16665=CARTESIAN_POINT('',(-20.43,4.3,-2.85));
#16666=VECTOR('',#18442,0.7211102550928);
#16667=CARTESIAN_POINT('',(-20.43,9.2,-2.85));
#16668=CARTESIAN_POINT('',(-20.43,9.2,-2.85));
#16669=VECTOR('',#18443,4.9);
#16670=CARTESIAN_POINT('',(-20.43,9.2,-1.71));
#16671=CARTESIAN_POINT('',(-20.43,9.2,-1.71));
#16672=VECTOR('',#18444,1.14);
#16673=CARTESIAN_POINT('',(-20.43,3.7,-1.71));
#16674=VECTOR('',#18445,5.5);
#16675=CARTESIAN_POINT('',(-20.43,9.2,1.31));
#16676=CARTESIAN_POINT('',(-20.43,9.2,1.31));
#16677=VECTOR('',#18446,5.5);
#16678=CARTESIAN_POINT('',(-20.43,9.2,2.45));
#16679=CARTESIAN_POINT('',(-20.43,9.2,2.45));
#16680=VECTOR('',#18447,1.14);
#16681=CARTESIAN_POINT('',(-20.43,4.3,2.45));
#16682=CARTESIAN_POINT('',(-20.43,4.3,2.45));
#16683=VECTOR('',#18448,4.9);
#16684=CARTESIAN_POINT('',(-20.43,3.7,2.85));
#16685=VECTOR('',#18449,0.7211102550928);
#16686=CARTESIAN_POINT('',(-20.43,-2.23,-2.65));
#16687=CARTESIAN_POINT('',(-20.43,-2.23,-2.65));
#16688=VECTOR('',#18450,3.03);
#16689=CARTESIAN_POINT('',(-20.43,-3.5,-3.1));
#16690=CARTESIAN_POINT('',(-20.43,-3.5,-3.1));
#16691=VECTOR('',#18451,1.347367804276);
#16692=CARTESIAN_POINT('',(-20.43,-3.5,-3.25));
#16693=CARTESIAN_POINT('',(-20.43,-3.5,-3.25));
#16694=VECTOR('',#18452,0.15);
#16695=CARTESIAN_POINT('',(-20.43,0.8,-3.25));
#16696=VECTOR('',#18453,4.3);
#16697=CARTESIAN_POINT('',(-20.43,-3.5,2.85));
#16698=CARTESIAN_POINT('',(-20.43,-3.5,2.85));
#16699=VECTOR('',#18454,4.3);
#16700=CARTESIAN_POINT('',(-20.43,-3.5,2.7));
#16701=CARTESIAN_POINT('',(-20.43,-3.5,2.7));
#16702=VECTOR('',#18455,0.15);
#16703=CARTESIAN_POINT('',(-20.43,-2.23,2.25));
#16704=CARTESIAN_POINT('',(-20.43,-2.23,2.25));
#16705=VECTOR('',#18456,1.347367804276);
#16706=CARTESIAN_POINT('',(-20.43,0.8,2.25));
#16707=VECTOR('',#18457,3.03);
#16708=CARTESIAN_POINT('',(-21.57,9.2,-1.71));
#16709=CARTESIAN_POINT('',(-20.43,9.2,-1.71));
#16710=VECTOR('',#18458,1.14);
#16711=CARTESIAN_POINT('',(-21.57,3.7,-1.71));
#16712=VECTOR('',#18459,5.5);
#16713=CARTESIAN_POINT('',(-21.57,9.2,-2.85));
#16714=CARTESIAN_POINT('',(-21.57,9.2,-1.71));
#16715=VECTOR('',#18460,1.14);
#16716=CARTESIAN_POINT('',(-21.57,4.3,-2.85));
#16717=CARTESIAN_POINT('',(-21.57,9.2,-2.85));
#16718=VECTOR('',#18461,4.9);
#16719=CARTESIAN_POINT('',(-21.57,4.3,-2.85));
#16720=VECTOR('',#18462,0.7211102550928);
#16721=CARTESIAN_POINT('',(-21.57,4.3,2.45));
#16722=CARTESIAN_POINT('',(-21.57,3.7,2.85));
#16723=VECTOR('',#18463,0.7211102550928);
#16724=CARTESIAN_POINT('',(-21.57,9.2,2.45));
#16725=CARTESIAN_POINT('',(-21.57,4.3,2.45));
#16726=VECTOR('',#18464,4.9);
#16727=CARTESIAN_POINT('',(-21.57,9.2,1.31));
#16728=CARTESIAN_POINT('',(-21.57,9.2,2.45));
#16729=VECTOR('',#18465,1.14);
#16730=CARTESIAN_POINT('',(-21.57,9.2,1.31));
#16731=VECTOR('',#18466,5.5);
#16732=CARTESIAN_POINT('',(-21.57,-3.5,-3.25));
#16733=CARTESIAN_POINT('',(-21.57,0.8,-3.25));
#16734=VECTOR('',#18467,4.3);
#16735=CARTESIAN_POINT('',(-21.57,-3.5,-3.1));
#16736=CARTESIAN_POINT('',(-21.57,-3.5,-3.25));
#16737=VECTOR('',#18468,0.15);
#16738=CARTESIAN_POINT('',(-21.57,-2.23,-2.65));
#16739=CARTESIAN_POINT('',(-21.57,-3.5,-3.1));
#16740=VECTOR('',#18469,1.347367804276);
#16741=CARTESIAN_POINT('',(-21.57,-2.23,-2.65));
#16742=VECTOR('',#18470,3.03);
#16743=CARTESIAN_POINT('',(-21.57,-2.23,2.25));
#16744=CARTESIAN_POINT('',(-21.57,0.8,2.25));
#16745=VECTOR('',#18471,3.03);
#16746=CARTESIAN_POINT('',(-21.57,-3.5,2.7));
#16747=CARTESIAN_POINT('',(-21.57,-2.23,2.25));
#16748=VECTOR('',#18472,1.347367804276);
#16749=CARTESIAN_POINT('',(-21.57,-3.5,2.85));
#16750=CARTESIAN_POINT('',(-21.57,-3.5,2.7));
#16751=VECTOR('',#18473,0.15);
#16752=CARTESIAN_POINT('',(-21.57,-3.5,2.85));
#16753=VECTOR('',#18474,4.3);
#16754=CARTESIAN_POINT('',(-20.43,4.3,-2.85));
#16755=VECTOR('',#18475,1.14);
#16756=CARTESIAN_POINT('',(-20.43,9.2,-2.85));
#16757=VECTOR('',#18476,1.14);
#16758=CARTESIAN_POINT('',(-20.43,9.2,1.31));
#16759=VECTOR('',#18477,1.14);
#16760=CARTESIAN_POINT('',(-20.43,9.2,2.45));
#16761=VECTOR('',#18478,1.14);
#16762=CARTESIAN_POINT('',(-20.43,4.3,2.45));
#16763=VECTOR('',#18479,1.14);
#16764=CARTESIAN_POINT('',(-20.43,-2.23,-2.65));
#16765=VECTOR('',#18480,1.14);
#16766=CARTESIAN_POINT('',(-20.43,-3.5,-3.1));
#16767=VECTOR('',#18481,1.14);
#16768=CARTESIAN_POINT('',(-20.43,-3.5,-3.25));
#16769=VECTOR('',#18482,1.14);
#16770=CARTESIAN_POINT('',(-20.43,-3.5,2.85));
#16771=VECTOR('',#18483,1.14);
#16772=CARTESIAN_POINT('',(-20.43,-3.5,2.7));
#16773=VECTOR('',#18484,1.14);
#16774=CARTESIAN_POINT('',(-20.43,-2.23,2.25));
#16775=VECTOR('',#18485,1.14);
#16776=CARTESIAN_POINT('',(22.8,3.7,0.3));
#16777=CARTESIAN_POINT('',(22.8,12.8,0.3));
#16778=VECTOR('',#18486,9.1);
#16779=CARTESIAN_POINT('',(22.8,3.7,3.9));
#16780=CARTESIAN_POINT('',(22.8,3.7,3.9));
#16781=VECTOR('',#18487,3.6);
#16782=CARTESIAN_POINT('',(22.8,12.8,3.9));
#16783=VECTOR('',#18488,9.1);
#16784=CARTESIAN_POINT('',(19.2,3.7,3.9));
#16785=CARTESIAN_POINT('',(19.2,3.7,3.9));
#16786=VECTOR('',#18489,3.6);
#16787=CARTESIAN_POINT('',(19.2,12.8,3.9));
#16788=VECTOR('',#18490,9.1);
#16789=CARTESIAN_POINT('',(19.2,3.7,0.3));
#16790=CARTESIAN_POINT('',(19.2,3.7,0.3));
#16791=VECTOR('',#18491,3.6);
#16792=CARTESIAN_POINT('',(19.2,12.8,0.3));
#16793=VECTOR('',#18492,9.1);
#16794=CARTESIAN_POINT('',(22.8,3.7,0.3));
#16795=VECTOR('',#18493,3.6);
#16796=CARTESIAN_POINT('',(21.57,3.7,2.85));
#16797=CARTESIAN_POINT('',(20.43,3.7,2.85));
#16798=CARTESIAN_POINT('',(21.57,3.7,2.85));
#16799=VECTOR('',#18494,1.14);
#16800=CARTESIAN_POINT('',(20.43,3.7,1.31));
#16801=CARTESIAN_POINT('',(20.43,3.7,1.31));
#16802=VECTOR('',#18495,1.54);
#16803=CARTESIAN_POINT('',(21.57,3.7,1.31));
#16804=CARTESIAN_POINT('',(21.57,3.7,1.31));
#16805=VECTOR('',#18496,1.14);
#16806=CARTESIAN_POINT('',(21.57,3.7,1.31));
#16807=VECTOR('',#18497,1.54);
#16808=CARTESIAN_POINT('',(22.8,3.7,-3.9));
#16809=CARTESIAN_POINT('',(19.2,3.7,-3.9));
#16810=CARTESIAN_POINT('',(22.8,3.7,-3.9));
#16811=VECTOR('',#18498,3.6);
#16812=CARTESIAN_POINT('',(19.2,3.7,-1.2));
#16813=CARTESIAN_POINT('',(19.2,3.7,-3.9));
#16814=VECTOR('',#18499,2.7);
#16815=CARTESIAN_POINT('',(20.1,3.7,-0.3));
#16816=CARTESIAN_POINT('',(19.2,3.7,-1.2));
#16817=VECTOR('',#18500,1.272792206136);
#16818=CARTESIAN_POINT('',(21.9,3.7,-0.3));
#16819=CARTESIAN_POINT('',(20.1,3.7,-0.3));
#16820=VECTOR('',#18501,1.8);
#16821=CARTESIAN_POINT('',(22.8,3.7,-1.2));
#16822=CARTESIAN_POINT('',(21.9,3.7,-0.3));
#16823=VECTOR('',#18502,1.272792206136);
#16824=CARTESIAN_POINT('',(22.8,3.7,-1.2));
#16825=VECTOR('',#18503,2.7);
#16826=CARTESIAN_POINT('',(21.57,3.7,-1.71));
#16827=CARTESIAN_POINT('',(20.43,3.7,-1.71));
#16828=CARTESIAN_POINT('',(21.57,3.7,-1.71));
#16829=VECTOR('',#18504,1.14);
#16830=CARTESIAN_POINT('',(20.43,3.7,-3.25));
#16831=CARTESIAN_POINT('',(20.43,3.7,-3.25));
#16832=VECTOR('',#18505,1.54);
#16833=CARTESIAN_POINT('',(21.57,3.7,-3.25));
#16834=CARTESIAN_POINT('',(21.57,3.7,-3.25));
#16835=VECTOR('',#18506,1.14);
#16836=CARTESIAN_POINT('',(21.57,3.7,-3.25));
#16837=VECTOR('',#18507,1.54);
#16838=CARTESIAN_POINT('',(22.8,12.8,-3.9));
#16839=VECTOR('',#18508,9.1);
#16840=CARTESIAN_POINT('',(22.8,12.8,-1.2));
#16841=VECTOR('',#18509,9.1);
#16842=CARTESIAN_POINT('',(21.9,12.8,-0.3));
#16843=VECTOR('',#18510,9.1);
#16844=CARTESIAN_POINT('',(20.1,12.8,-0.3));
#16845=VECTOR('',#18511,9.1);
#16846=CARTESIAN_POINT('',(19.2,12.8,-1.2));
#16847=VECTOR('',#18512,9.1);
#16848=CARTESIAN_POINT('',(19.2,12.8,-3.9));
#16849=VECTOR('',#18513,9.1);
#16850=CARTESIAN_POINT('',(21.57,4.3,-2.85));
#16851=CARTESIAN_POINT('',(21.57,4.3,-2.85));
#16852=VECTOR('',#18514,0.7211102550928);
#16853=CARTESIAN_POINT('',(21.57,9.2,-2.85));
#16854=CARTESIAN_POINT('',(21.57,9.2,-2.85));
#16855=VECTOR('',#18515,4.9);
#16856=CARTESIAN_POINT('',(21.57,9.2,-1.71));
#16857=CARTESIAN_POINT('',(21.57,9.2,-1.71));
#16858=VECTOR('',#18516,1.14);
#16859=CARTESIAN_POINT('',(21.57,3.7,-1.71));
#16860=VECTOR('',#18517,5.5);
#16861=CARTESIAN_POINT('',(21.57,9.2,1.31));
#16862=CARTESIAN_POINT('',(21.57,9.2,1.31));
#16863=VECTOR('',#18518,5.5);
#16864=CARTESIAN_POINT('',(21.57,9.2,2.45));
#16865=CARTESIAN_POINT('',(21.57,9.2,2.45));
#16866=VECTOR('',#18519,1.14);
#16867=CARTESIAN_POINT('',(21.57,4.3,2.45));
#16868=CARTESIAN_POINT('',(21.57,4.3,2.45));
#16869=VECTOR('',#18520,4.9);
#16870=CARTESIAN_POINT('',(21.57,3.7,2.85));
#16871=VECTOR('',#18521,0.7211102550928);
#16872=CARTESIAN_POINT('',(21.57,-3.5,2.85));
#16873=CARTESIAN_POINT('',(21.57,-3.5,2.85));
#16874=VECTOR('',#18522,4.3);
#16875=CARTESIAN_POINT('',(21.57,-3.5,2.7));
#16876=CARTESIAN_POINT('',(21.57,-3.5,2.7));
#16877=VECTOR('',#18523,0.15);
#16878=CARTESIAN_POINT('',(21.57,-2.23,2.25));
#16879=CARTESIAN_POINT('',(21.57,-2.23,2.25));
#16880=VECTOR('',#18524,1.347367804276);
#16881=CARTESIAN_POINT('',(21.57,0.8,2.25));
#16882=VECTOR('',#18525,3.03);
#16883=CARTESIAN_POINT('',(21.57,-2.23,-2.65));
#16884=CARTESIAN_POINT('',(21.57,-2.23,-2.65));
#16885=VECTOR('',#18526,3.03);
#16886=CARTESIAN_POINT('',(21.57,-3.5,-3.1));
#16887=CARTESIAN_POINT('',(21.57,-3.5,-3.1));
#16888=VECTOR('',#18527,1.347367804276);
#16889=CARTESIAN_POINT('',(21.57,-3.5,-3.25));
#16890=CARTESIAN_POINT('',(21.57,-3.5,-3.25));
#16891=VECTOR('',#18528,0.15);
#16892=CARTESIAN_POINT('',(21.57,0.8,-3.25));
#16893=VECTOR('',#18529,4.3);
#16894=CARTESIAN_POINT('',(20.43,9.2,-1.71));
#16895=CARTESIAN_POINT('',(21.57,9.2,-1.71));
#16896=VECTOR('',#18530,1.14);
#16897=CARTESIAN_POINT('',(20.43,3.7,-1.71));
#16898=VECTOR('',#18531,5.5);
#16899=CARTESIAN_POINT('',(20.43,9.2,-2.85));
#16900=CARTESIAN_POINT('',(20.43,9.2,-1.71));
#16901=VECTOR('',#18532,1.14);
#16902=CARTESIAN_POINT('',(20.43,4.3,-2.85));
#16903=CARTESIAN_POINT('',(20.43,9.2,-2.85));
#16904=VECTOR('',#18533,4.9);
#16905=CARTESIAN_POINT('',(20.43,4.3,-2.85));
#16906=VECTOR('',#18534,0.7211102550928);
#16907=CARTESIAN_POINT('',(20.43,4.3,2.45));
#16908=CARTESIAN_POINT('',(20.43,3.7,2.85));
#16909=VECTOR('',#18535,0.7211102550928);
#16910=CARTESIAN_POINT('',(20.43,9.2,2.45));
#16911=CARTESIAN_POINT('',(20.43,4.3,2.45));
#16912=VECTOR('',#18536,4.9);
#16913=CARTESIAN_POINT('',(20.43,9.2,1.31));
#16914=CARTESIAN_POINT('',(20.43,9.2,2.45));
#16915=VECTOR('',#18537,1.14);
#16916=CARTESIAN_POINT('',(20.43,9.2,1.31));
#16917=VECTOR('',#18538,5.5);
#16918=CARTESIAN_POINT('',(20.43,-2.23,2.25));
#16919=CARTESIAN_POINT('',(20.43,-3.5,2.7));
#16920=CARTESIAN_POINT('',(20.43,-2.23,2.25));
#16921=VECTOR('',#18539,1.347367804276);
#16922=CARTESIAN_POINT('',(20.43,-3.5,2.85));
#16923=CARTESIAN_POINT('',(20.43,-3.5,2.7));
#16924=VECTOR('',#18540,0.15);
#16925=CARTESIAN_POINT('',(20.43,-3.5,2.85));
#16926=VECTOR('',#18541,4.3);
#16927=CARTESIAN_POINT('',(20.43,0.8,2.25));
#16928=VECTOR('',#18542,3.03);
#16929=CARTESIAN_POINT('',(20.43,-3.5,-3.25));
#16930=CARTESIAN_POINT('',(20.43,0.8,-3.25));
#16931=VECTOR('',#18543,4.3);
#16932=CARTESIAN_POINT('',(20.43,-3.5,-3.1));
#16933=CARTESIAN_POINT('',(20.43,-3.5,-3.25));
#16934=VECTOR('',#18544,0.15);
#16935=CARTESIAN_POINT('',(20.43,-2.23,-2.65));
#16936=CARTESIAN_POINT('',(20.43,-3.5,-3.1));
#16937=VECTOR('',#18545,1.347367804276);
#16938=CARTESIAN_POINT('',(20.43,-2.23,-2.65));
#16939=VECTOR('',#18546,3.03);
#16940=CARTESIAN_POINT('',(21.57,4.3,-2.85));
#16941=VECTOR('',#18547,1.14);
#16942=CARTESIAN_POINT('',(21.57,9.2,-2.85));
#16943=VECTOR('',#18548,1.14);
#16944=CARTESIAN_POINT('',(21.57,9.2,1.31));
#16945=VECTOR('',#18549,1.14);
#16946=CARTESIAN_POINT('',(21.57,9.2,2.45));
#16947=VECTOR('',#18550,1.14);
#16948=CARTESIAN_POINT('',(21.57,4.3,2.45));
#16949=VECTOR('',#18551,1.14);
#16950=CARTESIAN_POINT('',(21.57,-2.23,2.25));
#16951=VECTOR('',#18552,1.14);
#16952=CARTESIAN_POINT('',(21.57,-3.5,2.7));
#16953=VECTOR('',#18553,1.14);
#16954=CARTESIAN_POINT('',(21.57,-3.5,2.85));
#16955=VECTOR('',#18554,1.14);
#16956=CARTESIAN_POINT('',(21.57,-2.23,-2.65));
#16957=VECTOR('',#18555,1.14);
#16958=CARTESIAN_POINT('',(21.57,-3.5,-3.1));
#16959=VECTOR('',#18556,1.14);
#16960=CARTESIAN_POINT('',(21.57,-3.5,-3.25));
#16961=VECTOR('',#18557,1.14);
#16962=DIRECTION('',(-0.0,-1.0,0.0));
#16963=CARTESIAN_POINT('',(23.7,12.8,2.6));
#16964=DIRECTION('',(0.0,-1.0,0.0));
#16965=DIRECTION('',(0.0,0.0,-1.0));
#16966=DIRECTION('',(0.0,-1.0,0.0));
#16967=CARTESIAN_POINT('',(23.7,0.2,2.6));
#16968=DIRECTION('',(0.0,-1.0,0.0));
#16969=DIRECTION('',(0.0,0.0,-1.0));
#16970=DIRECTION('',(0.0,0.0,1.0));
#16971=DIRECTION('',(0.0,1.0,0.0));
#16972=DIRECTION('',(0.0,0.0,-1.0));
#16973=DIRECTION('',(0.0,-1.0,0.0));
#16974=DIRECTION('',(0.0,0.0,1.0));
#16975=DIRECTION('',(0.0,1.0,0.0));
#16976=DIRECTION('',(0.0,0.0,1.0));
#16977=DIRECTION('',(0.0,1.0,0.0));
#16978=DIRECTION('',(0.0,0.0,-1.0));
#16979=DIRECTION('',(0.0,1.0,0.0));
#16980=DIRECTION('',(0.0,0.0,1.0));
#16981=DIRECTION('',(0.0,1.0,0.0));
#16982=DIRECTION('',(-0.707106781186597,0.0,-0.707106781186498));
#16983=DIRECTION('',(-0.707106781186548,0.0,-0.707106781186548));
#16984=DIRECTION('',(0.0,-1.0,0.0));
#16985=DIRECTION('',(0.0,0.0,-1.0));
#16986=DIRECTION('',(0.0,-1.0,0.0));
#16987=DIRECTION('',(0.0,0.0,-1.0));
#16988=DIRECTION('',(1.0,0.0,0.0));
#16989=DIRECTION('',(0.0,0.0,-1.0));
#16990=DIRECTION('',(-1.0,0.0,0.0));
#16991=DIRECTION('',(0.0,0.0,1.0));
#16992=DIRECTION('',(1.0,0.0,0.0));
#16993=DIRECTION('',(0.0,0.0,1.0));
#16994=CARTESIAN_POINT('',(23.7,0.2,2.6));
#16995=DIRECTION('',(0.0,-1.0,0.0));
#16996=DIRECTION('',(0.0,0.0,-1.0));
#16997=DIRECTION('',(0.0,0.0,1.0));
#16998=DIRECTION('',(-1.0,0.0,0.0));
#16999=DIRECTION('',(0.0,0.0,1.0));
#17000=DIRECTION('',(1.0,0.0,0.0));
#17001=DIRECTION('',(0.0,0.0,1.0));
#17002=DIRECTION('',(-1.0,0.0,0.0));
#17003=DIRECTION('',(0.0,0.0,-1.0));
#17004=DIRECTION('',(1.0,0.0,0.0));
#17005=DIRECTION('',(0.0,0.0,1.0));
#17006=DIRECTION('',(-1.0,0.0,0.0));
#17007=DIRECTION('',(0.0,0.0,1.0));
#17008=DIRECTION('',(1.0,0.0,0.0));
#17009=DIRECTION('',(0.0,0.0,-1.0));
#17010=DIRECTION('',(-1.0,0.0,0.0));
#17011=DIRECTION('',(0.0,0.0,-1.0));
#17012=DIRECTION('',(1.0,0.0,0.0));
#17013=DIRECTION('',(0.0,0.0,1.0));
#17014=DIRECTION('',(-1.0,0.0,0.0));
#17015=DIRECTION('',(0.0,0.0,1.0));
#17016=DIRECTION('',(1.0,0.0,0.0));
#17017=DIRECTION('',(0.0,0.0,-1.0));
#17018=DIRECTION('',(-1.0,0.0,0.0));
#17019=DIRECTION('',(0.0,0.0,-1.0));
#17020=DIRECTION('',(1.0,0.0,0.0));
#17021=DIRECTION('',(0.0,0.0,1.0));
#17022=DIRECTION('',(-1.0,0.0,0.0));
#17023=DIRECTION('',(0.0,0.0,1.0));
#17024=DIRECTION('',(1.0,0.0,0.0));
#17025=DIRECTION('',(0.0,0.0,-1.0));
#17026=DIRECTION('',(-1.0,0.0,0.0));
#17027=DIRECTION('',(0.0,0.0,-1.0));
#17028=DIRECTION('',(1.0,0.0,0.0));
#17029=DIRECTION('',(0.0,0.0,1.0));
#17030=DIRECTION('',(-1.0,0.0,0.0));
#17031=DIRECTION('',(0.0,0.0,1.0));
#17032=DIRECTION('',(1.0,0.0,0.0));
#17033=DIRECTION('',(0.0,0.0,-1.0));
#17034=DIRECTION('',(-1.0,0.0,0.0));
#17035=DIRECTION('',(0.0,0.0,-1.0));
#17036=DIRECTION('',(1.0,0.0,0.0));
#17037=DIRECTION('',(0.0,0.0,1.0));
#17038=DIRECTION('',(-1.0,0.0,0.0));
#17039=DIRECTION('',(0.0,0.0,1.0));
#17040=DIRECTION('',(1.0,0.0,0.0));
#17041=DIRECTION('',(0.0,0.0,-1.0));
#17042=DIRECTION('',(-1.0,0.0,0.0));
#17043=DIRECTION('',(0.0,0.0,-1.0));
#17044=DIRECTION('',(1.0,0.0,0.0));
#17045=DIRECTION('',(0.0,0.0,1.0));
#17046=DIRECTION('',(-1.0,0.0,0.0));
#17047=DIRECTION('',(0.0,0.0,1.0));
#17048=DIRECTION('',(1.0,0.0,0.0));
#17049=DIRECTION('',(0.0,0.0,-1.0));
#17050=DIRECTION('',(-1.0,0.0,0.0));
#17051=DIRECTION('',(0.0,0.0,-1.0));
#17052=DIRECTION('',(1.0,0.0,0.0));
#17053=DIRECTION('',(0.0,0.0,1.0));
#17054=DIRECTION('',(-1.0,0.0,0.0));
#17055=DIRECTION('',(0.0,0.0,1.0));
#17056=DIRECTION('',(1.0,0.0,0.0));
#17057=DIRECTION('',(0.0,0.0,-1.0));
#17058=DIRECTION('',(-1.0,0.0,0.0));
#17059=DIRECTION('',(0.0,0.0,-1.0));
#17060=DIRECTION('',(1.0,0.0,0.0));
#17061=DIRECTION('',(0.0,0.0,1.0));
#17062=DIRECTION('',(-1.0,0.0,0.0));
#17063=DIRECTION('',(0.0,0.0,1.0));
#17064=DIRECTION('',(1.0,0.0,0.0));
#17065=DIRECTION('',(0.0,0.0,-1.0));
#17066=DIRECTION('',(-1.0,0.0,0.0));
#17067=DIRECTION('',(0.0,0.0,-1.0));
#17068=DIRECTION('',(1.0,0.0,0.0));
#17069=DIRECTION('',(0.0,0.0,1.0));
#17070=DIRECTION('',(-1.0,0.0,0.0));
#17071=DIRECTION('',(0.0,0.0,1.0));
#17072=DIRECTION('',(1.0,0.0,0.0));
#17073=DIRECTION('',(0.0,0.0,-1.0));
#17074=DIRECTION('',(-1.0,0.0,0.0));
#17075=DIRECTION('',(0.0,0.0,-1.0));
#17076=DIRECTION('',(-1.0,0.0,0.0));
#17077=DIRECTION('',(0.707106781186548,0.0,-0.707106781186548));
#17078=DIRECTION('',(1.0,0.0,0.0));
#17079=DIRECTION('',(0.0,0.0,1.0));
#17080=DIRECTION('',(-1.0,0.0,0.0));
#17081=DIRECTION('',(0.0,0.0,1.0));
#17082=DIRECTION('',(1.0,0.0,0.0));
#17083=DIRECTION('',(0.0,0.0,-1.0));
#17084=DIRECTION('',(1.0,0.0,0.0));
#17085=DIRECTION('',(0.0,0.0,1.0));
#17086=DIRECTION('',(-1.0,0.0,0.0));
#17087=DIRECTION('',(0.0,0.0,1.0));
#17088=DIRECTION('',(0.0,1.0,0.0));
#17089=DIRECTION('',(0.0,0.0,1.0));
#17090=DIRECTION('',(0.0,1.0,0.0));
#17091=DIRECTION('',(0.0,1.0,0.0));
#17092=DIRECTION('',(1.0,0.0,0.0));
#17093=DIRECTION('',(0.0,1.0,0.0));
#17094=DIRECTION('',(1.0,0.0,0.0));
#17095=DIRECTION('',(0.0,1.0,0.0));
#17096=DIRECTION('',(0.0,1.0,0.0));
#17097=DIRECTION('',(1.0,0.0,0.0));
#17098=DIRECTION('',(0.0,1.0,0.0));
#17099=DIRECTION('',(0.0,1.0,0.0));
#17100=DIRECTION('',(1.0,0.0,0.0));
#17101=DIRECTION('',(0.0,1.0,0.0));
#17102=DIRECTION('',(0.0,1.0,0.0));
#17103=DIRECTION('',(1.0,0.0,0.0));
#17104=DIRECTION('',(0.0,1.0,0.0));
#17105=DIRECTION('',(0.0,1.0,0.0));
#17106=DIRECTION('',(1.0,0.0,0.0));
#17107=DIRECTION('',(0.0,1.0,0.0));
#17108=DIRECTION('',(0.0,1.0,0.0));
#17109=DIRECTION('',(1.0,0.0,0.0));
#17110=DIRECTION('',(0.0,1.0,0.0));
#17111=DIRECTION('',(0.0,1.0,0.0));
#17112=DIRECTION('',(1.0,0.0,0.0));
#17113=DIRECTION('',(0.0,1.0,0.0));
#17114=DIRECTION('',(0.0,1.0,0.0));
#17115=DIRECTION('',(1.0,0.0,0.0));
#17116=DIRECTION('',(0.0,1.0,0.0));
#17117=DIRECTION('',(0.0,1.0,0.0));
#17118=DIRECTION('',(1.0,0.0,0.0));
#17119=DIRECTION('',(0.0,1.0,0.0));
#17120=DIRECTION('',(0.0,1.0,0.0));
#17121=DIRECTION('',(1.0,0.0,0.0));
#17122=DIRECTION('',(0.0,1.0,0.0));
#17123=DIRECTION('',(0.0,1.0,0.0));
#17124=DIRECTION('',(1.0,0.0,0.0));
#17125=DIRECTION('',(0.0,1.0,0.0));
#17126=DIRECTION('',(0.0,0.0,-1.0));
#17127=DIRECTION('',(0.0,1.0,0.0));
#17128=DIRECTION('',(0.0,1.0,0.0));
#17129=DIRECTION('',(1.0,0.0,0.0));
#17130=DIRECTION('',(0.0,-1.0,0.0));
#17131=DIRECTION('',(-1.0,0.0,0.0));
#17132=DIRECTION('',(0.0,1.0,0.0));
#17133=DIRECTION('',(-1.0,0.0,0.0));
#17134=DIRECTION('',(0.0,1.0,0.0));
#17135=DIRECTION('',(1.0,0.0,0.0));
#17136=DIRECTION('',(0.0,-1.0,0.0));
#17137=DIRECTION('',(-1.0,0.0,0.0));
#17138=DIRECTION('',(0.0,1.0,0.0));
#17139=DIRECTION('',(0.0,1.0,0.0));
#17140=DIRECTION('',(-1.0,0.0,0.0));
#17141=DIRECTION('',(0.0,1.0,0.0));
#17142=DIRECTION('',(1.0,0.0,0.0));
#17143=DIRECTION('',(0.0,-1.0,0.0));
#17144=DIRECTION('',(-1.0,0.0,0.0));
#17145=DIRECTION('',(0.0,1.0,0.0));
#17146=DIRECTION('',(0.0,1.0,0.0));
#17147=DIRECTION('',(-1.0,0.0,0.0));
#17148=DIRECTION('',(0.0,1.0,0.0));
#17149=DIRECTION('',(1.0,0.0,0.0));
#17150=DIRECTION('',(0.0,-1.0,0.0));
#17151=DIRECTION('',(-1.0,0.0,0.0));
#17152=DIRECTION('',(0.0,1.0,0.0));
#17153=DIRECTION('',(0.0,1.0,0.0));
#17154=DIRECTION('',(-1.0,0.0,0.0));
#17155=DIRECTION('',(0.0,1.0,0.0));
#17156=DIRECTION('',(1.0,0.0,0.0));
#17157=DIRECTION('',(0.0,-1.0,0.0));
#17158=DIRECTION('',(-1.0,0.0,0.0));
#17159=DIRECTION('',(0.0,1.0,0.0));
#17160=DIRECTION('',(0.0,1.0,0.0));
#17161=DIRECTION('',(-1.0,0.0,0.0));
#17162=DIRECTION('',(0.0,1.0,0.0));
#17163=DIRECTION('',(1.0,0.0,0.0));
#17164=DIRECTION('',(0.0,-1.0,0.0));
#17165=DIRECTION('',(-1.0,0.0,0.0));
#17166=DIRECTION('',(0.0,1.0,0.0));
#17167=DIRECTION('',(0.0,1.0,0.0));
#17168=DIRECTION('',(-1.0,0.0,0.0));
#17169=DIRECTION('',(0.0,1.0,0.0));
#17170=DIRECTION('',(1.0,0.0,0.0));
#17171=DIRECTION('',(0.0,-1.0,0.0));
#17172=DIRECTION('',(-1.0,0.0,0.0));
#17173=DIRECTION('',(0.0,1.0,0.0));
#17174=DIRECTION('',(0.0,1.0,0.0));
#17175=DIRECTION('',(-1.0,0.0,0.0));
#17176=DIRECTION('',(0.0,1.0,0.0));
#17177=DIRECTION('',(1.0,0.0,0.0));
#17178=DIRECTION('',(0.0,-1.0,0.0));
#17179=DIRECTION('',(-1.0,0.0,0.0));
#17180=DIRECTION('',(0.0,1.0,0.0));
#17181=DIRECTION('',(0.0,1.0,0.0));
#17182=DIRECTION('',(-1.0,0.0,0.0));
#17183=DIRECTION('',(0.0,1.0,0.0));
#17184=DIRECTION('',(1.0,0.0,0.0));
#17185=DIRECTION('',(0.0,-1.0,0.0));
#17186=DIRECTION('',(-1.0,0.0,0.0));
#17187=DIRECTION('',(0.0,1.0,0.0));
#17188=DIRECTION('',(0.0,1.0,0.0));
#17189=DIRECTION('',(-1.0,0.0,0.0));
#17190=DIRECTION('',(0.0,1.0,0.0));
#17191=DIRECTION('',(1.0,0.0,0.0));
#17192=DIRECTION('',(0.0,-1.0,0.0));
#17193=DIRECTION('',(-1.0,0.0,0.0));
#17194=DIRECTION('',(0.0,1.0,0.0));
#17195=DIRECTION('',(0.0,1.0,0.0));
#17196=DIRECTION('',(-1.0,0.0,0.0));
#17197=DIRECTION('',(0.0,1.0,0.0));
#17198=DIRECTION('',(1.0,0.0,0.0));
#17199=DIRECTION('',(0.0,-1.0,0.0));
#17200=DIRECTION('',(-1.0,0.0,0.0));
#17201=DIRECTION('',(0.0,1.0,0.0));
#17202=DIRECTION('',(1.0,0.0,0.0));
#17203=DIRECTION('',(-1.0,0.0,0.0));
#17204=DIRECTION('',(0.0,1.0,0.0));
#17205=DIRECTION('',(0.0,0.0,1.0));
#17206=DIRECTION('',(1.0,0.0,0.0));
#17207=DIRECTION('',(0.0,0.0,1.0));
#17208=DIRECTION('',(-1.0,0.0,0.0));
#17209=DIRECTION('',(0.0,0.0,-1.0));
#17210=DIRECTION('',(1.0,0.0,0.0));
#17211=DIRECTION('',(0.0,0.0,-1.0));
#17212=DIRECTION('',(1.0,0.0,0.0));
#17213=DIRECTION('',(-1.0,0.0,0.0));
#17214=DIRECTION('',(0.0,0.0,1.0));
#17215=DIRECTION('',(-1.0,0.0,0.0));
#17216=DIRECTION('',(0.0,0.0,1.0));
#17217=DIRECTION('',(0.0,0.0,-1.0));
#17218=DIRECTION('',(0.0,0.0,-1.0));
#17219=DIRECTION('',(0.0,0.0,1.0));
#17220=DIRECTION('',(1.0,0.0,0.0));
#17221=DIRECTION('',(-1.0,0.0,0.0));
#17222=DIRECTION('',(0.0,0.0,1.0));
#17223=DIRECTION('',(-1.0,0.0,0.0));
#17224=DIRECTION('',(0.0,0.0,1.0));
#17225=DIRECTION('',(0.0,1.0,0.0));
#17226=DIRECTION('',(1.0,0.0,0.0));
#17227=DIRECTION('',(1.0,0.0,0.0));
#17228=DIRECTION('',(0.0,-1.0,0.0));
#17229=DIRECTION('',(1.0,0.0,0.0));
#17230=DIRECTION('',(0.0,-1.0,0.0));
#17231=DIRECTION('',(1.0,0.0,0.0));
#17232=DIRECTION('',(0.0,1.0,0.0));
#17233=DIRECTION('',(1.0,0.0,0.0));
#17234=DIRECTION('',(0.0,1.0,0.0));
#17235=DIRECTION('',(0.0,1.0,0.0));
#17236=DIRECTION('',(1.0,0.0,0.0));
#17237=DIRECTION('',(0.0,1.0,0.0));
#17238=DIRECTION('',(1.0,0.0,0.0));
#17239=DIRECTION('',(0.0,1.0,0.0));
#17240=DIRECTION('',(1.0,0.0,0.0));
#17241=DIRECTION('',(0.0,1.0,0.0));
#17242=DIRECTION('',(1.0,0.0,0.0));
#17243=DIRECTION('',(0.0,1.0,0.0));
#17244=DIRECTION('',(1.0,0.0,0.0));
#17245=DIRECTION('',(0.0,1.0,0.0));
#17246=DIRECTION('',(1.0,0.0,0.0));
#17247=DIRECTION('',(0.0,1.0,0.0));
#17248=DIRECTION('',(1.0,0.0,0.0));
#17249=DIRECTION('',(0.0,1.0,0.0));
#17250=DIRECTION('',(1.0,0.0,0.0));
#17251=DIRECTION('',(0.0,1.0,0.0));
#17252=DIRECTION('',(1.0,0.0,0.0));
#17253=DIRECTION('',(0.0,1.0,0.0));
#17254=DIRECTION('',(1.0,0.0,0.0));
#17255=DIRECTION('',(0.0,1.0,0.0));
#17256=DIRECTION('',(1.0,0.0,0.0));
#17257=DIRECTION('',(0.0,1.0,0.0));
#17258=DIRECTION('',(1.0,0.0,0.0));
#17259=DIRECTION('',(0.0,1.0,0.0));
#17260=DIRECTION('',(1.0,0.0,0.0));
#17261=DIRECTION('',(0.0,1.0,0.0));
#17262=DIRECTION('',(1.0,0.0,0.0));
#17263=DIRECTION('',(0.0,1.0,0.0));
#17264=DIRECTION('',(1.0,0.0,0.0));
#17265=DIRECTION('',(0.0,1.0,0.0));
#17266=DIRECTION('',(1.0,0.0,0.0));
#17267=DIRECTION('',(0.0,1.0,0.0));
#17268=DIRECTION('',(1.0,0.0,0.0));
#17269=DIRECTION('',(0.0,1.0,0.0));
#17270=DIRECTION('',(1.0,0.0,0.0));
#17271=DIRECTION('',(0.0,1.0,0.0));
#17272=DIRECTION('',(1.0,0.0,0.0));
#17273=DIRECTION('',(0.0,1.0,0.0));
#17274=DIRECTION('',(1.0,0.0,0.0));
#17275=DIRECTION('',(0.0,0.0,1.0));
#17276=DIRECTION('',(1.0,0.0,0.0));
#17277=DIRECTION('',(0.0,0.0,1.0));
#17278=DIRECTION('',(-1.0,0.0,0.0));
#17279=DIRECTION('',(0.0,0.0,-1.0));
#17280=DIRECTION('',(1.0,0.0,0.0));
#17281=DIRECTION('',(0.0,0.0,-1.0));
#17282=DIRECTION('',(-1.0,0.0,0.0));
#17283=DIRECTION('',(0.0,0.0,1.0));
#17284=DIRECTION('',(-1.0,0.0,0.0));
#17285=DIRECTION('',(0.0,0.0,1.0));
#17286=DIRECTION('',(0.0,0.0,-1.0));
#17287=DIRECTION('',(0.0,0.0,1.0));
#17288=DIRECTION('',(0.0,0.0,1.0));
#17289=DIRECTION('',(1.0,0.0,0.0));
#17290=DIRECTION('',(-1.0,0.0,0.0));
#17291=DIRECTION('',(0.0,0.0,1.0));
#17292=DIRECTION('',(-1.0,0.0,0.0));
#17293=DIRECTION('',(0.0,0.0,1.0));
#17294=DIRECTION('',(0.0,-1.0,0.0));
#17295=DIRECTION('',(0.0,0.0,1.0));
#17296=DIRECTION('',(0.0,0.0,1.0));
#17297=DIRECTION('',(-1.0,0.0,0.0));
#17298=DIRECTION('',(0.0,0.0,-1.0));
#17299=DIRECTION('',(0.0,0.0,-1.0));
#17300=DIRECTION('',(0.0,0.0,-1.0));
#17301=DIRECTION('',(1.0,0.0,0.0));
#17302=DIRECTION('',(0.0,0.0,-1.0));
#17303=DIRECTION('',(1.0,0.0,0.0));
#17304=DIRECTION('',(0.0,0.0,1.0));
#17305=DIRECTION('',(0.0,0.0,-1.0));
#17306=DIRECTION('',(1.0,0.0,0.0));
#17307=DIRECTION('',(0.0,0.0,-1.0));
#17308=DIRECTION('',(0.0,0.0,1.0));
#17309=DIRECTION('',(1.0,0.0,0.0));
#17310=DIRECTION('',(0.0,0.0,1.0));
#17311=DIRECTION('',(0.0,0.0,-1.0));
#17312=DIRECTION('',(1.0,0.0,0.0));
#17313=DIRECTION('',(0.0,0.0,-1.0));
#17314=DIRECTION('',(0.0,0.0,1.0));
#17315=DIRECTION('',(1.0,0.0,0.0));
#17316=DIRECTION('',(0.0,0.0,1.0));
#17317=DIRECTION('',(0.0,0.0,-1.0));
#17318=DIRECTION('',(1.0,0.0,0.0));
#17319=DIRECTION('',(0.0,0.0,-1.0));
#17320=DIRECTION('',(0.0,0.0,1.0));
#17321=DIRECTION('',(1.0,0.0,0.0));
#17322=DIRECTION('',(0.0,0.0,1.0));
#17323=DIRECTION('',(0.0,0.0,-1.0));
#17324=DIRECTION('',(1.0,0.0,0.0));
#17325=DIRECTION('',(0.0,0.0,-1.0));
#17326=DIRECTION('',(0.0,0.0,1.0));
#17327=DIRECTION('',(1.0,0.0,0.0));
#17328=DIRECTION('',(0.0,0.0,1.0));
#17329=DIRECTION('',(0.0,0.0,-1.0));
#17330=DIRECTION('',(1.0,0.0,0.0));
#17331=DIRECTION('',(0.0,0.0,-1.0));
#17332=DIRECTION('',(0.0,0.0,1.0));
#17333=DIRECTION('',(1.0,0.0,0.0));
#17334=DIRECTION('',(0.0,0.0,1.0));
#17335=DIRECTION('',(0.0,0.0,-1.0));
#17336=DIRECTION('',(1.0,0.0,0.0));
#17337=DIRECTION('',(0.0,0.0,-1.0));
#17338=DIRECTION('',(0.0,0.0,1.0));
#17339=DIRECTION('',(1.0,0.0,0.0));
#17340=DIRECTION('',(0.0,0.0,1.0));
#17341=DIRECTION('',(0.0,0.0,-1.0));
#17342=DIRECTION('',(1.0,0.0,0.0));
#17343=DIRECTION('',(0.0,0.0,-1.0));
#17344=DIRECTION('',(0.0,0.0,1.0));
#17345=DIRECTION('',(1.0,0.0,0.0));
#17346=DIRECTION('',(0.0,0.0,1.0));
#17347=DIRECTION('',(0.0,0.0,-1.0));
#17348=DIRECTION('',(1.0,0.0,0.0));
#17349=DIRECTION('',(0.0,0.0,-1.0));
#17350=DIRECTION('',(0.0,0.0,1.0));
#17351=DIRECTION('',(1.0,0.0,0.0));
#17352=DIRECTION('',(0.0,0.0,1.0));
#17353=DIRECTION('',(0.0,0.0,-1.0));
#17354=DIRECTION('',(1.0,0.0,0.0));
#17355=DIRECTION('',(0.0,0.0,-1.0));
#17356=DIRECTION('',(0.0,0.0,1.0));
#17357=DIRECTION('',(1.0,0.0,0.0));
#17358=DIRECTION('',(0.0,0.0,1.0));
#17359=DIRECTION('',(0.0,0.0,-1.0));
#17360=DIRECTION('',(1.0,0.0,0.0));
#17361=DIRECTION('',(0.0,0.0,-1.0));
#17362=DIRECTION('',(1.0,0.0,0.0));
#17363=DIRECTION('',(0.0,0.0,-1.0));
#17364=DIRECTION('',(1.0,0.0,0.0));
#17365=DIRECTION('',(0.0,0.0,1.0));
#17366=DIRECTION('',(1.0,0.0,0.0));
#17367=DIRECTION('',(0.0,0.0,1.0));
#17368=DIRECTION('',(0.0,1.0,0.0));
#17369=DIRECTION('',(0.0,1.0,0.0));
#17370=DIRECTION('',(-1.0,0.0,0.0));
#17371=DIRECTION('',(0.0,1.0,0.0));
#17372=DIRECTION('',(0.0,1.0,0.0));
#17373=DIRECTION('',(-1.0,0.0,0.0));
#17374=DIRECTION('',(0.0,1.0,0.0));
#17375=DIRECTION('',(0.0,1.0,0.0));
#17376=DIRECTION('',(-1.0,0.0,0.0));
#17377=DIRECTION('',(0.0,1.0,0.0));
#17378=DIRECTION('',(0.0,1.0,0.0));
#17379=DIRECTION('',(-1.0,0.0,0.0));
#17380=DIRECTION('',(0.0,1.0,0.0));
#17381=DIRECTION('',(0.0,1.0,0.0));
#17382=DIRECTION('',(-1.0,0.0,0.0));
#17383=DIRECTION('',(0.0,1.0,0.0));
#17384=DIRECTION('',(0.0,1.0,0.0));
#17385=DIRECTION('',(-1.0,0.0,0.0));
#17386=DIRECTION('',(0.0,1.0,0.0));
#17387=DIRECTION('',(0.0,1.0,0.0));
#17388=DIRECTION('',(-1.0,0.0,0.0));
#17389=DIRECTION('',(0.0,1.0,0.0));
#17390=DIRECTION('',(0.0,1.0,0.0));
#17391=DIRECTION('',(-1.0,0.0,0.0));
#17392=DIRECTION('',(0.0,1.0,0.0));
#17393=DIRECTION('',(0.0,1.0,0.0));
#17394=DIRECTION('',(-1.0,0.0,0.0));
#17395=DIRECTION('',(0.0,1.0,0.0));
#17396=DIRECTION('',(0.0,1.0,0.0));
#17397=DIRECTION('',(0.0,1.0,0.0));
#17398=DIRECTION('',(0.0,1.0,0.0));
#17399=DIRECTION('',(0.0,1.0,0.0));
#17400=DIRECTION('',(0.0,1.0,0.0));
#17401=DIRECTION('',(0.0,1.0,0.0));
#17402=DIRECTION('',(0.0,1.0,0.0));
#17403=DIRECTION('',(0.0,1.0,0.0));
#17404=DIRECTION('',(0.0,1.0,0.0));
#17405=DIRECTION('',(0.0,-1.0,0.0));
#17406=DIRECTION('',(0.0,1.0,0.0));
#17407=DIRECTION('',(0.0,1.0,0.0));
#17408=DIRECTION('',(1.0,0.0,0.0));
#17409=DIRECTION('',(0.0,1.0,0.0));
#17410=DIRECTION('',(0.0,-1.0,0.0));
#17411=DIRECTION('',(1.0,0.0,0.0));
#17412=DIRECTION('',(0.0,1.0,0.0));
#17413=DIRECTION('',(0.0,1.0,0.0));
#17414=DIRECTION('',(1.0,0.0,0.0));
#17415=DIRECTION('',(0.0,1.0,0.0));
#17416=DIRECTION('',(0.0,-1.0,0.0));
#17417=DIRECTION('',(1.0,0.0,0.0));
#17418=DIRECTION('',(0.0,1.0,0.0));
#17419=DIRECTION('',(0.0,1.0,0.0));
#17420=DIRECTION('',(1.0,0.0,0.0));
#17421=DIRECTION('',(0.0,1.0,0.0));
#17422=DIRECTION('',(0.0,-1.0,0.0));
#17423=DIRECTION('',(1.0,0.0,0.0));
#17424=DIRECTION('',(0.0,1.0,0.0));
#17425=DIRECTION('',(0.0,1.0,0.0));
#17426=DIRECTION('',(1.0,0.0,0.0));
#17427=DIRECTION('',(0.0,1.0,0.0));
#17428=DIRECTION('',(0.0,-1.0,0.0));
#17429=DIRECTION('',(1.0,0.0,0.0));
#17430=DIRECTION('',(0.0,1.0,0.0));
#17431=DIRECTION('',(0.0,1.0,0.0));
#17432=DIRECTION('',(1.0,0.0,0.0));
#17433=DIRECTION('',(0.0,1.0,0.0));
#17434=DIRECTION('',(0.0,-1.0,0.0));
#17435=DIRECTION('',(1.0,0.0,0.0));
#17436=DIRECTION('',(0.0,1.0,0.0));
#17437=DIRECTION('',(0.0,1.0,0.0));
#17438=DIRECTION('',(1.0,0.0,0.0));
#17439=DIRECTION('',(0.0,1.0,0.0));
#17440=DIRECTION('',(0.0,-1.0,0.0));
#17441=DIRECTION('',(1.0,0.0,0.0));
#17442=DIRECTION('',(0.0,1.0,0.0));
#17443=DIRECTION('',(0.0,1.0,0.0));
#17444=DIRECTION('',(1.0,0.0,0.0));
#17445=DIRECTION('',(0.0,1.0,0.0));
#17446=DIRECTION('',(0.0,-1.0,0.0));
#17447=DIRECTION('',(1.0,0.0,0.0));
#17448=DIRECTION('',(0.0,1.0,0.0));
#17449=DIRECTION('',(0.0,1.0,0.0));
#17450=DIRECTION('',(1.0,0.0,0.0));
#17451=DIRECTION('',(0.0,1.0,0.0));
#17452=DIRECTION('',(0.0,-1.0,0.0));
#17453=DIRECTION('',(1.0,0.0,0.0));
#17454=DIRECTION('',(0.0,1.0,0.0));
#17455=DIRECTION('',(0.0,1.0,0.0));
#17456=DIRECTION('',(1.0,0.0,0.0));
#17457=DIRECTION('',(0.0,1.0,0.0));
#17458=DIRECTION('',(0.0,1.0,0.0));
#17459=DIRECTION('',(0.0,-1.0,0.0));
#17460=DIRECTION('',(1.0,0.0,0.0));
#17461=DIRECTION('',(0.0,1.0,0.0));
#17462=DIRECTION('',(0.0,1.0,0.0));
#17463=DIRECTION('',(0.0,0.0,1.0));
#17464=DIRECTION('',(0.0,-1.0,0.0));
#17465=DIRECTION('',(0.0,0.0,1.0));
#17466=DIRECTION('',(0.0,-1.0,0.0));
#17467=CARTESIAN_POINT('',(23.7,12.8,2.6));
#17468=DIRECTION('',(0.0,-1.0,0.0));
#17469=DIRECTION('',(0.0,0.0,-1.0));
#17470=DIRECTION('',(0.707106781186597,0.0,-0.707106781186498));
#17471=DIRECTION('',(1.0,0.0,0.0));
#17472=DIRECTION('',(1.0,0.0,0.0));
#17473=DIRECTION('',(1.0,0.0,0.0));
#17474=DIRECTION('',(0.0,0.0,1.0));
#17475=DIRECTION('',(-1.0,0.0,0.0));
#17476=DIRECTION('',(0.0,0.0,-1.0));
#17477=DIRECTION('',(0.707106781186548,0.0,-0.707106781186548));
#17478=DIRECTION('',(1.0,0.0,0.0));
#17479=DIRECTION('',(0.707106781186548,0.0,0.707106781186548));
#17480=DIRECTION('',(0.0,0.0,1.0));
#17481=DIRECTION('',(-1.0,0.0,0.0));
#17482=DIRECTION('',(0.0,0.0,-1.0));
#17483=DIRECTION('',(-1.0,0.0,0.0));
#17484=DIRECTION('',(0.0,0.0,-1.0));
#17485=DIRECTION('',(1.0,0.0,0.0));
#17486=DIRECTION('',(0.0,0.0,1.0));
#17487=DIRECTION('',(-1.0,0.0,0.0));
#17488=DIRECTION('',(0.0,0.0,-1.0));
#17489=DIRECTION('',(0.707106781186548,0.0,-0.707106781186548));
#17490=DIRECTION('',(1.0,0.0,0.0));
#17491=DIRECTION('',(0.707106781186598,0.0,0.707106781186498));
#17492=DIRECTION('',(0.0,0.0,1.0));
#17493=DIRECTION('',(0.707106781186548,0.0,-0.707106781186548));
#17494=DIRECTION('',(1.0,0.0,0.0));
#17495=DIRECTION('',(0.707106781186548,0.0,0.707106781186548));
#17496=DIRECTION('',(0.0,0.0,1.0));
#17497=DIRECTION('',(-1.0,0.0,0.0));
#17498=DIRECTION('',(0.0,0.0,-1.0));
#17499=DIRECTION('',(1.0,0.0,0.0));
#17500=DIRECTION('',(0.0,0.0,1.0));
#17501=DIRECTION('',(-1.0,0.0,0.0));
#17502=DIRECTION('',(0.0,0.0,-1.0));
#17503=DIRECTION('',(0.707106781186548,0.0,-0.707106781186548));
#17504=DIRECTION('',(1.0,0.0,0.0));
#17505=DIRECTION('',(0.707106781186548,0.0,0.707106781186548));
#17506=DIRECTION('',(0.0,0.0,1.0));
#17507=DIRECTION('',(-1.0,0.0,0.0));
#17508=DIRECTION('',(0.0,0.0,-1.0));
#17509=DIRECTION('',(1.0,0.0,0.0));
#17510=DIRECTION('',(0.0,0.0,1.0));
#17511=DIRECTION('',(-1.0,0.0,0.0));
#17512=DIRECTION('',(0.0,0.0,-1.0));
#17513=DIRECTION('',(-1.0,0.0,0.0));
#17514=DIRECTION('',(0.0,0.0,-1.0));
#17515=DIRECTION('',(1.0,0.0,0.0));
#17516=DIRECTION('',(0.0,0.0,1.0));
#17517=DIRECTION('',(-1.0,0.0,0.0));
#17518=DIRECTION('',(0.0,0.0,-1.0));
#17519=DIRECTION('',(0.707106781186548,0.0,-0.707106781186548));
#17520=DIRECTION('',(1.0,0.0,0.0));
#17521=DIRECTION('',(0.707106781186598,0.0,0.707106781186498));
#17522=DIRECTION('',(0.0,0.0,1.0));
#17523=DIRECTION('',(0.707106781186598,0.0,-0.707106781186498));
#17524=DIRECTION('',(1.0,0.0,0.0));
#17525=DIRECTION('',(0.707106781186548,0.0,0.707106781186548));
#17526=DIRECTION('',(0.0,0.0,1.0));
#17527=DIRECTION('',(-1.0,0.0,0.0));
#17528=DIRECTION('',(0.0,0.0,-1.0));
#17529=DIRECTION('',(1.0,0.0,0.0));
#17530=DIRECTION('',(0.0,0.0,1.0));
#17531=DIRECTION('',(-1.0,0.0,0.0));
#17532=DIRECTION('',(0.0,0.0,-1.0));
#17533=DIRECTION('',(-1.0,0.0,0.0));
#17534=DIRECTION('',(0.0,0.0,-1.0));
#17535=DIRECTION('',(1.0,0.0,0.0));
#17536=DIRECTION('',(0.0,0.0,1.0));
#17537=DIRECTION('',(-1.0,0.0,0.0));
#17538=DIRECTION('',(0.0,0.0,-1.0));
#17539=DIRECTION('',(0.707106781186548,0.0,-0.707106781186548));
#17540=DIRECTION('',(1.0,0.0,0.0));
#17541=DIRECTION('',(0.707106781186548,0.0,0.707106781186548));
#17542=DIRECTION('',(0.0,0.0,1.0));
#17543=DIRECTION('',(1.0,0.0,0.0));
#17544=DIRECTION('',(0.0,0.0,1.0));
#17545=DIRECTION('',(-1.0,0.0,0.0));
#17546=DIRECTION('',(0.0,0.0,-1.0));
#17547=DIRECTION('',(0.707106781186498,0.0,-0.707106781186598));
#17548=DIRECTION('',(1.0,0.0,0.0));
#17549=DIRECTION('',(0.707106781186498,0.0,0.707106781186598));
#17550=DIRECTION('',(0.0,0.0,1.0));
#17551=DIRECTION('',(-1.0,0.0,0.0));
#17552=DIRECTION('',(0.0,0.0,-1.0));
#17553=DIRECTION('',(0.0,0.0,-1.0));
#17554=DIRECTION('',(0.707106781186498,0.0,-0.707106781186598));
#17555=DIRECTION('',(1.0,0.0,0.0));
#17556=DIRECTION('',(0.707106781186498,0.0,0.707106781186598));
#17557=DIRECTION('',(0.0,0.0,1.0));
#17558=DIRECTION('',(-1.0,0.0,0.0));
#17559=DIRECTION('',(0.0,0.0,-1.0));
#17560=DIRECTION('',(1.0,0.0,0.0));
#17561=DIRECTION('',(0.0,0.0,1.0));
#17562=DIRECTION('',(-1.0,0.0,0.0));
#17563=DIRECTION('',(1.0,0.0,0.0));
#17564=DIRECTION('',(0.0,0.0,1.0));
#17565=DIRECTION('',(-1.0,0.0,0.0));
#17566=DIRECTION('',(0.0,0.0,-1.0));
#17567=DIRECTION('',(0.707106781186498,0.0,-0.707106781186598));
#17568=DIRECTION('',(1.0,0.0,0.0));
#17569=DIRECTION('',(0.707106781186498,0.0,0.707106781186598));
#17570=DIRECTION('',(0.0,0.0,1.0));
#17571=DIRECTION('',(-1.0,0.0,0.0));
#17572=DIRECTION('',(0.0,0.0,-1.0));
#17573=DIRECTION('',(0.0,0.0,-1.0));
#17574=DIRECTION('',(0.707106781186498,0.0,-0.707106781186598));
#17575=DIRECTION('',(1.0,0.0,0.0));
#17576=DIRECTION('',(0.707106781186498,0.0,0.707106781186598));
#17577=DIRECTION('',(0.0,0.0,1.0));
#17578=DIRECTION('',(-1.0,0.0,0.0));
#17579=DIRECTION('',(0.0,0.0,-1.0));
#17580=DIRECTION('',(1.0,0.0,0.0));
#17581=DIRECTION('',(0.0,0.0,1.0));
#17582=DIRECTION('',(-1.0,0.0,0.0));
#17583=DIRECTION('',(0.0,0.859101543908758,0.511805175094575));
#17584=DIRECTION('',(1.0,0.0,0.0));
#17585=DIRECTION('',(0.0,0.859101543908758,0.511805175094575));
#17586=DIRECTION('',(0.0,1.0,0.0));
#17587=DIRECTION('',(0.0,0.0,-1.0));
#17588=DIRECTION('',(1.0,0.0,0.0));
#17589=DIRECTION('',(0.0,0.0,-1.0));
#17590=DIRECTION('',(0.0,1.0,0.0));
#17591=DIRECTION('',(0.0,1.0,0.0));
#17592=DIRECTION('',(0.0,1.0,0.0));
#17593=DIRECTION('',(1.0,0.0,0.0));
#17594=DIRECTION('',(0.0,1.0,0.0));
#17595=DIRECTION('',(0.0,1.0,0.0));
#17596=DIRECTION('',(1.0,0.0,0.0));
#17597=DIRECTION('',(0.0,1.0,0.0));
#17598=DIRECTION('',(0.0,1.0,0.0));
#17599=DIRECTION('',(1.0,0.0,0.0));
#17600=DIRECTION('',(0.0,1.0,0.0));
#17601=DIRECTION('',(0.0,1.0,0.0));
#17602=DIRECTION('',(1.0,0.0,0.0));
#17603=DIRECTION('',(0.0,1.0,0.0));
#17604=DIRECTION('',(0.0,1.0,0.0));
#17605=DIRECTION('',(1.0,0.0,0.0));
#17606=DIRECTION('',(0.0,1.0,0.0));
#17607=DIRECTION('',(0.0,1.0,0.0));
#17608=DIRECTION('',(1.0,0.0,0.0));
#17609=DIRECTION('',(0.0,1.0,0.0));
#17610=DIRECTION('',(0.0,1.0,0.0));
#17611=DIRECTION('',(1.0,0.0,0.0));
#17612=DIRECTION('',(0.0,1.0,0.0));
#17613=DIRECTION('',(0.0,1.0,0.0));
#17614=DIRECTION('',(1.0,0.0,0.0));
#17615=DIRECTION('',(0.0,1.0,0.0));
#17616=DIRECTION('',(0.0,1.0,0.0));
#17617=DIRECTION('',(1.0,0.0,0.0));
#17618=DIRECTION('',(0.0,1.0,0.0));
#17619=DIRECTION('',(0.0,1.0,0.0));
#17620=DIRECTION('',(0.0,1.0,0.0));
#17621=DIRECTION('',(0.0,1.0,0.0));
#17622=DIRECTION('',(0.0,0.0,1.0));
#17623=DIRECTION('',(0.0,0.0,1.0));
#17624=DIRECTION('',(0.0,0.0,1.0));
#17625=DIRECTION('',(0.0,0.0,-1.0));
#17626=DIRECTION('',(0.0,0.0,-1.0));
#17627=DIRECTION('',(-1.0,0.0,0.0));
#17628=DIRECTION('',(0.0,0.0,1.0));
#17629=DIRECTION('',(-1.0,0.0,0.0));
#17630=DIRECTION('',(0.0,0.0,1.0));
#17631=DIRECTION('',(0.0,0.0,-1.0));
#17632=DIRECTION('',(0.0,0.0,-1.0));
#17633=DIRECTION('',(0.0,0.0,1.0));
#17634=DIRECTION('',(-1.0,0.0,0.0));
#17635=DIRECTION('',(0.0,0.0,1.0));
#17636=DIRECTION('',(-1.0,0.0,0.0));
#17637=DIRECTION('',(0.0,0.0,1.0));
#17638=DIRECTION('',(0.0,-0.832050294337844,-0.554700196225229));
#17639=DIRECTION('',(0.0,-1.0,0.0));
#17640=DIRECTION('',(0.0,0.0,-1.0));
#17641=DIRECTION('',(0.0,1.0,0.0));
#17642=DIRECTION('',(0.0,0.0,-1.0));
#17643=DIRECTION('',(0.0,-1.0,0.0));
#17644=DIRECTION('',(0.0,0.0,-1.0));
#17645=DIRECTION('',(0.0,1.0,0.0));
#17646=DIRECTION('',(0.0,0.832050294337844,-0.554700196225229));
#17647=DIRECTION('',(0.0,0.0,-1.0));
#17648=DIRECTION('',(0.0,1.0,0.0));
#17649=DIRECTION('',(0.0,0.942578556478323,0.333984527886008));
#17650=DIRECTION('',(0.0,0.0,1.0));
#17651=DIRECTION('',(0.0,-1.0,0.0));
#17652=DIRECTION('',(0.0,1.0,0.0));
#17653=DIRECTION('',(0.0,0.0,1.0));
#17654=DIRECTION('',(0.0,-0.942578556478323,0.333984527886008));
#17655=DIRECTION('',(0.0,-1.0,0.0));
#17656=DIRECTION('',(-1.0,0.0,0.0));
#17657=DIRECTION('',(0.0,0.0,1.0));
#17658=DIRECTION('',(0.707106781186548,0.0,0.707106781186548));
#17659=DIRECTION('',(1.0,0.0,0.0));
#17660=DIRECTION('',(0.707106781186548,0.0,-0.707106781186548));
#17661=DIRECTION('',(0.0,0.0,-1.0));
#17662=DIRECTION('',(-1.0,0.0,0.0));
#17663=DIRECTION('',(0.0,0.0,1.0));
#17664=DIRECTION('',(-1.0,0.0,0.0));
#17665=DIRECTION('',(-1.0,0.0,0.0));
#17666=DIRECTION('',(0.0,0.0,1.0));
#17667=DIRECTION('',(1.0,0.0,0.0));
#17668=DIRECTION('',(0.0,0.0,-1.0));
#17669=DIRECTION('',(-1.0,0.0,0.0));
#17670=DIRECTION('',(0.0,0.0,1.0));
#17671=DIRECTION('',(-1.0,0.0,0.0));
#17672=DIRECTION('',(1.0,0.0,0.0));
#17673=DIRECTION('',(0.0,0.0,-1.0));
#17674=DIRECTION('',(-1.0,0.0,0.0));
#17675=DIRECTION('',(0.0,0.0,1.0));
#17676=DIRECTION('',(-1.0,0.0,0.0));
#17677=DIRECTION('',(0.0,0.0,1.0));
#17678=DIRECTION('',(-1.0,0.0,0.0));
#17679=DIRECTION('',(0.0,0.0,-1.0));
#17680=DIRECTION('',(0.707106781186598,0.0,0.707106781186498));
#17681=DIRECTION('',(1.0,0.0,0.0));
#17682=DIRECTION('',(0.707106781186548,0.0,-0.707106781186548));
#17683=DIRECTION('',(0.0,0.0,-1.0));
#17684=DIRECTION('',(-1.0,0.0,0.0));
#17685=DIRECTION('',(0.0,0.0,1.0));
#17686=DIRECTION('',(-1.0,0.0,0.0));
#17687=DIRECTION('',(0.0,0.0,1.0));
#17688=DIRECTION('',(-1.0,0.0,0.0));
#17689=DIRECTION('',(0.0,0.0,-1.0));
#17690=DIRECTION('',(0.0,-1.0,0.0));
#17691=DIRECTION('',(0.0,-1.0,0.0));
#17692=DIRECTION('',(0.0,-1.0,0.0));
#17693=DIRECTION('',(0.0,-1.0,0.0));
#17694=DIRECTION('',(0.0,-1.0,0.0));
#17695=DIRECTION('',(0.0,-1.0,0.0));
#17696=DIRECTION('',(0.0,-1.0,0.0));
#17697=DIRECTION('',(0.0,-1.0,0.0));
#17698=DIRECTION('',(0.0,-1.0,0.0));
#17699=DIRECTION('',(0.0,-1.0,0.0));
#17700=DIRECTION('',(0.0,-1.0,0.0));
#17701=DIRECTION('',(0.0,-1.0,0.0));
#17702=DIRECTION('',(0.0,-1.0,0.0));
#17703=DIRECTION('',(0.0,-1.0,0.0));
#17704=DIRECTION('',(0.0,-1.0,0.0));
#17705=DIRECTION('',(0.0,-1.0,0.0));
#17706=DIRECTION('',(0.0,-1.0,0.0));
#17707=DIRECTION('',(0.0,-1.0,0.0));
#17708=DIRECTION('',(0.0,-1.0,0.0));
#17709=DIRECTION('',(0.0,-1.0,0.0));
#17710=DIRECTION('',(0.0,-0.832050294337844,-0.554700196225229));
#17711=DIRECTION('',(-1.0,0.0,0.0));
#17712=DIRECTION('',(0.0,-1.0,0.0));
#17713=DIRECTION('',(-1.0,0.0,0.0));
#17714=DIRECTION('',(0.0,0.0,-1.0));
#17715=DIRECTION('',(-1.0,0.0,0.0));
#17716=DIRECTION('',(0.0,1.0,0.0));
#17717=DIRECTION('',(0.0,0.832050294337844,-0.554700196225229));
#17718=DIRECTION('',(0.0,1.0,0.0));
#17719=DIRECTION('',(0.0,0.0,-1.0));
#17720=DIRECTION('',(0.0,-1.0,0.0));
#17721=DIRECTION('',(0.0,-1.0,0.0));
#17722=DIRECTION('',(0.0,0.0,1.0));
#17723=DIRECTION('',(0.0,0.942578556478323,0.333984527886008));
#17724=DIRECTION('',(0.0,1.0,0.0));
#17725=DIRECTION('',(0.0,-1.0,0.0));
#17726=DIRECTION('',(0.0,-0.942578556478323,0.333984527886008));
#17727=DIRECTION('',(0.0,0.0,1.0));
#17728=DIRECTION('',(0.0,1.0,0.0));
#17729=DIRECTION('',(-1.0,0.0,0.0));
#17730=DIRECTION('',(-1.0,0.0,0.0));
#17731=DIRECTION('',(-1.0,0.0,0.0));
#17732=DIRECTION('',(-1.0,0.0,0.0));
#17733=DIRECTION('',(-1.0,0.0,0.0));
#17734=DIRECTION('',(-1.0,0.0,0.0));
#17735=DIRECTION('',(-1.0,0.0,0.0));
#17736=DIRECTION('',(-1.0,0.0,0.0));
#17737=DIRECTION('',(-1.0,0.0,0.0));
#17738=DIRECTION('',(0.0,-0.832050294337844,-0.554700196225229));
#17739=DIRECTION('',(0.0,-1.0,0.0));
#17740=DIRECTION('',(0.0,0.0,-1.0));
#17741=DIRECTION('',(0.0,1.0,0.0));
#17742=DIRECTION('',(0.0,-1.0,0.0));
#17743=DIRECTION('',(0.0,0.0,-1.0));
#17744=DIRECTION('',(0.0,1.0,0.0));
#17745=DIRECTION('',(0.0,0.832050294337844,-0.554700196225229));
#17746=DIRECTION('',(0.0,1.0,0.0));
#17747=DIRECTION('',(0.0,0.942578556478323,0.333984527886008));
#17748=DIRECTION('',(0.0,0.0,1.0));
#17749=DIRECTION('',(0.0,-1.0,0.0));
#17750=DIRECTION('',(0.0,0.0,1.0));
#17751=DIRECTION('',(0.0,1.0,0.0));
#17752=DIRECTION('',(0.0,0.0,1.0));
#17753=DIRECTION('',(0.0,-0.942578556478323,0.333984527886008));
#17754=DIRECTION('',(0.0,-1.0,0.0));
#17755=DIRECTION('',(0.0,0.0,1.0));
#17756=DIRECTION('',(-1.0,0.0,0.0));
#17757=DIRECTION('',(0.0,1.0,0.0));
#17758=DIRECTION('',(0.0,0.0,-1.0));
#17759=DIRECTION('',(0.0,-1.0,0.0));
#17760=DIRECTION('',(0.0,-0.832050294337844,-0.554700196225229));
#17761=DIRECTION('',(0.0,0.832050294337844,-0.554700196225229));
#17762=DIRECTION('',(0.0,1.0,0.0));
#17763=DIRECTION('',(0.0,0.0,-1.0));
#17764=DIRECTION('',(0.0,-1.0,0.0));
#17765=DIRECTION('',(0.0,-1.0,0.0));
#17766=DIRECTION('',(0.0,0.0,1.0));
#17767=DIRECTION('',(0.0,0.942578556478323,0.333984527886008));
#17768=DIRECTION('',(0.0,1.0,0.0));
#17769=DIRECTION('',(0.0,0.0,1.0));
#17770=DIRECTION('',(0.0,-1.0,0.0));
#17771=DIRECTION('',(0.0,-0.942578556478323,0.333984527886008));
#17772=DIRECTION('',(0.0,0.0,1.0));
#17773=DIRECTION('',(0.0,1.0,0.0));
#17774=DIRECTION('',(0.0,0.0,1.0));
#17775=DIRECTION('',(-1.0,0.0,0.0));
#17776=DIRECTION('',(-1.0,0.0,0.0));
#17777=DIRECTION('',(-1.0,0.0,0.0));
#17778=DIRECTION('',(-1.0,0.0,0.0));
#17779=DIRECTION('',(-1.0,0.0,0.0));
#17780=DIRECTION('',(0.0,0.0,1.0));
#17781=DIRECTION('',(0.0,0.0,1.0));
#17782=DIRECTION('',(0.0,0.0,-1.0));
#17783=DIRECTION('',(0.0,0.0,-1.0));
#17784=DIRECTION('',(-1.0,0.0,0.0));
#17785=DIRECTION('',(-1.0,0.0,0.0));
#17786=DIRECTION('',(0.0,0.0,-1.0));
#17787=DIRECTION('',(0.0,0.0,-1.0));
#17788=DIRECTION('',(0.0,0.0,1.0));
#17789=DIRECTION('',(0.0,0.0,1.0));
#17790=DIRECTION('',(-1.0,0.0,0.0));
#17791=DIRECTION('',(-1.0,0.0,0.0));
#17792=DIRECTION('',(-1.0,0.0,0.0));
#17793=DIRECTION('',(-1.0,0.0,0.0));
#17794=DIRECTION('',(-1.0,0.0,0.0));
#17795=DIRECTION('',(-1.0,0.0,0.0));
#17796=DIRECTION('',(-1.0,0.0,0.0));
#17797=DIRECTION('',(-1.0,0.0,0.0));
#17798=DIRECTION('',(0.0,0.0,1.0));
#17799=DIRECTION('',(0.0,0.0,1.0));
#17800=DIRECTION('',(0.0,0.0,1.0));
#17801=DIRECTION('',(0.0,0.0,-1.0));
#17802=DIRECTION('',(0.0,0.0,-1.0));
#17803=DIRECTION('',(-1.0,0.0,0.0));
#17804=DIRECTION('',(0.0,0.0,1.0));
#17805=DIRECTION('',(-1.0,0.0,0.0));
#17806=DIRECTION('',(0.0,0.0,1.0));
#17807=DIRECTION('',(0.0,0.0,-1.0));
#17808=DIRECTION('',(0.0,0.0,-1.0));
#17809=DIRECTION('',(0.0,0.0,1.0));
#17810=DIRECTION('',(-1.0,0.0,0.0));
#17811=DIRECTION('',(0.0,0.0,1.0));
#17812=DIRECTION('',(-1.0,0.0,0.0));
#17813=DIRECTION('',(0.0,0.0,1.0));
#17814=DIRECTION('',(0.0,-0.832050294337844,-0.554700196225229));
#17815=DIRECTION('',(0.0,-1.0,0.0));
#17816=DIRECTION('',(0.0,0.0,-1.0));
#17817=DIRECTION('',(0.0,1.0,0.0));
#17818=DIRECTION('',(0.0,0.0,-1.0));
#17819=DIRECTION('',(0.0,-1.0,0.0));
#17820=DIRECTION('',(0.0,0.0,-1.0));
#17821=DIRECTION('',(0.0,1.0,0.0));
#17822=DIRECTION('',(0.0,0.832050294337844,-0.554700196225229));
#17823=DIRECTION('',(0.0,0.0,-1.0));
#17824=DIRECTION('',(0.0,1.0,0.0));
#17825=DIRECTION('',(0.0,0.942578556478323,0.333984527886008));
#17826=DIRECTION('',(0.0,0.0,1.0));
#17827=DIRECTION('',(0.0,-1.0,0.0));
#17828=DIRECTION('',(0.0,1.0,0.0));
#17829=DIRECTION('',(0.0,0.0,1.0));
#17830=DIRECTION('',(0.0,-0.942578556478323,0.333984527886008));
#17831=DIRECTION('',(0.0,-1.0,0.0));
#17832=DIRECTION('',(-1.0,0.0,0.0));
#17833=DIRECTION('',(0.0,0.0,1.0));
#17834=DIRECTION('',(1.0,0.0,0.0));
#17835=DIRECTION('',(0.0,0.0,-1.0));
#17836=DIRECTION('',(-1.0,0.0,0.0));
#17837=DIRECTION('',(0.0,0.0,1.0));
#17838=DIRECTION('',(-1.0,0.0,0.0));
#17839=DIRECTION('',(-1.0,0.0,0.0));
#17840=DIRECTION('',(0.0,0.0,1.0));
#17841=DIRECTION('',(0.707106781186498,0.0,0.707106781186598));
#17842=DIRECTION('',(1.0,0.0,0.0));
#17843=DIRECTION('',(0.707106781186498,0.0,-0.707106781186598));
#17844=DIRECTION('',(0.0,0.0,-1.0));
#17845=DIRECTION('',(-1.0,0.0,0.0));
#17846=DIRECTION('',(0.0,0.0,1.0));
#17847=DIRECTION('',(-1.0,0.0,0.0));
#17848=DIRECTION('',(0.0,0.0,1.0));
#17849=DIRECTION('',(0.707106781186498,0.0,0.707106781186598));
#17850=DIRECTION('',(1.0,0.0,0.0));
#17851=DIRECTION('',(0.707106781186498,0.0,-0.707106781186598));
#17852=DIRECTION('',(0.0,0.0,-1.0));
#17853=DIRECTION('',(-1.0,0.0,0.0));
#17854=DIRECTION('',(-1.0,0.0,0.0));
#17855=DIRECTION('',(0.0,0.0,1.0));
#17856=DIRECTION('',(-1.0,0.0,0.0));
#17857=DIRECTION('',(0.0,0.0,-1.0));
#17858=DIRECTION('',(0.0,0.0,1.0));
#17859=DIRECTION('',(1.0,0.0,0.0));
#17860=DIRECTION('',(0.0,0.0,-1.0));
#17861=DIRECTION('',(-1.0,0.0,0.0));
#17862=DIRECTION('',(-1.0,0.0,0.0));
#17863=DIRECTION('',(0.0,0.0,1.0));
#17864=DIRECTION('',(-1.0,0.0,0.0));
#17865=DIRECTION('',(0.0,0.0,-1.0));
#17866=DIRECTION('',(0.0,-1.0,0.0));
#17867=DIRECTION('',(0.0,-1.0,0.0));
#17868=DIRECTION('',(0.0,-1.0,0.0));
#17869=DIRECTION('',(0.0,-1.0,0.0));
#17870=DIRECTION('',(0.0,-1.0,0.0));
#17871=DIRECTION('',(0.0,-1.0,0.0));
#17872=DIRECTION('',(0.0,-1.0,0.0));
#17873=DIRECTION('',(0.0,-1.0,0.0));
#17874=DIRECTION('',(0.0,-1.0,0.0));
#17875=DIRECTION('',(0.0,-1.0,0.0));
#17876=DIRECTION('',(0.0,-1.0,0.0));
#17877=DIRECTION('',(0.0,-1.0,0.0));
#17878=DIRECTION('',(0.0,-1.0,0.0));
#17879=DIRECTION('',(0.0,-1.0,0.0));
#17880=DIRECTION('',(0.0,-1.0,0.0));
#17881=DIRECTION('',(0.0,-1.0,0.0));
#17882=DIRECTION('',(0.0,-1.0,0.0));
#17883=DIRECTION('',(0.0,-1.0,0.0));
#17884=DIRECTION('',(0.0,-1.0,0.0));
#17885=DIRECTION('',(0.0,-1.0,0.0));
#17886=DIRECTION('',(0.0,-0.832050294337844,-0.554700196225229));
#17887=DIRECTION('',(-1.0,0.0,0.0));
#17888=DIRECTION('',(0.0,-1.0,0.0));
#17889=DIRECTION('',(-1.0,0.0,0.0));
#17890=DIRECTION('',(0.0,0.0,-1.0));
#17891=DIRECTION('',(-1.0,0.0,0.0));
#17892=DIRECTION('',(0.0,1.0,0.0));
#17893=DIRECTION('',(0.0,0.832050294337844,-0.554700196225229));
#17894=DIRECTION('',(0.0,1.0,0.0));
#17895=DIRECTION('',(0.0,0.0,-1.0));
#17896=DIRECTION('',(0.0,-1.0,0.0));
#17897=DIRECTION('',(0.0,-1.0,0.0));
#17898=DIRECTION('',(0.0,0.0,1.0));
#17899=DIRECTION('',(0.0,0.942578556478323,0.333984527886008));
#17900=DIRECTION('',(0.0,1.0,0.0));
#17901=DIRECTION('',(0.0,-1.0,0.0));
#17902=DIRECTION('',(0.0,-0.942578556478323,0.333984527886008));
#17903=DIRECTION('',(0.0,0.0,1.0));
#17904=DIRECTION('',(0.0,1.0,0.0));
#17905=DIRECTION('',(-1.0,0.0,0.0));
#17906=DIRECTION('',(-1.0,0.0,0.0));
#17907=DIRECTION('',(-1.0,0.0,0.0));
#17908=DIRECTION('',(-1.0,0.0,0.0));
#17909=DIRECTION('',(-1.0,0.0,0.0));
#17910=DIRECTION('',(-1.0,0.0,0.0));
#17911=DIRECTION('',(-1.0,0.0,0.0));
#17912=DIRECTION('',(-1.0,0.0,0.0));
#17913=DIRECTION('',(-1.0,0.0,0.0));
#17914=DIRECTION('',(0.0,-0.832050294337844,-0.554700196225229));
#17915=DIRECTION('',(0.0,-1.0,0.0));
#17916=DIRECTION('',(0.0,0.0,-1.0));
#17917=DIRECTION('',(0.0,1.0,0.0));
#17918=DIRECTION('',(0.0,-1.0,0.0));
#17919=DIRECTION('',(0.0,0.0,-1.0));
#17920=DIRECTION('',(0.0,1.0,0.0));
#17921=DIRECTION('',(0.0,0.832050294337844,-0.554700196225229));
#17922=DIRECTION('',(0.0,1.0,0.0));
#17923=DIRECTION('',(0.0,0.942578556478323,0.333984527886008));
#17924=DIRECTION('',(0.0,0.0,1.0));
#17925=DIRECTION('',(0.0,-1.0,0.0));
#17926=DIRECTION('',(0.0,0.0,1.0));
#17927=DIRECTION('',(0.0,1.0,0.0));
#17928=DIRECTION('',(0.0,0.0,1.0));
#17929=DIRECTION('',(0.0,-0.942578556478323,0.333984527886008));
#17930=DIRECTION('',(0.0,-1.0,0.0));
#17931=DIRECTION('',(0.0,0.0,1.0));
#17932=DIRECTION('',(-1.0,0.0,0.0));
#17933=DIRECTION('',(0.0,1.0,0.0));
#17934=DIRECTION('',(0.0,0.0,-1.0));
#17935=DIRECTION('',(0.0,-1.0,0.0));
#17936=DIRECTION('',(0.0,-0.832050294337844,-0.554700196225229));
#17937=DIRECTION('',(0.0,0.832050294337844,-0.554700196225229));
#17938=DIRECTION('',(0.0,1.0,0.0));
#17939=DIRECTION('',(0.0,0.0,-1.0));
#17940=DIRECTION('',(0.0,-1.0,0.0));
#17941=DIRECTION('',(0.0,-1.0,0.0));
#17942=DIRECTION('',(0.0,0.0,1.0));
#17943=DIRECTION('',(0.0,0.942578556478323,0.333984527886008));
#17944=DIRECTION('',(0.0,1.0,0.0));
#17945=DIRECTION('',(0.0,0.0,1.0));
#17946=DIRECTION('',(0.0,-1.0,0.0));
#17947=DIRECTION('',(0.0,-0.942578556478323,0.333984527886008));
#17948=DIRECTION('',(0.0,0.0,1.0));
#17949=DIRECTION('',(0.0,1.0,0.0));
#17950=DIRECTION('',(0.0,0.0,1.0));
#17951=DIRECTION('',(-1.0,0.0,0.0));
#17952=DIRECTION('',(-1.0,0.0,0.0));
#17953=DIRECTION('',(-1.0,0.0,0.0));
#17954=DIRECTION('',(-1.0,0.0,0.0));
#17955=DIRECTION('',(-1.0,0.0,0.0));
#17956=DIRECTION('',(0.0,0.0,1.0));
#17957=DIRECTION('',(0.0,0.0,1.0));
#17958=DIRECTION('',(0.0,0.0,-1.0));
#17959=DIRECTION('',(0.0,0.0,-1.0));
#17960=DIRECTION('',(-1.0,0.0,0.0));
#17961=DIRECTION('',(-1.0,0.0,0.0));
#17962=DIRECTION('',(0.0,0.0,-1.0));
#17963=DIRECTION('',(0.0,0.0,-1.0));
#17964=DIRECTION('',(0.0,0.0,1.0));
#17965=DIRECTION('',(0.0,0.0,1.0));
#17966=DIRECTION('',(-1.0,0.0,0.0));
#17967=DIRECTION('',(-1.0,0.0,0.0));
#17968=DIRECTION('',(-1.0,0.0,0.0));
#17969=DIRECTION('',(-1.0,0.0,0.0));
#17970=DIRECTION('',(-1.0,0.0,0.0));
#17971=DIRECTION('',(-1.0,0.0,0.0));
#17972=DIRECTION('',(-1.0,0.0,0.0));
#17973=DIRECTION('',(-1.0,0.0,0.0));
#17974=DIRECTION('',(0.0,0.0,1.0));
#17975=DIRECTION('',(0.0,0.0,1.0));
#17976=DIRECTION('',(0.0,0.0,1.0));
#17977=DIRECTION('',(0.0,0.0,-1.0));
#17978=DIRECTION('',(0.0,0.0,-1.0));
#17979=DIRECTION('',(-1.0,0.0,0.0));
#17980=DIRECTION('',(0.0,0.0,1.0));
#17981=DIRECTION('',(-1.0,0.0,0.0));
#17982=DIRECTION('',(0.0,0.0,1.0));
#17983=DIRECTION('',(0.0,0.0,-1.0));
#17984=DIRECTION('',(0.0,0.0,-1.0));
#17985=DIRECTION('',(0.0,0.0,1.0));
#17986=DIRECTION('',(-1.0,0.0,0.0));
#17987=DIRECTION('',(0.0,0.0,1.0));
#17988=DIRECTION('',(-1.0,0.0,0.0));
#17989=DIRECTION('',(0.0,0.0,1.0));
#17990=DIRECTION('',(0.0,-0.832050294337844,-0.554700196225229));
#17991=DIRECTION('',(0.0,-1.0,0.0));
#17992=DIRECTION('',(0.0,0.0,-1.0));
#17993=DIRECTION('',(0.0,1.0,0.0));
#17994=DIRECTION('',(0.0,0.0,-1.0));
#17995=DIRECTION('',(0.0,-1.0,0.0));
#17996=DIRECTION('',(0.0,0.0,-1.0));
#17997=DIRECTION('',(0.0,1.0,0.0));
#17998=DIRECTION('',(0.0,0.832050294337844,-0.554700196225229));
#17999=DIRECTION('',(0.0,0.0,-1.0));
#18000=DIRECTION('',(0.0,1.0,0.0));
#18001=DIRECTION('',(0.0,0.942578556478323,0.333984527886008));
#18002=DIRECTION('',(0.0,0.0,1.0));
#18003=DIRECTION('',(0.0,-1.0,0.0));
#18004=DIRECTION('',(0.0,1.0,0.0));
#18005=DIRECTION('',(0.0,0.0,1.0));
#18006=DIRECTION('',(0.0,-0.942578556478323,0.333984527886008));
#18007=DIRECTION('',(0.0,-1.0,0.0));
#18008=DIRECTION('',(-1.0,0.0,0.0));
#18009=DIRECTION('',(0.0,0.0,1.0));
#18010=DIRECTION('',(0.707106781186548,0.0,0.707106781186548));
#18011=DIRECTION('',(1.0,0.0,0.0));
#18012=DIRECTION('',(0.707106781186548,0.0,-0.707106781186548));
#18013=DIRECTION('',(0.0,0.0,-1.0));
#18014=DIRECTION('',(-1.0,0.0,0.0));
#18015=DIRECTION('',(0.0,0.0,1.0));
#18016=DIRECTION('',(-1.0,0.0,0.0));
#18017=DIRECTION('',(-1.0,0.0,0.0));
#18018=DIRECTION('',(0.0,0.0,1.0));
#18019=DIRECTION('',(1.0,0.0,0.0));
#18020=DIRECTION('',(0.0,0.0,-1.0));
#18021=DIRECTION('',(-1.0,0.0,0.0));
#18022=DIRECTION('',(0.0,0.0,1.0));
#18023=DIRECTION('',(-1.0,0.0,0.0));
#18024=DIRECTION('',(1.0,0.0,0.0));
#18025=DIRECTION('',(0.0,0.0,-1.0));
#18026=DIRECTION('',(-1.0,0.0,0.0));
#18027=DIRECTION('',(0.0,0.0,1.0));
#18028=DIRECTION('',(-1.0,0.0,0.0));
#18029=DIRECTION('',(0.0,0.0,1.0));
#18030=DIRECTION('',(-1.0,0.0,0.0));
#18031=DIRECTION('',(0.0,0.0,-1.0));
#18032=DIRECTION('',(0.707106781186598,0.0,0.707106781186498));
#18033=DIRECTION('',(1.0,0.0,0.0));
#18034=DIRECTION('',(0.707106781186548,0.0,-0.707106781186548));
#18035=DIRECTION('',(0.0,0.0,-1.0));
#18036=DIRECTION('',(-1.0,0.0,0.0));
#18037=DIRECTION('',(0.0,0.0,1.0));
#18038=DIRECTION('',(-1.0,0.0,0.0));
#18039=DIRECTION('',(0.0,0.0,1.0));
#18040=DIRECTION('',(-1.0,0.0,0.0));
#18041=DIRECTION('',(0.0,0.0,-1.0));
#18042=DIRECTION('',(0.0,-1.0,0.0));
#18043=DIRECTION('',(0.0,-1.0,0.0));
#18044=DIRECTION('',(0.0,-1.0,0.0));
#18045=DIRECTION('',(0.0,-1.0,0.0));
#18046=DIRECTION('',(0.0,-1.0,0.0));
#18047=DIRECTION('',(0.0,-1.0,0.0));
#18048=DIRECTION('',(0.0,-1.0,0.0));
#18049=DIRECTION('',(0.0,-1.0,0.0));
#18050=DIRECTION('',(0.0,-1.0,0.0));
#18051=DIRECTION('',(0.0,-1.0,0.0));
#18052=DIRECTION('',(0.0,-1.0,0.0));
#18053=DIRECTION('',(0.0,-1.0,0.0));
#18054=DIRECTION('',(0.0,-1.0,0.0));
#18055=DIRECTION('',(0.0,-1.0,0.0));
#18056=DIRECTION('',(0.0,-1.0,0.0));
#18057=DIRECTION('',(0.0,-1.0,0.0));
#18058=DIRECTION('',(0.0,-1.0,0.0));
#18059=DIRECTION('',(0.0,-1.0,0.0));
#18060=DIRECTION('',(0.0,-1.0,0.0));
#18061=DIRECTION('',(0.0,-1.0,0.0));
#18062=DIRECTION('',(0.0,-0.832050294337844,-0.554700196225229));
#18063=DIRECTION('',(-1.0,0.0,0.0));
#18064=DIRECTION('',(0.0,-1.0,0.0));
#18065=DIRECTION('',(-1.0,0.0,0.0));
#18066=DIRECTION('',(0.0,0.0,-1.0));
#18067=DIRECTION('',(-1.0,0.0,0.0));
#18068=DIRECTION('',(0.0,1.0,0.0));
#18069=DIRECTION('',(0.0,0.832050294337844,-0.554700196225229));
#18070=DIRECTION('',(0.0,1.0,0.0));
#18071=DIRECTION('',(0.0,0.0,-1.0));
#18072=DIRECTION('',(0.0,-1.0,0.0));
#18073=DIRECTION('',(0.0,-1.0,0.0));
#18074=DIRECTION('',(0.0,0.0,1.0));
#18075=DIRECTION('',(0.0,0.942578556478323,0.333984527886008));
#18076=DIRECTION('',(0.0,1.0,0.0));
#18077=DIRECTION('',(0.0,-1.0,0.0));
#18078=DIRECTION('',(0.0,-0.942578556478323,0.333984527886008));
#18079=DIRECTION('',(0.0,0.0,1.0));
#18080=DIRECTION('',(0.0,1.0,0.0));
#18081=DIRECTION('',(-1.0,0.0,0.0));
#18082=DIRECTION('',(-1.0,0.0,0.0));
#18083=DIRECTION('',(-1.0,0.0,0.0));
#18084=DIRECTION('',(-1.0,0.0,0.0));
#18085=DIRECTION('',(-1.0,0.0,0.0));
#18086=DIRECTION('',(-1.0,0.0,0.0));
#18087=DIRECTION('',(-1.0,0.0,0.0));
#18088=DIRECTION('',(-1.0,0.0,0.0));
#18089=DIRECTION('',(-1.0,0.0,0.0));
#18090=DIRECTION('',(0.0,-0.832050294337844,-0.554700196225229));
#18091=DIRECTION('',(0.0,-1.0,0.0));
#18092=DIRECTION('',(0.0,0.0,-1.0));
#18093=DIRECTION('',(0.0,1.0,0.0));
#18094=DIRECTION('',(0.0,-1.0,0.0));
#18095=DIRECTION('',(0.0,0.0,-1.0));
#18096=DIRECTION('',(0.0,1.0,0.0));
#18097=DIRECTION('',(0.0,0.832050294337844,-0.554700196225229));
#18098=DIRECTION('',(0.0,1.0,0.0));
#18099=DIRECTION('',(0.0,0.942578556478323,0.333984527886008));
#18100=DIRECTION('',(0.0,0.0,1.0));
#18101=DIRECTION('',(0.0,-1.0,0.0));
#18102=DIRECTION('',(0.0,0.0,1.0));
#18103=DIRECTION('',(0.0,1.0,0.0));
#18104=DIRECTION('',(0.0,0.0,1.0));
#18105=DIRECTION('',(0.0,-0.942578556478323,0.333984527886008));
#18106=DIRECTION('',(0.0,-1.0,0.0));
#18107=DIRECTION('',(0.0,0.0,1.0));
#18108=DIRECTION('',(-1.0,0.0,0.0));
#18109=DIRECTION('',(0.0,1.0,0.0));
#18110=DIRECTION('',(0.0,0.0,-1.0));
#18111=DIRECTION('',(0.0,-1.0,0.0));
#18112=DIRECTION('',(0.0,-0.832050294337844,-0.554700196225229));
#18113=DIRECTION('',(0.0,0.832050294337844,-0.554700196225229));
#18114=DIRECTION('',(0.0,1.0,0.0));
#18115=DIRECTION('',(0.0,0.0,-1.0));
#18116=DIRECTION('',(0.0,-1.0,0.0));
#18117=DIRECTION('',(0.0,-1.0,0.0));
#18118=DIRECTION('',(0.0,0.0,1.0));
#18119=DIRECTION('',(0.0,0.942578556478323,0.333984527886008));
#18120=DIRECTION('',(0.0,1.0,0.0));
#18121=DIRECTION('',(0.0,0.0,1.0));
#18122=DIRECTION('',(0.0,-1.0,0.0));
#18123=DIRECTION('',(0.0,-0.942578556478323,0.333984527886008));
#18124=DIRECTION('',(0.0,0.0,1.0));
#18125=DIRECTION('',(0.0,1.0,0.0));
#18126=DIRECTION('',(0.0,0.0,1.0));
#18127=DIRECTION('',(-1.0,0.0,0.0));
#18128=DIRECTION('',(-1.0,0.0,0.0));
#18129=DIRECTION('',(-1.0,0.0,0.0));
#18130=DIRECTION('',(-1.0,0.0,0.0));
#18131=DIRECTION('',(-1.0,0.0,0.0));
#18132=DIRECTION('',(0.0,0.0,1.0));
#18133=DIRECTION('',(0.0,0.0,1.0));
#18134=DIRECTION('',(0.0,0.0,-1.0));
#18135=DIRECTION('',(0.0,0.0,-1.0));
#18136=DIRECTION('',(-1.0,0.0,0.0));
#18137=DIRECTION('',(-1.0,0.0,0.0));
#18138=DIRECTION('',(0.0,0.0,-1.0));
#18139=DIRECTION('',(0.0,0.0,-1.0));
#18140=DIRECTION('',(0.0,0.0,1.0));
#18141=DIRECTION('',(0.0,0.0,1.0));
#18142=DIRECTION('',(-1.0,0.0,0.0));
#18143=DIRECTION('',(-1.0,0.0,0.0));
#18144=DIRECTION('',(-1.0,0.0,0.0));
#18145=DIRECTION('',(-1.0,0.0,0.0));
#18146=DIRECTION('',(-1.0,0.0,0.0));
#18147=DIRECTION('',(-1.0,0.0,0.0));
#18148=DIRECTION('',(-1.0,0.0,0.0));
#18149=DIRECTION('',(-1.0,0.0,0.0));
#18150=DIRECTION('',(0.0,0.0,1.0));
#18151=DIRECTION('',(0.0,0.0,1.0));
#18152=DIRECTION('',(0.0,0.0,1.0));
#18153=DIRECTION('',(0.0,0.0,-1.0));
#18154=DIRECTION('',(0.0,0.0,-1.0));
#18155=DIRECTION('',(-1.0,0.0,0.0));
#18156=DIRECTION('',(0.0,0.0,1.0));
#18157=DIRECTION('',(-1.0,0.0,0.0));
#18158=DIRECTION('',(0.0,0.0,1.0));
#18159=DIRECTION('',(0.0,0.0,-1.0));
#18160=DIRECTION('',(0.0,0.0,-1.0));
#18161=DIRECTION('',(0.0,0.0,1.0));
#18162=DIRECTION('',(-1.0,0.0,0.0));
#18163=DIRECTION('',(0.0,0.0,1.0));
#18164=DIRECTION('',(-1.0,0.0,0.0));
#18165=DIRECTION('',(0.0,0.0,1.0));
#18166=DIRECTION('',(0.0,-0.832050294337844,-0.554700196225229));
#18167=DIRECTION('',(0.0,-1.0,0.0));
#18168=DIRECTION('',(0.0,0.0,-1.0));
#18169=DIRECTION('',(0.0,1.0,0.0));
#18170=DIRECTION('',(0.0,0.0,-1.0));
#18171=DIRECTION('',(0.0,-1.0,0.0));
#18172=DIRECTION('',(0.0,0.0,-1.0));
#18173=DIRECTION('',(0.0,1.0,0.0));
#18174=DIRECTION('',(0.0,0.832050294337844,-0.554700196225229));
#18175=DIRECTION('',(0.0,0.0,-1.0));
#18176=DIRECTION('',(0.0,1.0,0.0));
#18177=DIRECTION('',(0.0,0.942578556478323,0.333984527886008));
#18178=DIRECTION('',(0.0,0.0,1.0));
#18179=DIRECTION('',(0.0,-1.0,0.0));
#18180=DIRECTION('',(0.0,1.0,0.0));
#18181=DIRECTION('',(0.0,0.0,1.0));
#18182=DIRECTION('',(0.0,-0.942578556478323,0.333984527886008));
#18183=DIRECTION('',(0.0,-1.0,0.0));
#18184=DIRECTION('',(-1.0,0.0,0.0));
#18185=DIRECTION('',(0.0,0.0,1.0));
#18186=DIRECTION('',(1.0,0.0,0.0));
#18187=DIRECTION('',(0.0,0.0,-1.0));
#18188=DIRECTION('',(-1.0,0.0,0.0));
#18189=DIRECTION('',(0.0,0.0,1.0));
#18190=DIRECTION('',(-1.0,0.0,0.0));
#18191=DIRECTION('',(-1.0,0.0,0.0));
#18192=DIRECTION('',(0.0,0.0,1.0));
#18193=DIRECTION('',(0.707106781186498,0.0,0.707106781186598));
#18194=DIRECTION('',(1.0,0.0,0.0));
#18195=DIRECTION('',(0.707106781186498,0.0,-0.707106781186598));
#18196=DIRECTION('',(0.0,0.0,-1.0));
#18197=DIRECTION('',(-1.0,0.0,0.0));
#18198=DIRECTION('',(0.0,0.0,1.0));
#18199=DIRECTION('',(-1.0,0.0,0.0));
#18200=DIRECTION('',(0.0,0.0,1.0));
#18201=DIRECTION('',(0.707106781186498,0.0,0.707106781186598));
#18202=DIRECTION('',(1.0,0.0,0.0));
#18203=DIRECTION('',(0.707106781186498,0.0,-0.707106781186598));
#18204=DIRECTION('',(0.0,0.0,-1.0));
#18205=DIRECTION('',(-1.0,0.0,0.0));
#18206=DIRECTION('',(-1.0,0.0,0.0));
#18207=DIRECTION('',(0.0,0.0,1.0));
#18208=DIRECTION('',(-1.0,0.0,0.0));
#18209=DIRECTION('',(0.0,0.0,-1.0));
#18210=DIRECTION('',(0.0,0.0,1.0));
#18211=DIRECTION('',(1.0,0.0,0.0));
#18212=DIRECTION('',(0.0,0.0,-1.0));
#18213=DIRECTION('',(-1.0,0.0,0.0));
#18214=DIRECTION('',(-1.0,0.0,0.0));
#18215=DIRECTION('',(0.0,0.0,1.0));
#18216=DIRECTION('',(-1.0,0.0,0.0));
#18217=DIRECTION('',(0.0,0.0,-1.0));
#18218=DIRECTION('',(0.0,-1.0,0.0));
#18219=DIRECTION('',(0.0,-1.0,0.0));
#18220=DIRECTION('',(0.0,-1.0,0.0));
#18221=DIRECTION('',(0.0,-1.0,0.0));
#18222=DIRECTION('',(0.0,-1.0,0.0));
#18223=DIRECTION('',(0.0,-1.0,0.0));
#18224=DIRECTION('',(0.0,-1.0,0.0));
#18225=DIRECTION('',(0.0,-1.0,0.0));
#18226=DIRECTION('',(0.0,-1.0,0.0));
#18227=DIRECTION('',(0.0,-1.0,0.0));
#18228=DIRECTION('',(0.0,-1.0,0.0));
#18229=DIRECTION('',(0.0,-1.0,0.0));
#18230=DIRECTION('',(0.0,-1.0,0.0));
#18231=DIRECTION('',(0.0,-1.0,0.0));
#18232=DIRECTION('',(0.0,-1.0,0.0));
#18233=DIRECTION('',(0.0,-1.0,0.0));
#18234=DIRECTION('',(0.0,-1.0,0.0));
#18235=DIRECTION('',(0.0,-1.0,0.0));
#18236=DIRECTION('',(0.0,-1.0,0.0));
#18237=DIRECTION('',(0.0,-1.0,0.0));
#18238=DIRECTION('',(0.0,-0.832050294337844,-0.554700196225229));
#18239=DIRECTION('',(-1.0,0.0,0.0));
#18240=DIRECTION('',(0.0,-1.0,0.0));
#18241=DIRECTION('',(-1.0,0.0,0.0));
#18242=DIRECTION('',(0.0,0.0,-1.0));
#18243=DIRECTION('',(-1.0,0.0,0.0));
#18244=DIRECTION('',(0.0,1.0,0.0));
#18245=DIRECTION('',(0.0,0.832050294337844,-0.554700196225229));
#18246=DIRECTION('',(0.0,1.0,0.0));
#18247=DIRECTION('',(0.0,0.0,-1.0));
#18248=DIRECTION('',(0.0,-1.0,0.0));
#18249=DIRECTION('',(0.0,-1.0,0.0));
#18250=DIRECTION('',(0.0,0.0,1.0));
#18251=DIRECTION('',(0.0,0.942578556478323,0.333984527886008));
#18252=DIRECTION('',(0.0,1.0,0.0));
#18253=DIRECTION('',(0.0,-1.0,0.0));
#18254=DIRECTION('',(0.0,-0.942578556478323,0.333984527886008));
#18255=DIRECTION('',(0.0,0.0,1.0));
#18256=DIRECTION('',(0.0,1.0,0.0));
#18257=DIRECTION('',(-1.0,0.0,0.0));
#18258=DIRECTION('',(-1.0,0.0,0.0));
#18259=DIRECTION('',(-1.0,0.0,0.0));
#18260=DIRECTION('',(-1.0,0.0,0.0));
#18261=DIRECTION('',(-1.0,0.0,0.0));
#18262=DIRECTION('',(-1.0,0.0,0.0));
#18263=DIRECTION('',(-1.0,0.0,0.0));
#18264=DIRECTION('',(-1.0,0.0,0.0));
#18265=DIRECTION('',(-1.0,0.0,0.0));
#18266=DIRECTION('',(0.0,-0.832050294337844,-0.554700196225229));
#18267=DIRECTION('',(0.0,-1.0,0.0));
#18268=DIRECTION('',(0.0,0.0,-1.0));
#18269=DIRECTION('',(0.0,1.0,0.0));
#18270=DIRECTION('',(0.0,-1.0,0.0));
#18271=DIRECTION('',(0.0,0.0,-1.0));
#18272=DIRECTION('',(0.0,1.0,0.0));
#18273=DIRECTION('',(0.0,0.832050294337844,-0.554700196225229));
#18274=DIRECTION('',(0.0,1.0,0.0));
#18275=DIRECTION('',(0.0,0.942578556478323,0.333984527886008));
#18276=DIRECTION('',(0.0,0.0,1.0));
#18277=DIRECTION('',(0.0,-1.0,0.0));
#18278=DIRECTION('',(0.0,0.0,1.0));
#18279=DIRECTION('',(0.0,1.0,0.0));
#18280=DIRECTION('',(0.0,0.0,1.0));
#18281=DIRECTION('',(0.0,-0.942578556478323,0.333984527886008));
#18282=DIRECTION('',(0.0,-1.0,0.0));
#18283=DIRECTION('',(0.0,0.0,1.0));
#18284=DIRECTION('',(-1.0,0.0,0.0));
#18285=DIRECTION('',(0.0,1.0,0.0));
#18286=DIRECTION('',(0.0,0.0,-1.0));
#18287=DIRECTION('',(0.0,-1.0,0.0));
#18288=DIRECTION('',(0.0,-0.832050294337844,-0.554700196225229));
#18289=DIRECTION('',(0.0,0.832050294337844,-0.554700196225229));
#18290=DIRECTION('',(0.0,1.0,0.0));
#18291=DIRECTION('',(0.0,0.0,-1.0));
#18292=DIRECTION('',(0.0,-1.0,0.0));
#18293=DIRECTION('',(0.0,-1.0,0.0));
#18294=DIRECTION('',(0.0,0.0,1.0));
#18295=DIRECTION('',(0.0,0.942578556478323,0.333984527886008));
#18296=DIRECTION('',(0.0,1.0,0.0));
#18297=DIRECTION('',(0.0,0.0,1.0));
#18298=DIRECTION('',(0.0,-1.0,0.0));
#18299=DIRECTION('',(0.0,-0.942578556478323,0.333984527886008));
#18300=DIRECTION('',(0.0,0.0,1.0));
#18301=DIRECTION('',(0.0,1.0,0.0));
#18302=DIRECTION('',(0.0,0.0,1.0));
#18303=DIRECTION('',(-1.0,0.0,0.0));
#18304=DIRECTION('',(-1.0,0.0,0.0));
#18305=DIRECTION('',(-1.0,0.0,0.0));
#18306=DIRECTION('',(-1.0,0.0,0.0));
#18307=DIRECTION('',(-1.0,0.0,0.0));
#18308=DIRECTION('',(0.0,0.0,1.0));
#18309=DIRECTION('',(0.0,0.0,1.0));
#18310=DIRECTION('',(0.0,0.0,-1.0));
#18311=DIRECTION('',(0.0,0.0,-1.0));
#18312=DIRECTION('',(-1.0,0.0,0.0));
#18313=DIRECTION('',(-1.0,0.0,0.0));
#18314=DIRECTION('',(0.0,0.0,-1.0));
#18315=DIRECTION('',(0.0,0.0,-1.0));
#18316=DIRECTION('',(0.0,0.0,1.0));
#18317=DIRECTION('',(0.0,0.0,1.0));
#18318=DIRECTION('',(-1.0,0.0,0.0));
#18319=DIRECTION('',(-1.0,0.0,0.0));
#18320=DIRECTION('',(-1.0,0.0,0.0));
#18321=DIRECTION('',(-1.0,0.0,0.0));
#18322=DIRECTION('',(-1.0,0.0,0.0));
#18323=DIRECTION('',(-1.0,0.0,0.0));
#18324=DIRECTION('',(-1.0,0.0,0.0));
#18325=DIRECTION('',(-1.0,0.0,0.0));
#18326=DIRECTION('',(0.0,0.0,1.0));
#18327=DIRECTION('',(0.0,0.0,1.0));
#18328=DIRECTION('',(0.0,0.0,1.0));
#18329=DIRECTION('',(0.0,0.0,-1.0));
#18330=DIRECTION('',(0.0,0.0,-1.0));
#18331=DIRECTION('',(-1.0,0.0,0.0));
#18332=DIRECTION('',(0.0,0.0,1.0));
#18333=DIRECTION('',(-1.0,0.0,0.0));
#18334=DIRECTION('',(0.0,0.0,1.0));
#18335=DIRECTION('',(0.0,0.0,-1.0));
#18336=DIRECTION('',(0.0,0.0,-1.0));
#18337=DIRECTION('',(0.0,0.0,1.0));
#18338=DIRECTION('',(-1.0,0.0,0.0));
#18339=DIRECTION('',(0.0,0.0,1.0));
#18340=DIRECTION('',(-1.0,0.0,0.0));
#18341=DIRECTION('',(0.0,0.0,1.0));
#18342=DIRECTION('',(0.0,-0.832050294337844,-0.554700196225229));
#18343=DIRECTION('',(0.0,-1.0,0.0));
#18344=DIRECTION('',(0.0,0.0,-1.0));
#18345=DIRECTION('',(0.0,1.0,0.0));
#18346=DIRECTION('',(0.0,0.0,-1.0));
#18347=DIRECTION('',(0.0,-1.0,0.0));
#18348=DIRECTION('',(0.0,0.0,-1.0));
#18349=DIRECTION('',(0.0,1.0,0.0));
#18350=DIRECTION('',(0.0,0.832050294337844,-0.554700196225229));
#18351=DIRECTION('',(0.0,0.0,-1.0));
#18352=DIRECTION('',(0.0,1.0,0.0));
#18353=DIRECTION('',(0.0,0.942578556478323,0.333984527886008));
#18354=DIRECTION('',(0.0,0.0,1.0));
#18355=DIRECTION('',(0.0,-1.0,0.0));
#18356=DIRECTION('',(0.0,1.0,0.0));
#18357=DIRECTION('',(0.0,0.0,1.0));
#18358=DIRECTION('',(0.0,-0.942578556478323,0.333984527886008));
#18359=DIRECTION('',(0.0,-1.0,0.0));
#18360=DIRECTION('',(-1.0,0.0,0.0));
#18361=DIRECTION('',(0.0,0.0,1.0));
#18362=DIRECTION('',(0.707106781186548,0.0,0.707106781186548));
#18363=DIRECTION('',(1.0,0.0,0.0));
#18364=DIRECTION('',(0.707106781186548,0.0,-0.707106781186548));
#18365=DIRECTION('',(0.0,0.0,-1.0));
#18366=DIRECTION('',(-1.0,0.0,0.0));
#18367=DIRECTION('',(0.0,0.0,1.0));
#18368=DIRECTION('',(-1.0,0.0,0.0));
#18369=DIRECTION('',(-1.0,0.0,0.0));
#18370=DIRECTION('',(0.0,0.0,1.0));
#18371=DIRECTION('',(1.0,0.0,0.0));
#18372=DIRECTION('',(0.0,0.0,-1.0));
#18373=DIRECTION('',(-1.0,0.0,0.0));
#18374=DIRECTION('',(0.0,0.0,1.0));
#18375=DIRECTION('',(-1.0,0.0,0.0));
#18376=DIRECTION('',(1.0,0.0,0.0));
#18377=DIRECTION('',(0.0,0.0,-1.0));
#18378=DIRECTION('',(-1.0,0.0,0.0));
#18379=DIRECTION('',(0.0,0.0,1.0));
#18380=DIRECTION('',(-1.0,0.0,0.0));
#18381=DIRECTION('',(0.0,0.0,1.0));
#18382=DIRECTION('',(-1.0,0.0,0.0));
#18383=DIRECTION('',(0.0,0.0,-1.0));
#18384=DIRECTION('',(0.707106781186548,0.0,0.707106781186548));
#18385=DIRECTION('',(1.0,0.0,0.0));
#18386=DIRECTION('',(0.707106781186548,0.0,-0.707106781186548));
#18387=DIRECTION('',(0.0,0.0,-1.0));
#18388=DIRECTION('',(-1.0,0.0,0.0));
#18389=DIRECTION('',(0.0,0.0,1.0));
#18390=DIRECTION('',(-1.0,0.0,0.0));
#18391=DIRECTION('',(0.0,0.0,1.0));
#18392=DIRECTION('',(-1.0,0.0,0.0));
#18393=DIRECTION('',(0.0,0.0,-1.0));
#18394=DIRECTION('',(0.0,-1.0,0.0));
#18395=DIRECTION('',(0.0,-1.0,0.0));
#18396=DIRECTION('',(0.0,-1.0,0.0));
#18397=DIRECTION('',(0.0,-1.0,0.0));
#18398=DIRECTION('',(0.0,-1.0,0.0));
#18399=DIRECTION('',(0.0,-1.0,0.0));
#18400=DIRECTION('',(0.0,-1.0,0.0));
#18401=DIRECTION('',(0.0,-1.0,0.0));
#18402=DIRECTION('',(0.0,-1.0,0.0));
#18403=DIRECTION('',(0.0,-1.0,0.0));
#18404=DIRECTION('',(0.0,-1.0,0.0));
#18405=DIRECTION('',(0.0,-1.0,0.0));
#18406=DIRECTION('',(0.0,-1.0,0.0));
#18407=DIRECTION('',(0.0,-1.0,0.0));
#18408=DIRECTION('',(0.0,-1.0,0.0));
#18409=DIRECTION('',(0.0,-1.0,0.0));
#18410=DIRECTION('',(0.0,-1.0,0.0));
#18411=DIRECTION('',(0.0,-1.0,0.0));
#18412=DIRECTION('',(0.0,-1.0,0.0));
#18413=DIRECTION('',(0.0,-1.0,0.0));
#18414=DIRECTION('',(0.0,-0.832050294337844,-0.554700196225229));
#18415=DIRECTION('',(-1.0,0.0,0.0));
#18416=DIRECTION('',(0.0,-1.0,0.0));
#18417=DIRECTION('',(-1.0,0.0,0.0));
#18418=DIRECTION('',(0.0,0.0,-1.0));
#18419=DIRECTION('',(-1.0,0.0,0.0));
#18420=DIRECTION('',(0.0,1.0,0.0));
#18421=DIRECTION('',(0.0,0.832050294337844,-0.554700196225229));
#18422=DIRECTION('',(0.0,1.0,0.0));
#18423=DIRECTION('',(0.0,0.0,-1.0));
#18424=DIRECTION('',(0.0,-1.0,0.0));
#18425=DIRECTION('',(0.0,-1.0,0.0));
#18426=DIRECTION('',(0.0,0.0,1.0));
#18427=DIRECTION('',(0.0,0.942578556478323,0.333984527886008));
#18428=DIRECTION('',(0.0,1.0,0.0));
#18429=DIRECTION('',(0.0,-1.0,0.0));
#18430=DIRECTION('',(0.0,-0.942578556478323,0.333984527886008));
#18431=DIRECTION('',(0.0,0.0,1.0));
#18432=DIRECTION('',(0.0,1.0,0.0));
#18433=DIRECTION('',(-1.0,0.0,0.0));
#18434=DIRECTION('',(-1.0,0.0,0.0));
#18435=DIRECTION('',(-1.0,0.0,0.0));
#18436=DIRECTION('',(-1.0,0.0,0.0));
#18437=DIRECTION('',(-1.0,0.0,0.0));
#18438=DIRECTION('',(-1.0,0.0,0.0));
#18439=DIRECTION('',(-1.0,0.0,0.0));
#18440=DIRECTION('',(-1.0,0.0,0.0));
#18441=DIRECTION('',(-1.0,0.0,0.0));
#18442=DIRECTION('',(0.0,-0.832050294337844,-0.554700196225229));
#18443=DIRECTION('',(0.0,-1.0,0.0));
#18444=DIRECTION('',(0.0,0.0,-1.0));
#18445=DIRECTION('',(0.0,1.0,0.0));
#18446=DIRECTION('',(0.0,-1.0,0.0));
#18447=DIRECTION('',(0.0,0.0,-1.0));
#18448=DIRECTION('',(0.0,1.0,0.0));
#18449=DIRECTION('',(0.0,0.832050294337844,-0.554700196225229));
#18450=DIRECTION('',(0.0,1.0,0.0));
#18451=DIRECTION('',(0.0,0.942578556478323,0.333984527886008));
#18452=DIRECTION('',(0.0,0.0,1.0));
#18453=DIRECTION('',(0.0,-1.0,0.0));
#18454=DIRECTION('',(0.0,1.0,0.0));
#18455=DIRECTION('',(0.0,0.0,1.0));
#18456=DIRECTION('',(0.0,-0.942578556478323,0.333984527886008));
#18457=DIRECTION('',(0.0,-1.0,0.0));
#18458=DIRECTION('',(-1.0,0.0,0.0));
#18459=DIRECTION('',(0.0,1.0,0.0));
#18460=DIRECTION('',(0.0,0.0,-1.0));
#18461=DIRECTION('',(0.0,-1.0,0.0));
#18462=DIRECTION('',(0.0,-0.832050294337844,-0.554700196225229));
#18463=DIRECTION('',(0.0,0.832050294337844,-0.554700196225229));
#18464=DIRECTION('',(0.0,1.0,0.0));
#18465=DIRECTION('',(0.0,0.0,-1.0));
#18466=DIRECTION('',(0.0,-1.0,0.0));
#18467=DIRECTION('',(0.0,-1.0,0.0));
#18468=DIRECTION('',(0.0,0.0,1.0));
#18469=DIRECTION('',(0.0,0.942578556478323,0.333984527886008));
#18470=DIRECTION('',(0.0,1.0,0.0));
#18471=DIRECTION('',(0.0,-1.0,0.0));
#18472=DIRECTION('',(0.0,-0.942578556478323,0.333984527886008));
#18473=DIRECTION('',(0.0,0.0,1.0));
#18474=DIRECTION('',(0.0,1.0,0.0));
#18475=DIRECTION('',(-1.0,0.0,0.0));
#18476=DIRECTION('',(-1.0,0.0,0.0));
#18477=DIRECTION('',(-1.0,0.0,0.0));
#18478=DIRECTION('',(-1.0,0.0,0.0));
#18479=DIRECTION('',(-1.0,0.0,0.0));
#18480=DIRECTION('',(-1.0,0.0,0.0));
#18481=DIRECTION('',(-1.0,0.0,0.0));
#18482=DIRECTION('',(-1.0,0.0,0.0));
#18483=DIRECTION('',(-1.0,0.0,0.0));
#18484=DIRECTION('',(-1.0,0.0,0.0));
#18485=DIRECTION('',(-1.0,0.0,0.0));
#18486=DIRECTION('',(0.0,-1.0,0.0));
#18487=DIRECTION('',(0.0,0.0,-1.0));
#18488=DIRECTION('',(0.0,-1.0,0.0));
#18489=DIRECTION('',(1.0,0.0,0.0));
#18490=DIRECTION('',(0.0,-1.0,0.0));
#18491=DIRECTION('',(0.0,0.0,1.0));
#18492=DIRECTION('',(0.0,-1.0,0.0));
#18493=DIRECTION('',(-1.0,0.0,0.0));
#18494=DIRECTION('',(-1.0,0.0,0.0));
#18495=DIRECTION('',(0.0,0.0,1.0));
#18496=DIRECTION('',(-1.0,0.0,0.0));
#18497=DIRECTION('',(0.0,0.0,1.0));
#18498=DIRECTION('',(-1.0,0.0,0.0));
#18499=DIRECTION('',(0.0,0.0,1.0));
#18500=DIRECTION('',(0.707106781186548,0.0,0.707106781186548));
#18501=DIRECTION('',(1.0,0.0,0.0));
#18502=DIRECTION('',(0.707106781186548,0.0,-0.707106781186548));
#18503=DIRECTION('',(0.0,0.0,-1.0));
#18504=DIRECTION('',(-1.0,0.0,0.0));
#18505=DIRECTION('',(0.0,0.0,1.0));
#18506=DIRECTION('',(-1.0,0.0,0.0));
#18507=DIRECTION('',(0.0,0.0,1.0));
#18508=DIRECTION('',(0.0,-1.0,0.0));
#18509=DIRECTION('',(0.0,-1.0,0.0));
#18510=DIRECTION('',(0.0,-1.0,0.0));
#18511=DIRECTION('',(0.0,-1.0,0.0));
#18512=DIRECTION('',(0.0,-1.0,0.0));
#18513=DIRECTION('',(0.0,-1.0,0.0));
#18514=DIRECTION('',(0.0,-0.832050294337844,-0.554700196225229));
#18515=DIRECTION('',(0.0,-1.0,0.0));
#18516=DIRECTION('',(0.0,0.0,-1.0));
#18517=DIRECTION('',(0.0,1.0,0.0));
#18518=DIRECTION('',(0.0,-1.0,0.0));
#18519=DIRECTION('',(0.0,0.0,-1.0));
#18520=DIRECTION('',(0.0,1.0,0.0));
#18521=DIRECTION('',(0.0,0.832050294337844,-0.554700196225229));
#18522=DIRECTION('',(0.0,1.0,0.0));
#18523=DIRECTION('',(0.0,0.0,1.0));
#18524=DIRECTION('',(0.0,-0.942578556478323,0.333984527886008));
#18525=DIRECTION('',(0.0,-1.0,0.0));
#18526=DIRECTION('',(0.0,1.0,0.0));
#18527=DIRECTION('',(0.0,0.942578556478323,0.333984527886008));
#18528=DIRECTION('',(0.0,0.0,1.0));
#18529=DIRECTION('',(0.0,-1.0,0.0));
#18530=DIRECTION('',(-1.0,0.0,0.0));
#18531=DIRECTION('',(0.0,1.0,0.0));
#18532=DIRECTION('',(0.0,0.0,-1.0));
#18533=DIRECTION('',(0.0,-1.0,0.0));
#18534=DIRECTION('',(0.0,-0.832050294337844,-0.554700196225229));
#18535=DIRECTION('',(0.0,0.832050294337844,-0.554700196225229));
#18536=DIRECTION('',(0.0,1.0,0.0));
#18537=DIRECTION('',(0.0,0.0,-1.0));
#18538=DIRECTION('',(0.0,-1.0,0.0));
#18539=DIRECTION('',(0.0,-0.942578556478323,0.333984527886008));
#18540=DIRECTION('',(0.0,0.0,1.0));
#18541=DIRECTION('',(0.0,1.0,0.0));
#18542=DIRECTION('',(0.0,-1.0,0.0));
#18543=DIRECTION('',(0.0,-1.0,0.0));
#18544=DIRECTION('',(0.0,0.0,1.0));
#18545=DIRECTION('',(0.0,0.942578556478323,0.333984527886008));
#18546=DIRECTION('',(0.0,1.0,0.0));
#18547=DIRECTION('',(-1.0,0.0,0.0));
#18548=DIRECTION('',(-1.0,0.0,0.0));
#18549=DIRECTION('',(-1.0,0.0,0.0));
#18550=DIRECTION('',(-1.0,0.0,0.0));
#18551=DIRECTION('',(-1.0,0.0,0.0));
#18552=DIRECTION('',(-1.0,0.0,0.0));
#18553=DIRECTION('',(-1.0,0.0,0.0));
#18554=DIRECTION('',(-1.0,0.0,0.0));
#18555=DIRECTION('',(-1.0,0.0,0.0));
#18556=DIRECTION('',(-1.0,0.0,0.0));
#18557=DIRECTION('',(-1.0,0.0,0.0));
ENDSEC;
END-ISO-10303-21;
