ISO-10303-21;
HEADER;
FILE_DESCRIPTION(('STEP AP242'),'1');
FILE_NAME('0039291028.stp','2024-12-29T22:27:39',('TraceParts'),('TraceParts S.A.'),'Spatial InterOp 3D',' ',' ');
FILE_SCHEMA(('AP242_MANAGED_MODEL_BASED_3D_ENGINEERING_MIM_LF  {1 0 10303 442 1 1 4}'));
ENDSEC;
DATA;
#1=PRODUCT_DEFINITION_CONTEXT('',#10,'design');
#2=APPLICATION_PROTOCOL_DEFINITION('INTERNATIONAL STANDARD','ap242_managed_model_based_3d_engineering',2014,#10);
#3=PRODUCT_CATEGORY_RELATIONSHIP('NONE','NONE',#11,#12);
#4=SHAPE_DEFINITION_REPRESENTATION(#13,#14);
#5=SHAPE_DEFINITION_REPRESENTATION(#13,#15);
#6= (GEOMETRIC_REPRESENTATION_CONTEXT(3)GLOBAL_UNCERTAINTY_ASSIGNED_CONTEXT((#18))GLOBAL_UNIT_ASSIGNED_CONTEXT((#20,#21,#22))REPRESENTATION_CONTEXT('NONE','WORKSPACE'));
#10=APPLICATION_CONTEXT('managed model based 3d engineering');
#11=PRODUCT_CATEGORY('part','NONE');
#12=PRODUCT_RELATED_PRODUCT_CATEGORY('detail',' ',(#24));
#13=PRODUCT_DEFINITION_SHAPE('NONE','NONE',#25);
#14=ADVANCED_BREP_SHAPE_REPRESENTATION('0039291028_1',(#26,#27),#6);
#15=GEOMETRICALLY_BOUNDED_SURFACE_SHAPE_REPRESENTATION('1',(#28,#29),#6);
#18=UNCERTAINTY_MEASURE_WITH_UNIT(LENGTH_MEASURE(1.0E-06),#20,'','');
#20= (CONVERSION_BASED_UNIT('MILLIMETRE',#32)LENGTH_UNIT()NAMED_UNIT(#35));
#21= (NAMED_UNIT(#37)PLANE_ANGLE_UNIT()SI_UNIT($,.RADIAN.));
#22= (NAMED_UNIT(#37)SOLID_ANGLE_UNIT()SI_UNIT($,.STERADIAN.));
#24=PRODUCT('0039291028_1','0039291028_1','PART-0039291028_1-DESC',(#43));
#25=PRODUCT_DEFINITION('','NONE',#44,#1);
#26=MANIFOLD_SOLID_BREP('0039291028_1',#45);
#27=AXIS2_PLACEMENT_3D('',#46,#47,#48);
#28=GEOMETRIC_SET('1',(#49,#50,#51,#52,#53,#54,#55,#56,#57,#58));
#29=AXIS2_PLACEMENT_3D('',#59,#60,#61);
#32=LENGTH_MEASURE_WITH_UNIT(LENGTH_MEASURE(1.0),#62);
#35=DIMENSIONAL_EXPONENTS(1.0,0.0,0.0,0.0,0.0,0.0,0.0);
#37=DIMENSIONAL_EXPONENTS(0.0,0.0,0.0,0.0,0.0,0.0,0.0);
#43=PRODUCT_CONTEXT('',#10,'mechanical');
#44=PRODUCT_DEFINITION_FORMATION_WITH_SPECIFIED_SOURCE(' ','NONE',#24,.NOT_KNOWN.);
#45=CLOSED_SHELL('',(#63,#64,#65,#66,#67,#68,#69,#70,#71,#72,#73,#74,#75,#76,#77,#78,#79,#80,#81,#82,#83,#84,#85,#86,#87,#88,#89,#90,#91,#92,#93,#94,#95,#96,#97,#98,#99,#100,#101,#102,#103,#104,#105,#106,#107,#108,#109,#110,#111,#112,#113,#114,#115,#116,#117,#118,#119,#120,#121,#122,#123,#124,#125,#126,#127,#128,#129,#130,#131,#132,#133,#134,#135,#136,#137,#138,#139,#140,#141,#142,#143,#144,#145,#146,#147,#148,#149,#150,#151,#152,#153,#154,#155,#156,#157,#158,#159,#160,#161,#162,#163,#164,#165,#166));
#46=CARTESIAN_POINT('',(0.0,0.0,0.0));
#47=DIRECTION('',(0.0,0.0,1.0));
#48=DIRECTION('',(1.0,0.0,0.0));
#49=COMPOSITE_CURVE('0039291028_2',(#167),.U.);
#50=COMPOSITE_CURVE('0039291028_3',(#168),.U.);
#51=COMPOSITE_CURVE('0039291028_4',(#169),.U.);
#52=COMPOSITE_CURVE('0039291028_5',(#170),.U.);
#53=COMPOSITE_CURVE('0039291028_6',(#171),.U.);
#54=COMPOSITE_CURVE('0039291028_7',(#172),.U.);
#55=COMPOSITE_CURVE('0039291028_8',(#173),.U.);
#56=COMPOSITE_CURVE('0039291028_9',(#174),.U.);
#57=COMPOSITE_CURVE('0039291028_10',(#175),.U.);
#58=COMPOSITE_CURVE('0039291028_11',(#176),.U.);
#59=CARTESIAN_POINT('',(0.0,0.0,0.0));
#60=DIRECTION('',(0.0,0.0,1.0));
#61=DIRECTION('',(1.0,0.0,0.0));
#62= (NAMED_UNIT(#35)LENGTH_UNIT()SI_UNIT(.MILLI.,.METRE.));
#63=ADVANCED_FACE('',(#178),#179,.T.);
#64=ADVANCED_FACE('',(#180,#181,#182),#183,.F.);
#65=ADVANCED_FACE('',(#184),#185,.F.);
#66=ADVANCED_FACE('',(#186),#187,.F.);
#67=ADVANCED_FACE('',(#188),#189,.F.);
#68=ADVANCED_FACE('',(#190),#191,.F.);
#69=ADVANCED_FACE('',(#192,#193),#194,.T.);
#70=ADVANCED_FACE('',(#195,#196),#197,.T.);
#71=ADVANCED_FACE('',(#198),#199,.F.);
#72=ADVANCED_FACE('',(#200),#201,.F.);
#73=ADVANCED_FACE('',(#202),#203,.F.);
#74=ADVANCED_FACE('',(#204),#205,.F.);
#75=ADVANCED_FACE('',(#206),#207,.F.);
#76=ADVANCED_FACE('',(#208),#209,.F.);
#77=ADVANCED_FACE('',(#210),#211,.F.);
#78=ADVANCED_FACE('',(#212),#213,.F.);
#79=ADVANCED_FACE('',(#214),#215,.T.);
#80=ADVANCED_FACE('',(#216),#217,.T.);
#81=ADVANCED_FACE('',(#218),#219,.T.);
#82=ADVANCED_FACE('',(#220),#221,.T.);
#83=ADVANCED_FACE('',(#222,#223,#224),#225,.T.);
#84=ADVANCED_FACE('',(#226),#227,.T.);
#85=ADVANCED_FACE('',(#228),#229,.T.);
#86=ADVANCED_FACE('',(#230),#231,.T.);
#87=ADVANCED_FACE('',(#232),#233,.T.);
#88=ADVANCED_FACE('',(#234),#235,.T.);
#89=ADVANCED_FACE('',(#236),#237,.T.);
#90=ADVANCED_FACE('',(#238),#239,.T.);
#91=ADVANCED_FACE('',(#240),#241,.T.);
#92=ADVANCED_FACE('',(#242),#243,.T.);
#93=ADVANCED_FACE('',(#244),#245,.T.);
#94=ADVANCED_FACE('',(#246),#247,.T.);
#95=ADVANCED_FACE('',(#248),#249,.T.);
#96=ADVANCED_FACE('',(#250),#251,.T.);
#97=ADVANCED_FACE('',(#252),#253,.T.);
#98=ADVANCED_FACE('',(#254),#255,.F.);
#99=ADVANCED_FACE('',(#256),#257,.T.);
#100=ADVANCED_FACE('',(#258),#259,.F.);
#101=ADVANCED_FACE('',(#260),#261,.F.);
#102=ADVANCED_FACE('',(#262),#263,.T.);
#103=ADVANCED_FACE('',(#264),#265,.T.);
#104=ADVANCED_FACE('',(#266),#267,.T.);
#105=ADVANCED_FACE('',(#268),#269,.T.);
#106=ADVANCED_FACE('',(#270),#271,.T.);
#107=ADVANCED_FACE('',(#272),#273,.T.);
#108=ADVANCED_FACE('',(#274),#275,.T.);
#109=ADVANCED_FACE('',(#276),#277,.T.);
#110=ADVANCED_FACE('',(#278),#279,.T.);
#111=ADVANCED_FACE('',(#280),#281,.T.);
#112=ADVANCED_FACE('',(#282),#283,.T.);
#113=ADVANCED_FACE('',(#284),#285,.T.);
#114=ADVANCED_FACE('',(#286),#287,.T.);
#115=ADVANCED_FACE('',(#288),#289,.F.);
#116=ADVANCED_FACE('',(#290),#291,.T.);
#117=ADVANCED_FACE('',(#292),#293,.T.);
#118=ADVANCED_FACE('',(#294),#295,.T.);
#119=ADVANCED_FACE('',(#296),#297,.T.);
#120=ADVANCED_FACE('',(#298),#299,.T.);
#121=ADVANCED_FACE('',(#300),#301,.T.);
#122=ADVANCED_FACE('',(#302),#303,.T.);
#123=ADVANCED_FACE('',(#304),#305,.T.);
#124=ADVANCED_FACE('',(#306),#307,.T.);
#125=ADVANCED_FACE('',(#308),#309,.T.);
#126=ADVANCED_FACE('',(#310),#311,.F.);
#127=ADVANCED_FACE('',(#312),#313,.F.);
#128=ADVANCED_FACE('',(#314),#315,.T.);
#129=ADVANCED_FACE('',(#316),#317,.T.);
#130=ADVANCED_FACE('',(#318),#319,.T.);
#131=ADVANCED_FACE('',(#320),#321,.T.);
#132=ADVANCED_FACE('',(#322),#323,.T.);
#133=ADVANCED_FACE('',(#324),#325,.F.);
#134=ADVANCED_FACE('',(#326),#327,.T.);
#135=ADVANCED_FACE('',(#328),#329,.T.);
#136=ADVANCED_FACE('',(#330),#331,.F.);
#137=ADVANCED_FACE('',(#332),#333,.F.);
#138=ADVANCED_FACE('',(#334),#335,.F.);
#139=ADVANCED_FACE('',(#336),#337,.T.);
#140=ADVANCED_FACE('',(#338),#339,.F.);
#141=ADVANCED_FACE('',(#340),#341,.F.);
#142=ADVANCED_FACE('',(#342),#343,.F.);
#143=ADVANCED_FACE('',(#344),#345,.F.);
#144=ADVANCED_FACE('',(#346),#347,.F.);
#145=ADVANCED_FACE('',(#348),#349,.T.);
#146=ADVANCED_FACE('',(#350),#351,.T.);
#147=ADVANCED_FACE('',(#352),#353,.T.);
#148=ADVANCED_FACE('',(#354),#355,.T.);
#149=ADVANCED_FACE('',(#356),#357,.T.);
#150=ADVANCED_FACE('',(#358),#359,.T.);
#151=ADVANCED_FACE('',(#360),#361,.F.);
#152=ADVANCED_FACE('',(#362),#363,.T.);
#153=ADVANCED_FACE('',(#364),#365,.T.);
#154=ADVANCED_FACE('',(#366),#367,.T.);
#155=ADVANCED_FACE('',(#368),#369,.T.);
#156=ADVANCED_FACE('',(#370),#371,.T.);
#157=ADVANCED_FACE('',(#372),#373,.T.);
#158=ADVANCED_FACE('',(#374),#375,.T.);
#159=ADVANCED_FACE('',(#376),#377,.T.);
#160=ADVANCED_FACE('',(#378),#379,.F.);
#161=ADVANCED_FACE('',(#380),#381,.F.);
#162=ADVANCED_FACE('',(#382),#383,.F.);
#163=ADVANCED_FACE('',(#384),#385,.F.);
#164=ADVANCED_FACE('',(#386),#387,.F.);
#165=ADVANCED_FACE('',(#388),#389,.T.);
#166=ADVANCED_FACE('',(#390),#391,.T.);
#167=COMPOSITE_CURVE_SEGMENT(.CONTINUOUS.,.T.,#392);
#168=COMPOSITE_CURVE_SEGMENT(.CONTINUOUS.,.T.,#393);
#169=COMPOSITE_CURVE_SEGMENT(.CONTINUOUS.,.T.,#394);
#170=COMPOSITE_CURVE_SEGMENT(.CONTINUOUS.,.T.,#395);
#171=COMPOSITE_CURVE_SEGMENT(.CONTINUOUS.,.T.,#396);
#172=COMPOSITE_CURVE_SEGMENT(.CONTINUOUS.,.T.,#397);
#173=COMPOSITE_CURVE_SEGMENT(.CONTINUOUS.,.T.,#398);
#174=COMPOSITE_CURVE_SEGMENT(.CONTINUOUS.,.T.,#399);
#175=COMPOSITE_CURVE_SEGMENT(.CONTINUOUS.,.T.,#400);
#176=COMPOSITE_CURVE_SEGMENT(.CONTINUOUS.,.T.,#401);
#178=FACE_OUTER_BOUND('',#402,.T.);
#179=CYLINDRICAL_SURFACE('',#403,0.4);
#180=FACE_OUTER_BOUND('',#404,.T.);
#181=FACE_BOUND('',#405,.T.);
#182=FACE_BOUND('',#406,.T.);
#183=PLANE('',#407);
#184=FACE_OUTER_BOUND('',#408,.T.);
#185=PLANE('',#409);
#186=FACE_OUTER_BOUND('',#410,.T.);
#187=PLANE('',#411);
#188=FACE_OUTER_BOUND('',#412,.T.);
#189=PLANE('',#413);
#190=FACE_OUTER_BOUND('',#414,.T.);
#191=PLANE('',#415);
#192=FACE_OUTER_BOUND('',#416,.T.);
#193=FACE_BOUND('',#417,.T.);
#194=PLANE('',#418);
#195=FACE_OUTER_BOUND('',#419,.T.);
#196=FACE_BOUND('',#420,.T.);
#197=PLANE('',#421);
#198=FACE_OUTER_BOUND('',#422,.T.);
#199=PLANE('',#423);
#200=FACE_OUTER_BOUND('',#424,.T.);
#201=PLANE('',#425);
#202=FACE_OUTER_BOUND('',#426,.T.);
#203=PLANE('',#427);
#204=FACE_OUTER_BOUND('',#428,.T.);
#205=PLANE('',#429);
#206=FACE_OUTER_BOUND('',#430,.T.);
#207=PLANE('',#431);
#208=FACE_OUTER_BOUND('',#432,.T.);
#209=PLANE('',#433);
#210=FACE_OUTER_BOUND('',#434,.T.);
#211=PLANE('',#435);
#212=FACE_OUTER_BOUND('',#436,.T.);
#213=PLANE('',#437);
#214=FACE_OUTER_BOUND('',#438,.T.);
#215=PLANE('',#439);
#216=FACE_OUTER_BOUND('',#440,.T.);
#217=PLANE('',#441);
#218=FACE_OUTER_BOUND('',#442,.T.);
#219=PLANE('',#443);
#220=FACE_OUTER_BOUND('',#444,.T.);
#221=PLANE('',#445);
#222=FACE_OUTER_BOUND('',#446,.T.);
#223=FACE_BOUND('',#447,.T.);
#224=FACE_BOUND('',#448,.T.);
#225=PLANE('',#449);
#226=FACE_OUTER_BOUND('',#450,.T.);
#227=PLANE('',#451);
#228=FACE_OUTER_BOUND('',#452,.T.);
#229=PLANE('',#453);
#230=FACE_OUTER_BOUND('',#454,.T.);
#231=PLANE('',#455);
#232=FACE_OUTER_BOUND('',#456,.T.);
#233=PLANE('',#457);
#234=FACE_OUTER_BOUND('',#458,.T.);
#235=PLANE('',#459);
#236=FACE_OUTER_BOUND('',#460,.T.);
#237=PLANE('',#461);
#238=FACE_OUTER_BOUND('',#462,.T.);
#239=PLANE('',#463);
#240=FACE_OUTER_BOUND('',#464,.T.);
#241=CYLINDRICAL_SURFACE('',#465,2.09);
#242=FACE_OUTER_BOUND('',#466,.T.);
#243=PLANE('',#467);
#244=FACE_OUTER_BOUND('',#468,.T.);
#245=PLANE('',#469);
#246=FACE_OUTER_BOUND('',#470,.T.);
#247=PLANE('',#471);
#248=FACE_OUTER_BOUND('',#472,.T.);
#249=PLANE('',#473);
#250=FACE_OUTER_BOUND('',#474,.T.);
#251=PLANE('',#475);
#252=FACE_OUTER_BOUND('',#476,.T.);
#253=PLANE('',#477);
#254=FACE_OUTER_BOUND('',#478,.T.);
#255=CYLINDRICAL_SURFACE('',#479,1.02);
#256=FACE_OUTER_BOUND('',#480,.T.);
#257=PLANE('',#481);
#258=FACE_OUTER_BOUND('',#482,.T.);
#259=PLANE('',#483);
#260=FACE_OUTER_BOUND('',#484,.T.);
#261=PLANE('',#485);
#262=FACE_OUTER_BOUND('',#486,.T.);
#263=PLANE('',#487);
#264=FACE_OUTER_BOUND('',#488,.T.);
#265=PLANE('',#489);
#266=FACE_OUTER_BOUND('',#490,.T.);
#267=PLANE('',#491);
#268=FACE_OUTER_BOUND('',#492,.T.);
#269=PLANE('',#493);
#270=FACE_OUTER_BOUND('',#494,.T.);
#271=PLANE('',#495);
#272=FACE_OUTER_BOUND('',#496,.T.);
#273=PLANE('',#497);
#274=FACE_OUTER_BOUND('',#498,.T.);
#275=PLANE('',#499);
#276=FACE_OUTER_BOUND('',#500,.T.);
#277=PLANE('',#501);
#278=FACE_OUTER_BOUND('',#502,.T.);
#279=PLANE('',#503);
#280=FACE_OUTER_BOUND('',#504,.T.);
#281=PLANE('',#505);
#282=FACE_OUTER_BOUND('',#506,.T.);
#283=PLANE('',#507);
#284=FACE_OUTER_BOUND('',#508,.T.);
#285=PLANE('',#509);
#286=FACE_OUTER_BOUND('',#510,.T.);
#287=PLANE('',#511);
#288=FACE_OUTER_BOUND('',#512,.T.);
#289=CYLINDRICAL_SURFACE('',#513,1.02);
#290=FACE_OUTER_BOUND('',#514,.T.);
#291=PLANE('',#515);
#292=FACE_OUTER_BOUND('',#516,.T.);
#293=PLANE('',#517);
#294=FACE_OUTER_BOUND('',#518,.T.);
#295=PLANE('',#519);
#296=FACE_OUTER_BOUND('',#520,.T.);
#297=CYLINDRICAL_SURFACE('',#521,2.09);
#298=FACE_OUTER_BOUND('',#522,.T.);
#299=CYLINDRICAL_SURFACE('',#523,0.4);
#300=FACE_OUTER_BOUND('',#524,.T.);
#301=PLANE('',#525);
#302=FACE_OUTER_BOUND('',#526,.T.);
#303=PLANE('',#527);
#304=FACE_OUTER_BOUND('',#528,.T.);
#305=CYLINDRICAL_SURFACE('',#529,0.4);
#306=FACE_OUTER_BOUND('',#530,.T.);
#307=PLANE('',#531);
#308=FACE_OUTER_BOUND('',#532,.T.);
#309=PLANE('',#533);
#310=FACE_OUTER_BOUND('',#534,.T.);
#311=PLANE('',#535);
#312=FACE_OUTER_BOUND('',#536,.T.);
#313=PLANE('',#537);
#314=FACE_OUTER_BOUND('',#538,.T.);
#315=PLANE('',#539);
#316=FACE_OUTER_BOUND('',#540,.T.);
#317=PLANE('',#541);
#318=FACE_OUTER_BOUND('',#542,.T.);
#319=PLANE('',#543);
#320=FACE_OUTER_BOUND('',#544,.T.);
#321=CYLINDRICAL_SURFACE('',#545,0.4);
#322=FACE_OUTER_BOUND('',#546,.T.);
#323=PLANE('',#547);
#324=FACE_OUTER_BOUND('',#548,.T.);
#325=PLANE('',#549);
#326=FACE_OUTER_BOUND('',#550,.T.);
#327=PLANE('',#551);
#328=FACE_OUTER_BOUND('',#552,.T.);
#329=PLANE('',#553);
#330=FACE_OUTER_BOUND('',#554,.T.);
#331=PLANE('',#555);
#332=FACE_OUTER_BOUND('',#556,.T.);
#333=CYLINDRICAL_SURFACE('',#557,1.2);
#334=FACE_OUTER_BOUND('',#558,.T.);
#335=PLANE('',#559);
#336=FACE_OUTER_BOUND('',#560,.T.);
#337=PLANE('',#561);
#338=FACE_OUTER_BOUND('',#562,.T.);
#339=PLANE('',#563);
#340=FACE_OUTER_BOUND('',#564,.T.);
#341=PLANE('',#565);
#342=FACE_OUTER_BOUND('',#566,.T.);
#343=PLANE('',#567);
#344=FACE_OUTER_BOUND('',#568,.T.);
#345=CYLINDRICAL_SURFACE('',#569,1.2);
#346=FACE_OUTER_BOUND('',#570,.T.);
#347=PLANE('',#571);
#348=FACE_OUTER_BOUND('',#572,.T.);
#349=PLANE('',#573);
#350=FACE_OUTER_BOUND('',#574,.T.);
#351=PLANE('',#575);
#352=FACE_OUTER_BOUND('',#576,.T.);
#353=CYLINDRICAL_SURFACE('',#577,0.4);
#354=FACE_OUTER_BOUND('',#578,.T.);
#355=PLANE('',#579);
#356=FACE_OUTER_BOUND('',#580,.T.);
#357=PLANE('',#581);
#358=FACE_OUTER_BOUND('',#582,.T.);
#359=PLANE('',#583);
#360=FACE_OUTER_BOUND('',#584,.T.);
#361=PLANE('',#585);
#362=FACE_OUTER_BOUND('',#586,.T.);
#363=PLANE('',#587);
#364=FACE_OUTER_BOUND('',#588,.T.);
#365=PLANE('',#589);
#366=FACE_OUTER_BOUND('',#590,.T.);
#367=CYLINDRICAL_SURFACE('',#591,0.4);
#368=FACE_OUTER_BOUND('',#592,.T.);
#369=PLANE('',#593);
#370=FACE_OUTER_BOUND('',#594,.T.);
#371=CYLINDRICAL_SURFACE('',#595,0.4);
#372=FACE_OUTER_BOUND('',#596,.T.);
#373=PLANE('',#597);
#374=FACE_OUTER_BOUND('',#598,.T.);
#375=PLANE('',#599);
#376=FACE_OUTER_BOUND('',#600,.T.);
#377=PLANE('',#601);
#378=FACE_OUTER_BOUND('',#602,.T.);
#379=PLANE('',#603);
#380=FACE_OUTER_BOUND('',#604,.T.);
#381=CYLINDRICAL_SURFACE('',#605,1.2);
#382=FACE_OUTER_BOUND('',#606,.T.);
#383=CYLINDRICAL_SURFACE('',#607,1.2);
#384=FACE_OUTER_BOUND('',#608,.T.);
#385=PLANE('',#609);
#386=FACE_OUTER_BOUND('',#610,.T.);
#387=PLANE('',#611);
#388=FACE_OUTER_BOUND('',#612,.T.);
#389=PLANE('',#613);
#390=FACE_OUTER_BOUND('',#614,.T.);
#391=CYLINDRICAL_SURFACE('',#615,0.4);
#392=TRIMMED_CURVE('',#616,(PARAMETER_VALUE(0.0)),(PARAMETER_VALUE(3.1415926535892)),.T.,.UNSPECIFIED.);
#393=TRIMMED_CURVE('',#617,(PARAMETER_VALUE(0.0)),(PARAMETER_VALUE(3.1415926535892)),.T.,.UNSPECIFIED.);
#394=TRIMMED_CURVE('',#618,(PARAMETER_VALUE(0.0)),(PARAMETER_VALUE(3.1415926535892)),.T.,.UNSPECIFIED.);
#395=TRIMMED_CURVE('',#619,(PARAMETER_VALUE(0.0)),(PARAMETER_VALUE(3.1415926535892)),.T.,.UNSPECIFIED.);
#396=TRIMMED_CURVE('',#620,(PARAMETER_VALUE(0.0)),(PARAMETER_VALUE(3.1415926535892)),.T.,.UNSPECIFIED.);
#397=TRIMMED_CURVE('',#621,(PARAMETER_VALUE(0.0)),(PARAMETER_VALUE(3.1415926535892)),.T.,.UNSPECIFIED.);
#398=TRIMMED_CURVE('',#622,(PARAMETER_VALUE(0.0)),(PARAMETER_VALUE(3.1415926535892)),.T.,.UNSPECIFIED.);
#399=TRIMMED_CURVE('',#623,(PARAMETER_VALUE(0.0)),(PARAMETER_VALUE(3.1415926535892)),.T.,.UNSPECIFIED.);
#400=TRIMMED_CURVE('A_2',#624,(PARAMETER_VALUE(0.0)),(PARAMETER_VALUE(1.0)),.T.,.UNSPECIFIED.);
#401=TRIMMED_CURVE('A_3',#625,(PARAMETER_VALUE(0.0)),(PARAMETER_VALUE(1.0)),.T.,.UNSPECIFIED.);
#402=EDGE_LOOP('',(#626,#627,#628,#629));
#403=AXIS2_PLACEMENT_3D('',#630,#631,#632);
#404=EDGE_LOOP('',(#633,#634,#635,#636,#637,#638,#639,#640,#641,#642,#643,#644,#645));
#405=EDGE_LOOP('',(#646,#647,#648,#649,#650,#651));
#406=EDGE_LOOP('',(#652,#653,#654,#655));
#407=AXIS2_PLACEMENT_3D('',#656,#657,#658);
#408=EDGE_LOOP('',(#659,#660,#661,#662));
#409=AXIS2_PLACEMENT_3D('',#663,#664,#665);
#410=EDGE_LOOP('',(#666,#667,#668,#669));
#411=AXIS2_PLACEMENT_3D('',#670,#671,#672);
#412=EDGE_LOOP('',(#673,#674,#675,#676));
#413=AXIS2_PLACEMENT_3D('',#677,#678,#679);
#414=EDGE_LOOP('',(#680,#681,#682,#683));
#415=AXIS2_PLACEMENT_3D('',#684,#685,#686);
#416=EDGE_LOOP('',(#687,#688,#689,#690));
#417=EDGE_LOOP('',(#691,#692,#693,#694));
#418=AXIS2_PLACEMENT_3D('',#695,#696,#697);
#419=EDGE_LOOP('',(#698,#699,#700,#701,#702,#703));
#420=EDGE_LOOP('',(#704,#705,#706,#707));
#421=AXIS2_PLACEMENT_3D('',#708,#709,#710);
#422=EDGE_LOOP('',(#711,#712,#713,#714));
#423=AXIS2_PLACEMENT_3D('',#715,#716,#717);
#424=EDGE_LOOP('',(#718,#719,#720,#721));
#425=AXIS2_PLACEMENT_3D('',#722,#723,#724);
#426=EDGE_LOOP('',(#725,#726,#727,#728));
#427=AXIS2_PLACEMENT_3D('',#729,#730,#731);
#428=EDGE_LOOP('',(#732,#733,#734,#735));
#429=AXIS2_PLACEMENT_3D('',#736,#737,#738);
#430=EDGE_LOOP('',(#739,#740,#741,#742));
#431=AXIS2_PLACEMENT_3D('',#743,#744,#745);
#432=EDGE_LOOP('',(#746,#747,#748,#749));
#433=AXIS2_PLACEMENT_3D('',#750,#751,#752);
#434=EDGE_LOOP('',(#753,#754,#755,#756));
#435=AXIS2_PLACEMENT_3D('',#757,#758,#759);
#436=EDGE_LOOP('',(#760,#761,#762,#763,#764,#765,#766,#767));
#437=AXIS2_PLACEMENT_3D('',#768,#769,#770);
#438=EDGE_LOOP('',(#771,#772,#773,#774));
#439=AXIS2_PLACEMENT_3D('',#775,#776,#777);
#440=EDGE_LOOP('',(#778,#779,#780,#781));
#441=AXIS2_PLACEMENT_3D('',#782,#783,#784);
#442=EDGE_LOOP('',(#785,#786,#787,#788));
#443=AXIS2_PLACEMENT_3D('',#789,#790,#791);
#444=EDGE_LOOP('',(#792,#793,#794,#795));
#445=AXIS2_PLACEMENT_3D('',#796,#797,#798);
#446=EDGE_LOOP('',(#799,#800,#801,#802,#803,#804,#805,#806,#807,#808,#809,#810,#811,#812,#813,#814));
#447=EDGE_LOOP('',(#815,#816,#817,#818));
#448=EDGE_LOOP('',(#819,#820,#821,#822));
#449=AXIS2_PLACEMENT_3D('',#823,#824,#825);
#450=EDGE_LOOP('',(#826,#827,#828,#829));
#451=AXIS2_PLACEMENT_3D('',#830,#831,#832);
#452=EDGE_LOOP('',(#833,#834,#835,#836,#837,#838,#839,#840));
#453=AXIS2_PLACEMENT_3D('',#841,#842,#843);
#454=EDGE_LOOP('',(#844,#845,#846,#847));
#455=AXIS2_PLACEMENT_3D('',#848,#849,#850);
#456=EDGE_LOOP('',(#851,#852,#853,#854));
#457=AXIS2_PLACEMENT_3D('',#855,#856,#857);
#458=EDGE_LOOP('',(#858,#859,#860,#861));
#459=AXIS2_PLACEMENT_3D('',#862,#863,#864);
#460=EDGE_LOOP('',(#865,#866,#867,#868));
#461=AXIS2_PLACEMENT_3D('',#869,#870,#871);
#462=EDGE_LOOP('',(#872,#873,#874,#875));
#463=AXIS2_PLACEMENT_3D('',#876,#877,#878);
#464=EDGE_LOOP('',(#879,#880,#881,#882));
#465=AXIS2_PLACEMENT_3D('',#883,#884,#885);
#466=EDGE_LOOP('',(#886,#887,#888,#889));
#467=AXIS2_PLACEMENT_3D('',#890,#891,#892);
#468=EDGE_LOOP('',(#893,#894,#895,#896));
#469=AXIS2_PLACEMENT_3D('',#897,#898,#899);
#470=EDGE_LOOP('',(#900,#901,#902,#903));
#471=AXIS2_PLACEMENT_3D('',#904,#905,#906);
#472=EDGE_LOOP('',(#907,#908,#909,#910));
#473=AXIS2_PLACEMENT_3D('',#911,#912,#913);
#474=EDGE_LOOP('',(#914,#915,#916,#917));
#475=AXIS2_PLACEMENT_3D('',#918,#919,#920);
#476=EDGE_LOOP('',(#921,#922,#923,#924));
#477=AXIS2_PLACEMENT_3D('',#925,#926,#927);
#478=EDGE_LOOP('',(#928,#929,#930,#931));
#479=AXIS2_PLACEMENT_3D('',#932,#933,#934);
#480=EDGE_LOOP('',(#935,#936,#937,#938));
#481=AXIS2_PLACEMENT_3D('',#939,#940,#941);
#482=EDGE_LOOP('',(#942,#943,#944,#945));
#483=AXIS2_PLACEMENT_3D('',#946,#947,#948);
#484=EDGE_LOOP('',(#949,#950,#951,#952,#953,#954));
#485=AXIS2_PLACEMENT_3D('',#955,#956,#957);
#486=EDGE_LOOP('',(#958,#959,#960,#961));
#487=AXIS2_PLACEMENT_3D('',#962,#963,#964);
#488=EDGE_LOOP('',(#965,#966,#967,#968));
#489=AXIS2_PLACEMENT_3D('',#969,#970,#971);
#490=EDGE_LOOP('',(#972,#973,#974,#975));
#491=AXIS2_PLACEMENT_3D('',#976,#977,#978);
#492=EDGE_LOOP('',(#979,#980,#981,#982));
#493=AXIS2_PLACEMENT_3D('',#983,#984,#985);
#494=EDGE_LOOP('',(#986,#987,#988,#989,#990,#991));
#495=AXIS2_PLACEMENT_3D('',#992,#993,#994);
#496=EDGE_LOOP('',(#995,#996,#997,#998));
#497=AXIS2_PLACEMENT_3D('',#999,#1000,#1001);
#498=EDGE_LOOP('',(#1002,#1003,#1004,#1005));
#499=AXIS2_PLACEMENT_3D('',#1006,#1007,#1008);
#500=EDGE_LOOP('',(#1009,#1010,#1011,#1012));
#501=AXIS2_PLACEMENT_3D('',#1013,#1014,#1015);
#502=EDGE_LOOP('',(#1016,#1017,#1018,#1019));
#503=AXIS2_PLACEMENT_3D('',#1020,#1021,#1022);
#504=EDGE_LOOP('',(#1023,#1024,#1025,#1026));
#505=AXIS2_PLACEMENT_3D('',#1027,#1028,#1029);
#506=EDGE_LOOP('',(#1030,#1031,#1032,#1033));
#507=AXIS2_PLACEMENT_3D('',#1034,#1035,#1036);
#508=EDGE_LOOP('',(#1037,#1038,#1039,#1040));
#509=AXIS2_PLACEMENT_3D('',#1041,#1042,#1043);
#510=EDGE_LOOP('',(#1044,#1045,#1046,#1047));
#511=AXIS2_PLACEMENT_3D('',#1048,#1049,#1050);
#512=EDGE_LOOP('',(#1051,#1052,#1053,#1054));
#513=AXIS2_PLACEMENT_3D('',#1055,#1056,#1057);
#514=EDGE_LOOP('',(#1058,#1059,#1060,#1061));
#515=AXIS2_PLACEMENT_3D('',#1062,#1063,#1064);
#516=EDGE_LOOP('',(#1065,#1066,#1067,#1068));
#517=AXIS2_PLACEMENT_3D('',#1069,#1070,#1071);
#518=EDGE_LOOP('',(#1072,#1073,#1074,#1075));
#519=AXIS2_PLACEMENT_3D('',#1076,#1077,#1078);
#520=EDGE_LOOP('',(#1079,#1080,#1081,#1082));
#521=AXIS2_PLACEMENT_3D('',#1083,#1084,#1085);
#522=EDGE_LOOP('',(#1086,#1087,#1088,#1089));
#523=AXIS2_PLACEMENT_3D('',#1090,#1091,#1092);
#524=EDGE_LOOP('',(#1093,#1094,#1095,#1096,#1097,#1098));
#525=AXIS2_PLACEMENT_3D('',#1099,#1100,#1101);
#526=EDGE_LOOP('',(#1102,#1103,#1104,#1105,#1106,#1107));
#527=AXIS2_PLACEMENT_3D('',#1108,#1109,#1110);
#528=EDGE_LOOP('',(#1111,#1112,#1113,#1114));
#529=AXIS2_PLACEMENT_3D('',#1115,#1116,#1117);
#530=EDGE_LOOP('',(#1118,#1119,#1120,#1121,#1122,#1123));
#531=AXIS2_PLACEMENT_3D('',#1124,#1125,#1126);
#532=EDGE_LOOP('',(#1127,#1128,#1129,#1130));
#533=AXIS2_PLACEMENT_3D('',#1131,#1132,#1133);
#534=EDGE_LOOP('',(#1134,#1135,#1136,#1137,#1138,#1139));
#535=AXIS2_PLACEMENT_3D('',#1140,#1141,#1142);
#536=EDGE_LOOP('',(#1143,#1144,#1145,#1146,#1147,#1148));
#537=AXIS2_PLACEMENT_3D('',#1149,#1150,#1151);
#538=EDGE_LOOP('',(#1152,#1153,#1154,#1155));
#539=AXIS2_PLACEMENT_3D('',#1156,#1157,#1158);
#540=EDGE_LOOP('',(#1159,#1160,#1161,#1162,#1163,#1164,#1165,#1166,#1167,#1168,#1169,#1170,#1171,#1172,#1173,#1174));
#541=AXIS2_PLACEMENT_3D('',#1175,#1176,#1177);
#542=EDGE_LOOP('',(#1178,#1179,#1180,#1181,#1182,#1183,#1184,#1185,#1186,#1187,#1188,#1189,#1190));
#543=AXIS2_PLACEMENT_3D('',#1191,#1192,#1193);
#544=EDGE_LOOP('',(#1194,#1195,#1196,#1197));
#545=AXIS2_PLACEMENT_3D('',#1198,#1199,#1200);
#546=EDGE_LOOP('',(#1201,#1202,#1203,#1204,#1205,#1206,#1207,#1208));
#547=AXIS2_PLACEMENT_3D('',#1209,#1210,#1211);
#548=EDGE_LOOP('',(#1212,#1213,#1214,#1215));
#549=AXIS2_PLACEMENT_3D('',#1216,#1217,#1218);
#550=EDGE_LOOP('',(#1219,#1220,#1221,#1222));
#551=AXIS2_PLACEMENT_3D('',#1223,#1224,#1225);
#552=EDGE_LOOP('',(#1226,#1227,#1228,#1229));
#553=AXIS2_PLACEMENT_3D('',#1230,#1231,#1232);
#554=EDGE_LOOP('',(#1233,#1234,#1235,#1236));
#555=AXIS2_PLACEMENT_3D('',#1237,#1238,#1239);
#556=EDGE_LOOP('',(#1240,#1241,#1242,#1243,#1244,#1245,#1246,#1247));
#557=AXIS2_PLACEMENT_3D('',#1248,#1249,#1250);
#558=EDGE_LOOP('',(#1251,#1252,#1253,#1254,#1255,#1256));
#559=AXIS2_PLACEMENT_3D('',#1257,#1258,#1259);
#560=EDGE_LOOP('',(#1260,#1261,#1262,#1263,#1264,#1265,#1266,#1267));
#561=AXIS2_PLACEMENT_3D('',#1268,#1269,#1270);
#562=EDGE_LOOP('',(#1271,#1272,#1273,#1274));
#563=AXIS2_PLACEMENT_3D('',#1275,#1276,#1277);
#564=EDGE_LOOP('',(#1278,#1279,#1280,#1281));
#565=AXIS2_PLACEMENT_3D('',#1282,#1283,#1284);
#566=EDGE_LOOP('',(#1285,#1286,#1287,#1288));
#567=AXIS2_PLACEMENT_3D('',#1289,#1290,#1291);
#568=EDGE_LOOP('',(#1292,#1293,#1294,#1295));
#569=AXIS2_PLACEMENT_3D('',#1296,#1297,#1298);
#570=EDGE_LOOP('',(#1299,#1300,#1301,#1302,#1303,#1304));
#571=AXIS2_PLACEMENT_3D('',#1305,#1306,#1307);
#572=EDGE_LOOP('',(#1308,#1309,#1310,#1311));
#573=AXIS2_PLACEMENT_3D('',#1312,#1313,#1314);
#574=EDGE_LOOP('',(#1315,#1316,#1317,#1318,#1319,#1320,#1321,#1322));
#575=AXIS2_PLACEMENT_3D('',#1323,#1324,#1325);
#576=EDGE_LOOP('',(#1326,#1327,#1328,#1329));
#577=AXIS2_PLACEMENT_3D('',#1330,#1331,#1332);
#578=EDGE_LOOP('',(#1333,#1334,#1335,#1336,#1337,#1338,#1339,#1340));
#579=AXIS2_PLACEMENT_3D('',#1341,#1342,#1343);
#580=EDGE_LOOP('',(#1344,#1345,#1346,#1347));
#581=AXIS2_PLACEMENT_3D('',#1348,#1349,#1350);
#582=EDGE_LOOP('',(#1351,#1352,#1353,#1354));
#583=AXIS2_PLACEMENT_3D('',#1355,#1356,#1357);
#584=EDGE_LOOP('',(#1358,#1359,#1360,#1361));
#585=AXIS2_PLACEMENT_3D('',#1362,#1363,#1364);
#586=EDGE_LOOP('',(#1365,#1366,#1367,#1368));
#587=AXIS2_PLACEMENT_3D('',#1369,#1370,#1371);
#588=EDGE_LOOP('',(#1372,#1373,#1374,#1375));
#589=AXIS2_PLACEMENT_3D('',#1376,#1377,#1378);
#590=EDGE_LOOP('',(#1379,#1380,#1381,#1382));
#591=AXIS2_PLACEMENT_3D('',#1383,#1384,#1385);
#592=EDGE_LOOP('',(#1386,#1387,#1388,#1389,#1390,#1391,#1392,#1393));
#593=AXIS2_PLACEMENT_3D('',#1394,#1395,#1396);
#594=EDGE_LOOP('',(#1397,#1398,#1399,#1400));
#595=AXIS2_PLACEMENT_3D('',#1401,#1402,#1403);
#596=EDGE_LOOP('',(#1404,#1405,#1406,#1407));
#597=AXIS2_PLACEMENT_3D('',#1408,#1409,#1410);
#598=EDGE_LOOP('',(#1411,#1412,#1413,#1414,#1415,#1416,#1417,#1418));
#599=AXIS2_PLACEMENT_3D('',#1419,#1420,#1421);
#600=EDGE_LOOP('',(#1422,#1423,#1424,#1425));
#601=AXIS2_PLACEMENT_3D('',#1426,#1427,#1428);
#602=EDGE_LOOP('',(#1429,#1430,#1431,#1432));
#603=AXIS2_PLACEMENT_3D('',#1433,#1434,#1435);
#604=EDGE_LOOP('',(#1436,#1437,#1438,#1439,#1440,#1441,#1442,#1443));
#605=AXIS2_PLACEMENT_3D('',#1444,#1445,#1446);
#606=EDGE_LOOP('',(#1447,#1448,#1449,#1450));
#607=AXIS2_PLACEMENT_3D('',#1451,#1452,#1453);
#608=EDGE_LOOP('',(#1454,#1455,#1456,#1457));
#609=AXIS2_PLACEMENT_3D('',#1458,#1459,#1460);
#610=EDGE_LOOP('',(#1461,#1462,#1463,#1464));
#611=AXIS2_PLACEMENT_3D('',#1465,#1466,#1467);
#612=EDGE_LOOP('',(#1468,#1469,#1470,#1471));
#613=AXIS2_PLACEMENT_3D('',#1472,#1473,#1474);
#614=EDGE_LOOP('',(#1475,#1476,#1477,#1478));
#615=AXIS2_PLACEMENT_3D('',#1479,#1480,#1481);
#616=CIRCLE('',#1482,1.6);
#617=CIRCLE('',#1483,1.6);
#618=CIRCLE('',#1484,1.6);
#619=CIRCLE('',#1485,1.6);
#620=CIRCLE('',#1486,0.9);
#621=CIRCLE('',#1487,0.9);
#622=CIRCLE('',#1488,0.9);
#623=CIRCLE('',#1489,0.9);
#624=LINE('',#1490,#1491);
#625=LINE('',#1492,#1493);
#626=ORIENTED_EDGE('',*,*,#1494,.F.);
#627=ORIENTED_EDGE('',*,*,#1495,.F.);
#628=ORIENTED_EDGE('',*,*,#1496,.F.);
#629=ORIENTED_EDGE('',*,*,#1497,.T.);
#630=CARTESIAN_POINT('',(2.7,2.75,0.0));
#631=DIRECTION('',(0.0,0.0,1.0));
#632=DIRECTION('',(-1.0,0.0,0.0));
#633=ORIENTED_EDGE('',*,*,#1498,.F.);
#634=ORIENTED_EDGE('',*,*,#1499,.F.);
#635=ORIENTED_EDGE('',*,*,#1497,.F.);
#636=ORIENTED_EDGE('',*,*,#1500,.F.);
#637=ORIENTED_EDGE('',*,*,#1501,.T.);
#638=ORIENTED_EDGE('',*,*,#1502,.F.);
#639=ORIENTED_EDGE('',*,*,#1503,.F.);
#640=ORIENTED_EDGE('',*,*,#1504,.F.);
#641=ORIENTED_EDGE('',*,*,#1505,.T.);
#642=ORIENTED_EDGE('',*,*,#1506,.F.);
#643=ORIENTED_EDGE('',*,*,#1507,.T.);
#644=ORIENTED_EDGE('',*,*,#1508,.F.);
#645=ORIENTED_EDGE('',*,*,#1509,.T.);
#646=ORIENTED_EDGE('',*,*,#1510,.F.);
#647=ORIENTED_EDGE('',*,*,#1511,.F.);
#648=ORIENTED_EDGE('',*,*,#1512,.F.);
#649=ORIENTED_EDGE('',*,*,#1513,.F.);
#650=ORIENTED_EDGE('',*,*,#1514,.F.);
#651=ORIENTED_EDGE('',*,*,#1515,.F.);
#652=ORIENTED_EDGE('',*,*,#1516,.F.);
#653=ORIENTED_EDGE('',*,*,#1517,.F.);
#654=ORIENTED_EDGE('',*,*,#1518,.F.);
#655=ORIENTED_EDGE('',*,*,#1519,.F.);
#656=CARTESIAN_POINT('',(0.0,0.0,0.0));
#657=DIRECTION('',(0.0,0.0,-1.0));
#658=DIRECTION('',(0.0,-1.0,0.0));
#659=ORIENTED_EDGE('',*,*,#1520,.T.);
#660=ORIENTED_EDGE('',*,*,#1521,.F.);
#661=ORIENTED_EDGE('',*,*,#1522,.F.);
#662=ORIENTED_EDGE('',*,*,#1519,.T.);
#663=CARTESIAN_POINT('',(-1.8,4.9,0.0));
#664=DIRECTION('',(-1.0,0.0,0.0));
#665=DIRECTION('',(0.0,0.0,1.0));
#666=ORIENTED_EDGE('',*,*,#1522,.T.);
#667=ORIENTED_EDGE('',*,*,#1523,.F.);
#668=ORIENTED_EDGE('',*,*,#1524,.F.);
#669=ORIENTED_EDGE('',*,*,#1516,.T.);
#670=CARTESIAN_POINT('',(1.8,4.9,0.0));
#671=DIRECTION('',(-0.0,1.0,0.0));
#672=DIRECTION('',(1.0,0.0,0.0));
#673=ORIENTED_EDGE('',*,*,#1524,.T.);
#674=ORIENTED_EDGE('',*,*,#1525,.F.);
#675=ORIENTED_EDGE('',*,*,#1526,.F.);
#676=ORIENTED_EDGE('',*,*,#1517,.T.);
#677=CARTESIAN_POINT('',(1.8,1.3,0.0));
#678=DIRECTION('',(1.0,0.0,0.0));
#679=DIRECTION('',(0.0,1.0,0.0));
#680=ORIENTED_EDGE('',*,*,#1526,.T.);
#681=ORIENTED_EDGE('',*,*,#1527,.F.);
#682=ORIENTED_EDGE('',*,*,#1520,.F.);
#683=ORIENTED_EDGE('',*,*,#1518,.T.);
#684=CARTESIAN_POINT('',(-1.8,1.3,0.0));
#685=DIRECTION('',(0.0,-1.0,0.0));
#686=DIRECTION('',(0.0,0.0,-1.0));
#687=ORIENTED_EDGE('',*,*,#1527,.T.);
#688=ORIENTED_EDGE('',*,*,#1525,.T.);
#689=ORIENTED_EDGE('',*,*,#1523,.T.);
#690=ORIENTED_EDGE('',*,*,#1521,.T.);
#691=ORIENTED_EDGE('',*,*,#1528,.T.);
#692=ORIENTED_EDGE('',*,*,#1529,.T.);
#693=ORIENTED_EDGE('',*,*,#1530,.F.);
#694=ORIENTED_EDGE('',*,*,#1531,.F.);
#695=CARTESIAN_POINT('',(0.0,0.0,-9.1));
#696=DIRECTION('',(0.0,0.0,1.0));
#697=DIRECTION('',(1.0,0.0,0.0));
#698=ORIENTED_EDGE('',*,*,#1532,.T.);
#699=ORIENTED_EDGE('',*,*,#1533,.T.);
#700=ORIENTED_EDGE('',*,*,#1534,.T.);
#701=ORIENTED_EDGE('',*,*,#1535,.T.);
#702=ORIENTED_EDGE('',*,*,#1536,.T.);
#703=ORIENTED_EDGE('',*,*,#1537,.T.);
#704=ORIENTED_EDGE('',*,*,#1538,.T.);
#705=ORIENTED_EDGE('',*,*,#1539,.T.);
#706=ORIENTED_EDGE('',*,*,#1540,.F.);
#707=ORIENTED_EDGE('',*,*,#1541,.F.);
#708=CARTESIAN_POINT('',(0.0,0.0,-9.1));
#709=DIRECTION('',(0.0,0.0,1.0));
#710=DIRECTION('',(1.0,0.0,0.0));
#711=ORIENTED_EDGE('',*,*,#1542,.T.);
#712=ORIENTED_EDGE('',*,*,#1537,.F.);
#713=ORIENTED_EDGE('',*,*,#1543,.F.);
#714=ORIENTED_EDGE('',*,*,#1515,.T.);
#715=CARTESIAN_POINT('',(-1.8,9.1,0.0));
#716=DIRECTION('',(-1.0,0.0,0.0));
#717=DIRECTION('',(0.0,0.0,1.0));
#718=ORIENTED_EDGE('',*,*,#1543,.T.);
#719=ORIENTED_EDGE('',*,*,#1536,.F.);
#720=ORIENTED_EDGE('',*,*,#1544,.F.);
#721=ORIENTED_EDGE('',*,*,#1510,.T.);
#722=CARTESIAN_POINT('',(1.8,9.1,0.0));
#723=DIRECTION('',(-0.0,1.0,0.0));
#724=DIRECTION('',(1.0,0.0,0.0));
#725=ORIENTED_EDGE('',*,*,#1544,.T.);
#726=ORIENTED_EDGE('',*,*,#1535,.F.);
#727=ORIENTED_EDGE('',*,*,#1545,.F.);
#728=ORIENTED_EDGE('',*,*,#1511,.T.);
#729=CARTESIAN_POINT('',(1.8,6.45,0.0));
#730=DIRECTION('',(1.0,0.0,0.0));
#731=DIRECTION('',(0.0,1.0,0.0));
#732=ORIENTED_EDGE('',*,*,#1545,.T.);
#733=ORIENTED_EDGE('',*,*,#1534,.F.);
#734=ORIENTED_EDGE('',*,*,#1546,.F.);
#735=ORIENTED_EDGE('',*,*,#1512,.T.);
#736=CARTESIAN_POINT('',(0.85,5.5,0.0));
#737=DIRECTION('',(0.707106781186548,-0.707106781186548,0.0));
#738=DIRECTION('',(0.0,0.0,-1.0));
#739=ORIENTED_EDGE('',*,*,#1546,.T.);
#740=ORIENTED_EDGE('',*,*,#1533,.F.);
#741=ORIENTED_EDGE('',*,*,#1547,.F.);
#742=ORIENTED_EDGE('',*,*,#1513,.T.);
#743=CARTESIAN_POINT('',(-0.85,5.5,0.0));
#744=DIRECTION('',(0.0,-1.0,0.0));
#745=DIRECTION('',(0.0,0.0,-1.0));
#746=ORIENTED_EDGE('',*,*,#1547,.T.);
#747=ORIENTED_EDGE('',*,*,#1532,.F.);
#748=ORIENTED_EDGE('',*,*,#1542,.F.);
#749=ORIENTED_EDGE('',*,*,#1514,.T.);
#750=CARTESIAN_POINT('',(-1.8,6.45,0.0));
#751=DIRECTION('',(-0.707106781186548,-0.707106781186548,0.0));
#752=DIRECTION('',(-0.707106781186548,0.707106781186548,0.0));
#753=ORIENTED_EDGE('',*,*,#1548,.F.);
#754=ORIENTED_EDGE('',*,*,#1541,.T.);
#755=ORIENTED_EDGE('',*,*,#1549,.F.);
#756=ORIENTED_EDGE('',*,*,#1550,.T.);
#757=CARTESIAN_POINT('',(0.5,0.0,0.0));
#758=DIRECTION('',(-1.0,0.0,0.0));
#759=DIRECTION('',(0.0,0.0,1.0));
#760=ORIENTED_EDGE('',*,*,#1551,.F.);
#761=ORIENTED_EDGE('',*,*,#1552,.F.);
#762=ORIENTED_EDGE('',*,*,#1553,.F.);
#763=ORIENTED_EDGE('',*,*,#1554,.F.);
#764=ORIENTED_EDGE('',*,*,#1555,.F.);
#765=ORIENTED_EDGE('',*,*,#1556,.F.);
#766=ORIENTED_EDGE('',*,*,#1557,.F.);
#767=ORIENTED_EDGE('',*,*,#1558,.T.);
#768=CARTESIAN_POINT('',(0.5,0.0,0.0));
#769=DIRECTION('',(-1.0,0.0,0.0));
#770=DIRECTION('',(0.0,0.0,1.0));
#771=ORIENTED_EDGE('',*,*,#1559,.F.);
#772=ORIENTED_EDGE('',*,*,#1560,.T.);
#773=ORIENTED_EDGE('',*,*,#1561,.T.);
#774=ORIENTED_EDGE('',*,*,#1550,.F.);
#775=CARTESIAN_POINT('',(0.315,7.5,-4.15));
#776=DIRECTION('',(0.884094940294909,0.0,0.467307325584504));
#777=DIRECTION('',(0.0,-1.0,0.0));
#778=ORIENTED_EDGE('',*,*,#1561,.F.);
#779=ORIENTED_EDGE('',*,*,#1562,.F.);
#780=ORIENTED_EDGE('',*,*,#1563,.T.);
#781=ORIENTED_EDGE('',*,*,#1564,.T.);
#782=CARTESIAN_POINT('',(0.0,7.15,-4.15));
#783=DIRECTION('',(0.0,-0.884094940294909,0.467307325584504));
#784=DIRECTION('',(-1.0,0.0,0.0));
#785=ORIENTED_EDGE('',*,*,#1565,.F.);
#786=ORIENTED_EDGE('',*,*,#1566,.F.);
#787=ORIENTED_EDGE('',*,*,#1555,.T.);
#788=ORIENTED_EDGE('',*,*,#1567,.T.);
#789=CARTESIAN_POINT('',(0.5,6.965,-17.845));
#790=DIRECTION('',(0.0,-1.0,0.0));
#791=DIRECTION('',(0.0,0.0,-1.0));
#792=ORIENTED_EDGE('',*,*,#1568,.F.);
#793=ORIENTED_EDGE('',*,*,#1538,.F.);
#794=ORIENTED_EDGE('',*,*,#1548,.T.);
#795=ORIENTED_EDGE('',*,*,#1564,.F.);
#796=CARTESIAN_POINT('',(0.5,6.965,-17.845));
#797=DIRECTION('',(0.0,-1.0,0.0));
#798=DIRECTION('',(0.0,0.0,-1.0));
#799=ORIENTED_EDGE('',*,*,#1569,.T.);
#800=ORIENTED_EDGE('',*,*,#1570,.F.);
#801=ORIENTED_EDGE('',*,*,#1571,.T.);
#802=ORIENTED_EDGE('',*,*,#1572,.F.);
#803=ORIENTED_EDGE('',*,*,#1573,.F.);
#804=ORIENTED_EDGE('',*,*,#1574,.F.);
#805=ORIENTED_EDGE('',*,*,#1575,.T.);
#806=ORIENTED_EDGE('',*,*,#1576,.F.);
#807=ORIENTED_EDGE('',*,*,#1577,.F.);
#808=ORIENTED_EDGE('',*,*,#1578,.F.);
#809=ORIENTED_EDGE('',*,*,#1579,.T.);
#810=ORIENTED_EDGE('',*,*,#1580,.F.);
#811=ORIENTED_EDGE('',*,*,#1581,.T.);
#812=ORIENTED_EDGE('',*,*,#1582,.T.);
#813=ORIENTED_EDGE('',*,*,#1583,.T.);
#814=ORIENTED_EDGE('',*,*,#1584,.T.);
#815=ORIENTED_EDGE('',*,*,#1585,.T.);
#816=ORIENTED_EDGE('',*,*,#1586,.F.);
#817=ORIENTED_EDGE('',*,*,#1587,.F.);
#818=ORIENTED_EDGE('',*,*,#1588,.T.);
#819=ORIENTED_EDGE('',*,*,#1589,.T.);
#820=ORIENTED_EDGE('',*,*,#1590,.F.);
#821=ORIENTED_EDGE('',*,*,#1567,.F.);
#822=ORIENTED_EDGE('',*,*,#1554,.T.);
#823=CARTESIAN_POINT('',(0.0,0.0,-12.8));
#824=DIRECTION('',(0.0,0.0,-1.0));
#825=DIRECTION('',(0.0,-1.0,0.0));
#826=ORIENTED_EDGE('',*,*,#1591,.T.);
#827=ORIENTED_EDGE('',*,*,#1539,.F.);
#828=ORIENTED_EDGE('',*,*,#1568,.T.);
#829=ORIENTED_EDGE('',*,*,#1592,.T.);
#830=CARTESIAN_POINT('',(-0.5,0.0,0.0));
#831=DIRECTION('',(-1.0,0.0,0.0));
#832=DIRECTION('',(0.0,0.0,1.0));
#833=ORIENTED_EDGE('',*,*,#1593,.T.);
#834=ORIENTED_EDGE('',*,*,#1594,.T.);
#835=ORIENTED_EDGE('',*,*,#1565,.T.);
#836=ORIENTED_EDGE('',*,*,#1590,.T.);
#837=ORIENTED_EDGE('',*,*,#1595,.T.);
#838=ORIENTED_EDGE('',*,*,#1596,.T.);
#839=ORIENTED_EDGE('',*,*,#1597,.T.);
#840=ORIENTED_EDGE('',*,*,#1598,.T.);
#841=CARTESIAN_POINT('',(-0.5,0.0,0.0));
#842=DIRECTION('',(-1.0,0.0,0.0));
#843=DIRECTION('',(0.0,0.0,1.0));
#844=ORIENTED_EDGE('',*,*,#1599,.T.);
#845=ORIENTED_EDGE('',*,*,#1592,.F.);
#846=ORIENTED_EDGE('',*,*,#1563,.F.);
#847=ORIENTED_EDGE('',*,*,#1600,.T.);
#848=CARTESIAN_POINT('',(-0.315,7.5,-4.15));
#849=DIRECTION('',(-0.884094940294909,0.0,0.467307325584504));
#850=DIRECTION('',(0.0,1.0,0.0));
#851=ORIENTED_EDGE('',*,*,#1600,.F.);
#852=ORIENTED_EDGE('',*,*,#1562,.T.);
#853=ORIENTED_EDGE('',*,*,#1560,.F.);
#854=ORIENTED_EDGE('',*,*,#1601,.F.);
#855=CARTESIAN_POINT('',(0.5,6.965,-3.8));
#856=DIRECTION('',(0.0,0.0,1.0));
#857=DIRECTION('',(1.0,0.0,0.0));
#858=ORIENTED_EDGE('',*,*,#1599,.F.);
#859=ORIENTED_EDGE('',*,*,#1601,.T.);
#860=ORIENTED_EDGE('',*,*,#1559,.T.);
#861=ORIENTED_EDGE('',*,*,#1602,.F.);
#862=CARTESIAN_POINT('',(0.0,7.85,-4.15));
#863=DIRECTION('',(0.0,0.884094940294909,0.467307325584504));
#864=DIRECTION('',(1.0,0.0,-0.0));
#865=ORIENTED_EDGE('',*,*,#1553,.T.);
#866=ORIENTED_EDGE('',*,*,#1603,.T.);
#867=ORIENTED_EDGE('',*,*,#1595,.F.);
#868=ORIENTED_EDGE('',*,*,#1589,.F.);
#869=CARTESIAN_POINT('',(0.5,8.035,-3.8));
#870=DIRECTION('',(-0.0,1.0,0.0));
#871=DIRECTION('',(1.0,0.0,0.0));
#872=ORIENTED_EDGE('',*,*,#1549,.T.);
#873=ORIENTED_EDGE('',*,*,#1540,.T.);
#874=ORIENTED_EDGE('',*,*,#1591,.F.);
#875=ORIENTED_EDGE('',*,*,#1602,.T.);
#876=CARTESIAN_POINT('',(0.5,8.035,-3.8));
#877=DIRECTION('',(-0.0,1.0,0.0));
#878=DIRECTION('',(1.0,0.0,0.0));
#879=ORIENTED_EDGE('',*,*,#1604,.T.);
#880=ORIENTED_EDGE('',*,*,#1596,.F.);
#881=ORIENTED_EDGE('',*,*,#1603,.F.);
#882=ORIENTED_EDGE('',*,*,#1552,.T.);
#883=CARTESIAN_POINT('',(0.5,5.945,-17.845));
#884=DIRECTION('',(1.0,-0.0,0.0));
#885=DIRECTION('',(0.0,0.0,1.0));
#886=ORIENTED_EDGE('',*,*,#1597,.F.);
#887=ORIENTED_EDGE('',*,*,#1604,.F.);
#888=ORIENTED_EDGE('',*,*,#1551,.T.);
#889=ORIENTED_EDGE('',*,*,#1605,.F.);
#890=CARTESIAN_POINT('',(0.5,5.945,-19.935));
#891=DIRECTION('',(0.0,0.0,-1.0));
#892=DIRECTION('',(0.0,-1.0,0.0));
#893=ORIENTED_EDGE('',*,*,#1606,.F.);
#894=ORIENTED_EDGE('',*,*,#1607,.F.);
#895=ORIENTED_EDGE('',*,*,#1608,.T.);
#896=ORIENTED_EDGE('',*,*,#1605,.T.);
#897=CARTESIAN_POINT('',(-1.24344978758E-14,-3.15,-19.75));
#898=DIRECTION('',(0.0,-0.467307325584504,-0.884094940294909));
#899=DIRECTION('',(0.0,-0.884094940294909,0.467307325584504));
#900=ORIENTED_EDGE('',*,*,#1609,.F.);
#901=ORIENTED_EDGE('',*,*,#1598,.F.);
#902=ORIENTED_EDGE('',*,*,#1608,.F.);
#903=ORIENTED_EDGE('',*,*,#1610,.T.);
#904=CARTESIAN_POINT('',(-0.315,-3.15,-19.4));
#905=DIRECTION('',(-0.884094940294909,-0.467307325584504,0.0));
#906=DIRECTION('',(-0.467307325584504,0.884094940294909,0.0));
#907=ORIENTED_EDGE('',*,*,#1610,.F.);
#908=ORIENTED_EDGE('',*,*,#1607,.T.);
#909=ORIENTED_EDGE('',*,*,#1611,.F.);
#910=ORIENTED_EDGE('',*,*,#1612,.F.);
#911=CARTESIAN_POINT('',(0.5,-3.5,-19.935));
#912=DIRECTION('',(0.0,-1.0,0.0));
#913=DIRECTION('',(0.0,0.0,-1.0));
#914=ORIENTED_EDGE('',*,*,#1609,.T.);
#915=ORIENTED_EDGE('',*,*,#1612,.T.);
#916=ORIENTED_EDGE('',*,*,#1613,.T.);
#917=ORIENTED_EDGE('',*,*,#1614,.F.);
#918=CARTESIAN_POINT('',(0.0,-3.15,-19.05));
#919=DIRECTION('',(0.0,-0.467307325584504,0.884094940294909));
#920=DIRECTION('',(-1.0,0.0,0.0));
#921=ORIENTED_EDGE('',*,*,#1557,.T.);
#922=ORIENTED_EDGE('',*,*,#1615,.T.);
#923=ORIENTED_EDGE('',*,*,#1593,.F.);
#924=ORIENTED_EDGE('',*,*,#1614,.T.);
#925=CARTESIAN_POINT('',(0.5,-3.5,-18.865));
#926=DIRECTION('',(0.0,0.0,1.0));
#927=DIRECTION('',(1.0,0.0,0.0));
#928=ORIENTED_EDGE('',*,*,#1566,.T.);
#929=ORIENTED_EDGE('',*,*,#1594,.F.);
#930=ORIENTED_EDGE('',*,*,#1615,.F.);
#931=ORIENTED_EDGE('',*,*,#1556,.T.);
#932=CARTESIAN_POINT('',(0.5,5.945,-17.845));
#933=DIRECTION('',(1.0,-0.0,0.0));
#934=DIRECTION('',(0.0,0.0,1.0));
#935=ORIENTED_EDGE('',*,*,#1613,.F.);
#936=ORIENTED_EDGE('',*,*,#1611,.T.);
#937=ORIENTED_EDGE('',*,*,#1606,.T.);
#938=ORIENTED_EDGE('',*,*,#1558,.F.);
#939=CARTESIAN_POINT('',(0.315,-3.15,-19.4));
#940=DIRECTION('',(0.884094940294909,-0.467307325584504,0.0));
#941=DIRECTION('',(0.0,0.0,-1.0));
#942=ORIENTED_EDGE('',*,*,#1616,.F.);
#943=ORIENTED_EDGE('',*,*,#1531,.T.);
#944=ORIENTED_EDGE('',*,*,#1617,.F.);
#945=ORIENTED_EDGE('',*,*,#1618,.T.);
#946=CARTESIAN_POINT('',(0.5,0.0,0.0));
#947=DIRECTION('',(-1.0,0.0,0.0));
#948=DIRECTION('',(0.0,0.0,1.0));
#949=ORIENTED_EDGE('',*,*,#1619,.F.);
#950=ORIENTED_EDGE('',*,*,#1620,.F.);
#951=ORIENTED_EDGE('',*,*,#1588,.F.);
#952=ORIENTED_EDGE('',*,*,#1621,.F.);
#953=ORIENTED_EDGE('',*,*,#1622,.F.);
#954=ORIENTED_EDGE('',*,*,#1623,.T.);
#955=CARTESIAN_POINT('',(0.5,0.0,0.0));
#956=DIRECTION('',(-1.0,0.0,0.0));
#957=DIRECTION('',(0.0,0.0,1.0));
#958=ORIENTED_EDGE('',*,*,#1624,.F.);
#959=ORIENTED_EDGE('',*,*,#1625,.T.);
#960=ORIENTED_EDGE('',*,*,#1626,.T.);
#961=ORIENTED_EDGE('',*,*,#1618,.F.);
#962=CARTESIAN_POINT('',(0.315,3.3,-4.15));
#963=DIRECTION('',(0.884094940294909,0.0,0.467307325584504));
#964=DIRECTION('',(0.0,-1.0,0.0));
#965=ORIENTED_EDGE('',*,*,#1626,.F.);
#966=ORIENTED_EDGE('',*,*,#1627,.F.);
#967=ORIENTED_EDGE('',*,*,#1628,.T.);
#968=ORIENTED_EDGE('',*,*,#1629,.T.);
#969=CARTESIAN_POINT('',(0.0,2.95,-4.15));
#970=DIRECTION('',(0.0,-0.884094940294909,0.467307325584504));
#971=DIRECTION('',(-1.0,0.0,0.0));
#972=ORIENTED_EDGE('',*,*,#1630,.F.);
#973=ORIENTED_EDGE('',*,*,#1528,.F.);
#974=ORIENTED_EDGE('',*,*,#1616,.T.);
#975=ORIENTED_EDGE('',*,*,#1629,.F.);
#976=CARTESIAN_POINT('',(0.5,2.765,-12.345));
#977=DIRECTION('',(0.0,-1.0,0.0));
#978=DIRECTION('',(0.0,0.0,-1.0));
#979=ORIENTED_EDGE('',*,*,#1631,.T.);
#980=ORIENTED_EDGE('',*,*,#1529,.F.);
#981=ORIENTED_EDGE('',*,*,#1630,.T.);
#982=ORIENTED_EDGE('',*,*,#1632,.T.);
#983=CARTESIAN_POINT('',(-0.5,0.0,0.0));
#984=DIRECTION('',(-1.0,0.0,0.0));
#985=DIRECTION('',(0.0,0.0,1.0));
#986=ORIENTED_EDGE('',*,*,#1633,.T.);
#987=ORIENTED_EDGE('',*,*,#1634,.T.);
#988=ORIENTED_EDGE('',*,*,#1586,.T.);
#989=ORIENTED_EDGE('',*,*,#1635,.T.);
#990=ORIENTED_EDGE('',*,*,#1636,.T.);
#991=ORIENTED_EDGE('',*,*,#1637,.T.);
#992=CARTESIAN_POINT('',(-0.5,0.0,0.0));
#993=DIRECTION('',(-1.0,0.0,0.0));
#994=DIRECTION('',(0.0,0.0,1.0));
#995=ORIENTED_EDGE('',*,*,#1638,.T.);
#996=ORIENTED_EDGE('',*,*,#1632,.F.);
#997=ORIENTED_EDGE('',*,*,#1628,.F.);
#998=ORIENTED_EDGE('',*,*,#1639,.T.);
#999=CARTESIAN_POINT('',(-0.315,3.3,-4.15));
#1000=DIRECTION('',(-0.884094940294909,0.0,0.467307325584504));
#1001=DIRECTION('',(0.0,1.0,0.0));
#1002=ORIENTED_EDGE('',*,*,#1639,.F.);
#1003=ORIENTED_EDGE('',*,*,#1627,.T.);
#1004=ORIENTED_EDGE('',*,*,#1625,.F.);
#1005=ORIENTED_EDGE('',*,*,#1640,.F.);
#1006=CARTESIAN_POINT('',(0.5,2.765,-3.8));
#1007=DIRECTION('',(0.0,0.0,1.0));
#1008=DIRECTION('',(1.0,0.0,0.0));
#1009=ORIENTED_EDGE('',*,*,#1638,.F.);
#1010=ORIENTED_EDGE('',*,*,#1640,.T.);
#1011=ORIENTED_EDGE('',*,*,#1624,.T.);
#1012=ORIENTED_EDGE('',*,*,#1641,.F.);
#1013=CARTESIAN_POINT('',(0.0,3.65,-4.15));
#1014=DIRECTION('',(0.0,0.884094940294909,0.467307325584504));
#1015=DIRECTION('',(1.0,0.0,-0.0));
#1016=ORIENTED_EDGE('',*,*,#1617,.T.);
#1017=ORIENTED_EDGE('',*,*,#1530,.T.);
#1018=ORIENTED_EDGE('',*,*,#1631,.F.);
#1019=ORIENTED_EDGE('',*,*,#1641,.T.);
#1020=CARTESIAN_POINT('',(0.5,3.835,-3.8));
#1021=DIRECTION('',(-0.0,1.0,0.0));
#1022=DIRECTION('',(1.0,0.0,0.0));
#1023=ORIENTED_EDGE('',*,*,#1642,.F.);
#1024=ORIENTED_EDGE('',*,*,#1637,.F.);
#1025=ORIENTED_EDGE('',*,*,#1643,.F.);
#1026=ORIENTED_EDGE('',*,*,#1644,.T.);
#1027=CARTESIAN_POINT('',(-0.315,-3.15,-13.9));
#1028=DIRECTION('',(-0.884094940294909,-0.467307325584504,0.0));
#1029=DIRECTION('',(-0.467307325584504,0.884094940294909,0.0));
#1030=ORIENTED_EDGE('',*,*,#1645,.T.);
#1031=ORIENTED_EDGE('',*,*,#1646,.F.);
#1032=ORIENTED_EDGE('',*,*,#1647,.F.);
#1033=ORIENTED_EDGE('',*,*,#1644,.F.);
#1034=CARTESIAN_POINT('',(0.5,-3.5,-14.435));
#1035=DIRECTION('',(0.0,-1.0,0.0));
#1036=DIRECTION('',(0.0,0.0,-1.0));
#1037=ORIENTED_EDGE('',*,*,#1642,.T.);
#1038=ORIENTED_EDGE('',*,*,#1647,.T.);
#1039=ORIENTED_EDGE('',*,*,#1648,.T.);
#1040=ORIENTED_EDGE('',*,*,#1649,.F.);
#1041=CARTESIAN_POINT('',(0.0,-3.15,-13.55));
#1042=DIRECTION('',(0.0,-0.467307325584504,0.884094940294909));
#1043=DIRECTION('',(-1.0,0.0,0.0));
#1044=ORIENTED_EDGE('',*,*,#1622,.T.);
#1045=ORIENTED_EDGE('',*,*,#1650,.T.);
#1046=ORIENTED_EDGE('',*,*,#1633,.F.);
#1047=ORIENTED_EDGE('',*,*,#1649,.T.);
#1048=CARTESIAN_POINT('',(0.5,-3.5,-13.365));
#1049=DIRECTION('',(0.0,0.0,1.0));
#1050=DIRECTION('',(1.0,0.0,0.0));
#1051=ORIENTED_EDGE('',*,*,#1587,.T.);
#1052=ORIENTED_EDGE('',*,*,#1634,.F.);
#1053=ORIENTED_EDGE('',*,*,#1650,.F.);
#1054=ORIENTED_EDGE('',*,*,#1621,.T.);
#1055=CARTESIAN_POINT('',(0.5,1.745,-12.345));
#1056=DIRECTION('',(1.0,-0.0,0.0));
#1057=DIRECTION('',(0.0,0.0,1.0));
#1058=ORIENTED_EDGE('',*,*,#1648,.F.);
#1059=ORIENTED_EDGE('',*,*,#1646,.T.);
#1060=ORIENTED_EDGE('',*,*,#1651,.T.);
#1061=ORIENTED_EDGE('',*,*,#1623,.F.);
#1062=CARTESIAN_POINT('',(0.315,-3.15,-13.9));
#1063=DIRECTION('',(0.884094940294909,-0.467307325584504,0.0));
#1064=DIRECTION('',(0.0,0.0,-1.0));
#1065=ORIENTED_EDGE('',*,*,#1651,.F.);
#1066=ORIENTED_EDGE('',*,*,#1645,.F.);
#1067=ORIENTED_EDGE('',*,*,#1643,.T.);
#1068=ORIENTED_EDGE('',*,*,#1652,.T.);
#1069=CARTESIAN_POINT('',(0.0,-3.15,-14.25));
#1070=DIRECTION('',(0.0,-0.467307325584504,-0.884094940294909));
#1071=DIRECTION('',(0.0,-0.884094940294909,0.467307325584504));
#1072=ORIENTED_EDGE('',*,*,#1636,.F.);
#1073=ORIENTED_EDGE('',*,*,#1653,.F.);
#1074=ORIENTED_EDGE('',*,*,#1619,.T.);
#1075=ORIENTED_EDGE('',*,*,#1652,.F.);
#1076=CARTESIAN_POINT('',(0.5,1.745,-14.435));
#1077=DIRECTION('',(0.0,0.0,-1.0));
#1078=DIRECTION('',(0.0,-1.0,0.0));
#1079=ORIENTED_EDGE('',*,*,#1653,.T.);
#1080=ORIENTED_EDGE('',*,*,#1635,.F.);
#1081=ORIENTED_EDGE('',*,*,#1585,.F.);
#1082=ORIENTED_EDGE('',*,*,#1620,.T.);
#1083=CARTESIAN_POINT('',(0.5,1.745,-12.345));
#1084=DIRECTION('',(1.0,-0.0,0.0));
#1085=DIRECTION('',(0.0,0.0,1.0));
#1086=ORIENTED_EDGE('',*,*,#1584,.F.);
#1087=ORIENTED_EDGE('',*,*,#1654,.T.);
#1088=ORIENTED_EDGE('',*,*,#1501,.F.);
#1089=ORIENTED_EDGE('',*,*,#1655,.F.);
#1090=CARTESIAN_POINT('',(2.3,9.6,-12.815648));
#1091=DIRECTION('',(0.0,0.0,-1.0));
#1092=DIRECTION('',(0.0,1.0,0.0));
#1093=ORIENTED_EDGE('',*,*,#1656,.T.);
#1094=ORIENTED_EDGE('',*,*,#1657,.T.);
#1095=ORIENTED_EDGE('',*,*,#1658,.T.);
#1096=ORIENTED_EDGE('',*,*,#1659,.F.);
#1097=ORIENTED_EDGE('',*,*,#1498,.T.);
#1098=ORIENTED_EDGE('',*,*,#1660,.F.);
#1099=CARTESIAN_POINT('',(2.7,10.0,0.0));
#1100=DIRECTION('',(1.0,0.0,0.0));
#1101=DIRECTION('',(0.0,1.0,0.0));
#1102=ORIENTED_EDGE('',*,*,#1500,.T.);
#1103=ORIENTED_EDGE('',*,*,#1496,.T.);
#1104=ORIENTED_EDGE('',*,*,#1661,.T.);
#1105=ORIENTED_EDGE('',*,*,#1662,.F.);
#1106=ORIENTED_EDGE('',*,*,#1569,.F.);
#1107=ORIENTED_EDGE('',*,*,#1655,.T.);
#1108=CARTESIAN_POINT('',(2.7,10.0,0.0));
#1109=DIRECTION('',(1.0,0.0,0.0));
#1110=DIRECTION('',(0.0,1.0,0.0));
#1111=ORIENTED_EDGE('',*,*,#1663,.F.);
#1112=ORIENTED_EDGE('',*,*,#1660,.T.);
#1113=ORIENTED_EDGE('',*,*,#1509,.F.);
#1114=ORIENTED_EDGE('',*,*,#1664,.F.);
#1115=CARTESIAN_POINT('',(2.3,0.8,-12.815648));
#1116=DIRECTION('',(0.0,0.0,-1.0));
#1117=DIRECTION('',(1.0,0.0,0.0));
#1118=ORIENTED_EDGE('',*,*,#1508,.T.);
#1119=ORIENTED_EDGE('',*,*,#1665,.F.);
#1120=ORIENTED_EDGE('',*,*,#1666,.T.);
#1121=ORIENTED_EDGE('',*,*,#1575,.F.);
#1122=ORIENTED_EDGE('',*,*,#1667,.T.);
#1123=ORIENTED_EDGE('',*,*,#1664,.T.);
#1124=CARTESIAN_POINT('',(2.7,0.4,0.0));
#1125=DIRECTION('',(0.0,-1.0,0.0));
#1126=DIRECTION('',(0.0,0.0,-1.0));
#1127=ORIENTED_EDGE('',*,*,#1667,.F.);
#1128=ORIENTED_EDGE('',*,*,#1574,.T.);
#1129=ORIENTED_EDGE('',*,*,#1668,.F.);
#1130=ORIENTED_EDGE('',*,*,#1669,.T.);
#1131=CARTESIAN_POINT('',(2.3,0.4,-12.8));
#1132=DIRECTION('',(-1.0,0.0,0.0));
#1133=DIRECTION('',(0.0,0.0,1.0));
#1134=ORIENTED_EDGE('',*,*,#1670,.F.);
#1135=ORIENTED_EDGE('',*,*,#1671,.F.);
#1136=ORIENTED_EDGE('',*,*,#1672,.F.);
#1137=ORIENTED_EDGE('',*,*,#1656,.F.);
#1138=ORIENTED_EDGE('',*,*,#1663,.T.);
#1139=ORIENTED_EDGE('',*,*,#1669,.F.);
#1140=CARTESIAN_POINT('',(0.0,0.0,-2.0));
#1141=DIRECTION('',(0.0,0.0,-1.0));
#1142=DIRECTION('',(0.0,-1.0,0.0));
#1143=ORIENTED_EDGE('',*,*,#1673,.F.);
#1144=ORIENTED_EDGE('',*,*,#1674,.F.);
#1145=ORIENTED_EDGE('',*,*,#1675,.F.);
#1146=ORIENTED_EDGE('',*,*,#1676,.F.);
#1147=ORIENTED_EDGE('',*,*,#1677,.T.);
#1148=ORIENTED_EDGE('',*,*,#1678,.T.);
#1149=CARTESIAN_POINT('',(0.0,0.0,-2.0));
#1150=DIRECTION('',(0.0,0.0,-1.0));
#1151=DIRECTION('',(0.0,-1.0,0.0));
#1152=ORIENTED_EDGE('',*,*,#1672,.T.);
#1153=ORIENTED_EDGE('',*,*,#1679,.T.);
#1154=ORIENTED_EDGE('',*,*,#1680,.F.);
#1155=ORIENTED_EDGE('',*,*,#1657,.F.);
#1156=CARTESIAN_POINT('',(2.7,1.5,-2.0));
#1157=DIRECTION('',(-0.0,1.0,0.0));
#1158=DIRECTION('',(1.0,0.0,0.0));
#1159=ORIENTED_EDGE('',*,*,#1681,.T.);
#1160=ORIENTED_EDGE('',*,*,#1682,.T.);
#1161=ORIENTED_EDGE('',*,*,#1683,.T.);
#1162=ORIENTED_EDGE('',*,*,#1684,.F.);
#1163=ORIENTED_EDGE('',*,*,#1685,.T.);
#1164=ORIENTED_EDGE('',*,*,#1661,.F.);
#1165=ORIENTED_EDGE('',*,*,#1495,.T.);
#1166=ORIENTED_EDGE('',*,*,#1686,.T.);
#1167=ORIENTED_EDGE('',*,*,#1658,.F.);
#1168=ORIENTED_EDGE('',*,*,#1680,.T.);
#1169=ORIENTED_EDGE('',*,*,#1687,.T.);
#1170=ORIENTED_EDGE('',*,*,#1688,.F.);
#1171=ORIENTED_EDGE('',*,*,#1689,.F.);
#1172=ORIENTED_EDGE('',*,*,#1690,.T.);
#1173=ORIENTED_EDGE('',*,*,#1691,.T.);
#1174=ORIENTED_EDGE('',*,*,#1692,.T.);
#1175=CARTESIAN_POINT('',(0.0,0.0,-6.6));
#1176=DIRECTION('',(0.0,0.0,1.0));
#1177=DIRECTION('',(1.0,0.0,0.0));
#1178=ORIENTED_EDGE('',*,*,#1693,.T.);
#1179=ORIENTED_EDGE('',*,*,#1694,.T.);
#1180=ORIENTED_EDGE('',*,*,#1695,.T.);
#1181=ORIENTED_EDGE('',*,*,#1696,.F.);
#1182=ORIENTED_EDGE('',*,*,#1697,.F.);
#1183=ORIENTED_EDGE('',*,*,#1698,.T.);
#1184=ORIENTED_EDGE('',*,*,#1699,.T.);
#1185=ORIENTED_EDGE('',*,*,#1700,.T.);
#1186=ORIENTED_EDGE('',*,*,#1701,.T.);
#1187=ORIENTED_EDGE('',*,*,#1702,.T.);
#1188=ORIENTED_EDGE('',*,*,#1703,.F.);
#1189=ORIENTED_EDGE('',*,*,#1704,.T.);
#1190=ORIENTED_EDGE('',*,*,#1705,.T.);
#1191=CARTESIAN_POINT('',(0.0,0.0,-6.6));
#1192=DIRECTION('',(0.0,0.0,1.0));
#1193=DIRECTION('',(1.0,0.0,0.0));
#1194=ORIENTED_EDGE('',*,*,#1692,.F.);
#1195=ORIENTED_EDGE('',*,*,#1706,.T.);
#1196=ORIENTED_EDGE('',*,*,#1571,.F.);
#1197=ORIENTED_EDGE('',*,*,#1707,.F.);
#1198=CARTESIAN_POINT('',(7.3,4.5,-6.584352));
#1199=DIRECTION('',(-0.0,0.0,1.0));
#1200=DIRECTION('',(1.0,0.0,0.0));
#1201=ORIENTED_EDGE('',*,*,#1570,.T.);
#1202=ORIENTED_EDGE('',*,*,#1662,.T.);
#1203=ORIENTED_EDGE('',*,*,#1685,.F.);
#1204=ORIENTED_EDGE('',*,*,#1708,.T.);
#1205=ORIENTED_EDGE('',*,*,#1709,.F.);
#1206=ORIENTED_EDGE('',*,*,#1710,.F.);
#1207=ORIENTED_EDGE('',*,*,#1681,.F.);
#1208=ORIENTED_EDGE('',*,*,#1707,.T.);
#1209=CARTESIAN_POINT('',(7.7,4.9,-12.8));
#1210=DIRECTION('',(-0.0,1.0,0.0));
#1211=DIRECTION('',(1.0,0.0,0.0));
#1212=ORIENTED_EDGE('',*,*,#1710,.T.);
#1213=ORIENTED_EDGE('',*,*,#1711,.F.);
#1214=ORIENTED_EDGE('',*,*,#1712,.F.);
#1215=ORIENTED_EDGE('',*,*,#1682,.F.);
#1216=CARTESIAN_POINT('',(5.7,4.9,-6.6));
#1217=DIRECTION('',(1.0,0.0,0.0));
#1218=DIRECTION('',(0.0,1.0,0.0));
#1219=ORIENTED_EDGE('',*,*,#1712,.T.);
#1220=ORIENTED_EDGE('',*,*,#1713,.F.);
#1221=ORIENTED_EDGE('',*,*,#1714,.T.);
#1222=ORIENTED_EDGE('',*,*,#1683,.F.);
#1223=CARTESIAN_POINT('',(7.7,3.4,-12.8));
#1224=DIRECTION('',(-0.0,1.0,0.0));
#1225=DIRECTION('',(1.0,0.0,0.0));
#1226=ORIENTED_EDGE('',*,*,#1715,.T.);
#1227=ORIENTED_EDGE('',*,*,#1716,.F.);
#1228=ORIENTED_EDGE('',*,*,#1717,.T.);
#1229=ORIENTED_EDGE('',*,*,#1702,.F.);
#1230=CARTESIAN_POINT('',(7.7,3.4,-12.8));
#1231=DIRECTION('',(-0.0,1.0,0.0));
#1232=DIRECTION('',(1.0,0.0,0.0));
#1233=ORIENTED_EDGE('',*,*,#1714,.F.);
#1234=ORIENTED_EDGE('',*,*,#1718,.T.);
#1235=ORIENTED_EDGE('',*,*,#1708,.F.);
#1236=ORIENTED_EDGE('',*,*,#1684,.T.);
#1237=CARTESIAN_POINT('',(3.3,4.9,-9.7));
#1238=DIRECTION('',(-1.0,0.0,0.0));
#1239=DIRECTION('',(0.0,0.0,1.0));
#1240=ORIENTED_EDGE('',*,*,#1719,.F.);
#1241=ORIENTED_EDGE('',*,*,#1720,.T.);
#1242=ORIENTED_EDGE('',*,*,#1721,.F.);
#1243=ORIENTED_EDGE('',*,*,#1711,.T.);
#1244=ORIENTED_EDGE('',*,*,#1709,.T.);
#1245=ORIENTED_EDGE('',*,*,#1718,.F.);
#1246=ORIENTED_EDGE('',*,*,#1722,.T.);
#1247=ORIENTED_EDGE('',*,*,#1723,.F.);
#1248=CARTESIAN_POINT('',(4.5,4.9,-9.7));
#1249=DIRECTION('',(-0.0,-1.0,0.0));
#1250=DIRECTION('',(-1.0,0.0,0.0));
#1251=ORIENTED_EDGE('',*,*,#1723,.T.);
#1252=ORIENTED_EDGE('',*,*,#1724,.T.);
#1253=ORIENTED_EDGE('',*,*,#1687,.F.);
#1254=ORIENTED_EDGE('',*,*,#1679,.F.);
#1255=ORIENTED_EDGE('',*,*,#1671,.T.);
#1256=ORIENTED_EDGE('',*,*,#1725,.F.);
#1257=CARTESIAN_POINT('',(3.3,0.0,-9.7));
#1258=DIRECTION('',(-1.0,0.0,0.0));
#1259=DIRECTION('',(0.0,0.0,1.0));
#1260=ORIENTED_EDGE('',*,*,#1573,.T.);
#1261=ORIENTED_EDGE('',*,*,#1726,.T.);
#1262=ORIENTED_EDGE('',*,*,#1690,.F.);
#1263=ORIENTED_EDGE('',*,*,#1727,.T.);
#1264=ORIENTED_EDGE('',*,*,#1719,.T.);
#1265=ORIENTED_EDGE('',*,*,#1725,.T.);
#1266=ORIENTED_EDGE('',*,*,#1670,.T.);
#1267=ORIENTED_EDGE('',*,*,#1668,.T.);
#1268=CARTESIAN_POINT('',(2.3,0.0,-12.8));
#1269=DIRECTION('',(0.0,-1.0,0.0));
#1270=DIRECTION('',(0.0,0.0,-1.0));
#1271=ORIENTED_EDGE('',*,*,#1728,.T.);
#1272=ORIENTED_EDGE('',*,*,#1720,.F.);
#1273=ORIENTED_EDGE('',*,*,#1727,.F.);
#1274=ORIENTED_EDGE('',*,*,#1689,.T.);
#1275=CARTESIAN_POINT('',(5.7,0.0,-6.6));
#1276=DIRECTION('',(1.0,0.0,0.0));
#1277=DIRECTION('',(0.0,1.0,0.0));
#1278=ORIENTED_EDGE('',*,*,#1724,.F.);
#1279=ORIENTED_EDGE('',*,*,#1729,.T.);
#1280=ORIENTED_EDGE('',*,*,#1728,.F.);
#1281=ORIENTED_EDGE('',*,*,#1688,.T.);
#1282=CARTESIAN_POINT('',(2.3,2.0,-12.8));
#1283=DIRECTION('',(-0.0,1.0,0.0));
#1284=DIRECTION('',(1.0,0.0,0.0));
#1285=ORIENTED_EDGE('',*,*,#1730,.F.);
#1286=ORIENTED_EDGE('',*,*,#1731,.T.);
#1287=ORIENTED_EDGE('',*,*,#1732,.F.);
#1288=ORIENTED_EDGE('',*,*,#1696,.T.);
#1289=CARTESIAN_POINT('',(2.3,2.0,-12.8));
#1290=DIRECTION('',(-0.0,1.0,0.0));
#1291=DIRECTION('',(1.0,0.0,0.0));
#1292=ORIENTED_EDGE('',*,*,#1722,.F.);
#1293=ORIENTED_EDGE('',*,*,#1713,.T.);
#1294=ORIENTED_EDGE('',*,*,#1721,.T.);
#1295=ORIENTED_EDGE('',*,*,#1729,.F.);
#1296=CARTESIAN_POINT('',(4.5,4.9,-9.7));
#1297=DIRECTION('',(-0.0,-1.0,0.0));
#1298=DIRECTION('',(-1.0,0.0,0.0));
#1299=ORIENTED_EDGE('',*,*,#1732,.T.);
#1300=ORIENTED_EDGE('',*,*,#1733,.F.);
#1301=ORIENTED_EDGE('',*,*,#1734,.T.);
#1302=ORIENTED_EDGE('',*,*,#1674,.T.);
#1303=ORIENTED_EDGE('',*,*,#1735,.T.);
#1304=ORIENTED_EDGE('',*,*,#1697,.T.);
#1305=CARTESIAN_POINT('',(-3.3,0.0,-6.6));
#1306=DIRECTION('',(1.0,0.0,0.0));
#1307=DIRECTION('',(0.0,1.0,0.0));
#1308=ORIENTED_EDGE('',*,*,#1698,.F.);
#1309=ORIENTED_EDGE('',*,*,#1735,.F.);
#1310=ORIENTED_EDGE('',*,*,#1673,.T.);
#1311=ORIENTED_EDGE('',*,*,#1736,.T.);
#1312=CARTESIAN_POINT('',(-3.3,1.5,-2.0));
#1313=DIRECTION('',(-0.0,1.0,0.0));
#1314=DIRECTION('',(1.0,0.0,0.0));
#1315=ORIENTED_EDGE('',*,*,#1581,.F.);
#1316=ORIENTED_EDGE('',*,*,#1737,.T.);
#1317=ORIENTED_EDGE('',*,*,#1699,.F.);
#1318=ORIENTED_EDGE('',*,*,#1736,.F.);
#1319=ORIENTED_EDGE('',*,*,#1678,.F.);
#1320=ORIENTED_EDGE('',*,*,#1738,.T.);
#1321=ORIENTED_EDGE('',*,*,#1506,.T.);
#1322=ORIENTED_EDGE('',*,*,#1739,.F.);
#1323=CARTESIAN_POINT('',(-2.7,0.4,0.0));
#1324=DIRECTION('',(-1.0,0.0,0.0));
#1325=DIRECTION('',(0.0,0.0,1.0));
#1326=ORIENTED_EDGE('',*,*,#1582,.F.);
#1327=ORIENTED_EDGE('',*,*,#1739,.T.);
#1328=ORIENTED_EDGE('',*,*,#1505,.F.);
#1329=ORIENTED_EDGE('',*,*,#1740,.F.);
#1330=CARTESIAN_POINT('',(-2.3,9.6,-12.815648));
#1331=DIRECTION('',(-0.0,0.0,-1.0));
#1332=DIRECTION('',(-1.0,0.0,0.0));
#1333=ORIENTED_EDGE('',*,*,#1583,.F.);
#1334=ORIENTED_EDGE('',*,*,#1740,.T.);
#1335=ORIENTED_EDGE('',*,*,#1504,.T.);
#1336=ORIENTED_EDGE('',*,*,#1741,.T.);
#1337=ORIENTED_EDGE('',*,*,#1742,.T.);
#1338=ORIENTED_EDGE('',*,*,#1743,.F.);
#1339=ORIENTED_EDGE('',*,*,#1502,.T.);
#1340=ORIENTED_EDGE('',*,*,#1654,.F.);
#1341=CARTESIAN_POINT('',(-2.7,10.0,0.0));
#1342=DIRECTION('',(-0.0,1.0,0.0));
#1343=DIRECTION('',(1.0,0.0,0.0));
#1344=ORIENTED_EDGE('',*,*,#1744,.T.);
#1345=ORIENTED_EDGE('',*,*,#1745,.T.);
#1346=ORIENTED_EDGE('',*,*,#1746,.T.);
#1347=ORIENTED_EDGE('',*,*,#1743,.T.);
#1348=CARTESIAN_POINT('',(2.1,0.0,0.0));
#1349=DIRECTION('',(1.0,0.0,0.0));
#1350=DIRECTION('',(0.0,1.0,0.0));
#1351=ORIENTED_EDGE('',*,*,#1746,.F.);
#1352=ORIENTED_EDGE('',*,*,#1747,.F.);
#1353=ORIENTED_EDGE('',*,*,#1748,.T.);
#1354=ORIENTED_EDGE('',*,*,#1503,.T.);
#1355=CARTESIAN_POINT('',(-2.1,11.4,-2.35));
#1356=DIRECTION('',(0.0,0.859101543908758,0.511805175094575));
#1357=DIRECTION('',(1.0,0.0,-0.0));
#1358=ORIENTED_EDGE('',*,*,#1748,.F.);
#1359=ORIENTED_EDGE('',*,*,#1749,.F.);
#1360=ORIENTED_EDGE('',*,*,#1750,.F.);
#1361=ORIENTED_EDGE('',*,*,#1741,.F.);
#1362=CARTESIAN_POINT('',(-2.1,0.0,0.0));
#1363=DIRECTION('',(1.0,0.0,0.0));
#1364=DIRECTION('',(0.0,1.0,0.0));
#1365=ORIENTED_EDGE('',*,*,#1750,.T.);
#1366=ORIENTED_EDGE('',*,*,#1751,.T.);
#1367=ORIENTED_EDGE('',*,*,#1744,.F.);
#1368=ORIENTED_EDGE('',*,*,#1742,.F.);
#1369=CARTESIAN_POINT('',(-2.1,10.0,-3.05));
#1370=DIRECTION('',(0.0,-0.087155742747664,-0.996194698091745));
#1371=DIRECTION('',(0.0,-0.996194698091745,0.087155742747664));
#1372=ORIENTED_EDGE('',*,*,#1747,.T.);
#1373=ORIENTED_EDGE('',*,*,#1745,.F.);
#1374=ORIENTED_EDGE('',*,*,#1751,.F.);
#1375=ORIENTED_EDGE('',*,*,#1749,.T.);
#1376=CARTESIAN_POINT('',(-2.1,11.4,-3.172484128936));
#1377=DIRECTION('',(-0.0,1.0,0.0));
#1378=DIRECTION('',(1.0,0.0,0.0));
#1379=ORIENTED_EDGE('',*,*,#1677,.F.);
#1380=ORIENTED_EDGE('',*,*,#1665,.T.);
#1381=ORIENTED_EDGE('',*,*,#1507,.F.);
#1382=ORIENTED_EDGE('',*,*,#1738,.F.);
#1383=CARTESIAN_POINT('',(-2.3,0.8,-12.815648));
#1384=DIRECTION('',(0.0,-0.0,-1.0));
#1385=DIRECTION('',(0.0,-1.0,0.0));
#1386=ORIENTED_EDGE('',*,*,#1704,.F.);
#1387=ORIENTED_EDGE('',*,*,#1752,.T.);
#1388=ORIENTED_EDGE('',*,*,#1753,.F.);
#1389=ORIENTED_EDGE('',*,*,#1754,.F.);
#1390=ORIENTED_EDGE('',*,*,#1700,.F.);
#1391=ORIENTED_EDGE('',*,*,#1737,.F.);
#1392=ORIENTED_EDGE('',*,*,#1580,.T.);
#1393=ORIENTED_EDGE('',*,*,#1755,.F.);
#1394=CARTESIAN_POINT('',(-2.7,4.9,-12.8));
#1395=DIRECTION('',(-0.0,1.0,0.0));
#1396=DIRECTION('',(1.0,0.0,0.0));
#1397=ORIENTED_EDGE('',*,*,#1705,.F.);
#1398=ORIENTED_EDGE('',*,*,#1755,.T.);
#1399=ORIENTED_EDGE('',*,*,#1579,.F.);
#1400=ORIENTED_EDGE('',*,*,#1756,.F.);
#1401=CARTESIAN_POINT('',(-7.3,4.5,-6.584352));
#1402=DIRECTION('',(-0.0,0.0,1.0));
#1403=DIRECTION('',(0.0,1.0,0.0));
#1404=ORIENTED_EDGE('',*,*,#1578,.T.);
#1405=ORIENTED_EDGE('',*,*,#1757,.T.);
#1406=ORIENTED_EDGE('',*,*,#1693,.F.);
#1407=ORIENTED_EDGE('',*,*,#1756,.T.);
#1408=CARTESIAN_POINT('',(-7.7,4.9,-12.8));
#1409=DIRECTION('',(-1.0,0.0,0.0));
#1410=DIRECTION('',(0.0,0.0,1.0));
#1411=ORIENTED_EDGE('',*,*,#1758,.T.);
#1412=ORIENTED_EDGE('',*,*,#1759,.F.);
#1413=ORIENTED_EDGE('',*,*,#1694,.F.);
#1414=ORIENTED_EDGE('',*,*,#1757,.F.);
#1415=ORIENTED_EDGE('',*,*,#1577,.T.);
#1416=ORIENTED_EDGE('',*,*,#1760,.F.);
#1417=ORIENTED_EDGE('',*,*,#1675,.T.);
#1418=ORIENTED_EDGE('',*,*,#1734,.F.);
#1419=CARTESIAN_POINT('',(-7.7,0.0,-12.8));
#1420=DIRECTION('',(0.0,-1.0,0.0));
#1421=DIRECTION('',(0.0,0.0,-1.0));
#1422=ORIENTED_EDGE('',*,*,#1760,.T.);
#1423=ORIENTED_EDGE('',*,*,#1576,.T.);
#1424=ORIENTED_EDGE('',*,*,#1666,.F.);
#1425=ORIENTED_EDGE('',*,*,#1676,.T.);
#1426=CARTESIAN_POINT('',(-2.3,0.0,-12.8));
#1427=DIRECTION('',(1.0,0.0,0.0));
#1428=DIRECTION('',(0.0,1.0,0.0));
#1429=ORIENTED_EDGE('',*,*,#1759,.T.);
#1430=ORIENTED_EDGE('',*,*,#1761,.T.);
#1431=ORIENTED_EDGE('',*,*,#1730,.T.);
#1432=ORIENTED_EDGE('',*,*,#1695,.F.);
#1433=CARTESIAN_POINT('',(-5.7,0.0,-9.7));
#1434=DIRECTION('',(-1.0,0.0,0.0));
#1435=DIRECTION('',(0.0,0.0,1.0));
#1436=ORIENTED_EDGE('',*,*,#1758,.F.);
#1437=ORIENTED_EDGE('',*,*,#1733,.T.);
#1438=ORIENTED_EDGE('',*,*,#1762,.F.);
#1439=ORIENTED_EDGE('',*,*,#1763,.T.);
#1440=ORIENTED_EDGE('',*,*,#1753,.T.);
#1441=ORIENTED_EDGE('',*,*,#1764,.F.);
#1442=ORIENTED_EDGE('',*,*,#1765,.T.);
#1443=ORIENTED_EDGE('',*,*,#1761,.F.);
#1444=CARTESIAN_POINT('',(-4.5,4.9,-9.7));
#1445=DIRECTION('',(-0.0,-1.0,0.0));
#1446=DIRECTION('',(-1.0,0.0,0.0));
#1447=ORIENTED_EDGE('',*,*,#1765,.F.);
#1448=ORIENTED_EDGE('',*,*,#1716,.T.);
#1449=ORIENTED_EDGE('',*,*,#1762,.T.);
#1450=ORIENTED_EDGE('',*,*,#1731,.F.);
#1451=CARTESIAN_POINT('',(-4.5,4.9,-9.7));
#1452=DIRECTION('',(-0.0,-1.0,0.0));
#1453=DIRECTION('',(-1.0,0.0,0.0));
#1454=ORIENTED_EDGE('',*,*,#1717,.F.);
#1455=ORIENTED_EDGE('',*,*,#1764,.T.);
#1456=ORIENTED_EDGE('',*,*,#1752,.F.);
#1457=ORIENTED_EDGE('',*,*,#1703,.T.);
#1458=CARTESIAN_POINT('',(-5.7,4.9,-9.7));
#1459=DIRECTION('',(-1.0,0.0,0.0));
#1460=DIRECTION('',(0.0,0.0,1.0));
#1461=ORIENTED_EDGE('',*,*,#1754,.T.);
#1462=ORIENTED_EDGE('',*,*,#1763,.F.);
#1463=ORIENTED_EDGE('',*,*,#1715,.F.);
#1464=ORIENTED_EDGE('',*,*,#1701,.F.);
#1465=CARTESIAN_POINT('',(-3.3,4.9,-6.6));
#1466=DIRECTION('',(1.0,0.0,0.0));
#1467=DIRECTION('',(0.0,1.0,0.0));
#1468=ORIENTED_EDGE('',*,*,#1691,.F.);
#1469=ORIENTED_EDGE('',*,*,#1726,.F.);
#1470=ORIENTED_EDGE('',*,*,#1572,.T.);
#1471=ORIENTED_EDGE('',*,*,#1706,.F.);
#1472=CARTESIAN_POINT('',(7.7,0.0,-12.8));
#1473=DIRECTION('',(1.0,0.0,0.0));
#1474=DIRECTION('',(0.0,1.0,0.0));
#1475=ORIENTED_EDGE('',*,*,#1494,.T.);
#1476=ORIENTED_EDGE('',*,*,#1499,.T.);
#1477=ORIENTED_EDGE('',*,*,#1659,.T.);
#1478=ORIENTED_EDGE('',*,*,#1686,.F.);
#1479=CARTESIAN_POINT('',(2.7,2.75,0.0));
#1480=DIRECTION('',(0.0,0.0,1.0));
#1481=DIRECTION('',(-1.0,0.0,0.0));
#1482=AXIS2_PLACEMENT_3D('',#1766,#1767,#1768);
#1483=AXIS2_PLACEMENT_3D('',#1769,#1770,#1771);
#1484=AXIS2_PLACEMENT_3D('',#1772,#1773,#1774);
#1485=AXIS2_PLACEMENT_3D('',#1775,#1776,#1777);
#1486=AXIS2_PLACEMENT_3D('',#1778,#1779,#1780);
#1487=AXIS2_PLACEMENT_3D('',#1781,#1782,#1783);
#1488=AXIS2_PLACEMENT_3D('',#1784,#1785,#1786);
#1489=AXIS2_PLACEMENT_3D('',#1787,#1788,#1789);
#1490=CARTESIAN_POINT('',(-4.5,2.0,-9.7));
#1491=VECTOR('',#1790,1.4);
#1492=CARTESIAN_POINT('',(4.5,2.0,-9.7));
#1493=VECTOR('',#1791,1.4);
#1494=EDGE_CURVE('',#1792,#1793,#1794,.T.);
#1495=EDGE_CURVE('',#1795,#1792,#1796,.T.);
#1496=EDGE_CURVE('',#1797,#1795,#1798,.T.);
#1497=EDGE_CURVE('',#1797,#1793,#1799,.T.);
#1498=EDGE_CURVE('',#1800,#1801,#1802,.T.);
#1499=EDGE_CURVE('',#1793,#1800,#1803,.T.);
#1500=EDGE_CURVE('',#1804,#1797,#1805,.T.);
#1501=EDGE_CURVE('',#1804,#1806,#1807,.T.);
#1502=EDGE_CURVE('',#1808,#1806,#1809,.T.);
#1503=EDGE_CURVE('',#1810,#1808,#1811,.T.);
#1504=EDGE_CURVE('',#1812,#1810,#1813,.T.);
#1505=EDGE_CURVE('',#1812,#1814,#1815,.T.);
#1506=EDGE_CURVE('',#1816,#1814,#1817,.T.);
#1507=EDGE_CURVE('',#1816,#1818,#1819,.T.);
#1508=EDGE_CURVE('',#1820,#1818,#1821,.T.);
#1509=EDGE_CURVE('',#1820,#1801,#1822,.T.);
#1510=EDGE_CURVE('',#1823,#1824,#1825,.T.);
#1511=EDGE_CURVE('',#1826,#1823,#1827,.T.);
#1512=EDGE_CURVE('',#1828,#1826,#1829,.T.);
#1513=EDGE_CURVE('',#1830,#1828,#1831,.T.);
#1514=EDGE_CURVE('',#1832,#1830,#1833,.T.);
#1515=EDGE_CURVE('',#1824,#1832,#1834,.T.);
#1516=EDGE_CURVE('',#1835,#1836,#1837,.T.);
#1517=EDGE_CURVE('',#1838,#1835,#1839,.T.);
#1518=EDGE_CURVE('',#1840,#1838,#1841,.T.);
#1519=EDGE_CURVE('',#1836,#1840,#1842,.T.);
#1520=EDGE_CURVE('',#1840,#1843,#1844,.T.);
#1521=EDGE_CURVE('',#1845,#1843,#1846,.T.);
#1522=EDGE_CURVE('',#1836,#1845,#1847,.T.);
#1523=EDGE_CURVE('',#1848,#1845,#1849,.T.);
#1524=EDGE_CURVE('',#1835,#1848,#1850,.T.);
#1525=EDGE_CURVE('',#1851,#1848,#1852,.T.);
#1526=EDGE_CURVE('',#1838,#1851,#1853,.T.);
#1527=EDGE_CURVE('',#1843,#1851,#1854,.T.);
#1528=EDGE_CURVE('',#1855,#1856,#1857,.T.);
#1529=EDGE_CURVE('',#1856,#1858,#1859,.T.);
#1530=EDGE_CURVE('',#1860,#1858,#1861,.T.);
#1531=EDGE_CURVE('',#1855,#1860,#1862,.T.);
#1532=EDGE_CURVE('',#1863,#1864,#1865,.T.);
#1533=EDGE_CURVE('',#1864,#1866,#1867,.T.);
#1534=EDGE_CURVE('',#1866,#1868,#1869,.T.);
#1535=EDGE_CURVE('',#1868,#1870,#1871,.T.);
#1536=EDGE_CURVE('',#1870,#1872,#1873,.T.);
#1537=EDGE_CURVE('',#1872,#1863,#1874,.T.);
#1538=EDGE_CURVE('',#1875,#1876,#1877,.T.);
#1539=EDGE_CURVE('',#1876,#1878,#1879,.T.);
#1540=EDGE_CURVE('',#1880,#1878,#1881,.T.);
#1541=EDGE_CURVE('',#1875,#1880,#1882,.T.);
#1542=EDGE_CURVE('',#1832,#1863,#1883,.T.);
#1543=EDGE_CURVE('',#1824,#1872,#1884,.T.);
#1544=EDGE_CURVE('',#1823,#1870,#1885,.T.);
#1545=EDGE_CURVE('',#1826,#1868,#1886,.T.);
#1546=EDGE_CURVE('',#1828,#1866,#1887,.T.);
#1547=EDGE_CURVE('',#1830,#1864,#1888,.T.);
#1548=EDGE_CURVE('',#1875,#1889,#1890,.T.);
#1549=EDGE_CURVE('',#1891,#1880,#1892,.T.);
#1550=EDGE_CURVE('',#1891,#1889,#1893,.T.);
#1551=EDGE_CURVE('',#1894,#1895,#1896,.T.);
#1552=EDGE_CURVE('',#1897,#1894,#1898,.T.);
#1553=EDGE_CURVE('',#1899,#1897,#1900,.T.);
#1554=EDGE_CURVE('',#1901,#1899,#1902,.T.);
#1555=EDGE_CURVE('',#1903,#1901,#1904,.T.);
#1556=EDGE_CURVE('',#1905,#1903,#1906,.T.);
#1557=EDGE_CURVE('',#1907,#1905,#1908,.T.);
#1558=EDGE_CURVE('',#1907,#1895,#1909,.T.);
#1559=EDGE_CURVE('',#1910,#1891,#1911,.T.);
#1560=EDGE_CURVE('',#1910,#1912,#1913,.T.);
#1561=EDGE_CURVE('',#1912,#1889,#1914,.T.);
#1562=EDGE_CURVE('',#1915,#1912,#1916,.T.);
#1563=EDGE_CURVE('',#1915,#1917,#1918,.T.);
#1564=EDGE_CURVE('',#1917,#1889,#1919,.T.);
#1565=EDGE_CURVE('',#1920,#1921,#1922,.T.);
#1566=EDGE_CURVE('',#1903,#1920,#1923,.T.);
#1567=EDGE_CURVE('',#1901,#1921,#1924,.T.);
#1568=EDGE_CURVE('',#1876,#1917,#1925,.T.);
#1569=EDGE_CURVE('',#1926,#1927,#1928,.T.);
#1570=EDGE_CURVE('',#1929,#1927,#1930,.T.);
#1571=EDGE_CURVE('',#1929,#1931,#1932,.T.);
#1572=EDGE_CURVE('',#1933,#1931,#1934,.T.);
#1573=EDGE_CURVE('',#1935,#1933,#1936,.T.);
#1574=EDGE_CURVE('',#1937,#1935,#1938,.T.);
#1575=EDGE_CURVE('',#1937,#1939,#1940,.T.);
#1576=EDGE_CURVE('',#1941,#1939,#1942,.T.);
#1577=EDGE_CURVE('',#1943,#1941,#1944,.T.);
#1578=EDGE_CURVE('',#1945,#1943,#1946,.T.);
#1579=EDGE_CURVE('',#1945,#1947,#1948,.T.);
#1580=EDGE_CURVE('',#1949,#1947,#1950,.T.);
#1581=EDGE_CURVE('',#1949,#1951,#1952,.T.);
#1582=EDGE_CURVE('',#1951,#1953,#1954,.T.);
#1583=EDGE_CURVE('',#1953,#1955,#1956,.T.);
#1584=EDGE_CURVE('',#1955,#1926,#1957,.T.);
#1585=EDGE_CURVE('',#1958,#1959,#1960,.T.);
#1586=EDGE_CURVE('',#1961,#1959,#1962,.T.);
#1587=EDGE_CURVE('',#1963,#1961,#1964,.T.);
#1588=EDGE_CURVE('',#1963,#1958,#1965,.T.);
#1589=EDGE_CURVE('',#1899,#1966,#1967,.T.);
#1590=EDGE_CURVE('',#1921,#1966,#1968,.T.);
#1591=EDGE_CURVE('',#1969,#1878,#1970,.T.);
#1592=EDGE_CURVE('',#1917,#1969,#1971,.T.);
#1593=EDGE_CURVE('',#1972,#1973,#1974,.T.);
#1594=EDGE_CURVE('',#1973,#1920,#1975,.T.);
#1595=EDGE_CURVE('',#1966,#1976,#1977,.T.);
#1596=EDGE_CURVE('',#1976,#1978,#1979,.T.);
#1597=EDGE_CURVE('',#1978,#1980,#1981,.T.);
#1598=EDGE_CURVE('',#1980,#1972,#1982,.T.);
#1599=EDGE_CURVE('',#1983,#1969,#1984,.T.);
#1600=EDGE_CURVE('',#1915,#1983,#1985,.T.);
#1601=EDGE_CURVE('',#1983,#1910,#1986,.T.);
#1602=EDGE_CURVE('',#1969,#1891,#1987,.T.);
#1603=EDGE_CURVE('',#1897,#1976,#1988,.T.);
#1604=EDGE_CURVE('',#1894,#1978,#1989,.T.);
#1605=EDGE_CURVE('',#1980,#1895,#1990,.T.);
#1606=EDGE_CURVE('',#1991,#1895,#1992,.T.);
#1607=EDGE_CURVE('',#1993,#1991,#1994,.T.);
#1608=EDGE_CURVE('',#1993,#1980,#1995,.T.);
#1609=EDGE_CURVE('',#1972,#1996,#1997,.T.);
#1610=EDGE_CURVE('',#1993,#1996,#1998,.T.);
#1611=EDGE_CURVE('',#1999,#1991,#2000,.T.);
#1612=EDGE_CURVE('',#1996,#1999,#2001,.T.);
#1613=EDGE_CURVE('',#1999,#1907,#2002,.T.);
#1614=EDGE_CURVE('',#1972,#1907,#2003,.T.);
#1615=EDGE_CURVE('',#1905,#1973,#2004,.T.);
#1616=EDGE_CURVE('',#1855,#2005,#2006,.T.);
#1617=EDGE_CURVE('',#2007,#1860,#2008,.T.);
#1618=EDGE_CURVE('',#2007,#2005,#2009,.T.);
#1619=EDGE_CURVE('',#2010,#2011,#2012,.T.);
#1620=EDGE_CURVE('',#1958,#2010,#2013,.T.);
#1621=EDGE_CURVE('',#2014,#1963,#2015,.T.);
#1622=EDGE_CURVE('',#2016,#2014,#2017,.T.);
#1623=EDGE_CURVE('',#2016,#2011,#2018,.T.);
#1624=EDGE_CURVE('',#2019,#2007,#2020,.T.);
#1625=EDGE_CURVE('',#2019,#2021,#2022,.T.);
#1626=EDGE_CURVE('',#2021,#2005,#2023,.T.);
#1627=EDGE_CURVE('',#2024,#2021,#2025,.T.);
#1628=EDGE_CURVE('',#2024,#2026,#2027,.T.);
#1629=EDGE_CURVE('',#2026,#2005,#2028,.T.);
#1630=EDGE_CURVE('',#1856,#2026,#2029,.T.);
#1631=EDGE_CURVE('',#2030,#1858,#2031,.T.);
#1632=EDGE_CURVE('',#2026,#2030,#2032,.T.);
#1633=EDGE_CURVE('',#2033,#2034,#2035,.T.);
#1634=EDGE_CURVE('',#2034,#1961,#2036,.T.);
#1635=EDGE_CURVE('',#1959,#2037,#2038,.T.);
#1636=EDGE_CURVE('',#2037,#2039,#2040,.T.);
#1637=EDGE_CURVE('',#2039,#2033,#2041,.T.);
#1638=EDGE_CURVE('',#2042,#2030,#2043,.T.);
#1639=EDGE_CURVE('',#2024,#2042,#2044,.T.);
#1640=EDGE_CURVE('',#2042,#2019,#2045,.T.);
#1641=EDGE_CURVE('',#2030,#2007,#2046,.T.);
#1642=EDGE_CURVE('',#2033,#2047,#2048,.T.);
#1643=EDGE_CURVE('',#2049,#2039,#2050,.T.);
#1644=EDGE_CURVE('',#2049,#2047,#2051,.T.);
#1645=EDGE_CURVE('',#2049,#2052,#2053,.T.);
#1646=EDGE_CURVE('',#2054,#2052,#2055,.T.);
#1647=EDGE_CURVE('',#2047,#2054,#2056,.T.);
#1648=EDGE_CURVE('',#2054,#2016,#2057,.T.);
#1649=EDGE_CURVE('',#2033,#2016,#2058,.T.);
#1650=EDGE_CURVE('',#2014,#2034,#2059,.T.);
#1651=EDGE_CURVE('',#2052,#2011,#2060,.T.);
#1652=EDGE_CURVE('',#2039,#2011,#2061,.T.);
#1653=EDGE_CURVE('',#2010,#2037,#2062,.T.);
#1654=EDGE_CURVE('',#1955,#1806,#2063,.T.);
#1655=EDGE_CURVE('',#1926,#1804,#2064,.T.);
#1656=EDGE_CURVE('',#2065,#2066,#2067,.T.);
#1657=EDGE_CURVE('',#2066,#2068,#2069,.T.);
#1658=EDGE_CURVE('',#2068,#2070,#2071,.T.);
#1659=EDGE_CURVE('',#1800,#2070,#2072,.T.);
#1660=EDGE_CURVE('',#2065,#1801,#2073,.T.);
#1661=EDGE_CURVE('',#1795,#2074,#2075,.T.);
#1662=EDGE_CURVE('',#1927,#2074,#2076,.T.);
#1663=EDGE_CURVE('',#2065,#2077,#2078,.T.);
#1664=EDGE_CURVE('',#2077,#1820,#2079,.T.);
#1665=EDGE_CURVE('',#2080,#1818,#2081,.T.);
#1666=EDGE_CURVE('',#2080,#1939,#2082,.T.);
#1667=EDGE_CURVE('',#1937,#2077,#2083,.T.);
#1668=EDGE_CURVE('',#2084,#1935,#2085,.T.);
#1669=EDGE_CURVE('',#2084,#2077,#2086,.T.);
#1670=EDGE_CURVE('',#2087,#2084,#2088,.T.);
#1671=EDGE_CURVE('',#2089,#2087,#2090,.T.);
#1672=EDGE_CURVE('',#2066,#2089,#2091,.T.);
#1673=EDGE_CURVE('',#2092,#2093,#2094,.T.);
#1674=EDGE_CURVE('',#2095,#2092,#2096,.T.);
#1675=EDGE_CURVE('',#2097,#2095,#2098,.T.);
#1676=EDGE_CURVE('',#2080,#2097,#2099,.T.);
#1677=EDGE_CURVE('',#2080,#2100,#2101,.T.);
#1678=EDGE_CURVE('',#2100,#2093,#2102,.T.);
#1679=EDGE_CURVE('',#2089,#2103,#2104,.T.);
#1680=EDGE_CURVE('',#2068,#2103,#2105,.T.);
#1681=EDGE_CURVE('',#2106,#2107,#2108,.T.);
#1682=EDGE_CURVE('',#2107,#2109,#2110,.T.);
#1683=EDGE_CURVE('',#2109,#2111,#2112,.T.);
#1684=EDGE_CURVE('',#2113,#2111,#2114,.T.);
#1685=EDGE_CURVE('',#2113,#2074,#2115,.T.);
#1686=EDGE_CURVE('',#1792,#2070,#2116,.T.);
#1687=EDGE_CURVE('',#2103,#2117,#2118,.T.);
#1688=EDGE_CURVE('',#2119,#2117,#2120,.T.);
#1689=EDGE_CURVE('',#2121,#2119,#2122,.T.);
#1690=EDGE_CURVE('',#2121,#2123,#2124,.T.);
#1691=EDGE_CURVE('',#2123,#2125,#2126,.T.);
#1692=EDGE_CURVE('',#2125,#2106,#2127,.T.);
#1693=EDGE_CURVE('',#2128,#2129,#2130,.T.);
#1694=EDGE_CURVE('',#2129,#2131,#2132,.T.);
#1695=EDGE_CURVE('',#2131,#2133,#2134,.T.);
#1696=EDGE_CURVE('',#2135,#2133,#2136,.T.);
#1697=EDGE_CURVE('',#2137,#2135,#2138,.T.);
#1698=EDGE_CURVE('',#2137,#2139,#2140,.T.);
#1699=EDGE_CURVE('',#2139,#2141,#2142,.T.);
#1700=EDGE_CURVE('',#2141,#2143,#2144,.T.);
#1701=EDGE_CURVE('',#2143,#2145,#2146,.T.);
#1702=EDGE_CURVE('',#2145,#2147,#2148,.T.);
#1703=EDGE_CURVE('',#2149,#2147,#2150,.T.);
#1704=EDGE_CURVE('',#2149,#2151,#2152,.T.);
#1705=EDGE_CURVE('',#2151,#2128,#2153,.T.);
#1706=EDGE_CURVE('',#2125,#1931,#2154,.T.);
#1707=EDGE_CURVE('',#2106,#1929,#2155,.T.);
#1708=EDGE_CURVE('',#2113,#2156,#2157,.T.);
#1709=EDGE_CURVE('',#2158,#2156,#2159,.T.);
#1710=EDGE_CURVE('',#2107,#2158,#2160,.T.);
#1711=EDGE_CURVE('',#2161,#2158,#2162,.T.);
#1712=EDGE_CURVE('',#2109,#2161,#2163,.T.);
#1713=EDGE_CURVE('',#2164,#2161,#2165,.T.);
#1714=EDGE_CURVE('',#2164,#2111,#2166,.T.);
#1715=EDGE_CURVE('',#2145,#2167,#2168,.T.);
#1716=EDGE_CURVE('',#2169,#2167,#2170,.T.);
#1717=EDGE_CURVE('',#2169,#2147,#2171,.T.);
#1718=EDGE_CURVE('',#2164,#2156,#2172,.T.);
#1719=EDGE_CURVE('',#2173,#2174,#2175,.T.);
#1720=EDGE_CURVE('',#2173,#2176,#2177,.T.);
#1721=EDGE_CURVE('',#2161,#2176,#2178,.T.);
#1722=EDGE_CURVE('',#2164,#2179,#2180,.T.);
#1723=EDGE_CURVE('',#2174,#2179,#2181,.T.);
#1724=EDGE_CURVE('',#2179,#2117,#2182,.T.);
#1725=EDGE_CURVE('',#2174,#2087,#2183,.T.);
#1726=EDGE_CURVE('',#1933,#2123,#2184,.T.);
#1727=EDGE_CURVE('',#2121,#2173,#2185,.T.);
#1728=EDGE_CURVE('',#2119,#2176,#2186,.T.);
#1729=EDGE_CURVE('',#2179,#2176,#2187,.T.);
#1730=EDGE_CURVE('',#2188,#2133,#2189,.T.);
#1731=EDGE_CURVE('',#2188,#2190,#2191,.T.);
#1732=EDGE_CURVE('',#2135,#2190,#2192,.T.);
#1733=EDGE_CURVE('',#2193,#2190,#2194,.T.);
#1734=EDGE_CURVE('',#2193,#2095,#2195,.T.);
#1735=EDGE_CURVE('',#2092,#2137,#2196,.T.);
#1736=EDGE_CURVE('',#2093,#2139,#2197,.T.);
#1737=EDGE_CURVE('',#1949,#2141,#2198,.T.);
#1738=EDGE_CURVE('',#2100,#1816,#2199,.T.);
#1739=EDGE_CURVE('',#1951,#1814,#2200,.T.);
#1740=EDGE_CURVE('',#1953,#1812,#2201,.T.);
#1741=EDGE_CURVE('',#1810,#2202,#2203,.T.);
#1742=EDGE_CURVE('',#2202,#2204,#2205,.T.);
#1743=EDGE_CURVE('',#1808,#2204,#2206,.T.);
#1744=EDGE_CURVE('',#2204,#2207,#2208,.T.);
#1745=EDGE_CURVE('',#2207,#2209,#2210,.T.);
#1746=EDGE_CURVE('',#2209,#1808,#2211,.T.);
#1747=EDGE_CURVE('',#2212,#2209,#2213,.T.);
#1748=EDGE_CURVE('',#2212,#1810,#2214,.T.);
#1749=EDGE_CURVE('',#2215,#2212,#2216,.T.);
#1750=EDGE_CURVE('',#2202,#2215,#2217,.T.);
#1751=EDGE_CURVE('',#2215,#2207,#2218,.T.);
#1752=EDGE_CURVE('',#2149,#2219,#2220,.T.);
#1753=EDGE_CURVE('',#2221,#2219,#2222,.T.);
#1754=EDGE_CURVE('',#2143,#2221,#2223,.T.);
#1755=EDGE_CURVE('',#2151,#1947,#2224,.T.);
#1756=EDGE_CURVE('',#2128,#1945,#2225,.T.);
#1757=EDGE_CURVE('',#1943,#2129,#2226,.T.);
#1758=EDGE_CURVE('',#2193,#2227,#2228,.T.);
#1759=EDGE_CURVE('',#2131,#2227,#2229,.T.);
#1760=EDGE_CURVE('',#2097,#1941,#2230,.T.);
#1761=EDGE_CURVE('',#2227,#2188,#2231,.T.);
#1762=EDGE_CURVE('',#2167,#2190,#2232,.T.);
#1763=EDGE_CURVE('',#2167,#2221,#2233,.T.);
#1764=EDGE_CURVE('',#2169,#2219,#2234,.T.);
#1765=EDGE_CURVE('',#2169,#2188,#2235,.T.);
#1766=CARTESIAN_POINT('',(-4.5,0.0,-9.7));
#1767=DIRECTION('',(0.0,1.0,0.0));
#1768=DIRECTION('',(-1.0,0.0,0.0));
#1769=CARTESIAN_POINT('',(-4.5,0.0,-9.7));
#1770=DIRECTION('',(-0.0,1.0,0.0));
#1771=DIRECTION('',(1.0,0.0,0.0));
#1772=CARTESIAN_POINT('',(4.5,0.0,-9.7));
#1773=DIRECTION('',(0.0,1.0,0.0));
#1774=DIRECTION('',(-1.0,0.0,0.0));
#1775=CARTESIAN_POINT('',(4.5,0.0,-9.7));
#1776=DIRECTION('',(-0.0,1.0,0.0));
#1777=DIRECTION('',(1.0,0.0,0.0));
#1778=CARTESIAN_POINT('',(0.0,0.0,-13.9));
#1779=DIRECTION('',(0.0,1.0,0.0));
#1780=DIRECTION('',(-1.0,0.0,0.0));
#1781=CARTESIAN_POINT('',(0.0,0.0,-13.9));
#1782=DIRECTION('',(-0.0,1.0,0.0));
#1783=DIRECTION('',(1.0,0.0,0.0));
#1784=CARTESIAN_POINT('',(0.0,0.0,-19.4));
#1785=DIRECTION('',(0.0,1.0,0.0));
#1786=DIRECTION('',(-1.0,0.0,0.0));
#1787=CARTESIAN_POINT('',(0.0,0.0,-19.4));
#1788=DIRECTION('',(-0.0,1.0,0.0));
#1789=DIRECTION('',(1.0,0.0,0.0));
#1790=DIRECTION('',(0.0,1.0,0.0));
#1791=DIRECTION('',(0.0,1.0,0.0));
#1792=VERTEX_POINT('',#2236);
#1793=VERTEX_POINT('',#2237);
#1794=LINE('',#2238,#2239);
#1795=VERTEX_POINT('',#2240);
#1796=CIRCLE('',#2241,0.4);
#1797=VERTEX_POINT('',#2242);
#1798=LINE('',#2243,#2244);
#1799=CIRCLE('',#2245,0.4);
#1800=VERTEX_POINT('',#2246);
#1801=VERTEX_POINT('',#2247);
#1802=LINE('',#2248,#2249);
#1803=CIRCLE('',#2250,0.4);
#1804=VERTEX_POINT('',#2251);
#1805=LINE('',#2252,#2253);
#1806=VERTEX_POINT('',#2254);
#1807=CIRCLE('',#2255,0.4);
#1808=VERTEX_POINT('',#2256);
#1809=LINE('',#2257,#2258);
#1810=VERTEX_POINT('',#2259);
#1811=LINE('',#2260,#2261);
#1812=VERTEX_POINT('',#2262);
#1813=LINE('',#2263,#2264);
#1814=VERTEX_POINT('',#2265);
#1815=CIRCLE('',#2266,0.4);
#1816=VERTEX_POINT('',#2267);
#1817=LINE('',#2268,#2269);
#1818=VERTEX_POINT('',#2270);
#1819=CIRCLE('',#2271,0.4);
#1820=VERTEX_POINT('',#2272);
#1821=LINE('',#2273,#2274);
#1822=CIRCLE('',#2275,0.4);
#1823=VERTEX_POINT('',#2276);
#1824=VERTEX_POINT('',#2277);
#1825=LINE('',#2278,#2279);
#1826=VERTEX_POINT('',#2280);
#1827=LINE('',#2281,#2282);
#1828=VERTEX_POINT('',#2283);
#1829=LINE('',#2284,#2285);
#1830=VERTEX_POINT('',#2286);
#1831=LINE('',#2287,#2288);
#1832=VERTEX_POINT('',#2289);
#1833=LINE('',#2290,#2291);
#1834=LINE('',#2292,#2293);
#1835=VERTEX_POINT('',#2294);
#1836=VERTEX_POINT('',#2295);
#1837=LINE('',#2296,#2297);
#1838=VERTEX_POINT('',#2298);
#1839=LINE('',#2299,#2300);
#1840=VERTEX_POINT('',#2301);
#1841=LINE('',#2302,#2303);
#1842=LINE('',#2304,#2305);
#1843=VERTEX_POINT('',#2306);
#1844=LINE('',#2307,#2308);
#1845=VERTEX_POINT('',#2309);
#1846=LINE('',#2310,#2311);
#1847=LINE('',#2312,#2313);
#1848=VERTEX_POINT('',#2314);
#1849=LINE('',#2315,#2316);
#1850=LINE('',#2317,#2318);
#1851=VERTEX_POINT('',#2319);
#1852=LINE('',#2320,#2321);
#1853=LINE('',#2322,#2323);
#1854=LINE('',#2324,#2325);
#1855=VERTEX_POINT('',#2326);
#1856=VERTEX_POINT('',#2327);
#1857=LINE('',#2328,#2329);
#1858=VERTEX_POINT('',#2330);
#1859=LINE('',#2331,#2332);
#1860=VERTEX_POINT('',#2333);
#1861=LINE('',#2334,#2335);
#1862=LINE('',#2336,#2337);
#1863=VERTEX_POINT('',#2338);
#1864=VERTEX_POINT('',#2339);
#1865=LINE('',#2340,#2341);
#1866=VERTEX_POINT('',#2342);
#1867=LINE('',#2343,#2344);
#1868=VERTEX_POINT('',#2345);
#1869=LINE('',#2346,#2347);
#1870=VERTEX_POINT('',#2348);
#1871=LINE('',#2349,#2350);
#1872=VERTEX_POINT('',#2351);
#1873=LINE('',#2352,#2353);
#1874=LINE('',#2354,#2355);
#1875=VERTEX_POINT('',#2356);
#1876=VERTEX_POINT('',#2357);
#1877=LINE('',#2358,#2359);
#1878=VERTEX_POINT('',#2360);
#1879=LINE('',#2361,#2362);
#1880=VERTEX_POINT('',#2363);
#1881=LINE('',#2364,#2365);
#1882=LINE('',#2366,#2367);
#1883=LINE('',#2368,#2369);
#1884=LINE('',#2370,#2371);
#1885=LINE('',#2372,#2373);
#1886=LINE('',#2374,#2375);
#1887=LINE('',#2376,#2377);
#1888=LINE('',#2378,#2379);
#1889=VERTEX_POINT('',#2380);
#1890=LINE('',#2381,#2382);
#1891=VERTEX_POINT('',#2383);
#1892=LINE('',#2384,#2385);
#1893=LINE('',#2386,#2387);
#1894=VERTEX_POINT('',#2388);
#1895=VERTEX_POINT('',#2389);
#1896=LINE('',#2390,#2391);
#1897=VERTEX_POINT('',#2392);
#1898=CIRCLE('',#2393,2.09);
#1899=VERTEX_POINT('',#2394);
#1900=LINE('',#2395,#2396);
#1901=VERTEX_POINT('',#2397);
#1902=LINE('',#2398,#2399);
#1903=VERTEX_POINT('',#2400);
#1904=LINE('',#2401,#2402);
#1905=VERTEX_POINT('',#2403);
#1906=CIRCLE('',#2404,1.02);
#1907=VERTEX_POINT('',#2405);
#1908=LINE('',#2406,#2407);
#1909=LINE('',#2408,#2409);
#1910=VERTEX_POINT('',#2410);
#1911=LINE('',#2411,#2412);
#1912=VERTEX_POINT('',#2413);
#1913=LINE('',#2414,#2415);
#1914=LINE('',#2416,#2417);
#1915=VERTEX_POINT('',#2418);
#1916=LINE('',#2419,#2420);
#1917=VERTEX_POINT('',#2421);
#1918=LINE('',#2422,#2423);
#1919=LINE('',#2424,#2425);
#1920=VERTEX_POINT('',#2426);
#1921=VERTEX_POINT('',#2427);
#1922=LINE('',#2428,#2429);
#1923=LINE('',#2430,#2431);
#1924=LINE('',#2432,#2433);
#1925=LINE('',#2434,#2435);
#1926=VERTEX_POINT('',#2436);
#1927=VERTEX_POINT('',#2437);
#1928=LINE('',#2438,#2439);
#1929=VERTEX_POINT('',#2440);
#1930=LINE('',#2441,#2442);
#1931=VERTEX_POINT('',#2443);
#1932=CIRCLE('',#2444,0.4);
#1933=VERTEX_POINT('',#2445);
#1934=LINE('',#2446,#2447);
#1935=VERTEX_POINT('',#2448);
#1936=LINE('',#2449,#2450);
#1937=VERTEX_POINT('',#2451);
#1938=LINE('',#2452,#2453);
#1939=VERTEX_POINT('',#2454);
#1940=LINE('',#2455,#2456);
#1941=VERTEX_POINT('',#2457);
#1942=LINE('',#2458,#2459);
#1943=VERTEX_POINT('',#2460);
#1944=LINE('',#2461,#2462);
#1945=VERTEX_POINT('',#2463);
#1946=LINE('',#2464,#2465);
#1947=VERTEX_POINT('',#2466);
#1948=CIRCLE('',#2467,0.4);
#1949=VERTEX_POINT('',#2468);
#1950=LINE('',#2469,#2470);
#1951=VERTEX_POINT('',#2471);
#1952=LINE('',#2472,#2473);
#1953=VERTEX_POINT('',#2474);
#1954=CIRCLE('',#2475,0.4);
#1955=VERTEX_POINT('',#2476);
#1956=LINE('',#2477,#2478);
#1957=CIRCLE('',#2479,0.4);
#1958=VERTEX_POINT('',#2480);
#1959=VERTEX_POINT('',#2481);
#1960=LINE('',#2482,#2483);
#1961=VERTEX_POINT('',#2484);
#1962=LINE('',#2485,#2486);
#1963=VERTEX_POINT('',#2487);
#1964=LINE('',#2488,#2489);
#1965=LINE('',#2490,#2491);
#1966=VERTEX_POINT('',#2492);
#1967=LINE('',#2493,#2494);
#1968=LINE('',#2495,#2496);
#1969=VERTEX_POINT('',#2497);
#1970=LINE('',#2498,#2499);
#1971=LINE('',#2500,#2501);
#1972=VERTEX_POINT('',#2502);
#1973=VERTEX_POINT('',#2503);
#1974=LINE('',#2504,#2505);
#1975=CIRCLE('',#2506,1.02);
#1976=VERTEX_POINT('',#2507);
#1977=LINE('',#2508,#2509);
#1978=VERTEX_POINT('',#2510);
#1979=CIRCLE('',#2511,2.09);
#1980=VERTEX_POINT('',#2512);
#1981=LINE('',#2513,#2514);
#1982=LINE('',#2515,#2516);
#1983=VERTEX_POINT('',#2517);
#1984=LINE('',#2518,#2519);
#1985=LINE('',#2520,#2521);
#1986=LINE('',#2522,#2523);
#1987=LINE('',#2524,#2525);
#1988=LINE('',#2526,#2527);
#1989=LINE('',#2528,#2529);
#1990=LINE('',#2530,#2531);
#1991=VERTEX_POINT('',#2532);
#1992=LINE('',#2533,#2534);
#1993=VERTEX_POINT('',#2535);
#1994=LINE('',#2536,#2537);
#1995=LINE('',#2538,#2539);
#1996=VERTEX_POINT('',#2540);
#1997=LINE('',#2541,#2542);
#1998=LINE('',#2543,#2544);
#1999=VERTEX_POINT('',#2545);
#2000=LINE('',#2546,#2547);
#2001=LINE('',#2548,#2549);
#2002=LINE('',#2550,#2551);
#2003=LINE('',#2552,#2553);
#2004=LINE('',#2554,#2555);
#2005=VERTEX_POINT('',#2556);
#2006=LINE('',#2557,#2558);
#2007=VERTEX_POINT('',#2559);
#2008=LINE('',#2560,#2561);
#2009=LINE('',#2562,#2563);
#2010=VERTEX_POINT('',#2564);
#2011=VERTEX_POINT('',#2565);
#2012=LINE('',#2566,#2567);
#2013=CIRCLE('',#2568,2.09);
#2014=VERTEX_POINT('',#2569);
#2015=CIRCLE('',#2570,1.02);
#2016=VERTEX_POINT('',#2571);
#2017=LINE('',#2572,#2573);
#2018=LINE('',#2574,#2575);
#2019=VERTEX_POINT('',#2576);
#2020=LINE('',#2577,#2578);
#2021=VERTEX_POINT('',#2579);
#2022=LINE('',#2580,#2581);
#2023=LINE('',#2582,#2583);
#2024=VERTEX_POINT('',#2584);
#2025=LINE('',#2585,#2586);
#2026=VERTEX_POINT('',#2587);
#2027=LINE('',#2588,#2589);
#2028=LINE('',#2590,#2591);
#2029=LINE('',#2592,#2593);
#2030=VERTEX_POINT('',#2594);
#2031=LINE('',#2595,#2596);
#2032=LINE('',#2597,#2598);
#2033=VERTEX_POINT('',#2599);
#2034=VERTEX_POINT('',#2600);
#2035=LINE('',#2601,#2602);
#2036=CIRCLE('',#2603,1.02);
#2037=VERTEX_POINT('',#2604);
#2038=CIRCLE('',#2605,2.09);
#2039=VERTEX_POINT('',#2606);
#2040=LINE('',#2607,#2608);
#2041=LINE('',#2609,#2610);
#2042=VERTEX_POINT('',#2611);
#2043=LINE('',#2612,#2613);
#2044=LINE('',#2614,#2615);
#2045=LINE('',#2616,#2617);
#2046=LINE('',#2618,#2619);
#2047=VERTEX_POINT('',#2620);
#2048=LINE('',#2621,#2622);
#2049=VERTEX_POINT('',#2623);
#2050=LINE('',#2624,#2625);
#2051=LINE('',#2626,#2627);
#2052=VERTEX_POINT('',#2628);
#2053=LINE('',#2629,#2630);
#2054=VERTEX_POINT('',#2631);
#2055=LINE('',#2632,#2633);
#2056=LINE('',#2634,#2635);
#2057=LINE('',#2636,#2637);
#2058=LINE('',#2638,#2639);
#2059=LINE('',#2640,#2641);
#2060=LINE('',#2642,#2643);
#2061=LINE('',#2644,#2645);
#2062=LINE('',#2646,#2647);
#2063=LINE('',#2648,#2649);
#2064=LINE('',#2650,#2651);
#2065=VERTEX_POINT('',#2652);
#2066=VERTEX_POINT('',#2653);
#2067=LINE('',#2654,#2655);
#2068=VERTEX_POINT('',#2656);
#2069=LINE('',#2657,#2658);
#2070=VERTEX_POINT('',#2659);
#2071=LINE('',#2660,#2661);
#2072=LINE('',#2662,#2663);
#2073=LINE('',#2664,#2665);
#2074=VERTEX_POINT('',#2666);
#2075=LINE('',#2667,#2668);
#2076=LINE('',#2669,#2670);
#2077=VERTEX_POINT('',#2671);
#2078=CIRCLE('',#2672,0.4);
#2079=LINE('',#2673,#2674);
#2080=VERTEX_POINT('',#2675);
#2081=LINE('',#2676,#2677);
#2082=LINE('',#2678,#2679);
#2083=LINE('',#2680,#2681);
#2084=VERTEX_POINT('',#2682);
#2085=LINE('',#2683,#2684);
#2086=LINE('',#2685,#2686);
#2087=VERTEX_POINT('',#2687);
#2088=LINE('',#2688,#2689);
#2089=VERTEX_POINT('',#2690);
#2090=LINE('',#2691,#2692);
#2091=LINE('',#2693,#2694);
#2092=VERTEX_POINT('',#2695);
#2093=VERTEX_POINT('',#2696);
#2094=LINE('',#2697,#2698);
#2095=VERTEX_POINT('',#2699);
#2096=LINE('',#2700,#2701);
#2097=VERTEX_POINT('',#2702);
#2098=LINE('',#2703,#2704);
#2099=LINE('',#2705,#2706);
#2100=VERTEX_POINT('',#2707);
#2101=CIRCLE('',#2708,0.4);
#2102=LINE('',#2709,#2710);
#2103=VERTEX_POINT('',#2711);
#2104=LINE('',#2712,#2713);
#2105=LINE('',#2714,#2715);
#2106=VERTEX_POINT('',#2716);
#2107=VERTEX_POINT('',#2717);
#2108=LINE('',#2718,#2719);
#2109=VERTEX_POINT('',#2720);
#2110=LINE('',#2721,#2722);
#2111=VERTEX_POINT('',#2723);
#2112=LINE('',#2724,#2725);
#2113=VERTEX_POINT('',#2726);
#2114=LINE('',#2727,#2728);
#2115=LINE('',#2729,#2730);
#2116=CIRCLE('',#2731,0.4);
#2117=VERTEX_POINT('',#2732);
#2118=LINE('',#2733,#2734);
#2119=VERTEX_POINT('',#2735);
#2120=LINE('',#2736,#2737);
#2121=VERTEX_POINT('',#2738);
#2122=LINE('',#2739,#2740);
#2123=VERTEX_POINT('',#2741);
#2124=LINE('',#2742,#2743);
#2125=VERTEX_POINT('',#2744);
#2126=LINE('',#2745,#2746);
#2127=CIRCLE('',#2747,0.4);
#2128=VERTEX_POINT('',#2748);
#2129=VERTEX_POINT('',#2749);
#2130=LINE('',#2750,#2751);
#2131=VERTEX_POINT('',#2752);
#2132=LINE('',#2753,#2754);
#2133=VERTEX_POINT('',#2755);
#2134=LINE('',#2756,#2757);
#2135=VERTEX_POINT('',#2758);
#2136=LINE('',#2759,#2760);
#2137=VERTEX_POINT('',#2761);
#2138=LINE('',#2762,#2763);
#2139=VERTEX_POINT('',#2764);
#2140=LINE('',#2765,#2766);
#2141=VERTEX_POINT('',#2767);
#2142=LINE('',#2768,#2769);
#2143=VERTEX_POINT('',#2770);
#2144=LINE('',#2771,#2772);
#2145=VERTEX_POINT('',#2773);
#2146=LINE('',#2774,#2775);
#2147=VERTEX_POINT('',#2776);
#2148=LINE('',#2777,#2778);
#2149=VERTEX_POINT('',#2779);
#2150=LINE('',#2780,#2781);
#2151=VERTEX_POINT('',#2782);
#2152=LINE('',#2783,#2784);
#2153=CIRCLE('',#2785,0.4);
#2154=LINE('',#2786,#2787);
#2155=LINE('',#2788,#2789);
#2156=VERTEX_POINT('',#2790);
#2157=LINE('',#2791,#2792);
#2158=VERTEX_POINT('',#2793);
#2159=CIRCLE('',#2794,1.2);
#2160=LINE('',#2795,#2796);
#2161=VERTEX_POINT('',#2797);
#2162=LINE('',#2798,#2799);
#2163=LINE('',#2800,#2801);
#2164=VERTEX_POINT('',#2802);
#2165=CIRCLE('',#2803,1.2);
#2166=LINE('',#2804,#2805);
#2167=VERTEX_POINT('',#2806);
#2168=LINE('',#2807,#2808);
#2169=VERTEX_POINT('',#2809);
#2170=CIRCLE('',#2810,1.2);
#2171=LINE('',#2811,#2812);
#2172=LINE('',#2813,#2814);
#2173=VERTEX_POINT('',#2815);
#2174=VERTEX_POINT('',#2816);
#2175=CIRCLE('',#2817,1.2);
#2176=VERTEX_POINT('',#2818);
#2177=LINE('',#2819,#2820);
#2178=LINE('',#2821,#2822);
#2179=VERTEX_POINT('',#2823);
#2180=LINE('',#2824,#2825);
#2181=LINE('',#2826,#2827);
#2182=LINE('',#2828,#2829);
#2183=LINE('',#2830,#2831);
#2184=LINE('',#2832,#2833);
#2185=LINE('',#2834,#2835);
#2186=LINE('',#2836,#2837);
#2187=CIRCLE('',#2838,1.2);
#2188=VERTEX_POINT('',#2839);
#2189=LINE('',#2840,#2841);
#2190=VERTEX_POINT('',#2842);
#2191=CIRCLE('',#2843,1.2);
#2192=LINE('',#2844,#2845);
#2193=VERTEX_POINT('',#2846);
#2194=LINE('',#2847,#2848);
#2195=LINE('',#2849,#2850);
#2196=LINE('',#2851,#2852);
#2197=LINE('',#2853,#2854);
#2198=LINE('',#2855,#2856);
#2199=LINE('',#2857,#2858);
#2200=LINE('',#2859,#2860);
#2201=LINE('',#2861,#2862);
#2202=VERTEX_POINT('',#2863);
#2203=LINE('',#2864,#2865);
#2204=VERTEX_POINT('',#2866);
#2205=LINE('',#2867,#2868);
#2206=LINE('',#2869,#2870);
#2207=VERTEX_POINT('',#2871);
#2208=LINE('',#2872,#2873);
#2209=VERTEX_POINT('',#2874);
#2210=LINE('',#2875,#2876);
#2211=LINE('',#2877,#2878);
#2212=VERTEX_POINT('',#2879);
#2213=LINE('',#2880,#2881);
#2214=LINE('',#2882,#2883);
#2215=VERTEX_POINT('',#2884);
#2216=LINE('',#2885,#2886);
#2217=LINE('',#2887,#2888);
#2218=LINE('',#2889,#2890);
#2219=VERTEX_POINT('',#2891);
#2220=LINE('',#2892,#2893);
#2221=VERTEX_POINT('',#2894);
#2222=CIRCLE('',#2895,1.2);
#2223=LINE('',#2896,#2897);
#2224=LINE('',#2898,#2899);
#2225=LINE('',#2900,#2901);
#2226=LINE('',#2902,#2903);
#2227=VERTEX_POINT('',#2904);
#2228=CIRCLE('',#2905,1.2);
#2229=LINE('',#2906,#2907);
#2230=LINE('',#2908,#2909);
#2231=LINE('',#2910,#2911);
#2232=LINE('',#2912,#2913);
#2233=LINE('',#2914,#2915);
#2234=LINE('',#2916,#2917);
#2235=LINE('',#2918,#2919);
#2236=CARTESIAN_POINT('',(3.1,2.75,-6.6));
#2237=CARTESIAN_POINT('',(3.1,2.75,0.0));
#2238=CARTESIAN_POINT('',(3.1,2.75,0.0));
#2239=VECTOR('',#2920,1.0);
#2240=CARTESIAN_POINT('',(2.7,3.15,-6.6));
#2241=AXIS2_PLACEMENT_3D('',#2921,#2922,#2923);
#2242=CARTESIAN_POINT('',(2.7,3.15,0.0));
#2243=CARTESIAN_POINT('',(2.7,3.15,0.0));
#2244=VECTOR('',#2924,6.6);
#2245=AXIS2_PLACEMENT_3D('',#2925,#2926,#2927);
#2246=CARTESIAN_POINT('',(2.7,2.35,0.0));
#2247=CARTESIAN_POINT('',(2.7,0.8,0.0));
#2248=CARTESIAN_POINT('',(2.7,2.35,0.0));
#2249=VECTOR('',#2928,1.55);
#2250=AXIS2_PLACEMENT_3D('',#2929,#2930,#2931);
#2251=CARTESIAN_POINT('',(2.7,9.6,0.0));
#2252=CARTESIAN_POINT('',(2.7,9.6,0.0));
#2253=VECTOR('',#2932,6.45);
#2254=CARTESIAN_POINT('',(2.3,10.0,0.0));
#2255=AXIS2_PLACEMENT_3D('',#2933,#2934,#2935);
#2256=CARTESIAN_POINT('',(2.1,10.0,0.0));
#2257=CARTESIAN_POINT('',(2.1,10.0,0.0));
#2258=VECTOR('',#2936,0.2);
#2259=CARTESIAN_POINT('',(-2.1,10.0,0.0));
#2260=CARTESIAN_POINT('',(-2.1,10.0,0.0));
#2261=VECTOR('',#2937,4.2);
#2262=CARTESIAN_POINT('',(-2.3,10.0,0.0));
#2263=CARTESIAN_POINT('',(-2.3,10.0,0.0));
#2264=VECTOR('',#2938,0.2);
#2265=CARTESIAN_POINT('',(-2.7,9.6,0.0));
#2266=AXIS2_PLACEMENT_3D('',#2939,#2940,#2941);
#2267=CARTESIAN_POINT('',(-2.7,0.8,0.0));
#2268=CARTESIAN_POINT('',(-2.7,0.8,0.0));
#2269=VECTOR('',#2942,8.8);
#2270=CARTESIAN_POINT('',(-2.3,0.4,0.0));
#2271=AXIS2_PLACEMENT_3D('',#2943,#2944,#2945);
#2272=CARTESIAN_POINT('',(2.3,0.4,0.0));
#2273=CARTESIAN_POINT('',(2.3,0.4,0.0));
#2274=VECTOR('',#2946,4.6);
#2275=AXIS2_PLACEMENT_3D('',#2947,#2948,#2949);
#2276=CARTESIAN_POINT('',(1.8,9.1,0.0));
#2277=CARTESIAN_POINT('',(-1.8,9.1,0.0));
#2278=CARTESIAN_POINT('',(1.8,9.1,0.0));
#2279=VECTOR('',#2950,3.6);
#2280=CARTESIAN_POINT('',(1.8,6.45,0.0));
#2281=CARTESIAN_POINT('',(1.8,6.45,0.0));
#2282=VECTOR('',#2951,2.65);
#2283=CARTESIAN_POINT('',(0.85,5.5,0.0));
#2284=CARTESIAN_POINT('',(0.85,5.5,0.0));
#2285=VECTOR('',#2952,1.343502884254);
#2286=CARTESIAN_POINT('',(-0.85,5.5,0.0));
#2287=CARTESIAN_POINT('',(-0.85,5.5,0.0));
#2288=VECTOR('',#2953,1.7);
#2289=CARTESIAN_POINT('',(-1.8,6.45,0.0));
#2290=CARTESIAN_POINT('',(-1.8,6.45,0.0));
#2291=VECTOR('',#2954,1.343502884254);
#2292=CARTESIAN_POINT('',(-1.8,9.1,0.0));
#2293=VECTOR('',#2955,2.65);
#2294=CARTESIAN_POINT('',(1.8,4.9,0.0));
#2295=CARTESIAN_POINT('',(-1.8,4.9,0.0));
#2296=CARTESIAN_POINT('',(1.8,4.9,0.0));
#2297=VECTOR('',#2956,3.6);
#2298=CARTESIAN_POINT('',(1.8,1.3,0.0));
#2299=CARTESIAN_POINT('',(1.8,1.3,0.0));
#2300=VECTOR('',#2957,3.6);
#2301=CARTESIAN_POINT('',(-1.8,1.3,0.0));
#2302=CARTESIAN_POINT('',(-1.8,1.3,0.0));
#2303=VECTOR('',#2958,3.6);
#2304=CARTESIAN_POINT('',(-1.8,4.9,0.0));
#2305=VECTOR('',#2959,3.6);
#2306=CARTESIAN_POINT('',(-1.8,1.3,-9.1));
#2307=CARTESIAN_POINT('',(-1.8,1.3,0.0));
#2308=VECTOR('',#2960,9.1);
#2309=CARTESIAN_POINT('',(-1.8,4.9,-9.1));
#2310=CARTESIAN_POINT('',(-1.8,4.9,-9.1));
#2311=VECTOR('',#2961,3.6);
#2312=CARTESIAN_POINT('',(-1.8,4.9,0.0));
#2313=VECTOR('',#2962,9.1);
#2314=CARTESIAN_POINT('',(1.8,4.9,-9.1));
#2315=CARTESIAN_POINT('',(1.8,4.9,-9.1));
#2316=VECTOR('',#2963,3.6);
#2317=CARTESIAN_POINT('',(1.8,4.9,0.0));
#2318=VECTOR('',#2964,9.1);
#2319=CARTESIAN_POINT('',(1.8,1.3,-9.1));
#2320=CARTESIAN_POINT('',(1.8,1.3,-9.1));
#2321=VECTOR('',#2965,3.6);
#2322=CARTESIAN_POINT('',(1.8,1.3,0.0));
#2323=VECTOR('',#2966,9.1);
#2324=CARTESIAN_POINT('',(-1.8,1.3,-9.1));
#2325=VECTOR('',#2967,3.6);
#2326=CARTESIAN_POINT('',(0.5,2.765,-9.1));
#2327=CARTESIAN_POINT('',(-0.5,2.765,-9.1));
#2328=CARTESIAN_POINT('',(0.5,2.765,-9.1));
#2329=VECTOR('',#2968,1.0);
#2330=CARTESIAN_POINT('',(-0.5,3.835,-9.1));
#2331=CARTESIAN_POINT('',(-0.5,2.765,-9.1));
#2332=VECTOR('',#2969,1.07);
#2333=CARTESIAN_POINT('',(0.5,3.835,-9.1));
#2334=CARTESIAN_POINT('',(0.5,3.835,-9.1));
#2335=VECTOR('',#2970,1.0);
#2336=CARTESIAN_POINT('',(0.5,2.765,-9.1));
#2337=VECTOR('',#2971,1.07);
#2338=CARTESIAN_POINT('',(-1.8,6.45,-9.1));
#2339=CARTESIAN_POINT('',(-0.85,5.5,-9.1));
#2340=CARTESIAN_POINT('',(-1.8,6.45,-9.1));
#2341=VECTOR('',#2972,1.343502884254);
#2342=CARTESIAN_POINT('',(0.85,5.5,-9.1));
#2343=CARTESIAN_POINT('',(-0.85,5.5,-9.1));
#2344=VECTOR('',#2973,1.7);
#2345=CARTESIAN_POINT('',(1.8,6.45,-9.1));
#2346=CARTESIAN_POINT('',(0.85,5.5,-9.1));
#2347=VECTOR('',#2974,1.343502884254);
#2348=CARTESIAN_POINT('',(1.8,9.1,-9.1));
#2349=CARTESIAN_POINT('',(1.8,6.45,-9.1));
#2350=VECTOR('',#2975,2.65);
#2351=CARTESIAN_POINT('',(-1.8,9.1,-9.1));
#2352=CARTESIAN_POINT('',(1.8,9.1,-9.1));
#2353=VECTOR('',#2976,3.6);
#2354=CARTESIAN_POINT('',(-1.8,9.1,-9.1));
#2355=VECTOR('',#2977,2.65);
#2356=CARTESIAN_POINT('',(0.5,6.965,-9.1));
#2357=CARTESIAN_POINT('',(-0.5,6.965,-9.1));
#2358=CARTESIAN_POINT('',(0.5,6.965,-9.1));
#2359=VECTOR('',#2978,1.0);
#2360=CARTESIAN_POINT('',(-0.5,8.035,-9.1));
#2361=CARTESIAN_POINT('',(-0.5,6.965,-9.1));
#2362=VECTOR('',#2979,1.07);
#2363=CARTESIAN_POINT('',(0.5,8.035,-9.1));
#2364=CARTESIAN_POINT('',(0.5,8.035,-9.1));
#2365=VECTOR('',#2980,1.0);
#2366=CARTESIAN_POINT('',(0.5,6.965,-9.1));
#2367=VECTOR('',#2981,1.07);
#2368=CARTESIAN_POINT('',(-1.8,6.45,0.0));
#2369=VECTOR('',#2982,9.1);
#2370=CARTESIAN_POINT('',(-1.8,9.1,0.0));
#2371=VECTOR('',#2983,9.1);
#2372=CARTESIAN_POINT('',(1.8,9.1,0.0));
#2373=VECTOR('',#2984,9.1);
#2374=CARTESIAN_POINT('',(1.8,6.45,0.0));
#2375=VECTOR('',#2985,9.1);
#2376=CARTESIAN_POINT('',(0.85,5.5,0.0));
#2377=VECTOR('',#2986,9.1);
#2378=CARTESIAN_POINT('',(-0.85,5.5,0.0));
#2379=VECTOR('',#2987,9.1);
#2380=CARTESIAN_POINT('',(0.5,6.965,-4.5));
#2381=CARTESIAN_POINT('',(0.5,6.965,-9.1));
#2382=VECTOR('',#2988,4.6);
#2383=CARTESIAN_POINT('',(0.5,8.035,-4.5));
#2384=CARTESIAN_POINT('',(0.5,8.035,-4.5));
#2385=VECTOR('',#2989,4.6);
#2386=CARTESIAN_POINT('',(0.5,8.035,-4.5));
#2387=VECTOR('',#2990,1.07);
#2388=CARTESIAN_POINT('',(0.5,5.945,-19.935));
#2389=CARTESIAN_POINT('',(0.5,-2.8,-19.935));
#2390=CARTESIAN_POINT('',(0.5,5.945,-19.935));
#2391=VECTOR('',#2991,8.745);
#2392=CARTESIAN_POINT('',(0.5,8.035,-17.845));
#2393=AXIS2_PLACEMENT_3D('',#2992,#2993,#2994);
#2394=CARTESIAN_POINT('',(0.5,8.035,-12.8));
#2395=CARTESIAN_POINT('',(0.5,8.035,-12.8));
#2396=VECTOR('',#2995,5.045);
#2397=CARTESIAN_POINT('',(0.5,6.965,-12.8));
#2398=CARTESIAN_POINT('',(0.5,6.965,-12.8));
#2399=VECTOR('',#2996,1.07);
#2400=CARTESIAN_POINT('',(0.5,6.965,-17.845));
#2401=CARTESIAN_POINT('',(0.5,6.965,-17.845));
#2402=VECTOR('',#2997,5.045);
#2403=CARTESIAN_POINT('',(0.5,5.945,-18.865));
#2404=AXIS2_PLACEMENT_3D('',#2998,#2999,#3000);
#2405=CARTESIAN_POINT('',(0.5,-2.8,-18.865));
#2406=CARTESIAN_POINT('',(0.5,-2.8,-18.865));
#2407=VECTOR('',#3001,8.745);
#2408=CARTESIAN_POINT('',(0.5,-2.8,-18.865));
#2409=VECTOR('',#3002,1.07);
#2410=CARTESIAN_POINT('',(0.13,7.665,-3.8));
#2411=CARTESIAN_POINT('',(0.13,7.665,-3.8));
#2412=VECTOR('',#3003,0.8739565206576);
#2413=CARTESIAN_POINT('',(0.13,7.335,-3.8));
#2414=CARTESIAN_POINT('',(0.13,7.665,-3.8));
#2415=VECTOR('',#3004,0.33);
#2416=CARTESIAN_POINT('',(0.13,7.335,-3.8));
#2417=VECTOR('',#3005,0.8739565206576);
#2418=CARTESIAN_POINT('',(-0.13,7.335,-3.8));
#2419=CARTESIAN_POINT('',(-0.13,7.335,-3.8));
#2420=VECTOR('',#3006,0.26);
#2421=CARTESIAN_POINT('',(-0.5,6.965,-4.5));
#2422=CARTESIAN_POINT('',(-0.13,7.335,-3.8));
#2423=VECTOR('',#3007,0.8739565206576);
#2424=CARTESIAN_POINT('',(-0.5,6.965,-4.5));
#2425=VECTOR('',#3008,1.0);
#2426=CARTESIAN_POINT('',(-0.5,6.965,-17.845));
#2427=CARTESIAN_POINT('',(-0.5,6.965,-12.8));
#2428=CARTESIAN_POINT('',(-0.5,6.965,-17.845));
#2429=VECTOR('',#3009,5.045);
#2430=CARTESIAN_POINT('',(0.5,6.965,-17.845));
#2431=VECTOR('',#3010,1.0);
#2432=CARTESIAN_POINT('',(0.5,6.965,-12.8));
#2433=VECTOR('',#3011,1.0);
#2434=CARTESIAN_POINT('',(-0.5,6.965,-9.1));
#2435=VECTOR('',#3012,4.6);
#2436=CARTESIAN_POINT('',(2.7,9.6,-12.8));
#2437=CARTESIAN_POINT('',(2.7,4.9,-12.8));
#2438=CARTESIAN_POINT('',(2.7,9.6,-12.8));
#2439=VECTOR('',#3013,4.7);
#2440=CARTESIAN_POINT('',(7.3,4.9,-12.8));
#2441=CARTESIAN_POINT('',(7.3,4.9,-12.8));
#2442=VECTOR('',#3014,4.6);
#2443=CARTESIAN_POINT('',(7.7,4.5,-12.8));
#2444=AXIS2_PLACEMENT_3D('',#3015,#3016,#3017);
#2445=CARTESIAN_POINT('',(7.7,0.0,-12.8));
#2446=CARTESIAN_POINT('',(7.7,0.0,-12.8));
#2447=VECTOR('',#3018,4.5);
#2448=CARTESIAN_POINT('',(2.3,0.0,-12.8));
#2449=CARTESIAN_POINT('',(2.3,0.0,-12.8));
#2450=VECTOR('',#3019,5.4);
#2451=CARTESIAN_POINT('',(2.3,0.4,-12.8));
#2452=CARTESIAN_POINT('',(2.3,0.4,-12.8));
#2453=VECTOR('',#3020,0.4);
#2454=CARTESIAN_POINT('',(-2.3,0.4,-12.8));
#2455=CARTESIAN_POINT('',(2.3,0.4,-12.8));
#2456=VECTOR('',#3021,4.6);
#2457=CARTESIAN_POINT('',(-2.3,0.0,-12.8));
#2458=CARTESIAN_POINT('',(-2.3,0.0,-12.8));
#2459=VECTOR('',#3022,0.4);
#2460=CARTESIAN_POINT('',(-7.7,0.0,-12.8));
#2461=CARTESIAN_POINT('',(-7.7,0.0,-12.8));
#2462=VECTOR('',#3023,5.4);
#2463=CARTESIAN_POINT('',(-7.7,4.5,-12.8));
#2464=CARTESIAN_POINT('',(-7.7,4.5,-12.8));
#2465=VECTOR('',#3024,4.5);
#2466=CARTESIAN_POINT('',(-7.3,4.9,-12.8));
#2467=AXIS2_PLACEMENT_3D('',#3025,#3026,#3027);
#2468=CARTESIAN_POINT('',(-2.7,4.9,-12.8));
#2469=CARTESIAN_POINT('',(-2.7,4.9,-12.8));
#2470=VECTOR('',#3028,4.6);
#2471=CARTESIAN_POINT('',(-2.7,9.6,-12.8));
#2472=CARTESIAN_POINT('',(-2.7,4.9,-12.8));
#2473=VECTOR('',#3029,4.7);
#2474=CARTESIAN_POINT('',(-2.3,10.0,-12.8));
#2475=AXIS2_PLACEMENT_3D('',#3030,#3031,#3032);
#2476=CARTESIAN_POINT('',(2.3,10.0,-12.8));
#2477=CARTESIAN_POINT('',(-2.3,10.0,-12.8));
#2478=VECTOR('',#3033,4.6);
#2479=AXIS2_PLACEMENT_3D('',#3034,#3035,#3036);
#2480=CARTESIAN_POINT('',(0.5,3.784871319471,-12.8));
#2481=CARTESIAN_POINT('',(-0.5,3.784871319471,-12.8));
#2482=CARTESIAN_POINT('',(0.5,3.784871319471,-12.8));
#2483=VECTOR('',#3037,1.0);
#2484=CARTESIAN_POINT('',(-0.5,2.657893750663,-12.8));
#2485=CARTESIAN_POINT('',(-0.5,2.657893750663,-12.8));
#2486=VECTOR('',#3038,1.126977568808);
#2487=CARTESIAN_POINT('',(0.5,2.657893750663,-12.8));
#2488=CARTESIAN_POINT('',(0.5,2.657893750663,-12.8));
#2489=VECTOR('',#3039,1.0);
#2490=CARTESIAN_POINT('',(0.5,2.657893750663,-12.8));
#2491=VECTOR('',#3040,1.126977568808);
#2492=CARTESIAN_POINT('',(-0.5,8.035,-12.8));
#2493=CARTESIAN_POINT('',(0.5,8.035,-12.8));
#2494=VECTOR('',#3041,1.0);
#2495=CARTESIAN_POINT('',(-0.5,6.965,-12.8));
#2496=VECTOR('',#3042,1.07);
#2497=CARTESIAN_POINT('',(-0.5,8.035,-4.5));
#2498=CARTESIAN_POINT('',(-0.5,8.035,-4.5));
#2499=VECTOR('',#3043,4.6);
#2500=CARTESIAN_POINT('',(-0.5,6.965,-4.5));
#2501=VECTOR('',#3044,1.07);
#2502=CARTESIAN_POINT('',(-0.5,-2.8,-18.865));
#2503=CARTESIAN_POINT('',(-0.5,5.945,-18.865));
#2504=CARTESIAN_POINT('',(-0.5,-2.8,-18.865));
#2505=VECTOR('',#3045,8.745);
#2506=AXIS2_PLACEMENT_3D('',#3046,#3047,#3048);
#2507=CARTESIAN_POINT('',(-0.5,8.035,-17.845));
#2508=CARTESIAN_POINT('',(-0.5,8.035,-12.8));
#2509=VECTOR('',#3049,5.045);
#2510=CARTESIAN_POINT('',(-0.5,5.945,-19.935));
#2511=AXIS2_PLACEMENT_3D('',#3050,#3051,#3052);
#2512=CARTESIAN_POINT('',(-0.5,-2.8,-19.935));
#2513=CARTESIAN_POINT('',(-0.5,5.945,-19.935));
#2514=VECTOR('',#3053,8.745);
#2515=CARTESIAN_POINT('',(-0.5,-2.8,-19.935));
#2516=VECTOR('',#3054,1.07);
#2517=CARTESIAN_POINT('',(-0.13,7.665,-3.8));
#2518=CARTESIAN_POINT('',(-0.13,7.665,-3.8));
#2519=VECTOR('',#3055,0.8739565206576);
#2520=CARTESIAN_POINT('',(-0.13,7.335,-3.8));
#2521=VECTOR('',#3056,0.33);
#2522=CARTESIAN_POINT('',(-0.13,7.665,-3.8));
#2523=VECTOR('',#3057,0.26);
#2524=CARTESIAN_POINT('',(-0.5,8.035,-4.5));
#2525=VECTOR('',#3058,1.0);
#2526=CARTESIAN_POINT('',(0.5,8.035,-17.845));
#2527=VECTOR('',#3059,1.0);
#2528=CARTESIAN_POINT('',(0.5,5.945,-19.935));
#2529=VECTOR('',#3060,1.0);
#2530=CARTESIAN_POINT('',(-0.5,-2.8,-19.935));
#2531=VECTOR('',#3061,1.0);
#2532=CARTESIAN_POINT('',(0.13,-3.5,-19.565));
#2533=CARTESIAN_POINT('',(0.13,-3.5,-19.565));
#2534=VECTOR('',#3062,0.8739565206576);
#2535=CARTESIAN_POINT('',(-0.13,-3.5,-19.565));
#2536=CARTESIAN_POINT('',(-0.13,-3.5,-19.565));
#2537=VECTOR('',#3063,0.26);
#2538=CARTESIAN_POINT('',(-0.13,-3.5,-19.565));
#2539=VECTOR('',#3064,0.8739565206576);
#2540=CARTESIAN_POINT('',(-0.13,-3.5,-19.235));
#2541=CARTESIAN_POINT('',(-0.5,-2.8,-18.865));
#2542=VECTOR('',#3065,0.8739565206576);
#2543=CARTESIAN_POINT('',(-0.13,-3.5,-19.565));
#2544=VECTOR('',#3066,0.33);
#2545=CARTESIAN_POINT('',(0.13,-3.5,-19.235));
#2546=CARTESIAN_POINT('',(0.13,-3.5,-19.235));
#2547=VECTOR('',#3067,0.33);
#2548=CARTESIAN_POINT('',(-0.13,-3.5,-19.235));
#2549=VECTOR('',#3068,0.26);
#2550=CARTESIAN_POINT('',(0.13,-3.5,-19.235));
#2551=VECTOR('',#3069,0.8739565206576);
#2552=CARTESIAN_POINT('',(-0.5,-2.8,-18.865));
#2553=VECTOR('',#3070,1.0);
#2554=CARTESIAN_POINT('',(0.5,5.945,-18.865));
#2555=VECTOR('',#3071,1.0);
#2556=CARTESIAN_POINT('',(0.5,2.765,-4.5));
#2557=CARTESIAN_POINT('',(0.5,2.765,-9.1));
#2558=VECTOR('',#3072,4.6);
#2559=CARTESIAN_POINT('',(0.5,3.835,-4.5));
#2560=CARTESIAN_POINT('',(0.5,3.835,-4.5));
#2561=VECTOR('',#3073,4.6);
#2562=CARTESIAN_POINT('',(0.5,3.835,-4.5));
#2563=VECTOR('',#3074,1.07);
#2564=CARTESIAN_POINT('',(0.5,1.745,-14.435));
#2565=CARTESIAN_POINT('',(0.5,-2.8,-14.435));
#2566=CARTESIAN_POINT('',(0.5,1.745,-14.435));
#2567=VECTOR('',#3075,4.545);
#2568=AXIS2_PLACEMENT_3D('',#3076,#3077,#3078);
#2569=CARTESIAN_POINT('',(0.5,1.745,-13.365));
#2570=AXIS2_PLACEMENT_3D('',#3079,#3080,#3081);
#2571=CARTESIAN_POINT('',(0.5,-2.8,-13.365));
#2572=CARTESIAN_POINT('',(0.5,-2.8,-13.365));
#2573=VECTOR('',#3082,4.545);
#2574=CARTESIAN_POINT('',(0.5,-2.8,-13.365));
#2575=VECTOR('',#3083,1.07);
#2576=CARTESIAN_POINT('',(0.13,3.465,-3.8));
#2577=CARTESIAN_POINT('',(0.13,3.465,-3.8));
#2578=VECTOR('',#3084,0.8739565206576);
#2579=CARTESIAN_POINT('',(0.13,3.135,-3.8));
#2580=CARTESIAN_POINT('',(0.13,3.465,-3.8));
#2581=VECTOR('',#3085,0.33);
#2582=CARTESIAN_POINT('',(0.13,3.135,-3.8));
#2583=VECTOR('',#3086,0.8739565206576);
#2584=CARTESIAN_POINT('',(-0.13,3.135,-3.8));
#2585=CARTESIAN_POINT('',(-0.13,3.135,-3.8));
#2586=VECTOR('',#3087,0.26);
#2587=CARTESIAN_POINT('',(-0.5,2.765,-4.5));
#2588=CARTESIAN_POINT('',(-0.13,3.135,-3.8));
#2589=VECTOR('',#3088,0.8739565206576);
#2590=CARTESIAN_POINT('',(-0.5,2.765,-4.5));
#2591=VECTOR('',#3089,1.0);
#2592=CARTESIAN_POINT('',(-0.5,2.765,-9.1));
#2593=VECTOR('',#3090,4.6);
#2594=CARTESIAN_POINT('',(-0.5,3.835,-4.5));
#2595=CARTESIAN_POINT('',(-0.5,3.835,-4.5));
#2596=VECTOR('',#3091,4.6);
#2597=CARTESIAN_POINT('',(-0.5,2.765,-4.5));
#2598=VECTOR('',#3092,1.07);
#2599=CARTESIAN_POINT('',(-0.5,-2.8,-13.365));
#2600=CARTESIAN_POINT('',(-0.5,1.745,-13.365));
#2601=CARTESIAN_POINT('',(-0.5,-2.8,-13.365));
#2602=VECTOR('',#3093,4.545);
#2603=AXIS2_PLACEMENT_3D('',#3094,#3095,#3096);
#2604=CARTESIAN_POINT('',(-0.5,1.745,-14.435));
#2605=AXIS2_PLACEMENT_3D('',#3097,#3098,#3099);
#2606=CARTESIAN_POINT('',(-0.5,-2.8,-14.435));
#2607=CARTESIAN_POINT('',(-0.5,1.745,-14.435));
#2608=VECTOR('',#3100,4.545);
#2609=CARTESIAN_POINT('',(-0.5,-2.8,-14.435));
#2610=VECTOR('',#3101,1.07);
#2611=CARTESIAN_POINT('',(-0.13,3.465,-3.8));
#2612=CARTESIAN_POINT('',(-0.13,3.465,-3.8));
#2613=VECTOR('',#3102,0.8739565206576);
#2614=CARTESIAN_POINT('',(-0.13,3.135,-3.8));
#2615=VECTOR('',#3103,0.33);
#2616=CARTESIAN_POINT('',(-0.13,3.465,-3.8));
#2617=VECTOR('',#3104,0.26);
#2618=CARTESIAN_POINT('',(-0.5,3.835,-4.5));
#2619=VECTOR('',#3105,1.0);
#2620=CARTESIAN_POINT('',(-0.13,-3.5,-13.735));
#2621=CARTESIAN_POINT('',(-0.5,-2.8,-13.365));
#2622=VECTOR('',#3106,0.8739565206576);
#2623=CARTESIAN_POINT('',(-0.13,-3.5,-14.065));
#2624=CARTESIAN_POINT('',(-0.13,-3.5,-14.065));
#2625=VECTOR('',#3107,0.8739565206576);
#2626=CARTESIAN_POINT('',(-0.13,-3.5,-14.065));
#2627=VECTOR('',#3108,0.33);
#2628=CARTESIAN_POINT('',(0.13,-3.5,-14.065));
#2629=CARTESIAN_POINT('',(-0.13,-3.5,-14.065));
#2630=VECTOR('',#3109,0.26);
#2631=CARTESIAN_POINT('',(0.13,-3.5,-13.735));
#2632=CARTESIAN_POINT('',(0.13,-3.5,-13.735));
#2633=VECTOR('',#3110,0.33);
#2634=CARTESIAN_POINT('',(-0.13,-3.5,-13.735));
#2635=VECTOR('',#3111,0.26);
#2636=CARTESIAN_POINT('',(0.13,-3.5,-13.735));
#2637=VECTOR('',#3112,0.8739565206576);
#2638=CARTESIAN_POINT('',(-0.5,-2.8,-13.365));
#2639=VECTOR('',#3113,1.0);
#2640=CARTESIAN_POINT('',(0.5,1.745,-13.365));
#2641=VECTOR('',#3114,1.0);
#2642=CARTESIAN_POINT('',(0.13,-3.5,-14.065));
#2643=VECTOR('',#3115,0.8739565206576);
#2644=CARTESIAN_POINT('',(-0.5,-2.8,-14.435));
#2645=VECTOR('',#3116,1.0);
#2646=CARTESIAN_POINT('',(0.5,1.745,-14.435));
#2647=VECTOR('',#3117,1.0);
#2648=CARTESIAN_POINT('',(2.3,10.0,-12.8));
#2649=VECTOR('',#3118,12.8);
#2650=CARTESIAN_POINT('',(2.7,9.6,-12.8));
#2651=VECTOR('',#3119,12.8);
#2652=CARTESIAN_POINT('',(2.7,0.8,-2.0));
#2653=CARTESIAN_POINT('',(2.7,1.5,-2.0));
#2654=CARTESIAN_POINT('',(2.7,0.8,-2.0));
#2655=VECTOR('',#3120,0.7);
#2656=CARTESIAN_POINT('',(2.7,1.5,-6.6));
#2657=CARTESIAN_POINT('',(2.7,1.5,-2.0));
#2658=VECTOR('',#3121,4.6);
#2659=CARTESIAN_POINT('',(2.7,2.35,-6.6));
#2660=CARTESIAN_POINT('',(2.7,1.5,-6.6));
#2661=VECTOR('',#3122,0.85);
#2662=CARTESIAN_POINT('',(2.7,2.35,0.0));
#2663=VECTOR('',#3123,6.6);
#2664=CARTESIAN_POINT('',(2.7,0.8,-2.0));
#2665=VECTOR('',#3124,2.0);
#2666=CARTESIAN_POINT('',(2.7,4.9,-6.6));
#2667=CARTESIAN_POINT('',(2.7,3.15,-6.6));
#2668=VECTOR('',#3125,1.75);
#2669=CARTESIAN_POINT('',(2.7,4.9,-12.8));
#2670=VECTOR('',#3126,6.2);
#2671=CARTESIAN_POINT('',(2.3,0.4,-2.0));
#2672=AXIS2_PLACEMENT_3D('',#3127,#3128,#3129);
#2673=CARTESIAN_POINT('',(2.3,0.4,-2.0));
#2674=VECTOR('',#3130,2.0);
#2675=CARTESIAN_POINT('',(-2.3,0.4,-2.0));
#2676=CARTESIAN_POINT('',(-2.3,0.4,-2.0));
#2677=VECTOR('',#3131,2.0);
#2678=CARTESIAN_POINT('',(-2.3,0.4,-2.0));
#2679=VECTOR('',#3132,10.8);
#2680=CARTESIAN_POINT('',(2.3,0.4,-12.8));
#2681=VECTOR('',#3133,10.8);
#2682=CARTESIAN_POINT('',(2.3,0.0,-2.0));
#2683=CARTESIAN_POINT('',(2.3,0.0,-2.0));
#2684=VECTOR('',#3134,10.8);
#2685=CARTESIAN_POINT('',(2.3,0.0,-2.0));
#2686=VECTOR('',#3135,0.4);
#2687=CARTESIAN_POINT('',(3.3,0.0,-2.0));
#2688=CARTESIAN_POINT('',(3.3,0.0,-2.0));
#2689=VECTOR('',#3136,1.0);
#2690=CARTESIAN_POINT('',(3.3,1.5,-2.0));
#2691=CARTESIAN_POINT('',(3.3,1.5,-2.0));
#2692=VECTOR('',#3137,1.5);
#2693=CARTESIAN_POINT('',(2.7,1.5,-2.0));
#2694=VECTOR('',#3138,0.6);
#2695=CARTESIAN_POINT('',(-3.3,1.5,-2.0));
#2696=CARTESIAN_POINT('',(-2.7,1.5,-2.0));
#2697=CARTESIAN_POINT('',(-3.3,1.5,-2.0));
#2698=VECTOR('',#3139,0.6);
#2699=CARTESIAN_POINT('',(-3.3,0.0,-2.0));
#2700=CARTESIAN_POINT('',(-3.3,0.0,-2.0));
#2701=VECTOR('',#3140,1.5);
#2702=CARTESIAN_POINT('',(-2.3,0.0,-2.0));
#2703=CARTESIAN_POINT('',(-2.3,0.0,-2.0));
#2704=VECTOR('',#3141,1.0);
#2705=CARTESIAN_POINT('',(-2.3,0.4,-2.0));
#2706=VECTOR('',#3142,0.4);
#2707=CARTESIAN_POINT('',(-2.7,0.8,-2.0));
#2708=AXIS2_PLACEMENT_3D('',#3143,#3144,#3145);
#2709=CARTESIAN_POINT('',(-2.7,0.8,-2.0));
#2710=VECTOR('',#3146,0.7);
#2711=CARTESIAN_POINT('',(3.3,1.5,-6.6));
#2712=CARTESIAN_POINT('',(3.3,1.5,-2.0));
#2713=VECTOR('',#3147,4.6);
#2714=CARTESIAN_POINT('',(2.7,1.5,-6.6));
#2715=VECTOR('',#3148,0.6);
#2716=CARTESIAN_POINT('',(7.3,4.9,-6.6));
#2717=CARTESIAN_POINT('',(5.7,4.9,-6.6));
#2718=CARTESIAN_POINT('',(7.3,4.9,-6.6));
#2719=VECTOR('',#3149,1.6);
#2720=CARTESIAN_POINT('',(5.7,3.4,-6.6));
#2721=CARTESIAN_POINT('',(5.7,4.9,-6.6));
#2722=VECTOR('',#3150,1.5);
#2723=CARTESIAN_POINT('',(3.3,3.4,-6.6));
#2724=CARTESIAN_POINT('',(5.7,3.4,-6.6));
#2725=VECTOR('',#3151,2.4);
#2726=CARTESIAN_POINT('',(3.3,4.9,-6.6));
#2727=CARTESIAN_POINT('',(3.3,4.9,-6.6));
#2728=VECTOR('',#3152,1.5);
#2729=CARTESIAN_POINT('',(3.3,4.9,-6.6));
#2730=VECTOR('',#3153,0.6);
#2731=AXIS2_PLACEMENT_3D('',#3154,#3155,#3156);
#2732=CARTESIAN_POINT('',(3.3,2.0,-6.6));
#2733=CARTESIAN_POINT('',(3.3,1.5,-6.6));
#2734=VECTOR('',#3157,0.5);
#2735=CARTESIAN_POINT('',(5.7,2.0,-6.6));
#2736=CARTESIAN_POINT('',(5.7,2.0,-6.6));
#2737=VECTOR('',#3158,2.4);
#2738=CARTESIAN_POINT('',(5.7,0.0,-6.6));
#2739=CARTESIAN_POINT('',(5.7,0.0,-6.6));
#2740=VECTOR('',#3159,2.0);
#2741=CARTESIAN_POINT('',(7.7,0.0,-6.6));
#2742=CARTESIAN_POINT('',(5.7,0.0,-6.6));
#2743=VECTOR('',#3160,2.0);
#2744=CARTESIAN_POINT('',(7.7,4.5,-6.6));
#2745=CARTESIAN_POINT('',(7.7,0.0,-6.6));
#2746=VECTOR('',#3161,4.5);
#2747=AXIS2_PLACEMENT_3D('',#3162,#3163,#3164);
#2748=CARTESIAN_POINT('',(-7.7,4.5,-6.6));
#2749=CARTESIAN_POINT('',(-7.7,0.0,-6.6));
#2750=CARTESIAN_POINT('',(-7.7,4.5,-6.6));
#2751=VECTOR('',#3165,4.5);
#2752=CARTESIAN_POINT('',(-5.7,0.0,-6.6));
#2753=CARTESIAN_POINT('',(-7.7,0.0,-6.6));
#2754=VECTOR('',#3166,2.0);
#2755=CARTESIAN_POINT('',(-5.7,2.0,-6.6));
#2756=CARTESIAN_POINT('',(-5.7,0.0,-6.6));
#2757=VECTOR('',#3167,2.0);
#2758=CARTESIAN_POINT('',(-3.3,2.0,-6.6));
#2759=CARTESIAN_POINT('',(-3.3,2.0,-6.6));
#2760=VECTOR('',#3168,2.4);
#2761=CARTESIAN_POINT('',(-3.3,1.5,-6.6));
#2762=CARTESIAN_POINT('',(-3.3,1.5,-6.6));
#2763=VECTOR('',#3169,0.5);
#2764=CARTESIAN_POINT('',(-2.7,1.5,-6.6));
#2765=CARTESIAN_POINT('',(-3.3,1.5,-6.6));
#2766=VECTOR('',#3170,0.6);
#2767=CARTESIAN_POINT('',(-2.7,4.9,-6.6));
#2768=CARTESIAN_POINT('',(-2.7,1.5,-6.6));
#2769=VECTOR('',#3171,3.4);
#2770=CARTESIAN_POINT('',(-3.3,4.9,-6.6));
#2771=CARTESIAN_POINT('',(-2.7,4.9,-6.6));
#2772=VECTOR('',#3172,0.6);
#2773=CARTESIAN_POINT('',(-3.3,3.4,-6.6));
#2774=CARTESIAN_POINT('',(-3.3,4.9,-6.6));
#2775=VECTOR('',#3173,1.5);
#2776=CARTESIAN_POINT('',(-5.7,3.4,-6.6));
#2777=CARTESIAN_POINT('',(-3.3,3.4,-6.6));
#2778=VECTOR('',#3174,2.4);
#2779=CARTESIAN_POINT('',(-5.7,4.9,-6.6));
#2780=CARTESIAN_POINT('',(-5.7,4.9,-6.6));
#2781=VECTOR('',#3175,1.5);
#2782=CARTESIAN_POINT('',(-7.3,4.9,-6.6));
#2783=CARTESIAN_POINT('',(-5.7,4.9,-6.6));
#2784=VECTOR('',#3176,1.6);
#2785=AXIS2_PLACEMENT_3D('',#3177,#3178,#3179);
#2786=CARTESIAN_POINT('',(7.7,4.5,-6.6));
#2787=VECTOR('',#3180,6.2);
#2788=CARTESIAN_POINT('',(7.3,4.9,-6.6));
#2789=VECTOR('',#3181,6.2);
#2790=CARTESIAN_POINT('',(3.3,4.9,-9.7));
#2791=CARTESIAN_POINT('',(3.3,4.9,-6.6));
#2792=VECTOR('',#3182,3.1);
#2793=CARTESIAN_POINT('',(5.7,4.9,-9.7));
#2794=AXIS2_PLACEMENT_3D('',#3183,#3184,#3185);
#2795=CARTESIAN_POINT('',(5.7,4.9,-6.6));
#2796=VECTOR('',#3186,3.1);
#2797=CARTESIAN_POINT('',(5.7,3.4,-9.7));
#2798=CARTESIAN_POINT('',(5.7,3.4,-9.7));
#2799=VECTOR('',#3187,1.5);
#2800=CARTESIAN_POINT('',(5.7,3.4,-6.6));
#2801=VECTOR('',#3188,3.1);
#2802=CARTESIAN_POINT('',(3.3,3.4,-9.7));
#2803=AXIS2_PLACEMENT_3D('',#3189,#3190,#3191);
#2804=CARTESIAN_POINT('',(3.3,3.4,-9.7));
#2805=VECTOR('',#3192,3.1);
#2806=CARTESIAN_POINT('',(-3.3,3.4,-9.7));
#2807=CARTESIAN_POINT('',(-3.3,3.4,-6.6));
#2808=VECTOR('',#3193,3.1);
#2809=CARTESIAN_POINT('',(-5.7,3.4,-9.7));
#2810=AXIS2_PLACEMENT_3D('',#3194,#3195,#3196);
#2811=CARTESIAN_POINT('',(-5.7,3.4,-9.7));
#2812=VECTOR('',#3197,3.1);
#2813=CARTESIAN_POINT('',(3.3,3.4,-9.7));
#2814=VECTOR('',#3198,1.5);
#2815=CARTESIAN_POINT('',(5.7,0.0,-9.7));
#2816=CARTESIAN_POINT('',(3.3,0.0,-9.7));
#2817=AXIS2_PLACEMENT_3D('',#3199,#3200,#3201);
#2818=CARTESIAN_POINT('',(5.7,2.0,-9.7));
#2819=CARTESIAN_POINT('',(5.7,0.0,-9.7));
#2820=VECTOR('',#3202,2.0);
#2821=CARTESIAN_POINT('',(5.7,3.4,-9.7));
#2822=VECTOR('',#3203,1.4);
#2823=CARTESIAN_POINT('',(3.3,2.0,-9.7));
#2824=CARTESIAN_POINT('',(3.3,3.4,-9.7));
#2825=VECTOR('',#3204,1.4);
#2826=CARTESIAN_POINT('',(3.3,0.0,-9.7));
#2827=VECTOR('',#3205,2.0);
#2828=CARTESIAN_POINT('',(3.3,2.0,-9.7));
#2829=VECTOR('',#3206,3.1);
#2830=CARTESIAN_POINT('',(3.3,0.0,-9.7));
#2831=VECTOR('',#3207,7.7);
#2832=CARTESIAN_POINT('',(7.7,0.0,-12.8));
#2833=VECTOR('',#3208,6.2);
#2834=CARTESIAN_POINT('',(5.7,0.0,-6.6));
#2835=VECTOR('',#3209,3.1);
#2836=CARTESIAN_POINT('',(5.7,2.0,-6.6));
#2837=VECTOR('',#3210,3.1);
#2838=AXIS2_PLACEMENT_3D('',#3211,#3212,#3213);
#2839=CARTESIAN_POINT('',(-5.7,2.0,-9.7));
#2840=CARTESIAN_POINT('',(-5.7,2.0,-9.7));
#2841=VECTOR('',#3214,3.1);
#2842=CARTESIAN_POINT('',(-3.3,2.0,-9.7));
#2843=AXIS2_PLACEMENT_3D('',#3215,#3216,#3217);
#2844=CARTESIAN_POINT('',(-3.3,2.0,-6.6));
#2845=VECTOR('',#3218,3.1);
#2846=CARTESIAN_POINT('',(-3.3,0.0,-9.7));
#2847=CARTESIAN_POINT('',(-3.3,0.0,-9.7));
#2848=VECTOR('',#3219,2.0);
#2849=CARTESIAN_POINT('',(-3.3,0.0,-9.7));
#2850=VECTOR('',#3220,7.7);
#2851=CARTESIAN_POINT('',(-3.3,1.5,-2.0));
#2852=VECTOR('',#3221,4.6);
#2853=CARTESIAN_POINT('',(-2.7,1.5,-2.0));
#2854=VECTOR('',#3222,4.6);
#2855=CARTESIAN_POINT('',(-2.7,4.9,-12.8));
#2856=VECTOR('',#3223,6.2);
#2857=CARTESIAN_POINT('',(-2.7,0.8,-2.0));
#2858=VECTOR('',#3224,2.0);
#2859=CARTESIAN_POINT('',(-2.7,9.6,-12.8));
#2860=VECTOR('',#3225,12.8);
#2861=CARTESIAN_POINT('',(-2.3,10.0,-12.8));
#2862=VECTOR('',#3226,12.8);
#2863=CARTESIAN_POINT('',(-2.1,10.0,-3.05));
#2864=CARTESIAN_POINT('',(-2.1,10.0,0.0));
#2865=VECTOR('',#3227,3.05);
#2866=CARTESIAN_POINT('',(2.1,10.0,-3.05));
#2867=CARTESIAN_POINT('',(-2.1,10.0,-3.05));
#2868=VECTOR('',#3228,4.2);
#2869=CARTESIAN_POINT('',(2.1,10.0,0.0));
#2870=VECTOR('',#3229,3.05);
#2871=CARTESIAN_POINT('',(2.1,11.4,-3.172484128936));
#2872=CARTESIAN_POINT('',(2.1,10.0,-3.05));
#2873=VECTOR('',#3230,1.405347772561);
#2874=CARTESIAN_POINT('',(2.1,11.4,-2.35));
#2875=CARTESIAN_POINT('',(2.1,11.4,-3.172484128936));
#2876=VECTOR('',#3231,0.8224841289363);
#2877=CARTESIAN_POINT('',(2.1,11.4,-2.35));
#2878=VECTOR('',#3232,2.735415873318);
#2879=CARTESIAN_POINT('',(-2.1,11.4,-2.35));
#2880=CARTESIAN_POINT('',(-2.1,11.4,-2.35));
#2881=VECTOR('',#3233,4.2);
#2882=CARTESIAN_POINT('',(-2.1,11.4,-2.35));
#2883=VECTOR('',#3234,2.735415873318);
#2884=CARTESIAN_POINT('',(-2.1,11.4,-3.172484128936));
#2885=CARTESIAN_POINT('',(-2.1,11.4,-3.172484128936));
#2886=VECTOR('',#3235,0.8224841289363);
#2887=CARTESIAN_POINT('',(-2.1,10.0,-3.05));
#2888=VECTOR('',#3236,1.405347772561);
#2889=CARTESIAN_POINT('',(-2.1,11.4,-3.172484128936));
#2890=VECTOR('',#3237,4.2);
#2891=CARTESIAN_POINT('',(-5.7,4.9,-9.7));
#2892=CARTESIAN_POINT('',(-5.7,4.9,-6.6));
#2893=VECTOR('',#3238,3.1);
#2894=CARTESIAN_POINT('',(-3.3,4.9,-9.7));
#2895=AXIS2_PLACEMENT_3D('',#3239,#3240,#3241);
#2896=CARTESIAN_POINT('',(-3.3,4.9,-6.6));
#2897=VECTOR('',#3242,3.1);
#2898=CARTESIAN_POINT('',(-7.3,4.9,-6.6));
#2899=VECTOR('',#3243,6.2);
#2900=CARTESIAN_POINT('',(-7.7,4.5,-6.6));
#2901=VECTOR('',#3244,6.2);
#2902=CARTESIAN_POINT('',(-7.7,0.0,-12.8));
#2903=VECTOR('',#3245,6.2);
#2904=CARTESIAN_POINT('',(-5.7,0.0,-9.7));
#2905=AXIS2_PLACEMENT_3D('',#3246,#3247,#3248);
#2906=CARTESIAN_POINT('',(-5.7,0.0,-6.6));
#2907=VECTOR('',#3249,3.1);
#2908=CARTESIAN_POINT('',(-2.3,0.0,-2.0));
#2909=VECTOR('',#3250,10.8);
#2910=CARTESIAN_POINT('',(-5.7,0.0,-9.7));
#2911=VECTOR('',#3251,2.0);
#2912=CARTESIAN_POINT('',(-3.3,3.4,-9.7));
#2913=VECTOR('',#3252,1.4);
#2914=CARTESIAN_POINT('',(-3.3,3.4,-9.7));
#2915=VECTOR('',#3253,1.5);
#2916=CARTESIAN_POINT('',(-5.7,3.4,-9.7));
#2917=VECTOR('',#3254,1.5);
#2918=CARTESIAN_POINT('',(-5.7,3.4,-9.7));
#2919=VECTOR('',#3255,1.4);
#2920=DIRECTION('',(0.0,-0.0,1.0));
#2921=CARTESIAN_POINT('',(2.7,2.75,-6.6));
#2922=DIRECTION('',(0.0,0.0,-1.0));
#2923=DIRECTION('',(0.0,1.0,0.0));
#2924=DIRECTION('',(0.0,0.0,-1.0));
#2925=CARTESIAN_POINT('',(2.7,2.75,0.0));
#2926=DIRECTION('',(0.0,0.0,-1.0));
#2927=DIRECTION('',(0.0,1.0,0.0));
#2928=DIRECTION('',(0.0,-1.0,0.0));
#2929=CARTESIAN_POINT('',(2.7,2.75,0.0));
#2930=DIRECTION('',(0.0,0.0,-1.0));
#2931=DIRECTION('',(0.0,1.0,0.0));
#2932=DIRECTION('',(0.0,-1.0,0.0));
#2933=CARTESIAN_POINT('',(2.3,9.6,0.0));
#2934=DIRECTION('',(0.0,0.0,1.0));
#2935=DIRECTION('',(1.0,0.0,0.0));
#2936=DIRECTION('',(1.0,0.0,0.0));
#2937=DIRECTION('',(1.0,0.0,0.0));
#2938=DIRECTION('',(1.0,0.0,0.0));
#2939=CARTESIAN_POINT('',(-2.3,9.6,0.0));
#2940=DIRECTION('',(0.0,-0.0,1.0));
#2941=DIRECTION('',(0.0,1.0,0.0));
#2942=DIRECTION('',(0.0,1.0,0.0));
#2943=CARTESIAN_POINT('',(-2.3,0.8,0.0));
#2944=DIRECTION('',(0.0,0.0,1.0));
#2945=DIRECTION('',(-1.0,0.0,0.0));
#2946=DIRECTION('',(-1.0,0.0,0.0));
#2947=CARTESIAN_POINT('',(2.3,0.8,0.0));
#2948=DIRECTION('',(0.0,0.0,1.0));
#2949=DIRECTION('',(0.0,-1.0,0.0));
#2950=DIRECTION('',(-1.0,0.0,0.0));
#2951=DIRECTION('',(0.0,1.0,0.0));
#2952=DIRECTION('',(0.707106781186548,0.707106781186548,0.0));
#2953=DIRECTION('',(1.0,0.0,0.0));
#2954=DIRECTION('',(0.707106781186548,-0.707106781186548,0.0));
#2955=DIRECTION('',(0.0,-1.0,0.0));
#2956=DIRECTION('',(-1.0,0.0,0.0));
#2957=DIRECTION('',(0.0,1.0,0.0));
#2958=DIRECTION('',(1.0,0.0,0.0));
#2959=DIRECTION('',(0.0,-1.0,0.0));
#2960=DIRECTION('',(0.0,0.0,-1.0));
#2961=DIRECTION('',(0.0,-1.0,0.0));
#2962=DIRECTION('',(0.0,0.0,-1.0));
#2963=DIRECTION('',(-1.0,0.0,0.0));
#2964=DIRECTION('',(0.0,0.0,-1.0));
#2965=DIRECTION('',(0.0,1.0,0.0));
#2966=DIRECTION('',(0.0,0.0,-1.0));
#2967=DIRECTION('',(1.0,0.0,0.0));
#2968=DIRECTION('',(-1.0,0.0,0.0));
#2969=DIRECTION('',(0.0,1.0,0.0));
#2970=DIRECTION('',(-1.0,0.0,0.0));
#2971=DIRECTION('',(0.0,1.0,0.0));
#2972=DIRECTION('',(0.707106781186548,-0.707106781186548,0.0));
#2973=DIRECTION('',(1.0,0.0,0.0));
#2974=DIRECTION('',(0.707106781186548,0.707106781186548,0.0));
#2975=DIRECTION('',(0.0,1.0,0.0));
#2976=DIRECTION('',(-1.0,0.0,0.0));
#2977=DIRECTION('',(0.0,-1.0,0.0));
#2978=DIRECTION('',(-1.0,0.0,0.0));
#2979=DIRECTION('',(0.0,1.0,0.0));
#2980=DIRECTION('',(-1.0,0.0,0.0));
#2981=DIRECTION('',(0.0,1.0,0.0));
#2982=DIRECTION('',(0.0,0.0,-1.0));
#2983=DIRECTION('',(0.0,0.0,-1.0));
#2984=DIRECTION('',(0.0,0.0,-1.0));
#2985=DIRECTION('',(0.0,0.0,-1.0));
#2986=DIRECTION('',(0.0,0.0,-1.0));
#2987=DIRECTION('',(0.0,0.0,-1.0));
#2988=DIRECTION('',(0.0,0.0,1.0));
#2989=DIRECTION('',(0.0,0.0,-1.0));
#2990=DIRECTION('',(0.0,-1.0,0.0));
#2991=DIRECTION('',(0.0,-1.0,0.0));
#2992=CARTESIAN_POINT('',(0.5,5.945,-17.845));
#2993=DIRECTION('',(-1.0,0.0,0.0));
#2994=DIRECTION('',(0.0,1.0,0.0));
#2995=DIRECTION('',(0.0,0.0,-1.0));
#2996=DIRECTION('',(0.0,1.0,0.0));
#2997=DIRECTION('',(0.0,0.0,1.0));
#2998=CARTESIAN_POINT('',(0.5,5.945,-17.845));
#2999=DIRECTION('',(1.0,0.0,0.0));
#3000=DIRECTION('',(0.0,0.0,-1.0));
#3001=DIRECTION('',(0.0,1.0,0.0));
#3002=DIRECTION('',(0.0,0.0,-1.0));
#3003=DIRECTION('',(0.4233620223139,0.4233620223139,-0.800955177350499));
#3004=DIRECTION('',(0.0,-1.0,0.0));
#3005=DIRECTION('',(0.4233620223139,-0.4233620223139,-0.800955177350499));
#3006=DIRECTION('',(1.0,0.0,0.0));
#3007=DIRECTION('',(-0.4233620223139,-0.4233620223139,-0.800955177350499));
#3008=DIRECTION('',(1.0,0.0,0.0));
#3009=DIRECTION('',(0.0,0.0,1.0));
#3010=DIRECTION('',(-1.0,0.0,0.0));
#3011=DIRECTION('',(-1.0,0.0,0.0));
#3012=DIRECTION('',(0.0,0.0,1.0));
#3013=DIRECTION('',(0.0,-1.0,0.0));
#3014=DIRECTION('',(-1.0,0.0,0.0));
#3015=CARTESIAN_POINT('',(7.3,4.5,-12.8));
#3016=DIRECTION('',(0.0,0.0,-1.0));
#3017=DIRECTION('',(0.0,1.0,0.0));
#3018=DIRECTION('',(0.0,1.0,0.0));
#3019=DIRECTION('',(1.0,0.0,0.0));
#3020=DIRECTION('',(0.0,-1.0,0.0));
#3021=DIRECTION('',(-1.0,0.0,0.0));
#3022=DIRECTION('',(0.0,1.0,0.0));
#3023=DIRECTION('',(1.0,0.0,0.0));
#3024=DIRECTION('',(0.0,-1.0,0.0));
#3025=CARTESIAN_POINT('',(-7.3,4.5,-12.8));
#3026=DIRECTION('',(0.0,0.0,-1.0));
#3027=DIRECTION('',(-1.0,0.0,0.0));
#3028=DIRECTION('',(-1.0,0.0,0.0));
#3029=DIRECTION('',(0.0,1.0,0.0));
#3030=CARTESIAN_POINT('',(-2.3,9.6,-12.8));
#3031=DIRECTION('',(0.0,0.0,-1.0));
#3032=DIRECTION('',(-1.0,0.0,0.0));
#3033=DIRECTION('',(1.0,0.0,0.0));
#3034=CARTESIAN_POINT('',(2.3,9.6,-12.8));
#3035=DIRECTION('',(0.0,0.0,-1.0));
#3036=DIRECTION('',(0.0,1.0,0.0));
#3037=DIRECTION('',(-1.0,0.0,0.0));
#3038=DIRECTION('',(0.0,1.0,0.0));
#3039=DIRECTION('',(-1.0,0.0,0.0));
#3040=DIRECTION('',(0.0,1.0,0.0));
#3041=DIRECTION('',(-1.0,0.0,0.0));
#3042=DIRECTION('',(0.0,1.0,0.0));
#3043=DIRECTION('',(0.0,0.0,-1.0));
#3044=DIRECTION('',(0.0,1.0,0.0));
#3045=DIRECTION('',(0.0,1.0,0.0));
#3046=CARTESIAN_POINT('',(-0.5,5.945,-17.845));
#3047=DIRECTION('',(1.0,0.0,0.0));
#3048=DIRECTION('',(0.0,0.0,-1.0));
#3049=DIRECTION('',(0.0,0.0,-1.0));
#3050=CARTESIAN_POINT('',(-0.5,5.945,-17.845));
#3051=DIRECTION('',(-1.0,0.0,0.0));
#3052=DIRECTION('',(0.0,1.0,0.0));
#3053=DIRECTION('',(0.0,-1.0,0.0));
#3054=DIRECTION('',(0.0,0.0,1.0));
#3055=DIRECTION('',(-0.4233620223139,0.4233620223139,-0.800955177350499));
#3056=DIRECTION('',(0.0,1.0,0.0));
#3057=DIRECTION('',(1.0,0.0,0.0));
#3058=DIRECTION('',(1.0,0.0,0.0));
#3059=DIRECTION('',(-1.0,0.0,0.0));
#3060=DIRECTION('',(-1.0,0.0,0.0));
#3061=DIRECTION('',(1.0,0.0,0.0));
#3062=DIRECTION('',(0.4233620223139,0.800955177350499,-0.4233620223139));
#3063=DIRECTION('',(1.0,0.0,0.0));
#3064=DIRECTION('',(-0.4233620223139,0.800955177350499,-0.4233620223139));
#3065=DIRECTION('',(0.4233620223139,-0.800955177350499,-0.4233620223139));
#3066=DIRECTION('',(0.0,0.0,1.0));
#3067=DIRECTION('',(0.0,0.0,-1.0));
#3068=DIRECTION('',(1.0,0.0,0.0));
#3069=DIRECTION('',(0.4233620223139,0.800955177350499,0.4233620223139));
#3070=DIRECTION('',(1.0,0.0,0.0));
#3071=DIRECTION('',(-1.0,0.0,0.0));
#3072=DIRECTION('',(0.0,0.0,1.0));
#3073=DIRECTION('',(0.0,0.0,-1.0));
#3074=DIRECTION('',(0.0,-1.0,0.0));
#3075=DIRECTION('',(0.0,-1.0,0.0));
#3076=CARTESIAN_POINT('',(0.5,1.745,-12.345));
#3077=DIRECTION('',(-1.0,0.0,0.0));
#3078=DIRECTION('',(0.0,0.976014985392781,-0.217703349282296));
#3079=CARTESIAN_POINT('',(0.5,1.745,-12.345));
#3080=DIRECTION('',(1.0,0.0,0.0));
#3081=DIRECTION('',(0.0,0.0,-1.0));
#3082=DIRECTION('',(0.0,1.0,0.0));
#3083=DIRECTION('',(0.0,0.0,-1.0));
#3084=DIRECTION('',(0.4233620223139,0.4233620223139,-0.800955177350499));
#3085=DIRECTION('',(0.0,-1.0,0.0));
#3086=DIRECTION('',(0.4233620223139,-0.4233620223139,-0.800955177350499));
#3087=DIRECTION('',(1.0,0.0,0.0));
#3088=DIRECTION('',(-0.4233620223139,-0.4233620223139,-0.800955177350499));
#3089=DIRECTION('',(1.0,0.0,0.0));
#3090=DIRECTION('',(0.0,0.0,1.0));
#3091=DIRECTION('',(0.0,0.0,-1.0));
#3092=DIRECTION('',(0.0,1.0,0.0));
#3093=DIRECTION('',(0.0,1.0,0.0));
#3094=CARTESIAN_POINT('',(-0.5,1.745,-12.345));
#3095=DIRECTION('',(1.0,0.0,0.0));
#3096=DIRECTION('',(0.0,0.0,-1.0));
#3097=CARTESIAN_POINT('',(-0.5,1.745,-12.345));
#3098=DIRECTION('',(-1.0,0.0,0.0));
#3099=DIRECTION('',(0.0,0.976014985392781,-0.217703349282296));
#3100=DIRECTION('',(0.0,-1.0,0.0));
#3101=DIRECTION('',(0.0,0.0,1.0));
#3102=DIRECTION('',(-0.4233620223139,0.4233620223139,-0.800955177350499));
#3103=DIRECTION('',(0.0,1.0,0.0));
#3104=DIRECTION('',(1.0,0.0,0.0));
#3105=DIRECTION('',(1.0,0.0,0.0));
#3106=DIRECTION('',(0.4233620223139,-0.800955177350499,-0.4233620223139));
#3107=DIRECTION('',(-0.4233620223139,0.800955177350499,-0.4233620223139));
#3108=DIRECTION('',(0.0,0.0,1.0));
#3109=DIRECTION('',(1.0,0.0,0.0));
#3110=DIRECTION('',(0.0,0.0,-1.0));
#3111=DIRECTION('',(1.0,0.0,0.0));
#3112=DIRECTION('',(0.4233620223139,0.800955177350499,0.4233620223139));
#3113=DIRECTION('',(1.0,0.0,0.0));
#3114=DIRECTION('',(-1.0,0.0,0.0));
#3115=DIRECTION('',(0.4233620223139,0.800955177350499,-0.4233620223139));
#3116=DIRECTION('',(1.0,0.0,0.0));
#3117=DIRECTION('',(-1.0,0.0,0.0));
#3118=DIRECTION('',(0.0,0.0,1.0));
#3119=DIRECTION('',(0.0,0.0,1.0));
#3120=DIRECTION('',(0.0,1.0,0.0));
#3121=DIRECTION('',(0.0,0.0,-1.0));
#3122=DIRECTION('',(0.0,1.0,0.0));
#3123=DIRECTION('',(0.0,0.0,-1.0));
#3124=DIRECTION('',(0.0,0.0,1.0));
#3125=DIRECTION('',(0.0,1.0,0.0));
#3126=DIRECTION('',(0.0,0.0,1.0));
#3127=CARTESIAN_POINT('',(2.3,0.8,-2.0));
#3128=DIRECTION('',(0.0,0.0,-1.0));
#3129=DIRECTION('',(1.0,0.0,0.0));
#3130=DIRECTION('',(0.0,0.0,1.0));
#3131=DIRECTION('',(0.0,0.0,1.0));
#3132=DIRECTION('',(0.0,0.0,-1.0));
#3133=DIRECTION('',(0.0,0.0,1.0));
#3134=DIRECTION('',(0.0,0.0,-1.0));
#3135=DIRECTION('',(0.0,1.0,0.0));
#3136=DIRECTION('',(-1.0,0.0,0.0));
#3137=DIRECTION('',(0.0,-1.0,0.0));
#3138=DIRECTION('',(1.0,0.0,0.0));
#3139=DIRECTION('',(1.0,0.0,0.0));
#3140=DIRECTION('',(0.0,1.0,0.0));
#3141=DIRECTION('',(-1.0,0.0,0.0));
#3142=DIRECTION('',(0.0,-1.0,0.0));
#3143=CARTESIAN_POINT('',(-2.3,0.8,-2.0));
#3144=DIRECTION('',(0.0,0.0,-1.0));
#3145=DIRECTION('',(0.0,-1.0,0.0));
#3146=DIRECTION('',(0.0,1.0,0.0));
#3147=DIRECTION('',(0.0,0.0,-1.0));
#3148=DIRECTION('',(1.0,0.0,0.0));
#3149=DIRECTION('',(-1.0,0.0,0.0));
#3150=DIRECTION('',(0.0,-1.0,0.0));
#3151=DIRECTION('',(-1.0,0.0,0.0));
#3152=DIRECTION('',(0.0,-1.0,0.0));
#3153=DIRECTION('',(-1.0,0.0,0.0));
#3154=CARTESIAN_POINT('',(2.7,2.75,-6.6));
#3155=DIRECTION('',(0.0,0.0,-1.0));
#3156=DIRECTION('',(0.0,1.0,0.0));
#3157=DIRECTION('',(0.0,1.0,0.0));
#3158=DIRECTION('',(-1.0,0.0,0.0));
#3159=DIRECTION('',(0.0,1.0,0.0));
#3160=DIRECTION('',(1.0,0.0,0.0));
#3161=DIRECTION('',(0.0,1.0,0.0));
#3162=CARTESIAN_POINT('',(7.3,4.5,-6.6));
#3163=DIRECTION('',(0.0,0.0,1.0));
#3164=DIRECTION('',(1.0,0.0,0.0));
#3165=DIRECTION('',(0.0,-1.0,0.0));
#3166=DIRECTION('',(1.0,0.0,0.0));
#3167=DIRECTION('',(0.0,1.0,0.0));
#3168=DIRECTION('',(-1.0,0.0,0.0));
#3169=DIRECTION('',(0.0,1.0,0.0));
#3170=DIRECTION('',(1.0,0.0,0.0));
#3171=DIRECTION('',(0.0,1.0,0.0));
#3172=DIRECTION('',(-1.0,0.0,0.0));
#3173=DIRECTION('',(0.0,-1.0,0.0));
#3174=DIRECTION('',(-1.0,0.0,0.0));
#3175=DIRECTION('',(0.0,-1.0,0.0));
#3176=DIRECTION('',(-1.0,0.0,0.0));
#3177=CARTESIAN_POINT('',(-7.3,4.5,-6.6));
#3178=DIRECTION('',(0.0,-0.0,1.0));
#3179=DIRECTION('',(0.0,1.0,0.0));
#3180=DIRECTION('',(0.0,0.0,-1.0));
#3181=DIRECTION('',(0.0,0.0,-1.0));
#3182=DIRECTION('',(0.0,0.0,-1.0));
#3183=CARTESIAN_POINT('',(4.5,4.9,-9.7));
#3184=DIRECTION('',(-0.0,1.0,0.0));
#3185=DIRECTION('',(1.0,0.0,0.0));
#3186=DIRECTION('',(0.0,0.0,-1.0));
#3187=DIRECTION('',(0.0,1.0,0.0));
#3188=DIRECTION('',(0.0,0.0,-1.0));
#3189=CARTESIAN_POINT('',(4.5,3.4,-9.7));
#3190=DIRECTION('',(0.0,1.0,0.0));
#3191=DIRECTION('',(-1.0,0.0,0.0));
#3192=DIRECTION('',(0.0,0.0,1.0));
#3193=DIRECTION('',(0.0,0.0,-1.0));
#3194=CARTESIAN_POINT('',(-4.5,3.4,-9.7));
#3195=DIRECTION('',(0.0,1.0,0.0));
#3196=DIRECTION('',(-1.0,0.0,0.0));
#3197=DIRECTION('',(0.0,0.0,1.0));
#3198=DIRECTION('',(0.0,1.0,0.0));
#3199=CARTESIAN_POINT('',(4.5,0.0,-9.7));
#3200=DIRECTION('',(-0.0,1.0,0.0));
#3201=DIRECTION('',(1.0,0.0,0.0));
#3202=DIRECTION('',(0.0,1.0,0.0));
#3203=DIRECTION('',(0.0,-1.0,0.0));
#3204=DIRECTION('',(0.0,-1.0,0.0));
#3205=DIRECTION('',(0.0,1.0,0.0));
#3206=DIRECTION('',(0.0,0.0,1.0));
#3207=DIRECTION('',(0.0,0.0,1.0));
#3208=DIRECTION('',(0.0,0.0,1.0));
#3209=DIRECTION('',(0.0,0.0,-1.0));
#3210=DIRECTION('',(0.0,0.0,-1.0));
#3211=CARTESIAN_POINT('',(4.5,2.0,-9.7));
#3212=DIRECTION('',(0.0,1.0,0.0));
#3213=DIRECTION('',(-1.0,0.0,0.0));
#3214=DIRECTION('',(0.0,0.0,1.0));
#3215=CARTESIAN_POINT('',(-4.5,2.0,-9.7));
#3216=DIRECTION('',(0.0,1.0,0.0));
#3217=DIRECTION('',(-1.0,0.0,1.184237892934E-14));
#3218=DIRECTION('',(0.0,0.0,-1.0));
#3219=DIRECTION('',(0.0,1.0,0.0));
#3220=DIRECTION('',(0.0,0.0,1.0));
#3221=DIRECTION('',(0.0,0.0,-1.0));
#3222=DIRECTION('',(0.0,0.0,-1.0));
#3223=DIRECTION('',(0.0,0.0,1.0));
#3224=DIRECTION('',(0.0,0.0,1.0));
#3225=DIRECTION('',(0.0,0.0,1.0));
#3226=DIRECTION('',(0.0,0.0,1.0));
#3227=DIRECTION('',(0.0,0.0,-1.0));
#3228=DIRECTION('',(1.0,0.0,0.0));
#3229=DIRECTION('',(0.0,0.0,-1.0));
#3230=DIRECTION('',(0.0,0.996194698091745,-0.0871557427476639));
#3231=DIRECTION('',(0.0,0.0,1.0));
#3232=DIRECTION('',(0.0,-0.511805175094575,0.859101543908758));
#3233=DIRECTION('',(1.0,0.0,0.0));
#3234=DIRECTION('',(0.0,-0.511805175094575,0.859101543908758));
#3235=DIRECTION('',(0.0,0.0,1.0));
#3236=DIRECTION('',(0.0,0.996194698091745,-0.0871557427476639));
#3237=DIRECTION('',(1.0,0.0,0.0));
#3238=DIRECTION('',(0.0,0.0,-1.0));
#3239=CARTESIAN_POINT('',(-4.5,4.9,-9.7));
#3240=DIRECTION('',(-0.0,1.0,0.0));
#3241=DIRECTION('',(1.0,0.0,0.0));
#3242=DIRECTION('',(0.0,0.0,-1.0));
#3243=DIRECTION('',(0.0,0.0,-1.0));
#3244=DIRECTION('',(0.0,0.0,-1.0));
#3245=DIRECTION('',(0.0,0.0,1.0));
#3246=CARTESIAN_POINT('',(-4.5,0.0,-9.7));
#3247=DIRECTION('',(-0.0,1.0,0.0));
#3248=DIRECTION('',(1.0,0.0,0.0));
#3249=DIRECTION('',(0.0,0.0,-1.0));
#3250=DIRECTION('',(0.0,0.0,-1.0));
#3251=DIRECTION('',(0.0,1.0,0.0));
#3252=DIRECTION('',(0.0,-1.0,0.0));
#3253=DIRECTION('',(0.0,1.0,0.0));
#3254=DIRECTION('',(0.0,1.0,0.0));
#3255=DIRECTION('',(0.0,-1.0,0.0));
ENDSEC;
END-ISO-10303-21;
