ISO-10303-21;
HEADER;
FILE_DESCRIPTION(('STEP AP242'),'1');
FILE_NAME('0430451015.stp','2024-11-21T15:44:41',('TraceParts'),('TraceParts S.A.'),'Spatial InterOp 3D',' ',' ');
FILE_SCHEMA(('AP242_MANAGED_MODEL_BASED_3D_ENGINEERING_MIM_LF  {1 0 10303 442 1 1 4}'));
ENDSEC;
DATA;
#1=PRODUCT_DEFINITION_CONTEXT('',#10,'design');
#2=APPLICATION_PROTOCOL_DEFINITION('INTERNATIONAL STANDARD','ap242_managed_model_based_3d_engineering',2014,#10);
#3=PRODUCT_CATEGORY_RELATIONSHIP('NONE','NONE',#11,#12);
#4=SHAPE_DEFINITION_REPRESENTATION(#13,#14);
#5=SHAPE_DEFINITION_REPRESENTATION(#13,#15);
#6= (GEOMETRIC_REPRESENTATION_CONTEXT(3)GLOBAL_UNCERTAINTY_ASSIGNED_CONTEXT((#18))GLOBAL_UNIT_ASSIGNED_CONTEXT((#20,#21,#22))REPRESENTATION_CONTEXT('NONE','WORKSPACE'));
#10=APPLICATION_CONTEXT('managed model based 3d engineering');
#11=PRODUCT_CATEGORY('part','NONE');
#12=PRODUCT_RELATED_PRODUCT_CATEGORY('detail',' ',(#24));
#13=PRODUCT_DEFINITION_SHAPE('NONE','NONE',#25);
#14=ADVANCED_BREP_SHAPE_REPRESENTATION('0430451015_1',(#26,#27),#6);
#15=GEOMETRICALLY_BOUNDED_SURFACE_SHAPE_REPRESENTATION('1',(#28,#29),#6);
#18=UNCERTAINTY_MEASURE_WITH_UNIT(LENGTH_MEASURE(1.0E-06),#20,'','');
#20= (CONVERSION_BASED_UNIT('MILLIMETRE',#32)LENGTH_UNIT()NAMED_UNIT(#35));
#21= (NAMED_UNIT(#37)PLANE_ANGLE_UNIT()SI_UNIT($,.RADIAN.));
#22= (NAMED_UNIT(#37)SOLID_ANGLE_UNIT()SI_UNIT($,.STERADIAN.));
#24=PRODUCT('0430451015_1','0430451015_1','PART-0430451015_1-DESC',(#43));
#25=PRODUCT_DEFINITION('','NONE',#44,#1);
#26=MANIFOLD_SOLID_BREP('0430451015_1',#45);
#27=AXIS2_PLACEMENT_3D('',#46,#47,#48);
#28=GEOMETRIC_SET('1',(#49,#50,#51,#52,#53,#54,#55,#56,#57,#58,#59,#60,#61,#62,#63,#64,#65,#66,#67,#68,#69,#70,#71,#72,#73,#74,#75,#76,#77,#78,#79,#80,#81,#82,#83,#84,#85,#86,#87,#88,#89,#90,#91,#92,#93,#94,#95,#96,#97,#98,#99,#100,#101));
#29=AXIS2_PLACEMENT_3D('',#102,#103,#104);
#32=LENGTH_MEASURE_WITH_UNIT(LENGTH_MEASURE(1.0),#105);
#35=DIMENSIONAL_EXPONENTS(1.0,0.0,0.0,0.0,0.0,0.0,0.0);
#37=DIMENSIONAL_EXPONENTS(0.0,0.0,0.0,0.0,0.0,0.0,0.0);
#43=PRODUCT_CONTEXT('',#10,'mechanical');
#44=PRODUCT_DEFINITION_FORMATION_WITH_SPECIFIED_SOURCE(' ','NONE',#24,.NOT_KNOWN.);
#45=CLOSED_SHELL('',(#106,#107,#108,#109,#110,#111,#112,#113,#114,#115,#116,#117,#118,#119,#120,#121,#122,#123,#124,#125,#126,#127,#128,#129,#130,#131,#132,#133,#134,#135,#136,#137,#138,#139,#140,#141,#142,#143,#144,#145,#146,#147,#148,#149,#150,#151,#152,#153,#154,#155,#156,#157,#158,#159,#160,#161,#162,#163,#164,#165,#166,#167,#168,#169,#170,#171,#172,#173,#174,#175,#176,#177,#178,#179,#180,#181,#182,#183,#184,#185,#186,#187,#188,#189,#190,#191,#192,#193,#194,#195,#196,#197,#198,#199,#200,#201,#202,#203,#204,#205,#206,#207,#208,#209,#210,#211,#212,#213,#214,#215,#216,#217,#218,#219,#220,#221,#222,#223,#224,#225,#226,#227,#228,#229,#230,#231,#232,#233,#234,#235,#236,#237,#238,#239,#240,#241,#242,#243,#244,#245,#246,#247,#248,#249,#250,#251,#252,#253,#254,#255,#256,#257,#258,#259,#260,#261,#262,#263,#264,#265,#266,#267,#268,#269,#270,#271,#272,#273,#274,#275,#276,#277,#278,#279,#280,#281,#282,#283,#284,#285,#286,#287,#288,#289,#290,#291,#292,#293,#294,#295,#296,#297,#298,#299,#300,#301,#302,#303,#304,#305,#306,#307,#308,#309,#310,#311,#312,#313,#314,#315,#316,#317,#318,#319,#320,#321,#322,#323,#324,#325,#326,#327,#328,#329,#330,#331,#332,#333,#334,#335,#336,#337,#338,#339,#340,#341,#342,#343,#344,#345,#346,#347,#348,#349,#350,#351,#352,#353,#354,#355,#356,#357,#358,#359,#360,#361,#362,#363,#364,#365,#366,#367,#368,#369,#370,#371,#372,#373,#374,#375,#376,#377,#378,#379,#380,#381,#382,#383,#384,#385,#386,#387,#388,#389,#390,#391,#392,#393,#394,#395,#396,#397,#398,#399,#400,#401,#402,#403,#404,#405,#406,#407,#408,#409,#410,#411,#412,#413,#414,#415,#416,#417,#418,#419,#420,#421,#422,#423,#424,#425,#426,#427,#428,#429,#430,#431,#432,#433,#434,#435,#436,#437,#438,#439,#440,#441,#442,#443,#444,#445,#446,#447,#448,#449,#450,#451,#452,#453,#454,#455,#456,#457,#458,#459,#460,#461,#462,#463,#464,#465,#466,#467,#468,#469,#470,#471,#472,#473,#474,#475,#476,#477,#478,#479,#480,#481,#482,#483,#484,#485,#486,#487,#488,#489,#490,#491,#492,#493,#494,#495,#496,#497,#498,#499,#500,#501,#502,#503,#504,#505,#506,#507,#508,#509,#510,#511,#512,#513,#514,#515,#516,#517,#518,#519,#520,#521,#522,#523,#524,#525,#526,#527,#528,#529,#530,#531,#532,#533,#534,#535,#536,#537,#538,#539,#540,#541,#542,#543,#544,#545,#546,#547,#548,#549,#550,#551,#552));
#46=CARTESIAN_POINT('',(0.0,0.0,0.0));
#47=DIRECTION('',(0.0,0.0,1.0));
#48=DIRECTION('',(1.0,0.0,0.0));
#49=COMPOSITE_CURVE('0430451015_2',(#553),.U.);
#50=COMPOSITE_CURVE('0430451015_3',(#554),.U.);
#51=COMPOSITE_CURVE('0430451015_4',(#555),.U.);
#52=COMPOSITE_CURVE('0430451015_5',(#556),.U.);
#53=COMPOSITE_CURVE('0430451015_6',(#557),.U.);
#54=COMPOSITE_CURVE('0430451015_7',(#558),.U.);
#55=COMPOSITE_CURVE('0430451015_8',(#559),.U.);
#56=COMPOSITE_CURVE('0430451015_9',(#560),.U.);
#57=COMPOSITE_CURVE('0430451015_10',(#561),.U.);
#58=COMPOSITE_CURVE('0430451015_11',(#562),.U.);
#59=COMPOSITE_CURVE('0430451015_12',(#563),.U.);
#60=COMPOSITE_CURVE('0430451015_13',(#564),.U.);
#61=COMPOSITE_CURVE('0430451015_14',(#565),.U.);
#62=COMPOSITE_CURVE('0430451015_15',(#566),.U.);
#63=COMPOSITE_CURVE('0430451015_16',(#567),.U.);
#64=COMPOSITE_CURVE('0430451015_17',(#568),.U.);
#65=COMPOSITE_CURVE('0430451015_18',(#569),.U.);
#66=COMPOSITE_CURVE('0430451015_19',(#570),.U.);
#67=COMPOSITE_CURVE('0430451015_20',(#571),.U.);
#68=COMPOSITE_CURVE('0430451015_21',(#572),.U.);
#69=COMPOSITE_CURVE('0430451015_22',(#573),.U.);
#70=COMPOSITE_CURVE('0430451015_23',(#574),.U.);
#71=COMPOSITE_CURVE('0430451015_24',(#575),.U.);
#72=COMPOSITE_CURVE('0430451015_25',(#576),.U.);
#73=COMPOSITE_CURVE('0430451015_26',(#577),.U.);
#74=COMPOSITE_CURVE('0430451015_27',(#578),.U.);
#75=COMPOSITE_CURVE('0430451015_28',(#579),.U.);
#76=COMPOSITE_CURVE('0430451015_29',(#580),.U.);
#77=COMPOSITE_CURVE('0430451015_30',(#581),.U.);
#78=COMPOSITE_CURVE('0430451015_31',(#582),.U.);
#79=COMPOSITE_CURVE('0430451015_32',(#583),.U.);
#80=COMPOSITE_CURVE('0430451015_33',(#584),.U.);
#81=COMPOSITE_CURVE('0430451015_34',(#585),.U.);
#82=COMPOSITE_CURVE('0430451015_35',(#586),.U.);
#83=COMPOSITE_CURVE('0430451015_36',(#587),.U.);
#84=COMPOSITE_CURVE('0430451015_37',(#588),.U.);
#85=COMPOSITE_CURVE('0430451015_38',(#589),.U.);
#86=COMPOSITE_CURVE('0430451015_39',(#590),.U.);
#87=COMPOSITE_CURVE('0430451015_40',(#591),.U.);
#88=COMPOSITE_CURVE('0430451015_41',(#592),.U.);
#89=COMPOSITE_CURVE('0430451015_42',(#593),.U.);
#90=COMPOSITE_CURVE('0430451015_43',(#594),.U.);
#91=COMPOSITE_CURVE('0430451015_44',(#595),.U.);
#92=COMPOSITE_CURVE('0430451015_45',(#596),.U.);
#93=COMPOSITE_CURVE('0430451015_46',(#597),.U.);
#94=COMPOSITE_CURVE('0430451015_47',(#598),.U.);
#95=COMPOSITE_CURVE('0430451015_48',(#599),.U.);
#96=COMPOSITE_CURVE('0430451015_49',(#600),.U.);
#97=COMPOSITE_CURVE('0430451015_50',(#601),.U.);
#98=COMPOSITE_CURVE('0430451015_51',(#602),.U.);
#99=COMPOSITE_CURVE('0430451015_52',(#603),.U.);
#100=COMPOSITE_CURVE('0430451015_53',(#604),.U.);
#101=COMPOSITE_CURVE('0430451015_54',(#605),.U.);
#102=CARTESIAN_POINT('',(0.0,0.0,0.0));
#103=DIRECTION('',(0.0,0.0,1.0));
#104=DIRECTION('',(1.0,0.0,0.0));
#105= (NAMED_UNIT(#35)LENGTH_UNIT()SI_UNIT(.MILLI.,.METRE.));
#106=ADVANCED_FACE('',(#607),#608,.F.);
#107=ADVANCED_FACE('',(#609),#610,.T.);
#108=ADVANCED_FACE('',(#611),#612,.T.);
#109=ADVANCED_FACE('',(#613),#614,.T.);
#110=ADVANCED_FACE('',(#615),#616,.T.);
#111=ADVANCED_FACE('',(#617),#618,.F.);
#112=ADVANCED_FACE('',(#619),#620,.T.);
#113=ADVANCED_FACE('',(#621),#622,.F.);
#114=ADVANCED_FACE('',(#623),#624,.T.);
#115=ADVANCED_FACE('',(#625),#626,.T.);
#116=ADVANCED_FACE('',(#627),#628,.F.);
#117=ADVANCED_FACE('',(#629),#630,.F.);
#118=ADVANCED_FACE('',(#631),#632,.F.);
#119=ADVANCED_FACE('',(#633),#634,.F.);
#120=ADVANCED_FACE('',(#635),#636,.F.);
#121=ADVANCED_FACE('',(#637),#638,.F.);
#122=ADVANCED_FACE('',(#639),#640,.T.);
#123=ADVANCED_FACE('',(#641),#642,.F.);
#124=ADVANCED_FACE('',(#643),#644,.F.);
#125=ADVANCED_FACE('',(#645),#646,.F.);
#126=ADVANCED_FACE('',(#647),#648,.T.);
#127=ADVANCED_FACE('',(#649),#650,.T.);
#128=ADVANCED_FACE('',(#651),#652,.F.);
#129=ADVANCED_FACE('',(#653),#654,.F.);
#130=ADVANCED_FACE('',(#655),#656,.F.);
#131=ADVANCED_FACE('',(#657),#658,.F.);
#132=ADVANCED_FACE('',(#659),#660,.F.);
#133=ADVANCED_FACE('',(#661),#662,.F.);
#134=ADVANCED_FACE('',(#663,#664),#665,.T.);
#135=ADVANCED_FACE('',(#666),#667,.F.);
#136=ADVANCED_FACE('',(#668),#669,.F.);
#137=ADVANCED_FACE('',(#670),#671,.T.);
#138=ADVANCED_FACE('',(#672),#673,.T.);
#139=ADVANCED_FACE('',(#674),#675,.T.);
#140=ADVANCED_FACE('',(#676),#677,.T.);
#141=ADVANCED_FACE('',(#678),#679,.F.);
#142=ADVANCED_FACE('',(#680),#681,.T.);
#143=ADVANCED_FACE('',(#682),#683,.T.);
#144=ADVANCED_FACE('',(#684),#685,.T.);
#145=ADVANCED_FACE('',(#686),#687,.T.);
#146=ADVANCED_FACE('',(#688),#689,.T.);
#147=ADVANCED_FACE('',(#690),#691,.T.);
#148=ADVANCED_FACE('',(#692),#693,.F.);
#149=ADVANCED_FACE('',(#694),#695,.F.);
#150=ADVANCED_FACE('',(#696),#697,.F.);
#151=ADVANCED_FACE('',(#698),#699,.F.);
#152=ADVANCED_FACE('',(#700),#701,.T.);
#153=ADVANCED_FACE('',(#702),#703,.F.);
#154=ADVANCED_FACE('',(#704),#705,.F.);
#155=ADVANCED_FACE('',(#706),#707,.F.);
#156=ADVANCED_FACE('',(#708),#709,.F.);
#157=ADVANCED_FACE('',(#710),#711,.F.);
#158=ADVANCED_FACE('',(#712),#713,.F.);
#159=ADVANCED_FACE('',(#714),#715,.T.);
#160=ADVANCED_FACE('',(#716),#717,.T.);
#161=ADVANCED_FACE('',(#718),#719,.F.);
#162=ADVANCED_FACE('',(#720),#721,.F.);
#163=ADVANCED_FACE('',(#722),#723,.F.);
#164=ADVANCED_FACE('',(#724),#725,.F.);
#165=ADVANCED_FACE('',(#726),#727,.F.);
#166=ADVANCED_FACE('',(#728),#729,.F.);
#167=ADVANCED_FACE('',(#730),#731,.F.);
#168=ADVANCED_FACE('',(#732,#733,#734),#735,.T.);
#169=ADVANCED_FACE('',(#736),#737,.T.);
#170=ADVANCED_FACE('',(#738),#739,.T.);
#171=ADVANCED_FACE('',(#740),#741,.T.);
#172=ADVANCED_FACE('',(#742),#743,.F.);
#173=ADVANCED_FACE('',(#744),#745,.F.);
#174=ADVANCED_FACE('',(#746),#747,.T.);
#175=ADVANCED_FACE('',(#748),#749,.T.);
#176=ADVANCED_FACE('',(#750),#751,.T.);
#177=ADVANCED_FACE('',(#752),#753,.T.);
#178=ADVANCED_FACE('',(#754),#755,.T.);
#179=ADVANCED_FACE('',(#756),#757,.T.);
#180=ADVANCED_FACE('',(#758),#759,.T.);
#181=ADVANCED_FACE('',(#760),#761,.T.);
#182=ADVANCED_FACE('',(#762),#763,.T.);
#183=ADVANCED_FACE('',(#764),#765,.T.);
#184=ADVANCED_FACE('',(#766),#767,.T.);
#185=ADVANCED_FACE('',(#768),#769,.T.);
#186=ADVANCED_FACE('',(#770),#771,.T.);
#187=ADVANCED_FACE('',(#772),#773,.T.);
#188=ADVANCED_FACE('',(#774),#775,.T.);
#189=ADVANCED_FACE('',(#776),#777,.T.);
#190=ADVANCED_FACE('',(#778),#779,.T.);
#191=ADVANCED_FACE('',(#780),#781,.T.);
#192=ADVANCED_FACE('',(#782),#783,.T.);
#193=ADVANCED_FACE('',(#784),#785,.T.);
#194=ADVANCED_FACE('',(#786),#787,.T.);
#195=ADVANCED_FACE('',(#788),#789,.T.);
#196=ADVANCED_FACE('',(#790),#791,.T.);
#197=ADVANCED_FACE('',(#792),#793,.T.);
#198=ADVANCED_FACE('',(#794),#795,.F.);
#199=ADVANCED_FACE('',(#796),#797,.F.);
#200=ADVANCED_FACE('',(#798),#799,.F.);
#201=ADVANCED_FACE('',(#800),#801,.F.);
#202=ADVANCED_FACE('',(#802),#803,.T.);
#203=ADVANCED_FACE('',(#804),#805,.T.);
#204=ADVANCED_FACE('',(#806),#807,.T.);
#205=ADVANCED_FACE('',(#808),#809,.T.);
#206=ADVANCED_FACE('',(#810),#811,.T.);
#207=ADVANCED_FACE('',(#812),#813,.T.);
#208=ADVANCED_FACE('',(#814),#815,.T.);
#209=ADVANCED_FACE('',(#816),#817,.T.);
#210=ADVANCED_FACE('',(#818,#819,#820),#821,.T.);
#211=ADVANCED_FACE('',(#822),#823,.T.);
#212=ADVANCED_FACE('',(#824),#825,.T.);
#213=ADVANCED_FACE('',(#826),#827,.T.);
#214=ADVANCED_FACE('',(#828),#829,.T.);
#215=ADVANCED_FACE('',(#830,#831,#832),#833,.T.);
#216=ADVANCED_FACE('',(#834),#835,.F.);
#217=ADVANCED_FACE('',(#836),#837,.F.);
#218=ADVANCED_FACE('',(#838),#839,.T.);
#219=ADVANCED_FACE('',(#840),#841,.T.);
#220=ADVANCED_FACE('',(#842),#843,.T.);
#221=ADVANCED_FACE('',(#844),#845,.T.);
#222=ADVANCED_FACE('',(#846),#847,.T.);
#223=ADVANCED_FACE('',(#848),#849,.T.);
#224=ADVANCED_FACE('',(#850),#851,.T.);
#225=ADVANCED_FACE('',(#852),#853,.T.);
#226=ADVANCED_FACE('',(#854),#855,.T.);
#227=ADVANCED_FACE('',(#856),#857,.T.);
#228=ADVANCED_FACE('',(#858),#859,.T.);
#229=ADVANCED_FACE('',(#860),#861,.T.);
#230=ADVANCED_FACE('',(#862),#863,.T.);
#231=ADVANCED_FACE('',(#864),#865,.T.);
#232=ADVANCED_FACE('',(#866),#867,.T.);
#233=ADVANCED_FACE('',(#868),#869,.T.);
#234=ADVANCED_FACE('',(#870),#871,.F.);
#235=ADVANCED_FACE('',(#872),#873,.F.);
#236=ADVANCED_FACE('',(#874),#875,.F.);
#237=ADVANCED_FACE('',(#876),#877,.F.);
#238=ADVANCED_FACE('',(#878),#879,.F.);
#239=ADVANCED_FACE('',(#880),#881,.F.);
#240=ADVANCED_FACE('',(#882),#883,.F.);
#241=ADVANCED_FACE('',(#884),#885,.F.);
#242=ADVANCED_FACE('',(#886),#887,.F.);
#243=ADVANCED_FACE('',(#888),#889,.F.);
#244=ADVANCED_FACE('',(#890),#891,.F.);
#245=ADVANCED_FACE('',(#892),#893,.F.);
#246=ADVANCED_FACE('',(#894),#895,.F.);
#247=ADVANCED_FACE('',(#896),#897,.F.);
#248=ADVANCED_FACE('',(#898),#899,.T.);
#249=ADVANCED_FACE('',(#900),#901,.F.);
#250=ADVANCED_FACE('',(#902),#903,.T.);
#251=ADVANCED_FACE('',(#904),#905,.F.);
#252=ADVANCED_FACE('',(#906),#907,.F.);
#253=ADVANCED_FACE('',(#908),#909,.T.);
#254=ADVANCED_FACE('',(#910),#911,.T.);
#255=ADVANCED_FACE('',(#912),#913,.T.);
#256=ADVANCED_FACE('',(#914),#915,.T.);
#257=ADVANCED_FACE('',(#916),#917,.T.);
#258=ADVANCED_FACE('',(#918),#919,.T.);
#259=ADVANCED_FACE('',(#920),#921,.T.);
#260=ADVANCED_FACE('',(#922),#923,.T.);
#261=ADVANCED_FACE('',(#924),#925,.T.);
#262=ADVANCED_FACE('',(#926),#927,.T.);
#263=ADVANCED_FACE('',(#928),#929,.F.);
#264=ADVANCED_FACE('',(#930),#931,.T.);
#265=ADVANCED_FACE('',(#932),#933,.T.);
#266=ADVANCED_FACE('',(#934),#935,.T.);
#267=ADVANCED_FACE('',(#936),#937,.T.);
#268=ADVANCED_FACE('',(#938),#939,.T.);
#269=ADVANCED_FACE('',(#940),#941,.T.);
#270=ADVANCED_FACE('',(#942),#943,.F.);
#271=ADVANCED_FACE('',(#944),#945,.F.);
#272=ADVANCED_FACE('',(#946),#947,.F.);
#273=ADVANCED_FACE('',(#948),#949,.F.);
#274=ADVANCED_FACE('',(#950),#951,.F.);
#275=ADVANCED_FACE('',(#952),#953,.F.);
#276=ADVANCED_FACE('',(#954),#955,.F.);
#277=ADVANCED_FACE('',(#956),#957,.T.);
#278=ADVANCED_FACE('',(#958),#959,.T.);
#279=ADVANCED_FACE('',(#960),#961,.T.);
#280=ADVANCED_FACE('',(#962),#963,.T.);
#281=ADVANCED_FACE('',(#964),#965,.T.);
#282=ADVANCED_FACE('',(#966),#967,.T.);
#283=ADVANCED_FACE('',(#968),#969,.T.);
#284=ADVANCED_FACE('',(#970),#971,.T.);
#285=ADVANCED_FACE('',(#972),#973,.F.);
#286=ADVANCED_FACE('',(#974),#975,.F.);
#287=ADVANCED_FACE('',(#976),#977,.T.);
#288=ADVANCED_FACE('',(#978),#979,.T.);
#289=ADVANCED_FACE('',(#980),#981,.T.);
#290=ADVANCED_FACE('',(#982),#983,.T.);
#291=ADVANCED_FACE('',(#984),#985,.T.);
#292=ADVANCED_FACE('',(#986),#987,.T.);
#293=ADVANCED_FACE('',(#988),#989,.T.);
#294=ADVANCED_FACE('',(#990),#991,.T.);
#295=ADVANCED_FACE('',(#992),#993,.T.);
#296=ADVANCED_FACE('',(#994),#995,.T.);
#297=ADVANCED_FACE('',(#996),#997,.T.);
#298=ADVANCED_FACE('',(#998),#999,.T.);
#299=ADVANCED_FACE('',(#1000),#1001,.T.);
#300=ADVANCED_FACE('',(#1002),#1003,.T.);
#301=ADVANCED_FACE('',(#1004),#1005,.T.);
#302=ADVANCED_FACE('',(#1006),#1007,.T.);
#303=ADVANCED_FACE('',(#1008),#1009,.T.);
#304=ADVANCED_FACE('',(#1010,#1011),#1012,.T.);
#305=ADVANCED_FACE('',(#1013,#1014),#1015,.T.);
#306=ADVANCED_FACE('',(#1016,#1017),#1018,.T.);
#307=ADVANCED_FACE('',(#1019,#1020),#1021,.T.);
#308=ADVANCED_FACE('',(#1022,#1023),#1024,.T.);
#309=ADVANCED_FACE('',(#1025,#1026),#1027,.T.);
#310=ADVANCED_FACE('',(#1028,#1029),#1030,.T.);
#311=ADVANCED_FACE('',(#1031,#1032),#1033,.T.);
#312=ADVANCED_FACE('',(#1034,#1035),#1036,.T.);
#313=ADVANCED_FACE('',(#1037,#1038),#1039,.T.);
#314=ADVANCED_FACE('',(#1040),#1041,.F.);
#315=ADVANCED_FACE('',(#1042,#1043,#1044,#1045,#1046,#1047,#1048,#1049,#1050,#1051,#1052),#1053,.T.);
#316=ADVANCED_FACE('',(#1054),#1055,.F.);
#317=ADVANCED_FACE('',(#1056),#1057,.F.);
#318=ADVANCED_FACE('',(#1058),#1059,.F.);
#319=ADVANCED_FACE('',(#1060),#1061,.F.);
#320=ADVANCED_FACE('',(#1062),#1063,.F.);
#321=ADVANCED_FACE('',(#1064),#1065,.F.);
#322=ADVANCED_FACE('',(#1066),#1067,.F.);
#323=ADVANCED_FACE('',(#1068),#1069,.F.);
#324=ADVANCED_FACE('',(#1070),#1071,.F.);
#325=ADVANCED_FACE('',(#1072),#1073,.F.);
#326=ADVANCED_FACE('',(#1074),#1075,.F.);
#327=ADVANCED_FACE('',(#1076),#1077,.F.);
#328=ADVANCED_FACE('',(#1078),#1079,.F.);
#329=ADVANCED_FACE('',(#1080),#1081,.F.);
#330=ADVANCED_FACE('',(#1082),#1083,.F.);
#331=ADVANCED_FACE('',(#1084),#1085,.F.);
#332=ADVANCED_FACE('',(#1086),#1087,.F.);
#333=ADVANCED_FACE('',(#1088),#1089,.F.);
#334=ADVANCED_FACE('',(#1090),#1091,.F.);
#335=ADVANCED_FACE('',(#1092),#1093,.F.);
#336=ADVANCED_FACE('',(#1094),#1095,.F.);
#337=ADVANCED_FACE('',(#1096),#1097,.F.);
#338=ADVANCED_FACE('',(#1098),#1099,.F.);
#339=ADVANCED_FACE('',(#1100),#1101,.F.);
#340=ADVANCED_FACE('',(#1102),#1103,.F.);
#341=ADVANCED_FACE('',(#1104),#1105,.F.);
#342=ADVANCED_FACE('',(#1106),#1107,.F.);
#343=ADVANCED_FACE('',(#1108),#1109,.F.);
#344=ADVANCED_FACE('',(#1110),#1111,.F.);
#345=ADVANCED_FACE('',(#1112),#1113,.F.);
#346=ADVANCED_FACE('',(#1114),#1115,.F.);
#347=ADVANCED_FACE('',(#1116),#1117,.F.);
#348=ADVANCED_FACE('',(#1118),#1119,.F.);
#349=ADVANCED_FACE('',(#1120),#1121,.F.);
#350=ADVANCED_FACE('',(#1122),#1123,.F.);
#351=ADVANCED_FACE('',(#1124),#1125,.F.);
#352=ADVANCED_FACE('',(#1126),#1127,.F.);
#353=ADVANCED_FACE('',(#1128),#1129,.F.);
#354=ADVANCED_FACE('',(#1130),#1131,.F.);
#355=ADVANCED_FACE('',(#1132),#1133,.F.);
#356=ADVANCED_FACE('',(#1134),#1135,.F.);
#357=ADVANCED_FACE('',(#1136),#1137,.F.);
#358=ADVANCED_FACE('',(#1138),#1139,.F.);
#359=ADVANCED_FACE('',(#1140),#1141,.F.);
#360=ADVANCED_FACE('',(#1142),#1143,.F.);
#361=ADVANCED_FACE('',(#1144),#1145,.F.);
#362=ADVANCED_FACE('',(#1146),#1147,.F.);
#363=ADVANCED_FACE('',(#1148),#1149,.F.);
#364=ADVANCED_FACE('',(#1150),#1151,.T.);
#365=ADVANCED_FACE('',(#1152),#1153,.T.);
#366=ADVANCED_FACE('',(#1154),#1155,.T.);
#367=ADVANCED_FACE('',(#1156),#1157,.T.);
#368=ADVANCED_FACE('',(#1158),#1159,.T.);
#369=ADVANCED_FACE('',(#1160),#1161,.T.);
#370=ADVANCED_FACE('',(#1162),#1163,.T.);
#371=ADVANCED_FACE('',(#1164),#1165,.T.);
#372=ADVANCED_FACE('',(#1166),#1167,.T.);
#373=ADVANCED_FACE('',(#1168),#1169,.T.);
#374=ADVANCED_FACE('',(#1170),#1171,.T.);
#375=ADVANCED_FACE('',(#1172),#1173,.T.);
#376=ADVANCED_FACE('',(#1174),#1175,.T.);
#377=ADVANCED_FACE('',(#1176),#1177,.T.);
#378=ADVANCED_FACE('',(#1178),#1179,.T.);
#379=ADVANCED_FACE('',(#1180),#1181,.T.);
#380=ADVANCED_FACE('',(#1182),#1183,.T.);
#381=ADVANCED_FACE('',(#1184),#1185,.T.);
#382=ADVANCED_FACE('',(#1186),#1187,.T.);
#383=ADVANCED_FACE('',(#1188),#1189,.T.);
#384=ADVANCED_FACE('',(#1190),#1191,.T.);
#385=ADVANCED_FACE('',(#1192),#1193,.F.);
#386=ADVANCED_FACE('',(#1194),#1195,.F.);
#387=ADVANCED_FACE('',(#1196),#1197,.F.);
#388=ADVANCED_FACE('',(#1198),#1199,.F.);
#389=ADVANCED_FACE('',(#1200),#1201,.T.);
#390=ADVANCED_FACE('',(#1202),#1203,.T.);
#391=ADVANCED_FACE('',(#1204),#1205,.T.);
#392=ADVANCED_FACE('',(#1206),#1207,.F.);
#393=ADVANCED_FACE('',(#1208),#1209,.F.);
#394=ADVANCED_FACE('',(#1210),#1211,.F.);
#395=ADVANCED_FACE('',(#1212),#1213,.F.);
#396=ADVANCED_FACE('',(#1214),#1215,.F.);
#397=ADVANCED_FACE('',(#1216),#1217,.F.);
#398=ADVANCED_FACE('',(#1218),#1219,.T.);
#399=ADVANCED_FACE('',(#1220),#1221,.T.);
#400=ADVANCED_FACE('',(#1222),#1223,.F.);
#401=ADVANCED_FACE('',(#1224),#1225,.F.);
#402=ADVANCED_FACE('',(#1226),#1227,.F.);
#403=ADVANCED_FACE('',(#1228),#1229,.F.);
#404=ADVANCED_FACE('',(#1230),#1231,.F.);
#405=ADVANCED_FACE('',(#1232),#1233,.F.);
#406=ADVANCED_FACE('',(#1234),#1235,.F.);
#407=ADVANCED_FACE('',(#1236),#1237,.T.);
#408=ADVANCED_FACE('',(#1238),#1239,.T.);
#409=ADVANCED_FACE('',(#1240),#1241,.T.);
#410=ADVANCED_FACE('',(#1242),#1243,.T.);
#411=ADVANCED_FACE('',(#1244),#1245,.T.);
#412=ADVANCED_FACE('',(#1246),#1247,.T.);
#413=ADVANCED_FACE('',(#1248),#1249,.T.);
#414=ADVANCED_FACE('',(#1250),#1251,.T.);
#415=ADVANCED_FACE('',(#1252),#1253,.T.);
#416=ADVANCED_FACE('',(#1254),#1255,.T.);
#417=ADVANCED_FACE('',(#1256),#1257,.T.);
#418=ADVANCED_FACE('',(#1258),#1259,.T.);
#419=ADVANCED_FACE('',(#1260),#1261,.T.);
#420=ADVANCED_FACE('',(#1262),#1263,.T.);
#421=ADVANCED_FACE('',(#1264),#1265,.T.);
#422=ADVANCED_FACE('',(#1266),#1267,.T.);
#423=ADVANCED_FACE('',(#1268),#1269,.T.);
#424=ADVANCED_FACE('',(#1270),#1271,.T.);
#425=ADVANCED_FACE('',(#1272),#1273,.T.);
#426=ADVANCED_FACE('',(#1274),#1275,.T.);
#427=ADVANCED_FACE('',(#1276),#1277,.T.);
#428=ADVANCED_FACE('',(#1278),#1279,.T.);
#429=ADVANCED_FACE('',(#1280),#1281,.T.);
#430=ADVANCED_FACE('',(#1282),#1283,.T.);
#431=ADVANCED_FACE('',(#1284),#1285,.T.);
#432=ADVANCED_FACE('',(#1286),#1287,.F.);
#433=ADVANCED_FACE('',(#1288),#1289,.F.);
#434=ADVANCED_FACE('',(#1290),#1291,.F.);
#435=ADVANCED_FACE('',(#1292),#1293,.F.);
#436=ADVANCED_FACE('',(#1294),#1295,.T.);
#437=ADVANCED_FACE('',(#1296),#1297,.T.);
#438=ADVANCED_FACE('',(#1298),#1299,.T.);
#439=ADVANCED_FACE('',(#1300),#1301,.F.);
#440=ADVANCED_FACE('',(#1302),#1303,.F.);
#441=ADVANCED_FACE('',(#1304),#1305,.F.);
#442=ADVANCED_FACE('',(#1306),#1307,.F.);
#443=ADVANCED_FACE('',(#1308),#1309,.F.);
#444=ADVANCED_FACE('',(#1310),#1311,.F.);
#445=ADVANCED_FACE('',(#1312),#1313,.T.);
#446=ADVANCED_FACE('',(#1314),#1315,.T.);
#447=ADVANCED_FACE('',(#1316),#1317,.F.);
#448=ADVANCED_FACE('',(#1318),#1319,.F.);
#449=ADVANCED_FACE('',(#1320),#1321,.F.);
#450=ADVANCED_FACE('',(#1322),#1323,.F.);
#451=ADVANCED_FACE('',(#1324),#1325,.F.);
#452=ADVANCED_FACE('',(#1326),#1327,.F.);
#453=ADVANCED_FACE('',(#1328),#1329,.F.);
#454=ADVANCED_FACE('',(#1330),#1331,.T.);
#455=ADVANCED_FACE('',(#1332),#1333,.T.);
#456=ADVANCED_FACE('',(#1334),#1335,.T.);
#457=ADVANCED_FACE('',(#1336),#1337,.T.);
#458=ADVANCED_FACE('',(#1338),#1339,.T.);
#459=ADVANCED_FACE('',(#1340),#1341,.T.);
#460=ADVANCED_FACE('',(#1342),#1343,.T.);
#461=ADVANCED_FACE('',(#1344),#1345,.T.);
#462=ADVANCED_FACE('',(#1346),#1347,.T.);
#463=ADVANCED_FACE('',(#1348),#1349,.T.);
#464=ADVANCED_FACE('',(#1350),#1351,.T.);
#465=ADVANCED_FACE('',(#1352),#1353,.T.);
#466=ADVANCED_FACE('',(#1354),#1355,.T.);
#467=ADVANCED_FACE('',(#1356),#1357,.T.);
#468=ADVANCED_FACE('',(#1358),#1359,.T.);
#469=ADVANCED_FACE('',(#1360),#1361,.T.);
#470=ADVANCED_FACE('',(#1362),#1363,.T.);
#471=ADVANCED_FACE('',(#1364),#1365,.T.);
#472=ADVANCED_FACE('',(#1366),#1367,.T.);
#473=ADVANCED_FACE('',(#1368),#1369,.T.);
#474=ADVANCED_FACE('',(#1370),#1371,.T.);
#475=ADVANCED_FACE('',(#1372),#1373,.T.);
#476=ADVANCED_FACE('',(#1374),#1375,.T.);
#477=ADVANCED_FACE('',(#1376),#1377,.T.);
#478=ADVANCED_FACE('',(#1378),#1379,.T.);
#479=ADVANCED_FACE('',(#1380),#1381,.F.);
#480=ADVANCED_FACE('',(#1382),#1383,.F.);
#481=ADVANCED_FACE('',(#1384),#1385,.F.);
#482=ADVANCED_FACE('',(#1386),#1387,.F.);
#483=ADVANCED_FACE('',(#1388),#1389,.T.);
#484=ADVANCED_FACE('',(#1390),#1391,.T.);
#485=ADVANCED_FACE('',(#1392),#1393,.T.);
#486=ADVANCED_FACE('',(#1394),#1395,.F.);
#487=ADVANCED_FACE('',(#1396),#1397,.F.);
#488=ADVANCED_FACE('',(#1398),#1399,.F.);
#489=ADVANCED_FACE('',(#1400),#1401,.F.);
#490=ADVANCED_FACE('',(#1402),#1403,.F.);
#491=ADVANCED_FACE('',(#1404),#1405,.F.);
#492=ADVANCED_FACE('',(#1406),#1407,.T.);
#493=ADVANCED_FACE('',(#1408),#1409,.T.);
#494=ADVANCED_FACE('',(#1410),#1411,.F.);
#495=ADVANCED_FACE('',(#1412),#1413,.F.);
#496=ADVANCED_FACE('',(#1414),#1415,.F.);
#497=ADVANCED_FACE('',(#1416),#1417,.F.);
#498=ADVANCED_FACE('',(#1418),#1419,.F.);
#499=ADVANCED_FACE('',(#1420),#1421,.F.);
#500=ADVANCED_FACE('',(#1422),#1423,.F.);
#501=ADVANCED_FACE('',(#1424),#1425,.T.);
#502=ADVANCED_FACE('',(#1426),#1427,.T.);
#503=ADVANCED_FACE('',(#1428),#1429,.T.);
#504=ADVANCED_FACE('',(#1430),#1431,.T.);
#505=ADVANCED_FACE('',(#1432),#1433,.T.);
#506=ADVANCED_FACE('',(#1434),#1435,.T.);
#507=ADVANCED_FACE('',(#1436),#1437,.T.);
#508=ADVANCED_FACE('',(#1438),#1439,.T.);
#509=ADVANCED_FACE('',(#1440),#1441,.T.);
#510=ADVANCED_FACE('',(#1442),#1443,.T.);
#511=ADVANCED_FACE('',(#1444),#1445,.T.);
#512=ADVANCED_FACE('',(#1446),#1447,.T.);
#513=ADVANCED_FACE('',(#1448),#1449,.T.);
#514=ADVANCED_FACE('',(#1450),#1451,.T.);
#515=ADVANCED_FACE('',(#1452),#1453,.T.);
#516=ADVANCED_FACE('',(#1454),#1455,.T.);
#517=ADVANCED_FACE('',(#1456),#1457,.T.);
#518=ADVANCED_FACE('',(#1458),#1459,.T.);
#519=ADVANCED_FACE('',(#1460),#1461,.T.);
#520=ADVANCED_FACE('',(#1462),#1463,.T.);
#521=ADVANCED_FACE('',(#1464),#1465,.F.);
#522=ADVANCED_FACE('',(#1466),#1467,.F.);
#523=ADVANCED_FACE('',(#1468),#1469,.F.);
#524=ADVANCED_FACE('',(#1470),#1471,.F.);
#525=ADVANCED_FACE('',(#1472),#1473,.T.);
#526=ADVANCED_FACE('',(#1474),#1475,.T.);
#527=ADVANCED_FACE('',(#1476),#1477,.F.);
#528=ADVANCED_FACE('',(#1478),#1479,.F.);
#529=ADVANCED_FACE('',(#1480),#1481,.T.);
#530=ADVANCED_FACE('',(#1482),#1483,.T.);
#531=ADVANCED_FACE('',(#1484),#1485,.F.);
#532=ADVANCED_FACE('',(#1486),#1487,.T.);
#533=ADVANCED_FACE('',(#1488),#1489,.T.);
#534=ADVANCED_FACE('',(#1490),#1491,.F.);
#535=ADVANCED_FACE('',(#1492),#1493,.F.);
#536=ADVANCED_FACE('',(#1494),#1495,.F.);
#537=ADVANCED_FACE('',(#1496),#1497,.T.);
#538=ADVANCED_FACE('',(#1498),#1499,.T.);
#539=ADVANCED_FACE('',(#1500),#1501,.F.);
#540=ADVANCED_FACE('',(#1502),#1503,.F.);
#541=ADVANCED_FACE('',(#1504),#1505,.T.);
#542=ADVANCED_FACE('',(#1506),#1507,.T.);
#543=ADVANCED_FACE('',(#1508),#1509,.F.);
#544=ADVANCED_FACE('',(#1510),#1511,.F.);
#545=ADVANCED_FACE('',(#1512),#1513,.F.);
#546=ADVANCED_FACE('',(#1514),#1515,.F.);
#547=ADVANCED_FACE('',(#1516),#1517,.F.);
#548=ADVANCED_FACE('',(#1518),#1519,.F.);
#549=ADVANCED_FACE('',(#1520),#1521,.F.);
#550=ADVANCED_FACE('',(#1522),#1523,.F.);
#551=ADVANCED_FACE('',(#1524),#1525,.F.);
#552=ADVANCED_FACE('',(#1526),#1527,.F.);
#553=COMPOSITE_CURVE_SEGMENT(.CONTINUOUS.,.T.,#1528);
#554=COMPOSITE_CURVE_SEGMENT(.CONTINUOUS.,.T.,#1529);
#555=COMPOSITE_CURVE_SEGMENT(.CONTINUOUS.,.T.,#1530);
#556=COMPOSITE_CURVE_SEGMENT(.CONTINUOUS.,.T.,#1531);
#557=COMPOSITE_CURVE_SEGMENT(.CONTINUOUS.,.T.,#1532);
#558=COMPOSITE_CURVE_SEGMENT(.CONTINUOUS.,.T.,#1533);
#559=COMPOSITE_CURVE_SEGMENT(.CONTINUOUS.,.T.,#1534);
#560=COMPOSITE_CURVE_SEGMENT(.CONTINUOUS.,.T.,#1535);
#561=COMPOSITE_CURVE_SEGMENT(.CONTINUOUS.,.T.,#1536);
#562=COMPOSITE_CURVE_SEGMENT(.CONTINUOUS.,.T.,#1537);
#563=COMPOSITE_CURVE_SEGMENT(.CONTINUOUS.,.T.,#1538);
#564=COMPOSITE_CURVE_SEGMENT(.CONTINUOUS.,.T.,#1539);
#565=COMPOSITE_CURVE_SEGMENT(.CONTINUOUS.,.T.,#1540);
#566=COMPOSITE_CURVE_SEGMENT(.CONTINUOUS.,.T.,#1541);
#567=COMPOSITE_CURVE_SEGMENT(.CONTINUOUS.,.T.,#1542);
#568=COMPOSITE_CURVE_SEGMENT(.CONTINUOUS.,.T.,#1543);
#569=COMPOSITE_CURVE_SEGMENT(.CONTINUOUS.,.T.,#1544);
#570=COMPOSITE_CURVE_SEGMENT(.CONTINUOUS.,.T.,#1545);
#571=COMPOSITE_CURVE_SEGMENT(.CONTINUOUS.,.T.,#1546);
#572=COMPOSITE_CURVE_SEGMENT(.CONTINUOUS.,.T.,#1547);
#573=COMPOSITE_CURVE_SEGMENT(.CONTINUOUS.,.T.,#1548);
#574=COMPOSITE_CURVE_SEGMENT(.CONTINUOUS.,.T.,#1549);
#575=COMPOSITE_CURVE_SEGMENT(.CONTINUOUS.,.T.,#1550);
#576=COMPOSITE_CURVE_SEGMENT(.CONTINUOUS.,.T.,#1551);
#577=COMPOSITE_CURVE_SEGMENT(.CONTINUOUS.,.T.,#1552);
#578=COMPOSITE_CURVE_SEGMENT(.CONTINUOUS.,.T.,#1553);
#579=COMPOSITE_CURVE_SEGMENT(.CONTINUOUS.,.T.,#1554);
#580=COMPOSITE_CURVE_SEGMENT(.CONTINUOUS.,.T.,#1555);
#581=COMPOSITE_CURVE_SEGMENT(.CONTINUOUS.,.T.,#1556);
#582=COMPOSITE_CURVE_SEGMENT(.CONTINUOUS.,.T.,#1557);
#583=COMPOSITE_CURVE_SEGMENT(.CONTINUOUS.,.T.,#1558);
#584=COMPOSITE_CURVE_SEGMENT(.CONTINUOUS.,.T.,#1559);
#585=COMPOSITE_CURVE_SEGMENT(.CONTINUOUS.,.T.,#1560);
#586=COMPOSITE_CURVE_SEGMENT(.CONTINUOUS.,.T.,#1561);
#587=COMPOSITE_CURVE_SEGMENT(.CONTINUOUS.,.T.,#1562);
#588=COMPOSITE_CURVE_SEGMENT(.CONTINUOUS.,.T.,#1563);
#589=COMPOSITE_CURVE_SEGMENT(.CONTINUOUS.,.T.,#1564);
#590=COMPOSITE_CURVE_SEGMENT(.CONTINUOUS.,.T.,#1565);
#591=COMPOSITE_CURVE_SEGMENT(.CONTINUOUS.,.T.,#1566);
#592=COMPOSITE_CURVE_SEGMENT(.CONTINUOUS.,.T.,#1567);
#593=COMPOSITE_CURVE_SEGMENT(.CONTINUOUS.,.T.,#1568);
#594=COMPOSITE_CURVE_SEGMENT(.CONTINUOUS.,.T.,#1569);
#595=COMPOSITE_CURVE_SEGMENT(.CONTINUOUS.,.T.,#1570);
#596=COMPOSITE_CURVE_SEGMENT(.CONTINUOUS.,.T.,#1571);
#597=COMPOSITE_CURVE_SEGMENT(.CONTINUOUS.,.T.,#1572);
#598=COMPOSITE_CURVE_SEGMENT(.CONTINUOUS.,.T.,#1573);
#599=COMPOSITE_CURVE_SEGMENT(.CONTINUOUS.,.T.,#1574);
#600=COMPOSITE_CURVE_SEGMENT(.CONTINUOUS.,.T.,#1575);
#601=COMPOSITE_CURVE_SEGMENT(.CONTINUOUS.,.T.,#1576);
#602=COMPOSITE_CURVE_SEGMENT(.CONTINUOUS.,.T.,#1577);
#603=COMPOSITE_CURVE_SEGMENT(.CONTINUOUS.,.T.,#1578);
#604=COMPOSITE_CURVE_SEGMENT(.CONTINUOUS.,.T.,#1579);
#605=COMPOSITE_CURVE_SEGMENT(.CONTINUOUS.,.T.,#1580);
#607=FACE_OUTER_BOUND('',#1581,.T.);
#608=PLANE('',#1582);
#609=FACE_OUTER_BOUND('',#1583,.T.);
#610=PLANE('',#1584);
#611=FACE_OUTER_BOUND('',#1585,.T.);
#612=PLANE('',#1586);
#613=FACE_OUTER_BOUND('',#1587,.T.);
#614=PLANE('',#1588);
#615=FACE_OUTER_BOUND('',#1589,.T.);
#616=PLANE('',#1590);
#617=FACE_OUTER_BOUND('',#1591,.T.);
#618=PLANE('',#1592);
#619=FACE_OUTER_BOUND('',#1593,.T.);
#620=PLANE('',#1594);
#621=FACE_OUTER_BOUND('',#1595,.T.);
#622=PLANE('',#1596);
#623=FACE_OUTER_BOUND('',#1597,.T.);
#624=PLANE('',#1598);
#625=FACE_OUTER_BOUND('',#1599,.T.);
#626=PLANE('',#1600);
#627=FACE_OUTER_BOUND('',#1601,.T.);
#628=PLANE('',#1602);
#629=FACE_OUTER_BOUND('',#1603,.T.);
#630=PLANE('',#1604);
#631=FACE_OUTER_BOUND('',#1605,.T.);
#632=PLANE('',#1606);
#633=FACE_OUTER_BOUND('',#1607,.T.);
#634=PLANE('',#1608);
#635=FACE_OUTER_BOUND('',#1609,.T.);
#636=PLANE('',#1610);
#637=FACE_OUTER_BOUND('',#1611,.T.);
#638=PLANE('',#1612);
#639=FACE_OUTER_BOUND('',#1613,.T.);
#640=PLANE('',#1614);
#641=FACE_OUTER_BOUND('',#1615,.T.);
#642=PLANE('',#1616);
#643=FACE_OUTER_BOUND('',#1617,.T.);
#644=PLANE('',#1618);
#645=FACE_OUTER_BOUND('',#1619,.T.);
#646=PLANE('',#1620);
#647=FACE_OUTER_BOUND('',#1621,.T.);
#648=PLANE('',#1622);
#649=FACE_OUTER_BOUND('',#1623,.T.);
#650=PLANE('',#1624);
#651=FACE_OUTER_BOUND('',#1625,.T.);
#652=PLANE('',#1626);
#653=FACE_OUTER_BOUND('',#1627,.T.);
#654=PLANE('',#1628);
#655=FACE_OUTER_BOUND('',#1629,.T.);
#656=PLANE('',#1630);
#657=FACE_OUTER_BOUND('',#1631,.T.);
#658=PLANE('',#1632);
#659=FACE_OUTER_BOUND('',#1633,.T.);
#660=PLANE('',#1634);
#661=FACE_OUTER_BOUND('',#1635,.T.);
#662=PLANE('',#1636);
#663=FACE_OUTER_BOUND('',#1637,.T.);
#664=FACE_BOUND('',#1638,.T.);
#665=PLANE('',#1639);
#666=FACE_OUTER_BOUND('',#1640,.T.);
#667=PLANE('',#1641);
#668=FACE_OUTER_BOUND('',#1642,.T.);
#669=CYLINDRICAL_SURFACE('',#1643,0.75);
#670=FACE_OUTER_BOUND('',#1644,.T.);
#671=PLANE('',#1645);
#672=FACE_OUTER_BOUND('',#1646,.T.);
#673=PLANE('',#1647);
#674=FACE_OUTER_BOUND('',#1648,.T.);
#675=PLANE('',#1649);
#676=FACE_OUTER_BOUND('',#1650,.T.);
#677=PLANE('',#1651);
#678=FACE_OUTER_BOUND('',#1652,.T.);
#679=PLANE('',#1653);
#680=FACE_OUTER_BOUND('',#1654,.T.);
#681=PLANE('',#1655);
#682=FACE_OUTER_BOUND('',#1656,.T.);
#683=PLANE('',#1657);
#684=FACE_OUTER_BOUND('',#1658,.T.);
#685=PLANE('',#1659);
#686=FACE_OUTER_BOUND('',#1660,.T.);
#687=PLANE('',#1661);
#688=FACE_OUTER_BOUND('',#1662,.T.);
#689=PLANE('',#1663);
#690=FACE_OUTER_BOUND('',#1664,.T.);
#691=PLANE('',#1665);
#692=FACE_OUTER_BOUND('',#1666,.T.);
#693=PLANE('',#1667);
#694=FACE_OUTER_BOUND('',#1668,.T.);
#695=PLANE('',#1669);
#696=FACE_OUTER_BOUND('',#1670,.T.);
#697=PLANE('',#1671);
#698=FACE_OUTER_BOUND('',#1672,.T.);
#699=PLANE('',#1673);
#700=FACE_OUTER_BOUND('',#1674,.T.);
#701=PLANE('',#1675);
#702=FACE_OUTER_BOUND('',#1676,.T.);
#703=PLANE('',#1677);
#704=FACE_OUTER_BOUND('',#1678,.T.);
#705=PLANE('',#1679);
#706=FACE_OUTER_BOUND('',#1680,.T.);
#707=PLANE('',#1681);
#708=FACE_OUTER_BOUND('',#1682,.T.);
#709=PLANE('',#1683);
#710=FACE_OUTER_BOUND('',#1684,.T.);
#711=PLANE('',#1685);
#712=FACE_OUTER_BOUND('',#1686,.T.);
#713=PLANE('',#1687);
#714=FACE_OUTER_BOUND('',#1688,.T.);
#715=PLANE('',#1689);
#716=FACE_OUTER_BOUND('',#1690,.T.);
#717=PLANE('',#1691);
#718=FACE_OUTER_BOUND('',#1692,.T.);
#719=PLANE('',#1693);
#720=FACE_OUTER_BOUND('',#1694,.T.);
#721=PLANE('',#1695);
#722=FACE_OUTER_BOUND('',#1696,.T.);
#723=PLANE('',#1697);
#724=FACE_OUTER_BOUND('',#1698,.T.);
#725=PLANE('',#1699);
#726=FACE_OUTER_BOUND('',#1700,.T.);
#727=PLANE('',#1701);
#728=FACE_OUTER_BOUND('',#1702,.T.);
#729=PLANE('',#1703);
#730=FACE_OUTER_BOUND('',#1704,.T.);
#731=PLANE('',#1705);
#732=FACE_OUTER_BOUND('',#1706,.T.);
#733=FACE_BOUND('',#1707,.T.);
#734=FACE_BOUND('',#1708,.T.);
#735=PLANE('',#1709);
#736=FACE_OUTER_BOUND('',#1710,.T.);
#737=PLANE('',#1711);
#738=FACE_OUTER_BOUND('',#1712,.T.);
#739=PLANE('',#1713);
#740=FACE_OUTER_BOUND('',#1714,.T.);
#741=PLANE('',#1715);
#742=FACE_OUTER_BOUND('',#1716,.T.);
#743=PLANE('',#1717);
#744=FACE_OUTER_BOUND('',#1718,.T.);
#745=PLANE('',#1719);
#746=FACE_OUTER_BOUND('',#1720,.T.);
#747=PLANE('',#1721);
#748=FACE_OUTER_BOUND('',#1722,.T.);
#749=PLANE('',#1723);
#750=FACE_OUTER_BOUND('',#1724,.T.);
#751=PLANE('',#1725);
#752=FACE_OUTER_BOUND('',#1726,.T.);
#753=PLANE('',#1727);
#754=FACE_OUTER_BOUND('',#1728,.T.);
#755=PLANE('',#1729);
#756=FACE_OUTER_BOUND('',#1730,.T.);
#757=PLANE('',#1731);
#758=FACE_OUTER_BOUND('',#1732,.T.);
#759=PLANE('',#1733);
#760=FACE_OUTER_BOUND('',#1734,.T.);
#761=PLANE('',#1735);
#762=FACE_OUTER_BOUND('',#1736,.T.);
#763=PLANE('',#1737);
#764=FACE_OUTER_BOUND('',#1738,.T.);
#765=PLANE('',#1739);
#766=FACE_OUTER_BOUND('',#1740,.T.);
#767=PLANE('',#1741);
#768=FACE_OUTER_BOUND('',#1742,.T.);
#769=PLANE('',#1743);
#770=FACE_OUTER_BOUND('',#1744,.T.);
#771=PLANE('',#1745);
#772=FACE_OUTER_BOUND('',#1746,.T.);
#773=PLANE('',#1747);
#774=FACE_OUTER_BOUND('',#1748,.T.);
#775=PLANE('',#1749);
#776=FACE_OUTER_BOUND('',#1750,.T.);
#777=CYLINDRICAL_SURFACE('',#1751,0.32);
#778=FACE_OUTER_BOUND('',#1752,.T.);
#779=PLANE('',#1753);
#780=FACE_OUTER_BOUND('',#1754,.T.);
#781=PLANE('',#1755);
#782=FACE_OUTER_BOUND('',#1756,.T.);
#783=PLANE('',#1757);
#784=FACE_OUTER_BOUND('',#1758,.T.);
#785=PLANE('',#1759);
#786=FACE_OUTER_BOUND('',#1760,.T.);
#787=PLANE('',#1761);
#788=FACE_OUTER_BOUND('',#1762,.T.);
#789=PLANE('',#1763);
#790=FACE_OUTER_BOUND('',#1764,.T.);
#791=PLANE('',#1765);
#792=FACE_OUTER_BOUND('',#1766,.T.);
#793=PLANE('',#1767);
#794=FACE_OUTER_BOUND('',#1768,.T.);
#795=PLANE('',#1769);
#796=FACE_OUTER_BOUND('',#1770,.T.);
#797=PLANE('',#1771);
#798=FACE_OUTER_BOUND('',#1772,.T.);
#799=PLANE('',#1773);
#800=FACE_OUTER_BOUND('',#1774,.T.);
#801=PLANE('',#1775);
#802=FACE_OUTER_BOUND('',#1776,.T.);
#803=PLANE('',#1777);
#804=FACE_OUTER_BOUND('',#1778,.T.);
#805=PLANE('',#1779);
#806=FACE_OUTER_BOUND('',#1780,.T.);
#807=PLANE('',#1781);
#808=FACE_OUTER_BOUND('',#1782,.T.);
#809=PLANE('',#1783);
#810=FACE_OUTER_BOUND('',#1784,.T.);
#811=PLANE('',#1785);
#812=FACE_OUTER_BOUND('',#1786,.T.);
#813=PLANE('',#1787);
#814=FACE_OUTER_BOUND('',#1788,.T.);
#815=PLANE('',#1789);
#816=FACE_OUTER_BOUND('',#1790,.T.);
#817=PLANE('',#1791);
#818=FACE_OUTER_BOUND('',#1792,.T.);
#819=FACE_BOUND('',#1793,.T.);
#820=FACE_BOUND('',#1794,.T.);
#821=PLANE('',#1795);
#822=FACE_OUTER_BOUND('',#1796,.T.);
#823=PLANE('',#1797);
#824=FACE_OUTER_BOUND('',#1798,.T.);
#825=PLANE('',#1799);
#826=FACE_OUTER_BOUND('',#1800,.T.);
#827=PLANE('',#1801);
#828=FACE_OUTER_BOUND('',#1802,.T.);
#829=PLANE('',#1803);
#830=FACE_OUTER_BOUND('',#1804,.T.);
#831=FACE_BOUND('',#1805,.T.);
#832=FACE_BOUND('',#1806,.T.);
#833=PLANE('',#1807);
#834=FACE_OUTER_BOUND('',#1808,.T.);
#835=PLANE('',#1809);
#836=FACE_OUTER_BOUND('',#1810,.T.);
#837=PLANE('',#1811);
#838=FACE_OUTER_BOUND('',#1812,.T.);
#839=PLANE('',#1813);
#840=FACE_OUTER_BOUND('',#1814,.T.);
#841=PLANE('',#1815);
#842=FACE_OUTER_BOUND('',#1816,.T.);
#843=PLANE('',#1817);
#844=FACE_OUTER_BOUND('',#1818,.T.);
#845=PLANE('',#1819);
#846=FACE_OUTER_BOUND('',#1820,.T.);
#847=PLANE('',#1821);
#848=FACE_OUTER_BOUND('',#1822,.T.);
#849=PLANE('',#1823);
#850=FACE_OUTER_BOUND('',#1824,.T.);
#851=PLANE('',#1825);
#852=FACE_OUTER_BOUND('',#1826,.T.);
#853=PLANE('',#1827);
#854=FACE_OUTER_BOUND('',#1828,.T.);
#855=PLANE('',#1829);
#856=FACE_OUTER_BOUND('',#1830,.T.);
#857=PLANE('',#1831);
#858=FACE_OUTER_BOUND('',#1832,.T.);
#859=PLANE('',#1833);
#860=FACE_OUTER_BOUND('',#1834,.T.);
#861=PLANE('',#1835);
#862=FACE_OUTER_BOUND('',#1836,.T.);
#863=PLANE('',#1837);
#864=FACE_OUTER_BOUND('',#1838,.T.);
#865=PLANE('',#1839);
#866=FACE_OUTER_BOUND('',#1840,.T.);
#867=PLANE('',#1841);
#868=FACE_OUTER_BOUND('',#1842,.T.);
#869=PLANE('',#1843);
#870=FACE_OUTER_BOUND('',#1844,.T.);
#871=PLANE('',#1845);
#872=FACE_OUTER_BOUND('',#1846,.T.);
#873=PLANE('',#1847);
#874=FACE_OUTER_BOUND('',#1848,.T.);
#875=PLANE('',#1849);
#876=FACE_OUTER_BOUND('',#1850,.T.);
#877=PLANE('',#1851);
#878=FACE_OUTER_BOUND('',#1852,.T.);
#879=PLANE('',#1853);
#880=FACE_OUTER_BOUND('',#1854,.T.);
#881=PLANE('',#1855);
#882=FACE_OUTER_BOUND('',#1856,.T.);
#883=PLANE('',#1857);
#884=FACE_OUTER_BOUND('',#1858,.T.);
#885=PLANE('',#1859);
#886=FACE_OUTER_BOUND('',#1860,.T.);
#887=PLANE('',#1861);
#888=FACE_OUTER_BOUND('',#1862,.T.);
#889=PLANE('',#1863);
#890=FACE_OUTER_BOUND('',#1864,.T.);
#891=PLANE('',#1865);
#892=FACE_OUTER_BOUND('',#1866,.T.);
#893=PLANE('',#1867);
#894=FACE_OUTER_BOUND('',#1868,.T.);
#895=PLANE('',#1869);
#896=FACE_OUTER_BOUND('',#1870,.T.);
#897=PLANE('',#1871);
#898=FACE_OUTER_BOUND('',#1872,.T.);
#899=PLANE('',#1873);
#900=FACE_OUTER_BOUND('',#1874,.T.);
#901=PLANE('',#1875);
#902=FACE_OUTER_BOUND('',#1876,.T.);
#903=PLANE('',#1877);
#904=FACE_OUTER_BOUND('',#1878,.T.);
#905=PLANE('',#1879);
#906=FACE_OUTER_BOUND('',#1880,.T.);
#907=PLANE('',#1881);
#908=FACE_OUTER_BOUND('',#1882,.T.);
#909=PLANE('',#1883);
#910=FACE_OUTER_BOUND('',#1884,.T.);
#911=PLANE('',#1885);
#912=FACE_OUTER_BOUND('',#1886,.T.);
#913=PLANE('',#1887);
#914=FACE_OUTER_BOUND('',#1888,.T.);
#915=PLANE('',#1889);
#916=FACE_OUTER_BOUND('',#1890,.T.);
#917=PLANE('',#1891);
#918=FACE_OUTER_BOUND('',#1892,.T.);
#919=PLANE('',#1893);
#920=FACE_OUTER_BOUND('',#1894,.T.);
#921=PLANE('',#1895);
#922=FACE_OUTER_BOUND('',#1896,.T.);
#923=PLANE('',#1897);
#924=FACE_OUTER_BOUND('',#1898,.T.);
#925=PLANE('',#1899);
#926=FACE_OUTER_BOUND('',#1900,.T.);
#927=PLANE('',#1901);
#928=FACE_OUTER_BOUND('',#1902,.T.);
#929=PLANE('',#1903);
#930=FACE_OUTER_BOUND('',#1904,.T.);
#931=PLANE('',#1905);
#932=FACE_OUTER_BOUND('',#1906,.T.);
#933=PLANE('',#1907);
#934=FACE_OUTER_BOUND('',#1908,.T.);
#935=PLANE('',#1909);
#936=FACE_OUTER_BOUND('',#1910,.T.);
#937=PLANE('',#1911);
#938=FACE_OUTER_BOUND('',#1912,.T.);
#939=PLANE('',#1913);
#940=FACE_OUTER_BOUND('',#1914,.T.);
#941=PLANE('',#1915);
#942=FACE_OUTER_BOUND('',#1916,.T.);
#943=PLANE('',#1917);
#944=FACE_OUTER_BOUND('',#1918,.T.);
#945=PLANE('',#1919);
#946=FACE_OUTER_BOUND('',#1920,.T.);
#947=PLANE('',#1921);
#948=FACE_OUTER_BOUND('',#1922,.T.);
#949=PLANE('',#1923);
#950=FACE_OUTER_BOUND('',#1924,.T.);
#951=PLANE('',#1925);
#952=FACE_OUTER_BOUND('',#1926,.T.);
#953=PLANE('',#1927);
#954=FACE_OUTER_BOUND('',#1928,.T.);
#955=PLANE('',#1929);
#956=FACE_OUTER_BOUND('',#1930,.T.);
#957=PLANE('',#1931);
#958=FACE_OUTER_BOUND('',#1932,.T.);
#959=PLANE('',#1933);
#960=FACE_OUTER_BOUND('',#1934,.T.);
#961=CYLINDRICAL_SURFACE('',#1935,0.32);
#962=FACE_OUTER_BOUND('',#1936,.T.);
#963=PLANE('',#1937);
#964=FACE_OUTER_BOUND('',#1938,.T.);
#965=PLANE('',#1939);
#966=FACE_OUTER_BOUND('',#1940,.T.);
#967=PLANE('',#1941);
#968=FACE_OUTER_BOUND('',#1942,.T.);
#969=PLANE('',#1943);
#970=FACE_OUTER_BOUND('',#1944,.T.);
#971=PLANE('',#1945);
#972=FACE_OUTER_BOUND('',#1946,.T.);
#973=PLANE('',#1947);
#974=FACE_OUTER_BOUND('',#1948,.T.);
#975=PLANE('',#1949);
#976=FACE_OUTER_BOUND('',#1950,.T.);
#977=PLANE('',#1951);
#978=FACE_OUTER_BOUND('',#1952,.T.);
#979=PLANE('',#1953);
#980=FACE_OUTER_BOUND('',#1954,.T.);
#981=PLANE('',#1955);
#982=FACE_OUTER_BOUND('',#1956,.T.);
#983=PLANE('',#1957);
#984=FACE_OUTER_BOUND('',#1958,.T.);
#985=PLANE('',#1959);
#986=FACE_OUTER_BOUND('',#1960,.T.);
#987=CYLINDRICAL_SURFACE('',#1961,0.32);
#988=FACE_OUTER_BOUND('',#1962,.T.);
#989=PLANE('',#1963);
#990=FACE_OUTER_BOUND('',#1964,.T.);
#991=PLANE('',#1965);
#992=FACE_OUTER_BOUND('',#1966,.T.);
#993=PLANE('',#1967);
#994=FACE_OUTER_BOUND('',#1968,.T.);
#995=PLANE('',#1969);
#996=FACE_OUTER_BOUND('',#1970,.T.);
#997=PLANE('',#1971);
#998=FACE_OUTER_BOUND('',#1972,.T.);
#999=CYLINDRICAL_SURFACE('',#1973,0.32);
#1000=FACE_OUTER_BOUND('',#1974,.T.);
#1001=PLANE('',#1975);
#1002=FACE_OUTER_BOUND('',#1976,.T.);
#1003=PLANE('',#1977);
#1004=FACE_OUTER_BOUND('',#1978,.T.);
#1005=PLANE('',#1979);
#1006=FACE_OUTER_BOUND('',#1980,.T.);
#1007=PLANE('',#1981);
#1008=FACE_OUTER_BOUND('',#1982,.T.);
#1009=PLANE('',#1983);
#1010=FACE_OUTER_BOUND('',#1984,.T.);
#1011=FACE_BOUND('',#1985,.T.);
#1012=PLANE('',#1986);
#1013=FACE_OUTER_BOUND('',#1987,.T.);
#1014=FACE_BOUND('',#1988,.T.);
#1015=PLANE('',#1989);
#1016=FACE_OUTER_BOUND('',#1990,.T.);
#1017=FACE_BOUND('',#1991,.T.);
#1018=PLANE('',#1992);
#1019=FACE_OUTER_BOUND('',#1993,.T.);
#1020=FACE_BOUND('',#1994,.T.);
#1021=PLANE('',#1995);
#1022=FACE_OUTER_BOUND('',#1996,.T.);
#1023=FACE_BOUND('',#1997,.T.);
#1024=PLANE('',#1998);
#1025=FACE_OUTER_BOUND('',#1999,.T.);
#1026=FACE_BOUND('',#2000,.T.);
#1027=PLANE('',#2001);
#1028=FACE_OUTER_BOUND('',#2002,.T.);
#1029=FACE_BOUND('',#2003,.T.);
#1030=PLANE('',#2004);
#1031=FACE_OUTER_BOUND('',#2005,.T.);
#1032=FACE_BOUND('',#2006,.T.);
#1033=PLANE('',#2007);
#1034=FACE_OUTER_BOUND('',#2008,.T.);
#1035=FACE_BOUND('',#2009,.T.);
#1036=PLANE('',#2010);
#1037=FACE_OUTER_BOUND('',#2011,.T.);
#1038=FACE_BOUND('',#2012,.T.);
#1039=PLANE('',#2013);
#1040=FACE_OUTER_BOUND('',#2014,.T.);
#1041=PLANE('',#2015);
#1042=FACE_OUTER_BOUND('',#2016,.T.);
#1043=FACE_BOUND('',#2017,.T.);
#1044=FACE_BOUND('',#2018,.T.);
#1045=FACE_BOUND('',#2019,.T.);
#1046=FACE_BOUND('',#2020,.T.);
#1047=FACE_BOUND('',#2021,.T.);
#1048=FACE_BOUND('',#2022,.T.);
#1049=FACE_BOUND('',#2023,.T.);
#1050=FACE_BOUND('',#2024,.T.);
#1051=FACE_BOUND('',#2025,.T.);
#1052=FACE_BOUND('',#2026,.T.);
#1053=PLANE('',#2027);
#1054=FACE_OUTER_BOUND('',#2028,.T.);
#1055=PLANE('',#2029);
#1056=FACE_OUTER_BOUND('',#2030,.T.);
#1057=PLANE('',#2031);
#1058=FACE_OUTER_BOUND('',#2032,.T.);
#1059=PLANE('',#2033);
#1060=FACE_OUTER_BOUND('',#2034,.T.);
#1061=PLANE('',#2035);
#1062=FACE_OUTER_BOUND('',#2036,.T.);
#1063=PLANE('',#2037);
#1064=FACE_OUTER_BOUND('',#2038,.T.);
#1065=PLANE('',#2039);
#1066=FACE_OUTER_BOUND('',#2040,.T.);
#1067=PLANE('',#2041);
#1068=FACE_OUTER_BOUND('',#2042,.T.);
#1069=PLANE('',#2043);
#1070=FACE_OUTER_BOUND('',#2044,.T.);
#1071=PLANE('',#2045);
#1072=FACE_OUTER_BOUND('',#2046,.T.);
#1073=PLANE('',#2047);
#1074=FACE_OUTER_BOUND('',#2048,.T.);
#1075=PLANE('',#2049);
#1076=FACE_OUTER_BOUND('',#2050,.T.);
#1077=PLANE('',#2051);
#1078=FACE_OUTER_BOUND('',#2052,.T.);
#1079=PLANE('',#2053);
#1080=FACE_OUTER_BOUND('',#2054,.T.);
#1081=PLANE('',#2055);
#1082=FACE_OUTER_BOUND('',#2056,.T.);
#1083=PLANE('',#2057);
#1084=FACE_OUTER_BOUND('',#2058,.T.);
#1085=PLANE('',#2059);
#1086=FACE_OUTER_BOUND('',#2060,.T.);
#1087=PLANE('',#2061);
#1088=FACE_OUTER_BOUND('',#2062,.T.);
#1089=PLANE('',#2063);
#1090=FACE_OUTER_BOUND('',#2064,.T.);
#1091=PLANE('',#2065);
#1092=FACE_OUTER_BOUND('',#2066,.T.);
#1093=PLANE('',#2067);
#1094=FACE_OUTER_BOUND('',#2068,.T.);
#1095=PLANE('',#2069);
#1096=FACE_OUTER_BOUND('',#2070,.T.);
#1097=PLANE('',#2071);
#1098=FACE_OUTER_BOUND('',#2072,.T.);
#1099=PLANE('',#2073);
#1100=FACE_OUTER_BOUND('',#2074,.T.);
#1101=PLANE('',#2075);
#1102=FACE_OUTER_BOUND('',#2076,.T.);
#1103=PLANE('',#2077);
#1104=FACE_OUTER_BOUND('',#2078,.T.);
#1105=PLANE('',#2079);
#1106=FACE_OUTER_BOUND('',#2080,.T.);
#1107=PLANE('',#2081);
#1108=FACE_OUTER_BOUND('',#2082,.T.);
#1109=PLANE('',#2083);
#1110=FACE_OUTER_BOUND('',#2084,.T.);
#1111=PLANE('',#2085);
#1112=FACE_OUTER_BOUND('',#2086,.T.);
#1113=PLANE('',#2087);
#1114=FACE_OUTER_BOUND('',#2088,.T.);
#1115=PLANE('',#2089);
#1116=FACE_OUTER_BOUND('',#2090,.T.);
#1117=PLANE('',#2091);
#1118=FACE_OUTER_BOUND('',#2092,.T.);
#1119=PLANE('',#2093);
#1120=FACE_OUTER_BOUND('',#2094,.T.);
#1121=PLANE('',#2095);
#1122=FACE_OUTER_BOUND('',#2096,.T.);
#1123=PLANE('',#2097);
#1124=FACE_OUTER_BOUND('',#2098,.T.);
#1125=PLANE('',#2099);
#1126=FACE_OUTER_BOUND('',#2100,.T.);
#1127=PLANE('',#2101);
#1128=FACE_OUTER_BOUND('',#2102,.T.);
#1129=PLANE('',#2103);
#1130=FACE_OUTER_BOUND('',#2104,.T.);
#1131=PLANE('',#2105);
#1132=FACE_OUTER_BOUND('',#2106,.T.);
#1133=PLANE('',#2107);
#1134=FACE_OUTER_BOUND('',#2108,.T.);
#1135=PLANE('',#2109);
#1136=FACE_OUTER_BOUND('',#2110,.T.);
#1137=PLANE('',#2111);
#1138=FACE_OUTER_BOUND('',#2112,.T.);
#1139=PLANE('',#2113);
#1140=FACE_OUTER_BOUND('',#2114,.T.);
#1141=PLANE('',#2115);
#1142=FACE_OUTER_BOUND('',#2116,.T.);
#1143=PLANE('',#2117);
#1144=FACE_OUTER_BOUND('',#2118,.T.);
#1145=PLANE('',#2119);
#1146=FACE_OUTER_BOUND('',#2120,.T.);
#1147=PLANE('',#2121);
#1148=FACE_OUTER_BOUND('',#2122,.T.);
#1149=PLANE('',#2123);
#1150=FACE_OUTER_BOUND('',#2124,.T.);
#1151=PLANE('',#2125);
#1152=FACE_OUTER_BOUND('',#2126,.T.);
#1153=PLANE('',#2127);
#1154=FACE_OUTER_BOUND('',#2128,.T.);
#1155=PLANE('',#2129);
#1156=FACE_OUTER_BOUND('',#2130,.T.);
#1157=PLANE('',#2131);
#1158=FACE_OUTER_BOUND('',#2132,.T.);
#1159=PLANE('',#2133);
#1160=FACE_OUTER_BOUND('',#2134,.T.);
#1161=PLANE('',#2135);
#1162=FACE_OUTER_BOUND('',#2136,.T.);
#1163=PLANE('',#2137);
#1164=FACE_OUTER_BOUND('',#2138,.T.);
#1165=PLANE('',#2139);
#1166=FACE_OUTER_BOUND('',#2140,.T.);
#1167=PLANE('',#2141);
#1168=FACE_OUTER_BOUND('',#2142,.T.);
#1169=PLANE('',#2143);
#1170=FACE_OUTER_BOUND('',#2144,.T.);
#1171=PLANE('',#2145);
#1172=FACE_OUTER_BOUND('',#2146,.T.);
#1173=PLANE('',#2147);
#1174=FACE_OUTER_BOUND('',#2148,.T.);
#1175=PLANE('',#2149);
#1176=FACE_OUTER_BOUND('',#2150,.T.);
#1177=PLANE('',#2151);
#1178=FACE_OUTER_BOUND('',#2152,.T.);
#1179=PLANE('',#2153);
#1180=FACE_OUTER_BOUND('',#2154,.T.);
#1181=PLANE('',#2155);
#1182=FACE_OUTER_BOUND('',#2156,.T.);
#1183=PLANE('',#2157);
#1184=FACE_OUTER_BOUND('',#2158,.T.);
#1185=PLANE('',#2159);
#1186=FACE_OUTER_BOUND('',#2160,.T.);
#1187=PLANE('',#2161);
#1188=FACE_OUTER_BOUND('',#2162,.T.);
#1189=PLANE('',#2163);
#1190=FACE_OUTER_BOUND('',#2164,.T.);
#1191=PLANE('',#2165);
#1192=FACE_OUTER_BOUND('',#2166,.T.);
#1193=PLANE('',#2167);
#1194=FACE_OUTER_BOUND('',#2168,.T.);
#1195=PLANE('',#2169);
#1196=FACE_OUTER_BOUND('',#2170,.T.);
#1197=PLANE('',#2171);
#1198=FACE_OUTER_BOUND('',#2172,.T.);
#1199=PLANE('',#2173);
#1200=FACE_OUTER_BOUND('',#2174,.T.);
#1201=PLANE('',#2175);
#1202=FACE_OUTER_BOUND('',#2176,.T.);
#1203=PLANE('',#2177);
#1204=FACE_OUTER_BOUND('',#2178,.T.);
#1205=PLANE('',#2179);
#1206=FACE_OUTER_BOUND('',#2180,.T.);
#1207=PLANE('',#2181);
#1208=FACE_OUTER_BOUND('',#2182,.T.);
#1209=PLANE('',#2183);
#1210=FACE_OUTER_BOUND('',#2184,.T.);
#1211=PLANE('',#2185);
#1212=FACE_OUTER_BOUND('',#2186,.T.);
#1213=PLANE('',#2187);
#1214=FACE_OUTER_BOUND('',#2188,.T.);
#1215=PLANE('',#2189);
#1216=FACE_OUTER_BOUND('',#2190,.T.);
#1217=PLANE('',#2191);
#1218=FACE_OUTER_BOUND('',#2192,.T.);
#1219=PLANE('',#2193);
#1220=FACE_OUTER_BOUND('',#2194,.T.);
#1221=PLANE('',#2195);
#1222=FACE_OUTER_BOUND('',#2196,.T.);
#1223=PLANE('',#2197);
#1224=FACE_OUTER_BOUND('',#2198,.T.);
#1225=PLANE('',#2199);
#1226=FACE_OUTER_BOUND('',#2200,.T.);
#1227=PLANE('',#2201);
#1228=FACE_OUTER_BOUND('',#2202,.T.);
#1229=PLANE('',#2203);
#1230=FACE_OUTER_BOUND('',#2204,.T.);
#1231=PLANE('',#2205);
#1232=FACE_OUTER_BOUND('',#2206,.T.);
#1233=PLANE('',#2207);
#1234=FACE_OUTER_BOUND('',#2208,.T.);
#1235=PLANE('',#2209);
#1236=FACE_OUTER_BOUND('',#2210,.T.);
#1237=PLANE('',#2211);
#1238=FACE_OUTER_BOUND('',#2212,.T.);
#1239=PLANE('',#2213);
#1240=FACE_OUTER_BOUND('',#2214,.T.);
#1241=CYLINDRICAL_SURFACE('',#2215,0.32);
#1242=FACE_OUTER_BOUND('',#2216,.T.);
#1243=PLANE('',#2217);
#1244=FACE_OUTER_BOUND('',#2218,.T.);
#1245=PLANE('',#2219);
#1246=FACE_OUTER_BOUND('',#2220,.T.);
#1247=PLANE('',#2221);
#1248=FACE_OUTER_BOUND('',#2222,.T.);
#1249=PLANE('',#2223);
#1250=FACE_OUTER_BOUND('',#2224,.T.);
#1251=PLANE('',#2225);
#1252=FACE_OUTER_BOUND('',#2226,.T.);
#1253=PLANE('',#2227);
#1254=FACE_OUTER_BOUND('',#2228,.T.);
#1255=CYLINDRICAL_SURFACE('',#2229,0.32);
#1256=FACE_OUTER_BOUND('',#2230,.T.);
#1257=PLANE('',#2231);
#1258=FACE_OUTER_BOUND('',#2232,.T.);
#1259=PLANE('',#2233);
#1260=FACE_OUTER_BOUND('',#2234,.T.);
#1261=PLANE('',#2235);
#1262=FACE_OUTER_BOUND('',#2236,.T.);
#1263=PLANE('',#2237);
#1264=FACE_OUTER_BOUND('',#2238,.T.);
#1265=PLANE('',#2239);
#1266=FACE_OUTER_BOUND('',#2240,.T.);
#1267=PLANE('',#2241);
#1268=FACE_OUTER_BOUND('',#2242,.T.);
#1269=PLANE('',#2243);
#1270=FACE_OUTER_BOUND('',#2244,.T.);
#1271=PLANE('',#2245);
#1272=FACE_OUTER_BOUND('',#2246,.T.);
#1273=PLANE('',#2247);
#1274=FACE_OUTER_BOUND('',#2248,.T.);
#1275=PLANE('',#2249);
#1276=FACE_OUTER_BOUND('',#2250,.T.);
#1277=PLANE('',#2251);
#1278=FACE_OUTER_BOUND('',#2252,.T.);
#1279=PLANE('',#2253);
#1280=FACE_OUTER_BOUND('',#2254,.T.);
#1281=PLANE('',#2255);
#1282=FACE_OUTER_BOUND('',#2256,.T.);
#1283=PLANE('',#2257);
#1284=FACE_OUTER_BOUND('',#2258,.T.);
#1285=PLANE('',#2259);
#1286=FACE_OUTER_BOUND('',#2260,.T.);
#1287=PLANE('',#2261);
#1288=FACE_OUTER_BOUND('',#2262,.T.);
#1289=PLANE('',#2263);
#1290=FACE_OUTER_BOUND('',#2264,.T.);
#1291=PLANE('',#2265);
#1292=FACE_OUTER_BOUND('',#2266,.T.);
#1293=PLANE('',#2267);
#1294=FACE_OUTER_BOUND('',#2268,.T.);
#1295=PLANE('',#2269);
#1296=FACE_OUTER_BOUND('',#2270,.T.);
#1297=PLANE('',#2271);
#1298=FACE_OUTER_BOUND('',#2272,.T.);
#1299=PLANE('',#2273);
#1300=FACE_OUTER_BOUND('',#2274,.T.);
#1301=PLANE('',#2275);
#1302=FACE_OUTER_BOUND('',#2276,.T.);
#1303=PLANE('',#2277);
#1304=FACE_OUTER_BOUND('',#2278,.T.);
#1305=PLANE('',#2279);
#1306=FACE_OUTER_BOUND('',#2280,.T.);
#1307=PLANE('',#2281);
#1308=FACE_OUTER_BOUND('',#2282,.T.);
#1309=PLANE('',#2283);
#1310=FACE_OUTER_BOUND('',#2284,.T.);
#1311=PLANE('',#2285);
#1312=FACE_OUTER_BOUND('',#2286,.T.);
#1313=PLANE('',#2287);
#1314=FACE_OUTER_BOUND('',#2288,.T.);
#1315=PLANE('',#2289);
#1316=FACE_OUTER_BOUND('',#2290,.T.);
#1317=PLANE('',#2291);
#1318=FACE_OUTER_BOUND('',#2292,.T.);
#1319=PLANE('',#2293);
#1320=FACE_OUTER_BOUND('',#2294,.T.);
#1321=PLANE('',#2295);
#1322=FACE_OUTER_BOUND('',#2296,.T.);
#1323=PLANE('',#2297);
#1324=FACE_OUTER_BOUND('',#2298,.T.);
#1325=PLANE('',#2299);
#1326=FACE_OUTER_BOUND('',#2300,.T.);
#1327=PLANE('',#2301);
#1328=FACE_OUTER_BOUND('',#2302,.T.);
#1329=PLANE('',#2303);
#1330=FACE_OUTER_BOUND('',#2304,.T.);
#1331=PLANE('',#2305);
#1332=FACE_OUTER_BOUND('',#2306,.T.);
#1333=PLANE('',#2307);
#1334=FACE_OUTER_BOUND('',#2308,.T.);
#1335=CYLINDRICAL_SURFACE('',#2309,0.32);
#1336=FACE_OUTER_BOUND('',#2310,.T.);
#1337=PLANE('',#2311);
#1338=FACE_OUTER_BOUND('',#2312,.T.);
#1339=PLANE('',#2313);
#1340=FACE_OUTER_BOUND('',#2314,.T.);
#1341=PLANE('',#2315);
#1342=FACE_OUTER_BOUND('',#2316,.T.);
#1343=PLANE('',#2317);
#1344=FACE_OUTER_BOUND('',#2318,.T.);
#1345=PLANE('',#2319);
#1346=FACE_OUTER_BOUND('',#2320,.T.);
#1347=PLANE('',#2321);
#1348=FACE_OUTER_BOUND('',#2322,.T.);
#1349=CYLINDRICAL_SURFACE('',#2323,0.32);
#1350=FACE_OUTER_BOUND('',#2324,.T.);
#1351=PLANE('',#2325);
#1352=FACE_OUTER_BOUND('',#2326,.T.);
#1353=PLANE('',#2327);
#1354=FACE_OUTER_BOUND('',#2328,.T.);
#1355=PLANE('',#2329);
#1356=FACE_OUTER_BOUND('',#2330,.T.);
#1357=PLANE('',#2331);
#1358=FACE_OUTER_BOUND('',#2332,.T.);
#1359=PLANE('',#2333);
#1360=FACE_OUTER_BOUND('',#2334,.T.);
#1361=PLANE('',#2335);
#1362=FACE_OUTER_BOUND('',#2336,.T.);
#1363=PLANE('',#2337);
#1364=FACE_OUTER_BOUND('',#2338,.T.);
#1365=PLANE('',#2339);
#1366=FACE_OUTER_BOUND('',#2340,.T.);
#1367=PLANE('',#2341);
#1368=FACE_OUTER_BOUND('',#2342,.T.);
#1369=PLANE('',#2343);
#1370=FACE_OUTER_BOUND('',#2344,.T.);
#1371=PLANE('',#2345);
#1372=FACE_OUTER_BOUND('',#2346,.T.);
#1373=PLANE('',#2347);
#1374=FACE_OUTER_BOUND('',#2348,.T.);
#1375=PLANE('',#2349);
#1376=FACE_OUTER_BOUND('',#2350,.T.);
#1377=PLANE('',#2351);
#1378=FACE_OUTER_BOUND('',#2352,.T.);
#1379=PLANE('',#2353);
#1380=FACE_OUTER_BOUND('',#2354,.T.);
#1381=PLANE('',#2355);
#1382=FACE_OUTER_BOUND('',#2356,.T.);
#1383=PLANE('',#2357);
#1384=FACE_OUTER_BOUND('',#2358,.T.);
#1385=PLANE('',#2359);
#1386=FACE_OUTER_BOUND('',#2360,.T.);
#1387=PLANE('',#2361);
#1388=FACE_OUTER_BOUND('',#2362,.T.);
#1389=PLANE('',#2363);
#1390=FACE_OUTER_BOUND('',#2364,.T.);
#1391=PLANE('',#2365);
#1392=FACE_OUTER_BOUND('',#2366,.T.);
#1393=PLANE('',#2367);
#1394=FACE_OUTER_BOUND('',#2368,.T.);
#1395=PLANE('',#2369);
#1396=FACE_OUTER_BOUND('',#2370,.T.);
#1397=PLANE('',#2371);
#1398=FACE_OUTER_BOUND('',#2372,.T.);
#1399=PLANE('',#2373);
#1400=FACE_OUTER_BOUND('',#2374,.T.);
#1401=PLANE('',#2375);
#1402=FACE_OUTER_BOUND('',#2376,.T.);
#1403=PLANE('',#2377);
#1404=FACE_OUTER_BOUND('',#2378,.T.);
#1405=PLANE('',#2379);
#1406=FACE_OUTER_BOUND('',#2380,.T.);
#1407=PLANE('',#2381);
#1408=FACE_OUTER_BOUND('',#2382,.T.);
#1409=PLANE('',#2383);
#1410=FACE_OUTER_BOUND('',#2384,.T.);
#1411=PLANE('',#2385);
#1412=FACE_OUTER_BOUND('',#2386,.T.);
#1413=PLANE('',#2387);
#1414=FACE_OUTER_BOUND('',#2388,.T.);
#1415=PLANE('',#2389);
#1416=FACE_OUTER_BOUND('',#2390,.T.);
#1417=PLANE('',#2391);
#1418=FACE_OUTER_BOUND('',#2392,.T.);
#1419=PLANE('',#2393);
#1420=FACE_OUTER_BOUND('',#2394,.T.);
#1421=PLANE('',#2395);
#1422=FACE_OUTER_BOUND('',#2396,.T.);
#1423=PLANE('',#2397);
#1424=FACE_OUTER_BOUND('',#2398,.T.);
#1425=PLANE('',#2399);
#1426=FACE_OUTER_BOUND('',#2400,.T.);
#1427=PLANE('',#2401);
#1428=FACE_OUTER_BOUND('',#2402,.T.);
#1429=CYLINDRICAL_SURFACE('',#2403,0.32);
#1430=FACE_OUTER_BOUND('',#2404,.T.);
#1431=PLANE('',#2405);
#1432=FACE_OUTER_BOUND('',#2406,.T.);
#1433=PLANE('',#2407);
#1434=FACE_OUTER_BOUND('',#2408,.T.);
#1435=PLANE('',#2409);
#1436=FACE_OUTER_BOUND('',#2410,.T.);
#1437=PLANE('',#2411);
#1438=FACE_OUTER_BOUND('',#2412,.T.);
#1439=PLANE('',#2413);
#1440=FACE_OUTER_BOUND('',#2414,.T.);
#1441=PLANE('',#2415);
#1442=FACE_OUTER_BOUND('',#2416,.T.);
#1443=CYLINDRICAL_SURFACE('',#2417,0.32);
#1444=FACE_OUTER_BOUND('',#2418,.T.);
#1445=PLANE('',#2419);
#1446=FACE_OUTER_BOUND('',#2420,.T.);
#1447=PLANE('',#2421);
#1448=FACE_OUTER_BOUND('',#2422,.T.);
#1449=PLANE('',#2423);
#1450=FACE_OUTER_BOUND('',#2424,.T.);
#1451=PLANE('',#2425);
#1452=FACE_OUTER_BOUND('',#2426,.T.);
#1453=PLANE('',#2427);
#1454=FACE_OUTER_BOUND('',#2428,.T.);
#1455=PLANE('',#2429);
#1456=FACE_OUTER_BOUND('',#2430,.T.);
#1457=PLANE('',#2431);
#1458=FACE_OUTER_BOUND('',#2432,.T.);
#1459=PLANE('',#2433);
#1460=FACE_OUTER_BOUND('',#2434,.T.);
#1461=PLANE('',#2435);
#1462=FACE_OUTER_BOUND('',#2436,.T.);
#1463=PLANE('',#2437);
#1464=FACE_OUTER_BOUND('',#2438,.T.);
#1465=PLANE('',#2439);
#1466=FACE_OUTER_BOUND('',#2440,.T.);
#1467=PLANE('',#2441);
#1468=FACE_OUTER_BOUND('',#2442,.T.);
#1469=PLANE('',#2443);
#1470=FACE_OUTER_BOUND('',#2444,.T.);
#1471=PLANE('',#2445);
#1472=FACE_OUTER_BOUND('',#2446,.T.);
#1473=PLANE('',#2447);
#1474=FACE_OUTER_BOUND('',#2448,.T.);
#1475=PLANE('',#2449);
#1476=FACE_OUTER_BOUND('',#2450,.T.);
#1477=PLANE('',#2451);
#1478=FACE_OUTER_BOUND('',#2452,.T.);
#1479=PLANE('',#2453);
#1480=FACE_OUTER_BOUND('',#2454,.T.);
#1481=PLANE('',#2455);
#1482=FACE_OUTER_BOUND('',#2456,.T.);
#1483=PLANE('',#2457);
#1484=FACE_OUTER_BOUND('',#2458,.T.);
#1485=PLANE('',#2459);
#1486=FACE_OUTER_BOUND('',#2460,.T.);
#1487=PLANE('',#2461);
#1488=FACE_OUTER_BOUND('',#2462,.T.);
#1489=PLANE('',#2463);
#1490=FACE_OUTER_BOUND('',#2464,.T.);
#1491=PLANE('',#2465);
#1492=FACE_OUTER_BOUND('',#2466,.T.);
#1493=PLANE('',#2467);
#1494=FACE_OUTER_BOUND('',#2468,.T.);
#1495=PLANE('',#2469);
#1496=FACE_OUTER_BOUND('',#2470,.T.);
#1497=PLANE('',#2471);
#1498=FACE_OUTER_BOUND('',#2472,.T.);
#1499=PLANE('',#2473);
#1500=FACE_OUTER_BOUND('',#2474,.T.);
#1501=PLANE('',#2475);
#1502=FACE_OUTER_BOUND('',#2476,.T.);
#1503=PLANE('',#2477);
#1504=FACE_OUTER_BOUND('',#2478,.T.);
#1505=PLANE('',#2479);
#1506=FACE_OUTER_BOUND('',#2480,.T.);
#1507=PLANE('',#2481);
#1508=FACE_OUTER_BOUND('',#2482,.T.);
#1509=PLANE('',#2483);
#1510=FACE_OUTER_BOUND('',#2484,.T.);
#1511=PLANE('',#2485);
#1512=FACE_OUTER_BOUND('',#2486,.T.);
#1513=PLANE('',#2487);
#1514=FACE_OUTER_BOUND('',#2488,.T.);
#1515=PLANE('',#2489);
#1516=FACE_OUTER_BOUND('',#2490,.T.);
#1517=PLANE('',#2491);
#1518=FACE_OUTER_BOUND('',#2492,.T.);
#1519=PLANE('',#2493);
#1520=FACE_OUTER_BOUND('',#2494,.T.);
#1521=PLANE('',#2495);
#1522=FACE_OUTER_BOUND('',#2496,.T.);
#1523=PLANE('',#2497);
#1524=FACE_OUTER_BOUND('',#2498,.T.);
#1525=PLANE('',#2499);
#1526=FACE_OUTER_BOUND('',#2500,.T.);
#1527=PLANE('',#2501);
#1528=TRIMMED_CURVE('',#2502,(PARAMETER_VALUE(0.0)),(PARAMETER_VALUE(1.0)),.T.,.UNSPECIFIED.);
#1529=TRIMMED_CURVE('',#2503,(PARAMETER_VALUE(0.0)),(PARAMETER_VALUE(1.0)),.T.,.UNSPECIFIED.);
#1530=TRIMMED_CURVE('',#2504,(PARAMETER_VALUE(0.0)),(PARAMETER_VALUE(1.0)),.T.,.UNSPECIFIED.);
#1531=TRIMMED_CURVE('',#2505,(PARAMETER_VALUE(0.0)),(PARAMETER_VALUE(1.0)),.T.,.UNSPECIFIED.);
#1532=TRIMMED_CURVE('',#2506,(PARAMETER_VALUE(0.0)),(PARAMETER_VALUE(1.0)),.T.,.UNSPECIFIED.);
#1533=TRIMMED_CURVE('',#2507,(PARAMETER_VALUE(0.0)),(PARAMETER_VALUE(1.0)),.T.,.UNSPECIFIED.);
#1534=TRIMMED_CURVE('',#2508,(PARAMETER_VALUE(0.0)),(PARAMETER_VALUE(1.0)),.T.,.UNSPECIFIED.);
#1535=TRIMMED_CURVE('',#2509,(PARAMETER_VALUE(0.0)),(PARAMETER_VALUE(3.1415926535892)),.T.,.UNSPECIFIED.);
#1536=TRIMMED_CURVE('',#2510,(PARAMETER_VALUE(0.0)),(PARAMETER_VALUE(3.1415926535892)),.T.,.UNSPECIFIED.);
#1537=TRIMMED_CURVE('',#2511,(PARAMETER_VALUE(0.0)),(PARAMETER_VALUE(3.1415926535892)),.T.,.UNSPECIFIED.);
#1538=TRIMMED_CURVE('',#2512,(PARAMETER_VALUE(0.0)),(PARAMETER_VALUE(3.1415926535892)),.T.,.UNSPECIFIED.);
#1539=TRIMMED_CURVE('',#2513,(PARAMETER_VALUE(0.0)),(PARAMETER_VALUE(1.0)),.T.,.UNSPECIFIED.);
#1540=TRIMMED_CURVE('',#2514,(PARAMETER_VALUE(0.0)),(PARAMETER_VALUE(1.0)),.T.,.UNSPECIFIED.);
#1541=TRIMMED_CURVE('',#2515,(PARAMETER_VALUE(0.0)),(PARAMETER_VALUE(1.0)),.T.,.UNSPECIFIED.);
#1542=TRIMMED_CURVE('',#2516,(PARAMETER_VALUE(0.0)),(PARAMETER_VALUE(1.0)),.T.,.UNSPECIFIED.);
#1543=TRIMMED_CURVE('',#2517,(PARAMETER_VALUE(0.0)),(PARAMETER_VALUE(1.0)),.T.,.UNSPECIFIED.);
#1544=TRIMMED_CURVE('',#2518,(PARAMETER_VALUE(0.0)),(PARAMETER_VALUE(1.0)),.T.,.UNSPECIFIED.);
#1545=TRIMMED_CURVE('',#2519,(PARAMETER_VALUE(0.0)),(PARAMETER_VALUE(1.0)),.T.,.UNSPECIFIED.);
#1546=TRIMMED_CURVE('',#2520,(PARAMETER_VALUE(0.0)),(PARAMETER_VALUE(1.0)),.T.,.UNSPECIFIED.);
#1547=TRIMMED_CURVE('',#2521,(PARAMETER_VALUE(0.0)),(PARAMETER_VALUE(1.0)),.T.,.UNSPECIFIED.);
#1548=TRIMMED_CURVE('',#2522,(PARAMETER_VALUE(0.0)),(PARAMETER_VALUE(1.0)),.T.,.UNSPECIFIED.);
#1549=TRIMMED_CURVE('',#2523,(PARAMETER_VALUE(0.0)),(PARAMETER_VALUE(1.0)),.T.,.UNSPECIFIED.);
#1550=TRIMMED_CURVE('',#2524,(PARAMETER_VALUE(0.0)),(PARAMETER_VALUE(1.0)),.T.,.UNSPECIFIED.);
#1551=TRIMMED_CURVE('',#2525,(PARAMETER_VALUE(0.0)),(PARAMETER_VALUE(1.0)),.T.,.UNSPECIFIED.);
#1552=TRIMMED_CURVE('',#2526,(PARAMETER_VALUE(0.0)),(PARAMETER_VALUE(1.0)),.T.,.UNSPECIFIED.);
#1553=TRIMMED_CURVE('',#2527,(PARAMETER_VALUE(0.0)),(PARAMETER_VALUE(1.0)),.T.,.UNSPECIFIED.);
#1554=TRIMMED_CURVE('',#2528,(PARAMETER_VALUE(0.0)),(PARAMETER_VALUE(1.0)),.T.,.UNSPECIFIED.);
#1555=TRIMMED_CURVE('',#2529,(PARAMETER_VALUE(0.0)),(PARAMETER_VALUE(1.0)),.T.,.UNSPECIFIED.);
#1556=TRIMMED_CURVE('',#2530,(PARAMETER_VALUE(0.0)),(PARAMETER_VALUE(1.0)),.T.,.UNSPECIFIED.);
#1557=TRIMMED_CURVE('',#2531,(PARAMETER_VALUE(0.0)),(PARAMETER_VALUE(1.0)),.T.,.UNSPECIFIED.);
#1558=TRIMMED_CURVE('',#2532,(PARAMETER_VALUE(0.0)),(PARAMETER_VALUE(1.0)),.T.,.UNSPECIFIED.);
#1559=TRIMMED_CURVE('',#2533,(PARAMETER_VALUE(0.0)),(PARAMETER_VALUE(1.0)),.T.,.UNSPECIFIED.);
#1560=TRIMMED_CURVE('',#2534,(PARAMETER_VALUE(0.0)),(PARAMETER_VALUE(1.0)),.T.,.UNSPECIFIED.);
#1561=TRIMMED_CURVE('',#2535,(PARAMETER_VALUE(0.0)),(PARAMETER_VALUE(1.0)),.T.,.UNSPECIFIED.);
#1562=TRIMMED_CURVE('',#2536,(PARAMETER_VALUE(0.0)),(PARAMETER_VALUE(1.0)),.T.,.UNSPECIFIED.);
#1563=TRIMMED_CURVE('',#2537,(PARAMETER_VALUE(0.0)),(PARAMETER_VALUE(1.0)),.T.,.UNSPECIFIED.);
#1564=TRIMMED_CURVE('',#2538,(PARAMETER_VALUE(0.0)),(PARAMETER_VALUE(1.0)),.T.,.UNSPECIFIED.);
#1565=TRIMMED_CURVE('',#2539,(PARAMETER_VALUE(0.0)),(PARAMETER_VALUE(1.0)),.T.,.UNSPECIFIED.);
#1566=TRIMMED_CURVE('',#2540,(PARAMETER_VALUE(0.0)),(PARAMETER_VALUE(1.0)),.T.,.UNSPECIFIED.);
#1567=TRIMMED_CURVE('',#2541,(PARAMETER_VALUE(0.0)),(PARAMETER_VALUE(1.0)),.T.,.UNSPECIFIED.);
#1568=TRIMMED_CURVE('',#2542,(PARAMETER_VALUE(0.0)),(PARAMETER_VALUE(1.0)),.T.,.UNSPECIFIED.);
#1569=TRIMMED_CURVE('',#2543,(PARAMETER_VALUE(0.0)),(PARAMETER_VALUE(1.0)),.T.,.UNSPECIFIED.);
#1570=TRIMMED_CURVE('',#2544,(PARAMETER_VALUE(0.0)),(PARAMETER_VALUE(1.0)),.T.,.UNSPECIFIED.);
#1571=TRIMMED_CURVE('',#2545,(PARAMETER_VALUE(0.0)),(PARAMETER_VALUE(1.0)),.T.,.UNSPECIFIED.);
#1572=TRIMMED_CURVE('',#2546,(PARAMETER_VALUE(0.0)),(PARAMETER_VALUE(1.0)),.T.,.UNSPECIFIED.);
#1573=TRIMMED_CURVE('',#2547,(PARAMETER_VALUE(0.0)),(PARAMETER_VALUE(1.0)),.T.,.UNSPECIFIED.);
#1574=TRIMMED_CURVE('',#2548,(PARAMETER_VALUE(0.0)),(PARAMETER_VALUE(1.0)),.T.,.UNSPECIFIED.);
#1575=TRIMMED_CURVE('',#2549,(PARAMETER_VALUE(0.0)),(PARAMETER_VALUE(1.0)),.T.,.UNSPECIFIED.);
#1576=TRIMMED_CURVE('',#2550,(PARAMETER_VALUE(0.0)),(PARAMETER_VALUE(1.0)),.T.,.UNSPECIFIED.);
#1577=TRIMMED_CURVE('',#2551,(PARAMETER_VALUE(0.0)),(PARAMETER_VALUE(1.0)),.T.,.UNSPECIFIED.);
#1578=TRIMMED_CURVE('',#2552,(PARAMETER_VALUE(0.0)),(PARAMETER_VALUE(1.0)),.T.,.UNSPECIFIED.);
#1579=TRIMMED_CURVE('A_1',#2553,(PARAMETER_VALUE(0.0)),(PARAMETER_VALUE(1.0)),.T.,.UNSPECIFIED.);
#1580=TRIMMED_CURVE('A_2',#2554,(PARAMETER_VALUE(0.0)),(PARAMETER_VALUE(1.0)),.T.,.UNSPECIFIED.);
#1581=EDGE_LOOP('',(#2555,#2556,#2557,#2558,#2559,#2560,#2561,#2562,#2563,#2564,#2565,#2566,#2567,#2568));
#1582=AXIS2_PLACEMENT_3D('',#2569,#2570,#2571);
#1583=EDGE_LOOP('',(#2572,#2573,#2574,#2575));
#1584=AXIS2_PLACEMENT_3D('',#2576,#2577,#2578);
#1585=EDGE_LOOP('',(#2579,#2580,#2581,#2582));
#1586=AXIS2_PLACEMENT_3D('',#2583,#2584,#2585);
#1587=EDGE_LOOP('',(#2586,#2587,#2588,#2589,#2590,#2591));
#1588=AXIS2_PLACEMENT_3D('',#2592,#2593,#2594);
#1589=EDGE_LOOP('',(#2595,#2596,#2597,#2598,#2599,#2600,#2601,#2602));
#1590=AXIS2_PLACEMENT_3D('',#2603,#2604,#2605);
#1591=EDGE_LOOP('',(#2606,#2607,#2608,#2609));
#1592=AXIS2_PLACEMENT_3D('',#2610,#2611,#2612);
#1593=EDGE_LOOP('',(#2613,#2614,#2615,#2616,#2617,#2618));
#1594=AXIS2_PLACEMENT_3D('',#2619,#2620,#2621);
#1595=EDGE_LOOP('',(#2622,#2623,#2624,#2625,#2626,#2627,#2628,#2629,#2630,#2631,#2632,#2633));
#1596=AXIS2_PLACEMENT_3D('',#2634,#2635,#2636);
#1597=EDGE_LOOP('',(#2637,#2638,#2639,#2640,#2641,#2642,#2643,#2644));
#1598=AXIS2_PLACEMENT_3D('',#2645,#2646,#2647);
#1599=EDGE_LOOP('',(#2648,#2649,#2650,#2651,#2652,#2653,#2654,#2655));
#1600=AXIS2_PLACEMENT_3D('',#2656,#2657,#2658);
#1601=EDGE_LOOP('',(#2659,#2660,#2661,#2662,#2663,#2664));
#1602=AXIS2_PLACEMENT_3D('',#2665,#2666,#2667);
#1603=EDGE_LOOP('',(#2668,#2669,#2670,#2671,#2672,#2673,#2674,#2675));
#1604=AXIS2_PLACEMENT_3D('',#2676,#2677,#2678);
#1605=EDGE_LOOP('',(#2679,#2680,#2681,#2682));
#1606=AXIS2_PLACEMENT_3D('',#2683,#2684,#2685);
#1607=EDGE_LOOP('',(#2686,#2687,#2688,#2689,#2690,#2691));
#1608=AXIS2_PLACEMENT_3D('',#2692,#2693,#2694);
#1609=EDGE_LOOP('',(#2695,#2696,#2697,#2698,#2699,#2700,#2701,#2702,#2703,#2704,#2705,#2706));
#1610=AXIS2_PLACEMENT_3D('',#2707,#2708,#2709);
#1611=EDGE_LOOP('',(#2710,#2711,#2712,#2713));
#1612=AXIS2_PLACEMENT_3D('',#2714,#2715,#2716);
#1613=EDGE_LOOP('',(#2717,#2718,#2719,#2720,#2721,#2722,#2723,#2724,#2725,#2726,#2727,#2728,#2729,#2730));
#1614=AXIS2_PLACEMENT_3D('',#2731,#2732,#2733);
#1615=EDGE_LOOP('',(#2734,#2735,#2736,#2737));
#1616=AXIS2_PLACEMENT_3D('',#2738,#2739,#2740);
#1617=EDGE_LOOP('',(#2741,#2742,#2743,#2744));
#1618=AXIS2_PLACEMENT_3D('',#2745,#2746,#2747);
#1619=EDGE_LOOP('',(#2748,#2749,#2750,#2751));
#1620=AXIS2_PLACEMENT_3D('',#2752,#2753,#2754);
#1621=EDGE_LOOP('',(#2755,#2756,#2757));
#1622=AXIS2_PLACEMENT_3D('',#2758,#2759,#2760);
#1623=EDGE_LOOP('',(#2761,#2762,#2763));
#1624=AXIS2_PLACEMENT_3D('',#2764,#2765,#2766);
#1625=EDGE_LOOP('',(#2767,#2768,#2769,#2770));
#1626=AXIS2_PLACEMENT_3D('',#2771,#2772,#2773);
#1627=EDGE_LOOP('',(#2774,#2775,#2776,#2777,#2778));
#1628=AXIS2_PLACEMENT_3D('',#2779,#2780,#2781);
#1629=EDGE_LOOP('',(#2782,#2783,#2784));
#1630=AXIS2_PLACEMENT_3D('',#2785,#2786,#2787);
#1631=EDGE_LOOP('',(#2788,#2789,#2790));
#1632=AXIS2_PLACEMENT_3D('',#2791,#2792,#2793);
#1633=EDGE_LOOP('',(#2794,#2795,#2796,#2797));
#1634=AXIS2_PLACEMENT_3D('',#2798,#2799,#2800);
#1635=EDGE_LOOP('',(#2801,#2802,#2803,#2804,#2805));
#1636=AXIS2_PLACEMENT_3D('',#2806,#2807,#2808);
#1637=EDGE_LOOP('',(#2809,#2810,#2811,#2812,#2813,#2814,#2815,#2816,#2817,#2818,#2819,#2820,#2821,#2822));
#1638=EDGE_LOOP('',(#2823,#2824,#2825,#2826));
#1639=AXIS2_PLACEMENT_3D('',#2827,#2828,#2829);
#1640=EDGE_LOOP('',(#2830,#2831,#2832,#2833,#2834));
#1641=AXIS2_PLACEMENT_3D('',#2835,#2836,#2837);
#1642=EDGE_LOOP('',(#2838,#2839,#2840,#2841));
#1643=AXIS2_PLACEMENT_3D('',#2842,#2843,#2844);
#1644=EDGE_LOOP('',(#2845,#2846,#2847,#2848,#2849));
#1645=AXIS2_PLACEMENT_3D('',#2850,#2851,#2852);
#1646=EDGE_LOOP('',(#2853,#2854,#2855,#2856));
#1647=AXIS2_PLACEMENT_3D('',#2857,#2858,#2859);
#1648=EDGE_LOOP('',(#2860,#2861,#2862,#2863));
#1649=AXIS2_PLACEMENT_3D('',#2864,#2865,#2866);
#1650=EDGE_LOOP('',(#2867,#2868,#2869,#2870));
#1651=AXIS2_PLACEMENT_3D('',#2871,#2872,#2873);
#1652=EDGE_LOOP('',(#2874,#2875,#2876,#2877));
#1653=AXIS2_PLACEMENT_3D('',#2878,#2879,#2880);
#1654=EDGE_LOOP('',(#2881,#2882,#2883,#2884,#2885,#2886));
#1655=AXIS2_PLACEMENT_3D('',#2887,#2888,#2889);
#1656=EDGE_LOOP('',(#2890,#2891,#2892,#2893));
#1657=AXIS2_PLACEMENT_3D('',#2894,#2895,#2896);
#1658=EDGE_LOOP('',(#2897,#2898,#2899,#2900));
#1659=AXIS2_PLACEMENT_3D('',#2901,#2902,#2903);
#1660=EDGE_LOOP('',(#2904,#2905,#2906,#2907));
#1661=AXIS2_PLACEMENT_3D('',#2908,#2909,#2910);
#1662=EDGE_LOOP('',(#2911,#2912,#2913,#2914,#2915,#2916));
#1663=AXIS2_PLACEMENT_3D('',#2917,#2918,#2919);
#1664=EDGE_LOOP('',(#2920,#2921,#2922,#2923));
#1665=AXIS2_PLACEMENT_3D('',#2924,#2925,#2926);
#1666=EDGE_LOOP('',(#2927,#2928,#2929,#2930));
#1667=AXIS2_PLACEMENT_3D('',#2931,#2932,#2933);
#1668=EDGE_LOOP('',(#2934,#2935,#2936,#2937));
#1669=AXIS2_PLACEMENT_3D('',#2938,#2939,#2940);
#1670=EDGE_LOOP('',(#2941,#2942,#2943,#2944));
#1671=AXIS2_PLACEMENT_3D('',#2945,#2946,#2947);
#1672=EDGE_LOOP('',(#2948,#2949,#2950,#2951));
#1673=AXIS2_PLACEMENT_3D('',#2952,#2953,#2954);
#1674=EDGE_LOOP('',(#2955,#2956,#2957,#2958,#2959,#2960));
#1675=AXIS2_PLACEMENT_3D('',#2961,#2962,#2963);
#1676=EDGE_LOOP('',(#2964,#2965,#2966,#2967));
#1677=AXIS2_PLACEMENT_3D('',#2968,#2969,#2970);
#1678=EDGE_LOOP('',(#2971,#2972,#2973,#2974));
#1679=AXIS2_PLACEMENT_3D('',#2975,#2976,#2977);
#1680=EDGE_LOOP('',(#2978,#2979,#2980,#2981));
#1681=AXIS2_PLACEMENT_3D('',#2982,#2983,#2984);
#1682=EDGE_LOOP('',(#2985,#2986,#2987,#2988));
#1683=AXIS2_PLACEMENT_3D('',#2989,#2990,#2991);
#1684=EDGE_LOOP('',(#2992,#2993,#2994,#2995));
#1685=AXIS2_PLACEMENT_3D('',#2996,#2997,#2998);
#1686=EDGE_LOOP('',(#2999,#3000,#3001,#3002));
#1687=AXIS2_PLACEMENT_3D('',#3003,#3004,#3005);
#1688=EDGE_LOOP('',(#3006,#3007,#3008,#3009,#3010,#3011));
#1689=AXIS2_PLACEMENT_3D('',#3012,#3013,#3014);
#1690=EDGE_LOOP('',(#3015,#3016,#3017,#3018));
#1691=AXIS2_PLACEMENT_3D('',#3019,#3020,#3021);
#1692=EDGE_LOOP('',(#3022,#3023,#3024,#3025,#3026,#3027));
#1693=AXIS2_PLACEMENT_3D('',#3028,#3029,#3030);
#1694=EDGE_LOOP('',(#3031,#3032,#3033,#3034));
#1695=AXIS2_PLACEMENT_3D('',#3035,#3036,#3037);
#1696=EDGE_LOOP('',(#3038,#3039,#3040,#3041));
#1697=AXIS2_PLACEMENT_3D('',#3042,#3043,#3044);
#1698=EDGE_LOOP('',(#3045,#3046,#3047,#3048));
#1699=AXIS2_PLACEMENT_3D('',#3049,#3050,#3051);
#1700=EDGE_LOOP('',(#3052,#3053,#3054,#3055,#3056,#3057));
#1701=AXIS2_PLACEMENT_3D('',#3058,#3059,#3060);
#1702=EDGE_LOOP('',(#3061,#3062,#3063,#3064));
#1703=AXIS2_PLACEMENT_3D('',#3065,#3066,#3067);
#1704=EDGE_LOOP('',(#3068,#3069,#3070,#3071));
#1705=AXIS2_PLACEMENT_3D('',#3072,#3073,#3074);
#1706=EDGE_LOOP('',(#3075,#3076,#3077,#3078,#3079,#3080,#3081,#3082,#3083,#3084,#3085,#3086,#3087,#3088,#3089,#3090,#3091,#3092,#3093,#3094,#3095,#3096,#3097,#3098,#3099,#3100,#3101,#3102,#3103,#3104,#3105,#3106,#3107,#3108,#3109,#3110,#3111,#3112));
#1707=EDGE_LOOP('',(#3113,#3114,#3115,#3116));
#1708=EDGE_LOOP('',(#3117,#3118,#3119,#3120));
#1709=AXIS2_PLACEMENT_3D('',#3121,#3122,#3123);
#1710=EDGE_LOOP('',(#3124,#3125,#3126,#3127));
#1711=AXIS2_PLACEMENT_3D('',#3128,#3129,#3130);
#1712=EDGE_LOOP('',(#3131,#3132,#3133,#3134));
#1713=AXIS2_PLACEMENT_3D('',#3135,#3136,#3137);
#1714=EDGE_LOOP('',(#3138,#3139,#3140,#3141));
#1715=AXIS2_PLACEMENT_3D('',#3142,#3143,#3144);
#1716=EDGE_LOOP('',(#3145,#3146,#3147,#3148));
#1717=AXIS2_PLACEMENT_3D('',#3149,#3150,#3151);
#1718=EDGE_LOOP('',(#3152,#3153,#3154,#3155));
#1719=AXIS2_PLACEMENT_3D('',#3156,#3157,#3158);
#1720=EDGE_LOOP('',(#3159,#3160,#3161,#3162));
#1721=AXIS2_PLACEMENT_3D('',#3163,#3164,#3165);
#1722=EDGE_LOOP('',(#3166,#3167,#3168,#3169));
#1723=AXIS2_PLACEMENT_3D('',#3170,#3171,#3172);
#1724=EDGE_LOOP('',(#3173,#3174,#3175,#3176));
#1725=AXIS2_PLACEMENT_3D('',#3177,#3178,#3179);
#1726=EDGE_LOOP('',(#3180,#3181,#3182,#3183));
#1727=AXIS2_PLACEMENT_3D('',#3184,#3185,#3186);
#1728=EDGE_LOOP('',(#3187,#3188,#3189,#3190));
#1729=AXIS2_PLACEMENT_3D('',#3191,#3192,#3193);
#1730=EDGE_LOOP('',(#3194,#3195,#3196,#3197,#3198,#3199));
#1731=AXIS2_PLACEMENT_3D('',#3200,#3201,#3202);
#1732=EDGE_LOOP('',(#3203,#3204,#3205,#3206));
#1733=AXIS2_PLACEMENT_3D('',#3207,#3208,#3209);
#1734=EDGE_LOOP('',(#3210,#3211,#3212,#3213));
#1735=AXIS2_PLACEMENT_3D('',#3214,#3215,#3216);
#1736=EDGE_LOOP('',(#3217,#3218,#3219,#3220));
#1737=AXIS2_PLACEMENT_3D('',#3221,#3222,#3223);
#1738=EDGE_LOOP('',(#3224,#3225,#3226,#3227,#3228,#3229));
#1739=AXIS2_PLACEMENT_3D('',#3230,#3231,#3232);
#1740=EDGE_LOOP('',(#3233,#3234,#3235,#3236));
#1741=AXIS2_PLACEMENT_3D('',#3237,#3238,#3239);
#1742=EDGE_LOOP('',(#3240,#3241,#3242,#3243));
#1743=AXIS2_PLACEMENT_3D('',#3244,#3245,#3246);
#1744=EDGE_LOOP('',(#3247,#3248,#3249,#3250));
#1745=AXIS2_PLACEMENT_3D('',#3251,#3252,#3253);
#1746=EDGE_LOOP('',(#3254,#3255,#3256,#3257,#3258,#3259));
#1747=AXIS2_PLACEMENT_3D('',#3260,#3261,#3262);
#1748=EDGE_LOOP('',(#3263,#3264,#3265,#3266));
#1749=AXIS2_PLACEMENT_3D('',#3267,#3268,#3269);
#1750=EDGE_LOOP('',(#3270,#3271,#3272,#3273));
#1751=AXIS2_PLACEMENT_3D('',#3274,#3275,#3276);
#1752=EDGE_LOOP('',(#3277,#3278,#3279,#3280));
#1753=AXIS2_PLACEMENT_3D('',#3281,#3282,#3283);
#1754=EDGE_LOOP('',(#3284,#3285,#3286,#3287));
#1755=AXIS2_PLACEMENT_3D('',#3288,#3289,#3290);
#1756=EDGE_LOOP('',(#3291,#3292,#3293,#3294,#3295));
#1757=AXIS2_PLACEMENT_3D('',#3296,#3297,#3298);
#1758=EDGE_LOOP('',(#3299,#3300,#3301,#3302,#3303,#3304));
#1759=AXIS2_PLACEMENT_3D('',#3305,#3306,#3307);
#1760=EDGE_LOOP('',(#3308,#3309,#3310,#3311,#3312,#3313));
#1761=AXIS2_PLACEMENT_3D('',#3314,#3315,#3316);
#1762=EDGE_LOOP('',(#3317,#3318,#3319,#3320,#3321,#3322));
#1763=AXIS2_PLACEMENT_3D('',#3323,#3324,#3325);
#1764=EDGE_LOOP('',(#3326,#3327,#3328,#3329,#3330,#3331));
#1765=AXIS2_PLACEMENT_3D('',#3332,#3333,#3334);
#1766=EDGE_LOOP('',(#3335,#3336,#3337,#3338,#3339));
#1767=AXIS2_PLACEMENT_3D('',#3340,#3341,#3342);
#1768=EDGE_LOOP('',(#3343,#3344,#3345,#3346));
#1769=AXIS2_PLACEMENT_3D('',#3347,#3348,#3349);
#1770=EDGE_LOOP('',(#3350,#3351,#3352,#3353));
#1771=AXIS2_PLACEMENT_3D('',#3354,#3355,#3356);
#1772=EDGE_LOOP('',(#3357,#3358,#3359,#3360));
#1773=AXIS2_PLACEMENT_3D('',#3361,#3362,#3363);
#1774=EDGE_LOOP('',(#3364,#3365,#3366,#3367));
#1775=AXIS2_PLACEMENT_3D('',#3368,#3369,#3370);
#1776=EDGE_LOOP('',(#3371,#3372,#3373,#3374,#3375,#3376));
#1777=AXIS2_PLACEMENT_3D('',#3377,#3378,#3379);
#1778=EDGE_LOOP('',(#3380,#3381,#3382,#3383));
#1779=AXIS2_PLACEMENT_3D('',#3384,#3385,#3386);
#1780=EDGE_LOOP('',(#3387,#3388,#3389,#3390,#3391,#3392));
#1781=AXIS2_PLACEMENT_3D('',#3393,#3394,#3395);
#1782=EDGE_LOOP('',(#3396,#3397,#3398,#3399));
#1783=AXIS2_PLACEMENT_3D('',#3400,#3401,#3402);
#1784=EDGE_LOOP('',(#3403,#3404,#3405,#3406));
#1785=AXIS2_PLACEMENT_3D('',#3407,#3408,#3409);
#1786=EDGE_LOOP('',(#3410,#3411,#3412,#3413,#3414,#3415));
#1787=AXIS2_PLACEMENT_3D('',#3416,#3417,#3418);
#1788=EDGE_LOOP('',(#3419,#3420,#3421,#3422));
#1789=AXIS2_PLACEMENT_3D('',#3423,#3424,#3425);
#1790=EDGE_LOOP('',(#3426,#3427,#3428,#3429));
#1791=AXIS2_PLACEMENT_3D('',#3430,#3431,#3432);
#1792=EDGE_LOOP('',(#3433,#3434,#3435,#3436,#3437,#3438,#3439,#3440,#3441,#3442,#3443,#3444));
#1793=EDGE_LOOP('',(#3445,#3446,#3447,#3448));
#1794=EDGE_LOOP('',(#3449,#3450,#3451,#3452));
#1795=AXIS2_PLACEMENT_3D('',#3453,#3454,#3455);
#1796=EDGE_LOOP('',(#3456,#3457,#3458,#3459,#3460,#3461,#3462,#3463,#3464,#3465,#3466,#3467));
#1797=AXIS2_PLACEMENT_3D('',#3468,#3469,#3470);
#1798=EDGE_LOOP('',(#3471,#3472,#3473,#3474,#3475,#3476,#3477,#3478,#3479,#3480,#3481,#3482));
#1799=AXIS2_PLACEMENT_3D('',#3483,#3484,#3485);
#1800=EDGE_LOOP('',(#3486,#3487,#3488,#3489,#3490,#3491,#3492,#3493,#3494,#3495,#3496,#3497));
#1801=AXIS2_PLACEMENT_3D('',#3498,#3499,#3500);
#1802=EDGE_LOOP('',(#3501,#3502,#3503,#3504,#3505,#3506,#3507,#3508,#3509,#3510,#3511,#3512));
#1803=AXIS2_PLACEMENT_3D('',#3513,#3514,#3515);
#1804=EDGE_LOOP('',(#3516,#3517,#3518,#3519,#3520,#3521,#3522,#3523,#3524,#3525,#3526,#3527));
#1805=EDGE_LOOP('',(#3528,#3529,#3530,#3531));
#1806=EDGE_LOOP('',(#3532,#3533,#3534,#3535));
#1807=AXIS2_PLACEMENT_3D('',#3536,#3537,#3538);
#1808=EDGE_LOOP('',(#3539,#3540,#3541,#3542,#3543,#3544,#3545));
#1809=AXIS2_PLACEMENT_3D('',#3546,#3547,#3548);
#1810=EDGE_LOOP('',(#3549,#3550,#3551,#3552,#3553,#3554,#3555));
#1811=AXIS2_PLACEMENT_3D('',#3556,#3557,#3558);
#1812=EDGE_LOOP('',(#3559,#3560,#3561,#3562));
#1813=AXIS2_PLACEMENT_3D('',#3563,#3564,#3565);
#1814=EDGE_LOOP('',(#3566,#3567,#3568,#3569));
#1815=AXIS2_PLACEMENT_3D('',#3570,#3571,#3572);
#1816=EDGE_LOOP('',(#3573,#3574,#3575,#3576));
#1817=AXIS2_PLACEMENT_3D('',#3577,#3578,#3579);
#1818=EDGE_LOOP('',(#3580,#3581,#3582,#3583));
#1819=AXIS2_PLACEMENT_3D('',#3584,#3585,#3586);
#1820=EDGE_LOOP('',(#3587,#3588,#3589,#3590));
#1821=AXIS2_PLACEMENT_3D('',#3591,#3592,#3593);
#1822=EDGE_LOOP('',(#3594,#3595,#3596,#3597));
#1823=AXIS2_PLACEMENT_3D('',#3598,#3599,#3600);
#1824=EDGE_LOOP('',(#3601,#3602,#3603,#3604,#3605,#3606,#3607));
#1825=AXIS2_PLACEMENT_3D('',#3608,#3609,#3610);
#1826=EDGE_LOOP('',(#3611,#3612,#3613,#3614,#3615,#3616,#3617));
#1827=AXIS2_PLACEMENT_3D('',#3618,#3619,#3620);
#1828=EDGE_LOOP('',(#3621,#3622,#3623,#3624));
#1829=AXIS2_PLACEMENT_3D('',#3625,#3626,#3627);
#1830=EDGE_LOOP('',(#3628,#3629,#3630,#3631));
#1831=AXIS2_PLACEMENT_3D('',#3632,#3633,#3634);
#1832=EDGE_LOOP('',(#3635,#3636,#3637,#3638));
#1833=AXIS2_PLACEMENT_3D('',#3639,#3640,#3641);
#1834=EDGE_LOOP('',(#3642,#3643,#3644,#3645));
#1835=AXIS2_PLACEMENT_3D('',#3646,#3647,#3648);
#1836=EDGE_LOOP('',(#3649,#3650,#3651,#3652));
#1837=AXIS2_PLACEMENT_3D('',#3653,#3654,#3655);
#1838=EDGE_LOOP('',(#3656,#3657,#3658,#3659));
#1839=AXIS2_PLACEMENT_3D('',#3660,#3661,#3662);
#1840=EDGE_LOOP('',(#3663,#3664,#3665,#3666,#3667,#3668,#3669));
#1841=AXIS2_PLACEMENT_3D('',#3670,#3671,#3672);
#1842=EDGE_LOOP('',(#3673,#3674,#3675,#3676,#3677,#3678,#3679));
#1843=AXIS2_PLACEMENT_3D('',#3680,#3681,#3682);
#1844=EDGE_LOOP('',(#3683,#3684,#3685,#3686));
#1845=AXIS2_PLACEMENT_3D('',#3687,#3688,#3689);
#1846=EDGE_LOOP('',(#3690,#3691,#3692,#3693,#3694,#3695,#3696));
#1847=AXIS2_PLACEMENT_3D('',#3697,#3698,#3699);
#1848=EDGE_LOOP('',(#3700,#3701,#3702,#3703,#3704,#3705,#3706));
#1849=AXIS2_PLACEMENT_3D('',#3707,#3708,#3709);
#1850=EDGE_LOOP('',(#3710,#3711,#3712,#3713));
#1851=AXIS2_PLACEMENT_3D('',#3714,#3715,#3716);
#1852=EDGE_LOOP('',(#3717,#3718,#3719,#3720));
#1853=AXIS2_PLACEMENT_3D('',#3721,#3722,#3723);
#1854=EDGE_LOOP('',(#3724,#3725,#3726,#3727));
#1855=AXIS2_PLACEMENT_3D('',#3728,#3729,#3730);
#1856=EDGE_LOOP('',(#3731,#3732,#3733,#3734));
#1857=AXIS2_PLACEMENT_3D('',#3735,#3736,#3737);
#1858=EDGE_LOOP('',(#3738,#3739,#3740,#3741));
#1859=AXIS2_PLACEMENT_3D('',#3742,#3743,#3744);
#1860=EDGE_LOOP('',(#3745,#3746,#3747,#3748));
#1861=AXIS2_PLACEMENT_3D('',#3749,#3750,#3751);
#1862=EDGE_LOOP('',(#3752,#3753,#3754,#3755));
#1863=AXIS2_PLACEMENT_3D('',#3756,#3757,#3758);
#1864=EDGE_LOOP('',(#3759,#3760,#3761,#3762));
#1865=AXIS2_PLACEMENT_3D('',#3763,#3764,#3765);
#1866=EDGE_LOOP('',(#3766,#3767,#3768,#3769));
#1867=AXIS2_PLACEMENT_3D('',#3770,#3771,#3772);
#1868=EDGE_LOOP('',(#3773,#3774,#3775,#3776));
#1869=AXIS2_PLACEMENT_3D('',#3777,#3778,#3779);
#1870=EDGE_LOOP('',(#3780,#3781,#3782,#3783));
#1871=AXIS2_PLACEMENT_3D('',#3784,#3785,#3786);
#1872=EDGE_LOOP('',(#3787,#3788,#3789,#3790,#3791,#3792,#3793,#3794,#3795,#3796,#3797,#3798));
#1873=AXIS2_PLACEMENT_3D('',#3799,#3800,#3801);
#1874=EDGE_LOOP('',(#3802,#3803,#3804,#3805));
#1875=AXIS2_PLACEMENT_3D('',#3806,#3807,#3808);
#1876=EDGE_LOOP('',(#3809,#3810,#3811,#3812));
#1877=AXIS2_PLACEMENT_3D('',#3813,#3814,#3815);
#1878=EDGE_LOOP('',(#3816,#3817,#3818,#3819));
#1879=AXIS2_PLACEMENT_3D('',#3820,#3821,#3822);
#1880=EDGE_LOOP('',(#3823,#3824,#3825,#3826));
#1881=AXIS2_PLACEMENT_3D('',#3827,#3828,#3829);
#1882=EDGE_LOOP('',(#3830,#3831,#3832,#3833,#3834,#3835));
#1883=AXIS2_PLACEMENT_3D('',#3836,#3837,#3838);
#1884=EDGE_LOOP('',(#3839,#3840,#3841,#3842));
#1885=AXIS2_PLACEMENT_3D('',#3843,#3844,#3845);
#1886=EDGE_LOOP('',(#3846,#3847,#3848,#3849));
#1887=AXIS2_PLACEMENT_3D('',#3850,#3851,#3852);
#1888=EDGE_LOOP('',(#3853,#3854,#3855,#3856));
#1889=AXIS2_PLACEMENT_3D('',#3857,#3858,#3859);
#1890=EDGE_LOOP('',(#3860,#3861,#3862,#3863,#3864,#3865));
#1891=AXIS2_PLACEMENT_3D('',#3866,#3867,#3868);
#1892=EDGE_LOOP('',(#3869,#3870,#3871,#3872));
#1893=AXIS2_PLACEMENT_3D('',#3873,#3874,#3875);
#1894=EDGE_LOOP('',(#3876,#3877,#3878,#3879,#3880,#3881,#3882,#3883,#3884,#3885,#3886,#3887));
#1895=AXIS2_PLACEMENT_3D('',#3888,#3889,#3890);
#1896=EDGE_LOOP('',(#3891,#3892,#3893,#3894));
#1897=AXIS2_PLACEMENT_3D('',#3895,#3896,#3897);
#1898=EDGE_LOOP('',(#3898,#3899,#3900,#3901));
#1899=AXIS2_PLACEMENT_3D('',#3902,#3903,#3904);
#1900=EDGE_LOOP('',(#3905,#3906,#3907,#3908));
#1901=AXIS2_PLACEMENT_3D('',#3909,#3910,#3911);
#1902=EDGE_LOOP('',(#3912,#3913,#3914,#3915));
#1903=AXIS2_PLACEMENT_3D('',#3916,#3917,#3918);
#1904=EDGE_LOOP('',(#3919,#3920,#3921,#3922,#3923));
#1905=AXIS2_PLACEMENT_3D('',#3924,#3925,#3926);
#1906=EDGE_LOOP('',(#3927,#3928,#3929,#3930,#3931,#3932));
#1907=AXIS2_PLACEMENT_3D('',#3933,#3934,#3935);
#1908=EDGE_LOOP('',(#3936,#3937,#3938,#3939,#3940,#3941));
#1909=AXIS2_PLACEMENT_3D('',#3942,#3943,#3944);
#1910=EDGE_LOOP('',(#3945,#3946,#3947,#3948,#3949,#3950));
#1911=AXIS2_PLACEMENT_3D('',#3951,#3952,#3953);
#1912=EDGE_LOOP('',(#3954,#3955,#3956,#3957,#3958,#3959));
#1913=AXIS2_PLACEMENT_3D('',#3960,#3961,#3962);
#1914=EDGE_LOOP('',(#3963,#3964,#3965,#3966,#3967));
#1915=AXIS2_PLACEMENT_3D('',#3968,#3969,#3970);
#1916=EDGE_LOOP('',(#3971,#3972,#3973,#3974,#3975,#3976));
#1917=AXIS2_PLACEMENT_3D('',#3977,#3978,#3979);
#1918=EDGE_LOOP('',(#3980,#3981,#3982,#3983));
#1919=AXIS2_PLACEMENT_3D('',#3984,#3985,#3986);
#1920=EDGE_LOOP('',(#3987,#3988,#3989,#3990));
#1921=AXIS2_PLACEMENT_3D('',#3991,#3992,#3993);
#1922=EDGE_LOOP('',(#3994,#3995,#3996,#3997));
#1923=AXIS2_PLACEMENT_3D('',#3998,#3999,#4000);
#1924=EDGE_LOOP('',(#4001,#4002,#4003,#4004,#4005,#4006));
#1925=AXIS2_PLACEMENT_3D('',#4007,#4008,#4009);
#1926=EDGE_LOOP('',(#4010,#4011,#4012,#4013));
#1927=AXIS2_PLACEMENT_3D('',#4014,#4015,#4016);
#1928=EDGE_LOOP('',(#4017,#4018,#4019,#4020));
#1929=AXIS2_PLACEMENT_3D('',#4021,#4022,#4023);
#1930=EDGE_LOOP('',(#4024,#4025,#4026,#4027));
#1931=AXIS2_PLACEMENT_3D('',#4028,#4029,#4030);
#1932=EDGE_LOOP('',(#4031,#4032,#4033,#4034));
#1933=AXIS2_PLACEMENT_3D('',#4035,#4036,#4037);
#1934=EDGE_LOOP('',(#4038,#4039,#4040,#4041));
#1935=AXIS2_PLACEMENT_3D('',#4042,#4043,#4044);
#1936=EDGE_LOOP('',(#4045,#4046,#4047,#4048));
#1937=AXIS2_PLACEMENT_3D('',#4049,#4050,#4051);
#1938=EDGE_LOOP('',(#4052,#4053,#4054,#4055));
#1939=AXIS2_PLACEMENT_3D('',#4056,#4057,#4058);
#1940=EDGE_LOOP('',(#4059,#4060,#4061,#4062,#4063,#4064));
#1941=AXIS2_PLACEMENT_3D('',#4065,#4066,#4067);
#1942=EDGE_LOOP('',(#4068,#4069,#4070,#4071,#4072,#4073));
#1943=AXIS2_PLACEMENT_3D('',#4074,#4075,#4076);
#1944=EDGE_LOOP('',(#4077,#4078,#4079,#4080));
#1945=AXIS2_PLACEMENT_3D('',#4081,#4082,#4083);
#1946=EDGE_LOOP('',(#4084,#4085,#4086,#4087));
#1947=AXIS2_PLACEMENT_3D('',#4088,#4089,#4090);
#1948=EDGE_LOOP('',(#4091,#4092,#4093,#4094));
#1949=AXIS2_PLACEMENT_3D('',#4095,#4096,#4097);
#1950=EDGE_LOOP('',(#4098,#4099,#4100,#4101,#4102,#4103));
#1951=AXIS2_PLACEMENT_3D('',#4104,#4105,#4106);
#1952=EDGE_LOOP('',(#4107,#4108,#4109,#4110));
#1953=AXIS2_PLACEMENT_3D('',#4111,#4112,#4113);
#1954=EDGE_LOOP('',(#4114,#4115,#4116,#4117,#4118,#4119));
#1955=AXIS2_PLACEMENT_3D('',#4120,#4121,#4122);
#1956=EDGE_LOOP('',(#4123,#4124,#4125,#4126));
#1957=AXIS2_PLACEMENT_3D('',#4127,#4128,#4129);
#1958=EDGE_LOOP('',(#4130,#4131,#4132,#4133));
#1959=AXIS2_PLACEMENT_3D('',#4134,#4135,#4136);
#1960=EDGE_LOOP('',(#4137,#4138,#4139,#4140));
#1961=AXIS2_PLACEMENT_3D('',#4141,#4142,#4143);
#1962=EDGE_LOOP('',(#4144,#4145,#4146,#4147));
#1963=AXIS2_PLACEMENT_3D('',#4148,#4149,#4150);
#1964=EDGE_LOOP('',(#4151,#4152,#4153,#4154));
#1965=AXIS2_PLACEMENT_3D('',#4155,#4156,#4157);
#1966=EDGE_LOOP('',(#4158,#4159,#4160,#4161,#4162,#4163,#4164,#4165,#4166,#4167,#4168,#4169,#4170,#4171,#4172,#4173,#4174,#4175,#4176,#4177,#4178,#4179,#4180,#4181,#4182,#4183,#4184,#4185,#4186,#4187,#4188,#4189,#4190,#4191));
#1967=AXIS2_PLACEMENT_3D('',#4192,#4193,#4194);
#1968=EDGE_LOOP('',(#4195,#4196,#4197,#4198));
#1969=AXIS2_PLACEMENT_3D('',#4199,#4200,#4201);
#1970=EDGE_LOOP('',(#4202,#4203,#4204,#4205));
#1971=AXIS2_PLACEMENT_3D('',#4206,#4207,#4208);
#1972=EDGE_LOOP('',(#4209,#4210,#4211,#4212));
#1973=AXIS2_PLACEMENT_3D('',#4213,#4214,#4215);
#1974=EDGE_LOOP('',(#4216,#4217,#4218,#4219));
#1975=AXIS2_PLACEMENT_3D('',#4220,#4221,#4222);
#1976=EDGE_LOOP('',(#4223,#4224,#4225,#4226));
#1977=AXIS2_PLACEMENT_3D('',#4227,#4228,#4229);
#1978=EDGE_LOOP('',(#4230,#4231,#4232,#4233,#4234,#4235));
#1979=AXIS2_PLACEMENT_3D('',#4236,#4237,#4238);
#1980=EDGE_LOOP('',(#4239,#4240,#4241,#4242,#4243,#4244));
#1981=AXIS2_PLACEMENT_3D('',#4245,#4246,#4247);
#1982=EDGE_LOOP('',(#4248,#4249,#4250,#4251));
#1983=AXIS2_PLACEMENT_3D('',#4252,#4253,#4254);
#1984=EDGE_LOOP('',(#4255,#4256,#4257,#4258,#4259));
#1985=EDGE_LOOP('',(#4260,#4261,#4262,#4263));
#1986=AXIS2_PLACEMENT_3D('',#4264,#4265,#4266);
#1987=EDGE_LOOP('',(#4267,#4268,#4269,#4270));
#1988=EDGE_LOOP('',(#4271,#4272,#4273,#4274));
#1989=AXIS2_PLACEMENT_3D('',#4275,#4276,#4277);
#1990=EDGE_LOOP('',(#4278,#4279,#4280,#4281,#4282));
#1991=EDGE_LOOP('',(#4283,#4284,#4285,#4286));
#1992=AXIS2_PLACEMENT_3D('',#4287,#4288,#4289);
#1993=EDGE_LOOP('',(#4290,#4291,#4292,#4293,#4294));
#1994=EDGE_LOOP('',(#4295,#4296,#4297,#4298));
#1995=AXIS2_PLACEMENT_3D('',#4299,#4300,#4301);
#1996=EDGE_LOOP('',(#4302,#4303,#4304,#4305,#4306));
#1997=EDGE_LOOP('',(#4307,#4308,#4309,#4310));
#1998=AXIS2_PLACEMENT_3D('',#4311,#4312,#4313);
#1999=EDGE_LOOP('',(#4314,#4315,#4316,#4317,#4318));
#2000=EDGE_LOOP('',(#4319,#4320,#4321,#4322));
#2001=AXIS2_PLACEMENT_3D('',#4323,#4324,#4325);
#2002=EDGE_LOOP('',(#4326,#4327,#4328,#4329,#4330));
#2003=EDGE_LOOP('',(#4331,#4332,#4333,#4334));
#2004=AXIS2_PLACEMENT_3D('',#4335,#4336,#4337);
#2005=EDGE_LOOP('',(#4338,#4339,#4340,#4341,#4342));
#2006=EDGE_LOOP('',(#4343,#4344,#4345,#4346));
#2007=AXIS2_PLACEMENT_3D('',#4347,#4348,#4349);
#2008=EDGE_LOOP('',(#4350,#4351,#4352,#4353,#4354));
#2009=EDGE_LOOP('',(#4355,#4356,#4357,#4358));
#2010=AXIS2_PLACEMENT_3D('',#4359,#4360,#4361);
#2011=EDGE_LOOP('',(#4362,#4363,#4364,#4365,#4366));
#2012=EDGE_LOOP('',(#4367,#4368,#4369,#4370));
#2013=AXIS2_PLACEMENT_3D('',#4371,#4372,#4373);
#2014=EDGE_LOOP('',(#4374,#4375,#4376,#4377));
#2015=AXIS2_PLACEMENT_3D('',#4378,#4379,#4380);
#2016=EDGE_LOOP('',(#4381,#4382,#4383,#4384,#4385,#4386,#4387,#4388));
#2017=EDGE_LOOP('',(#4389,#4390,#4391,#4392,#4393));
#2018=EDGE_LOOP('',(#4394,#4395,#4396,#4397));
#2019=EDGE_LOOP('',(#4398,#4399,#4400,#4401,#4402));
#2020=EDGE_LOOP('',(#4403,#4404,#4405,#4406,#4407));
#2021=EDGE_LOOP('',(#4408,#4409,#4410,#4411,#4412));
#2022=EDGE_LOOP('',(#4413,#4414,#4415,#4416,#4417));
#2023=EDGE_LOOP('',(#4418,#4419,#4420,#4421,#4422));
#2024=EDGE_LOOP('',(#4423,#4424,#4425,#4426,#4427));
#2025=EDGE_LOOP('',(#4428,#4429,#4430,#4431,#4432));
#2026=EDGE_LOOP('',(#4433,#4434,#4435,#4436,#4437));
#2027=AXIS2_PLACEMENT_3D('',#4438,#4439,#4440);
#2028=EDGE_LOOP('',(#4441,#4442,#4443,#4444));
#2029=AXIS2_PLACEMENT_3D('',#4445,#4446,#4447);
#2030=EDGE_LOOP('',(#4448,#4449,#4450,#4451));
#2031=AXIS2_PLACEMENT_3D('',#4452,#4453,#4454);
#2032=EDGE_LOOP('',(#4455,#4456,#4457,#4458));
#2033=AXIS2_PLACEMENT_3D('',#4459,#4460,#4461);
#2034=EDGE_LOOP('',(#4462,#4463,#4464,#4465));
#2035=AXIS2_PLACEMENT_3D('',#4466,#4467,#4468);
#2036=EDGE_LOOP('',(#4469,#4470,#4471,#4472));
#2037=AXIS2_PLACEMENT_3D('',#4473,#4474,#4475);
#2038=EDGE_LOOP('',(#4476,#4477,#4478,#4479));
#2039=AXIS2_PLACEMENT_3D('',#4480,#4481,#4482);
#2040=EDGE_LOOP('',(#4483,#4484,#4485,#4486));
#2041=AXIS2_PLACEMENT_3D('',#4487,#4488,#4489);
#2042=EDGE_LOOP('',(#4490,#4491,#4492,#4493));
#2043=AXIS2_PLACEMENT_3D('',#4494,#4495,#4496);
#2044=EDGE_LOOP('',(#4497,#4498,#4499,#4500));
#2045=AXIS2_PLACEMENT_3D('',#4501,#4502,#4503);
#2046=EDGE_LOOP('',(#4504,#4505,#4506,#4507));
#2047=AXIS2_PLACEMENT_3D('',#4508,#4509,#4510);
#2048=EDGE_LOOP('',(#4511,#4512,#4513,#4514));
#2049=AXIS2_PLACEMENT_3D('',#4515,#4516,#4517);
#2050=EDGE_LOOP('',(#4518,#4519,#4520,#4521));
#2051=AXIS2_PLACEMENT_3D('',#4522,#4523,#4524);
#2052=EDGE_LOOP('',(#4525,#4526,#4527,#4528));
#2053=AXIS2_PLACEMENT_3D('',#4529,#4530,#4531);
#2054=EDGE_LOOP('',(#4532,#4533,#4534,#4535));
#2055=AXIS2_PLACEMENT_3D('',#4536,#4537,#4538);
#2056=EDGE_LOOP('',(#4539,#4540,#4541,#4542));
#2057=AXIS2_PLACEMENT_3D('',#4543,#4544,#4545);
#2058=EDGE_LOOP('',(#4546,#4547,#4548,#4549));
#2059=AXIS2_PLACEMENT_3D('',#4550,#4551,#4552);
#2060=EDGE_LOOP('',(#4553,#4554,#4555,#4556));
#2061=AXIS2_PLACEMENT_3D('',#4557,#4558,#4559);
#2062=EDGE_LOOP('',(#4560,#4561,#4562,#4563));
#2063=AXIS2_PLACEMENT_3D('',#4564,#4565,#4566);
#2064=EDGE_LOOP('',(#4567,#4568,#4569,#4570));
#2065=AXIS2_PLACEMENT_3D('',#4571,#4572,#4573);
#2066=EDGE_LOOP('',(#4574,#4575,#4576,#4577));
#2067=AXIS2_PLACEMENT_3D('',#4578,#4579,#4580);
#2068=EDGE_LOOP('',(#4581,#4582,#4583,#4584));
#2069=AXIS2_PLACEMENT_3D('',#4585,#4586,#4587);
#2070=EDGE_LOOP('',(#4588,#4589,#4590,#4591));
#2071=AXIS2_PLACEMENT_3D('',#4592,#4593,#4594);
#2072=EDGE_LOOP('',(#4595,#4596,#4597,#4598));
#2073=AXIS2_PLACEMENT_3D('',#4599,#4600,#4601);
#2074=EDGE_LOOP('',(#4602,#4603,#4604,#4605));
#2075=AXIS2_PLACEMENT_3D('',#4606,#4607,#4608);
#2076=EDGE_LOOP('',(#4609,#4610,#4611,#4612));
#2077=AXIS2_PLACEMENT_3D('',#4613,#4614,#4615);
#2078=EDGE_LOOP('',(#4616,#4617,#4618,#4619));
#2079=AXIS2_PLACEMENT_3D('',#4620,#4621,#4622);
#2080=EDGE_LOOP('',(#4623,#4624,#4625,#4626));
#2081=AXIS2_PLACEMENT_3D('',#4627,#4628,#4629);
#2082=EDGE_LOOP('',(#4630,#4631,#4632,#4633));
#2083=AXIS2_PLACEMENT_3D('',#4634,#4635,#4636);
#2084=EDGE_LOOP('',(#4637,#4638,#4639,#4640));
#2085=AXIS2_PLACEMENT_3D('',#4641,#4642,#4643);
#2086=EDGE_LOOP('',(#4644,#4645,#4646,#4647));
#2087=AXIS2_PLACEMENT_3D('',#4648,#4649,#4650);
#2088=EDGE_LOOP('',(#4651,#4652,#4653,#4654));
#2089=AXIS2_PLACEMENT_3D('',#4655,#4656,#4657);
#2090=EDGE_LOOP('',(#4658,#4659,#4660,#4661));
#2091=AXIS2_PLACEMENT_3D('',#4662,#4663,#4664);
#2092=EDGE_LOOP('',(#4665,#4666,#4667,#4668));
#2093=AXIS2_PLACEMENT_3D('',#4669,#4670,#4671);
#2094=EDGE_LOOP('',(#4672,#4673,#4674,#4675));
#2095=AXIS2_PLACEMENT_3D('',#4676,#4677,#4678);
#2096=EDGE_LOOP('',(#4679,#4680,#4681,#4682));
#2097=AXIS2_PLACEMENT_3D('',#4683,#4684,#4685);
#2098=EDGE_LOOP('',(#4686,#4687,#4688,#4689));
#2099=AXIS2_PLACEMENT_3D('',#4690,#4691,#4692);
#2100=EDGE_LOOP('',(#4693,#4694,#4695,#4696));
#2101=AXIS2_PLACEMENT_3D('',#4697,#4698,#4699);
#2102=EDGE_LOOP('',(#4700,#4701,#4702,#4703));
#2103=AXIS2_PLACEMENT_3D('',#4704,#4705,#4706);
#2104=EDGE_LOOP('',(#4707,#4708,#4709,#4710));
#2105=AXIS2_PLACEMENT_3D('',#4711,#4712,#4713);
#2106=EDGE_LOOP('',(#4714,#4715,#4716,#4717));
#2107=AXIS2_PLACEMENT_3D('',#4718,#4719,#4720);
#2108=EDGE_LOOP('',(#4721,#4722,#4723,#4724));
#2109=AXIS2_PLACEMENT_3D('',#4725,#4726,#4727);
#2110=EDGE_LOOP('',(#4728,#4729,#4730,#4731));
#2111=AXIS2_PLACEMENT_3D('',#4732,#4733,#4734);
#2112=EDGE_LOOP('',(#4735,#4736,#4737,#4738));
#2113=AXIS2_PLACEMENT_3D('',#4739,#4740,#4741);
#2114=EDGE_LOOP('',(#4742,#4743,#4744,#4745));
#2115=AXIS2_PLACEMENT_3D('',#4746,#4747,#4748);
#2116=EDGE_LOOP('',(#4749,#4750,#4751,#4752));
#2117=AXIS2_PLACEMENT_3D('',#4753,#4754,#4755);
#2118=EDGE_LOOP('',(#4756,#4757,#4758,#4759));
#2119=AXIS2_PLACEMENT_3D('',#4760,#4761,#4762);
#2120=EDGE_LOOP('',(#4763,#4764,#4765,#4766));
#2121=AXIS2_PLACEMENT_3D('',#4767,#4768,#4769);
#2122=EDGE_LOOP('',(#4770,#4771,#4772,#4773));
#2123=AXIS2_PLACEMENT_3D('',#4774,#4775,#4776);
#2124=EDGE_LOOP('',(#4777,#4778,#4779,#4780));
#2125=AXIS2_PLACEMENT_3D('',#4781,#4782,#4783);
#2126=EDGE_LOOP('',(#4784,#4785,#4786,#4787));
#2127=AXIS2_PLACEMENT_3D('',#4788,#4789,#4790);
#2128=EDGE_LOOP('',(#4791,#4792,#4793,#4794));
#2129=AXIS2_PLACEMENT_3D('',#4795,#4796,#4797);
#2130=EDGE_LOOP('',(#4798,#4799,#4800,#4801));
#2131=AXIS2_PLACEMENT_3D('',#4802,#4803,#4804);
#2132=EDGE_LOOP('',(#4805,#4806,#4807,#4808));
#2133=AXIS2_PLACEMENT_3D('',#4809,#4810,#4811);
#2134=EDGE_LOOP('',(#4812,#4813,#4814,#4815));
#2135=AXIS2_PLACEMENT_3D('',#4816,#4817,#4818);
#2136=EDGE_LOOP('',(#4819,#4820,#4821,#4822));
#2137=AXIS2_PLACEMENT_3D('',#4823,#4824,#4825);
#2138=EDGE_LOOP('',(#4826,#4827,#4828,#4829));
#2139=AXIS2_PLACEMENT_3D('',#4830,#4831,#4832);
#2140=EDGE_LOOP('',(#4833,#4834,#4835,#4836));
#2141=AXIS2_PLACEMENT_3D('',#4837,#4838,#4839);
#2142=EDGE_LOOP('',(#4840,#4841,#4842,#4843));
#2143=AXIS2_PLACEMENT_3D('',#4844,#4845,#4846);
#2144=EDGE_LOOP('',(#4847,#4848,#4849,#4850));
#2145=AXIS2_PLACEMENT_3D('',#4851,#4852,#4853);
#2146=EDGE_LOOP('',(#4854,#4855,#4856,#4857));
#2147=AXIS2_PLACEMENT_3D('',#4858,#4859,#4860);
#2148=EDGE_LOOP('',(#4861,#4862,#4863,#4864,#4865,#4866));
#2149=AXIS2_PLACEMENT_3D('',#4867,#4868,#4869);
#2150=EDGE_LOOP('',(#4870,#4871,#4872,#4873));
#2151=AXIS2_PLACEMENT_3D('',#4874,#4875,#4876);
#2152=EDGE_LOOP('',(#4877,#4878,#4879,#4880));
#2153=AXIS2_PLACEMENT_3D('',#4881,#4882,#4883);
#2154=EDGE_LOOP('',(#4884,#4885,#4886,#4887));
#2155=AXIS2_PLACEMENT_3D('',#4888,#4889,#4890);
#2156=EDGE_LOOP('',(#4891,#4892,#4893,#4894,#4895,#4896));
#2157=AXIS2_PLACEMENT_3D('',#4897,#4898,#4899);
#2158=EDGE_LOOP('',(#4900,#4901,#4902,#4903));
#2159=AXIS2_PLACEMENT_3D('',#4904,#4905,#4906);
#2160=EDGE_LOOP('',(#4907,#4908,#4909,#4910));
#2161=AXIS2_PLACEMENT_3D('',#4911,#4912,#4913);
#2162=EDGE_LOOP('',(#4914,#4915,#4916,#4917));
#2163=AXIS2_PLACEMENT_3D('',#4918,#4919,#4920);
#2164=EDGE_LOOP('',(#4921,#4922,#4923,#4924,#4925,#4926));
#2165=AXIS2_PLACEMENT_3D('',#4927,#4928,#4929);
#2166=EDGE_LOOP('',(#4930,#4931,#4932,#4933));
#2167=AXIS2_PLACEMENT_3D('',#4934,#4935,#4936);
#2168=EDGE_LOOP('',(#4937,#4938,#4939,#4940));
#2169=AXIS2_PLACEMENT_3D('',#4941,#4942,#4943);
#2170=EDGE_LOOP('',(#4944,#4945,#4946,#4947));
#2171=AXIS2_PLACEMENT_3D('',#4948,#4949,#4950);
#2172=EDGE_LOOP('',(#4951,#4952,#4953,#4954));
#2173=AXIS2_PLACEMENT_3D('',#4955,#4956,#4957);
#2174=EDGE_LOOP('',(#4958,#4959,#4960,#4961,#4962,#4963));
#2175=AXIS2_PLACEMENT_3D('',#4964,#4965,#4966);
#2176=EDGE_LOOP('',(#4967,#4968,#4969,#4970));
#2177=AXIS2_PLACEMENT_3D('',#4971,#4972,#4973);
#2178=EDGE_LOOP('',(#4974,#4975,#4976,#4977,#4978,#4979));
#2179=AXIS2_PLACEMENT_3D('',#4980,#4981,#4982);
#2180=EDGE_LOOP('',(#4983,#4984,#4985,#4986));
#2181=AXIS2_PLACEMENT_3D('',#4987,#4988,#4989);
#2182=EDGE_LOOP('',(#4990,#4991,#4992,#4993));
#2183=AXIS2_PLACEMENT_3D('',#4994,#4995,#4996);
#2184=EDGE_LOOP('',(#4997,#4998,#4999,#5000));
#2185=AXIS2_PLACEMENT_3D('',#5001,#5002,#5003);
#2186=EDGE_LOOP('',(#5004,#5005,#5006,#5007));
#2187=AXIS2_PLACEMENT_3D('',#5008,#5009,#5010);
#2188=EDGE_LOOP('',(#5011,#5012,#5013,#5014));
#2189=AXIS2_PLACEMENT_3D('',#5015,#5016,#5017);
#2190=EDGE_LOOP('',(#5018,#5019,#5020,#5021));
#2191=AXIS2_PLACEMENT_3D('',#5022,#5023,#5024);
#2192=EDGE_LOOP('',(#5025,#5026,#5027,#5028,#5029,#5030));
#2193=AXIS2_PLACEMENT_3D('',#5031,#5032,#5033);
#2194=EDGE_LOOP('',(#5034,#5035,#5036,#5037));
#2195=AXIS2_PLACEMENT_3D('',#5038,#5039,#5040);
#2196=EDGE_LOOP('',(#5041,#5042,#5043,#5044,#5045,#5046));
#2197=AXIS2_PLACEMENT_3D('',#5047,#5048,#5049);
#2198=EDGE_LOOP('',(#5050,#5051,#5052,#5053));
#2199=AXIS2_PLACEMENT_3D('',#5054,#5055,#5056);
#2200=EDGE_LOOP('',(#5057,#5058,#5059,#5060));
#2201=AXIS2_PLACEMENT_3D('',#5061,#5062,#5063);
#2202=EDGE_LOOP('',(#5064,#5065,#5066,#5067));
#2203=AXIS2_PLACEMENT_3D('',#5068,#5069,#5070);
#2204=EDGE_LOOP('',(#5071,#5072,#5073,#5074,#5075,#5076));
#2205=AXIS2_PLACEMENT_3D('',#5077,#5078,#5079);
#2206=EDGE_LOOP('',(#5080,#5081,#5082,#5083));
#2207=AXIS2_PLACEMENT_3D('',#5084,#5085,#5086);
#2208=EDGE_LOOP('',(#5087,#5088,#5089,#5090));
#2209=AXIS2_PLACEMENT_3D('',#5091,#5092,#5093);
#2210=EDGE_LOOP('',(#5094,#5095,#5096,#5097));
#2211=AXIS2_PLACEMENT_3D('',#5098,#5099,#5100);
#2212=EDGE_LOOP('',(#5101,#5102,#5103,#5104));
#2213=AXIS2_PLACEMENT_3D('',#5105,#5106,#5107);
#2214=EDGE_LOOP('',(#5108,#5109,#5110,#5111));
#2215=AXIS2_PLACEMENT_3D('',#5112,#5113,#5114);
#2216=EDGE_LOOP('',(#5115,#5116,#5117,#5118));
#2217=AXIS2_PLACEMENT_3D('',#5119,#5120,#5121);
#2218=EDGE_LOOP('',(#5122,#5123,#5124,#5125,#5126,#5127));
#2219=AXIS2_PLACEMENT_3D('',#5128,#5129,#5130);
#2220=EDGE_LOOP('',(#5131,#5132,#5133,#5134));
#2221=AXIS2_PLACEMENT_3D('',#5135,#5136,#5137);
#2222=EDGE_LOOP('',(#5138,#5139,#5140,#5141,#5142,#5143));
#2223=AXIS2_PLACEMENT_3D('',#5144,#5145,#5146);
#2224=EDGE_LOOP('',(#5147,#5148,#5149,#5150));
#2225=AXIS2_PLACEMENT_3D('',#5151,#5152,#5153);
#2226=EDGE_LOOP('',(#5154,#5155,#5156,#5157));
#2227=AXIS2_PLACEMENT_3D('',#5158,#5159,#5160);
#2228=EDGE_LOOP('',(#5161,#5162,#5163,#5164));
#2229=AXIS2_PLACEMENT_3D('',#5165,#5166,#5167);
#2230=EDGE_LOOP('',(#5168,#5169,#5170,#5171));
#2231=AXIS2_PLACEMENT_3D('',#5172,#5173,#5174);
#2232=EDGE_LOOP('',(#5175,#5176,#5177,#5178));
#2233=AXIS2_PLACEMENT_3D('',#5179,#5180,#5181);
#2234=EDGE_LOOP('',(#5182,#5183,#5184,#5185));
#2235=AXIS2_PLACEMENT_3D('',#5186,#5187,#5188);
#2236=EDGE_LOOP('',(#5189,#5190,#5191,#5192));
#2237=AXIS2_PLACEMENT_3D('',#5193,#5194,#5195);
#2238=EDGE_LOOP('',(#5196,#5197,#5198,#5199));
#2239=AXIS2_PLACEMENT_3D('',#5200,#5201,#5202);
#2240=EDGE_LOOP('',(#5203,#5204,#5205,#5206));
#2241=AXIS2_PLACEMENT_3D('',#5207,#5208,#5209);
#2242=EDGE_LOOP('',(#5210,#5211,#5212,#5213,#5214,#5215));
#2243=AXIS2_PLACEMENT_3D('',#5216,#5217,#5218);
#2244=EDGE_LOOP('',(#5219,#5220,#5221,#5222));
#2245=AXIS2_PLACEMENT_3D('',#5223,#5224,#5225);
#2246=EDGE_LOOP('',(#5226,#5227,#5228,#5229));
#2247=AXIS2_PLACEMENT_3D('',#5230,#5231,#5232);
#2248=EDGE_LOOP('',(#5233,#5234,#5235,#5236));
#2249=AXIS2_PLACEMENT_3D('',#5237,#5238,#5239);
#2250=EDGE_LOOP('',(#5240,#5241,#5242,#5243,#5244,#5245));
#2251=AXIS2_PLACEMENT_3D('',#5246,#5247,#5248);
#2252=EDGE_LOOP('',(#5249,#5250,#5251,#5252));
#2253=AXIS2_PLACEMENT_3D('',#5253,#5254,#5255);
#2254=EDGE_LOOP('',(#5256,#5257,#5258,#5259));
#2255=AXIS2_PLACEMENT_3D('',#5260,#5261,#5262);
#2256=EDGE_LOOP('',(#5263,#5264,#5265,#5266));
#2257=AXIS2_PLACEMENT_3D('',#5267,#5268,#5269);
#2258=EDGE_LOOP('',(#5270,#5271,#5272,#5273,#5274,#5275));
#2259=AXIS2_PLACEMENT_3D('',#5276,#5277,#5278);
#2260=EDGE_LOOP('',(#5279,#5280,#5281,#5282));
#2261=AXIS2_PLACEMENT_3D('',#5283,#5284,#5285);
#2262=EDGE_LOOP('',(#5286,#5287,#5288,#5289));
#2263=AXIS2_PLACEMENT_3D('',#5290,#5291,#5292);
#2264=EDGE_LOOP('',(#5293,#5294,#5295,#5296));
#2265=AXIS2_PLACEMENT_3D('',#5297,#5298,#5299);
#2266=EDGE_LOOP('',(#5300,#5301,#5302,#5303));
#2267=AXIS2_PLACEMENT_3D('',#5304,#5305,#5306);
#2268=EDGE_LOOP('',(#5307,#5308,#5309,#5310,#5311,#5312));
#2269=AXIS2_PLACEMENT_3D('',#5313,#5314,#5315);
#2270=EDGE_LOOP('',(#5316,#5317,#5318,#5319));
#2271=AXIS2_PLACEMENT_3D('',#5320,#5321,#5322);
#2272=EDGE_LOOP('',(#5323,#5324,#5325,#5326,#5327,#5328));
#2273=AXIS2_PLACEMENT_3D('',#5329,#5330,#5331);
#2274=EDGE_LOOP('',(#5332,#5333,#5334,#5335));
#2275=AXIS2_PLACEMENT_3D('',#5336,#5337,#5338);
#2276=EDGE_LOOP('',(#5339,#5340,#5341,#5342));
#2277=AXIS2_PLACEMENT_3D('',#5343,#5344,#5345);
#2278=EDGE_LOOP('',(#5346,#5347,#5348,#5349));
#2279=AXIS2_PLACEMENT_3D('',#5350,#5351,#5352);
#2280=EDGE_LOOP('',(#5353,#5354,#5355,#5356));
#2281=AXIS2_PLACEMENT_3D('',#5357,#5358,#5359);
#2282=EDGE_LOOP('',(#5360,#5361,#5362,#5363));
#2283=AXIS2_PLACEMENT_3D('',#5364,#5365,#5366);
#2284=EDGE_LOOP('',(#5367,#5368,#5369,#5370));
#2285=AXIS2_PLACEMENT_3D('',#5371,#5372,#5373);
#2286=EDGE_LOOP('',(#5374,#5375,#5376,#5377,#5378,#5379));
#2287=AXIS2_PLACEMENT_3D('',#5380,#5381,#5382);
#2288=EDGE_LOOP('',(#5383,#5384,#5385,#5386));
#2289=AXIS2_PLACEMENT_3D('',#5387,#5388,#5389);
#2290=EDGE_LOOP('',(#5390,#5391,#5392,#5393,#5394,#5395));
#2291=AXIS2_PLACEMENT_3D('',#5396,#5397,#5398);
#2292=EDGE_LOOP('',(#5399,#5400,#5401,#5402));
#2293=AXIS2_PLACEMENT_3D('',#5403,#5404,#5405);
#2294=EDGE_LOOP('',(#5406,#5407,#5408,#5409));
#2295=AXIS2_PLACEMENT_3D('',#5410,#5411,#5412);
#2296=EDGE_LOOP('',(#5413,#5414,#5415,#5416));
#2297=AXIS2_PLACEMENT_3D('',#5417,#5418,#5419);
#2298=EDGE_LOOP('',(#5420,#5421,#5422,#5423,#5424,#5425));
#2299=AXIS2_PLACEMENT_3D('',#5426,#5427,#5428);
#2300=EDGE_LOOP('',(#5429,#5430,#5431,#5432));
#2301=AXIS2_PLACEMENT_3D('',#5433,#5434,#5435);
#2302=EDGE_LOOP('',(#5436,#5437,#5438,#5439));
#2303=AXIS2_PLACEMENT_3D('',#5440,#5441,#5442);
#2304=EDGE_LOOP('',(#5443,#5444,#5445,#5446));
#2305=AXIS2_PLACEMENT_3D('',#5447,#5448,#5449);
#2306=EDGE_LOOP('',(#5450,#5451,#5452,#5453));
#2307=AXIS2_PLACEMENT_3D('',#5454,#5455,#5456);
#2308=EDGE_LOOP('',(#5457,#5458,#5459,#5460));
#2309=AXIS2_PLACEMENT_3D('',#5461,#5462,#5463);
#2310=EDGE_LOOP('',(#5464,#5465,#5466,#5467));
#2311=AXIS2_PLACEMENT_3D('',#5468,#5469,#5470);
#2312=EDGE_LOOP('',(#5471,#5472,#5473,#5474,#5475,#5476));
#2313=AXIS2_PLACEMENT_3D('',#5477,#5478,#5479);
#2314=EDGE_LOOP('',(#5480,#5481,#5482,#5483));
#2315=AXIS2_PLACEMENT_3D('',#5484,#5485,#5486);
#2316=EDGE_LOOP('',(#5487,#5488,#5489,#5490,#5491,#5492));
#2317=AXIS2_PLACEMENT_3D('',#5493,#5494,#5495);
#2318=EDGE_LOOP('',(#5496,#5497,#5498,#5499));
#2319=AXIS2_PLACEMENT_3D('',#5500,#5501,#5502);
#2320=EDGE_LOOP('',(#5503,#5504,#5505,#5506));
#2321=AXIS2_PLACEMENT_3D('',#5507,#5508,#5509);
#2322=EDGE_LOOP('',(#5510,#5511,#5512,#5513));
#2323=AXIS2_PLACEMENT_3D('',#5514,#5515,#5516);
#2324=EDGE_LOOP('',(#5517,#5518,#5519,#5520));
#2325=AXIS2_PLACEMENT_3D('',#5521,#5522,#5523);
#2326=EDGE_LOOP('',(#5524,#5525,#5526,#5527));
#2327=AXIS2_PLACEMENT_3D('',#5528,#5529,#5530);
#2328=EDGE_LOOP('',(#5531,#5532,#5533,#5534));
#2329=AXIS2_PLACEMENT_3D('',#5535,#5536,#5537);
#2330=EDGE_LOOP('',(#5538,#5539,#5540,#5541));
#2331=AXIS2_PLACEMENT_3D('',#5542,#5543,#5544);
#2332=EDGE_LOOP('',(#5545,#5546,#5547,#5548));
#2333=AXIS2_PLACEMENT_3D('',#5549,#5550,#5551);
#2334=EDGE_LOOP('',(#5552,#5553,#5554,#5555));
#2335=AXIS2_PLACEMENT_3D('',#5556,#5557,#5558);
#2336=EDGE_LOOP('',(#5559,#5560,#5561,#5562,#5563,#5564));
#2337=AXIS2_PLACEMENT_3D('',#5565,#5566,#5567);
#2338=EDGE_LOOP('',(#5568,#5569,#5570,#5571));
#2339=AXIS2_PLACEMENT_3D('',#5572,#5573,#5574);
#2340=EDGE_LOOP('',(#5575,#5576,#5577,#5578));
#2341=AXIS2_PLACEMENT_3D('',#5579,#5580,#5581);
#2342=EDGE_LOOP('',(#5582,#5583,#5584,#5585));
#2343=AXIS2_PLACEMENT_3D('',#5586,#5587,#5588);
#2344=EDGE_LOOP('',(#5589,#5590,#5591,#5592,#5593,#5594));
#2345=AXIS2_PLACEMENT_3D('',#5595,#5596,#5597);
#2346=EDGE_LOOP('',(#5598,#5599,#5600,#5601));
#2347=AXIS2_PLACEMENT_3D('',#5602,#5603,#5604);
#2348=EDGE_LOOP('',(#5605,#5606,#5607,#5608));
#2349=AXIS2_PLACEMENT_3D('',#5609,#5610,#5611);
#2350=EDGE_LOOP('',(#5612,#5613,#5614,#5615));
#2351=AXIS2_PLACEMENT_3D('',#5616,#5617,#5618);
#2352=EDGE_LOOP('',(#5619,#5620,#5621,#5622,#5623,#5624));
#2353=AXIS2_PLACEMENT_3D('',#5625,#5626,#5627);
#2354=EDGE_LOOP('',(#5628,#5629,#5630,#5631));
#2355=AXIS2_PLACEMENT_3D('',#5632,#5633,#5634);
#2356=EDGE_LOOP('',(#5635,#5636,#5637,#5638));
#2357=AXIS2_PLACEMENT_3D('',#5639,#5640,#5641);
#2358=EDGE_LOOP('',(#5642,#5643,#5644,#5645));
#2359=AXIS2_PLACEMENT_3D('',#5646,#5647,#5648);
#2360=EDGE_LOOP('',(#5649,#5650,#5651,#5652));
#2361=AXIS2_PLACEMENT_3D('',#5653,#5654,#5655);
#2362=EDGE_LOOP('',(#5656,#5657,#5658,#5659,#5660,#5661));
#2363=AXIS2_PLACEMENT_3D('',#5662,#5663,#5664);
#2364=EDGE_LOOP('',(#5665,#5666,#5667,#5668));
#2365=AXIS2_PLACEMENT_3D('',#5669,#5670,#5671);
#2366=EDGE_LOOP('',(#5672,#5673,#5674,#5675,#5676,#5677));
#2367=AXIS2_PLACEMENT_3D('',#5678,#5679,#5680);
#2368=EDGE_LOOP('',(#5681,#5682,#5683,#5684));
#2369=AXIS2_PLACEMENT_3D('',#5685,#5686,#5687);
#2370=EDGE_LOOP('',(#5688,#5689,#5690,#5691));
#2371=AXIS2_PLACEMENT_3D('',#5692,#5693,#5694);
#2372=EDGE_LOOP('',(#5695,#5696,#5697,#5698));
#2373=AXIS2_PLACEMENT_3D('',#5699,#5700,#5701);
#2374=EDGE_LOOP('',(#5702,#5703,#5704,#5705));
#2375=AXIS2_PLACEMENT_3D('',#5706,#5707,#5708);
#2376=EDGE_LOOP('',(#5709,#5710,#5711,#5712));
#2377=AXIS2_PLACEMENT_3D('',#5713,#5714,#5715);
#2378=EDGE_LOOP('',(#5716,#5717,#5718,#5719));
#2379=AXIS2_PLACEMENT_3D('',#5720,#5721,#5722);
#2380=EDGE_LOOP('',(#5723,#5724,#5725,#5726,#5727,#5728));
#2381=AXIS2_PLACEMENT_3D('',#5729,#5730,#5731);
#2382=EDGE_LOOP('',(#5732,#5733,#5734,#5735));
#2383=AXIS2_PLACEMENT_3D('',#5736,#5737,#5738);
#2384=EDGE_LOOP('',(#5739,#5740,#5741,#5742,#5743,#5744));
#2385=AXIS2_PLACEMENT_3D('',#5745,#5746,#5747);
#2386=EDGE_LOOP('',(#5748,#5749,#5750,#5751));
#2387=AXIS2_PLACEMENT_3D('',#5752,#5753,#5754);
#2388=EDGE_LOOP('',(#5755,#5756,#5757,#5758));
#2389=AXIS2_PLACEMENT_3D('',#5759,#5760,#5761);
#2390=EDGE_LOOP('',(#5762,#5763,#5764,#5765));
#2391=AXIS2_PLACEMENT_3D('',#5766,#5767,#5768);
#2392=EDGE_LOOP('',(#5769,#5770,#5771,#5772,#5773,#5774));
#2393=AXIS2_PLACEMENT_3D('',#5775,#5776,#5777);
#2394=EDGE_LOOP('',(#5778,#5779,#5780,#5781));
#2395=AXIS2_PLACEMENT_3D('',#5782,#5783,#5784);
#2396=EDGE_LOOP('',(#5785,#5786,#5787,#5788));
#2397=AXIS2_PLACEMENT_3D('',#5789,#5790,#5791);
#2398=EDGE_LOOP('',(#5792,#5793,#5794,#5795));
#2399=AXIS2_PLACEMENT_3D('',#5796,#5797,#5798);
#2400=EDGE_LOOP('',(#5799,#5800,#5801,#5802));
#2401=AXIS2_PLACEMENT_3D('',#5803,#5804,#5805);
#2402=EDGE_LOOP('',(#5806,#5807,#5808,#5809));
#2403=AXIS2_PLACEMENT_3D('',#5810,#5811,#5812);
#2404=EDGE_LOOP('',(#5813,#5814,#5815,#5816));
#2405=AXIS2_PLACEMENT_3D('',#5817,#5818,#5819);
#2406=EDGE_LOOP('',(#5820,#5821,#5822,#5823,#5824,#5825));
#2407=AXIS2_PLACEMENT_3D('',#5826,#5827,#5828);
#2408=EDGE_LOOP('',(#5829,#5830,#5831,#5832));
#2409=AXIS2_PLACEMENT_3D('',#5833,#5834,#5835);
#2410=EDGE_LOOP('',(#5836,#5837,#5838,#5839,#5840,#5841));
#2411=AXIS2_PLACEMENT_3D('',#5842,#5843,#5844);
#2412=EDGE_LOOP('',(#5845,#5846,#5847,#5848));
#2413=AXIS2_PLACEMENT_3D('',#5849,#5850,#5851);
#2414=EDGE_LOOP('',(#5852,#5853,#5854,#5855));
#2415=AXIS2_PLACEMENT_3D('',#5856,#5857,#5858);
#2416=EDGE_LOOP('',(#5859,#5860,#5861,#5862));
#2417=AXIS2_PLACEMENT_3D('',#5863,#5864,#5865);
#2418=EDGE_LOOP('',(#5866,#5867,#5868,#5869));
#2419=AXIS2_PLACEMENT_3D('',#5870,#5871,#5872);
#2420=EDGE_LOOP('',(#5873,#5874,#5875,#5876));
#2421=AXIS2_PLACEMENT_3D('',#5877,#5878,#5879);
#2422=EDGE_LOOP('',(#5880,#5881,#5882,#5883));
#2423=AXIS2_PLACEMENT_3D('',#5884,#5885,#5886);
#2424=EDGE_LOOP('',(#5887,#5888,#5889,#5890));
#2425=AXIS2_PLACEMENT_3D('',#5891,#5892,#5893);
#2426=EDGE_LOOP('',(#5894,#5895,#5896,#5897));
#2427=AXIS2_PLACEMENT_3D('',#5898,#5899,#5900);
#2428=EDGE_LOOP('',(#5901,#5902,#5903,#5904));
#2429=AXIS2_PLACEMENT_3D('',#5905,#5906,#5907);
#2430=EDGE_LOOP('',(#5908,#5909,#5910,#5911));
#2431=AXIS2_PLACEMENT_3D('',#5912,#5913,#5914);
#2432=EDGE_LOOP('',(#5915,#5916,#5917,#5918));
#2433=AXIS2_PLACEMENT_3D('',#5919,#5920,#5921);
#2434=EDGE_LOOP('',(#5922,#5923,#5924,#5925));
#2435=AXIS2_PLACEMENT_3D('',#5926,#5927,#5928);
#2436=EDGE_LOOP('',(#5929,#5930,#5931,#5932));
#2437=AXIS2_PLACEMENT_3D('',#5933,#5934,#5935);
#2438=EDGE_LOOP('',(#5936,#5937,#5938,#5939));
#2439=AXIS2_PLACEMENT_3D('',#5940,#5941,#5942);
#2440=EDGE_LOOP('',(#5943,#5944,#5945,#5946));
#2441=AXIS2_PLACEMENT_3D('',#5947,#5948,#5949);
#2442=EDGE_LOOP('',(#5950,#5951,#5952,#5953));
#2443=AXIS2_PLACEMENT_3D('',#5954,#5955,#5956);
#2444=EDGE_LOOP('',(#5957,#5958,#5959,#5960));
#2445=AXIS2_PLACEMENT_3D('',#5961,#5962,#5963);
#2446=EDGE_LOOP('',(#5964,#5965,#5966,#5967,#5968,#5969));
#2447=AXIS2_PLACEMENT_3D('',#5970,#5971,#5972);
#2448=EDGE_LOOP('',(#5973,#5974,#5975,#5976));
#2449=AXIS2_PLACEMENT_3D('',#5977,#5978,#5979);
#2450=EDGE_LOOP('',(#5980,#5981,#5982,#5983));
#2451=AXIS2_PLACEMENT_3D('',#5984,#5985,#5986);
#2452=EDGE_LOOP('',(#5987,#5988,#5989,#5990));
#2453=AXIS2_PLACEMENT_3D('',#5991,#5992,#5993);
#2454=EDGE_LOOP('',(#5994,#5995,#5996,#5997,#5998,#5999));
#2455=AXIS2_PLACEMENT_3D('',#6000,#6001,#6002);
#2456=EDGE_LOOP('',(#6003,#6004,#6005,#6006,#6007,#6008));
#2457=AXIS2_PLACEMENT_3D('',#6009,#6010,#6011);
#2458=EDGE_LOOP('',(#6012,#6013,#6014,#6015));
#2459=AXIS2_PLACEMENT_3D('',#6016,#6017,#6018);
#2460=EDGE_LOOP('',(#6019,#6020,#6021,#6022));
#2461=AXIS2_PLACEMENT_3D('',#6023,#6024,#6025);
#2462=EDGE_LOOP('',(#6026,#6027,#6028,#6029));
#2463=AXIS2_PLACEMENT_3D('',#6030,#6031,#6032);
#2464=EDGE_LOOP('',(#6033,#6034,#6035,#6036));
#2465=AXIS2_PLACEMENT_3D('',#6037,#6038,#6039);
#2466=EDGE_LOOP('',(#6040,#6041,#6042,#6043));
#2467=AXIS2_PLACEMENT_3D('',#6044,#6045,#6046);
#2468=EDGE_LOOP('',(#6047,#6048,#6049,#6050));
#2469=AXIS2_PLACEMENT_3D('',#6051,#6052,#6053);
#2470=EDGE_LOOP('',(#6054,#6055,#6056,#6057,#6058,#6059));
#2471=AXIS2_PLACEMENT_3D('',#6060,#6061,#6062);
#2472=EDGE_LOOP('',(#6063,#6064,#6065,#6066));
#2473=AXIS2_PLACEMENT_3D('',#6067,#6068,#6069);
#2474=EDGE_LOOP('',(#6070,#6071,#6072,#6073));
#2475=AXIS2_PLACEMENT_3D('',#6074,#6075,#6076);
#2476=EDGE_LOOP('',(#6077,#6078,#6079,#6080));
#2477=AXIS2_PLACEMENT_3D('',#6081,#6082,#6083);
#2478=EDGE_LOOP('',(#6084,#6085,#6086,#6087));
#2479=AXIS2_PLACEMENT_3D('',#6088,#6089,#6090);
#2480=EDGE_LOOP('',(#6091,#6092,#6093,#6094));
#2481=AXIS2_PLACEMENT_3D('',#6095,#6096,#6097);
#2482=EDGE_LOOP('',(#6098,#6099,#6100,#6101));
#2483=AXIS2_PLACEMENT_3D('',#6102,#6103,#6104);
#2484=EDGE_LOOP('',(#6105,#6106,#6107,#6108));
#2485=AXIS2_PLACEMENT_3D('',#6109,#6110,#6111);
#2486=EDGE_LOOP('',(#6112,#6113,#6114,#6115));
#2487=AXIS2_PLACEMENT_3D('',#6116,#6117,#6118);
#2488=EDGE_LOOP('',(#6119,#6120,#6121,#6122));
#2489=AXIS2_PLACEMENT_3D('',#6123,#6124,#6125);
#2490=EDGE_LOOP('',(#6126,#6127,#6128,#6129));
#2491=AXIS2_PLACEMENT_3D('',#6130,#6131,#6132);
#2492=EDGE_LOOP('',(#6133,#6134,#6135,#6136));
#2493=AXIS2_PLACEMENT_3D('',#6137,#6138,#6139);
#2494=EDGE_LOOP('',(#6140,#6141,#6142,#6143));
#2495=AXIS2_PLACEMENT_3D('',#6144,#6145,#6146);
#2496=EDGE_LOOP('',(#6147,#6148,#6149,#6150));
#2497=AXIS2_PLACEMENT_3D('',#6151,#6152,#6153);
#2498=EDGE_LOOP('',(#6154,#6155,#6156,#6157));
#2499=AXIS2_PLACEMENT_3D('',#6158,#6159,#6160);
#2500=EDGE_LOOP('',(#6161,#6162,#6163,#6164));
#2501=AXIS2_PLACEMENT_3D('',#6165,#6166,#6167);
#2502=LINE('',#6168,#6169);
#2503=LINE('',#6170,#6171);
#2504=LINE('',#6172,#6173);
#2505=LINE('',#6174,#6175);
#2506=LINE('',#6176,#6177);
#2507=LINE('',#6178,#6179);
#2508=LINE('',#6180,#6181);
#2509=CIRCLE('',#6182,1.205);
#2510=CIRCLE('',#6183,1.205);
#2511=CIRCLE('',#6184,1.205);
#2512=CIRCLE('',#6185,1.205);
#2513=LINE('',#6186,#6187);
#2514=LINE('',#6188,#6189);
#2515=LINE('',#6190,#6191);
#2516=LINE('',#6192,#6193);
#2517=LINE('',#6194,#6195);
#2518=LINE('',#6196,#6197);
#2519=LINE('',#6198,#6199);
#2520=LINE('',#6200,#6201);
#2521=LINE('',#6202,#6203);
#2522=LINE('',#6204,#6205);
#2523=LINE('',#6206,#6207);
#2524=LINE('',#6208,#6209);
#2525=LINE('',#6210,#6211);
#2526=LINE('',#6212,#6213);
#2527=LINE('',#6214,#6215);
#2528=LINE('',#6216,#6217);
#2529=LINE('',#6218,#6219);
#2530=LINE('',#6220,#6221);
#2531=LINE('',#6222,#6223);
#2532=LINE('',#6224,#6225);
#2533=LINE('',#6226,#6227);
#2534=LINE('',#6228,#6229);
#2535=LINE('',#6230,#6231);
#2536=LINE('',#6232,#6233);
#2537=LINE('',#6234,#6235);
#2538=LINE('',#6236,#6237);
#2539=LINE('',#6238,#6239);
#2540=LINE('',#6240,#6241);
#2541=LINE('',#6242,#6243);
#2542=LINE('',#6244,#6245);
#2543=LINE('',#6246,#6247);
#2544=LINE('',#6248,#6249);
#2545=LINE('',#6250,#6251);
#2546=LINE('',#6252,#6253);
#2547=LINE('',#6254,#6255);
#2548=LINE('',#6256,#6257);
#2549=LINE('',#6258,#6259);
#2550=LINE('',#6260,#6261);
#2551=LINE('',#6262,#6263);
#2552=LINE('',#6264,#6265);
#2553=LINE('',#6266,#6267);
#2554=LINE('',#6268,#6269);
#2555=ORIENTED_EDGE('',*,*,#6270,.T.);
#2556=ORIENTED_EDGE('',*,*,#6271,.T.);
#2557=ORIENTED_EDGE('',*,*,#6272,.T.);
#2558=ORIENTED_EDGE('',*,*,#6273,.T.);
#2559=ORIENTED_EDGE('',*,*,#6274,.T.);
#2560=ORIENTED_EDGE('',*,*,#6275,.F.);
#2561=ORIENTED_EDGE('',*,*,#6276,.T.);
#2562=ORIENTED_EDGE('',*,*,#6277,.F.);
#2563=ORIENTED_EDGE('',*,*,#6278,.F.);
#2564=ORIENTED_EDGE('',*,*,#6279,.F.);
#2565=ORIENTED_EDGE('',*,*,#6280,.F.);
#2566=ORIENTED_EDGE('',*,*,#6281,.F.);
#2567=ORIENTED_EDGE('',*,*,#6282,.T.);
#2568=ORIENTED_EDGE('',*,*,#6283,.T.);
#2569=CARTESIAN_POINT('',(-9.325,0.0,0.0));
#2570=DIRECTION('',(1.0,0.0,0.0));
#2571=DIRECTION('',(0.0,1.0,0.0));
#2572=ORIENTED_EDGE('',*,*,#6284,.F.);
#2573=ORIENTED_EDGE('',*,*,#6285,.T.);
#2574=ORIENTED_EDGE('',*,*,#6286,.F.);
#2575=ORIENTED_EDGE('',*,*,#6283,.F.);
#2576=CARTESIAN_POINT('',(-9.825,-1.1,3.315));
#2577=DIRECTION('',(-0.0,1.0,0.0));
#2578=DIRECTION('',(1.0,0.0,0.0));
#2579=ORIENTED_EDGE('',*,*,#6286,.T.);
#2580=ORIENTED_EDGE('',*,*,#6287,.T.);
#2581=ORIENTED_EDGE('',*,*,#6288,.F.);
#2582=ORIENTED_EDGE('',*,*,#6270,.F.);
#2583=CARTESIAN_POINT('',(-9.825,-1.1,-0.185));
#2584=DIRECTION('',(0.0,0.0,1.0));
#2585=DIRECTION('',(1.0,0.0,0.0));
#2586=ORIENTED_EDGE('',*,*,#6271,.F.);
#2587=ORIENTED_EDGE('',*,*,#6288,.T.);
#2588=ORIENTED_EDGE('',*,*,#6289,.T.);
#2589=ORIENTED_EDGE('',*,*,#6290,.F.);
#2590=ORIENTED_EDGE('',*,*,#6291,.F.);
#2591=ORIENTED_EDGE('',*,*,#6292,.F.);
#2592=CARTESIAN_POINT('',(-9.825,-0.575,-0.185));
#2593=DIRECTION('',(-0.0,1.0,0.0));
#2594=DIRECTION('',(1.0,0.0,0.0));
#2595=ORIENTED_EDGE('',*,*,#6293,.F.);
#2596=ORIENTED_EDGE('',*,*,#6272,.F.);
#2597=ORIENTED_EDGE('',*,*,#6292,.T.);
#2598=ORIENTED_EDGE('',*,*,#6294,.T.);
#2599=ORIENTED_EDGE('',*,*,#6295,.F.);
#2600=ORIENTED_EDGE('',*,*,#6296,.F.);
#2601=ORIENTED_EDGE('',*,*,#6297,.F.);
#2602=ORIENTED_EDGE('',*,*,#6298,.F.);
#2603=CARTESIAN_POINT('',(-9.825,-0.575,-2.685));
#2604=DIRECTION('',(0.0,0.0,1.0));
#2605=DIRECTION('',(1.0,0.0,0.0));
#2606=ORIENTED_EDGE('',*,*,#6299,.T.);
#2607=ORIENTED_EDGE('',*,*,#6300,.F.);
#2608=ORIENTED_EDGE('',*,*,#6301,.F.);
#2609=ORIENTED_EDGE('',*,*,#6298,.T.);
#2610=CARTESIAN_POINT('',(-8.325,0.575,-2.685));
#2611=DIRECTION('',(-1.0,0.0,0.0));
#2612=DIRECTION('',(0.0,0.0,1.0));
#2613=ORIENTED_EDGE('',*,*,#6302,.F.);
#2614=ORIENTED_EDGE('',*,*,#6273,.F.);
#2615=ORIENTED_EDGE('',*,*,#6293,.T.);
#2616=ORIENTED_EDGE('',*,*,#6301,.T.);
#2617=ORIENTED_EDGE('',*,*,#6303,.F.);
#2618=ORIENTED_EDGE('',*,*,#6304,.F.);
#2619=CARTESIAN_POINT('',(-9.825,0.575,-2.685));
#2620=DIRECTION('',(0.0,-1.0,0.0));
#2621=DIRECTION('',(0.0,0.0,-1.0));
#2622=ORIENTED_EDGE('',*,*,#6287,.F.);
#2623=ORIENTED_EDGE('',*,*,#6285,.F.);
#2624=ORIENTED_EDGE('',*,*,#6305,.T.);
#2625=ORIENTED_EDGE('',*,*,#6306,.F.);
#2626=ORIENTED_EDGE('',*,*,#6307,.T.);
#2627=ORIENTED_EDGE('',*,*,#6308,.T.);
#2628=ORIENTED_EDGE('',*,*,#6309,.T.);
#2629=ORIENTED_EDGE('',*,*,#6310,.F.);
#2630=ORIENTED_EDGE('',*,*,#6311,.F.);
#2631=ORIENTED_EDGE('',*,*,#6304,.T.);
#2632=ORIENTED_EDGE('',*,*,#6312,.F.);
#2633=ORIENTED_EDGE('',*,*,#6289,.F.);
#2634=CARTESIAN_POINT('',(-7.925,2.68,4.955));
#2635=DIRECTION('',(1.0,0.0,0.0));
#2636=DIRECTION('',(0.0,1.0,0.0));
#2637=ORIENTED_EDGE('',*,*,#6313,.T.);
#2638=ORIENTED_EDGE('',*,*,#6314,.T.);
#2639=ORIENTED_EDGE('',*,*,#6315,.T.);
#2640=ORIENTED_EDGE('',*,*,#6316,.T.);
#2641=ORIENTED_EDGE('',*,*,#6317,.T.);
#2642=ORIENTED_EDGE('',*,*,#6318,.T.);
#2643=ORIENTED_EDGE('',*,*,#6319,.T.);
#2644=ORIENTED_EDGE('',*,*,#6320,.T.);
#2645=CARTESIAN_POINT('',(9.825,-0.575,-2.935));
#2646=DIRECTION('',(0.0,0.0,1.0));
#2647=DIRECTION('',(1.0,0.0,0.0));
#2648=ORIENTED_EDGE('',*,*,#6321,.T.);
#2649=ORIENTED_EDGE('',*,*,#6322,.T.);
#2650=ORIENTED_EDGE('',*,*,#6323,.T.);
#2651=ORIENTED_EDGE('',*,*,#6324,.T.);
#2652=ORIENTED_EDGE('',*,*,#6290,.T.);
#2653=ORIENTED_EDGE('',*,*,#6312,.T.);
#2654=ORIENTED_EDGE('',*,*,#6303,.T.);
#2655=ORIENTED_EDGE('',*,*,#6300,.T.);
#2656=CARTESIAN_POINT('',(9.825,-0.575,-2.935));
#2657=DIRECTION('',(0.0,0.0,1.0));
#2658=DIRECTION('',(1.0,0.0,0.0));
#2659=ORIENTED_EDGE('',*,*,#6325,.T.);
#2660=ORIENTED_EDGE('',*,*,#6326,.T.);
#2661=ORIENTED_EDGE('',*,*,#6327,.T.);
#2662=ORIENTED_EDGE('',*,*,#6320,.F.);
#2663=ORIENTED_EDGE('',*,*,#6328,.F.);
#2664=ORIENTED_EDGE('',*,*,#6329,.F.);
#2665=CARTESIAN_POINT('',(9.825,0.575,-2.685));
#2666=DIRECTION('',(-0.0,1.0,0.0));
#2667=DIRECTION('',(1.0,0.0,0.0));
#2668=ORIENTED_EDGE('',*,*,#6330,.F.);
#2669=ORIENTED_EDGE('',*,*,#6331,.T.);
#2670=ORIENTED_EDGE('',*,*,#6329,.T.);
#2671=ORIENTED_EDGE('',*,*,#6332,.T.);
#2672=ORIENTED_EDGE('',*,*,#6333,.F.);
#2673=ORIENTED_EDGE('',*,*,#6334,.F.);
#2674=ORIENTED_EDGE('',*,*,#6335,.F.);
#2675=ORIENTED_EDGE('',*,*,#6336,.F.);
#2676=CARTESIAN_POINT('',(9.825,-0.575,-2.685));
#2677=DIRECTION('',(0.0,0.0,-1.0));
#2678=DIRECTION('',(0.0,-1.0,0.0));
#2679=ORIENTED_EDGE('',*,*,#6337,.T.);
#2680=ORIENTED_EDGE('',*,*,#6315,.F.);
#2681=ORIENTED_EDGE('',*,*,#6338,.F.);
#2682=ORIENTED_EDGE('',*,*,#6336,.T.);
#2683=CARTESIAN_POINT('',(8.325,-0.575,-2.685));
#2684=DIRECTION('',(1.0,0.0,0.0));
#2685=DIRECTION('',(0.0,1.0,0.0));
#2686=ORIENTED_EDGE('',*,*,#6339,.F.);
#2687=ORIENTED_EDGE('',*,*,#6340,.T.);
#2688=ORIENTED_EDGE('',*,*,#6330,.T.);
#2689=ORIENTED_EDGE('',*,*,#6338,.T.);
#2690=ORIENTED_EDGE('',*,*,#6314,.F.);
#2691=ORIENTED_EDGE('',*,*,#6341,.F.);
#2692=CARTESIAN_POINT('',(9.825,-0.575,-0.185));
#2693=DIRECTION('',(0.0,-1.0,0.0));
#2694=DIRECTION('',(0.0,0.0,-1.0));
#2695=ORIENTED_EDGE('',*,*,#6342,.T.);
#2696=ORIENTED_EDGE('',*,*,#6343,.T.);
#2697=ORIENTED_EDGE('',*,*,#6344,.F.);
#2698=ORIENTED_EDGE('',*,*,#6345,.T.);
#2699=ORIENTED_EDGE('',*,*,#6346,.F.);
#2700=ORIENTED_EDGE('',*,*,#6347,.F.);
#2701=ORIENTED_EDGE('',*,*,#6348,.F.);
#2702=ORIENTED_EDGE('',*,*,#6349,.T.);
#2703=ORIENTED_EDGE('',*,*,#6350,.T.);
#2704=ORIENTED_EDGE('',*,*,#6341,.T.);
#2705=ORIENTED_EDGE('',*,*,#6313,.F.);
#2706=ORIENTED_EDGE('',*,*,#6327,.F.);
#2707=CARTESIAN_POINT('',(7.925,2.68,3.315));
#2708=DIRECTION('',(-1.0,0.0,0.0));
#2709=DIRECTION('',(0.0,0.0,1.0));
#2710=ORIENTED_EDGE('',*,*,#6339,.T.);
#2711=ORIENTED_EDGE('',*,*,#6350,.F.);
#2712=ORIENTED_EDGE('',*,*,#6351,.F.);
#2713=ORIENTED_EDGE('',*,*,#6352,.T.);
#2714=CARTESIAN_POINT('',(9.825,-1.1,-0.185));
#2715=DIRECTION('',(0.0,0.0,-1.0));
#2716=DIRECTION('',(0.0,-1.0,0.0));
#2717=ORIENTED_EDGE('',*,*,#6353,.F.);
#2718=ORIENTED_EDGE('',*,*,#6354,.T.);
#2719=ORIENTED_EDGE('',*,*,#6355,.T.);
#2720=ORIENTED_EDGE('',*,*,#6356,.T.);
#2721=ORIENTED_EDGE('',*,*,#6357,.T.);
#2722=ORIENTED_EDGE('',*,*,#6358,.T.);
#2723=ORIENTED_EDGE('',*,*,#6359,.F.);
#2724=ORIENTED_EDGE('',*,*,#6360,.T.);
#2725=ORIENTED_EDGE('',*,*,#6361,.F.);
#2726=ORIENTED_EDGE('',*,*,#6325,.F.);
#2727=ORIENTED_EDGE('',*,*,#6331,.F.);
#2728=ORIENTED_EDGE('',*,*,#6340,.F.);
#2729=ORIENTED_EDGE('',*,*,#6352,.F.);
#2730=ORIENTED_EDGE('',*,*,#6362,.F.);
#2731=CARTESIAN_POINT('',(9.325,0.0,0.0));
#2732=DIRECTION('',(1.0,0.0,0.0));
#2733=DIRECTION('',(0.0,1.0,0.0));
#2734=ORIENTED_EDGE('',*,*,#6351,.T.);
#2735=ORIENTED_EDGE('',*,*,#6349,.F.);
#2736=ORIENTED_EDGE('',*,*,#6363,.F.);
#2737=ORIENTED_EDGE('',*,*,#6362,.T.);
#2738=CARTESIAN_POINT('',(9.825,-1.1,3.315));
#2739=DIRECTION('',(0.0,-1.0,0.0));
#2740=DIRECTION('',(0.0,0.0,-1.0));
#2741=ORIENTED_EDGE('',*,*,#6348,.T.);
#2742=ORIENTED_EDGE('',*,*,#6364,.F.);
#2743=ORIENTED_EDGE('',*,*,#6353,.T.);
#2744=ORIENTED_EDGE('',*,*,#6363,.T.);
#2745=CARTESIAN_POINT('',(9.325,2.68,3.315));
#2746=DIRECTION('',(0.0,0.0,-1.0));
#2747=DIRECTION('',(0.0,-1.0,0.0));
#2748=ORIENTED_EDGE('',*,*,#6359,.T.);
#2749=ORIENTED_EDGE('',*,*,#6365,.T.);
#2750=ORIENTED_EDGE('',*,*,#6344,.T.);
#2751=ORIENTED_EDGE('',*,*,#6366,.F.);
#2752=CARTESIAN_POINT('',(9.325,2.68,3.315));
#2753=DIRECTION('',(0.0,0.0,-1.0));
#2754=DIRECTION('',(0.0,-1.0,0.0));
#2755=ORIENTED_EDGE('',*,*,#6364,.T.);
#2756=ORIENTED_EDGE('',*,*,#6347,.T.);
#2757=ORIENTED_EDGE('',*,*,#6367,.F.);
#2758=CARTESIAN_POINT('',(0.0,-2.41,0.0));
#2759=DIRECTION('',(-0.0,1.0,0.0));
#2760=DIRECTION('',(1.0,0.0,0.0));
#2761=ORIENTED_EDGE('',*,*,#6306,.T.);
#2762=ORIENTED_EDGE('',*,*,#6368,.T.);
#2763=ORIENTED_EDGE('',*,*,#6369,.F.);
#2764=CARTESIAN_POINT('',(0.0,-2.41,0.0));
#2765=DIRECTION('',(-0.0,1.0,0.0));
#2766=DIRECTION('',(1.0,0.0,0.0));
#2767=ORIENTED_EDGE('',*,*,#6358,.F.);
#2768=ORIENTED_EDGE('',*,*,#6370,.T.);
#2769=ORIENTED_EDGE('',*,*,#6371,.T.);
#2770=ORIENTED_EDGE('',*,*,#6372,.F.);
#2771=CARTESIAN_POINT('',(9.325,3.43,3.315));
#2772=DIRECTION('',(-0.760564502201883,0.0,-0.649262379928486));
#2773=DIRECTION('',(-0.649262379928486,0.0,0.760564502201883));
#2774=ORIENTED_EDGE('',*,*,#6373,.T.);
#2775=ORIENTED_EDGE('',*,*,#6374,.F.);
#2776=ORIENTED_EDGE('',*,*,#6375,.F.);
#2777=ORIENTED_EDGE('',*,*,#6354,.F.);
#2778=ORIENTED_EDGE('',*,*,#6367,.T.);
#2779=CARTESIAN_POINT('',(9.325,3.43,3.315));
#2780=DIRECTION('',(-0.760564502201883,0.0,-0.649262379928486));
#2781=DIRECTION('',(-0.649262379928486,0.0,0.760564502201883));
#2782=ORIENTED_EDGE('',*,*,#6345,.F.);
#2783=ORIENTED_EDGE('',*,*,#6365,.F.);
#2784=ORIENTED_EDGE('',*,*,#6372,.T.);
#2785=CARTESIAN_POINT('',(0.0,2.68,0.0));
#2786=DIRECTION('',(-0.0,1.0,0.0));
#2787=DIRECTION('',(1.0,0.0,0.0));
#2788=ORIENTED_EDGE('',*,*,#6376,.F.);
#2789=ORIENTED_EDGE('',*,*,#6308,.F.);
#2790=ORIENTED_EDGE('',*,*,#6377,.T.);
#2791=CARTESIAN_POINT('',(0.0,2.68,0.0));
#2792=DIRECTION('',(-0.0,1.0,0.0));
#2793=DIRECTION('',(1.0,0.0,0.0));
#2794=ORIENTED_EDGE('',*,*,#6378,.F.);
#2795=ORIENTED_EDGE('',*,*,#6379,.T.);
#2796=ORIENTED_EDGE('',*,*,#6277,.T.);
#2797=ORIENTED_EDGE('',*,*,#6377,.F.);
#2798=CARTESIAN_POINT('',(-7.925,3.43,4.955));
#2799=DIRECTION('',(0.760564502201883,0.0,-0.649262379928486));
#2800=DIRECTION('',(0.0,-1.0,0.0));
#2801=ORIENTED_EDGE('',*,*,#6281,.T.);
#2802=ORIENTED_EDGE('',*,*,#6380,.T.);
#2803=ORIENTED_EDGE('',*,*,#6381,.F.);
#2804=ORIENTED_EDGE('',*,*,#6382,.F.);
#2805=ORIENTED_EDGE('',*,*,#6369,.T.);
#2806=CARTESIAN_POINT('',(-7.925,3.43,4.955));
#2807=DIRECTION('',(0.760564502201883,0.0,-0.649262379928486));
#2808=DIRECTION('',(0.0,-1.0,0.0));
#2809=ORIENTED_EDGE('',*,*,#6383,.T.);
#2810=ORIENTED_EDGE('',*,*,#6384,.F.);
#2811=ORIENTED_EDGE('',*,*,#6385,.F.);
#2812=ORIENTED_EDGE('',*,*,#6278,.T.);
#2813=ORIENTED_EDGE('',*,*,#6379,.F.);
#2814=ORIENTED_EDGE('',*,*,#6386,.T.);
#2815=ORIENTED_EDGE('',*,*,#6370,.F.);
#2816=ORIENTED_EDGE('',*,*,#6357,.F.);
#2817=ORIENTED_EDGE('',*,*,#6387,.T.);
#2818=ORIENTED_EDGE('',*,*,#6388,.F.);
#2819=ORIENTED_EDGE('',*,*,#6389,.T.);
#2820=ORIENTED_EDGE('',*,*,#6390,.T.);
#2821=ORIENTED_EDGE('',*,*,#6391,.F.);
#2822=ORIENTED_EDGE('',*,*,#6392,.F.);
#2823=ORIENTED_EDGE('',*,*,#6393,.T.);
#2824=ORIENTED_EDGE('',*,*,#6394,.F.);
#2825=ORIENTED_EDGE('',*,*,#6395,.F.);
#2826=ORIENTED_EDGE('',*,*,#6396,.T.);
#2827=CARTESIAN_POINT('',(-9.325,3.43,-4.955));
#2828=DIRECTION('',(-0.0,1.0,0.0));
#2829=DIRECTION('',(1.0,0.0,0.0));
#2830=ORIENTED_EDGE('',*,*,#6397,.F.);
#2831=ORIENTED_EDGE('',*,*,#6398,.F.);
#2832=ORIENTED_EDGE('',*,*,#6399,.F.);
#2833=ORIENTED_EDGE('',*,*,#6400,.F.);
#2834=ORIENTED_EDGE('',*,*,#6396,.F.);
#2835=CARTESIAN_POINT('',(-0.7,0.0,0.0));
#2836=DIRECTION('',(1.0,0.0,0.0));
#2837=DIRECTION('',(0.0,1.0,0.0));
#2838=ORIENTED_EDGE('',*,*,#6400,.T.);
#2839=ORIENTED_EDGE('',*,*,#6401,.T.);
#2840=ORIENTED_EDGE('',*,*,#6402,.F.);
#2841=ORIENTED_EDGE('',*,*,#6393,.F.);
#2842=CARTESIAN_POINT('',(-0.7,4.18,1.255));
#2843=DIRECTION('',(-1.0,0.0,-0.0));
#2844=DIRECTION('',(0.0,0.0,-1.0));
#2845=ORIENTED_EDGE('',*,*,#6402,.T.);
#2846=ORIENTED_EDGE('',*,*,#6403,.T.);
#2847=ORIENTED_EDGE('',*,*,#6404,.T.);
#2848=ORIENTED_EDGE('',*,*,#6405,.T.);
#2849=ORIENTED_EDGE('',*,*,#6394,.T.);
#2850=CARTESIAN_POINT('',(0.7,0.0,0.0));
#2851=DIRECTION('',(1.0,0.0,0.0));
#2852=DIRECTION('',(0.0,1.0,0.0));
#2853=ORIENTED_EDGE('',*,*,#6405,.F.);
#2854=ORIENTED_EDGE('',*,*,#6406,.F.);
#2855=ORIENTED_EDGE('',*,*,#6397,.T.);
#2856=ORIENTED_EDGE('',*,*,#6395,.T.);
#2857=CARTESIAN_POINT('',(-0.7,4.83,2.755));
#2858=DIRECTION('',(0.0,0.764433319597122,0.644702799660219));
#2859=DIRECTION('',(1.0,0.0,-0.0));
#2860=ORIENTED_EDGE('',*,*,#6406,.T.);
#2861=ORIENTED_EDGE('',*,*,#6404,.F.);
#2862=ORIENTED_EDGE('',*,*,#6407,.F.);
#2863=ORIENTED_EDGE('',*,*,#6398,.T.);
#2864=CARTESIAN_POINT('',(-0.7,4.83,2.005));
#2865=DIRECTION('',(-0.0,1.0,0.0));
#2866=DIRECTION('',(1.0,0.0,0.0));
#2867=ORIENTED_EDGE('',*,*,#6407,.T.);
#2868=ORIENTED_EDGE('',*,*,#6403,.F.);
#2869=ORIENTED_EDGE('',*,*,#6401,.F.);
#2870=ORIENTED_EDGE('',*,*,#6399,.T.);
#2871=CARTESIAN_POINT('',(-0.7,4.18,2.005));
#2872=DIRECTION('',(0.0,0.0,-1.0));
#2873=DIRECTION('',(0.0,-1.0,0.0));
#2874=ORIENTED_EDGE('',*,*,#6408,.T.);
#2875=ORIENTED_EDGE('',*,*,#6409,.F.);
#2876=ORIENTED_EDGE('',*,*,#6410,.T.);
#2877=ORIENTED_EDGE('',*,*,#6392,.T.);
#2878=CARTESIAN_POINT('',(-7.925,3.43,-4.955));
#2879=DIRECTION('',(-1.0,0.0,0.0));
#2880=DIRECTION('',(0.0,0.0,1.0));
#2881=ORIENTED_EDGE('',*,*,#6411,.T.);
#2882=ORIENTED_EDGE('',*,*,#6412,.F.);
#2883=ORIENTED_EDGE('',*,*,#6383,.F.);
#2884=ORIENTED_EDGE('',*,*,#6410,.F.);
#2885=ORIENTED_EDGE('',*,*,#6413,.T.);
#2886=ORIENTED_EDGE('',*,*,#6414,.T.);
#2887=CARTESIAN_POINT('',(-9.325,1.6,-4.955));
#2888=DIRECTION('',(0.0,0.0,-1.0));
#2889=DIRECTION('',(0.0,-1.0,0.0));
#2890=ORIENTED_EDGE('',*,*,#6415,.T.);
#2891=ORIENTED_EDGE('',*,*,#6416,.F.);
#2892=ORIENTED_EDGE('',*,*,#6417,.T.);
#2893=ORIENTED_EDGE('',*,*,#6418,.T.);
#2894=CARTESIAN_POINT('',(-9.325,1.6,-4.955));
#2895=DIRECTION('',(0.0,0.0,-1.0));
#2896=DIRECTION('',(0.0,-1.0,0.0));
#2897=ORIENTED_EDGE('',*,*,#6419,.T.);
#2898=ORIENTED_EDGE('',*,*,#6420,.F.);
#2899=ORIENTED_EDGE('',*,*,#6421,.T.);
#2900=ORIENTED_EDGE('',*,*,#6422,.T.);
#2901=CARTESIAN_POINT('',(-9.325,1.6,-4.955));
#2902=DIRECTION('',(0.0,0.0,-1.0));
#2903=DIRECTION('',(0.0,-1.0,0.0));
#2904=ORIENTED_EDGE('',*,*,#6423,.T.);
#2905=ORIENTED_EDGE('',*,*,#6424,.F.);
#2906=ORIENTED_EDGE('',*,*,#6425,.T.);
#2907=ORIENTED_EDGE('',*,*,#6426,.T.);
#2908=CARTESIAN_POINT('',(-9.325,1.6,-4.955));
#2909=DIRECTION('',(0.0,0.0,-1.0));
#2910=DIRECTION('',(0.0,-1.0,0.0));
#2911=ORIENTED_EDGE('',*,*,#6427,.T.);
#2912=ORIENTED_EDGE('',*,*,#6428,.T.);
#2913=ORIENTED_EDGE('',*,*,#6389,.F.);
#2914=ORIENTED_EDGE('',*,*,#6429,.F.);
#2915=ORIENTED_EDGE('',*,*,#6430,.T.);
#2916=ORIENTED_EDGE('',*,*,#6431,.F.);
#2917=CARTESIAN_POINT('',(-9.325,1.6,-4.955));
#2918=DIRECTION('',(0.0,0.0,-1.0));
#2919=DIRECTION('',(0.0,-1.0,0.0));
#2920=ORIENTED_EDGE('',*,*,#6432,.T.);
#2921=ORIENTED_EDGE('',*,*,#6433,.F.);
#2922=ORIENTED_EDGE('',*,*,#6434,.T.);
#2923=ORIENTED_EDGE('',*,*,#6435,.T.);
#2924=CARTESIAN_POINT('',(-9.325,1.6,-4.955));
#2925=DIRECTION('',(0.0,0.0,-1.0));
#2926=DIRECTION('',(0.0,-1.0,0.0));
#2927=ORIENTED_EDGE('',*,*,#6436,.T.);
#2928=ORIENTED_EDGE('',*,*,#6437,.T.);
#2929=ORIENTED_EDGE('',*,*,#6438,.F.);
#2930=ORIENTED_EDGE('',*,*,#6439,.T.);
#2931=CARTESIAN_POINT('',(-6.32,3.43,-4.955));
#2932=DIRECTION('',(-1.0,0.0,0.0));
#2933=DIRECTION('',(0.0,0.0,1.0));
#2934=ORIENTED_EDGE('',*,*,#6440,.F.);
#2935=ORIENTED_EDGE('',*,*,#6441,.F.);
#2936=ORIENTED_EDGE('',*,*,#6442,.T.);
#2937=ORIENTED_EDGE('',*,*,#6443,.F.);
#2938=CARTESIAN_POINT('',(-6.32,3.43,-4.955));
#2939=DIRECTION('',(-1.0,0.0,0.0));
#2940=DIRECTION('',(0.0,0.0,1.0));
#2941=ORIENTED_EDGE('',*,*,#6444,.T.);
#2942=ORIENTED_EDGE('',*,*,#6445,.T.);
#2943=ORIENTED_EDGE('',*,*,#6446,.F.);
#2944=ORIENTED_EDGE('',*,*,#6447,.F.);
#2945=CARTESIAN_POINT('',(-6.32,3.43,-4.955));
#2946=DIRECTION('',(-1.0,0.0,0.0));
#2947=DIRECTION('',(0.0,0.0,1.0));
#2948=ORIENTED_EDGE('',*,*,#6448,.F.);
#2949=ORIENTED_EDGE('',*,*,#6414,.F.);
#2950=ORIENTED_EDGE('',*,*,#6449,.F.);
#2951=ORIENTED_EDGE('',*,*,#6450,.T.);
#2952=CARTESIAN_POINT('',(-6.32,3.43,-4.955));
#2953=DIRECTION('',(-1.0,0.0,0.0));
#2954=DIRECTION('',(0.0,0.0,1.0));
#2955=ORIENTED_EDGE('',*,*,#6451,.F.);
#2956=ORIENTED_EDGE('',*,*,#6439,.F.);
#2957=ORIENTED_EDGE('',*,*,#6452,.T.);
#2958=ORIENTED_EDGE('',*,*,#6453,.F.);
#2959=ORIENTED_EDGE('',*,*,#6454,.F.);
#2960=ORIENTED_EDGE('',*,*,#6455,.F.);
#2961=CARTESIAN_POINT('',(-5.68,-0.32,-3.755));
#2962=DIRECTION('',(0.0,-1.0,0.0));
#2963=DIRECTION('',(0.0,0.0,-1.0));
#2964=ORIENTED_EDGE('',*,*,#6456,.T.);
#2965=ORIENTED_EDGE('',*,*,#6457,.F.);
#2966=ORIENTED_EDGE('',*,*,#6458,.F.);
#2967=ORIENTED_EDGE('',*,*,#6455,.T.);
#2968=CARTESIAN_POINT('',(-5.68,3.43,-3.955));
#2969=DIRECTION('',(1.0,0.0,0.0));
#2970=DIRECTION('',(0.0,1.0,0.0));
#2971=ORIENTED_EDGE('',*,*,#6459,.F.);
#2972=ORIENTED_EDGE('',*,*,#6460,.T.);
#2973=ORIENTED_EDGE('',*,*,#6461,.T.);
#2974=ORIENTED_EDGE('',*,*,#6462,.F.);
#2975=CARTESIAN_POINT('',(-5.68,3.43,-3.955));
#2976=DIRECTION('',(1.0,0.0,0.0));
#2977=DIRECTION('',(0.0,1.0,0.0));
#2978=ORIENTED_EDGE('',*,*,#6463,.T.);
#2979=ORIENTED_EDGE('',*,*,#6464,.F.);
#2980=ORIENTED_EDGE('',*,*,#6465,.F.);
#2981=ORIENTED_EDGE('',*,*,#6466,.T.);
#2982=CARTESIAN_POINT('',(-5.68,3.43,-3.955));
#2983=DIRECTION('',(1.0,0.0,0.0));
#2984=DIRECTION('',(0.0,1.0,0.0));
#2985=ORIENTED_EDGE('',*,*,#6467,.T.);
#2986=ORIENTED_EDGE('',*,*,#6416,.T.);
#2987=ORIENTED_EDGE('',*,*,#6468,.T.);
#2988=ORIENTED_EDGE('',*,*,#6469,.F.);
#2989=CARTESIAN_POINT('',(-5.68,3.43,-3.955));
#2990=DIRECTION('',(1.0,0.0,0.0));
#2991=DIRECTION('',(0.0,1.0,0.0));
#2992=ORIENTED_EDGE('',*,*,#6458,.T.);
#2993=ORIENTED_EDGE('',*,*,#6470,.F.);
#2994=ORIENTED_EDGE('',*,*,#6436,.F.);
#2995=ORIENTED_EDGE('',*,*,#6451,.T.);
#2996=CARTESIAN_POINT('',(-6.32,3.43,-3.955));
#2997=DIRECTION('',(0.0,0.0,1.0));
#2998=DIRECTION('',(1.0,0.0,0.0));
#2999=ORIENTED_EDGE('',*,*,#6442,.F.);
#3000=ORIENTED_EDGE('',*,*,#6471,.T.);
#3001=ORIENTED_EDGE('',*,*,#6459,.T.);
#3002=ORIENTED_EDGE('',*,*,#6472,.F.);
#3003=CARTESIAN_POINT('',(-6.32,3.43,-3.955));
#3004=DIRECTION('',(0.0,0.0,1.0));
#3005=DIRECTION('',(1.0,0.0,0.0));
#3006=ORIENTED_EDGE('',*,*,#6473,.F.);
#3007=ORIENTED_EDGE('',*,*,#6474,.T.);
#3008=ORIENTED_EDGE('',*,*,#6475,.T.);
#3009=ORIENTED_EDGE('',*,*,#6437,.F.);
#3010=ORIENTED_EDGE('',*,*,#6470,.T.);
#3011=ORIENTED_EDGE('',*,*,#6457,.T.);
#3012=CARTESIAN_POINT('',(-5.68,-1.18,-4.713823812587));
#3013=DIRECTION('',(-0.0,1.0,0.0));
#3014=DIRECTION('',(1.0,0.0,0.0));
#3015=ORIENTED_EDGE('',*,*,#6476,.T.);
#3016=ORIENTED_EDGE('',*,*,#6477,.F.);
#3017=ORIENTED_EDGE('',*,*,#6478,.F.);
#3018=ORIENTED_EDGE('',*,*,#6479,.F.);
#3019=CARTESIAN_POINT('',(-5.68,-1.18,-4.713823812587));
#3020=DIRECTION('',(-0.0,1.0,0.0));
#3021=DIRECTION('',(1.0,0.0,0.0));
#3022=ORIENTED_EDGE('',*,*,#6480,.F.);
#3023=ORIENTED_EDGE('',*,*,#6481,.F.);
#3024=ORIENTED_EDGE('',*,*,#6482,.F.);
#3025=ORIENTED_EDGE('',*,*,#6483,.F.);
#3026=ORIENTED_EDGE('',*,*,#6484,.F.);
#3027=ORIENTED_EDGE('',*,*,#6485,.F.);
#3028=CARTESIAN_POINT('',(-6.32,0.0,0.0));
#3029=DIRECTION('',(1.0,0.0,0.0));
#3030=DIRECTION('',(0.0,1.0,0.0));
#3031=ORIENTED_EDGE('',*,*,#6486,.T.);
#3032=ORIENTED_EDGE('',*,*,#6475,.F.);
#3033=ORIENTED_EDGE('',*,*,#6487,.F.);
#3034=ORIENTED_EDGE('',*,*,#6488,.T.);
#3035=CARTESIAN_POINT('',(-6.32,0.0,0.0));
#3036=DIRECTION('',(1.0,0.0,0.0));
#3037=DIRECTION('',(0.0,1.0,0.0));
#3038=ORIENTED_EDGE('',*,*,#6489,.F.);
#3039=ORIENTED_EDGE('',*,*,#6490,.F.);
#3040=ORIENTED_EDGE('',*,*,#6452,.F.);
#3041=ORIENTED_EDGE('',*,*,#6491,.T.);
#3042=CARTESIAN_POINT('',(-6.32,0.0,0.0));
#3043=DIRECTION('',(1.0,0.0,0.0));
#3044=DIRECTION('',(0.0,1.0,0.0));
#3045=ORIENTED_EDGE('',*,*,#6492,.T.);
#3046=ORIENTED_EDGE('',*,*,#6493,.F.);
#3047=ORIENTED_EDGE('',*,*,#6494,.F.);
#3048=ORIENTED_EDGE('',*,*,#6495,.T.);
#3049=CARTESIAN_POINT('',(-6.32,0.0,0.0));
#3050=DIRECTION('',(1.0,0.0,0.0));
#3051=DIRECTION('',(0.0,1.0,0.0));
#3052=ORIENTED_EDGE('',*,*,#6496,.F.);
#3053=ORIENTED_EDGE('',*,*,#6497,.F.);
#3054=ORIENTED_EDGE('',*,*,#6498,.F.);
#3055=ORIENTED_EDGE('',*,*,#6499,.F.);
#3056=ORIENTED_EDGE('',*,*,#6500,.F.);
#3057=ORIENTED_EDGE('',*,*,#6501,.F.);
#3058=CARTESIAN_POINT('',(-6.32,0.0,0.0));
#3059=DIRECTION('',(1.0,0.0,0.0));
#3060=DIRECTION('',(0.0,1.0,0.0));
#3061=ORIENTED_EDGE('',*,*,#6502,.F.);
#3062=ORIENTED_EDGE('',*,*,#6503,.F.);
#3063=ORIENTED_EDGE('',*,*,#6476,.F.);
#3064=ORIENTED_EDGE('',*,*,#6504,.F.);
#3065=CARTESIAN_POINT('',(-6.32,0.0,0.0));
#3066=DIRECTION('',(1.0,0.0,0.0));
#3067=DIRECTION('',(0.0,1.0,0.0));
#3068=ORIENTED_EDGE('',*,*,#6505,.F.);
#3069=ORIENTED_EDGE('',*,*,#6506,.F.);
#3070=ORIENTED_EDGE('',*,*,#6507,.F.);
#3071=ORIENTED_EDGE('',*,*,#6508,.F.);
#3072=CARTESIAN_POINT('',(-6.32,0.0,0.0));
#3073=DIRECTION('',(1.0,0.0,0.0));
#3074=DIRECTION('',(0.0,1.0,0.0));
#3075=ORIENTED_EDGE('',*,*,#6465,.T.);
#3076=ORIENTED_EDGE('',*,*,#6509,.F.);
#3077=ORIENTED_EDGE('',*,*,#6510,.F.);
#3078=ORIENTED_EDGE('',*,*,#6511,.T.);
#3079=ORIENTED_EDGE('',*,*,#6512,.F.);
#3080=ORIENTED_EDGE('',*,*,#6513,.F.);
#3081=ORIENTED_EDGE('',*,*,#6514,.T.);
#3082=ORIENTED_EDGE('',*,*,#6515,.F.);
#3083=ORIENTED_EDGE('',*,*,#6516,.F.);
#3084=ORIENTED_EDGE('',*,*,#6517,.T.);
#3085=ORIENTED_EDGE('',*,*,#6518,.F.);
#3086=ORIENTED_EDGE('',*,*,#6519,.F.);
#3087=ORIENTED_EDGE('',*,*,#6520,.T.);
#3088=ORIENTED_EDGE('',*,*,#6521,.F.);
#3089=ORIENTED_EDGE('',*,*,#6522,.F.);
#3090=ORIENTED_EDGE('',*,*,#6523,.T.);
#3091=ORIENTED_EDGE('',*,*,#6524,.F.);
#3092=ORIENTED_EDGE('',*,*,#6525,.F.);
#3093=ORIENTED_EDGE('',*,*,#6526,.T.);
#3094=ORIENTED_EDGE('',*,*,#6527,.F.);
#3095=ORIENTED_EDGE('',*,*,#6528,.F.);
#3096=ORIENTED_EDGE('',*,*,#6529,.T.);
#3097=ORIENTED_EDGE('',*,*,#6530,.F.);
#3098=ORIENTED_EDGE('',*,*,#6531,.F.);
#3099=ORIENTED_EDGE('',*,*,#6532,.T.);
#3100=ORIENTED_EDGE('',*,*,#6533,.F.);
#3101=ORIENTED_EDGE('',*,*,#6534,.F.);
#3102=ORIENTED_EDGE('',*,*,#6535,.F.);
#3103=ORIENTED_EDGE('',*,*,#6374,.T.);
#3104=ORIENTED_EDGE('',*,*,#6536,.F.);
#3105=ORIENTED_EDGE('',*,*,#6381,.T.);
#3106=ORIENTED_EDGE('',*,*,#6537,.T.);
#3107=ORIENTED_EDGE('',*,*,#6538,.T.);
#3108=ORIENTED_EDGE('',*,*,#6539,.F.);
#3109=ORIENTED_EDGE('',*,*,#6444,.F.);
#3110=ORIENTED_EDGE('',*,*,#6485,.T.);
#3111=ORIENTED_EDGE('',*,*,#6540,.F.);
#3112=ORIENTED_EDGE('',*,*,#6541,.F.);
#3113=ORIENTED_EDGE('',*,*,#6542,.F.);
#3114=ORIENTED_EDGE('',*,*,#6543,.F.);
#3115=ORIENTED_EDGE('',*,*,#6544,.T.);
#3116=ORIENTED_EDGE('',*,*,#6545,.T.);
#3117=ORIENTED_EDGE('',*,*,#6546,.F.);
#3118=ORIENTED_EDGE('',*,*,#6547,.F.);
#3119=ORIENTED_EDGE('',*,*,#6548,.T.);
#3120=ORIENTED_EDGE('',*,*,#6549,.T.);
#3121=CARTESIAN_POINT('',(-9.325,-3.43,4.955));
#3122=DIRECTION('',(0.0,-1.0,0.0));
#3123=DIRECTION('',(0.0,0.0,-1.0));
#3124=ORIENTED_EDGE('',*,*,#6550,.T.);
#3125=ORIENTED_EDGE('',*,*,#6551,.T.);
#3126=ORIENTED_EDGE('',*,*,#6552,.T.);
#3127=ORIENTED_EDGE('',*,*,#6549,.F.);
#3128=CARTESIAN_POINT('',(9.325,2.68,3.315));
#3129=DIRECTION('',(0.0,0.0,1.0));
#3130=DIRECTION('',(1.0,0.0,0.0));
#3131=ORIENTED_EDGE('',*,*,#6553,.T.);
#3132=ORIENTED_EDGE('',*,*,#6554,.T.);
#3133=ORIENTED_EDGE('',*,*,#6555,.T.);
#3134=ORIENTED_EDGE('',*,*,#6545,.F.);
#3135=CARTESIAN_POINT('',(9.325,2.68,3.315));
#3136=DIRECTION('',(0.0,0.0,1.0));
#3137=DIRECTION('',(1.0,0.0,0.0));
#3138=ORIENTED_EDGE('',*,*,#6552,.F.);
#3139=ORIENTED_EDGE('',*,*,#6556,.T.);
#3140=ORIENTED_EDGE('',*,*,#6557,.T.);
#3141=ORIENTED_EDGE('',*,*,#6546,.T.);
#3142=CARTESIAN_POINT('',(-4.35,-3.94,3.315));
#3143=DIRECTION('',(1.0,0.0,0.0));
#3144=DIRECTION('',(0.0,1.0,0.0));
#3145=ORIENTED_EDGE('',*,*,#6557,.F.);
#3146=ORIENTED_EDGE('',*,*,#6558,.F.);
#3147=ORIENTED_EDGE('',*,*,#6559,.F.);
#3148=ORIENTED_EDGE('',*,*,#6547,.T.);
#3149=CARTESIAN_POINT('',(-9.325,-3.43,-3.355));
#3150=DIRECTION('',(0.0,0.0,1.0));
#3151=DIRECTION('',(1.0,0.0,0.0));
#3152=ORIENTED_EDGE('',*,*,#6560,.F.);
#3153=ORIENTED_EDGE('',*,*,#6561,.F.);
#3154=ORIENTED_EDGE('',*,*,#6562,.F.);
#3155=ORIENTED_EDGE('',*,*,#6543,.T.);
#3156=CARTESIAN_POINT('',(-9.325,-3.43,-3.355));
#3157=DIRECTION('',(0.0,0.0,1.0));
#3158=DIRECTION('',(1.0,0.0,0.0));
#3159=ORIENTED_EDGE('',*,*,#6559,.T.);
#3160=ORIENTED_EDGE('',*,*,#6563,.F.);
#3161=ORIENTED_EDGE('',*,*,#6550,.F.);
#3162=ORIENTED_EDGE('',*,*,#6548,.F.);
#3163=CARTESIAN_POINT('',(-5.35,-3.43,3.315));
#3164=DIRECTION('',(-1.0,0.0,0.0));
#3165=DIRECTION('',(0.0,0.0,1.0));
#3166=ORIENTED_EDGE('',*,*,#6563,.T.);
#3167=ORIENTED_EDGE('',*,*,#6558,.T.);
#3168=ORIENTED_EDGE('',*,*,#6556,.F.);
#3169=ORIENTED_EDGE('',*,*,#6551,.F.);
#3170=CARTESIAN_POINT('',(-5.35,-3.94,3.315));
#3171=DIRECTION('',(0.0,-1.0,0.0));
#3172=DIRECTION('',(0.0,0.0,-1.0));
#3173=ORIENTED_EDGE('',*,*,#6562,.T.);
#3174=ORIENTED_EDGE('',*,*,#6564,.F.);
#3175=ORIENTED_EDGE('',*,*,#6553,.F.);
#3176=ORIENTED_EDGE('',*,*,#6544,.F.);
#3177=CARTESIAN_POINT('',(4.35,-3.43,3.315));
#3178=DIRECTION('',(-1.0,0.0,0.0));
#3179=DIRECTION('',(0.0,0.0,1.0));
#3180=ORIENTED_EDGE('',*,*,#6564,.T.);
#3181=ORIENTED_EDGE('',*,*,#6561,.T.);
#3182=ORIENTED_EDGE('',*,*,#6565,.F.);
#3183=ORIENTED_EDGE('',*,*,#6554,.F.);
#3184=CARTESIAN_POINT('',(4.35,-3.94,3.315));
#3185=DIRECTION('',(0.0,-1.0,0.0));
#3186=DIRECTION('',(0.0,0.0,-1.0));
#3187=ORIENTED_EDGE('',*,*,#6555,.F.);
#3188=ORIENTED_EDGE('',*,*,#6565,.T.);
#3189=ORIENTED_EDGE('',*,*,#6560,.T.);
#3190=ORIENTED_EDGE('',*,*,#6542,.T.);
#3191=CARTESIAN_POINT('',(5.35,-3.94,3.315));
#3192=DIRECTION('',(1.0,0.0,0.0));
#3193=DIRECTION('',(0.0,1.0,0.0));
#3194=ORIENTED_EDGE('',*,*,#6566,.T.);
#3195=ORIENTED_EDGE('',*,*,#6567,.T.);
#3196=ORIENTED_EDGE('',*,*,#6568,.T.);
#3197=ORIENTED_EDGE('',*,*,#6569,.T.);
#3198=ORIENTED_EDGE('',*,*,#6570,.T.);
#3199=ORIENTED_EDGE('',*,*,#6541,.T.);
#3200=CARTESIAN_POINT('',(-5.68,0.0,0.0));
#3201=DIRECTION('',(1.0,0.0,0.0));
#3202=DIRECTION('',(0.0,1.0,0.0));
#3203=ORIENTED_EDGE('',*,*,#6571,.T.);
#3204=ORIENTED_EDGE('',*,*,#6473,.T.);
#3205=ORIENTED_EDGE('',*,*,#6572,.F.);
#3206=ORIENTED_EDGE('',*,*,#6573,.F.);
#3207=CARTESIAN_POINT('',(-5.68,0.0,0.0));
#3208=DIRECTION('',(1.0,0.0,0.0));
#3209=DIRECTION('',(0.0,1.0,0.0));
#3210=ORIENTED_EDGE('',*,*,#6454,.T.);
#3211=ORIENTED_EDGE('',*,*,#6574,.T.);
#3212=ORIENTED_EDGE('',*,*,#6575,.T.);
#3213=ORIENTED_EDGE('',*,*,#6576,.F.);
#3214=CARTESIAN_POINT('',(-5.68,0.0,0.0));
#3215=DIRECTION('',(1.0,0.0,0.0));
#3216=DIRECTION('',(0.0,1.0,0.0));
#3217=ORIENTED_EDGE('',*,*,#6577,.T.);
#3218=ORIENTED_EDGE('',*,*,#6578,.T.);
#3219=ORIENTED_EDGE('',*,*,#6579,.F.);
#3220=ORIENTED_EDGE('',*,*,#6580,.F.);
#3221=CARTESIAN_POINT('',(-5.68,0.0,0.0));
#3222=DIRECTION('',(1.0,0.0,0.0));
#3223=DIRECTION('',(0.0,1.0,0.0));
#3224=ORIENTED_EDGE('',*,*,#6581,.T.);
#3225=ORIENTED_EDGE('',*,*,#6582,.T.);
#3226=ORIENTED_EDGE('',*,*,#6583,.T.);
#3227=ORIENTED_EDGE('',*,*,#6584,.T.);
#3228=ORIENTED_EDGE('',*,*,#6585,.T.);
#3229=ORIENTED_EDGE('',*,*,#6586,.T.);
#3230=CARTESIAN_POINT('',(-5.68,0.0,0.0));
#3231=DIRECTION('',(1.0,0.0,0.0));
#3232=DIRECTION('',(0.0,1.0,0.0));
#3233=ORIENTED_EDGE('',*,*,#6478,.T.);
#3234=ORIENTED_EDGE('',*,*,#6587,.T.);
#3235=ORIENTED_EDGE('',*,*,#6588,.T.);
#3236=ORIENTED_EDGE('',*,*,#6589,.T.);
#3237=CARTESIAN_POINT('',(-5.68,0.0,0.0));
#3238=DIRECTION('',(1.0,0.0,0.0));
#3239=DIRECTION('',(0.0,1.0,0.0));
#3240=ORIENTED_EDGE('',*,*,#6590,.T.);
#3241=ORIENTED_EDGE('',*,*,#6591,.T.);
#3242=ORIENTED_EDGE('',*,*,#6592,.T.);
#3243=ORIENTED_EDGE('',*,*,#6593,.T.);
#3244=CARTESIAN_POINT('',(-5.68,0.0,0.0));
#3245=DIRECTION('',(1.0,0.0,0.0));
#3246=DIRECTION('',(0.0,1.0,0.0));
#3247=ORIENTED_EDGE('',*,*,#6594,.T.);
#3248=ORIENTED_EDGE('',*,*,#6480,.T.);
#3249=ORIENTED_EDGE('',*,*,#6595,.F.);
#3250=ORIENTED_EDGE('',*,*,#6570,.F.);
#3251=CARTESIAN_POINT('',(-5.68,-4.23,-5.005));
#3252=DIRECTION('',(0.0,0.342020143325699,-0.939692620785897));
#3253=DIRECTION('',(-1.0,0.0,0.0));
#3254=ORIENTED_EDGE('',*,*,#6595,.T.);
#3255=ORIENTED_EDGE('',*,*,#6447,.T.);
#3256=ORIENTED_EDGE('',*,*,#6487,.T.);
#3257=ORIENTED_EDGE('',*,*,#6474,.F.);
#3258=ORIENTED_EDGE('',*,*,#6571,.F.);
#3259=ORIENTED_EDGE('',*,*,#6466,.F.);
#3260=CARTESIAN_POINT('',(-5.68,-3.43,-4.713823812587));
#3261=DIRECTION('',(0.0,0.0,-1.0));
#3262=DIRECTION('',(0.0,-1.0,0.0));
#3263=ORIENTED_EDGE('',*,*,#6596,.T.);
#3264=ORIENTED_EDGE('',*,*,#6481,.T.);
#3265=ORIENTED_EDGE('',*,*,#6594,.F.);
#3266=ORIENTED_EDGE('',*,*,#6569,.F.);
#3267=CARTESIAN_POINT('',(-5.68,-5.29,-5.005));
#3268=DIRECTION('',(0.0,0.0,-1.0));
#3269=DIRECTION('',(0.0,-1.0,0.0));
#3270=ORIENTED_EDGE('',*,*,#6597,.T.);
#3271=ORIENTED_EDGE('',*,*,#6482,.T.);
#3272=ORIENTED_EDGE('',*,*,#6596,.F.);
#3273=ORIENTED_EDGE('',*,*,#6568,.F.);
#3274=CARTESIAN_POINT('',(-5.68,-5.29,-4.685));
#3275=DIRECTION('',(-1.0,0.0,-0.0));
#3276=DIRECTION('',(0.0,0.0,-1.0));
#3277=ORIENTED_EDGE('',*,*,#6598,.T.);
#3278=ORIENTED_EDGE('',*,*,#6483,.T.);
#3279=ORIENTED_EDGE('',*,*,#6597,.F.);
#3280=ORIENTED_EDGE('',*,*,#6567,.F.);
#3281=CARTESIAN_POINT('',(-5.68,-4.23,-4.365));
#3282=DIRECTION('',(0.0,0.0,1.0));
#3283=DIRECTION('',(1.0,0.0,0.0));
#3284=ORIENTED_EDGE('',*,*,#6540,.T.);
#3285=ORIENTED_EDGE('',*,*,#6484,.T.);
#3286=ORIENTED_EDGE('',*,*,#6598,.F.);
#3287=ORIENTED_EDGE('',*,*,#6566,.F.);
#3288=CARTESIAN_POINT('',(-5.68,-3.43,-4.073823812587));
#3289=DIRECTION('',(0.0,-0.342020143325699,0.939692620785897));
#3290=DIRECTION('',(-1.0,0.0,0.0));
#3291=ORIENTED_EDGE('',*,*,#6599,.F.);
#3292=ORIENTED_EDGE('',*,*,#6600,.F.);
#3293=ORIENTED_EDGE('',*,*,#6601,.F.);
#3294=ORIENTED_EDGE('',*,*,#6602,.F.);
#3295=ORIENTED_EDGE('',*,*,#6603,.F.);
#3296=CARTESIAN_POINT('',(-9.325,-2.78,-4.955));
#3297=DIRECTION('',(-0.0,1.0,0.0));
#3298=DIRECTION('',(1.0,0.0,0.0));
#3299=ORIENTED_EDGE('',*,*,#6604,.T.);
#3300=ORIENTED_EDGE('',*,*,#6605,.F.);
#3301=ORIENTED_EDGE('',*,*,#6606,.F.);
#3302=ORIENTED_EDGE('',*,*,#6607,.T.);
#3303=ORIENTED_EDGE('',*,*,#6608,.F.);
#3304=ORIENTED_EDGE('',*,*,#6609,.F.);
#3305=CARTESIAN_POINT('',(-9.325,-2.78,-4.955));
#3306=DIRECTION('',(-0.0,1.0,0.0));
#3307=DIRECTION('',(1.0,0.0,0.0));
#3308=ORIENTED_EDGE('',*,*,#6610,.T.);
#3309=ORIENTED_EDGE('',*,*,#6611,.F.);
#3310=ORIENTED_EDGE('',*,*,#6612,.F.);
#3311=ORIENTED_EDGE('',*,*,#6613,.T.);
#3312=ORIENTED_EDGE('',*,*,#6614,.F.);
#3313=ORIENTED_EDGE('',*,*,#6615,.F.);
#3314=CARTESIAN_POINT('',(-9.325,-2.78,-4.955));
#3315=DIRECTION('',(-0.0,1.0,0.0));
#3316=DIRECTION('',(1.0,0.0,0.0));
#3317=ORIENTED_EDGE('',*,*,#6616,.T.);
#3318=ORIENTED_EDGE('',*,*,#6617,.F.);
#3319=ORIENTED_EDGE('',*,*,#6618,.F.);
#3320=ORIENTED_EDGE('',*,*,#6619,.T.);
#3321=ORIENTED_EDGE('',*,*,#6620,.F.);
#3322=ORIENTED_EDGE('',*,*,#6621,.F.);
#3323=CARTESIAN_POINT('',(-9.325,-2.78,-4.955));
#3324=DIRECTION('',(-0.0,1.0,0.0));
#3325=DIRECTION('',(1.0,0.0,0.0));
#3326=ORIENTED_EDGE('',*,*,#6573,.T.);
#3327=ORIENTED_EDGE('',*,*,#6622,.F.);
#3328=ORIENTED_EDGE('',*,*,#6623,.F.);
#3329=ORIENTED_EDGE('',*,*,#6624,.T.);
#3330=ORIENTED_EDGE('',*,*,#6625,.F.);
#3331=ORIENTED_EDGE('',*,*,#6463,.F.);
#3332=CARTESIAN_POINT('',(-9.325,-2.78,-4.955));
#3333=DIRECTION('',(-0.0,1.0,0.0));
#3334=DIRECTION('',(1.0,0.0,0.0));
#3335=ORIENTED_EDGE('',*,*,#6488,.F.);
#3336=ORIENTED_EDGE('',*,*,#6446,.T.);
#3337=ORIENTED_EDGE('',*,*,#6626,.F.);
#3338=ORIENTED_EDGE('',*,*,#6627,.F.);
#3339=ORIENTED_EDGE('',*,*,#6628,.F.);
#3340=CARTESIAN_POINT('',(-9.325,-2.78,-4.955));
#3341=DIRECTION('',(-0.0,1.0,0.0));
#3342=DIRECTION('',(1.0,0.0,0.0));
#3343=ORIENTED_EDGE('',*,*,#6629,.T.);
#3344=ORIENTED_EDGE('',*,*,#6630,.F.);
#3345=ORIENTED_EDGE('',*,*,#6631,.F.);
#3346=ORIENTED_EDGE('',*,*,#6632,.F.);
#3347=CARTESIAN_POINT('',(6.32,3.43,-3.955));
#3348=DIRECTION('',(1.0,0.0,0.0));
#3349=DIRECTION('',(0.0,1.0,0.0));
#3350=ORIENTED_EDGE('',*,*,#6633,.F.);
#3351=ORIENTED_EDGE('',*,*,#6634,.T.);
#3352=ORIENTED_EDGE('',*,*,#6635,.T.);
#3353=ORIENTED_EDGE('',*,*,#6636,.T.);
#3354=CARTESIAN_POINT('',(6.32,3.43,-3.955));
#3355=DIRECTION('',(1.0,0.0,0.0));
#3356=DIRECTION('',(0.0,1.0,0.0));
#3357=ORIENTED_EDGE('',*,*,#6637,.T.);
#3358=ORIENTED_EDGE('',*,*,#6603,.T.);
#3359=ORIENTED_EDGE('',*,*,#6638,.F.);
#3360=ORIENTED_EDGE('',*,*,#6532,.F.);
#3361=CARTESIAN_POINT('',(6.32,3.43,-3.955));
#3362=DIRECTION('',(1.0,0.0,0.0));
#3363=DIRECTION('',(0.0,1.0,0.0));
#3364=ORIENTED_EDGE('',*,*,#6431,.T.);
#3365=ORIENTED_EDGE('',*,*,#6639,.T.);
#3366=ORIENTED_EDGE('',*,*,#6640,.F.);
#3367=ORIENTED_EDGE('',*,*,#6641,.T.);
#3368=CARTESIAN_POINT('',(6.32,3.43,-3.955));
#3369=DIRECTION('',(1.0,0.0,0.0));
#3370=DIRECTION('',(0.0,1.0,0.0));
#3371=ORIENTED_EDGE('',*,*,#6632,.T.);
#3372=ORIENTED_EDGE('',*,*,#6642,.F.);
#3373=ORIENTED_EDGE('',*,*,#6643,.F.);
#3374=ORIENTED_EDGE('',*,*,#6644,.T.);
#3375=ORIENTED_EDGE('',*,*,#6645,.F.);
#3376=ORIENTED_EDGE('',*,*,#6646,.F.);
#3377=CARTESIAN_POINT('',(6.32,-0.32,-3.755));
#3378=DIRECTION('',(0.0,-1.0,0.0));
#3379=DIRECTION('',(0.0,0.0,-1.0));
#3380=ORIENTED_EDGE('',*,*,#6647,.T.);
#3381=ORIENTED_EDGE('',*,*,#6648,.T.);
#3382=ORIENTED_EDGE('',*,*,#6649,.F.);
#3383=ORIENTED_EDGE('',*,*,#6599,.T.);
#3384=CARTESIAN_POINT('',(6.32,0.0,0.0));
#3385=DIRECTION('',(1.0,0.0,0.0));
#3386=DIRECTION('',(0.0,1.0,0.0));
#3387=ORIENTED_EDGE('',*,*,#6650,.T.);
#3388=ORIENTED_EDGE('',*,*,#6651,.T.);
#3389=ORIENTED_EDGE('',*,*,#6652,.T.);
#3390=ORIENTED_EDGE('',*,*,#6653,.T.);
#3391=ORIENTED_EDGE('',*,*,#6654,.T.);
#3392=ORIENTED_EDGE('',*,*,#6531,.T.);
#3393=CARTESIAN_POINT('',(6.32,0.0,0.0));
#3394=DIRECTION('',(1.0,0.0,0.0));
#3395=DIRECTION('',(0.0,1.0,0.0));
#3396=ORIENTED_EDGE('',*,*,#6655,.T.);
#3397=ORIENTED_EDGE('',*,*,#6656,.T.);
#3398=ORIENTED_EDGE('',*,*,#6657,.F.);
#3399=ORIENTED_EDGE('',*,*,#6658,.F.);
#3400=CARTESIAN_POINT('',(6.32,0.0,0.0));
#3401=DIRECTION('',(1.0,0.0,0.0));
#3402=DIRECTION('',(0.0,1.0,0.0));
#3403=ORIENTED_EDGE('',*,*,#6646,.T.);
#3404=ORIENTED_EDGE('',*,*,#6659,.T.);
#3405=ORIENTED_EDGE('',*,*,#6660,.T.);
#3406=ORIENTED_EDGE('',*,*,#6661,.F.);
#3407=CARTESIAN_POINT('',(6.32,0.0,0.0));
#3408=DIRECTION('',(1.0,0.0,0.0));
#3409=DIRECTION('',(0.0,1.0,0.0));
#3410=ORIENTED_EDGE('',*,*,#6662,.T.);
#3411=ORIENTED_EDGE('',*,*,#6663,.T.);
#3412=ORIENTED_EDGE('',*,*,#6664,.T.);
#3413=ORIENTED_EDGE('',*,*,#6665,.T.);
#3414=ORIENTED_EDGE('',*,*,#6666,.T.);
#3415=ORIENTED_EDGE('',*,*,#6667,.F.);
#3416=CARTESIAN_POINT('',(6.32,0.0,0.0));
#3417=DIRECTION('',(1.0,0.0,0.0));
#3418=DIRECTION('',(0.0,1.0,0.0));
#3419=ORIENTED_EDGE('',*,*,#6668,.T.);
#3420=ORIENTED_EDGE('',*,*,#6669,.T.);
#3421=ORIENTED_EDGE('',*,*,#6670,.T.);
#3422=ORIENTED_EDGE('',*,*,#6671,.T.);
#3423=CARTESIAN_POINT('',(6.32,0.0,0.0));
#3424=DIRECTION('',(1.0,0.0,0.0));
#3425=DIRECTION('',(0.0,1.0,0.0));
#3426=ORIENTED_EDGE('',*,*,#6672,.T.);
#3427=ORIENTED_EDGE('',*,*,#6673,.T.);
#3428=ORIENTED_EDGE('',*,*,#6674,.T.);
#3429=ORIENTED_EDGE('',*,*,#6675,.T.);
#3430=CARTESIAN_POINT('',(6.32,0.0,0.0));
#3431=DIRECTION('',(1.0,0.0,0.0));
#3432=DIRECTION('',(0.0,1.0,0.0));
#3433=ORIENTED_EDGE('',*,*,#6658,.T.);
#3434=ORIENTED_EDGE('',*,*,#6676,.F.);
#3435=ORIENTED_EDGE('',*,*,#6677,.F.);
#3436=ORIENTED_EDGE('',*,*,#6678,.T.);
#3437=ORIENTED_EDGE('',*,*,#6679,.F.);
#3438=ORIENTED_EDGE('',*,*,#6680,.F.);
#3439=ORIENTED_EDGE('',*,*,#6681,.F.);
#3440=ORIENTED_EDGE('',*,*,#6600,.T.);
#3441=ORIENTED_EDGE('',*,*,#6649,.T.);
#3442=ORIENTED_EDGE('',*,*,#6629,.F.);
#3443=ORIENTED_EDGE('',*,*,#6661,.T.);
#3444=ORIENTED_EDGE('',*,*,#6635,.F.);
#3445=ORIENTED_EDGE('',*,*,#6682,.T.);
#3446=ORIENTED_EDGE('',*,*,#6683,.T.);
#3447=ORIENTED_EDGE('',*,*,#6684,.F.);
#3448=ORIENTED_EDGE('',*,*,#6685,.F.);
#3449=ORIENTED_EDGE('',*,*,#6686,.T.);
#3450=ORIENTED_EDGE('',*,*,#6687,.T.);
#3451=ORIENTED_EDGE('',*,*,#6688,.F.);
#3452=ORIENTED_EDGE('',*,*,#6689,.F.);
#3453=CARTESIAN_POINT('',(-9.325,-2.78,-4.285));
#3454=DIRECTION('',(0.0,0.0,-1.0));
#3455=DIRECTION('',(0.0,-1.0,0.0));
#3456=ORIENTED_EDGE('',*,*,#6690,.T.);
#3457=ORIENTED_EDGE('',*,*,#6691,.F.);
#3458=ORIENTED_EDGE('',*,*,#6692,.T.);
#3459=ORIENTED_EDGE('',*,*,#6693,.F.);
#3460=ORIENTED_EDGE('',*,*,#6694,.T.);
#3461=ORIENTED_EDGE('',*,*,#6695,.F.);
#3462=ORIENTED_EDGE('',*,*,#6696,.F.);
#3463=ORIENTED_EDGE('',*,*,#6697,.T.);
#3464=ORIENTED_EDGE('',*,*,#6698,.F.);
#3465=ORIENTED_EDGE('',*,*,#6699,.T.);
#3466=ORIENTED_EDGE('',*,*,#6700,.F.);
#3467=ORIENTED_EDGE('',*,*,#6605,.T.);
#3468=CARTESIAN_POINT('',(-9.325,-2.78,-4.285));
#3469=DIRECTION('',(0.0,0.0,-1.0));
#3470=DIRECTION('',(0.0,-1.0,0.0));
#3471=ORIENTED_EDGE('',*,*,#6701,.T.);
#3472=ORIENTED_EDGE('',*,*,#6702,.F.);
#3473=ORIENTED_EDGE('',*,*,#6703,.T.);
#3474=ORIENTED_EDGE('',*,*,#6704,.F.);
#3475=ORIENTED_EDGE('',*,*,#6705,.T.);
#3476=ORIENTED_EDGE('',*,*,#6706,.F.);
#3477=ORIENTED_EDGE('',*,*,#6707,.F.);
#3478=ORIENTED_EDGE('',*,*,#6708,.T.);
#3479=ORIENTED_EDGE('',*,*,#6709,.F.);
#3480=ORIENTED_EDGE('',*,*,#6710,.T.);
#3481=ORIENTED_EDGE('',*,*,#6711,.F.);
#3482=ORIENTED_EDGE('',*,*,#6611,.T.);
#3483=CARTESIAN_POINT('',(-9.325,-2.78,-4.285));
#3484=DIRECTION('',(0.0,0.0,-1.0));
#3485=DIRECTION('',(0.0,-1.0,0.0));
#3486=ORIENTED_EDGE('',*,*,#6712,.T.);
#3487=ORIENTED_EDGE('',*,*,#6713,.F.);
#3488=ORIENTED_EDGE('',*,*,#6714,.T.);
#3489=ORIENTED_EDGE('',*,*,#6715,.F.);
#3490=ORIENTED_EDGE('',*,*,#6716,.T.);
#3491=ORIENTED_EDGE('',*,*,#6717,.F.);
#3492=ORIENTED_EDGE('',*,*,#6718,.F.);
#3493=ORIENTED_EDGE('',*,*,#6719,.T.);
#3494=ORIENTED_EDGE('',*,*,#6720,.F.);
#3495=ORIENTED_EDGE('',*,*,#6721,.T.);
#3496=ORIENTED_EDGE('',*,*,#6722,.F.);
#3497=ORIENTED_EDGE('',*,*,#6617,.T.);
#3498=CARTESIAN_POINT('',(-9.325,-2.78,-4.285));
#3499=DIRECTION('',(0.0,0.0,-1.0));
#3500=DIRECTION('',(0.0,-1.0,0.0));
#3501=ORIENTED_EDGE('',*,*,#6572,.T.);
#3502=ORIENTED_EDGE('',*,*,#6456,.F.);
#3503=ORIENTED_EDGE('',*,*,#6576,.T.);
#3504=ORIENTED_EDGE('',*,*,#6461,.F.);
#3505=ORIENTED_EDGE('',*,*,#6580,.T.);
#3506=ORIENTED_EDGE('',*,*,#6723,.F.);
#3507=ORIENTED_EDGE('',*,*,#6724,.F.);
#3508=ORIENTED_EDGE('',*,*,#6725,.T.);
#3509=ORIENTED_EDGE('',*,*,#6726,.F.);
#3510=ORIENTED_EDGE('',*,*,#6727,.T.);
#3511=ORIENTED_EDGE('',*,*,#6728,.F.);
#3512=ORIENTED_EDGE('',*,*,#6622,.T.);
#3513=CARTESIAN_POINT('',(-9.325,-2.78,-4.285));
#3514=DIRECTION('',(0.0,0.0,-1.0));
#3515=DIRECTION('',(0.0,-1.0,0.0));
#3516=ORIENTED_EDGE('',*,*,#6486,.F.);
#3517=ORIENTED_EDGE('',*,*,#6628,.T.);
#3518=ORIENTED_EDGE('',*,*,#6729,.F.);
#3519=ORIENTED_EDGE('',*,*,#6730,.T.);
#3520=ORIENTED_EDGE('',*,*,#6731,.T.);
#3521=ORIENTED_EDGE('',*,*,#6732,.F.);
#3522=ORIENTED_EDGE('',*,*,#6733,.F.);
#3523=ORIENTED_EDGE('',*,*,#6734,.F.);
#3524=ORIENTED_EDGE('',*,*,#6495,.F.);
#3525=ORIENTED_EDGE('',*,*,#6440,.T.);
#3526=ORIENTED_EDGE('',*,*,#6491,.F.);
#3527=ORIENTED_EDGE('',*,*,#6438,.T.);
#3528=ORIENTED_EDGE('',*,*,#6735,.T.);
#3529=ORIENTED_EDGE('',*,*,#6736,.F.);
#3530=ORIENTED_EDGE('',*,*,#6737,.F.);
#3531=ORIENTED_EDGE('',*,*,#6738,.T.);
#3532=ORIENTED_EDGE('',*,*,#6739,.T.);
#3533=ORIENTED_EDGE('',*,*,#6740,.F.);
#3534=ORIENTED_EDGE('',*,*,#6741,.F.);
#3535=ORIENTED_EDGE('',*,*,#6742,.T.);
#3536=CARTESIAN_POINT('',(-9.325,-2.78,-4.285));
#3537=DIRECTION('',(0.0,0.0,-1.0));
#3538=DIRECTION('',(0.0,-1.0,0.0));
#3539=ORIENTED_EDGE('',*,*,#6743,.F.);
#3540=ORIENTED_EDGE('',*,*,#6744,.F.);
#3541=ORIENTED_EDGE('',*,*,#6745,.F.);
#3542=ORIENTED_EDGE('',*,*,#6746,.F.);
#3543=ORIENTED_EDGE('',*,*,#6747,.F.);
#3544=ORIENTED_EDGE('',*,*,#6689,.T.);
#3545=ORIENTED_EDGE('',*,*,#6748,.F.);
#3546=CARTESIAN_POINT('',(7.925,0.0,0.0));
#3547=DIRECTION('',(1.0,0.0,0.0));
#3548=DIRECTION('',(0.0,1.0,0.0));
#3549=ORIENTED_EDGE('',*,*,#6749,.F.);
#3550=ORIENTED_EDGE('',*,*,#6750,.F.);
#3551=ORIENTED_EDGE('',*,*,#6751,.F.);
#3552=ORIENTED_EDGE('',*,*,#6752,.F.);
#3553=ORIENTED_EDGE('',*,*,#6753,.F.);
#3554=ORIENTED_EDGE('',*,*,#6685,.T.);
#3555=ORIENTED_EDGE('',*,*,#6754,.F.);
#3556=CARTESIAN_POINT('',(7.925,0.0,0.0));
#3557=DIRECTION('',(1.0,0.0,0.0));
#3558=DIRECTION('',(0.0,1.0,0.0));
#3559=ORIENTED_EDGE('',*,*,#6688,.T.);
#3560=ORIENTED_EDGE('',*,*,#6755,.F.);
#3561=ORIENTED_EDGE('',*,*,#6756,.F.);
#3562=ORIENTED_EDGE('',*,*,#6748,.T.);
#3563=CARTESIAN_POINT('',(7.925,1.125,-6.06));
#3564=DIRECTION('',(-0.0,1.0,0.0));
#3565=DIRECTION('',(1.0,0.0,0.0));
#3566=ORIENTED_EDGE('',*,*,#6756,.T.);
#3567=ORIENTED_EDGE('',*,*,#6757,.F.);
#3568=ORIENTED_EDGE('',*,*,#6758,.F.);
#3569=ORIENTED_EDGE('',*,*,#6743,.T.);
#3570=CARTESIAN_POINT('',(7.925,1.27,-6.21));
#3571=DIRECTION('',(0.0,0.718988376049094,0.695022096847494));
#3572=DIRECTION('',(1.0,0.0,-0.0));
#3573=ORIENTED_EDGE('',*,*,#6758,.T.);
#3574=ORIENTED_EDGE('',*,*,#6759,.F.);
#3575=ORIENTED_EDGE('',*,*,#6760,.F.);
#3576=ORIENTED_EDGE('',*,*,#6744,.T.);
#3577=CARTESIAN_POINT('',(7.925,0.7098339694322,-7.01));
#3578=DIRECTION('',(0.0,0.819152044289016,-0.573576436351011));
#3579=DIRECTION('',(-1.0,0.0,0.0));
#3580=ORIENTED_EDGE('',*,*,#6760,.T.);
#3581=ORIENTED_EDGE('',*,*,#6761,.F.);
#3582=ORIENTED_EDGE('',*,*,#6762,.F.);
#3583=ORIENTED_EDGE('',*,*,#6745,.T.);
#3584=CARTESIAN_POINT('',(7.925,0.2,-7.01));
#3585=DIRECTION('',(0.0,0.0,-1.0));
#3586=DIRECTION('',(0.0,-1.0,0.0));
#3587=ORIENTED_EDGE('',*,*,#6762,.T.);
#3588=ORIENTED_EDGE('',*,*,#6763,.F.);
#3589=ORIENTED_EDGE('',*,*,#6764,.F.);
#3590=ORIENTED_EDGE('',*,*,#6746,.T.);
#3591=CARTESIAN_POINT('',(7.925,0.725,-6.24535929203));
#3592=DIRECTION('',(0.0,-0.824389306579321,0.566023207296014));
#3593=DIRECTION('',(-1.0,0.0,0.0));
#3594=ORIENTED_EDGE('',*,*,#6764,.T.);
#3595=ORIENTED_EDGE('',*,*,#6765,.F.);
#3596=ORIENTED_EDGE('',*,*,#6686,.F.);
#3597=ORIENTED_EDGE('',*,*,#6747,.T.);
#3598=CARTESIAN_POINT('',(7.925,0.725,-3.66));
#3599=DIRECTION('',(0.0,-1.0,0.0));
#3600=DIRECTION('',(0.0,0.0,-1.0));
#3601=ORIENTED_EDGE('',*,*,#6687,.F.);
#3602=ORIENTED_EDGE('',*,*,#6765,.T.);
#3603=ORIENTED_EDGE('',*,*,#6763,.T.);
#3604=ORIENTED_EDGE('',*,*,#6761,.T.);
#3605=ORIENTED_EDGE('',*,*,#6759,.T.);
#3606=ORIENTED_EDGE('',*,*,#6757,.T.);
#3607=ORIENTED_EDGE('',*,*,#6755,.T.);
#3608=CARTESIAN_POINT('',(8.375,0.0,0.0));
#3609=DIRECTION('',(1.0,0.0,0.0));
#3610=DIRECTION('',(0.0,1.0,0.0));
#3611=ORIENTED_EDGE('',*,*,#6683,.F.);
#3612=ORIENTED_EDGE('',*,*,#6766,.T.);
#3613=ORIENTED_EDGE('',*,*,#6767,.T.);
#3614=ORIENTED_EDGE('',*,*,#6768,.T.);
#3615=ORIENTED_EDGE('',*,*,#6769,.T.);
#3616=ORIENTED_EDGE('',*,*,#6770,.T.);
#3617=ORIENTED_EDGE('',*,*,#6771,.T.);
#3618=CARTESIAN_POINT('',(8.375,0.0,0.0));
#3619=DIRECTION('',(1.0,0.0,0.0));
#3620=DIRECTION('',(0.0,1.0,0.0));
#3621=ORIENTED_EDGE('',*,*,#6684,.T.);
#3622=ORIENTED_EDGE('',*,*,#6771,.F.);
#3623=ORIENTED_EDGE('',*,*,#6772,.F.);
#3624=ORIENTED_EDGE('',*,*,#6754,.T.);
#3625=CARTESIAN_POINT('',(7.925,-0.725,-6.24535929203));
#3626=DIRECTION('',(-0.0,1.0,0.0));
#3627=DIRECTION('',(1.0,0.0,0.0));
#3628=ORIENTED_EDGE('',*,*,#6772,.T.);
#3629=ORIENTED_EDGE('',*,*,#6770,.F.);
#3630=ORIENTED_EDGE('',*,*,#6773,.F.);
#3631=ORIENTED_EDGE('',*,*,#6749,.T.);
#3632=CARTESIAN_POINT('',(7.925,-0.3098339694322,-7.01));
#3633=DIRECTION('',(0.0,0.878817112661977,0.477158760259587));
#3634=DIRECTION('',(1.0,0.0,-0.0));
#3635=ORIENTED_EDGE('',*,*,#6773,.T.);
#3636=ORIENTED_EDGE('',*,*,#6769,.F.);
#3637=ORIENTED_EDGE('',*,*,#6774,.F.);
#3638=ORIENTED_EDGE('',*,*,#6750,.T.);
#3639=CARTESIAN_POINT('',(7.925,-0.7098339694322,-7.01));
#3640=DIRECTION('',(0.0,0.0,-1.0));
#3641=DIRECTION('',(0.0,-1.0,0.0));
#3642=ORIENTED_EDGE('',*,*,#6774,.T.);
#3643=ORIENTED_EDGE('',*,*,#6768,.F.);
#3644=ORIENTED_EDGE('',*,*,#6775,.F.);
#3645=ORIENTED_EDGE('',*,*,#6751,.T.);
#3646=CARTESIAN_POINT('',(7.925,-1.27,-6.21));
#3647=DIRECTION('',(0.0,-0.819152044289016,-0.573576436351011));
#3648=DIRECTION('',(0.0,0.573576436351011,-0.819152044289016));
#3649=ORIENTED_EDGE('',*,*,#6775,.T.);
#3650=ORIENTED_EDGE('',*,*,#6767,.F.);
#3651=ORIENTED_EDGE('',*,*,#6776,.F.);
#3652=ORIENTED_EDGE('',*,*,#6752,.T.);
#3653=CARTESIAN_POINT('',(7.925,-1.125,-6.06));
#3654=DIRECTION('',(0.0,-0.718988376049094,0.695022096847494));
#3655=DIRECTION('',(-1.0,0.0,0.0));
#3656=ORIENTED_EDGE('',*,*,#6776,.T.);
#3657=ORIENTED_EDGE('',*,*,#6766,.F.);
#3658=ORIENTED_EDGE('',*,*,#6682,.F.);
#3659=ORIENTED_EDGE('',*,*,#6753,.T.);
#3660=CARTESIAN_POINT('',(7.925,-1.125,-3.66));
#3661=DIRECTION('',(0.0,-1.0,0.0));
#3662=DIRECTION('',(0.0,0.0,-1.0));
#3663=ORIENTED_EDGE('',*,*,#6742,.F.);
#3664=ORIENTED_EDGE('',*,*,#6777,.T.);
#3665=ORIENTED_EDGE('',*,*,#6778,.T.);
#3666=ORIENTED_EDGE('',*,*,#6779,.T.);
#3667=ORIENTED_EDGE('',*,*,#6780,.T.);
#3668=ORIENTED_EDGE('',*,*,#6781,.T.);
#3669=ORIENTED_EDGE('',*,*,#6782,.T.);
#3670=CARTESIAN_POINT('',(-7.925,0.0,0.0));
#3671=DIRECTION('',(1.0,0.0,0.0));
#3672=DIRECTION('',(0.0,1.0,0.0));
#3673=ORIENTED_EDGE('',*,*,#6783,.T.);
#3674=ORIENTED_EDGE('',*,*,#6784,.T.);
#3675=ORIENTED_EDGE('',*,*,#6785,.T.);
#3676=ORIENTED_EDGE('',*,*,#6786,.T.);
#3677=ORIENTED_EDGE('',*,*,#6787,.T.);
#3678=ORIENTED_EDGE('',*,*,#6738,.F.);
#3679=ORIENTED_EDGE('',*,*,#6788,.T.);
#3680=CARTESIAN_POINT('',(-7.925,0.0,0.0));
#3681=DIRECTION('',(1.0,0.0,0.0));
#3682=DIRECTION('',(0.0,1.0,0.0));
#3683=ORIENTED_EDGE('',*,*,#6789,.T.);
#3684=ORIENTED_EDGE('',*,*,#6790,.T.);
#3685=ORIENTED_EDGE('',*,*,#6739,.F.);
#3686=ORIENTED_EDGE('',*,*,#6782,.F.);
#3687=CARTESIAN_POINT('',(-7.925,1.125,-6.06));
#3688=DIRECTION('',(0.0,-1.0,0.0));
#3689=DIRECTION('',(0.0,0.0,-1.0));
#3690=ORIENTED_EDGE('',*,*,#6791,.F.);
#3691=ORIENTED_EDGE('',*,*,#6792,.F.);
#3692=ORIENTED_EDGE('',*,*,#6793,.F.);
#3693=ORIENTED_EDGE('',*,*,#6794,.F.);
#3694=ORIENTED_EDGE('',*,*,#6795,.F.);
#3695=ORIENTED_EDGE('',*,*,#6740,.T.);
#3696=ORIENTED_EDGE('',*,*,#6790,.F.);
#3697=CARTESIAN_POINT('',(-8.375,0.0,0.0));
#3698=DIRECTION('',(1.0,0.0,0.0));
#3699=DIRECTION('',(0.0,1.0,0.0));
#3700=ORIENTED_EDGE('',*,*,#6736,.T.);
#3701=ORIENTED_EDGE('',*,*,#6796,.F.);
#3702=ORIENTED_EDGE('',*,*,#6797,.F.);
#3703=ORIENTED_EDGE('',*,*,#6798,.F.);
#3704=ORIENTED_EDGE('',*,*,#6799,.F.);
#3705=ORIENTED_EDGE('',*,*,#6800,.F.);
#3706=ORIENTED_EDGE('',*,*,#6801,.F.);
#3707=CARTESIAN_POINT('',(-8.375,0.0,0.0));
#3708=DIRECTION('',(1.0,0.0,0.0));
#3709=DIRECTION('',(0.0,1.0,0.0));
#3710=ORIENTED_EDGE('',*,*,#6741,.T.);
#3711=ORIENTED_EDGE('',*,*,#6795,.T.);
#3712=ORIENTED_EDGE('',*,*,#6802,.F.);
#3713=ORIENTED_EDGE('',*,*,#6777,.F.);
#3714=CARTESIAN_POINT('',(-7.925,0.725,-3.66));
#3715=DIRECTION('',(-0.0,1.0,0.0));
#3716=DIRECTION('',(1.0,0.0,0.0));
#3717=ORIENTED_EDGE('',*,*,#6802,.T.);
#3718=ORIENTED_EDGE('',*,*,#6794,.T.);
#3719=ORIENTED_EDGE('',*,*,#6803,.F.);
#3720=ORIENTED_EDGE('',*,*,#6778,.F.);
#3721=CARTESIAN_POINT('',(-7.925,0.725,-6.24535929203));
#3722=DIRECTION('',(0.0,0.824389306579321,-0.566023207296014));
#3723=DIRECTION('',(-1.0,0.0,0.0));
#3724=ORIENTED_EDGE('',*,*,#6803,.T.);
#3725=ORIENTED_EDGE('',*,*,#6793,.T.);
#3726=ORIENTED_EDGE('',*,*,#6804,.F.);
#3727=ORIENTED_EDGE('',*,*,#6779,.F.);
#3728=CARTESIAN_POINT('',(-7.925,0.2,-7.01));
#3729=DIRECTION('',(0.0,0.0,1.0));
#3730=DIRECTION('',(1.0,0.0,0.0));
#3731=ORIENTED_EDGE('',*,*,#6804,.T.);
#3732=ORIENTED_EDGE('',*,*,#6792,.T.);
#3733=ORIENTED_EDGE('',*,*,#6805,.F.);
#3734=ORIENTED_EDGE('',*,*,#6780,.F.);
#3735=CARTESIAN_POINT('',(-7.925,0.7098339694322,-7.01));
#3736=DIRECTION('',(0.0,-0.819152044289016,0.573576436351011));
#3737=DIRECTION('',(-1.0,0.0,0.0));
#3738=ORIENTED_EDGE('',*,*,#6805,.T.);
#3739=ORIENTED_EDGE('',*,*,#6791,.T.);
#3740=ORIENTED_EDGE('',*,*,#6789,.F.);
#3741=ORIENTED_EDGE('',*,*,#6781,.F.);
#3742=CARTESIAN_POINT('',(-7.925,1.27,-6.21));
#3743=DIRECTION('',(0.0,-0.718988376049094,-0.695022096847494));
#3744=DIRECTION('',(0.0,0.695022096847494,-0.718988376049094));
#3745=ORIENTED_EDGE('',*,*,#6737,.T.);
#3746=ORIENTED_EDGE('',*,*,#6801,.T.);
#3747=ORIENTED_EDGE('',*,*,#6806,.F.);
#3748=ORIENTED_EDGE('',*,*,#6788,.F.);
#3749=CARTESIAN_POINT('',(-7.925,-1.125,-3.66));
#3750=DIRECTION('',(-0.0,1.0,0.0));
#3751=DIRECTION('',(1.0,0.0,0.0));
#3752=ORIENTED_EDGE('',*,*,#6806,.T.);
#3753=ORIENTED_EDGE('',*,*,#6800,.T.);
#3754=ORIENTED_EDGE('',*,*,#6807,.F.);
#3755=ORIENTED_EDGE('',*,*,#6783,.F.);
#3756=CARTESIAN_POINT('',(-7.925,-1.125,-6.06));
#3757=DIRECTION('',(0.0,0.718988376049094,-0.695022096847494));
#3758=DIRECTION('',(-1.0,0.0,0.0));
#3759=ORIENTED_EDGE('',*,*,#6807,.T.);
#3760=ORIENTED_EDGE('',*,*,#6799,.T.);
#3761=ORIENTED_EDGE('',*,*,#6808,.F.);
#3762=ORIENTED_EDGE('',*,*,#6784,.F.);
#3763=CARTESIAN_POINT('',(-7.925,-1.27,-6.21));
#3764=DIRECTION('',(0.0,0.819152044289016,0.573576436351011));
#3765=DIRECTION('',(1.0,0.0,-0.0));
#3766=ORIENTED_EDGE('',*,*,#6808,.T.);
#3767=ORIENTED_EDGE('',*,*,#6798,.T.);
#3768=ORIENTED_EDGE('',*,*,#6809,.F.);
#3769=ORIENTED_EDGE('',*,*,#6785,.F.);
#3770=CARTESIAN_POINT('',(-7.925,-0.7098339694322,-7.01));
#3771=DIRECTION('',(0.0,0.0,1.0));
#3772=DIRECTION('',(1.0,0.0,0.0));
#3773=ORIENTED_EDGE('',*,*,#6809,.T.);
#3774=ORIENTED_EDGE('',*,*,#6797,.T.);
#3775=ORIENTED_EDGE('',*,*,#6810,.F.);
#3776=ORIENTED_EDGE('',*,*,#6786,.F.);
#3777=CARTESIAN_POINT('',(-7.925,-0.3098339694322,-7.01));
#3778=DIRECTION('',(0.0,-0.878817112661977,-0.477158760259587));
#3779=DIRECTION('',(0.0,0.477158760259587,-0.878817112661977));
#3780=ORIENTED_EDGE('',*,*,#6810,.T.);
#3781=ORIENTED_EDGE('',*,*,#6796,.T.);
#3782=ORIENTED_EDGE('',*,*,#6735,.F.);
#3783=ORIENTED_EDGE('',*,*,#6787,.F.);
#3784=CARTESIAN_POINT('',(-7.925,-0.725,-6.24535929203));
#3785=DIRECTION('',(0.0,-1.0,0.0));
#3786=DIRECTION('',(0.0,0.0,-1.0));
#3787=ORIENTED_EDGE('',*,*,#6677,.T.);
#3788=ORIENTED_EDGE('',*,*,#6811,.T.);
#3789=ORIENTED_EDGE('',*,*,#6429,.T.);
#3790=ORIENTED_EDGE('',*,*,#6388,.T.);
#3791=ORIENTED_EDGE('',*,*,#6812,.T.);
#3792=ORIENTED_EDGE('',*,*,#6813,.T.);
#3793=ORIENTED_EDGE('',*,*,#6814,.T.);
#3794=ORIENTED_EDGE('',*,*,#6601,.T.);
#3795=ORIENTED_EDGE('',*,*,#6681,.T.);
#3796=ORIENTED_EDGE('',*,*,#6815,.F.);
#3797=ORIENTED_EDGE('',*,*,#6816,.F.);
#3798=ORIENTED_EDGE('',*,*,#6817,.F.);
#3799=CARTESIAN_POINT('',(9.575,0.0,0.0));
#3800=DIRECTION('',(1.0,0.0,0.0));
#3801=DIRECTION('',(0.0,1.0,0.0));
#3802=ORIENTED_EDGE('',*,*,#6817,.T.);
#3803=ORIENTED_EDGE('',*,*,#6818,.T.);
#3804=ORIENTED_EDGE('',*,*,#6819,.F.);
#3805=ORIENTED_EDGE('',*,*,#6678,.F.);
#3806=CARTESIAN_POINT('',(9.575,1.0,-4.285));
#3807=DIRECTION('',(-0.0,1.0,0.0));
#3808=DIRECTION('',(1.0,0.0,0.0));
#3809=ORIENTED_EDGE('',*,*,#6820,.T.);
#3810=ORIENTED_EDGE('',*,*,#6821,.T.);
#3811=ORIENTED_EDGE('',*,*,#6679,.T.);
#3812=ORIENTED_EDGE('',*,*,#6819,.T.);
#3813=CARTESIAN_POINT('',(8.825,0.0,0.0));
#3814=DIRECTION('',(1.0,0.0,0.0));
#3815=DIRECTION('',(0.0,1.0,0.0));
#3816=ORIENTED_EDGE('',*,*,#6821,.F.);
#3817=ORIENTED_EDGE('',*,*,#6822,.F.);
#3818=ORIENTED_EDGE('',*,*,#6815,.T.);
#3819=ORIENTED_EDGE('',*,*,#6680,.T.);
#3820=CARTESIAN_POINT('',(9.575,-1.0,-3.685));
#3821=DIRECTION('',(0.0,-1.0,0.0));
#3822=DIRECTION('',(0.0,0.0,-1.0));
#3823=ORIENTED_EDGE('',*,*,#6816,.T.);
#3824=ORIENTED_EDGE('',*,*,#6822,.T.);
#3825=ORIENTED_EDGE('',*,*,#6820,.F.);
#3826=ORIENTED_EDGE('',*,*,#6818,.F.);
#3827=CARTESIAN_POINT('',(9.575,1.0,-3.685));
#3828=DIRECTION('',(0.0,0.0,1.0));
#3829=DIRECTION('',(1.0,0.0,0.0));
#3830=ORIENTED_EDGE('',*,*,#6539,.T.);
#3831=ORIENTED_EDGE('',*,*,#6823,.F.);
#3832=ORIENTED_EDGE('',*,*,#6824,.T.);
#3833=ORIENTED_EDGE('',*,*,#6825,.F.);
#3834=ORIENTED_EDGE('',*,*,#6626,.T.);
#3835=ORIENTED_EDGE('',*,*,#6445,.F.);
#3836=CARTESIAN_POINT('',(-9.325,-3.94,-4.955));
#3837=DIRECTION('',(0.0,0.0,-1.0));
#3838=DIRECTION('',(0.0,-1.0,0.0));
#3839=ORIENTED_EDGE('',*,*,#6509,.T.);
#3840=ORIENTED_EDGE('',*,*,#6464,.T.);
#3841=ORIENTED_EDGE('',*,*,#6625,.T.);
#3842=ORIENTED_EDGE('',*,*,#6826,.F.);
#3843=CARTESIAN_POINT('',(-9.325,-3.94,-4.955));
#3844=DIRECTION('',(0.0,0.0,-1.0));
#3845=DIRECTION('',(0.0,-1.0,0.0));
#3846=ORIENTED_EDGE('',*,*,#6515,.T.);
#3847=ORIENTED_EDGE('',*,*,#6827,.T.);
#3848=ORIENTED_EDGE('',*,*,#6620,.T.);
#3849=ORIENTED_EDGE('',*,*,#6828,.F.);
#3850=CARTESIAN_POINT('',(-9.325,-3.94,-4.955));
#3851=DIRECTION('',(0.0,0.0,-1.0));
#3852=DIRECTION('',(0.0,-1.0,0.0));
#3853=ORIENTED_EDGE('',*,*,#6521,.T.);
#3854=ORIENTED_EDGE('',*,*,#6829,.T.);
#3855=ORIENTED_EDGE('',*,*,#6614,.T.);
#3856=ORIENTED_EDGE('',*,*,#6830,.F.);
#3857=CARTESIAN_POINT('',(-9.325,-3.94,-4.955));
#3858=DIRECTION('',(0.0,0.0,-1.0));
#3859=DIRECTION('',(0.0,-1.0,0.0));
#3860=ORIENTED_EDGE('',*,*,#6602,.T.);
#3861=ORIENTED_EDGE('',*,*,#6814,.F.);
#3862=ORIENTED_EDGE('',*,*,#6831,.T.);
#3863=ORIENTED_EDGE('',*,*,#6832,.T.);
#3864=ORIENTED_EDGE('',*,*,#6533,.T.);
#3865=ORIENTED_EDGE('',*,*,#6638,.T.);
#3866=CARTESIAN_POINT('',(-9.325,-3.94,-4.955));
#3867=DIRECTION('',(0.0,0.0,-1.0));
#3868=DIRECTION('',(0.0,-1.0,0.0));
#3869=ORIENTED_EDGE('',*,*,#6527,.T.);
#3870=ORIENTED_EDGE('',*,*,#6833,.T.);
#3871=ORIENTED_EDGE('',*,*,#6608,.T.);
#3872=ORIENTED_EDGE('',*,*,#6834,.F.);
#3873=CARTESIAN_POINT('',(-9.325,-3.94,-4.955));
#3874=DIRECTION('',(0.0,0.0,-1.0));
#3875=DIRECTION('',(0.0,-1.0,0.0));
#3876=ORIENTED_EDGE('',*,*,#6835,.T.);
#3877=ORIENTED_EDGE('',*,*,#6836,.T.);
#3878=ORIENTED_EDGE('',*,*,#6729,.T.);
#3879=ORIENTED_EDGE('',*,*,#6627,.T.);
#3880=ORIENTED_EDGE('',*,*,#6825,.T.);
#3881=ORIENTED_EDGE('',*,*,#6837,.T.);
#3882=ORIENTED_EDGE('',*,*,#6838,.T.);
#3883=ORIENTED_EDGE('',*,*,#6384,.T.);
#3884=ORIENTED_EDGE('',*,*,#6412,.T.);
#3885=ORIENTED_EDGE('',*,*,#6839,.T.);
#3886=ORIENTED_EDGE('',*,*,#6733,.T.);
#3887=ORIENTED_EDGE('',*,*,#6840,.T.);
#3888=CARTESIAN_POINT('',(-9.575,0.0,0.0));
#3889=DIRECTION('',(-1.0,0.0,0.0));
#3890=DIRECTION('',(0.0,0.0,1.0));
#3891=ORIENTED_EDGE('',*,*,#6841,.T.);
#3892=ORIENTED_EDGE('',*,*,#6842,.F.);
#3893=ORIENTED_EDGE('',*,*,#6840,.F.);
#3894=ORIENTED_EDGE('',*,*,#6732,.T.);
#3895=CARTESIAN_POINT('',(-9.575,1.0,-4.285));
#3896=DIRECTION('',(0.0,-1.0,0.0));
#3897=DIRECTION('',(0.0,0.0,-1.0));
#3898=ORIENTED_EDGE('',*,*,#6843,.T.);
#3899=ORIENTED_EDGE('',*,*,#6844,.F.);
#3900=ORIENTED_EDGE('',*,*,#6835,.F.);
#3901=ORIENTED_EDGE('',*,*,#6842,.T.);
#3902=CARTESIAN_POINT('',(-9.575,1.0,-3.685));
#3903=DIRECTION('',(0.0,0.0,-1.0));
#3904=DIRECTION('',(0.0,-1.0,0.0));
#3905=ORIENTED_EDGE('',*,*,#6836,.F.);
#3906=ORIENTED_EDGE('',*,*,#6844,.T.);
#3907=ORIENTED_EDGE('',*,*,#6845,.T.);
#3908=ORIENTED_EDGE('',*,*,#6730,.F.);
#3909=CARTESIAN_POINT('',(-9.575,-1.0,-3.685));
#3910=DIRECTION('',(-0.0,1.0,0.0));
#3911=DIRECTION('',(1.0,0.0,0.0));
#3912=ORIENTED_EDGE('',*,*,#6845,.F.);
#3913=ORIENTED_EDGE('',*,*,#6843,.F.);
#3914=ORIENTED_EDGE('',*,*,#6841,.F.);
#3915=ORIENTED_EDGE('',*,*,#6731,.F.);
#3916=CARTESIAN_POINT('',(-8.825,0.0,0.0));
#3917=DIRECTION('',(1.0,0.0,0.0));
#3918=DIRECTION('',(0.0,1.0,0.0));
#3919=ORIENTED_EDGE('',*,*,#6657,.T.);
#3920=ORIENTED_EDGE('',*,*,#6639,.F.);
#3921=ORIENTED_EDGE('',*,*,#6430,.F.);
#3922=ORIENTED_EDGE('',*,*,#6811,.F.);
#3923=ORIENTED_EDGE('',*,*,#6676,.T.);
#3924=CARTESIAN_POINT('',(-9.325,1.6,-4.285));
#3925=DIRECTION('',(0.0,-1.0,0.0));
#3926=DIRECTION('',(0.0,0.0,-1.0));
#3927=ORIENTED_EDGE('',*,*,#6846,.T.);
#3928=ORIENTED_EDGE('',*,*,#6847,.F.);
#3929=ORIENTED_EDGE('',*,*,#6432,.F.);
#3930=ORIENTED_EDGE('',*,*,#6848,.T.);
#3931=ORIENTED_EDGE('',*,*,#6849,.F.);
#3932=ORIENTED_EDGE('',*,*,#6695,.T.);
#3933=CARTESIAN_POINT('',(-9.325,1.6,-4.285));
#3934=DIRECTION('',(0.0,-1.0,0.0));
#3935=DIRECTION('',(0.0,0.0,-1.0));
#3936=ORIENTED_EDGE('',*,*,#6850,.T.);
#3937=ORIENTED_EDGE('',*,*,#6851,.F.);
#3938=ORIENTED_EDGE('',*,*,#6423,.F.);
#3939=ORIENTED_EDGE('',*,*,#6852,.T.);
#3940=ORIENTED_EDGE('',*,*,#6853,.F.);
#3941=ORIENTED_EDGE('',*,*,#6706,.T.);
#3942=CARTESIAN_POINT('',(-9.325,1.6,-4.285));
#3943=DIRECTION('',(0.0,-1.0,0.0));
#3944=DIRECTION('',(0.0,0.0,-1.0));
#3945=ORIENTED_EDGE('',*,*,#6854,.T.);
#3946=ORIENTED_EDGE('',*,*,#6855,.F.);
#3947=ORIENTED_EDGE('',*,*,#6419,.F.);
#3948=ORIENTED_EDGE('',*,*,#6856,.T.);
#3949=ORIENTED_EDGE('',*,*,#6857,.F.);
#3950=ORIENTED_EDGE('',*,*,#6717,.T.);
#3951=CARTESIAN_POINT('',(-9.325,1.6,-4.285));
#3952=DIRECTION('',(0.0,-1.0,0.0));
#3953=DIRECTION('',(0.0,0.0,-1.0));
#3954=ORIENTED_EDGE('',*,*,#6579,.T.);
#3955=ORIENTED_EDGE('',*,*,#6468,.F.);
#3956=ORIENTED_EDGE('',*,*,#6415,.F.);
#3957=ORIENTED_EDGE('',*,*,#6858,.T.);
#3958=ORIENTED_EDGE('',*,*,#6859,.F.);
#3959=ORIENTED_EDGE('',*,*,#6723,.T.);
#3960=CARTESIAN_POINT('',(-9.325,1.6,-4.285));
#3961=DIRECTION('',(0.0,-1.0,0.0));
#3962=DIRECTION('',(0.0,0.0,-1.0));
#3963=ORIENTED_EDGE('',*,*,#6492,.F.);
#3964=ORIENTED_EDGE('',*,*,#6734,.T.);
#3965=ORIENTED_EDGE('',*,*,#6839,.F.);
#3966=ORIENTED_EDGE('',*,*,#6411,.F.);
#3967=ORIENTED_EDGE('',*,*,#6448,.T.);
#3968=CARTESIAN_POINT('',(-9.325,1.6,-4.285));
#3969=DIRECTION('',(0.0,-1.0,0.0));
#3970=DIRECTION('',(0.0,0.0,-1.0));
#3971=ORIENTED_EDGE('',*,*,#6860,.F.);
#3972=ORIENTED_EDGE('',*,*,#6861,.F.);
#3973=ORIENTED_EDGE('',*,*,#6862,.F.);
#3974=ORIENTED_EDGE('',*,*,#6863,.F.);
#3975=ORIENTED_EDGE('',*,*,#6864,.F.);
#3976=ORIENTED_EDGE('',*,*,#6529,.F.);
#3977=CARTESIAN_POINT('',(5.68,0.0,0.0));
#3978=DIRECTION('',(1.0,0.0,0.0));
#3979=DIRECTION('',(0.0,1.0,0.0));
#3980=ORIENTED_EDGE('',*,*,#6849,.T.);
#3981=ORIENTED_EDGE('',*,*,#6865,.F.);
#3982=ORIENTED_EDGE('',*,*,#6866,.F.);
#3983=ORIENTED_EDGE('',*,*,#6696,.T.);
#3984=CARTESIAN_POINT('',(5.68,0.0,0.0));
#3985=DIRECTION('',(1.0,0.0,0.0));
#3986=DIRECTION('',(0.0,1.0,0.0));
#3987=ORIENTED_EDGE('',*,*,#6700,.T.);
#3988=ORIENTED_EDGE('',*,*,#6867,.F.);
#3989=ORIENTED_EDGE('',*,*,#6868,.F.);
#3990=ORIENTED_EDGE('',*,*,#6606,.T.);
#3991=CARTESIAN_POINT('',(5.68,0.0,0.0));
#3992=DIRECTION('',(1.0,0.0,0.0));
#3993=DIRECTION('',(0.0,1.0,0.0));
#3994=ORIENTED_EDGE('',*,*,#6869,.F.);
#3995=ORIENTED_EDGE('',*,*,#6870,.F.);
#3996=ORIENTED_EDGE('',*,*,#6644,.F.);
#3997=ORIENTED_EDGE('',*,*,#6698,.T.);
#3998=CARTESIAN_POINT('',(5.68,0.0,0.0));
#3999=DIRECTION('',(1.0,0.0,0.0));
#4000=DIRECTION('',(0.0,1.0,0.0));
#4001=ORIENTED_EDGE('',*,*,#6871,.F.);
#4002=ORIENTED_EDGE('',*,*,#6872,.F.);
#4003=ORIENTED_EDGE('',*,*,#6873,.F.);
#4004=ORIENTED_EDGE('',*,*,#6874,.F.);
#4005=ORIENTED_EDGE('',*,*,#6875,.F.);
#4006=ORIENTED_EDGE('',*,*,#6876,.T.);
#4007=CARTESIAN_POINT('',(5.68,0.0,0.0));
#4008=DIRECTION('',(1.0,0.0,0.0));
#4009=DIRECTION('',(0.0,1.0,0.0));
#4010=ORIENTED_EDGE('',*,*,#6877,.F.);
#4011=ORIENTED_EDGE('',*,*,#6878,.F.);
#4012=ORIENTED_EDGE('',*,*,#6879,.F.);
#4013=ORIENTED_EDGE('',*,*,#6880,.T.);
#4014=CARTESIAN_POINT('',(5.68,0.0,0.0));
#4015=DIRECTION('',(1.0,0.0,0.0));
#4016=DIRECTION('',(0.0,1.0,0.0));
#4017=ORIENTED_EDGE('',*,*,#6881,.F.);
#4018=ORIENTED_EDGE('',*,*,#6882,.F.);
#4019=ORIENTED_EDGE('',*,*,#6883,.F.);
#4020=ORIENTED_EDGE('',*,*,#6884,.T.);
#4021=CARTESIAN_POINT('',(5.68,0.0,0.0));
#4022=DIRECTION('',(1.0,0.0,0.0));
#4023=DIRECTION('',(0.0,1.0,0.0));
#4024=ORIENTED_EDGE('',*,*,#6530,.T.);
#4025=ORIENTED_EDGE('',*,*,#6864,.T.);
#4026=ORIENTED_EDGE('',*,*,#6885,.F.);
#4027=ORIENTED_EDGE('',*,*,#6650,.F.);
#4028=CARTESIAN_POINT('',(6.32,-3.43,-4.073823812587));
#4029=DIRECTION('',(0.0,-0.342020143325699,0.939692620785897));
#4030=DIRECTION('',(-1.0,0.0,0.0));
#4031=ORIENTED_EDGE('',*,*,#6885,.T.);
#4032=ORIENTED_EDGE('',*,*,#6863,.T.);
#4033=ORIENTED_EDGE('',*,*,#6886,.F.);
#4034=ORIENTED_EDGE('',*,*,#6651,.F.);
#4035=CARTESIAN_POINT('',(6.32,-4.23,-4.365));
#4036=DIRECTION('',(0.0,0.0,1.0));
#4037=DIRECTION('',(1.0,0.0,0.0));
#4038=ORIENTED_EDGE('',*,*,#6886,.T.);
#4039=ORIENTED_EDGE('',*,*,#6862,.T.);
#4040=ORIENTED_EDGE('',*,*,#6887,.F.);
#4041=ORIENTED_EDGE('',*,*,#6652,.F.);
#4042=CARTESIAN_POINT('',(6.32,-5.29,-4.685));
#4043=DIRECTION('',(-1.0,0.0,-0.0));
#4044=DIRECTION('',(0.0,0.0,-1.0));
#4045=ORIENTED_EDGE('',*,*,#6887,.T.);
#4046=ORIENTED_EDGE('',*,*,#6861,.T.);
#4047=ORIENTED_EDGE('',*,*,#6888,.F.);
#4048=ORIENTED_EDGE('',*,*,#6653,.F.);
#4049=CARTESIAN_POINT('',(6.32,-5.29,-5.005));
#4050=DIRECTION('',(0.0,0.0,-1.0));
#4051=DIRECTION('',(0.0,-1.0,0.0));
#4052=ORIENTED_EDGE('',*,*,#6888,.T.);
#4053=ORIENTED_EDGE('',*,*,#6860,.T.);
#4054=ORIENTED_EDGE('',*,*,#6889,.F.);
#4055=ORIENTED_EDGE('',*,*,#6654,.F.);
#4056=CARTESIAN_POINT('',(6.32,-4.23,-5.005));
#4057=DIRECTION('',(0.0,0.342020143325699,-0.939692620785897));
#4058=DIRECTION('',(-1.0,0.0,0.0));
#4059=ORIENTED_EDGE('',*,*,#6889,.T.);
#4060=ORIENTED_EDGE('',*,*,#6890,.T.);
#4061=ORIENTED_EDGE('',*,*,#6868,.T.);
#4062=ORIENTED_EDGE('',*,*,#6891,.F.);
#4063=ORIENTED_EDGE('',*,*,#6647,.F.);
#4064=ORIENTED_EDGE('',*,*,#6637,.F.);
#4065=CARTESIAN_POINT('',(6.32,-3.43,-4.713823812587));
#4066=DIRECTION('',(0.0,0.0,-1.0));
#4067=DIRECTION('',(0.0,-1.0,0.0));
#4068=ORIENTED_EDGE('',*,*,#6648,.F.);
#4069=ORIENTED_EDGE('',*,*,#6891,.T.);
#4070=ORIENTED_EDGE('',*,*,#6867,.T.);
#4071=ORIENTED_EDGE('',*,*,#6892,.F.);
#4072=ORIENTED_EDGE('',*,*,#6893,.T.);
#4073=ORIENTED_EDGE('',*,*,#6630,.T.);
#4074=CARTESIAN_POINT('',(6.32,-1.18,-4.713823812587));
#4075=DIRECTION('',(-0.0,1.0,0.0));
#4076=DIRECTION('',(1.0,0.0,0.0));
#4077=ORIENTED_EDGE('',*,*,#6674,.F.);
#4078=ORIENTED_EDGE('',*,*,#6894,.F.);
#4079=ORIENTED_EDGE('',*,*,#6881,.T.);
#4080=ORIENTED_EDGE('',*,*,#6895,.F.);
#4081=CARTESIAN_POINT('',(6.32,-1.18,-4.713823812587));
#4082=DIRECTION('',(-0.0,1.0,0.0));
#4083=DIRECTION('',(1.0,0.0,0.0));
#4084=ORIENTED_EDGE('',*,*,#6896,.F.);
#4085=ORIENTED_EDGE('',*,*,#6897,.F.);
#4086=ORIENTED_EDGE('',*,*,#6898,.T.);
#4087=ORIENTED_EDGE('',*,*,#6633,.T.);
#4088=CARTESIAN_POINT('',(5.68,3.43,-3.955));
#4089=DIRECTION('',(0.0,0.0,1.0));
#4090=DIRECTION('',(1.0,0.0,0.0));
#4091=ORIENTED_EDGE('',*,*,#6631,.T.);
#4092=ORIENTED_EDGE('',*,*,#6893,.F.);
#4093=ORIENTED_EDGE('',*,*,#6899,.F.);
#4094=ORIENTED_EDGE('',*,*,#6642,.T.);
#4095=CARTESIAN_POINT('',(5.68,3.43,-3.955));
#4096=DIRECTION('',(0.0,0.0,1.0));
#4097=DIRECTION('',(1.0,0.0,0.0));
#4098=ORIENTED_EDGE('',*,*,#6898,.F.);
#4099=ORIENTED_EDGE('',*,*,#6900,.T.);
#4100=ORIENTED_EDGE('',*,*,#6866,.T.);
#4101=ORIENTED_EDGE('',*,*,#6901,.F.);
#4102=ORIENTED_EDGE('',*,*,#6655,.F.);
#4103=ORIENTED_EDGE('',*,*,#6634,.F.);
#4104=CARTESIAN_POINT('',(6.32,1.18,2.555));
#4105=DIRECTION('',(0.0,-1.0,0.0));
#4106=DIRECTION('',(0.0,0.0,-1.0));
#4107=ORIENTED_EDGE('',*,*,#6879,.T.);
#4108=ORIENTED_EDGE('',*,*,#6902,.T.);
#4109=ORIENTED_EDGE('',*,*,#6668,.F.);
#4110=ORIENTED_EDGE('',*,*,#6903,.T.);
#4111=CARTESIAN_POINT('',(6.32,1.18,2.555));
#4112=DIRECTION('',(0.0,-1.0,0.0));
#4113=DIRECTION('',(0.0,0.0,-1.0));
#4114=ORIENTED_EDGE('',*,*,#6656,.F.);
#4115=ORIENTED_EDGE('',*,*,#6901,.T.);
#4116=ORIENTED_EDGE('',*,*,#6865,.T.);
#4117=ORIENTED_EDGE('',*,*,#6904,.F.);
#4118=ORIENTED_EDGE('',*,*,#6905,.F.);
#4119=ORIENTED_EDGE('',*,*,#6640,.T.);
#4120=CARTESIAN_POINT('',(6.32,1.18,-4.713823812587));
#4121=DIRECTION('',(0.0,0.0,-1.0));
#4122=DIRECTION('',(0.0,-1.0,0.0));
#4123=ORIENTED_EDGE('',*,*,#6905,.T.);
#4124=ORIENTED_EDGE('',*,*,#6875,.T.);
#4125=ORIENTED_EDGE('',*,*,#6906,.F.);
#4126=ORIENTED_EDGE('',*,*,#6662,.F.);
#4127=CARTESIAN_POINT('',(6.32,3.175,-4.713823812587));
#4128=DIRECTION('',(0.0,-0.342020143325699,-0.939692620785897));
#4129=DIRECTION('',(0.0,-0.939692620785897,0.342020143325699));
#4130=ORIENTED_EDGE('',*,*,#6906,.T.);
#4131=ORIENTED_EDGE('',*,*,#6874,.T.);
#4132=ORIENTED_EDGE('',*,*,#6907,.F.);
#4133=ORIENTED_EDGE('',*,*,#6663,.F.);
#4134=CARTESIAN_POINT('',(6.32,3.975,-5.005));
#4135=DIRECTION('',(0.0,0.0,-1.0));
#4136=DIRECTION('',(0.0,-1.0,0.0));
#4137=ORIENTED_EDGE('',*,*,#6907,.T.);
#4138=ORIENTED_EDGE('',*,*,#6873,.T.);
#4139=ORIENTED_EDGE('',*,*,#6908,.F.);
#4140=ORIENTED_EDGE('',*,*,#6664,.F.);
#4141=CARTESIAN_POINT('',(6.32,5.27,-4.685));
#4142=DIRECTION('',(-1.0,0.0,-0.0));
#4143=DIRECTION('',(0.0,0.0,-1.0));
#4144=ORIENTED_EDGE('',*,*,#6908,.T.);
#4145=ORIENTED_EDGE('',*,*,#6872,.T.);
#4146=ORIENTED_EDGE('',*,*,#6909,.F.);
#4147=ORIENTED_EDGE('',*,*,#6665,.F.);
#4148=CARTESIAN_POINT('',(6.32,5.27,-4.365));
#4149=DIRECTION('',(0.0,0.0,1.0));
#4150=DIRECTION('',(1.0,0.0,0.0));
#4151=ORIENTED_EDGE('',*,*,#6909,.T.);
#4152=ORIENTED_EDGE('',*,*,#6871,.T.);
#4153=ORIENTED_EDGE('',*,*,#6910,.F.);
#4154=ORIENTED_EDGE('',*,*,#6666,.F.);
#4155=CARTESIAN_POINT('',(6.32,4.21,-4.365));
#4156=DIRECTION('',(0.0,0.342020143325699,0.939692620785897));
#4157=DIRECTION('',(1.0,-0.0,0.0));
#4158=ORIENTED_EDGE('',*,*,#6449,.T.);
#4159=ORIENTED_EDGE('',*,*,#6413,.F.);
#4160=ORIENTED_EDGE('',*,*,#6409,.T.);
#4161=ORIENTED_EDGE('',*,*,#6911,.T.);
#4162=ORIENTED_EDGE('',*,*,#6912,.T.);
#4163=ORIENTED_EDGE('',*,*,#6427,.F.);
#4164=ORIENTED_EDGE('',*,*,#6641,.F.);
#4165=ORIENTED_EDGE('',*,*,#6667,.T.);
#4166=ORIENTED_EDGE('',*,*,#6910,.T.);
#4167=ORIENTED_EDGE('',*,*,#6876,.F.);
#4168=ORIENTED_EDGE('',*,*,#6913,.T.);
#4169=ORIENTED_EDGE('',*,*,#6434,.F.);
#4170=ORIENTED_EDGE('',*,*,#6914,.F.);
#4171=ORIENTED_EDGE('',*,*,#6915,.F.);
#4172=ORIENTED_EDGE('',*,*,#6916,.T.);
#4173=ORIENTED_EDGE('',*,*,#6917,.T.);
#4174=ORIENTED_EDGE('',*,*,#6918,.T.);
#4175=ORIENTED_EDGE('',*,*,#6425,.F.);
#4176=ORIENTED_EDGE('',*,*,#6919,.F.);
#4177=ORIENTED_EDGE('',*,*,#6920,.F.);
#4178=ORIENTED_EDGE('',*,*,#6921,.T.);
#4179=ORIENTED_EDGE('',*,*,#6922,.T.);
#4180=ORIENTED_EDGE('',*,*,#6923,.T.);
#4181=ORIENTED_EDGE('',*,*,#6421,.F.);
#4182=ORIENTED_EDGE('',*,*,#6924,.F.);
#4183=ORIENTED_EDGE('',*,*,#6925,.F.);
#4184=ORIENTED_EDGE('',*,*,#6926,.T.);
#4185=ORIENTED_EDGE('',*,*,#6927,.T.);
#4186=ORIENTED_EDGE('',*,*,#6928,.T.);
#4187=ORIENTED_EDGE('',*,*,#6417,.F.);
#4188=ORIENTED_EDGE('',*,*,#6467,.F.);
#4189=ORIENTED_EDGE('',*,*,#6586,.F.);
#4190=ORIENTED_EDGE('',*,*,#6929,.T.);
#4191=ORIENTED_EDGE('',*,*,#6501,.T.);
#4192=CARTESIAN_POINT('',(-9.325,3.175,-4.955));
#4193=DIRECTION('',(-0.0,1.0,0.0));
#4194=DIRECTION('',(1.0,0.0,0.0));
#4195=ORIENTED_EDGE('',*,*,#6930,.T.);
#4196=ORIENTED_EDGE('',*,*,#6496,.T.);
#4197=ORIENTED_EDGE('',*,*,#6929,.F.);
#4198=ORIENTED_EDGE('',*,*,#6585,.F.);
#4199=CARTESIAN_POINT('',(-5.68,4.21,-4.365));
#4200=DIRECTION('',(0.0,0.342020143325699,0.939692620785897));
#4201=DIRECTION('',(1.0,-0.0,0.0));
#4202=ORIENTED_EDGE('',*,*,#6931,.T.);
#4203=ORIENTED_EDGE('',*,*,#6497,.T.);
#4204=ORIENTED_EDGE('',*,*,#6930,.F.);
#4205=ORIENTED_EDGE('',*,*,#6584,.F.);
#4206=CARTESIAN_POINT('',(-5.68,5.27,-4.365));
#4207=DIRECTION('',(0.0,0.0,1.0));
#4208=DIRECTION('',(1.0,0.0,0.0));
#4209=ORIENTED_EDGE('',*,*,#6932,.T.);
#4210=ORIENTED_EDGE('',*,*,#6498,.T.);
#4211=ORIENTED_EDGE('',*,*,#6931,.F.);
#4212=ORIENTED_EDGE('',*,*,#6583,.F.);
#4213=CARTESIAN_POINT('',(-5.68,5.27,-4.685));
#4214=DIRECTION('',(-1.0,0.0,-0.0));
#4215=DIRECTION('',(0.0,0.0,-1.0));
#4216=ORIENTED_EDGE('',*,*,#6933,.T.);
#4217=ORIENTED_EDGE('',*,*,#6499,.T.);
#4218=ORIENTED_EDGE('',*,*,#6932,.F.);
#4219=ORIENTED_EDGE('',*,*,#6582,.F.);
#4220=CARTESIAN_POINT('',(-5.68,3.975,-5.005));
#4221=DIRECTION('',(0.0,0.0,-1.0));
#4222=DIRECTION('',(0.0,-1.0,0.0));
#4223=ORIENTED_EDGE('',*,*,#6934,.T.);
#4224=ORIENTED_EDGE('',*,*,#6500,.T.);
#4225=ORIENTED_EDGE('',*,*,#6933,.F.);
#4226=ORIENTED_EDGE('',*,*,#6581,.F.);
#4227=CARTESIAN_POINT('',(-5.68,3.175,-4.713823812587));
#4228=DIRECTION('',(0.0,-0.342020143325699,-0.939692620785897));
#4229=DIRECTION('',(0.0,-0.939692620785897,0.342020143325699));
#4230=ORIENTED_EDGE('',*,*,#6578,.F.);
#4231=ORIENTED_EDGE('',*,*,#6935,.T.);
#4232=ORIENTED_EDGE('',*,*,#6493,.T.);
#4233=ORIENTED_EDGE('',*,*,#6450,.F.);
#4234=ORIENTED_EDGE('',*,*,#6934,.F.);
#4235=ORIENTED_EDGE('',*,*,#6469,.T.);
#4236=CARTESIAN_POINT('',(-5.68,1.18,-4.713823812587));
#4237=DIRECTION('',(0.0,0.0,-1.0));
#4238=DIRECTION('',(0.0,-1.0,0.0));
#4239=ORIENTED_EDGE('',*,*,#6471,.F.);
#4240=ORIENTED_EDGE('',*,*,#6441,.T.);
#4241=ORIENTED_EDGE('',*,*,#6494,.T.);
#4242=ORIENTED_EDGE('',*,*,#6935,.F.);
#4243=ORIENTED_EDGE('',*,*,#6577,.F.);
#4244=ORIENTED_EDGE('',*,*,#6460,.F.);
#4245=CARTESIAN_POINT('',(-5.68,1.18,2.555));
#4246=DIRECTION('',(0.0,-1.0,0.0));
#4247=DIRECTION('',(0.0,0.0,-1.0));
#4248=ORIENTED_EDGE('',*,*,#6592,.F.);
#4249=ORIENTED_EDGE('',*,*,#6936,.T.);
#4250=ORIENTED_EDGE('',*,*,#6505,.T.);
#4251=ORIENTED_EDGE('',*,*,#6937,.T.);
#4252=CARTESIAN_POINT('',(-5.68,1.18,2.555));
#4253=DIRECTION('',(0.0,-1.0,0.0));
#4254=DIRECTION('',(0.0,0.0,-1.0));
#4255=ORIENTED_EDGE('',*,*,#6938,.T.);
#4256=ORIENTED_EDGE('',*,*,#6939,.T.);
#4257=ORIENTED_EDGE('',*,*,#6940,.T.);
#4258=ORIENTED_EDGE('',*,*,#6941,.T.);
#4259=ORIENTED_EDGE('',*,*,#6942,.T.);
#4260=ORIENTED_EDGE('',*,*,#6902,.F.);
#4261=ORIENTED_EDGE('',*,*,#6878,.T.);
#4262=ORIENTED_EDGE('',*,*,#6943,.T.);
#4263=ORIENTED_EDGE('',*,*,#6669,.F.);
#4264=CARTESIAN_POINT('',(-9.325,3.43,-1.645));
#4265=DIRECTION('',(0.0,0.0,1.0));
#4266=DIRECTION('',(1.0,0.0,0.0));
#4267=ORIENTED_EDGE('',*,*,#6944,.T.);
#4268=ORIENTED_EDGE('',*,*,#6945,.T.);
#4269=ORIENTED_EDGE('',*,*,#6946,.T.);
#4270=ORIENTED_EDGE('',*,*,#6947,.T.);
#4271=ORIENTED_EDGE('',*,*,#6948,.F.);
#4272=ORIENTED_EDGE('',*,*,#6882,.T.);
#4273=ORIENTED_EDGE('',*,*,#6894,.T.);
#4274=ORIENTED_EDGE('',*,*,#6673,.F.);
#4275=CARTESIAN_POINT('',(-9.325,3.43,-1.645));
#4276=DIRECTION('',(0.0,0.0,1.0));
#4277=DIRECTION('',(1.0,0.0,0.0));
#4278=ORIENTED_EDGE('',*,*,#6949,.T.);
#4279=ORIENTED_EDGE('',*,*,#6950,.T.);
#4280=ORIENTED_EDGE('',*,*,#6951,.T.);
#4281=ORIENTED_EDGE('',*,*,#6952,.T.);
#4282=ORIENTED_EDGE('',*,*,#6953,.T.);
#4283=ORIENTED_EDGE('',*,*,#6954,.F.);
#4284=ORIENTED_EDGE('',*,*,#6955,.T.);
#4285=ORIENTED_EDGE('',*,*,#6956,.T.);
#4286=ORIENTED_EDGE('',*,*,#6957,.F.);
#4287=CARTESIAN_POINT('',(-9.325,3.43,-1.645));
#4288=DIRECTION('',(0.0,0.0,1.0));
#4289=DIRECTION('',(1.0,0.0,0.0));
#4290=ORIENTED_EDGE('',*,*,#6958,.T.);
#4291=ORIENTED_EDGE('',*,*,#6959,.T.);
#4292=ORIENTED_EDGE('',*,*,#6960,.T.);
#4293=ORIENTED_EDGE('',*,*,#6961,.T.);
#4294=ORIENTED_EDGE('',*,*,#6962,.T.);
#4295=ORIENTED_EDGE('',*,*,#6963,.F.);
#4296=ORIENTED_EDGE('',*,*,#6964,.T.);
#4297=ORIENTED_EDGE('',*,*,#6965,.T.);
#4298=ORIENTED_EDGE('',*,*,#6966,.F.);
#4299=CARTESIAN_POINT('',(-9.325,3.43,-1.645));
#4300=DIRECTION('',(0.0,0.0,1.0));
#4301=DIRECTION('',(1.0,0.0,0.0));
#4302=ORIENTED_EDGE('',*,*,#6967,.T.);
#4303=ORIENTED_EDGE('',*,*,#6968,.T.);
#4304=ORIENTED_EDGE('',*,*,#6969,.T.);
#4305=ORIENTED_EDGE('',*,*,#6970,.T.);
#4306=ORIENTED_EDGE('',*,*,#6971,.T.);
#4307=ORIENTED_EDGE('',*,*,#6972,.F.);
#4308=ORIENTED_EDGE('',*,*,#6973,.T.);
#4309=ORIENTED_EDGE('',*,*,#6974,.T.);
#4310=ORIENTED_EDGE('',*,*,#6975,.F.);
#4311=CARTESIAN_POINT('',(-9.325,3.43,-1.645));
#4312=DIRECTION('',(0.0,0.0,1.0));
#4313=DIRECTION('',(1.0,0.0,0.0));
#4314=ORIENTED_EDGE('',*,*,#6976,.T.);
#4315=ORIENTED_EDGE('',*,*,#6977,.T.);
#4316=ORIENTED_EDGE('',*,*,#6978,.T.);
#4317=ORIENTED_EDGE('',*,*,#6979,.T.);
#4318=ORIENTED_EDGE('',*,*,#6980,.T.);
#4319=ORIENTED_EDGE('',*,*,#6981,.F.);
#4320=ORIENTED_EDGE('',*,*,#6982,.T.);
#4321=ORIENTED_EDGE('',*,*,#6983,.T.);
#4322=ORIENTED_EDGE('',*,*,#6984,.F.);
#4323=CARTESIAN_POINT('',(-9.325,3.43,-1.645));
#4324=DIRECTION('',(0.0,0.0,1.0));
#4325=DIRECTION('',(1.0,0.0,0.0));
#4326=ORIENTED_EDGE('',*,*,#6985,.T.);
#4327=ORIENTED_EDGE('',*,*,#6986,.T.);
#4328=ORIENTED_EDGE('',*,*,#6987,.T.);
#4329=ORIENTED_EDGE('',*,*,#6988,.T.);
#4330=ORIENTED_EDGE('',*,*,#6989,.T.);
#4331=ORIENTED_EDGE('',*,*,#6990,.F.);
#4332=ORIENTED_EDGE('',*,*,#6991,.T.);
#4333=ORIENTED_EDGE('',*,*,#6992,.T.);
#4334=ORIENTED_EDGE('',*,*,#6993,.F.);
#4335=CARTESIAN_POINT('',(-9.325,3.43,-1.645));
#4336=DIRECTION('',(0.0,0.0,1.0));
#4337=DIRECTION('',(1.0,0.0,0.0));
#4338=ORIENTED_EDGE('',*,*,#6994,.T.);
#4339=ORIENTED_EDGE('',*,*,#6995,.T.);
#4340=ORIENTED_EDGE('',*,*,#6996,.T.);
#4341=ORIENTED_EDGE('',*,*,#6997,.T.);
#4342=ORIENTED_EDGE('',*,*,#6998,.T.);
#4343=ORIENTED_EDGE('',*,*,#6999,.F.);
#4344=ORIENTED_EDGE('',*,*,#7000,.T.);
#4345=ORIENTED_EDGE('',*,*,#7001,.T.);
#4346=ORIENTED_EDGE('',*,*,#7002,.F.);
#4347=CARTESIAN_POINT('',(-9.325,3.43,-1.645));
#4348=DIRECTION('',(0.0,0.0,1.0));
#4349=DIRECTION('',(1.0,0.0,0.0));
#4350=ORIENTED_EDGE('',*,*,#7003,.T.);
#4351=ORIENTED_EDGE('',*,*,#7004,.T.);
#4352=ORIENTED_EDGE('',*,*,#7005,.T.);
#4353=ORIENTED_EDGE('',*,*,#7006,.T.);
#4354=ORIENTED_EDGE('',*,*,#7007,.T.);
#4355=ORIENTED_EDGE('',*,*,#7008,.F.);
#4356=ORIENTED_EDGE('',*,*,#6504,.T.);
#4357=ORIENTED_EDGE('',*,*,#6479,.T.);
#4358=ORIENTED_EDGE('',*,*,#6589,.F.);
#4359=CARTESIAN_POINT('',(-9.325,3.43,-1.645));
#4360=DIRECTION('',(0.0,0.0,1.0));
#4361=DIRECTION('',(1.0,0.0,0.0));
#4362=ORIENTED_EDGE('',*,*,#7009,.T.);
#4363=ORIENTED_EDGE('',*,*,#7010,.T.);
#4364=ORIENTED_EDGE('',*,*,#7011,.T.);
#4365=ORIENTED_EDGE('',*,*,#7012,.T.);
#4366=ORIENTED_EDGE('',*,*,#7013,.T.);
#4367=ORIENTED_EDGE('',*,*,#6937,.F.);
#4368=ORIENTED_EDGE('',*,*,#6508,.T.);
#4369=ORIENTED_EDGE('',*,*,#7014,.T.);
#4370=ORIENTED_EDGE('',*,*,#6593,.F.);
#4371=CARTESIAN_POINT('',(-9.325,3.43,-1.645));
#4372=DIRECTION('',(0.0,0.0,1.0));
#4373=DIRECTION('',(1.0,0.0,0.0));
#4374=ORIENTED_EDGE('',*,*,#7015,.T.);
#4375=ORIENTED_EDGE('',*,*,#6942,.F.);
#4376=ORIENTED_EDGE('',*,*,#7016,.F.);
#4377=ORIENTED_EDGE('',*,*,#7017,.T.);
#4378=CARTESIAN_POINT('',(4.73,2.77,4.955));
#4379=DIRECTION('',(-1.0,0.0,0.0));
#4380=DIRECTION('',(0.0,0.0,1.0));
#4381=ORIENTED_EDGE('',*,*,#6371,.F.);
#4382=ORIENTED_EDGE('',*,*,#6386,.F.);
#4383=ORIENTED_EDGE('',*,*,#6378,.T.);
#4384=ORIENTED_EDGE('',*,*,#6307,.F.);
#4385=ORIENTED_EDGE('',*,*,#6382,.T.);
#4386=ORIENTED_EDGE('',*,*,#6536,.T.);
#4387=ORIENTED_EDGE('',*,*,#6373,.F.);
#4388=ORIENTED_EDGE('',*,*,#6346,.T.);
#4389=ORIENTED_EDGE('',*,*,#7017,.F.);
#4390=ORIENTED_EDGE('',*,*,#7018,.F.);
#4391=ORIENTED_EDGE('',*,*,#7019,.F.);
#4392=ORIENTED_EDGE('',*,*,#7020,.F.);
#4393=ORIENTED_EDGE('',*,*,#7021,.F.);
#4394=ORIENTED_EDGE('',*,*,#7022,.F.);
#4395=ORIENTED_EDGE('',*,*,#7023,.F.);
#4396=ORIENTED_EDGE('',*,*,#7024,.F.);
#4397=ORIENTED_EDGE('',*,*,#7025,.F.);
#4398=ORIENTED_EDGE('',*,*,#7026,.F.);
#4399=ORIENTED_EDGE('',*,*,#7027,.F.);
#4400=ORIENTED_EDGE('',*,*,#7028,.F.);
#4401=ORIENTED_EDGE('',*,*,#7029,.F.);
#4402=ORIENTED_EDGE('',*,*,#7030,.F.);
#4403=ORIENTED_EDGE('',*,*,#7031,.F.);
#4404=ORIENTED_EDGE('',*,*,#7032,.F.);
#4405=ORIENTED_EDGE('',*,*,#7033,.F.);
#4406=ORIENTED_EDGE('',*,*,#7034,.F.);
#4407=ORIENTED_EDGE('',*,*,#7035,.F.);
#4408=ORIENTED_EDGE('',*,*,#7036,.F.);
#4409=ORIENTED_EDGE('',*,*,#7037,.F.);
#4410=ORIENTED_EDGE('',*,*,#7038,.F.);
#4411=ORIENTED_EDGE('',*,*,#7039,.F.);
#4412=ORIENTED_EDGE('',*,*,#7040,.F.);
#4413=ORIENTED_EDGE('',*,*,#7041,.F.);
#4414=ORIENTED_EDGE('',*,*,#7042,.F.);
#4415=ORIENTED_EDGE('',*,*,#7043,.F.);
#4416=ORIENTED_EDGE('',*,*,#7044,.F.);
#4417=ORIENTED_EDGE('',*,*,#7045,.F.);
#4418=ORIENTED_EDGE('',*,*,#7046,.F.);
#4419=ORIENTED_EDGE('',*,*,#7047,.F.);
#4420=ORIENTED_EDGE('',*,*,#7048,.F.);
#4421=ORIENTED_EDGE('',*,*,#7049,.F.);
#4422=ORIENTED_EDGE('',*,*,#7050,.F.);
#4423=ORIENTED_EDGE('',*,*,#7051,.F.);
#4424=ORIENTED_EDGE('',*,*,#7052,.F.);
#4425=ORIENTED_EDGE('',*,*,#7053,.F.);
#4426=ORIENTED_EDGE('',*,*,#7054,.F.);
#4427=ORIENTED_EDGE('',*,*,#7055,.F.);
#4428=ORIENTED_EDGE('',*,*,#7056,.F.);
#4429=ORIENTED_EDGE('',*,*,#7057,.F.);
#4430=ORIENTED_EDGE('',*,*,#7058,.F.);
#4431=ORIENTED_EDGE('',*,*,#7059,.F.);
#4432=ORIENTED_EDGE('',*,*,#7060,.F.);
#4433=ORIENTED_EDGE('',*,*,#7061,.F.);
#4434=ORIENTED_EDGE('',*,*,#7062,.F.);
#4435=ORIENTED_EDGE('',*,*,#7063,.F.);
#4436=ORIENTED_EDGE('',*,*,#7064,.F.);
#4437=ORIENTED_EDGE('',*,*,#7065,.F.);
#4438=CARTESIAN_POINT('',(-9.325,3.43,4.955));
#4439=DIRECTION('',(0.0,0.0,1.0));
#4440=DIRECTION('',(1.0,0.0,0.0));
#4441=ORIENTED_EDGE('',*,*,#7066,.T.);
#4442=ORIENTED_EDGE('',*,*,#6938,.F.);
#4443=ORIENTED_EDGE('',*,*,#7015,.F.);
#4444=ORIENTED_EDGE('',*,*,#7021,.T.);
#4445=CARTESIAN_POINT('',(4.73,0.23,4.955));
#4446=DIRECTION('',(0.0,-1.0,0.0));
#4447=DIRECTION('',(0.0,0.0,-1.0));
#4448=ORIENTED_EDGE('',*,*,#7067,.T.);
#4449=ORIENTED_EDGE('',*,*,#6939,.F.);
#4450=ORIENTED_EDGE('',*,*,#7066,.F.);
#4451=ORIENTED_EDGE('',*,*,#7020,.T.);
#4452=CARTESIAN_POINT('',(6.57,0.23,4.955));
#4453=DIRECTION('',(0.707106781186548,-0.707106781186548,0.0));
#4454=DIRECTION('',(0.0,0.0,-1.0));
#4455=ORIENTED_EDGE('',*,*,#7068,.T.);
#4456=ORIENTED_EDGE('',*,*,#6940,.F.);
#4457=ORIENTED_EDGE('',*,*,#7067,.F.);
#4458=ORIENTED_EDGE('',*,*,#7019,.T.);
#4459=CARTESIAN_POINT('',(7.27,0.93,4.955));
#4460=DIRECTION('',(1.0,0.0,0.0));
#4461=DIRECTION('',(0.0,1.0,0.0));
#4462=ORIENTED_EDGE('',*,*,#7016,.T.);
#4463=ORIENTED_EDGE('',*,*,#6941,.F.);
#4464=ORIENTED_EDGE('',*,*,#7068,.F.);
#4465=ORIENTED_EDGE('',*,*,#7018,.T.);
#4466=CARTESIAN_POINT('',(7.27,2.77,4.955));
#4467=DIRECTION('',(-0.0,1.0,0.0));
#4468=DIRECTION('',(1.0,0.0,0.0));
#4469=ORIENTED_EDGE('',*,*,#7069,.T.);
#4470=ORIENTED_EDGE('',*,*,#6947,.F.);
#4471=ORIENTED_EDGE('',*,*,#7070,.F.);
#4472=ORIENTED_EDGE('',*,*,#7025,.T.);
#4473=CARTESIAN_POINT('',(7.27,-0.23,4.955));
#4474=DIRECTION('',(-0.0,1.0,0.0));
#4475=DIRECTION('',(1.0,0.0,0.0));
#4476=ORIENTED_EDGE('',*,*,#7070,.T.);
#4477=ORIENTED_EDGE('',*,*,#6946,.F.);
#4478=ORIENTED_EDGE('',*,*,#7071,.F.);
#4479=ORIENTED_EDGE('',*,*,#7022,.T.);
#4480=CARTESIAN_POINT('',(7.27,-2.77,4.955));
#4481=DIRECTION('',(1.0,0.0,0.0));
#4482=DIRECTION('',(0.0,1.0,0.0));
#4483=ORIENTED_EDGE('',*,*,#7071,.T.);
#4484=ORIENTED_EDGE('',*,*,#6945,.F.);
#4485=ORIENTED_EDGE('',*,*,#7072,.F.);
#4486=ORIENTED_EDGE('',*,*,#7023,.T.);
#4487=CARTESIAN_POINT('',(4.73,-2.77,4.955));
#4488=DIRECTION('',(0.0,-1.0,0.0));
#4489=DIRECTION('',(0.0,0.0,-1.0));
#4490=ORIENTED_EDGE('',*,*,#7072,.T.);
#4491=ORIENTED_EDGE('',*,*,#6944,.F.);
#4492=ORIENTED_EDGE('',*,*,#7069,.F.);
#4493=ORIENTED_EDGE('',*,*,#7024,.T.);
#4494=CARTESIAN_POINT('',(4.73,-0.23,4.955));
#4495=DIRECTION('',(-1.0,0.0,0.0));
#4496=DIRECTION('',(0.0,0.0,1.0));
#4497=ORIENTED_EDGE('',*,*,#7073,.T.);
#4498=ORIENTED_EDGE('',*,*,#6989,.F.);
#4499=ORIENTED_EDGE('',*,*,#7074,.F.);
#4500=ORIENTED_EDGE('',*,*,#7030,.T.);
#4501=CARTESIAN_POINT('',(-4.27,-2.77,4.955));
#4502=DIRECTION('',(0.0,-1.0,0.0));
#4503=DIRECTION('',(0.0,0.0,-1.0));
#4504=ORIENTED_EDGE('',*,*,#7074,.T.);
#4505=ORIENTED_EDGE('',*,*,#6988,.F.);
#4506=ORIENTED_EDGE('',*,*,#7075,.F.);
#4507=ORIENTED_EDGE('',*,*,#7026,.T.);
#4508=CARTESIAN_POINT('',(-4.27,-0.23,4.955));
#4509=DIRECTION('',(-1.0,0.0,0.0));
#4510=DIRECTION('',(0.0,0.0,1.0));
#4511=ORIENTED_EDGE('',*,*,#7075,.T.);
#4512=ORIENTED_EDGE('',*,*,#6987,.F.);
#4513=ORIENTED_EDGE('',*,*,#7076,.F.);
#4514=ORIENTED_EDGE('',*,*,#7027,.T.);
#4515=CARTESIAN_POINT('',(-1.73,-0.23,4.955));
#4516=DIRECTION('',(-0.0,1.0,0.0));
#4517=DIRECTION('',(1.0,0.0,0.0));
#4518=ORIENTED_EDGE('',*,*,#7076,.T.);
#4519=ORIENTED_EDGE('',*,*,#6986,.F.);
#4520=ORIENTED_EDGE('',*,*,#7077,.F.);
#4521=ORIENTED_EDGE('',*,*,#7028,.T.);
#4522=CARTESIAN_POINT('',(-1.73,-2.07,4.955));
#4523=DIRECTION('',(1.0,0.0,0.0));
#4524=DIRECTION('',(0.0,1.0,0.0));
#4525=ORIENTED_EDGE('',*,*,#7077,.T.);
#4526=ORIENTED_EDGE('',*,*,#6985,.F.);
#4527=ORIENTED_EDGE('',*,*,#7073,.F.);
#4528=ORIENTED_EDGE('',*,*,#7029,.T.);
#4529=CARTESIAN_POINT('',(-2.43,-2.77,4.955));
#4530=DIRECTION('',(0.707106781186548,-0.707106781186548,0.0));
#4531=DIRECTION('',(0.0,0.0,-1.0));
#4532=ORIENTED_EDGE('',*,*,#7078,.T.);
#4533=ORIENTED_EDGE('',*,*,#7007,.F.);
#4534=ORIENTED_EDGE('',*,*,#7079,.F.);
#4535=ORIENTED_EDGE('',*,*,#7035,.T.);
#4536=CARTESIAN_POINT('',(-4.73,-0.23,4.955));
#4537=DIRECTION('',(-0.0,1.0,0.0));
#4538=DIRECTION('',(1.0,0.0,0.0));
#4539=ORIENTED_EDGE('',*,*,#7079,.T.);
#4540=ORIENTED_EDGE('',*,*,#7006,.F.);
#4541=ORIENTED_EDGE('',*,*,#7080,.F.);
#4542=ORIENTED_EDGE('',*,*,#7031,.T.);
#4543=CARTESIAN_POINT('',(-4.73,-2.77,4.955));
#4544=DIRECTION('',(1.0,0.0,0.0));
#4545=DIRECTION('',(0.0,1.0,0.0));
#4546=ORIENTED_EDGE('',*,*,#7080,.T.);
#4547=ORIENTED_EDGE('',*,*,#7005,.F.);
#4548=ORIENTED_EDGE('',*,*,#7081,.F.);
#4549=ORIENTED_EDGE('',*,*,#7032,.T.);
#4550=CARTESIAN_POINT('',(-6.57,-2.77,4.955));
#4551=DIRECTION('',(0.0,-1.0,0.0));
#4552=DIRECTION('',(0.0,0.0,-1.0));
#4553=ORIENTED_EDGE('',*,*,#7081,.T.);
#4554=ORIENTED_EDGE('',*,*,#7004,.F.);
#4555=ORIENTED_EDGE('',*,*,#7082,.F.);
#4556=ORIENTED_EDGE('',*,*,#7033,.T.);
#4557=CARTESIAN_POINT('',(-7.27,-2.07,4.955));
#4558=DIRECTION('',(-0.707106781186548,-0.707106781186548,0.0));
#4559=DIRECTION('',(-0.707106781186548,0.707106781186548,0.0));
#4560=ORIENTED_EDGE('',*,*,#7082,.T.);
#4561=ORIENTED_EDGE('',*,*,#7003,.F.);
#4562=ORIENTED_EDGE('',*,*,#7078,.F.);
#4563=ORIENTED_EDGE('',*,*,#7034,.T.);
#4564=CARTESIAN_POINT('',(-7.27,-0.23,4.955));
#4565=DIRECTION('',(-1.0,0.0,0.0));
#4566=DIRECTION('',(0.0,0.0,1.0));
#4567=ORIENTED_EDGE('',*,*,#7083,.T.);
#4568=ORIENTED_EDGE('',*,*,#7013,.F.);
#4569=ORIENTED_EDGE('',*,*,#7084,.F.);
#4570=ORIENTED_EDGE('',*,*,#7040,.T.);
#4571=CARTESIAN_POINT('',(-6.57,0.23,4.955));
#4572=DIRECTION('',(0.0,-1.0,0.0));
#4573=DIRECTION('',(0.0,0.0,-1.0));
#4574=ORIENTED_EDGE('',*,*,#7084,.T.);
#4575=ORIENTED_EDGE('',*,*,#7012,.F.);
#4576=ORIENTED_EDGE('',*,*,#7085,.F.);
#4577=ORIENTED_EDGE('',*,*,#7036,.T.);
#4578=CARTESIAN_POINT('',(-7.27,0.93,4.955));
#4579=DIRECTION('',(-0.707106781186548,-0.707106781186548,0.0));
#4580=DIRECTION('',(-0.707106781186548,0.707106781186548,0.0));
#4581=ORIENTED_EDGE('',*,*,#7085,.T.);
#4582=ORIENTED_EDGE('',*,*,#7011,.F.);
#4583=ORIENTED_EDGE('',*,*,#7086,.F.);
#4584=ORIENTED_EDGE('',*,*,#7037,.T.);
#4585=CARTESIAN_POINT('',(-7.27,2.77,4.955));
#4586=DIRECTION('',(-1.0,0.0,0.0));
#4587=DIRECTION('',(0.0,0.0,1.0));
#4588=ORIENTED_EDGE('',*,*,#7086,.T.);
#4589=ORIENTED_EDGE('',*,*,#7010,.F.);
#4590=ORIENTED_EDGE('',*,*,#7087,.F.);
#4591=ORIENTED_EDGE('',*,*,#7038,.T.);
#4592=CARTESIAN_POINT('',(-4.73,2.77,4.955));
#4593=DIRECTION('',(-0.0,1.0,0.0));
#4594=DIRECTION('',(1.0,0.0,0.0));
#4595=ORIENTED_EDGE('',*,*,#7087,.T.);
#4596=ORIENTED_EDGE('',*,*,#7009,.F.);
#4597=ORIENTED_EDGE('',*,*,#7083,.F.);
#4598=ORIENTED_EDGE('',*,*,#7039,.T.);
#4599=CARTESIAN_POINT('',(-4.73,0.23,4.955));
#4600=DIRECTION('',(1.0,0.0,0.0));
#4601=DIRECTION('',(0.0,1.0,0.0));
#4602=ORIENTED_EDGE('',*,*,#7088,.T.);
#4603=ORIENTED_EDGE('',*,*,#6953,.F.);
#4604=ORIENTED_EDGE('',*,*,#7089,.F.);
#4605=ORIENTED_EDGE('',*,*,#7045,.T.);
#4606=CARTESIAN_POINT('',(1.73,-0.23,4.955));
#4607=DIRECTION('',(-1.0,0.0,0.0));
#4608=DIRECTION('',(0.0,0.0,1.0));
#4609=ORIENTED_EDGE('',*,*,#7089,.T.);
#4610=ORIENTED_EDGE('',*,*,#6952,.F.);
#4611=ORIENTED_EDGE('',*,*,#7090,.F.);
#4612=ORIENTED_EDGE('',*,*,#7041,.T.);
#4613=CARTESIAN_POINT('',(4.27,-0.23,4.955));
#4614=DIRECTION('',(-0.0,1.0,0.0));
#4615=DIRECTION('',(1.0,0.0,0.0));
#4616=ORIENTED_EDGE('',*,*,#7090,.T.);
#4617=ORIENTED_EDGE('',*,*,#6951,.F.);
#4618=ORIENTED_EDGE('',*,*,#7091,.F.);
#4619=ORIENTED_EDGE('',*,*,#7042,.T.);
#4620=CARTESIAN_POINT('',(4.27,-2.77,4.955));
#4621=DIRECTION('',(1.0,0.0,0.0));
#4622=DIRECTION('',(0.0,1.0,0.0));
#4623=ORIENTED_EDGE('',*,*,#7091,.T.);
#4624=ORIENTED_EDGE('',*,*,#6950,.F.);
#4625=ORIENTED_EDGE('',*,*,#7092,.F.);
#4626=ORIENTED_EDGE('',*,*,#7043,.T.);
#4627=CARTESIAN_POINT('',(2.43,-2.77,4.955));
#4628=DIRECTION('',(0.0,-1.0,0.0));
#4629=DIRECTION('',(0.0,0.0,-1.0));
#4630=ORIENTED_EDGE('',*,*,#7092,.T.);
#4631=ORIENTED_EDGE('',*,*,#6949,.F.);
#4632=ORIENTED_EDGE('',*,*,#7088,.F.);
#4633=ORIENTED_EDGE('',*,*,#7044,.T.);
#4634=CARTESIAN_POINT('',(1.73,-2.07,4.955));
#4635=DIRECTION('',(-0.707106781186548,-0.707106781186548,0.0));
#4636=DIRECTION('',(-0.707106781186548,0.707106781186548,0.0));
#4637=ORIENTED_EDGE('',*,*,#7093,.T.);
#4638=ORIENTED_EDGE('',*,*,#6962,.F.);
#4639=ORIENTED_EDGE('',*,*,#7094,.F.);
#4640=ORIENTED_EDGE('',*,*,#7050,.T.);
#4641=CARTESIAN_POINT('',(1.73,0.23,4.955));
#4642=DIRECTION('',(0.0,-1.0,0.0));
#4643=DIRECTION('',(0.0,0.0,-1.0));
#4644=ORIENTED_EDGE('',*,*,#7094,.T.);
#4645=ORIENTED_EDGE('',*,*,#6961,.F.);
#4646=ORIENTED_EDGE('',*,*,#7095,.F.);
#4647=ORIENTED_EDGE('',*,*,#7046,.T.);
#4648=CARTESIAN_POINT('',(1.73,2.77,4.955));
#4649=DIRECTION('',(-1.0,0.0,0.0));
#4650=DIRECTION('',(0.0,0.0,1.0));
#4651=ORIENTED_EDGE('',*,*,#7095,.T.);
#4652=ORIENTED_EDGE('',*,*,#6960,.F.);
#4653=ORIENTED_EDGE('',*,*,#7096,.F.);
#4654=ORIENTED_EDGE('',*,*,#7047,.T.);
#4655=CARTESIAN_POINT('',(4.27,2.77,4.955));
#4656=DIRECTION('',(-0.0,1.0,0.0));
#4657=DIRECTION('',(1.0,0.0,0.0));
#4658=ORIENTED_EDGE('',*,*,#7096,.T.);
#4659=ORIENTED_EDGE('',*,*,#6959,.F.);
#4660=ORIENTED_EDGE('',*,*,#7097,.F.);
#4661=ORIENTED_EDGE('',*,*,#7048,.T.);
#4662=CARTESIAN_POINT('',(4.27,0.93,4.955));
#4663=DIRECTION('',(1.0,0.0,0.0));
#4664=DIRECTION('',(0.0,1.0,0.0));
#4665=ORIENTED_EDGE('',*,*,#7097,.T.);
#4666=ORIENTED_EDGE('',*,*,#6958,.F.);
#4667=ORIENTED_EDGE('',*,*,#7093,.F.);
#4668=ORIENTED_EDGE('',*,*,#7049,.T.);
#4669=CARTESIAN_POINT('',(3.57,0.23,4.955));
#4670=DIRECTION('',(0.707106781186548,-0.707106781186548,0.0));
#4671=DIRECTION('',(0.0,0.0,-1.0));
#4672=ORIENTED_EDGE('',*,*,#7098,.T.);
#4673=ORIENTED_EDGE('',*,*,#6971,.F.);
#4674=ORIENTED_EDGE('',*,*,#7099,.F.);
#4675=ORIENTED_EDGE('',*,*,#7055,.T.);
#4676=CARTESIAN_POINT('',(-1.27,0.23,4.955));
#4677=DIRECTION('',(0.0,-1.0,0.0));
#4678=DIRECTION('',(0.0,0.0,-1.0));
#4679=ORIENTED_EDGE('',*,*,#7099,.T.);
#4680=ORIENTED_EDGE('',*,*,#6970,.F.);
#4681=ORIENTED_EDGE('',*,*,#7100,.F.);
#4682=ORIENTED_EDGE('',*,*,#7051,.T.);
#4683=CARTESIAN_POINT('',(-1.27,2.77,4.955));
#4684=DIRECTION('',(-1.0,0.0,0.0));
#4685=DIRECTION('',(0.0,0.0,1.0));
#4686=ORIENTED_EDGE('',*,*,#7100,.T.);
#4687=ORIENTED_EDGE('',*,*,#6969,.F.);
#4688=ORIENTED_EDGE('',*,*,#7101,.F.);
#4689=ORIENTED_EDGE('',*,*,#7052,.T.);
#4690=CARTESIAN_POINT('',(1.27,2.77,4.955));
#4691=DIRECTION('',(-0.0,1.0,0.0));
#4692=DIRECTION('',(1.0,0.0,0.0));
#4693=ORIENTED_EDGE('',*,*,#7101,.T.);
#4694=ORIENTED_EDGE('',*,*,#6968,.F.);
#4695=ORIENTED_EDGE('',*,*,#7102,.F.);
#4696=ORIENTED_EDGE('',*,*,#7053,.T.);
#4697=CARTESIAN_POINT('',(1.27,0.93,4.955));
#4698=DIRECTION('',(1.0,0.0,0.0));
#4699=DIRECTION('',(0.0,1.0,0.0));
#4700=ORIENTED_EDGE('',*,*,#7102,.T.);
#4701=ORIENTED_EDGE('',*,*,#6967,.F.);
#4702=ORIENTED_EDGE('',*,*,#7098,.F.);
#4703=ORIENTED_EDGE('',*,*,#7054,.T.);
#4704=CARTESIAN_POINT('',(0.57,0.23,4.955));
#4705=DIRECTION('',(0.707106781186548,-0.707106781186548,0.0));
#4706=DIRECTION('',(0.0,0.0,-1.0));
#4707=ORIENTED_EDGE('',*,*,#7103,.T.);
#4708=ORIENTED_EDGE('',*,*,#6980,.F.);
#4709=ORIENTED_EDGE('',*,*,#7104,.F.);
#4710=ORIENTED_EDGE('',*,*,#7060,.T.);
#4711=CARTESIAN_POINT('',(1.27,-0.23,4.955));
#4712=DIRECTION('',(-0.0,1.0,0.0));
#4713=DIRECTION('',(1.0,0.0,0.0));
#4714=ORIENTED_EDGE('',*,*,#7104,.T.);
#4715=ORIENTED_EDGE('',*,*,#6979,.F.);
#4716=ORIENTED_EDGE('',*,*,#7105,.F.);
#4717=ORIENTED_EDGE('',*,*,#7056,.T.);
#4718=CARTESIAN_POINT('',(1.27,-2.77,4.955));
#4719=DIRECTION('',(1.0,0.0,0.0));
#4720=DIRECTION('',(0.0,1.0,0.0));
#4721=ORIENTED_EDGE('',*,*,#7105,.T.);
#4722=ORIENTED_EDGE('',*,*,#6978,.F.);
#4723=ORIENTED_EDGE('',*,*,#7106,.F.);
#4724=ORIENTED_EDGE('',*,*,#7057,.T.);
#4725=CARTESIAN_POINT('',(-0.57,-2.77,4.955));
#4726=DIRECTION('',(0.0,-1.0,0.0));
#4727=DIRECTION('',(0.0,0.0,-1.0));
#4728=ORIENTED_EDGE('',*,*,#7106,.T.);
#4729=ORIENTED_EDGE('',*,*,#6977,.F.);
#4730=ORIENTED_EDGE('',*,*,#7107,.F.);
#4731=ORIENTED_EDGE('',*,*,#7058,.T.);
#4732=CARTESIAN_POINT('',(-1.27,-2.07,4.955));
#4733=DIRECTION('',(-0.707106781186548,-0.707106781186548,0.0));
#4734=DIRECTION('',(-0.707106781186548,0.707106781186548,0.0));
#4735=ORIENTED_EDGE('',*,*,#7107,.T.);
#4736=ORIENTED_EDGE('',*,*,#6976,.F.);
#4737=ORIENTED_EDGE('',*,*,#7103,.F.);
#4738=ORIENTED_EDGE('',*,*,#7059,.T.);
#4739=CARTESIAN_POINT('',(-1.27,-0.23,4.955));
#4740=DIRECTION('',(-1.0,0.0,0.0));
#4741=DIRECTION('',(0.0,0.0,1.0));
#4742=ORIENTED_EDGE('',*,*,#7108,.T.);
#4743=ORIENTED_EDGE('',*,*,#6998,.F.);
#4744=ORIENTED_EDGE('',*,*,#7109,.F.);
#4745=ORIENTED_EDGE('',*,*,#7065,.T.);
#4746=CARTESIAN_POINT('',(-4.27,0.23,4.955));
#4747=DIRECTION('',(0.0,-1.0,0.0));
#4748=DIRECTION('',(0.0,0.0,-1.0));
#4749=ORIENTED_EDGE('',*,*,#7109,.T.);
#4750=ORIENTED_EDGE('',*,*,#6997,.F.);
#4751=ORIENTED_EDGE('',*,*,#7110,.F.);
#4752=ORIENTED_EDGE('',*,*,#7061,.T.);
#4753=CARTESIAN_POINT('',(-4.27,2.77,4.955));
#4754=DIRECTION('',(-1.0,0.0,0.0));
#4755=DIRECTION('',(0.0,0.0,1.0));
#4756=ORIENTED_EDGE('',*,*,#7110,.T.);
#4757=ORIENTED_EDGE('',*,*,#6996,.F.);
#4758=ORIENTED_EDGE('',*,*,#7111,.F.);
#4759=ORIENTED_EDGE('',*,*,#7062,.T.);
#4760=CARTESIAN_POINT('',(-1.73,2.77,4.955));
#4761=DIRECTION('',(-0.0,1.0,0.0));
#4762=DIRECTION('',(1.0,0.0,0.0));
#4763=ORIENTED_EDGE('',*,*,#7111,.T.);
#4764=ORIENTED_EDGE('',*,*,#6995,.F.);
#4765=ORIENTED_EDGE('',*,*,#7112,.F.);
#4766=ORIENTED_EDGE('',*,*,#7063,.T.);
#4767=CARTESIAN_POINT('',(-1.73,0.93,4.955));
#4768=DIRECTION('',(1.0,0.0,0.0));
#4769=DIRECTION('',(0.0,1.0,0.0));
#4770=ORIENTED_EDGE('',*,*,#7112,.T.);
#4771=ORIENTED_EDGE('',*,*,#6994,.F.);
#4772=ORIENTED_EDGE('',*,*,#7108,.F.);
#4773=ORIENTED_EDGE('',*,*,#7064,.T.);
#4774=CARTESIAN_POINT('',(-2.43,0.23,4.955));
#4775=DIRECTION('',(0.707106781186548,-0.707106781186548,0.0));
#4776=DIRECTION('',(0.0,0.0,-1.0));
#4777=ORIENTED_EDGE('',*,*,#6883,.T.);
#4778=ORIENTED_EDGE('',*,*,#6948,.T.);
#4779=ORIENTED_EDGE('',*,*,#6672,.F.);
#4780=ORIENTED_EDGE('',*,*,#7113,.T.);
#4781=CARTESIAN_POINT('',(6.32,-1.82,2.555));
#4782=DIRECTION('',(0.0,-1.0,0.0));
#4783=DIRECTION('',(0.0,0.0,-1.0));
#4784=ORIENTED_EDGE('',*,*,#7114,.T.);
#4785=ORIENTED_EDGE('',*,*,#7113,.F.);
#4786=ORIENTED_EDGE('',*,*,#7115,.T.);
#4787=ORIENTED_EDGE('',*,*,#7116,.T.);
#4788=CARTESIAN_POINT('',(6.0,-1.73,2.055));
#4789=DIRECTION('',(0.0,-0.984183323973689,0.177152998315298));
#4790=DIRECTION('',(-1.0,0.0,0.0));
#4791=ORIENTED_EDGE('',*,*,#7117,.F.);
#4792=ORIENTED_EDGE('',*,*,#7118,.T.);
#4793=ORIENTED_EDGE('',*,*,#7119,.F.);
#4794=ORIENTED_EDGE('',*,*,#7116,.F.);
#4795=CARTESIAN_POINT('',(6.32,-1.18,2.555));
#4796=DIRECTION('',(0.0,0.0,1.0));
#4797=DIRECTION('',(1.0,0.0,0.0));
#4798=ORIENTED_EDGE('',*,*,#7114,.F.);
#4799=ORIENTED_EDGE('',*,*,#7119,.T.);
#4800=ORIENTED_EDGE('',*,*,#7120,.T.);
#4801=ORIENTED_EDGE('',*,*,#6884,.F.);
#4802=CARTESIAN_POINT('',(5.77,-1.5,2.055));
#4803=DIRECTION('',(-0.984183323973689,0.0,0.177152998315298));
#4804=DIRECTION('',(0.0,1.0,0.0));
#4805=ORIENTED_EDGE('',*,*,#7120,.F.);
#4806=ORIENTED_EDGE('',*,*,#7118,.F.);
#4807=ORIENTED_EDGE('',*,*,#7121,.T.);
#4808=ORIENTED_EDGE('',*,*,#6895,.T.);
#4809=CARTESIAN_POINT('',(6.0,-1.27,2.055));
#4810=DIRECTION('',(0.0,0.984183323973689,0.177152998315298));
#4811=DIRECTION('',(1.0,0.0,-0.0));
#4812=ORIENTED_EDGE('',*,*,#7115,.F.);
#4813=ORIENTED_EDGE('',*,*,#6675,.F.);
#4814=ORIENTED_EDGE('',*,*,#7121,.F.);
#4815=ORIENTED_EDGE('',*,*,#7117,.T.);
#4816=CARTESIAN_POINT('',(6.23,-1.5,2.055));
#4817=DIRECTION('',(0.984183323973689,0.0,0.177152998315298));
#4818=DIRECTION('',(0.0,-1.0,0.0));
#4819=ORIENTED_EDGE('',*,*,#6670,.F.);
#4820=ORIENTED_EDGE('',*,*,#6943,.F.);
#4821=ORIENTED_EDGE('',*,*,#6877,.T.);
#4822=ORIENTED_EDGE('',*,*,#7122,.F.);
#4823=CARTESIAN_POINT('',(6.32,1.82,-3.755));
#4824=DIRECTION('',(-0.0,1.0,0.0));
#4825=DIRECTION('',(1.0,0.0,0.0));
#4826=ORIENTED_EDGE('',*,*,#7123,.F.);
#4827=ORIENTED_EDGE('',*,*,#7124,.F.);
#4828=ORIENTED_EDGE('',*,*,#7125,.T.);
#4829=ORIENTED_EDGE('',*,*,#7122,.T.);
#4830=CARTESIAN_POINT('',(6.0,1.73,2.055));
#4831=DIRECTION('',(0.0,0.984183323973689,0.177152998315298));
#4832=DIRECTION('',(1.0,0.0,-0.0));
#4833=ORIENTED_EDGE('',*,*,#7126,.F.);
#4834=ORIENTED_EDGE('',*,*,#6671,.F.);
#4835=ORIENTED_EDGE('',*,*,#7125,.F.);
#4836=ORIENTED_EDGE('',*,*,#7127,.T.);
#4837=CARTESIAN_POINT('',(6.23,1.5,2.055));
#4838=DIRECTION('',(0.984183323973689,0.0,0.177152998315298));
#4839=DIRECTION('',(0.0,-1.0,0.0));
#4840=ORIENTED_EDGE('',*,*,#7127,.F.);
#4841=ORIENTED_EDGE('',*,*,#7124,.T.);
#4842=ORIENTED_EDGE('',*,*,#7128,.F.);
#4843=ORIENTED_EDGE('',*,*,#7129,.F.);
#4844=CARTESIAN_POINT('',(6.32,1.82,2.555));
#4845=DIRECTION('',(0.0,0.0,1.0));
#4846=DIRECTION('',(1.0,0.0,0.0));
#4847=ORIENTED_EDGE('',*,*,#7130,.T.);
#4848=ORIENTED_EDGE('',*,*,#6903,.F.);
#4849=ORIENTED_EDGE('',*,*,#7126,.T.);
#4850=ORIENTED_EDGE('',*,*,#7129,.T.);
#4851=CARTESIAN_POINT('',(6.0,1.27,2.055));
#4852=DIRECTION('',(0.0,-0.984183323973689,0.177152998315298));
#4853=DIRECTION('',(-1.0,0.0,0.0));
#4854=ORIENTED_EDGE('',*,*,#7130,.F.);
#4855=ORIENTED_EDGE('',*,*,#7128,.T.);
#4856=ORIENTED_EDGE('',*,*,#7123,.T.);
#4857=ORIENTED_EDGE('',*,*,#6880,.F.);
#4858=CARTESIAN_POINT('',(5.77,1.5,2.055));
#4859=DIRECTION('',(-0.984183323973689,0.0,0.177152998315298));
#4860=DIRECTION('',(0.0,1.0,0.0));
#4861=ORIENTED_EDGE('',*,*,#7131,.T.);
#4862=ORIENTED_EDGE('',*,*,#7132,.T.);
#4863=ORIENTED_EDGE('',*,*,#7133,.T.);
#4864=ORIENTED_EDGE('',*,*,#7134,.T.);
#4865=ORIENTED_EDGE('',*,*,#7135,.T.);
#4866=ORIENTED_EDGE('',*,*,#6525,.T.);
#4867=CARTESIAN_POINT('',(3.32,0.0,0.0));
#4868=DIRECTION('',(1.0,0.0,0.0));
#4869=DIRECTION('',(0.0,1.0,0.0));
#4870=ORIENTED_EDGE('',*,*,#7136,.T.);
#4871=ORIENTED_EDGE('',*,*,#7137,.T.);
#4872=ORIENTED_EDGE('',*,*,#6690,.F.);
#4873=ORIENTED_EDGE('',*,*,#6604,.F.);
#4874=CARTESIAN_POINT('',(3.32,0.0,0.0));
#4875=DIRECTION('',(1.0,0.0,0.0));
#4876=DIRECTION('',(0.0,1.0,0.0));
#4877=ORIENTED_EDGE('',*,*,#7138,.T.);
#4878=ORIENTED_EDGE('',*,*,#7139,.T.);
#4879=ORIENTED_EDGE('',*,*,#7140,.T.);
#4880=ORIENTED_EDGE('',*,*,#6692,.F.);
#4881=CARTESIAN_POINT('',(3.32,0.0,0.0));
#4882=DIRECTION('',(1.0,0.0,0.0));
#4883=DIRECTION('',(0.0,1.0,0.0));
#4884=ORIENTED_EDGE('',*,*,#7141,.T.);
#4885=ORIENTED_EDGE('',*,*,#7142,.T.);
#4886=ORIENTED_EDGE('',*,*,#6846,.F.);
#4887=ORIENTED_EDGE('',*,*,#6694,.F.);
#4888=CARTESIAN_POINT('',(3.32,0.0,0.0));
#4889=DIRECTION('',(1.0,0.0,0.0));
#4890=DIRECTION('',(0.0,1.0,0.0));
#4891=ORIENTED_EDGE('',*,*,#7143,.T.);
#4892=ORIENTED_EDGE('',*,*,#7144,.T.);
#4893=ORIENTED_EDGE('',*,*,#7145,.T.);
#4894=ORIENTED_EDGE('',*,*,#7146,.T.);
#4895=ORIENTED_EDGE('',*,*,#7147,.T.);
#4896=ORIENTED_EDGE('',*,*,#6915,.T.);
#4897=CARTESIAN_POINT('',(3.32,0.0,0.0));
#4898=DIRECTION('',(1.0,0.0,0.0));
#4899=DIRECTION('',(0.0,1.0,0.0));
#4900=ORIENTED_EDGE('',*,*,#7148,.T.);
#4901=ORIENTED_EDGE('',*,*,#7149,.T.);
#4902=ORIENTED_EDGE('',*,*,#7150,.T.);
#4903=ORIENTED_EDGE('',*,*,#6957,.T.);
#4904=CARTESIAN_POINT('',(3.32,0.0,0.0));
#4905=DIRECTION('',(1.0,0.0,0.0));
#4906=DIRECTION('',(0.0,1.0,0.0));
#4907=ORIENTED_EDGE('',*,*,#7151,.T.);
#4908=ORIENTED_EDGE('',*,*,#7152,.T.);
#4909=ORIENTED_EDGE('',*,*,#7153,.T.);
#4910=ORIENTED_EDGE('',*,*,#6966,.T.);
#4911=CARTESIAN_POINT('',(3.32,0.0,0.0));
#4912=DIRECTION('',(1.0,0.0,0.0));
#4913=DIRECTION('',(0.0,1.0,0.0));
#4914=ORIENTED_EDGE('',*,*,#7154,.T.);
#4915=ORIENTED_EDGE('',*,*,#7155,.T.);
#4916=ORIENTED_EDGE('',*,*,#7156,.F.);
#4917=ORIENTED_EDGE('',*,*,#7135,.F.);
#4918=CARTESIAN_POINT('',(3.32,-4.23,-5.005));
#4919=DIRECTION('',(0.0,0.342020143325699,-0.939692620785897));
#4920=DIRECTION('',(-1.0,0.0,0.0));
#4921=ORIENTED_EDGE('',*,*,#7156,.T.);
#4922=ORIENTED_EDGE('',*,*,#7157,.T.);
#4923=ORIENTED_EDGE('',*,*,#7158,.T.);
#4924=ORIENTED_EDGE('',*,*,#7159,.F.);
#4925=ORIENTED_EDGE('',*,*,#7136,.F.);
#4926=ORIENTED_EDGE('',*,*,#7160,.F.);
#4927=CARTESIAN_POINT('',(3.32,-3.43,-4.713823812587));
#4928=DIRECTION('',(0.0,0.0,-1.0));
#4929=DIRECTION('',(0.0,-1.0,0.0));
#4930=ORIENTED_EDGE('',*,*,#6691,.T.);
#4931=ORIENTED_EDGE('',*,*,#7161,.F.);
#4932=ORIENTED_EDGE('',*,*,#7162,.F.);
#4933=ORIENTED_EDGE('',*,*,#7163,.T.);
#4934=CARTESIAN_POINT('',(3.32,3.43,-3.955));
#4935=DIRECTION('',(1.0,0.0,0.0));
#4936=DIRECTION('',(0.0,1.0,0.0));
#4937=ORIENTED_EDGE('',*,*,#7164,.F.);
#4938=ORIENTED_EDGE('',*,*,#7165,.T.);
#4939=ORIENTED_EDGE('',*,*,#6693,.T.);
#4940=ORIENTED_EDGE('',*,*,#7166,.F.);
#4941=CARTESIAN_POINT('',(3.32,3.43,-3.955));
#4942=DIRECTION('',(1.0,0.0,0.0));
#4943=DIRECTION('',(0.0,1.0,0.0));
#4944=ORIENTED_EDGE('',*,*,#6609,.T.);
#4945=ORIENTED_EDGE('',*,*,#6833,.F.);
#4946=ORIENTED_EDGE('',*,*,#6526,.F.);
#4947=ORIENTED_EDGE('',*,*,#7160,.T.);
#4948=CARTESIAN_POINT('',(3.32,3.43,-3.955));
#4949=DIRECTION('',(1.0,0.0,0.0));
#4950=DIRECTION('',(0.0,1.0,0.0));
#4951=ORIENTED_EDGE('',*,*,#6914,.T.);
#4952=ORIENTED_EDGE('',*,*,#6433,.T.);
#4953=ORIENTED_EDGE('',*,*,#6847,.T.);
#4954=ORIENTED_EDGE('',*,*,#7167,.F.);
#4955=CARTESIAN_POINT('',(3.32,3.43,-3.955));
#4956=DIRECTION('',(1.0,0.0,0.0));
#4957=DIRECTION('',(0.0,1.0,0.0));
#4958=ORIENTED_EDGE('',*,*,#7168,.F.);
#4959=ORIENTED_EDGE('',*,*,#7169,.F.);
#4960=ORIENTED_EDGE('',*,*,#7170,.T.);
#4961=ORIENTED_EDGE('',*,*,#7171,.F.);
#4962=ORIENTED_EDGE('',*,*,#7138,.F.);
#4963=ORIENTED_EDGE('',*,*,#7163,.F.);
#4964=CARTESIAN_POINT('',(3.32,-0.32,-3.755));
#4965=DIRECTION('',(0.0,-1.0,0.0));
#4966=DIRECTION('',(0.0,0.0,-1.0));
#4967=ORIENTED_EDGE('',*,*,#7171,.T.);
#4968=ORIENTED_EDGE('',*,*,#7172,.T.);
#4969=ORIENTED_EDGE('',*,*,#7173,.F.);
#4970=ORIENTED_EDGE('',*,*,#7139,.F.);
#4971=CARTESIAN_POINT('',(3.32,-0.32,-4.955));
#4972=DIRECTION('',(0.0,0.0,-1.0));
#4973=DIRECTION('',(0.0,-1.0,0.0));
#4974=ORIENTED_EDGE('',*,*,#7140,.F.);
#4975=ORIENTED_EDGE('',*,*,#7173,.T.);
#4976=ORIENTED_EDGE('',*,*,#7174,.T.);
#4977=ORIENTED_EDGE('',*,*,#7175,.T.);
#4978=ORIENTED_EDGE('',*,*,#7176,.T.);
#4979=ORIENTED_EDGE('',*,*,#7166,.T.);
#4980=CARTESIAN_POINT('',(3.32,0.32,-4.955));
#4981=DIRECTION('',(-0.0,1.0,0.0));
#4982=DIRECTION('',(1.0,0.0,0.0));
#4983=ORIENTED_EDGE('',*,*,#7162,.T.);
#4984=ORIENTED_EDGE('',*,*,#7177,.F.);
#4985=ORIENTED_EDGE('',*,*,#7178,.F.);
#4986=ORIENTED_EDGE('',*,*,#7168,.T.);
#4987=CARTESIAN_POINT('',(2.68,3.43,-3.955));
#4988=DIRECTION('',(0.0,0.0,1.0));
#4989=DIRECTION('',(1.0,0.0,0.0));
#4990=ORIENTED_EDGE('',*,*,#7179,.F.);
#4991=ORIENTED_EDGE('',*,*,#7180,.T.);
#4992=ORIENTED_EDGE('',*,*,#7164,.T.);
#4993=ORIENTED_EDGE('',*,*,#7176,.F.);
#4994=CARTESIAN_POINT('',(2.68,3.43,-3.955));
#4995=DIRECTION('',(0.0,0.0,1.0));
#4996=DIRECTION('',(1.0,0.0,0.0));
#4997=ORIENTED_EDGE('',*,*,#7178,.T.);
#4998=ORIENTED_EDGE('',*,*,#7181,.T.);
#4999=ORIENTED_EDGE('',*,*,#6710,.F.);
#5000=ORIENTED_EDGE('',*,*,#7169,.T.);
#5001=CARTESIAN_POINT('',(2.68,3.43,-4.955));
#5002=DIRECTION('',(-1.0,0.0,0.0));
#5003=DIRECTION('',(0.0,0.0,1.0));
#5004=ORIENTED_EDGE('',*,*,#6708,.F.);
#5005=ORIENTED_EDGE('',*,*,#7182,.F.);
#5006=ORIENTED_EDGE('',*,*,#7179,.T.);
#5007=ORIENTED_EDGE('',*,*,#7175,.F.);
#5008=CARTESIAN_POINT('',(2.68,3.43,-4.955));
#5009=DIRECTION('',(-1.0,0.0,0.0));
#5010=DIRECTION('',(0.0,0.0,1.0));
#5011=ORIENTED_EDGE('',*,*,#6522,.T.);
#5012=ORIENTED_EDGE('',*,*,#6830,.T.);
#5013=ORIENTED_EDGE('',*,*,#6613,.F.);
#5014=ORIENTED_EDGE('',*,*,#7157,.F.);
#5015=CARTESIAN_POINT('',(2.68,3.43,-4.955));
#5016=DIRECTION('',(-1.0,0.0,0.0));
#5017=DIRECTION('',(0.0,0.0,1.0));
#5018=ORIENTED_EDGE('',*,*,#6852,.F.);
#5019=ORIENTED_EDGE('',*,*,#6426,.F.);
#5020=ORIENTED_EDGE('',*,*,#6918,.F.);
#5021=ORIENTED_EDGE('',*,*,#7183,.T.);
#5022=CARTESIAN_POINT('',(2.68,3.43,-4.955));
#5023=DIRECTION('',(-1.0,0.0,0.0));
#5024=DIRECTION('',(0.0,0.0,1.0));
#5025=ORIENTED_EDGE('',*,*,#7137,.F.);
#5026=ORIENTED_EDGE('',*,*,#7159,.T.);
#5027=ORIENTED_EDGE('',*,*,#7184,.T.);
#5028=ORIENTED_EDGE('',*,*,#7181,.F.);
#5029=ORIENTED_EDGE('',*,*,#7177,.T.);
#5030=ORIENTED_EDGE('',*,*,#7161,.T.);
#5031=CARTESIAN_POINT('',(3.32,-1.18,-4.713823812587));
#5032=DIRECTION('',(-0.0,1.0,0.0));
#5033=DIRECTION('',(1.0,0.0,0.0));
#5034=ORIENTED_EDGE('',*,*,#7185,.T.);
#5035=ORIENTED_EDGE('',*,*,#7186,.F.);
#5036=ORIENTED_EDGE('',*,*,#7148,.F.);
#5037=ORIENTED_EDGE('',*,*,#6956,.F.);
#5038=CARTESIAN_POINT('',(3.32,-1.18,-4.713823812587));
#5039=DIRECTION('',(-0.0,1.0,0.0));
#5040=DIRECTION('',(1.0,0.0,0.0));
#5041=ORIENTED_EDGE('',*,*,#7155,.F.);
#5042=ORIENTED_EDGE('',*,*,#7187,.F.);
#5043=ORIENTED_EDGE('',*,*,#7188,.F.);
#5044=ORIENTED_EDGE('',*,*,#7189,.F.);
#5045=ORIENTED_EDGE('',*,*,#7190,.F.);
#5046=ORIENTED_EDGE('',*,*,#6523,.F.);
#5047=CARTESIAN_POINT('',(2.68,0.0,0.0));
#5048=DIRECTION('',(1.0,0.0,0.0));
#5049=DIRECTION('',(0.0,1.0,0.0));
#5050=ORIENTED_EDGE('',*,*,#6711,.T.);
#5051=ORIENTED_EDGE('',*,*,#7184,.F.);
#5052=ORIENTED_EDGE('',*,*,#7158,.F.);
#5053=ORIENTED_EDGE('',*,*,#6612,.T.);
#5054=CARTESIAN_POINT('',(2.68,0.0,0.0));
#5055=DIRECTION('',(1.0,0.0,0.0));
#5056=DIRECTION('',(0.0,1.0,0.0));
#5057=ORIENTED_EDGE('',*,*,#7174,.F.);
#5058=ORIENTED_EDGE('',*,*,#7172,.F.);
#5059=ORIENTED_EDGE('',*,*,#7170,.F.);
#5060=ORIENTED_EDGE('',*,*,#6709,.T.);
#5061=CARTESIAN_POINT('',(2.68,0.0,0.0));
#5062=DIRECTION('',(1.0,0.0,0.0));
#5063=DIRECTION('',(0.0,1.0,0.0));
#5064=ORIENTED_EDGE('',*,*,#6853,.T.);
#5065=ORIENTED_EDGE('',*,*,#7191,.F.);
#5066=ORIENTED_EDGE('',*,*,#7192,.F.);
#5067=ORIENTED_EDGE('',*,*,#6707,.T.);
#5068=CARTESIAN_POINT('',(2.68,0.0,0.0));
#5069=DIRECTION('',(1.0,0.0,0.0));
#5070=DIRECTION('',(0.0,1.0,0.0));
#5071=ORIENTED_EDGE('',*,*,#7193,.F.);
#5072=ORIENTED_EDGE('',*,*,#7194,.F.);
#5073=ORIENTED_EDGE('',*,*,#7195,.F.);
#5074=ORIENTED_EDGE('',*,*,#7196,.F.);
#5075=ORIENTED_EDGE('',*,*,#7197,.F.);
#5076=ORIENTED_EDGE('',*,*,#6917,.F.);
#5077=CARTESIAN_POINT('',(2.68,0.0,0.0));
#5078=DIRECTION('',(1.0,0.0,0.0));
#5079=DIRECTION('',(0.0,1.0,0.0));
#5080=ORIENTED_EDGE('',*,*,#7198,.F.);
#5081=ORIENTED_EDGE('',*,*,#7199,.F.);
#5082=ORIENTED_EDGE('',*,*,#7185,.F.);
#5083=ORIENTED_EDGE('',*,*,#6955,.F.);
#5084=CARTESIAN_POINT('',(2.68,0.0,0.0));
#5085=DIRECTION('',(1.0,0.0,0.0));
#5086=DIRECTION('',(0.0,1.0,0.0));
#5087=ORIENTED_EDGE('',*,*,#7200,.F.);
#5088=ORIENTED_EDGE('',*,*,#7201,.F.);
#5089=ORIENTED_EDGE('',*,*,#7202,.F.);
#5090=ORIENTED_EDGE('',*,*,#6964,.F.);
#5091=CARTESIAN_POINT('',(2.68,0.0,0.0));
#5092=DIRECTION('',(1.0,0.0,0.0));
#5093=DIRECTION('',(0.0,1.0,0.0));
#5094=ORIENTED_EDGE('',*,*,#6524,.T.);
#5095=ORIENTED_EDGE('',*,*,#7190,.T.);
#5096=ORIENTED_EDGE('',*,*,#7203,.F.);
#5097=ORIENTED_EDGE('',*,*,#7131,.F.);
#5098=CARTESIAN_POINT('',(3.32,-3.43,-4.073823812587));
#5099=DIRECTION('',(0.0,-0.342020143325699,0.939692620785897));
#5100=DIRECTION('',(-1.0,0.0,0.0));
#5101=ORIENTED_EDGE('',*,*,#7203,.T.);
#5102=ORIENTED_EDGE('',*,*,#7189,.T.);
#5103=ORIENTED_EDGE('',*,*,#7204,.F.);
#5104=ORIENTED_EDGE('',*,*,#7132,.F.);
#5105=CARTESIAN_POINT('',(3.32,-4.23,-4.365));
#5106=DIRECTION('',(0.0,0.0,1.0));
#5107=DIRECTION('',(1.0,0.0,0.0));
#5108=ORIENTED_EDGE('',*,*,#7204,.T.);
#5109=ORIENTED_EDGE('',*,*,#7188,.T.);
#5110=ORIENTED_EDGE('',*,*,#7205,.F.);
#5111=ORIENTED_EDGE('',*,*,#7133,.F.);
#5112=CARTESIAN_POINT('',(3.32,-5.29,-4.685));
#5113=DIRECTION('',(-1.0,0.0,-0.0));
#5114=DIRECTION('',(0.0,0.0,-1.0));
#5115=ORIENTED_EDGE('',*,*,#7205,.T.);
#5116=ORIENTED_EDGE('',*,*,#7187,.T.);
#5117=ORIENTED_EDGE('',*,*,#7154,.F.);
#5118=ORIENTED_EDGE('',*,*,#7134,.F.);
#5119=CARTESIAN_POINT('',(3.32,-5.29,-5.005));
#5120=DIRECTION('',(0.0,0.0,-1.0));
#5121=DIRECTION('',(0.0,-1.0,0.0));
#5122=ORIENTED_EDGE('',*,*,#7180,.F.);
#5123=ORIENTED_EDGE('',*,*,#7182,.T.);
#5124=ORIENTED_EDGE('',*,*,#7192,.T.);
#5125=ORIENTED_EDGE('',*,*,#7206,.F.);
#5126=ORIENTED_EDGE('',*,*,#7141,.F.);
#5127=ORIENTED_EDGE('',*,*,#7165,.F.);
#5128=CARTESIAN_POINT('',(3.32,1.18,2.555));
#5129=DIRECTION('',(0.0,-1.0,0.0));
#5130=DIRECTION('',(0.0,0.0,-1.0));
#5131=ORIENTED_EDGE('',*,*,#7153,.F.);
#5132=ORIENTED_EDGE('',*,*,#7207,.T.);
#5133=ORIENTED_EDGE('',*,*,#7200,.T.);
#5134=ORIENTED_EDGE('',*,*,#6963,.T.);
#5135=CARTESIAN_POINT('',(3.32,1.18,2.555));
#5136=DIRECTION('',(0.0,-1.0,0.0));
#5137=DIRECTION('',(0.0,0.0,-1.0));
#5138=ORIENTED_EDGE('',*,*,#7142,.F.);
#5139=ORIENTED_EDGE('',*,*,#7206,.T.);
#5140=ORIENTED_EDGE('',*,*,#7191,.T.);
#5141=ORIENTED_EDGE('',*,*,#7183,.F.);
#5142=ORIENTED_EDGE('',*,*,#7208,.F.);
#5143=ORIENTED_EDGE('',*,*,#7167,.T.);
#5144=CARTESIAN_POINT('',(3.32,1.18,-4.713823812587));
#5145=DIRECTION('',(0.0,0.0,-1.0));
#5146=DIRECTION('',(0.0,-1.0,0.0));
#5147=ORIENTED_EDGE('',*,*,#7208,.T.);
#5148=ORIENTED_EDGE('',*,*,#7197,.T.);
#5149=ORIENTED_EDGE('',*,*,#7209,.F.);
#5150=ORIENTED_EDGE('',*,*,#7143,.F.);
#5151=CARTESIAN_POINT('',(3.32,3.175,-4.713823812587));
#5152=DIRECTION('',(0.0,-0.342020143325699,-0.939692620785897));
#5153=DIRECTION('',(0.0,-0.939692620785897,0.342020143325699));
#5154=ORIENTED_EDGE('',*,*,#7209,.T.);
#5155=ORIENTED_EDGE('',*,*,#7196,.T.);
#5156=ORIENTED_EDGE('',*,*,#7210,.F.);
#5157=ORIENTED_EDGE('',*,*,#7144,.F.);
#5158=CARTESIAN_POINT('',(3.32,3.975,-5.005));
#5159=DIRECTION('',(0.0,0.0,-1.0));
#5160=DIRECTION('',(0.0,-1.0,0.0));
#5161=ORIENTED_EDGE('',*,*,#7210,.T.);
#5162=ORIENTED_EDGE('',*,*,#7195,.T.);
#5163=ORIENTED_EDGE('',*,*,#7211,.F.);
#5164=ORIENTED_EDGE('',*,*,#7145,.F.);
#5165=CARTESIAN_POINT('',(3.32,5.27,-4.685));
#5166=DIRECTION('',(-1.0,0.0,-0.0));
#5167=DIRECTION('',(0.0,0.0,-1.0));
#5168=ORIENTED_EDGE('',*,*,#7211,.T.);
#5169=ORIENTED_EDGE('',*,*,#7194,.T.);
#5170=ORIENTED_EDGE('',*,*,#7212,.F.);
#5171=ORIENTED_EDGE('',*,*,#7146,.F.);
#5172=CARTESIAN_POINT('',(3.32,5.27,-4.365));
#5173=DIRECTION('',(0.0,0.0,1.0));
#5174=DIRECTION('',(1.0,0.0,0.0));
#5175=ORIENTED_EDGE('',*,*,#7212,.T.);
#5176=ORIENTED_EDGE('',*,*,#7193,.T.);
#5177=ORIENTED_EDGE('',*,*,#6916,.F.);
#5178=ORIENTED_EDGE('',*,*,#7147,.F.);
#5179=CARTESIAN_POINT('',(3.32,4.21,-4.365));
#5180=DIRECTION('',(0.0,0.342020143325699,0.939692620785897));
#5181=DIRECTION('',(1.0,-0.0,0.0));
#5182=ORIENTED_EDGE('',*,*,#7213,.T.);
#5183=ORIENTED_EDGE('',*,*,#7201,.T.);
#5184=ORIENTED_EDGE('',*,*,#7207,.F.);
#5185=ORIENTED_EDGE('',*,*,#7152,.F.);
#5186=CARTESIAN_POINT('',(3.32,1.82,2.555));
#5187=DIRECTION('',(0.0,0.0,1.0));
#5188=DIRECTION('',(1.0,0.0,0.0));
#5189=ORIENTED_EDGE('',*,*,#7202,.T.);
#5190=ORIENTED_EDGE('',*,*,#7213,.F.);
#5191=ORIENTED_EDGE('',*,*,#7151,.F.);
#5192=ORIENTED_EDGE('',*,*,#6965,.F.);
#5193=CARTESIAN_POINT('',(3.32,1.82,-3.755));
#5194=DIRECTION('',(-0.0,1.0,0.0));
#5195=DIRECTION('',(1.0,0.0,0.0));
#5196=ORIENTED_EDGE('',*,*,#7186,.T.);
#5197=ORIENTED_EDGE('',*,*,#7199,.T.);
#5198=ORIENTED_EDGE('',*,*,#7214,.F.);
#5199=ORIENTED_EDGE('',*,*,#7149,.F.);
#5200=CARTESIAN_POINT('',(3.32,-1.18,2.555));
#5201=DIRECTION('',(0.0,0.0,1.0));
#5202=DIRECTION('',(1.0,0.0,0.0));
#5203=ORIENTED_EDGE('',*,*,#7150,.F.);
#5204=ORIENTED_EDGE('',*,*,#7214,.T.);
#5205=ORIENTED_EDGE('',*,*,#7198,.T.);
#5206=ORIENTED_EDGE('',*,*,#6954,.T.);
#5207=CARTESIAN_POINT('',(3.32,-1.82,2.555));
#5208=DIRECTION('',(0.0,-1.0,0.0));
#5209=DIRECTION('',(0.0,0.0,-1.0));
#5210=ORIENTED_EDGE('',*,*,#7215,.T.);
#5211=ORIENTED_EDGE('',*,*,#7216,.T.);
#5212=ORIENTED_EDGE('',*,*,#7217,.T.);
#5213=ORIENTED_EDGE('',*,*,#7218,.T.);
#5214=ORIENTED_EDGE('',*,*,#7219,.T.);
#5215=ORIENTED_EDGE('',*,*,#6519,.T.);
#5216=CARTESIAN_POINT('',(0.32,0.0,0.0));
#5217=DIRECTION('',(1.0,0.0,0.0));
#5218=DIRECTION('',(0.0,1.0,0.0));
#5219=ORIENTED_EDGE('',*,*,#7220,.T.);
#5220=ORIENTED_EDGE('',*,*,#7221,.T.);
#5221=ORIENTED_EDGE('',*,*,#6701,.F.);
#5222=ORIENTED_EDGE('',*,*,#6610,.F.);
#5223=CARTESIAN_POINT('',(0.32,0.0,0.0));
#5224=DIRECTION('',(1.0,0.0,0.0));
#5225=DIRECTION('',(0.0,1.0,0.0));
#5226=ORIENTED_EDGE('',*,*,#7222,.T.);
#5227=ORIENTED_EDGE('',*,*,#7223,.T.);
#5228=ORIENTED_EDGE('',*,*,#7224,.T.);
#5229=ORIENTED_EDGE('',*,*,#6703,.F.);
#5230=CARTESIAN_POINT('',(0.32,0.0,0.0));
#5231=DIRECTION('',(1.0,0.0,0.0));
#5232=DIRECTION('',(0.0,1.0,0.0));
#5233=ORIENTED_EDGE('',*,*,#7225,.T.);
#5234=ORIENTED_EDGE('',*,*,#7226,.T.);
#5235=ORIENTED_EDGE('',*,*,#6850,.F.);
#5236=ORIENTED_EDGE('',*,*,#6705,.F.);
#5237=CARTESIAN_POINT('',(0.32,0.0,0.0));
#5238=DIRECTION('',(1.0,0.0,0.0));
#5239=DIRECTION('',(0.0,1.0,0.0));
#5240=ORIENTED_EDGE('',*,*,#7227,.T.);
#5241=ORIENTED_EDGE('',*,*,#7228,.T.);
#5242=ORIENTED_EDGE('',*,*,#7229,.T.);
#5243=ORIENTED_EDGE('',*,*,#7230,.T.);
#5244=ORIENTED_EDGE('',*,*,#7231,.T.);
#5245=ORIENTED_EDGE('',*,*,#6920,.T.);
#5246=CARTESIAN_POINT('',(0.32,0.0,0.0));
#5247=DIRECTION('',(1.0,0.0,0.0));
#5248=DIRECTION('',(0.0,1.0,0.0));
#5249=ORIENTED_EDGE('',*,*,#7232,.T.);
#5250=ORIENTED_EDGE('',*,*,#7233,.T.);
#5251=ORIENTED_EDGE('',*,*,#7234,.T.);
#5252=ORIENTED_EDGE('',*,*,#6984,.T.);
#5253=CARTESIAN_POINT('',(0.32,0.0,0.0));
#5254=DIRECTION('',(1.0,0.0,0.0));
#5255=DIRECTION('',(0.0,1.0,0.0));
#5256=ORIENTED_EDGE('',*,*,#7235,.T.);
#5257=ORIENTED_EDGE('',*,*,#7236,.T.);
#5258=ORIENTED_EDGE('',*,*,#7237,.T.);
#5259=ORIENTED_EDGE('',*,*,#6975,.T.);
#5260=CARTESIAN_POINT('',(0.32,0.0,0.0));
#5261=DIRECTION('',(1.0,0.0,0.0));
#5262=DIRECTION('',(0.0,1.0,0.0));
#5263=ORIENTED_EDGE('',*,*,#7238,.T.);
#5264=ORIENTED_EDGE('',*,*,#7239,.T.);
#5265=ORIENTED_EDGE('',*,*,#7240,.F.);
#5266=ORIENTED_EDGE('',*,*,#7219,.F.);
#5267=CARTESIAN_POINT('',(0.32,-4.23,-5.005));
#5268=DIRECTION('',(0.0,0.342020143325699,-0.939692620785897));
#5269=DIRECTION('',(-1.0,0.0,0.0));
#5270=ORIENTED_EDGE('',*,*,#7240,.T.);
#5271=ORIENTED_EDGE('',*,*,#7241,.T.);
#5272=ORIENTED_EDGE('',*,*,#7242,.T.);
#5273=ORIENTED_EDGE('',*,*,#7243,.F.);
#5274=ORIENTED_EDGE('',*,*,#7220,.F.);
#5275=ORIENTED_EDGE('',*,*,#7244,.F.);
#5276=CARTESIAN_POINT('',(0.32,-3.43,-4.713823812587));
#5277=DIRECTION('',(0.0,0.0,-1.0));
#5278=DIRECTION('',(0.0,-1.0,0.0));
#5279=ORIENTED_EDGE('',*,*,#6702,.T.);
#5280=ORIENTED_EDGE('',*,*,#7245,.F.);
#5281=ORIENTED_EDGE('',*,*,#7246,.F.);
#5282=ORIENTED_EDGE('',*,*,#7247,.T.);
#5283=CARTESIAN_POINT('',(0.32,3.43,-3.955));
#5284=DIRECTION('',(1.0,0.0,0.0));
#5285=DIRECTION('',(0.0,1.0,0.0));
#5286=ORIENTED_EDGE('',*,*,#7248,.F.);
#5287=ORIENTED_EDGE('',*,*,#7249,.T.);
#5288=ORIENTED_EDGE('',*,*,#6704,.T.);
#5289=ORIENTED_EDGE('',*,*,#7250,.F.);
#5290=CARTESIAN_POINT('',(0.32,3.43,-3.955));
#5291=DIRECTION('',(1.0,0.0,0.0));
#5292=DIRECTION('',(0.0,1.0,0.0));
#5293=ORIENTED_EDGE('',*,*,#6615,.T.);
#5294=ORIENTED_EDGE('',*,*,#6829,.F.);
#5295=ORIENTED_EDGE('',*,*,#6520,.F.);
#5296=ORIENTED_EDGE('',*,*,#7244,.T.);
#5297=CARTESIAN_POINT('',(0.32,3.43,-3.955));
#5298=DIRECTION('',(1.0,0.0,0.0));
#5299=DIRECTION('',(0.0,1.0,0.0));
#5300=ORIENTED_EDGE('',*,*,#6919,.T.);
#5301=ORIENTED_EDGE('',*,*,#6424,.T.);
#5302=ORIENTED_EDGE('',*,*,#6851,.T.);
#5303=ORIENTED_EDGE('',*,*,#7251,.F.);
#5304=CARTESIAN_POINT('',(0.32,3.43,-3.955));
#5305=DIRECTION('',(1.0,0.0,0.0));
#5306=DIRECTION('',(0.0,1.0,0.0));
#5307=ORIENTED_EDGE('',*,*,#7252,.F.);
#5308=ORIENTED_EDGE('',*,*,#7253,.F.);
#5309=ORIENTED_EDGE('',*,*,#7254,.T.);
#5310=ORIENTED_EDGE('',*,*,#7255,.F.);
#5311=ORIENTED_EDGE('',*,*,#7222,.F.);
#5312=ORIENTED_EDGE('',*,*,#7247,.F.);
#5313=CARTESIAN_POINT('',(0.32,-0.32,-3.755));
#5314=DIRECTION('',(0.0,-1.0,0.0));
#5315=DIRECTION('',(0.0,0.0,-1.0));
#5316=ORIENTED_EDGE('',*,*,#7255,.T.);
#5317=ORIENTED_EDGE('',*,*,#7256,.T.);
#5318=ORIENTED_EDGE('',*,*,#7257,.F.);
#5319=ORIENTED_EDGE('',*,*,#7223,.F.);
#5320=CARTESIAN_POINT('',(0.32,-0.32,-4.955));
#5321=DIRECTION('',(0.0,0.0,-1.0));
#5322=DIRECTION('',(0.0,-1.0,0.0));
#5323=ORIENTED_EDGE('',*,*,#7224,.F.);
#5324=ORIENTED_EDGE('',*,*,#7257,.T.);
#5325=ORIENTED_EDGE('',*,*,#7258,.T.);
#5326=ORIENTED_EDGE('',*,*,#7259,.T.);
#5327=ORIENTED_EDGE('',*,*,#7260,.T.);
#5328=ORIENTED_EDGE('',*,*,#7250,.T.);
#5329=CARTESIAN_POINT('',(0.32,0.32,-4.955));
#5330=DIRECTION('',(-0.0,1.0,0.0));
#5331=DIRECTION('',(1.0,0.0,0.0));
#5332=ORIENTED_EDGE('',*,*,#7246,.T.);
#5333=ORIENTED_EDGE('',*,*,#7261,.F.);
#5334=ORIENTED_EDGE('',*,*,#7262,.F.);
#5335=ORIENTED_EDGE('',*,*,#7252,.T.);
#5336=CARTESIAN_POINT('',(-0.32,3.43,-3.955));
#5337=DIRECTION('',(0.0,0.0,1.0));
#5338=DIRECTION('',(1.0,0.0,0.0));
#5339=ORIENTED_EDGE('',*,*,#7263,.F.);
#5340=ORIENTED_EDGE('',*,*,#7264,.T.);
#5341=ORIENTED_EDGE('',*,*,#7248,.T.);
#5342=ORIENTED_EDGE('',*,*,#7260,.F.);
#5343=CARTESIAN_POINT('',(-0.32,3.43,-3.955));
#5344=DIRECTION('',(0.0,0.0,1.0));
#5345=DIRECTION('',(1.0,0.0,0.0));
#5346=ORIENTED_EDGE('',*,*,#7262,.T.);
#5347=ORIENTED_EDGE('',*,*,#7265,.T.);
#5348=ORIENTED_EDGE('',*,*,#6721,.F.);
#5349=ORIENTED_EDGE('',*,*,#7253,.T.);
#5350=CARTESIAN_POINT('',(-0.32,3.43,-4.955));
#5351=DIRECTION('',(-1.0,0.0,0.0));
#5352=DIRECTION('',(0.0,0.0,1.0));
#5353=ORIENTED_EDGE('',*,*,#6719,.F.);
#5354=ORIENTED_EDGE('',*,*,#7266,.F.);
#5355=ORIENTED_EDGE('',*,*,#7263,.T.);
#5356=ORIENTED_EDGE('',*,*,#7259,.F.);
#5357=CARTESIAN_POINT('',(-0.32,3.43,-4.955));
#5358=DIRECTION('',(-1.0,0.0,0.0));
#5359=DIRECTION('',(0.0,0.0,1.0));
#5360=ORIENTED_EDGE('',*,*,#6516,.T.);
#5361=ORIENTED_EDGE('',*,*,#6828,.T.);
#5362=ORIENTED_EDGE('',*,*,#6619,.F.);
#5363=ORIENTED_EDGE('',*,*,#7241,.F.);
#5364=CARTESIAN_POINT('',(-0.32,3.43,-4.955));
#5365=DIRECTION('',(-1.0,0.0,0.0));
#5366=DIRECTION('',(0.0,0.0,1.0));
#5367=ORIENTED_EDGE('',*,*,#6856,.F.);
#5368=ORIENTED_EDGE('',*,*,#6422,.F.);
#5369=ORIENTED_EDGE('',*,*,#6923,.F.);
#5370=ORIENTED_EDGE('',*,*,#7267,.T.);
#5371=CARTESIAN_POINT('',(-0.32,3.43,-4.955));
#5372=DIRECTION('',(-1.0,0.0,0.0));
#5373=DIRECTION('',(0.0,0.0,1.0));
#5374=ORIENTED_EDGE('',*,*,#7221,.F.);
#5375=ORIENTED_EDGE('',*,*,#7243,.T.);
#5376=ORIENTED_EDGE('',*,*,#7268,.T.);
#5377=ORIENTED_EDGE('',*,*,#7265,.F.);
#5378=ORIENTED_EDGE('',*,*,#7261,.T.);
#5379=ORIENTED_EDGE('',*,*,#7245,.T.);
#5380=CARTESIAN_POINT('',(0.32,-1.18,-4.713823812587));
#5381=DIRECTION('',(-0.0,1.0,0.0));
#5382=DIRECTION('',(1.0,0.0,0.0));
#5383=ORIENTED_EDGE('',*,*,#7269,.T.);
#5384=ORIENTED_EDGE('',*,*,#7270,.F.);
#5385=ORIENTED_EDGE('',*,*,#7232,.F.);
#5386=ORIENTED_EDGE('',*,*,#6983,.F.);
#5387=CARTESIAN_POINT('',(0.32,-1.18,-4.713823812587));
#5388=DIRECTION('',(-0.0,1.0,0.0));
#5389=DIRECTION('',(1.0,0.0,0.0));
#5390=ORIENTED_EDGE('',*,*,#7239,.F.);
#5391=ORIENTED_EDGE('',*,*,#7271,.F.);
#5392=ORIENTED_EDGE('',*,*,#7272,.F.);
#5393=ORIENTED_EDGE('',*,*,#7273,.F.);
#5394=ORIENTED_EDGE('',*,*,#7274,.F.);
#5395=ORIENTED_EDGE('',*,*,#6517,.F.);
#5396=CARTESIAN_POINT('',(-0.32,0.0,0.0));
#5397=DIRECTION('',(1.0,0.0,0.0));
#5398=DIRECTION('',(0.0,1.0,0.0));
#5399=ORIENTED_EDGE('',*,*,#6722,.T.);
#5400=ORIENTED_EDGE('',*,*,#7268,.F.);
#5401=ORIENTED_EDGE('',*,*,#7242,.F.);
#5402=ORIENTED_EDGE('',*,*,#6618,.T.);
#5403=CARTESIAN_POINT('',(-0.32,0.0,0.0));
#5404=DIRECTION('',(1.0,0.0,0.0));
#5405=DIRECTION('',(0.0,1.0,0.0));
#5406=ORIENTED_EDGE('',*,*,#7258,.F.);
#5407=ORIENTED_EDGE('',*,*,#7256,.F.);
#5408=ORIENTED_EDGE('',*,*,#7254,.F.);
#5409=ORIENTED_EDGE('',*,*,#6720,.T.);
#5410=CARTESIAN_POINT('',(-0.32,0.0,0.0));
#5411=DIRECTION('',(1.0,0.0,0.0));
#5412=DIRECTION('',(0.0,1.0,0.0));
#5413=ORIENTED_EDGE('',*,*,#6857,.T.);
#5414=ORIENTED_EDGE('',*,*,#7275,.F.);
#5415=ORIENTED_EDGE('',*,*,#7276,.F.);
#5416=ORIENTED_EDGE('',*,*,#6718,.T.);
#5417=CARTESIAN_POINT('',(-0.32,0.0,0.0));
#5418=DIRECTION('',(1.0,0.0,0.0));
#5419=DIRECTION('',(0.0,1.0,0.0));
#5420=ORIENTED_EDGE('',*,*,#7277,.F.);
#5421=ORIENTED_EDGE('',*,*,#7278,.F.);
#5422=ORIENTED_EDGE('',*,*,#7279,.F.);
#5423=ORIENTED_EDGE('',*,*,#7280,.F.);
#5424=ORIENTED_EDGE('',*,*,#7281,.F.);
#5425=ORIENTED_EDGE('',*,*,#6922,.F.);
#5426=CARTESIAN_POINT('',(-0.32,0.0,0.0));
#5427=DIRECTION('',(1.0,0.0,0.0));
#5428=DIRECTION('',(0.0,1.0,0.0));
#5429=ORIENTED_EDGE('',*,*,#7282,.F.);
#5430=ORIENTED_EDGE('',*,*,#7283,.F.);
#5431=ORIENTED_EDGE('',*,*,#7269,.F.);
#5432=ORIENTED_EDGE('',*,*,#6982,.F.);
#5433=CARTESIAN_POINT('',(-0.32,0.0,0.0));
#5434=DIRECTION('',(1.0,0.0,0.0));
#5435=DIRECTION('',(0.0,1.0,0.0));
#5436=ORIENTED_EDGE('',*,*,#7284,.F.);
#5437=ORIENTED_EDGE('',*,*,#7285,.F.);
#5438=ORIENTED_EDGE('',*,*,#7286,.F.);
#5439=ORIENTED_EDGE('',*,*,#6973,.F.);
#5440=CARTESIAN_POINT('',(-0.32,0.0,0.0));
#5441=DIRECTION('',(1.0,0.0,0.0));
#5442=DIRECTION('',(0.0,1.0,0.0));
#5443=ORIENTED_EDGE('',*,*,#6518,.T.);
#5444=ORIENTED_EDGE('',*,*,#7274,.T.);
#5445=ORIENTED_EDGE('',*,*,#7287,.F.);
#5446=ORIENTED_EDGE('',*,*,#7215,.F.);
#5447=CARTESIAN_POINT('',(0.32,-3.43,-4.073823812587));
#5448=DIRECTION('',(0.0,-0.342020143325699,0.939692620785897));
#5449=DIRECTION('',(-1.0,0.0,0.0));
#5450=ORIENTED_EDGE('',*,*,#7287,.T.);
#5451=ORIENTED_EDGE('',*,*,#7273,.T.);
#5452=ORIENTED_EDGE('',*,*,#7288,.F.);
#5453=ORIENTED_EDGE('',*,*,#7216,.F.);
#5454=CARTESIAN_POINT('',(0.32,-4.23,-4.365));
#5455=DIRECTION('',(0.0,0.0,1.0));
#5456=DIRECTION('',(1.0,0.0,0.0));
#5457=ORIENTED_EDGE('',*,*,#7288,.T.);
#5458=ORIENTED_EDGE('',*,*,#7272,.T.);
#5459=ORIENTED_EDGE('',*,*,#7289,.F.);
#5460=ORIENTED_EDGE('',*,*,#7217,.F.);
#5461=CARTESIAN_POINT('',(0.32,-5.29,-4.685));
#5462=DIRECTION('',(-1.0,0.0,-0.0));
#5463=DIRECTION('',(0.0,0.0,-1.0));
#5464=ORIENTED_EDGE('',*,*,#7289,.T.);
#5465=ORIENTED_EDGE('',*,*,#7271,.T.);
#5466=ORIENTED_EDGE('',*,*,#7238,.F.);
#5467=ORIENTED_EDGE('',*,*,#7218,.F.);
#5468=CARTESIAN_POINT('',(0.32,-5.29,-5.005));
#5469=DIRECTION('',(0.0,0.0,-1.0));
#5470=DIRECTION('',(0.0,-1.0,0.0));
#5471=ORIENTED_EDGE('',*,*,#7264,.F.);
#5472=ORIENTED_EDGE('',*,*,#7266,.T.);
#5473=ORIENTED_EDGE('',*,*,#7276,.T.);
#5474=ORIENTED_EDGE('',*,*,#7290,.F.);
#5475=ORIENTED_EDGE('',*,*,#7225,.F.);
#5476=ORIENTED_EDGE('',*,*,#7249,.F.);
#5477=CARTESIAN_POINT('',(0.32,1.18,2.555));
#5478=DIRECTION('',(0.0,-1.0,0.0));
#5479=DIRECTION('',(0.0,0.0,-1.0));
#5480=ORIENTED_EDGE('',*,*,#7237,.F.);
#5481=ORIENTED_EDGE('',*,*,#7291,.T.);
#5482=ORIENTED_EDGE('',*,*,#7284,.T.);
#5483=ORIENTED_EDGE('',*,*,#6972,.T.);
#5484=CARTESIAN_POINT('',(0.32,1.18,2.555));
#5485=DIRECTION('',(0.0,-1.0,0.0));
#5486=DIRECTION('',(0.0,0.0,-1.0));
#5487=ORIENTED_EDGE('',*,*,#7226,.F.);
#5488=ORIENTED_EDGE('',*,*,#7290,.T.);
#5489=ORIENTED_EDGE('',*,*,#7275,.T.);
#5490=ORIENTED_EDGE('',*,*,#7267,.F.);
#5491=ORIENTED_EDGE('',*,*,#7292,.F.);
#5492=ORIENTED_EDGE('',*,*,#7251,.T.);
#5493=CARTESIAN_POINT('',(0.32,1.18,-4.713823812587));
#5494=DIRECTION('',(0.0,0.0,-1.0));
#5495=DIRECTION('',(0.0,-1.0,0.0));
#5496=ORIENTED_EDGE('',*,*,#7292,.T.);
#5497=ORIENTED_EDGE('',*,*,#7281,.T.);
#5498=ORIENTED_EDGE('',*,*,#7293,.F.);
#5499=ORIENTED_EDGE('',*,*,#7227,.F.);
#5500=CARTESIAN_POINT('',(0.32,3.175,-4.713823812587));
#5501=DIRECTION('',(0.0,-0.342020143325699,-0.939692620785897));
#5502=DIRECTION('',(0.0,-0.939692620785897,0.342020143325699));
#5503=ORIENTED_EDGE('',*,*,#7293,.T.);
#5504=ORIENTED_EDGE('',*,*,#7280,.T.);
#5505=ORIENTED_EDGE('',*,*,#7294,.F.);
#5506=ORIENTED_EDGE('',*,*,#7228,.F.);
#5507=CARTESIAN_POINT('',(0.32,3.975,-5.005));
#5508=DIRECTION('',(0.0,0.0,-1.0));
#5509=DIRECTION('',(0.0,-1.0,0.0));
#5510=ORIENTED_EDGE('',*,*,#7294,.T.);
#5511=ORIENTED_EDGE('',*,*,#7279,.T.);
#5512=ORIENTED_EDGE('',*,*,#7295,.F.);
#5513=ORIENTED_EDGE('',*,*,#7229,.F.);
#5514=CARTESIAN_POINT('',(0.32,5.27,-4.685));
#5515=DIRECTION('',(-1.0,0.0,-0.0));
#5516=DIRECTION('',(0.0,0.0,-1.0));
#5517=ORIENTED_EDGE('',*,*,#7295,.T.);
#5518=ORIENTED_EDGE('',*,*,#7278,.T.);
#5519=ORIENTED_EDGE('',*,*,#7296,.F.);
#5520=ORIENTED_EDGE('',*,*,#7230,.F.);
#5521=CARTESIAN_POINT('',(0.32,5.27,-4.365));
#5522=DIRECTION('',(0.0,0.0,1.0));
#5523=DIRECTION('',(1.0,0.0,0.0));
#5524=ORIENTED_EDGE('',*,*,#7296,.T.);
#5525=ORIENTED_EDGE('',*,*,#7277,.T.);
#5526=ORIENTED_EDGE('',*,*,#6921,.F.);
#5527=ORIENTED_EDGE('',*,*,#7231,.F.);
#5528=CARTESIAN_POINT('',(0.32,4.21,-4.365));
#5529=DIRECTION('',(0.0,0.342020143325699,0.939692620785897));
#5530=DIRECTION('',(1.0,-0.0,0.0));
#5531=ORIENTED_EDGE('',*,*,#7297,.T.);
#5532=ORIENTED_EDGE('',*,*,#7285,.T.);
#5533=ORIENTED_EDGE('',*,*,#7291,.F.);
#5534=ORIENTED_EDGE('',*,*,#7236,.F.);
#5535=CARTESIAN_POINT('',(0.32,1.82,2.555));
#5536=DIRECTION('',(0.0,0.0,1.0));
#5537=DIRECTION('',(1.0,0.0,0.0));
#5538=ORIENTED_EDGE('',*,*,#7286,.T.);
#5539=ORIENTED_EDGE('',*,*,#7297,.F.);
#5540=ORIENTED_EDGE('',*,*,#7235,.F.);
#5541=ORIENTED_EDGE('',*,*,#6974,.F.);
#5542=CARTESIAN_POINT('',(0.32,1.82,-3.755));
#5543=DIRECTION('',(-0.0,1.0,0.0));
#5544=DIRECTION('',(1.0,0.0,0.0));
#5545=ORIENTED_EDGE('',*,*,#7270,.T.);
#5546=ORIENTED_EDGE('',*,*,#7283,.T.);
#5547=ORIENTED_EDGE('',*,*,#7298,.F.);
#5548=ORIENTED_EDGE('',*,*,#7233,.F.);
#5549=CARTESIAN_POINT('',(0.32,-1.18,2.555));
#5550=DIRECTION('',(0.0,0.0,1.0));
#5551=DIRECTION('',(1.0,0.0,0.0));
#5552=ORIENTED_EDGE('',*,*,#7234,.F.);
#5553=ORIENTED_EDGE('',*,*,#7298,.T.);
#5554=ORIENTED_EDGE('',*,*,#7282,.T.);
#5555=ORIENTED_EDGE('',*,*,#6981,.T.);
#5556=CARTESIAN_POINT('',(0.32,-1.82,2.555));
#5557=DIRECTION('',(0.0,-1.0,0.0));
#5558=DIRECTION('',(0.0,0.0,-1.0));
#5559=ORIENTED_EDGE('',*,*,#7299,.T.);
#5560=ORIENTED_EDGE('',*,*,#7300,.T.);
#5561=ORIENTED_EDGE('',*,*,#7301,.T.);
#5562=ORIENTED_EDGE('',*,*,#7302,.T.);
#5563=ORIENTED_EDGE('',*,*,#7303,.T.);
#5564=ORIENTED_EDGE('',*,*,#6513,.T.);
#5565=CARTESIAN_POINT('',(-2.68,0.0,0.0));
#5566=DIRECTION('',(1.0,0.0,0.0));
#5567=DIRECTION('',(0.0,1.0,0.0));
#5568=ORIENTED_EDGE('',*,*,#7304,.T.);
#5569=ORIENTED_EDGE('',*,*,#7305,.T.);
#5570=ORIENTED_EDGE('',*,*,#6712,.F.);
#5571=ORIENTED_EDGE('',*,*,#6616,.F.);
#5572=CARTESIAN_POINT('',(-2.68,0.0,0.0));
#5573=DIRECTION('',(1.0,0.0,0.0));
#5574=DIRECTION('',(0.0,1.0,0.0));
#5575=ORIENTED_EDGE('',*,*,#7306,.T.);
#5576=ORIENTED_EDGE('',*,*,#7307,.T.);
#5577=ORIENTED_EDGE('',*,*,#7308,.T.);
#5578=ORIENTED_EDGE('',*,*,#6714,.F.);
#5579=CARTESIAN_POINT('',(-2.68,0.0,0.0));
#5580=DIRECTION('',(1.0,0.0,0.0));
#5581=DIRECTION('',(0.0,1.0,0.0));
#5582=ORIENTED_EDGE('',*,*,#7309,.T.);
#5583=ORIENTED_EDGE('',*,*,#7310,.T.);
#5584=ORIENTED_EDGE('',*,*,#6854,.F.);
#5585=ORIENTED_EDGE('',*,*,#6716,.F.);
#5586=CARTESIAN_POINT('',(-2.68,0.0,0.0));
#5587=DIRECTION('',(1.0,0.0,0.0));
#5588=DIRECTION('',(0.0,1.0,0.0));
#5589=ORIENTED_EDGE('',*,*,#7311,.T.);
#5590=ORIENTED_EDGE('',*,*,#7312,.T.);
#5591=ORIENTED_EDGE('',*,*,#7313,.T.);
#5592=ORIENTED_EDGE('',*,*,#7314,.T.);
#5593=ORIENTED_EDGE('',*,*,#7315,.T.);
#5594=ORIENTED_EDGE('',*,*,#6925,.T.);
#5595=CARTESIAN_POINT('',(-2.68,0.0,0.0));
#5596=DIRECTION('',(1.0,0.0,0.0));
#5597=DIRECTION('',(0.0,1.0,0.0));
#5598=ORIENTED_EDGE('',*,*,#7316,.T.);
#5599=ORIENTED_EDGE('',*,*,#7317,.T.);
#5600=ORIENTED_EDGE('',*,*,#7318,.T.);
#5601=ORIENTED_EDGE('',*,*,#6993,.T.);
#5602=CARTESIAN_POINT('',(-2.68,0.0,0.0));
#5603=DIRECTION('',(1.0,0.0,0.0));
#5604=DIRECTION('',(0.0,1.0,0.0));
#5605=ORIENTED_EDGE('',*,*,#7319,.T.);
#5606=ORIENTED_EDGE('',*,*,#7320,.T.);
#5607=ORIENTED_EDGE('',*,*,#7321,.T.);
#5608=ORIENTED_EDGE('',*,*,#7002,.T.);
#5609=CARTESIAN_POINT('',(-2.68,0.0,0.0));
#5610=DIRECTION('',(1.0,0.0,0.0));
#5611=DIRECTION('',(0.0,1.0,0.0));
#5612=ORIENTED_EDGE('',*,*,#7322,.T.);
#5613=ORIENTED_EDGE('',*,*,#7323,.T.);
#5614=ORIENTED_EDGE('',*,*,#7324,.F.);
#5615=ORIENTED_EDGE('',*,*,#7303,.F.);
#5616=CARTESIAN_POINT('',(-2.68,-4.23,-5.005));
#5617=DIRECTION('',(0.0,0.342020143325699,-0.939692620785897));
#5618=DIRECTION('',(-1.0,0.0,0.0));
#5619=ORIENTED_EDGE('',*,*,#7324,.T.);
#5620=ORIENTED_EDGE('',*,*,#7325,.T.);
#5621=ORIENTED_EDGE('',*,*,#7326,.T.);
#5622=ORIENTED_EDGE('',*,*,#7327,.F.);
#5623=ORIENTED_EDGE('',*,*,#7304,.F.);
#5624=ORIENTED_EDGE('',*,*,#7328,.F.);
#5625=CARTESIAN_POINT('',(-2.68,-3.43,-4.713823812587));
#5626=DIRECTION('',(0.0,0.0,-1.0));
#5627=DIRECTION('',(0.0,-1.0,0.0));
#5628=ORIENTED_EDGE('',*,*,#6713,.T.);
#5629=ORIENTED_EDGE('',*,*,#7329,.F.);
#5630=ORIENTED_EDGE('',*,*,#7330,.F.);
#5631=ORIENTED_EDGE('',*,*,#7331,.T.);
#5632=CARTESIAN_POINT('',(-2.68,3.43,-3.955));
#5633=DIRECTION('',(1.0,0.0,0.0));
#5634=DIRECTION('',(0.0,1.0,0.0));
#5635=ORIENTED_EDGE('',*,*,#7332,.F.);
#5636=ORIENTED_EDGE('',*,*,#7333,.T.);
#5637=ORIENTED_EDGE('',*,*,#6715,.T.);
#5638=ORIENTED_EDGE('',*,*,#7334,.F.);
#5639=CARTESIAN_POINT('',(-2.68,3.43,-3.955));
#5640=DIRECTION('',(1.0,0.0,0.0));
#5641=DIRECTION('',(0.0,1.0,0.0));
#5642=ORIENTED_EDGE('',*,*,#6621,.T.);
#5643=ORIENTED_EDGE('',*,*,#6827,.F.);
#5644=ORIENTED_EDGE('',*,*,#6514,.F.);
#5645=ORIENTED_EDGE('',*,*,#7328,.T.);
#5646=CARTESIAN_POINT('',(-2.68,3.43,-3.955));
#5647=DIRECTION('',(1.0,0.0,0.0));
#5648=DIRECTION('',(0.0,1.0,0.0));
#5649=ORIENTED_EDGE('',*,*,#6924,.T.);
#5650=ORIENTED_EDGE('',*,*,#6420,.T.);
#5651=ORIENTED_EDGE('',*,*,#6855,.T.);
#5652=ORIENTED_EDGE('',*,*,#7335,.F.);
#5653=CARTESIAN_POINT('',(-2.68,3.43,-3.955));
#5654=DIRECTION('',(1.0,0.0,0.0));
#5655=DIRECTION('',(0.0,1.0,0.0));
#5656=ORIENTED_EDGE('',*,*,#7336,.F.);
#5657=ORIENTED_EDGE('',*,*,#7337,.F.);
#5658=ORIENTED_EDGE('',*,*,#7338,.T.);
#5659=ORIENTED_EDGE('',*,*,#7339,.F.);
#5660=ORIENTED_EDGE('',*,*,#7306,.F.);
#5661=ORIENTED_EDGE('',*,*,#7331,.F.);
#5662=CARTESIAN_POINT('',(-2.68,-0.32,-3.755));
#5663=DIRECTION('',(0.0,-1.0,0.0));
#5664=DIRECTION('',(0.0,0.0,-1.0));
#5665=ORIENTED_EDGE('',*,*,#7339,.T.);
#5666=ORIENTED_EDGE('',*,*,#7340,.T.);
#5667=ORIENTED_EDGE('',*,*,#7341,.F.);
#5668=ORIENTED_EDGE('',*,*,#7307,.F.);
#5669=CARTESIAN_POINT('',(-2.68,-0.32,-4.955));
#5670=DIRECTION('',(0.0,0.0,-1.0));
#5671=DIRECTION('',(0.0,-1.0,0.0));
#5672=ORIENTED_EDGE('',*,*,#7308,.F.);
#5673=ORIENTED_EDGE('',*,*,#7341,.T.);
#5674=ORIENTED_EDGE('',*,*,#7342,.T.);
#5675=ORIENTED_EDGE('',*,*,#7343,.T.);
#5676=ORIENTED_EDGE('',*,*,#7344,.T.);
#5677=ORIENTED_EDGE('',*,*,#7334,.T.);
#5678=CARTESIAN_POINT('',(-2.68,0.32,-4.955));
#5679=DIRECTION('',(-0.0,1.0,0.0));
#5680=DIRECTION('',(1.0,0.0,0.0));
#5681=ORIENTED_EDGE('',*,*,#7330,.T.);
#5682=ORIENTED_EDGE('',*,*,#7345,.F.);
#5683=ORIENTED_EDGE('',*,*,#7346,.F.);
#5684=ORIENTED_EDGE('',*,*,#7336,.T.);
#5685=CARTESIAN_POINT('',(-3.32,3.43,-3.955));
#5686=DIRECTION('',(0.0,0.0,1.0));
#5687=DIRECTION('',(1.0,0.0,0.0));
#5688=ORIENTED_EDGE('',*,*,#7347,.F.);
#5689=ORIENTED_EDGE('',*,*,#7348,.T.);
#5690=ORIENTED_EDGE('',*,*,#7332,.T.);
#5691=ORIENTED_EDGE('',*,*,#7344,.F.);
#5692=CARTESIAN_POINT('',(-3.32,3.43,-3.955));
#5693=DIRECTION('',(0.0,0.0,1.0));
#5694=DIRECTION('',(1.0,0.0,0.0));
#5695=ORIENTED_EDGE('',*,*,#7346,.T.);
#5696=ORIENTED_EDGE('',*,*,#7349,.T.);
#5697=ORIENTED_EDGE('',*,*,#6727,.F.);
#5698=ORIENTED_EDGE('',*,*,#7337,.T.);
#5699=CARTESIAN_POINT('',(-3.32,3.43,-4.955));
#5700=DIRECTION('',(-1.0,0.0,0.0));
#5701=DIRECTION('',(0.0,0.0,1.0));
#5702=ORIENTED_EDGE('',*,*,#6725,.F.);
#5703=ORIENTED_EDGE('',*,*,#7350,.F.);
#5704=ORIENTED_EDGE('',*,*,#7347,.T.);
#5705=ORIENTED_EDGE('',*,*,#7343,.F.);
#5706=CARTESIAN_POINT('',(-3.32,3.43,-4.955));
#5707=DIRECTION('',(-1.0,0.0,0.0));
#5708=DIRECTION('',(0.0,0.0,1.0));
#5709=ORIENTED_EDGE('',*,*,#6510,.T.);
#5710=ORIENTED_EDGE('',*,*,#6826,.T.);
#5711=ORIENTED_EDGE('',*,*,#6624,.F.);
#5712=ORIENTED_EDGE('',*,*,#7325,.F.);
#5713=CARTESIAN_POINT('',(-3.32,3.43,-4.955));
#5714=DIRECTION('',(-1.0,0.0,0.0));
#5715=DIRECTION('',(0.0,0.0,1.0));
#5716=ORIENTED_EDGE('',*,*,#6858,.F.);
#5717=ORIENTED_EDGE('',*,*,#6418,.F.);
#5718=ORIENTED_EDGE('',*,*,#6928,.F.);
#5719=ORIENTED_EDGE('',*,*,#7351,.T.);
#5720=CARTESIAN_POINT('',(-3.32,3.43,-4.955));
#5721=DIRECTION('',(-1.0,0.0,0.0));
#5722=DIRECTION('',(0.0,0.0,1.0));
#5723=ORIENTED_EDGE('',*,*,#7305,.F.);
#5724=ORIENTED_EDGE('',*,*,#7327,.T.);
#5725=ORIENTED_EDGE('',*,*,#7352,.T.);
#5726=ORIENTED_EDGE('',*,*,#7349,.F.);
#5727=ORIENTED_EDGE('',*,*,#7345,.T.);
#5728=ORIENTED_EDGE('',*,*,#7329,.T.);
#5729=CARTESIAN_POINT('',(-2.68,-1.18,-4.713823812587));
#5730=DIRECTION('',(-0.0,1.0,0.0));
#5731=DIRECTION('',(1.0,0.0,0.0));
#5732=ORIENTED_EDGE('',*,*,#7353,.T.);
#5733=ORIENTED_EDGE('',*,*,#7354,.F.);
#5734=ORIENTED_EDGE('',*,*,#7316,.F.);
#5735=ORIENTED_EDGE('',*,*,#6992,.F.);
#5736=CARTESIAN_POINT('',(-2.68,-1.18,-4.713823812587));
#5737=DIRECTION('',(-0.0,1.0,0.0));
#5738=DIRECTION('',(1.0,0.0,0.0));
#5739=ORIENTED_EDGE('',*,*,#7323,.F.);
#5740=ORIENTED_EDGE('',*,*,#7355,.F.);
#5741=ORIENTED_EDGE('',*,*,#7356,.F.);
#5742=ORIENTED_EDGE('',*,*,#7357,.F.);
#5743=ORIENTED_EDGE('',*,*,#7358,.F.);
#5744=ORIENTED_EDGE('',*,*,#6511,.F.);
#5745=CARTESIAN_POINT('',(-3.32,0.0,0.0));
#5746=DIRECTION('',(1.0,0.0,0.0));
#5747=DIRECTION('',(0.0,1.0,0.0));
#5748=ORIENTED_EDGE('',*,*,#6728,.T.);
#5749=ORIENTED_EDGE('',*,*,#7352,.F.);
#5750=ORIENTED_EDGE('',*,*,#7326,.F.);
#5751=ORIENTED_EDGE('',*,*,#6623,.T.);
#5752=CARTESIAN_POINT('',(-3.32,0.0,0.0));
#5753=DIRECTION('',(1.0,0.0,0.0));
#5754=DIRECTION('',(0.0,1.0,0.0));
#5755=ORIENTED_EDGE('',*,*,#7342,.F.);
#5756=ORIENTED_EDGE('',*,*,#7340,.F.);
#5757=ORIENTED_EDGE('',*,*,#7338,.F.);
#5758=ORIENTED_EDGE('',*,*,#6726,.T.);
#5759=CARTESIAN_POINT('',(-3.32,0.0,0.0));
#5760=DIRECTION('',(1.0,0.0,0.0));
#5761=DIRECTION('',(0.0,1.0,0.0));
#5762=ORIENTED_EDGE('',*,*,#6859,.T.);
#5763=ORIENTED_EDGE('',*,*,#7359,.F.);
#5764=ORIENTED_EDGE('',*,*,#7360,.F.);
#5765=ORIENTED_EDGE('',*,*,#6724,.T.);
#5766=CARTESIAN_POINT('',(-3.32,0.0,0.0));
#5767=DIRECTION('',(1.0,0.0,0.0));
#5768=DIRECTION('',(0.0,1.0,0.0));
#5769=ORIENTED_EDGE('',*,*,#7361,.F.);
#5770=ORIENTED_EDGE('',*,*,#7362,.F.);
#5771=ORIENTED_EDGE('',*,*,#7363,.F.);
#5772=ORIENTED_EDGE('',*,*,#7364,.F.);
#5773=ORIENTED_EDGE('',*,*,#7365,.F.);
#5774=ORIENTED_EDGE('',*,*,#6927,.F.);
#5775=CARTESIAN_POINT('',(-3.32,0.0,0.0));
#5776=DIRECTION('',(1.0,0.0,0.0));
#5777=DIRECTION('',(0.0,1.0,0.0));
#5778=ORIENTED_EDGE('',*,*,#7366,.F.);
#5779=ORIENTED_EDGE('',*,*,#7367,.F.);
#5780=ORIENTED_EDGE('',*,*,#7353,.F.);
#5781=ORIENTED_EDGE('',*,*,#6991,.F.);
#5782=CARTESIAN_POINT('',(-3.32,0.0,0.0));
#5783=DIRECTION('',(1.0,0.0,0.0));
#5784=DIRECTION('',(0.0,1.0,0.0));
#5785=ORIENTED_EDGE('',*,*,#7368,.F.);
#5786=ORIENTED_EDGE('',*,*,#7369,.F.);
#5787=ORIENTED_EDGE('',*,*,#7370,.F.);
#5788=ORIENTED_EDGE('',*,*,#7000,.F.);
#5789=CARTESIAN_POINT('',(-3.32,0.0,0.0));
#5790=DIRECTION('',(1.0,0.0,0.0));
#5791=DIRECTION('',(0.0,1.0,0.0));
#5792=ORIENTED_EDGE('',*,*,#6512,.T.);
#5793=ORIENTED_EDGE('',*,*,#7358,.T.);
#5794=ORIENTED_EDGE('',*,*,#7371,.F.);
#5795=ORIENTED_EDGE('',*,*,#7299,.F.);
#5796=CARTESIAN_POINT('',(-2.68,-3.43,-4.073823812587));
#5797=DIRECTION('',(0.0,-0.342020143325699,0.939692620785897));
#5798=DIRECTION('',(-1.0,0.0,0.0));
#5799=ORIENTED_EDGE('',*,*,#7371,.T.);
#5800=ORIENTED_EDGE('',*,*,#7357,.T.);
#5801=ORIENTED_EDGE('',*,*,#7372,.F.);
#5802=ORIENTED_EDGE('',*,*,#7300,.F.);
#5803=CARTESIAN_POINT('',(-2.68,-4.23,-4.365));
#5804=DIRECTION('',(0.0,0.0,1.0));
#5805=DIRECTION('',(1.0,0.0,0.0));
#5806=ORIENTED_EDGE('',*,*,#7372,.T.);
#5807=ORIENTED_EDGE('',*,*,#7356,.T.);
#5808=ORIENTED_EDGE('',*,*,#7373,.F.);
#5809=ORIENTED_EDGE('',*,*,#7301,.F.);
#5810=CARTESIAN_POINT('',(-2.68,-5.29,-4.685));
#5811=DIRECTION('',(-1.0,0.0,-0.0));
#5812=DIRECTION('',(0.0,0.0,-1.0));
#5813=ORIENTED_EDGE('',*,*,#7373,.T.);
#5814=ORIENTED_EDGE('',*,*,#7355,.T.);
#5815=ORIENTED_EDGE('',*,*,#7322,.F.);
#5816=ORIENTED_EDGE('',*,*,#7302,.F.);
#5817=CARTESIAN_POINT('',(-2.68,-5.29,-5.005));
#5818=DIRECTION('',(0.0,0.0,-1.0));
#5819=DIRECTION('',(0.0,-1.0,0.0));
#5820=ORIENTED_EDGE('',*,*,#7348,.F.);
#5821=ORIENTED_EDGE('',*,*,#7350,.T.);
#5822=ORIENTED_EDGE('',*,*,#7360,.T.);
#5823=ORIENTED_EDGE('',*,*,#7374,.F.);
#5824=ORIENTED_EDGE('',*,*,#7309,.F.);
#5825=ORIENTED_EDGE('',*,*,#7333,.F.);
#5826=CARTESIAN_POINT('',(-2.68,1.18,2.555));
#5827=DIRECTION('',(0.0,-1.0,0.0));
#5828=DIRECTION('',(0.0,0.0,-1.0));
#5829=ORIENTED_EDGE('',*,*,#7321,.F.);
#5830=ORIENTED_EDGE('',*,*,#7375,.T.);
#5831=ORIENTED_EDGE('',*,*,#7368,.T.);
#5832=ORIENTED_EDGE('',*,*,#6999,.T.);
#5833=CARTESIAN_POINT('',(-2.68,1.18,2.555));
#5834=DIRECTION('',(0.0,-1.0,0.0));
#5835=DIRECTION('',(0.0,0.0,-1.0));
#5836=ORIENTED_EDGE('',*,*,#7310,.F.);
#5837=ORIENTED_EDGE('',*,*,#7374,.T.);
#5838=ORIENTED_EDGE('',*,*,#7359,.T.);
#5839=ORIENTED_EDGE('',*,*,#7351,.F.);
#5840=ORIENTED_EDGE('',*,*,#7376,.F.);
#5841=ORIENTED_EDGE('',*,*,#7335,.T.);
#5842=CARTESIAN_POINT('',(-2.68,1.18,-4.713823812587));
#5843=DIRECTION('',(0.0,0.0,-1.0));
#5844=DIRECTION('',(0.0,-1.0,0.0));
#5845=ORIENTED_EDGE('',*,*,#7376,.T.);
#5846=ORIENTED_EDGE('',*,*,#7365,.T.);
#5847=ORIENTED_EDGE('',*,*,#7377,.F.);
#5848=ORIENTED_EDGE('',*,*,#7311,.F.);
#5849=CARTESIAN_POINT('',(-2.68,3.175,-4.713823812587));
#5850=DIRECTION('',(0.0,-0.342020143325699,-0.939692620785897));
#5851=DIRECTION('',(0.0,-0.939692620785897,0.342020143325699));
#5852=ORIENTED_EDGE('',*,*,#7377,.T.);
#5853=ORIENTED_EDGE('',*,*,#7364,.T.);
#5854=ORIENTED_EDGE('',*,*,#7378,.F.);
#5855=ORIENTED_EDGE('',*,*,#7312,.F.);
#5856=CARTESIAN_POINT('',(-2.68,3.975,-5.005));
#5857=DIRECTION('',(0.0,0.0,-1.0));
#5858=DIRECTION('',(0.0,-1.0,0.0));
#5859=ORIENTED_EDGE('',*,*,#7378,.T.);
#5860=ORIENTED_EDGE('',*,*,#7363,.T.);
#5861=ORIENTED_EDGE('',*,*,#7379,.F.);
#5862=ORIENTED_EDGE('',*,*,#7313,.F.);
#5863=CARTESIAN_POINT('',(-2.68,5.27,-4.685));
#5864=DIRECTION('',(-1.0,0.0,-0.0));
#5865=DIRECTION('',(0.0,0.0,-1.0));
#5866=ORIENTED_EDGE('',*,*,#7379,.T.);
#5867=ORIENTED_EDGE('',*,*,#7362,.T.);
#5868=ORIENTED_EDGE('',*,*,#7380,.F.);
#5869=ORIENTED_EDGE('',*,*,#7314,.F.);
#5870=CARTESIAN_POINT('',(-2.68,5.27,-4.365));
#5871=DIRECTION('',(0.0,0.0,1.0));
#5872=DIRECTION('',(1.0,0.0,0.0));
#5873=ORIENTED_EDGE('',*,*,#7380,.T.);
#5874=ORIENTED_EDGE('',*,*,#7361,.T.);
#5875=ORIENTED_EDGE('',*,*,#6926,.F.);
#5876=ORIENTED_EDGE('',*,*,#7315,.F.);
#5877=CARTESIAN_POINT('',(-2.68,4.21,-4.365));
#5878=DIRECTION('',(0.0,0.342020143325699,0.939692620785897));
#5879=DIRECTION('',(1.0,-0.0,0.0));
#5880=ORIENTED_EDGE('',*,*,#7381,.T.);
#5881=ORIENTED_EDGE('',*,*,#7369,.T.);
#5882=ORIENTED_EDGE('',*,*,#7375,.F.);
#5883=ORIENTED_EDGE('',*,*,#7320,.F.);
#5884=CARTESIAN_POINT('',(-2.68,1.82,2.555));
#5885=DIRECTION('',(0.0,0.0,1.0));
#5886=DIRECTION('',(1.0,0.0,0.0));
#5887=ORIENTED_EDGE('',*,*,#7370,.T.);
#5888=ORIENTED_EDGE('',*,*,#7381,.F.);
#5889=ORIENTED_EDGE('',*,*,#7319,.F.);
#5890=ORIENTED_EDGE('',*,*,#7001,.F.);
#5891=CARTESIAN_POINT('',(-2.68,1.82,-3.755));
#5892=DIRECTION('',(-0.0,1.0,0.0));
#5893=DIRECTION('',(1.0,0.0,0.0));
#5894=ORIENTED_EDGE('',*,*,#7354,.T.);
#5895=ORIENTED_EDGE('',*,*,#7367,.T.);
#5896=ORIENTED_EDGE('',*,*,#7382,.F.);
#5897=ORIENTED_EDGE('',*,*,#7317,.F.);
#5898=CARTESIAN_POINT('',(-2.68,-1.18,2.555));
#5899=DIRECTION('',(0.0,0.0,1.0));
#5900=DIRECTION('',(1.0,0.0,0.0));
#5901=ORIENTED_EDGE('',*,*,#7318,.F.);
#5902=ORIENTED_EDGE('',*,*,#7382,.T.);
#5903=ORIENTED_EDGE('',*,*,#7366,.T.);
#5904=ORIENTED_EDGE('',*,*,#6990,.T.);
#5905=CARTESIAN_POINT('',(-2.68,-1.82,2.555));
#5906=DIRECTION('',(0.0,-1.0,0.0));
#5907=DIRECTION('',(0.0,0.0,-1.0));
#5908=ORIENTED_EDGE('',*,*,#6588,.F.);
#5909=ORIENTED_EDGE('',*,*,#7383,.T.);
#5910=ORIENTED_EDGE('',*,*,#6502,.T.);
#5911=ORIENTED_EDGE('',*,*,#7008,.T.);
#5912=CARTESIAN_POINT('',(-5.68,-1.82,2.555));
#5913=DIRECTION('',(0.0,-1.0,0.0));
#5914=DIRECTION('',(0.0,0.0,-1.0));
#5915=ORIENTED_EDGE('',*,*,#6477,.T.);
#5916=ORIENTED_EDGE('',*,*,#6503,.T.);
#5917=ORIENTED_EDGE('',*,*,#7383,.F.);
#5918=ORIENTED_EDGE('',*,*,#6587,.F.);
#5919=CARTESIAN_POINT('',(-5.68,-1.18,2.555));
#5920=DIRECTION('',(0.0,0.0,1.0));
#5921=DIRECTION('',(1.0,0.0,0.0));
#5922=ORIENTED_EDGE('',*,*,#6507,.T.);
#5923=ORIENTED_EDGE('',*,*,#7384,.F.);
#5924=ORIENTED_EDGE('',*,*,#6590,.F.);
#5925=ORIENTED_EDGE('',*,*,#7014,.F.);
#5926=CARTESIAN_POINT('',(-5.68,1.82,-3.755));
#5927=DIRECTION('',(-0.0,1.0,0.0));
#5928=DIRECTION('',(1.0,0.0,0.0));
#5929=ORIENTED_EDGE('',*,*,#7384,.T.);
#5930=ORIENTED_EDGE('',*,*,#6506,.T.);
#5931=ORIENTED_EDGE('',*,*,#6936,.F.);
#5932=ORIENTED_EDGE('',*,*,#6591,.F.);
#5933=CARTESIAN_POINT('',(-5.68,1.82,2.555));
#5934=DIRECTION('',(0.0,0.0,1.0));
#5935=DIRECTION('',(1.0,0.0,0.0));
#5936=ORIENTED_EDGE('',*,*,#6899,.T.);
#5937=ORIENTED_EDGE('',*,*,#6892,.T.);
#5938=ORIENTED_EDGE('',*,*,#6699,.F.);
#5939=ORIENTED_EDGE('',*,*,#6643,.T.);
#5940=CARTESIAN_POINT('',(5.68,3.43,-4.955));
#5941=DIRECTION('',(-1.0,0.0,0.0));
#5942=DIRECTION('',(0.0,0.0,1.0));
#5943=ORIENTED_EDGE('',*,*,#6697,.F.);
#5944=ORIENTED_EDGE('',*,*,#6900,.F.);
#5945=ORIENTED_EDGE('',*,*,#6897,.T.);
#5946=ORIENTED_EDGE('',*,*,#7385,.F.);
#5947=CARTESIAN_POINT('',(5.68,3.43,-4.955));
#5948=DIRECTION('',(-1.0,0.0,0.0));
#5949=DIRECTION('',(0.0,0.0,1.0));
#5950=ORIENTED_EDGE('',*,*,#6834,.T.);
#5951=ORIENTED_EDGE('',*,*,#6607,.F.);
#5952=ORIENTED_EDGE('',*,*,#6890,.F.);
#5953=ORIENTED_EDGE('',*,*,#6528,.T.);
#5954=CARTESIAN_POINT('',(5.68,3.43,-4.955));
#5955=DIRECTION('',(-1.0,0.0,0.0));
#5956=DIRECTION('',(0.0,0.0,1.0));
#5957=ORIENTED_EDGE('',*,*,#6904,.T.);
#5958=ORIENTED_EDGE('',*,*,#6848,.F.);
#5959=ORIENTED_EDGE('',*,*,#6435,.F.);
#5960=ORIENTED_EDGE('',*,*,#6913,.F.);
#5961=CARTESIAN_POINT('',(5.68,3.43,-4.955));
#5962=DIRECTION('',(-1.0,0.0,0.0));
#5963=DIRECTION('',(0.0,0.0,1.0));
#5964=ORIENTED_EDGE('',*,*,#7386,.T.);
#5965=ORIENTED_EDGE('',*,*,#6869,.T.);
#5966=ORIENTED_EDGE('',*,*,#7385,.T.);
#5967=ORIENTED_EDGE('',*,*,#6896,.T.);
#5968=ORIENTED_EDGE('',*,*,#6636,.F.);
#5969=ORIENTED_EDGE('',*,*,#6660,.F.);
#5970=CARTESIAN_POINT('',(6.32,0.32,-4.955));
#5971=DIRECTION('',(-0.0,1.0,0.0));
#5972=DIRECTION('',(1.0,0.0,0.0));
#5973=ORIENTED_EDGE('',*,*,#6645,.T.);
#5974=ORIENTED_EDGE('',*,*,#6870,.T.);
#5975=ORIENTED_EDGE('',*,*,#7386,.F.);
#5976=ORIENTED_EDGE('',*,*,#6659,.F.);
#5977=CARTESIAN_POINT('',(6.32,-0.32,-4.955));
#5978=DIRECTION('',(0.0,0.0,-1.0));
#5979=DIRECTION('',(0.0,-1.0,0.0));
#5980=ORIENTED_EDGE('',*,*,#6428,.F.);
#5981=ORIENTED_EDGE('',*,*,#6912,.F.);
#5982=ORIENTED_EDGE('',*,*,#7387,.F.);
#5983=ORIENTED_EDGE('',*,*,#6390,.F.);
#5984=CARTESIAN_POINT('',(7.925,3.43,-3.205));
#5985=DIRECTION('',(1.0,0.0,0.0));
#5986=DIRECTION('',(0.0,1.0,0.0));
#5987=ORIENTED_EDGE('',*,*,#7387,.T.);
#5988=ORIENTED_EDGE('',*,*,#6911,.F.);
#5989=ORIENTED_EDGE('',*,*,#6408,.F.);
#5990=ORIENTED_EDGE('',*,*,#6391,.T.);
#5991=CARTESIAN_POINT('',(-7.925,3.43,-3.205));
#5992=DIRECTION('',(0.0,0.0,1.0));
#5993=DIRECTION('',(1.0,0.0,0.0));
#5994=ORIENTED_EDGE('',*,*,#7388,.F.);
#5995=ORIENTED_EDGE('',*,*,#6812,.F.);
#5996=ORIENTED_EDGE('',*,*,#6387,.F.);
#5997=ORIENTED_EDGE('',*,*,#6356,.F.);
#5998=ORIENTED_EDGE('',*,*,#7389,.T.);
#5999=ORIENTED_EDGE('',*,*,#7390,.F.);
#6000=CARTESIAN_POINT('',(-9.325,-3.43,-3.355));
#6001=DIRECTION('',(0.0,0.0,1.0));
#6002=DIRECTION('',(1.0,0.0,0.0));
#6003=ORIENTED_EDGE('',*,*,#7391,.T.);
#6004=ORIENTED_EDGE('',*,*,#6279,.T.);
#6005=ORIENTED_EDGE('',*,*,#6385,.T.);
#6006=ORIENTED_EDGE('',*,*,#6838,.F.);
#6007=ORIENTED_EDGE('',*,*,#7392,.F.);
#6008=ORIENTED_EDGE('',*,*,#7393,.T.);
#6009=CARTESIAN_POINT('',(-9.325,-3.43,-3.355));
#6010=DIRECTION('',(0.0,0.0,1.0));
#6011=DIRECTION('',(1.0,0.0,0.0));
#6012=ORIENTED_EDGE('',*,*,#6534,.T.);
#6013=ORIENTED_EDGE('',*,*,#6832,.F.);
#6014=ORIENTED_EDGE('',*,*,#7394,.F.);
#6015=ORIENTED_EDGE('',*,*,#7390,.T.);
#6016=CARTESIAN_POINT('',(8.375,-3.94,-3.355));
#6017=DIRECTION('',(1.0,0.0,0.0));
#6018=DIRECTION('',(0.0,1.0,0.0));
#6019=ORIENTED_EDGE('',*,*,#6831,.F.);
#6020=ORIENTED_EDGE('',*,*,#6813,.F.);
#6021=ORIENTED_EDGE('',*,*,#7388,.T.);
#6022=ORIENTED_EDGE('',*,*,#7394,.T.);
#6023=CARTESIAN_POINT('',(-9.325,-3.94,-3.355));
#6024=DIRECTION('',(0.0,-1.0,0.0));
#6025=DIRECTION('',(0.0,0.0,-1.0));
#6026=ORIENTED_EDGE('',*,*,#7392,.T.);
#6027=ORIENTED_EDGE('',*,*,#6837,.F.);
#6028=ORIENTED_EDGE('',*,*,#6824,.F.);
#6029=ORIENTED_EDGE('',*,*,#7395,.F.);
#6030=CARTESIAN_POINT('',(-9.325,-3.94,-3.355));
#6031=DIRECTION('',(0.0,-1.0,0.0));
#6032=DIRECTION('',(0.0,0.0,-1.0));
#6033=ORIENTED_EDGE('',*,*,#7395,.T.);
#6034=ORIENTED_EDGE('',*,*,#6823,.T.);
#6035=ORIENTED_EDGE('',*,*,#6538,.F.);
#6036=ORIENTED_EDGE('',*,*,#7393,.F.);
#6037=CARTESIAN_POINT('',(-8.375,-3.43,-3.355));
#6038=DIRECTION('',(-1.0,0.0,0.0));
#6039=DIRECTION('',(0.0,0.0,1.0));
#6040=ORIENTED_EDGE('',*,*,#6355,.F.);
#6041=ORIENTED_EDGE('',*,*,#6375,.T.);
#6042=ORIENTED_EDGE('',*,*,#6535,.T.);
#6043=ORIENTED_EDGE('',*,*,#7389,.F.);
#6044=CARTESIAN_POINT('',(9.705,-2.73,4.955));
#6045=DIRECTION('',(-0.465746432832598,0.884918222381995,0.0));
#6046=DIRECTION('',(0.0,0.0,1.0));
#6047=ORIENTED_EDGE('',*,*,#6380,.F.);
#6048=ORIENTED_EDGE('',*,*,#6280,.T.);
#6049=ORIENTED_EDGE('',*,*,#7391,.F.);
#6050=ORIENTED_EDGE('',*,*,#6537,.F.);
#6051=CARTESIAN_POINT('',(-8.375,-3.43,4.955));
#6052=DIRECTION('',(0.465746432832598,0.884918222381995,0.0));
#6053=DIRECTION('',(0.0,0.0,-1.0));
#6054=ORIENTED_EDGE('',*,*,#6575,.F.);
#6055=ORIENTED_EDGE('',*,*,#7396,.T.);
#6056=ORIENTED_EDGE('',*,*,#6489,.T.);
#6057=ORIENTED_EDGE('',*,*,#6443,.T.);
#6058=ORIENTED_EDGE('',*,*,#6472,.T.);
#6059=ORIENTED_EDGE('',*,*,#6462,.T.);
#6060=CARTESIAN_POINT('',(-5.68,0.32,-4.955));
#6061=DIRECTION('',(-0.0,1.0,0.0));
#6062=DIRECTION('',(1.0,0.0,0.0));
#6063=ORIENTED_EDGE('',*,*,#6453,.T.);
#6064=ORIENTED_EDGE('',*,*,#6490,.T.);
#6065=ORIENTED_EDGE('',*,*,#7396,.F.);
#6066=ORIENTED_EDGE('',*,*,#6574,.F.);
#6067=CARTESIAN_POINT('',(-5.68,-0.32,-4.955));
#6068=DIRECTION('',(0.0,0.0,-1.0));
#6069=DIRECTION('',(0.0,-1.0,0.0));
#6070=ORIENTED_EDGE('',*,*,#6282,.F.);
#6071=ORIENTED_EDGE('',*,*,#6368,.F.);
#6072=ORIENTED_EDGE('',*,*,#6305,.F.);
#6073=ORIENTED_EDGE('',*,*,#6284,.T.);
#6074=CARTESIAN_POINT('',(-7.925,2.68,3.315));
#6075=DIRECTION('',(0.0,0.0,-1.0));
#6076=DIRECTION('',(0.0,-1.0,0.0));
#6077=ORIENTED_EDGE('',*,*,#6309,.F.);
#6078=ORIENTED_EDGE('',*,*,#6376,.T.);
#6079=ORIENTED_EDGE('',*,*,#6276,.F.);
#6080=ORIENTED_EDGE('',*,*,#7397,.F.);
#6081=CARTESIAN_POINT('',(-7.925,2.68,3.315));
#6082=DIRECTION('',(0.0,0.0,-1.0));
#6083=DIRECTION('',(0.0,-1.0,0.0));
#6084=ORIENTED_EDGE('',*,*,#7398,.T.);
#6085=ORIENTED_EDGE('',*,*,#6310,.T.);
#6086=ORIENTED_EDGE('',*,*,#7397,.T.);
#6087=ORIENTED_EDGE('',*,*,#6275,.T.);
#6088=CARTESIAN_POINT('',(-9.825,1.1,-0.185));
#6089=DIRECTION('',(0.0,-1.0,0.0));
#6090=DIRECTION('',(0.0,0.0,-1.0));
#6091=ORIENTED_EDGE('',*,*,#6302,.T.);
#6092=ORIENTED_EDGE('',*,*,#6311,.T.);
#6093=ORIENTED_EDGE('',*,*,#7398,.F.);
#6094=ORIENTED_EDGE('',*,*,#6274,.F.);
#6095=CARTESIAN_POINT('',(-9.825,0.575,-0.185));
#6096=DIRECTION('',(0.0,0.0,1.0));
#6097=DIRECTION('',(1.0,0.0,0.0));
#6098=ORIENTED_EDGE('',*,*,#6366,.T.);
#6099=ORIENTED_EDGE('',*,*,#6343,.F.);
#6100=ORIENTED_EDGE('',*,*,#7399,.F.);
#6101=ORIENTED_EDGE('',*,*,#6360,.F.);
#6102=CARTESIAN_POINT('',(9.825,1.1,-0.185));
#6103=DIRECTION('',(-0.0,1.0,0.0));
#6104=DIRECTION('',(1.0,0.0,0.0));
#6105=ORIENTED_EDGE('',*,*,#7399,.T.);
#6106=ORIENTED_EDGE('',*,*,#6342,.F.);
#6107=ORIENTED_EDGE('',*,*,#6326,.F.);
#6108=ORIENTED_EDGE('',*,*,#6361,.T.);
#6109=CARTESIAN_POINT('',(9.825,0.575,-0.185));
#6110=DIRECTION('',(0.0,0.0,-1.0));
#6111=DIRECTION('',(0.0,-1.0,0.0));
#6112=ORIENTED_EDGE('',*,*,#7400,.T.);
#6113=ORIENTED_EDGE('',*,*,#6316,.F.);
#6114=ORIENTED_EDGE('',*,*,#6337,.F.);
#6115=ORIENTED_EDGE('',*,*,#6335,.T.);
#6116=CARTESIAN_POINT('',(8.325,-0.4,-2.685));
#6117=DIRECTION('',(0.0,-1.0,0.0));
#6118=DIRECTION('',(0.0,0.0,-1.0));
#6119=ORIENTED_EDGE('',*,*,#7401,.T.);
#6120=ORIENTED_EDGE('',*,*,#6317,.F.);
#6121=ORIENTED_EDGE('',*,*,#7400,.F.);
#6122=ORIENTED_EDGE('',*,*,#6334,.T.);
#6123=CARTESIAN_POINT('',(8.625,-0.4,-2.685));
#6124=DIRECTION('',(1.0,0.0,0.0));
#6125=DIRECTION('',(0.0,1.0,0.0));
#6126=ORIENTED_EDGE('',*,*,#7402,.T.);
#6127=ORIENTED_EDGE('',*,*,#6318,.F.);
#6128=ORIENTED_EDGE('',*,*,#7401,.F.);
#6129=ORIENTED_EDGE('',*,*,#6333,.T.);
#6130=CARTESIAN_POINT('',(8.625,0.4,-2.685));
#6131=DIRECTION('',(-0.0,1.0,0.0));
#6132=DIRECTION('',(1.0,0.0,0.0));
#6133=ORIENTED_EDGE('',*,*,#6328,.T.);
#6134=ORIENTED_EDGE('',*,*,#6319,.F.);
#6135=ORIENTED_EDGE('',*,*,#7402,.F.);
#6136=ORIENTED_EDGE('',*,*,#6332,.F.);
#6137=CARTESIAN_POINT('',(8.325,0.4,-2.685));
#6138=DIRECTION('',(1.0,0.0,0.0));
#6139=DIRECTION('',(0.0,1.0,0.0));
#6140=ORIENTED_EDGE('',*,*,#6291,.T.);
#6141=ORIENTED_EDGE('',*,*,#6324,.F.);
#6142=ORIENTED_EDGE('',*,*,#7403,.F.);
#6143=ORIENTED_EDGE('',*,*,#6294,.F.);
#6144=CARTESIAN_POINT('',(-8.325,-0.4,-2.685));
#6145=DIRECTION('',(-1.0,0.0,0.0));
#6146=DIRECTION('',(0.0,0.0,1.0));
#6147=ORIENTED_EDGE('',*,*,#7403,.T.);
#6148=ORIENTED_EDGE('',*,*,#6323,.F.);
#6149=ORIENTED_EDGE('',*,*,#7404,.F.);
#6150=ORIENTED_EDGE('',*,*,#6295,.T.);
#6151=CARTESIAN_POINT('',(-8.625,-0.4,-2.685));
#6152=DIRECTION('',(0.0,-1.0,0.0));
#6153=DIRECTION('',(0.0,0.0,-1.0));
#6154=ORIENTED_EDGE('',*,*,#7404,.T.);
#6155=ORIENTED_EDGE('',*,*,#6322,.F.);
#6156=ORIENTED_EDGE('',*,*,#7405,.F.);
#6157=ORIENTED_EDGE('',*,*,#6296,.T.);
#6158=CARTESIAN_POINT('',(-8.625,0.4,-2.685));
#6159=DIRECTION('',(-1.0,0.0,0.0));
#6160=DIRECTION('',(0.0,0.0,1.0));
#6161=ORIENTED_EDGE('',*,*,#7405,.T.);
#6162=ORIENTED_EDGE('',*,*,#6321,.F.);
#6163=ORIENTED_EDGE('',*,*,#6299,.F.);
#6164=ORIENTED_EDGE('',*,*,#6297,.T.);
#6165=CARTESIAN_POINT('',(-8.325,0.4,-2.685));
#6166=DIRECTION('',(-0.0,1.0,0.0));
#6167=DIRECTION('',(1.0,0.0,0.0));
#6168=CARTESIAN_POINT('',(9.325,-2.1175,1.065));
#6169=VECTOR('',#7406,1.25);
#6170=CARTESIAN_POINT('',(9.325,-2.1175,2.315));
#6171=VECTOR('',#7407,0.15625);
#6172=CARTESIAN_POINT('',(9.325,-2.27375,2.315));
#6173=VECTOR('',#7408,0.2430502054266);
#6174=CARTESIAN_POINT('',(9.325,-2.43,2.128829809427));
#6175=VECTOR('',#7409,0.2127660065889);
#6176=CARTESIAN_POINT('',(9.325,-2.43,1.916063802838));
#6177=VECTOR('',#7410,0.2430502624961);
#6178=CARTESIAN_POINT('',(9.325,-2.27375,2.102234067917));
#6179=VECTOR('',#7411,1.037234067917);
#6180=CARTESIAN_POINT('',(9.325,-2.27375,1.065));
#6181=VECTOR('',#7412,0.15625);
#6182=AXIS2_PLACEMENT_3D('',#7413,#7414,#7415);
#6183=AXIS2_PLACEMENT_3D('',#7416,#7417,#7418);
#6184=AXIS2_PLACEMENT_3D('',#7419,#7420,#7421);
#6185=AXIS2_PLACEMENT_3D('',#7422,#7423,#7424);
#6186=CARTESIAN_POINT('',(6.635,5.97,-4.955));
#6187=VECTOR('',#7425,2.54);
#6188=CARTESIAN_POINT('',(6.635,3.43,-4.955));
#6189=VECTOR('',#7426,1.27);
#6190=CARTESIAN_POINT('',(5.365,3.43,-4.955));
#6191=VECTOR('',#7427,2.54);
#6192=CARTESIAN_POINT('',(5.365,5.97,-4.955));
#6193=VECTOR('',#7428,1.27);
#6194=CARTESIAN_POINT('',(6.635,-3.43,-4.955));
#6195=VECTOR('',#7429,2.54);
#6196=CARTESIAN_POINT('',(6.635,-5.97,-4.955));
#6197=VECTOR('',#7430,1.27);
#6198=CARTESIAN_POINT('',(5.365,-5.97,-4.955));
#6199=VECTOR('',#7431,2.54);
#6200=CARTESIAN_POINT('',(5.365,-3.43,-4.955));
#6201=VECTOR('',#7432,1.27);
#6202=CARTESIAN_POINT('',(3.635,5.97,-4.955));
#6203=VECTOR('',#7433,2.54);
#6204=CARTESIAN_POINT('',(3.635,3.43,-4.955));
#6205=VECTOR('',#7434,1.27);
#6206=CARTESIAN_POINT('',(2.365,3.43,-4.955));
#6207=VECTOR('',#7435,2.54);
#6208=CARTESIAN_POINT('',(2.365,5.97,-4.955));
#6209=VECTOR('',#7436,1.27);
#6210=CARTESIAN_POINT('',(3.635,-3.43,-4.955));
#6211=VECTOR('',#7437,2.54);
#6212=CARTESIAN_POINT('',(3.635,-5.97,-4.955));
#6213=VECTOR('',#7438,1.27);
#6214=CARTESIAN_POINT('',(2.365,-5.97,-4.955));
#6215=VECTOR('',#7439,2.54);
#6216=CARTESIAN_POINT('',(2.365,-3.43,-4.955));
#6217=VECTOR('',#7440,1.27);
#6218=CARTESIAN_POINT('',(0.635,5.97,-4.955));
#6219=VECTOR('',#7441,2.54);
#6220=CARTESIAN_POINT('',(0.635,3.43,-4.955));
#6221=VECTOR('',#7442,1.27);
#6222=CARTESIAN_POINT('',(-0.635,3.43,-4.955));
#6223=VECTOR('',#7443,2.54);
#6224=CARTESIAN_POINT('',(-0.635,5.97,-4.955));
#6225=VECTOR('',#7444,1.27);
#6226=CARTESIAN_POINT('',(0.635,-3.43,-4.955));
#6227=VECTOR('',#7445,2.54);
#6228=CARTESIAN_POINT('',(0.635,-5.97,-4.955));
#6229=VECTOR('',#7446,1.27);
#6230=CARTESIAN_POINT('',(-0.635,-5.97,-4.955));
#6231=VECTOR('',#7447,2.54);
#6232=CARTESIAN_POINT('',(-0.635,-3.43,-4.955));
#6233=VECTOR('',#7448,1.27);
#6234=CARTESIAN_POINT('',(-2.365,5.97,-4.955));
#6235=VECTOR('',#7449,2.54);
#6236=CARTESIAN_POINT('',(-2.365,3.43,-4.955));
#6237=VECTOR('',#7450,1.27);
#6238=CARTESIAN_POINT('',(-3.635,3.43,-4.955));
#6239=VECTOR('',#7451,2.54);
#6240=CARTESIAN_POINT('',(-3.635,5.97,-4.955));
#6241=VECTOR('',#7452,1.27);
#6242=CARTESIAN_POINT('',(-2.365,-3.43,-4.955));
#6243=VECTOR('',#7453,2.54);
#6244=CARTESIAN_POINT('',(-2.365,-5.97,-4.955));
#6245=VECTOR('',#7454,1.27);
#6246=CARTESIAN_POINT('',(-3.635,-5.97,-4.955));
#6247=VECTOR('',#7455,2.54);
#6248=CARTESIAN_POINT('',(-3.635,-3.43,-4.955));
#6249=VECTOR('',#7456,1.27);
#6250=CARTESIAN_POINT('',(-5.365,5.97,-4.955));
#6251=VECTOR('',#7457,2.54);
#6252=CARTESIAN_POINT('',(-5.365,3.43,-4.955));
#6253=VECTOR('',#7458,1.27);
#6254=CARTESIAN_POINT('',(-6.635,3.43,-4.955));
#6255=VECTOR('',#7459,2.54);
#6256=CARTESIAN_POINT('',(-6.635,5.97,-4.955));
#6257=VECTOR('',#7460,1.27);
#6258=CARTESIAN_POINT('',(-5.365,-3.43,-4.955));
#6259=VECTOR('',#7461,2.54);
#6260=CARTESIAN_POINT('',(-5.365,-5.97,-4.955));
#6261=VECTOR('',#7462,1.27);
#6262=CARTESIAN_POINT('',(-6.635,-5.97,-4.955));
#6263=VECTOR('',#7463,2.54);
#6264=CARTESIAN_POINT('',(-6.635,-3.43,-4.955));
#6265=VECTOR('',#7464,1.27);
#6266=CARTESIAN_POINT('',(9.325,-2.93,-3.355));
#6267=VECTOR('',#7465,7.782857142857);
#6268=CARTESIAN_POINT('',(-9.325,-2.93,-3.355));
#6269=VECTOR('',#7466,7.782857142857);
#6270=EDGE_CURVE('',#7467,#7468,#7469,.T.);
#6271=EDGE_CURVE('',#7468,#7470,#7471,.T.);
#6272=EDGE_CURVE('',#7470,#7472,#7473,.T.);
#6273=EDGE_CURVE('',#7472,#7474,#7475,.T.);
#6274=EDGE_CURVE('',#7474,#7476,#7477,.T.);
#6275=EDGE_CURVE('',#7478,#7476,#7479,.T.);
#6276=EDGE_CURVE('',#7478,#7480,#7481,.T.);
#6277=EDGE_CURVE('',#7482,#7480,#7483,.T.);
#6278=EDGE_CURVE('',#7484,#7482,#7485,.T.);
#6279=EDGE_CURVE('',#7486,#7484,#7487,.T.);
#6280=EDGE_CURVE('',#7488,#7486,#7489,.T.);
#6281=EDGE_CURVE('',#7490,#7488,#7491,.T.);
#6282=EDGE_CURVE('',#7490,#7492,#7493,.T.);
#6283=EDGE_CURVE('',#7492,#7467,#7494,.T.);
#6284=EDGE_CURVE('',#7495,#7492,#7496,.T.);
#6285=EDGE_CURVE('',#7495,#7497,#7498,.T.);
#6286=EDGE_CURVE('',#7467,#7497,#7499,.T.);
#6287=EDGE_CURVE('',#7497,#7500,#7501,.T.);
#6288=EDGE_CURVE('',#7468,#7500,#7502,.T.);
#6289=EDGE_CURVE('',#7500,#7503,#7504,.T.);
#6290=EDGE_CURVE('',#7505,#7503,#7506,.T.);
#6291=EDGE_CURVE('',#7507,#7505,#7508,.T.);
#6292=EDGE_CURVE('',#7470,#7507,#7509,.T.);
#6293=EDGE_CURVE('',#7472,#7510,#7511,.T.);
#6294=EDGE_CURVE('',#7507,#7512,#7513,.T.);
#6295=EDGE_CURVE('',#7514,#7512,#7515,.T.);
#6296=EDGE_CURVE('',#7516,#7514,#7517,.T.);
#6297=EDGE_CURVE('',#7518,#7516,#7519,.T.);
#6298=EDGE_CURVE('',#7510,#7518,#7520,.T.);
#6299=EDGE_CURVE('',#7518,#7521,#7522,.T.);
#6300=EDGE_CURVE('',#7523,#7521,#7524,.T.);
#6301=EDGE_CURVE('',#7510,#7523,#7525,.T.);
#6302=EDGE_CURVE('',#7474,#7526,#7527,.T.);
#6303=EDGE_CURVE('',#7528,#7523,#7529,.T.);
#6304=EDGE_CURVE('',#7526,#7528,#7530,.T.);
#6305=EDGE_CURVE('',#7495,#7531,#7532,.T.);
#6306=EDGE_CURVE('',#7533,#7531,#7534,.T.);
#6307=EDGE_CURVE('',#7533,#7535,#7536,.T.);
#6308=EDGE_CURVE('',#7535,#7537,#7538,.T.);
#6309=EDGE_CURVE('',#7537,#7539,#7540,.T.);
#6310=EDGE_CURVE('',#7541,#7539,#7542,.T.);
#6311=EDGE_CURVE('',#7526,#7541,#7543,.T.);
#6312=EDGE_CURVE('',#7503,#7528,#7544,.T.);
#6313=EDGE_CURVE('',#7545,#7546,#7547,.T.);
#6314=EDGE_CURVE('',#7546,#7548,#7549,.T.);
#6315=EDGE_CURVE('',#7548,#7550,#7551,.T.);
#6316=EDGE_CURVE('',#7550,#7552,#7553,.T.);
#6317=EDGE_CURVE('',#7552,#7554,#7555,.T.);
#6318=EDGE_CURVE('',#7554,#7556,#7557,.T.);
#6319=EDGE_CURVE('',#7556,#7558,#7559,.T.);
#6320=EDGE_CURVE('',#7558,#7545,#7560,.T.);
#6321=EDGE_CURVE('',#7521,#7561,#7562,.T.);
#6322=EDGE_CURVE('',#7561,#7563,#7564,.T.);
#6323=EDGE_CURVE('',#7563,#7565,#7566,.T.);
#6324=EDGE_CURVE('',#7565,#7505,#7567,.T.);
#6325=EDGE_CURVE('',#7568,#7569,#7570,.T.);
#6326=EDGE_CURVE('',#7569,#7571,#7572,.T.);
#6327=EDGE_CURVE('',#7571,#7545,#7573,.T.);
#6328=EDGE_CURVE('',#7574,#7558,#7575,.T.);
#6329=EDGE_CURVE('',#7568,#7574,#7576,.T.);
#6330=EDGE_CURVE('',#7577,#7578,#7579,.T.);
#6331=EDGE_CURVE('',#7577,#7568,#7580,.T.);
#6332=EDGE_CURVE('',#7574,#7581,#7582,.T.);
#6333=EDGE_CURVE('',#7583,#7581,#7584,.T.);
#6334=EDGE_CURVE('',#7585,#7583,#7586,.T.);
#6335=EDGE_CURVE('',#7587,#7585,#7588,.T.);
#6336=EDGE_CURVE('',#7578,#7587,#7589,.T.);
#6337=EDGE_CURVE('',#7587,#7550,#7590,.T.);
#6338=EDGE_CURVE('',#7578,#7548,#7591,.T.);
#6339=EDGE_CURVE('',#7592,#7593,#7594,.T.);
#6340=EDGE_CURVE('',#7592,#7577,#7595,.T.);
#6341=EDGE_CURVE('',#7593,#7546,#7596,.T.);
#6342=EDGE_CURVE('',#7571,#7597,#7598,.T.);
#6343=EDGE_CURVE('',#7597,#7599,#7600,.T.);
#6344=EDGE_CURVE('',#7601,#7599,#7602,.T.);
#6345=EDGE_CURVE('',#7601,#7603,#7604,.T.);
#6346=EDGE_CURVE('',#7605,#7603,#7606,.T.);
#6347=EDGE_CURVE('',#7607,#7605,#7608,.T.);
#6348=EDGE_CURVE('',#7609,#7607,#7610,.T.);
#6349=EDGE_CURVE('',#7609,#7611,#7612,.T.);
#6350=EDGE_CURVE('',#7611,#7593,#7613,.T.);
#6351=EDGE_CURVE('',#7614,#7611,#7615,.T.);
#6352=EDGE_CURVE('',#7614,#7592,#7616,.T.);
#6353=EDGE_CURVE('',#7617,#7618,#7619,.T.);
#6354=EDGE_CURVE('',#7617,#7620,#7621,.T.);
#6355=EDGE_CURVE('',#7620,#7622,#7623,.T.);
#6356=EDGE_CURVE('',#7622,#7624,#7625,.T.);
#6357=EDGE_CURVE('',#7624,#7626,#7627,.T.);
#6358=EDGE_CURVE('',#7626,#7628,#7629,.T.);
#6359=EDGE_CURVE('',#7630,#7628,#7631,.T.);
#6360=EDGE_CURVE('',#7630,#7632,#7633,.T.);
#6361=EDGE_CURVE('',#7569,#7632,#7634,.T.);
#6362=EDGE_CURVE('',#7618,#7614,#7635,.T.);
#6363=EDGE_CURVE('',#7618,#7609,#7636,.T.);
#6364=EDGE_CURVE('',#7617,#7607,#7637,.T.);
#6365=EDGE_CURVE('',#7628,#7601,#7638,.T.);
#6366=EDGE_CURVE('',#7630,#7599,#7639,.T.);
#6367=EDGE_CURVE('',#7617,#7605,#7640,.T.);
#6368=EDGE_CURVE('',#7531,#7490,#7641,.T.);
#6369=EDGE_CURVE('',#7533,#7490,#7642,.T.);
#6370=EDGE_CURVE('',#7626,#7643,#7644,.T.);
#6371=EDGE_CURVE('',#7643,#7603,#7645,.T.);
#6372=EDGE_CURVE('',#7628,#7603,#7646,.T.);
#6373=EDGE_CURVE('',#7605,#7647,#7648,.T.);
#6374=EDGE_CURVE('',#7649,#7647,#7650,.T.);
#6375=EDGE_CURVE('',#7620,#7649,#7651,.T.);
#6376=EDGE_CURVE('',#7537,#7480,#7652,.T.);
#6377=EDGE_CURVE('',#7535,#7480,#7653,.T.);
#6378=EDGE_CURVE('',#7654,#7535,#7655,.T.);
#6379=EDGE_CURVE('',#7654,#7482,#7656,.T.);
#6380=EDGE_CURVE('',#7488,#7657,#7658,.T.);
#6381=EDGE_CURVE('',#7659,#7657,#7660,.T.);
#6382=EDGE_CURVE('',#7533,#7659,#7661,.T.);
#6383=EDGE_CURVE('',#7662,#7663,#7664,.T.);
#6384=EDGE_CURVE('',#7665,#7663,#7666,.T.);
#6385=EDGE_CURVE('',#7484,#7665,#7667,.T.);
#6386=EDGE_CURVE('',#7654,#7643,#7668,.T.);
#6387=EDGE_CURVE('',#7624,#7669,#7670,.T.);
#6388=EDGE_CURVE('',#7671,#7669,#7672,.T.);
#6389=EDGE_CURVE('',#7671,#7673,#7674,.T.);
#6390=EDGE_CURVE('',#7673,#7675,#7676,.T.);
#6391=EDGE_CURVE('',#7677,#7675,#7678,.T.);
#6392=EDGE_CURVE('',#7662,#7677,#7679,.T.);
#6393=EDGE_CURVE('',#7680,#7681,#7682,.T.);
#6394=EDGE_CURVE('',#7683,#7681,#7684,.T.);
#6395=EDGE_CURVE('',#7685,#7683,#7686,.T.);
#6396=EDGE_CURVE('',#7685,#7680,#7687,.T.);
#6397=EDGE_CURVE('',#7688,#7685,#7689,.T.);
#6398=EDGE_CURVE('',#7690,#7688,#7691,.T.);
#6399=EDGE_CURVE('',#7692,#7690,#7693,.T.);
#6400=EDGE_CURVE('',#7680,#7692,#7694,.T.);
#6401=EDGE_CURVE('',#7692,#7695,#7696,.T.);
#6402=EDGE_CURVE('',#7681,#7695,#7697,.T.);
#6403=EDGE_CURVE('',#7695,#7698,#7699,.T.);
#6404=EDGE_CURVE('',#7698,#7700,#7701,.T.);
#6405=EDGE_CURVE('',#7700,#7683,#7702,.T.);
#6406=EDGE_CURVE('',#7688,#7700,#7703,.T.);
#6407=EDGE_CURVE('',#7690,#7698,#7704,.T.);
#6408=EDGE_CURVE('',#7677,#7705,#7706,.T.);
#6409=EDGE_CURVE('',#7707,#7705,#7708,.T.);
#6410=EDGE_CURVE('',#7707,#7662,#7709,.T.);
#6411=EDGE_CURVE('',#7710,#7711,#7712,.T.);
#6412=EDGE_CURVE('',#7663,#7711,#7713,.T.);
#6413=EDGE_CURVE('',#7707,#7714,#7715,.T.);
#6414=EDGE_CURVE('',#7714,#7710,#7716,.T.);
#6415=EDGE_CURVE('',#7717,#7718,#7719,.T.);
#6416=EDGE_CURVE('',#7720,#7718,#7721,.T.);
#6417=EDGE_CURVE('',#7720,#7722,#7723,.T.);
#6418=EDGE_CURVE('',#7722,#7717,#7724,.T.);
#6419=EDGE_CURVE('',#7725,#7726,#7727,.T.);
#6420=EDGE_CURVE('',#7728,#7726,#7729,.T.);
#6421=EDGE_CURVE('',#7728,#7730,#7731,.T.);
#6422=EDGE_CURVE('',#7730,#7725,#7732,.T.);
#6423=EDGE_CURVE('',#7733,#7734,#7735,.T.);
#6424=EDGE_CURVE('',#7736,#7734,#7737,.T.);
#6425=EDGE_CURVE('',#7736,#7738,#7739,.T.);
#6426=EDGE_CURVE('',#7738,#7733,#7740,.T.);
#6427=EDGE_CURVE('',#7741,#7742,#7743,.T.);
#6428=EDGE_CURVE('',#7742,#7673,#7744,.T.);
#6429=EDGE_CURVE('',#7745,#7671,#7746,.T.);
#6430=EDGE_CURVE('',#7745,#7747,#7748,.T.);
#6431=EDGE_CURVE('',#7741,#7747,#7749,.T.);
#6432=EDGE_CURVE('',#7750,#7751,#7752,.T.);
#6433=EDGE_CURVE('',#7753,#7751,#7754,.T.);
#6434=EDGE_CURVE('',#7753,#7755,#7756,.T.);
#6435=EDGE_CURVE('',#7755,#7750,#7757,.T.);
#6436=EDGE_CURVE('',#7758,#7759,#7760,.T.);
#6437=EDGE_CURVE('',#7759,#7761,#7762,.T.);
#6438=EDGE_CURVE('',#7763,#7761,#7764,.T.);
#6439=EDGE_CURVE('',#7763,#7758,#7765,.T.);
#6440=EDGE_CURVE('',#7766,#7767,#7768,.T.);
#6441=EDGE_CURVE('',#7769,#7766,#7770,.T.);
#6442=EDGE_CURVE('',#7769,#7771,#7772,.T.);
#6443=EDGE_CURVE('',#7767,#7771,#7773,.T.);
#6444=EDGE_CURVE('',#7774,#7775,#7776,.T.);
#6445=EDGE_CURVE('',#7775,#7777,#7778,.T.);
#6446=EDGE_CURVE('',#7779,#7777,#7780,.T.);
#6447=EDGE_CURVE('',#7774,#7779,#7781,.T.);
#6448=EDGE_CURVE('',#7710,#7782,#7783,.T.);
#6449=EDGE_CURVE('',#7784,#7714,#7785,.T.);
#6450=EDGE_CURVE('',#7784,#7782,#7786,.T.);
#6451=EDGE_CURVE('',#7758,#7787,#7788,.T.);
#6452=EDGE_CURVE('',#7763,#7789,#7790,.T.);
#6453=EDGE_CURVE('',#7791,#7789,#7792,.T.);
#6454=EDGE_CURVE('',#7793,#7791,#7794,.T.);
#6455=EDGE_CURVE('',#7787,#7793,#7795,.T.);
#6456=EDGE_CURVE('',#7793,#7796,#7797,.T.);
#6457=EDGE_CURVE('',#7798,#7796,#7799,.T.);
#6458=EDGE_CURVE('',#7787,#7798,#7800,.T.);
#6459=EDGE_CURVE('',#7801,#7802,#7803,.T.);
#6460=EDGE_CURVE('',#7801,#7804,#7805,.T.);
#6461=EDGE_CURVE('',#7804,#7806,#7807,.T.);
#6462=EDGE_CURVE('',#7802,#7806,#7808,.T.);
#6463=EDGE_CURVE('',#7809,#7810,#7811,.T.);
#6464=EDGE_CURVE('',#7812,#7810,#7813,.T.);
#6465=EDGE_CURVE('',#7814,#7812,#7815,.T.);
#6466=EDGE_CURVE('',#7814,#7809,#7816,.T.);
#6467=EDGE_CURVE('',#7817,#7720,#7818,.T.);
#6468=EDGE_CURVE('',#7718,#7819,#7820,.T.);
#6469=EDGE_CURVE('',#7817,#7819,#7821,.T.);
#6470=EDGE_CURVE('',#7759,#7798,#7822,.T.);
#6471=EDGE_CURVE('',#7769,#7801,#7823,.T.);
#6472=EDGE_CURVE('',#7771,#7802,#7824,.T.);
#6473=EDGE_CURVE('',#7825,#7796,#7826,.T.);
#6474=EDGE_CURVE('',#7825,#7827,#7828,.T.);
#6475=EDGE_CURVE('',#7827,#7761,#7829,.T.);
#6476=EDGE_CURVE('',#7830,#7831,#7832,.T.);
#6477=EDGE_CURVE('',#7833,#7831,#7834,.T.);
#6478=EDGE_CURVE('',#7835,#7833,#7836,.T.);
#6479=EDGE_CURVE('',#7830,#7835,#7837,.T.);
#6480=EDGE_CURVE('',#7838,#7774,#7839,.T.);
#6481=EDGE_CURVE('',#7840,#7838,#7841,.T.);
#6482=EDGE_CURVE('',#7842,#7840,#7843,.T.);
#6483=EDGE_CURVE('',#7844,#7842,#7845,.T.);
#6484=EDGE_CURVE('',#7846,#7844,#7847,.T.);
#6485=EDGE_CURVE('',#7774,#7846,#7848,.T.);
#6486=EDGE_CURVE('',#7849,#7761,#7850,.T.);
#6487=EDGE_CURVE('',#7779,#7827,#7851,.T.);
#6488=EDGE_CURVE('',#7779,#7849,#7852,.T.);
#6489=EDGE_CURVE('',#7853,#7767,#7854,.T.);
#6490=EDGE_CURVE('',#7789,#7853,#7855,.T.);
#6491=EDGE_CURVE('',#7763,#7767,#7856,.T.);
#6492=EDGE_CURVE('',#7857,#7782,#7858,.T.);
#6493=EDGE_CURVE('',#7859,#7782,#7860,.T.);
#6494=EDGE_CURVE('',#7766,#7859,#7861,.T.);
#6495=EDGE_CURVE('',#7766,#7857,#7862,.T.);
#6496=EDGE_CURVE('',#7863,#7864,#7865,.T.);
#6497=EDGE_CURVE('',#7866,#7863,#7867,.T.);
#6498=EDGE_CURVE('',#7868,#7866,#7869,.T.);
#6499=EDGE_CURVE('',#7870,#7868,#7871,.T.);
#6500=EDGE_CURVE('',#7784,#7870,#7872,.T.);
#6501=EDGE_CURVE('',#7864,#7784,#7873,.T.);
#6502=EDGE_CURVE('',#7874,#7875,#7876,.T.);
#6503=EDGE_CURVE('',#7831,#7874,#7877,.T.);
#6504=EDGE_CURVE('',#7875,#7830,#7878,.T.);
#6505=EDGE_CURVE('',#7879,#7880,#7881,.T.);
#6506=EDGE_CURVE('',#7882,#7879,#7883,.T.);
#6507=EDGE_CURVE('',#7884,#7882,#7885,.T.);
#6508=EDGE_CURVE('',#7880,#7884,#7886,.T.);
#6509=EDGE_CURVE('',#7887,#7812,#7888,.T.);
#6510=EDGE_CURVE('',#7889,#7887,#7890,.T.);
#6511=EDGE_CURVE('',#7889,#7891,#7892,.T.);
#6512=EDGE_CURVE('',#7893,#7891,#7894,.T.);
#6513=EDGE_CURVE('',#7895,#7893,#7896,.T.);
#6514=EDGE_CURVE('',#7895,#7897,#7898,.T.);
#6515=EDGE_CURVE('',#7899,#7897,#7900,.T.);
#6516=EDGE_CURVE('',#7901,#7899,#7902,.T.);
#6517=EDGE_CURVE('',#7901,#7903,#7904,.T.);
#6518=EDGE_CURVE('',#7905,#7903,#7906,.T.);
#6519=EDGE_CURVE('',#7907,#7905,#7908,.T.);
#6520=EDGE_CURVE('',#7907,#7909,#7910,.T.);
#6521=EDGE_CURVE('',#7911,#7909,#7912,.T.);
#6522=EDGE_CURVE('',#7913,#7911,#7914,.T.);
#6523=EDGE_CURVE('',#7913,#7915,#7916,.T.);
#6524=EDGE_CURVE('',#7917,#7915,#7918,.T.);
#6525=EDGE_CURVE('',#7919,#7917,#7920,.T.);
#6526=EDGE_CURVE('',#7919,#7921,#7922,.T.);
#6527=EDGE_CURVE('',#7923,#7921,#7924,.T.);
#6528=EDGE_CURVE('',#7925,#7923,#7926,.T.);
#6529=EDGE_CURVE('',#7925,#7927,#7928,.T.);
#6530=EDGE_CURVE('',#7929,#7927,#7930,.T.);
#6531=EDGE_CURVE('',#7931,#7929,#7932,.T.);
#6532=EDGE_CURVE('',#7931,#7933,#7934,.T.);
#6533=EDGE_CURVE('',#7935,#7933,#7936,.T.);
#6534=EDGE_CURVE('',#7937,#7935,#7938,.T.);
#6535=EDGE_CURVE('',#7649,#7937,#7939,.T.);
#6536=EDGE_CURVE('',#7659,#7647,#7940,.T.);
#6537=EDGE_CURVE('',#7657,#7941,#7942,.T.);
#6538=EDGE_CURVE('',#7941,#7943,#7944,.T.);
#6539=EDGE_CURVE('',#7775,#7943,#7945,.T.);
#6540=EDGE_CURVE('',#7946,#7846,#7947,.T.);
#6541=EDGE_CURVE('',#7814,#7946,#7948,.T.);
#6542=EDGE_CURVE('',#7949,#7950,#7951,.T.);
#6543=EDGE_CURVE('',#7952,#7949,#7953,.T.);
#6544=EDGE_CURVE('',#7952,#7954,#7955,.T.);
#6545=EDGE_CURVE('',#7954,#7950,#7956,.T.);
#6546=EDGE_CURVE('',#7957,#7958,#7959,.T.);
#6547=EDGE_CURVE('',#7960,#7957,#7961,.T.);
#6548=EDGE_CURVE('',#7960,#7962,#7963,.T.);
#6549=EDGE_CURVE('',#7962,#7958,#7964,.T.);
#6550=EDGE_CURVE('',#7962,#7965,#7966,.T.);
#6551=EDGE_CURVE('',#7965,#7967,#7968,.T.);
#6552=EDGE_CURVE('',#7967,#7958,#7969,.T.);
#6553=EDGE_CURVE('',#7954,#7970,#7971,.T.);
#6554=EDGE_CURVE('',#7970,#7972,#7973,.T.);
#6555=EDGE_CURVE('',#7972,#7950,#7974,.T.);
#6556=EDGE_CURVE('',#7967,#7975,#7976,.T.);
#6557=EDGE_CURVE('',#7975,#7957,#7977,.T.);
#6558=EDGE_CURVE('',#7978,#7975,#7979,.T.);
#6559=EDGE_CURVE('',#7960,#7978,#7980,.T.);
#6560=EDGE_CURVE('',#7981,#7949,#7982,.T.);
#6561=EDGE_CURVE('',#7983,#7981,#7984,.T.);
#6562=EDGE_CURVE('',#7952,#7983,#7985,.T.);
#6563=EDGE_CURVE('',#7965,#7978,#7986,.T.);
#6564=EDGE_CURVE('',#7970,#7983,#7987,.T.);
#6565=EDGE_CURVE('',#7972,#7981,#7988,.T.);
#6566=EDGE_CURVE('',#7946,#7989,#7990,.T.);
#6567=EDGE_CURVE('',#7989,#7991,#7992,.T.);
#6568=EDGE_CURVE('',#7991,#7993,#7994,.T.);
#6569=EDGE_CURVE('',#7993,#7995,#7996,.T.);
#6570=EDGE_CURVE('',#7995,#7814,#7997,.T.);
#6571=EDGE_CURVE('',#7809,#7825,#7998,.T.);
#6572=EDGE_CURVE('',#7999,#7796,#8000,.T.);
#6573=EDGE_CURVE('',#7809,#7999,#8001,.T.);
#6574=EDGE_CURVE('',#7791,#8002,#8003,.T.);
#6575=EDGE_CURVE('',#8002,#7806,#8004,.T.);
#6576=EDGE_CURVE('',#7793,#7806,#8005,.T.);
#6577=EDGE_CURVE('',#7804,#8006,#8007,.T.);
#6578=EDGE_CURVE('',#8006,#7819,#8008,.T.);
#6579=EDGE_CURVE('',#8009,#7819,#8010,.T.);
#6580=EDGE_CURVE('',#7804,#8009,#8011,.T.);
#6581=EDGE_CURVE('',#7817,#8012,#8013,.T.);
#6582=EDGE_CURVE('',#8012,#8014,#8015,.T.);
#6583=EDGE_CURVE('',#8014,#8016,#8017,.T.);
#6584=EDGE_CURVE('',#8016,#8018,#8019,.T.);
#6585=EDGE_CURVE('',#8018,#8020,#8021,.T.);
#6586=EDGE_CURVE('',#8020,#7817,#8022,.T.);
#6587=EDGE_CURVE('',#7833,#8023,#8024,.T.);
#6588=EDGE_CURVE('',#8023,#8025,#8026,.T.);
#6589=EDGE_CURVE('',#8025,#7835,#8027,.T.);
#6590=EDGE_CURVE('',#8028,#8029,#8030,.T.);
#6591=EDGE_CURVE('',#8029,#8031,#8032,.T.);
#6592=EDGE_CURVE('',#8031,#8033,#8034,.T.);
#6593=EDGE_CURVE('',#8033,#8028,#8035,.T.);
#6594=EDGE_CURVE('',#7995,#7838,#8036,.T.);
#6595=EDGE_CURVE('',#7814,#7774,#8037,.T.);
#6596=EDGE_CURVE('',#7993,#7840,#8038,.T.);
#6597=EDGE_CURVE('',#7991,#7842,#8039,.T.);
#6598=EDGE_CURVE('',#7989,#7844,#8040,.T.);
#6599=EDGE_CURVE('',#8041,#8042,#8043,.T.);
#6600=EDGE_CURVE('',#8044,#8041,#8045,.T.);
#6601=EDGE_CURVE('',#8046,#8044,#8047,.T.);
#6602=EDGE_CURVE('',#8048,#8046,#8049,.T.);
#6603=EDGE_CURVE('',#8042,#8048,#8050,.T.);
#6604=EDGE_CURVE('',#8051,#8052,#8053,.T.);
#6605=EDGE_CURVE('',#8054,#8052,#8055,.T.);
#6606=EDGE_CURVE('',#8056,#8054,#8057,.T.);
#6607=EDGE_CURVE('',#8056,#8058,#8059,.T.);
#6608=EDGE_CURVE('',#8060,#8058,#8061,.T.);
#6609=EDGE_CURVE('',#8051,#8060,#8062,.T.);
#6610=EDGE_CURVE('',#8063,#8064,#8065,.T.);
#6611=EDGE_CURVE('',#8066,#8064,#8067,.T.);
#6612=EDGE_CURVE('',#8068,#8066,#8069,.T.);
#6613=EDGE_CURVE('',#8068,#8070,#8071,.T.);
#6614=EDGE_CURVE('',#8072,#8070,#8073,.T.);
#6615=EDGE_CURVE('',#8063,#8072,#8074,.T.);
#6616=EDGE_CURVE('',#8075,#8076,#8077,.T.);
#6617=EDGE_CURVE('',#8078,#8076,#8079,.T.);
#6618=EDGE_CURVE('',#8080,#8078,#8081,.T.);
#6619=EDGE_CURVE('',#8080,#8082,#8083,.T.);
#6620=EDGE_CURVE('',#8084,#8082,#8085,.T.);
#6621=EDGE_CURVE('',#8075,#8084,#8086,.T.);
#6622=EDGE_CURVE('',#8087,#7999,#8088,.T.);
#6623=EDGE_CURVE('',#8089,#8087,#8090,.T.);
#6624=EDGE_CURVE('',#8089,#8091,#8092,.T.);
#6625=EDGE_CURVE('',#7810,#8091,#8093,.T.);
#6626=EDGE_CURVE('',#8094,#7777,#8095,.T.);
#6627=EDGE_CURVE('',#8096,#8094,#8097,.T.);
#6628=EDGE_CURVE('',#7849,#8096,#8098,.T.);
#6629=EDGE_CURVE('',#8099,#8100,#8101,.T.);
#6630=EDGE_CURVE('',#8102,#8100,#8103,.T.);
#6631=EDGE_CURVE('',#8104,#8102,#8105,.T.);
#6632=EDGE_CURVE('',#8099,#8104,#8106,.T.);
#6633=EDGE_CURVE('',#8107,#8108,#8109,.T.);
#6634=EDGE_CURVE('',#8107,#8110,#8111,.T.);
#6635=EDGE_CURVE('',#8110,#8112,#8113,.T.);
#6636=EDGE_CURVE('',#8112,#8108,#8114,.T.);
#6637=EDGE_CURVE('',#7931,#8042,#8115,.T.);
#6638=EDGE_CURVE('',#7933,#8048,#8116,.T.);
#6639=EDGE_CURVE('',#7747,#8117,#8118,.T.);
#6640=EDGE_CURVE('',#8119,#8117,#8120,.T.);
#6641=EDGE_CURVE('',#8119,#7741,#8121,.T.);
#6642=EDGE_CURVE('',#8122,#8104,#8123,.T.);
#6643=EDGE_CURVE('',#8124,#8122,#8125,.T.);
#6644=EDGE_CURVE('',#8124,#8126,#8127,.T.);
#6645=EDGE_CURVE('',#8128,#8126,#8129,.T.);
#6646=EDGE_CURVE('',#8099,#8128,#8130,.T.);
#6647=EDGE_CURVE('',#8042,#8131,#8132,.T.);
#6648=EDGE_CURVE('',#8131,#8100,#8133,.T.);
#6649=EDGE_CURVE('',#8041,#8100,#8134,.T.);
#6650=EDGE_CURVE('',#7929,#8135,#8136,.T.);
#6651=EDGE_CURVE('',#8135,#8137,#8138,.T.);
#6652=EDGE_CURVE('',#8137,#8139,#8140,.T.);
#6653=EDGE_CURVE('',#8139,#8141,#8142,.T.);
#6654=EDGE_CURVE('',#8141,#7931,#8143,.T.);
#6655=EDGE_CURVE('',#8110,#8144,#8145,.T.);
#6656=EDGE_CURVE('',#8144,#8117,#8146,.T.);
#6657=EDGE_CURVE('',#8147,#8117,#8148,.T.);
#6658=EDGE_CURVE('',#8110,#8147,#8149,.T.);
#6659=EDGE_CURVE('',#8128,#8150,#8151,.T.);
#6660=EDGE_CURVE('',#8150,#8112,#8152,.T.);
#6661=EDGE_CURVE('',#8099,#8112,#8153,.T.);
#6662=EDGE_CURVE('',#8119,#8154,#8155,.T.);
#6663=EDGE_CURVE('',#8154,#8156,#8157,.T.);
#6664=EDGE_CURVE('',#8156,#8158,#8159,.T.);
#6665=EDGE_CURVE('',#8158,#8160,#8161,.T.);
#6666=EDGE_CURVE('',#8160,#8162,#8163,.T.);
#6667=EDGE_CURVE('',#8119,#8162,#8164,.T.);
#6668=EDGE_CURVE('',#8165,#8166,#8167,.T.);
#6669=EDGE_CURVE('',#8166,#8168,#8169,.T.);
#6670=EDGE_CURVE('',#8168,#8170,#8171,.T.);
#6671=EDGE_CURVE('',#8170,#8165,#8172,.T.);
#6672=EDGE_CURVE('',#8173,#8174,#8175,.T.);
#6673=EDGE_CURVE('',#8174,#8176,#8177,.T.);
#6674=EDGE_CURVE('',#8176,#8178,#8179,.T.);
#6675=EDGE_CURVE('',#8178,#8173,#8180,.T.);
#6676=EDGE_CURVE('',#8181,#8147,#8182,.T.);
#6677=EDGE_CURVE('',#8183,#8181,#8184,.T.);
#6678=EDGE_CURVE('',#8183,#8185,#8186,.T.);
#6679=EDGE_CURVE('',#8187,#8185,#8188,.T.);
#6680=EDGE_CURVE('',#8189,#8187,#8190,.T.);
#6681=EDGE_CURVE('',#8044,#8189,#8191,.T.);
#6682=EDGE_CURVE('',#8192,#8193,#8194,.T.);
#6683=EDGE_CURVE('',#8193,#8195,#8196,.T.);
#6684=EDGE_CURVE('',#8197,#8195,#8198,.T.);
#6685=EDGE_CURVE('',#8192,#8197,#8199,.T.);
#6686=EDGE_CURVE('',#8200,#8201,#8202,.T.);
#6687=EDGE_CURVE('',#8201,#8203,#8204,.T.);
#6688=EDGE_CURVE('',#8205,#8203,#8206,.T.);
#6689=EDGE_CURVE('',#8200,#8205,#8207,.T.);
#6690=EDGE_CURVE('',#8052,#8208,#8209,.T.);
#6691=EDGE_CURVE('',#8210,#8208,#8211,.T.);
#6692=EDGE_CURVE('',#8210,#8212,#8213,.T.);
#6693=EDGE_CURVE('',#8214,#8212,#8215,.T.);
#6694=EDGE_CURVE('',#8214,#8216,#8217,.T.);
#6695=EDGE_CURVE('',#8218,#8216,#8219,.T.);
#6696=EDGE_CURVE('',#8220,#8218,#8221,.T.);
#6697=EDGE_CURVE('',#8220,#8222,#8223,.T.);
#6698=EDGE_CURVE('',#8124,#8222,#8224,.T.);
#6699=EDGE_CURVE('',#8124,#8225,#8226,.T.);
#6700=EDGE_CURVE('',#8054,#8225,#8227,.T.);
#6701=EDGE_CURVE('',#8064,#8228,#8229,.T.);
#6702=EDGE_CURVE('',#8230,#8228,#8231,.T.);
#6703=EDGE_CURVE('',#8230,#8232,#8233,.T.);
#6704=EDGE_CURVE('',#8234,#8232,#8235,.T.);
#6705=EDGE_CURVE('',#8234,#8236,#8237,.T.);
#6706=EDGE_CURVE('',#8238,#8236,#8239,.T.);
#6707=EDGE_CURVE('',#8240,#8238,#8241,.T.);
#6708=EDGE_CURVE('',#8240,#8242,#8243,.T.);
#6709=EDGE_CURVE('',#8244,#8242,#8245,.T.);
#6710=EDGE_CURVE('',#8244,#8246,#8247,.T.);
#6711=EDGE_CURVE('',#8066,#8246,#8248,.T.);
#6712=EDGE_CURVE('',#8076,#8249,#8250,.T.);
#6713=EDGE_CURVE('',#8251,#8249,#8252,.T.);
#6714=EDGE_CURVE('',#8251,#8253,#8254,.T.);
#6715=EDGE_CURVE('',#8255,#8253,#8256,.T.);
#6716=EDGE_CURVE('',#8255,#8257,#8258,.T.);
#6717=EDGE_CURVE('',#8259,#8257,#8260,.T.);
#6718=EDGE_CURVE('',#8261,#8259,#8262,.T.);
#6719=EDGE_CURVE('',#8261,#8263,#8264,.T.);
#6720=EDGE_CURVE('',#8265,#8263,#8266,.T.);
#6721=EDGE_CURVE('',#8265,#8267,#8268,.T.);
#6722=EDGE_CURVE('',#8078,#8267,#8269,.T.);
#6723=EDGE_CURVE('',#8270,#8009,#8271,.T.);
#6724=EDGE_CURVE('',#8272,#8270,#8273,.T.);
#6725=EDGE_CURVE('',#8272,#8274,#8275,.T.);
#6726=EDGE_CURVE('',#8276,#8274,#8277,.T.);
#6727=EDGE_CURVE('',#8276,#8278,#8279,.T.);
#6728=EDGE_CURVE('',#8087,#8278,#8280,.T.);
#6729=EDGE_CURVE('',#8281,#8096,#8282,.T.);
#6730=EDGE_CURVE('',#8281,#8283,#8284,.T.);
#6731=EDGE_CURVE('',#8283,#8285,#8286,.T.);
#6732=EDGE_CURVE('',#8287,#8285,#8288,.T.);
#6733=EDGE_CURVE('',#8289,#8287,#8290,.T.);
#6734=EDGE_CURVE('',#7857,#8289,#8291,.T.);
#6735=EDGE_CURVE('',#8292,#8293,#8294,.T.);
#6736=EDGE_CURVE('',#8295,#8293,#8296,.T.);
#6737=EDGE_CURVE('',#8297,#8295,#8298,.T.);
#6738=EDGE_CURVE('',#8297,#8292,#8299,.T.);
#6739=EDGE_CURVE('',#8300,#8301,#8302,.T.);
#6740=EDGE_CURVE('',#8303,#8301,#8304,.T.);
#6741=EDGE_CURVE('',#8305,#8303,#8306,.T.);
#6742=EDGE_CURVE('',#8305,#8300,#8307,.T.);
#6743=EDGE_CURVE('',#8308,#8309,#8310,.T.);
#6744=EDGE_CURVE('',#8311,#8308,#8312,.T.);
#6745=EDGE_CURVE('',#8313,#8311,#8314,.T.);
#6746=EDGE_CURVE('',#8315,#8313,#8316,.T.);
#6747=EDGE_CURVE('',#8200,#8315,#8317,.T.);
#6748=EDGE_CURVE('',#8309,#8205,#8318,.T.);
#6749=EDGE_CURVE('',#8319,#8320,#8321,.T.);
#6750=EDGE_CURVE('',#8322,#8319,#8323,.T.);
#6751=EDGE_CURVE('',#8324,#8322,#8325,.T.);
#6752=EDGE_CURVE('',#8326,#8324,#8327,.T.);
#6753=EDGE_CURVE('',#8192,#8326,#8328,.T.);
#6754=EDGE_CURVE('',#8320,#8197,#8329,.T.);
#6755=EDGE_CURVE('',#8330,#8203,#8331,.T.);
#6756=EDGE_CURVE('',#8309,#8330,#8332,.T.);
#6757=EDGE_CURVE('',#8333,#8330,#8334,.T.);
#6758=EDGE_CURVE('',#8308,#8333,#8335,.T.);
#6759=EDGE_CURVE('',#8336,#8333,#8337,.T.);
#6760=EDGE_CURVE('',#8311,#8336,#8338,.T.);
#6761=EDGE_CURVE('',#8339,#8336,#8340,.T.);
#6762=EDGE_CURVE('',#8313,#8339,#8341,.T.);
#6763=EDGE_CURVE('',#8342,#8339,#8343,.T.);
#6764=EDGE_CURVE('',#8315,#8342,#8344,.T.);
#6765=EDGE_CURVE('',#8201,#8342,#8345,.T.);
#6766=EDGE_CURVE('',#8193,#8346,#8347,.T.);
#6767=EDGE_CURVE('',#8346,#8348,#8349,.T.);
#6768=EDGE_CURVE('',#8348,#8350,#8351,.T.);
#6769=EDGE_CURVE('',#8350,#8352,#8353,.T.);
#6770=EDGE_CURVE('',#8352,#8354,#8355,.T.);
#6771=EDGE_CURVE('',#8354,#8195,#8356,.T.);
#6772=EDGE_CURVE('',#8320,#8354,#8357,.T.);
#6773=EDGE_CURVE('',#8319,#8352,#8358,.T.);
#6774=EDGE_CURVE('',#8322,#8350,#8359,.T.);
#6775=EDGE_CURVE('',#8324,#8348,#8360,.T.);
#6776=EDGE_CURVE('',#8326,#8346,#8361,.T.);
#6777=EDGE_CURVE('',#8305,#8362,#8363,.T.);
#6778=EDGE_CURVE('',#8362,#8364,#8365,.T.);
#6779=EDGE_CURVE('',#8364,#8366,#8367,.T.);
#6780=EDGE_CURVE('',#8366,#8368,#8369,.T.);
#6781=EDGE_CURVE('',#8368,#8370,#8371,.T.);
#6782=EDGE_CURVE('',#8370,#8300,#8372,.T.);
#6783=EDGE_CURVE('',#8373,#8374,#8375,.T.);
#6784=EDGE_CURVE('',#8374,#8376,#8377,.T.);
#6785=EDGE_CURVE('',#8376,#8378,#8379,.T.);
#6786=EDGE_CURVE('',#8378,#8380,#8381,.T.);
#6787=EDGE_CURVE('',#8380,#8292,#8382,.T.);
#6788=EDGE_CURVE('',#8297,#8373,#8383,.T.);
#6789=EDGE_CURVE('',#8370,#8384,#8385,.T.);
#6790=EDGE_CURVE('',#8384,#8301,#8386,.T.);
#6791=EDGE_CURVE('',#8387,#8384,#8388,.T.);
#6792=EDGE_CURVE('',#8389,#8387,#8390,.T.);
#6793=EDGE_CURVE('',#8391,#8389,#8392,.T.);
#6794=EDGE_CURVE('',#8393,#8391,#8394,.T.);
#6795=EDGE_CURVE('',#8303,#8393,#8395,.T.);
#6796=EDGE_CURVE('',#8396,#8293,#8397,.T.);
#6797=EDGE_CURVE('',#8398,#8396,#8399,.T.);
#6798=EDGE_CURVE('',#8400,#8398,#8401,.T.);
#6799=EDGE_CURVE('',#8402,#8400,#8403,.T.);
#6800=EDGE_CURVE('',#8404,#8402,#8405,.T.);
#6801=EDGE_CURVE('',#8295,#8404,#8406,.T.);
#6802=EDGE_CURVE('',#8362,#8393,#8407,.T.);
#6803=EDGE_CURVE('',#8364,#8391,#8408,.T.);
#6804=EDGE_CURVE('',#8366,#8389,#8409,.T.);
#6805=EDGE_CURVE('',#8368,#8387,#8410,.T.);
#6806=EDGE_CURVE('',#8373,#8404,#8411,.T.);
#6807=EDGE_CURVE('',#8374,#8402,#8412,.T.);
#6808=EDGE_CURVE('',#8376,#8400,#8413,.T.);
#6809=EDGE_CURVE('',#8378,#8398,#8414,.T.);
#6810=EDGE_CURVE('',#8380,#8396,#8415,.T.);
#6811=EDGE_CURVE('',#8181,#7745,#8416,.T.);
#6812=EDGE_CURVE('',#7669,#8417,#8418,.T.);
#6813=EDGE_CURVE('',#8417,#8419,#8420,.T.);
#6814=EDGE_CURVE('',#8419,#8046,#8421,.T.);
#6815=EDGE_CURVE('',#8422,#8189,#8423,.T.);
#6816=EDGE_CURVE('',#8424,#8422,#8425,.T.);
#6817=EDGE_CURVE('',#8183,#8424,#8426,.T.);
#6818=EDGE_CURVE('',#8424,#8427,#8428,.T.);
#6819=EDGE_CURVE('',#8185,#8427,#8429,.T.);
#6820=EDGE_CURVE('',#8427,#8430,#8431,.T.);
#6821=EDGE_CURVE('',#8430,#8187,#8432,.T.);
#6822=EDGE_CURVE('',#8422,#8430,#8433,.T.);
#6823=EDGE_CURVE('',#8434,#7943,#8435,.T.);
#6824=EDGE_CURVE('',#8434,#8436,#8437,.T.);
#6825=EDGE_CURVE('',#8094,#8436,#8438,.T.);
#6826=EDGE_CURVE('',#7887,#8091,#8439,.T.);
#6827=EDGE_CURVE('',#7897,#8084,#8440,.T.);
#6828=EDGE_CURVE('',#7899,#8082,#8441,.T.);
#6829=EDGE_CURVE('',#7909,#8072,#8442,.T.);
#6830=EDGE_CURVE('',#7911,#8070,#8443,.T.);
#6831=EDGE_CURVE('',#8419,#8444,#8445,.T.);
#6832=EDGE_CURVE('',#8444,#7935,#8446,.T.);
#6833=EDGE_CURVE('',#7921,#8060,#8447,.T.);
#6834=EDGE_CURVE('',#7923,#8058,#8448,.T.);
#6835=EDGE_CURVE('',#8449,#8450,#8451,.T.);
#6836=EDGE_CURVE('',#8450,#8281,#8452,.T.);
#6837=EDGE_CURVE('',#8436,#8453,#8454,.T.);
#6838=EDGE_CURVE('',#8453,#7665,#8455,.T.);
#6839=EDGE_CURVE('',#7711,#8289,#8456,.T.);
#6840=EDGE_CURVE('',#8287,#8449,#8457,.T.);
#6841=EDGE_CURVE('',#8285,#8458,#8459,.T.);
#6842=EDGE_CURVE('',#8449,#8458,#8460,.T.);
#6843=EDGE_CURVE('',#8458,#8461,#8462,.T.);
#6844=EDGE_CURVE('',#8450,#8461,#8463,.T.);
#6845=EDGE_CURVE('',#8461,#8283,#8464,.T.);
#6846=EDGE_CURVE('',#8216,#8465,#8466,.T.);
#6847=EDGE_CURVE('',#7751,#8465,#8467,.T.);
#6848=EDGE_CURVE('',#7750,#8468,#8469,.T.);
#6849=EDGE_CURVE('',#8218,#8468,#8470,.T.);
#6850=EDGE_CURVE('',#8236,#8471,#8472,.T.);
#6851=EDGE_CURVE('',#7734,#8471,#8473,.T.);
#6852=EDGE_CURVE('',#7733,#8474,#8475,.T.);
#6853=EDGE_CURVE('',#8238,#8474,#8476,.T.);
#6854=EDGE_CURVE('',#8257,#8477,#8478,.T.);
#6855=EDGE_CURVE('',#7726,#8477,#8479,.T.);
#6856=EDGE_CURVE('',#7725,#8480,#8481,.T.);
#6857=EDGE_CURVE('',#8259,#8480,#8482,.T.);
#6858=EDGE_CURVE('',#7717,#8483,#8484,.T.);
#6859=EDGE_CURVE('',#8270,#8483,#8485,.T.);
#6860=EDGE_CURVE('',#8486,#7925,#8487,.T.);
#6861=EDGE_CURVE('',#8488,#8486,#8489,.T.);
#6862=EDGE_CURVE('',#8490,#8488,#8491,.T.);
#6863=EDGE_CURVE('',#8492,#8490,#8493,.T.);
#6864=EDGE_CURVE('',#7927,#8492,#8494,.T.);
#6865=EDGE_CURVE('',#8495,#8468,#8496,.T.);
#6866=EDGE_CURVE('',#8220,#8495,#8497,.T.);
#6867=EDGE_CURVE('',#8498,#8225,#8499,.T.);
#6868=EDGE_CURVE('',#8056,#8498,#8500,.T.);
#6869=EDGE_CURVE('',#8501,#8222,#8502,.T.);
#6870=EDGE_CURVE('',#8126,#8501,#8503,.T.);
#6871=EDGE_CURVE('',#8504,#8505,#8506,.T.);
#6872=EDGE_CURVE('',#8507,#8504,#8508,.T.);
#6873=EDGE_CURVE('',#8509,#8507,#8510,.T.);
#6874=EDGE_CURVE('',#8511,#8509,#8512,.T.);
#6875=EDGE_CURVE('',#8513,#8511,#8514,.T.);
#6876=EDGE_CURVE('',#8513,#8505,#8515,.T.);
#6877=EDGE_CURVE('',#8516,#8517,#8518,.T.);
#6878=EDGE_CURVE('',#8519,#8516,#8520,.T.);
#6879=EDGE_CURVE('',#8521,#8519,#8522,.T.);
#6880=EDGE_CURVE('',#8521,#8517,#8523,.T.);
#6881=EDGE_CURVE('',#8524,#8525,#8526,.T.);
#6882=EDGE_CURVE('',#8527,#8524,#8528,.T.);
#6883=EDGE_CURVE('',#8529,#8527,#8530,.T.);
#6884=EDGE_CURVE('',#8529,#8525,#8531,.T.);
#6885=EDGE_CURVE('',#8135,#8492,#8532,.T.);
#6886=EDGE_CURVE('',#8137,#8490,#8533,.T.);
#6887=EDGE_CURVE('',#8139,#8488,#8534,.T.);
#6888=EDGE_CURVE('',#8141,#8486,#8535,.T.);
#6889=EDGE_CURVE('',#7931,#7925,#8536,.T.);
#6890=EDGE_CURVE('',#7925,#8056,#8537,.T.);
#6891=EDGE_CURVE('',#8131,#8498,#8538,.T.);
#6892=EDGE_CURVE('',#8539,#8225,#8540,.T.);
#6893=EDGE_CURVE('',#8539,#8102,#8541,.T.);
#6894=EDGE_CURVE('',#8524,#8176,#8542,.T.);
#6895=EDGE_CURVE('',#8178,#8525,#8543,.T.);
#6896=EDGE_CURVE('',#8544,#8108,#8545,.T.);
#6897=EDGE_CURVE('',#8546,#8544,#8547,.T.);
#6898=EDGE_CURVE('',#8546,#8107,#8548,.T.);
#6899=EDGE_CURVE('',#8122,#8539,#8549,.T.);
#6900=EDGE_CURVE('',#8546,#8220,#8550,.T.);
#6901=EDGE_CURVE('',#8144,#8495,#8551,.T.);
#6902=EDGE_CURVE('',#8519,#8166,#8552,.T.);
#6903=EDGE_CURVE('',#8165,#8521,#8553,.T.);
#6904=EDGE_CURVE('',#8513,#8468,#8554,.T.);
#6905=EDGE_CURVE('',#8119,#8513,#8555,.T.);
#6906=EDGE_CURVE('',#8154,#8511,#8556,.T.);
#6907=EDGE_CURVE('',#8156,#8509,#8557,.T.);
#6908=EDGE_CURVE('',#8158,#8507,#8558,.T.);
#6909=EDGE_CURVE('',#8160,#8504,#8559,.T.);
#6910=EDGE_CURVE('',#8162,#8505,#8560,.T.);
#6911=EDGE_CURVE('',#7705,#8561,#8562,.T.);
#6912=EDGE_CURVE('',#8561,#7742,#8563,.T.);
#6913=EDGE_CURVE('',#8513,#7755,#8564,.T.);
#6914=EDGE_CURVE('',#8565,#7753,#8566,.T.);
#6915=EDGE_CURVE('',#8567,#8565,#8568,.T.);
#6916=EDGE_CURVE('',#8567,#8569,#8570,.T.);
#6917=EDGE_CURVE('',#8569,#8571,#8572,.T.);
#6918=EDGE_CURVE('',#8571,#7738,#8573,.T.);
#6919=EDGE_CURVE('',#8574,#7736,#8575,.T.);
#6920=EDGE_CURVE('',#8576,#8574,#8577,.T.);
#6921=EDGE_CURVE('',#8576,#8578,#8579,.T.);
#6922=EDGE_CURVE('',#8578,#8580,#8581,.T.);
#6923=EDGE_CURVE('',#8580,#7730,#8582,.T.);
#6924=EDGE_CURVE('',#8583,#7728,#8584,.T.);
#6925=EDGE_CURVE('',#8585,#8583,#8586,.T.);
#6926=EDGE_CURVE('',#8585,#8587,#8588,.T.);
#6927=EDGE_CURVE('',#8587,#8589,#8590,.T.);
#6928=EDGE_CURVE('',#8589,#7722,#8591,.T.);
#6929=EDGE_CURVE('',#8020,#7864,#8592,.T.);
#6930=EDGE_CURVE('',#8018,#7863,#8593,.T.);
#6931=EDGE_CURVE('',#8016,#7866,#8594,.T.);
#6932=EDGE_CURVE('',#8014,#7868,#8595,.T.);
#6933=EDGE_CURVE('',#8012,#7870,#8596,.T.);
#6934=EDGE_CURVE('',#7817,#7784,#8597,.T.);
#6935=EDGE_CURVE('',#8006,#7859,#8598,.T.);
#6936=EDGE_CURVE('',#8031,#7879,#8599,.T.);
#6937=EDGE_CURVE('',#7880,#8033,#8600,.T.);
#6938=EDGE_CURVE('',#8601,#8602,#8603,.T.);
#6939=EDGE_CURVE('',#8602,#8604,#8605,.T.);
#6940=EDGE_CURVE('',#8604,#8606,#8607,.T.);
#6941=EDGE_CURVE('',#8606,#8608,#8609,.T.);
#6942=EDGE_CURVE('',#8608,#8601,#8610,.T.);
#6943=EDGE_CURVE('',#8516,#8168,#8611,.T.);
#6944=EDGE_CURVE('',#8612,#8613,#8614,.T.);
#6945=EDGE_CURVE('',#8613,#8615,#8616,.T.);
#6946=EDGE_CURVE('',#8615,#8617,#8618,.T.);
#6947=EDGE_CURVE('',#8617,#8612,#8619,.T.);
#6948=EDGE_CURVE('',#8527,#8174,#8620,.T.);
#6949=EDGE_CURVE('',#8621,#8622,#8623,.T.);
#6950=EDGE_CURVE('',#8622,#8624,#8625,.T.);
#6951=EDGE_CURVE('',#8624,#8626,#8627,.T.);
#6952=EDGE_CURVE('',#8626,#8628,#8629,.T.);
#6953=EDGE_CURVE('',#8628,#8621,#8630,.T.);
#6954=EDGE_CURVE('',#8631,#8632,#8633,.T.);
#6955=EDGE_CURVE('',#8631,#8634,#8635,.T.);
#6956=EDGE_CURVE('',#8634,#8636,#8637,.T.);
#6957=EDGE_CURVE('',#8632,#8636,#8638,.T.);
#6958=EDGE_CURVE('',#8639,#8640,#8641,.T.);
#6959=EDGE_CURVE('',#8640,#8642,#8643,.T.);
#6960=EDGE_CURVE('',#8642,#8644,#8645,.T.);
#6961=EDGE_CURVE('',#8644,#8646,#8647,.T.);
#6962=EDGE_CURVE('',#8646,#8639,#8648,.T.);
#6963=EDGE_CURVE('',#8649,#8650,#8651,.T.);
#6964=EDGE_CURVE('',#8649,#8652,#8653,.T.);
#6965=EDGE_CURVE('',#8652,#8654,#8655,.T.);
#6966=EDGE_CURVE('',#8650,#8654,#8656,.T.);
#6967=EDGE_CURVE('',#8657,#8658,#8659,.T.);
#6968=EDGE_CURVE('',#8658,#8660,#8661,.T.);
#6969=EDGE_CURVE('',#8660,#8662,#8663,.T.);
#6970=EDGE_CURVE('',#8662,#8664,#8665,.T.);
#6971=EDGE_CURVE('',#8664,#8657,#8666,.T.);
#6972=EDGE_CURVE('',#8667,#8668,#8669,.T.);
#6973=EDGE_CURVE('',#8667,#8670,#8671,.T.);
#6974=EDGE_CURVE('',#8670,#8672,#8673,.T.);
#6975=EDGE_CURVE('',#8668,#8672,#8674,.T.);
#6976=EDGE_CURVE('',#8675,#8676,#8677,.T.);
#6977=EDGE_CURVE('',#8676,#8678,#8679,.T.);
#6978=EDGE_CURVE('',#8678,#8680,#8681,.T.);
#6979=EDGE_CURVE('',#8680,#8682,#8683,.T.);
#6980=EDGE_CURVE('',#8682,#8675,#8684,.T.);
#6981=EDGE_CURVE('',#8685,#8686,#8687,.T.);
#6982=EDGE_CURVE('',#8685,#8688,#8689,.T.);
#6983=EDGE_CURVE('',#8688,#8690,#8691,.T.);
#6984=EDGE_CURVE('',#8686,#8690,#8692,.T.);
#6985=EDGE_CURVE('',#8693,#8694,#8695,.T.);
#6986=EDGE_CURVE('',#8694,#8696,#8697,.T.);
#6987=EDGE_CURVE('',#8696,#8698,#8699,.T.);
#6988=EDGE_CURVE('',#8698,#8700,#8701,.T.);
#6989=EDGE_CURVE('',#8700,#8693,#8702,.T.);
#6990=EDGE_CURVE('',#8703,#8704,#8705,.T.);
#6991=EDGE_CURVE('',#8703,#8706,#8707,.T.);
#6992=EDGE_CURVE('',#8706,#8708,#8709,.T.);
#6993=EDGE_CURVE('',#8704,#8708,#8710,.T.);
#6994=EDGE_CURVE('',#8711,#8712,#8713,.T.);
#6995=EDGE_CURVE('',#8712,#8714,#8715,.T.);
#6996=EDGE_CURVE('',#8714,#8716,#8717,.T.);
#6997=EDGE_CURVE('',#8716,#8718,#8719,.T.);
#6998=EDGE_CURVE('',#8718,#8711,#8720,.T.);
#6999=EDGE_CURVE('',#8721,#8722,#8723,.T.);
#7000=EDGE_CURVE('',#8721,#8724,#8725,.T.);
#7001=EDGE_CURVE('',#8724,#8726,#8727,.T.);
#7002=EDGE_CURVE('',#8722,#8726,#8728,.T.);
#7003=EDGE_CURVE('',#8729,#8730,#8731,.T.);
#7004=EDGE_CURVE('',#8730,#8732,#8733,.T.);
#7005=EDGE_CURVE('',#8732,#8734,#8735,.T.);
#7006=EDGE_CURVE('',#8734,#8736,#8737,.T.);
#7007=EDGE_CURVE('',#8736,#8729,#8738,.T.);
#7008=EDGE_CURVE('',#7875,#8025,#8739,.T.);
#7009=EDGE_CURVE('',#8740,#8741,#8742,.T.);
#7010=EDGE_CURVE('',#8741,#8743,#8744,.T.);
#7011=EDGE_CURVE('',#8743,#8745,#8746,.T.);
#7012=EDGE_CURVE('',#8745,#8747,#8748,.T.);
#7013=EDGE_CURVE('',#8747,#8740,#8749,.T.);
#7014=EDGE_CURVE('',#7884,#8028,#8750,.T.);
#7015=EDGE_CURVE('',#8751,#8601,#8752,.T.);
#7016=EDGE_CURVE('',#8753,#8608,#8754,.T.);
#7017=EDGE_CURVE('',#8753,#8751,#8755,.T.);
#7018=EDGE_CURVE('',#8756,#8753,#8757,.T.);
#7019=EDGE_CURVE('',#8758,#8756,#8759,.T.);
#7020=EDGE_CURVE('',#8760,#8758,#8761,.T.);
#7021=EDGE_CURVE('',#8751,#8760,#8762,.T.);
#7022=EDGE_CURVE('',#8763,#8764,#8765,.T.);
#7023=EDGE_CURVE('',#8766,#8763,#8767,.T.);
#7024=EDGE_CURVE('',#8768,#8766,#8769,.T.);
#7025=EDGE_CURVE('',#8764,#8768,#8770,.T.);
#7026=EDGE_CURVE('',#8771,#8772,#8773,.T.);
#7027=EDGE_CURVE('',#8774,#8771,#8775,.T.);
#7028=EDGE_CURVE('',#8776,#8774,#8777,.T.);
#7029=EDGE_CURVE('',#8778,#8776,#8779,.T.);
#7030=EDGE_CURVE('',#8772,#8778,#8780,.T.);
#7031=EDGE_CURVE('',#8781,#8782,#8783,.T.);
#7032=EDGE_CURVE('',#8784,#8781,#8785,.T.);
#7033=EDGE_CURVE('',#8786,#8784,#8787,.T.);
#7034=EDGE_CURVE('',#8788,#8786,#8789,.T.);
#7035=EDGE_CURVE('',#8782,#8788,#8790,.T.);
#7036=EDGE_CURVE('',#8791,#8792,#8793,.T.);
#7037=EDGE_CURVE('',#8794,#8791,#8795,.T.);
#7038=EDGE_CURVE('',#8796,#8794,#8797,.T.);
#7039=EDGE_CURVE('',#8798,#8796,#8799,.T.);
#7040=EDGE_CURVE('',#8792,#8798,#8800,.T.);
#7041=EDGE_CURVE('',#8801,#8802,#8803,.T.);
#7042=EDGE_CURVE('',#8804,#8801,#8805,.T.);
#7043=EDGE_CURVE('',#8806,#8804,#8807,.T.);
#7044=EDGE_CURVE('',#8808,#8806,#8809,.T.);
#7045=EDGE_CURVE('',#8802,#8808,#8810,.T.);
#7046=EDGE_CURVE('',#8811,#8812,#8813,.T.);
#7047=EDGE_CURVE('',#8814,#8811,#8815,.T.);
#7048=EDGE_CURVE('',#8816,#8814,#8817,.T.);
#7049=EDGE_CURVE('',#8818,#8816,#8819,.T.);
#7050=EDGE_CURVE('',#8812,#8818,#8820,.T.);
#7051=EDGE_CURVE('',#8821,#8822,#8823,.T.);
#7052=EDGE_CURVE('',#8824,#8821,#8825,.T.);
#7053=EDGE_CURVE('',#8826,#8824,#8827,.T.);
#7054=EDGE_CURVE('',#8828,#8826,#8829,.T.);
#7055=EDGE_CURVE('',#8822,#8828,#8830,.T.);
#7056=EDGE_CURVE('',#8831,#8832,#8833,.T.);
#7057=EDGE_CURVE('',#8834,#8831,#8835,.T.);
#7058=EDGE_CURVE('',#8836,#8834,#8837,.T.);
#7059=EDGE_CURVE('',#8838,#8836,#8839,.T.);
#7060=EDGE_CURVE('',#8832,#8838,#8840,.T.);
#7061=EDGE_CURVE('',#8841,#8842,#8843,.T.);
#7062=EDGE_CURVE('',#8844,#8841,#8845,.T.);
#7063=EDGE_CURVE('',#8846,#8844,#8847,.T.);
#7064=EDGE_CURVE('',#8848,#8846,#8849,.T.);
#7065=EDGE_CURVE('',#8842,#8848,#8850,.T.);
#7066=EDGE_CURVE('',#8760,#8602,#8851,.T.);
#7067=EDGE_CURVE('',#8758,#8604,#8852,.T.);
#7068=EDGE_CURVE('',#8756,#8606,#8853,.T.);
#7069=EDGE_CURVE('',#8768,#8612,#8854,.T.);
#7070=EDGE_CURVE('',#8764,#8617,#8855,.T.);
#7071=EDGE_CURVE('',#8763,#8615,#8856,.T.);
#7072=EDGE_CURVE('',#8766,#8613,#8857,.T.);
#7073=EDGE_CURVE('',#8778,#8693,#8858,.T.);
#7074=EDGE_CURVE('',#8772,#8700,#8859,.T.);
#7075=EDGE_CURVE('',#8771,#8698,#8860,.T.);
#7076=EDGE_CURVE('',#8774,#8696,#8861,.T.);
#7077=EDGE_CURVE('',#8776,#8694,#8862,.T.);
#7078=EDGE_CURVE('',#8788,#8729,#8863,.T.);
#7079=EDGE_CURVE('',#8782,#8736,#8864,.T.);
#7080=EDGE_CURVE('',#8781,#8734,#8865,.T.);
#7081=EDGE_CURVE('',#8784,#8732,#8866,.T.);
#7082=EDGE_CURVE('',#8786,#8730,#8867,.T.);
#7083=EDGE_CURVE('',#8798,#8740,#8868,.T.);
#7084=EDGE_CURVE('',#8792,#8747,#8869,.T.);
#7085=EDGE_CURVE('',#8791,#8745,#8870,.T.);
#7086=EDGE_CURVE('',#8794,#8743,#8871,.T.);
#7087=EDGE_CURVE('',#8796,#8741,#8872,.T.);
#7088=EDGE_CURVE('',#8808,#8621,#8873,.T.);
#7089=EDGE_CURVE('',#8802,#8628,#8874,.T.);
#7090=EDGE_CURVE('',#8801,#8626,#8875,.T.);
#7091=EDGE_CURVE('',#8804,#8624,#8876,.T.);
#7092=EDGE_CURVE('',#8806,#8622,#8877,.T.);
#7093=EDGE_CURVE('',#8818,#8639,#8878,.T.);
#7094=EDGE_CURVE('',#8812,#8646,#8879,.T.);
#7095=EDGE_CURVE('',#8811,#8644,#8880,.T.);
#7096=EDGE_CURVE('',#8814,#8642,#8881,.T.);
#7097=EDGE_CURVE('',#8816,#8640,#8882,.T.);
#7098=EDGE_CURVE('',#8828,#8657,#8883,.T.);
#7099=EDGE_CURVE('',#8822,#8664,#8884,.T.);
#7100=EDGE_CURVE('',#8821,#8662,#8885,.T.);
#7101=EDGE_CURVE('',#8824,#8660,#8886,.T.);
#7102=EDGE_CURVE('',#8826,#8658,#8887,.T.);
#7103=EDGE_CURVE('',#8838,#8675,#8888,.T.);
#7104=EDGE_CURVE('',#8832,#8682,#8889,.T.);
#7105=EDGE_CURVE('',#8831,#8680,#8890,.T.);
#7106=EDGE_CURVE('',#8834,#8678,#8891,.T.);
#7107=EDGE_CURVE('',#8836,#8676,#8892,.T.);
#7108=EDGE_CURVE('',#8848,#8711,#8893,.T.);
#7109=EDGE_CURVE('',#8842,#8718,#8894,.T.);
#7110=EDGE_CURVE('',#8841,#8716,#8895,.T.);
#7111=EDGE_CURVE('',#8844,#8714,#8896,.T.);
#7112=EDGE_CURVE('',#8846,#8712,#8897,.T.);
#7113=EDGE_CURVE('',#8173,#8529,#8898,.T.);
#7114=EDGE_CURVE('',#8899,#8529,#8900,.T.);
#7115=EDGE_CURVE('',#8173,#8901,#8902,.T.);
#7116=EDGE_CURVE('',#8901,#8899,#8903,.T.);
#7117=EDGE_CURVE('',#8904,#8901,#8905,.T.);
#7118=EDGE_CURVE('',#8904,#8906,#8907,.T.);
#7119=EDGE_CURVE('',#8899,#8906,#8908,.T.);
#7120=EDGE_CURVE('',#8906,#8525,#8909,.T.);
#7121=EDGE_CURVE('',#8904,#8178,#8910,.T.);
#7122=EDGE_CURVE('',#8170,#8517,#8911,.T.);
#7123=EDGE_CURVE('',#8912,#8517,#8913,.T.);
#7124=EDGE_CURVE('',#8914,#8912,#8915,.T.);
#7125=EDGE_CURVE('',#8914,#8170,#8916,.T.);
#7126=EDGE_CURVE('',#8165,#8917,#8918,.T.);
#7127=EDGE_CURVE('',#8914,#8917,#8919,.T.);
#7128=EDGE_CURVE('',#8920,#8912,#8921,.T.);
#7129=EDGE_CURVE('',#8917,#8920,#8922,.T.);
#7130=EDGE_CURVE('',#8920,#8521,#8923,.T.);
#7131=EDGE_CURVE('',#7917,#8924,#8925,.T.);
#7132=EDGE_CURVE('',#8924,#8926,#8927,.T.);
#7133=EDGE_CURVE('',#8926,#8928,#8929,.T.);
#7134=EDGE_CURVE('',#8928,#8930,#8931,.T.);
#7135=EDGE_CURVE('',#8930,#7919,#8932,.T.);
#7136=EDGE_CURVE('',#8051,#8933,#8934,.T.);
#7137=EDGE_CURVE('',#8933,#8208,#8935,.T.);
#7138=EDGE_CURVE('',#8210,#8936,#8937,.T.);
#7139=EDGE_CURVE('',#8936,#8938,#8939,.T.);
#7140=EDGE_CURVE('',#8938,#8212,#8940,.T.);
#7141=EDGE_CURVE('',#8214,#8941,#8942,.T.);
#7142=EDGE_CURVE('',#8941,#8465,#8943,.T.);
#7143=EDGE_CURVE('',#8565,#8944,#8945,.T.);
#7144=EDGE_CURVE('',#8944,#8946,#8947,.T.);
#7145=EDGE_CURVE('',#8946,#8948,#8949,.T.);
#7146=EDGE_CURVE('',#8948,#8950,#8951,.T.);
#7147=EDGE_CURVE('',#8950,#8567,#8952,.T.);
#7148=EDGE_CURVE('',#8636,#8953,#8954,.T.);
#7149=EDGE_CURVE('',#8953,#8955,#8956,.T.);
#7150=EDGE_CURVE('',#8955,#8632,#8957,.T.);
#7151=EDGE_CURVE('',#8654,#8958,#8959,.T.);
#7152=EDGE_CURVE('',#8958,#8960,#8961,.T.);
#7153=EDGE_CURVE('',#8960,#8650,#8962,.T.);
#7154=EDGE_CURVE('',#8930,#8963,#8964,.T.);
#7155=EDGE_CURVE('',#8963,#7913,#8965,.T.);
#7156=EDGE_CURVE('',#7919,#7913,#8966,.T.);
#7157=EDGE_CURVE('',#7913,#8068,#8967,.T.);
#7158=EDGE_CURVE('',#8068,#8968,#8969,.T.);
#7159=EDGE_CURVE('',#8933,#8968,#8970,.T.);
#7160=EDGE_CURVE('',#7919,#8051,#8971,.T.);
#7161=EDGE_CURVE('',#8972,#8208,#8973,.T.);
#7162=EDGE_CURVE('',#8974,#8972,#8975,.T.);
#7163=EDGE_CURVE('',#8974,#8210,#8976,.T.);
#7164=EDGE_CURVE('',#8977,#8978,#8979,.T.);
#7165=EDGE_CURVE('',#8977,#8214,#8980,.T.);
#7166=EDGE_CURVE('',#8978,#8212,#8981,.T.);
#7167=EDGE_CURVE('',#8565,#8465,#8982,.T.);
#7168=EDGE_CURVE('',#8983,#8974,#8984,.T.);
#7169=EDGE_CURVE('',#8244,#8983,#8985,.T.);
#7170=EDGE_CURVE('',#8244,#8986,#8987,.T.);
#7171=EDGE_CURVE('',#8936,#8986,#8988,.T.);
#7172=EDGE_CURVE('',#8986,#8989,#8990,.T.);
#7173=EDGE_CURVE('',#8938,#8989,#8991,.T.);
#7174=EDGE_CURVE('',#8989,#8242,#8992,.T.);
#7175=EDGE_CURVE('',#8242,#8993,#8994,.T.);
#7176=EDGE_CURVE('',#8993,#8978,#8995,.T.);
#7177=EDGE_CURVE('',#8996,#8972,#8997,.T.);
#7178=EDGE_CURVE('',#8983,#8996,#8998,.T.);
#7179=EDGE_CURVE('',#8999,#8993,#9000,.T.);
#7180=EDGE_CURVE('',#8999,#8977,#9001,.T.);
#7181=EDGE_CURVE('',#8996,#8246,#9002,.T.);
#7182=EDGE_CURVE('',#8999,#8240,#9003,.T.);
#7183=EDGE_CURVE('',#8571,#8474,#9004,.T.);
#7184=EDGE_CURVE('',#8968,#8246,#9005,.T.);
#7185=EDGE_CURVE('',#8634,#9006,#9007,.T.);
#7186=EDGE_CURVE('',#8953,#9006,#9008,.T.);
#7187=EDGE_CURVE('',#9009,#8963,#9010,.T.);
#7188=EDGE_CURVE('',#9011,#9009,#9012,.T.);
#7189=EDGE_CURVE('',#9013,#9011,#9014,.T.);
#7190=EDGE_CURVE('',#7915,#9013,#9015,.T.);
#7191=EDGE_CURVE('',#9016,#8474,#9017,.T.);
#7192=EDGE_CURVE('',#8240,#9016,#9018,.T.);
#7193=EDGE_CURVE('',#9019,#8569,#9020,.T.);
#7194=EDGE_CURVE('',#9021,#9019,#9022,.T.);
#7195=EDGE_CURVE('',#9023,#9021,#9024,.T.);
#7196=EDGE_CURVE('',#9025,#9023,#9026,.T.);
#7197=EDGE_CURVE('',#8571,#9025,#9027,.T.);
#7198=EDGE_CURVE('',#9028,#8631,#9029,.T.);
#7199=EDGE_CURVE('',#9006,#9028,#9030,.T.);
#7200=EDGE_CURVE('',#9031,#8649,#9032,.T.);
#7201=EDGE_CURVE('',#9033,#9031,#9034,.T.);
#7202=EDGE_CURVE('',#8652,#9033,#9035,.T.);
#7203=EDGE_CURVE('',#8924,#9013,#9036,.T.);
#7204=EDGE_CURVE('',#8926,#9011,#9037,.T.);
#7205=EDGE_CURVE('',#8928,#9009,#9038,.T.);
#7206=EDGE_CURVE('',#8941,#9016,#9039,.T.);
#7207=EDGE_CURVE('',#8960,#9031,#9040,.T.);
#7208=EDGE_CURVE('',#8565,#8571,#9041,.T.);
#7209=EDGE_CURVE('',#8944,#9025,#9042,.T.);
#7210=EDGE_CURVE('',#8946,#9023,#9043,.T.);
#7211=EDGE_CURVE('',#8948,#9021,#9044,.T.);
#7212=EDGE_CURVE('',#8950,#9019,#9045,.T.);
#7213=EDGE_CURVE('',#8958,#9033,#9046,.T.);
#7214=EDGE_CURVE('',#8955,#9028,#9047,.T.);
#7215=EDGE_CURVE('',#7905,#9048,#9049,.T.);
#7216=EDGE_CURVE('',#9048,#9050,#9051,.T.);
#7217=EDGE_CURVE('',#9050,#9052,#9053,.T.);
#7218=EDGE_CURVE('',#9052,#9054,#9055,.T.);
#7219=EDGE_CURVE('',#9054,#7907,#9056,.T.);
#7220=EDGE_CURVE('',#8063,#9057,#9058,.T.);
#7221=EDGE_CURVE('',#9057,#8228,#9059,.T.);
#7222=EDGE_CURVE('',#8230,#9060,#9061,.T.);
#7223=EDGE_CURVE('',#9060,#9062,#9063,.T.);
#7224=EDGE_CURVE('',#9062,#8232,#9064,.T.);
#7225=EDGE_CURVE('',#8234,#9065,#9066,.T.);
#7226=EDGE_CURVE('',#9065,#8471,#9067,.T.);
#7227=EDGE_CURVE('',#8574,#9068,#9069,.T.);
#7228=EDGE_CURVE('',#9068,#9070,#9071,.T.);
#7229=EDGE_CURVE('',#9070,#9072,#9073,.T.);
#7230=EDGE_CURVE('',#9072,#9074,#9075,.T.);
#7231=EDGE_CURVE('',#9074,#8576,#9076,.T.);
#7232=EDGE_CURVE('',#8690,#9077,#9078,.T.);
#7233=EDGE_CURVE('',#9077,#9079,#9080,.T.);
#7234=EDGE_CURVE('',#9079,#8686,#9081,.T.);
#7235=EDGE_CURVE('',#8672,#9082,#9083,.T.);
#7236=EDGE_CURVE('',#9082,#9084,#9085,.T.);
#7237=EDGE_CURVE('',#9084,#8668,#9086,.T.);
#7238=EDGE_CURVE('',#9054,#9087,#9088,.T.);
#7239=EDGE_CURVE('',#9087,#7901,#9089,.T.);
#7240=EDGE_CURVE('',#7907,#7901,#9090,.T.);
#7241=EDGE_CURVE('',#7901,#8080,#9091,.T.);
#7242=EDGE_CURVE('',#8080,#9092,#9093,.T.);
#7243=EDGE_CURVE('',#9057,#9092,#9094,.T.);
#7244=EDGE_CURVE('',#7907,#8063,#9095,.T.);
#7245=EDGE_CURVE('',#9096,#8228,#9097,.T.);
#7246=EDGE_CURVE('',#9098,#9096,#9099,.T.);
#7247=EDGE_CURVE('',#9098,#8230,#9100,.T.);
#7248=EDGE_CURVE('',#9101,#9102,#9103,.T.);
#7249=EDGE_CURVE('',#9101,#8234,#9104,.T.);
#7250=EDGE_CURVE('',#9102,#8232,#9105,.T.);
#7251=EDGE_CURVE('',#8574,#8471,#9106,.T.);
#7252=EDGE_CURVE('',#9107,#9098,#9108,.T.);
#7253=EDGE_CURVE('',#8265,#9107,#9109,.T.);
#7254=EDGE_CURVE('',#8265,#9110,#9111,.T.);
#7255=EDGE_CURVE('',#9060,#9110,#9112,.T.);
#7256=EDGE_CURVE('',#9110,#9113,#9114,.T.);
#7257=EDGE_CURVE('',#9062,#9113,#9115,.T.);
#7258=EDGE_CURVE('',#9113,#8263,#9116,.T.);
#7259=EDGE_CURVE('',#8263,#9117,#9118,.T.);
#7260=EDGE_CURVE('',#9117,#9102,#9119,.T.);
#7261=EDGE_CURVE('',#9120,#9096,#9121,.T.);
#7262=EDGE_CURVE('',#9107,#9120,#9122,.T.);
#7263=EDGE_CURVE('',#9123,#9117,#9124,.T.);
#7264=EDGE_CURVE('',#9123,#9101,#9125,.T.);
#7265=EDGE_CURVE('',#9120,#8267,#9126,.T.);
#7266=EDGE_CURVE('',#9123,#8261,#9127,.T.);
#7267=EDGE_CURVE('',#8580,#8480,#9128,.T.);
#7268=EDGE_CURVE('',#9092,#8267,#9129,.T.);
#7269=EDGE_CURVE('',#8688,#9130,#9131,.T.);
#7270=EDGE_CURVE('',#9077,#9130,#9132,.T.);
#7271=EDGE_CURVE('',#9133,#9087,#9134,.T.);
#7272=EDGE_CURVE('',#9135,#9133,#9136,.T.);
#7273=EDGE_CURVE('',#9137,#9135,#9138,.T.);
#7274=EDGE_CURVE('',#7903,#9137,#9139,.T.);
#7275=EDGE_CURVE('',#9140,#8480,#9141,.T.);
#7276=EDGE_CURVE('',#8261,#9140,#9142,.T.);
#7277=EDGE_CURVE('',#9143,#8578,#9144,.T.);
#7278=EDGE_CURVE('',#9145,#9143,#9146,.T.);
#7279=EDGE_CURVE('',#9147,#9145,#9148,.T.);
#7280=EDGE_CURVE('',#9149,#9147,#9150,.T.);
#7281=EDGE_CURVE('',#8580,#9149,#9151,.T.);
#7282=EDGE_CURVE('',#9152,#8685,#9153,.T.);
#7283=EDGE_CURVE('',#9130,#9152,#9154,.T.);
#7284=EDGE_CURVE('',#9155,#8667,#9156,.T.);
#7285=EDGE_CURVE('',#9157,#9155,#9158,.T.);
#7286=EDGE_CURVE('',#8670,#9157,#9159,.T.);
#7287=EDGE_CURVE('',#9048,#9137,#9160,.T.);
#7288=EDGE_CURVE('',#9050,#9135,#9161,.T.);
#7289=EDGE_CURVE('',#9052,#9133,#9162,.T.);
#7290=EDGE_CURVE('',#9065,#9140,#9163,.T.);
#7291=EDGE_CURVE('',#9084,#9155,#9164,.T.);
#7292=EDGE_CURVE('',#8574,#8580,#9165,.T.);
#7293=EDGE_CURVE('',#9068,#9149,#9166,.T.);
#7294=EDGE_CURVE('',#9070,#9147,#9167,.T.);
#7295=EDGE_CURVE('',#9072,#9145,#9168,.T.);
#7296=EDGE_CURVE('',#9074,#9143,#9169,.T.);
#7297=EDGE_CURVE('',#9082,#9157,#9170,.T.);
#7298=EDGE_CURVE('',#9079,#9152,#9171,.T.);
#7299=EDGE_CURVE('',#7893,#9172,#9173,.T.);
#7300=EDGE_CURVE('',#9172,#9174,#9175,.T.);
#7301=EDGE_CURVE('',#9174,#9176,#9177,.T.);
#7302=EDGE_CURVE('',#9176,#9178,#9179,.T.);
#7303=EDGE_CURVE('',#9178,#7895,#9180,.T.);
#7304=EDGE_CURVE('',#8075,#9181,#9182,.T.);
#7305=EDGE_CURVE('',#9181,#8249,#9183,.T.);
#7306=EDGE_CURVE('',#8251,#9184,#9185,.T.);
#7307=EDGE_CURVE('',#9184,#9186,#9187,.T.);
#7308=EDGE_CURVE('',#9186,#8253,#9188,.T.);
#7309=EDGE_CURVE('',#8255,#9189,#9190,.T.);
#7310=EDGE_CURVE('',#9189,#8477,#9191,.T.);
#7311=EDGE_CURVE('',#8583,#9192,#9193,.T.);
#7312=EDGE_CURVE('',#9192,#9194,#9195,.T.);
#7313=EDGE_CURVE('',#9194,#9196,#9197,.T.);
#7314=EDGE_CURVE('',#9196,#9198,#9199,.T.);
#7315=EDGE_CURVE('',#9198,#8585,#9200,.T.);
#7316=EDGE_CURVE('',#8708,#9201,#9202,.T.);
#7317=EDGE_CURVE('',#9201,#9203,#9204,.T.);
#7318=EDGE_CURVE('',#9203,#8704,#9205,.T.);
#7319=EDGE_CURVE('',#8726,#9206,#9207,.T.);
#7320=EDGE_CURVE('',#9206,#9208,#9209,.T.);
#7321=EDGE_CURVE('',#9208,#8722,#9210,.T.);
#7322=EDGE_CURVE('',#9178,#9211,#9212,.T.);
#7323=EDGE_CURVE('',#9211,#7889,#9213,.T.);
#7324=EDGE_CURVE('',#7895,#7889,#9214,.T.);
#7325=EDGE_CURVE('',#7889,#8089,#9215,.T.);
#7326=EDGE_CURVE('',#8089,#9216,#9217,.T.);
#7327=EDGE_CURVE('',#9181,#9216,#9218,.T.);
#7328=EDGE_CURVE('',#7895,#8075,#9219,.T.);
#7329=EDGE_CURVE('',#9220,#8249,#9221,.T.);
#7330=EDGE_CURVE('',#9222,#9220,#9223,.T.);
#7331=EDGE_CURVE('',#9222,#8251,#9224,.T.);
#7332=EDGE_CURVE('',#9225,#9226,#9227,.T.);
#7333=EDGE_CURVE('',#9225,#8255,#9228,.T.);
#7334=EDGE_CURVE('',#9226,#8253,#9229,.T.);
#7335=EDGE_CURVE('',#8583,#8477,#9230,.T.);
#7336=EDGE_CURVE('',#9231,#9222,#9232,.T.);
#7337=EDGE_CURVE('',#8276,#9231,#9233,.T.);
#7338=EDGE_CURVE('',#8276,#9234,#9235,.T.);
#7339=EDGE_CURVE('',#9184,#9234,#9236,.T.);
#7340=EDGE_CURVE('',#9234,#9237,#9238,.T.);
#7341=EDGE_CURVE('',#9186,#9237,#9239,.T.);
#7342=EDGE_CURVE('',#9237,#8274,#9240,.T.);
#7343=EDGE_CURVE('',#8274,#9241,#9242,.T.);
#7344=EDGE_CURVE('',#9241,#9226,#9243,.T.);
#7345=EDGE_CURVE('',#9244,#9220,#9245,.T.);
#7346=EDGE_CURVE('',#9231,#9244,#9246,.T.);
#7347=EDGE_CURVE('',#9247,#9241,#9248,.T.);
#7348=EDGE_CURVE('',#9247,#9225,#9249,.T.);
#7349=EDGE_CURVE('',#9244,#8278,#9250,.T.);
#7350=EDGE_CURVE('',#9247,#8272,#9251,.T.);
#7351=EDGE_CURVE('',#8589,#8483,#9252,.T.);
#7352=EDGE_CURVE('',#9216,#8278,#9253,.T.);
#7353=EDGE_CURVE('',#8706,#9254,#9255,.T.);
#7354=EDGE_CURVE('',#9201,#9254,#9256,.T.);
#7355=EDGE_CURVE('',#9257,#9211,#9258,.T.);
#7356=EDGE_CURVE('',#9259,#9257,#9260,.T.);
#7357=EDGE_CURVE('',#9261,#9259,#9262,.T.);
#7358=EDGE_CURVE('',#7891,#9261,#9263,.T.);
#7359=EDGE_CURVE('',#9264,#8483,#9265,.T.);
#7360=EDGE_CURVE('',#8272,#9264,#9266,.T.);
#7361=EDGE_CURVE('',#9267,#8587,#9268,.T.);
#7362=EDGE_CURVE('',#9269,#9267,#9270,.T.);
#7363=EDGE_CURVE('',#9271,#9269,#9272,.T.);
#7364=EDGE_CURVE('',#9273,#9271,#9274,.T.);
#7365=EDGE_CURVE('',#8589,#9273,#9275,.T.);
#7366=EDGE_CURVE('',#9276,#8703,#9277,.T.);
#7367=EDGE_CURVE('',#9254,#9276,#9278,.T.);
#7368=EDGE_CURVE('',#9279,#8721,#9280,.T.);
#7369=EDGE_CURVE('',#9281,#9279,#9282,.T.);
#7370=EDGE_CURVE('',#8724,#9281,#9283,.T.);
#7371=EDGE_CURVE('',#9172,#9261,#9284,.T.);
#7372=EDGE_CURVE('',#9174,#9259,#9285,.T.);
#7373=EDGE_CURVE('',#9176,#9257,#9286,.T.);
#7374=EDGE_CURVE('',#9189,#9264,#9287,.T.);
#7375=EDGE_CURVE('',#9208,#9279,#9288,.T.);
#7376=EDGE_CURVE('',#8583,#8589,#9289,.T.);
#7377=EDGE_CURVE('',#9192,#9273,#9290,.T.);
#7378=EDGE_CURVE('',#9194,#9271,#9291,.T.);
#7379=EDGE_CURVE('',#9196,#9269,#9292,.T.);
#7380=EDGE_CURVE('',#9198,#9267,#9293,.T.);
#7381=EDGE_CURVE('',#9206,#9281,#9294,.T.);
#7382=EDGE_CURVE('',#9203,#9276,#9295,.T.);
#7383=EDGE_CURVE('',#8023,#7874,#9296,.T.);
#7384=EDGE_CURVE('',#8029,#7882,#9297,.T.);
#7385=EDGE_CURVE('',#8222,#8544,#9298,.T.);
#7386=EDGE_CURVE('',#8150,#8501,#9299,.T.);
#7387=EDGE_CURVE('',#7675,#8561,#9300,.T.);
#7388=EDGE_CURVE('',#8417,#9301,#9302,.T.);
#7389=EDGE_CURVE('',#7622,#7937,#9303,.T.);
#7390=EDGE_CURVE('',#9301,#7937,#9304,.T.);
#7391=EDGE_CURVE('',#7941,#7486,#9305,.T.);
#7392=EDGE_CURVE('',#9306,#8453,#9307,.T.);
#7393=EDGE_CURVE('',#9306,#7941,#9308,.T.);
#7394=EDGE_CURVE('',#9301,#8444,#9309,.T.);
#7395=EDGE_CURVE('',#9306,#8434,#9310,.T.);
#7396=EDGE_CURVE('',#8002,#7853,#9311,.T.);
#7397=EDGE_CURVE('',#7539,#7478,#9312,.T.);
#7398=EDGE_CURVE('',#7476,#7541,#9313,.T.);
#7399=EDGE_CURVE('',#7632,#7597,#9314,.T.);
#7400=EDGE_CURVE('',#7585,#7552,#9315,.T.);
#7401=EDGE_CURVE('',#7583,#7554,#9316,.T.);
#7402=EDGE_CURVE('',#7581,#7556,#9317,.T.);
#7403=EDGE_CURVE('',#7512,#7565,#9318,.T.);
#7404=EDGE_CURVE('',#7514,#7563,#9319,.T.);
#7405=EDGE_CURVE('',#7516,#7561,#9320,.T.);
#7406=DIRECTION('',(0.0,0.0,1.0));
#7407=DIRECTION('',(0.0,-1.0,0.0));
#7408=DIRECTION('',(0.0,-0.642871293713882,-0.765974216092578));
#7409=DIRECTION('',(0.0,0.0,-1.0));
#7410=DIRECTION('',(0.0,0.64287114276419,0.765974342782488));
#7411=DIRECTION('',(0.0,0.0,-1.0));
#7412=DIRECTION('',(0.0,1.0,0.0));
#7413=CARTESIAN_POINT('',(-8.15,0.0,-4.955));
#7414=DIRECTION('',(0.0,0.0,-1.0));
#7415=DIRECTION('',(-1.0,0.0,0.0));
#7416=CARTESIAN_POINT('',(-8.15,0.0,-4.955));
#7417=DIRECTION('',(0.0,0.0,-1.0));
#7418=DIRECTION('',(1.0,0.0,0.0));
#7419=CARTESIAN_POINT('',(8.15,0.0,-4.955));
#7420=DIRECTION('',(0.0,0.0,-1.0));
#7421=DIRECTION('',(-1.0,0.0,0.0));
#7422=CARTESIAN_POINT('',(8.15,0.0,-4.955));
#7423=DIRECTION('',(0.0,0.0,-1.0));
#7424=DIRECTION('',(1.0,0.0,0.0));
#7425=DIRECTION('',(0.0,-1.0,0.0));
#7426=DIRECTION('',(-1.0,0.0,0.0));
#7427=DIRECTION('',(0.0,1.0,0.0));
#7428=DIRECTION('',(1.0,0.0,0.0));
#7429=DIRECTION('',(0.0,-1.0,0.0));
#7430=DIRECTION('',(-1.0,0.0,0.0));
#7431=DIRECTION('',(0.0,1.0,0.0));
#7432=DIRECTION('',(1.0,0.0,0.0));
#7433=DIRECTION('',(0.0,-1.0,0.0));
#7434=DIRECTION('',(-1.0,0.0,0.0));
#7435=DIRECTION('',(0.0,1.0,0.0));
#7436=DIRECTION('',(1.0,0.0,0.0));
#7437=DIRECTION('',(0.0,-1.0,0.0));
#7438=DIRECTION('',(-1.0,0.0,0.0));
#7439=DIRECTION('',(0.0,1.0,0.0));
#7440=DIRECTION('',(1.0,0.0,0.0));
#7441=DIRECTION('',(0.0,-1.0,0.0));
#7442=DIRECTION('',(-1.0,0.0,0.0));
#7443=DIRECTION('',(0.0,1.0,0.0));
#7444=DIRECTION('',(1.0,0.0,0.0));
#7445=DIRECTION('',(0.0,-1.0,0.0));
#7446=DIRECTION('',(-1.0,0.0,0.0));
#7447=DIRECTION('',(0.0,1.0,0.0));
#7448=DIRECTION('',(1.0,0.0,0.0));
#7449=DIRECTION('',(0.0,-1.0,0.0));
#7450=DIRECTION('',(-1.0,0.0,0.0));
#7451=DIRECTION('',(0.0,1.0,0.0));
#7452=DIRECTION('',(1.0,0.0,0.0));
#7453=DIRECTION('',(0.0,-1.0,0.0));
#7454=DIRECTION('',(-1.0,0.0,0.0));
#7455=DIRECTION('',(0.0,1.0,0.0));
#7456=DIRECTION('',(1.0,0.0,0.0));
#7457=DIRECTION('',(0.0,-1.0,0.0));
#7458=DIRECTION('',(-1.0,0.0,0.0));
#7459=DIRECTION('',(0.0,1.0,0.0));
#7460=DIRECTION('',(1.0,0.0,0.0));
#7461=DIRECTION('',(0.0,-1.0,0.0));
#7462=DIRECTION('',(-1.0,0.0,0.0));
#7463=DIRECTION('',(0.0,1.0,0.0));
#7464=DIRECTION('',(1.0,0.0,0.0));
#7465=DIRECTION('',(0.0,0.0,1.0));
#7466=DIRECTION('',(0.0,0.0,1.0));
#7467=VERTEX_POINT('',#9321);
#7468=VERTEX_POINT('',#9322);
#7469=LINE('',#9323,#9324);
#7470=VERTEX_POINT('',#9325);
#7471=LINE('',#9326,#9327);
#7472=VERTEX_POINT('',#9328);
#7473=LINE('',#9329,#9330);
#7474=VERTEX_POINT('',#9331);
#7475=LINE('',#9332,#9333);
#7476=VERTEX_POINT('',#9334);
#7477=LINE('',#9335,#9336);
#7478=VERTEX_POINT('',#9337);
#7479=LINE('',#9338,#9339);
#7480=VERTEX_POINT('',#9340);
#7481=LINE('',#9341,#9342);
#7482=VERTEX_POINT('',#9343);
#7483=LINE('',#9344,#9345);
#7484=VERTEX_POINT('',#9346);
#7485=LINE('',#9347,#9348);
#7486=VERTEX_POINT('',#9349);
#7487=LINE('',#9350,#9351);
#7488=VERTEX_POINT('',#9352);
#7489=LINE('',#9353,#9354);
#7490=VERTEX_POINT('',#9355);
#7491=LINE('',#9356,#9357);
#7492=VERTEX_POINT('',#9358);
#7493=LINE('',#9359,#9360);
#7494=LINE('',#9361,#9362);
#7495=VERTEX_POINT('',#9363);
#7496=LINE('',#9364,#9365);
#7497=VERTEX_POINT('',#9366);
#7498=LINE('',#9367,#9368);
#7499=LINE('',#9369,#9370);
#7500=VERTEX_POINT('',#9371);
#7501=LINE('',#9372,#9373);
#7502=LINE('',#9374,#9375);
#7503=VERTEX_POINT('',#9376);
#7504=LINE('',#9377,#9378);
#7505=VERTEX_POINT('',#9379);
#7506=LINE('',#9380,#9381);
#7507=VERTEX_POINT('',#9382);
#7508=LINE('',#9383,#9384);
#7509=LINE('',#9385,#9386);
#7510=VERTEX_POINT('',#9387);
#7511=LINE('',#9388,#9389);
#7512=VERTEX_POINT('',#9390);
#7513=LINE('',#9391,#9392);
#7514=VERTEX_POINT('',#9393);
#7515=LINE('',#9394,#9395);
#7516=VERTEX_POINT('',#9396);
#7517=LINE('',#9397,#9398);
#7518=VERTEX_POINT('',#9399);
#7519=LINE('',#9400,#9401);
#7520=LINE('',#9402,#9403);
#7521=VERTEX_POINT('',#9404);
#7522=LINE('',#9405,#9406);
#7523=VERTEX_POINT('',#9407);
#7524=LINE('',#9408,#9409);
#7525=LINE('',#9410,#9411);
#7526=VERTEX_POINT('',#9412);
#7527=LINE('',#9413,#9414);
#7528=VERTEX_POINT('',#9415);
#7529=LINE('',#9416,#9417);
#7530=LINE('',#9418,#9419);
#7531=VERTEX_POINT('',#9420);
#7532=LINE('',#9421,#9422);
#7533=VERTEX_POINT('',#9423);
#7534=LINE('',#9424,#9425);
#7535=VERTEX_POINT('',#9426);
#7536=LINE('',#9427,#9428);
#7537=VERTEX_POINT('',#9429);
#7538=LINE('',#9430,#9431);
#7539=VERTEX_POINT('',#9432);
#7540=LINE('',#9433,#9434);
#7541=VERTEX_POINT('',#9435);
#7542=LINE('',#9436,#9437);
#7543=LINE('',#9438,#9439);
#7544=LINE('',#9440,#9441);
#7545=VERTEX_POINT('',#9442);
#7546=VERTEX_POINT('',#9443);
#7547=LINE('',#9444,#9445);
#7548=VERTEX_POINT('',#9446);
#7549=LINE('',#9447,#9448);
#7550=VERTEX_POINT('',#9449);
#7551=LINE('',#9450,#9451);
#7552=VERTEX_POINT('',#9452);
#7553=LINE('',#9453,#9454);
#7554=VERTEX_POINT('',#9455);
#7555=LINE('',#9456,#9457);
#7556=VERTEX_POINT('',#9458);
#7557=LINE('',#9459,#9460);
#7558=VERTEX_POINT('',#9461);
#7559=LINE('',#9462,#9463);
#7560=LINE('',#9464,#9465);
#7561=VERTEX_POINT('',#9466);
#7562=LINE('',#9467,#9468);
#7563=VERTEX_POINT('',#9469);
#7564=LINE('',#9470,#9471);
#7565=VERTEX_POINT('',#9472);
#7566=LINE('',#9473,#9474);
#7567=LINE('',#9475,#9476);
#7568=VERTEX_POINT('',#9477);
#7569=VERTEX_POINT('',#9478);
#7570=LINE('',#9479,#9480);
#7571=VERTEX_POINT('',#9481);
#7572=LINE('',#9482,#9483);
#7573=LINE('',#9484,#9485);
#7574=VERTEX_POINT('',#9486);
#7575=LINE('',#9487,#9488);
#7576=LINE('',#9489,#9490);
#7577=VERTEX_POINT('',#9491);
#7578=VERTEX_POINT('',#9492);
#7579=LINE('',#9493,#9494);
#7580=LINE('',#9495,#9496);
#7581=VERTEX_POINT('',#9497);
#7582=LINE('',#9498,#9499);
#7583=VERTEX_POINT('',#9500);
#7584=LINE('',#9501,#9502);
#7585=VERTEX_POINT('',#9503);
#7586=LINE('',#9504,#9505);
#7587=VERTEX_POINT('',#9506);
#7588=LINE('',#9507,#9508);
#7589=LINE('',#9509,#9510);
#7590=LINE('',#9511,#9512);
#7591=LINE('',#9513,#9514);
#7592=VERTEX_POINT('',#9515);
#7593=VERTEX_POINT('',#9516);
#7594=LINE('',#9517,#9518);
#7595=LINE('',#9519,#9520);
#7596=LINE('',#9521,#9522);
#7597=VERTEX_POINT('',#9523);
#7598=LINE('',#9524,#9525);
#7599=VERTEX_POINT('',#9526);
#7600=LINE('',#9527,#9528);
#7601=VERTEX_POINT('',#9529);
#7602=LINE('',#9530,#9531);
#7603=VERTEX_POINT('',#9532);
#7604=LINE('',#9533,#9534);
#7605=VERTEX_POINT('',#9535);
#7606=LINE('',#9536,#9537);
#7607=VERTEX_POINT('',#9538);
#7608=LINE('',#9539,#9540);
#7609=VERTEX_POINT('',#9541);
#7610=LINE('',#9542,#9543);
#7611=VERTEX_POINT('',#9544);
#7612=LINE('',#9545,#9546);
#7613=LINE('',#9547,#9548);
#7614=VERTEX_POINT('',#9549);
#7615=LINE('',#9550,#9551);
#7616=LINE('',#9552,#9553);
#7617=VERTEX_POINT('',#9554);
#7618=VERTEX_POINT('',#9555);
#7619=LINE('',#9556,#9557);
#7620=VERTEX_POINT('',#9558);
#7621=LINE('',#9559,#9560);
#7622=VERTEX_POINT('',#9561);
#7623=LINE('',#9562,#9563);
#7624=VERTEX_POINT('',#9564);
#7625=LINE('',#9565,#9566);
#7626=VERTEX_POINT('',#9567);
#7627=LINE('',#9568,#9569);
#7628=VERTEX_POINT('',#9570);
#7629=LINE('',#9571,#9572);
#7630=VERTEX_POINT('',#9573);
#7631=LINE('',#9574,#9575);
#7632=VERTEX_POINT('',#9576);
#7633=LINE('',#9577,#9578);
#7634=LINE('',#9579,#9580);
#7635=LINE('',#9581,#9582);
#7636=LINE('',#9583,#9584);
#7637=LINE('',#9585,#9586);
#7638=LINE('',#9587,#9588);
#7639=LINE('',#9589,#9590);
#7640=LINE('',#9591,#9592);
#7641=LINE('',#9593,#9594);
#7642=LINE('',#9595,#9596);
#7643=VERTEX_POINT('',#9597);
#7644=LINE('',#9598,#9599);
#7645=LINE('',#9600,#9601);
#7646=LINE('',#9602,#9603);
#7647=VERTEX_POINT('',#9604);
#7648=LINE('',#9605,#9606);
#7649=VERTEX_POINT('',#9607);
#7650=LINE('',#9608,#9609);
#7651=LINE('',#9610,#9611);
#7652=LINE('',#9612,#9613);
#7653=LINE('',#9614,#9615);
#7654=VERTEX_POINT('',#9616);
#7655=LINE('',#9617,#9618);
#7656=LINE('',#9619,#9620);
#7657=VERTEX_POINT('',#9621);
#7658=LINE('',#9622,#9623);
#7659=VERTEX_POINT('',#9624);
#7660=LINE('',#9625,#9626);
#7661=LINE('',#9627,#9628);
#7662=VERTEX_POINT('',#9629);
#7663=VERTEX_POINT('',#9630);
#7664=LINE('',#9631,#9632);
#7665=VERTEX_POINT('',#9633);
#7666=LINE('',#9634,#9635);
#7667=LINE('',#9636,#9637);
#7668=LINE('',#9638,#9639);
#7669=VERTEX_POINT('',#9640);
#7670=LINE('',#9641,#9642);
#7671=VERTEX_POINT('',#9643);
#7672=LINE('',#9644,#9645);
#7673=VERTEX_POINT('',#9646);
#7674=LINE('',#9647,#9648);
#7675=VERTEX_POINT('',#9649);
#7676=LINE('',#9650,#9651);
#7677=VERTEX_POINT('',#9652);
#7678=LINE('',#9653,#9654);
#7679=LINE('',#9655,#9656);
#7680=VERTEX_POINT('',#9657);
#7681=VERTEX_POINT('',#9658);
#7682=LINE('',#9659,#9660);
#7683=VERTEX_POINT('',#9661);
#7684=LINE('',#9662,#9663);
#7685=VERTEX_POINT('',#9664);
#7686=LINE('',#9665,#9666);
#7687=LINE('',#9667,#9668);
#7688=VERTEX_POINT('',#9669);
#7689=LINE('',#9670,#9671);
#7690=VERTEX_POINT('',#9672);
#7691=LINE('',#9673,#9674);
#7692=VERTEX_POINT('',#9675);
#7693=LINE('',#9676,#9677);
#7694=CIRCLE('',#9678,0.75);
#7695=VERTEX_POINT('',#9679);
#7696=LINE('',#9680,#9681);
#7697=CIRCLE('',#9682,0.75);
#7698=VERTEX_POINT('',#9683);
#7699=LINE('',#9684,#9685);
#7700=VERTEX_POINT('',#9686);
#7701=LINE('',#9687,#9688);
#7702=LINE('',#9689,#9690);
#7703=LINE('',#9691,#9692);
#7704=LINE('',#9693,#9694);
#7705=VERTEX_POINT('',#9695);
#7706=LINE('',#9696,#9697);
#7707=VERTEX_POINT('',#9698);
#7708=LINE('',#9699,#9700);
#7709=LINE('',#9701,#9702);
#7710=VERTEX_POINT('',#9703);
#7711=VERTEX_POINT('',#9704);
#7712=LINE('',#9705,#9706);
#7713=LINE('',#9707,#9708);
#7714=VERTEX_POINT('',#9709);
#7715=LINE('',#9710,#9711);
#7716=LINE('',#9712,#9713);
#7717=VERTEX_POINT('',#9714);
#7718=VERTEX_POINT('',#9715);
#7719=LINE('',#9716,#9717);
#7720=VERTEX_POINT('',#9718);
#7721=LINE('',#9719,#9720);
#7722=VERTEX_POINT('',#9721);
#7723=LINE('',#9722,#9723);
#7724=LINE('',#9724,#9725);
#7725=VERTEX_POINT('',#9726);
#7726=VERTEX_POINT('',#9727);
#7727=LINE('',#9728,#9729);
#7728=VERTEX_POINT('',#9730);
#7729=LINE('',#9731,#9732);
#7730=VERTEX_POINT('',#9733);
#7731=LINE('',#9734,#9735);
#7732=LINE('',#9736,#9737);
#7733=VERTEX_POINT('',#9738);
#7734=VERTEX_POINT('',#9739);
#7735=LINE('',#9740,#9741);
#7736=VERTEX_POINT('',#9742);
#7737=LINE('',#9743,#9744);
#7738=VERTEX_POINT('',#9745);
#7739=LINE('',#9746,#9747);
#7740=LINE('',#9748,#9749);
#7741=VERTEX_POINT('',#9750);
#7742=VERTEX_POINT('',#9751);
#7743=LINE('',#9752,#9753);
#7744=LINE('',#9754,#9755);
#7745=VERTEX_POINT('',#9756);
#7746=LINE('',#9757,#9758);
#7747=VERTEX_POINT('',#9759);
#7748=LINE('',#9760,#9761);
#7749=LINE('',#9762,#9763);
#7750=VERTEX_POINT('',#9764);
#7751=VERTEX_POINT('',#9765);
#7752=LINE('',#9766,#9767);
#7753=VERTEX_POINT('',#9768);
#7754=LINE('',#9769,#9770);
#7755=VERTEX_POINT('',#9771);
#7756=LINE('',#9772,#9773);
#7757=LINE('',#9774,#9775);
#7758=VERTEX_POINT('',#9776);
#7759=VERTEX_POINT('',#9777);
#7760=LINE('',#9778,#9779);
#7761=VERTEX_POINT('',#9780);
#7762=LINE('',#9781,#9782);
#7763=VERTEX_POINT('',#9783);
#7764=LINE('',#9784,#9785);
#7765=LINE('',#9786,#9787);
#7766=VERTEX_POINT('',#9788);
#7767=VERTEX_POINT('',#9789);
#7768=LINE('',#9790,#9791);
#7769=VERTEX_POINT('',#9792);
#7770=LINE('',#9793,#9794);
#7771=VERTEX_POINT('',#9795);
#7772=LINE('',#9796,#9797);
#7773=LINE('',#9798,#9799);
#7774=VERTEX_POINT('',#9800);
#7775=VERTEX_POINT('',#9801);
#7776=LINE('',#9802,#9803);
#7777=VERTEX_POINT('',#9804);
#7778=LINE('',#9805,#9806);
#7779=VERTEX_POINT('',#9807);
#7780=LINE('',#9808,#9809);
#7781=LINE('',#9810,#9811);
#7782=VERTEX_POINT('',#9812);
#7783=LINE('',#9813,#9814);
#7784=VERTEX_POINT('',#9815);
#7785=LINE('',#9816,#9817);
#7786=LINE('',#9818,#9819);
#7787=VERTEX_POINT('',#9820);
#7788=LINE('',#9821,#9822);
#7789=VERTEX_POINT('',#9823);
#7790=LINE('',#9824,#9825);
#7791=VERTEX_POINT('',#9826);
#7792=LINE('',#9827,#9828);
#7793=VERTEX_POINT('',#9829);
#7794=LINE('',#9830,#9831);
#7795=LINE('',#9832,#9833);
#7796=VERTEX_POINT('',#9834);
#7797=LINE('',#9835,#9836);
#7798=VERTEX_POINT('',#9837);
#7799=LINE('',#9838,#9839);
#7800=LINE('',#9840,#9841);
#7801=VERTEX_POINT('',#9842);
#7802=VERTEX_POINT('',#9843);
#7803=LINE('',#9844,#9845);
#7804=VERTEX_POINT('',#9846);
#7805=LINE('',#9847,#9848);
#7806=VERTEX_POINT('',#9849);
#7807=LINE('',#9850,#9851);
#7808=LINE('',#9852,#9853);
#7809=VERTEX_POINT('',#9854);
#7810=VERTEX_POINT('',#9855);
#7811=LINE('',#9856,#9857);
#7812=VERTEX_POINT('',#9858);
#7813=LINE('',#9859,#9860);
#7814=VERTEX_POINT('',#9861);
#7815=LINE('',#9862,#9863);
#7816=LINE('',#9864,#9865);
#7817=VERTEX_POINT('',#9866);
#7818=LINE('',#9867,#9868);
#7819=VERTEX_POINT('',#9869);
#7820=LINE('',#9870,#9871);
#7821=LINE('',#9872,#9873);
#7822=LINE('',#9874,#9875);
#7823=LINE('',#9876,#9877);
#7824=LINE('',#9878,#9879);
#7825=VERTEX_POINT('',#9880);
#7826=LINE('',#9881,#9882);
#7827=VERTEX_POINT('',#9883);
#7828=LINE('',#9884,#9885);
#7829=LINE('',#9886,#9887);
#7830=VERTEX_POINT('',#9888);
#7831=VERTEX_POINT('',#9889);
#7832=LINE('',#9890,#9891);
#7833=VERTEX_POINT('',#9892);
#7834=LINE('',#9893,#9894);
#7835=VERTEX_POINT('',#9895);
#7836=LINE('',#9896,#9897);
#7837=LINE('',#9898,#9899);
#7838=VERTEX_POINT('',#9900);
#7839=LINE('',#9901,#9902);
#7840=VERTEX_POINT('',#9903);
#7841=LINE('',#9904,#9905);
#7842=VERTEX_POINT('',#9906);
#7843=CIRCLE('',#9907,0.32);
#7844=VERTEX_POINT('',#9908);
#7845=LINE('',#9909,#9910);
#7846=VERTEX_POINT('',#9911);
#7847=LINE('',#9912,#9913);
#7848=LINE('',#9914,#9915);
#7849=VERTEX_POINT('',#9916);
#7850=LINE('',#9917,#9918);
#7851=LINE('',#9919,#9920);
#7852=LINE('',#9921,#9922);
#7853=VERTEX_POINT('',#9923);
#7854=LINE('',#9924,#9925);
#7855=LINE('',#9926,#9927);
#7856=LINE('',#9928,#9929);
#7857=VERTEX_POINT('',#9930);
#7858=LINE('',#9931,#9932);
#7859=VERTEX_POINT('',#9933);
#7860=LINE('',#9934,#9935);
#7861=LINE('',#9936,#9937);
#7862=LINE('',#9938,#9939);
#7863=VERTEX_POINT('',#9940);
#7864=VERTEX_POINT('',#9941);
#7865=LINE('',#9942,#9943);
#7866=VERTEX_POINT('',#9944);
#7867=LINE('',#9945,#9946);
#7868=VERTEX_POINT('',#9947);
#7869=CIRCLE('',#9948,0.32);
#7870=VERTEX_POINT('',#9949);
#7871=LINE('',#9950,#9951);
#7872=LINE('',#9952,#9953);
#7873=LINE('',#9954,#9955);
#7874=VERTEX_POINT('',#9956);
#7875=VERTEX_POINT('',#9957);
#7876=LINE('',#9958,#9959);
#7877=LINE('',#9960,#9961);
#7878=LINE('',#9962,#9963);
#7879=VERTEX_POINT('',#9964);
#7880=VERTEX_POINT('',#9965);
#7881=LINE('',#9966,#9967);
#7882=VERTEX_POINT('',#9968);
#7883=LINE('',#9969,#9970);
#7884=VERTEX_POINT('',#9971);
#7885=LINE('',#9972,#9973);
#7886=LINE('',#9974,#9975);
#7887=VERTEX_POINT('',#9976);
#7888=LINE('',#9977,#9978);
#7889=VERTEX_POINT('',#9979);
#7890=LINE('',#9980,#9981);
#7891=VERTEX_POINT('',#9982);
#7892=LINE('',#9983,#9984);
#7893=VERTEX_POINT('',#9985);
#7894=LINE('',#9986,#9987);
#7895=VERTEX_POINT('',#9988);
#7896=LINE('',#9989,#9990);
#7897=VERTEX_POINT('',#9991);
#7898=LINE('',#9992,#9993);
#7899=VERTEX_POINT('',#9994);
#7900=LINE('',#9995,#9996);
#7901=VERTEX_POINT('',#9997);
#7902=LINE('',#9998,#9999);
#7903=VERTEX_POINT('',#10000);
#7904=LINE('',#10001,#10002);
#7905=VERTEX_POINT('',#10003);
#7906=LINE('',#10004,#10005);
#7907=VERTEX_POINT('',#10006);
#7908=LINE('',#10007,#10008);
#7909=VERTEX_POINT('',#10009);
#7910=LINE('',#10010,#10011);
#7911=VERTEX_POINT('',#10012);
#7912=LINE('',#10013,#10014);
#7913=VERTEX_POINT('',#10015);
#7914=LINE('',#10016,#10017);
#7915=VERTEX_POINT('',#10018);
#7916=LINE('',#10019,#10020);
#7917=VERTEX_POINT('',#10021);
#7918=LINE('',#10022,#10023);
#7919=VERTEX_POINT('',#10024);
#7920=LINE('',#10025,#10026);
#7921=VERTEX_POINT('',#10027);
#7922=LINE('',#10028,#10029);
#7923=VERTEX_POINT('',#10030);
#7924=LINE('',#10031,#10032);
#7925=VERTEX_POINT('',#10033);
#7926=LINE('',#10034,#10035);
#7927=VERTEX_POINT('',#10036);
#7928=LINE('',#10037,#10038);
#7929=VERTEX_POINT('',#10039);
#7930=LINE('',#10040,#10041);
#7931=VERTEX_POINT('',#10042);
#7932=LINE('',#10043,#10044);
#7933=VERTEX_POINT('',#10045);
#7934=LINE('',#10046,#10047);
#7935=VERTEX_POINT('',#10048);
#7936=LINE('',#10049,#10050);
#7937=VERTEX_POINT('',#10051);
#7938=LINE('',#10052,#10053);
#7939=LINE('',#10054,#10055);
#7940=LINE('',#10056,#10057);
#7941=VERTEX_POINT('',#10058);
#7942=LINE('',#10059,#10060);
#7943=VERTEX_POINT('',#10061);
#7944=LINE('',#10062,#10063);
#7945=LINE('',#10064,#10065);
#7946=VERTEX_POINT('',#10066);
#7947=LINE('',#10067,#10068);
#7948=LINE('',#10069,#10070);
#7949=VERTEX_POINT('',#10071);
#7950=VERTEX_POINT('',#10072);
#7951=LINE('',#10073,#10074);
#7952=VERTEX_POINT('',#10075);
#7953=LINE('',#10076,#10077);
#7954=VERTEX_POINT('',#10078);
#7955=LINE('',#10079,#10080);
#7956=LINE('',#10081,#10082);
#7957=VERTEX_POINT('',#10083);
#7958=VERTEX_POINT('',#10084);
#7959=LINE('',#10085,#10086);
#7960=VERTEX_POINT('',#10087);
#7961=LINE('',#10088,#10089);
#7962=VERTEX_POINT('',#10090);
#7963=LINE('',#10091,#10092);
#7964=LINE('',#10093,#10094);
#7965=VERTEX_POINT('',#10095);
#7966=LINE('',#10096,#10097);
#7967=VERTEX_POINT('',#10098);
#7968=LINE('',#10099,#10100);
#7969=LINE('',#10101,#10102);
#7970=VERTEX_POINT('',#10103);
#7971=LINE('',#10104,#10105);
#7972=VERTEX_POINT('',#10106);
#7973=LINE('',#10107,#10108);
#7974=LINE('',#10109,#10110);
#7975=VERTEX_POINT('',#10111);
#7976=LINE('',#10112,#10113);
#7977=LINE('',#10114,#10115);
#7978=VERTEX_POINT('',#10116);
#7979=LINE('',#10117,#10118);
#7980=LINE('',#10119,#10120);
#7981=VERTEX_POINT('',#10121);
#7982=LINE('',#10122,#10123);
#7983=VERTEX_POINT('',#10124);
#7984=LINE('',#10125,#10126);
#7985=LINE('',#10127,#10128);
#7986=LINE('',#10129,#10130);
#7987=LINE('',#10131,#10132);
#7988=LINE('',#10133,#10134);
#7989=VERTEX_POINT('',#10135);
#7990=LINE('',#10136,#10137);
#7991=VERTEX_POINT('',#10138);
#7992=LINE('',#10139,#10140);
#7993=VERTEX_POINT('',#10141);
#7994=CIRCLE('',#10142,0.32);
#7995=VERTEX_POINT('',#10143);
#7996=LINE('',#10144,#10145);
#7997=LINE('',#10146,#10147);
#7998=LINE('',#10148,#10149);
#7999=VERTEX_POINT('',#10150);
#8000=LINE('',#10151,#10152);
#8001=LINE('',#10153,#10154);
#8002=VERTEX_POINT('',#10155);
#8003=LINE('',#10156,#10157);
#8004=LINE('',#10158,#10159);
#8005=LINE('',#10160,#10161);
#8006=VERTEX_POINT('',#10162);
#8007=LINE('',#10163,#10164);
#8008=LINE('',#10165,#10166);
#8009=VERTEX_POINT('',#10167);
#8010=LINE('',#10168,#10169);
#8011=LINE('',#10170,#10171);
#8012=VERTEX_POINT('',#10172);
#8013=LINE('',#10173,#10174);
#8014=VERTEX_POINT('',#10175);
#8015=LINE('',#10176,#10177);
#8016=VERTEX_POINT('',#10178);
#8017=CIRCLE('',#10179,0.32);
#8018=VERTEX_POINT('',#10180);
#8019=LINE('',#10181,#10182);
#8020=VERTEX_POINT('',#10183);
#8021=LINE('',#10184,#10185);
#8022=LINE('',#10186,#10187);
#8023=VERTEX_POINT('',#10188);
#8024=LINE('',#10189,#10190);
#8025=VERTEX_POINT('',#10191);
#8026=LINE('',#10192,#10193);
#8027=LINE('',#10194,#10195);
#8028=VERTEX_POINT('',#10196);
#8029=VERTEX_POINT('',#10197);
#8030=LINE('',#10198,#10199);
#8031=VERTEX_POINT('',#10200);
#8032=LINE('',#10201,#10202);
#8033=VERTEX_POINT('',#10203);
#8034=LINE('',#10204,#10205);
#8035=LINE('',#10206,#10207);
#8036=LINE('',#10208,#10209);
#8037=LINE('',#10210,#10211);
#8038=LINE('',#10212,#10213);
#8039=LINE('',#10214,#10215);
#8040=LINE('',#10216,#10217);
#8041=VERTEX_POINT('',#10218);
#8042=VERTEX_POINT('',#10219);
#8043=LINE('',#10220,#10221);
#8044=VERTEX_POINT('',#10222);
#8045=LINE('',#10223,#10224);
#8046=VERTEX_POINT('',#10225);
#8047=LINE('',#10226,#10227);
#8048=VERTEX_POINT('',#10228);
#8049=LINE('',#10229,#10230);
#8050=LINE('',#10231,#10232);
#8051=VERTEX_POINT('',#10233);
#8052=VERTEX_POINT('',#10234);
#8053=LINE('',#10235,#10236);
#8054=VERTEX_POINT('',#10237);
#8055=LINE('',#10238,#10239);
#8056=VERTEX_POINT('',#10240);
#8057=LINE('',#10241,#10242);
#8058=VERTEX_POINT('',#10243);
#8059=LINE('',#10244,#10245);
#8060=VERTEX_POINT('',#10246);
#8061=LINE('',#10247,#10248);
#8062=LINE('',#10249,#10250);
#8063=VERTEX_POINT('',#10251);
#8064=VERTEX_POINT('',#10252);
#8065=LINE('',#10253,#10254);
#8066=VERTEX_POINT('',#10255);
#8067=LINE('',#10256,#10257);
#8068=VERTEX_POINT('',#10258);
#8069=LINE('',#10259,#10260);
#8070=VERTEX_POINT('',#10261);
#8071=LINE('',#10262,#10263);
#8072=VERTEX_POINT('',#10264);
#8073=LINE('',#10265,#10266);
#8074=LINE('',#10267,#10268);
#8075=VERTEX_POINT('',#10269);
#8076=VERTEX_POINT('',#10270);
#8077=LINE('',#10271,#10272);
#8078=VERTEX_POINT('',#10273);
#8079=LINE('',#10274,#10275);
#8080=VERTEX_POINT('',#10276);
#8081=LINE('',#10277,#10278);
#8082=VERTEX_POINT('',#10279);
#8083=LINE('',#10280,#10281);
#8084=VERTEX_POINT('',#10282);
#8085=LINE('',#10283,#10284);
#8086=LINE('',#10285,#10286);
#8087=VERTEX_POINT('',#10287);
#8088=LINE('',#10288,#10289);
#8089=VERTEX_POINT('',#10290);
#8090=LINE('',#10291,#10292);
#8091=VERTEX_POINT('',#10293);
#8092=LINE('',#10294,#10295);
#8093=LINE('',#10296,#10297);
#8094=VERTEX_POINT('',#10298);
#8095=LINE('',#10299,#10300);
#8096=VERTEX_POINT('',#10301);
#8097=LINE('',#10302,#10303);
#8098=LINE('',#10304,#10305);
#8099=VERTEX_POINT('',#10306);
#8100=VERTEX_POINT('',#10307);
#8101=LINE('',#10308,#10309);
#8102=VERTEX_POINT('',#10310);
#8103=LINE('',#10311,#10312);
#8104=VERTEX_POINT('',#10313);
#8105=LINE('',#10314,#10315);
#8106=LINE('',#10316,#10317);
#8107=VERTEX_POINT('',#10318);
#8108=VERTEX_POINT('',#10319);
#8109=LINE('',#10320,#10321);
#8110=VERTEX_POINT('',#10322);
#8111=LINE('',#10323,#10324);
#8112=VERTEX_POINT('',#10325);
#8113=LINE('',#10326,#10327);
#8114=LINE('',#10328,#10329);
#8115=LINE('',#10330,#10331);
#8116=LINE('',#10332,#10333);
#8117=VERTEX_POINT('',#10334);
#8118=LINE('',#10335,#10336);
#8119=VERTEX_POINT('',#10337);
#8120=LINE('',#10338,#10339);
#8121=LINE('',#10340,#10341);
#8122=VERTEX_POINT('',#10342);
#8123=LINE('',#10343,#10344);
#8124=VERTEX_POINT('',#10345);
#8125=LINE('',#10346,#10347);
#8126=VERTEX_POINT('',#10348);
#8127=LINE('',#10349,#10350);
#8128=VERTEX_POINT('',#10351);
#8129=LINE('',#10352,#10353);
#8130=LINE('',#10354,#10355);
#8131=VERTEX_POINT('',#10356);
#8132=LINE('',#10357,#10358);
#8133=LINE('',#10359,#10360);
#8134=LINE('',#10361,#10362);
#8135=VERTEX_POINT('',#10363);
#8136=LINE('',#10364,#10365);
#8137=VERTEX_POINT('',#10366);
#8138=LINE('',#10367,#10368);
#8139=VERTEX_POINT('',#10369);
#8140=CIRCLE('',#10370,0.32);
#8141=VERTEX_POINT('',#10371);
#8142=LINE('',#10372,#10373);
#8143=LINE('',#10374,#10375);
#8144=VERTEX_POINT('',#10376);
#8145=LINE('',#10377,#10378);
#8146=LINE('',#10379,#10380);
#8147=VERTEX_POINT('',#10381);
#8148=LINE('',#10382,#10383);
#8149=LINE('',#10384,#10385);
#8150=VERTEX_POINT('',#10386);
#8151=LINE('',#10387,#10388);
#8152=LINE('',#10389,#10390);
#8153=LINE('',#10391,#10392);
#8154=VERTEX_POINT('',#10393);
#8155=LINE('',#10394,#10395);
#8156=VERTEX_POINT('',#10396);
#8157=LINE('',#10397,#10398);
#8158=VERTEX_POINT('',#10399);
#8159=CIRCLE('',#10400,0.32);
#8160=VERTEX_POINT('',#10401);
#8161=LINE('',#10402,#10403);
#8162=VERTEX_POINT('',#10404);
#8163=LINE('',#10405,#10406);
#8164=LINE('',#10407,#10408);
#8165=VERTEX_POINT('',#10409);
#8166=VERTEX_POINT('',#10410);
#8167=LINE('',#10411,#10412);
#8168=VERTEX_POINT('',#10413);
#8169=LINE('',#10414,#10415);
#8170=VERTEX_POINT('',#10416);
#8171=LINE('',#10417,#10418);
#8172=LINE('',#10419,#10420);
#8173=VERTEX_POINT('',#10421);
#8174=VERTEX_POINT('',#10422);
#8175=LINE('',#10423,#10424);
#8176=VERTEX_POINT('',#10425);
#8177=LINE('',#10426,#10427);
#8178=VERTEX_POINT('',#10428);
#8179=LINE('',#10429,#10430);
#8180=LINE('',#10431,#10432);
#8181=VERTEX_POINT('',#10433);
#8182=LINE('',#10434,#10435);
#8183=VERTEX_POINT('',#10436);
#8184=LINE('',#10437,#10438);
#8185=VERTEX_POINT('',#10439);
#8186=LINE('',#10440,#10441);
#8187=VERTEX_POINT('',#10442);
#8188=LINE('',#10443,#10444);
#8189=VERTEX_POINT('',#10445);
#8190=LINE('',#10446,#10447);
#8191=LINE('',#10448,#10449);
#8192=VERTEX_POINT('',#10450);
#8193=VERTEX_POINT('',#10451);
#8194=LINE('',#10452,#10453);
#8195=VERTEX_POINT('',#10454);
#8196=LINE('',#10455,#10456);
#8197=VERTEX_POINT('',#10457);
#8198=LINE('',#10458,#10459);
#8199=LINE('',#10460,#10461);
#8200=VERTEX_POINT('',#10462);
#8201=VERTEX_POINT('',#10463);
#8202=LINE('',#10464,#10465);
#8203=VERTEX_POINT('',#10466);
#8204=LINE('',#10467,#10468);
#8205=VERTEX_POINT('',#10469);
#8206=LINE('',#10470,#10471);
#8207=LINE('',#10472,#10473);
#8208=VERTEX_POINT('',#10474);
#8209=LINE('',#10475,#10476);
#8210=VERTEX_POINT('',#10477);
#8211=LINE('',#10478,#10479);
#8212=VERTEX_POINT('',#10480);
#8213=LINE('',#10481,#10482);
#8214=VERTEX_POINT('',#10483);
#8215=LINE('',#10484,#10485);
#8216=VERTEX_POINT('',#10486);
#8217=LINE('',#10487,#10488);
#8218=VERTEX_POINT('',#10489);
#8219=LINE('',#10490,#10491);
#8220=VERTEX_POINT('',#10492);
#8221=LINE('',#10493,#10494);
#8222=VERTEX_POINT('',#10495);
#8223=LINE('',#10496,#10497);
#8224=LINE('',#10498,#10499);
#8225=VERTEX_POINT('',#10500);
#8226=LINE('',#10501,#10502);
#8227=LINE('',#10503,#10504);
#8228=VERTEX_POINT('',#10505);
#8229=LINE('',#10506,#10507);
#8230=VERTEX_POINT('',#10508);
#8231=LINE('',#10509,#10510);
#8232=VERTEX_POINT('',#10511);
#8233=LINE('',#10512,#10513);
#8234=VERTEX_POINT('',#10514);
#8235=LINE('',#10515,#10516);
#8236=VERTEX_POINT('',#10517);
#8237=LINE('',#10518,#10519);
#8238=VERTEX_POINT('',#10520);
#8239=LINE('',#10521,#10522);
#8240=VERTEX_POINT('',#10523);
#8241=LINE('',#10524,#10525);
#8242=VERTEX_POINT('',#10526);
#8243=LINE('',#10527,#10528);
#8244=VERTEX_POINT('',#10529);
#8245=LINE('',#10530,#10531);
#8246=VERTEX_POINT('',#10532);
#8247=LINE('',#10533,#10534);
#8248=LINE('',#10535,#10536);
#8249=VERTEX_POINT('',#10537);
#8250=LINE('',#10538,#10539);
#8251=VERTEX_POINT('',#10540);
#8252=LINE('',#10541,#10542);
#8253=VERTEX_POINT('',#10543);
#8254=LINE('',#10544,#10545);
#8255=VERTEX_POINT('',#10546);
#8256=LINE('',#10547,#10548);
#8257=VERTEX_POINT('',#10549);
#8258=LINE('',#10550,#10551);
#8259=VERTEX_POINT('',#10552);
#8260=LINE('',#10553,#10554);
#8261=VERTEX_POINT('',#10555);
#8262=LINE('',#10556,#10557);
#8263=VERTEX_POINT('',#10558);
#8264=LINE('',#10559,#10560);
#8265=VERTEX_POINT('',#10561);
#8266=LINE('',#10562,#10563);
#8267=VERTEX_POINT('',#10564);
#8268=LINE('',#10565,#10566);
#8269=LINE('',#10567,#10568);
#8270=VERTEX_POINT('',#10569);
#8271=LINE('',#10570,#10571);
#8272=VERTEX_POINT('',#10572);
#8273=LINE('',#10573,#10574);
#8274=VERTEX_POINT('',#10575);
#8275=LINE('',#10576,#10577);
#8276=VERTEX_POINT('',#10578);
#8277=LINE('',#10579,#10580);
#8278=VERTEX_POINT('',#10581);
#8279=LINE('',#10582,#10583);
#8280=LINE('',#10584,#10585);
#8281=VERTEX_POINT('',#10586);
#8282=LINE('',#10587,#10588);
#8283=VERTEX_POINT('',#10589);
#8284=LINE('',#10590,#10591);
#8285=VERTEX_POINT('',#10592);
#8286=LINE('',#10593,#10594);
#8287=VERTEX_POINT('',#10595);
#8288=LINE('',#10596,#10597);
#8289=VERTEX_POINT('',#10598);
#8290=LINE('',#10599,#10600);
#8291=LINE('',#10601,#10602);
#8292=VERTEX_POINT('',#10603);
#8293=VERTEX_POINT('',#10604);
#8294=LINE('',#10605,#10606);
#8295=VERTEX_POINT('',#10607);
#8296=LINE('',#10608,#10609);
#8297=VERTEX_POINT('',#10610);
#8298=LINE('',#10611,#10612);
#8299=LINE('',#10613,#10614);
#8300=VERTEX_POINT('',#10615);
#8301=VERTEX_POINT('',#10616);
#8302=LINE('',#10617,#10618);
#8303=VERTEX_POINT('',#10619);
#8304=LINE('',#10620,#10621);
#8305=VERTEX_POINT('',#10622);
#8306=LINE('',#10623,#10624);
#8307=LINE('',#10625,#10626);
#8308=VERTEX_POINT('',#10627);
#8309=VERTEX_POINT('',#10628);
#8310=LINE('',#10629,#10630);
#8311=VERTEX_POINT('',#10631);
#8312=LINE('',#10632,#10633);
#8313=VERTEX_POINT('',#10634);
#8314=LINE('',#10635,#10636);
#8315=VERTEX_POINT('',#10637);
#8316=LINE('',#10638,#10639);
#8317=LINE('',#10640,#10641);
#8318=LINE('',#10642,#10643);
#8319=VERTEX_POINT('',#10644);
#8320=VERTEX_POINT('',#10645);
#8321=LINE('',#10646,#10647);
#8322=VERTEX_POINT('',#10648);
#8323=LINE('',#10649,#10650);
#8324=VERTEX_POINT('',#10651);
#8325=LINE('',#10652,#10653);
#8326=VERTEX_POINT('',#10654);
#8327=LINE('',#10655,#10656);
#8328=LINE('',#10657,#10658);
#8329=LINE('',#10659,#10660);
#8330=VERTEX_POINT('',#10661);
#8331=LINE('',#10662,#10663);
#8332=LINE('',#10664,#10665);
#8333=VERTEX_POINT('',#10666);
#8334=LINE('',#10667,#10668);
#8335=LINE('',#10669,#10670);
#8336=VERTEX_POINT('',#10671);
#8337=LINE('',#10672,#10673);
#8338=LINE('',#10674,#10675);
#8339=VERTEX_POINT('',#10676);
#8340=LINE('',#10677,#10678);
#8341=LINE('',#10679,#10680);
#8342=VERTEX_POINT('',#10681);
#8343=LINE('',#10682,#10683);
#8344=LINE('',#10684,#10685);
#8345=LINE('',#10686,#10687);
#8346=VERTEX_POINT('',#10688);
#8347=LINE('',#10689,#10690);
#8348=VERTEX_POINT('',#10691);
#8349=LINE('',#10692,#10693);
#8350=VERTEX_POINT('',#10694);
#8351=LINE('',#10695,#10696);
#8352=VERTEX_POINT('',#10697);
#8353=LINE('',#10698,#10699);
#8354=VERTEX_POINT('',#10700);
#8355=LINE('',#10701,#10702);
#8356=LINE('',#10703,#10704);
#8357=LINE('',#10705,#10706);
#8358=LINE('',#10707,#10708);
#8359=LINE('',#10709,#10710);
#8360=LINE('',#10711,#10712);
#8361=LINE('',#10713,#10714);
#8362=VERTEX_POINT('',#10715);
#8363=LINE('',#10716,#10717);
#8364=VERTEX_POINT('',#10718);
#8365=LINE('',#10719,#10720);
#8366=VERTEX_POINT('',#10721);
#8367=LINE('',#10722,#10723);
#8368=VERTEX_POINT('',#10724);
#8369=LINE('',#10725,#10726);
#8370=VERTEX_POINT('',#10727);
#8371=LINE('',#10728,#10729);
#8372=LINE('',#10730,#10731);
#8373=VERTEX_POINT('',#10732);
#8374=VERTEX_POINT('',#10733);
#8375=LINE('',#10734,#10735);
#8376=VERTEX_POINT('',#10736);
#8377=LINE('',#10737,#10738);
#8378=VERTEX_POINT('',#10739);
#8379=LINE('',#10740,#10741);
#8380=VERTEX_POINT('',#10742);
#8381=LINE('',#10743,#10744);
#8382=LINE('',#10745,#10746);
#8383=LINE('',#10747,#10748);
#8384=VERTEX_POINT('',#10749);
#8385=LINE('',#10750,#10751);
#8386=LINE('',#10752,#10753);
#8387=VERTEX_POINT('',#10754);
#8388=LINE('',#10755,#10756);
#8389=VERTEX_POINT('',#10757);
#8390=LINE('',#10758,#10759);
#8391=VERTEX_POINT('',#10760);
#8392=LINE('',#10761,#10762);
#8393=VERTEX_POINT('',#10763);
#8394=LINE('',#10764,#10765);
#8395=LINE('',#10766,#10767);
#8396=VERTEX_POINT('',#10768);
#8397=LINE('',#10769,#10770);
#8398=VERTEX_POINT('',#10771);
#8399=LINE('',#10772,#10773);
#8400=VERTEX_POINT('',#10774);
#8401=LINE('',#10775,#10776);
#8402=VERTEX_POINT('',#10777);
#8403=LINE('',#10778,#10779);
#8404=VERTEX_POINT('',#10780);
#8405=LINE('',#10781,#10782);
#8406=LINE('',#10783,#10784);
#8407=LINE('',#10785,#10786);
#8408=LINE('',#10787,#10788);
#8409=LINE('',#10789,#10790);
#8410=LINE('',#10791,#10792);
#8411=LINE('',#10793,#10794);
#8412=LINE('',#10795,#10796);
#8413=LINE('',#10797,#10798);
#8414=LINE('',#10799,#10800);
#8415=LINE('',#10801,#10802);
#8416=LINE('',#10803,#10804);
#8417=VERTEX_POINT('',#10805);
#8418=LINE('',#10806,#10807);
#8419=VERTEX_POINT('',#10808);
#8420=LINE('',#10809,#10810);
#8421=LINE('',#10811,#10812);
#8422=VERTEX_POINT('',#10813);
#8423=LINE('',#10814,#10815);
#8424=VERTEX_POINT('',#10816);
#8425=LINE('',#10817,#10818);
#8426=LINE('',#10819,#10820);
#8427=VERTEX_POINT('',#10821);
#8428=LINE('',#10822,#10823);
#8429=LINE('',#10824,#10825);
#8430=VERTEX_POINT('',#10826);
#8431=LINE('',#10827,#10828);
#8432=LINE('',#10829,#10830);
#8433=LINE('',#10831,#10832);
#8434=VERTEX_POINT('',#10833);
#8435=LINE('',#10834,#10835);
#8436=VERTEX_POINT('',#10836);
#8437=LINE('',#10837,#10838);
#8438=LINE('',#10839,#10840);
#8439=LINE('',#10841,#10842);
#8440=LINE('',#10843,#10844);
#8441=LINE('',#10845,#10846);
#8442=LINE('',#10847,#10848);
#8443=LINE('',#10849,#10850);
#8444=VERTEX_POINT('',#10851);
#8445=LINE('',#10852,#10853);
#8446=LINE('',#10854,#10855);
#8447=LINE('',#10856,#10857);
#8448=LINE('',#10858,#10859);
#8449=VERTEX_POINT('',#10860);
#8450=VERTEX_POINT('',#10861);
#8451=LINE('',#10862,#10863);
#8452=LINE('',#10864,#10865);
#8453=VERTEX_POINT('',#10866);
#8454=LINE('',#10867,#10868);
#8455=LINE('',#10869,#10870);
#8456=LINE('',#10871,#10872);
#8457=LINE('',#10873,#10874);
#8458=VERTEX_POINT('',#10875);
#8459=LINE('',#10876,#10877);
#8460=LINE('',#10878,#10879);
#8461=VERTEX_POINT('',#10880);
#8462=LINE('',#10881,#10882);
#8463=LINE('',#10883,#10884);
#8464=LINE('',#10885,#10886);
#8465=VERTEX_POINT('',#10887);
#8466=LINE('',#10888,#10889);
#8467=LINE('',#10890,#10891);
#8468=VERTEX_POINT('',#10892);
#8469=LINE('',#10893,#10894);
#8470=LINE('',#10895,#10896);
#8471=VERTEX_POINT('',#10897);
#8472=LINE('',#10898,#10899);
#8473=LINE('',#10900,#10901);
#8474=VERTEX_POINT('',#10902);
#8475=LINE('',#10903,#10904);
#8476=LINE('',#10905,#10906);
#8477=VERTEX_POINT('',#10907);
#8478=LINE('',#10908,#10909);
#8479=LINE('',#10910,#10911);
#8480=VERTEX_POINT('',#10912);
#8481=LINE('',#10913,#10914);
#8482=LINE('',#10915,#10916);
#8483=VERTEX_POINT('',#10917);
#8484=LINE('',#10918,#10919);
#8485=LINE('',#10920,#10921);
#8486=VERTEX_POINT('',#10922);
#8487=LINE('',#10923,#10924);
#8488=VERTEX_POINT('',#10925);
#8489=LINE('',#10926,#10927);
#8490=VERTEX_POINT('',#10928);
#8491=CIRCLE('',#10929,0.32);
#8492=VERTEX_POINT('',#10930);
#8493=LINE('',#10931,#10932);
#8494=LINE('',#10933,#10934);
#8495=VERTEX_POINT('',#10935);
#8496=LINE('',#10936,#10937);
#8497=LINE('',#10938,#10939);
#8498=VERTEX_POINT('',#10940);
#8499=LINE('',#10941,#10942);
#8500=LINE('',#10943,#10944);
#8501=VERTEX_POINT('',#10945);
#8502=LINE('',#10946,#10947);
#8503=LINE('',#10948,#10949);
#8504=VERTEX_POINT('',#10950);
#8505=VERTEX_POINT('',#10951);
#8506=LINE('',#10952,#10953);
#8507=VERTEX_POINT('',#10954);
#8508=LINE('',#10955,#10956);
#8509=VERTEX_POINT('',#10957);
#8510=CIRCLE('',#10958,0.32);
#8511=VERTEX_POINT('',#10959);
#8512=LINE('',#10960,#10961);
#8513=VERTEX_POINT('',#10962);
#8514=LINE('',#10963,#10964);
#8515=LINE('',#10965,#10966);
#8516=VERTEX_POINT('',#10967);
#8517=VERTEX_POINT('',#10968);
#8518=LINE('',#10969,#10970);
#8519=VERTEX_POINT('',#10971);
#8520=LINE('',#10972,#10973);
#8521=VERTEX_POINT('',#10974);
#8522=LINE('',#10975,#10976);
#8523=LINE('',#10977,#10978);
#8524=VERTEX_POINT('',#10979);
#8525=VERTEX_POINT('',#10980);
#8526=LINE('',#10981,#10982);
#8527=VERTEX_POINT('',#10983);
#8528=LINE('',#10984,#10985);
#8529=VERTEX_POINT('',#10986);
#8530=LINE('',#10987,#10988);
#8531=LINE('',#10989,#10990);
#8532=LINE('',#10991,#10992);
#8533=LINE('',#10993,#10994);
#8534=LINE('',#10995,#10996);
#8535=LINE('',#10997,#10998);
#8536=LINE('',#10999,#11000);
#8537=LINE('',#11001,#11002);
#8538=LINE('',#11003,#11004);
#8539=VERTEX_POINT('',#11005);
#8540=LINE('',#11006,#11007);
#8541=LINE('',#11008,#11009);
#8542=LINE('',#11010,#11011);
#8543=LINE('',#11012,#11013);
#8544=VERTEX_POINT('',#11014);
#8545=LINE('',#11015,#11016);
#8546=VERTEX_POINT('',#11017);
#8547=LINE('',#11018,#11019);
#8548=LINE('',#11020,#11021);
#8549=LINE('',#11022,#11023);
#8550=LINE('',#11024,#11025);
#8551=LINE('',#11026,#11027);
#8552=LINE('',#11028,#11029);
#8553=LINE('',#11030,#11031);
#8554=LINE('',#11032,#11033);
#8555=LINE('',#11034,#11035);
#8556=LINE('',#11036,#11037);
#8557=LINE('',#11038,#11039);
#8558=LINE('',#11040,#11041);
#8559=LINE('',#11042,#11043);
#8560=LINE('',#11044,#11045);
#8561=VERTEX_POINT('',#11046);
#8562=LINE('',#11047,#11048);
#8563=LINE('',#11049,#11050);
#8564=LINE('',#11051,#11052);
#8565=VERTEX_POINT('',#11053);
#8566=LINE('',#11054,#11055);
#8567=VERTEX_POINT('',#11056);
#8568=LINE('',#11057,#11058);
#8569=VERTEX_POINT('',#11059);
#8570=LINE('',#11060,#11061);
#8571=VERTEX_POINT('',#11062);
#8572=LINE('',#11063,#11064);
#8573=LINE('',#11065,#11066);
#8574=VERTEX_POINT('',#11067);
#8575=LINE('',#11068,#11069);
#8576=VERTEX_POINT('',#11070);
#8577=LINE('',#11071,#11072);
#8578=VERTEX_POINT('',#11073);
#8579=LINE('',#11074,#11075);
#8580=VERTEX_POINT('',#11076);
#8581=LINE('',#11077,#11078);
#8582=LINE('',#11079,#11080);
#8583=VERTEX_POINT('',#11081);
#8584=LINE('',#11082,#11083);
#8585=VERTEX_POINT('',#11084);
#8586=LINE('',#11085,#11086);
#8587=VERTEX_POINT('',#11087);
#8588=LINE('',#11088,#11089);
#8589=VERTEX_POINT('',#11090);
#8590=LINE('',#11091,#11092);
#8591=LINE('',#11093,#11094);
#8592=LINE('',#11095,#11096);
#8593=LINE('',#11097,#11098);
#8594=LINE('',#11099,#11100);
#8595=LINE('',#11101,#11102);
#8596=LINE('',#11103,#11104);
#8597=LINE('',#11105,#11106);
#8598=LINE('',#11107,#11108);
#8599=LINE('',#11109,#11110);
#8600=LINE('',#11111,#11112);
#8601=VERTEX_POINT('',#11113);
#8602=VERTEX_POINT('',#11114);
#8603=LINE('',#11115,#11116);
#8604=VERTEX_POINT('',#11117);
#8605=LINE('',#11118,#11119);
#8606=VERTEX_POINT('',#11120);
#8607=LINE('',#11121,#11122);
#8608=VERTEX_POINT('',#11123);
#8609=LINE('',#11124,#11125);
#8610=LINE('',#11126,#11127);
#8611=LINE('',#11128,#11129);
#8612=VERTEX_POINT('',#11130);
#8613=VERTEX_POINT('',#11131);
#8614=LINE('',#11132,#11133);
#8615=VERTEX_POINT('',#11134);
#8616=LINE('',#11135,#11136);
#8617=VERTEX_POINT('',#11137);
#8618=LINE('',#11138,#11139);
#8619=LINE('',#11140,#11141);
#8620=LINE('',#11142,#11143);
#8621=VERTEX_POINT('',#11144);
#8622=VERTEX_POINT('',#11145);
#8623=LINE('',#11146,#11147);
#8624=VERTEX_POINT('',#11148);
#8625=LINE('',#11149,#11150);
#8626=VERTEX_POINT('',#11151);
#8627=LINE('',#11152,#11153);
#8628=VERTEX_POINT('',#11154);
#8629=LINE('',#11155,#11156);
#8630=LINE('',#11157,#11158);
#8631=VERTEX_POINT('',#11159);
#8632=VERTEX_POINT('',#11160);
#8633=LINE('',#11161,#11162);
#8634=VERTEX_POINT('',#11163);
#8635=LINE('',#11164,#11165);
#8636=VERTEX_POINT('',#11166);
#8637=LINE('',#11167,#11168);
#8638=LINE('',#11169,#11170);
#8639=VERTEX_POINT('',#11171);
#8640=VERTEX_POINT('',#11172);
#8641=LINE('',#11173,#11174);
#8642=VERTEX_POINT('',#11175);
#8643=LINE('',#11176,#11177);
#8644=VERTEX_POINT('',#11178);
#8645=LINE('',#11179,#11180);
#8646=VERTEX_POINT('',#11181);
#8647=LINE('',#11182,#11183);
#8648=LINE('',#11184,#11185);
#8649=VERTEX_POINT('',#11186);
#8650=VERTEX_POINT('',#11187);
#8651=LINE('',#11188,#11189);
#8652=VERTEX_POINT('',#11190);
#8653=LINE('',#11191,#11192);
#8654=VERTEX_POINT('',#11193);
#8655=LINE('',#11194,#11195);
#8656=LINE('',#11196,#11197);
#8657=VERTEX_POINT('',#11198);
#8658=VERTEX_POINT('',#11199);
#8659=LINE('',#11200,#11201);
#8660=VERTEX_POINT('',#11202);
#8661=LINE('',#11203,#11204);
#8662=VERTEX_POINT('',#11205);
#8663=LINE('',#11206,#11207);
#8664=VERTEX_POINT('',#11208);
#8665=LINE('',#11209,#11210);
#8666=LINE('',#11211,#11212);
#8667=VERTEX_POINT('',#11213);
#8668=VERTEX_POINT('',#11214);
#8669=LINE('',#11215,#11216);
#8670=VERTEX_POINT('',#11217);
#8671=LINE('',#11218,#11219);
#8672=VERTEX_POINT('',#11220);
#8673=LINE('',#11221,#11222);
#8674=LINE('',#11223,#11224);
#8675=VERTEX_POINT('',#11225);
#8676=VERTEX_POINT('',#11226);
#8677=LINE('',#11227,#11228);
#8678=VERTEX_POINT('',#11229);
#8679=LINE('',#11230,#11231);
#8680=VERTEX_POINT('',#11232);
#8681=LINE('',#11233,#11234);
#8682=VERTEX_POINT('',#11235);
#8683=LINE('',#11236,#11237);
#8684=LINE('',#11238,#11239);
#8685=VERTEX_POINT('',#11240);
#8686=VERTEX_POINT('',#11241);
#8687=LINE('',#11242,#11243);
#8688=VERTEX_POINT('',#11244);
#8689=LINE('',#11245,#11246);
#8690=VERTEX_POINT('',#11247);
#8691=LINE('',#11248,#11249);
#8692=LINE('',#11250,#11251);
#8693=VERTEX_POINT('',#11252);
#8694=VERTEX_POINT('',#11253);
#8695=LINE('',#11254,#11255);
#8696=VERTEX_POINT('',#11256);
#8697=LINE('',#11257,#11258);
#8698=VERTEX_POINT('',#11259);
#8699=LINE('',#11260,#11261);
#8700=VERTEX_POINT('',#11262);
#8701=LINE('',#11263,#11264);
#8702=LINE('',#11265,#11266);
#8703=VERTEX_POINT('',#11267);
#8704=VERTEX_POINT('',#11268);
#8705=LINE('',#11269,#11270);
#8706=VERTEX_POINT('',#11271);
#8707=LINE('',#11272,#11273);
#8708=VERTEX_POINT('',#11274);
#8709=LINE('',#11275,#11276);
#8710=LINE('',#11277,#11278);
#8711=VERTEX_POINT('',#11279);
#8712=VERTEX_POINT('',#11280);
#8713=LINE('',#11281,#11282);
#8714=VERTEX_POINT('',#11283);
#8715=LINE('',#11284,#11285);
#8716=VERTEX_POINT('',#11286);
#8717=LINE('',#11287,#11288);
#8718=VERTEX_POINT('',#11289);
#8719=LINE('',#11290,#11291);
#8720=LINE('',#11292,#11293);
#8721=VERTEX_POINT('',#11294);
#8722=VERTEX_POINT('',#11295);
#8723=LINE('',#11296,#11297);
#8724=VERTEX_POINT('',#11298);
#8725=LINE('',#11299,#11300);
#8726=VERTEX_POINT('',#11301);
#8727=LINE('',#11302,#11303);
#8728=LINE('',#11304,#11305);
#8729=VERTEX_POINT('',#11306);
#8730=VERTEX_POINT('',#11307);
#8731=LINE('',#11308,#11309);
#8732=VERTEX_POINT('',#11310);
#8733=LINE('',#11311,#11312);
#8734=VERTEX_POINT('',#11313);
#8735=LINE('',#11314,#11315);
#8736=VERTEX_POINT('',#11316);
#8737=LINE('',#11317,#11318);
#8738=LINE('',#11319,#11320);
#8739=LINE('',#11321,#11322);
#8740=VERTEX_POINT('',#11323);
#8741=VERTEX_POINT('',#11324);
#8742=LINE('',#11325,#11326);
#8743=VERTEX_POINT('',#11327);
#8744=LINE('',#11328,#11329);
#8745=VERTEX_POINT('',#11330);
#8746=LINE('',#11331,#11332);
#8747=VERTEX_POINT('',#11333);
#8748=LINE('',#11334,#11335);
#8749=LINE('',#11336,#11337);
#8750=LINE('',#11338,#11339);
#8751=VERTEX_POINT('',#11340);
#8752=LINE('',#11341,#11342);
#8753=VERTEX_POINT('',#11343);
#8754=LINE('',#11344,#11345);
#8755=LINE('',#11346,#11347);
#8756=VERTEX_POINT('',#11348);
#8757=LINE('',#11349,#11350);
#8758=VERTEX_POINT('',#11351);
#8759=LINE('',#11352,#11353);
#8760=VERTEX_POINT('',#11354);
#8761=LINE('',#11355,#11356);
#8762=LINE('',#11357,#11358);
#8763=VERTEX_POINT('',#11359);
#8764=VERTEX_POINT('',#11360);
#8765=LINE('',#11361,#11362);
#8766=VERTEX_POINT('',#11363);
#8767=LINE('',#11364,#11365);
#8768=VERTEX_POINT('',#11366);
#8769=LINE('',#11367,#11368);
#8770=LINE('',#11369,#11370);
#8771=VERTEX_POINT('',#11371);
#8772=VERTEX_POINT('',#11372);
#8773=LINE('',#11373,#11374);
#8774=VERTEX_POINT('',#11375);
#8775=LINE('',#11376,#11377);
#8776=VERTEX_POINT('',#11378);
#8777=LINE('',#11379,#11380);
#8778=VERTEX_POINT('',#11381);
#8779=LINE('',#11382,#11383);
#8780=LINE('',#11384,#11385);
#8781=VERTEX_POINT('',#11386);
#8782=VERTEX_POINT('',#11387);
#8783=LINE('',#11388,#11389);
#8784=VERTEX_POINT('',#11390);
#8785=LINE('',#11391,#11392);
#8786=VERTEX_POINT('',#11393);
#8787=LINE('',#11394,#11395);
#8788=VERTEX_POINT('',#11396);
#8789=LINE('',#11397,#11398);
#8790=LINE('',#11399,#11400);
#8791=VERTEX_POINT('',#11401);
#8792=VERTEX_POINT('',#11402);
#8793=LINE('',#11403,#11404);
#8794=VERTEX_POINT('',#11405);
#8795=LINE('',#11406,#11407);
#8796=VERTEX_POINT('',#11408);
#8797=LINE('',#11409,#11410);
#8798=VERTEX_POINT('',#11411);
#8799=LINE('',#11412,#11413);
#8800=LINE('',#11414,#11415);
#8801=VERTEX_POINT('',#11416);
#8802=VERTEX_POINT('',#11417);
#8803=LINE('',#11418,#11419);
#8804=VERTEX_POINT('',#11420);
#8805=LINE('',#11421,#11422);
#8806=VERTEX_POINT('',#11423);
#8807=LINE('',#11424,#11425);
#8808=VERTEX_POINT('',#11426);
#8809=LINE('',#11427,#11428);
#8810=LINE('',#11429,#11430);
#8811=VERTEX_POINT('',#11431);
#8812=VERTEX_POINT('',#11432);
#8813=LINE('',#11433,#11434);
#8814=VERTEX_POINT('',#11435);
#8815=LINE('',#11436,#11437);
#8816=VERTEX_POINT('',#11438);
#8817=LINE('',#11439,#11440);
#8818=VERTEX_POINT('',#11441);
#8819=LINE('',#11442,#11443);
#8820=LINE('',#11444,#11445);
#8821=VERTEX_POINT('',#11446);
#8822=VERTEX_POINT('',#11447);
#8823=LINE('',#11448,#11449);
#8824=VERTEX_POINT('',#11450);
#8825=LINE('',#11451,#11452);
#8826=VERTEX_POINT('',#11453);
#8827=LINE('',#11454,#11455);
#8828=VERTEX_POINT('',#11456);
#8829=LINE('',#11457,#11458);
#8830=LINE('',#11459,#11460);
#8831=VERTEX_POINT('',#11461);
#8832=VERTEX_POINT('',#11462);
#8833=LINE('',#11463,#11464);
#8834=VERTEX_POINT('',#11465);
#8835=LINE('',#11466,#11467);
#8836=VERTEX_POINT('',#11468);
#8837=LINE('',#11469,#11470);
#8838=VERTEX_POINT('',#11471);
#8839=LINE('',#11472,#11473);
#8840=LINE('',#11474,#11475);
#8841=VERTEX_POINT('',#11476);
#8842=VERTEX_POINT('',#11477);
#8843=LINE('',#11478,#11479);
#8844=VERTEX_POINT('',#11480);
#8845=LINE('',#11481,#11482);
#8846=VERTEX_POINT('',#11483);
#8847=LINE('',#11484,#11485);
#8848=VERTEX_POINT('',#11486);
#8849=LINE('',#11487,#11488);
#8850=LINE('',#11489,#11490);
#8851=LINE('',#11491,#11492);
#8852=LINE('',#11493,#11494);
#8853=LINE('',#11495,#11496);
#8854=LINE('',#11497,#11498);
#8855=LINE('',#11499,#11500);
#8856=LINE('',#11501,#11502);
#8857=LINE('',#11503,#11504);
#8858=LINE('',#11505,#11506);
#8859=LINE('',#11507,#11508);
#8860=LINE('',#11509,#11510);
#8861=LINE('',#11511,#11512);
#8862=LINE('',#11513,#11514);
#8863=LINE('',#11515,#11516);
#8864=LINE('',#11517,#11518);
#8865=LINE('',#11519,#11520);
#8866=LINE('',#11521,#11522);
#8867=LINE('',#11523,#11524);
#8868=LINE('',#11525,#11526);
#8869=LINE('',#11527,#11528);
#8870=LINE('',#11529,#11530);
#8871=LINE('',#11531,#11532);
#8872=LINE('',#11533,#11534);
#8873=LINE('',#11535,#11536);
#8874=LINE('',#11537,#11538);
#8875=LINE('',#11539,#11540);
#8876=LINE('',#11541,#11542);
#8877=LINE('',#11543,#11544);
#8878=LINE('',#11545,#11546);
#8879=LINE('',#11547,#11548);
#8880=LINE('',#11549,#11550);
#8881=LINE('',#11551,#11552);
#8882=LINE('',#11553,#11554);
#8883=LINE('',#11555,#11556);
#8884=LINE('',#11557,#11558);
#8885=LINE('',#11559,#11560);
#8886=LINE('',#11561,#11562);
#8887=LINE('',#11563,#11564);
#8888=LINE('',#11565,#11566);
#8889=LINE('',#11567,#11568);
#8890=LINE('',#11569,#11570);
#8891=LINE('',#11571,#11572);
#8892=LINE('',#11573,#11574);
#8893=LINE('',#11575,#11576);
#8894=LINE('',#11577,#11578);
#8895=LINE('',#11579,#11580);
#8896=LINE('',#11581,#11582);
#8897=LINE('',#11583,#11584);
#8898=LINE('',#11585,#11586);
#8899=VERTEX_POINT('',#11587);
#8900=LINE('',#11588,#11589);
#8901=VERTEX_POINT('',#11590);
#8902=LINE('',#11591,#11592);
#8903=LINE('',#11593,#11594);
#8904=VERTEX_POINT('',#11595);
#8905=LINE('',#11596,#11597);
#8906=VERTEX_POINT('',#11598);
#8907=LINE('',#11599,#11600);
#8908=LINE('',#11601,#11602);
#8909=LINE('',#11603,#11604);
#8910=LINE('',#11605,#11606);
#8911=LINE('',#11607,#11608);
#8912=VERTEX_POINT('',#11609);
#8913=LINE('',#11610,#11611);
#8914=VERTEX_POINT('',#11612);
#8915=LINE('',#11613,#11614);
#8916=LINE('',#11615,#11616);
#8917=VERTEX_POINT('',#11617);
#8918=LINE('',#11618,#11619);
#8919=LINE('',#11620,#11621);
#8920=VERTEX_POINT('',#11622);
#8921=LINE('',#11623,#11624);
#8922=LINE('',#11625,#11626);
#8923=LINE('',#11627,#11628);
#8924=VERTEX_POINT('',#11629);
#8925=LINE('',#11630,#11631);
#8926=VERTEX_POINT('',#11632);
#8927=LINE('',#11633,#11634);
#8928=VERTEX_POINT('',#11635);
#8929=CIRCLE('',#11636,0.32);
#8930=VERTEX_POINT('',#11637);
#8931=LINE('',#11638,#11639);
#8932=LINE('',#11640,#11641);
#8933=VERTEX_POINT('',#11642);
#8934=LINE('',#11643,#11644);
#8935=LINE('',#11645,#11646);
#8936=VERTEX_POINT('',#11647);
#8937=LINE('',#11648,#11649);
#8938=VERTEX_POINT('',#11650);
#8939=LINE('',#11651,#11652);
#8940=LINE('',#11653,#11654);
#8941=VERTEX_POINT('',#11655);
#8942=LINE('',#11656,#11657);
#8943=LINE('',#11658,#11659);
#8944=VERTEX_POINT('',#11660);
#8945=LINE('',#11661,#11662);
#8946=VERTEX_POINT('',#11663);
#8947=LINE('',#11664,#11665);
#8948=VERTEX_POINT('',#11666);
#8949=CIRCLE('',#11667,0.32);
#8950=VERTEX_POINT('',#11668);
#8951=LINE('',#11669,#11670);
#8952=LINE('',#11671,#11672);
#8953=VERTEX_POINT('',#11673);
#8954=LINE('',#11674,#11675);
#8955=VERTEX_POINT('',#11676);
#8956=LINE('',#11677,#11678);
#8957=LINE('',#11679,#11680);
#8958=VERTEX_POINT('',#11681);
#8959=LINE('',#11682,#11683);
#8960=VERTEX_POINT('',#11684);
#8961=LINE('',#11685,#11686);
#8962=LINE('',#11687,#11688);
#8963=VERTEX_POINT('',#11689);
#8964=LINE('',#11690,#11691);
#8965=LINE('',#11692,#11693);
#8966=LINE('',#11694,#11695);
#8967=LINE('',#11696,#11697);
#8968=VERTEX_POINT('',#11698);
#8969=LINE('',#11699,#11700);
#8970=LINE('',#11701,#11702);
#8971=LINE('',#11703,#11704);
#8972=VERTEX_POINT('',#11705);
#8973=LINE('',#11706,#11707);
#8974=VERTEX_POINT('',#11708);
#8975=LINE('',#11709,#11710);
#8976=LINE('',#11711,#11712);
#8977=VERTEX_POINT('',#11713);
#8978=VERTEX_POINT('',#11714);
#8979=LINE('',#11715,#11716);
#8980=LINE('',#11717,#11718);
#8981=LINE('',#11719,#11720);
#8982=LINE('',#11721,#11722);
#8983=VERTEX_POINT('',#11723);
#8984=LINE('',#11724,#11725);
#8985=LINE('',#11726,#11727);
#8986=VERTEX_POINT('',#11728);
#8987=LINE('',#11729,#11730);
#8988=LINE('',#11731,#11732);
#8989=VERTEX_POINT('',#11733);
#8990=LINE('',#11734,#11735);
#8991=LINE('',#11736,#11737);
#8992=LINE('',#11738,#11739);
#8993=VERTEX_POINT('',#11740);
#8994=LINE('',#11741,#11742);
#8995=LINE('',#11743,#11744);
#8996=VERTEX_POINT('',#11745);
#8997=LINE('',#11746,#11747);
#8998=LINE('',#11748,#11749);
#8999=VERTEX_POINT('',#11750);
#9000=LINE('',#11751,#11752);
#9001=LINE('',#11753,#11754);
#9002=LINE('',#11755,#11756);
#9003=LINE('',#11757,#11758);
#9004=LINE('',#11759,#11760);
#9005=LINE('',#11761,#11762);
#9006=VERTEX_POINT('',#11763);
#9007=LINE('',#11764,#11765);
#9008=LINE('',#11766,#11767);
#9009=VERTEX_POINT('',#11768);
#9010=LINE('',#11769,#11770);
#9011=VERTEX_POINT('',#11771);
#9012=CIRCLE('',#11772,0.32);
#9013=VERTEX_POINT('',#11773);
#9014=LINE('',#11774,#11775);
#9015=LINE('',#11776,#11777);
#9016=VERTEX_POINT('',#11778);
#9017=LINE('',#11779,#11780);
#9018=LINE('',#11781,#11782);
#9019=VERTEX_POINT('',#11783);
#9020=LINE('',#11784,#11785);
#9021=VERTEX_POINT('',#11786);
#9022=LINE('',#11787,#11788);
#9023=VERTEX_POINT('',#11789);
#9024=CIRCLE('',#11790,0.32);
#9025=VERTEX_POINT('',#11791);
#9026=LINE('',#11792,#11793);
#9027=LINE('',#11794,#11795);
#9028=VERTEX_POINT('',#11796);
#9029=LINE('',#11797,#11798);
#9030=LINE('',#11799,#11800);
#9031=VERTEX_POINT('',#11801);
#9032=LINE('',#11802,#11803);
#9033=VERTEX_POINT('',#11804);
#9034=LINE('',#11805,#11806);
#9035=LINE('',#11807,#11808);
#9036=LINE('',#11809,#11810);
#9037=LINE('',#11811,#11812);
#9038=LINE('',#11813,#11814);
#9039=LINE('',#11815,#11816);
#9040=LINE('',#11817,#11818);
#9041=LINE('',#11819,#11820);
#9042=LINE('',#11821,#11822);
#9043=LINE('',#11823,#11824);
#9044=LINE('',#11825,#11826);
#9045=LINE('',#11827,#11828);
#9046=LINE('',#11829,#11830);
#9047=LINE('',#11831,#11832);
#9048=VERTEX_POINT('',#11833);
#9049=LINE('',#11834,#11835);
#9050=VERTEX_POINT('',#11836);
#9051=LINE('',#11837,#11838);
#9052=VERTEX_POINT('',#11839);
#9053=CIRCLE('',#11840,0.32);
#9054=VERTEX_POINT('',#11841);
#9055=LINE('',#11842,#11843);
#9056=LINE('',#11844,#11845);
#9057=VERTEX_POINT('',#11846);
#9058=LINE('',#11847,#11848);
#9059=LINE('',#11849,#11850);
#9060=VERTEX_POINT('',#11851);
#9061=LINE('',#11852,#11853);
#9062=VERTEX_POINT('',#11854);
#9063=LINE('',#11855,#11856);
#9064=LINE('',#11857,#11858);
#9065=VERTEX_POINT('',#11859);
#9066=LINE('',#11860,#11861);
#9067=LINE('',#11862,#11863);
#9068=VERTEX_POINT('',#11864);
#9069=LINE('',#11865,#11866);
#9070=VERTEX_POINT('',#11867);
#9071=LINE('',#11868,#11869);
#9072=VERTEX_POINT('',#11870);
#9073=CIRCLE('',#11871,0.32);
#9074=VERTEX_POINT('',#11872);
#9075=LINE('',#11873,#11874);
#9076=LINE('',#11875,#11876);
#9077=VERTEX_POINT('',#11877);
#9078=LINE('',#11878,#11879);
#9079=VERTEX_POINT('',#11880);
#9080=LINE('',#11881,#11882);
#9081=LINE('',#11883,#11884);
#9082=VERTEX_POINT('',#11885);
#9083=LINE('',#11886,#11887);
#9084=VERTEX_POINT('',#11888);
#9085=LINE('',#11889,#11890);
#9086=LINE('',#11891,#11892);
#9087=VERTEX_POINT('',#11893);
#9088=LINE('',#11894,#11895);
#9089=LINE('',#11896,#11897);
#9090=LINE('',#11898,#11899);
#9091=LINE('',#11900,#11901);
#9092=VERTEX_POINT('',#11902);
#9093=LINE('',#11903,#11904);
#9094=LINE('',#11905,#11906);
#9095=LINE('',#11907,#11908);
#9096=VERTEX_POINT('',#11909);
#9097=LINE('',#11910,#11911);
#9098=VERTEX_POINT('',#11912);
#9099=LINE('',#11913,#11914);
#9100=LINE('',#11915,#11916);
#9101=VERTEX_POINT('',#11917);
#9102=VERTEX_POINT('',#11918);
#9103=LINE('',#11919,#11920);
#9104=LINE('',#11921,#11922);
#9105=LINE('',#11923,#11924);
#9106=LINE('',#11925,#11926);
#9107=VERTEX_POINT('',#11927);
#9108=LINE('',#11928,#11929);
#9109=LINE('',#11930,#11931);
#9110=VERTEX_POINT('',#11932);
#9111=LINE('',#11933,#11934);
#9112=LINE('',#11935,#11936);
#9113=VERTEX_POINT('',#11937);
#9114=LINE('',#11938,#11939);
#9115=LINE('',#11940,#11941);
#9116=LINE('',#11942,#11943);
#9117=VERTEX_POINT('',#11944);
#9118=LINE('',#11945,#11946);
#9119=LINE('',#11947,#11948);
#9120=VERTEX_POINT('',#11949);
#9121=LINE('',#11950,#11951);
#9122=LINE('',#11952,#11953);
#9123=VERTEX_POINT('',#11954);
#9124=LINE('',#11955,#11956);
#9125=LINE('',#11957,#11958);
#9126=LINE('',#11959,#11960);
#9127=LINE('',#11961,#11962);
#9128=LINE('',#11963,#11964);
#9129=LINE('',#11965,#11966);
#9130=VERTEX_POINT('',#11967);
#9131=LINE('',#11968,#11969);
#9132=LINE('',#11970,#11971);
#9133=VERTEX_POINT('',#11972);
#9134=LINE('',#11973,#11974);
#9135=VERTEX_POINT('',#11975);
#9136=CIRCLE('',#11976,0.32);
#9137=VERTEX_POINT('',#11977);
#9138=LINE('',#11978,#11979);
#9139=LINE('',#11980,#11981);
#9140=VERTEX_POINT('',#11982);
#9141=LINE('',#11983,#11984);
#9142=LINE('',#11985,#11986);
#9143=VERTEX_POINT('',#11987);
#9144=LINE('',#11988,#11989);
#9145=VERTEX_POINT('',#11990);
#9146=LINE('',#11991,#11992);
#9147=VERTEX_POINT('',#11993);
#9148=CIRCLE('',#11994,0.32);
#9149=VERTEX_POINT('',#11995);
#9150=LINE('',#11996,#11997);
#9151=LINE('',#11998,#11999);
#9152=VERTEX_POINT('',#12000);
#9153=LINE('',#12001,#12002);
#9154=LINE('',#12003,#12004);
#9155=VERTEX_POINT('',#12005);
#9156=LINE('',#12006,#12007);
#9157=VERTEX_POINT('',#12008);
#9158=LINE('',#12009,#12010);
#9159=LINE('',#12011,#12012);
#9160=LINE('',#12013,#12014);
#9161=LINE('',#12015,#12016);
#9162=LINE('',#12017,#12018);
#9163=LINE('',#12019,#12020);
#9164=LINE('',#12021,#12022);
#9165=LINE('',#12023,#12024);
#9166=LINE('',#12025,#12026);
#9167=LINE('',#12027,#12028);
#9168=LINE('',#12029,#12030);
#9169=LINE('',#12031,#12032);
#9170=LINE('',#12033,#12034);
#9171=LINE('',#12035,#12036);
#9172=VERTEX_POINT('',#12037);
#9173=LINE('',#12038,#12039);
#9174=VERTEX_POINT('',#12040);
#9175=LINE('',#12041,#12042);
#9176=VERTEX_POINT('',#12043);
#9177=CIRCLE('',#12044,0.32);
#9178=VERTEX_POINT('',#12045);
#9179=LINE('',#12046,#12047);
#9180=LINE('',#12048,#12049);
#9181=VERTEX_POINT('',#12050);
#9182=LINE('',#12051,#12052);
#9183=LINE('',#12053,#12054);
#9184=VERTEX_POINT('',#12055);
#9185=LINE('',#12056,#12057);
#9186=VERTEX_POINT('',#12058);
#9187=LINE('',#12059,#12060);
#9188=LINE('',#12061,#12062);
#9189=VERTEX_POINT('',#12063);
#9190=LINE('',#12064,#12065);
#9191=LINE('',#12066,#12067);
#9192=VERTEX_POINT('',#12068);
#9193=LINE('',#12069,#12070);
#9194=VERTEX_POINT('',#12071);
#9195=LINE('',#12072,#12073);
#9196=VERTEX_POINT('',#12074);
#9197=CIRCLE('',#12075,0.32);
#9198=VERTEX_POINT('',#12076);
#9199=LINE('',#12077,#12078);
#9200=LINE('',#12079,#12080);
#9201=VERTEX_POINT('',#12081);
#9202=LINE('',#12082,#12083);
#9203=VERTEX_POINT('',#12084);
#9204=LINE('',#12085,#12086);
#9205=LINE('',#12087,#12088);
#9206=VERTEX_POINT('',#12089);
#9207=LINE('',#12090,#12091);
#9208=VERTEX_POINT('',#12092);
#9209=LINE('',#12093,#12094);
#9210=LINE('',#12095,#12096);
#9211=VERTEX_POINT('',#12097);
#9212=LINE('',#12098,#12099);
#9213=LINE('',#12100,#12101);
#9214=LINE('',#12102,#12103);
#9215=LINE('',#12104,#12105);
#9216=VERTEX_POINT('',#12106);
#9217=LINE('',#12107,#12108);
#9218=LINE('',#12109,#12110);
#9219=LINE('',#12111,#12112);
#9220=VERTEX_POINT('',#12113);
#9221=LINE('',#12114,#12115);
#9222=VERTEX_POINT('',#12116);
#9223=LINE('',#12117,#12118);
#9224=LINE('',#12119,#12120);
#9225=VERTEX_POINT('',#12121);
#9226=VERTEX_POINT('',#12122);
#9227=LINE('',#12123,#12124);
#9228=LINE('',#12125,#12126);
#9229=LINE('',#12127,#12128);
#9230=LINE('',#12129,#12130);
#9231=VERTEX_POINT('',#12131);
#9232=LINE('',#12132,#12133);
#9233=LINE('',#12134,#12135);
#9234=VERTEX_POINT('',#12136);
#9235=LINE('',#12137,#12138);
#9236=LINE('',#12139,#12140);
#9237=VERTEX_POINT('',#12141);
#9238=LINE('',#12142,#12143);
#9239=LINE('',#12144,#12145);
#9240=LINE('',#12146,#12147);
#9241=VERTEX_POINT('',#12148);
#9242=LINE('',#12149,#12150);
#9243=LINE('',#12151,#12152);
#9244=VERTEX_POINT('',#12153);
#9245=LINE('',#12154,#12155);
#9246=LINE('',#12156,#12157);
#9247=VERTEX_POINT('',#12158);
#9248=LINE('',#12159,#12160);
#9249=LINE('',#12161,#12162);
#9250=LINE('',#12163,#12164);
#9251=LINE('',#12165,#12166);
#9252=LINE('',#12167,#12168);
#9253=LINE('',#12169,#12170);
#9254=VERTEX_POINT('',#12171);
#9255=LINE('',#12172,#12173);
#9256=LINE('',#12174,#12175);
#9257=VERTEX_POINT('',#12176);
#9258=LINE('',#12177,#12178);
#9259=VERTEX_POINT('',#12179);
#9260=CIRCLE('',#12180,0.32);
#9261=VERTEX_POINT('',#12181);
#9262=LINE('',#12182,#12183);
#9263=LINE('',#12184,#12185);
#9264=VERTEX_POINT('',#12186);
#9265=LINE('',#12187,#12188);
#9266=LINE('',#12189,#12190);
#9267=VERTEX_POINT('',#12191);
#9268=LINE('',#12192,#12193);
#9269=VERTEX_POINT('',#12194);
#9270=LINE('',#12195,#12196);
#9271=VERTEX_POINT('',#12197);
#9272=CIRCLE('',#12198,0.32);
#9273=VERTEX_POINT('',#12199);
#9274=LINE('',#12200,#12201);
#9275=LINE('',#12202,#12203);
#9276=VERTEX_POINT('',#12204);
#9277=LINE('',#12205,#12206);
#9278=LINE('',#12207,#12208);
#9279=VERTEX_POINT('',#12209);
#9280=LINE('',#12210,#12211);
#9281=VERTEX_POINT('',#12212);
#9282=LINE('',#12213,#12214);
#9283=LINE('',#12215,#12216);
#9284=LINE('',#12217,#12218);
#9285=LINE('',#12219,#12220);
#9286=LINE('',#12221,#12222);
#9287=LINE('',#12223,#12224);
#9288=LINE('',#12225,#12226);
#9289=LINE('',#12227,#12228);
#9290=LINE('',#12229,#12230);
#9291=LINE('',#12231,#12232);
#9292=LINE('',#12233,#12234);
#9293=LINE('',#12235,#12236);
#9294=LINE('',#12237,#12238);
#9295=LINE('',#12239,#12240);
#9296=LINE('',#12241,#12242);
#9297=LINE('',#12243,#12244);
#9298=LINE('',#12245,#12246);
#9299=LINE('',#12247,#12248);
#9300=LINE('',#12249,#12250);
#9301=VERTEX_POINT('',#12251);
#9302=LINE('',#12252,#12253);
#9303=LINE('',#12254,#12255);
#9304=LINE('',#12256,#12257);
#9305=LINE('',#12258,#12259);
#9306=VERTEX_POINT('',#12260);
#9307=LINE('',#12261,#12262);
#9308=LINE('',#12263,#12264);
#9309=LINE('',#12265,#12266);
#9310=LINE('',#12267,#12268);
#9311=LINE('',#12269,#12270);
#9312=LINE('',#12271,#12272);
#9313=LINE('',#12273,#12274);
#9314=LINE('',#12275,#12276);
#9315=LINE('',#12277,#12278);
#9316=LINE('',#12279,#12280);
#9317=LINE('',#12281,#12282);
#9318=LINE('',#12283,#12284);
#9319=LINE('',#12285,#12286);
#9320=LINE('',#12287,#12288);
#9321=CARTESIAN_POINT('',(-9.325,-1.1,-0.185));
#9322=CARTESIAN_POINT('',(-9.325,-0.575,-0.185));
#9323=CARTESIAN_POINT('',(-9.325,-1.1,-0.185));
#9324=VECTOR('',#12289,0.525);
#9325=CARTESIAN_POINT('',(-9.325,-0.575,-2.685));
#9326=CARTESIAN_POINT('',(-9.325,-0.575,-0.185));
#9327=VECTOR('',#12290,2.5);
#9328=CARTESIAN_POINT('',(-9.325,0.575,-2.685));
#9329=CARTESIAN_POINT('',(-9.325,-0.575,-2.685));
#9330=VECTOR('',#12291,1.15);
#9331=CARTESIAN_POINT('',(-9.325,0.575,-0.185));
#9332=CARTESIAN_POINT('',(-9.325,0.575,-2.685));
#9333=VECTOR('',#12292,2.5);
#9334=CARTESIAN_POINT('',(-9.325,1.1,-0.185));
#9335=CARTESIAN_POINT('',(-9.325,0.575,-0.185));
#9336=VECTOR('',#12293,0.525);
#9337=CARTESIAN_POINT('',(-9.325,1.1,3.315));
#9338=CARTESIAN_POINT('',(-9.325,1.1,3.315));
#9339=VECTOR('',#12294,3.5);
#9340=CARTESIAN_POINT('',(-9.325,2.68,3.315));
#9341=CARTESIAN_POINT('',(-9.325,1.1,3.315));
#9342=VECTOR('',#12295,1.58);
#9343=CARTESIAN_POINT('',(-9.325,3.43,3.315));
#9344=CARTESIAN_POINT('',(-9.325,3.43,3.315));
#9345=VECTOR('',#12296,0.75);
#9346=CARTESIAN_POINT('',(-9.325,3.43,-3.355));
#9347=CARTESIAN_POINT('',(-9.325,3.43,-3.355));
#9348=VECTOR('',#12297,6.67);
#9349=CARTESIAN_POINT('',(-9.325,-2.93,-3.355));
#9350=CARTESIAN_POINT('',(-9.325,-2.93,-3.355));
#9351=VECTOR('',#12298,6.36);
#9352=CARTESIAN_POINT('',(-9.325,-2.93,3.315));
#9353=CARTESIAN_POINT('',(-9.325,-2.93,3.315));
#9354=VECTOR('',#12299,6.67);
#9355=CARTESIAN_POINT('',(-9.325,-2.41,3.315));
#9356=CARTESIAN_POINT('',(-9.325,-2.41,3.315));
#9357=VECTOR('',#12300,0.52);
#9358=CARTESIAN_POINT('',(-9.325,-1.1,3.315));
#9359=CARTESIAN_POINT('',(-9.325,-2.41,3.315));
#9360=VECTOR('',#12301,1.31);
#9361=CARTESIAN_POINT('',(-9.325,-1.1,3.315));
#9362=VECTOR('',#12302,3.5);
#9363=CARTESIAN_POINT('',(-7.925,-1.1,3.315));
#9364=CARTESIAN_POINT('',(-7.925,-1.1,3.315));
#9365=VECTOR('',#12303,1.4);
#9366=CARTESIAN_POINT('',(-7.925,-1.1,-0.185));
#9367=CARTESIAN_POINT('',(-7.925,-1.1,3.315));
#9368=VECTOR('',#12304,3.5);
#9369=CARTESIAN_POINT('',(-9.325,-1.1,-0.185));
#9370=VECTOR('',#12305,1.4);
#9371=CARTESIAN_POINT('',(-7.925,-0.575,-0.185));
#9372=CARTESIAN_POINT('',(-7.925,-1.1,-0.185));
#9373=VECTOR('',#12306,0.525);
#9374=CARTESIAN_POINT('',(-9.325,-0.575,-0.185));
#9375=VECTOR('',#12307,1.4);
#9376=CARTESIAN_POINT('',(-7.925,-0.575,-2.935));
#9377=CARTESIAN_POINT('',(-7.925,-0.575,-0.185));
#9378=VECTOR('',#12308,2.75);
#9379=CARTESIAN_POINT('',(-8.325,-0.575,-2.935));
#9380=CARTESIAN_POINT('',(-8.325,-0.575,-2.935));
#9381=VECTOR('',#12309,0.4);
#9382=CARTESIAN_POINT('',(-8.325,-0.575,-2.685));
#9383=CARTESIAN_POINT('',(-8.325,-0.575,-2.685));
#9384=VECTOR('',#12310,0.25);
#9385=CARTESIAN_POINT('',(-9.325,-0.575,-2.685));
#9386=VECTOR('',#12311,1.0);
#9387=CARTESIAN_POINT('',(-8.325,0.575,-2.685));
#9388=CARTESIAN_POINT('',(-9.325,0.575,-2.685));
#9389=VECTOR('',#12312,1.0);
#9390=CARTESIAN_POINT('',(-8.325,-0.4,-2.685));
#9391=CARTESIAN_POINT('',(-8.325,-0.575,-2.685));
#9392=VECTOR('',#12313,0.175);
#9393=CARTESIAN_POINT('',(-8.625,-0.4,-2.685));
#9394=CARTESIAN_POINT('',(-8.625,-0.4,-2.685));
#9395=VECTOR('',#12314,0.3);
#9396=CARTESIAN_POINT('',(-8.625,0.4,-2.685));
#9397=CARTESIAN_POINT('',(-8.625,0.4,-2.685));
#9398=VECTOR('',#12315,0.8);
#9399=CARTESIAN_POINT('',(-8.325,0.4,-2.685));
#9400=CARTESIAN_POINT('',(-8.325,0.4,-2.685));
#9401=VECTOR('',#12316,0.3);
#9402=CARTESIAN_POINT('',(-8.325,0.575,-2.685));
#9403=VECTOR('',#12317,0.175);
#9404=CARTESIAN_POINT('',(-8.325,0.4,-2.935));
#9405=CARTESIAN_POINT('',(-8.325,0.4,-2.685));
#9406=VECTOR('',#12318,0.25);
#9407=CARTESIAN_POINT('',(-8.325,0.575,-2.935));
#9408=CARTESIAN_POINT('',(-8.325,0.575,-2.935));
#9409=VECTOR('',#12319,0.175);
#9410=CARTESIAN_POINT('',(-8.325,0.575,-2.685));
#9411=VECTOR('',#12320,0.25);
#9412=CARTESIAN_POINT('',(-7.925,0.575,-0.185));
#9413=CARTESIAN_POINT('',(-9.325,0.575,-0.185));
#9414=VECTOR('',#12321,1.4);
#9415=CARTESIAN_POINT('',(-7.925,0.575,-2.935));
#9416=CARTESIAN_POINT('',(-7.925,0.575,-2.935));
#9417=VECTOR('',#12322,0.4);
#9418=CARTESIAN_POINT('',(-7.925,0.575,-0.185));
#9419=VECTOR('',#12323,2.75);
#9420=CARTESIAN_POINT('',(-7.925,-2.41,3.315));
#9421=CARTESIAN_POINT('',(-7.925,-1.1,3.315));
#9422=VECTOR('',#12324,1.31);
#9423=CARTESIAN_POINT('',(-7.925,-2.41,4.955));
#9424=CARTESIAN_POINT('',(-7.925,-2.41,4.955));
#9425=VECTOR('',#12325,1.64);
#9426=CARTESIAN_POINT('',(-7.925,2.68,4.955));
#9427=CARTESIAN_POINT('',(-7.925,-2.41,4.955));
#9428=VECTOR('',#12326,5.09);
#9429=CARTESIAN_POINT('',(-7.925,2.68,3.315));
#9430=CARTESIAN_POINT('',(-7.925,2.68,4.955));
#9431=VECTOR('',#12327,1.64);
#9432=CARTESIAN_POINT('',(-7.925,1.1,3.315));
#9433=CARTESIAN_POINT('',(-7.925,2.68,3.315));
#9434=VECTOR('',#12328,1.58);
#9435=CARTESIAN_POINT('',(-7.925,1.1,-0.185));
#9436=CARTESIAN_POINT('',(-7.925,1.1,-0.185));
#9437=VECTOR('',#12329,3.5);
#9438=CARTESIAN_POINT('',(-7.925,0.575,-0.185));
#9439=VECTOR('',#12330,0.525);
#9440=CARTESIAN_POINT('',(-7.925,-0.575,-2.935));
#9441=VECTOR('',#12331,1.15);
#9442=CARTESIAN_POINT('',(7.925,0.575,-2.935));
#9443=CARTESIAN_POINT('',(7.925,-0.575,-2.935));
#9444=CARTESIAN_POINT('',(7.925,0.575,-2.935));
#9445=VECTOR('',#12332,1.15);
#9446=CARTESIAN_POINT('',(8.325,-0.575,-2.935));
#9447=CARTESIAN_POINT('',(7.925,-0.575,-2.935));
#9448=VECTOR('',#12333,0.4);
#9449=CARTESIAN_POINT('',(8.325,-0.4,-2.935));
#9450=CARTESIAN_POINT('',(8.325,-0.575,-2.935));
#9451=VECTOR('',#12334,0.175);
#9452=CARTESIAN_POINT('',(8.625,-0.4,-2.935));
#9453=CARTESIAN_POINT('',(8.325,-0.4,-2.935));
#9454=VECTOR('',#12335,0.3);
#9455=CARTESIAN_POINT('',(8.625,0.4,-2.935));
#9456=CARTESIAN_POINT('',(8.625,-0.4,-2.935));
#9457=VECTOR('',#12336,0.8);
#9458=CARTESIAN_POINT('',(8.325,0.4,-2.935));
#9459=CARTESIAN_POINT('',(8.625,0.4,-2.935));
#9460=VECTOR('',#12337,0.3);
#9461=CARTESIAN_POINT('',(8.325,0.575,-2.935));
#9462=CARTESIAN_POINT('',(8.325,0.4,-2.935));
#9463=VECTOR('',#12338,0.175);
#9464=CARTESIAN_POINT('',(8.325,0.575,-2.935));
#9465=VECTOR('',#12339,0.4);
#9466=CARTESIAN_POINT('',(-8.625,0.4,-2.935));
#9467=CARTESIAN_POINT('',(-8.325,0.4,-2.935));
#9468=VECTOR('',#12340,0.3);
#9469=CARTESIAN_POINT('',(-8.625,-0.4,-2.935));
#9470=CARTESIAN_POINT('',(-8.625,0.4,-2.935));
#9471=VECTOR('',#12341,0.8);
#9472=CARTESIAN_POINT('',(-8.325,-0.4,-2.935));
#9473=CARTESIAN_POINT('',(-8.625,-0.4,-2.935));
#9474=VECTOR('',#12342,0.3);
#9475=CARTESIAN_POINT('',(-8.325,-0.4,-2.935));
#9476=VECTOR('',#12343,0.175);
#9477=CARTESIAN_POINT('',(9.325,0.575,-2.685));
#9478=CARTESIAN_POINT('',(9.325,0.575,-0.185));
#9479=CARTESIAN_POINT('',(9.325,0.575,-2.685));
#9480=VECTOR('',#12344,2.5);
#9481=CARTESIAN_POINT('',(7.925,0.575,-0.185));
#9482=CARTESIAN_POINT('',(9.325,0.575,-0.185));
#9483=VECTOR('',#12345,1.4);
#9484=CARTESIAN_POINT('',(7.925,0.575,-0.185));
#9485=VECTOR('',#12346,2.75);
#9486=CARTESIAN_POINT('',(8.325,0.575,-2.685));
#9487=CARTESIAN_POINT('',(8.325,0.575,-2.685));
#9488=VECTOR('',#12347,0.25);
#9489=CARTESIAN_POINT('',(9.325,0.575,-2.685));
#9490=VECTOR('',#12348,1.0);
#9491=CARTESIAN_POINT('',(9.325,-0.575,-2.685));
#9492=CARTESIAN_POINT('',(8.325,-0.575,-2.685));
#9493=CARTESIAN_POINT('',(9.325,-0.575,-2.685));
#9494=VECTOR('',#12349,1.0);
#9495=CARTESIAN_POINT('',(9.325,-0.575,-2.685));
#9496=VECTOR('',#12350,1.15);
#9497=CARTESIAN_POINT('',(8.325,0.4,-2.685));
#9498=CARTESIAN_POINT('',(8.325,0.575,-2.685));
#9499=VECTOR('',#12351,0.175);
#9500=CARTESIAN_POINT('',(8.625,0.4,-2.685));
#9501=CARTESIAN_POINT('',(8.625,0.4,-2.685));
#9502=VECTOR('',#12352,0.3);
#9503=CARTESIAN_POINT('',(8.625,-0.4,-2.685));
#9504=CARTESIAN_POINT('',(8.625,-0.4,-2.685));
#9505=VECTOR('',#12353,0.8);
#9506=CARTESIAN_POINT('',(8.325,-0.4,-2.685));
#9507=CARTESIAN_POINT('',(8.325,-0.4,-2.685));
#9508=VECTOR('',#12354,0.3);
#9509=CARTESIAN_POINT('',(8.325,-0.575,-2.685));
#9510=VECTOR('',#12355,0.175);
#9511=CARTESIAN_POINT('',(8.325,-0.4,-2.685));
#9512=VECTOR('',#12356,0.25);
#9513=CARTESIAN_POINT('',(8.325,-0.575,-2.685));
#9514=VECTOR('',#12357,0.25);
#9515=CARTESIAN_POINT('',(9.325,-0.575,-0.185));
#9516=CARTESIAN_POINT('',(7.925,-0.575,-0.185));
#9517=CARTESIAN_POINT('',(9.325,-0.575,-0.185));
#9518=VECTOR('',#12358,1.4);
#9519=CARTESIAN_POINT('',(9.325,-0.575,-0.185));
#9520=VECTOR('',#12359,2.5);
#9521=CARTESIAN_POINT('',(7.925,-0.575,-0.185));
#9522=VECTOR('',#12360,2.75);
#9523=CARTESIAN_POINT('',(7.925,1.1,-0.185));
#9524=CARTESIAN_POINT('',(7.925,0.575,-0.185));
#9525=VECTOR('',#12361,0.525);
#9526=CARTESIAN_POINT('',(7.925,1.1,3.315));
#9527=CARTESIAN_POINT('',(7.925,1.1,-0.185));
#9528=VECTOR('',#12362,3.5);
#9529=CARTESIAN_POINT('',(7.925,2.68,3.315));
#9530=CARTESIAN_POINT('',(7.925,2.68,3.315));
#9531=VECTOR('',#12363,1.58);
#9532=CARTESIAN_POINT('',(7.925,2.68,4.955));
#9533=CARTESIAN_POINT('',(7.925,2.68,3.315));
#9534=VECTOR('',#12364,1.64);
#9535=CARTESIAN_POINT('',(7.925,-2.41,4.955));
#9536=CARTESIAN_POINT('',(7.925,-2.41,4.955));
#9537=VECTOR('',#12365,5.09);
#9538=CARTESIAN_POINT('',(7.925,-2.41,3.315));
#9539=CARTESIAN_POINT('',(7.925,-2.41,3.315));
#9540=VECTOR('',#12366,1.64);
#9541=CARTESIAN_POINT('',(7.925,-1.1,3.315));
#9542=CARTESIAN_POINT('',(7.925,-1.1,3.315));
#9543=VECTOR('',#12367,1.31);
#9544=CARTESIAN_POINT('',(7.925,-1.1,-0.185));
#9545=CARTESIAN_POINT('',(7.925,-1.1,3.315));
#9546=VECTOR('',#12368,3.5);
#9547=CARTESIAN_POINT('',(7.925,-1.1,-0.185));
#9548=VECTOR('',#12369,0.525);
#9549=CARTESIAN_POINT('',(9.325,-1.1,-0.185));
#9550=CARTESIAN_POINT('',(9.325,-1.1,-0.185));
#9551=VECTOR('',#12370,1.4);
#9552=CARTESIAN_POINT('',(9.325,-1.1,-0.185));
#9553=VECTOR('',#12371,0.525);
#9554=CARTESIAN_POINT('',(9.325,-2.41,3.315));
#9555=CARTESIAN_POINT('',(9.325,-1.1,3.315));
#9556=CARTESIAN_POINT('',(9.325,-2.41,3.315));
#9557=VECTOR('',#12372,1.31);
#9558=CARTESIAN_POINT('',(9.325,-2.93,3.315));
#9559=CARTESIAN_POINT('',(9.325,-2.41,3.315));
#9560=VECTOR('',#12373,0.52);
#9561=CARTESIAN_POINT('',(9.325,-2.93,-3.355));
#9562=CARTESIAN_POINT('',(9.325,-2.93,3.315));
#9563=VECTOR('',#12374,6.67);
#9564=CARTESIAN_POINT('',(9.325,3.43,-3.355));
#9565=CARTESIAN_POINT('',(9.325,-2.93,-3.355));
#9566=VECTOR('',#12375,6.36);
#9567=CARTESIAN_POINT('',(9.325,3.43,3.315));
#9568=CARTESIAN_POINT('',(9.325,3.43,-3.355));
#9569=VECTOR('',#12376,6.67);
#9570=CARTESIAN_POINT('',(9.325,2.68,3.315));
#9571=CARTESIAN_POINT('',(9.325,3.43,3.315));
#9572=VECTOR('',#12377,0.75);
#9573=CARTESIAN_POINT('',(9.325,1.1,3.315));
#9574=CARTESIAN_POINT('',(9.325,1.1,3.315));
#9575=VECTOR('',#12378,1.58);
#9576=CARTESIAN_POINT('',(9.325,1.1,-0.185));
#9577=CARTESIAN_POINT('',(9.325,1.1,3.315));
#9578=VECTOR('',#12379,3.5);
#9579=CARTESIAN_POINT('',(9.325,0.575,-0.185));
#9580=VECTOR('',#12380,0.525);
#9581=CARTESIAN_POINT('',(9.325,-1.1,3.315));
#9582=VECTOR('',#12381,3.5);
#9583=CARTESIAN_POINT('',(9.325,-1.1,3.315));
#9584=VECTOR('',#12382,1.4);
#9585=CARTESIAN_POINT('',(9.325,-2.41,3.315));
#9586=VECTOR('',#12383,1.4);
#9587=CARTESIAN_POINT('',(9.325,2.68,3.315));
#9588=VECTOR('',#12384,1.4);
#9589=CARTESIAN_POINT('',(9.325,1.1,3.315));
#9590=VECTOR('',#12385,1.4);
#9591=CARTESIAN_POINT('',(9.325,-2.41,3.315));
#9592=VECTOR('',#12386,2.156293115511);
#9593=CARTESIAN_POINT('',(-7.925,-2.41,3.315));
#9594=VECTOR('',#12387,1.4);
#9595=CARTESIAN_POINT('',(-7.925,-2.41,4.955));
#9596=VECTOR('',#12388,2.156293115511);
#9597=CARTESIAN_POINT('',(7.925,3.43,4.955));
#9598=CARTESIAN_POINT('',(9.325,3.43,3.315));
#9599=VECTOR('',#12389,2.156293115511);
#9600=CARTESIAN_POINT('',(7.925,3.43,4.955));
#9601=VECTOR('',#12390,0.75);
#9602=CARTESIAN_POINT('',(9.325,2.68,3.315));
#9603=VECTOR('',#12391,2.156293115511);
#9604=CARTESIAN_POINT('',(7.925,-3.43,4.955));
#9605=CARTESIAN_POINT('',(7.925,-2.41,4.955));
#9606=VECTOR('',#12392,1.02);
#9607=CARTESIAN_POINT('',(8.375,-3.43,4.427857142857));
#9608=CARTESIAN_POINT('',(8.375,-3.43,4.427857142857));
#9609=VECTOR('',#12393,0.6930942157);
#9610=CARTESIAN_POINT('',(9.325,-2.93,3.315));
#9611=VECTOR('',#12394,1.546270034764);
#9612=CARTESIAN_POINT('',(-7.925,2.68,3.315));
#9613=VECTOR('',#12395,1.4);
#9614=CARTESIAN_POINT('',(-7.925,2.68,4.955));
#9615=VECTOR('',#12396,2.156293115511);
#9616=CARTESIAN_POINT('',(-7.925,3.43,4.955));
#9617=CARTESIAN_POINT('',(-7.925,3.43,4.955));
#9618=VECTOR('',#12397,0.75);
#9619=CARTESIAN_POINT('',(-7.925,3.43,4.955));
#9620=VECTOR('',#12398,2.156293115511);
#9621=CARTESIAN_POINT('',(-8.375,-3.43,4.427857142857));
#9622=CARTESIAN_POINT('',(-9.325,-2.93,3.315));
#9623=VECTOR('',#12399,1.546270034764);
#9624=CARTESIAN_POINT('',(-7.925,-3.43,4.955));
#9625=CARTESIAN_POINT('',(-7.925,-3.43,4.955));
#9626=VECTOR('',#12400,0.6930942157);
#9627=CARTESIAN_POINT('',(-7.925,-2.41,4.955));
#9628=VECTOR('',#12401,1.02);
#9629=CARTESIAN_POINT('',(-7.925,3.43,-4.955));
#9630=CARTESIAN_POINT('',(-9.575,3.43,-4.955));
#9631=CARTESIAN_POINT('',(-7.925,3.43,-4.955));
#9632=VECTOR('',#12402,1.65);
#9633=CARTESIAN_POINT('',(-9.575,3.43,-3.355));
#9634=CARTESIAN_POINT('',(-9.575,3.43,-3.355));
#9635=VECTOR('',#12403,1.6);
#9636=CARTESIAN_POINT('',(-9.325,3.43,-3.355));
#9637=VECTOR('',#12404,0.25);
#9638=CARTESIAN_POINT('',(-7.925,3.43,4.955));
#9639=VECTOR('',#12405,15.85);
#9640=CARTESIAN_POINT('',(9.575,3.43,-3.355));
#9641=CARTESIAN_POINT('',(9.325,3.43,-3.355));
#9642=VECTOR('',#12406,0.25);
#9643=CARTESIAN_POINT('',(9.575,3.43,-4.955));
#9644=CARTESIAN_POINT('',(9.575,3.43,-4.955));
#9645=VECTOR('',#12407,1.6);
#9646=CARTESIAN_POINT('',(7.925,3.43,-4.955));
#9647=CARTESIAN_POINT('',(9.575,3.43,-4.955));
#9648=VECTOR('',#12408,1.65);
#9649=CARTESIAN_POINT('',(7.925,3.43,-3.205));
#9650=CARTESIAN_POINT('',(7.925,3.43,-4.955));
#9651=VECTOR('',#12409,1.75);
#9652=CARTESIAN_POINT('',(-7.925,3.43,-3.205));
#9653=CARTESIAN_POINT('',(-7.925,3.43,-3.205));
#9654=VECTOR('',#12410,15.85);
#9655=CARTESIAN_POINT('',(-7.925,3.43,-4.955));
#9656=VECTOR('',#12411,1.75);
#9657=CARTESIAN_POINT('',(-0.7,3.43,1.255));
#9658=CARTESIAN_POINT('',(0.7,3.43,1.255));
#9659=CARTESIAN_POINT('',(-0.7,3.43,1.255));
#9660=VECTOR('',#12412,1.4);
#9661=CARTESIAN_POINT('',(0.7,3.43,4.415));
#9662=CARTESIAN_POINT('',(0.7,3.43,4.415));
#9663=VECTOR('',#12413,3.16);
#9664=CARTESIAN_POINT('',(-0.7,3.43,4.415));
#9665=CARTESIAN_POINT('',(-0.7,3.43,4.415));
#9666=VECTOR('',#12414,1.4);
#9667=CARTESIAN_POINT('',(-0.7,3.43,4.415));
#9668=VECTOR('',#12415,3.16);
#9669=CARTESIAN_POINT('',(-0.7,4.83,2.755));
#9670=CARTESIAN_POINT('',(-0.7,4.83,2.755));
#9671=VECTOR('',#12416,2.171543230056);
#9672=CARTESIAN_POINT('',(-0.7,4.83,2.005));
#9673=CARTESIAN_POINT('',(-0.7,4.83,2.005));
#9674=VECTOR('',#12417,0.75);
#9675=CARTESIAN_POINT('',(-0.7,4.18,2.005));
#9676=CARTESIAN_POINT('',(-0.7,4.18,2.005));
#9677=VECTOR('',#12418,0.65);
#9678=AXIS2_PLACEMENT_3D('',#12419,#12420,#12421);
#9679=CARTESIAN_POINT('',(0.7,4.18,2.005));
#9680=CARTESIAN_POINT('',(-0.7,4.18,2.005));
#9681=VECTOR('',#12422,1.4);
#9682=AXIS2_PLACEMENT_3D('',#12423,#12424,#12425);
#9683=CARTESIAN_POINT('',(0.7,4.83,2.005));
#9684=CARTESIAN_POINT('',(0.7,4.18,2.005));
#9685=VECTOR('',#12426,0.65);
#9686=CARTESIAN_POINT('',(0.7,4.83,2.755));
#9687=CARTESIAN_POINT('',(0.7,4.83,2.005));
#9688=VECTOR('',#12427,0.75);
#9689=CARTESIAN_POINT('',(0.7,4.83,2.755));
#9690=VECTOR('',#12428,2.171543230056);
#9691=CARTESIAN_POINT('',(-0.7,4.83,2.755));
#9692=VECTOR('',#12429,1.4);
#9693=CARTESIAN_POINT('',(-0.7,4.83,2.005));
#9694=VECTOR('',#12430,1.4);
#9695=CARTESIAN_POINT('',(-7.925,3.175,-3.205));
#9696=CARTESIAN_POINT('',(-7.925,3.43,-3.205));
#9697=VECTOR('',#12431,0.255);
#9698=CARTESIAN_POINT('',(-7.925,3.175,-4.955));
#9699=CARTESIAN_POINT('',(-7.925,3.175,-4.955));
#9700=VECTOR('',#12432,1.75);
#9701=CARTESIAN_POINT('',(-7.925,3.175,-4.955));
#9702=VECTOR('',#12433,0.255);
#9703=CARTESIAN_POINT('',(-6.32,1.6,-4.955));
#9704=CARTESIAN_POINT('',(-9.575,1.6,-4.955));
#9705=CARTESIAN_POINT('',(-6.32,1.6,-4.955));
#9706=VECTOR('',#12434,3.255);
#9707=CARTESIAN_POINT('',(-9.575,3.43,-4.955));
#9708=VECTOR('',#12435,1.83);
#9709=CARTESIAN_POINT('',(-6.32,3.175,-4.955));
#9710=CARTESIAN_POINT('',(-7.925,3.175,-4.955));
#9711=VECTOR('',#12436,1.605);
#9712=CARTESIAN_POINT('',(-6.32,3.175,-4.955));
#9713=VECTOR('',#12437,1.575);
#9714=CARTESIAN_POINT('',(-3.32,1.6,-4.955));
#9715=CARTESIAN_POINT('',(-5.68,1.6,-4.955));
#9716=CARTESIAN_POINT('',(-3.32,1.6,-4.955));
#9717=VECTOR('',#12438,2.36);
#9718=CARTESIAN_POINT('',(-5.68,3.175,-4.955));
#9719=CARTESIAN_POINT('',(-5.68,3.175,-4.955));
#9720=VECTOR('',#12439,1.575);
#9721=CARTESIAN_POINT('',(-3.32,3.175,-4.955));
#9722=CARTESIAN_POINT('',(-5.68,3.175,-4.955));
#9723=VECTOR('',#12440,2.36);
#9724=CARTESIAN_POINT('',(-3.32,3.175,-4.955));
#9725=VECTOR('',#12441,1.575);
#9726=CARTESIAN_POINT('',(-0.32,1.6,-4.955));
#9727=CARTESIAN_POINT('',(-2.68,1.6,-4.955));
#9728=CARTESIAN_POINT('',(-0.32,1.6,-4.955));
#9729=VECTOR('',#12442,2.36);
#9730=CARTESIAN_POINT('',(-2.68,3.175,-4.955));
#9731=CARTESIAN_POINT('',(-2.68,3.175,-4.955));
#9732=VECTOR('',#12443,1.575);
#9733=CARTESIAN_POINT('',(-0.32,3.175,-4.955));
#9734=CARTESIAN_POINT('',(-2.68,3.175,-4.955));
#9735=VECTOR('',#12444,2.36);
#9736=CARTESIAN_POINT('',(-0.32,3.175,-4.955));
#9737=VECTOR('',#12445,1.575);
#9738=CARTESIAN_POINT('',(2.68,1.6,-4.955));
#9739=CARTESIAN_POINT('',(0.32,1.6,-4.955));
#9740=CARTESIAN_POINT('',(2.68,1.6,-4.955));
#9741=VECTOR('',#12446,2.36);
#9742=CARTESIAN_POINT('',(0.32,3.175,-4.955));
#9743=CARTESIAN_POINT('',(0.32,3.175,-4.955));
#9744=VECTOR('',#12447,1.575);
#9745=CARTESIAN_POINT('',(2.68,3.175,-4.955));
#9746=CARTESIAN_POINT('',(0.32,3.175,-4.955));
#9747=VECTOR('',#12448,2.36);
#9748=CARTESIAN_POINT('',(2.68,3.175,-4.955));
#9749=VECTOR('',#12449,1.575);
#9750=CARTESIAN_POINT('',(6.32,3.175,-4.955));
#9751=CARTESIAN_POINT('',(7.925,3.175,-4.955));
#9752=CARTESIAN_POINT('',(6.32,3.175,-4.955));
#9753=VECTOR('',#12450,1.605);
#9754=CARTESIAN_POINT('',(7.925,3.175,-4.955));
#9755=VECTOR('',#12451,0.255);
#9756=CARTESIAN_POINT('',(9.575,1.6,-4.955));
#9757=CARTESIAN_POINT('',(9.575,1.6,-4.955));
#9758=VECTOR('',#12452,1.83);
#9759=CARTESIAN_POINT('',(6.32,1.6,-4.955));
#9760=CARTESIAN_POINT('',(9.575,1.6,-4.955));
#9761=VECTOR('',#12453,3.255);
#9762=CARTESIAN_POINT('',(6.32,3.175,-4.955));
#9763=VECTOR('',#12454,1.575);
#9764=CARTESIAN_POINT('',(5.68,1.6,-4.955));
#9765=CARTESIAN_POINT('',(3.32,1.6,-4.955));
#9766=CARTESIAN_POINT('',(5.68,1.6,-4.955));
#9767=VECTOR('',#12455,2.36);
#9768=CARTESIAN_POINT('',(3.32,3.175,-4.955));
#9769=CARTESIAN_POINT('',(3.32,3.175,-4.955));
#9770=VECTOR('',#12456,1.575);
#9771=CARTESIAN_POINT('',(5.68,3.175,-4.955));
#9772=CARTESIAN_POINT('',(3.32,3.175,-4.955));
#9773=VECTOR('',#12457,2.36);
#9774=CARTESIAN_POINT('',(5.68,3.175,-4.955));
#9775=VECTOR('',#12458,1.575);
#9776=CARTESIAN_POINT('',(-6.32,-0.32,-3.955));
#9777=CARTESIAN_POINT('',(-6.32,-1.18,-3.955));
#9778=CARTESIAN_POINT('',(-6.32,-0.32,-3.955));
#9779=VECTOR('',#12459,0.86);
#9780=CARTESIAN_POINT('',(-6.32,-1.18,-4.285));
#9781=CARTESIAN_POINT('',(-6.32,-1.18,-3.955));
#9782=VECTOR('',#12460,0.33);
#9783=CARTESIAN_POINT('',(-6.32,-0.32,-4.285));
#9784=CARTESIAN_POINT('',(-6.32,-0.32,-4.285));
#9785=VECTOR('',#12461,0.86);
#9786=CARTESIAN_POINT('',(-6.32,-0.32,-4.285));
#9787=VECTOR('',#12462,0.33);
#9788=CARTESIAN_POINT('',(-6.32,1.18,-4.285));
#9789=CARTESIAN_POINT('',(-6.32,0.32,-4.285));
#9790=CARTESIAN_POINT('',(-6.32,1.18,-4.285));
#9791=VECTOR('',#12463,0.86);
#9792=CARTESIAN_POINT('',(-6.32,1.18,-3.955));
#9793=CARTESIAN_POINT('',(-6.32,1.18,-3.955));
#9794=VECTOR('',#12464,0.33);
#9795=CARTESIAN_POINT('',(-6.32,0.32,-3.955));
#9796=CARTESIAN_POINT('',(-6.32,1.18,-3.955));
#9797=VECTOR('',#12465,0.86);
#9798=CARTESIAN_POINT('',(-6.32,0.32,-4.285));
#9799=VECTOR('',#12466,0.33);
#9800=CARTESIAN_POINT('',(-6.32,-3.43,-4.713823812587));
#9801=CARTESIAN_POINT('',(-6.32,-3.43,-4.955));
#9802=CARTESIAN_POINT('',(-6.32,-3.43,-4.713823812587));
#9803=VECTOR('',#12467,0.241176187413);
#9804=CARTESIAN_POINT('',(-6.32,-2.78,-4.955));
#9805=CARTESIAN_POINT('',(-6.32,-3.43,-4.955));
#9806=VECTOR('',#12468,0.65);
#9807=CARTESIAN_POINT('',(-6.32,-2.78,-4.713823812587));
#9808=CARTESIAN_POINT('',(-6.32,-2.78,-4.713823812587));
#9809=VECTOR('',#12469,0.241176187413);
#9810=CARTESIAN_POINT('',(-6.32,-3.43,-4.713823812587));
#9811=VECTOR('',#12470,0.65);
#9812=CARTESIAN_POINT('',(-6.32,1.6,-4.713823812587));
#9813=CARTESIAN_POINT('',(-6.32,1.6,-4.955));
#9814=VECTOR('',#12471,0.241176187413);
#9815=CARTESIAN_POINT('',(-6.32,3.175,-4.713823812587));
#9816=CARTESIAN_POINT('',(-6.32,3.175,-4.713823812587));
#9817=VECTOR('',#12472,0.241176187413);
#9818=CARTESIAN_POINT('',(-6.32,3.175,-4.713823812587));
#9819=VECTOR('',#12473,1.575);
#9820=CARTESIAN_POINT('',(-5.68,-0.32,-3.955));
#9821=CARTESIAN_POINT('',(-6.32,-0.32,-3.955));
#9822=VECTOR('',#12474,0.64);
#9823=CARTESIAN_POINT('',(-6.32,-0.32,-4.955));
#9824=CARTESIAN_POINT('',(-6.32,-0.32,-4.285));
#9825=VECTOR('',#12475,0.67);
#9826=CARTESIAN_POINT('',(-5.68,-0.32,-4.955));
#9827=CARTESIAN_POINT('',(-5.68,-0.32,-4.955));
#9828=VECTOR('',#12476,0.64);
#9829=CARTESIAN_POINT('',(-5.68,-0.32,-4.285));
#9830=CARTESIAN_POINT('',(-5.68,-0.32,-4.285));
#9831=VECTOR('',#12477,0.67);
#9832=CARTESIAN_POINT('',(-5.68,-0.32,-3.955));
#9833=VECTOR('',#12478,0.33);
#9834=CARTESIAN_POINT('',(-5.68,-1.18,-4.285));
#9835=CARTESIAN_POINT('',(-5.68,-0.32,-4.285));
#9836=VECTOR('',#12479,0.86);
#9837=CARTESIAN_POINT('',(-5.68,-1.18,-3.955));
#9838=CARTESIAN_POINT('',(-5.68,-1.18,-3.955));
#9839=VECTOR('',#12480,0.33);
#9840=CARTESIAN_POINT('',(-5.68,-0.32,-3.955));
#9841=VECTOR('',#12481,0.86);
#9842=CARTESIAN_POINT('',(-5.68,1.18,-3.955));
#9843=CARTESIAN_POINT('',(-5.68,0.32,-3.955));
#9844=CARTESIAN_POINT('',(-5.68,1.18,-3.955));
#9845=VECTOR('',#12482,0.86);
#9846=CARTESIAN_POINT('',(-5.68,1.18,-4.285));
#9847=CARTESIAN_POINT('',(-5.68,1.18,-3.955));
#9848=VECTOR('',#12483,0.33);
#9849=CARTESIAN_POINT('',(-5.68,0.32,-4.285));
#9850=CARTESIAN_POINT('',(-5.68,1.18,-4.285));
#9851=VECTOR('',#12484,0.86);
#9852=CARTESIAN_POINT('',(-5.68,0.32,-3.955));
#9853=VECTOR('',#12485,0.33);
#9854=CARTESIAN_POINT('',(-5.68,-2.78,-4.713823812587));
#9855=CARTESIAN_POINT('',(-5.68,-2.78,-4.955));
#9856=CARTESIAN_POINT('',(-5.68,-2.78,-4.713823812587));
#9857=VECTOR('',#12486,0.241176187413);
#9858=CARTESIAN_POINT('',(-5.68,-3.43,-4.955));
#9859=CARTESIAN_POINT('',(-5.68,-3.43,-4.955));
#9860=VECTOR('',#12487,0.65);
#9861=CARTESIAN_POINT('',(-5.68,-3.43,-4.713823812587));
#9862=CARTESIAN_POINT('',(-5.68,-3.43,-4.713823812587));
#9863=VECTOR('',#12488,0.241176187413);
#9864=CARTESIAN_POINT('',(-5.68,-3.43,-4.713823812587));
#9865=VECTOR('',#12489,0.65);
#9866=CARTESIAN_POINT('',(-5.68,3.175,-4.713823812587));
#9867=CARTESIAN_POINT('',(-5.68,3.175,-4.713823812587));
#9868=VECTOR('',#12490,0.241176187413);
#9869=CARTESIAN_POINT('',(-5.68,1.6,-4.713823812587));
#9870=CARTESIAN_POINT('',(-5.68,1.6,-4.955));
#9871=VECTOR('',#12491,0.241176187413);
#9872=CARTESIAN_POINT('',(-5.68,3.175,-4.713823812587));
#9873=VECTOR('',#12492,1.575);
#9874=CARTESIAN_POINT('',(-6.32,-1.18,-3.955));
#9875=VECTOR('',#12493,0.64);
#9876=CARTESIAN_POINT('',(-6.32,1.18,-3.955));
#9877=VECTOR('',#12494,0.64);
#9878=CARTESIAN_POINT('',(-6.32,0.32,-3.955));
#9879=VECTOR('',#12495,0.64);
#9880=CARTESIAN_POINT('',(-5.68,-1.18,-4.713823812587));
#9881=CARTESIAN_POINT('',(-5.68,-1.18,-4.713823812587));
#9882=VECTOR('',#12496,0.428823812587);
#9883=CARTESIAN_POINT('',(-6.32,-1.18,-4.713823812587));
#9884=CARTESIAN_POINT('',(-5.68,-1.18,-4.713823812587));
#9885=VECTOR('',#12497,0.64);
#9886=CARTESIAN_POINT('',(-6.32,-1.18,-4.713823812587));
#9887=VECTOR('',#12498,0.428823812587);
#9888=CARTESIAN_POINT('',(-6.32,-1.18,-1.645));
#9889=CARTESIAN_POINT('',(-6.32,-1.18,2.555));
#9890=CARTESIAN_POINT('',(-6.32,-1.18,-1.645));
#9891=VECTOR('',#12499,4.2);
#9892=CARTESIAN_POINT('',(-5.68,-1.18,2.555));
#9893=CARTESIAN_POINT('',(-5.68,-1.18,2.555));
#9894=VECTOR('',#12500,0.64);
#9895=CARTESIAN_POINT('',(-5.68,-1.18,-1.645));
#9896=CARTESIAN_POINT('',(-5.68,-1.18,-1.645));
#9897=VECTOR('',#12501,4.2);
#9898=CARTESIAN_POINT('',(-6.32,-1.18,-1.645));
#9899=VECTOR('',#12502,0.64);
#9900=CARTESIAN_POINT('',(-6.32,-4.23,-5.005));
#9901=CARTESIAN_POINT('',(-6.32,-4.23,-5.005));
#9902=VECTOR('',#12503,0.8513422179807);
#9903=CARTESIAN_POINT('',(-6.32,-5.29,-5.005));
#9904=CARTESIAN_POINT('',(-6.32,-5.29,-5.005));
#9905=VECTOR('',#12504,1.06);
#9906=CARTESIAN_POINT('',(-6.32,-5.29,-4.365));
#9907=AXIS2_PLACEMENT_3D('',#12505,#12506,#12507);
#9908=CARTESIAN_POINT('',(-6.32,-4.23,-4.365));
#9909=CARTESIAN_POINT('',(-6.32,-4.23,-4.365));
#9910=VECTOR('',#12508,1.06);
#9911=CARTESIAN_POINT('',(-6.32,-3.43,-4.073823812587));
#9912=CARTESIAN_POINT('',(-6.32,-3.43,-4.073823812587));
#9913=VECTOR('',#12509,0.8513422179807);
#9914=CARTESIAN_POINT('',(-6.32,-3.43,-4.713823812587));
#9915=VECTOR('',#12510,0.64);
#9916=CARTESIAN_POINT('',(-6.32,-2.78,-4.285));
#9917=CARTESIAN_POINT('',(-6.32,-2.78,-4.285));
#9918=VECTOR('',#12511,1.6);
#9919=CARTESIAN_POINT('',(-6.32,-2.78,-4.713823812587));
#9920=VECTOR('',#12512,1.6);
#9921=CARTESIAN_POINT('',(-6.32,-2.78,-4.713823812587));
#9922=VECTOR('',#12513,0.428823812587);
#9923=CARTESIAN_POINT('',(-6.32,0.32,-4.955));
#9924=CARTESIAN_POINT('',(-6.32,0.32,-4.955));
#9925=VECTOR('',#12514,0.67);
#9926=CARTESIAN_POINT('',(-6.32,-0.32,-4.955));
#9927=VECTOR('',#12515,0.64);
#9928=CARTESIAN_POINT('',(-6.32,-0.32,-4.285));
#9929=VECTOR('',#12516,0.64);
#9930=CARTESIAN_POINT('',(-6.32,1.6,-4.285));
#9931=CARTESIAN_POINT('',(-6.32,1.6,-4.285));
#9932=VECTOR('',#12517,0.428823812587);
#9933=CARTESIAN_POINT('',(-6.32,1.18,-4.713823812587));
#9934=CARTESIAN_POINT('',(-6.32,1.18,-4.713823812587));
#9935=VECTOR('',#12518,0.42);
#9936=CARTESIAN_POINT('',(-6.32,1.18,-4.285));
#9937=VECTOR('',#12519,0.428823812587);
#9938=CARTESIAN_POINT('',(-6.32,1.18,-4.285));
#9939=VECTOR('',#12520,0.42);
#9940=CARTESIAN_POINT('',(-6.32,4.21,-4.365));
#9941=CARTESIAN_POINT('',(-6.32,3.175,-3.988290807535));
#9942=CARTESIAN_POINT('',(-6.32,4.21,-4.365));
#9943=VECTOR('',#12521,1.101423994513);
#9944=CARTESIAN_POINT('',(-6.32,5.27,-4.365));
#9945=CARTESIAN_POINT('',(-6.32,5.27,-4.365));
#9946=VECTOR('',#12522,1.06);
#9947=CARTESIAN_POINT('',(-6.32,5.27,-5.005));
#9948=AXIS2_PLACEMENT_3D('',#12523,#12524,#12525);
#9949=CARTESIAN_POINT('',(-6.32,3.975,-5.005));
#9950=CARTESIAN_POINT('',(-6.32,3.975,-5.005));
#9951=VECTOR('',#12526,1.295);
#9952=CARTESIAN_POINT('',(-6.32,3.175,-4.713823812587));
#9953=VECTOR('',#12527,0.8513422179807);
#9954=CARTESIAN_POINT('',(-6.32,3.175,-3.988290807535));
#9955=VECTOR('',#12528,0.7255330050525);
#9956=CARTESIAN_POINT('',(-6.32,-1.82,2.555));
#9957=CARTESIAN_POINT('',(-6.32,-1.82,-1.645));
#9958=CARTESIAN_POINT('',(-6.32,-1.82,2.555));
#9959=VECTOR('',#12529,4.2);
#9960=CARTESIAN_POINT('',(-6.32,-1.18,2.555));
#9961=VECTOR('',#12530,0.64);
#9962=CARTESIAN_POINT('',(-6.32,-1.82,-1.645));
#9963=VECTOR('',#12531,0.64);
#9964=CARTESIAN_POINT('',(-6.32,1.18,2.555));
#9965=CARTESIAN_POINT('',(-6.32,1.18,-1.645));
#9966=CARTESIAN_POINT('',(-6.32,1.18,2.555));
#9967=VECTOR('',#12532,4.2);
#9968=CARTESIAN_POINT('',(-6.32,1.82,2.555));
#9969=CARTESIAN_POINT('',(-6.32,1.82,2.555));
#9970=VECTOR('',#12533,0.64);
#9971=CARTESIAN_POINT('',(-6.32,1.82,-1.645));
#9972=CARTESIAN_POINT('',(-6.32,1.82,-1.645));
#9973=VECTOR('',#12534,4.2);
#9974=CARTESIAN_POINT('',(-6.32,1.18,-1.645));
#9975=VECTOR('',#12535,0.64);
#9976=CARTESIAN_POINT('',(-3.32,-3.43,-4.955));
#9977=CARTESIAN_POINT('',(-3.32,-3.43,-4.955));
#9978=VECTOR('',#12536,2.36);
#9979=CARTESIAN_POINT('',(-3.32,-3.43,-4.713823812587));
#9980=CARTESIAN_POINT('',(-3.32,-3.43,-4.713823812587));
#9981=VECTOR('',#12537,0.241176187413);
#9982=CARTESIAN_POINT('',(-3.32,-3.43,-4.073823812587));
#9983=CARTESIAN_POINT('',(-3.32,-3.43,-4.713823812587));
#9984=VECTOR('',#12538,0.64);
#9985=CARTESIAN_POINT('',(-2.68,-3.43,-4.073823812587));
#9986=CARTESIAN_POINT('',(-2.68,-3.43,-4.073823812587));
#9987=VECTOR('',#12539,0.64);
#9988=CARTESIAN_POINT('',(-2.68,-3.43,-4.713823812587));
#9989=CARTESIAN_POINT('',(-2.68,-3.43,-4.713823812587));
#9990=VECTOR('',#12540,0.64);
#9991=CARTESIAN_POINT('',(-2.68,-3.43,-4.955));
#9992=CARTESIAN_POINT('',(-2.68,-3.43,-4.713823812587));
#9993=VECTOR('',#12541,0.241176187413);
#9994=CARTESIAN_POINT('',(-0.32,-3.43,-4.955));
#9995=CARTESIAN_POINT('',(-0.32,-3.43,-4.955));
#9996=VECTOR('',#12542,2.36);
#9997=CARTESIAN_POINT('',(-0.32,-3.43,-4.713823812587));
#9998=CARTESIAN_POINT('',(-0.32,-3.43,-4.713823812587));
#9999=VECTOR('',#12543,0.241176187413);
#10000=CARTESIAN_POINT('',(-0.32,-3.43,-4.073823812587));
#10001=CARTESIAN_POINT('',(-0.32,-3.43,-4.713823812587));
#10002=VECTOR('',#12544,0.64);
#10003=CARTESIAN_POINT('',(0.32,-3.43,-4.073823812587));
#10004=CARTESIAN_POINT('',(0.32,-3.43,-4.073823812587));
#10005=VECTOR('',#12545,0.64);
#10006=CARTESIAN_POINT('',(0.32,-3.43,-4.713823812587));
#10007=CARTESIAN_POINT('',(0.32,-3.43,-4.713823812587));
#10008=VECTOR('',#12546,0.64);
#10009=CARTESIAN_POINT('',(0.32,-3.43,-4.955));
#10010=CARTESIAN_POINT('',(0.32,-3.43,-4.713823812587));
#10011=VECTOR('',#12547,0.241176187413);
#10012=CARTESIAN_POINT('',(2.68,-3.43,-4.955));
#10013=CARTESIAN_POINT('',(2.68,-3.43,-4.955));
#10014=VECTOR('',#12548,2.36);
#10015=CARTESIAN_POINT('',(2.68,-3.43,-4.713823812587));
#10016=CARTESIAN_POINT('',(2.68,-3.43,-4.713823812587));
#10017=VECTOR('',#12549,0.241176187413);
#10018=CARTESIAN_POINT('',(2.68,-3.43,-4.073823812587));
#10019=CARTESIAN_POINT('',(2.68,-3.43,-4.713823812587));
#10020=VECTOR('',#12550,0.64);
#10021=CARTESIAN_POINT('',(3.32,-3.43,-4.073823812587));
#10022=CARTESIAN_POINT('',(3.32,-3.43,-4.073823812587));
#10023=VECTOR('',#12551,0.64);
#10024=CARTESIAN_POINT('',(3.32,-3.43,-4.713823812587));
#10025=CARTESIAN_POINT('',(3.32,-3.43,-4.713823812587));
#10026=VECTOR('',#12552,0.64);
#10027=CARTESIAN_POINT('',(3.32,-3.43,-4.955));
#10028=CARTESIAN_POINT('',(3.32,-3.43,-4.713823812587));
#10029=VECTOR('',#12553,0.241176187413);
#10030=CARTESIAN_POINT('',(5.68,-3.43,-4.955));
#10031=CARTESIAN_POINT('',(5.68,-3.43,-4.955));
#10032=VECTOR('',#12554,2.36);
#10033=CARTESIAN_POINT('',(5.68,-3.43,-4.713823812587));
#10034=CARTESIAN_POINT('',(5.68,-3.43,-4.713823812587));
#10035=VECTOR('',#12555,0.241176187413);
#10036=CARTESIAN_POINT('',(5.68,-3.43,-4.073823812587));
#10037=CARTESIAN_POINT('',(5.68,-3.43,-4.713823812587));
#10038=VECTOR('',#12556,0.64);
#10039=CARTESIAN_POINT('',(6.32,-3.43,-4.073823812587));
#10040=CARTESIAN_POINT('',(6.32,-3.43,-4.073823812587));
#10041=VECTOR('',#12557,0.64);
#10042=CARTESIAN_POINT('',(6.32,-3.43,-4.713823812587));
#10043=CARTESIAN_POINT('',(6.32,-3.43,-4.713823812587));
#10044=VECTOR('',#12558,0.64);
#10045=CARTESIAN_POINT('',(6.32,-3.43,-4.955));
#10046=CARTESIAN_POINT('',(6.32,-3.43,-4.713823812587));
#10047=VECTOR('',#12559,0.241176187413);
#10048=CARTESIAN_POINT('',(8.375,-3.43,-4.955));
#10049=CARTESIAN_POINT('',(8.375,-3.43,-4.955));
#10050=VECTOR('',#12560,2.055);
#10051=CARTESIAN_POINT('',(8.375,-3.43,-3.355));
#10052=CARTESIAN_POINT('',(8.375,-3.43,-3.355));
#10053=VECTOR('',#12561,1.6);
#10054=CARTESIAN_POINT('',(8.375,-3.43,4.427857142857));
#10055=VECTOR('',#12562,7.782857142857);
#10056=CARTESIAN_POINT('',(-7.925,-3.43,4.955));
#10057=VECTOR('',#12563,15.85);
#10058=CARTESIAN_POINT('',(-8.375,-3.43,-3.355));
#10059=CARTESIAN_POINT('',(-8.375,-3.43,4.427857142857));
#10060=VECTOR('',#12564,7.782857142857);
#10061=CARTESIAN_POINT('',(-8.375,-3.43,-4.955));
#10062=CARTESIAN_POINT('',(-8.375,-3.43,-3.355));
#10063=VECTOR('',#12565,1.6);
#10064=CARTESIAN_POINT('',(-6.32,-3.43,-4.955));
#10065=VECTOR('',#12566,2.055);
#10066=CARTESIAN_POINT('',(-5.68,-3.43,-4.073823812587));
#10067=CARTESIAN_POINT('',(-5.68,-3.43,-4.073823812587));
#10068=VECTOR('',#12567,0.64);
#10069=CARTESIAN_POINT('',(-5.68,-3.43,-4.713823812587));
#10070=VECTOR('',#12568,0.64);
#10071=CARTESIAN_POINT('',(5.35,-3.43,-3.355));
#10072=CARTESIAN_POINT('',(5.35,-3.43,3.315));
#10073=CARTESIAN_POINT('',(5.35,-3.43,-3.355));
#10074=VECTOR('',#12569,6.67);
#10075=CARTESIAN_POINT('',(4.35,-3.43,-3.355));
#10076=CARTESIAN_POINT('',(4.35,-3.43,-3.355));
#10077=VECTOR('',#12570,1.0);
#10078=CARTESIAN_POINT('',(4.35,-3.43,3.315));
#10079=CARTESIAN_POINT('',(4.35,-3.43,-3.355));
#10080=VECTOR('',#12571,6.67);
#10081=CARTESIAN_POINT('',(4.35,-3.43,3.315));
#10082=VECTOR('',#12572,1.0);
#10083=CARTESIAN_POINT('',(-4.35,-3.43,-3.355));
#10084=CARTESIAN_POINT('',(-4.35,-3.43,3.315));
#10085=CARTESIAN_POINT('',(-4.35,-3.43,-3.355));
#10086=VECTOR('',#12573,6.67);
#10087=CARTESIAN_POINT('',(-5.35,-3.43,-3.355));
#10088=CARTESIAN_POINT('',(-5.35,-3.43,-3.355));
#10089=VECTOR('',#12574,1.0);
#10090=CARTESIAN_POINT('',(-5.35,-3.43,3.315));
#10091=CARTESIAN_POINT('',(-5.35,-3.43,-3.355));
#10092=VECTOR('',#12575,6.67);
#10093=CARTESIAN_POINT('',(-5.35,-3.43,3.315));
#10094=VECTOR('',#12576,1.0);
#10095=CARTESIAN_POINT('',(-5.35,-3.94,3.315));
#10096=CARTESIAN_POINT('',(-5.35,-3.43,3.315));
#10097=VECTOR('',#12577,0.51);
#10098=CARTESIAN_POINT('',(-4.35,-3.94,3.315));
#10099=CARTESIAN_POINT('',(-5.35,-3.94,3.315));
#10100=VECTOR('',#12578,1.0);
#10101=CARTESIAN_POINT('',(-4.35,-3.94,3.315));
#10102=VECTOR('',#12579,0.51);
#10103=CARTESIAN_POINT('',(4.35,-3.94,3.315));
#10104=CARTESIAN_POINT('',(4.35,-3.43,3.315));
#10105=VECTOR('',#12580,0.51);
#10106=CARTESIAN_POINT('',(5.35,-3.94,3.315));
#10107=CARTESIAN_POINT('',(4.35,-3.94,3.315));
#10108=VECTOR('',#12581,1.0);
#10109=CARTESIAN_POINT('',(5.35,-3.94,3.315));
#10110=VECTOR('',#12582,0.51);
#10111=CARTESIAN_POINT('',(-4.35,-3.94,-3.355));
#10112=CARTESIAN_POINT('',(-4.35,-3.94,3.315));
#10113=VECTOR('',#12583,6.67);
#10114=CARTESIAN_POINT('',(-4.35,-3.94,-3.355));
#10115=VECTOR('',#12584,0.51);
#10116=CARTESIAN_POINT('',(-5.35,-3.94,-3.355));
#10117=CARTESIAN_POINT('',(-5.35,-3.94,-3.355));
#10118=VECTOR('',#12585,1.0);
#10119=CARTESIAN_POINT('',(-5.35,-3.43,-3.355));
#10120=VECTOR('',#12586,0.51);
#10121=CARTESIAN_POINT('',(5.35,-3.94,-3.355));
#10122=CARTESIAN_POINT('',(5.35,-3.94,-3.355));
#10123=VECTOR('',#12587,0.51);
#10124=CARTESIAN_POINT('',(4.35,-3.94,-3.355));
#10125=CARTESIAN_POINT('',(4.35,-3.94,-3.355));
#10126=VECTOR('',#12588,1.0);
#10127=CARTESIAN_POINT('',(4.35,-3.43,-3.355));
#10128=VECTOR('',#12589,0.51);
#10129=CARTESIAN_POINT('',(-5.35,-3.94,3.315));
#10130=VECTOR('',#12590,6.67);
#10131=CARTESIAN_POINT('',(4.35,-3.94,3.315));
#10132=VECTOR('',#12591,6.67);
#10133=CARTESIAN_POINT('',(5.35,-3.94,3.315));
#10134=VECTOR('',#12592,6.67);
#10135=CARTESIAN_POINT('',(-5.68,-4.23,-4.365));
#10136=CARTESIAN_POINT('',(-5.68,-3.43,-4.073823812587));
#10137=VECTOR('',#12593,0.8513422179807);
#10138=CARTESIAN_POINT('',(-5.68,-5.29,-4.365));
#10139=CARTESIAN_POINT('',(-5.68,-4.23,-4.365));
#10140=VECTOR('',#12594,1.06);
#10141=CARTESIAN_POINT('',(-5.68,-5.29,-5.005));
#10142=AXIS2_PLACEMENT_3D('',#12595,#12596,#12597);
#10143=CARTESIAN_POINT('',(-5.68,-4.23,-5.005));
#10144=CARTESIAN_POINT('',(-5.68,-5.29,-5.005));
#10145=VECTOR('',#12598,1.06);
#10146=CARTESIAN_POINT('',(-5.68,-4.23,-5.005));
#10147=VECTOR('',#12599,0.8513422179807);
#10148=CARTESIAN_POINT('',(-5.68,-2.78,-4.713823812587));
#10149=VECTOR('',#12600,1.6);
#10150=CARTESIAN_POINT('',(-5.68,-2.78,-4.285));
#10151=CARTESIAN_POINT('',(-5.68,-2.78,-4.285));
#10152=VECTOR('',#12601,1.6);
#10153=CARTESIAN_POINT('',(-5.68,-2.78,-4.713823812587));
#10154=VECTOR('',#12602,0.428823812587);
#10155=CARTESIAN_POINT('',(-5.68,0.32,-4.955));
#10156=CARTESIAN_POINT('',(-5.68,-0.32,-4.955));
#10157=VECTOR('',#12603,0.64);
#10158=CARTESIAN_POINT('',(-5.68,0.32,-4.955));
#10159=VECTOR('',#12604,0.67);
#10160=CARTESIAN_POINT('',(-5.68,-0.32,-4.285));
#10161=VECTOR('',#12605,0.64);
#10162=CARTESIAN_POINT('',(-5.68,1.18,-4.713823812587));
#10163=CARTESIAN_POINT('',(-5.68,1.18,-4.285));
#10164=VECTOR('',#12606,0.428823812587);
#10165=CARTESIAN_POINT('',(-5.68,1.18,-4.713823812587));
#10166=VECTOR('',#12607,0.42);
#10167=CARTESIAN_POINT('',(-5.68,1.6,-4.285));
#10168=CARTESIAN_POINT('',(-5.68,1.6,-4.285));
#10169=VECTOR('',#12608,0.428823812587);
#10170=CARTESIAN_POINT('',(-5.68,1.18,-4.285));
#10171=VECTOR('',#12609,0.42);
#10172=CARTESIAN_POINT('',(-5.68,3.975,-5.005));
#10173=CARTESIAN_POINT('',(-5.68,3.175,-4.713823812587));
#10174=VECTOR('',#12610,0.8513422179807);
#10175=CARTESIAN_POINT('',(-5.68,5.27,-5.005));
#10176=CARTESIAN_POINT('',(-5.68,3.975,-5.005));
#10177=VECTOR('',#12611,1.295);
#10178=CARTESIAN_POINT('',(-5.68,5.27,-4.365));
#10179=AXIS2_PLACEMENT_3D('',#12612,#12613,#12614);
#10180=CARTESIAN_POINT('',(-5.68,4.21,-4.365));
#10181=CARTESIAN_POINT('',(-5.68,5.27,-4.365));
#10182=VECTOR('',#12615,1.06);
#10183=CARTESIAN_POINT('',(-5.68,3.175,-3.988290807535));
#10184=CARTESIAN_POINT('',(-5.68,4.21,-4.365));
#10185=VECTOR('',#12616,1.101423994513);
#10186=CARTESIAN_POINT('',(-5.68,3.175,-3.988290807535));
#10187=VECTOR('',#12617,0.7255330050525);
#10188=CARTESIAN_POINT('',(-5.68,-1.82,2.555));
#10189=CARTESIAN_POINT('',(-5.68,-1.18,2.555));
#10190=VECTOR('',#12618,0.64);
#10191=CARTESIAN_POINT('',(-5.68,-1.82,-1.645));
#10192=CARTESIAN_POINT('',(-5.68,-1.82,2.555));
#10193=VECTOR('',#12619,4.2);
#10194=CARTESIAN_POINT('',(-5.68,-1.82,-1.645));
#10195=VECTOR('',#12620,0.64);
#10196=CARTESIAN_POINT('',(-5.68,1.82,-1.645));
#10197=CARTESIAN_POINT('',(-5.68,1.82,2.555));
#10198=CARTESIAN_POINT('',(-5.68,1.82,-1.645));
#10199=VECTOR('',#12621,4.2);
#10200=CARTESIAN_POINT('',(-5.68,1.18,2.555));
#10201=CARTESIAN_POINT('',(-5.68,1.82,2.555));
#10202=VECTOR('',#12622,0.64);
#10203=CARTESIAN_POINT('',(-5.68,1.18,-1.645));
#10204=CARTESIAN_POINT('',(-5.68,1.18,2.555));
#10205=VECTOR('',#12623,4.2);
#10206=CARTESIAN_POINT('',(-5.68,1.18,-1.645));
#10207=VECTOR('',#12624,0.64);
#10208=CARTESIAN_POINT('',(-5.68,-4.23,-5.005));
#10209=VECTOR('',#12625,0.64);
#10210=CARTESIAN_POINT('',(-5.68,-3.43,-4.713823812587));
#10211=VECTOR('',#12626,0.64);
#10212=CARTESIAN_POINT('',(-5.68,-5.29,-5.005));
#10213=VECTOR('',#12627,0.64);
#10214=CARTESIAN_POINT('',(-5.68,-5.29,-4.365));
#10215=VECTOR('',#12628,0.64);
#10216=CARTESIAN_POINT('',(-5.68,-4.23,-4.365));
#10217=VECTOR('',#12629,0.64);
#10218=CARTESIAN_POINT('',(6.32,-2.78,-4.285));
#10219=CARTESIAN_POINT('',(6.32,-2.78,-4.713823812587));
#10220=CARTESIAN_POINT('',(6.32,-2.78,-4.285));
#10221=VECTOR('',#12630,0.428823812587);
#10222=CARTESIAN_POINT('',(9.575,-2.78,-4.285));
#10223=CARTESIAN_POINT('',(9.575,-2.78,-4.285));
#10224=VECTOR('',#12631,3.255);
#10225=CARTESIAN_POINT('',(9.575,-2.78,-4.955));
#10226=CARTESIAN_POINT('',(9.575,-2.78,-4.955));
#10227=VECTOR('',#12632,0.67);
#10228=CARTESIAN_POINT('',(6.32,-2.78,-4.955));
#10229=CARTESIAN_POINT('',(6.32,-2.78,-4.955));
#10230=VECTOR('',#12633,3.255);
#10231=CARTESIAN_POINT('',(6.32,-2.78,-4.713823812587));
#10232=VECTOR('',#12634,0.241176187413);
#10233=CARTESIAN_POINT('',(3.32,-2.78,-4.713823812587));
#10234=CARTESIAN_POINT('',(3.32,-2.78,-4.285));
#10235=CARTESIAN_POINT('',(3.32,-2.78,-4.713823812587));
#10236=VECTOR('',#12635,0.428823812587);
#10237=CARTESIAN_POINT('',(5.68,-2.78,-4.285));
#10238=CARTESIAN_POINT('',(5.68,-2.78,-4.285));
#10239=VECTOR('',#12636,2.36);
#10240=CARTESIAN_POINT('',(5.68,-2.78,-4.713823812587));
#10241=CARTESIAN_POINT('',(5.68,-2.78,-4.713823812587));
#10242=VECTOR('',#12637,0.428823812587);
#10243=CARTESIAN_POINT('',(5.68,-2.78,-4.955));
#10244=CARTESIAN_POINT('',(5.68,-2.78,-4.713823812587));
#10245=VECTOR('',#12638,0.241176187413);
#10246=CARTESIAN_POINT('',(3.32,-2.78,-4.955));
#10247=CARTESIAN_POINT('',(3.32,-2.78,-4.955));
#10248=VECTOR('',#12639,2.36);
#10249=CARTESIAN_POINT('',(3.32,-2.78,-4.713823812587));
#10250=VECTOR('',#12640,0.241176187413);
#10251=CARTESIAN_POINT('',(0.32,-2.78,-4.713823812587));
#10252=CARTESIAN_POINT('',(0.32,-2.78,-4.285));
#10253=CARTESIAN_POINT('',(0.32,-2.78,-4.713823812587));
#10254=VECTOR('',#12641,0.428823812587);
#10255=CARTESIAN_POINT('',(2.68,-2.78,-4.285));
#10256=CARTESIAN_POINT('',(2.68,-2.78,-4.285));
#10257=VECTOR('',#12642,2.36);
#10258=CARTESIAN_POINT('',(2.68,-2.78,-4.713823812587));
#10259=CARTESIAN_POINT('',(2.68,-2.78,-4.713823812587));
#10260=VECTOR('',#12643,0.428823812587);
#10261=CARTESIAN_POINT('',(2.68,-2.78,-4.955));
#10262=CARTESIAN_POINT('',(2.68,-2.78,-4.713823812587));
#10263=VECTOR('',#12644,0.241176187413);
#10264=CARTESIAN_POINT('',(0.32,-2.78,-4.955));
#10265=CARTESIAN_POINT('',(0.32,-2.78,-4.955));
#10266=VECTOR('',#12645,2.36);
#10267=CARTESIAN_POINT('',(0.32,-2.78,-4.713823812587));
#10268=VECTOR('',#12646,0.241176187413);
#10269=CARTESIAN_POINT('',(-2.68,-2.78,-4.713823812587));
#10270=CARTESIAN_POINT('',(-2.68,-2.78,-4.285));
#10271=CARTESIAN_POINT('',(-2.68,-2.78,-4.713823812587));
#10272=VECTOR('',#12647,0.428823812587);
#10273=CARTESIAN_POINT('',(-0.32,-2.78,-4.285));
#10274=CARTESIAN_POINT('',(-0.32,-2.78,-4.285));
#10275=VECTOR('',#12648,2.36);
#10276=CARTESIAN_POINT('',(-0.32,-2.78,-4.713823812587));
#10277=CARTESIAN_POINT('',(-0.32,-2.78,-4.713823812587));
#10278=VECTOR('',#12649,0.428823812587);
#10279=CARTESIAN_POINT('',(-0.32,-2.78,-4.955));
#10280=CARTESIAN_POINT('',(-0.32,-2.78,-4.713823812587));
#10281=VECTOR('',#12650,0.241176187413);
#10282=CARTESIAN_POINT('',(-2.68,-2.78,-4.955));
#10283=CARTESIAN_POINT('',(-2.68,-2.78,-4.955));
#10284=VECTOR('',#12651,2.36);
#10285=CARTESIAN_POINT('',(-2.68,-2.78,-4.713823812587));
#10286=VECTOR('',#12652,0.241176187413);
#10287=CARTESIAN_POINT('',(-3.32,-2.78,-4.285));
#10288=CARTESIAN_POINT('',(-3.32,-2.78,-4.285));
#10289=VECTOR('',#12653,2.36);
#10290=CARTESIAN_POINT('',(-3.32,-2.78,-4.713823812587));
#10291=CARTESIAN_POINT('',(-3.32,-2.78,-4.713823812587));
#10292=VECTOR('',#12654,0.428823812587);
#10293=CARTESIAN_POINT('',(-3.32,-2.78,-4.955));
#10294=CARTESIAN_POINT('',(-3.32,-2.78,-4.713823812587));
#10295=VECTOR('',#12655,0.241176187413);
#10296=CARTESIAN_POINT('',(-5.68,-2.78,-4.955));
#10297=VECTOR('',#12656,2.36);
#10298=CARTESIAN_POINT('',(-9.575,-2.78,-4.955));
#10299=CARTESIAN_POINT('',(-9.575,-2.78,-4.955));
#10300=VECTOR('',#12657,3.255);
#10301=CARTESIAN_POINT('',(-9.575,-2.78,-4.285));
#10302=CARTESIAN_POINT('',(-9.575,-2.78,-4.285));
#10303=VECTOR('',#12658,0.67);
#10304=CARTESIAN_POINT('',(-6.32,-2.78,-4.285));
#10305=VECTOR('',#12659,3.255);
#10306=CARTESIAN_POINT('',(6.32,-0.32,-4.285));
#10307=CARTESIAN_POINT('',(6.32,-1.18,-4.285));
#10308=CARTESIAN_POINT('',(6.32,-0.32,-4.285));
#10309=VECTOR('',#12660,0.86);
#10310=CARTESIAN_POINT('',(6.32,-1.18,-3.955));
#10311=CARTESIAN_POINT('',(6.32,-1.18,-3.955));
#10312=VECTOR('',#12661,0.33);
#10313=CARTESIAN_POINT('',(6.32,-0.32,-3.955));
#10314=CARTESIAN_POINT('',(6.32,-0.32,-3.955));
#10315=VECTOR('',#12662,0.86);
#10316=CARTESIAN_POINT('',(6.32,-0.32,-4.285));
#10317=VECTOR('',#12663,0.33);
#10318=CARTESIAN_POINT('',(6.32,1.18,-3.955));
#10319=CARTESIAN_POINT('',(6.32,0.32,-3.955));
#10320=CARTESIAN_POINT('',(6.32,1.18,-3.955));
#10321=VECTOR('',#12664,0.86);
#10322=CARTESIAN_POINT('',(6.32,1.18,-4.285));
#10323=CARTESIAN_POINT('',(6.32,1.18,-3.955));
#10324=VECTOR('',#12665,0.33);
#10325=CARTESIAN_POINT('',(6.32,0.32,-4.285));
#10326=CARTESIAN_POINT('',(6.32,1.18,-4.285));
#10327=VECTOR('',#12666,0.86);
#10328=CARTESIAN_POINT('',(6.32,0.32,-4.285));
#10329=VECTOR('',#12667,0.33);
#10330=CARTESIAN_POINT('',(6.32,-3.43,-4.713823812587));
#10331=VECTOR('',#12668,0.65);
#10332=CARTESIAN_POINT('',(6.32,-3.43,-4.955));
#10333=VECTOR('',#12669,0.65);
#10334=CARTESIAN_POINT('',(6.32,1.6,-4.713823812587));
#10335=CARTESIAN_POINT('',(6.32,1.6,-4.955));
#10336=VECTOR('',#12670,0.241176187413);
#10337=CARTESIAN_POINT('',(6.32,3.175,-4.713823812587));
#10338=CARTESIAN_POINT('',(6.32,3.175,-4.713823812587));
#10339=VECTOR('',#12671,1.575);
#10340=CARTESIAN_POINT('',(6.32,3.175,-4.713823812587));
#10341=VECTOR('',#12672,0.241176187413);
#10342=CARTESIAN_POINT('',(5.68,-0.32,-3.955));
#10343=CARTESIAN_POINT('',(5.68,-0.32,-3.955));
#10344=VECTOR('',#12673,0.64);
#10345=CARTESIAN_POINT('',(5.68,-0.32,-4.285));
#10346=CARTESIAN_POINT('',(5.68,-0.32,-4.285));
#10347=VECTOR('',#12674,0.33);
#10348=CARTESIAN_POINT('',(5.68,-0.32,-4.955));
#10349=CARTESIAN_POINT('',(5.68,-0.32,-4.285));
#10350=VECTOR('',#12675,0.67);
#10351=CARTESIAN_POINT('',(6.32,-0.32,-4.955));
#10352=CARTESIAN_POINT('',(6.32,-0.32,-4.955));
#10353=VECTOR('',#12676,0.64);
#10354=CARTESIAN_POINT('',(6.32,-0.32,-4.285));
#10355=VECTOR('',#12677,0.67);
#10356=CARTESIAN_POINT('',(6.32,-1.18,-4.713823812587));
#10357=CARTESIAN_POINT('',(6.32,-2.78,-4.713823812587));
#10358=VECTOR('',#12678,1.6);
#10359=CARTESIAN_POINT('',(6.32,-1.18,-4.713823812587));
#10360=VECTOR('',#12679,0.428823812587);
#10361=CARTESIAN_POINT('',(6.32,-2.78,-4.285));
#10362=VECTOR('',#12680,1.6);
#10363=CARTESIAN_POINT('',(6.32,-4.23,-4.365));
#10364=CARTESIAN_POINT('',(6.32,-3.43,-4.073823812587));
#10365=VECTOR('',#12681,0.8513422179807);
#10366=CARTESIAN_POINT('',(6.32,-5.29,-4.365));
#10367=CARTESIAN_POINT('',(6.32,-4.23,-4.365));
#10368=VECTOR('',#12682,1.06);
#10369=CARTESIAN_POINT('',(6.32,-5.29,-5.005));
#10370=AXIS2_PLACEMENT_3D('',#12683,#12684,#12685);
#10371=CARTESIAN_POINT('',(6.32,-4.23,-5.005));
#10372=CARTESIAN_POINT('',(6.32,-5.29,-5.005));
#10373=VECTOR('',#12686,1.06);
#10374=CARTESIAN_POINT('',(6.32,-4.23,-5.005));
#10375=VECTOR('',#12687,0.8513422179807);
#10376=CARTESIAN_POINT('',(6.32,1.18,-4.713823812587));
#10377=CARTESIAN_POINT('',(6.32,1.18,-4.285));
#10378=VECTOR('',#12688,0.428823812587);
#10379=CARTESIAN_POINT('',(6.32,1.18,-4.713823812587));
#10380=VECTOR('',#12689,0.42);
#10381=CARTESIAN_POINT('',(6.32,1.6,-4.285));
#10382=CARTESIAN_POINT('',(6.32,1.6,-4.285));
#10383=VECTOR('',#12690,0.428823812587);
#10384=CARTESIAN_POINT('',(6.32,1.18,-4.285));
#10385=VECTOR('',#12691,0.42);
#10386=CARTESIAN_POINT('',(6.32,0.32,-4.955));
#10387=CARTESIAN_POINT('',(6.32,-0.32,-4.955));
#10388=VECTOR('',#12692,0.64);
#10389=CARTESIAN_POINT('',(6.32,0.32,-4.955));
#10390=VECTOR('',#12693,0.67);
#10391=CARTESIAN_POINT('',(6.32,-0.32,-4.285));
#10392=VECTOR('',#12694,0.64);
#10393=CARTESIAN_POINT('',(6.32,3.975,-5.005));
#10394=CARTESIAN_POINT('',(6.32,3.175,-4.713823812587));
#10395=VECTOR('',#12695,0.8513422179807);
#10396=CARTESIAN_POINT('',(6.32,5.27,-5.005));
#10397=CARTESIAN_POINT('',(6.32,3.975,-5.005));
#10398=VECTOR('',#12696,1.295);
#10399=CARTESIAN_POINT('',(6.32,5.27,-4.365));
#10400=AXIS2_PLACEMENT_3D('',#12697,#12698,#12699);
#10401=CARTESIAN_POINT('',(6.32,4.21,-4.365));
#10402=CARTESIAN_POINT('',(6.32,5.27,-4.365));
#10403=VECTOR('',#12700,1.06);
#10404=CARTESIAN_POINT('',(6.32,3.175,-3.988290807535));
#10405=CARTESIAN_POINT('',(6.32,4.21,-4.365));
#10406=VECTOR('',#12701,1.101423994513);
#10407=CARTESIAN_POINT('',(6.32,3.175,-4.713823812587));
#10408=VECTOR('',#12702,0.7255330050525);
#10409=CARTESIAN_POINT('',(6.32,1.18,1.555));
#10410=CARTESIAN_POINT('',(6.32,1.18,-1.645));
#10411=CARTESIAN_POINT('',(6.32,1.18,1.555));
#10412=VECTOR('',#12703,3.2);
#10413=CARTESIAN_POINT('',(6.32,1.82,-1.645));
#10414=CARTESIAN_POINT('',(6.32,1.18,-1.645));
#10415=VECTOR('',#12704,0.64);
#10416=CARTESIAN_POINT('',(6.32,1.82,1.555));
#10417=CARTESIAN_POINT('',(6.32,1.82,-1.645));
#10418=VECTOR('',#12705,3.2);
#10419=CARTESIAN_POINT('',(6.32,1.82,1.555));
#10420=VECTOR('',#12706,0.64);
#10421=CARTESIAN_POINT('',(6.32,-1.82,1.555));
#10422=CARTESIAN_POINT('',(6.32,-1.82,-1.645));
#10423=CARTESIAN_POINT('',(6.32,-1.82,1.555));
#10424=VECTOR('',#12707,3.2);
#10425=CARTESIAN_POINT('',(6.32,-1.18,-1.645));
#10426=CARTESIAN_POINT('',(6.32,-1.82,-1.645));
#10427=VECTOR('',#12708,0.64);
#10428=CARTESIAN_POINT('',(6.32,-1.18,1.555));
#10429=CARTESIAN_POINT('',(6.32,-1.18,-1.645));
#10430=VECTOR('',#12709,3.2);
#10431=CARTESIAN_POINT('',(6.32,-1.18,1.555));
#10432=VECTOR('',#12710,0.64);
#10433=CARTESIAN_POINT('',(9.575,1.6,-4.285));
#10434=CARTESIAN_POINT('',(9.575,1.6,-4.285));
#10435=VECTOR('',#12711,3.255);
#10436=CARTESIAN_POINT('',(9.575,1.0,-4.285));
#10437=CARTESIAN_POINT('',(9.575,1.0,-4.285));
#10438=VECTOR('',#12712,0.6);
#10439=CARTESIAN_POINT('',(8.825,1.0,-4.285));
#10440=CARTESIAN_POINT('',(9.575,1.0,-4.285));
#10441=VECTOR('',#12713,0.75);
#10442=CARTESIAN_POINT('',(8.825,-1.0,-4.285));
#10443=CARTESIAN_POINT('',(8.825,-1.0,-4.285));
#10444=VECTOR('',#12714,2.0);
#10445=CARTESIAN_POINT('',(9.575,-1.0,-4.285));
#10446=CARTESIAN_POINT('',(9.575,-1.0,-4.285));
#10447=VECTOR('',#12715,0.75);
#10448=CARTESIAN_POINT('',(9.575,-2.78,-4.285));
#10449=VECTOR('',#12716,1.78);
#10450=CARTESIAN_POINT('',(7.925,-1.125,-4.285));
#10451=CARTESIAN_POINT('',(8.375,-1.125,-4.285));
#10452=CARTESIAN_POINT('',(7.925,-1.125,-4.285));
#10453=VECTOR('',#12717,0.45);
#10454=CARTESIAN_POINT('',(8.375,-0.725,-4.285));
#10455=CARTESIAN_POINT('',(8.375,-1.125,-4.285));
#10456=VECTOR('',#12718,0.4);
#10457=CARTESIAN_POINT('',(7.925,-0.725,-4.285));
#10458=CARTESIAN_POINT('',(7.925,-0.725,-4.285));
#10459=VECTOR('',#12719,0.45);
#10460=CARTESIAN_POINT('',(7.925,-1.125,-4.285));
#10461=VECTOR('',#12720,0.4);
#10462=CARTESIAN_POINT('',(7.925,0.725,-4.285));
#10463=CARTESIAN_POINT('',(8.375,0.725,-4.285));
#10464=CARTESIAN_POINT('',(7.925,0.725,-4.285));
#10465=VECTOR('',#12721,0.45);
#10466=CARTESIAN_POINT('',(8.375,1.125,-4.285));
#10467=CARTESIAN_POINT('',(8.375,0.725,-4.285));
#10468=VECTOR('',#12722,0.4);
#10469=CARTESIAN_POINT('',(7.925,1.125,-4.285));
#10470=CARTESIAN_POINT('',(7.925,1.125,-4.285));
#10471=VECTOR('',#12723,0.45);
#10472=CARTESIAN_POINT('',(7.925,0.725,-4.285));
#10473=VECTOR('',#12724,0.4);
#10474=CARTESIAN_POINT('',(3.32,-1.18,-4.285));
#10475=CARTESIAN_POINT('',(3.32,-2.78,-4.285));
#10476=VECTOR('',#12725,1.6);
#10477=CARTESIAN_POINT('',(3.32,-0.32,-4.285));
#10478=CARTESIAN_POINT('',(3.32,-0.32,-4.285));
#10479=VECTOR('',#12726,0.86);
#10480=CARTESIAN_POINT('',(3.32,0.32,-4.285));
#10481=CARTESIAN_POINT('',(3.32,-0.32,-4.285));
#10482=VECTOR('',#12727,0.64);
#10483=CARTESIAN_POINT('',(3.32,1.18,-4.285));
#10484=CARTESIAN_POINT('',(3.32,1.18,-4.285));
#10485=VECTOR('',#12728,0.86);
#10486=CARTESIAN_POINT('',(3.32,1.6,-4.285));
#10487=CARTESIAN_POINT('',(3.32,1.18,-4.285));
#10488=VECTOR('',#12729,0.42);
#10489=CARTESIAN_POINT('',(5.68,1.6,-4.285));
#10490=CARTESIAN_POINT('',(5.68,1.6,-4.285));
#10491=VECTOR('',#12730,2.36);
#10492=CARTESIAN_POINT('',(5.68,1.18,-4.285));
#10493=CARTESIAN_POINT('',(5.68,1.18,-4.285));
#10494=VECTOR('',#12731,0.42);
#10495=CARTESIAN_POINT('',(5.68,0.32,-4.285));
#10496=CARTESIAN_POINT('',(5.68,1.18,-4.285));
#10497=VECTOR('',#12732,0.86);
#10498=CARTESIAN_POINT('',(5.68,-0.32,-4.285));
#10499=VECTOR('',#12733,0.64);
#10500=CARTESIAN_POINT('',(5.68,-1.18,-4.285));
#10501=CARTESIAN_POINT('',(5.68,-0.32,-4.285));
#10502=VECTOR('',#12734,0.86);
#10503=CARTESIAN_POINT('',(5.68,-2.78,-4.285));
#10504=VECTOR('',#12735,1.6);
#10505=CARTESIAN_POINT('',(0.32,-1.18,-4.285));
#10506=CARTESIAN_POINT('',(0.32,-2.78,-4.285));
#10507=VECTOR('',#12736,1.6);
#10508=CARTESIAN_POINT('',(0.32,-0.32,-4.285));
#10509=CARTESIAN_POINT('',(0.32,-0.32,-4.285));
#10510=VECTOR('',#12737,0.86);
#10511=CARTESIAN_POINT('',(0.32,0.32,-4.285));
#10512=CARTESIAN_POINT('',(0.32,-0.32,-4.285));
#10513=VECTOR('',#12738,0.64);
#10514=CARTESIAN_POINT('',(0.32,1.18,-4.285));
#10515=CARTESIAN_POINT('',(0.32,1.18,-4.285));
#10516=VECTOR('',#12739,0.86);
#10517=CARTESIAN_POINT('',(0.32,1.6,-4.285));
#10518=CARTESIAN_POINT('',(0.32,1.18,-4.285));
#10519=VECTOR('',#12740,0.42);
#10520=CARTESIAN_POINT('',(2.68,1.6,-4.285));
#10521=CARTESIAN_POINT('',(2.68,1.6,-4.285));
#10522=VECTOR('',#12741,2.36);
#10523=CARTESIAN_POINT('',(2.68,1.18,-4.285));
#10524=CARTESIAN_POINT('',(2.68,1.18,-4.285));
#10525=VECTOR('',#12742,0.42);
#10526=CARTESIAN_POINT('',(2.68,0.32,-4.285));
#10527=CARTESIAN_POINT('',(2.68,1.18,-4.285));
#10528=VECTOR('',#12743,0.86);
#10529=CARTESIAN_POINT('',(2.68,-0.32,-4.285));
#10530=CARTESIAN_POINT('',(2.68,-0.32,-4.285));
#10531=VECTOR('',#12744,0.64);
#10532=CARTESIAN_POINT('',(2.68,-1.18,-4.285));
#10533=CARTESIAN_POINT('',(2.68,-0.32,-4.285));
#10534=VECTOR('',#12745,0.86);
#10535=CARTESIAN_POINT('',(2.68,-2.78,-4.285));
#10536=VECTOR('',#12746,1.6);
#10537=CARTESIAN_POINT('',(-2.68,-1.18,-4.285));
#10538=CARTESIAN_POINT('',(-2.68,-2.78,-4.285));
#10539=VECTOR('',#12747,1.6);
#10540=CARTESIAN_POINT('',(-2.68,-0.32,-4.285));
#10541=CARTESIAN_POINT('',(-2.68,-0.32,-4.285));
#10542=VECTOR('',#12748,0.86);
#10543=CARTESIAN_POINT('',(-2.68,0.32,-4.285));
#10544=CARTESIAN_POINT('',(-2.68,-0.32,-4.285));
#10545=VECTOR('',#12749,0.64);
#10546=CARTESIAN_POINT('',(-2.68,1.18,-4.285));
#10547=CARTESIAN_POINT('',(-2.68,1.18,-4.285));
#10548=VECTOR('',#12750,0.86);
#10549=CARTESIAN_POINT('',(-2.68,1.6,-4.285));
#10550=CARTESIAN_POINT('',(-2.68,1.18,-4.285));
#10551=VECTOR('',#12751,0.42);
#10552=CARTESIAN_POINT('',(-0.32,1.6,-4.285));
#10553=CARTESIAN_POINT('',(-0.32,1.6,-4.285));
#10554=VECTOR('',#12752,2.36);
#10555=CARTESIAN_POINT('',(-0.32,1.18,-4.285));
#10556=CARTESIAN_POINT('',(-0.32,1.18,-4.285));
#10557=VECTOR('',#12753,0.42);
#10558=CARTESIAN_POINT('',(-0.32,0.32,-4.285));
#10559=CARTESIAN_POINT('',(-0.32,1.18,-4.285));
#10560=VECTOR('',#12754,0.86);
#10561=CARTESIAN_POINT('',(-0.32,-0.32,-4.285));
#10562=CARTESIAN_POINT('',(-0.32,-0.32,-4.285));
#10563=VECTOR('',#12755,0.64);
#10564=CARTESIAN_POINT('',(-0.32,-1.18,-4.285));
#10565=CARTESIAN_POINT('',(-0.32,-0.32,-4.285));
#10566=VECTOR('',#12756,0.86);
#10567=CARTESIAN_POINT('',(-0.32,-2.78,-4.285));
#10568=VECTOR('',#12757,1.6);
#10569=CARTESIAN_POINT('',(-3.32,1.6,-4.285));
#10570=CARTESIAN_POINT('',(-3.32,1.6,-4.285));
#10571=VECTOR('',#12758,2.36);
#10572=CARTESIAN_POINT('',(-3.32,1.18,-4.285));
#10573=CARTESIAN_POINT('',(-3.32,1.18,-4.285));
#10574=VECTOR('',#12759,0.42);
#10575=CARTESIAN_POINT('',(-3.32,0.32,-4.285));
#10576=CARTESIAN_POINT('',(-3.32,1.18,-4.285));
#10577=VECTOR('',#12760,0.86);
#10578=CARTESIAN_POINT('',(-3.32,-0.32,-4.285));
#10579=CARTESIAN_POINT('',(-3.32,-0.32,-4.285));
#10580=VECTOR('',#12761,0.64);
#10581=CARTESIAN_POINT('',(-3.32,-1.18,-4.285));
#10582=CARTESIAN_POINT('',(-3.32,-0.32,-4.285));
#10583=VECTOR('',#12762,0.86);
#10584=CARTESIAN_POINT('',(-3.32,-2.78,-4.285));
#10585=VECTOR('',#12763,1.6);
#10586=CARTESIAN_POINT('',(-9.575,-1.0,-4.285));
#10587=CARTESIAN_POINT('',(-9.575,-1.0,-4.285));
#10588=VECTOR('',#12764,1.78);
#10589=CARTESIAN_POINT('',(-8.825,-1.0,-4.285));
#10590=CARTESIAN_POINT('',(-9.575,-1.0,-4.285));
#10591=VECTOR('',#12765,0.75);
#10592=CARTESIAN_POINT('',(-8.825,1.0,-4.285));
#10593=CARTESIAN_POINT('',(-8.825,-1.0,-4.285));
#10594=VECTOR('',#12766,2.0);
#10595=CARTESIAN_POINT('',(-9.575,1.0,-4.285));
#10596=CARTESIAN_POINT('',(-9.575,1.0,-4.285));
#10597=VECTOR('',#12767,0.75);
#10598=CARTESIAN_POINT('',(-9.575,1.6,-4.285));
#10599=CARTESIAN_POINT('',(-9.575,1.6,-4.285));
#10600=VECTOR('',#12768,0.6);
#10601=CARTESIAN_POINT('',(-6.32,1.6,-4.285));
#10602=VECTOR('',#12769,3.255);
#10603=CARTESIAN_POINT('',(-7.925,-0.725,-4.285));
#10604=CARTESIAN_POINT('',(-8.375,-0.725,-4.285));
#10605=CARTESIAN_POINT('',(-7.925,-0.725,-4.285));
#10606=VECTOR('',#12770,0.45);
#10607=CARTESIAN_POINT('',(-8.375,-1.125,-4.285));
#10608=CARTESIAN_POINT('',(-8.375,-1.125,-4.285));
#10609=VECTOR('',#12771,0.4);
#10610=CARTESIAN_POINT('',(-7.925,-1.125,-4.285));
#10611=CARTESIAN_POINT('',(-7.925,-1.125,-4.285));
#10612=VECTOR('',#12772,0.45);
#10613=CARTESIAN_POINT('',(-7.925,-1.125,-4.285));
#10614=VECTOR('',#12773,0.4);
#10615=CARTESIAN_POINT('',(-7.925,1.125,-4.285));
#10616=CARTESIAN_POINT('',(-8.375,1.125,-4.285));
#10617=CARTESIAN_POINT('',(-7.925,1.125,-4.285));
#10618=VECTOR('',#12774,0.45);
#10619=CARTESIAN_POINT('',(-8.375,0.725,-4.285));
#10620=CARTESIAN_POINT('',(-8.375,0.725,-4.285));
#10621=VECTOR('',#12775,0.4);
#10622=CARTESIAN_POINT('',(-7.925,0.725,-4.285));
#10623=CARTESIAN_POINT('',(-7.925,0.725,-4.285));
#10624=VECTOR('',#12776,0.45);
#10625=CARTESIAN_POINT('',(-7.925,0.725,-4.285));
#10626=VECTOR('',#12777,0.4);
#10627=CARTESIAN_POINT('',(7.925,1.27,-6.21));
#10628=CARTESIAN_POINT('',(7.925,1.125,-6.06));
#10629=CARTESIAN_POINT('',(7.925,1.27,-6.21));
#10630=VECTOR('',#12778,0.2086264604502);
#10631=CARTESIAN_POINT('',(7.925,0.7098339694322,-7.01));
#10632=CARTESIAN_POINT('',(7.925,0.7098339694322,-7.01));
#10633=VECTOR('',#12779,0.9766196710092);
#10634=CARTESIAN_POINT('',(7.925,0.2,-7.01));
#10635=CARTESIAN_POINT('',(7.925,0.2,-7.01));
#10636=VECTOR('',#12780,0.5098339694322);
#10637=CARTESIAN_POINT('',(7.925,0.725,-6.24535929203));
#10638=CARTESIAN_POINT('',(7.925,0.725,-6.24535929203));
#10639=VECTOR('',#12781,0.9275238068559);
#10640=CARTESIAN_POINT('',(7.925,0.725,-4.285));
#10641=VECTOR('',#12782,1.96035929203);
#10642=CARTESIAN_POINT('',(7.925,1.125,-6.06));
#10643=VECTOR('',#12783,1.775);
#10644=CARTESIAN_POINT('',(7.925,-0.3098339694322,-7.01));
#10645=CARTESIAN_POINT('',(7.925,-0.725,-6.24535929203));
#10646=CARTESIAN_POINT('',(7.925,-0.3098339694322,-7.01));
#10647=VECTOR('',#12784,0.8700794476494);
#10648=CARTESIAN_POINT('',(7.925,-0.7098339694322,-7.01));
#10649=CARTESIAN_POINT('',(7.925,-0.7098339694322,-7.01));
#10650=VECTOR('',#12785,0.4);
#10651=CARTESIAN_POINT('',(7.925,-1.27,-6.21));
#10652=CARTESIAN_POINT('',(7.925,-1.27,-6.21));
#10653=VECTOR('',#12786,0.9766196710092);
#10654=CARTESIAN_POINT('',(7.925,-1.125,-6.06));
#10655=CARTESIAN_POINT('',(7.925,-1.125,-6.06));
#10656=VECTOR('',#12787,0.2086264604502);
#10657=CARTESIAN_POINT('',(7.925,-1.125,-4.285));
#10658=VECTOR('',#12788,1.775);
#10659=CARTESIAN_POINT('',(7.925,-0.725,-6.24535929203));
#10660=VECTOR('',#12789,1.96035929203);
#10661=CARTESIAN_POINT('',(8.375,1.125,-6.06));
#10662=CARTESIAN_POINT('',(8.375,1.125,-6.06));
#10663=VECTOR('',#12790,1.775);
#10664=CARTESIAN_POINT('',(7.925,1.125,-6.06));
#10665=VECTOR('',#12791,0.45);
#10666=CARTESIAN_POINT('',(8.375,1.27,-6.21));
#10667=CARTESIAN_POINT('',(8.375,1.27,-6.21));
#10668=VECTOR('',#12792,0.2086264604502);
#10669=CARTESIAN_POINT('',(7.925,1.27,-6.21));
#10670=VECTOR('',#12793,0.45);
#10671=CARTESIAN_POINT('',(8.375,0.7098339694322,-7.01));
#10672=CARTESIAN_POINT('',(8.375,0.7098339694322,-7.01));
#10673=VECTOR('',#12794,0.9766196710092);
#10674=CARTESIAN_POINT('',(7.925,0.7098339694322,-7.01));
#10675=VECTOR('',#12795,0.45);
#10676=CARTESIAN_POINT('',(8.375,0.2,-7.01));
#10677=CARTESIAN_POINT('',(8.375,0.2,-7.01));
#10678=VECTOR('',#12796,0.5098339694322);
#10679=CARTESIAN_POINT('',(7.925,0.2,-7.01));
#10680=VECTOR('',#12797,0.45);
#10681=CARTESIAN_POINT('',(8.375,0.725,-6.24535929203));
#10682=CARTESIAN_POINT('',(8.375,0.725,-6.24535929203));
#10683=VECTOR('',#12798,0.9275238068559);
#10684=CARTESIAN_POINT('',(7.925,0.725,-6.24535929203));
#10685=VECTOR('',#12799,0.45);
#10686=CARTESIAN_POINT('',(8.375,0.725,-4.285));
#10687=VECTOR('',#12800,1.96035929203);
#10688=CARTESIAN_POINT('',(8.375,-1.125,-6.06));
#10689=CARTESIAN_POINT('',(8.375,-1.125,-4.285));
#10690=VECTOR('',#12801,1.775);
#10691=CARTESIAN_POINT('',(8.375,-1.27,-6.21));
#10692=CARTESIAN_POINT('',(8.375,-1.125,-6.06));
#10693=VECTOR('',#12802,0.2086264604502);
#10694=CARTESIAN_POINT('',(8.375,-0.7098339694322,-7.01));
#10695=CARTESIAN_POINT('',(8.375,-1.27,-6.21));
#10696=VECTOR('',#12803,0.9766196710092);
#10697=CARTESIAN_POINT('',(8.375,-0.3098339694322,-7.01));
#10698=CARTESIAN_POINT('',(8.375,-0.7098339694322,-7.01));
#10699=VECTOR('',#12804,0.4);
#10700=CARTESIAN_POINT('',(8.375,-0.725,-6.24535929203));
#10701=CARTESIAN_POINT('',(8.375,-0.3098339694322,-7.01));
#10702=VECTOR('',#12805,0.8700794476494);
#10703=CARTESIAN_POINT('',(8.375,-0.725,-6.24535929203));
#10704=VECTOR('',#12806,1.96035929203);
#10705=CARTESIAN_POINT('',(7.925,-0.725,-6.24535929203));
#10706=VECTOR('',#12807,0.45);
#10707=CARTESIAN_POINT('',(7.925,-0.3098339694322,-7.01));
#10708=VECTOR('',#12808,0.45);
#10709=CARTESIAN_POINT('',(7.925,-0.7098339694322,-7.01));
#10710=VECTOR('',#12809,0.45);
#10711=CARTESIAN_POINT('',(7.925,-1.27,-6.21));
#10712=VECTOR('',#12810,0.45);
#10713=CARTESIAN_POINT('',(7.925,-1.125,-6.06));
#10714=VECTOR('',#12811,0.45);
#10715=CARTESIAN_POINT('',(-7.925,0.725,-6.24535929203));
#10716=CARTESIAN_POINT('',(-7.925,0.725,-4.285));
#10717=VECTOR('',#12812,1.96035929203);
#10718=CARTESIAN_POINT('',(-7.925,0.2,-7.01));
#10719=CARTESIAN_POINT('',(-7.925,0.725,-6.24535929203));
#10720=VECTOR('',#12813,0.9275238068559);
#10721=CARTESIAN_POINT('',(-7.925,0.7098339694322,-7.01));
#10722=CARTESIAN_POINT('',(-7.925,0.2,-7.01));
#10723=VECTOR('',#12814,0.5098339694322);
#10724=CARTESIAN_POINT('',(-7.925,1.27,-6.21));
#10725=CARTESIAN_POINT('',(-7.925,0.7098339694322,-7.01));
#10726=VECTOR('',#12815,0.9766196710092);
#10727=CARTESIAN_POINT('',(-7.925,1.125,-6.06));
#10728=CARTESIAN_POINT('',(-7.925,1.27,-6.21));
#10729=VECTOR('',#12816,0.2086264604502);
#10730=CARTESIAN_POINT('',(-7.925,1.125,-6.06));
#10731=VECTOR('',#12817,1.775);
#10732=CARTESIAN_POINT('',(-7.925,-1.125,-6.06));
#10733=CARTESIAN_POINT('',(-7.925,-1.27,-6.21));
#10734=CARTESIAN_POINT('',(-7.925,-1.125,-6.06));
#10735=VECTOR('',#12818,0.2086264604502);
#10736=CARTESIAN_POINT('',(-7.925,-0.7098339694322,-7.01));
#10737=CARTESIAN_POINT('',(-7.925,-1.27,-6.21));
#10738=VECTOR('',#12819,0.9766196710092);
#10739=CARTESIAN_POINT('',(-7.925,-0.3098339694322,-7.01));
#10740=CARTESIAN_POINT('',(-7.925,-0.7098339694322,-7.01));
#10741=VECTOR('',#12820,0.4);
#10742=CARTESIAN_POINT('',(-7.925,-0.725,-6.24535929203));
#10743=CARTESIAN_POINT('',(-7.925,-0.3098339694322,-7.01));
#10744=VECTOR('',#12821,0.8700794476494);
#10745=CARTESIAN_POINT('',(-7.925,-0.725,-6.24535929203));
#10746=VECTOR('',#12822,1.96035929203);
#10747=CARTESIAN_POINT('',(-7.925,-1.125,-4.285));
#10748=VECTOR('',#12823,1.775);
#10749=CARTESIAN_POINT('',(-8.375,1.125,-6.06));
#10750=CARTESIAN_POINT('',(-7.925,1.125,-6.06));
#10751=VECTOR('',#12824,0.45);
#10752=CARTESIAN_POINT('',(-8.375,1.125,-6.06));
#10753=VECTOR('',#12825,1.775);
#10754=CARTESIAN_POINT('',(-8.375,1.27,-6.21));
#10755=CARTESIAN_POINT('',(-8.375,1.27,-6.21));
#10756=VECTOR('',#12826,0.2086264604502);
#10757=CARTESIAN_POINT('',(-8.375,0.7098339694322,-7.01));
#10758=CARTESIAN_POINT('',(-8.375,0.7098339694322,-7.01));
#10759=VECTOR('',#12827,0.9766196710092);
#10760=CARTESIAN_POINT('',(-8.375,0.2,-7.01));
#10761=CARTESIAN_POINT('',(-8.375,0.2,-7.01));
#10762=VECTOR('',#12828,0.5098339694322);
#10763=CARTESIAN_POINT('',(-8.375,0.725,-6.24535929203));
#10764=CARTESIAN_POINT('',(-8.375,0.725,-6.24535929203));
#10765=VECTOR('',#12829,0.9275238068559);
#10766=CARTESIAN_POINT('',(-8.375,0.725,-4.285));
#10767=VECTOR('',#12830,1.96035929203);
#10768=CARTESIAN_POINT('',(-8.375,-0.725,-6.24535929203));
#10769=CARTESIAN_POINT('',(-8.375,-0.725,-6.24535929203));
#10770=VECTOR('',#12831,1.96035929203);
#10771=CARTESIAN_POINT('',(-8.375,-0.3098339694322,-7.01));
#10772=CARTESIAN_POINT('',(-8.375,-0.3098339694322,-7.01));
#10773=VECTOR('',#12832,0.8700794476494);
#10774=CARTESIAN_POINT('',(-8.375,-0.7098339694322,-7.01));
#10775=CARTESIAN_POINT('',(-8.375,-0.7098339694322,-7.01));
#10776=VECTOR('',#12833,0.4);
#10777=CARTESIAN_POINT('',(-8.375,-1.27,-6.21));
#10778=CARTESIAN_POINT('',(-8.375,-1.27,-6.21));
#10779=VECTOR('',#12834,0.9766196710092);
#10780=CARTESIAN_POINT('',(-8.375,-1.125,-6.06));
#10781=CARTESIAN_POINT('',(-8.375,-1.125,-6.06));
#10782=VECTOR('',#12835,0.2086264604502);
#10783=CARTESIAN_POINT('',(-8.375,-1.125,-4.285));
#10784=VECTOR('',#12836,1.775);
#10785=CARTESIAN_POINT('',(-7.925,0.725,-6.24535929203));
#10786=VECTOR('',#12837,0.45);
#10787=CARTESIAN_POINT('',(-7.925,0.2,-7.01));
#10788=VECTOR('',#12838,0.45);
#10789=CARTESIAN_POINT('',(-7.925,0.7098339694322,-7.01));
#10790=VECTOR('',#12839,0.45);
#10791=CARTESIAN_POINT('',(-7.925,1.27,-6.21));
#10792=VECTOR('',#12840,0.45);
#10793=CARTESIAN_POINT('',(-7.925,-1.125,-6.06));
#10794=VECTOR('',#12841,0.45);
#10795=CARTESIAN_POINT('',(-7.925,-1.27,-6.21));
#10796=VECTOR('',#12842,0.45);
#10797=CARTESIAN_POINT('',(-7.925,-0.7098339694322,-7.01));
#10798=VECTOR('',#12843,0.45);
#10799=CARTESIAN_POINT('',(-7.925,-0.3098339694322,-7.01));
#10800=VECTOR('',#12844,0.45);
#10801=CARTESIAN_POINT('',(-7.925,-0.725,-6.24535929203));
#10802=VECTOR('',#12845,0.45);
#10803=CARTESIAN_POINT('',(9.575,1.6,-4.285));
#10804=VECTOR('',#12846,0.67);
#10805=CARTESIAN_POINT('',(9.575,-3.94,-3.355));
#10806=CARTESIAN_POINT('',(9.575,3.43,-3.355));
#10807=VECTOR('',#12847,7.37);
#10808=CARTESIAN_POINT('',(9.575,-3.94,-4.955));
#10809=CARTESIAN_POINT('',(9.575,-3.94,-3.355));
#10810=VECTOR('',#12848,1.6);
#10811=CARTESIAN_POINT('',(9.575,-3.94,-4.955));
#10812=VECTOR('',#12849,1.16);
#10813=CARTESIAN_POINT('',(9.575,-1.0,-3.685));
#10814=CARTESIAN_POINT('',(9.575,-1.0,-3.685));
#10815=VECTOR('',#12850,0.6);
#10816=CARTESIAN_POINT('',(9.575,1.0,-3.685));
#10817=CARTESIAN_POINT('',(9.575,1.0,-3.685));
#10818=VECTOR('',#12851,2.0);
#10819=CARTESIAN_POINT('',(9.575,1.0,-4.285));
#10820=VECTOR('',#12852,0.6);
#10821=CARTESIAN_POINT('',(8.825,1.0,-3.685));
#10822=CARTESIAN_POINT('',(9.575,1.0,-3.685));
#10823=VECTOR('',#12853,0.75);
#10824=CARTESIAN_POINT('',(8.825,1.0,-4.285));
#10825=VECTOR('',#12854,0.6);
#10826=CARTESIAN_POINT('',(8.825,-1.0,-3.685));
#10827=CARTESIAN_POINT('',(8.825,1.0,-3.685));
#10828=VECTOR('',#12855,2.0);
#10829=CARTESIAN_POINT('',(8.825,-1.0,-3.685));
#10830=VECTOR('',#12856,0.6);
#10831=CARTESIAN_POINT('',(9.575,-1.0,-3.685));
#10832=VECTOR('',#12857,0.75);
#10833=CARTESIAN_POINT('',(-8.375,-3.94,-4.955));
#10834=CARTESIAN_POINT('',(-8.375,-3.94,-4.955));
#10835=VECTOR('',#12858,0.51);
#10836=CARTESIAN_POINT('',(-9.575,-3.94,-4.955));
#10837=CARTESIAN_POINT('',(-8.375,-3.94,-4.955));
#10838=VECTOR('',#12859,1.2);
#10839=CARTESIAN_POINT('',(-9.575,-2.78,-4.955));
#10840=VECTOR('',#12860,1.16);
#10841=CARTESIAN_POINT('',(-3.32,-3.43,-4.955));
#10842=VECTOR('',#12861,0.65);
#10843=CARTESIAN_POINT('',(-2.68,-3.43,-4.955));
#10844=VECTOR('',#12862,0.65);
#10845=CARTESIAN_POINT('',(-0.32,-3.43,-4.955));
#10846=VECTOR('',#12863,0.65);
#10847=CARTESIAN_POINT('',(0.32,-3.43,-4.955));
#10848=VECTOR('',#12864,0.65);
#10849=CARTESIAN_POINT('',(2.68,-3.43,-4.955));
#10850=VECTOR('',#12865,0.65);
#10851=CARTESIAN_POINT('',(8.375,-3.94,-4.955));
#10852=CARTESIAN_POINT('',(9.575,-3.94,-4.955));
#10853=VECTOR('',#12866,1.2);
#10854=CARTESIAN_POINT('',(8.375,-3.94,-4.955));
#10855=VECTOR('',#12867,0.51);
#10856=CARTESIAN_POINT('',(3.32,-3.43,-4.955));
#10857=VECTOR('',#12868,0.65);
#10858=CARTESIAN_POINT('',(5.68,-3.43,-4.955));
#10859=VECTOR('',#12869,0.65);
#10860=CARTESIAN_POINT('',(-9.575,1.0,-3.685));
#10861=CARTESIAN_POINT('',(-9.575,-1.0,-3.685));
#10862=CARTESIAN_POINT('',(-9.575,1.0,-3.685));
#10863=VECTOR('',#12870,2.0);
#10864=CARTESIAN_POINT('',(-9.575,-1.0,-3.685));
#10865=VECTOR('',#12871,0.6);
#10866=CARTESIAN_POINT('',(-9.575,-3.94,-3.355));
#10867=CARTESIAN_POINT('',(-9.575,-3.94,-4.955));
#10868=VECTOR('',#12872,1.6);
#10869=CARTESIAN_POINT('',(-9.575,-3.94,-3.355));
#10870=VECTOR('',#12873,7.37);
#10871=CARTESIAN_POINT('',(-9.575,1.6,-4.955));
#10872=VECTOR('',#12874,0.67);
#10873=CARTESIAN_POINT('',(-9.575,1.0,-4.285));
#10874=VECTOR('',#12875,0.6);
#10875=CARTESIAN_POINT('',(-8.825,1.0,-3.685));
#10876=CARTESIAN_POINT('',(-8.825,1.0,-4.285));
#10877=VECTOR('',#12876,0.6);
#10878=CARTESIAN_POINT('',(-9.575,1.0,-3.685));
#10879=VECTOR('',#12877,0.75);
#10880=CARTESIAN_POINT('',(-8.825,-1.0,-3.685));
#10881=CARTESIAN_POINT('',(-8.825,1.0,-3.685));
#10882=VECTOR('',#12878,2.0);
#10883=CARTESIAN_POINT('',(-9.575,-1.0,-3.685));
#10884=VECTOR('',#12879,0.75);
#10885=CARTESIAN_POINT('',(-8.825,-1.0,-3.685));
#10886=VECTOR('',#12880,0.6);
#10887=CARTESIAN_POINT('',(3.32,1.6,-4.713823812587));
#10888=CARTESIAN_POINT('',(3.32,1.6,-4.285));
#10889=VECTOR('',#12881,0.428823812587);
#10890=CARTESIAN_POINT('',(3.32,1.6,-4.955));
#10891=VECTOR('',#12882,0.241176187413);
#10892=CARTESIAN_POINT('',(5.68,1.6,-4.713823812587));
#10893=CARTESIAN_POINT('',(5.68,1.6,-4.955));
#10894=VECTOR('',#12883,0.241176187413);
#10895=CARTESIAN_POINT('',(5.68,1.6,-4.285));
#10896=VECTOR('',#12884,0.428823812587);
#10897=CARTESIAN_POINT('',(0.32,1.6,-4.713823812587));
#10898=CARTESIAN_POINT('',(0.32,1.6,-4.285));
#10899=VECTOR('',#12885,0.428823812587);
#10900=CARTESIAN_POINT('',(0.32,1.6,-4.955));
#10901=VECTOR('',#12886,0.241176187413);
#10902=CARTESIAN_POINT('',(2.68,1.6,-4.713823812587));
#10903=CARTESIAN_POINT('',(2.68,1.6,-4.955));
#10904=VECTOR('',#12887,0.241176187413);
#10905=CARTESIAN_POINT('',(2.68,1.6,-4.285));
#10906=VECTOR('',#12888,0.428823812587);
#10907=CARTESIAN_POINT('',(-2.68,1.6,-4.713823812587));
#10908=CARTESIAN_POINT('',(-2.68,1.6,-4.285));
#10909=VECTOR('',#12889,0.428823812587);
#10910=CARTESIAN_POINT('',(-2.68,1.6,-4.955));
#10911=VECTOR('',#12890,0.241176187413);
#10912=CARTESIAN_POINT('',(-0.32,1.6,-4.713823812587));
#10913=CARTESIAN_POINT('',(-0.32,1.6,-4.955));
#10914=VECTOR('',#12891,0.241176187413);
#10915=CARTESIAN_POINT('',(-0.32,1.6,-4.285));
#10916=VECTOR('',#12892,0.428823812587);
#10917=CARTESIAN_POINT('',(-3.32,1.6,-4.713823812587));
#10918=CARTESIAN_POINT('',(-3.32,1.6,-4.955));
#10919=VECTOR('',#12893,0.241176187413);
#10920=CARTESIAN_POINT('',(-3.32,1.6,-4.285));
#10921=VECTOR('',#12894,0.428823812587);
#10922=CARTESIAN_POINT('',(5.68,-4.23,-5.005));
#10923=CARTESIAN_POINT('',(5.68,-4.23,-5.005));
#10924=VECTOR('',#12895,0.8513422179807);
#10925=CARTESIAN_POINT('',(5.68,-5.29,-5.005));
#10926=CARTESIAN_POINT('',(5.68,-5.29,-5.005));
#10927=VECTOR('',#12896,1.06);
#10928=CARTESIAN_POINT('',(5.68,-5.29,-4.365));
#10929=AXIS2_PLACEMENT_3D('',#12897,#12898,#12899);
#10930=CARTESIAN_POINT('',(5.68,-4.23,-4.365));
#10931=CARTESIAN_POINT('',(5.68,-4.23,-4.365));
#10932=VECTOR('',#12900,1.06);
#10933=CARTESIAN_POINT('',(5.68,-3.43,-4.073823812587));
#10934=VECTOR('',#12901,0.8513422179807);
#10935=CARTESIAN_POINT('',(5.68,1.18,-4.713823812587));
#10936=CARTESIAN_POINT('',(5.68,1.18,-4.713823812587));
#10937=VECTOR('',#12902,0.42);
#10938=CARTESIAN_POINT('',(5.68,1.18,-4.285));
#10939=VECTOR('',#12903,0.428823812587);
#10940=CARTESIAN_POINT('',(5.68,-1.18,-4.713823812587));
#10941=CARTESIAN_POINT('',(5.68,-1.18,-4.713823812587));
#10942=VECTOR('',#12904,0.428823812587);
#10943=CARTESIAN_POINT('',(5.68,-2.78,-4.713823812587));
#10944=VECTOR('',#12905,1.6);
#10945=CARTESIAN_POINT('',(5.68,0.32,-4.955));
#10946=CARTESIAN_POINT('',(5.68,0.32,-4.955));
#10947=VECTOR('',#12906,0.67);
#10948=CARTESIAN_POINT('',(5.68,-0.32,-4.955));
#10949=VECTOR('',#12907,0.64);
#10950=CARTESIAN_POINT('',(5.68,4.21,-4.365));
#10951=CARTESIAN_POINT('',(5.68,3.175,-3.988290807535));
#10952=CARTESIAN_POINT('',(5.68,4.21,-4.365));
#10953=VECTOR('',#12908,1.101423994513);
#10954=CARTESIAN_POINT('',(5.68,5.27,-4.365));
#10955=CARTESIAN_POINT('',(5.68,5.27,-4.365));
#10956=VECTOR('',#12909,1.06);
#10957=CARTESIAN_POINT('',(5.68,5.27,-5.005));
#10958=AXIS2_PLACEMENT_3D('',#12910,#12911,#12912);
#10959=CARTESIAN_POINT('',(5.68,3.975,-5.005));
#10960=CARTESIAN_POINT('',(5.68,3.975,-5.005));
#10961=VECTOR('',#12913,1.295);
#10962=CARTESIAN_POINT('',(5.68,3.175,-4.713823812587));
#10963=CARTESIAN_POINT('',(5.68,3.175,-4.713823812587));
#10964=VECTOR('',#12914,0.8513422179807);
#10965=CARTESIAN_POINT('',(5.68,3.175,-4.713823812587));
#10966=VECTOR('',#12915,0.7255330050525);
#10967=CARTESIAN_POINT('',(5.68,1.82,-1.645));
#10968=CARTESIAN_POINT('',(5.68,1.82,1.555));
#10969=CARTESIAN_POINT('',(5.68,1.82,-1.645));
#10970=VECTOR('',#12916,3.2);
#10971=CARTESIAN_POINT('',(5.68,1.18,-1.645));
#10972=CARTESIAN_POINT('',(5.68,1.18,-1.645));
#10973=VECTOR('',#12917,0.64);
#10974=CARTESIAN_POINT('',(5.68,1.18,1.555));
#10975=CARTESIAN_POINT('',(5.68,1.18,1.555));
#10976=VECTOR('',#12918,3.2);
#10977=CARTESIAN_POINT('',(5.68,1.18,1.555));
#10978=VECTOR('',#12919,0.64);
#10979=CARTESIAN_POINT('',(5.68,-1.18,-1.645));
#10980=CARTESIAN_POINT('',(5.68,-1.18,1.555));
#10981=CARTESIAN_POINT('',(5.68,-1.18,-1.645));
#10982=VECTOR('',#12920,3.2);
#10983=CARTESIAN_POINT('',(5.68,-1.82,-1.645));
#10984=CARTESIAN_POINT('',(5.68,-1.82,-1.645));
#10985=VECTOR('',#12921,0.64);
#10986=CARTESIAN_POINT('',(5.68,-1.82,1.555));
#10987=CARTESIAN_POINT('',(5.68,-1.82,1.555));
#10988=VECTOR('',#12922,3.2);
#10989=CARTESIAN_POINT('',(5.68,-1.82,1.555));
#10990=VECTOR('',#12923,0.64);
#10991=CARTESIAN_POINT('',(6.32,-4.23,-4.365));
#10992=VECTOR('',#12924,0.64);
#10993=CARTESIAN_POINT('',(6.32,-5.29,-4.365));
#10994=VECTOR('',#12925,0.64);
#10995=CARTESIAN_POINT('',(6.32,-5.29,-5.005));
#10996=VECTOR('',#12926,0.64);
#10997=CARTESIAN_POINT('',(6.32,-4.23,-5.005));
#10998=VECTOR('',#12927,0.64);
#10999=CARTESIAN_POINT('',(6.32,-3.43,-4.713823812587));
#11000=VECTOR('',#12928,0.64);
#11001=CARTESIAN_POINT('',(5.68,-3.43,-4.713823812587));
#11002=VECTOR('',#12929,0.65);
#11003=CARTESIAN_POINT('',(6.32,-1.18,-4.713823812587));
#11004=VECTOR('',#12930,0.64);
#11005=CARTESIAN_POINT('',(5.68,-1.18,-3.955));
#11006=CARTESIAN_POINT('',(5.68,-1.18,-3.955));
#11007=VECTOR('',#12931,0.33);
#11008=CARTESIAN_POINT('',(5.68,-1.18,-3.955));
#11009=VECTOR('',#12932,0.64);
#11010=CARTESIAN_POINT('',(5.68,-1.18,-1.645));
#11011=VECTOR('',#12933,0.64);
#11012=CARTESIAN_POINT('',(6.32,-1.18,1.555));
#11013=VECTOR('',#12934,0.64);
#11014=CARTESIAN_POINT('',(5.68,0.32,-3.955));
#11015=CARTESIAN_POINT('',(5.68,0.32,-3.955));
#11016=VECTOR('',#12935,0.64);
#11017=CARTESIAN_POINT('',(5.68,1.18,-3.955));
#11018=CARTESIAN_POINT('',(5.68,1.18,-3.955));
#11019=VECTOR('',#12936,0.86);
#11020=CARTESIAN_POINT('',(5.68,1.18,-3.955));
#11021=VECTOR('',#12937,0.64);
#11022=CARTESIAN_POINT('',(5.68,-0.32,-3.955));
#11023=VECTOR('',#12938,0.86);
#11024=CARTESIAN_POINT('',(5.68,1.18,-3.955));
#11025=VECTOR('',#12939,0.33);
#11026=CARTESIAN_POINT('',(6.32,1.18,-4.713823812587));
#11027=VECTOR('',#12940,0.64);
#11028=CARTESIAN_POINT('',(5.68,1.18,-1.645));
#11029=VECTOR('',#12941,0.64);
#11030=CARTESIAN_POINT('',(6.32,1.18,1.555));
#11031=VECTOR('',#12942,0.64);
#11032=CARTESIAN_POINT('',(5.68,3.175,-4.713823812587));
#11033=VECTOR('',#12943,1.575);
#11034=CARTESIAN_POINT('',(6.32,3.175,-4.713823812587));
#11035=VECTOR('',#12944,0.64);
#11036=CARTESIAN_POINT('',(6.32,3.975,-5.005));
#11037=VECTOR('',#12945,0.64);
#11038=CARTESIAN_POINT('',(6.32,5.27,-5.005));
#11039=VECTOR('',#12946,0.64);
#11040=CARTESIAN_POINT('',(6.32,5.27,-4.365));
#11041=VECTOR('',#12947,0.64);
#11042=CARTESIAN_POINT('',(6.32,4.21,-4.365));
#11043=VECTOR('',#12948,0.64);
#11044=CARTESIAN_POINT('',(6.32,3.175,-3.988290807535));
#11045=VECTOR('',#12949,0.64);
#11046=CARTESIAN_POINT('',(7.925,3.175,-3.205));
#11047=CARTESIAN_POINT('',(-7.925,3.175,-3.205));
#11048=VECTOR('',#12950,15.85);
#11049=CARTESIAN_POINT('',(7.925,3.175,-3.205));
#11050=VECTOR('',#12951,1.75);
#11051=CARTESIAN_POINT('',(5.68,3.175,-4.713823812587));
#11052=VECTOR('',#12952,0.241176187413);
#11053=CARTESIAN_POINT('',(3.32,3.175,-4.713823812587));
#11054=CARTESIAN_POINT('',(3.32,3.175,-4.713823812587));
#11055=VECTOR('',#12953,0.241176187413);
#11056=CARTESIAN_POINT('',(3.32,3.175,-3.988290807535));
#11057=CARTESIAN_POINT('',(3.32,3.175,-3.988290807535));
#11058=VECTOR('',#12954,0.7255330050525);
#11059=CARTESIAN_POINT('',(2.68,3.175,-3.988290807535));
#11060=CARTESIAN_POINT('',(3.32,3.175,-3.988290807535));
#11061=VECTOR('',#12955,0.64);
#11062=CARTESIAN_POINT('',(2.68,3.175,-4.713823812587));
#11063=CARTESIAN_POINT('',(2.68,3.175,-3.988290807535));
#11064=VECTOR('',#12956,0.7255330050525);
#11065=CARTESIAN_POINT('',(2.68,3.175,-4.713823812587));
#11066=VECTOR('',#12957,0.241176187413);
#11067=CARTESIAN_POINT('',(0.32,3.175,-4.713823812587));
#11068=CARTESIAN_POINT('',(0.32,3.175,-4.713823812587));
#11069=VECTOR('',#12958,0.241176187413);
#11070=CARTESIAN_POINT('',(0.32,3.175,-3.988290807535));
#11071=CARTESIAN_POINT('',(0.32,3.175,-3.988290807535));
#11072=VECTOR('',#12959,0.7255330050525);
#11073=CARTESIAN_POINT('',(-0.32,3.175,-3.988290807535));
#11074=CARTESIAN_POINT('',(0.32,3.175,-3.988290807535));
#11075=VECTOR('',#12960,0.64);
#11076=CARTESIAN_POINT('',(-0.32,3.175,-4.713823812587));
#11077=CARTESIAN_POINT('',(-0.32,3.175,-3.988290807535));
#11078=VECTOR('',#12961,0.7255330050525);
#11079=CARTESIAN_POINT('',(-0.32,3.175,-4.713823812587));
#11080=VECTOR('',#12962,0.241176187413);
#11081=CARTESIAN_POINT('',(-2.68,3.175,-4.713823812587));
#11082=CARTESIAN_POINT('',(-2.68,3.175,-4.713823812587));
#11083=VECTOR('',#12963,0.241176187413);
#11084=CARTESIAN_POINT('',(-2.68,3.175,-3.988290807535));
#11085=CARTESIAN_POINT('',(-2.68,3.175,-3.988290807535));
#11086=VECTOR('',#12964,0.7255330050525);
#11087=CARTESIAN_POINT('',(-3.32,3.175,-3.988290807535));
#11088=CARTESIAN_POINT('',(-2.68,3.175,-3.988290807535));
#11089=VECTOR('',#12965,0.64);
#11090=CARTESIAN_POINT('',(-3.32,3.175,-4.713823812587));
#11091=CARTESIAN_POINT('',(-3.32,3.175,-3.988290807535));
#11092=VECTOR('',#12966,0.7255330050525);
#11093=CARTESIAN_POINT('',(-3.32,3.175,-4.713823812587));
#11094=VECTOR('',#12967,0.241176187413);
#11095=CARTESIAN_POINT('',(-5.68,3.175,-3.988290807535));
#11096=VECTOR('',#12968,0.64);
#11097=CARTESIAN_POINT('',(-5.68,4.21,-4.365));
#11098=VECTOR('',#12969,0.64);
#11099=CARTESIAN_POINT('',(-5.68,5.27,-4.365));
#11100=VECTOR('',#12970,0.64);
#11101=CARTESIAN_POINT('',(-5.68,5.27,-5.005));
#11102=VECTOR('',#12971,0.64);
#11103=CARTESIAN_POINT('',(-5.68,3.975,-5.005));
#11104=VECTOR('',#12972,0.64);
#11105=CARTESIAN_POINT('',(-5.68,3.175,-4.713823812587));
#11106=VECTOR('',#12973,0.64);
#11107=CARTESIAN_POINT('',(-5.68,1.18,-4.713823812587));
#11108=VECTOR('',#12974,0.64);
#11109=CARTESIAN_POINT('',(-5.68,1.18,2.555));
#11110=VECTOR('',#12975,0.64);
#11111=CARTESIAN_POINT('',(-6.32,1.18,-1.645));
#11112=VECTOR('',#12976,0.64);
#11113=CARTESIAN_POINT('',(4.73,0.23,-1.645));
#11114=CARTESIAN_POINT('',(6.57,0.23,-1.645));
#11115=CARTESIAN_POINT('',(4.73,0.23,-1.645));
#11116=VECTOR('',#12977,1.84);
#11117=CARTESIAN_POINT('',(7.27,0.93,-1.645));
#11118=CARTESIAN_POINT('',(6.57,0.23,-1.645));
#11119=VECTOR('',#12978,0.9899494936612);
#11120=CARTESIAN_POINT('',(7.27,2.77,-1.645));
#11121=CARTESIAN_POINT('',(7.27,0.93,-1.645));
#11122=VECTOR('',#12979,1.84);
#11123=CARTESIAN_POINT('',(4.73,2.77,-1.645));
#11124=CARTESIAN_POINT('',(7.27,2.77,-1.645));
#11125=VECTOR('',#12980,2.54);
#11126=CARTESIAN_POINT('',(4.73,2.77,-1.645));
#11127=VECTOR('',#12981,2.54);
#11128=CARTESIAN_POINT('',(5.68,1.82,-1.645));
#11129=VECTOR('',#12982,0.64);
#11130=CARTESIAN_POINT('',(4.73,-0.23,-1.645));
#11131=CARTESIAN_POINT('',(4.73,-2.77,-1.645));
#11132=CARTESIAN_POINT('',(4.73,-0.23,-1.645));
#11133=VECTOR('',#12983,2.54);
#11134=CARTESIAN_POINT('',(7.27,-2.77,-1.645));
#11135=CARTESIAN_POINT('',(4.73,-2.77,-1.645));
#11136=VECTOR('',#12984,2.54);
#11137=CARTESIAN_POINT('',(7.27,-0.23,-1.645));
#11138=CARTESIAN_POINT('',(7.27,-2.77,-1.645));
#11139=VECTOR('',#12985,2.54);
#11140=CARTESIAN_POINT('',(7.27,-0.23,-1.645));
#11141=VECTOR('',#12986,2.54);
#11142=CARTESIAN_POINT('',(5.68,-1.82,-1.645));
#11143=VECTOR('',#12987,0.64);
#11144=CARTESIAN_POINT('',(1.73,-2.07,-1.645));
#11145=CARTESIAN_POINT('',(2.43,-2.77,-1.645));
#11146=CARTESIAN_POINT('',(1.73,-2.07,-1.645));
#11147=VECTOR('',#12988,0.9899494936612);
#11148=CARTESIAN_POINT('',(4.27,-2.77,-1.645));
#11149=CARTESIAN_POINT('',(2.43,-2.77,-1.645));
#11150=VECTOR('',#12989,1.84);
#11151=CARTESIAN_POINT('',(4.27,-0.23,-1.645));
#11152=CARTESIAN_POINT('',(4.27,-2.77,-1.645));
#11153=VECTOR('',#12990,2.54);
#11154=CARTESIAN_POINT('',(1.73,-0.23,-1.645));
#11155=CARTESIAN_POINT('',(4.27,-0.23,-1.645));
#11156=VECTOR('',#12991,2.54);
#11157=CARTESIAN_POINT('',(1.73,-0.23,-1.645));
#11158=VECTOR('',#12992,1.84);
#11159=CARTESIAN_POINT('',(2.68,-1.82,-1.645));
#11160=CARTESIAN_POINT('',(3.32,-1.82,-1.645));
#11161=CARTESIAN_POINT('',(2.68,-1.82,-1.645));
#11162=VECTOR('',#12993,0.64);
#11163=CARTESIAN_POINT('',(2.68,-1.18,-1.645));
#11164=CARTESIAN_POINT('',(2.68,-1.82,-1.645));
#11165=VECTOR('',#12994,0.64);
#11166=CARTESIAN_POINT('',(3.32,-1.18,-1.645));
#11167=CARTESIAN_POINT('',(2.68,-1.18,-1.645));
#11168=VECTOR('',#12995,0.64);
#11169=CARTESIAN_POINT('',(3.32,-1.82,-1.645));
#11170=VECTOR('',#12996,0.64);
#11171=CARTESIAN_POINT('',(3.57,0.23,-1.645));
#11172=CARTESIAN_POINT('',(4.27,0.93,-1.645));
#11173=CARTESIAN_POINT('',(3.57,0.23,-1.645));
#11174=VECTOR('',#12997,0.9899494936612);
#11175=CARTESIAN_POINT('',(4.27,2.77,-1.645));
#11176=CARTESIAN_POINT('',(4.27,0.93,-1.645));
#11177=VECTOR('',#12998,1.84);
#11178=CARTESIAN_POINT('',(1.73,2.77,-1.645));
#11179=CARTESIAN_POINT('',(4.27,2.77,-1.645));
#11180=VECTOR('',#12999,2.54);
#11181=CARTESIAN_POINT('',(1.73,0.23,-1.645));
#11182=CARTESIAN_POINT('',(1.73,2.77,-1.645));
#11183=VECTOR('',#13000,2.54);
#11184=CARTESIAN_POINT('',(1.73,0.23,-1.645));
#11185=VECTOR('',#13001,1.84);
#11186=CARTESIAN_POINT('',(2.68,1.18,-1.645));
#11187=CARTESIAN_POINT('',(3.32,1.18,-1.645));
#11188=CARTESIAN_POINT('',(2.68,1.18,-1.645));
#11189=VECTOR('',#13002,0.64);
#11190=CARTESIAN_POINT('',(2.68,1.82,-1.645));
#11191=CARTESIAN_POINT('',(2.68,1.18,-1.645));
#11192=VECTOR('',#13003,0.64);
#11193=CARTESIAN_POINT('',(3.32,1.82,-1.645));
#11194=CARTESIAN_POINT('',(2.68,1.82,-1.645));
#11195=VECTOR('',#13004,0.64);
#11196=CARTESIAN_POINT('',(3.32,1.18,-1.645));
#11197=VECTOR('',#13005,0.64);
#11198=CARTESIAN_POINT('',(0.57,0.23,-1.645));
#11199=CARTESIAN_POINT('',(1.27,0.93,-1.645));
#11200=CARTESIAN_POINT('',(0.57,0.23,-1.645));
#11201=VECTOR('',#13006,0.9899494936612);
#11202=CARTESIAN_POINT('',(1.27,2.77,-1.645));
#11203=CARTESIAN_POINT('',(1.27,0.93,-1.645));
#11204=VECTOR('',#13007,1.84);
#11205=CARTESIAN_POINT('',(-1.27,2.77,-1.645));
#11206=CARTESIAN_POINT('',(1.27,2.77,-1.645));
#11207=VECTOR('',#13008,2.54);
#11208=CARTESIAN_POINT('',(-1.27,0.23,-1.645));
#11209=CARTESIAN_POINT('',(-1.27,2.77,-1.645));
#11210=VECTOR('',#13009,2.54);
#11211=CARTESIAN_POINT('',(-1.27,0.23,-1.645));
#11212=VECTOR('',#13010,1.84);
#11213=CARTESIAN_POINT('',(-0.32,1.18,-1.645));
#11214=CARTESIAN_POINT('',(0.32,1.18,-1.645));
#11215=CARTESIAN_POINT('',(-0.32,1.18,-1.645));
#11216=VECTOR('',#13011,0.64);
#11217=CARTESIAN_POINT('',(-0.32,1.82,-1.645));
#11218=CARTESIAN_POINT('',(-0.32,1.18,-1.645));
#11219=VECTOR('',#13012,0.64);
#11220=CARTESIAN_POINT('',(0.32,1.82,-1.645));
#11221=CARTESIAN_POINT('',(-0.32,1.82,-1.645));
#11222=VECTOR('',#13013,0.64);
#11223=CARTESIAN_POINT('',(0.32,1.18,-1.645));
#11224=VECTOR('',#13014,0.64);
#11225=CARTESIAN_POINT('',(-1.27,-0.23,-1.645));
#11226=CARTESIAN_POINT('',(-1.27,-2.07,-1.645));
#11227=CARTESIAN_POINT('',(-1.27,-0.23,-1.645));
#11228=VECTOR('',#13015,1.84);
#11229=CARTESIAN_POINT('',(-0.57,-2.77,-1.645));
#11230=CARTESIAN_POINT('',(-1.27,-2.07,-1.645));
#11231=VECTOR('',#13016,0.9899494936612);
#11232=CARTESIAN_POINT('',(1.27,-2.77,-1.645));
#11233=CARTESIAN_POINT('',(-0.57,-2.77,-1.645));
#11234=VECTOR('',#13017,1.84);
#11235=CARTESIAN_POINT('',(1.27,-0.23,-1.645));
#11236=CARTESIAN_POINT('',(1.27,-2.77,-1.645));
#11237=VECTOR('',#13018,2.54);
#11238=CARTESIAN_POINT('',(1.27,-0.23,-1.645));
#11239=VECTOR('',#13019,2.54);
#11240=CARTESIAN_POINT('',(-0.32,-1.82,-1.645));
#11241=CARTESIAN_POINT('',(0.32,-1.82,-1.645));
#11242=CARTESIAN_POINT('',(-0.32,-1.82,-1.645));
#11243=VECTOR('',#13020,0.64);
#11244=CARTESIAN_POINT('',(-0.32,-1.18,-1.645));
#11245=CARTESIAN_POINT('',(-0.32,-1.82,-1.645));
#11246=VECTOR('',#13021,0.64);
#11247=CARTESIAN_POINT('',(0.32,-1.18,-1.645));
#11248=CARTESIAN_POINT('',(-0.32,-1.18,-1.645));
#11249=VECTOR('',#13022,0.64);
#11250=CARTESIAN_POINT('',(0.32,-1.82,-1.645));
#11251=VECTOR('',#13023,0.64);
#11252=CARTESIAN_POINT('',(-2.43,-2.77,-1.645));
#11253=CARTESIAN_POINT('',(-1.73,-2.07,-1.645));
#11254=CARTESIAN_POINT('',(-2.43,-2.77,-1.645));
#11255=VECTOR('',#13024,0.9899494936612);
#11256=CARTESIAN_POINT('',(-1.73,-0.23,-1.645));
#11257=CARTESIAN_POINT('',(-1.73,-2.07,-1.645));
#11258=VECTOR('',#13025,1.84);
#11259=CARTESIAN_POINT('',(-4.27,-0.23,-1.645));
#11260=CARTESIAN_POINT('',(-1.73,-0.23,-1.645));
#11261=VECTOR('',#13026,2.54);
#11262=CARTESIAN_POINT('',(-4.27,-2.77,-1.645));
#11263=CARTESIAN_POINT('',(-4.27,-0.23,-1.645));
#11264=VECTOR('',#13027,2.54);
#11265=CARTESIAN_POINT('',(-4.27,-2.77,-1.645));
#11266=VECTOR('',#13028,1.84);
#11267=CARTESIAN_POINT('',(-3.32,-1.82,-1.645));
#11268=CARTESIAN_POINT('',(-2.68,-1.82,-1.645));
#11269=CARTESIAN_POINT('',(-3.32,-1.82,-1.645));
#11270=VECTOR('',#13029,0.64);
#11271=CARTESIAN_POINT('',(-3.32,-1.18,-1.645));
#11272=CARTESIAN_POINT('',(-3.32,-1.82,-1.645));
#11273=VECTOR('',#13030,0.64);
#11274=CARTESIAN_POINT('',(-2.68,-1.18,-1.645));
#11275=CARTESIAN_POINT('',(-3.32,-1.18,-1.645));
#11276=VECTOR('',#13031,0.64);
#11277=CARTESIAN_POINT('',(-2.68,-1.82,-1.645));
#11278=VECTOR('',#13032,0.64);
#11279=CARTESIAN_POINT('',(-2.43,0.23,-1.645));
#11280=CARTESIAN_POINT('',(-1.73,0.93,-1.645));
#11281=CARTESIAN_POINT('',(-2.43,0.23,-1.645));
#11282=VECTOR('',#13033,0.9899494936612);
#11283=CARTESIAN_POINT('',(-1.73,2.77,-1.645));
#11284=CARTESIAN_POINT('',(-1.73,0.93,-1.645));
#11285=VECTOR('',#13034,1.84);
#11286=CARTESIAN_POINT('',(-4.27,2.77,-1.645));
#11287=CARTESIAN_POINT('',(-1.73,2.77,-1.645));
#11288=VECTOR('',#13035,2.54);
#11289=CARTESIAN_POINT('',(-4.27,0.23,-1.645));
#11290=CARTESIAN_POINT('',(-4.27,2.77,-1.645));
#11291=VECTOR('',#13036,2.54);
#11292=CARTESIAN_POINT('',(-4.27,0.23,-1.645));
#11293=VECTOR('',#13037,1.84);
#11294=CARTESIAN_POINT('',(-3.32,1.18,-1.645));
#11295=CARTESIAN_POINT('',(-2.68,1.18,-1.645));
#11296=CARTESIAN_POINT('',(-3.32,1.18,-1.645));
#11297=VECTOR('',#13038,0.64);
#11298=CARTESIAN_POINT('',(-3.32,1.82,-1.645));
#11299=CARTESIAN_POINT('',(-3.32,1.18,-1.645));
#11300=VECTOR('',#13039,0.64);
#11301=CARTESIAN_POINT('',(-2.68,1.82,-1.645));
#11302=CARTESIAN_POINT('',(-3.32,1.82,-1.645));
#11303=VECTOR('',#13040,0.64);
#11304=CARTESIAN_POINT('',(-2.68,1.18,-1.645));
#11305=VECTOR('',#13041,0.64);
#11306=CARTESIAN_POINT('',(-7.27,-0.23,-1.645));
#11307=CARTESIAN_POINT('',(-7.27,-2.07,-1.645));
#11308=CARTESIAN_POINT('',(-7.27,-0.23,-1.645));
#11309=VECTOR('',#13042,1.84);
#11310=CARTESIAN_POINT('',(-6.57,-2.77,-1.645));
#11311=CARTESIAN_POINT('',(-7.27,-2.07,-1.645));
#11312=VECTOR('',#13043,0.9899494936612);
#11313=CARTESIAN_POINT('',(-4.73,-2.77,-1.645));
#11314=CARTESIAN_POINT('',(-6.57,-2.77,-1.645));
#11315=VECTOR('',#13044,1.84);
#11316=CARTESIAN_POINT('',(-4.73,-0.23,-1.645));
#11317=CARTESIAN_POINT('',(-4.73,-2.77,-1.645));
#11318=VECTOR('',#13045,2.54);
#11319=CARTESIAN_POINT('',(-4.73,-0.23,-1.645));
#11320=VECTOR('',#13046,2.54);
#11321=CARTESIAN_POINT('',(-6.32,-1.82,-1.645));
#11322=VECTOR('',#13047,0.64);
#11323=CARTESIAN_POINT('',(-4.73,0.23,-1.645));
#11324=CARTESIAN_POINT('',(-4.73,2.77,-1.645));
#11325=CARTESIAN_POINT('',(-4.73,0.23,-1.645));
#11326=VECTOR('',#13048,2.54);
#11327=CARTESIAN_POINT('',(-7.27,2.77,-1.645));
#11328=CARTESIAN_POINT('',(-4.73,2.77,-1.645));
#11329=VECTOR('',#13049,2.54);
#11330=CARTESIAN_POINT('',(-7.27,0.93,-1.645));
#11331=CARTESIAN_POINT('',(-7.27,2.77,-1.645));
#11332=VECTOR('',#13050,1.84);
#11333=CARTESIAN_POINT('',(-6.57,0.23,-1.645));
#11334=CARTESIAN_POINT('',(-7.27,0.93,-1.645));
#11335=VECTOR('',#13051,0.9899494936612);
#11336=CARTESIAN_POINT('',(-6.57,0.23,-1.645));
#11337=VECTOR('',#13052,1.84);
#11338=CARTESIAN_POINT('',(-6.32,1.82,-1.645));
#11339=VECTOR('',#13053,0.64);
#11340=CARTESIAN_POINT('',(4.73,0.23,4.955));
#11341=CARTESIAN_POINT('',(4.73,0.23,4.955));
#11342=VECTOR('',#13054,6.6);
#11343=CARTESIAN_POINT('',(4.73,2.77,4.955));
#11344=CARTESIAN_POINT('',(4.73,2.77,4.955));
#11345=VECTOR('',#13055,6.6);
#11346=CARTESIAN_POINT('',(4.73,2.77,4.955));
#11347=VECTOR('',#13056,2.54);
#11348=CARTESIAN_POINT('',(7.27,2.77,4.955));
#11349=CARTESIAN_POINT('',(7.27,2.77,4.955));
#11350=VECTOR('',#13057,2.54);
#11351=CARTESIAN_POINT('',(7.27,0.93,4.955));
#11352=CARTESIAN_POINT('',(7.27,0.93,4.955));
#11353=VECTOR('',#13058,1.84);
#11354=CARTESIAN_POINT('',(6.57,0.23,4.955));
#11355=CARTESIAN_POINT('',(6.57,0.23,4.955));
#11356=VECTOR('',#13059,0.9899494936612);
#11357=CARTESIAN_POINT('',(4.73,0.23,4.955));
#11358=VECTOR('',#13060,1.84);
#11359=CARTESIAN_POINT('',(7.27,-2.77,4.955));
#11360=CARTESIAN_POINT('',(7.27,-0.23,4.955));
#11361=CARTESIAN_POINT('',(7.27,-2.77,4.955));
#11362=VECTOR('',#13061,2.54);
#11363=CARTESIAN_POINT('',(4.73,-2.77,4.955));
#11364=CARTESIAN_POINT('',(4.73,-2.77,4.955));
#11365=VECTOR('',#13062,2.54);
#11366=CARTESIAN_POINT('',(4.73,-0.23,4.955));
#11367=CARTESIAN_POINT('',(4.73,-0.23,4.955));
#11368=VECTOR('',#13063,2.54);
#11369=CARTESIAN_POINT('',(7.27,-0.23,4.955));
#11370=VECTOR('',#13064,2.54);
#11371=CARTESIAN_POINT('',(-4.27,-0.23,4.955));
#11372=CARTESIAN_POINT('',(-4.27,-2.77,4.955));
#11373=CARTESIAN_POINT('',(-4.27,-0.23,4.955));
#11374=VECTOR('',#13065,2.54);
#11375=CARTESIAN_POINT('',(-1.73,-0.23,4.955));
#11376=CARTESIAN_POINT('',(-1.73,-0.23,4.955));
#11377=VECTOR('',#13066,2.54);
#11378=CARTESIAN_POINT('',(-1.73,-2.07,4.955));
#11379=CARTESIAN_POINT('',(-1.73,-2.07,4.955));
#11380=VECTOR('',#13067,1.84);
#11381=CARTESIAN_POINT('',(-2.43,-2.77,4.955));
#11382=CARTESIAN_POINT('',(-2.43,-2.77,4.955));
#11383=VECTOR('',#13068,0.9899494936612);
#11384=CARTESIAN_POINT('',(-4.27,-2.77,4.955));
#11385=VECTOR('',#13069,1.84);
#11386=CARTESIAN_POINT('',(-4.73,-2.77,4.955));
#11387=CARTESIAN_POINT('',(-4.73,-0.23,4.955));
#11388=CARTESIAN_POINT('',(-4.73,-2.77,4.955));
#11389=VECTOR('',#13070,2.54);
#11390=CARTESIAN_POINT('',(-6.57,-2.77,4.955));
#11391=CARTESIAN_POINT('',(-6.57,-2.77,4.955));
#11392=VECTOR('',#13071,1.84);
#11393=CARTESIAN_POINT('',(-7.27,-2.07,4.955));
#11394=CARTESIAN_POINT('',(-7.27,-2.07,4.955));
#11395=VECTOR('',#13072,0.9899494936612);
#11396=CARTESIAN_POINT('',(-7.27,-0.23,4.955));
#11397=CARTESIAN_POINT('',(-7.27,-0.23,4.955));
#11398=VECTOR('',#13073,1.84);
#11399=CARTESIAN_POINT('',(-4.73,-0.23,4.955));
#11400=VECTOR('',#13074,2.54);
#11401=CARTESIAN_POINT('',(-7.27,0.93,4.955));
#11402=CARTESIAN_POINT('',(-6.57,0.23,4.955));
#11403=CARTESIAN_POINT('',(-7.27,0.93,4.955));
#11404=VECTOR('',#13075,0.9899494936612);
#11405=CARTESIAN_POINT('',(-7.27,2.77,4.955));
#11406=CARTESIAN_POINT('',(-7.27,2.77,4.955));
#11407=VECTOR('',#13076,1.84);
#11408=CARTESIAN_POINT('',(-4.73,2.77,4.955));
#11409=CARTESIAN_POINT('',(-4.73,2.77,4.955));
#11410=VECTOR('',#13077,2.54);
#11411=CARTESIAN_POINT('',(-4.73,0.23,4.955));
#11412=CARTESIAN_POINT('',(-4.73,0.23,4.955));
#11413=VECTOR('',#13078,2.54);
#11414=CARTESIAN_POINT('',(-6.57,0.23,4.955));
#11415=VECTOR('',#13079,1.84);
#11416=CARTESIAN_POINT('',(4.27,-0.23,4.955));
#11417=CARTESIAN_POINT('',(1.73,-0.23,4.955));
#11418=CARTESIAN_POINT('',(4.27,-0.23,4.955));
#11419=VECTOR('',#13080,2.54);
#11420=CARTESIAN_POINT('',(4.27,-2.77,4.955));
#11421=CARTESIAN_POINT('',(4.27,-2.77,4.955));
#11422=VECTOR('',#13081,2.54);
#11423=CARTESIAN_POINT('',(2.43,-2.77,4.955));
#11424=CARTESIAN_POINT('',(2.43,-2.77,4.955));
#11425=VECTOR('',#13082,1.84);
#11426=CARTESIAN_POINT('',(1.73,-2.07,4.955));
#11427=CARTESIAN_POINT('',(1.73,-2.07,4.955));
#11428=VECTOR('',#13083,0.9899494936612);
#11429=CARTESIAN_POINT('',(1.73,-0.23,4.955));
#11430=VECTOR('',#13084,1.84);
#11431=CARTESIAN_POINT('',(1.73,2.77,4.955));
#11432=CARTESIAN_POINT('',(1.73,0.23,4.955));
#11433=CARTESIAN_POINT('',(1.73,2.77,4.955));
#11434=VECTOR('',#13085,2.54);
#11435=CARTESIAN_POINT('',(4.27,2.77,4.955));
#11436=CARTESIAN_POINT('',(4.27,2.77,4.955));
#11437=VECTOR('',#13086,2.54);
#11438=CARTESIAN_POINT('',(4.27,0.93,4.955));
#11439=CARTESIAN_POINT('',(4.27,0.93,4.955));
#11440=VECTOR('',#13087,1.84);
#11441=CARTESIAN_POINT('',(3.57,0.23,4.955));
#11442=CARTESIAN_POINT('',(3.57,0.23,4.955));
#11443=VECTOR('',#13088,0.9899494936612);
#11444=CARTESIAN_POINT('',(1.73,0.23,4.955));
#11445=VECTOR('',#13089,1.84);
#11446=CARTESIAN_POINT('',(-1.27,2.77,4.955));
#11447=CARTESIAN_POINT('',(-1.27,0.23,4.955));
#11448=CARTESIAN_POINT('',(-1.27,2.77,4.955));
#11449=VECTOR('',#13090,2.54);
#11450=CARTESIAN_POINT('',(1.27,2.77,4.955));
#11451=CARTESIAN_POINT('',(1.27,2.77,4.955));
#11452=VECTOR('',#13091,2.54);
#11453=CARTESIAN_POINT('',(1.27,0.93,4.955));
#11454=CARTESIAN_POINT('',(1.27,0.93,4.955));
#11455=VECTOR('',#13092,1.84);
#11456=CARTESIAN_POINT('',(0.57,0.23,4.955));
#11457=CARTESIAN_POINT('',(0.57,0.23,4.955));
#11458=VECTOR('',#13093,0.9899494936612);
#11459=CARTESIAN_POINT('',(-1.27,0.23,4.955));
#11460=VECTOR('',#13094,1.84);
#11461=CARTESIAN_POINT('',(1.27,-2.77,4.955));
#11462=CARTESIAN_POINT('',(1.27,-0.23,4.955));
#11463=CARTESIAN_POINT('',(1.27,-2.77,4.955));
#11464=VECTOR('',#13095,2.54);
#11465=CARTESIAN_POINT('',(-0.57,-2.77,4.955));
#11466=CARTESIAN_POINT('',(-0.57,-2.77,4.955));
#11467=VECTOR('',#13096,1.84);
#11468=CARTESIAN_POINT('',(-1.27,-2.07,4.955));
#11469=CARTESIAN_POINT('',(-1.27,-2.07,4.955));
#11470=VECTOR('',#13097,0.9899494936612);
#11471=CARTESIAN_POINT('',(-1.27,-0.23,4.955));
#11472=CARTESIAN_POINT('',(-1.27,-0.23,4.955));
#11473=VECTOR('',#13098,1.84);
#11474=CARTESIAN_POINT('',(1.27,-0.23,4.955));
#11475=VECTOR('',#13099,2.54);
#11476=CARTESIAN_POINT('',(-4.27,2.77,4.955));
#11477=CARTESIAN_POINT('',(-4.27,0.23,4.955));
#11478=CARTESIAN_POINT('',(-4.27,2.77,4.955));
#11479=VECTOR('',#13100,2.54);
#11480=CARTESIAN_POINT('',(-1.73,2.77,4.955));
#11481=CARTESIAN_POINT('',(-1.73,2.77,4.955));
#11482=VECTOR('',#13101,2.54);
#11483=CARTESIAN_POINT('',(-1.73,0.93,4.955));
#11484=CARTESIAN_POINT('',(-1.73,0.93,4.955));
#11485=VECTOR('',#13102,1.84);
#11486=CARTESIAN_POINT('',(-2.43,0.23,4.955));
#11487=CARTESIAN_POINT('',(-2.43,0.23,4.955));
#11488=VECTOR('',#13103,0.9899494936612);
#11489=CARTESIAN_POINT('',(-4.27,0.23,4.955));
#11490=VECTOR('',#13104,1.84);
#11491=CARTESIAN_POINT('',(6.57,0.23,4.955));
#11492=VECTOR('',#13105,6.6);
#11493=CARTESIAN_POINT('',(7.27,0.93,4.955));
#11494=VECTOR('',#13106,6.6);
#11495=CARTESIAN_POINT('',(7.27,2.77,4.955));
#11496=VECTOR('',#13107,6.6);
#11497=CARTESIAN_POINT('',(4.73,-0.23,4.955));
#11498=VECTOR('',#13108,6.6);
#11499=CARTESIAN_POINT('',(7.27,-0.23,4.955));
#11500=VECTOR('',#13109,6.6);
#11501=CARTESIAN_POINT('',(7.27,-2.77,4.955));
#11502=VECTOR('',#13110,6.6);
#11503=CARTESIAN_POINT('',(4.73,-2.77,4.955));
#11504=VECTOR('',#13111,6.6);
#11505=CARTESIAN_POINT('',(-2.43,-2.77,4.955));
#11506=VECTOR('',#13112,6.6);
#11507=CARTESIAN_POINT('',(-4.27,-2.77,4.955));
#11508=VECTOR('',#13113,6.6);
#11509=CARTESIAN_POINT('',(-4.27,-0.23,4.955));
#11510=VECTOR('',#13114,6.6);
#11511=CARTESIAN_POINT('',(-1.73,-0.23,4.955));
#11512=VECTOR('',#13115,6.6);
#11513=CARTESIAN_POINT('',(-1.73,-2.07,4.955));
#11514=VECTOR('',#13116,6.6);
#11515=CARTESIAN_POINT('',(-7.27,-0.23,4.955));
#11516=VECTOR('',#13117,6.6);
#11517=CARTESIAN_POINT('',(-4.73,-0.23,4.955));
#11518=VECTOR('',#13118,6.6);
#11519=CARTESIAN_POINT('',(-4.73,-2.77,4.955));
#11520=VECTOR('',#13119,6.6);
#11521=CARTESIAN_POINT('',(-6.57,-2.77,4.955));
#11522=VECTOR('',#13120,6.6);
#11523=CARTESIAN_POINT('',(-7.27,-2.07,4.955));
#11524=VECTOR('',#13121,6.6);
#11525=CARTESIAN_POINT('',(-4.73,0.23,4.955));
#11526=VECTOR('',#13122,6.6);
#11527=CARTESIAN_POINT('',(-6.57,0.23,4.955));
#11528=VECTOR('',#13123,6.6);
#11529=CARTESIAN_POINT('',(-7.27,0.93,4.955));
#11530=VECTOR('',#13124,6.6);
#11531=CARTESIAN_POINT('',(-7.27,2.77,4.955));
#11532=VECTOR('',#13125,6.6);
#11533=CARTESIAN_POINT('',(-4.73,2.77,4.955));
#11534=VECTOR('',#13126,6.6);
#11535=CARTESIAN_POINT('',(1.73,-2.07,4.955));
#11536=VECTOR('',#13127,6.6);
#11537=CARTESIAN_POINT('',(1.73,-0.23,4.955));
#11538=VECTOR('',#13128,6.6);
#11539=CARTESIAN_POINT('',(4.27,-0.23,4.955));
#11540=VECTOR('',#13129,6.6);
#11541=CARTESIAN_POINT('',(4.27,-2.77,4.955));
#11542=VECTOR('',#13130,6.6);
#11543=CARTESIAN_POINT('',(2.43,-2.77,4.955));
#11544=VECTOR('',#13131,6.6);
#11545=CARTESIAN_POINT('',(3.57,0.23,4.955));
#11546=VECTOR('',#13132,6.6);
#11547=CARTESIAN_POINT('',(1.73,0.23,4.955));
#11548=VECTOR('',#13133,6.6);
#11549=CARTESIAN_POINT('',(1.73,2.77,4.955));
#11550=VECTOR('',#13134,6.6);
#11551=CARTESIAN_POINT('',(4.27,2.77,4.955));
#11552=VECTOR('',#13135,6.6);
#11553=CARTESIAN_POINT('',(4.27,0.93,4.955));
#11554=VECTOR('',#13136,6.6);
#11555=CARTESIAN_POINT('',(0.57,0.23,4.955));
#11556=VECTOR('',#13137,6.6);
#11557=CARTESIAN_POINT('',(-1.27,0.23,4.955));
#11558=VECTOR('',#13138,6.6);
#11559=CARTESIAN_POINT('',(-1.27,2.77,4.955));
#11560=VECTOR('',#13139,6.6);
#11561=CARTESIAN_POINT('',(1.27,2.77,4.955));
#11562=VECTOR('',#13140,6.6);
#11563=CARTESIAN_POINT('',(1.27,0.93,4.955));
#11564=VECTOR('',#13141,6.6);
#11565=CARTESIAN_POINT('',(-1.27,-0.23,4.955));
#11566=VECTOR('',#13142,6.6);
#11567=CARTESIAN_POINT('',(1.27,-0.23,4.955));
#11568=VECTOR('',#13143,6.6);
#11569=CARTESIAN_POINT('',(1.27,-2.77,4.955));
#11570=VECTOR('',#13144,6.6);
#11571=CARTESIAN_POINT('',(-0.57,-2.77,4.955));
#11572=VECTOR('',#13145,6.6);
#11573=CARTESIAN_POINT('',(-1.27,-2.07,4.955));
#11574=VECTOR('',#13146,6.6);
#11575=CARTESIAN_POINT('',(-2.43,0.23,4.955));
#11576=VECTOR('',#13147,6.6);
#11577=CARTESIAN_POINT('',(-4.27,0.23,4.955));
#11578=VECTOR('',#13148,6.6);
#11579=CARTESIAN_POINT('',(-4.27,2.77,4.955));
#11580=VECTOR('',#13149,6.6);
#11581=CARTESIAN_POINT('',(-1.73,2.77,4.955));
#11582=VECTOR('',#13150,6.6);
#11583=CARTESIAN_POINT('',(-1.73,0.93,4.955));
#11584=VECTOR('',#13151,6.6);
#11585=CARTESIAN_POINT('',(6.32,-1.82,1.555));
#11586=VECTOR('',#13152,0.64);
#11587=CARTESIAN_POINT('',(5.86,-1.64,2.555));
#11588=CARTESIAN_POINT('',(5.86,-1.64,2.555));
#11589=VECTOR('',#13153,1.031891467161);
#11590=CARTESIAN_POINT('',(6.14,-1.64,2.555));
#11591=CARTESIAN_POINT('',(6.32,-1.82,1.555));
#11592=VECTOR('',#13154,1.031891467161);
#11593=CARTESIAN_POINT('',(6.14,-1.64,2.555));
#11594=VECTOR('',#13155,0.28);
#11595=CARTESIAN_POINT('',(6.14,-1.36,2.555));
#11596=CARTESIAN_POINT('',(6.14,-1.36,2.555));
#11597=VECTOR('',#13156,0.28);
#11598=CARTESIAN_POINT('',(5.86,-1.36,2.555));
#11599=CARTESIAN_POINT('',(6.14,-1.36,2.555));
#11600=VECTOR('',#13157,0.28);
#11601=CARTESIAN_POINT('',(5.86,-1.64,2.555));
#11602=VECTOR('',#13158,0.28);
#11603=CARTESIAN_POINT('',(5.86,-1.36,2.555));
#11604=VECTOR('',#13159,1.031891467161);
#11605=CARTESIAN_POINT('',(6.14,-1.36,2.555));
#11606=VECTOR('',#13160,1.031891467161);
#11607=CARTESIAN_POINT('',(6.32,1.82,1.555));
#11608=VECTOR('',#13161,0.64);
#11609=CARTESIAN_POINT('',(5.86,1.64,2.555));
#11610=CARTESIAN_POINT('',(5.86,1.64,2.555));
#11611=VECTOR('',#13162,1.031891467161);
#11612=CARTESIAN_POINT('',(6.14,1.64,2.555));
#11613=CARTESIAN_POINT('',(6.14,1.64,2.555));
#11614=VECTOR('',#13163,0.28);
#11615=CARTESIAN_POINT('',(6.14,1.64,2.555));
#11616=VECTOR('',#13164,1.031891467161);
#11617=CARTESIAN_POINT('',(6.14,1.36,2.555));
#11618=CARTESIAN_POINT('',(6.32,1.18,1.555));
#11619=VECTOR('',#13165,1.031891467161);
#11620=CARTESIAN_POINT('',(6.14,1.64,2.555));
#11621=VECTOR('',#13166,0.28);
#11622=CARTESIAN_POINT('',(5.86,1.36,2.555));
#11623=CARTESIAN_POINT('',(5.86,1.36,2.555));
#11624=VECTOR('',#13167,0.28);
#11625=CARTESIAN_POINT('',(6.14,1.36,2.555));
#11626=VECTOR('',#13168,0.28);
#11627=CARTESIAN_POINT('',(5.86,1.36,2.555));
#11628=VECTOR('',#13169,1.031891467161);
#11629=CARTESIAN_POINT('',(3.32,-4.23,-4.365));
#11630=CARTESIAN_POINT('',(3.32,-3.43,-4.073823812587));
#11631=VECTOR('',#13170,0.8513422179807);
#11632=CARTESIAN_POINT('',(3.32,-5.29,-4.365));
#11633=CARTESIAN_POINT('',(3.32,-4.23,-4.365));
#11634=VECTOR('',#13171,1.06);
#11635=CARTESIAN_POINT('',(3.32,-5.29,-5.005));
#11636=AXIS2_PLACEMENT_3D('',#13172,#13173,#13174);
#11637=CARTESIAN_POINT('',(3.32,-4.23,-5.005));
#11638=CARTESIAN_POINT('',(3.32,-5.29,-5.005));
#11639=VECTOR('',#13175,1.06);
#11640=CARTESIAN_POINT('',(3.32,-4.23,-5.005));
#11641=VECTOR('',#13176,0.8513422179807);
#11642=CARTESIAN_POINT('',(3.32,-1.18,-4.713823812587));
#11643=CARTESIAN_POINT('',(3.32,-2.78,-4.713823812587));
#11644=VECTOR('',#13177,1.6);
#11645=CARTESIAN_POINT('',(3.32,-1.18,-4.713823812587));
#11646=VECTOR('',#13178,0.428823812587);
#11647=CARTESIAN_POINT('',(3.32,-0.32,-4.955));
#11648=CARTESIAN_POINT('',(3.32,-0.32,-4.285));
#11649=VECTOR('',#13179,0.67);
#11650=CARTESIAN_POINT('',(3.32,0.32,-4.955));
#11651=CARTESIAN_POINT('',(3.32,-0.32,-4.955));
#11652=VECTOR('',#13180,0.64);
#11653=CARTESIAN_POINT('',(3.32,0.32,-4.955));
#11654=VECTOR('',#13181,0.67);
#11655=CARTESIAN_POINT('',(3.32,1.18,-4.713823812587));
#11656=CARTESIAN_POINT('',(3.32,1.18,-4.285));
#11657=VECTOR('',#13182,0.428823812587);
#11658=CARTESIAN_POINT('',(3.32,1.18,-4.713823812587));
#11659=VECTOR('',#13183,0.42);
#11660=CARTESIAN_POINT('',(3.32,3.975,-5.005));
#11661=CARTESIAN_POINT('',(3.32,3.175,-4.713823812587));
#11662=VECTOR('',#13184,0.8513422179807);
#11663=CARTESIAN_POINT('',(3.32,5.27,-5.005));
#11664=CARTESIAN_POINT('',(3.32,3.975,-5.005));
#11665=VECTOR('',#13185,1.295);
#11666=CARTESIAN_POINT('',(3.32,5.27,-4.365));
#11667=AXIS2_PLACEMENT_3D('',#13186,#13187,#13188);
#11668=CARTESIAN_POINT('',(3.32,4.21,-4.365));
#11669=CARTESIAN_POINT('',(3.32,5.27,-4.365));
#11670=VECTOR('',#13189,1.06);
#11671=CARTESIAN_POINT('',(3.32,4.21,-4.365));
#11672=VECTOR('',#13190,1.101423994513);
#11673=CARTESIAN_POINT('',(3.32,-1.18,2.555));
#11674=CARTESIAN_POINT('',(3.32,-1.18,-1.645));
#11675=VECTOR('',#13191,4.2);
#11676=CARTESIAN_POINT('',(3.32,-1.82,2.555));
#11677=CARTESIAN_POINT('',(3.32,-1.18,2.555));
#11678=VECTOR('',#13192,0.64);
#11679=CARTESIAN_POINT('',(3.32,-1.82,2.555));
#11680=VECTOR('',#13193,4.2);
#11681=CARTESIAN_POINT('',(3.32,1.82,2.555));
#11682=CARTESIAN_POINT('',(3.32,1.82,-1.645));
#11683=VECTOR('',#13194,4.2);
#11684=CARTESIAN_POINT('',(3.32,1.18,2.555));
#11685=CARTESIAN_POINT('',(3.32,1.82,2.555));
#11686=VECTOR('',#13195,0.64);
#11687=CARTESIAN_POINT('',(3.32,1.18,2.555));
#11688=VECTOR('',#13196,4.2);
#11689=CARTESIAN_POINT('',(2.68,-4.23,-5.005));
#11690=CARTESIAN_POINT('',(3.32,-4.23,-5.005));
#11691=VECTOR('',#13197,0.64);
#11692=CARTESIAN_POINT('',(2.68,-4.23,-5.005));
#11693=VECTOR('',#13198,0.8513422179807);
#11694=CARTESIAN_POINT('',(3.32,-3.43,-4.713823812587));
#11695=VECTOR('',#13199,0.64);
#11696=CARTESIAN_POINT('',(2.68,-3.43,-4.713823812587));
#11697=VECTOR('',#13200,0.65);
#11698=CARTESIAN_POINT('',(2.68,-1.18,-4.713823812587));
#11699=CARTESIAN_POINT('',(2.68,-2.78,-4.713823812587));
#11700=VECTOR('',#13201,1.6);
#11701=CARTESIAN_POINT('',(3.32,-1.18,-4.713823812587));
#11702=VECTOR('',#13202,0.64);
#11703=CARTESIAN_POINT('',(3.32,-3.43,-4.713823812587));
#11704=VECTOR('',#13203,0.65);
#11705=CARTESIAN_POINT('',(3.32,-1.18,-3.955));
#11706=CARTESIAN_POINT('',(3.32,-1.18,-3.955));
#11707=VECTOR('',#13204,0.33);
#11708=CARTESIAN_POINT('',(3.32,-0.32,-3.955));
#11709=CARTESIAN_POINT('',(3.32,-0.32,-3.955));
#11710=VECTOR('',#13205,0.86);
#11711=CARTESIAN_POINT('',(3.32,-0.32,-3.955));
#11712=VECTOR('',#13206,0.33);
#11713=CARTESIAN_POINT('',(3.32,1.18,-3.955));
#11714=CARTESIAN_POINT('',(3.32,0.32,-3.955));
#11715=CARTESIAN_POINT('',(3.32,1.18,-3.955));
#11716=VECTOR('',#13207,0.86);
#11717=CARTESIAN_POINT('',(3.32,1.18,-3.955));
#11718=VECTOR('',#13208,0.33);
#11719=CARTESIAN_POINT('',(3.32,0.32,-3.955));
#11720=VECTOR('',#13209,0.33);
#11721=CARTESIAN_POINT('',(3.32,3.175,-4.713823812587));
#11722=VECTOR('',#13210,1.575);
#11723=CARTESIAN_POINT('',(2.68,-0.32,-3.955));
#11724=CARTESIAN_POINT('',(2.68,-0.32,-3.955));
#11725=VECTOR('',#13211,0.64);
#11726=CARTESIAN_POINT('',(2.68,-0.32,-4.285));
#11727=VECTOR('',#13212,0.33);
#11728=CARTESIAN_POINT('',(2.68,-0.32,-4.955));
#11729=CARTESIAN_POINT('',(2.68,-0.32,-4.285));
#11730=VECTOR('',#13213,0.67);
#11731=CARTESIAN_POINT('',(3.32,-0.32,-4.955));
#11732=VECTOR('',#13214,0.64);
#11733=CARTESIAN_POINT('',(2.68,0.32,-4.955));
#11734=CARTESIAN_POINT('',(2.68,-0.32,-4.955));
#11735=VECTOR('',#13215,0.64);
#11736=CARTESIAN_POINT('',(3.32,0.32,-4.955));
#11737=VECTOR('',#13216,0.64);
#11738=CARTESIAN_POINT('',(2.68,0.32,-4.955));
#11739=VECTOR('',#13217,0.67);
#11740=CARTESIAN_POINT('',(2.68,0.32,-3.955));
#11741=CARTESIAN_POINT('',(2.68,0.32,-4.285));
#11742=VECTOR('',#13218,0.33);
#11743=CARTESIAN_POINT('',(2.68,0.32,-3.955));
#11744=VECTOR('',#13219,0.64);
#11745=CARTESIAN_POINT('',(2.68,-1.18,-3.955));
#11746=CARTESIAN_POINT('',(2.68,-1.18,-3.955));
#11747=VECTOR('',#13220,0.64);
#11748=CARTESIAN_POINT('',(2.68,-0.32,-3.955));
#11749=VECTOR('',#13221,0.86);
#11750=CARTESIAN_POINT('',(2.68,1.18,-3.955));
#11751=CARTESIAN_POINT('',(2.68,1.18,-3.955));
#11752=VECTOR('',#13222,0.86);
#11753=CARTESIAN_POINT('',(2.68,1.18,-3.955));
#11754=VECTOR('',#13223,0.64);
#11755=CARTESIAN_POINT('',(2.68,-1.18,-3.955));
#11756=VECTOR('',#13224,0.33);
#11757=CARTESIAN_POINT('',(2.68,1.18,-3.955));
#11758=VECTOR('',#13225,0.33);
#11759=CARTESIAN_POINT('',(2.68,3.175,-4.713823812587));
#11760=VECTOR('',#13226,1.575);
#11761=CARTESIAN_POINT('',(2.68,-1.18,-4.713823812587));
#11762=VECTOR('',#13227,0.428823812587);
#11763=CARTESIAN_POINT('',(2.68,-1.18,2.555));
#11764=CARTESIAN_POINT('',(2.68,-1.18,-1.645));
#11765=VECTOR('',#13228,4.2);
#11766=CARTESIAN_POINT('',(3.32,-1.18,2.555));
#11767=VECTOR('',#13229,0.64);
#11768=CARTESIAN_POINT('',(2.68,-5.29,-5.005));
#11769=CARTESIAN_POINT('',(2.68,-5.29,-5.005));
#11770=VECTOR('',#13230,1.06);
#11771=CARTESIAN_POINT('',(2.68,-5.29,-4.365));
#11772=AXIS2_PLACEMENT_3D('',#13231,#13232,#13233);
#11773=CARTESIAN_POINT('',(2.68,-4.23,-4.365));
#11774=CARTESIAN_POINT('',(2.68,-4.23,-4.365));
#11775=VECTOR('',#13234,1.06);
#11776=CARTESIAN_POINT('',(2.68,-3.43,-4.073823812587));
#11777=VECTOR('',#13235,0.8513422179807);
#11778=CARTESIAN_POINT('',(2.68,1.18,-4.713823812587));
#11779=CARTESIAN_POINT('',(2.68,1.18,-4.713823812587));
#11780=VECTOR('',#13236,0.42);
#11781=CARTESIAN_POINT('',(2.68,1.18,-4.285));
#11782=VECTOR('',#13237,0.428823812587);
#11783=CARTESIAN_POINT('',(2.68,4.21,-4.365));
#11784=CARTESIAN_POINT('',(2.68,4.21,-4.365));
#11785=VECTOR('',#13238,1.101423994513);
#11786=CARTESIAN_POINT('',(2.68,5.27,-4.365));
#11787=CARTESIAN_POINT('',(2.68,5.27,-4.365));
#11788=VECTOR('',#13239,1.06);
#11789=CARTESIAN_POINT('',(2.68,5.27,-5.005));
#11790=AXIS2_PLACEMENT_3D('',#13240,#13241,#13242);
#11791=CARTESIAN_POINT('',(2.68,3.975,-5.005));
#11792=CARTESIAN_POINT('',(2.68,3.975,-5.005));
#11793=VECTOR('',#13243,1.295);
#11794=CARTESIAN_POINT('',(2.68,3.175,-4.713823812587));
#11795=VECTOR('',#13244,0.8513422179807);
#11796=CARTESIAN_POINT('',(2.68,-1.82,2.555));
#11797=CARTESIAN_POINT('',(2.68,-1.82,2.555));
#11798=VECTOR('',#13245,4.2);
#11799=CARTESIAN_POINT('',(2.68,-1.18,2.555));
#11800=VECTOR('',#13246,0.64);
#11801=CARTESIAN_POINT('',(2.68,1.18,2.555));
#11802=CARTESIAN_POINT('',(2.68,1.18,2.555));
#11803=VECTOR('',#13247,4.2);
#11804=CARTESIAN_POINT('',(2.68,1.82,2.555));
#11805=CARTESIAN_POINT('',(2.68,1.82,2.555));
#11806=VECTOR('',#13248,0.64);
#11807=CARTESIAN_POINT('',(2.68,1.82,-1.645));
#11808=VECTOR('',#13249,4.2);
#11809=CARTESIAN_POINT('',(3.32,-4.23,-4.365));
#11810=VECTOR('',#13250,0.64);
#11811=CARTESIAN_POINT('',(3.32,-5.29,-4.365));
#11812=VECTOR('',#13251,0.64);
#11813=CARTESIAN_POINT('',(3.32,-5.29,-5.005));
#11814=VECTOR('',#13252,0.64);
#11815=CARTESIAN_POINT('',(3.32,1.18,-4.713823812587));
#11816=VECTOR('',#13253,0.64);
#11817=CARTESIAN_POINT('',(3.32,1.18,2.555));
#11818=VECTOR('',#13254,0.64);
#11819=CARTESIAN_POINT('',(3.32,3.175,-4.713823812587));
#11820=VECTOR('',#13255,0.64);
#11821=CARTESIAN_POINT('',(3.32,3.975,-5.005));
#11822=VECTOR('',#13256,0.64);
#11823=CARTESIAN_POINT('',(3.32,5.27,-5.005));
#11824=VECTOR('',#13257,0.64);
#11825=CARTESIAN_POINT('',(3.32,5.27,-4.365));
#11826=VECTOR('',#13258,0.64);
#11827=CARTESIAN_POINT('',(3.32,4.21,-4.365));
#11828=VECTOR('',#13259,0.64);
#11829=CARTESIAN_POINT('',(3.32,1.82,2.555));
#11830=VECTOR('',#13260,0.64);
#11831=CARTESIAN_POINT('',(3.32,-1.82,2.555));
#11832=VECTOR('',#13261,0.64);
#11833=CARTESIAN_POINT('',(0.32,-4.23,-4.365));
#11834=CARTESIAN_POINT('',(0.32,-3.43,-4.073823812587));
#11835=VECTOR('',#13262,0.8513422179807);
#11836=CARTESIAN_POINT('',(0.32,-5.29,-4.365));
#11837=CARTESIAN_POINT('',(0.32,-4.23,-4.365));
#11838=VECTOR('',#13263,1.06);
#11839=CARTESIAN_POINT('',(0.32,-5.29,-5.005));
#11840=AXIS2_PLACEMENT_3D('',#13264,#13265,#13266);
#11841=CARTESIAN_POINT('',(0.32,-4.23,-5.005));
#11842=CARTESIAN_POINT('',(0.32,-5.29,-5.005));
#11843=VECTOR('',#13267,1.06);
#11844=CARTESIAN_POINT('',(0.32,-4.23,-5.005));
#11845=VECTOR('',#13268,0.8513422179807);
#11846=CARTESIAN_POINT('',(0.32,-1.18,-4.713823812587));
#11847=CARTESIAN_POINT('',(0.32,-2.78,-4.713823812587));
#11848=VECTOR('',#13269,1.6);
#11849=CARTESIAN_POINT('',(0.32,-1.18,-4.713823812587));
#11850=VECTOR('',#13270,0.428823812587);
#11851=CARTESIAN_POINT('',(0.32,-0.32,-4.955));
#11852=CARTESIAN_POINT('',(0.32,-0.32,-4.285));
#11853=VECTOR('',#13271,0.67);
#11854=CARTESIAN_POINT('',(0.32,0.32,-4.955));
#11855=CARTESIAN_POINT('',(0.32,-0.32,-4.955));
#11856=VECTOR('',#13272,0.64);
#11857=CARTESIAN_POINT('',(0.32,0.32,-4.955));
#11858=VECTOR('',#13273,0.67);
#11859=CARTESIAN_POINT('',(0.32,1.18,-4.713823812587));
#11860=CARTESIAN_POINT('',(0.32,1.18,-4.285));
#11861=VECTOR('',#13274,0.428823812587);
#11862=CARTESIAN_POINT('',(0.32,1.18,-4.713823812587));
#11863=VECTOR('',#13275,0.42);
#11864=CARTESIAN_POINT('',(0.32,3.975,-5.005));
#11865=CARTESIAN_POINT('',(0.32,3.175,-4.713823812587));
#11866=VECTOR('',#13276,0.8513422179807);
#11867=CARTESIAN_POINT('',(0.32,5.27,-5.005));
#11868=CARTESIAN_POINT('',(0.32,3.975,-5.005));
#11869=VECTOR('',#13277,1.295);
#11870=CARTESIAN_POINT('',(0.32,5.27,-4.365));
#11871=AXIS2_PLACEMENT_3D('',#13278,#13279,#13280);
#11872=CARTESIAN_POINT('',(0.32,4.21,-4.365));
#11873=CARTESIAN_POINT('',(0.32,5.27,-4.365));
#11874=VECTOR('',#13281,1.06);
#11875=CARTESIAN_POINT('',(0.32,4.21,-4.365));
#11876=VECTOR('',#13282,1.101423994513);
#11877=CARTESIAN_POINT('',(0.32,-1.18,2.555));
#11878=CARTESIAN_POINT('',(0.32,-1.18,-1.645));
#11879=VECTOR('',#13283,4.2);
#11880=CARTESIAN_POINT('',(0.32,-1.82,2.555));
#11881=CARTESIAN_POINT('',(0.32,-1.18,2.555));
#11882=VECTOR('',#13284,0.64);
#11883=CARTESIAN_POINT('',(0.32,-1.82,2.555));
#11884=VECTOR('',#13285,4.2);
#11885=CARTESIAN_POINT('',(0.32,1.82,2.555));
#11886=CARTESIAN_POINT('',(0.32,1.82,-1.645));
#11887=VECTOR('',#13286,4.2);
#11888=CARTESIAN_POINT('',(0.32,1.18,2.555));
#11889=CARTESIAN_POINT('',(0.32,1.82,2.555));
#11890=VECTOR('',#13287,0.64);
#11891=CARTESIAN_POINT('',(0.32,1.18,2.555));
#11892=VECTOR('',#13288,4.2);
#11893=CARTESIAN_POINT('',(-0.32,-4.23,-5.005));
#11894=CARTESIAN_POINT('',(0.32,-4.23,-5.005));
#11895=VECTOR('',#13289,0.64);
#11896=CARTESIAN_POINT('',(-0.32,-4.23,-5.005));
#11897=VECTOR('',#13290,0.8513422179807);
#11898=CARTESIAN_POINT('',(0.32,-3.43,-4.713823812587));
#11899=VECTOR('',#13291,0.64);
#11900=CARTESIAN_POINT('',(-0.32,-3.43,-4.713823812587));
#11901=VECTOR('',#13292,0.65);
#11902=CARTESIAN_POINT('',(-0.32,-1.18,-4.713823812587));
#11903=CARTESIAN_POINT('',(-0.32,-2.78,-4.713823812587));
#11904=VECTOR('',#13293,1.6);
#11905=CARTESIAN_POINT('',(0.32,-1.18,-4.713823812587));
#11906=VECTOR('',#13294,0.64);
#11907=CARTESIAN_POINT('',(0.32,-3.43,-4.713823812587));
#11908=VECTOR('',#13295,0.65);
#11909=CARTESIAN_POINT('',(0.32,-1.18,-3.955));
#11910=CARTESIAN_POINT('',(0.32,-1.18,-3.955));
#11911=VECTOR('',#13296,0.33);
#11912=CARTESIAN_POINT('',(0.32,-0.32,-3.955));
#11913=CARTESIAN_POINT('',(0.32,-0.32,-3.955));
#11914=VECTOR('',#13297,0.86);
#11915=CARTESIAN_POINT('',(0.32,-0.32,-3.955));
#11916=VECTOR('',#13298,0.33);
#11917=CARTESIAN_POINT('',(0.32,1.18,-3.955));
#11918=CARTESIAN_POINT('',(0.32,0.32,-3.955));
#11919=CARTESIAN_POINT('',(0.32,1.18,-3.955));
#11920=VECTOR('',#13299,0.86);
#11921=CARTESIAN_POINT('',(0.32,1.18,-3.955));
#11922=VECTOR('',#13300,0.33);
#11923=CARTESIAN_POINT('',(0.32,0.32,-3.955));
#11924=VECTOR('',#13301,0.33);
#11925=CARTESIAN_POINT('',(0.32,3.175,-4.713823812587));
#11926=VECTOR('',#13302,1.575);
#11927=CARTESIAN_POINT('',(-0.32,-0.32,-3.955));
#11928=CARTESIAN_POINT('',(-0.32,-0.32,-3.955));
#11929=VECTOR('',#13303,0.64);
#11930=CARTESIAN_POINT('',(-0.32,-0.32,-4.285));
#11931=VECTOR('',#13304,0.33);
#11932=CARTESIAN_POINT('',(-0.32,-0.32,-4.955));
#11933=CARTESIAN_POINT('',(-0.32,-0.32,-4.285));
#11934=VECTOR('',#13305,0.67);
#11935=CARTESIAN_POINT('',(0.32,-0.32,-4.955));
#11936=VECTOR('',#13306,0.64);
#11937=CARTESIAN_POINT('',(-0.32,0.32,-4.955));
#11938=CARTESIAN_POINT('',(-0.32,-0.32,-4.955));
#11939=VECTOR('',#13307,0.64);
#11940=CARTESIAN_POINT('',(0.32,0.32,-4.955));
#11941=VECTOR('',#13308,0.64);
#11942=CARTESIAN_POINT('',(-0.32,0.32,-4.955));
#11943=VECTOR('',#13309,0.67);
#11944=CARTESIAN_POINT('',(-0.32,0.32,-3.955));
#11945=CARTESIAN_POINT('',(-0.32,0.32,-4.285));
#11946=VECTOR('',#13310,0.33);
#11947=CARTESIAN_POINT('',(-0.32,0.32,-3.955));
#11948=VECTOR('',#13311,0.64);
#11949=CARTESIAN_POINT('',(-0.32,-1.18,-3.955));
#11950=CARTESIAN_POINT('',(-0.32,-1.18,-3.955));
#11951=VECTOR('',#13312,0.64);
#11952=CARTESIAN_POINT('',(-0.32,-0.32,-3.955));
#11953=VECTOR('',#13313,0.86);
#11954=CARTESIAN_POINT('',(-0.32,1.18,-3.955));
#11955=CARTESIAN_POINT('',(-0.32,1.18,-3.955));
#11956=VECTOR('',#13314,0.86);
#11957=CARTESIAN_POINT('',(-0.32,1.18,-3.955));
#11958=VECTOR('',#13315,0.64);
#11959=CARTESIAN_POINT('',(-0.32,-1.18,-3.955));
#11960=VECTOR('',#13316,0.33);
#11961=CARTESIAN_POINT('',(-0.32,1.18,-3.955));
#11962=VECTOR('',#13317,0.33);
#11963=CARTESIAN_POINT('',(-0.32,3.175,-4.713823812587));
#11964=VECTOR('',#13318,1.575);
#11965=CARTESIAN_POINT('',(-0.32,-1.18,-4.713823812587));
#11966=VECTOR('',#13319,0.428823812587);
#11967=CARTESIAN_POINT('',(-0.32,-1.18,2.555));
#11968=CARTESIAN_POINT('',(-0.32,-1.18,-1.645));
#11969=VECTOR('',#13320,4.2);
#11970=CARTESIAN_POINT('',(0.32,-1.18,2.555));
#11971=VECTOR('',#13321,0.64);
#11972=CARTESIAN_POINT('',(-0.32,-5.29,-5.005));
#11973=CARTESIAN_POINT('',(-0.32,-5.29,-5.005));
#11974=VECTOR('',#13322,1.06);
#11975=CARTESIAN_POINT('',(-0.32,-5.29,-4.365));
#11976=AXIS2_PLACEMENT_3D('',#13323,#13324,#13325);
#11977=CARTESIAN_POINT('',(-0.32,-4.23,-4.365));
#11978=CARTESIAN_POINT('',(-0.32,-4.23,-4.365));
#11979=VECTOR('',#13326,1.06);
#11980=CARTESIAN_POINT('',(-0.32,-3.43,-4.073823812587));
#11981=VECTOR('',#13327,0.8513422179807);
#11982=CARTESIAN_POINT('',(-0.32,1.18,-4.713823812587));
#11983=CARTESIAN_POINT('',(-0.32,1.18,-4.713823812587));
#11984=VECTOR('',#13328,0.42);
#11985=CARTESIAN_POINT('',(-0.32,1.18,-4.285));
#11986=VECTOR('',#13329,0.428823812587);
#11987=CARTESIAN_POINT('',(-0.32,4.21,-4.365));
#11988=CARTESIAN_POINT('',(-0.32,4.21,-4.365));
#11989=VECTOR('',#13330,1.101423994513);
#11990=CARTESIAN_POINT('',(-0.32,5.27,-4.365));
#11991=CARTESIAN_POINT('',(-0.32,5.27,-4.365));
#11992=VECTOR('',#13331,1.06);
#11993=CARTESIAN_POINT('',(-0.32,5.27,-5.005));
#11994=AXIS2_PLACEMENT_3D('',#13332,#13333,#13334);
#11995=CARTESIAN_POINT('',(-0.32,3.975,-5.005));
#11996=CARTESIAN_POINT('',(-0.32,3.975,-5.005));
#11997=VECTOR('',#13335,1.295);
#11998=CARTESIAN_POINT('',(-0.32,3.175,-4.713823812587));
#11999=VECTOR('',#13336,0.8513422179807);
#12000=CARTESIAN_POINT('',(-0.32,-1.82,2.555));
#12001=CARTESIAN_POINT('',(-0.32,-1.82,2.555));
#12002=VECTOR('',#13337,4.2);
#12003=CARTESIAN_POINT('',(-0.32,-1.18,2.555));
#12004=VECTOR('',#13338,0.64);
#12005=CARTESIAN_POINT('',(-0.32,1.18,2.555));
#12006=CARTESIAN_POINT('',(-0.32,1.18,2.555));
#12007=VECTOR('',#13339,4.2);
#12008=CARTESIAN_POINT('',(-0.32,1.82,2.555));
#12009=CARTESIAN_POINT('',(-0.32,1.82,2.555));
#12010=VECTOR('',#13340,0.64);
#12011=CARTESIAN_POINT('',(-0.32,1.82,-1.645));
#12012=VECTOR('',#13341,4.2);
#12013=CARTESIAN_POINT('',(0.32,-4.23,-4.365));
#12014=VECTOR('',#13342,0.64);
#12015=CARTESIAN_POINT('',(0.32,-5.29,-4.365));
#12016=VECTOR('',#13343,0.64);
#12017=CARTESIAN_POINT('',(0.32,-5.29,-5.005));
#12018=VECTOR('',#13344,0.64);
#12019=CARTESIAN_POINT('',(0.32,1.18,-4.713823812587));
#12020=VECTOR('',#13345,0.64);
#12021=CARTESIAN_POINT('',(0.32,1.18,2.555));
#12022=VECTOR('',#13346,0.64);
#12023=CARTESIAN_POINT('',(0.32,3.175,-4.713823812587));
#12024=VECTOR('',#13347,0.64);
#12025=CARTESIAN_POINT('',(0.32,3.975,-5.005));
#12026=VECTOR('',#13348,0.64);
#12027=CARTESIAN_POINT('',(0.32,5.27,-5.005));
#12028=VECTOR('',#13349,0.64);
#12029=CARTESIAN_POINT('',(0.32,5.27,-4.365));
#12030=VECTOR('',#13350,0.64);
#12031=CARTESIAN_POINT('',(0.32,4.21,-4.365));
#12032=VECTOR('',#13351,0.64);
#12033=CARTESIAN_POINT('',(0.32,1.82,2.555));
#12034=VECTOR('',#13352,0.64);
#12035=CARTESIAN_POINT('',(0.32,-1.82,2.555));
#12036=VECTOR('',#13353,0.64);
#12037=CARTESIAN_POINT('',(-2.68,-4.23,-4.365));
#12038=CARTESIAN_POINT('',(-2.68,-3.43,-4.073823812587));
#12039=VECTOR('',#13354,0.8513422179807);
#12040=CARTESIAN_POINT('',(-2.68,-5.29,-4.365));
#12041=CARTESIAN_POINT('',(-2.68,-4.23,-4.365));
#12042=VECTOR('',#13355,1.06);
#12043=CARTESIAN_POINT('',(-2.68,-5.29,-5.005));
#12044=AXIS2_PLACEMENT_3D('',#13356,#13357,#13358);
#12045=CARTESIAN_POINT('',(-2.68,-4.23,-5.005));
#12046=CARTESIAN_POINT('',(-2.68,-5.29,-5.005));
#12047=VECTOR('',#13359,1.06);
#12048=CARTESIAN_POINT('',(-2.68,-4.23,-5.005));
#12049=VECTOR('',#13360,0.8513422179807);
#12050=CARTESIAN_POINT('',(-2.68,-1.18,-4.713823812587));
#12051=CARTESIAN_POINT('',(-2.68,-2.78,-4.713823812587));
#12052=VECTOR('',#13361,1.6);
#12053=CARTESIAN_POINT('',(-2.68,-1.18,-4.713823812587));
#12054=VECTOR('',#13362,0.428823812587);
#12055=CARTESIAN_POINT('',(-2.68,-0.32,-4.955));
#12056=CARTESIAN_POINT('',(-2.68,-0.32,-4.285));
#12057=VECTOR('',#13363,0.67);
#12058=CARTESIAN_POINT('',(-2.68,0.32,-4.955));
#12059=CARTESIAN_POINT('',(-2.68,-0.32,-4.955));
#12060=VECTOR('',#13364,0.64);
#12061=CARTESIAN_POINT('',(-2.68,0.32,-4.955));
#12062=VECTOR('',#13365,0.67);
#12063=CARTESIAN_POINT('',(-2.68,1.18,-4.713823812587));
#12064=CARTESIAN_POINT('',(-2.68,1.18,-4.285));
#12065=VECTOR('',#13366,0.428823812587);
#12066=CARTESIAN_POINT('',(-2.68,1.18,-4.713823812587));
#12067=VECTOR('',#13367,0.42);
#12068=CARTESIAN_POINT('',(-2.68,3.975,-5.005));
#12069=CARTESIAN_POINT('',(-2.68,3.175,-4.713823812587));
#12070=VECTOR('',#13368,0.8513422179807);
#12071=CARTESIAN_POINT('',(-2.68,5.27,-5.005));
#12072=CARTESIAN_POINT('',(-2.68,3.975,-5.005));
#12073=VECTOR('',#13369,1.295);
#12074=CARTESIAN_POINT('',(-2.68,5.27,-4.365));
#12075=AXIS2_PLACEMENT_3D('',#13370,#13371,#13372);
#12076=CARTESIAN_POINT('',(-2.68,4.21,-4.365));
#12077=CARTESIAN_POINT('',(-2.68,5.27,-4.365));
#12078=VECTOR('',#13373,1.06);
#12079=CARTESIAN_POINT('',(-2.68,4.21,-4.365));
#12080=VECTOR('',#13374,1.101423994513);
#12081=CARTESIAN_POINT('',(-2.68,-1.18,2.555));
#12082=CARTESIAN_POINT('',(-2.68,-1.18,-1.645));
#12083=VECTOR('',#13375,4.2);
#12084=CARTESIAN_POINT('',(-2.68,-1.82,2.555));
#12085=CARTESIAN_POINT('',(-2.68,-1.18,2.555));
#12086=VECTOR('',#13376,0.64);
#12087=CARTESIAN_POINT('',(-2.68,-1.82,2.555));
#12088=VECTOR('',#13377,4.2);
#12089=CARTESIAN_POINT('',(-2.68,1.82,2.555));
#12090=CARTESIAN_POINT('',(-2.68,1.82,-1.645));
#12091=VECTOR('',#13378,4.2);
#12092=CARTESIAN_POINT('',(-2.68,1.18,2.555));
#12093=CARTESIAN_POINT('',(-2.68,1.82,2.555));
#12094=VECTOR('',#13379,0.64);
#12095=CARTESIAN_POINT('',(-2.68,1.18,2.555));
#12096=VECTOR('',#13380,4.2);
#12097=CARTESIAN_POINT('',(-3.32,-4.23,-5.005));
#12098=CARTESIAN_POINT('',(-2.68,-4.23,-5.005));
#12099=VECTOR('',#13381,0.64);
#12100=CARTESIAN_POINT('',(-3.32,-4.23,-5.005));
#12101=VECTOR('',#13382,0.8513422179807);
#12102=CARTESIAN_POINT('',(-2.68,-3.43,-4.713823812587));
#12103=VECTOR('',#13383,0.64);
#12104=CARTESIAN_POINT('',(-3.32,-3.43,-4.713823812587));
#12105=VECTOR('',#13384,0.65);
#12106=CARTESIAN_POINT('',(-3.32,-1.18,-4.713823812587));
#12107=CARTESIAN_POINT('',(-3.32,-2.78,-4.713823812587));
#12108=VECTOR('',#13385,1.6);
#12109=CARTESIAN_POINT('',(-2.68,-1.18,-4.713823812587));
#12110=VECTOR('',#13386,0.64);
#12111=CARTESIAN_POINT('',(-2.68,-3.43,-4.713823812587));
#12112=VECTOR('',#13387,0.65);
#12113=CARTESIAN_POINT('',(-2.68,-1.18,-3.955));
#12114=CARTESIAN_POINT('',(-2.68,-1.18,-3.955));
#12115=VECTOR('',#13388,0.33);
#12116=CARTESIAN_POINT('',(-2.68,-0.32,-3.955));
#12117=CARTESIAN_POINT('',(-2.68,-0.32,-3.955));
#12118=VECTOR('',#13389,0.86);
#12119=CARTESIAN_POINT('',(-2.68,-0.32,-3.955));
#12120=VECTOR('',#13390,0.33);
#12121=CARTESIAN_POINT('',(-2.68,1.18,-3.955));
#12122=CARTESIAN_POINT('',(-2.68,0.32,-3.955));
#12123=CARTESIAN_POINT('',(-2.68,1.18,-3.955));
#12124=VECTOR('',#13391,0.86);
#12125=CARTESIAN_POINT('',(-2.68,1.18,-3.955));
#12126=VECTOR('',#13392,0.33);
#12127=CARTESIAN_POINT('',(-2.68,0.32,-3.955));
#12128=VECTOR('',#13393,0.33);
#12129=CARTESIAN_POINT('',(-2.68,3.175,-4.713823812587));
#12130=VECTOR('',#13394,1.575);
#12131=CARTESIAN_POINT('',(-3.32,-0.32,-3.955));
#12132=CARTESIAN_POINT('',(-3.32,-0.32,-3.955));
#12133=VECTOR('',#13395,0.64);
#12134=CARTESIAN_POINT('',(-3.32,-0.32,-4.285));
#12135=VECTOR('',#13396,0.33);
#12136=CARTESIAN_POINT('',(-3.32,-0.32,-4.955));
#12137=CARTESIAN_POINT('',(-3.32,-0.32,-4.285));
#12138=VECTOR('',#13397,0.67);
#12139=CARTESIAN_POINT('',(-2.68,-0.32,-4.955));
#12140=VECTOR('',#13398,0.64);
#12141=CARTESIAN_POINT('',(-3.32,0.32,-4.955));
#12142=CARTESIAN_POINT('',(-3.32,-0.32,-4.955));
#12143=VECTOR('',#13399,0.64);
#12144=CARTESIAN_POINT('',(-2.68,0.32,-4.955));
#12145=VECTOR('',#13400,0.64);
#12146=CARTESIAN_POINT('',(-3.32,0.32,-4.955));
#12147=VECTOR('',#13401,0.67);
#12148=CARTESIAN_POINT('',(-3.32,0.32,-3.955));
#12149=CARTESIAN_POINT('',(-3.32,0.32,-4.285));
#12150=VECTOR('',#13402,0.33);
#12151=CARTESIAN_POINT('',(-3.32,0.32,-3.955));
#12152=VECTOR('',#13403,0.64);
#12153=CARTESIAN_POINT('',(-3.32,-1.18,-3.955));
#12154=CARTESIAN_POINT('',(-3.32,-1.18,-3.955));
#12155=VECTOR('',#13404,0.64);
#12156=CARTESIAN_POINT('',(-3.32,-0.32,-3.955));
#12157=VECTOR('',#13405,0.86);
#12158=CARTESIAN_POINT('',(-3.32,1.18,-3.955));
#12159=CARTESIAN_POINT('',(-3.32,1.18,-3.955));
#12160=VECTOR('',#13406,0.86);
#12161=CARTESIAN_POINT('',(-3.32,1.18,-3.955));
#12162=VECTOR('',#13407,0.64);
#12163=CARTESIAN_POINT('',(-3.32,-1.18,-3.955));
#12164=VECTOR('',#13408,0.33);
#12165=CARTESIAN_POINT('',(-3.32,1.18,-3.955));
#12166=VECTOR('',#13409,0.33);
#12167=CARTESIAN_POINT('',(-3.32,3.175,-4.713823812587));
#12168=VECTOR('',#13410,1.575);
#12169=CARTESIAN_POINT('',(-3.32,-1.18,-4.713823812587));
#12170=VECTOR('',#13411,0.428823812587);
#12171=CARTESIAN_POINT('',(-3.32,-1.18,2.555));
#12172=CARTESIAN_POINT('',(-3.32,-1.18,-1.645));
#12173=VECTOR('',#13412,4.2);
#12174=CARTESIAN_POINT('',(-2.68,-1.18,2.555));
#12175=VECTOR('',#13413,0.64);
#12176=CARTESIAN_POINT('',(-3.32,-5.29,-5.005));
#12177=CARTESIAN_POINT('',(-3.32,-5.29,-5.005));
#12178=VECTOR('',#13414,1.06);
#12179=CARTESIAN_POINT('',(-3.32,-5.29,-4.365));
#12180=AXIS2_PLACEMENT_3D('',#13415,#13416,#13417);
#12181=CARTESIAN_POINT('',(-3.32,-4.23,-4.365));
#12182=CARTESIAN_POINT('',(-3.32,-4.23,-4.365));
#12183=VECTOR('',#13418,1.06);
#12184=CARTESIAN_POINT('',(-3.32,-3.43,-4.073823812587));
#12185=VECTOR('',#13419,0.8513422179807);
#12186=CARTESIAN_POINT('',(-3.32,1.18,-4.713823812587));
#12187=CARTESIAN_POINT('',(-3.32,1.18,-4.713823812587));
#12188=VECTOR('',#13420,0.42);
#12189=CARTESIAN_POINT('',(-3.32,1.18,-4.285));
#12190=VECTOR('',#13421,0.428823812587);
#12191=CARTESIAN_POINT('',(-3.32,4.21,-4.365));
#12192=CARTESIAN_POINT('',(-3.32,4.21,-4.365));
#12193=VECTOR('',#13422,1.101423994513);
#12194=CARTESIAN_POINT('',(-3.32,5.27,-4.365));
#12195=CARTESIAN_POINT('',(-3.32,5.27,-4.365));
#12196=VECTOR('',#13423,1.06);
#12197=CARTESIAN_POINT('',(-3.32,5.27,-5.005));
#12198=AXIS2_PLACEMENT_3D('',#13424,#13425,#13426);
#12199=CARTESIAN_POINT('',(-3.32,3.975,-5.005));
#12200=CARTESIAN_POINT('',(-3.32,3.975,-5.005));
#12201=VECTOR('',#13427,1.295);
#12202=CARTESIAN_POINT('',(-3.32,3.175,-4.713823812587));
#12203=VECTOR('',#13428,0.8513422179807);
#12204=CARTESIAN_POINT('',(-3.32,-1.82,2.555));
#12205=CARTESIAN_POINT('',(-3.32,-1.82,2.555));
#12206=VECTOR('',#13429,4.2);
#12207=CARTESIAN_POINT('',(-3.32,-1.18,2.555));
#12208=VECTOR('',#13430,0.64);
#12209=CARTESIAN_POINT('',(-3.32,1.18,2.555));
#12210=CARTESIAN_POINT('',(-3.32,1.18,2.555));
#12211=VECTOR('',#13431,4.2);
#12212=CARTESIAN_POINT('',(-3.32,1.82,2.555));
#12213=CARTESIAN_POINT('',(-3.32,1.82,2.555));
#12214=VECTOR('',#13432,0.64);
#12215=CARTESIAN_POINT('',(-3.32,1.82,-1.645));
#12216=VECTOR('',#13433,4.2);
#12217=CARTESIAN_POINT('',(-2.68,-4.23,-4.365));
#12218=VECTOR('',#13434,0.64);
#12219=CARTESIAN_POINT('',(-2.68,-5.29,-4.365));
#12220=VECTOR('',#13435,0.64);
#12221=CARTESIAN_POINT('',(-2.68,-5.29,-5.005));
#12222=VECTOR('',#13436,0.64);
#12223=CARTESIAN_POINT('',(-2.68,1.18,-4.713823812587));
#12224=VECTOR('',#13437,0.64);
#12225=CARTESIAN_POINT('',(-2.68,1.18,2.555));
#12226=VECTOR('',#13438,0.64);
#12227=CARTESIAN_POINT('',(-2.68,3.175,-4.713823812587));
#12228=VECTOR('',#13439,0.64);
#12229=CARTESIAN_POINT('',(-2.68,3.975,-5.005));
#12230=VECTOR('',#13440,0.64);
#12231=CARTESIAN_POINT('',(-2.68,5.27,-5.005));
#12232=VECTOR('',#13441,0.64);
#12233=CARTESIAN_POINT('',(-2.68,5.27,-4.365));
#12234=VECTOR('',#13442,0.64);
#12235=CARTESIAN_POINT('',(-2.68,4.21,-4.365));
#12236=VECTOR('',#13443,0.64);
#12237=CARTESIAN_POINT('',(-2.68,1.82,2.555));
#12238=VECTOR('',#13444,0.64);
#12239=CARTESIAN_POINT('',(-2.68,-1.82,2.555));
#12240=VECTOR('',#13445,0.64);
#12241=CARTESIAN_POINT('',(-5.68,-1.82,2.555));
#12242=VECTOR('',#13446,0.64);
#12243=CARTESIAN_POINT('',(-5.68,1.82,2.555));
#12244=VECTOR('',#13447,0.64);
#12245=CARTESIAN_POINT('',(5.68,0.32,-4.285));
#12246=VECTOR('',#13448,0.33);
#12247=CARTESIAN_POINT('',(6.32,0.32,-4.955));
#12248=VECTOR('',#13449,0.64);
#12249=CARTESIAN_POINT('',(7.925,3.43,-3.205));
#12250=VECTOR('',#13450,0.255);
#12251=CARTESIAN_POINT('',(8.375,-3.94,-3.355));
#12252=CARTESIAN_POINT('',(9.575,-3.94,-3.355));
#12253=VECTOR('',#13451,1.2);
#12254=CARTESIAN_POINT('',(9.325,-2.93,-3.355));
#12255=VECTOR('',#13452,1.073545527679);
#12256=CARTESIAN_POINT('',(8.375,-3.94,-3.355));
#12257=VECTOR('',#13453,0.51);
#12258=CARTESIAN_POINT('',(-8.375,-3.43,-3.355));
#12259=VECTOR('',#13454,1.073545527679);
#12260=CARTESIAN_POINT('',(-8.375,-3.94,-3.355));
#12261=CARTESIAN_POINT('',(-8.375,-3.94,-3.355));
#12262=VECTOR('',#13455,1.2);
#12263=CARTESIAN_POINT('',(-8.375,-3.94,-3.355));
#12264=VECTOR('',#13456,0.51);
#12265=CARTESIAN_POINT('',(8.375,-3.94,-3.355));
#12266=VECTOR('',#13457,1.6);
#12267=CARTESIAN_POINT('',(-8.375,-3.94,-3.355));
#12268=VECTOR('',#13458,1.6);
#12269=CARTESIAN_POINT('',(-5.68,0.32,-4.955));
#12270=VECTOR('',#13459,0.64);
#12271=CARTESIAN_POINT('',(-7.925,1.1,3.315));
#12272=VECTOR('',#13460,1.4);
#12273=CARTESIAN_POINT('',(-9.325,1.1,-0.185));
#12274=VECTOR('',#13461,1.4);
#12275=CARTESIAN_POINT('',(9.325,1.1,-0.185));
#12276=VECTOR('',#13462,1.4);
#12277=CARTESIAN_POINT('',(8.625,-0.4,-2.685));
#12278=VECTOR('',#13463,0.25);
#12279=CARTESIAN_POINT('',(8.625,0.4,-2.685));
#12280=VECTOR('',#13464,0.25);
#12281=CARTESIAN_POINT('',(8.325,0.4,-2.685));
#12282=VECTOR('',#13465,0.25);
#12283=CARTESIAN_POINT('',(-8.325,-0.4,-2.685));
#12284=VECTOR('',#13466,0.25);
#12285=CARTESIAN_POINT('',(-8.625,-0.4,-2.685));
#12286=VECTOR('',#13467,0.25);
#12287=CARTESIAN_POINT('',(-8.625,0.4,-2.685));
#12288=VECTOR('',#13468,0.25);
#12289=DIRECTION('',(0.0,1.0,0.0));
#12290=DIRECTION('',(0.0,0.0,-1.0));
#12291=DIRECTION('',(0.0,1.0,0.0));
#12292=DIRECTION('',(0.0,0.0,1.0));
#12293=DIRECTION('',(0.0,1.0,0.0));
#12294=DIRECTION('',(0.0,0.0,-1.0));
#12295=DIRECTION('',(0.0,1.0,0.0));
#12296=DIRECTION('',(0.0,-1.0,0.0));
#12297=DIRECTION('',(0.0,0.0,1.0));
#12298=DIRECTION('',(0.0,1.0,0.0));
#12299=DIRECTION('',(0.0,0.0,-1.0));
#12300=DIRECTION('',(0.0,-1.0,0.0));
#12301=DIRECTION('',(0.0,1.0,0.0));
#12302=DIRECTION('',(0.0,0.0,-1.0));
#12303=DIRECTION('',(-1.0,0.0,0.0));
#12304=DIRECTION('',(0.0,0.0,-1.0));
#12305=DIRECTION('',(1.0,0.0,0.0));
#12306=DIRECTION('',(0.0,1.0,0.0));
#12307=DIRECTION('',(1.0,0.0,0.0));
#12308=DIRECTION('',(0.0,0.0,-1.0));
#12309=DIRECTION('',(1.0,0.0,0.0));
#12310=DIRECTION('',(0.0,0.0,-1.0));
#12311=DIRECTION('',(1.0,0.0,0.0));
#12312=DIRECTION('',(1.0,0.0,0.0));
#12313=DIRECTION('',(0.0,1.0,0.0));
#12314=DIRECTION('',(1.0,0.0,0.0));
#12315=DIRECTION('',(0.0,-1.0,0.0));
#12316=DIRECTION('',(-1.0,0.0,0.0));
#12317=DIRECTION('',(0.0,-1.0,0.0));
#12318=DIRECTION('',(0.0,0.0,-1.0));
#12319=DIRECTION('',(0.0,-1.0,0.0));
#12320=DIRECTION('',(0.0,0.0,-1.0));
#12321=DIRECTION('',(1.0,0.0,0.0));
#12322=DIRECTION('',(-1.0,0.0,0.0));
#12323=DIRECTION('',(0.0,0.0,-1.0));
#12324=DIRECTION('',(0.0,-1.0,0.0));
#12325=DIRECTION('',(0.0,0.0,-1.0));
#12326=DIRECTION('',(0.0,1.0,0.0));
#12327=DIRECTION('',(0.0,0.0,-1.0));
#12328=DIRECTION('',(0.0,-1.0,0.0));
#12329=DIRECTION('',(0.0,0.0,1.0));
#12330=DIRECTION('',(0.0,1.0,0.0));
#12331=DIRECTION('',(0.0,1.0,0.0));
#12332=DIRECTION('',(0.0,-1.0,0.0));
#12333=DIRECTION('',(1.0,0.0,0.0));
#12334=DIRECTION('',(0.0,1.0,0.0));
#12335=DIRECTION('',(1.0,0.0,0.0));
#12336=DIRECTION('',(0.0,1.0,0.0));
#12337=DIRECTION('',(-1.0,0.0,0.0));
#12338=DIRECTION('',(0.0,1.0,0.0));
#12339=DIRECTION('',(-1.0,0.0,0.0));
#12340=DIRECTION('',(-1.0,0.0,0.0));
#12341=DIRECTION('',(0.0,-1.0,0.0));
#12342=DIRECTION('',(1.0,0.0,0.0));
#12343=DIRECTION('',(0.0,-1.0,0.0));
#12344=DIRECTION('',(0.0,0.0,1.0));
#12345=DIRECTION('',(-1.0,0.0,0.0));
#12346=DIRECTION('',(0.0,0.0,-1.0));
#12347=DIRECTION('',(0.0,0.0,-1.0));
#12348=DIRECTION('',(-1.0,0.0,0.0));
#12349=DIRECTION('',(-1.0,0.0,0.0));
#12350=DIRECTION('',(0.0,1.0,0.0));
#12351=DIRECTION('',(0.0,-1.0,0.0));
#12352=DIRECTION('',(-1.0,0.0,0.0));
#12353=DIRECTION('',(0.0,1.0,0.0));
#12354=DIRECTION('',(1.0,0.0,0.0));
#12355=DIRECTION('',(0.0,1.0,0.0));
#12356=DIRECTION('',(0.0,0.0,-1.0));
#12357=DIRECTION('',(0.0,0.0,-1.0));
#12358=DIRECTION('',(-1.0,0.0,0.0));
#12359=DIRECTION('',(0.0,0.0,-1.0));
#12360=DIRECTION('',(0.0,0.0,-1.0));
#12361=DIRECTION('',(0.0,1.0,0.0));
#12362=DIRECTION('',(0.0,0.0,1.0));
#12363=DIRECTION('',(0.0,-1.0,0.0));
#12364=DIRECTION('',(0.0,0.0,1.0));
#12365=DIRECTION('',(0.0,1.0,0.0));
#12366=DIRECTION('',(0.0,0.0,1.0));
#12367=DIRECTION('',(0.0,-1.0,0.0));
#12368=DIRECTION('',(0.0,0.0,-1.0));
#12369=DIRECTION('',(0.0,1.0,0.0));
#12370=DIRECTION('',(-1.0,0.0,0.0));
#12371=DIRECTION('',(0.0,1.0,0.0));
#12372=DIRECTION('',(0.0,1.0,0.0));
#12373=DIRECTION('',(0.0,-1.0,0.0));
#12374=DIRECTION('',(0.0,0.0,-1.0));
#12375=DIRECTION('',(0.0,1.0,0.0));
#12376=DIRECTION('',(0.0,0.0,1.0));
#12377=DIRECTION('',(0.0,-1.0,0.0));
#12378=DIRECTION('',(0.0,1.0,0.0));
#12379=DIRECTION('',(0.0,0.0,-1.0));
#12380=DIRECTION('',(0.0,1.0,0.0));
#12381=DIRECTION('',(0.0,0.0,-1.0));
#12382=DIRECTION('',(-1.0,0.0,0.0));
#12383=DIRECTION('',(-1.0,0.0,0.0));
#12384=DIRECTION('',(-1.0,0.0,0.0));
#12385=DIRECTION('',(-1.0,0.0,0.0));
#12386=DIRECTION('',(-0.649262379928486,0.0,0.760564502201883));
#12387=DIRECTION('',(-1.0,0.0,0.0));
#12388=DIRECTION('',(-0.649262379928486,0.0,-0.760564502201883));
#12389=DIRECTION('',(-0.649262379928486,0.0,0.760564502201883));
#12390=DIRECTION('',(0.0,-1.0,0.0));
#12391=DIRECTION('',(-0.649262379928486,0.0,0.760564502201883));
#12392=DIRECTION('',(0.0,-1.0,0.0));
#12393=DIRECTION('',(-0.649262379928486,0.0,0.760564502201883));
#12394=DIRECTION('',(-0.614381691840205,-0.323358785179103,0.719704267584306));
#12395=DIRECTION('',(-1.0,0.0,0.0));
#12396=DIRECTION('',(-0.649262379928486,0.0,-0.760564502201883));
#12397=DIRECTION('',(0.0,-1.0,0.0));
#12398=DIRECTION('',(-0.649262379928486,0.0,-0.760564502201883));
#12399=DIRECTION('',(0.614381691840205,-0.323358785179103,0.719704267584306));
#12400=DIRECTION('',(-0.649262379928486,0.0,-0.760564502201883));
#12401=DIRECTION('',(0.0,-1.0,0.0));
#12402=DIRECTION('',(-1.0,0.0,0.0));
#12403=DIRECTION('',(0.0,0.0,-1.0));
#12404=DIRECTION('',(-1.0,0.0,0.0));
#12405=DIRECTION('',(1.0,0.0,0.0));
#12406=DIRECTION('',(1.0,0.0,0.0));
#12407=DIRECTION('',(0.0,0.0,1.0));
#12408=DIRECTION('',(-1.0,0.0,0.0));
#12409=DIRECTION('',(0.0,0.0,1.0));
#12410=DIRECTION('',(1.0,0.0,0.0));
#12411=DIRECTION('',(0.0,0.0,1.0));
#12412=DIRECTION('',(1.0,0.0,0.0));
#12413=DIRECTION('',(0.0,0.0,-1.0));
#12414=DIRECTION('',(1.0,0.0,0.0));
#12415=DIRECTION('',(0.0,0.0,-1.0));
#12416=DIRECTION('',(0.0,-0.644702799660219,0.764433319597122));
#12417=DIRECTION('',(0.0,0.0,1.0));
#12418=DIRECTION('',(0.0,1.0,0.0));
#12419=CARTESIAN_POINT('',(-0.7,4.18,1.255));
#12420=DIRECTION('',(-1.0,0.0,0.0));
#12421=DIRECTION('',(0.0,-1.0,0.0));
#12422=DIRECTION('',(1.0,0.0,0.0));
#12423=CARTESIAN_POINT('',(0.7,4.18,1.255));
#12424=DIRECTION('',(-1.0,0.0,0.0));
#12425=DIRECTION('',(0.0,-1.0,0.0));
#12426=DIRECTION('',(0.0,1.0,0.0));
#12427=DIRECTION('',(0.0,0.0,1.0));
#12428=DIRECTION('',(0.0,-0.644702799660219,0.764433319597122));
#12429=DIRECTION('',(1.0,0.0,0.0));
#12430=DIRECTION('',(1.0,0.0,0.0));
#12431=DIRECTION('',(0.0,-1.0,0.0));
#12432=DIRECTION('',(0.0,0.0,1.0));
#12433=DIRECTION('',(0.0,1.0,0.0));
#12434=DIRECTION('',(-1.0,0.0,0.0));
#12435=DIRECTION('',(0.0,-1.0,0.0));
#12436=DIRECTION('',(1.0,0.0,0.0));
#12437=DIRECTION('',(0.0,-1.0,0.0));
#12438=DIRECTION('',(-1.0,0.0,0.0));
#12439=DIRECTION('',(0.0,-1.0,0.0));
#12440=DIRECTION('',(1.0,0.0,0.0));
#12441=DIRECTION('',(0.0,-1.0,0.0));
#12442=DIRECTION('',(-1.0,0.0,0.0));
#12443=DIRECTION('',(0.0,-1.0,0.0));
#12444=DIRECTION('',(1.0,0.0,0.0));
#12445=DIRECTION('',(0.0,-1.0,0.0));
#12446=DIRECTION('',(-1.0,0.0,0.0));
#12447=DIRECTION('',(0.0,-1.0,0.0));
#12448=DIRECTION('',(1.0,0.0,0.0));
#12449=DIRECTION('',(0.0,-1.0,0.0));
#12450=DIRECTION('',(1.0,0.0,0.0));
#12451=DIRECTION('',(0.0,1.0,0.0));
#12452=DIRECTION('',(0.0,1.0,0.0));
#12453=DIRECTION('',(-1.0,0.0,0.0));
#12454=DIRECTION('',(0.0,-1.0,0.0));
#12455=DIRECTION('',(-1.0,0.0,0.0));
#12456=DIRECTION('',(0.0,-1.0,0.0));
#12457=DIRECTION('',(1.0,0.0,0.0));
#12458=DIRECTION('',(0.0,-1.0,0.0));
#12459=DIRECTION('',(0.0,-1.0,0.0));
#12460=DIRECTION('',(0.0,0.0,-1.0));
#12461=DIRECTION('',(0.0,-1.0,0.0));
#12462=DIRECTION('',(0.0,0.0,1.0));
#12463=DIRECTION('',(0.0,-1.0,0.0));
#12464=DIRECTION('',(0.0,0.0,-1.0));
#12465=DIRECTION('',(0.0,-1.0,0.0));
#12466=DIRECTION('',(0.0,0.0,1.0));
#12467=DIRECTION('',(0.0,0.0,-1.0));
#12468=DIRECTION('',(0.0,1.0,0.0));
#12469=DIRECTION('',(0.0,0.0,-1.0));
#12470=DIRECTION('',(0.0,1.0,0.0));
#12471=DIRECTION('',(0.0,0.0,1.0));
#12472=DIRECTION('',(0.0,0.0,-1.0));
#12473=DIRECTION('',(0.0,-1.0,0.0));
#12474=DIRECTION('',(1.0,0.0,0.0));
#12475=DIRECTION('',(0.0,0.0,-1.0));
#12476=DIRECTION('',(-1.0,0.0,0.0));
#12477=DIRECTION('',(0.0,0.0,-1.0));
#12478=DIRECTION('',(0.0,0.0,-1.0));
#12479=DIRECTION('',(0.0,-1.0,0.0));
#12480=DIRECTION('',(0.0,0.0,-1.0));
#12481=DIRECTION('',(0.0,-1.0,0.0));
#12482=DIRECTION('',(0.0,-1.0,0.0));
#12483=DIRECTION('',(0.0,0.0,-1.0));
#12484=DIRECTION('',(0.0,-1.0,0.0));
#12485=DIRECTION('',(0.0,0.0,-1.0));
#12486=DIRECTION('',(0.0,0.0,-1.0));
#12487=DIRECTION('',(0.0,1.0,0.0));
#12488=DIRECTION('',(0.0,0.0,-1.0));
#12489=DIRECTION('',(0.0,1.0,0.0));
#12490=DIRECTION('',(0.0,0.0,-1.0));
#12491=DIRECTION('',(0.0,0.0,1.0));
#12492=DIRECTION('',(0.0,-1.0,0.0));
#12493=DIRECTION('',(1.0,0.0,0.0));
#12494=DIRECTION('',(1.0,0.0,0.0));
#12495=DIRECTION('',(1.0,0.0,0.0));
#12496=DIRECTION('',(0.0,0.0,1.0));
#12497=DIRECTION('',(-1.0,0.0,0.0));
#12498=DIRECTION('',(0.0,0.0,1.0));
#12499=DIRECTION('',(0.0,0.0,1.0));
#12500=DIRECTION('',(-1.0,0.0,0.0));
#12501=DIRECTION('',(0.0,0.0,1.0));
#12502=DIRECTION('',(1.0,0.0,0.0));
#12503=DIRECTION('',(0.0,0.939692620785897,0.342020143325699));
#12504=DIRECTION('',(0.0,1.0,0.0));
#12505=CARTESIAN_POINT('',(-6.32,-5.29,-4.685));
#12506=DIRECTION('',(1.0,0.0,-0.0));
#12507=DIRECTION('',(0.0,2.775557561563E-14,1.0));
#12508=DIRECTION('',(0.0,-1.0,0.0));
#12509=DIRECTION('',(0.0,-0.939692620785897,-0.342020143325699));
#12510=DIRECTION('',(0.0,0.0,1.0));
#12511=DIRECTION('',(0.0,1.0,0.0));
#12512=DIRECTION('',(0.0,1.0,0.0));
#12513=DIRECTION('',(0.0,0.0,1.0));
#12514=DIRECTION('',(0.0,0.0,1.0));
#12515=DIRECTION('',(0.0,1.0,0.0));
#12516=DIRECTION('',(0.0,1.0,0.0));
#12517=DIRECTION('',(0.0,0.0,-1.0));
#12518=DIRECTION('',(0.0,1.0,0.0));
#12519=DIRECTION('',(0.0,0.0,-1.0));
#12520=DIRECTION('',(0.0,1.0,0.0));
#12521=DIRECTION('',(0.0,-0.939692620785897,0.342020143325699));
#12522=DIRECTION('',(0.0,-1.0,0.0));
#12523=CARTESIAN_POINT('',(-6.32,5.27,-4.685));
#12524=DIRECTION('',(1.0,0.0,0.0));
#12525=DIRECTION('',(0.0,0.0,-1.0));
#12526=DIRECTION('',(0.0,1.0,0.0));
#12527=DIRECTION('',(0.0,0.939692620785897,-0.342020143325699));
#12528=DIRECTION('',(0.0,0.0,-1.0));
#12529=DIRECTION('',(0.0,0.0,-1.0));
#12530=DIRECTION('',(0.0,-1.0,0.0));
#12531=DIRECTION('',(0.0,1.0,0.0));
#12532=DIRECTION('',(0.0,0.0,-1.0));
#12533=DIRECTION('',(0.0,-1.0,0.0));
#12534=DIRECTION('',(0.0,0.0,1.0));
#12535=DIRECTION('',(0.0,1.0,0.0));
#12536=DIRECTION('',(-1.0,0.0,0.0));
#12537=DIRECTION('',(0.0,0.0,-1.0));
#12538=DIRECTION('',(0.0,0.0,1.0));
#12539=DIRECTION('',(-1.0,0.0,0.0));
#12540=DIRECTION('',(0.0,0.0,1.0));
#12541=DIRECTION('',(0.0,0.0,-1.0));
#12542=DIRECTION('',(-1.0,0.0,0.0));
#12543=DIRECTION('',(0.0,0.0,-1.0));
#12544=DIRECTION('',(0.0,0.0,1.0));
#12545=DIRECTION('',(-1.0,0.0,0.0));
#12546=DIRECTION('',(0.0,0.0,1.0));
#12547=DIRECTION('',(0.0,0.0,-1.0));
#12548=DIRECTION('',(-1.0,0.0,0.0));
#12549=DIRECTION('',(0.0,0.0,-1.0));
#12550=DIRECTION('',(0.0,0.0,1.0));
#12551=DIRECTION('',(-1.0,0.0,0.0));
#12552=DIRECTION('',(0.0,0.0,1.0));
#12553=DIRECTION('',(0.0,0.0,-1.0));
#12554=DIRECTION('',(-1.0,0.0,0.0));
#12555=DIRECTION('',(0.0,0.0,-1.0));
#12556=DIRECTION('',(0.0,0.0,1.0));
#12557=DIRECTION('',(-1.0,0.0,0.0));
#12558=DIRECTION('',(0.0,0.0,1.0));
#12559=DIRECTION('',(0.0,0.0,-1.0));
#12560=DIRECTION('',(-1.0,0.0,0.0));
#12561=DIRECTION('',(0.0,0.0,-1.0));
#12562=DIRECTION('',(0.0,0.0,-1.0));
#12563=DIRECTION('',(1.0,0.0,0.0));
#12564=DIRECTION('',(0.0,0.0,-1.0));
#12565=DIRECTION('',(0.0,0.0,-1.0));
#12566=DIRECTION('',(-1.0,0.0,0.0));
#12567=DIRECTION('',(-1.0,0.0,0.0));
#12568=DIRECTION('',(0.0,0.0,1.0));
#12569=DIRECTION('',(0.0,0.0,1.0));
#12570=DIRECTION('',(1.0,0.0,0.0));
#12571=DIRECTION('',(0.0,0.0,1.0));
#12572=DIRECTION('',(1.0,0.0,0.0));
#12573=DIRECTION('',(0.0,0.0,1.0));
#12574=DIRECTION('',(1.0,0.0,0.0));
#12575=DIRECTION('',(0.0,0.0,1.0));
#12576=DIRECTION('',(1.0,0.0,0.0));
#12577=DIRECTION('',(0.0,-1.0,0.0));
#12578=DIRECTION('',(1.0,0.0,0.0));
#12579=DIRECTION('',(0.0,1.0,0.0));
#12580=DIRECTION('',(0.0,-1.0,0.0));
#12581=DIRECTION('',(1.0,0.0,0.0));
#12582=DIRECTION('',(0.0,1.0,0.0));
#12583=DIRECTION('',(0.0,0.0,-1.0));
#12584=DIRECTION('',(0.0,1.0,0.0));
#12585=DIRECTION('',(1.0,0.0,0.0));
#12586=DIRECTION('',(0.0,-1.0,0.0));
#12587=DIRECTION('',(0.0,1.0,0.0));
#12588=DIRECTION('',(1.0,0.0,0.0));
#12589=DIRECTION('',(0.0,-1.0,0.0));
#12590=DIRECTION('',(0.0,0.0,-1.0));
#12591=DIRECTION('',(0.0,0.0,-1.0));
#12592=DIRECTION('',(0.0,0.0,-1.0));
#12593=DIRECTION('',(0.0,-0.939692620785897,-0.342020143325699));
#12594=DIRECTION('',(0.0,-1.0,0.0));
#12595=CARTESIAN_POINT('',(-5.68,-5.29,-4.685));
#12596=DIRECTION('',(1.0,0.0,-0.0));
#12597=DIRECTION('',(0.0,2.775557561563E-14,1.0));
#12598=DIRECTION('',(0.0,1.0,0.0));
#12599=DIRECTION('',(0.0,0.939692620785897,0.342020143325699));
#12600=DIRECTION('',(0.0,1.0,0.0));
#12601=DIRECTION('',(0.0,1.0,0.0));
#12602=DIRECTION('',(0.0,0.0,1.0));
#12603=DIRECTION('',(0.0,1.0,0.0));
#12604=DIRECTION('',(0.0,0.0,1.0));
#12605=DIRECTION('',(0.0,1.0,0.0));
#12606=DIRECTION('',(0.0,0.0,-1.0));
#12607=DIRECTION('',(0.0,1.0,0.0));
#12608=DIRECTION('',(0.0,0.0,-1.0));
#12609=DIRECTION('',(0.0,1.0,0.0));
#12610=DIRECTION('',(0.0,0.939692620785897,-0.342020143325699));
#12611=DIRECTION('',(0.0,1.0,0.0));
#12612=CARTESIAN_POINT('',(-5.68,5.27,-4.685));
#12613=DIRECTION('',(1.0,0.0,0.0));
#12614=DIRECTION('',(0.0,0.0,-1.0));
#12615=DIRECTION('',(0.0,-1.0,0.0));
#12616=DIRECTION('',(0.0,-0.939692620785897,0.342020143325699));
#12617=DIRECTION('',(0.0,0.0,-1.0));
#12618=DIRECTION('',(0.0,-1.0,0.0));
#12619=DIRECTION('',(0.0,0.0,-1.0));
#12620=DIRECTION('',(0.0,1.0,0.0));
#12621=DIRECTION('',(0.0,0.0,1.0));
#12622=DIRECTION('',(0.0,-1.0,0.0));
#12623=DIRECTION('',(0.0,0.0,-1.0));
#12624=DIRECTION('',(0.0,1.0,0.0));
#12625=DIRECTION('',(-1.0,0.0,0.0));
#12626=DIRECTION('',(-1.0,0.0,0.0));
#12627=DIRECTION('',(-1.0,0.0,0.0));
#12628=DIRECTION('',(-1.0,0.0,0.0));
#12629=DIRECTION('',(-1.0,0.0,0.0));
#12630=DIRECTION('',(0.0,0.0,-1.0));
#12631=DIRECTION('',(-1.0,0.0,0.0));
#12632=DIRECTION('',(0.0,0.0,1.0));
#12633=DIRECTION('',(1.0,0.0,0.0));
#12634=DIRECTION('',(0.0,0.0,-1.0));
#12635=DIRECTION('',(0.0,0.0,1.0));
#12636=DIRECTION('',(-1.0,0.0,0.0));
#12637=DIRECTION('',(0.0,0.0,1.0));
#12638=DIRECTION('',(0.0,0.0,-1.0));
#12639=DIRECTION('',(1.0,0.0,0.0));
#12640=DIRECTION('',(0.0,0.0,-1.0));
#12641=DIRECTION('',(0.0,0.0,1.0));
#12642=DIRECTION('',(-1.0,0.0,0.0));
#12643=DIRECTION('',(0.0,0.0,1.0));
#12644=DIRECTION('',(0.0,0.0,-1.0));
#12645=DIRECTION('',(1.0,0.0,0.0));
#12646=DIRECTION('',(0.0,0.0,-1.0));
#12647=DIRECTION('',(0.0,0.0,1.0));
#12648=DIRECTION('',(-1.0,0.0,0.0));
#12649=DIRECTION('',(0.0,0.0,1.0));
#12650=DIRECTION('',(0.0,0.0,-1.0));
#12651=DIRECTION('',(1.0,0.0,0.0));
#12652=DIRECTION('',(0.0,0.0,-1.0));
#12653=DIRECTION('',(-1.0,0.0,0.0));
#12654=DIRECTION('',(0.0,0.0,1.0));
#12655=DIRECTION('',(0.0,0.0,-1.0));
#12656=DIRECTION('',(1.0,0.0,0.0));
#12657=DIRECTION('',(1.0,0.0,0.0));
#12658=DIRECTION('',(0.0,0.0,-1.0));
#12659=DIRECTION('',(-1.0,0.0,0.0));
#12660=DIRECTION('',(0.0,-1.0,0.0));
#12661=DIRECTION('',(0.0,0.0,-1.0));
#12662=DIRECTION('',(0.0,-1.0,0.0));
#12663=DIRECTION('',(0.0,0.0,1.0));
#12664=DIRECTION('',(0.0,-1.0,0.0));
#12665=DIRECTION('',(0.0,0.0,-1.0));
#12666=DIRECTION('',(0.0,-1.0,0.0));
#12667=DIRECTION('',(0.0,0.0,1.0));
#12668=DIRECTION('',(0.0,1.0,0.0));
#12669=DIRECTION('',(0.0,1.0,0.0));
#12670=DIRECTION('',(0.0,0.0,1.0));
#12671=DIRECTION('',(0.0,-1.0,0.0));
#12672=DIRECTION('',(0.0,0.0,-1.0));
#12673=DIRECTION('',(1.0,0.0,0.0));
#12674=DIRECTION('',(0.0,0.0,1.0));
#12675=DIRECTION('',(0.0,0.0,-1.0));
#12676=DIRECTION('',(-1.0,0.0,0.0));
#12677=DIRECTION('',(0.0,0.0,-1.0));
#12678=DIRECTION('',(0.0,1.0,0.0));
#12679=DIRECTION('',(0.0,0.0,1.0));
#12680=DIRECTION('',(0.0,1.0,0.0));
#12681=DIRECTION('',(0.0,-0.939692620785897,-0.342020143325699));
#12682=DIRECTION('',(0.0,-1.0,0.0));
#12683=CARTESIAN_POINT('',(6.32,-5.29,-4.685));
#12684=DIRECTION('',(1.0,0.0,-0.0));
#12685=DIRECTION('',(0.0,2.775557561563E-14,1.0));
#12686=DIRECTION('',(0.0,1.0,0.0));
#12687=DIRECTION('',(0.0,0.939692620785897,0.342020143325699));
#12688=DIRECTION('',(0.0,0.0,-1.0));
#12689=DIRECTION('',(0.0,1.0,0.0));
#12690=DIRECTION('',(0.0,0.0,-1.0));
#12691=DIRECTION('',(0.0,1.0,0.0));
#12692=DIRECTION('',(0.0,1.0,0.0));
#12693=DIRECTION('',(0.0,0.0,1.0));
#12694=DIRECTION('',(0.0,1.0,0.0));
#12695=DIRECTION('',(0.0,0.939692620785897,-0.342020143325699));
#12696=DIRECTION('',(0.0,1.0,0.0));
#12697=CARTESIAN_POINT('',(6.32,5.27,-4.685));
#12698=DIRECTION('',(1.0,0.0,0.0));
#12699=DIRECTION('',(0.0,0.0,-1.0));
#12700=DIRECTION('',(0.0,-1.0,0.0));
#12701=DIRECTION('',(0.0,-0.939692620785897,0.342020143325699));
#12702=DIRECTION('',(0.0,0.0,1.0));
#12703=DIRECTION('',(0.0,0.0,-1.0));
#12704=DIRECTION('',(0.0,1.0,0.0));
#12705=DIRECTION('',(0.0,0.0,1.0));
#12706=DIRECTION('',(0.0,-1.0,0.0));
#12707=DIRECTION('',(0.0,0.0,-1.0));
#12708=DIRECTION('',(0.0,1.0,0.0));
#12709=DIRECTION('',(0.0,0.0,1.0));
#12710=DIRECTION('',(0.0,-1.0,0.0));
#12711=DIRECTION('',(-1.0,0.0,0.0));
#12712=DIRECTION('',(0.0,1.0,0.0));
#12713=DIRECTION('',(-1.0,0.0,0.0));
#12714=DIRECTION('',(0.0,1.0,0.0));
#12715=DIRECTION('',(-1.0,0.0,0.0));
#12716=DIRECTION('',(0.0,1.0,0.0));
#12717=DIRECTION('',(1.0,0.0,0.0));
#12718=DIRECTION('',(0.0,1.0,0.0));
#12719=DIRECTION('',(1.0,0.0,0.0));
#12720=DIRECTION('',(0.0,1.0,0.0));
#12721=DIRECTION('',(1.0,0.0,0.0));
#12722=DIRECTION('',(0.0,1.0,0.0));
#12723=DIRECTION('',(1.0,0.0,0.0));
#12724=DIRECTION('',(0.0,1.0,0.0));
#12725=DIRECTION('',(0.0,1.0,0.0));
#12726=DIRECTION('',(0.0,-1.0,0.0));
#12727=DIRECTION('',(0.0,1.0,0.0));
#12728=DIRECTION('',(0.0,-1.0,0.0));
#12729=DIRECTION('',(0.0,1.0,0.0));
#12730=DIRECTION('',(-1.0,0.0,0.0));
#12731=DIRECTION('',(0.0,1.0,0.0));
#12732=DIRECTION('',(0.0,-1.0,0.0));
#12733=DIRECTION('',(0.0,1.0,0.0));
#12734=DIRECTION('',(0.0,-1.0,0.0));
#12735=DIRECTION('',(0.0,1.0,0.0));
#12736=DIRECTION('',(0.0,1.0,0.0));
#12737=DIRECTION('',(0.0,-1.0,0.0));
#12738=DIRECTION('',(0.0,1.0,0.0));
#12739=DIRECTION('',(0.0,-1.0,0.0));
#12740=DIRECTION('',(0.0,1.0,0.0));
#12741=DIRECTION('',(-1.0,0.0,0.0));
#12742=DIRECTION('',(0.0,1.0,0.0));
#12743=DIRECTION('',(0.0,-1.0,0.0));
#12744=DIRECTION('',(0.0,1.0,0.0));
#12745=DIRECTION('',(0.0,-1.0,0.0));
#12746=DIRECTION('',(0.0,1.0,0.0));
#12747=DIRECTION('',(0.0,1.0,0.0));
#12748=DIRECTION('',(0.0,-1.0,0.0));
#12749=DIRECTION('',(0.0,1.0,0.0));
#12750=DIRECTION('',(0.0,-1.0,0.0));
#12751=DIRECTION('',(0.0,1.0,0.0));
#12752=DIRECTION('',(-1.0,0.0,0.0));
#12753=DIRECTION('',(0.0,1.0,0.0));
#12754=DIRECTION('',(0.0,-1.0,0.0));
#12755=DIRECTION('',(0.0,1.0,0.0));
#12756=DIRECTION('',(0.0,-1.0,0.0));
#12757=DIRECTION('',(0.0,1.0,0.0));
#12758=DIRECTION('',(-1.0,0.0,0.0));
#12759=DIRECTION('',(0.0,1.0,0.0));
#12760=DIRECTION('',(0.0,-1.0,0.0));
#12761=DIRECTION('',(0.0,1.0,0.0));
#12762=DIRECTION('',(0.0,-1.0,0.0));
#12763=DIRECTION('',(0.0,1.0,0.0));
#12764=DIRECTION('',(0.0,-1.0,0.0));
#12765=DIRECTION('',(1.0,0.0,0.0));
#12766=DIRECTION('',(0.0,1.0,0.0));
#12767=DIRECTION('',(1.0,0.0,0.0));
#12768=DIRECTION('',(0.0,-1.0,0.0));
#12769=DIRECTION('',(-1.0,0.0,0.0));
#12770=DIRECTION('',(-1.0,0.0,0.0));
#12771=DIRECTION('',(0.0,1.0,0.0));
#12772=DIRECTION('',(-1.0,0.0,0.0));
#12773=DIRECTION('',(0.0,1.0,0.0));
#12774=DIRECTION('',(-1.0,0.0,0.0));
#12775=DIRECTION('',(0.0,1.0,0.0));
#12776=DIRECTION('',(-1.0,0.0,0.0));
#12777=DIRECTION('',(0.0,1.0,0.0));
#12778=DIRECTION('',(0.0,-0.695022096847494,0.718988376049094));
#12779=DIRECTION('',(0.0,0.573576436351011,0.819152044289016));
#12780=DIRECTION('',(0.0,1.0,0.0));
#12781=DIRECTION('',(0.0,-0.566023207296014,-0.824389306579321));
#12782=DIRECTION('',(0.0,0.0,-1.0));
#12783=DIRECTION('',(0.0,0.0,1.0));
#12784=DIRECTION('',(0.0,-0.477158760259587,0.878817112661977));
#12785=DIRECTION('',(0.0,1.0,0.0));
#12786=DIRECTION('',(0.0,0.573576436351011,-0.819152044289016));
#12787=DIRECTION('',(0.0,-0.695022096847494,-0.718988376049094));
#12788=DIRECTION('',(0.0,0.0,-1.0));
#12789=DIRECTION('',(0.0,0.0,1.0));
#12790=DIRECTION('',(0.0,0.0,1.0));
#12791=DIRECTION('',(1.0,0.0,0.0));
#12792=DIRECTION('',(0.0,-0.695022096847494,0.718988376049094));
#12793=DIRECTION('',(1.0,0.0,0.0));
#12794=DIRECTION('',(0.0,0.573576436351011,0.819152044289016));
#12795=DIRECTION('',(1.0,0.0,0.0));
#12796=DIRECTION('',(0.0,1.0,0.0));
#12797=DIRECTION('',(1.0,0.0,0.0));
#12798=DIRECTION('',(0.0,-0.566023207296014,-0.824389306579321));
#12799=DIRECTION('',(1.0,0.0,0.0));
#12800=DIRECTION('',(0.0,0.0,-1.0));
#12801=DIRECTION('',(0.0,0.0,-1.0));
#12802=DIRECTION('',(0.0,-0.695022096847494,-0.718988376049094));
#12803=DIRECTION('',(0.0,0.573576436351011,-0.819152044289016));
#12804=DIRECTION('',(0.0,1.0,0.0));
#12805=DIRECTION('',(0.0,-0.477158760259587,0.878817112661977));
#12806=DIRECTION('',(0.0,0.0,1.0));
#12807=DIRECTION('',(1.0,0.0,0.0));
#12808=DIRECTION('',(1.0,0.0,0.0));
#12809=DIRECTION('',(1.0,0.0,0.0));
#12810=DIRECTION('',(1.0,0.0,0.0));
#12811=DIRECTION('',(1.0,0.0,0.0));
#12812=DIRECTION('',(0.0,0.0,-1.0));
#12813=DIRECTION('',(0.0,-0.566023207296014,-0.824389306579321));
#12814=DIRECTION('',(0.0,1.0,0.0));
#12815=DIRECTION('',(0.0,0.573576436351011,0.819152044289016));
#12816=DIRECTION('',(0.0,-0.695022096847494,0.718988376049094));
#12817=DIRECTION('',(0.0,0.0,1.0));
#12818=DIRECTION('',(0.0,-0.695022096847494,-0.718988376049094));
#12819=DIRECTION('',(0.0,0.573576436351011,-0.819152044289016));
#12820=DIRECTION('',(0.0,1.0,0.0));
#12821=DIRECTION('',(0.0,-0.477158760259587,0.878817112661977));
#12822=DIRECTION('',(0.0,0.0,1.0));
#12823=DIRECTION('',(0.0,0.0,-1.0));
#12824=DIRECTION('',(-1.0,0.0,0.0));
#12825=DIRECTION('',(0.0,0.0,1.0));
#12826=DIRECTION('',(0.0,-0.695022096847494,0.718988376049094));
#12827=DIRECTION('',(0.0,0.573576436351011,0.819152044289016));
#12828=DIRECTION('',(0.0,1.0,0.0));
#12829=DIRECTION('',(0.0,-0.566023207296014,-0.824389306579321));
#12830=DIRECTION('',(0.0,0.0,-1.0));
#12831=DIRECTION('',(0.0,0.0,1.0));
#12832=DIRECTION('',(0.0,-0.477158760259587,0.878817112661977));
#12833=DIRECTION('',(0.0,1.0,0.0));
#12834=DIRECTION('',(0.0,0.573576436351011,-0.819152044289016));
#12835=DIRECTION('',(0.0,-0.695022096847494,-0.718988376049094));
#12836=DIRECTION('',(0.0,0.0,-1.0));
#12837=DIRECTION('',(-1.0,0.0,0.0));
#12838=DIRECTION('',(-1.0,0.0,0.0));
#12839=DIRECTION('',(-1.0,0.0,0.0));
#12840=DIRECTION('',(-1.0,0.0,0.0));
#12841=DIRECTION('',(-1.0,0.0,0.0));
#12842=DIRECTION('',(-1.0,0.0,0.0));
#12843=DIRECTION('',(-1.0,0.0,0.0));
#12844=DIRECTION('',(-1.0,0.0,0.0));
#12845=DIRECTION('',(-1.0,0.0,0.0));
#12846=DIRECTION('',(0.0,0.0,-1.0));
#12847=DIRECTION('',(0.0,-1.0,0.0));
#12848=DIRECTION('',(0.0,0.0,-1.0));
#12849=DIRECTION('',(0.0,1.0,0.0));
#12850=DIRECTION('',(0.0,0.0,-1.0));
#12851=DIRECTION('',(0.0,-1.0,0.0));
#12852=DIRECTION('',(0.0,0.0,1.0));
#12853=DIRECTION('',(-1.0,0.0,0.0));
#12854=DIRECTION('',(0.0,0.0,1.0));
#12855=DIRECTION('',(0.0,-1.0,0.0));
#12856=DIRECTION('',(0.0,0.0,-1.0));
#12857=DIRECTION('',(-1.0,0.0,0.0));
#12858=DIRECTION('',(0.0,1.0,0.0));
#12859=DIRECTION('',(-1.0,0.0,0.0));
#12860=DIRECTION('',(0.0,-1.0,0.0));
#12861=DIRECTION('',(0.0,1.0,0.0));
#12862=DIRECTION('',(0.0,1.0,0.0));
#12863=DIRECTION('',(0.0,1.0,0.0));
#12864=DIRECTION('',(0.0,1.0,0.0));
#12865=DIRECTION('',(0.0,1.0,0.0));
#12866=DIRECTION('',(-1.0,0.0,0.0));
#12867=DIRECTION('',(0.0,1.0,0.0));
#12868=DIRECTION('',(0.0,1.0,0.0));
#12869=DIRECTION('',(0.0,1.0,0.0));
#12870=DIRECTION('',(0.0,-1.0,0.0));
#12871=DIRECTION('',(0.0,0.0,-1.0));
#12872=DIRECTION('',(0.0,0.0,1.0));
#12873=DIRECTION('',(0.0,1.0,0.0));
#12874=DIRECTION('',(0.0,0.0,1.0));
#12875=DIRECTION('',(0.0,0.0,1.0));
#12876=DIRECTION('',(0.0,0.0,1.0));
#12877=DIRECTION('',(1.0,0.0,0.0));
#12878=DIRECTION('',(0.0,-1.0,0.0));
#12879=DIRECTION('',(1.0,0.0,0.0));
#12880=DIRECTION('',(0.0,0.0,-1.0));
#12881=DIRECTION('',(0.0,0.0,-1.0));
#12882=DIRECTION('',(0.0,0.0,1.0));
#12883=DIRECTION('',(0.0,0.0,1.0));
#12884=DIRECTION('',(0.0,0.0,-1.0));
#12885=DIRECTION('',(0.0,0.0,-1.0));
#12886=DIRECTION('',(0.0,0.0,1.0));
#12887=DIRECTION('',(0.0,0.0,1.0));
#12888=DIRECTION('',(0.0,0.0,-1.0));
#12889=DIRECTION('',(0.0,0.0,-1.0));
#12890=DIRECTION('',(0.0,0.0,1.0));
#12891=DIRECTION('',(0.0,0.0,1.0));
#12892=DIRECTION('',(0.0,0.0,-1.0));
#12893=DIRECTION('',(0.0,0.0,1.0));
#12894=DIRECTION('',(0.0,0.0,-1.0));
#12895=DIRECTION('',(0.0,0.939692620785897,0.342020143325699));
#12896=DIRECTION('',(0.0,1.0,0.0));
#12897=CARTESIAN_POINT('',(5.68,-5.29,-4.685));
#12898=DIRECTION('',(1.0,0.0,-0.0));
#12899=DIRECTION('',(0.0,2.775557561563E-14,1.0));
#12900=DIRECTION('',(0.0,-1.0,0.0));
#12901=DIRECTION('',(0.0,-0.939692620785897,-0.342020143325699));
#12902=DIRECTION('',(0.0,1.0,0.0));
#12903=DIRECTION('',(0.0,0.0,-1.0));
#12904=DIRECTION('',(0.0,0.0,1.0));
#12905=DIRECTION('',(0.0,1.0,0.0));
#12906=DIRECTION('',(0.0,0.0,1.0));
#12907=DIRECTION('',(0.0,1.0,0.0));
#12908=DIRECTION('',(0.0,-0.939692620785897,0.342020143325699));
#12909=DIRECTION('',(0.0,-1.0,0.0));
#12910=CARTESIAN_POINT('',(5.68,5.27,-4.685));
#12911=DIRECTION('',(1.0,0.0,0.0));
#12912=DIRECTION('',(0.0,0.0,-1.0));
#12913=DIRECTION('',(0.0,1.0,0.0));
#12914=DIRECTION('',(0.0,0.939692620785897,-0.342020143325699));
#12915=DIRECTION('',(0.0,0.0,1.0));
#12916=DIRECTION('',(0.0,0.0,1.0));
#12917=DIRECTION('',(0.0,1.0,0.0));
#12918=DIRECTION('',(0.0,0.0,-1.0));
#12919=DIRECTION('',(0.0,1.0,0.0));
#12920=DIRECTION('',(0.0,0.0,1.0));
#12921=DIRECTION('',(0.0,1.0,0.0));
#12922=DIRECTION('',(0.0,0.0,-1.0));
#12923=DIRECTION('',(0.0,1.0,0.0));
#12924=DIRECTION('',(-1.0,0.0,0.0));
#12925=DIRECTION('',(-1.0,0.0,0.0));
#12926=DIRECTION('',(-1.0,0.0,0.0));
#12927=DIRECTION('',(-1.0,0.0,0.0));
#12928=DIRECTION('',(-1.0,0.0,0.0));
#12929=DIRECTION('',(0.0,1.0,0.0));
#12930=DIRECTION('',(-1.0,0.0,0.0));
#12931=DIRECTION('',(0.0,0.0,-1.0));
#12932=DIRECTION('',(1.0,0.0,0.0));
#12933=DIRECTION('',(1.0,0.0,0.0));
#12934=DIRECTION('',(-1.0,0.0,0.0));
#12935=DIRECTION('',(1.0,0.0,0.0));
#12936=DIRECTION('',(0.0,-1.0,0.0));
#12937=DIRECTION('',(1.0,0.0,0.0));
#12938=DIRECTION('',(0.0,-1.0,0.0));
#12939=DIRECTION('',(0.0,0.0,-1.0));
#12940=DIRECTION('',(-1.0,0.0,0.0));
#12941=DIRECTION('',(1.0,0.0,0.0));
#12942=DIRECTION('',(-1.0,0.0,0.0));
#12943=DIRECTION('',(0.0,-1.0,0.0));
#12944=DIRECTION('',(-1.0,0.0,0.0));
#12945=DIRECTION('',(-1.0,0.0,0.0));
#12946=DIRECTION('',(-1.0,0.0,0.0));
#12947=DIRECTION('',(-1.0,0.0,0.0));
#12948=DIRECTION('',(-1.0,0.0,0.0));
#12949=DIRECTION('',(-1.0,0.0,0.0));
#12950=DIRECTION('',(1.0,0.0,0.0));
#12951=DIRECTION('',(0.0,0.0,-1.0));
#12952=DIRECTION('',(0.0,0.0,-1.0));
#12953=DIRECTION('',(0.0,0.0,-1.0));
#12954=DIRECTION('',(0.0,0.0,-1.0));
#12955=DIRECTION('',(-1.0,0.0,0.0));
#12956=DIRECTION('',(0.0,0.0,-1.0));
#12957=DIRECTION('',(0.0,0.0,-1.0));
#12958=DIRECTION('',(0.0,0.0,-1.0));
#12959=DIRECTION('',(0.0,0.0,-1.0));
#12960=DIRECTION('',(-1.0,0.0,0.0));
#12961=DIRECTION('',(0.0,0.0,-1.0));
#12962=DIRECTION('',(0.0,0.0,-1.0));
#12963=DIRECTION('',(0.0,0.0,-1.0));
#12964=DIRECTION('',(0.0,0.0,-1.0));
#12965=DIRECTION('',(-1.0,0.0,0.0));
#12966=DIRECTION('',(0.0,0.0,-1.0));
#12967=DIRECTION('',(0.0,0.0,-1.0));
#12968=DIRECTION('',(-1.0,0.0,0.0));
#12969=DIRECTION('',(-1.0,0.0,0.0));
#12970=DIRECTION('',(-1.0,0.0,0.0));
#12971=DIRECTION('',(-1.0,0.0,0.0));
#12972=DIRECTION('',(-1.0,0.0,0.0));
#12973=DIRECTION('',(-1.0,0.0,0.0));
#12974=DIRECTION('',(-1.0,0.0,0.0));
#12975=DIRECTION('',(-1.0,0.0,0.0));
#12976=DIRECTION('',(1.0,0.0,0.0));
#12977=DIRECTION('',(1.0,0.0,0.0));
#12978=DIRECTION('',(0.707106781186548,0.707106781186548,0.0));
#12979=DIRECTION('',(0.0,1.0,0.0));
#12980=DIRECTION('',(-1.0,0.0,0.0));
#12981=DIRECTION('',(0.0,-1.0,0.0));
#12982=DIRECTION('',(1.0,0.0,0.0));
#12983=DIRECTION('',(0.0,-1.0,0.0));
#12984=DIRECTION('',(1.0,0.0,0.0));
#12985=DIRECTION('',(0.0,1.0,0.0));
#12986=DIRECTION('',(-1.0,0.0,0.0));
#12987=DIRECTION('',(1.0,0.0,0.0));
#12988=DIRECTION('',(0.707106781186548,-0.707106781186548,0.0));
#12989=DIRECTION('',(1.0,0.0,0.0));
#12990=DIRECTION('',(0.0,1.0,0.0));
#12991=DIRECTION('',(-1.0,0.0,0.0));
#12992=DIRECTION('',(0.0,-1.0,0.0));
#12993=DIRECTION('',(1.0,0.0,0.0));
#12994=DIRECTION('',(0.0,1.0,0.0));
#12995=DIRECTION('',(1.0,0.0,0.0));
#12996=DIRECTION('',(0.0,1.0,0.0));
#12997=DIRECTION('',(0.707106781186548,0.707106781186548,0.0));
#12998=DIRECTION('',(0.0,1.0,0.0));
#12999=DIRECTION('',(-1.0,0.0,0.0));
#13000=DIRECTION('',(0.0,-1.0,0.0));
#13001=DIRECTION('',(1.0,0.0,0.0));
#13002=DIRECTION('',(1.0,0.0,0.0));
#13003=DIRECTION('',(0.0,1.0,0.0));
#13004=DIRECTION('',(1.0,0.0,0.0));
#13005=DIRECTION('',(0.0,1.0,0.0));
#13006=DIRECTION('',(0.707106781186548,0.707106781186548,0.0));
#13007=DIRECTION('',(0.0,1.0,0.0));
#13008=DIRECTION('',(-1.0,0.0,0.0));
#13009=DIRECTION('',(0.0,-1.0,0.0));
#13010=DIRECTION('',(1.0,0.0,0.0));
#13011=DIRECTION('',(1.0,0.0,0.0));
#13012=DIRECTION('',(0.0,1.0,0.0));
#13013=DIRECTION('',(1.0,0.0,0.0));
#13014=DIRECTION('',(0.0,1.0,0.0));
#13015=DIRECTION('',(0.0,-1.0,0.0));
#13016=DIRECTION('',(0.707106781186548,-0.707106781186548,0.0));
#13017=DIRECTION('',(1.0,0.0,0.0));
#13018=DIRECTION('',(0.0,1.0,0.0));
#13019=DIRECTION('',(-1.0,0.0,0.0));
#13020=DIRECTION('',(1.0,0.0,0.0));
#13021=DIRECTION('',(0.0,1.0,0.0));
#13022=DIRECTION('',(1.0,0.0,0.0));
#13023=DIRECTION('',(0.0,1.0,0.0));
#13024=DIRECTION('',(0.707106781186548,0.707106781186548,0.0));
#13025=DIRECTION('',(0.0,1.0,0.0));
#13026=DIRECTION('',(-1.0,0.0,0.0));
#13027=DIRECTION('',(0.0,-1.0,0.0));
#13028=DIRECTION('',(1.0,0.0,0.0));
#13029=DIRECTION('',(1.0,0.0,0.0));
#13030=DIRECTION('',(0.0,1.0,0.0));
#13031=DIRECTION('',(1.0,0.0,0.0));
#13032=DIRECTION('',(0.0,1.0,0.0));
#13033=DIRECTION('',(0.707106781186548,0.707106781186548,0.0));
#13034=DIRECTION('',(0.0,1.0,0.0));
#13035=DIRECTION('',(-1.0,0.0,0.0));
#13036=DIRECTION('',(0.0,-1.0,0.0));
#13037=DIRECTION('',(1.0,0.0,0.0));
#13038=DIRECTION('',(1.0,0.0,0.0));
#13039=DIRECTION('',(0.0,1.0,0.0));
#13040=DIRECTION('',(1.0,0.0,0.0));
#13041=DIRECTION('',(0.0,1.0,0.0));
#13042=DIRECTION('',(0.0,-1.0,0.0));
#13043=DIRECTION('',(0.707106781186548,-0.707106781186548,0.0));
#13044=DIRECTION('',(1.0,0.0,0.0));
#13045=DIRECTION('',(0.0,1.0,0.0));
#13046=DIRECTION('',(-1.0,0.0,0.0));
#13047=DIRECTION('',(1.0,0.0,0.0));
#13048=DIRECTION('',(0.0,1.0,0.0));
#13049=DIRECTION('',(-1.0,0.0,0.0));
#13050=DIRECTION('',(0.0,-1.0,0.0));
#13051=DIRECTION('',(0.707106781186548,-0.707106781186548,0.0));
#13052=DIRECTION('',(1.0,0.0,0.0));
#13053=DIRECTION('',(1.0,0.0,0.0));
#13054=DIRECTION('',(0.0,0.0,-1.0));
#13055=DIRECTION('',(0.0,0.0,-1.0));
#13056=DIRECTION('',(0.0,-1.0,0.0));
#13057=DIRECTION('',(-1.0,0.0,0.0));
#13058=DIRECTION('',(0.0,1.0,0.0));
#13059=DIRECTION('',(0.707106781186548,0.707106781186548,0.0));
#13060=DIRECTION('',(1.0,0.0,0.0));
#13061=DIRECTION('',(0.0,1.0,0.0));
#13062=DIRECTION('',(1.0,0.0,0.0));
#13063=DIRECTION('',(0.0,-1.0,0.0));
#13064=DIRECTION('',(-1.0,0.0,0.0));
#13065=DIRECTION('',(0.0,-1.0,0.0));
#13066=DIRECTION('',(-1.0,0.0,0.0));
#13067=DIRECTION('',(0.0,1.0,0.0));
#13068=DIRECTION('',(0.707106781186548,0.707106781186548,0.0));
#13069=DIRECTION('',(1.0,0.0,0.0));
#13070=DIRECTION('',(0.0,1.0,0.0));
#13071=DIRECTION('',(1.0,0.0,0.0));
#13072=DIRECTION('',(0.707106781186548,-0.707106781186548,0.0));
#13073=DIRECTION('',(0.0,-1.0,0.0));
#13074=DIRECTION('',(-1.0,0.0,0.0));
#13075=DIRECTION('',(0.707106781186548,-0.707106781186548,0.0));
#13076=DIRECTION('',(0.0,-1.0,0.0));
#13077=DIRECTION('',(-1.0,0.0,0.0));
#13078=DIRECTION('',(0.0,1.0,0.0));
#13079=DIRECTION('',(1.0,0.0,0.0));
#13080=DIRECTION('',(-1.0,0.0,0.0));
#13081=DIRECTION('',(0.0,1.0,0.0));
#13082=DIRECTION('',(1.0,0.0,0.0));
#13083=DIRECTION('',(0.707106781186548,-0.707106781186548,0.0));
#13084=DIRECTION('',(0.0,-1.0,0.0));
#13085=DIRECTION('',(0.0,-1.0,0.0));
#13086=DIRECTION('',(-1.0,0.0,0.0));
#13087=DIRECTION('',(0.0,1.0,0.0));
#13088=DIRECTION('',(0.707106781186548,0.707106781186548,0.0));
#13089=DIRECTION('',(1.0,0.0,0.0));
#13090=DIRECTION('',(0.0,-1.0,0.0));
#13091=DIRECTION('',(-1.0,0.0,0.0));
#13092=DIRECTION('',(0.0,1.0,0.0));
#13093=DIRECTION('',(0.707106781186548,0.707106781186548,0.0));
#13094=DIRECTION('',(1.0,0.0,0.0));
#13095=DIRECTION('',(0.0,1.0,0.0));
#13096=DIRECTION('',(1.0,0.0,0.0));
#13097=DIRECTION('',(0.707106781186548,-0.707106781186548,0.0));
#13098=DIRECTION('',(0.0,-1.0,0.0));
#13099=DIRECTION('',(-1.0,0.0,0.0));
#13100=DIRECTION('',(0.0,-1.0,0.0));
#13101=DIRECTION('',(-1.0,0.0,0.0));
#13102=DIRECTION('',(0.0,1.0,0.0));
#13103=DIRECTION('',(0.707106781186548,0.707106781186548,0.0));
#13104=DIRECTION('',(1.0,0.0,0.0));
#13105=DIRECTION('',(0.0,0.0,-1.0));
#13106=DIRECTION('',(0.0,0.0,-1.0));
#13107=DIRECTION('',(0.0,0.0,-1.0));
#13108=DIRECTION('',(0.0,0.0,-1.0));
#13109=DIRECTION('',(0.0,0.0,-1.0));
#13110=DIRECTION('',(0.0,0.0,-1.0));
#13111=DIRECTION('',(0.0,0.0,-1.0));
#13112=DIRECTION('',(0.0,0.0,-1.0));
#13113=DIRECTION('',(0.0,0.0,-1.0));
#13114=DIRECTION('',(0.0,0.0,-1.0));
#13115=DIRECTION('',(0.0,0.0,-1.0));
#13116=DIRECTION('',(0.0,0.0,-1.0));
#13117=DIRECTION('',(0.0,0.0,-1.0));
#13118=DIRECTION('',(0.0,0.0,-1.0));
#13119=DIRECTION('',(0.0,0.0,-1.0));
#13120=DIRECTION('',(0.0,0.0,-1.0));
#13121=DIRECTION('',(0.0,0.0,-1.0));
#13122=DIRECTION('',(0.0,0.0,-1.0));
#13123=DIRECTION('',(0.0,0.0,-1.0));
#13124=DIRECTION('',(0.0,0.0,-1.0));
#13125=DIRECTION('',(0.0,0.0,-1.0));
#13126=DIRECTION('',(0.0,0.0,-1.0));
#13127=DIRECTION('',(0.0,0.0,-1.0));
#13128=DIRECTION('',(0.0,0.0,-1.0));
#13129=DIRECTION('',(0.0,0.0,-1.0));
#13130=DIRECTION('',(0.0,0.0,-1.0));
#13131=DIRECTION('',(0.0,0.0,-1.0));
#13132=DIRECTION('',(0.0,0.0,-1.0));
#13133=DIRECTION('',(0.0,0.0,-1.0));
#13134=DIRECTION('',(0.0,0.0,-1.0));
#13135=DIRECTION('',(0.0,0.0,-1.0));
#13136=DIRECTION('',(0.0,0.0,-1.0));
#13137=DIRECTION('',(0.0,0.0,-1.0));
#13138=DIRECTION('',(0.0,0.0,-1.0));
#13139=DIRECTION('',(0.0,0.0,-1.0));
#13140=DIRECTION('',(0.0,0.0,-1.0));
#13141=DIRECTION('',(0.0,0.0,-1.0));
#13142=DIRECTION('',(0.0,0.0,-1.0));
#13143=DIRECTION('',(0.0,0.0,-1.0));
#13144=DIRECTION('',(0.0,0.0,-1.0));
#13145=DIRECTION('',(0.0,0.0,-1.0));
#13146=DIRECTION('',(0.0,0.0,-1.0));
#13147=DIRECTION('',(0.0,0.0,-1.0));
#13148=DIRECTION('',(0.0,0.0,-1.0));
#13149=DIRECTION('',(0.0,0.0,-1.0));
#13150=DIRECTION('',(0.0,0.0,-1.0));
#13151=DIRECTION('',(0.0,0.0,-1.0));
#13152=DIRECTION('',(-1.0,0.0,0.0));
#13153=DIRECTION('',(-0.174436949745496,-0.174436949745496,-0.969094165252776));
#13154=DIRECTION('',(-0.174436949745496,0.174436949745496,0.969094165252776));
#13155=DIRECTION('',(-1.0,0.0,0.0));
#13156=DIRECTION('',(0.0,-1.0,0.0));
#13157=DIRECTION('',(-1.0,0.0,0.0));
#13158=DIRECTION('',(0.0,1.0,0.0));
#13159=DIRECTION('',(-0.174436949745496,0.174436949745496,-0.969094165252776));
#13160=DIRECTION('',(0.174436949745496,0.174436949745496,-0.969094165252776));
#13161=DIRECTION('',(-1.0,0.0,0.0));
#13162=DIRECTION('',(-0.174436949745496,0.174436949745496,-0.969094165252776));
#13163=DIRECTION('',(-1.0,0.0,0.0));
#13164=DIRECTION('',(0.174436949745496,0.174436949745496,-0.969094165252776));
#13165=DIRECTION('',(-0.174436949745496,0.174436949745496,0.969094165252776));
#13166=DIRECTION('',(0.0,-1.0,0.0));
#13167=DIRECTION('',(0.0,1.0,0.0));
#13168=DIRECTION('',(-1.0,0.0,0.0));
#13169=DIRECTION('',(-0.174436949745496,-0.174436949745496,-0.969094165252776));
#13170=DIRECTION('',(0.0,-0.939692620785897,-0.342020143325699));
#13171=DIRECTION('',(0.0,-1.0,0.0));
#13172=CARTESIAN_POINT('',(3.32,-5.29,-4.685));
#13173=DIRECTION('',(1.0,0.0,-0.0));
#13174=DIRECTION('',(0.0,2.775557561563E-14,1.0));
#13175=DIRECTION('',(0.0,1.0,0.0));
#13176=DIRECTION('',(0.0,0.939692620785897,0.342020143325699));
#13177=DIRECTION('',(0.0,1.0,0.0));
#13178=DIRECTION('',(0.0,0.0,1.0));
#13179=DIRECTION('',(0.0,0.0,-1.0));
#13180=DIRECTION('',(0.0,1.0,0.0));
#13181=DIRECTION('',(0.0,0.0,1.0));
#13182=DIRECTION('',(0.0,0.0,-1.0));
#13183=DIRECTION('',(0.0,1.0,0.0));
#13184=DIRECTION('',(0.0,0.939692620785897,-0.342020143325699));
#13185=DIRECTION('',(0.0,1.0,0.0));
#13186=CARTESIAN_POINT('',(3.32,5.27,-4.685));
#13187=DIRECTION('',(1.0,0.0,0.0));
#13188=DIRECTION('',(0.0,0.0,-1.0));
#13189=DIRECTION('',(0.0,-1.0,0.0));
#13190=DIRECTION('',(0.0,-0.939692620785897,0.342020143325699));
#13191=DIRECTION('',(0.0,0.0,1.0));
#13192=DIRECTION('',(0.0,-1.0,0.0));
#13193=DIRECTION('',(0.0,0.0,-1.0));
#13194=DIRECTION('',(0.0,0.0,1.0));
#13195=DIRECTION('',(0.0,-1.0,0.0));
#13196=DIRECTION('',(0.0,0.0,-1.0));
#13197=DIRECTION('',(-1.0,0.0,0.0));
#13198=DIRECTION('',(0.0,0.939692620785897,0.342020143325699));
#13199=DIRECTION('',(-1.0,0.0,0.0));
#13200=DIRECTION('',(0.0,1.0,0.0));
#13201=DIRECTION('',(0.0,1.0,0.0));
#13202=DIRECTION('',(-1.0,0.0,0.0));
#13203=DIRECTION('',(0.0,1.0,0.0));
#13204=DIRECTION('',(0.0,0.0,-1.0));
#13205=DIRECTION('',(0.0,-1.0,0.0));
#13206=DIRECTION('',(0.0,0.0,-1.0));
#13207=DIRECTION('',(0.0,-1.0,0.0));
#13208=DIRECTION('',(0.0,0.0,-1.0));
#13209=DIRECTION('',(0.0,0.0,-1.0));
#13210=DIRECTION('',(0.0,-1.0,0.0));
#13211=DIRECTION('',(1.0,0.0,0.0));
#13212=DIRECTION('',(0.0,0.0,1.0));
#13213=DIRECTION('',(0.0,0.0,-1.0));
#13214=DIRECTION('',(-1.0,0.0,0.0));
#13215=DIRECTION('',(0.0,1.0,0.0));
#13216=DIRECTION('',(-1.0,0.0,0.0));
#13217=DIRECTION('',(0.0,0.0,1.0));
#13218=DIRECTION('',(0.0,0.0,1.0));
#13219=DIRECTION('',(1.0,0.0,0.0));
#13220=DIRECTION('',(1.0,0.0,0.0));
#13221=DIRECTION('',(0.0,-1.0,0.0));
#13222=DIRECTION('',(0.0,-1.0,0.0));
#13223=DIRECTION('',(1.0,0.0,0.0));
#13224=DIRECTION('',(0.0,0.0,-1.0));
#13225=DIRECTION('',(0.0,0.0,-1.0));
#13226=DIRECTION('',(0.0,-1.0,0.0));
#13227=DIRECTION('',(0.0,0.0,1.0));
#13228=DIRECTION('',(0.0,0.0,1.0));
#13229=DIRECTION('',(-1.0,0.0,0.0));
#13230=DIRECTION('',(0.0,1.0,0.0));
#13231=CARTESIAN_POINT('',(2.68,-5.29,-4.685));
#13232=DIRECTION('',(1.0,0.0,-0.0));
#13233=DIRECTION('',(0.0,2.775557561563E-14,1.0));
#13234=DIRECTION('',(0.0,-1.0,0.0));
#13235=DIRECTION('',(0.0,-0.939692620785897,-0.342020143325699));
#13236=DIRECTION('',(0.0,1.0,0.0));
#13237=DIRECTION('',(0.0,0.0,-1.0));
#13238=DIRECTION('',(0.0,-0.939692620785897,0.342020143325699));
#13239=DIRECTION('',(0.0,-1.0,0.0));
#13240=CARTESIAN_POINT('',(2.68,5.27,-4.685));
#13241=DIRECTION('',(1.0,0.0,0.0));
#13242=DIRECTION('',(0.0,0.0,-1.0));
#13243=DIRECTION('',(0.0,1.0,0.0));
#13244=DIRECTION('',(0.0,0.939692620785897,-0.342020143325699));
#13245=DIRECTION('',(0.0,0.0,-1.0));
#13246=DIRECTION('',(0.0,-1.0,0.0));
#13247=DIRECTION('',(0.0,0.0,-1.0));
#13248=DIRECTION('',(0.0,-1.0,0.0));
#13249=DIRECTION('',(0.0,0.0,1.0));
#13250=DIRECTION('',(-1.0,0.0,0.0));
#13251=DIRECTION('',(-1.0,0.0,0.0));
#13252=DIRECTION('',(-1.0,0.0,0.0));
#13253=DIRECTION('',(-1.0,0.0,0.0));
#13254=DIRECTION('',(-1.0,0.0,0.0));
#13255=DIRECTION('',(-1.0,0.0,0.0));
#13256=DIRECTION('',(-1.0,0.0,0.0));
#13257=DIRECTION('',(-1.0,0.0,0.0));
#13258=DIRECTION('',(-1.0,0.0,0.0));
#13259=DIRECTION('',(-1.0,0.0,0.0));
#13260=DIRECTION('',(-1.0,0.0,0.0));
#13261=DIRECTION('',(-1.0,0.0,0.0));
#13262=DIRECTION('',(0.0,-0.939692620785897,-0.342020143325699));
#13263=DIRECTION('',(0.0,-1.0,0.0));
#13264=CARTESIAN_POINT('',(0.32,-5.29,-4.685));
#13265=DIRECTION('',(1.0,0.0,-0.0));
#13266=DIRECTION('',(0.0,2.775557561563E-14,1.0));
#13267=DIRECTION('',(0.0,1.0,0.0));
#13268=DIRECTION('',(0.0,0.939692620785897,0.342020143325699));
#13269=DIRECTION('',(0.0,1.0,0.0));
#13270=DIRECTION('',(0.0,0.0,1.0));
#13271=DIRECTION('',(0.0,0.0,-1.0));
#13272=DIRECTION('',(0.0,1.0,0.0));
#13273=DIRECTION('',(0.0,0.0,1.0));
#13274=DIRECTION('',(0.0,0.0,-1.0));
#13275=DIRECTION('',(0.0,1.0,0.0));
#13276=DIRECTION('',(0.0,0.939692620785897,-0.342020143325699));
#13277=DIRECTION('',(0.0,1.0,0.0));
#13278=CARTESIAN_POINT('',(0.32,5.27,-4.685));
#13279=DIRECTION('',(1.0,0.0,0.0));
#13280=DIRECTION('',(0.0,0.0,-1.0));
#13281=DIRECTION('',(0.0,-1.0,0.0));
#13282=DIRECTION('',(0.0,-0.939692620785897,0.342020143325699));
#13283=DIRECTION('',(0.0,0.0,1.0));
#13284=DIRECTION('',(0.0,-1.0,0.0));
#13285=DIRECTION('',(0.0,0.0,-1.0));
#13286=DIRECTION('',(0.0,0.0,1.0));
#13287=DIRECTION('',(0.0,-1.0,0.0));
#13288=DIRECTION('',(0.0,0.0,-1.0));
#13289=DIRECTION('',(-1.0,0.0,0.0));
#13290=DIRECTION('',(0.0,0.939692620785897,0.342020143325699));
#13291=DIRECTION('',(-1.0,0.0,0.0));
#13292=DIRECTION('',(0.0,1.0,0.0));
#13293=DIRECTION('',(0.0,1.0,0.0));
#13294=DIRECTION('',(-1.0,0.0,0.0));
#13295=DIRECTION('',(0.0,1.0,0.0));
#13296=DIRECTION('',(0.0,0.0,-1.0));
#13297=DIRECTION('',(0.0,-1.0,0.0));
#13298=DIRECTION('',(0.0,0.0,-1.0));
#13299=DIRECTION('',(0.0,-1.0,0.0));
#13300=DIRECTION('',(0.0,0.0,-1.0));
#13301=DIRECTION('',(0.0,0.0,-1.0));
#13302=DIRECTION('',(0.0,-1.0,0.0));
#13303=DIRECTION('',(1.0,0.0,0.0));
#13304=DIRECTION('',(0.0,0.0,1.0));
#13305=DIRECTION('',(0.0,0.0,-1.0));
#13306=DIRECTION('',(-1.0,0.0,0.0));
#13307=DIRECTION('',(0.0,1.0,0.0));
#13308=DIRECTION('',(-1.0,0.0,0.0));
#13309=DIRECTION('',(0.0,0.0,1.0));
#13310=DIRECTION('',(0.0,0.0,1.0));
#13311=DIRECTION('',(1.0,0.0,0.0));
#13312=DIRECTION('',(1.0,0.0,0.0));
#13313=DIRECTION('',(0.0,-1.0,0.0));
#13314=DIRECTION('',(0.0,-1.0,0.0));
#13315=DIRECTION('',(1.0,0.0,0.0));
#13316=DIRECTION('',(0.0,0.0,-1.0));
#13317=DIRECTION('',(0.0,0.0,-1.0));
#13318=DIRECTION('',(0.0,-1.0,0.0));
#13319=DIRECTION('',(0.0,0.0,1.0));
#13320=DIRECTION('',(0.0,0.0,1.0));
#13321=DIRECTION('',(-1.0,0.0,0.0));
#13322=DIRECTION('',(0.0,1.0,0.0));
#13323=CARTESIAN_POINT('',(-0.32,-5.29,-4.685));
#13324=DIRECTION('',(1.0,0.0,-0.0));
#13325=DIRECTION('',(0.0,2.775557561563E-14,1.0));
#13326=DIRECTION('',(0.0,-1.0,0.0));
#13327=DIRECTION('',(0.0,-0.939692620785897,-0.342020143325699));
#13328=DIRECTION('',(0.0,1.0,0.0));
#13329=DIRECTION('',(0.0,0.0,-1.0));
#13330=DIRECTION('',(0.0,-0.939692620785897,0.342020143325699));
#13331=DIRECTION('',(0.0,-1.0,0.0));
#13332=CARTESIAN_POINT('',(-0.32,5.27,-4.685));
#13333=DIRECTION('',(1.0,0.0,0.0));
#13334=DIRECTION('',(0.0,0.0,-1.0));
#13335=DIRECTION('',(0.0,1.0,0.0));
#13336=DIRECTION('',(0.0,0.939692620785897,-0.342020143325699));
#13337=DIRECTION('',(0.0,0.0,-1.0));
#13338=DIRECTION('',(0.0,-1.0,0.0));
#13339=DIRECTION('',(0.0,0.0,-1.0));
#13340=DIRECTION('',(0.0,-1.0,0.0));
#13341=DIRECTION('',(0.0,0.0,1.0));
#13342=DIRECTION('',(-1.0,0.0,0.0));
#13343=DIRECTION('',(-1.0,0.0,0.0));
#13344=DIRECTION('',(-1.0,0.0,0.0));
#13345=DIRECTION('',(-1.0,0.0,0.0));
#13346=DIRECTION('',(-1.0,0.0,0.0));
#13347=DIRECTION('',(-1.0,0.0,0.0));
#13348=DIRECTION('',(-1.0,0.0,0.0));
#13349=DIRECTION('',(-1.0,0.0,0.0));
#13350=DIRECTION('',(-1.0,0.0,0.0));
#13351=DIRECTION('',(-1.0,0.0,0.0));
#13352=DIRECTION('',(-1.0,0.0,0.0));
#13353=DIRECTION('',(-1.0,0.0,0.0));
#13354=DIRECTION('',(0.0,-0.939692620785897,-0.342020143325699));
#13355=DIRECTION('',(0.0,-1.0,0.0));
#13356=CARTESIAN_POINT('',(-2.68,-5.29,-4.685));
#13357=DIRECTION('',(1.0,0.0,-0.0));
#13358=DIRECTION('',(0.0,2.775557561563E-14,1.0));
#13359=DIRECTION('',(0.0,1.0,0.0));
#13360=DIRECTION('',(0.0,0.939692620785897,0.342020143325699));
#13361=DIRECTION('',(0.0,1.0,0.0));
#13362=DIRECTION('',(0.0,0.0,1.0));
#13363=DIRECTION('',(0.0,0.0,-1.0));
#13364=DIRECTION('',(0.0,1.0,0.0));
#13365=DIRECTION('',(0.0,0.0,1.0));
#13366=DIRECTION('',(0.0,0.0,-1.0));
#13367=DIRECTION('',(0.0,1.0,0.0));
#13368=DIRECTION('',(0.0,0.939692620785897,-0.342020143325699));
#13369=DIRECTION('',(0.0,1.0,0.0));
#13370=CARTESIAN_POINT('',(-2.68,5.27,-4.685));
#13371=DIRECTION('',(1.0,0.0,0.0));
#13372=DIRECTION('',(0.0,0.0,-1.0));
#13373=DIRECTION('',(0.0,-1.0,0.0));
#13374=DIRECTION('',(0.0,-0.939692620785897,0.342020143325699));
#13375=DIRECTION('',(0.0,0.0,1.0));
#13376=DIRECTION('',(0.0,-1.0,0.0));
#13377=DIRECTION('',(0.0,0.0,-1.0));
#13378=DIRECTION('',(0.0,0.0,1.0));
#13379=DIRECTION('',(0.0,-1.0,0.0));
#13380=DIRECTION('',(0.0,0.0,-1.0));
#13381=DIRECTION('',(-1.0,0.0,0.0));
#13382=DIRECTION('',(0.0,0.939692620785897,0.342020143325699));
#13383=DIRECTION('',(-1.0,0.0,0.0));
#13384=DIRECTION('',(0.0,1.0,0.0));
#13385=DIRECTION('',(0.0,1.0,0.0));
#13386=DIRECTION('',(-1.0,0.0,0.0));
#13387=DIRECTION('',(0.0,1.0,0.0));
#13388=DIRECTION('',(0.0,0.0,-1.0));
#13389=DIRECTION('',(0.0,-1.0,0.0));
#13390=DIRECTION('',(0.0,0.0,-1.0));
#13391=DIRECTION('',(0.0,-1.0,0.0));
#13392=DIRECTION('',(0.0,0.0,-1.0));
#13393=DIRECTION('',(0.0,0.0,-1.0));
#13394=DIRECTION('',(0.0,-1.0,0.0));
#13395=DIRECTION('',(1.0,0.0,0.0));
#13396=DIRECTION('',(0.0,0.0,1.0));
#13397=DIRECTION('',(0.0,0.0,-1.0));
#13398=DIRECTION('',(-1.0,0.0,0.0));
#13399=DIRECTION('',(0.0,1.0,0.0));
#13400=DIRECTION('',(-1.0,0.0,0.0));
#13401=DIRECTION('',(0.0,0.0,1.0));
#13402=DIRECTION('',(0.0,0.0,1.0));
#13403=DIRECTION('',(1.0,0.0,0.0));
#13404=DIRECTION('',(1.0,0.0,0.0));
#13405=DIRECTION('',(0.0,-1.0,0.0));
#13406=DIRECTION('',(0.0,-1.0,0.0));
#13407=DIRECTION('',(1.0,0.0,0.0));
#13408=DIRECTION('',(0.0,0.0,-1.0));
#13409=DIRECTION('',(0.0,0.0,-1.0));
#13410=DIRECTION('',(0.0,-1.0,0.0));
#13411=DIRECTION('',(0.0,0.0,1.0));
#13412=DIRECTION('',(0.0,0.0,1.0));
#13413=DIRECTION('',(-1.0,0.0,0.0));
#13414=DIRECTION('',(0.0,1.0,0.0));
#13415=CARTESIAN_POINT('',(-3.32,-5.29,-4.685));
#13416=DIRECTION('',(1.0,0.0,-0.0));
#13417=DIRECTION('',(0.0,2.775557561563E-14,1.0));
#13418=DIRECTION('',(0.0,-1.0,0.0));
#13419=DIRECTION('',(0.0,-0.939692620785897,-0.342020143325699));
#13420=DIRECTION('',(0.0,1.0,0.0));
#13421=DIRECTION('',(0.0,0.0,-1.0));
#13422=DIRECTION('',(0.0,-0.939692620785897,0.342020143325699));
#13423=DIRECTION('',(0.0,-1.0,0.0));
#13424=CARTESIAN_POINT('',(-3.32,5.27,-4.685));
#13425=DIRECTION('',(1.0,0.0,0.0));
#13426=DIRECTION('',(0.0,0.0,-1.0));
#13427=DIRECTION('',(0.0,1.0,0.0));
#13428=DIRECTION('',(0.0,0.939692620785897,-0.342020143325699));
#13429=DIRECTION('',(0.0,0.0,-1.0));
#13430=DIRECTION('',(0.0,-1.0,0.0));
#13431=DIRECTION('',(0.0,0.0,-1.0));
#13432=DIRECTION('',(0.0,-1.0,0.0));
#13433=DIRECTION('',(0.0,0.0,1.0));
#13434=DIRECTION('',(-1.0,0.0,0.0));
#13435=DIRECTION('',(-1.0,0.0,0.0));
#13436=DIRECTION('',(-1.0,0.0,0.0));
#13437=DIRECTION('',(-1.0,0.0,0.0));
#13438=DIRECTION('',(-1.0,0.0,0.0));
#13439=DIRECTION('',(-1.0,0.0,0.0));
#13440=DIRECTION('',(-1.0,0.0,0.0));
#13441=DIRECTION('',(-1.0,0.0,0.0));
#13442=DIRECTION('',(-1.0,0.0,0.0));
#13443=DIRECTION('',(-1.0,0.0,0.0));
#13444=DIRECTION('',(-1.0,0.0,0.0));
#13445=DIRECTION('',(-1.0,0.0,0.0));
#13446=DIRECTION('',(-1.0,0.0,0.0));
#13447=DIRECTION('',(-1.0,0.0,0.0));
#13448=DIRECTION('',(0.0,0.0,1.0));
#13449=DIRECTION('',(-1.0,0.0,0.0));
#13450=DIRECTION('',(0.0,-1.0,0.0));
#13451=DIRECTION('',(-1.0,0.0,0.0));
#13452=DIRECTION('',(-0.884918222381995,-0.465746432832598,0.0));
#13453=DIRECTION('',(0.0,1.0,0.0));
#13454=DIRECTION('',(-0.884918222381995,0.465746432832598,0.0));
#13455=DIRECTION('',(-1.0,0.0,0.0));
#13456=DIRECTION('',(0.0,1.0,0.0));
#13457=DIRECTION('',(0.0,0.0,-1.0));
#13458=DIRECTION('',(0.0,0.0,-1.0));
#13459=DIRECTION('',(-1.0,0.0,0.0));
#13460=DIRECTION('',(-1.0,0.0,0.0));
#13461=DIRECTION('',(1.0,0.0,0.0));
#13462=DIRECTION('',(-1.0,0.0,0.0));
#13463=DIRECTION('',(0.0,0.0,-1.0));
#13464=DIRECTION('',(0.0,0.0,-1.0));
#13465=DIRECTION('',(0.0,0.0,-1.0));
#13466=DIRECTION('',(0.0,0.0,-1.0));
#13467=DIRECTION('',(0.0,0.0,-1.0));
#13468=DIRECTION('',(0.0,0.0,-1.0));
ENDSEC;
END-ISO-10303-21;
