ISO-10303-21;
HEADER;
FILE_DESCRIPTION(('STEP AP242'),'1');
FILE_NAME('0436500610.stp','2026-02-25T21:36:06',('TraceParts'),('TraceParts S.A.S.'),'Spatial InterOp 3D',' ',' ');
FILE_SCHEMA(('AP242_MANAGED_MODEL_BASED_3D_ENGINEERING_MIM_LF  {1 0 10303 442 1 1 4}'));
ENDSEC;
DATA;
#1=MECHANICAL_DESIGN_GEOMETRIC_PRESENTATION_REPRESENTATION(' ',(#10),#6);
#2=PRODUCT_DEFINITION_CONTEXT('',#11,'design');
#3=APPLICATION_PROTOCOL_DEFINITION('INTERNATIONAL STANDARD','ap242_managed_model_based_3d_engineering',2014,#11);
#4=PRODUCT_CATEGORY_RELATIONSHIP('NONE','NONE',#12,#13);
#5=SHAPE_DEFINITION_REPRESENTATION(#14,#15);
#6= (GEOMETRIC_REPRESENTATION_CONTEXT(3)GLOBAL_UNCERTAINTY_ASSIGNED_CONTEXT((#18))GLOBAL_UNIT_ASSIGNED_CONTEXT((#20,#21,#22))REPRESENTATION_CONTEXT('NONE','WORKSPACE'));
#10=STYLED_ITEM('',(#24),#25);
#11=APPLICATION_CONTEXT('managed model based 3d engineering');
#12=PRODUCT_CATEGORY('part','NONE');
#13=PRODUCT_RELATED_PRODUCT_CATEGORY('detail',' ',(#26));
#14=PRODUCT_DEFINITION_SHAPE('NONE','NONE',#27);
#15=ADVANCED_BREP_SHAPE_REPRESENTATION('1',(#25,#28),#6);
#18=UNCERTAINTY_MEASURE_WITH_UNIT(LENGTH_MEASURE(1.0E-06),#20,'','');
#20= (CONVERSION_BASED_UNIT('MILLIMETRE',#31)LENGTH_UNIT()NAMED_UNIT(#34));
#21= (NAMED_UNIT(#36)PLANE_ANGLE_UNIT()SI_UNIT($,.RADIAN.));
#22= (NAMED_UNIT(#36)SOLID_ANGLE_UNIT()SI_UNIT($,.STERADIAN.));
#24=PRESENTATION_STYLE_ASSIGNMENT((#42));
#25=MANIFOLD_SOLID_BREP('1',#43);
#26=PRODUCT('1','','PART--DESC',(#44));
#27=PRODUCT_DEFINITION('','NONE',#45,#2);
#28=AXIS2_PLACEMENT_3D('',#46,#47,#48);
#31=LENGTH_MEASURE_WITH_UNIT(LENGTH_MEASURE(1.0),#49);
#34=DIMENSIONAL_EXPONENTS(1.0,0.0,0.0,0.0,0.0,0.0,0.0);
#36=DIMENSIONAL_EXPONENTS(0.0,0.0,0.0,0.0,0.0,0.0,0.0);
#42=SURFACE_STYLE_USAGE(.BOTH.,#50);
#43=CLOSED_SHELL('',(#51,#52,#53,#54,#55,#56,#57,#58,#59,#60,#61,#62,#63,#64,#65,#66,#67,#68,#69,#70,#71,#72,#73,#74,#75,#76,#77,#78,#79,#80,#81,#82,#83,#84,#85,#86,#87,#88,#89,#90,#91,#92,#93,#94,#95,#96,#97,#98,#99,#100,#101,#102,#103,#104,#105,#106,#107,#108,#109,#110,#111,#112,#113,#114,#115,#116,#117,#118,#119,#120,#121,#122,#123,#124,#125,#126,#127,#128,#129,#130,#131,#132,#133,#134,#135,#136,#137,#138,#139,#140,#141,#142,#143,#144,#145,#146,#147,#148,#149,#150,#151,#152,#153,#154,#155,#156,#157,#158,#159,#160,#161,#162,#163,#164,#165,#166,#167,#168,#169,#170,#171,#172,#173,#174,#175,#176,#177,#178,#179,#180,#181,#182,#183,#184,#185,#186,#187,#188,#189,#190,#191,#192,#193,#194,#195,#196,#197,#198,#199,#200,#201,#202,#203,#204,#205,#206,#207,#208,#209,#210,#211,#212,#213,#214,#215,#216,#217,#218,#219,#220,#221,#222,#223,#224,#225,#226,#227,#228,#229,#230,#231,#232,#233,#234,#235,#236,#237,#238,#239,#240,#241,#242,#243,#244,#245,#246,#247,#248,#249,#250,#251,#252,#253,#254,#255,#256,#257,#258,#259,#260,#261,#262,#263,#264,#265,#266,#267,#268,#269,#270,#271,#272,#273,#274,#275,#276,#277,#278,#279,#280,#281,#282));
#44=PRODUCT_CONTEXT('',#11,'mechanical');
#45=PRODUCT_DEFINITION_FORMATION_WITH_SPECIFIED_SOURCE(' ','NONE',#26,.NOT_KNOWN.);
#46=CARTESIAN_POINT('',(0.0,0.0,0.0));
#47=DIRECTION('',(0.0,0.0,1.0));
#48=DIRECTION('',(1.0,0.0,0.0));
#49= (NAMED_UNIT(#34)LENGTH_UNIT()SI_UNIT(.MILLI.,.METRE.));
#50=SURFACE_SIDE_STYLE('',(#284));
#51=ADVANCED_FACE('',(#285,#286,#287,#288,#289,#290,#291),#292,.T.);
#52=ADVANCED_FACE('',(#293),#294,.F.);
#53=ADVANCED_FACE('',(#295),#296,.F.);
#54=ADVANCED_FACE('',(#297),#298,.F.);
#55=ADVANCED_FACE('',(#299),#300,.F.);
#56=ADVANCED_FACE('',(#301),#302,.T.);
#57=ADVANCED_FACE('',(#303),#304,.T.);
#58=ADVANCED_FACE('',(#305),#306,.T.);
#59=ADVANCED_FACE('',(#307),#308,.T.);
#60=ADVANCED_FACE('',(#309,#310,#311,#312,#313,#314,#315),#316,.T.);
#61=ADVANCED_FACE('',(#317,#318),#319,.T.);
#62=ADVANCED_FACE('',(#320),#321,.F.);
#63=ADVANCED_FACE('',(#322),#323,.F.);
#64=ADVANCED_FACE('',(#324),#325,.F.);
#65=ADVANCED_FACE('',(#326),#327,.F.);
#66=ADVANCED_FACE('',(#328),#329,.F.);
#67=ADVANCED_FACE('',(#330),#331,.T.);
#68=ADVANCED_FACE('',(#332),#333,.T.);
#69=ADVANCED_FACE('',(#334),#335,.T.);
#70=ADVANCED_FACE('',(#336),#337,.T.);
#71=ADVANCED_FACE('',(#338),#339,.T.);
#72=ADVANCED_FACE('',(#340),#341,.T.);
#73=ADVANCED_FACE('',(#342),#343,.F.);
#74=ADVANCED_FACE('',(#344),#345,.T.);
#75=ADVANCED_FACE('',(#346),#347,.T.);
#76=ADVANCED_FACE('',(#348),#349,.T.);
#77=ADVANCED_FACE('',(#350),#351,.F.);
#78=ADVANCED_FACE('',(#352),#353,.T.);
#79=ADVANCED_FACE('',(#354),#355,.T.);
#80=ADVANCED_FACE('',(#356),#357,.T.);
#81=ADVANCED_FACE('',(#358),#359,.F.);
#82=ADVANCED_FACE('',(#360),#361,.F.);
#83=ADVANCED_FACE('',(#362),#363,.F.);
#84=ADVANCED_FACE('',(#364),#365,.F.);
#85=ADVANCED_FACE('',(#366),#367,.T.);
#86=ADVANCED_FACE('',(#368),#369,.F.);
#87=ADVANCED_FACE('',(#370),#371,.F.);
#88=ADVANCED_FACE('',(#372),#373,.F.);
#89=ADVANCED_FACE('',(#374),#375,.F.);
#90=ADVANCED_FACE('',(#376),#377,.F.);
#91=ADVANCED_FACE('',(#378),#379,.F.);
#92=ADVANCED_FACE('',(#380),#381,.F.);
#93=ADVANCED_FACE('',(#382),#383,.F.);
#94=ADVANCED_FACE('',(#384),#385,.F.);
#95=ADVANCED_FACE('',(#386,#387),#388,.T.);
#96=ADVANCED_FACE('',(#389),#390,.F.);
#97=ADVANCED_FACE('',(#391),#392,.F.);
#98=ADVANCED_FACE('',(#393),#394,.F.);
#99=ADVANCED_FACE('',(#395),#396,.F.);
#100=ADVANCED_FACE('',(#397,#398),#399,.T.);
#101=ADVANCED_FACE('',(#400),#401,.F.);
#102=ADVANCED_FACE('',(#402),#403,.F.);
#103=ADVANCED_FACE('',(#404),#405,.F.);
#104=ADVANCED_FACE('',(#406),#407,.F.);
#105=ADVANCED_FACE('',(#408),#409,.F.);
#106=ADVANCED_FACE('',(#410,#411),#412,.T.);
#107=ADVANCED_FACE('',(#413),#414,.F.);
#108=ADVANCED_FACE('',(#415),#416,.F.);
#109=ADVANCED_FACE('',(#417),#418,.F.);
#110=ADVANCED_FACE('',(#419),#420,.F.);
#111=ADVANCED_FACE('',(#421),#422,.F.);
#112=ADVANCED_FACE('',(#423,#424),#425,.T.);
#113=ADVANCED_FACE('',(#426),#427,.F.);
#114=ADVANCED_FACE('',(#428),#429,.F.);
#115=ADVANCED_FACE('',(#430),#431,.F.);
#116=ADVANCED_FACE('',(#432),#433,.F.);
#117=ADVANCED_FACE('',(#434),#435,.F.);
#118=ADVANCED_FACE('',(#436,#437),#438,.T.);
#119=ADVANCED_FACE('',(#439),#440,.F.);
#120=ADVANCED_FACE('',(#441),#442,.F.);
#121=ADVANCED_FACE('',(#443),#444,.F.);
#122=ADVANCED_FACE('',(#445),#446,.F.);
#123=ADVANCED_FACE('',(#447),#448,.F.);
#124=ADVANCED_FACE('',(#449,#450),#451,.T.);
#125=ADVANCED_FACE('',(#452),#453,.T.);
#126=ADVANCED_FACE('',(#454),#455,.T.);
#127=ADVANCED_FACE('',(#456),#457,.T.);
#128=ADVANCED_FACE('',(#458),#459,.F.);
#129=ADVANCED_FACE('',(#460),#461,.T.);
#130=ADVANCED_FACE('',(#462),#463,.T.);
#131=ADVANCED_FACE('',(#464),#465,.T.);
#132=ADVANCED_FACE('',(#466),#467,.T.);
#133=ADVANCED_FACE('',(#468),#469,.F.);
#134=ADVANCED_FACE('',(#470),#471,.T.);
#135=ADVANCED_FACE('',(#472),#473,.F.);
#136=ADVANCED_FACE('',(#474),#475,.F.);
#137=ADVANCED_FACE('',(#476),#477,.F.);
#138=ADVANCED_FACE('',(#478),#479,.T.);
#139=ADVANCED_FACE('',(#480),#481,.F.);
#140=ADVANCED_FACE('',(#482),#483,.T.);
#141=ADVANCED_FACE('',(#484),#485,.T.);
#142=ADVANCED_FACE('',(#486),#487,.F.);
#143=ADVANCED_FACE('',(#488),#489,.T.);
#144=ADVANCED_FACE('',(#490),#491,.F.);
#145=ADVANCED_FACE('',(#492),#493,.T.);
#146=ADVANCED_FACE('',(#494),#495,.F.);
#147=ADVANCED_FACE('',(#496),#497,.T.);
#148=ADVANCED_FACE('',(#498),#499,.F.);
#149=ADVANCED_FACE('',(#500),#501,.T.);
#150=ADVANCED_FACE('',(#502),#503,.F.);
#151=ADVANCED_FACE('',(#504),#505,.F.);
#152=ADVANCED_FACE('',(#506),#507,.F.);
#153=ADVANCED_FACE('',(#508),#509,.F.);
#154=ADVANCED_FACE('',(#510),#511,.F.);
#155=ADVANCED_FACE('',(#512),#513,.T.);
#156=ADVANCED_FACE('',(#514),#515,.F.);
#157=ADVANCED_FACE('',(#516),#517,.T.);
#158=ADVANCED_FACE('',(#518),#519,.T.);
#159=ADVANCED_FACE('',(#520),#521,.F.);
#160=ADVANCED_FACE('',(#522),#523,.T.);
#161=ADVANCED_FACE('',(#524),#525,.F.);
#162=ADVANCED_FACE('',(#526),#527,.T.);
#163=ADVANCED_FACE('',(#528),#529,.F.);
#164=ADVANCED_FACE('',(#530),#531,.T.);
#165=ADVANCED_FACE('',(#532),#533,.F.);
#166=ADVANCED_FACE('',(#534),#535,.T.);
#167=ADVANCED_FACE('',(#536),#537,.F.);
#168=ADVANCED_FACE('',(#538),#539,.F.);
#169=ADVANCED_FACE('',(#540),#541,.F.);
#170=ADVANCED_FACE('',(#542),#543,.F.);
#171=ADVANCED_FACE('',(#544),#545,.F.);
#172=ADVANCED_FACE('',(#546),#547,.T.);
#173=ADVANCED_FACE('',(#548),#549,.F.);
#174=ADVANCED_FACE('',(#550),#551,.T.);
#175=ADVANCED_FACE('',(#552),#553,.T.);
#176=ADVANCED_FACE('',(#554),#555,.F.);
#177=ADVANCED_FACE('',(#556),#557,.T.);
#178=ADVANCED_FACE('',(#558),#559,.F.);
#179=ADVANCED_FACE('',(#560),#561,.T.);
#180=ADVANCED_FACE('',(#562),#563,.F.);
#181=ADVANCED_FACE('',(#564),#565,.T.);
#182=ADVANCED_FACE('',(#566),#567,.F.);
#183=ADVANCED_FACE('',(#568),#569,.T.);
#184=ADVANCED_FACE('',(#570),#571,.F.);
#185=ADVANCED_FACE('',(#572),#573,.F.);
#186=ADVANCED_FACE('',(#574),#575,.F.);
#187=ADVANCED_FACE('',(#576),#577,.F.);
#188=ADVANCED_FACE('',(#578),#579,.F.);
#189=ADVANCED_FACE('',(#580),#581,.T.);
#190=ADVANCED_FACE('',(#582),#583,.F.);
#191=ADVANCED_FACE('',(#584),#585,.T.);
#192=ADVANCED_FACE('',(#586),#587,.T.);
#193=ADVANCED_FACE('',(#588),#589,.F.);
#194=ADVANCED_FACE('',(#590),#591,.T.);
#195=ADVANCED_FACE('',(#592),#593,.F.);
#196=ADVANCED_FACE('',(#594),#595,.T.);
#197=ADVANCED_FACE('',(#596),#597,.F.);
#198=ADVANCED_FACE('',(#598),#599,.T.);
#199=ADVANCED_FACE('',(#600),#601,.F.);
#200=ADVANCED_FACE('',(#602),#603,.T.);
#201=ADVANCED_FACE('',(#604),#605,.F.);
#202=ADVANCED_FACE('',(#606),#607,.F.);
#203=ADVANCED_FACE('',(#608),#609,.F.);
#204=ADVANCED_FACE('',(#610),#611,.F.);
#205=ADVANCED_FACE('',(#612),#613,.F.);
#206=ADVANCED_FACE('',(#614),#615,.T.);
#207=ADVANCED_FACE('',(#616),#617,.F.);
#208=ADVANCED_FACE('',(#618),#619,.T.);
#209=ADVANCED_FACE('',(#620),#621,.T.);
#210=ADVANCED_FACE('',(#622),#623,.F.);
#211=ADVANCED_FACE('',(#624),#625,.T.);
#212=ADVANCED_FACE('',(#626),#627,.F.);
#213=ADVANCED_FACE('',(#628),#629,.T.);
#214=ADVANCED_FACE('',(#630),#631,.F.);
#215=ADVANCED_FACE('',(#632),#633,.T.);
#216=ADVANCED_FACE('',(#634),#635,.F.);
#217=ADVANCED_FACE('',(#636),#637,.T.);
#218=ADVANCED_FACE('',(#638),#639,.F.);
#219=ADVANCED_FACE('',(#640),#641,.F.);
#220=ADVANCED_FACE('',(#642),#643,.F.);
#221=ADVANCED_FACE('',(#644),#645,.F.);
#222=ADVANCED_FACE('',(#646),#647,.F.);
#223=ADVANCED_FACE('',(#648),#649,.T.);
#224=ADVANCED_FACE('',(#650),#651,.F.);
#225=ADVANCED_FACE('',(#652),#653,.T.);
#226=ADVANCED_FACE('',(#654),#655,.T.);
#227=ADVANCED_FACE('',(#656),#657,.F.);
#228=ADVANCED_FACE('',(#658),#659,.T.);
#229=ADVANCED_FACE('',(#660),#661,.F.);
#230=ADVANCED_FACE('',(#662),#663,.T.);
#231=ADVANCED_FACE('',(#664),#665,.F.);
#232=ADVANCED_FACE('',(#666),#667,.T.);
#233=ADVANCED_FACE('',(#668),#669,.F.);
#234=ADVANCED_FACE('',(#670),#671,.T.);
#235=ADVANCED_FACE('',(#672),#673,.F.);
#236=ADVANCED_FACE('',(#674),#675,.F.);
#237=ADVANCED_FACE('',(#676),#677,.F.);
#238=ADVANCED_FACE('',(#678),#679,.T.);
#239=ADVANCED_FACE('',(#680),#681,.T.);
#240=ADVANCED_FACE('',(#682),#683,.T.);
#241=ADVANCED_FACE('',(#684),#685,.T.);
#242=ADVANCED_FACE('',(#686),#687,.F.);
#243=ADVANCED_FACE('',(#688),#689,.T.);
#244=ADVANCED_FACE('',(#690),#691,.F.);
#245=ADVANCED_FACE('',(#692),#693,.T.);
#246=ADVANCED_FACE('',(#694),#695,.T.);
#247=ADVANCED_FACE('',(#696),#697,.T.);
#248=ADVANCED_FACE('',(#698),#699,.T.);
#249=ADVANCED_FACE('',(#700),#701,.F.);
#250=ADVANCED_FACE('',(#702),#703,.T.);
#251=ADVANCED_FACE('',(#704),#705,.T.);
#252=ADVANCED_FACE('',(#706),#707,.T.);
#253=ADVANCED_FACE('',(#708),#709,.T.);
#254=ADVANCED_FACE('',(#710),#711,.T.);
#255=ADVANCED_FACE('',(#712),#713,.F.);
#256=ADVANCED_FACE('',(#714),#715,.T.);
#257=ADVANCED_FACE('',(#716),#717,.T.);
#258=ADVANCED_FACE('',(#718),#719,.T.);
#259=ADVANCED_FACE('',(#720),#721,.T.);
#260=ADVANCED_FACE('',(#722),#723,.F.);
#261=ADVANCED_FACE('',(#724),#725,.T.);
#262=ADVANCED_FACE('',(#726),#727,.T.);
#263=ADVANCED_FACE('',(#728),#729,.T.);
#264=ADVANCED_FACE('',(#730),#731,.T.);
#265=ADVANCED_FACE('',(#732),#733,.T.);
#266=ADVANCED_FACE('',(#734),#735,.T.);
#267=ADVANCED_FACE('',(#736),#737,.F.);
#268=ADVANCED_FACE('',(#738),#739,.F.);
#269=ADVANCED_FACE('',(#740),#741,.F.);
#270=ADVANCED_FACE('',(#742),#743,.F.);
#271=ADVANCED_FACE('',(#744),#745,.T.);
#272=ADVANCED_FACE('',(#746),#747,.F.);
#273=ADVANCED_FACE('',(#748),#749,.F.);
#274=ADVANCED_FACE('',(#750),#751,.F.);
#275=ADVANCED_FACE('',(#752),#753,.F.);
#276=ADVANCED_FACE('',(#754),#755,.T.);
#277=ADVANCED_FACE('',(#756),#757,.F.);
#278=ADVANCED_FACE('',(#758),#759,.F.);
#279=ADVANCED_FACE('',(#760),#761,.F.);
#280=ADVANCED_FACE('',(#762),#763,.F.);
#281=ADVANCED_FACE('',(#764),#765,.F.);
#282=ADVANCED_FACE('',(#766),#767,.F.);
#284=SURFACE_STYLE_FILL_AREA(#768);
#285=FACE_BOUND('',#769,.T.);
#286=FACE_BOUND('',#770,.T.);
#287=FACE_BOUND('',#771,.T.);
#288=FACE_BOUND('',#772,.T.);
#289=FACE_OUTER_BOUND('',#773,.T.);
#290=FACE_BOUND('',#774,.T.);
#291=FACE_BOUND('',#775,.T.);
#292=PLANE('',#776);
#293=FACE_OUTER_BOUND('',#777,.T.);
#294=PLANE('',#778);
#295=FACE_OUTER_BOUND('',#779,.T.);
#296=PLANE('',#780);
#297=FACE_OUTER_BOUND('',#781,.T.);
#298=PLANE('',#782);
#299=FACE_OUTER_BOUND('',#783,.T.);
#300=PLANE('',#784);
#301=FACE_OUTER_BOUND('',#785,.T.);
#302=PLANE('',#786);
#303=FACE_OUTER_BOUND('',#787,.T.);
#304=PLANE('',#788);
#305=FACE_OUTER_BOUND('',#789,.T.);
#306=PLANE('',#790);
#307=FACE_OUTER_BOUND('',#791,.T.);
#308=PLANE('',#792);
#309=FACE_BOUND('',#793,.T.);
#310=FACE_BOUND('',#794,.T.);
#311=FACE_BOUND('',#795,.T.);
#312=FACE_BOUND('',#796,.T.);
#313=FACE_BOUND('',#797,.T.);
#314=FACE_BOUND('',#798,.T.);
#315=FACE_OUTER_BOUND('',#799,.T.);
#316=PLANE('',#800);
#317=FACE_OUTER_BOUND('',#801,.T.);
#318=FACE_BOUND('',#802,.T.);
#319=PLANE('',#803);
#320=FACE_OUTER_BOUND('',#804,.T.);
#321=PLANE('',#805);
#322=FACE_OUTER_BOUND('',#806,.T.);
#323=PLANE('',#807);
#324=FACE_OUTER_BOUND('',#808,.T.);
#325=PLANE('',#809);
#326=FACE_OUTER_BOUND('',#810,.T.);
#327=PLANE('',#811);
#328=FACE_OUTER_BOUND('',#812,.T.);
#329=PLANE('',#813);
#330=FACE_OUTER_BOUND('',#814,.T.);
#331=PLANE('',#815);
#332=FACE_OUTER_BOUND('',#816,.T.);
#333=PLANE('',#817);
#334=FACE_OUTER_BOUND('',#818,.T.);
#335=PLANE('',#819);
#336=FACE_OUTER_BOUND('',#820,.T.);
#337=PLANE('',#821);
#338=FACE_OUTER_BOUND('',#822,.T.);
#339=PLANE('',#823);
#340=FACE_OUTER_BOUND('',#824,.T.);
#341=PLANE('',#825);
#342=FACE_OUTER_BOUND('',#826,.T.);
#343=PLANE('',#827);
#344=FACE_OUTER_BOUND('',#828,.T.);
#345=PLANE('',#829);
#346=FACE_OUTER_BOUND('',#830,.T.);
#347=PLANE('',#831);
#348=FACE_OUTER_BOUND('',#832,.T.);
#349=PLANE('',#833);
#350=FACE_OUTER_BOUND('',#834,.T.);
#351=PLANE('',#835);
#352=FACE_OUTER_BOUND('',#836,.T.);
#353=PLANE('',#837);
#354=FACE_OUTER_BOUND('',#838,.T.);
#355=PLANE('',#839);
#356=FACE_OUTER_BOUND('',#840,.T.);
#357=PLANE('',#841);
#358=FACE_OUTER_BOUND('',#842,.T.);
#359=PLANE('',#843);
#360=FACE_OUTER_BOUND('',#844,.T.);
#361=PLANE('',#845);
#362=FACE_OUTER_BOUND('',#846,.T.);
#363=PLANE('',#847);
#364=FACE_OUTER_BOUND('',#848,.T.);
#365=PLANE('',#849);
#366=FACE_OUTER_BOUND('',#850,.T.);
#367=PLANE('',#851);
#368=FACE_OUTER_BOUND('',#852,.T.);
#369=PLANE('',#853);
#370=FACE_OUTER_BOUND('',#854,.T.);
#371=PLANE('',#855);
#372=FACE_OUTER_BOUND('',#856,.T.);
#373=PLANE('',#857);
#374=FACE_OUTER_BOUND('',#858,.T.);
#375=PLANE('',#859);
#376=FACE_OUTER_BOUND('',#860,.T.);
#377=PLANE('',#861);
#378=FACE_OUTER_BOUND('',#862,.T.);
#379=PLANE('',#863);
#380=FACE_OUTER_BOUND('',#864,.T.);
#381=PLANE('',#865);
#382=FACE_OUTER_BOUND('',#866,.T.);
#383=PLANE('',#867);
#384=FACE_OUTER_BOUND('',#868,.T.);
#385=PLANE('',#869);
#386=FACE_BOUND('',#870,.T.);
#387=FACE_OUTER_BOUND('',#871,.T.);
#388=PLANE('',#872);
#389=FACE_OUTER_BOUND('',#873,.T.);
#390=PLANE('',#874);
#391=FACE_OUTER_BOUND('',#875,.T.);
#392=PLANE('',#876);
#393=FACE_OUTER_BOUND('',#877,.T.);
#394=PLANE('',#878);
#395=FACE_OUTER_BOUND('',#879,.T.);
#396=PLANE('',#880);
#397=FACE_BOUND('',#881,.T.);
#398=FACE_OUTER_BOUND('',#882,.T.);
#399=PLANE('',#883);
#400=FACE_OUTER_BOUND('',#884,.T.);
#401=PLANE('',#885);
#402=FACE_OUTER_BOUND('',#886,.T.);
#403=PLANE('',#887);
#404=FACE_OUTER_BOUND('',#888,.T.);
#405=PLANE('',#889);
#406=FACE_OUTER_BOUND('',#890,.T.);
#407=PLANE('',#891);
#408=FACE_OUTER_BOUND('',#892,.T.);
#409=PLANE('',#893);
#410=FACE_BOUND('',#894,.T.);
#411=FACE_OUTER_BOUND('',#895,.T.);
#412=PLANE('',#896);
#413=FACE_OUTER_BOUND('',#897,.T.);
#414=PLANE('',#898);
#415=FACE_OUTER_BOUND('',#899,.T.);
#416=PLANE('',#900);
#417=FACE_OUTER_BOUND('',#901,.T.);
#418=PLANE('',#902);
#419=FACE_OUTER_BOUND('',#903,.T.);
#420=PLANE('',#904);
#421=FACE_OUTER_BOUND('',#905,.T.);
#422=PLANE('',#906);
#423=FACE_BOUND('',#907,.T.);
#424=FACE_OUTER_BOUND('',#908,.T.);
#425=PLANE('',#909);
#426=FACE_OUTER_BOUND('',#910,.T.);
#427=PLANE('',#911);
#428=FACE_OUTER_BOUND('',#912,.T.);
#429=PLANE('',#913);
#430=FACE_OUTER_BOUND('',#914,.T.);
#431=PLANE('',#915);
#432=FACE_OUTER_BOUND('',#916,.T.);
#433=PLANE('',#917);
#434=FACE_OUTER_BOUND('',#918,.T.);
#435=PLANE('',#919);
#436=FACE_BOUND('',#920,.T.);
#437=FACE_OUTER_BOUND('',#921,.T.);
#438=PLANE('',#922);
#439=FACE_OUTER_BOUND('',#923,.T.);
#440=PLANE('',#924);
#441=FACE_OUTER_BOUND('',#925,.T.);
#442=PLANE('',#926);
#443=FACE_OUTER_BOUND('',#927,.T.);
#444=PLANE('',#928);
#445=FACE_OUTER_BOUND('',#929,.T.);
#446=PLANE('',#930);
#447=FACE_OUTER_BOUND('',#931,.T.);
#448=PLANE('',#932);
#449=FACE_BOUND('',#933,.T.);
#450=FACE_OUTER_BOUND('',#934,.T.);
#451=PLANE('',#935);
#452=FACE_OUTER_BOUND('',#936,.T.);
#453=PLANE('',#937);
#454=FACE_OUTER_BOUND('',#938,.T.);
#455=PLANE('',#939);
#456=FACE_OUTER_BOUND('',#940,.T.);
#457=PLANE('',#941);
#458=FACE_OUTER_BOUND('',#942,.T.);
#459=PLANE('',#943);
#460=FACE_OUTER_BOUND('',#944,.T.);
#461=PLANE('',#945);
#462=FACE_OUTER_BOUND('',#946,.T.);
#463=PLANE('',#947);
#464=FACE_OUTER_BOUND('',#948,.T.);
#465=PLANE('',#949);
#466=FACE_OUTER_BOUND('',#950,.T.);
#467=PLANE('',#951);
#468=FACE_OUTER_BOUND('',#952,.T.);
#469=PLANE('',#953);
#470=FACE_OUTER_BOUND('',#954,.T.);
#471=PLANE('',#955);
#472=FACE_OUTER_BOUND('',#956,.T.);
#473=PLANE('',#957);
#474=FACE_OUTER_BOUND('',#958,.T.);
#475=PLANE('',#959);
#476=FACE_OUTER_BOUND('',#960,.T.);
#477=PLANE('',#961);
#478=FACE_OUTER_BOUND('',#962,.T.);
#479=PLANE('',#963);
#480=FACE_OUTER_BOUND('',#964,.T.);
#481=PLANE('',#965);
#482=FACE_OUTER_BOUND('',#966,.T.);
#483=CYLINDRICAL_SURFACE('',#967,0.38);
#484=FACE_OUTER_BOUND('',#968,.T.);
#485=CYLINDRICAL_SURFACE('',#969,0.38);
#486=FACE_OUTER_BOUND('',#970,.T.);
#487=PLANE('',#971);
#488=FACE_OUTER_BOUND('',#972,.T.);
#489=PLANE('',#973);
#490=FACE_OUTER_BOUND('',#974,.T.);
#491=PLANE('',#975);
#492=FACE_OUTER_BOUND('',#976,.T.);
#493=CYLINDRICAL_SURFACE('',#977,0.880000000000001);
#494=FACE_OUTER_BOUND('',#978,.T.);
#495=PLANE('',#979);
#496=FACE_OUTER_BOUND('',#980,.T.);
#497=CYLINDRICAL_SURFACE('',#981,0.320000000000005);
#498=FACE_OUTER_BOUND('',#982,.T.);
#499=PLANE('',#983);
#500=FACE_OUTER_BOUND('',#984,.T.);
#501=PLANE('',#985);
#502=FACE_OUTER_BOUND('',#986,.T.);
#503=PLANE('',#987);
#504=FACE_OUTER_BOUND('',#988,.T.);
#505=PLANE('',#989);
#506=FACE_OUTER_BOUND('',#990,.T.);
#507=PLANE('',#991);
#508=FACE_OUTER_BOUND('',#992,.T.);
#509=PLANE('',#993);
#510=FACE_OUTER_BOUND('',#994,.T.);
#511=PLANE('',#995);
#512=FACE_OUTER_BOUND('',#996,.T.);
#513=PLANE('',#997);
#514=FACE_OUTER_BOUND('',#998,.T.);
#515=PLANE('',#999);
#516=FACE_OUTER_BOUND('',#1000,.T.);
#517=CYLINDRICAL_SURFACE('',#1001,0.38);
#518=FACE_OUTER_BOUND('',#1002,.T.);
#519=CYLINDRICAL_SURFACE('',#1003,0.38);
#520=FACE_OUTER_BOUND('',#1004,.T.);
#521=PLANE('',#1005);
#522=FACE_OUTER_BOUND('',#1006,.T.);
#523=PLANE('',#1007);
#524=FACE_OUTER_BOUND('',#1008,.T.);
#525=PLANE('',#1009);
#526=FACE_OUTER_BOUND('',#1010,.T.);
#527=CYLINDRICAL_SURFACE('',#1011,0.880000000000001);
#528=FACE_OUTER_BOUND('',#1012,.T.);
#529=PLANE('',#1013);
#530=FACE_OUTER_BOUND('',#1014,.T.);
#531=CYLINDRICAL_SURFACE('',#1015,0.320000000000005);
#532=FACE_OUTER_BOUND('',#1016,.T.);
#533=PLANE('',#1017);
#534=FACE_OUTER_BOUND('',#1018,.T.);
#535=PLANE('',#1019);
#536=FACE_OUTER_BOUND('',#1020,.T.);
#537=PLANE('',#1021);
#538=FACE_OUTER_BOUND('',#1022,.T.);
#539=PLANE('',#1023);
#540=FACE_OUTER_BOUND('',#1024,.T.);
#541=PLANE('',#1025);
#542=FACE_OUTER_BOUND('',#1026,.T.);
#543=PLANE('',#1027);
#544=FACE_OUTER_BOUND('',#1028,.T.);
#545=PLANE('',#1029);
#546=FACE_OUTER_BOUND('',#1030,.T.);
#547=PLANE('',#1031);
#548=FACE_OUTER_BOUND('',#1032,.T.);
#549=PLANE('',#1033);
#550=FACE_OUTER_BOUND('',#1034,.T.);
#551=CYLINDRICAL_SURFACE('',#1035,0.38);
#552=FACE_OUTER_BOUND('',#1036,.T.);
#553=CYLINDRICAL_SURFACE('',#1037,0.38);
#554=FACE_OUTER_BOUND('',#1038,.T.);
#555=PLANE('',#1039);
#556=FACE_OUTER_BOUND('',#1040,.T.);
#557=PLANE('',#1041);
#558=FACE_OUTER_BOUND('',#1042,.T.);
#559=PLANE('',#1043);
#560=FACE_OUTER_BOUND('',#1044,.T.);
#561=CYLINDRICAL_SURFACE('',#1045,0.880000000000001);
#562=FACE_OUTER_BOUND('',#1046,.T.);
#563=PLANE('',#1047);
#564=FACE_OUTER_BOUND('',#1048,.T.);
#565=CYLINDRICAL_SURFACE('',#1049,0.320000000000005);
#566=FACE_OUTER_BOUND('',#1050,.T.);
#567=PLANE('',#1051);
#568=FACE_OUTER_BOUND('',#1052,.T.);
#569=PLANE('',#1053);
#570=FACE_OUTER_BOUND('',#1054,.T.);
#571=PLANE('',#1055);
#572=FACE_OUTER_BOUND('',#1056,.T.);
#573=PLANE('',#1057);
#574=FACE_OUTER_BOUND('',#1058,.T.);
#575=PLANE('',#1059);
#576=FACE_OUTER_BOUND('',#1060,.T.);
#577=PLANE('',#1061);
#578=FACE_OUTER_BOUND('',#1062,.T.);
#579=PLANE('',#1063);
#580=FACE_OUTER_BOUND('',#1064,.T.);
#581=PLANE('',#1065);
#582=FACE_OUTER_BOUND('',#1066,.T.);
#583=PLANE('',#1067);
#584=FACE_OUTER_BOUND('',#1068,.T.);
#585=CYLINDRICAL_SURFACE('',#1069,0.38);
#586=FACE_OUTER_BOUND('',#1070,.T.);
#587=CYLINDRICAL_SURFACE('',#1071,0.38);
#588=FACE_OUTER_BOUND('',#1072,.T.);
#589=PLANE('',#1073);
#590=FACE_OUTER_BOUND('',#1074,.T.);
#591=PLANE('',#1075);
#592=FACE_OUTER_BOUND('',#1076,.T.);
#593=PLANE('',#1077);
#594=FACE_OUTER_BOUND('',#1078,.T.);
#595=CYLINDRICAL_SURFACE('',#1079,0.880000000000001);
#596=FACE_OUTER_BOUND('',#1080,.T.);
#597=PLANE('',#1081);
#598=FACE_OUTER_BOUND('',#1082,.T.);
#599=CYLINDRICAL_SURFACE('',#1083,0.320000000000005);
#600=FACE_OUTER_BOUND('',#1084,.T.);
#601=PLANE('',#1085);
#602=FACE_OUTER_BOUND('',#1086,.T.);
#603=PLANE('',#1087);
#604=FACE_OUTER_BOUND('',#1088,.T.);
#605=PLANE('',#1089);
#606=FACE_OUTER_BOUND('',#1090,.T.);
#607=PLANE('',#1091);
#608=FACE_OUTER_BOUND('',#1092,.T.);
#609=PLANE('',#1093);
#610=FACE_OUTER_BOUND('',#1094,.T.);
#611=PLANE('',#1095);
#612=FACE_OUTER_BOUND('',#1096,.T.);
#613=PLANE('',#1097);
#614=FACE_OUTER_BOUND('',#1098,.T.);
#615=PLANE('',#1099);
#616=FACE_OUTER_BOUND('',#1100,.T.);
#617=PLANE('',#1101);
#618=FACE_OUTER_BOUND('',#1102,.T.);
#619=CYLINDRICAL_SURFACE('',#1103,0.38);
#620=FACE_OUTER_BOUND('',#1104,.T.);
#621=CYLINDRICAL_SURFACE('',#1105,0.38);
#622=FACE_OUTER_BOUND('',#1106,.T.);
#623=PLANE('',#1107);
#624=FACE_OUTER_BOUND('',#1108,.T.);
#625=PLANE('',#1109);
#626=FACE_OUTER_BOUND('',#1110,.T.);
#627=PLANE('',#1111);
#628=FACE_OUTER_BOUND('',#1112,.T.);
#629=CYLINDRICAL_SURFACE('',#1113,0.880000000000001);
#630=FACE_OUTER_BOUND('',#1114,.T.);
#631=PLANE('',#1115);
#632=FACE_OUTER_BOUND('',#1116,.T.);
#633=CYLINDRICAL_SURFACE('',#1117,0.320000000000005);
#634=FACE_OUTER_BOUND('',#1118,.T.);
#635=PLANE('',#1119);
#636=FACE_OUTER_BOUND('',#1120,.T.);
#637=PLANE('',#1121);
#638=FACE_OUTER_BOUND('',#1122,.T.);
#639=PLANE('',#1123);
#640=FACE_OUTER_BOUND('',#1124,.T.);
#641=PLANE('',#1125);
#642=FACE_OUTER_BOUND('',#1126,.T.);
#643=PLANE('',#1127);
#644=FACE_OUTER_BOUND('',#1128,.T.);
#645=PLANE('',#1129);
#646=FACE_OUTER_BOUND('',#1130,.T.);
#647=PLANE('',#1131);
#648=FACE_OUTER_BOUND('',#1132,.T.);
#649=PLANE('',#1133);
#650=FACE_OUTER_BOUND('',#1134,.T.);
#651=PLANE('',#1135);
#652=FACE_OUTER_BOUND('',#1136,.T.);
#653=CYLINDRICAL_SURFACE('',#1137,0.38);
#654=FACE_OUTER_BOUND('',#1138,.T.);
#655=CYLINDRICAL_SURFACE('',#1139,0.38);
#656=FACE_OUTER_BOUND('',#1140,.T.);
#657=PLANE('',#1141);
#658=FACE_OUTER_BOUND('',#1142,.T.);
#659=PLANE('',#1143);
#660=FACE_OUTER_BOUND('',#1144,.T.);
#661=PLANE('',#1145);
#662=FACE_OUTER_BOUND('',#1146,.T.);
#663=CYLINDRICAL_SURFACE('',#1147,0.880000000000001);
#664=FACE_OUTER_BOUND('',#1148,.T.);
#665=PLANE('',#1149);
#666=FACE_OUTER_BOUND('',#1150,.T.);
#667=CYLINDRICAL_SURFACE('',#1151,0.320000000000005);
#668=FACE_OUTER_BOUND('',#1152,.T.);
#669=PLANE('',#1153);
#670=FACE_OUTER_BOUND('',#1154,.T.);
#671=PLANE('',#1155);
#672=FACE_OUTER_BOUND('',#1156,.T.);
#673=PLANE('',#1157);
#674=FACE_OUTER_BOUND('',#1158,.T.);
#675=PLANE('',#1159);
#676=FACE_OUTER_BOUND('',#1160,.T.);
#677=CYLINDRICAL_SURFACE('',#1161,0.199999999999999);
#678=FACE_OUTER_BOUND('',#1162,.T.);
#679=PLANE('',#1163);
#680=FACE_OUTER_BOUND('',#1164,.T.);
#681=PLANE('',#1165);
#682=FACE_OUTER_BOUND('',#1166,.T.);
#683=CYLINDRICAL_SURFACE('',#1167,0.649999999999999);
#684=FACE_OUTER_BOUND('',#1168,.T.);
#685=PLANE('',#1169);
#686=FACE_OUTER_BOUND('',#1170,.T.);
#687=PLANE('',#1171);
#688=FACE_OUTER_BOUND('',#1172,.T.);
#689=PLANE('',#1173);
#690=FACE_OUTER_BOUND('',#1174,.T.);
#691=CYLINDRICAL_SURFACE('',#1175,0.199999999999999);
#692=FACE_OUTER_BOUND('',#1176,.T.);
#693=CYLINDRICAL_SURFACE('',#1177,0.649999999999999);
#694=FACE_OUTER_BOUND('',#1178,.T.);
#695=PLANE('',#1179);
#696=FACE_OUTER_BOUND('',#1180,.T.);
#697=PLANE('',#1181);
#698=FACE_OUTER_BOUND('',#1182,.T.);
#699=PLANE('',#1183);
#700=FACE_OUTER_BOUND('',#1184,.T.);
#701=PLANE('',#1185);
#702=FACE_OUTER_BOUND('',#1186,.T.);
#703=PLANE('',#1187);
#704=FACE_OUTER_BOUND('',#1188,.T.);
#705=PLANE('',#1189);
#706=FACE_OUTER_BOUND('',#1190,.T.);
#707=PLANE('',#1191);
#708=FACE_OUTER_BOUND('',#1192,.T.);
#709=PLANE('',#1193);
#710=FACE_OUTER_BOUND('',#1194,.T.);
#711=PLANE('',#1195);
#712=FACE_OUTER_BOUND('',#1196,.T.);
#713=PLANE('',#1197);
#714=FACE_OUTER_BOUND('',#1198,.T.);
#715=PLANE('',#1199);
#716=FACE_OUTER_BOUND('',#1200,.T.);
#717=PLANE('',#1201);
#718=FACE_OUTER_BOUND('',#1202,.T.);
#719=PLANE('',#1203);
#720=FACE_OUTER_BOUND('',#1204,.T.);
#721=PLANE('',#1205);
#722=FACE_OUTER_BOUND('',#1206,.T.);
#723=PLANE('',#1207);
#724=FACE_OUTER_BOUND('',#1208,.T.);
#725=PLANE('',#1209);
#726=FACE_OUTER_BOUND('',#1210,.T.);
#727=PLANE('',#1211);
#728=FACE_OUTER_BOUND('',#1212,.T.);
#729=PLANE('',#1213);
#730=FACE_OUTER_BOUND('',#1214,.T.);
#731=PLANE('',#1215);
#732=FACE_OUTER_BOUND('',#1216,.T.);
#733=PLANE('',#1217);
#734=FACE_OUTER_BOUND('',#1218,.T.);
#735=PLANE('',#1219);
#736=FACE_OUTER_BOUND('',#1220,.T.);
#737=PLANE('',#1221);
#738=FACE_OUTER_BOUND('',#1222,.T.);
#739=PLANE('',#1223);
#740=FACE_OUTER_BOUND('',#1224,.T.);
#741=PLANE('',#1225);
#742=FACE_OUTER_BOUND('',#1226,.T.);
#743=PLANE('',#1227);
#744=FACE_OUTER_BOUND('',#1228,.T.);
#745=PLANE('',#1229);
#746=FACE_OUTER_BOUND('',#1230,.T.);
#747=PLANE('',#1231);
#748=FACE_OUTER_BOUND('',#1232,.T.);
#749=PLANE('',#1233);
#750=FACE_OUTER_BOUND('',#1234,.T.);
#751=PLANE('',#1235);
#752=FACE_OUTER_BOUND('',#1236,.T.);
#753=PLANE('',#1237);
#754=FACE_OUTER_BOUND('',#1238,.T.);
#755=PLANE('',#1239);
#756=FACE_OUTER_BOUND('',#1240,.T.);
#757=PLANE('',#1241);
#758=FACE_OUTER_BOUND('',#1242,.T.);
#759=PLANE('',#1243);
#760=FACE_OUTER_BOUND('',#1244,.T.);
#761=PLANE('',#1245);
#762=FACE_OUTER_BOUND('',#1246,.T.);
#763=PLANE('',#1247);
#764=FACE_OUTER_BOUND('',#1248,.T.);
#765=PLANE('',#1249);
#766=FACE_OUTER_BOUND('',#1250,.T.);
#767=PLANE('',#1251);
#768=FILL_AREA_STYLE('',(#1252));
#769=EDGE_LOOP('',(#1253,#1254,#1255,#1256));
#770=EDGE_LOOP('',(#1257,#1258,#1259,#1260));
#771=EDGE_LOOP('',(#1261,#1262,#1263,#1264));
#772=EDGE_LOOP('',(#1265,#1266,#1267,#1268));
#773=EDGE_LOOP('',(#1269,#1270,#1271,#1272,#1273,#1274,#1275,#1276,#1277,#1278,#1279,#1280,#1281,#1282,#1283,#1284,#1285,#1286,#1287,#1288,#1289,#1290,#1291,#1292,#1293,#1294,#1295,#1296,#1297,#1298,#1299,#1300,#1301,#1302,#1303,#1304,#1305,#1306,#1307,#1308,#1309,#1310,#1311,#1312));
#774=EDGE_LOOP('',(#1313,#1314,#1315,#1316));
#775=EDGE_LOOP('',(#1317,#1318,#1319,#1320));
#776=AXIS2_PLACEMENT_3D('',#1321,#1322,#1323);
#777=EDGE_LOOP('',(#1324,#1325,#1326,#1327));
#778=AXIS2_PLACEMENT_3D('',#1328,#1329,#1330);
#779=EDGE_LOOP('',(#1331,#1332,#1333,#1334,#1335,#1336,#1337,#1338));
#780=AXIS2_PLACEMENT_3D('',#1339,#1340,#1341);
#781=EDGE_LOOP('',(#1342,#1343,#1344,#1345));
#782=AXIS2_PLACEMENT_3D('',#1346,#1347,#1348);
#783=EDGE_LOOP('',(#1349,#1350,#1351,#1352,#1353,#1354,#1355,#1356));
#784=AXIS2_PLACEMENT_3D('',#1357,#1358,#1359);
#785=EDGE_LOOP('',(#1360,#1361,#1362,#1363,#1364,#1365,#1366,#1367));
#786=AXIS2_PLACEMENT_3D('',#1368,#1369,#1370);
#787=EDGE_LOOP('',(#1371,#1372,#1373,#1374,#1375,#1376,#1377,#1378));
#788=AXIS2_PLACEMENT_3D('',#1379,#1380,#1381);
#789=EDGE_LOOP('',(#1382,#1383,#1384,#1385));
#790=AXIS2_PLACEMENT_3D('',#1386,#1387,#1388);
#791=EDGE_LOOP('',(#1389,#1390,#1391,#1392));
#792=AXIS2_PLACEMENT_3D('',#1393,#1394,#1395);
#793=EDGE_LOOP('',(#1396,#1397,#1398,#1399,#1400));
#794=EDGE_LOOP('',(#1401,#1402,#1403,#1404,#1405));
#795=EDGE_LOOP('',(#1406,#1407,#1408,#1409,#1410));
#796=EDGE_LOOP('',(#1411,#1412,#1413,#1414,#1415));
#797=EDGE_LOOP('',(#1416,#1417,#1418,#1419));
#798=EDGE_LOOP('',(#1420,#1421,#1422,#1423,#1424));
#799=EDGE_LOOP('',(#1425,#1426,#1427,#1428,#1429,#1430,#1431,#1432));
#800=AXIS2_PLACEMENT_3D('',#1433,#1434,#1435);
#801=EDGE_LOOP('',(#1436,#1437,#1438,#1439,#1440,#1441));
#802=EDGE_LOOP('',(#1442,#1443,#1444,#1445));
#803=AXIS2_PLACEMENT_3D('',#1446,#1447,#1448);
#804=EDGE_LOOP('',(#1449,#1450,#1451,#1452,#1453,#1454,#1455,#1456,#1457,#1458,#1459,#1460,#1461,#1462,#1463,#1464,#1465,#1466,#1467,#1468,#1469,#1470,#1471,#1472,#1473,#1474,#1475,#1476,#1477,#1478,#1479,#1480));
#805=AXIS2_PLACEMENT_3D('',#1481,#1482,#1483);
#806=EDGE_LOOP('',(#1484,#1485,#1486,#1487));
#807=AXIS2_PLACEMENT_3D('',#1488,#1489,#1490);
#808=EDGE_LOOP('',(#1491,#1492,#1493,#1494));
#809=AXIS2_PLACEMENT_3D('',#1495,#1496,#1497);
#810=EDGE_LOOP('',(#1498,#1499,#1500,#1501));
#811=AXIS2_PLACEMENT_3D('',#1502,#1503,#1504);
#812=EDGE_LOOP('',(#1505,#1506,#1507,#1508));
#813=AXIS2_PLACEMENT_3D('',#1509,#1510,#1511);
#814=EDGE_LOOP('',(#1512,#1513,#1514,#1515));
#815=AXIS2_PLACEMENT_3D('',#1516,#1517,#1518);
#816=EDGE_LOOP('',(#1519,#1520,#1521,#1522,#1523,#1524,#1525));
#817=AXIS2_PLACEMENT_3D('',#1526,#1527,#1528);
#818=EDGE_LOOP('',(#1529,#1530,#1531,#1532,#1533,#1534,#1535));
#819=AXIS2_PLACEMENT_3D('',#1536,#1537,#1538);
#820=EDGE_LOOP('',(#1539,#1540,#1541,#1542));
#821=AXIS2_PLACEMENT_3D('',#1543,#1544,#1545);
#822=EDGE_LOOP('',(#1546,#1547,#1548,#1549));
#823=AXIS2_PLACEMENT_3D('',#1550,#1551,#1552);
#824=EDGE_LOOP('',(#1553,#1554,#1555));
#825=AXIS2_PLACEMENT_3D('',#1556,#1557,#1558);
#826=EDGE_LOOP('',(#1559,#1560,#1561));
#827=AXIS2_PLACEMENT_3D('',#1562,#1563,#1564);
#828=EDGE_LOOP('',(#1565,#1566,#1567,#1568));
#829=AXIS2_PLACEMENT_3D('',#1569,#1570,#1571);
#830=EDGE_LOOP('',(#1572,#1573,#1574,#1575));
#831=AXIS2_PLACEMENT_3D('',#1576,#1577,#1578);
#832=EDGE_LOOP('',(#1579,#1580,#1581));
#833=AXIS2_PLACEMENT_3D('',#1582,#1583,#1584);
#834=EDGE_LOOP('',(#1585,#1586,#1587));
#835=AXIS2_PLACEMENT_3D('',#1588,#1589,#1590);
#836=EDGE_LOOP('',(#1591,#1592,#1593,#1594));
#837=AXIS2_PLACEMENT_3D('',#1595,#1596,#1597);
#838=EDGE_LOOP('',(#1598,#1599,#1600,#1601,#1602,#1603,#1604));
#839=AXIS2_PLACEMENT_3D('',#1605,#1606,#1607);
#840=EDGE_LOOP('',(#1608,#1609,#1610,#1611));
#841=AXIS2_PLACEMENT_3D('',#1612,#1613,#1614);
#842=EDGE_LOOP('',(#1615,#1616,#1617,#1618,#1619));
#843=AXIS2_PLACEMENT_3D('',#1620,#1621,#1622);
#844=EDGE_LOOP('',(#1623,#1624,#1625,#1626));
#845=AXIS2_PLACEMENT_3D('',#1627,#1628,#1629);
#846=EDGE_LOOP('',(#1630,#1631,#1632,#1633));
#847=AXIS2_PLACEMENT_3D('',#1634,#1635,#1636);
#848=EDGE_LOOP('',(#1637,#1638,#1639,#1640,#1641,#1642,#1643));
#849=AXIS2_PLACEMENT_3D('',#1644,#1645,#1646);
#850=EDGE_LOOP('',(#1647,#1648,#1649,#1650,#1651));
#851=AXIS2_PLACEMENT_3D('',#1652,#1653,#1654);
#852=EDGE_LOOP('',(#1655,#1656,#1657,#1658));
#853=AXIS2_PLACEMENT_3D('',#1659,#1660,#1661);
#854=EDGE_LOOP('',(#1662,#1663,#1664,#1665));
#855=AXIS2_PLACEMENT_3D('',#1666,#1667,#1668);
#856=EDGE_LOOP('',(#1669,#1670,#1671,#1672));
#857=AXIS2_PLACEMENT_3D('',#1673,#1674,#1675);
#858=EDGE_LOOP('',(#1676,#1677,#1678,#1679));
#859=AXIS2_PLACEMENT_3D('',#1680,#1681,#1682);
#860=EDGE_LOOP('',(#1683,#1684,#1685,#1686));
#861=AXIS2_PLACEMENT_3D('',#1687,#1688,#1689);
#862=EDGE_LOOP('',(#1690,#1691,#1692,#1693));
#863=AXIS2_PLACEMENT_3D('',#1694,#1695,#1696);
#864=EDGE_LOOP('',(#1697,#1698,#1699,#1700));
#865=AXIS2_PLACEMENT_3D('',#1701,#1702,#1703);
#866=EDGE_LOOP('',(#1704,#1705,#1706,#1707));
#867=AXIS2_PLACEMENT_3D('',#1708,#1709,#1710);
#868=EDGE_LOOP('',(#1711,#1712,#1713,#1714));
#869=AXIS2_PLACEMENT_3D('',#1715,#1716,#1717);
#870=EDGE_LOOP('',(#1718,#1719,#1720,#1721));
#871=EDGE_LOOP('',(#1722,#1723,#1724,#1725,#1726));
#872=AXIS2_PLACEMENT_3D('',#1727,#1728,#1729);
#873=EDGE_LOOP('',(#1730,#1731,#1732,#1733));
#874=AXIS2_PLACEMENT_3D('',#1734,#1735,#1736);
#875=EDGE_LOOP('',(#1737,#1738,#1739,#1740));
#876=AXIS2_PLACEMENT_3D('',#1741,#1742,#1743);
#877=EDGE_LOOP('',(#1744,#1745,#1746,#1747));
#878=AXIS2_PLACEMENT_3D('',#1748,#1749,#1750);
#879=EDGE_LOOP('',(#1751,#1752,#1753,#1754));
#880=AXIS2_PLACEMENT_3D('',#1755,#1756,#1757);
#881=EDGE_LOOP('',(#1758,#1759,#1760,#1761));
#882=EDGE_LOOP('',(#1762,#1763,#1764,#1765));
#883=AXIS2_PLACEMENT_3D('',#1766,#1767,#1768);
#884=EDGE_LOOP('',(#1769,#1770,#1771,#1772));
#885=AXIS2_PLACEMENT_3D('',#1773,#1774,#1775);
#886=EDGE_LOOP('',(#1776,#1777,#1778,#1779));
#887=AXIS2_PLACEMENT_3D('',#1780,#1781,#1782);
#888=EDGE_LOOP('',(#1783,#1784,#1785,#1786));
#889=AXIS2_PLACEMENT_3D('',#1787,#1788,#1789);
#890=EDGE_LOOP('',(#1790,#1791,#1792,#1793));
#891=AXIS2_PLACEMENT_3D('',#1794,#1795,#1796);
#892=EDGE_LOOP('',(#1797,#1798,#1799,#1800));
#893=AXIS2_PLACEMENT_3D('',#1801,#1802,#1803);
#894=EDGE_LOOP('',(#1804,#1805,#1806,#1807));
#895=EDGE_LOOP('',(#1808,#1809,#1810,#1811,#1812));
#896=AXIS2_PLACEMENT_3D('',#1813,#1814,#1815);
#897=EDGE_LOOP('',(#1816,#1817,#1818,#1819));
#898=AXIS2_PLACEMENT_3D('',#1820,#1821,#1822);
#899=EDGE_LOOP('',(#1823,#1824,#1825,#1826));
#900=AXIS2_PLACEMENT_3D('',#1827,#1828,#1829);
#901=EDGE_LOOP('',(#1830,#1831,#1832,#1833));
#902=AXIS2_PLACEMENT_3D('',#1834,#1835,#1836);
#903=EDGE_LOOP('',(#1837,#1838,#1839,#1840));
#904=AXIS2_PLACEMENT_3D('',#1841,#1842,#1843);
#905=EDGE_LOOP('',(#1844,#1845,#1846,#1847));
#906=AXIS2_PLACEMENT_3D('',#1848,#1849,#1850);
#907=EDGE_LOOP('',(#1851,#1852,#1853,#1854));
#908=EDGE_LOOP('',(#1855,#1856,#1857,#1858,#1859));
#909=AXIS2_PLACEMENT_3D('',#1860,#1861,#1862);
#910=EDGE_LOOP('',(#1863,#1864,#1865,#1866));
#911=AXIS2_PLACEMENT_3D('',#1867,#1868,#1869);
#912=EDGE_LOOP('',(#1870,#1871,#1872,#1873));
#913=AXIS2_PLACEMENT_3D('',#1874,#1875,#1876);
#914=EDGE_LOOP('',(#1877,#1878,#1879,#1880));
#915=AXIS2_PLACEMENT_3D('',#1881,#1882,#1883);
#916=EDGE_LOOP('',(#1884,#1885,#1886,#1887));
#917=AXIS2_PLACEMENT_3D('',#1888,#1889,#1890);
#918=EDGE_LOOP('',(#1891,#1892,#1893,#1894));
#919=AXIS2_PLACEMENT_3D('',#1895,#1896,#1897);
#920=EDGE_LOOP('',(#1898,#1899,#1900,#1901));
#921=EDGE_LOOP('',(#1902,#1903,#1904,#1905,#1906));
#922=AXIS2_PLACEMENT_3D('',#1907,#1908,#1909);
#923=EDGE_LOOP('',(#1910,#1911,#1912,#1913));
#924=AXIS2_PLACEMENT_3D('',#1914,#1915,#1916);
#925=EDGE_LOOP('',(#1917,#1918,#1919,#1920));
#926=AXIS2_PLACEMENT_3D('',#1921,#1922,#1923);
#927=EDGE_LOOP('',(#1924,#1925,#1926,#1927));
#928=AXIS2_PLACEMENT_3D('',#1928,#1929,#1930);
#929=EDGE_LOOP('',(#1931,#1932,#1933,#1934));
#930=AXIS2_PLACEMENT_3D('',#1935,#1936,#1937);
#931=EDGE_LOOP('',(#1938,#1939,#1940,#1941));
#932=AXIS2_PLACEMENT_3D('',#1942,#1943,#1944);
#933=EDGE_LOOP('',(#1945,#1946,#1947,#1948));
#934=EDGE_LOOP('',(#1949,#1950,#1951,#1952,#1953));
#935=AXIS2_PLACEMENT_3D('',#1954,#1955,#1956);
#936=EDGE_LOOP('',(#1957,#1958,#1959,#1960));
#937=AXIS2_PLACEMENT_3D('',#1961,#1962,#1963);
#938=EDGE_LOOP('',(#1964,#1965,#1966,#1967));
#939=AXIS2_PLACEMENT_3D('',#1968,#1969,#1970);
#940=EDGE_LOOP('',(#1971,#1972,#1973,#1974));
#941=AXIS2_PLACEMENT_3D('',#1975,#1976,#1977);
#942=EDGE_LOOP('',(#1978,#1979,#1980,#1981));
#943=AXIS2_PLACEMENT_3D('',#1982,#1983,#1984);
#944=EDGE_LOOP('',(#1985,#1986,#1987,#1988));
#945=AXIS2_PLACEMENT_3D('',#1989,#1990,#1991);
#946=EDGE_LOOP('',(#1992,#1993,#1994,#1995));
#947=AXIS2_PLACEMENT_3D('',#1996,#1997,#1998);
#948=EDGE_LOOP('',(#1999,#2000,#2001,#2002));
#949=AXIS2_PLACEMENT_3D('',#2003,#2004,#2005);
#950=EDGE_LOOP('',(#2006,#2007,#2008,#2009));
#951=AXIS2_PLACEMENT_3D('',#2010,#2011,#2012);
#952=EDGE_LOOP('',(#2013,#2014,#2015,#2016));
#953=AXIS2_PLACEMENT_3D('',#2017,#2018,#2019);
#954=EDGE_LOOP('',(#2020,#2021,#2022,#2023));
#955=AXIS2_PLACEMENT_3D('',#2024,#2025,#2026);
#956=EDGE_LOOP('',(#2027,#2028,#2029,#2030));
#957=AXIS2_PLACEMENT_3D('',#2031,#2032,#2033);
#958=EDGE_LOOP('',(#2034,#2035,#2036,#2037));
#959=AXIS2_PLACEMENT_3D('',#2038,#2039,#2040);
#960=EDGE_LOOP('',(#2041,#2042,#2043,#2044));
#961=AXIS2_PLACEMENT_3D('',#2045,#2046,#2047);
#962=EDGE_LOOP('',(#2048,#2049,#2050,#2051,#2052,#2053));
#963=AXIS2_PLACEMENT_3D('',#2054,#2055,#2056);
#964=EDGE_LOOP('',(#2057,#2058,#2059,#2060,#2061,#2062));
#965=AXIS2_PLACEMENT_3D('',#2063,#2064,#2065);
#966=EDGE_LOOP('',(#2066,#2067,#2068,#2069));
#967=AXIS2_PLACEMENT_3D('',#2070,#2071,#2072);
#968=EDGE_LOOP('',(#2073,#2074,#2075,#2076));
#969=AXIS2_PLACEMENT_3D('',#2077,#2078,#2079);
#970=EDGE_LOOP('',(#2080,#2081,#2082,#2083));
#971=AXIS2_PLACEMENT_3D('',#2084,#2085,#2086);
#972=EDGE_LOOP('',(#2087,#2088,#2089,#2090,#2091,#2092));
#973=AXIS2_PLACEMENT_3D('',#2093,#2094,#2095);
#974=EDGE_LOOP('',(#2096,#2097,#2098,#2099,#2100,#2101));
#975=AXIS2_PLACEMENT_3D('',#2102,#2103,#2104);
#976=EDGE_LOOP('',(#2105,#2106,#2107,#2108));
#977=AXIS2_PLACEMENT_3D('',#2109,#2110,#2111);
#978=EDGE_LOOP('',(#2112,#2113,#2114,#2115));
#979=AXIS2_PLACEMENT_3D('',#2116,#2117,#2118);
#980=EDGE_LOOP('',(#2119,#2120,#2121,#2122));
#981=AXIS2_PLACEMENT_3D('',#2123,#2124,#2125);
#982=EDGE_LOOP('',(#2126,#2127,#2128,#2129));
#983=AXIS2_PLACEMENT_3D('',#2130,#2131,#2132);
#984=EDGE_LOOP('',(#2133,#2134,#2135,#2136));
#985=AXIS2_PLACEMENT_3D('',#2137,#2138,#2139);
#986=EDGE_LOOP('',(#2140,#2141,#2142,#2143));
#987=AXIS2_PLACEMENT_3D('',#2144,#2145,#2146);
#988=EDGE_LOOP('',(#2147,#2148,#2149,#2150));
#989=AXIS2_PLACEMENT_3D('',#2151,#2152,#2153);
#990=EDGE_LOOP('',(#2154,#2155,#2156,#2157));
#991=AXIS2_PLACEMENT_3D('',#2158,#2159,#2160);
#992=EDGE_LOOP('',(#2161,#2162,#2163,#2164));
#993=AXIS2_PLACEMENT_3D('',#2165,#2166,#2167);
#994=EDGE_LOOP('',(#2168,#2169,#2170,#2171));
#995=AXIS2_PLACEMENT_3D('',#2172,#2173,#2174);
#996=EDGE_LOOP('',(#2175,#2176,#2177,#2178,#2179,#2180));
#997=AXIS2_PLACEMENT_3D('',#2181,#2182,#2183);
#998=EDGE_LOOP('',(#2184,#2185,#2186,#2187,#2188,#2189));
#999=AXIS2_PLACEMENT_3D('',#2190,#2191,#2192);
#1000=EDGE_LOOP('',(#2193,#2194,#2195,#2196));
#1001=AXIS2_PLACEMENT_3D('',#2197,#2198,#2199);
#1002=EDGE_LOOP('',(#2200,#2201,#2202,#2203));
#1003=AXIS2_PLACEMENT_3D('',#2204,#2205,#2206);
#1004=EDGE_LOOP('',(#2207,#2208,#2209,#2210));
#1005=AXIS2_PLACEMENT_3D('',#2211,#2212,#2213);
#1006=EDGE_LOOP('',(#2214,#2215,#2216,#2217,#2218,#2219));
#1007=AXIS2_PLACEMENT_3D('',#2220,#2221,#2222);
#1008=EDGE_LOOP('',(#2223,#2224,#2225,#2226,#2227,#2228));
#1009=AXIS2_PLACEMENT_3D('',#2229,#2230,#2231);
#1010=EDGE_LOOP('',(#2232,#2233,#2234,#2235));
#1011=AXIS2_PLACEMENT_3D('',#2236,#2237,#2238);
#1012=EDGE_LOOP('',(#2239,#2240,#2241,#2242));
#1013=AXIS2_PLACEMENT_3D('',#2243,#2244,#2245);
#1014=EDGE_LOOP('',(#2246,#2247,#2248,#2249));
#1015=AXIS2_PLACEMENT_3D('',#2250,#2251,#2252);
#1016=EDGE_LOOP('',(#2253,#2254,#2255,#2256));
#1017=AXIS2_PLACEMENT_3D('',#2257,#2258,#2259);
#1018=EDGE_LOOP('',(#2260,#2261,#2262,#2263));
#1019=AXIS2_PLACEMENT_3D('',#2264,#2265,#2266);
#1020=EDGE_LOOP('',(#2267,#2268,#2269,#2270));
#1021=AXIS2_PLACEMENT_3D('',#2271,#2272,#2273);
#1022=EDGE_LOOP('',(#2274,#2275,#2276,#2277));
#1023=AXIS2_PLACEMENT_3D('',#2278,#2279,#2280);
#1024=EDGE_LOOP('',(#2281,#2282,#2283,#2284));
#1025=AXIS2_PLACEMENT_3D('',#2285,#2286,#2287);
#1026=EDGE_LOOP('',(#2288,#2289,#2290,#2291));
#1027=AXIS2_PLACEMENT_3D('',#2292,#2293,#2294);
#1028=EDGE_LOOP('',(#2295,#2296,#2297,#2298));
#1029=AXIS2_PLACEMENT_3D('',#2299,#2300,#2301);
#1030=EDGE_LOOP('',(#2302,#2303,#2304,#2305,#2306,#2307));
#1031=AXIS2_PLACEMENT_3D('',#2308,#2309,#2310);
#1032=EDGE_LOOP('',(#2311,#2312,#2313,#2314,#2315,#2316));
#1033=AXIS2_PLACEMENT_3D('',#2317,#2318,#2319);
#1034=EDGE_LOOP('',(#2320,#2321,#2322,#2323));
#1035=AXIS2_PLACEMENT_3D('',#2324,#2325,#2326);
#1036=EDGE_LOOP('',(#2327,#2328,#2329,#2330));
#1037=AXIS2_PLACEMENT_3D('',#2331,#2332,#2333);
#1038=EDGE_LOOP('',(#2334,#2335,#2336,#2337));
#1039=AXIS2_PLACEMENT_3D('',#2338,#2339,#2340);
#1040=EDGE_LOOP('',(#2341,#2342,#2343,#2344,#2345,#2346));
#1041=AXIS2_PLACEMENT_3D('',#2347,#2348,#2349);
#1042=EDGE_LOOP('',(#2350,#2351,#2352,#2353,#2354,#2355));
#1043=AXIS2_PLACEMENT_3D('',#2356,#2357,#2358);
#1044=EDGE_LOOP('',(#2359,#2360,#2361,#2362));
#1045=AXIS2_PLACEMENT_3D('',#2363,#2364,#2365);
#1046=EDGE_LOOP('',(#2366,#2367,#2368,#2369));
#1047=AXIS2_PLACEMENT_3D('',#2370,#2371,#2372);
#1048=EDGE_LOOP('',(#2373,#2374,#2375,#2376));
#1049=AXIS2_PLACEMENT_3D('',#2377,#2378,#2379);
#1050=EDGE_LOOP('',(#2380,#2381,#2382,#2383));
#1051=AXIS2_PLACEMENT_3D('',#2384,#2385,#2386);
#1052=EDGE_LOOP('',(#2387,#2388,#2389,#2390));
#1053=AXIS2_PLACEMENT_3D('',#2391,#2392,#2393);
#1054=EDGE_LOOP('',(#2394,#2395,#2396,#2397));
#1055=AXIS2_PLACEMENT_3D('',#2398,#2399,#2400);
#1056=EDGE_LOOP('',(#2401,#2402,#2403,#2404));
#1057=AXIS2_PLACEMENT_3D('',#2405,#2406,#2407);
#1058=EDGE_LOOP('',(#2408,#2409,#2410,#2411));
#1059=AXIS2_PLACEMENT_3D('',#2412,#2413,#2414);
#1060=EDGE_LOOP('',(#2415,#2416,#2417,#2418));
#1061=AXIS2_PLACEMENT_3D('',#2419,#2420,#2421);
#1062=EDGE_LOOP('',(#2422,#2423,#2424,#2425));
#1063=AXIS2_PLACEMENT_3D('',#2426,#2427,#2428);
#1064=EDGE_LOOP('',(#2429,#2430,#2431,#2432,#2433,#2434));
#1065=AXIS2_PLACEMENT_3D('',#2435,#2436,#2437);
#1066=EDGE_LOOP('',(#2438,#2439,#2440,#2441,#2442,#2443));
#1067=AXIS2_PLACEMENT_3D('',#2444,#2445,#2446);
#1068=EDGE_LOOP('',(#2447,#2448,#2449,#2450));
#1069=AXIS2_PLACEMENT_3D('',#2451,#2452,#2453);
#1070=EDGE_LOOP('',(#2454,#2455,#2456,#2457));
#1071=AXIS2_PLACEMENT_3D('',#2458,#2459,#2460);
#1072=EDGE_LOOP('',(#2461,#2462,#2463,#2464));
#1073=AXIS2_PLACEMENT_3D('',#2465,#2466,#2467);
#1074=EDGE_LOOP('',(#2468,#2469,#2470,#2471,#2472,#2473));
#1075=AXIS2_PLACEMENT_3D('',#2474,#2475,#2476);
#1076=EDGE_LOOP('',(#2477,#2478,#2479,#2480,#2481,#2482));
#1077=AXIS2_PLACEMENT_3D('',#2483,#2484,#2485);
#1078=EDGE_LOOP('',(#2486,#2487,#2488,#2489));
#1079=AXIS2_PLACEMENT_3D('',#2490,#2491,#2492);
#1080=EDGE_LOOP('',(#2493,#2494,#2495,#2496));
#1081=AXIS2_PLACEMENT_3D('',#2497,#2498,#2499);
#1082=EDGE_LOOP('',(#2500,#2501,#2502,#2503));
#1083=AXIS2_PLACEMENT_3D('',#2504,#2505,#2506);
#1084=EDGE_LOOP('',(#2507,#2508,#2509,#2510));
#1085=AXIS2_PLACEMENT_3D('',#2511,#2512,#2513);
#1086=EDGE_LOOP('',(#2514,#2515,#2516,#2517));
#1087=AXIS2_PLACEMENT_3D('',#2518,#2519,#2520);
#1088=EDGE_LOOP('',(#2521,#2522,#2523,#2524));
#1089=AXIS2_PLACEMENT_3D('',#2525,#2526,#2527);
#1090=EDGE_LOOP('',(#2528,#2529,#2530,#2531));
#1091=AXIS2_PLACEMENT_3D('',#2532,#2533,#2534);
#1092=EDGE_LOOP('',(#2535,#2536,#2537,#2538));
#1093=AXIS2_PLACEMENT_3D('',#2539,#2540,#2541);
#1094=EDGE_LOOP('',(#2542,#2543,#2544,#2545));
#1095=AXIS2_PLACEMENT_3D('',#2546,#2547,#2548);
#1096=EDGE_LOOP('',(#2549,#2550,#2551,#2552));
#1097=AXIS2_PLACEMENT_3D('',#2553,#2554,#2555);
#1098=EDGE_LOOP('',(#2556,#2557,#2558,#2559,#2560,#2561));
#1099=AXIS2_PLACEMENT_3D('',#2562,#2563,#2564);
#1100=EDGE_LOOP('',(#2565,#2566,#2567,#2568,#2569,#2570));
#1101=AXIS2_PLACEMENT_3D('',#2571,#2572,#2573);
#1102=EDGE_LOOP('',(#2574,#2575,#2576,#2577));
#1103=AXIS2_PLACEMENT_3D('',#2578,#2579,#2580);
#1104=EDGE_LOOP('',(#2581,#2582,#2583,#2584));
#1105=AXIS2_PLACEMENT_3D('',#2585,#2586,#2587);
#1106=EDGE_LOOP('',(#2588,#2589,#2590,#2591));
#1107=AXIS2_PLACEMENT_3D('',#2592,#2593,#2594);
#1108=EDGE_LOOP('',(#2595,#2596,#2597,#2598,#2599,#2600));
#1109=AXIS2_PLACEMENT_3D('',#2601,#2602,#2603);
#1110=EDGE_LOOP('',(#2604,#2605,#2606,#2607,#2608,#2609));
#1111=AXIS2_PLACEMENT_3D('',#2610,#2611,#2612);
#1112=EDGE_LOOP('',(#2613,#2614,#2615,#2616));
#1113=AXIS2_PLACEMENT_3D('',#2617,#2618,#2619);
#1114=EDGE_LOOP('',(#2620,#2621,#2622,#2623));
#1115=AXIS2_PLACEMENT_3D('',#2624,#2625,#2626);
#1116=EDGE_LOOP('',(#2627,#2628,#2629,#2630));
#1117=AXIS2_PLACEMENT_3D('',#2631,#2632,#2633);
#1118=EDGE_LOOP('',(#2634,#2635,#2636,#2637));
#1119=AXIS2_PLACEMENT_3D('',#2638,#2639,#2640);
#1120=EDGE_LOOP('',(#2641,#2642,#2643,#2644));
#1121=AXIS2_PLACEMENT_3D('',#2645,#2646,#2647);
#1122=EDGE_LOOP('',(#2648,#2649,#2650,#2651));
#1123=AXIS2_PLACEMENT_3D('',#2652,#2653,#2654);
#1124=EDGE_LOOP('',(#2655,#2656,#2657,#2658));
#1125=AXIS2_PLACEMENT_3D('',#2659,#2660,#2661);
#1126=EDGE_LOOP('',(#2662,#2663,#2664,#2665));
#1127=AXIS2_PLACEMENT_3D('',#2666,#2667,#2668);
#1128=EDGE_LOOP('',(#2669,#2670,#2671,#2672));
#1129=AXIS2_PLACEMENT_3D('',#2673,#2674,#2675);
#1130=EDGE_LOOP('',(#2676,#2677,#2678,#2679));
#1131=AXIS2_PLACEMENT_3D('',#2680,#2681,#2682);
#1132=EDGE_LOOP('',(#2683,#2684,#2685,#2686,#2687,#2688));
#1133=AXIS2_PLACEMENT_3D('',#2689,#2690,#2691);
#1134=EDGE_LOOP('',(#2692,#2693,#2694,#2695,#2696,#2697));
#1135=AXIS2_PLACEMENT_3D('',#2698,#2699,#2700);
#1136=EDGE_LOOP('',(#2701,#2702,#2703,#2704));
#1137=AXIS2_PLACEMENT_3D('',#2705,#2706,#2707);
#1138=EDGE_LOOP('',(#2708,#2709,#2710,#2711));
#1139=AXIS2_PLACEMENT_3D('',#2712,#2713,#2714);
#1140=EDGE_LOOP('',(#2715,#2716,#2717,#2718));
#1141=AXIS2_PLACEMENT_3D('',#2719,#2720,#2721);
#1142=EDGE_LOOP('',(#2722,#2723,#2724,#2725,#2726,#2727));
#1143=AXIS2_PLACEMENT_3D('',#2728,#2729,#2730);
#1144=EDGE_LOOP('',(#2731,#2732,#2733,#2734,#2735,#2736));
#1145=AXIS2_PLACEMENT_3D('',#2737,#2738,#2739);
#1146=EDGE_LOOP('',(#2740,#2741,#2742,#2743));
#1147=AXIS2_PLACEMENT_3D('',#2744,#2745,#2746);
#1148=EDGE_LOOP('',(#2747,#2748,#2749,#2750));
#1149=AXIS2_PLACEMENT_3D('',#2751,#2752,#2753);
#1150=EDGE_LOOP('',(#2754,#2755,#2756,#2757));
#1151=AXIS2_PLACEMENT_3D('',#2758,#2759,#2760);
#1152=EDGE_LOOP('',(#2761,#2762,#2763,#2764));
#1153=AXIS2_PLACEMENT_3D('',#2765,#2766,#2767);
#1154=EDGE_LOOP('',(#2768,#2769,#2770,#2771));
#1155=AXIS2_PLACEMENT_3D('',#2772,#2773,#2774);
#1156=EDGE_LOOP('',(#2775,#2776,#2777,#2778));
#1157=AXIS2_PLACEMENT_3D('',#2779,#2780,#2781);
#1158=EDGE_LOOP('',(#2782,#2783,#2784,#2785));
#1159=AXIS2_PLACEMENT_3D('',#2786,#2787,#2788);
#1160=EDGE_LOOP('',(#2789,#2790,#2791,#2792));
#1161=AXIS2_PLACEMENT_3D('',#2793,#2794,#2795);
#1162=EDGE_LOOP('',(#2796,#2797,#2798,#2799));
#1163=AXIS2_PLACEMENT_3D('',#2800,#2801,#2802);
#1164=EDGE_LOOP('',(#2803,#2804,#2805,#2806));
#1165=AXIS2_PLACEMENT_3D('',#2807,#2808,#2809);
#1166=EDGE_LOOP('',(#2810,#2811,#2812,#2813));
#1167=AXIS2_PLACEMENT_3D('',#2814,#2815,#2816);
#1168=EDGE_LOOP('',(#2817,#2818,#2819,#2820));
#1169=AXIS2_PLACEMENT_3D('',#2821,#2822,#2823);
#1170=EDGE_LOOP('',(#2824,#2825,#2826,#2827,#2828,#2829,#2830,#2831));
#1171=AXIS2_PLACEMENT_3D('',#2832,#2833,#2834);
#1172=EDGE_LOOP('',(#2835,#2836,#2837,#2838,#2839,#2840,#2841,#2842));
#1173=AXIS2_PLACEMENT_3D('',#2843,#2844,#2845);
#1174=EDGE_LOOP('',(#2846,#2847,#2848,#2849));
#1175=AXIS2_PLACEMENT_3D('',#2850,#2851,#2852);
#1176=EDGE_LOOP('',(#2853,#2854,#2855,#2856));
#1177=AXIS2_PLACEMENT_3D('',#2857,#2858,#2859);
#1178=EDGE_LOOP('',(#2860,#2861,#2862,#2863));
#1179=AXIS2_PLACEMENT_3D('',#2864,#2865,#2866);
#1180=EDGE_LOOP('',(#2867,#2868,#2869,#2870));
#1181=AXIS2_PLACEMENT_3D('',#2871,#2872,#2873);
#1182=EDGE_LOOP('',(#2874,#2875,#2876,#2877));
#1183=AXIS2_PLACEMENT_3D('',#2878,#2879,#2880);
#1184=EDGE_LOOP('',(#2881,#2882,#2883,#2884,#2885,#2886,#2887,#2888));
#1185=AXIS2_PLACEMENT_3D('',#2889,#2890,#2891);
#1186=EDGE_LOOP('',(#2892,#2893,#2894,#2895,#2896,#2897,#2898,#2899));
#1187=AXIS2_PLACEMENT_3D('',#2900,#2901,#2902);
#1188=EDGE_LOOP('',(#2903,#2904,#2905,#2906));
#1189=AXIS2_PLACEMENT_3D('',#2907,#2908,#2909);
#1190=EDGE_LOOP('',(#2910,#2911,#2912,#2913));
#1191=AXIS2_PLACEMENT_3D('',#2914,#2915,#2916);
#1192=EDGE_LOOP('',(#2917,#2918,#2919,#2920));
#1193=AXIS2_PLACEMENT_3D('',#2921,#2922,#2923);
#1194=EDGE_LOOP('',(#2924,#2925,#2926,#2927));
#1195=AXIS2_PLACEMENT_3D('',#2928,#2929,#2930);
#1196=EDGE_LOOP('',(#2931,#2932,#2933,#2934,#2935,#2936,#2937));
#1197=AXIS2_PLACEMENT_3D('',#2938,#2939,#2940);
#1198=EDGE_LOOP('',(#2941,#2942,#2943,#2944,#2945,#2946,#2947));
#1199=AXIS2_PLACEMENT_3D('',#2948,#2949,#2950);
#1200=EDGE_LOOP('',(#2951,#2952,#2953,#2954));
#1201=AXIS2_PLACEMENT_3D('',#2955,#2956,#2957);
#1202=EDGE_LOOP('',(#2958,#2959,#2960,#2961));
#1203=AXIS2_PLACEMENT_3D('',#2962,#2963,#2964);
#1204=EDGE_LOOP('',(#2965,#2966,#2967,#2968,#2969,#2970,#2971));
#1205=AXIS2_PLACEMENT_3D('',#2972,#2973,#2974);
#1206=EDGE_LOOP('',(#2975,#2976,#2977,#2978,#2979,#2980,#2981));
#1207=AXIS2_PLACEMENT_3D('',#2982,#2983,#2984);
#1208=EDGE_LOOP('',(#2985,#2986,#2987,#2988));
#1209=AXIS2_PLACEMENT_3D('',#2989,#2990,#2991);
#1210=EDGE_LOOP('',(#2992,#2993,#2994,#2995));
#1211=AXIS2_PLACEMENT_3D('',#2996,#2997,#2998);
#1212=EDGE_LOOP('',(#2999,#3000,#3001,#3002));
#1213=AXIS2_PLACEMENT_3D('',#3003,#3004,#3005);
#1214=EDGE_LOOP('',(#3006,#3007,#3008,#3009));
#1215=AXIS2_PLACEMENT_3D('',#3010,#3011,#3012);
#1216=EDGE_LOOP('',(#3013,#3014,#3015,#3016));
#1217=AXIS2_PLACEMENT_3D('',#3017,#3018,#3019);
#1218=EDGE_LOOP('',(#3020,#3021,#3022,#3023));
#1219=AXIS2_PLACEMENT_3D('',#3024,#3025,#3026);
#1220=EDGE_LOOP('',(#3027,#3028,#3029,#3030));
#1221=AXIS2_PLACEMENT_3D('',#3031,#3032,#3033);
#1222=EDGE_LOOP('',(#3034,#3035,#3036,#3037));
#1223=AXIS2_PLACEMENT_3D('',#3038,#3039,#3040);
#1224=EDGE_LOOP('',(#3041,#3042,#3043,#3044));
#1225=AXIS2_PLACEMENT_3D('',#3045,#3046,#3047);
#1226=EDGE_LOOP('',(#3048,#3049,#3050,#3051));
#1227=AXIS2_PLACEMENT_3D('',#3052,#3053,#3054);
#1228=EDGE_LOOP('',(#3055,#3056,#3057,#3058,#3059,#3060,#3061));
#1229=AXIS2_PLACEMENT_3D('',#3062,#3063,#3064);
#1230=EDGE_LOOP('',(#3065,#3066,#3067,#3068,#3069,#3070,#3071));
#1231=AXIS2_PLACEMENT_3D('',#3072,#3073,#3074);
#1232=EDGE_LOOP('',(#3075,#3076,#3077,#3078));
#1233=AXIS2_PLACEMENT_3D('',#3079,#3080,#3081);
#1234=EDGE_LOOP('',(#3082,#3083,#3084,#3085));
#1235=AXIS2_PLACEMENT_3D('',#3086,#3087,#3088);
#1236=EDGE_LOOP('',(#3089,#3090,#3091,#3092,#3093,#3094,#3095));
#1237=AXIS2_PLACEMENT_3D('',#3096,#3097,#3098);
#1238=EDGE_LOOP('',(#3099,#3100,#3101,#3102,#3103,#3104,#3105));
#1239=AXIS2_PLACEMENT_3D('',#3106,#3107,#3108);
#1240=EDGE_LOOP('',(#3109,#3110,#3111,#3112));
#1241=AXIS2_PLACEMENT_3D('',#3113,#3114,#3115);
#1242=EDGE_LOOP('',(#3116,#3117,#3118,#3119));
#1243=AXIS2_PLACEMENT_3D('',#3120,#3121,#3122);
#1244=EDGE_LOOP('',(#3123,#3124,#3125,#3126));
#1245=AXIS2_PLACEMENT_3D('',#3127,#3128,#3129);
#1246=EDGE_LOOP('',(#3130,#3131,#3132,#3133));
#1247=AXIS2_PLACEMENT_3D('',#3134,#3135,#3136);
#1248=EDGE_LOOP('',(#3137,#3138,#3139,#3140));
#1249=AXIS2_PLACEMENT_3D('',#3141,#3142,#3143);
#1250=EDGE_LOOP('',(#3144,#3145,#3146,#3147));
#1251=AXIS2_PLACEMENT_3D('',#3148,#3149,#3150);
#1252=FILL_AREA_STYLE_COLOUR('',#3151);
#1253=ORIENTED_EDGE('',*,*,#3152,.F.);
#1254=ORIENTED_EDGE('',*,*,#3153,.F.);
#1255=ORIENTED_EDGE('',*,*,#3154,.T.);
#1256=ORIENTED_EDGE('',*,*,#3155,.F.);
#1257=ORIENTED_EDGE('',*,*,#3156,.F.);
#1258=ORIENTED_EDGE('',*,*,#3157,.F.);
#1259=ORIENTED_EDGE('',*,*,#3158,.T.);
#1260=ORIENTED_EDGE('',*,*,#3159,.F.);
#1261=ORIENTED_EDGE('',*,*,#3160,.F.);
#1262=ORIENTED_EDGE('',*,*,#3161,.F.);
#1263=ORIENTED_EDGE('',*,*,#3162,.T.);
#1264=ORIENTED_EDGE('',*,*,#3163,.T.);
#1265=ORIENTED_EDGE('',*,*,#3164,.F.);
#1266=ORIENTED_EDGE('',*,*,#3165,.F.);
#1267=ORIENTED_EDGE('',*,*,#3166,.T.);
#1268=ORIENTED_EDGE('',*,*,#3167,.T.);
#1269=ORIENTED_EDGE('',*,*,#3168,.T.);
#1270=ORIENTED_EDGE('',*,*,#3169,.T.);
#1271=ORIENTED_EDGE('',*,*,#3170,.F.);
#1272=ORIENTED_EDGE('',*,*,#3171,.F.);
#1273=ORIENTED_EDGE('',*,*,#3172,.T.);
#1274=ORIENTED_EDGE('',*,*,#3173,.T.);
#1275=ORIENTED_EDGE('',*,*,#3174,.F.);
#1276=ORIENTED_EDGE('',*,*,#3175,.T.);
#1277=ORIENTED_EDGE('',*,*,#3176,.F.);
#1278=ORIENTED_EDGE('',*,*,#3177,.F.);
#1279=ORIENTED_EDGE('',*,*,#3178,.F.);
#1280=ORIENTED_EDGE('',*,*,#3179,.T.);
#1281=ORIENTED_EDGE('',*,*,#3180,.F.);
#1282=ORIENTED_EDGE('',*,*,#3181,.T.);
#1283=ORIENTED_EDGE('',*,*,#3182,.T.);
#1284=ORIENTED_EDGE('',*,*,#3183,.T.);
#1285=ORIENTED_EDGE('',*,*,#3184,.T.);
#1286=ORIENTED_EDGE('',*,*,#3185,.T.);
#1287=ORIENTED_EDGE('',*,*,#3186,.T.);
#1288=ORIENTED_EDGE('',*,*,#3187,.F.);
#1289=ORIENTED_EDGE('',*,*,#3188,.T.);
#1290=ORIENTED_EDGE('',*,*,#3189,.T.);
#1291=ORIENTED_EDGE('',*,*,#3190,.T.);
#1292=ORIENTED_EDGE('',*,*,#3191,.F.);
#1293=ORIENTED_EDGE('',*,*,#3192,.T.);
#1294=ORIENTED_EDGE('',*,*,#3193,.T.);
#1295=ORIENTED_EDGE('',*,*,#3194,.T.);
#1296=ORIENTED_EDGE('',*,*,#3195,.F.);
#1297=ORIENTED_EDGE('',*,*,#3196,.T.);
#1298=ORIENTED_EDGE('',*,*,#3197,.T.);
#1299=ORIENTED_EDGE('',*,*,#3198,.T.);
#1300=ORIENTED_EDGE('',*,*,#3199,.F.);
#1301=ORIENTED_EDGE('',*,*,#3200,.T.);
#1302=ORIENTED_EDGE('',*,*,#3201,.T.);
#1303=ORIENTED_EDGE('',*,*,#3202,.T.);
#1304=ORIENTED_EDGE('',*,*,#3203,.F.);
#1305=ORIENTED_EDGE('',*,*,#3204,.T.);
#1306=ORIENTED_EDGE('',*,*,#3205,.T.);
#1307=ORIENTED_EDGE('',*,*,#3206,.T.);
#1308=ORIENTED_EDGE('',*,*,#3207,.F.);
#1309=ORIENTED_EDGE('',*,*,#3208,.T.);
#1310=ORIENTED_EDGE('',*,*,#3209,.F.);
#1311=ORIENTED_EDGE('',*,*,#3210,.F.);
#1312=ORIENTED_EDGE('',*,*,#3211,.F.);
#1313=ORIENTED_EDGE('',*,*,#3212,.T.);
#1314=ORIENTED_EDGE('',*,*,#3213,.T.);
#1315=ORIENTED_EDGE('',*,*,#3214,.T.);
#1316=ORIENTED_EDGE('',*,*,#3215,.F.);
#1317=ORIENTED_EDGE('',*,*,#3216,.T.);
#1318=ORIENTED_EDGE('',*,*,#3217,.T.);
#1319=ORIENTED_EDGE('',*,*,#3218,.T.);
#1320=ORIENTED_EDGE('',*,*,#3219,.F.);
#1321=CARTESIAN_POINT('',(-10.82,9.9,6.62533918338718E-16));
#1322=DIRECTION('',(0.0,0.0,-1.0));
#1323=DIRECTION('',(0.0,-1.0,0.0));
#1324=ORIENTED_EDGE('',*,*,#3220,.F.);
#1325=ORIENTED_EDGE('',*,*,#3168,.F.);
#1326=ORIENTED_EDGE('',*,*,#3221,.T.);
#1327=ORIENTED_EDGE('',*,*,#3222,.F.);
#1328=CARTESIAN_POINT('',(9.88,79.695,0.130000000000001));
#1329=DIRECTION('',(-1.0,0.0,0.0));
#1330=DIRECTION('',(0.0,0.0,1.0));
#1331=ORIENTED_EDGE('',*,*,#3223,.F.);
#1332=ORIENTED_EDGE('',*,*,#3222,.T.);
#1333=ORIENTED_EDGE('',*,*,#3224,.T.);
#1334=ORIENTED_EDGE('',*,*,#3225,.F.);
#1335=ORIENTED_EDGE('',*,*,#3226,.T.);
#1336=ORIENTED_EDGE('',*,*,#3227,.T.);
#1337=ORIENTED_EDGE('',*,*,#3228,.T.);
#1338=ORIENTED_EDGE('',*,*,#3229,.T.);
#1339=CARTESIAN_POINT('',(10.1053239431684,79.695,0.130000000000001));
#1340=DIRECTION('',(0.0,0.0,1.0));
#1341=DIRECTION('',(1.0,0.0,0.0));
#1342=ORIENTED_EDGE('',*,*,#3230,.F.);
#1343=ORIENTED_EDGE('',*,*,#3231,.T.);
#1344=ORIENTED_EDGE('',*,*,#3232,.T.);
#1345=ORIENTED_EDGE('',*,*,#3180,.T.);
#1346=CARTESIAN_POINT('',(-9.88,79.695,8.32667268468867E-16));
#1347=DIRECTION('',(1.0,0.0,0.0));
#1348=DIRECTION('',(0.0,1.0,0.0));
#1349=ORIENTED_EDGE('',*,*,#3233,.F.);
#1350=ORIENTED_EDGE('',*,*,#3234,.T.);
#1351=ORIENTED_EDGE('',*,*,#3235,.T.);
#1352=ORIENTED_EDGE('',*,*,#3236,.F.);
#1353=ORIENTED_EDGE('',*,*,#3237,.T.);
#1354=ORIENTED_EDGE('',*,*,#3238,.T.);
#1355=ORIENTED_EDGE('',*,*,#3239,.T.);
#1356=ORIENTED_EDGE('',*,*,#3231,.F.);
#1357=CARTESIAN_POINT('',(-9.88,79.695,0.130000000000001));
#1358=DIRECTION('',(0.0,0.0,1.0));
#1359=DIRECTION('',(1.0,0.0,0.0));
#1360=ORIENTED_EDGE('',*,*,#3240,.F.);
#1361=ORIENTED_EDGE('',*,*,#3241,.T.);
#1362=ORIENTED_EDGE('',*,*,#3242,.F.);
#1363=ORIENTED_EDGE('',*,*,#3243,.T.);
#1364=ORIENTED_EDGE('',*,*,#3244,.T.);
#1365=ORIENTED_EDGE('',*,*,#3245,.T.);
#1366=ORIENTED_EDGE('',*,*,#3246,.T.);
#1367=ORIENTED_EDGE('',*,*,#3247,.T.);
#1368=CARTESIAN_POINT('',(10.82,9.9,4.44089209850063E-16));
#1369=DIRECTION('',(1.0,0.0,0.0));
#1370=DIRECTION('',(0.0,1.0,0.0));
#1371=ORIENTED_EDGE('',*,*,#3248,.F.);
#1372=ORIENTED_EDGE('',*,*,#3249,.T.);
#1373=ORIENTED_EDGE('',*,*,#3250,.F.);
#1374=ORIENTED_EDGE('',*,*,#3251,.F.);
#1375=ORIENTED_EDGE('',*,*,#3252,.F.);
#1376=ORIENTED_EDGE('',*,*,#3253,.F.);
#1377=ORIENTED_EDGE('',*,*,#3254,.T.);
#1378=ORIENTED_EDGE('',*,*,#3255,.T.);
#1379=CARTESIAN_POINT('',(-10.82,9.9,3.85999999999999));
#1380=DIRECTION('',(-1.0,0.0,0.0));
#1381=DIRECTION('',(0.0,0.0,1.0));
#1382=ORIENTED_EDGE('',*,*,#3252,.T.);
#1383=ORIENTED_EDGE('',*,*,#3256,.T.);
#1384=ORIENTED_EDGE('',*,*,#3257,.F.);
#1385=ORIENTED_EDGE('',*,*,#3258,.T.);
#1386=CARTESIAN_POINT('',(-9.42,0.0,38.214));
#1387=DIRECTION('',(-0.766044443118978,-0.64278760968654,0.0));
#1388=DIRECTION('',(-0.64278760968654,0.766044443118978,0.0));
#1389=ORIENTED_EDGE('',*,*,#3259,.T.);
#1390=ORIENTED_EDGE('',*,*,#3260,.T.);
#1391=ORIENTED_EDGE('',*,*,#3245,.F.);
#1392=ORIENTED_EDGE('',*,*,#3261,.T.);
#1393=CARTESIAN_POINT('',(10.82,1.66845502963189,38.214));
#1394=DIRECTION('',(0.766044443118978,-0.64278760968654,0.0));
#1395=DIRECTION('',(0.0,0.0,-1.0));
#1396=ORIENTED_EDGE('',*,*,#3262,.F.);
#1397=ORIENTED_EDGE('',*,*,#3263,.F.);
#1398=ORIENTED_EDGE('',*,*,#3264,.F.);
#1399=ORIENTED_EDGE('',*,*,#3265,.F.);
#1400=ORIENTED_EDGE('',*,*,#3266,.F.);
#1401=ORIENTED_EDGE('',*,*,#3267,.F.);
#1402=ORIENTED_EDGE('',*,*,#3268,.F.);
#1403=ORIENTED_EDGE('',*,*,#3269,.F.);
#1404=ORIENTED_EDGE('',*,*,#3270,.F.);
#1405=ORIENTED_EDGE('',*,*,#3271,.F.);
#1406=ORIENTED_EDGE('',*,*,#3272,.F.);
#1407=ORIENTED_EDGE('',*,*,#3273,.F.);
#1408=ORIENTED_EDGE('',*,*,#3274,.F.);
#1409=ORIENTED_EDGE('',*,*,#3275,.F.);
#1410=ORIENTED_EDGE('',*,*,#3276,.F.);
#1411=ORIENTED_EDGE('',*,*,#3277,.F.);
#1412=ORIENTED_EDGE('',*,*,#3278,.F.);
#1413=ORIENTED_EDGE('',*,*,#3279,.F.);
#1414=ORIENTED_EDGE('',*,*,#3280,.F.);
#1415=ORIENTED_EDGE('',*,*,#3281,.F.);
#1416=ORIENTED_EDGE('',*,*,#3282,.F.);
#1417=ORIENTED_EDGE('',*,*,#3283,.F.);
#1418=ORIENTED_EDGE('',*,*,#3284,.F.);
#1419=ORIENTED_EDGE('',*,*,#3285,.F.);
#1420=ORIENTED_EDGE('',*,*,#3286,.F.);
#1421=ORIENTED_EDGE('',*,*,#3287,.F.);
#1422=ORIENTED_EDGE('',*,*,#3288,.F.);
#1423=ORIENTED_EDGE('',*,*,#3289,.F.);
#1424=ORIENTED_EDGE('',*,*,#3290,.F.);
#1425=ORIENTED_EDGE('',*,*,#3259,.F.);
#1426=ORIENTED_EDGE('',*,*,#3291,.T.);
#1427=ORIENTED_EDGE('',*,*,#3257,.T.);
#1428=ORIENTED_EDGE('',*,*,#3292,.T.);
#1429=ORIENTED_EDGE('',*,*,#3293,.T.);
#1430=ORIENTED_EDGE('',*,*,#3174,.T.);
#1431=ORIENTED_EDGE('',*,*,#3294,.F.);
#1432=ORIENTED_EDGE('',*,*,#3295,.F.);
#1433=CARTESIAN_POINT('',(0.0,0.0,0.0));
#1434=DIRECTION('',(0.0,-1.0,0.0));
#1435=DIRECTION('',(0.0,0.0,-1.0));
#1436=ORIENTED_EDGE('',*,*,#3261,.F.);
#1437=ORIENTED_EDGE('',*,*,#3244,.F.);
#1438=ORIENTED_EDGE('',*,*,#3296,.T.);
#1439=ORIENTED_EDGE('',*,*,#3253,.T.);
#1440=ORIENTED_EDGE('',*,*,#3258,.F.);
#1441=ORIENTED_EDGE('',*,*,#3291,.F.);
#1442=ORIENTED_EDGE('',*,*,#3297,.T.);
#1443=ORIENTED_EDGE('',*,*,#3298,.T.);
#1444=ORIENTED_EDGE('',*,*,#3299,.F.);
#1445=ORIENTED_EDGE('',*,*,#3300,.F.);
#1446=CARTESIAN_POINT('',(10.82,9.9,3.86));
#1447=DIRECTION('',(-4.20854817415815E-16,0.0,1.0));
#1448=DIRECTION('',(1.0,-0.0,4.20854817415815E-16));
#1449=ORIENTED_EDGE('',*,*,#3188,.F.);
#1450=ORIENTED_EDGE('',*,*,#3301,.T.);
#1451=ORIENTED_EDGE('',*,*,#3302,.F.);
#1452=ORIENTED_EDGE('',*,*,#3303,.F.);
#1453=ORIENTED_EDGE('',*,*,#3184,.F.);
#1454=ORIENTED_EDGE('',*,*,#3304,.T.);
#1455=ORIENTED_EDGE('',*,*,#3305,.T.);
#1456=ORIENTED_EDGE('',*,*,#3254,.F.);
#1457=ORIENTED_EDGE('',*,*,#3296,.F.);
#1458=ORIENTED_EDGE('',*,*,#3243,.F.);
#1459=ORIENTED_EDGE('',*,*,#3306,.F.);
#1460=ORIENTED_EDGE('',*,*,#3307,.F.);
#1461=ORIENTED_EDGE('',*,*,#3208,.F.);
#1462=ORIENTED_EDGE('',*,*,#3308,.T.);
#1463=ORIENTED_EDGE('',*,*,#3309,.F.);
#1464=ORIENTED_EDGE('',*,*,#3310,.F.);
#1465=ORIENTED_EDGE('',*,*,#3204,.F.);
#1466=ORIENTED_EDGE('',*,*,#3311,.T.);
#1467=ORIENTED_EDGE('',*,*,#3312,.F.);
#1468=ORIENTED_EDGE('',*,*,#3313,.F.);
#1469=ORIENTED_EDGE('',*,*,#3200,.F.);
#1470=ORIENTED_EDGE('',*,*,#3314,.T.);
#1471=ORIENTED_EDGE('',*,*,#3315,.F.);
#1472=ORIENTED_EDGE('',*,*,#3316,.F.);
#1473=ORIENTED_EDGE('',*,*,#3196,.F.);
#1474=ORIENTED_EDGE('',*,*,#3317,.T.);
#1475=ORIENTED_EDGE('',*,*,#3318,.F.);
#1476=ORIENTED_EDGE('',*,*,#3319,.F.);
#1477=ORIENTED_EDGE('',*,*,#3192,.F.);
#1478=ORIENTED_EDGE('',*,*,#3320,.T.);
#1479=ORIENTED_EDGE('',*,*,#3321,.F.);
#1480=ORIENTED_EDGE('',*,*,#3322,.F.);
#1481=CARTESIAN_POINT('',(0.0,9.9,0.0));
#1482=DIRECTION('',(0.0,-1.0,0.0));
#1483=DIRECTION('',(0.0,0.0,-1.0));
#1484=ORIENTED_EDGE('',*,*,#3323,.T.);
#1485=ORIENTED_EDGE('',*,*,#3297,.F.);
#1486=ORIENTED_EDGE('',*,*,#3324,.F.);
#1487=ORIENTED_EDGE('',*,*,#3325,.T.);
#1488=CARTESIAN_POINT('',(1.3,2.2,5.05999999999998));
#1489=DIRECTION('',(0.0,0.585846996418766,-0.810421678379293));
#1490=DIRECTION('',(-1.0,0.0,0.0));
#1491=ORIENTED_EDGE('',*,*,#3326,.T.);
#1492=ORIENTED_EDGE('',*,*,#3327,.F.);
#1493=ORIENTED_EDGE('',*,*,#3328,.F.);
#1494=ORIENTED_EDGE('',*,*,#3299,.T.);
#1495=CARTESIAN_POINT('',(1.3,2.95,3.85999999999999));
#1496=DIRECTION('',(0.0,-1.0,0.0));
#1497=DIRECTION('',(0.0,0.0,-1.0));
#1498=ORIENTED_EDGE('',*,*,#3329,.T.);
#1499=ORIENTED_EDGE('',*,*,#3325,.F.);
#1500=ORIENTED_EDGE('',*,*,#3330,.F.);
#1501=ORIENTED_EDGE('',*,*,#3327,.T.);
#1502=CARTESIAN_POINT('',(1.3,2.95,5.05999999999998));
#1503=DIRECTION('',(0.0,1.15648231731787E-15,-1.0));
#1504=DIRECTION('',(-1.0,0.0,0.0));
#1505=ORIENTED_EDGE('',*,*,#3324,.T.);
#1506=ORIENTED_EDGE('',*,*,#3300,.T.);
#1507=ORIENTED_EDGE('',*,*,#3328,.T.);
#1508=ORIENTED_EDGE('',*,*,#3330,.T.);
#1509=CARTESIAN_POINT('',(1.3,0.0,0.0));
#1510=DIRECTION('',(-1.0,0.0,0.0));
#1511=DIRECTION('',(0.0,0.0,1.0));
#1512=ORIENTED_EDGE('',*,*,#3323,.F.);
#1513=ORIENTED_EDGE('',*,*,#3329,.F.);
#1514=ORIENTED_EDGE('',*,*,#3326,.F.);
#1515=ORIENTED_EDGE('',*,*,#3298,.F.);
#1516=CARTESIAN_POINT('',(-1.3,0.0,0.0));
#1517=DIRECTION('',(-1.0,0.0,0.0));
#1518=DIRECTION('',(0.0,0.0,1.0));
#1519=ORIENTED_EDGE('',*,*,#3331,.F.);
#1520=ORIENTED_EDGE('',*,*,#3175,.F.);
#1521=ORIENTED_EDGE('',*,*,#3293,.F.);
#1522=ORIENTED_EDGE('',*,*,#3332,.F.);
#1523=ORIENTED_EDGE('',*,*,#3250,.T.);
#1524=ORIENTED_EDGE('',*,*,#3333,.F.);
#1525=ORIENTED_EDGE('',*,*,#3237,.F.);
#1526=CARTESIAN_POINT('',(-9.42,0.0,38.214));
#1527=DIRECTION('',(-0.766044443118978,-0.64278760968654,0.0));
#1528=DIRECTION('',(-0.64278760968654,0.766044443118978,0.0));
#1529=ORIENTED_EDGE('',*,*,#3334,.F.);
#1530=ORIENTED_EDGE('',*,*,#3226,.F.);
#1531=ORIENTED_EDGE('',*,*,#3335,.F.);
#1532=ORIENTED_EDGE('',*,*,#3247,.F.);
#1533=ORIENTED_EDGE('',*,*,#3336,.F.);
#1534=ORIENTED_EDGE('',*,*,#3294,.T.);
#1535=ORIENTED_EDGE('',*,*,#3173,.F.);
#1536=CARTESIAN_POINT('',(10.82,1.66845502963189,38.214));
#1537=DIRECTION('',(0.766044443118978,-0.64278760968654,0.0));
#1538=DIRECTION('',(0.0,0.0,-1.0));
#1539=ORIENTED_EDGE('',*,*,#3337,.T.);
#1540=ORIENTED_EDGE('',*,*,#3338,.T.);
#1541=ORIENTED_EDGE('',*,*,#3339,.F.);
#1542=ORIENTED_EDGE('',*,*,#3295,.T.);
#1543=CARTESIAN_POINT('',(9.42,1.66845502963189,3.22));
#1544=DIRECTION('',(1.0,0.0,0.0));
#1545=DIRECTION('',(0.0,1.0,0.0));
#1546=ORIENTED_EDGE('',*,*,#3340,.T.);
#1547=ORIENTED_EDGE('',*,*,#3246,.F.);
#1548=ORIENTED_EDGE('',*,*,#3341,.F.);
#1549=ORIENTED_EDGE('',*,*,#3338,.F.);
#1550=CARTESIAN_POINT('',(10.82,1.66845502963189,3.22));
#1551=DIRECTION('',(1.54886024640787E-15,-1.0,0.0));
#1552=DIRECTION('',(0.0,0.0,-1.0));
#1553=ORIENTED_EDGE('',*,*,#3339,.T.);
#1554=ORIENTED_EDGE('',*,*,#3341,.T.);
#1555=ORIENTED_EDGE('',*,*,#3260,.F.);
#1556=CARTESIAN_POINT('',(0.0,0.0,3.22));
#1557=DIRECTION('',(0.0,0.0,-1.0));
#1558=DIRECTION('',(0.0,-1.0,0.0));
#1559=ORIENTED_EDGE('',*,*,#3337,.F.);
#1560=ORIENTED_EDGE('',*,*,#3336,.T.);
#1561=ORIENTED_EDGE('',*,*,#3340,.F.);
#1562=CARTESIAN_POINT('',(0.0,0.0,1.15));
#1563=DIRECTION('',(0.0,0.0,-1.0));
#1564=DIRECTION('',(0.0,-1.0,0.0));
#1565=ORIENTED_EDGE('',*,*,#3342,.T.);
#1566=ORIENTED_EDGE('',*,*,#3292,.F.);
#1567=ORIENTED_EDGE('',*,*,#3343,.F.);
#1568=ORIENTED_EDGE('',*,*,#3344,.F.);
#1569=CARTESIAN_POINT('',(-9.42,0.0,3.22));
#1570=DIRECTION('',(-1.0,0.0,0.0));
#1571=DIRECTION('',(0.0,0.0,1.0));
#1572=ORIENTED_EDGE('',*,*,#3345,.T.);
#1573=ORIENTED_EDGE('',*,*,#3344,.T.);
#1574=ORIENTED_EDGE('',*,*,#3346,.F.);
#1575=ORIENTED_EDGE('',*,*,#3251,.T.);
#1576=CARTESIAN_POINT('',(-9.42,1.66845502963189,3.22));
#1577=DIRECTION('',(-1.54886024640787E-15,-1.0,0.0));
#1578=DIRECTION('',(-1.0,1.54886024640787E-15,0.0));
#1579=ORIENTED_EDGE('',*,*,#3256,.F.);
#1580=ORIENTED_EDGE('',*,*,#3346,.T.);
#1581=ORIENTED_EDGE('',*,*,#3343,.T.);
#1582=CARTESIAN_POINT('',(0.0,0.0,3.22));
#1583=DIRECTION('',(0.0,0.0,-1.0));
#1584=DIRECTION('',(0.0,-1.0,0.0));
#1585=ORIENTED_EDGE('',*,*,#3332,.T.);
#1586=ORIENTED_EDGE('',*,*,#3342,.F.);
#1587=ORIENTED_EDGE('',*,*,#3345,.F.);
#1588=CARTESIAN_POINT('',(0.0,0.0,1.15));
#1589=DIRECTION('',(0.0,0.0,-1.0));
#1590=DIRECTION('',(0.0,-1.0,0.0));
#1591=ORIENTED_EDGE('',*,*,#3210,.T.);
#1592=ORIENTED_EDGE('',*,*,#3347,.T.);
#1593=ORIENTED_EDGE('',*,*,#3348,.F.);
#1594=ORIENTED_EDGE('',*,*,#3349,.F.);
#1595=CARTESIAN_POINT('',(9.885,9.6,-0.51));
#1596=DIRECTION('',(-1.0,0.0,0.0));
#1597=DIRECTION('',(0.0,0.0,1.0));
#1598=ORIENTED_EDGE('',*,*,#3241,.F.);
#1599=ORIENTED_EDGE('',*,*,#3350,.F.);
#1600=ORIENTED_EDGE('',*,*,#3224,.F.);
#1601=ORIENTED_EDGE('',*,*,#3221,.F.);
#1602=ORIENTED_EDGE('',*,*,#3211,.T.);
#1603=ORIENTED_EDGE('',*,*,#3349,.T.);
#1604=ORIENTED_EDGE('',*,*,#3351,.F.);
#1605=CARTESIAN_POINT('',(9.885,8.05,-0.51));
#1606=DIRECTION('',(0.0,-1.0,0.0));
#1607=DIRECTION('',(0.0,0.0,-1.0));
#1608=ORIENTED_EDGE('',*,*,#3209,.T.);
#1609=ORIENTED_EDGE('',*,*,#3307,.T.);
#1610=ORIENTED_EDGE('',*,*,#3352,.F.);
#1611=ORIENTED_EDGE('',*,*,#3347,.F.);
#1612=CARTESIAN_POINT('',(10.185,9.9,-0.51));
#1613=DIRECTION('',(-0.707106781186548,0.707106781186548,0.0));
#1614=DIRECTION('',(0.0,0.0,1.0));
#1615=ORIENTED_EDGE('',*,*,#3348,.T.);
#1616=ORIENTED_EDGE('',*,*,#3352,.T.);
#1617=ORIENTED_EDGE('',*,*,#3306,.T.);
#1618=ORIENTED_EDGE('',*,*,#3242,.T.);
#1619=ORIENTED_EDGE('',*,*,#3351,.T.);
#1620=CARTESIAN_POINT('',(0.0,0.0,-0.51));
#1621=DIRECTION('',(0.0,0.0,1.0));
#1622=DIRECTION('',(1.0,0.0,0.0));
#1623=ORIENTED_EDGE('',*,*,#3183,.F.);
#1624=ORIENTED_EDGE('',*,*,#3353,.T.);
#1625=ORIENTED_EDGE('',*,*,#3354,.T.);
#1626=ORIENTED_EDGE('',*,*,#3304,.F.);
#1627=CARTESIAN_POINT('',(-10.185,9.9,-0.51));
#1628=DIRECTION('',(-0.707106781186548,-0.707106781186548,0.0));
#1629=DIRECTION('',(-0.707106781186548,0.707106781186548,0.0));
#1630=ORIENTED_EDGE('',*,*,#3182,.F.);
#1631=ORIENTED_EDGE('',*,*,#3355,.T.);
#1632=ORIENTED_EDGE('',*,*,#3356,.T.);
#1633=ORIENTED_EDGE('',*,*,#3353,.F.);
#1634=CARTESIAN_POINT('',(-9.885,9.6,-0.51));
#1635=DIRECTION('',(-1.0,0.0,0.0));
#1636=DIRECTION('',(0.0,0.0,1.0));
#1637=ORIENTED_EDGE('',*,*,#3355,.F.);
#1638=ORIENTED_EDGE('',*,*,#3181,.F.);
#1639=ORIENTED_EDGE('',*,*,#3232,.F.);
#1640=ORIENTED_EDGE('',*,*,#3239,.F.);
#1641=ORIENTED_EDGE('',*,*,#3357,.F.);
#1642=ORIENTED_EDGE('',*,*,#3248,.T.);
#1643=ORIENTED_EDGE('',*,*,#3358,.T.);
#1644=CARTESIAN_POINT('',(-9.885,8.05,-0.51));
#1645=DIRECTION('',(-0.0,1.0,0.0));
#1646=DIRECTION('',(1.0,0.0,0.0));
#1647=ORIENTED_EDGE('',*,*,#3255,.F.);
#1648=ORIENTED_EDGE('',*,*,#3305,.F.);
#1649=ORIENTED_EDGE('',*,*,#3354,.F.);
#1650=ORIENTED_EDGE('',*,*,#3356,.F.);
#1651=ORIENTED_EDGE('',*,*,#3358,.F.);
#1652=CARTESIAN_POINT('',(0.0,0.0,-0.51));
#1653=DIRECTION('',(0.0,0.0,-1.0));
#1654=DIRECTION('',(0.0,-1.0,0.0));
#1655=ORIENTED_EDGE('',*,*,#3172,.F.);
#1656=ORIENTED_EDGE('',*,*,#3359,.T.);
#1657=ORIENTED_EDGE('',*,*,#3227,.F.);
#1658=ORIENTED_EDGE('',*,*,#3334,.T.);
#1659=CARTESIAN_POINT('',(9.88,79.695,0.130000000000001));
#1660=DIRECTION('',(-1.0,0.0,0.0));
#1661=DIRECTION('',(0.0,0.0,1.0));
#1662=ORIENTED_EDGE('',*,*,#3335,.T.);
#1663=ORIENTED_EDGE('',*,*,#3225,.T.);
#1664=ORIENTED_EDGE('',*,*,#3350,.T.);
#1665=ORIENTED_EDGE('',*,*,#3240,.T.);
#1666=CARTESIAN_POINT('',(10.82,79.695,0.510000000000001));
#1667=DIRECTION('',(-0.469471562785891,0.0,0.882947592858927));
#1668=DIRECTION('',(0.0,1.0,0.0));
#1669=ORIENTED_EDGE('',*,*,#3236,.T.);
#1670=ORIENTED_EDGE('',*,*,#3360,.T.);
#1671=ORIENTED_EDGE('',*,*,#3176,.T.);
#1672=ORIENTED_EDGE('',*,*,#3331,.T.);
#1673=CARTESIAN_POINT('',(-9.88,79.695,8.32667268468867E-16));
#1674=DIRECTION('',(1.0,0.0,0.0));
#1675=DIRECTION('',(0.0,1.0,0.0));
#1676=ORIENTED_EDGE('',*,*,#3333,.T.);
#1677=ORIENTED_EDGE('',*,*,#3249,.F.);
#1678=ORIENTED_EDGE('',*,*,#3357,.T.);
#1679=ORIENTED_EDGE('',*,*,#3238,.F.);
#1680=CARTESIAN_POINT('',(-10.1053239431684,79.695,0.130000000000001));
#1681=DIRECTION('',(0.469471562785891,0.0,0.882947592858927));
#1682=DIRECTION('',(0.0,-1.0,0.0));
#1683=ORIENTED_EDGE('',*,*,#3286,.T.);
#1684=ORIENTED_EDGE('',*,*,#3361,.T.);
#1685=ORIENTED_EDGE('',*,*,#3362,.T.);
#1686=ORIENTED_EDGE('',*,*,#3363,.F.);
#1687=CARTESIAN_POINT('',(6.23,6.6,3.2));
#1688=DIRECTION('',(-1.0,0.0,-6.82961998416066E-16));
#1689=DIRECTION('',(-6.82961998416066E-16,0.0,1.0));
#1690=ORIENTED_EDGE('',*,*,#3290,.T.);
#1691=ORIENTED_EDGE('',*,*,#3364,.T.);
#1692=ORIENTED_EDGE('',*,*,#3365,.T.);
#1693=ORIENTED_EDGE('',*,*,#3361,.F.);
#1694=CARTESIAN_POINT('',(6.23,6.6,0.659999999999998));
#1695=DIRECTION('',(2.86825971557012E-16,0.0,-1.0));
#1696=DIRECTION('',(0.0,-1.0,0.0));
#1697=ORIENTED_EDGE('',*,*,#3289,.T.);
#1698=ORIENTED_EDGE('',*,*,#3366,.T.);
#1699=ORIENTED_EDGE('',*,*,#3367,.T.);
#1700=ORIENTED_EDGE('',*,*,#3364,.F.);
#1701=CARTESIAN_POINT('',(8.12,6.6,0.659999999999999));
#1702=DIRECTION('',(0.707106781186548,0.0,-0.707106781186547));
#1703=DIRECTION('',(0.0,-1.0,0.0));
#1704=ORIENTED_EDGE('',*,*,#3288,.T.);
#1705=ORIENTED_EDGE('',*,*,#3368,.T.);
#1706=ORIENTED_EDGE('',*,*,#3369,.T.);
#1707=ORIENTED_EDGE('',*,*,#3366,.F.);
#1708=CARTESIAN_POINT('',(8.77,6.6,1.31));
#1709=DIRECTION('',(1.0,0.0,0.0));
#1710=DIRECTION('',(0.0,1.0,0.0));
#1711=ORIENTED_EDGE('',*,*,#3287,.T.);
#1712=ORIENTED_EDGE('',*,*,#3363,.T.);
#1713=ORIENTED_EDGE('',*,*,#3370,.T.);
#1714=ORIENTED_EDGE('',*,*,#3368,.F.);
#1715=CARTESIAN_POINT('',(8.77,6.6,3.2));
#1716=DIRECTION('',(-2.0488859952482E-15,0.0,1.0));
#1717=DIRECTION('',(1.0,-0.0,2.0488859952482E-15));
#1718=ORIENTED_EDGE('',*,*,#3371,.F.);
#1719=ORIENTED_EDGE('',*,*,#3372,.T.);
#1720=ORIENTED_EDGE('',*,*,#3373,.T.);
#1721=ORIENTED_EDGE('',*,*,#3374,.T.);
#1722=ORIENTED_EDGE('',*,*,#3362,.F.);
#1723=ORIENTED_EDGE('',*,*,#3365,.F.);
#1724=ORIENTED_EDGE('',*,*,#3367,.F.);
#1725=ORIENTED_EDGE('',*,*,#3369,.F.);
#1726=ORIENTED_EDGE('',*,*,#3370,.F.);
#1727=CARTESIAN_POINT('',(0.0,6.6,0.0));
#1728=DIRECTION('',(0.0,-1.0,0.0));
#1729=DIRECTION('',(0.0,0.0,-1.0));
#1730=ORIENTED_EDGE('',*,*,#3282,.T.);
#1731=ORIENTED_EDGE('',*,*,#3375,.T.);
#1732=ORIENTED_EDGE('',*,*,#3376,.T.);
#1733=ORIENTED_EDGE('',*,*,#3377,.F.);
#1734=CARTESIAN_POINT('',(3.23,6.6,3.2));
#1735=DIRECTION('',(-1.0,0.0,-3.41480999208033E-16));
#1736=DIRECTION('',(-3.41480999208033E-16,0.0,1.0));
#1737=ORIENTED_EDGE('',*,*,#3285,.T.);
#1738=ORIENTED_EDGE('',*,*,#3378,.T.);
#1739=ORIENTED_EDGE('',*,*,#3379,.T.);
#1740=ORIENTED_EDGE('',*,*,#3375,.F.);
#1741=CARTESIAN_POINT('',(3.23,6.6,0.659999999999996));
#1742=DIRECTION('',(6.82961998416066E-16,0.0,-1.0));
#1743=DIRECTION('',(0.0,-1.0,0.0));
#1744=ORIENTED_EDGE('',*,*,#3284,.T.);
#1745=ORIENTED_EDGE('',*,*,#3380,.T.);
#1746=ORIENTED_EDGE('',*,*,#3381,.T.);
#1747=ORIENTED_EDGE('',*,*,#3378,.F.);
#1748=CARTESIAN_POINT('',(5.77,6.6,0.659999999999997));
#1749=DIRECTION('',(1.0,0.0,3.41480999208033E-16));
#1750=DIRECTION('',(-3.41480999208033E-16,0.0,1.0));
#1751=ORIENTED_EDGE('',*,*,#3283,.T.);
#1752=ORIENTED_EDGE('',*,*,#3377,.T.);
#1753=ORIENTED_EDGE('',*,*,#3382,.T.);
#1754=ORIENTED_EDGE('',*,*,#3380,.F.);
#1755=CARTESIAN_POINT('',(5.77,6.6,3.2));
#1756=DIRECTION('',(0.0,0.0,1.0));
#1757=DIRECTION('',(1.0,0.0,0.0));
#1758=ORIENTED_EDGE('',*,*,#3383,.F.);
#1759=ORIENTED_EDGE('',*,*,#3384,.T.);
#1760=ORIENTED_EDGE('',*,*,#3385,.T.);
#1761=ORIENTED_EDGE('',*,*,#3386,.T.);
#1762=ORIENTED_EDGE('',*,*,#3376,.F.);
#1763=ORIENTED_EDGE('',*,*,#3379,.F.);
#1764=ORIENTED_EDGE('',*,*,#3381,.F.);
#1765=ORIENTED_EDGE('',*,*,#3382,.F.);
#1766=CARTESIAN_POINT('',(0.0,6.6,0.0));
#1767=DIRECTION('',(0.0,-1.0,0.0));
#1768=DIRECTION('',(0.0,0.0,-1.0));
#1769=ORIENTED_EDGE('',*,*,#3277,.T.);
#1770=ORIENTED_EDGE('',*,*,#3387,.T.);
#1771=ORIENTED_EDGE('',*,*,#3388,.T.);
#1772=ORIENTED_EDGE('',*,*,#3389,.F.);
#1773=CARTESIAN_POINT('',(0.23,6.6,3.2));
#1774=DIRECTION('',(-1.0,0.0,0.0));
#1775=DIRECTION('',(0.0,0.0,1.0));
#1776=ORIENTED_EDGE('',*,*,#3281,.T.);
#1777=ORIENTED_EDGE('',*,*,#3390,.T.);
#1778=ORIENTED_EDGE('',*,*,#3391,.T.);
#1779=ORIENTED_EDGE('',*,*,#3387,.F.);
#1780=CARTESIAN_POINT('',(0.23,6.6,1.31));
#1781=DIRECTION('',(-0.707106781186545,0.0,-0.70710678118655));
#1782=DIRECTION('',(-0.70710678118655,0.0,0.707106781186545));
#1783=ORIENTED_EDGE('',*,*,#3280,.T.);
#1784=ORIENTED_EDGE('',*,*,#3392,.T.);
#1785=ORIENTED_EDGE('',*,*,#3393,.T.);
#1786=ORIENTED_EDGE('',*,*,#3390,.F.);
#1787=CARTESIAN_POINT('',(0.880000000000005,6.6,0.659999999999997));
#1788=DIRECTION('',(-1.08993869191665E-15,0.0,-1.0));
#1789=DIRECTION('',(-1.0,0.0,1.08993869191665E-15));
#1790=ORIENTED_EDGE('',*,*,#3279,.T.);
#1791=ORIENTED_EDGE('',*,*,#3394,.T.);
#1792=ORIENTED_EDGE('',*,*,#3395,.T.);
#1793=ORIENTED_EDGE('',*,*,#3392,.F.);
#1794=CARTESIAN_POINT('',(2.77,6.6,0.659999999999995));
#1795=DIRECTION('',(1.0,0.0,3.41480999208033E-16));
#1796=DIRECTION('',(-3.41480999208033E-16,0.0,1.0));
#1797=ORIENTED_EDGE('',*,*,#3278,.T.);
#1798=ORIENTED_EDGE('',*,*,#3389,.T.);
#1799=ORIENTED_EDGE('',*,*,#3396,.T.);
#1800=ORIENTED_EDGE('',*,*,#3394,.F.);
#1801=CARTESIAN_POINT('',(2.77,6.6,3.2));
#1802=DIRECTION('',(0.0,0.0,1.0));
#1803=DIRECTION('',(1.0,0.0,0.0));
#1804=ORIENTED_EDGE('',*,*,#3397,.F.);
#1805=ORIENTED_EDGE('',*,*,#3398,.T.);
#1806=ORIENTED_EDGE('',*,*,#3399,.T.);
#1807=ORIENTED_EDGE('',*,*,#3400,.T.);
#1808=ORIENTED_EDGE('',*,*,#3388,.F.);
#1809=ORIENTED_EDGE('',*,*,#3391,.F.);
#1810=ORIENTED_EDGE('',*,*,#3393,.F.);
#1811=ORIENTED_EDGE('',*,*,#3395,.F.);
#1812=ORIENTED_EDGE('',*,*,#3396,.F.);
#1813=CARTESIAN_POINT('',(0.0,6.6,0.0));
#1814=DIRECTION('',(0.0,-1.0,0.0));
#1815=DIRECTION('',(0.0,0.0,-1.0));
#1816=ORIENTED_EDGE('',*,*,#3272,.T.);
#1817=ORIENTED_EDGE('',*,*,#3401,.T.);
#1818=ORIENTED_EDGE('',*,*,#3402,.T.);
#1819=ORIENTED_EDGE('',*,*,#3403,.F.);
#1820=CARTESIAN_POINT('',(-2.77,6.6,3.2));
#1821=DIRECTION('',(-1.0,0.0,0.0));
#1822=DIRECTION('',(0.0,0.0,1.0));
#1823=ORIENTED_EDGE('',*,*,#3276,.T.);
#1824=ORIENTED_EDGE('',*,*,#3404,.T.);
#1825=ORIENTED_EDGE('',*,*,#3405,.T.);
#1826=ORIENTED_EDGE('',*,*,#3401,.F.);
#1827=CARTESIAN_POINT('',(-2.77,6.6,1.31));
#1828=DIRECTION('',(-0.707106781186545,0.0,-0.70710678118655));
#1829=DIRECTION('',(-0.70710678118655,0.0,0.707106781186545));
#1830=ORIENTED_EDGE('',*,*,#3275,.T.);
#1831=ORIENTED_EDGE('',*,*,#3406,.T.);
#1832=ORIENTED_EDGE('',*,*,#3407,.T.);
#1833=ORIENTED_EDGE('',*,*,#3404,.F.);
#1834=CARTESIAN_POINT('',(-2.11999999999999,6.6,0.659999999999997));
#1835=DIRECTION('',(-1.08993869191665E-15,0.0,-1.0));
#1836=DIRECTION('',(-1.0,0.0,1.08993869191665E-15));
#1837=ORIENTED_EDGE('',*,*,#3274,.T.);
#1838=ORIENTED_EDGE('',*,*,#3408,.T.);
#1839=ORIENTED_EDGE('',*,*,#3409,.T.);
#1840=ORIENTED_EDGE('',*,*,#3406,.F.);
#1841=CARTESIAN_POINT('',(-0.23,6.6,0.659999999999995));
#1842=DIRECTION('',(1.0,0.0,3.52152280433284E-16));
#1843=DIRECTION('',(-3.52152280433284E-16,0.0,1.0));
#1844=ORIENTED_EDGE('',*,*,#3273,.T.);
#1845=ORIENTED_EDGE('',*,*,#3403,.T.);
#1846=ORIENTED_EDGE('',*,*,#3410,.T.);
#1847=ORIENTED_EDGE('',*,*,#3408,.F.);
#1848=CARTESIAN_POINT('',(-0.23,6.6,3.2));
#1849=DIRECTION('',(8.53702498020083E-16,0.0,1.0));
#1850=DIRECTION('',(1.0,0.0,-8.53702498020083E-16));
#1851=ORIENTED_EDGE('',*,*,#3411,.F.);
#1852=ORIENTED_EDGE('',*,*,#3412,.T.);
#1853=ORIENTED_EDGE('',*,*,#3413,.T.);
#1854=ORIENTED_EDGE('',*,*,#3414,.T.);
#1855=ORIENTED_EDGE('',*,*,#3402,.F.);
#1856=ORIENTED_EDGE('',*,*,#3405,.F.);
#1857=ORIENTED_EDGE('',*,*,#3407,.F.);
#1858=ORIENTED_EDGE('',*,*,#3409,.F.);
#1859=ORIENTED_EDGE('',*,*,#3410,.F.);
#1860=CARTESIAN_POINT('',(0.0,6.6,0.0));
#1861=DIRECTION('',(0.0,-1.0,0.0));
#1862=DIRECTION('',(0.0,0.0,-1.0));
#1863=ORIENTED_EDGE('',*,*,#3267,.T.);
#1864=ORIENTED_EDGE('',*,*,#3415,.T.);
#1865=ORIENTED_EDGE('',*,*,#3416,.T.);
#1866=ORIENTED_EDGE('',*,*,#3417,.F.);
#1867=CARTESIAN_POINT('',(-5.77,6.6,3.19999999999999));
#1868=DIRECTION('',(-1.0,0.0,-3.41480999208034E-16));
#1869=DIRECTION('',(-3.41480999208034E-16,0.0,1.0));
#1870=ORIENTED_EDGE('',*,*,#3271,.T.);
#1871=ORIENTED_EDGE('',*,*,#3418,.T.);
#1872=ORIENTED_EDGE('',*,*,#3419,.T.);
#1873=ORIENTED_EDGE('',*,*,#3415,.F.);
#1874=CARTESIAN_POINT('',(-5.77,6.6,0.659999999999998));
#1875=DIRECTION('',(2.86825971557012E-16,0.0,-1.0));
#1876=DIRECTION('',(0.0,-1.0,0.0));
#1877=ORIENTED_EDGE('',*,*,#3270,.T.);
#1878=ORIENTED_EDGE('',*,*,#3420,.T.);
#1879=ORIENTED_EDGE('',*,*,#3421,.T.);
#1880=ORIENTED_EDGE('',*,*,#3418,.F.);
#1881=CARTESIAN_POINT('',(-3.88,6.6,0.659999999999999));
#1882=DIRECTION('',(0.707106781186549,0.0,-0.707106781186547));
#1883=DIRECTION('',(0.0,-1.0,0.0));
#1884=ORIENTED_EDGE('',*,*,#3269,.T.);
#1885=ORIENTED_EDGE('',*,*,#3422,.T.);
#1886=ORIENTED_EDGE('',*,*,#3423,.T.);
#1887=ORIENTED_EDGE('',*,*,#3420,.F.);
#1888=CARTESIAN_POINT('',(-3.23,6.6,1.31));
#1889=DIRECTION('',(1.0,0.0,0.0));
#1890=DIRECTION('',(0.0,1.0,0.0));
#1891=ORIENTED_EDGE('',*,*,#3268,.T.);
#1892=ORIENTED_EDGE('',*,*,#3417,.T.);
#1893=ORIENTED_EDGE('',*,*,#3424,.T.);
#1894=ORIENTED_EDGE('',*,*,#3422,.F.);
#1895=CARTESIAN_POINT('',(-3.23,6.6,3.2));
#1896=DIRECTION('',(-5.46369598732853E-15,0.0,1.0));
#1897=DIRECTION('',(1.0,-0.0,5.46369598732853E-15));
#1898=ORIENTED_EDGE('',*,*,#3425,.F.);
#1899=ORIENTED_EDGE('',*,*,#3426,.T.);
#1900=ORIENTED_EDGE('',*,*,#3427,.T.);
#1901=ORIENTED_EDGE('',*,*,#3428,.T.);
#1902=ORIENTED_EDGE('',*,*,#3416,.F.);
#1903=ORIENTED_EDGE('',*,*,#3419,.F.);
#1904=ORIENTED_EDGE('',*,*,#3421,.F.);
#1905=ORIENTED_EDGE('',*,*,#3423,.F.);
#1906=ORIENTED_EDGE('',*,*,#3424,.F.);
#1907=CARTESIAN_POINT('',(0.0,6.6,0.0));
#1908=DIRECTION('',(0.0,-1.0,0.0));
#1909=DIRECTION('',(0.0,0.0,-1.0));
#1910=ORIENTED_EDGE('',*,*,#3262,.T.);
#1911=ORIENTED_EDGE('',*,*,#3429,.T.);
#1912=ORIENTED_EDGE('',*,*,#3430,.T.);
#1913=ORIENTED_EDGE('',*,*,#3431,.F.);
#1914=CARTESIAN_POINT('',(-8.77,6.6,3.2));
#1915=DIRECTION('',(-1.0,0.0,-6.82961998416066E-16));
#1916=DIRECTION('',(-6.82961998416066E-16,0.0,1.0));
#1917=ORIENTED_EDGE('',*,*,#3266,.T.);
#1918=ORIENTED_EDGE('',*,*,#3432,.T.);
#1919=ORIENTED_EDGE('',*,*,#3433,.T.);
#1920=ORIENTED_EDGE('',*,*,#3429,.F.);
#1921=CARTESIAN_POINT('',(-8.77,6.6,0.659999999999998));
#1922=DIRECTION('',(2.86825971557012E-16,0.0,-1.0));
#1923=DIRECTION('',(0.0,-1.0,0.0));
#1924=ORIENTED_EDGE('',*,*,#3265,.T.);
#1925=ORIENTED_EDGE('',*,*,#3434,.T.);
#1926=ORIENTED_EDGE('',*,*,#3435,.T.);
#1927=ORIENTED_EDGE('',*,*,#3432,.F.);
#1928=CARTESIAN_POINT('',(-6.88,6.6,0.659999999999999));
#1929=DIRECTION('',(0.707106781186549,0.0,-0.707106781186547));
#1930=DIRECTION('',(0.0,-1.0,0.0));
#1931=ORIENTED_EDGE('',*,*,#3264,.T.);
#1932=ORIENTED_EDGE('',*,*,#3436,.T.);
#1933=ORIENTED_EDGE('',*,*,#3437,.T.);
#1934=ORIENTED_EDGE('',*,*,#3434,.F.);
#1935=CARTESIAN_POINT('',(-6.23,6.6,1.31));
#1936=DIRECTION('',(1.0,0.0,0.0));
#1937=DIRECTION('',(0.0,1.0,0.0));
#1938=ORIENTED_EDGE('',*,*,#3263,.T.);
#1939=ORIENTED_EDGE('',*,*,#3431,.T.);
#1940=ORIENTED_EDGE('',*,*,#3438,.T.);
#1941=ORIENTED_EDGE('',*,*,#3436,.F.);
#1942=CARTESIAN_POINT('',(-6.23,6.6,3.2));
#1943=DIRECTION('',(-2.0488859952482E-15,0.0,1.0));
#1944=DIRECTION('',(1.0,-0.0,2.0488859952482E-15));
#1945=ORIENTED_EDGE('',*,*,#3439,.F.);
#1946=ORIENTED_EDGE('',*,*,#3440,.T.);
#1947=ORIENTED_EDGE('',*,*,#3441,.T.);
#1948=ORIENTED_EDGE('',*,*,#3442,.T.);
#1949=ORIENTED_EDGE('',*,*,#3430,.F.);
#1950=ORIENTED_EDGE('',*,*,#3433,.F.);
#1951=ORIENTED_EDGE('',*,*,#3435,.F.);
#1952=ORIENTED_EDGE('',*,*,#3437,.F.);
#1953=ORIENTED_EDGE('',*,*,#3438,.F.);
#1954=CARTESIAN_POINT('',(0.0,6.6,0.0));
#1955=DIRECTION('',(0.0,-1.0,0.0));
#1956=DIRECTION('',(0.0,0.0,-1.0));
#1957=ORIENTED_EDGE('',*,*,#3443,.T.);
#1958=ORIENTED_EDGE('',*,*,#3165,.T.);
#1959=ORIENTED_EDGE('',*,*,#3444,.F.);
#1960=ORIENTED_EDGE('',*,*,#3445,.F.);
#1961=CARTESIAN_POINT('',(-6.85,8.06,1.55431223447522E-15));
#1962=DIRECTION('',(-1.0,0.0,0.0));
#1963=DIRECTION('',(0.0,0.0,1.0));
#1964=ORIENTED_EDGE('',*,*,#3446,.T.);
#1965=ORIENTED_EDGE('',*,*,#3445,.T.);
#1966=ORIENTED_EDGE('',*,*,#3447,.F.);
#1967=ORIENTED_EDGE('',*,*,#3448,.F.);
#1968=CARTESIAN_POINT('',(-6.85,8.06,-0.509999999999998));
#1969=DIRECTION('',(0.0,0.0,-1.0));
#1970=DIRECTION('',(0.0,-1.0,0.0));
#1971=ORIENTED_EDGE('',*,*,#3449,.T.);
#1972=ORIENTED_EDGE('',*,*,#3448,.T.);
#1973=ORIENTED_EDGE('',*,*,#3450,.F.);
#1974=ORIENTED_EDGE('',*,*,#3167,.F.);
#1975=CARTESIAN_POINT('',(-5.85,8.06,-0.509999999999998));
#1976=DIRECTION('',(1.0,0.0,0.0));
#1977=DIRECTION('',(0.0,1.0,0.0));
#1978=ORIENTED_EDGE('',*,*,#3444,.T.);
#1979=ORIENTED_EDGE('',*,*,#3164,.T.);
#1980=ORIENTED_EDGE('',*,*,#3450,.T.);
#1981=ORIENTED_EDGE('',*,*,#3447,.T.);
#1982=CARTESIAN_POINT('',(0.0,8.06,0.0));
#1983=DIRECTION('',(0.0,-1.0,0.0));
#1984=DIRECTION('',(0.0,0.0,-1.0));
#1985=ORIENTED_EDGE('',*,*,#3443,.F.);
#1986=ORIENTED_EDGE('',*,*,#3446,.F.);
#1987=ORIENTED_EDGE('',*,*,#3449,.F.);
#1988=ORIENTED_EDGE('',*,*,#3166,.F.);
#1989=CARTESIAN_POINT('',(0.0,1.6,0.0));
#1990=DIRECTION('',(0.0,-1.0,0.0));
#1991=DIRECTION('',(0.0,0.0,-1.0));
#1992=ORIENTED_EDGE('',*,*,#3451,.T.);
#1993=ORIENTED_EDGE('',*,*,#3161,.T.);
#1994=ORIENTED_EDGE('',*,*,#3452,.F.);
#1995=ORIENTED_EDGE('',*,*,#3453,.F.);
#1996=CARTESIAN_POINT('',(5.85,8.06,1.66533453693773E-15));
#1997=DIRECTION('',(-1.0,0.0,0.0));
#1998=DIRECTION('',(0.0,0.0,1.0));
#1999=ORIENTED_EDGE('',*,*,#3454,.T.);
#2000=ORIENTED_EDGE('',*,*,#3453,.T.);
#2001=ORIENTED_EDGE('',*,*,#3455,.F.);
#2002=ORIENTED_EDGE('',*,*,#3456,.F.);
#2003=CARTESIAN_POINT('',(5.85,8.06,-0.509999999999998));
#2004=DIRECTION('',(0.0,0.0,-1.0));
#2005=DIRECTION('',(0.0,-1.0,0.0));
#2006=ORIENTED_EDGE('',*,*,#3457,.T.);
#2007=ORIENTED_EDGE('',*,*,#3456,.T.);
#2008=ORIENTED_EDGE('',*,*,#3458,.F.);
#2009=ORIENTED_EDGE('',*,*,#3163,.F.);
#2010=CARTESIAN_POINT('',(6.85,8.06,-0.509999999999998));
#2011=DIRECTION('',(1.0,0.0,0.0));
#2012=DIRECTION('',(0.0,1.0,0.0));
#2013=ORIENTED_EDGE('',*,*,#3452,.T.);
#2014=ORIENTED_EDGE('',*,*,#3160,.T.);
#2015=ORIENTED_EDGE('',*,*,#3458,.T.);
#2016=ORIENTED_EDGE('',*,*,#3455,.T.);
#2017=CARTESIAN_POINT('',(0.0,8.06,0.0));
#2018=DIRECTION('',(0.0,-1.0,0.0));
#2019=DIRECTION('',(0.0,0.0,-1.0));
#2020=ORIENTED_EDGE('',*,*,#3451,.F.);
#2021=ORIENTED_EDGE('',*,*,#3454,.F.);
#2022=ORIENTED_EDGE('',*,*,#3457,.F.);
#2023=ORIENTED_EDGE('',*,*,#3162,.F.);
#2024=CARTESIAN_POINT('',(0.0,1.6,0.0));
#2025=DIRECTION('',(0.0,-1.0,0.0));
#2026=DIRECTION('',(0.0,0.0,-1.0));
#2027=ORIENTED_EDGE('',*,*,#3459,.T.);
#2028=ORIENTED_EDGE('',*,*,#3460,.T.);
#2029=ORIENTED_EDGE('',*,*,#3461,.F.);
#2030=ORIENTED_EDGE('',*,*,#3462,.T.);
#2031=CARTESIAN_POINT('',(7.82,6.3930953484267,2.28000000000001));
#2032=DIRECTION('',(0.0,2.22224071040957E-15,-1.0));
#2033=DIRECTION('',(-1.0,0.0,0.0));
#2034=ORIENTED_EDGE('',*,*,#3463,.T.);
#2035=ORIENTED_EDGE('',*,*,#3464,.T.);
#2036=ORIENTED_EDGE('',*,*,#3465,.T.);
#2037=ORIENTED_EDGE('',*,*,#3466,.T.);
#2038=CARTESIAN_POINT('',(7.82,2.49,2.28));
#2039=DIRECTION('',(-0.0,1.0,0.0));
#2040=DIRECTION('',(1.0,0.0,0.0));
#2041=ORIENTED_EDGE('',*,*,#3467,.F.);
#2042=ORIENTED_EDGE('',*,*,#3468,.T.);
#2043=ORIENTED_EDGE('',*,*,#3469,.T.);
#2044=ORIENTED_EDGE('',*,*,#3470,.F.);
#2045=CARTESIAN_POINT('',(7.82,2.49,1.64));
#2046=DIRECTION('',(0.0,-1.88890460384825E-15,1.0));
#2047=DIRECTION('',(0.0,-1.0,-1.88890460384825E-15));
#2048=ORIENTED_EDGE('',*,*,#3461,.T.);
#2049=ORIENTED_EDGE('',*,*,#3471,.T.);
#2050=ORIENTED_EDGE('',*,*,#3467,.T.);
#2051=ORIENTED_EDGE('',*,*,#3472,.T.);
#2052=ORIENTED_EDGE('',*,*,#3371,.T.);
#2053=ORIENTED_EDGE('',*,*,#3473,.T.);
#2054=CARTESIAN_POINT('',(7.82,6.65,1.91999999999978));
#2055=DIRECTION('',(1.0,0.0,0.0));
#2056=DIRECTION('',(0.0,1.0,0.0));
#2057=ORIENTED_EDGE('',*,*,#3469,.F.);
#2058=ORIENTED_EDGE('',*,*,#3474,.T.);
#2059=ORIENTED_EDGE('',*,*,#3459,.F.);
#2060=ORIENTED_EDGE('',*,*,#3475,.F.);
#2061=ORIENTED_EDGE('',*,*,#3373,.F.);
#2062=ORIENTED_EDGE('',*,*,#3476,.F.);
#2063=CARTESIAN_POINT('',(7.18,6.65,1.91999999999978));
#2064=DIRECTION('',(1.0,0.0,0.0));
#2065=DIRECTION('',(0.0,1.0,0.0));
#2066=ORIENTED_EDGE('',*,*,#3374,.F.);
#2067=ORIENTED_EDGE('',*,*,#3475,.T.);
#2068=ORIENTED_EDGE('',*,*,#3462,.F.);
#2069=ORIENTED_EDGE('',*,*,#3473,.F.);
#2070=CARTESIAN_POINT('',(7.82,6.65,2.00000000000001));
#2071=DIRECTION('',(1.0,-0.0,0.0));
#2072=DIRECTION('',(0.0,0.0,1.0));
#2073=ORIENTED_EDGE('',*,*,#3372,.F.);
#2074=ORIENTED_EDGE('',*,*,#3472,.F.);
#2075=ORIENTED_EDGE('',*,*,#3470,.T.);
#2076=ORIENTED_EDGE('',*,*,#3476,.T.);
#2077=CARTESIAN_POINT('',(7.82,6.65,1.91999999999978));
#2078=DIRECTION('',(1.0,-0.0,0.0));
#2079=DIRECTION('',(0.0,0.0,1.0));
#2080=ORIENTED_EDGE('',*,*,#3477,.T.);
#2081=ORIENTED_EDGE('',*,*,#3309,.T.);
#2082=ORIENTED_EDGE('',*,*,#3478,.F.);
#2083=ORIENTED_EDGE('',*,*,#3479,.T.);
#2084=CARTESIAN_POINT('',(7.82,10.38,0.0700000000000034));
#2085=DIRECTION('',(0.0,4.31060024047995E-15,-1.0));
#2086=DIRECTION('',(-1.0,0.0,0.0));
#2087=ORIENTED_EDGE('',*,*,#3308,.F.);
#2088=ORIENTED_EDGE('',*,*,#3207,.T.);
#2089=ORIENTED_EDGE('',*,*,#3480,.T.);
#2090=ORIENTED_EDGE('',*,*,#3481,.T.);
#2091=ORIENTED_EDGE('',*,*,#3482,.T.);
#2092=ORIENTED_EDGE('',*,*,#3478,.T.);
#2093=CARTESIAN_POINT('',(7.82,6.65,1.91999999999978));
#2094=DIRECTION('',(1.0,0.0,0.0));
#2095=DIRECTION('',(0.0,1.0,0.0));
#2096=ORIENTED_EDGE('',*,*,#3205,.F.);
#2097=ORIENTED_EDGE('',*,*,#3310,.T.);
#2098=ORIENTED_EDGE('',*,*,#3477,.F.);
#2099=ORIENTED_EDGE('',*,*,#3483,.F.);
#2100=ORIENTED_EDGE('',*,*,#3484,.F.);
#2101=ORIENTED_EDGE('',*,*,#3485,.F.);
#2102=CARTESIAN_POINT('',(7.18,6.65,1.91999999999978));
#2103=DIRECTION('',(1.0,0.0,0.0));
#2104=DIRECTION('',(0.0,1.0,0.0));
#2105=ORIENTED_EDGE('',*,*,#3206,.F.);
#2106=ORIENTED_EDGE('',*,*,#3485,.T.);
#2107=ORIENTED_EDGE('',*,*,#3486,.F.);
#2108=ORIENTED_EDGE('',*,*,#3480,.F.);
#2109=CARTESIAN_POINT('',(7.82,9.58,0.310000000000012));
#2110=DIRECTION('',(1.0,-0.0,0.0));
#2111=DIRECTION('',(0.0,0.0,1.0));
#2112=ORIENTED_EDGE('',*,*,#3484,.T.);
#2113=ORIENTED_EDGE('',*,*,#3487,.F.);
#2114=ORIENTED_EDGE('',*,*,#3481,.F.);
#2115=ORIENTED_EDGE('',*,*,#3486,.T.);
#2116=CARTESIAN_POINT('',(7.82,9.58000000000001,-0.570000000000001));
#2117=DIRECTION('',(0.0,-5.55653613398828E-15,1.0));
#2118=DIRECTION('',(0.0,-1.0,-5.55653613398828E-15));
#2119=ORIENTED_EDGE('',*,*,#3483,.T.);
#2120=ORIENTED_EDGE('',*,*,#3479,.F.);
#2121=ORIENTED_EDGE('',*,*,#3482,.F.);
#2122=ORIENTED_EDGE('',*,*,#3487,.T.);
#2123=CARTESIAN_POINT('',(7.82,10.38,-0.249999999999992));
#2124=DIRECTION('',(1.0,-0.0,0.0));
#2125=DIRECTION('',(0.0,0.0,1.0));
#2126=ORIENTED_EDGE('',*,*,#3488,.F.);
#2127=ORIENTED_EDGE('',*,*,#3468,.F.);
#2128=ORIENTED_EDGE('',*,*,#3489,.F.);
#2129=ORIENTED_EDGE('',*,*,#3466,.F.);
#2130=CARTESIAN_POINT('',(7.82,3.33,1.64000000000001));
#2131=DIRECTION('',(0.0,0.253359391837682,0.967372223380246));
#2132=DIRECTION('',(1.0,-0.0,0.0));
#2133=ORIENTED_EDGE('',*,*,#3489,.T.);
#2134=ORIENTED_EDGE('',*,*,#3471,.F.);
#2135=ORIENTED_EDGE('',*,*,#3490,.F.);
#2136=ORIENTED_EDGE('',*,*,#3463,.F.);
#2137=CARTESIAN_POINT('',(7.82,3.33,1.91999999999978));
#2138=DIRECTION('',(0.967372223380245,-0.253359391837683,0.0));
#2139=DIRECTION('',(0.0,0.0,-1.0));
#2140=ORIENTED_EDGE('',*,*,#3488,.T.);
#2141=ORIENTED_EDGE('',*,*,#3465,.F.);
#2142=ORIENTED_EDGE('',*,*,#3491,.F.);
#2143=ORIENTED_EDGE('',*,*,#3474,.F.);
#2144=CARTESIAN_POINT('',(7.4,2.49,2.28));
#2145=DIRECTION('',(0.967372223380245,0.253359391837683,0.0));
#2146=DIRECTION('',(0.0,0.0,-1.0));
#2147=ORIENTED_EDGE('',*,*,#3490,.T.);
#2148=ORIENTED_EDGE('',*,*,#3460,.F.);
#2149=ORIENTED_EDGE('',*,*,#3491,.T.);
#2150=ORIENTED_EDGE('',*,*,#3464,.F.);
#2151=CARTESIAN_POINT('',(7.82,2.49,2.06));
#2152=DIRECTION('',(0.0,0.253359391837685,-0.967372223380245));
#2153=DIRECTION('',(-1.0,0.0,0.0));
#2154=ORIENTED_EDGE('',*,*,#3492,.T.);
#2155=ORIENTED_EDGE('',*,*,#3493,.T.);
#2156=ORIENTED_EDGE('',*,*,#3494,.F.);
#2157=ORIENTED_EDGE('',*,*,#3495,.T.);
#2158=CARTESIAN_POINT('',(4.82,6.3930953484267,2.28000000000001));
#2159=DIRECTION('',(0.0,2.22224071040957E-15,-1.0));
#2160=DIRECTION('',(-1.0,0.0,0.0));
#2161=ORIENTED_EDGE('',*,*,#3496,.T.);
#2162=ORIENTED_EDGE('',*,*,#3497,.T.);
#2163=ORIENTED_EDGE('',*,*,#3498,.T.);
#2164=ORIENTED_EDGE('',*,*,#3499,.T.);
#2165=CARTESIAN_POINT('',(4.82,2.49,2.28));
#2166=DIRECTION('',(-0.0,1.0,0.0));
#2167=DIRECTION('',(1.0,0.0,0.0));
#2168=ORIENTED_EDGE('',*,*,#3500,.F.);
#2169=ORIENTED_EDGE('',*,*,#3501,.T.);
#2170=ORIENTED_EDGE('',*,*,#3502,.T.);
#2171=ORIENTED_EDGE('',*,*,#3503,.F.);
#2172=CARTESIAN_POINT('',(4.82,2.49,1.64));
#2173=DIRECTION('',(0.0,-1.88890460384825E-15,1.0));
#2174=DIRECTION('',(0.0,-1.0,-1.88890460384825E-15));
#2175=ORIENTED_EDGE('',*,*,#3494,.T.);
#2176=ORIENTED_EDGE('',*,*,#3504,.T.);
#2177=ORIENTED_EDGE('',*,*,#3500,.T.);
#2178=ORIENTED_EDGE('',*,*,#3505,.T.);
#2179=ORIENTED_EDGE('',*,*,#3383,.T.);
#2180=ORIENTED_EDGE('',*,*,#3506,.T.);
#2181=CARTESIAN_POINT('',(4.82,6.65,1.91999999999978));
#2182=DIRECTION('',(1.0,0.0,0.0));
#2183=DIRECTION('',(0.0,1.0,0.0));
#2184=ORIENTED_EDGE('',*,*,#3502,.F.);
#2185=ORIENTED_EDGE('',*,*,#3507,.T.);
#2186=ORIENTED_EDGE('',*,*,#3492,.F.);
#2187=ORIENTED_EDGE('',*,*,#3508,.F.);
#2188=ORIENTED_EDGE('',*,*,#3385,.F.);
#2189=ORIENTED_EDGE('',*,*,#3509,.F.);
#2190=CARTESIAN_POINT('',(4.18,6.65,1.91999999999978));
#2191=DIRECTION('',(1.0,0.0,0.0));
#2192=DIRECTION('',(0.0,1.0,0.0));
#2193=ORIENTED_EDGE('',*,*,#3386,.F.);
#2194=ORIENTED_EDGE('',*,*,#3508,.T.);
#2195=ORIENTED_EDGE('',*,*,#3495,.F.);
#2196=ORIENTED_EDGE('',*,*,#3506,.F.);
#2197=CARTESIAN_POINT('',(4.82,6.65,2.00000000000001));
#2198=DIRECTION('',(1.0,-0.0,0.0));
#2199=DIRECTION('',(0.0,0.0,1.0));
#2200=ORIENTED_EDGE('',*,*,#3384,.F.);
#2201=ORIENTED_EDGE('',*,*,#3505,.F.);
#2202=ORIENTED_EDGE('',*,*,#3503,.T.);
#2203=ORIENTED_EDGE('',*,*,#3509,.T.);
#2204=CARTESIAN_POINT('',(4.82,6.65,1.91999999999978));
#2205=DIRECTION('',(1.0,-0.0,0.0));
#2206=DIRECTION('',(0.0,0.0,1.0));
#2207=ORIENTED_EDGE('',*,*,#3510,.T.);
#2208=ORIENTED_EDGE('',*,*,#3312,.T.);
#2209=ORIENTED_EDGE('',*,*,#3511,.F.);
#2210=ORIENTED_EDGE('',*,*,#3512,.T.);
#2211=CARTESIAN_POINT('',(4.82,10.38,0.0700000000000034));
#2212=DIRECTION('',(0.0,4.31060024047995E-15,-1.0));
#2213=DIRECTION('',(-1.0,0.0,0.0));
#2214=ORIENTED_EDGE('',*,*,#3311,.F.);
#2215=ORIENTED_EDGE('',*,*,#3203,.T.);
#2216=ORIENTED_EDGE('',*,*,#3513,.T.);
#2217=ORIENTED_EDGE('',*,*,#3514,.T.);
#2218=ORIENTED_EDGE('',*,*,#3515,.T.);
#2219=ORIENTED_EDGE('',*,*,#3511,.T.);
#2220=CARTESIAN_POINT('',(4.82,6.65,1.91999999999978));
#2221=DIRECTION('',(1.0,0.0,0.0));
#2222=DIRECTION('',(0.0,1.0,0.0));
#2223=ORIENTED_EDGE('',*,*,#3201,.F.);
#2224=ORIENTED_EDGE('',*,*,#3313,.T.);
#2225=ORIENTED_EDGE('',*,*,#3510,.F.);
#2226=ORIENTED_EDGE('',*,*,#3516,.F.);
#2227=ORIENTED_EDGE('',*,*,#3517,.F.);
#2228=ORIENTED_EDGE('',*,*,#3518,.F.);
#2229=CARTESIAN_POINT('',(4.18,6.65,1.91999999999978));
#2230=DIRECTION('',(1.0,0.0,0.0));
#2231=DIRECTION('',(0.0,1.0,0.0));
#2232=ORIENTED_EDGE('',*,*,#3202,.F.);
#2233=ORIENTED_EDGE('',*,*,#3518,.T.);
#2234=ORIENTED_EDGE('',*,*,#3519,.F.);
#2235=ORIENTED_EDGE('',*,*,#3513,.F.);
#2236=CARTESIAN_POINT('',(4.82,9.58,0.310000000000012));
#2237=DIRECTION('',(1.0,-0.0,0.0));
#2238=DIRECTION('',(0.0,0.0,1.0));
#2239=ORIENTED_EDGE('',*,*,#3517,.T.);
#2240=ORIENTED_EDGE('',*,*,#3520,.F.);
#2241=ORIENTED_EDGE('',*,*,#3514,.F.);
#2242=ORIENTED_EDGE('',*,*,#3519,.T.);
#2243=CARTESIAN_POINT('',(4.82,9.58000000000001,-0.570000000000001));
#2244=DIRECTION('',(0.0,-5.55653613398828E-15,1.0));
#2245=DIRECTION('',(0.0,-1.0,-5.55653613398828E-15));
#2246=ORIENTED_EDGE('',*,*,#3516,.T.);
#2247=ORIENTED_EDGE('',*,*,#3512,.F.);
#2248=ORIENTED_EDGE('',*,*,#3515,.F.);
#2249=ORIENTED_EDGE('',*,*,#3520,.T.);
#2250=CARTESIAN_POINT('',(4.82,10.38,-0.249999999999992));
#2251=DIRECTION('',(1.0,-0.0,0.0));
#2252=DIRECTION('',(0.0,0.0,1.0));
#2253=ORIENTED_EDGE('',*,*,#3521,.F.);
#2254=ORIENTED_EDGE('',*,*,#3501,.F.);
#2255=ORIENTED_EDGE('',*,*,#3522,.F.);
#2256=ORIENTED_EDGE('',*,*,#3499,.F.);
#2257=CARTESIAN_POINT('',(4.82,3.33,1.64000000000001));
#2258=DIRECTION('',(0.0,0.253359391837682,0.967372223380246));
#2259=DIRECTION('',(1.0,-0.0,0.0));
#2260=ORIENTED_EDGE('',*,*,#3522,.T.);
#2261=ORIENTED_EDGE('',*,*,#3504,.F.);
#2262=ORIENTED_EDGE('',*,*,#3523,.F.);
#2263=ORIENTED_EDGE('',*,*,#3496,.F.);
#2264=CARTESIAN_POINT('',(4.82,3.33,1.91999999999978));
#2265=DIRECTION('',(0.967372223380245,-0.253359391837683,0.0));
#2266=DIRECTION('',(0.0,0.0,-1.0));
#2267=ORIENTED_EDGE('',*,*,#3521,.T.);
#2268=ORIENTED_EDGE('',*,*,#3498,.F.);
#2269=ORIENTED_EDGE('',*,*,#3524,.F.);
#2270=ORIENTED_EDGE('',*,*,#3507,.F.);
#2271=CARTESIAN_POINT('',(4.4,2.49,2.28));
#2272=DIRECTION('',(0.967372223380245,0.253359391837683,0.0));
#2273=DIRECTION('',(0.0,0.0,-1.0));
#2274=ORIENTED_EDGE('',*,*,#3523,.T.);
#2275=ORIENTED_EDGE('',*,*,#3493,.F.);
#2276=ORIENTED_EDGE('',*,*,#3524,.T.);
#2277=ORIENTED_EDGE('',*,*,#3497,.F.);
#2278=CARTESIAN_POINT('',(4.82,2.49,2.06));
#2279=DIRECTION('',(0.0,0.253359391837685,-0.967372223380245));
#2280=DIRECTION('',(-1.0,0.0,0.0));
#2281=ORIENTED_EDGE('',*,*,#3525,.T.);
#2282=ORIENTED_EDGE('',*,*,#3526,.T.);
#2283=ORIENTED_EDGE('',*,*,#3527,.F.);
#2284=ORIENTED_EDGE('',*,*,#3528,.T.);
#2285=CARTESIAN_POINT('',(1.82,6.3930953484267,2.28000000000001));
#2286=DIRECTION('',(0.0,2.22224071040957E-15,-1.0));
#2287=DIRECTION('',(-1.0,0.0,0.0));
#2288=ORIENTED_EDGE('',*,*,#3529,.T.);
#2289=ORIENTED_EDGE('',*,*,#3530,.T.);
#2290=ORIENTED_EDGE('',*,*,#3531,.T.);
#2291=ORIENTED_EDGE('',*,*,#3532,.T.);
#2292=CARTESIAN_POINT('',(1.82,2.49,2.28));
#2293=DIRECTION('',(-0.0,1.0,0.0));
#2294=DIRECTION('',(1.0,0.0,0.0));
#2295=ORIENTED_EDGE('',*,*,#3533,.F.);
#2296=ORIENTED_EDGE('',*,*,#3534,.T.);
#2297=ORIENTED_EDGE('',*,*,#3535,.T.);
#2298=ORIENTED_EDGE('',*,*,#3536,.F.);
#2299=CARTESIAN_POINT('',(1.82,2.49,1.64));
#2300=DIRECTION('',(0.0,-1.88890460384825E-15,1.0));
#2301=DIRECTION('',(0.0,-1.0,-1.88890460384825E-15));
#2302=ORIENTED_EDGE('',*,*,#3527,.T.);
#2303=ORIENTED_EDGE('',*,*,#3537,.T.);
#2304=ORIENTED_EDGE('',*,*,#3533,.T.);
#2305=ORIENTED_EDGE('',*,*,#3538,.T.);
#2306=ORIENTED_EDGE('',*,*,#3397,.T.);
#2307=ORIENTED_EDGE('',*,*,#3539,.T.);
#2308=CARTESIAN_POINT('',(1.82,6.65,1.91999999999978));
#2309=DIRECTION('',(1.0,0.0,0.0));
#2310=DIRECTION('',(0.0,1.0,0.0));
#2311=ORIENTED_EDGE('',*,*,#3535,.F.);
#2312=ORIENTED_EDGE('',*,*,#3540,.T.);
#2313=ORIENTED_EDGE('',*,*,#3525,.F.);
#2314=ORIENTED_EDGE('',*,*,#3541,.F.);
#2315=ORIENTED_EDGE('',*,*,#3399,.F.);
#2316=ORIENTED_EDGE('',*,*,#3542,.F.);
#2317=CARTESIAN_POINT('',(1.18,6.65,1.91999999999978));
#2318=DIRECTION('',(1.0,0.0,0.0));
#2319=DIRECTION('',(0.0,1.0,0.0));
#2320=ORIENTED_EDGE('',*,*,#3400,.F.);
#2321=ORIENTED_EDGE('',*,*,#3541,.T.);
#2322=ORIENTED_EDGE('',*,*,#3528,.F.);
#2323=ORIENTED_EDGE('',*,*,#3539,.F.);
#2324=CARTESIAN_POINT('',(1.82,6.65,2.00000000000001));
#2325=DIRECTION('',(1.0,-0.0,0.0));
#2326=DIRECTION('',(0.0,0.0,1.0));
#2327=ORIENTED_EDGE('',*,*,#3398,.F.);
#2328=ORIENTED_EDGE('',*,*,#3538,.F.);
#2329=ORIENTED_EDGE('',*,*,#3536,.T.);
#2330=ORIENTED_EDGE('',*,*,#3542,.T.);
#2331=CARTESIAN_POINT('',(1.82,6.65,1.91999999999978));
#2332=DIRECTION('',(1.0,-0.0,0.0));
#2333=DIRECTION('',(0.0,0.0,1.0));
#2334=ORIENTED_EDGE('',*,*,#3543,.T.);
#2335=ORIENTED_EDGE('',*,*,#3315,.T.);
#2336=ORIENTED_EDGE('',*,*,#3544,.F.);
#2337=ORIENTED_EDGE('',*,*,#3545,.T.);
#2338=CARTESIAN_POINT('',(1.82,10.38,0.0700000000000034));
#2339=DIRECTION('',(0.0,4.31060024047995E-15,-1.0));
#2340=DIRECTION('',(-1.0,0.0,0.0));
#2341=ORIENTED_EDGE('',*,*,#3314,.F.);
#2342=ORIENTED_EDGE('',*,*,#3199,.T.);
#2343=ORIENTED_EDGE('',*,*,#3546,.T.);
#2344=ORIENTED_EDGE('',*,*,#3547,.T.);
#2345=ORIENTED_EDGE('',*,*,#3548,.T.);
#2346=ORIENTED_EDGE('',*,*,#3544,.T.);
#2347=CARTESIAN_POINT('',(1.82,6.65,1.91999999999978));
#2348=DIRECTION('',(1.0,0.0,0.0));
#2349=DIRECTION('',(0.0,1.0,0.0));
#2350=ORIENTED_EDGE('',*,*,#3197,.F.);
#2351=ORIENTED_EDGE('',*,*,#3316,.T.);
#2352=ORIENTED_EDGE('',*,*,#3543,.F.);
#2353=ORIENTED_EDGE('',*,*,#3549,.F.);
#2354=ORIENTED_EDGE('',*,*,#3550,.F.);
#2355=ORIENTED_EDGE('',*,*,#3551,.F.);
#2356=CARTESIAN_POINT('',(1.18,6.65,1.91999999999978));
#2357=DIRECTION('',(1.0,0.0,0.0));
#2358=DIRECTION('',(0.0,1.0,0.0));
#2359=ORIENTED_EDGE('',*,*,#3198,.F.);
#2360=ORIENTED_EDGE('',*,*,#3551,.T.);
#2361=ORIENTED_EDGE('',*,*,#3552,.F.);
#2362=ORIENTED_EDGE('',*,*,#3546,.F.);
#2363=CARTESIAN_POINT('',(1.82,9.58,0.310000000000012));
#2364=DIRECTION('',(1.0,-0.0,0.0));
#2365=DIRECTION('',(0.0,0.0,1.0));
#2366=ORIENTED_EDGE('',*,*,#3550,.T.);
#2367=ORIENTED_EDGE('',*,*,#3553,.F.);
#2368=ORIENTED_EDGE('',*,*,#3547,.F.);
#2369=ORIENTED_EDGE('',*,*,#3552,.T.);
#2370=CARTESIAN_POINT('',(1.82,9.58000000000001,-0.570000000000001));
#2371=DIRECTION('',(0.0,-5.55653613398828E-15,1.0));
#2372=DIRECTION('',(0.0,-1.0,-5.55653613398828E-15));
#2373=ORIENTED_EDGE('',*,*,#3549,.T.);
#2374=ORIENTED_EDGE('',*,*,#3545,.F.);
#2375=ORIENTED_EDGE('',*,*,#3548,.F.);
#2376=ORIENTED_EDGE('',*,*,#3553,.T.);
#2377=CARTESIAN_POINT('',(1.82,10.38,-0.249999999999992));
#2378=DIRECTION('',(1.0,-0.0,0.0));
#2379=DIRECTION('',(0.0,0.0,1.0));
#2380=ORIENTED_EDGE('',*,*,#3554,.F.);
#2381=ORIENTED_EDGE('',*,*,#3534,.F.);
#2382=ORIENTED_EDGE('',*,*,#3555,.F.);
#2383=ORIENTED_EDGE('',*,*,#3532,.F.);
#2384=CARTESIAN_POINT('',(1.82,3.33,1.64000000000001));
#2385=DIRECTION('',(0.0,0.253359391837682,0.967372223380246));
#2386=DIRECTION('',(1.0,-0.0,0.0));
#2387=ORIENTED_EDGE('',*,*,#3555,.T.);
#2388=ORIENTED_EDGE('',*,*,#3537,.F.);
#2389=ORIENTED_EDGE('',*,*,#3556,.F.);
#2390=ORIENTED_EDGE('',*,*,#3529,.F.);
#2391=CARTESIAN_POINT('',(1.82,3.33,1.91999999999978));
#2392=DIRECTION('',(0.967372223380245,-0.253359391837683,0.0));
#2393=DIRECTION('',(0.0,0.0,-1.0));
#2394=ORIENTED_EDGE('',*,*,#3554,.T.);
#2395=ORIENTED_EDGE('',*,*,#3531,.F.);
#2396=ORIENTED_EDGE('',*,*,#3557,.F.);
#2397=ORIENTED_EDGE('',*,*,#3540,.F.);
#2398=CARTESIAN_POINT('',(1.4,2.49,2.28));
#2399=DIRECTION('',(0.967372223380245,0.253359391837683,0.0));
#2400=DIRECTION('',(0.0,0.0,-1.0));
#2401=ORIENTED_EDGE('',*,*,#3556,.T.);
#2402=ORIENTED_EDGE('',*,*,#3526,.F.);
#2403=ORIENTED_EDGE('',*,*,#3557,.T.);
#2404=ORIENTED_EDGE('',*,*,#3530,.F.);
#2405=CARTESIAN_POINT('',(1.82,2.49,2.06));
#2406=DIRECTION('',(0.0,0.253359391837685,-0.967372223380245));
#2407=DIRECTION('',(-1.0,0.0,0.0));
#2408=ORIENTED_EDGE('',*,*,#3558,.T.);
#2409=ORIENTED_EDGE('',*,*,#3559,.T.);
#2410=ORIENTED_EDGE('',*,*,#3560,.F.);
#2411=ORIENTED_EDGE('',*,*,#3561,.T.);
#2412=CARTESIAN_POINT('',(-1.18,6.3930953484267,2.28000000000001));
#2413=DIRECTION('',(0.0,2.22224071040957E-15,-1.0));
#2414=DIRECTION('',(-1.0,0.0,0.0));
#2415=ORIENTED_EDGE('',*,*,#3562,.T.);
#2416=ORIENTED_EDGE('',*,*,#3563,.T.);
#2417=ORIENTED_EDGE('',*,*,#3564,.T.);
#2418=ORIENTED_EDGE('',*,*,#3565,.T.);
#2419=CARTESIAN_POINT('',(-1.18,2.49,2.28));
#2420=DIRECTION('',(-0.0,1.0,0.0));
#2421=DIRECTION('',(1.0,0.0,0.0));
#2422=ORIENTED_EDGE('',*,*,#3566,.F.);
#2423=ORIENTED_EDGE('',*,*,#3567,.T.);
#2424=ORIENTED_EDGE('',*,*,#3568,.T.);
#2425=ORIENTED_EDGE('',*,*,#3569,.F.);
#2426=CARTESIAN_POINT('',(-1.18,2.49,1.64));
#2427=DIRECTION('',(0.0,-1.88890460384825E-15,1.0));
#2428=DIRECTION('',(0.0,-1.0,-1.88890460384825E-15));
#2429=ORIENTED_EDGE('',*,*,#3560,.T.);
#2430=ORIENTED_EDGE('',*,*,#3570,.T.);
#2431=ORIENTED_EDGE('',*,*,#3566,.T.);
#2432=ORIENTED_EDGE('',*,*,#3571,.T.);
#2433=ORIENTED_EDGE('',*,*,#3411,.T.);
#2434=ORIENTED_EDGE('',*,*,#3572,.T.);
#2435=CARTESIAN_POINT('',(-1.18,6.65,1.91999999999978));
#2436=DIRECTION('',(1.0,0.0,0.0));
#2437=DIRECTION('',(0.0,1.0,0.0));
#2438=ORIENTED_EDGE('',*,*,#3568,.F.);
#2439=ORIENTED_EDGE('',*,*,#3573,.T.);
#2440=ORIENTED_EDGE('',*,*,#3558,.F.);
#2441=ORIENTED_EDGE('',*,*,#3574,.F.);
#2442=ORIENTED_EDGE('',*,*,#3413,.F.);
#2443=ORIENTED_EDGE('',*,*,#3575,.F.);
#2444=CARTESIAN_POINT('',(-1.82,6.65,1.91999999999978));
#2445=DIRECTION('',(1.0,0.0,0.0));
#2446=DIRECTION('',(0.0,1.0,0.0));
#2447=ORIENTED_EDGE('',*,*,#3414,.F.);
#2448=ORIENTED_EDGE('',*,*,#3574,.T.);
#2449=ORIENTED_EDGE('',*,*,#3561,.F.);
#2450=ORIENTED_EDGE('',*,*,#3572,.F.);
#2451=CARTESIAN_POINT('',(-1.18,6.65,2.00000000000001));
#2452=DIRECTION('',(1.0,-0.0,0.0));
#2453=DIRECTION('',(0.0,0.0,1.0));
#2454=ORIENTED_EDGE('',*,*,#3412,.F.);
#2455=ORIENTED_EDGE('',*,*,#3571,.F.);
#2456=ORIENTED_EDGE('',*,*,#3569,.T.);
#2457=ORIENTED_EDGE('',*,*,#3575,.T.);
#2458=CARTESIAN_POINT('',(-1.18,6.65,1.91999999999978));
#2459=DIRECTION('',(1.0,-0.0,0.0));
#2460=DIRECTION('',(0.0,0.0,1.0));
#2461=ORIENTED_EDGE('',*,*,#3576,.T.);
#2462=ORIENTED_EDGE('',*,*,#3318,.T.);
#2463=ORIENTED_EDGE('',*,*,#3577,.F.);
#2464=ORIENTED_EDGE('',*,*,#3578,.T.);
#2465=CARTESIAN_POINT('',(-1.18,10.38,0.0700000000000034));
#2466=DIRECTION('',(0.0,4.31060024047995E-15,-1.0));
#2467=DIRECTION('',(-1.0,0.0,0.0));
#2468=ORIENTED_EDGE('',*,*,#3317,.F.);
#2469=ORIENTED_EDGE('',*,*,#3195,.T.);
#2470=ORIENTED_EDGE('',*,*,#3579,.T.);
#2471=ORIENTED_EDGE('',*,*,#3580,.T.);
#2472=ORIENTED_EDGE('',*,*,#3581,.T.);
#2473=ORIENTED_EDGE('',*,*,#3577,.T.);
#2474=CARTESIAN_POINT('',(-1.18,6.65,1.91999999999978));
#2475=DIRECTION('',(1.0,0.0,0.0));
#2476=DIRECTION('',(0.0,1.0,0.0));
#2477=ORIENTED_EDGE('',*,*,#3193,.F.);
#2478=ORIENTED_EDGE('',*,*,#3319,.T.);
#2479=ORIENTED_EDGE('',*,*,#3576,.F.);
#2480=ORIENTED_EDGE('',*,*,#3582,.F.);
#2481=ORIENTED_EDGE('',*,*,#3583,.F.);
#2482=ORIENTED_EDGE('',*,*,#3584,.F.);
#2483=CARTESIAN_POINT('',(-1.82,6.65,1.91999999999978));
#2484=DIRECTION('',(1.0,0.0,0.0));
#2485=DIRECTION('',(0.0,1.0,0.0));
#2486=ORIENTED_EDGE('',*,*,#3194,.F.);
#2487=ORIENTED_EDGE('',*,*,#3584,.T.);
#2488=ORIENTED_EDGE('',*,*,#3585,.F.);
#2489=ORIENTED_EDGE('',*,*,#3579,.F.);
#2490=CARTESIAN_POINT('',(-1.18,9.58,0.310000000000012));
#2491=DIRECTION('',(1.0,-0.0,0.0));
#2492=DIRECTION('',(0.0,0.0,1.0));
#2493=ORIENTED_EDGE('',*,*,#3583,.T.);
#2494=ORIENTED_EDGE('',*,*,#3586,.F.);
#2495=ORIENTED_EDGE('',*,*,#3580,.F.);
#2496=ORIENTED_EDGE('',*,*,#3585,.T.);
#2497=CARTESIAN_POINT('',(-1.18,9.58000000000001,-0.570000000000001));
#2498=DIRECTION('',(0.0,-5.55653613398828E-15,1.0));
#2499=DIRECTION('',(0.0,-1.0,-5.55653613398828E-15));
#2500=ORIENTED_EDGE('',*,*,#3582,.T.);
#2501=ORIENTED_EDGE('',*,*,#3578,.F.);
#2502=ORIENTED_EDGE('',*,*,#3581,.F.);
#2503=ORIENTED_EDGE('',*,*,#3586,.T.);
#2504=CARTESIAN_POINT('',(-1.18,10.38,-0.249999999999992));
#2505=DIRECTION('',(1.0,-0.0,0.0));
#2506=DIRECTION('',(0.0,0.0,1.0));
#2507=ORIENTED_EDGE('',*,*,#3587,.F.);
#2508=ORIENTED_EDGE('',*,*,#3567,.F.);
#2509=ORIENTED_EDGE('',*,*,#3588,.F.);
#2510=ORIENTED_EDGE('',*,*,#3565,.F.);
#2511=CARTESIAN_POINT('',(-1.18,3.33,1.64000000000001));
#2512=DIRECTION('',(0.0,0.253359391837682,0.967372223380246));
#2513=DIRECTION('',(1.0,-0.0,0.0));
#2514=ORIENTED_EDGE('',*,*,#3588,.T.);
#2515=ORIENTED_EDGE('',*,*,#3570,.F.);
#2516=ORIENTED_EDGE('',*,*,#3589,.F.);
#2517=ORIENTED_EDGE('',*,*,#3562,.F.);
#2518=CARTESIAN_POINT('',(-1.18,3.33,1.91999999999978));
#2519=DIRECTION('',(0.967372223380245,-0.253359391837683,0.0));
#2520=DIRECTION('',(0.0,0.0,-1.0));
#2521=ORIENTED_EDGE('',*,*,#3587,.T.);
#2522=ORIENTED_EDGE('',*,*,#3564,.F.);
#2523=ORIENTED_EDGE('',*,*,#3590,.F.);
#2524=ORIENTED_EDGE('',*,*,#3573,.F.);
#2525=CARTESIAN_POINT('',(-1.6,2.49,2.28));
#2526=DIRECTION('',(0.967372223380245,0.253359391837683,0.0));
#2527=DIRECTION('',(0.0,0.0,-1.0));
#2528=ORIENTED_EDGE('',*,*,#3589,.T.);
#2529=ORIENTED_EDGE('',*,*,#3559,.F.);
#2530=ORIENTED_EDGE('',*,*,#3590,.T.);
#2531=ORIENTED_EDGE('',*,*,#3563,.F.);
#2532=CARTESIAN_POINT('',(-1.18,2.49,2.06));
#2533=DIRECTION('',(0.0,0.253359391837685,-0.967372223380245));
#2534=DIRECTION('',(-1.0,0.0,0.0));
#2535=ORIENTED_EDGE('',*,*,#3591,.T.);
#2536=ORIENTED_EDGE('',*,*,#3592,.T.);
#2537=ORIENTED_EDGE('',*,*,#3593,.F.);
#2538=ORIENTED_EDGE('',*,*,#3594,.T.);
#2539=CARTESIAN_POINT('',(-4.18,6.3930953484267,2.28000000000001));
#2540=DIRECTION('',(0.0,2.22224071040957E-15,-1.0));
#2541=DIRECTION('',(-1.0,0.0,0.0));
#2542=ORIENTED_EDGE('',*,*,#3595,.T.);
#2543=ORIENTED_EDGE('',*,*,#3596,.T.);
#2544=ORIENTED_EDGE('',*,*,#3597,.T.);
#2545=ORIENTED_EDGE('',*,*,#3598,.T.);
#2546=CARTESIAN_POINT('',(-4.18,2.49,2.28));
#2547=DIRECTION('',(-0.0,1.0,0.0));
#2548=DIRECTION('',(1.0,0.0,0.0));
#2549=ORIENTED_EDGE('',*,*,#3599,.F.);
#2550=ORIENTED_EDGE('',*,*,#3600,.T.);
#2551=ORIENTED_EDGE('',*,*,#3601,.T.);
#2552=ORIENTED_EDGE('',*,*,#3602,.F.);
#2553=CARTESIAN_POINT('',(-4.18,2.49,1.64));
#2554=DIRECTION('',(0.0,-1.88890460384825E-15,1.0));
#2555=DIRECTION('',(0.0,-1.0,-1.88890460384825E-15));
#2556=ORIENTED_EDGE('',*,*,#3593,.T.);
#2557=ORIENTED_EDGE('',*,*,#3603,.T.);
#2558=ORIENTED_EDGE('',*,*,#3599,.T.);
#2559=ORIENTED_EDGE('',*,*,#3604,.T.);
#2560=ORIENTED_EDGE('',*,*,#3425,.T.);
#2561=ORIENTED_EDGE('',*,*,#3605,.T.);
#2562=CARTESIAN_POINT('',(-4.18,6.65,1.91999999999978));
#2563=DIRECTION('',(1.0,0.0,0.0));
#2564=DIRECTION('',(0.0,1.0,0.0));
#2565=ORIENTED_EDGE('',*,*,#3601,.F.);
#2566=ORIENTED_EDGE('',*,*,#3606,.T.);
#2567=ORIENTED_EDGE('',*,*,#3591,.F.);
#2568=ORIENTED_EDGE('',*,*,#3607,.F.);
#2569=ORIENTED_EDGE('',*,*,#3427,.F.);
#2570=ORIENTED_EDGE('',*,*,#3608,.F.);
#2571=CARTESIAN_POINT('',(-4.82,6.65,1.91999999999978));
#2572=DIRECTION('',(1.0,0.0,0.0));
#2573=DIRECTION('',(0.0,1.0,0.0));
#2574=ORIENTED_EDGE('',*,*,#3428,.F.);
#2575=ORIENTED_EDGE('',*,*,#3607,.T.);
#2576=ORIENTED_EDGE('',*,*,#3594,.F.);
#2577=ORIENTED_EDGE('',*,*,#3605,.F.);
#2578=CARTESIAN_POINT('',(-4.18,6.65,2.00000000000001));
#2579=DIRECTION('',(1.0,-0.0,0.0));
#2580=DIRECTION('',(0.0,0.0,1.0));
#2581=ORIENTED_EDGE('',*,*,#3426,.F.);
#2582=ORIENTED_EDGE('',*,*,#3604,.F.);
#2583=ORIENTED_EDGE('',*,*,#3602,.T.);
#2584=ORIENTED_EDGE('',*,*,#3608,.T.);
#2585=CARTESIAN_POINT('',(-4.18,6.65,1.91999999999978));
#2586=DIRECTION('',(1.0,-0.0,0.0));
#2587=DIRECTION('',(0.0,0.0,1.0));
#2588=ORIENTED_EDGE('',*,*,#3609,.T.);
#2589=ORIENTED_EDGE('',*,*,#3321,.T.);
#2590=ORIENTED_EDGE('',*,*,#3610,.F.);
#2591=ORIENTED_EDGE('',*,*,#3611,.T.);
#2592=CARTESIAN_POINT('',(-4.18,10.38,0.0700000000000034));
#2593=DIRECTION('',(0.0,4.31060024047995E-15,-1.0));
#2594=DIRECTION('',(-1.0,0.0,0.0));
#2595=ORIENTED_EDGE('',*,*,#3320,.F.);
#2596=ORIENTED_EDGE('',*,*,#3191,.T.);
#2597=ORIENTED_EDGE('',*,*,#3612,.T.);
#2598=ORIENTED_EDGE('',*,*,#3613,.T.);
#2599=ORIENTED_EDGE('',*,*,#3614,.T.);
#2600=ORIENTED_EDGE('',*,*,#3610,.T.);
#2601=CARTESIAN_POINT('',(-4.18,6.65,1.91999999999978));
#2602=DIRECTION('',(1.0,0.0,0.0));
#2603=DIRECTION('',(0.0,1.0,0.0));
#2604=ORIENTED_EDGE('',*,*,#3189,.F.);
#2605=ORIENTED_EDGE('',*,*,#3322,.T.);
#2606=ORIENTED_EDGE('',*,*,#3609,.F.);
#2607=ORIENTED_EDGE('',*,*,#3615,.F.);
#2608=ORIENTED_EDGE('',*,*,#3616,.F.);
#2609=ORIENTED_EDGE('',*,*,#3617,.F.);
#2610=CARTESIAN_POINT('',(-4.82,6.65,1.91999999999978));
#2611=DIRECTION('',(1.0,0.0,0.0));
#2612=DIRECTION('',(0.0,1.0,0.0));
#2613=ORIENTED_EDGE('',*,*,#3190,.F.);
#2614=ORIENTED_EDGE('',*,*,#3617,.T.);
#2615=ORIENTED_EDGE('',*,*,#3618,.F.);
#2616=ORIENTED_EDGE('',*,*,#3612,.F.);
#2617=CARTESIAN_POINT('',(-4.18,9.58,0.310000000000012));
#2618=DIRECTION('',(1.0,-0.0,0.0));
#2619=DIRECTION('',(0.0,0.0,1.0));
#2620=ORIENTED_EDGE('',*,*,#3616,.T.);
#2621=ORIENTED_EDGE('',*,*,#3619,.F.);
#2622=ORIENTED_EDGE('',*,*,#3613,.F.);
#2623=ORIENTED_EDGE('',*,*,#3618,.T.);
#2624=CARTESIAN_POINT('',(-4.18,9.58000000000001,-0.570000000000001));
#2625=DIRECTION('',(0.0,-5.55653613398828E-15,1.0));
#2626=DIRECTION('',(0.0,-1.0,-5.55653613398828E-15));
#2627=ORIENTED_EDGE('',*,*,#3615,.T.);
#2628=ORIENTED_EDGE('',*,*,#3611,.F.);
#2629=ORIENTED_EDGE('',*,*,#3614,.F.);
#2630=ORIENTED_EDGE('',*,*,#3619,.T.);
#2631=CARTESIAN_POINT('',(-4.18,10.38,-0.249999999999992));
#2632=DIRECTION('',(1.0,-0.0,0.0));
#2633=DIRECTION('',(0.0,0.0,1.0));
#2634=ORIENTED_EDGE('',*,*,#3620,.F.);
#2635=ORIENTED_EDGE('',*,*,#3600,.F.);
#2636=ORIENTED_EDGE('',*,*,#3621,.F.);
#2637=ORIENTED_EDGE('',*,*,#3598,.F.);
#2638=CARTESIAN_POINT('',(-4.18,3.33,1.64000000000001));
#2639=DIRECTION('',(0.0,0.253359391837682,0.967372223380246));
#2640=DIRECTION('',(1.0,-0.0,0.0));
#2641=ORIENTED_EDGE('',*,*,#3621,.T.);
#2642=ORIENTED_EDGE('',*,*,#3603,.F.);
#2643=ORIENTED_EDGE('',*,*,#3622,.F.);
#2644=ORIENTED_EDGE('',*,*,#3595,.F.);
#2645=CARTESIAN_POINT('',(-4.18,3.33,1.91999999999978));
#2646=DIRECTION('',(0.967372223380245,-0.253359391837683,0.0));
#2647=DIRECTION('',(0.0,0.0,-1.0));
#2648=ORIENTED_EDGE('',*,*,#3620,.T.);
#2649=ORIENTED_EDGE('',*,*,#3597,.F.);
#2650=ORIENTED_EDGE('',*,*,#3623,.F.);
#2651=ORIENTED_EDGE('',*,*,#3606,.F.);
#2652=CARTESIAN_POINT('',(-4.6,2.49,2.28));
#2653=DIRECTION('',(0.967372223380245,0.253359391837683,0.0));
#2654=DIRECTION('',(0.0,0.0,-1.0));
#2655=ORIENTED_EDGE('',*,*,#3622,.T.);
#2656=ORIENTED_EDGE('',*,*,#3592,.F.);
#2657=ORIENTED_EDGE('',*,*,#3623,.T.);
#2658=ORIENTED_EDGE('',*,*,#3596,.F.);
#2659=CARTESIAN_POINT('',(-4.18,2.49,2.06));
#2660=DIRECTION('',(0.0,0.253359391837685,-0.967372223380245));
#2661=DIRECTION('',(-1.0,0.0,0.0));
#2662=ORIENTED_EDGE('',*,*,#3624,.T.);
#2663=ORIENTED_EDGE('',*,*,#3625,.T.);
#2664=ORIENTED_EDGE('',*,*,#3626,.F.);
#2665=ORIENTED_EDGE('',*,*,#3627,.T.);
#2666=CARTESIAN_POINT('',(-7.18,6.3930953484267,2.28000000000001));
#2667=DIRECTION('',(0.0,2.22224071040957E-15,-1.0));
#2668=DIRECTION('',(-1.0,0.0,0.0));
#2669=ORIENTED_EDGE('',*,*,#3628,.T.);
#2670=ORIENTED_EDGE('',*,*,#3629,.T.);
#2671=ORIENTED_EDGE('',*,*,#3630,.T.);
#2672=ORIENTED_EDGE('',*,*,#3631,.T.);
#2673=CARTESIAN_POINT('',(-7.18,2.49,2.28));
#2674=DIRECTION('',(-0.0,1.0,0.0));
#2675=DIRECTION('',(1.0,0.0,0.0));
#2676=ORIENTED_EDGE('',*,*,#3632,.F.);
#2677=ORIENTED_EDGE('',*,*,#3633,.T.);
#2678=ORIENTED_EDGE('',*,*,#3634,.T.);
#2679=ORIENTED_EDGE('',*,*,#3635,.F.);
#2680=CARTESIAN_POINT('',(-7.18,2.49,1.64));
#2681=DIRECTION('',(0.0,-1.88890460384825E-15,1.0));
#2682=DIRECTION('',(0.0,-1.0,-1.88890460384825E-15));
#2683=ORIENTED_EDGE('',*,*,#3626,.T.);
#2684=ORIENTED_EDGE('',*,*,#3636,.T.);
#2685=ORIENTED_EDGE('',*,*,#3632,.T.);
#2686=ORIENTED_EDGE('',*,*,#3637,.T.);
#2687=ORIENTED_EDGE('',*,*,#3439,.T.);
#2688=ORIENTED_EDGE('',*,*,#3638,.T.);
#2689=CARTESIAN_POINT('',(-7.18,6.65,1.91999999999978));
#2690=DIRECTION('',(1.0,0.0,0.0));
#2691=DIRECTION('',(0.0,1.0,0.0));
#2692=ORIENTED_EDGE('',*,*,#3634,.F.);
#2693=ORIENTED_EDGE('',*,*,#3639,.T.);
#2694=ORIENTED_EDGE('',*,*,#3624,.F.);
#2695=ORIENTED_EDGE('',*,*,#3640,.F.);
#2696=ORIENTED_EDGE('',*,*,#3441,.F.);
#2697=ORIENTED_EDGE('',*,*,#3641,.F.);
#2698=CARTESIAN_POINT('',(-7.82,6.65,1.91999999999978));
#2699=DIRECTION('',(1.0,0.0,0.0));
#2700=DIRECTION('',(0.0,1.0,0.0));
#2701=ORIENTED_EDGE('',*,*,#3442,.F.);
#2702=ORIENTED_EDGE('',*,*,#3640,.T.);
#2703=ORIENTED_EDGE('',*,*,#3627,.F.);
#2704=ORIENTED_EDGE('',*,*,#3638,.F.);
#2705=CARTESIAN_POINT('',(-7.18,6.65,2.00000000000001));
#2706=DIRECTION('',(1.0,-0.0,0.0));
#2707=DIRECTION('',(0.0,0.0,1.0));
#2708=ORIENTED_EDGE('',*,*,#3440,.F.);
#2709=ORIENTED_EDGE('',*,*,#3637,.F.);
#2710=ORIENTED_EDGE('',*,*,#3635,.T.);
#2711=ORIENTED_EDGE('',*,*,#3641,.T.);
#2712=CARTESIAN_POINT('',(-7.18,6.65,1.91999999999978));
#2713=DIRECTION('',(1.0,-0.0,0.0));
#2714=DIRECTION('',(0.0,0.0,1.0));
#2715=ORIENTED_EDGE('',*,*,#3642,.T.);
#2716=ORIENTED_EDGE('',*,*,#3302,.T.);
#2717=ORIENTED_EDGE('',*,*,#3643,.F.);
#2718=ORIENTED_EDGE('',*,*,#3644,.T.);
#2719=CARTESIAN_POINT('',(-7.18,10.38,0.0700000000000034));
#2720=DIRECTION('',(0.0,4.31060024047995E-15,-1.0));
#2721=DIRECTION('',(-1.0,0.0,0.0));
#2722=ORIENTED_EDGE('',*,*,#3301,.F.);
#2723=ORIENTED_EDGE('',*,*,#3187,.T.);
#2724=ORIENTED_EDGE('',*,*,#3645,.T.);
#2725=ORIENTED_EDGE('',*,*,#3646,.T.);
#2726=ORIENTED_EDGE('',*,*,#3647,.T.);
#2727=ORIENTED_EDGE('',*,*,#3643,.T.);
#2728=CARTESIAN_POINT('',(-7.18,6.65,1.91999999999978));
#2729=DIRECTION('',(1.0,0.0,0.0));
#2730=DIRECTION('',(0.0,1.0,0.0));
#2731=ORIENTED_EDGE('',*,*,#3185,.F.);
#2732=ORIENTED_EDGE('',*,*,#3303,.T.);
#2733=ORIENTED_EDGE('',*,*,#3642,.F.);
#2734=ORIENTED_EDGE('',*,*,#3648,.F.);
#2735=ORIENTED_EDGE('',*,*,#3649,.F.);
#2736=ORIENTED_EDGE('',*,*,#3650,.F.);
#2737=CARTESIAN_POINT('',(-7.82,6.65,1.91999999999978));
#2738=DIRECTION('',(1.0,0.0,0.0));
#2739=DIRECTION('',(0.0,1.0,0.0));
#2740=ORIENTED_EDGE('',*,*,#3186,.F.);
#2741=ORIENTED_EDGE('',*,*,#3650,.T.);
#2742=ORIENTED_EDGE('',*,*,#3651,.F.);
#2743=ORIENTED_EDGE('',*,*,#3645,.F.);
#2744=CARTESIAN_POINT('',(-7.18,9.58,0.310000000000012));
#2745=DIRECTION('',(1.0,-0.0,0.0));
#2746=DIRECTION('',(0.0,0.0,1.0));
#2747=ORIENTED_EDGE('',*,*,#3649,.T.);
#2748=ORIENTED_EDGE('',*,*,#3652,.F.);
#2749=ORIENTED_EDGE('',*,*,#3646,.F.);
#2750=ORIENTED_EDGE('',*,*,#3651,.T.);
#2751=CARTESIAN_POINT('',(-7.18,9.58000000000001,-0.570000000000001));
#2752=DIRECTION('',(0.0,-5.55653613398828E-15,1.0));
#2753=DIRECTION('',(0.0,-1.0,-5.55653613398828E-15));
#2754=ORIENTED_EDGE('',*,*,#3648,.T.);
#2755=ORIENTED_EDGE('',*,*,#3644,.F.);
#2756=ORIENTED_EDGE('',*,*,#3647,.F.);
#2757=ORIENTED_EDGE('',*,*,#3652,.T.);
#2758=CARTESIAN_POINT('',(-7.18,10.38,-0.249999999999992));
#2759=DIRECTION('',(1.0,-0.0,0.0));
#2760=DIRECTION('',(0.0,0.0,1.0));
#2761=ORIENTED_EDGE('',*,*,#3653,.F.);
#2762=ORIENTED_EDGE('',*,*,#3633,.F.);
#2763=ORIENTED_EDGE('',*,*,#3654,.F.);
#2764=ORIENTED_EDGE('',*,*,#3631,.F.);
#2765=CARTESIAN_POINT('',(-7.18,3.33,1.64000000000001));
#2766=DIRECTION('',(0.0,0.253359391837682,0.967372223380246));
#2767=DIRECTION('',(1.0,-0.0,0.0));
#2768=ORIENTED_EDGE('',*,*,#3654,.T.);
#2769=ORIENTED_EDGE('',*,*,#3636,.F.);
#2770=ORIENTED_EDGE('',*,*,#3655,.F.);
#2771=ORIENTED_EDGE('',*,*,#3628,.F.);
#2772=CARTESIAN_POINT('',(-7.18,3.33,1.91999999999978));
#2773=DIRECTION('',(0.967372223380245,-0.253359391837683,0.0));
#2774=DIRECTION('',(0.0,0.0,-1.0));
#2775=ORIENTED_EDGE('',*,*,#3653,.T.);
#2776=ORIENTED_EDGE('',*,*,#3630,.F.);
#2777=ORIENTED_EDGE('',*,*,#3656,.F.);
#2778=ORIENTED_EDGE('',*,*,#3639,.F.);
#2779=CARTESIAN_POINT('',(-7.6,2.49,2.28));
#2780=DIRECTION('',(0.967372223380245,0.253359391837683,0.0));
#2781=DIRECTION('',(0.0,0.0,-1.0));
#2782=ORIENTED_EDGE('',*,*,#3655,.T.);
#2783=ORIENTED_EDGE('',*,*,#3625,.F.);
#2784=ORIENTED_EDGE('',*,*,#3656,.T.);
#2785=ORIENTED_EDGE('',*,*,#3629,.F.);
#2786=CARTESIAN_POINT('',(-7.18,2.49,2.06));
#2787=DIRECTION('',(0.0,0.253359391837685,-0.967372223380245));
#2788=DIRECTION('',(-1.0,0.0,0.0));
#2789=ORIENTED_EDGE('',*,*,#3234,.F.);
#2790=ORIENTED_EDGE('',*,*,#3657,.T.);
#2791=ORIENTED_EDGE('',*,*,#3658,.T.);
#2792=ORIENTED_EDGE('',*,*,#3659,.F.);
#2793=CARTESIAN_POINT('',(-10.09,7.79,0.272799999999995));
#2794=DIRECTION('',(0.0,1.0,0.0));
#2795=DIRECTION('',(0.0,0.0,-1.0));
#2796=ORIENTED_EDGE('',*,*,#3660,.F.);
#2797=ORIENTED_EDGE('',*,*,#3661,.F.);
#2798=ORIENTED_EDGE('',*,*,#3662,.T.);
#2799=ORIENTED_EDGE('',*,*,#3663,.T.);
#2800=CARTESIAN_POINT('',(-10.77,7.79,0.0727999999999951));
#2801=DIRECTION('',(-1.0,0.0,0.0));
#2802=DIRECTION('',(0.0,0.0,1.0));
#2803=ORIENTED_EDGE('',*,*,#3664,.F.);
#2804=ORIENTED_EDGE('',*,*,#3663,.F.);
#2805=ORIENTED_EDGE('',*,*,#3665,.T.);
#2806=ORIENTED_EDGE('',*,*,#3666,.T.);
#2807=CARTESIAN_POINT('',(-10.77,7.79,-0.377200000000013));
#2808=DIRECTION('',(1.37119686520226E-14,0.0,-1.0));
#2809=DIRECTION('',(0.0,-1.0,0.0));
#2810=ORIENTED_EDGE('',*,*,#3667,.T.);
#2811=ORIENTED_EDGE('',*,*,#3178,.T.);
#2812=ORIENTED_EDGE('',*,*,#3668,.F.);
#2813=ORIENTED_EDGE('',*,*,#3666,.F.);
#2814=CARTESIAN_POINT('',(-10.09,7.79,0.272799999999995));
#2815=DIRECTION('',(0.0,1.0,0.0));
#2816=DIRECTION('',(0.0,0.0,-1.0));
#2817=ORIENTED_EDGE('',*,*,#3669,.F.);
#2818=ORIENTED_EDGE('',*,*,#3658,.F.);
#2819=ORIENTED_EDGE('',*,*,#3670,.T.);
#2820=ORIENTED_EDGE('',*,*,#3661,.T.);
#2821=CARTESIAN_POINT('',(-10.09,7.79,0.0727999999999954));
#2822=DIRECTION('',(-4.18533926878595E-16,0.0,1.0));
#2823=DIRECTION('',(1.0,-0.0,4.18533926878595E-16));
#2824=ORIENTED_EDGE('',*,*,#3179,.F.);
#2825=ORIENTED_EDGE('',*,*,#3667,.F.);
#2826=ORIENTED_EDGE('',*,*,#3665,.F.);
#2827=ORIENTED_EDGE('',*,*,#3662,.F.);
#2828=ORIENTED_EDGE('',*,*,#3670,.F.);
#2829=ORIENTED_EDGE('',*,*,#3657,.F.);
#2830=ORIENTED_EDGE('',*,*,#3233,.T.);
#2831=ORIENTED_EDGE('',*,*,#3230,.T.);
#2832=CARTESIAN_POINT('',(-10.09,7.79,0.272799999999995));
#2833=DIRECTION('',(0.0,-1.0,0.0));
#2834=DIRECTION('',(0.0,0.0,-1.0));
#2835=ORIENTED_EDGE('',*,*,#3668,.T.);
#2836=ORIENTED_EDGE('',*,*,#3177,.T.);
#2837=ORIENTED_EDGE('',*,*,#3360,.F.);
#2838=ORIENTED_EDGE('',*,*,#3235,.F.);
#2839=ORIENTED_EDGE('',*,*,#3659,.T.);
#2840=ORIENTED_EDGE('',*,*,#3669,.T.);
#2841=ORIENTED_EDGE('',*,*,#3660,.T.);
#2842=ORIENTED_EDGE('',*,*,#3664,.T.);
#2843=CARTESIAN_POINT('',(-10.09,7.15,0.272799999999995));
#2844=DIRECTION('',(0.0,-1.0,0.0));
#2845=DIRECTION('',(0.0,0.0,-1.0));
#2846=ORIENTED_EDGE('',*,*,#3229,.F.);
#2847=ORIENTED_EDGE('',*,*,#3671,.T.);
#2848=ORIENTED_EDGE('',*,*,#3672,.T.);
#2849=ORIENTED_EDGE('',*,*,#3673,.F.);
#2850=CARTESIAN_POINT('',(10.09,7.79,0.272799999999995));
#2851=DIRECTION('',(0.0,1.0,0.0));
#2852=DIRECTION('',(0.0,0.0,-1.0));
#2853=ORIENTED_EDGE('',*,*,#3674,.T.);
#2854=ORIENTED_EDGE('',*,*,#3170,.T.);
#2855=ORIENTED_EDGE('',*,*,#3675,.F.);
#2856=ORIENTED_EDGE('',*,*,#3676,.F.);
#2857=CARTESIAN_POINT('',(10.09,7.79,0.272799999999995));
#2858=DIRECTION('',(0.0,1.0,0.0));
#2859=DIRECTION('',(0.0,0.0,-1.0));
#2860=ORIENTED_EDGE('',*,*,#3677,.T.);
#2861=ORIENTED_EDGE('',*,*,#3676,.T.);
#2862=ORIENTED_EDGE('',*,*,#3678,.F.);
#2863=ORIENTED_EDGE('',*,*,#3679,.F.);
#2864=CARTESIAN_POINT('',(10.09,7.79,-0.377200000000004));
#2865=DIRECTION('',(-2.15246019537563E-15,0.0,-1.0));
#2866=DIRECTION('',(-1.0,0.0,2.15246019537563E-15));
#2867=ORIENTED_EDGE('',*,*,#3680,.T.);
#2868=ORIENTED_EDGE('',*,*,#3679,.T.);
#2869=ORIENTED_EDGE('',*,*,#3681,.F.);
#2870=ORIENTED_EDGE('',*,*,#3682,.F.);
#2871=CARTESIAN_POINT('',(10.77,7.79,-0.377200000000005));
#2872=DIRECTION('',(1.0,0.0,0.0));
#2873=DIRECTION('',(0.0,1.0,0.0));
#2874=ORIENTED_EDGE('',*,*,#3683,.T.);
#2875=ORIENTED_EDGE('',*,*,#3682,.T.);
#2876=ORIENTED_EDGE('',*,*,#3684,.F.);
#2877=ORIENTED_EDGE('',*,*,#3672,.F.);
#2878=CARTESIAN_POINT('',(10.77,7.79,0.0727999999999954));
#2879=DIRECTION('',(0.0,0.0,1.0));
#2880=DIRECTION('',(1.0,0.0,0.0));
#2881=ORIENTED_EDGE('',*,*,#3169,.F.);
#2882=ORIENTED_EDGE('',*,*,#3220,.T.);
#2883=ORIENTED_EDGE('',*,*,#3223,.T.);
#2884=ORIENTED_EDGE('',*,*,#3673,.T.);
#2885=ORIENTED_EDGE('',*,*,#3684,.T.);
#2886=ORIENTED_EDGE('',*,*,#3681,.T.);
#2887=ORIENTED_EDGE('',*,*,#3678,.T.);
#2888=ORIENTED_EDGE('',*,*,#3675,.T.);
#2889=CARTESIAN_POINT('',(10.09,7.79,0.272799999999995));
#2890=DIRECTION('',(0.0,-1.0,0.0));
#2891=DIRECTION('',(0.0,0.0,-1.0));
#2892=ORIENTED_EDGE('',*,*,#3359,.F.);
#2893=ORIENTED_EDGE('',*,*,#3171,.T.);
#2894=ORIENTED_EDGE('',*,*,#3674,.F.);
#2895=ORIENTED_EDGE('',*,*,#3677,.F.);
#2896=ORIENTED_EDGE('',*,*,#3680,.F.);
#2897=ORIENTED_EDGE('',*,*,#3683,.F.);
#2898=ORIENTED_EDGE('',*,*,#3671,.F.);
#2899=ORIENTED_EDGE('',*,*,#3228,.F.);
#2900=CARTESIAN_POINT('',(10.09,7.15,0.272799999999995));
#2901=DIRECTION('',(0.0,-1.0,0.0));
#2902=DIRECTION('',(0.0,0.0,-1.0));
#2903=ORIENTED_EDGE('',*,*,#3685,.T.);
#2904=ORIENTED_EDGE('',*,*,#3686,.T.);
#2905=ORIENTED_EDGE('',*,*,#3687,.F.);
#2906=ORIENTED_EDGE('',*,*,#3688,.F.);
#2907=CARTESIAN_POINT('',(9.4178,5.87,-2.11));
#2908=DIRECTION('',(0.0,0.953739212093984,0.300635186420928));
#2909=DIRECTION('',(1.0,0.0,-0.0));
#2910=ORIENTED_EDGE('',*,*,#3689,.T.);
#2911=ORIENTED_EDGE('',*,*,#3690,.T.);
#2912=ORIENTED_EDGE('',*,*,#3691,.F.);
#2913=ORIENTED_EDGE('',*,*,#3686,.F.);
#2914=CARTESIAN_POINT('',(9.4178,5.465,-2.54));
#2915=DIRECTION('',(0.0,0.727951444226561,-0.685628685841297));
#2916=DIRECTION('',(-1.0,0.0,0.0));
#2917=ORIENTED_EDGE('',*,*,#3692,.T.);
#2918=ORIENTED_EDGE('',*,*,#3693,.T.);
#2919=ORIENTED_EDGE('',*,*,#3694,.F.);
#2920=ORIENTED_EDGE('',*,*,#3690,.F.);
#2921=CARTESIAN_POINT('',(9.4178,5.005,-2.54));
#2922=DIRECTION('',(0.0,0.0,-1.0));
#2923=DIRECTION('',(0.0,-1.0,0.0));
#2924=ORIENTED_EDGE('',*,*,#3695,.T.);
#2925=ORIENTED_EDGE('',*,*,#3696,.T.);
#2926=ORIENTED_EDGE('',*,*,#3697,.F.);
#2927=ORIENTED_EDGE('',*,*,#3693,.F.);
#2928=CARTESIAN_POINT('',(9.4178,5.21,-1.85));
#2929=DIRECTION('',(0.0,-0.95858762207312,0.284797771775345));
#2930=DIRECTION('',(-1.0,0.0,0.0));
#2931=ORIENTED_EDGE('',*,*,#3158,.F.);
#2932=ORIENTED_EDGE('',*,*,#3698,.F.);
#2933=ORIENTED_EDGE('',*,*,#3695,.F.);
#2934=ORIENTED_EDGE('',*,*,#3692,.F.);
#2935=ORIENTED_EDGE('',*,*,#3689,.F.);
#2936=ORIENTED_EDGE('',*,*,#3685,.F.);
#2937=ORIENTED_EDGE('',*,*,#3699,.F.);
#2938=CARTESIAN_POINT('',(9.875,4.24,0.380000000000001));
#2939=DIRECTION('',(-1.0,0.0,0.0));
#2940=DIRECTION('',(0.0,0.0,1.0));
#2941=ORIENTED_EDGE('',*,*,#3700,.T.);
#2942=ORIENTED_EDGE('',*,*,#3156,.T.);
#2943=ORIENTED_EDGE('',*,*,#3701,.T.);
#2944=ORIENTED_EDGE('',*,*,#3687,.T.);
#2945=ORIENTED_EDGE('',*,*,#3691,.T.);
#2946=ORIENTED_EDGE('',*,*,#3694,.T.);
#2947=ORIENTED_EDGE('',*,*,#3697,.T.);
#2948=CARTESIAN_POINT('',(9.4178,4.24,0.380000000000001));
#2949=DIRECTION('',(-1.0,0.0,0.0));
#2950=DIRECTION('',(0.0,0.0,1.0));
#2951=ORIENTED_EDGE('',*,*,#3701,.F.);
#2952=ORIENTED_EDGE('',*,*,#3159,.T.);
#2953=ORIENTED_EDGE('',*,*,#3699,.T.);
#2954=ORIENTED_EDGE('',*,*,#3688,.T.);
#2955=CARTESIAN_POINT('',(9.4178,5.725,-1.65));
#2956=DIRECTION('',(-0.0,1.0,0.0));
#2957=DIRECTION('',(1.0,0.0,0.0));
#2958=ORIENTED_EDGE('',*,*,#3698,.T.);
#2959=ORIENTED_EDGE('',*,*,#3157,.T.);
#2960=ORIENTED_EDGE('',*,*,#3700,.F.);
#2961=ORIENTED_EDGE('',*,*,#3696,.F.);
#2962=CARTESIAN_POINT('',(9.4178,5.21,0.380000000000001));
#2963=DIRECTION('',(0.0,-1.0,0.0));
#2964=DIRECTION('',(0.0,0.0,-1.0));
#2965=ORIENTED_EDGE('',*,*,#3702,.T.);
#2966=ORIENTED_EDGE('',*,*,#3152,.T.);
#2967=ORIENTED_EDGE('',*,*,#3703,.T.);
#2968=ORIENTED_EDGE('',*,*,#3704,.T.);
#2969=ORIENTED_EDGE('',*,*,#3705,.T.);
#2970=ORIENTED_EDGE('',*,*,#3706,.T.);
#2971=ORIENTED_EDGE('',*,*,#3707,.T.);
#2972=CARTESIAN_POINT('',(9.4178,4.24,0.380000000000001));
#2973=DIRECTION('',(-1.0,0.0,0.0));
#2974=DIRECTION('',(0.0,0.0,1.0));
#2975=ORIENTED_EDGE('',*,*,#3154,.F.);
#2976=ORIENTED_EDGE('',*,*,#3708,.F.);
#2977=ORIENTED_EDGE('',*,*,#3709,.F.);
#2978=ORIENTED_EDGE('',*,*,#3710,.F.);
#2979=ORIENTED_EDGE('',*,*,#3711,.F.);
#2980=ORIENTED_EDGE('',*,*,#3712,.F.);
#2981=ORIENTED_EDGE('',*,*,#3713,.F.);
#2982=CARTESIAN_POINT('',(9.875,4.24,0.380000000000001));
#2983=DIRECTION('',(-1.0,0.0,0.0));
#2984=DIRECTION('',(0.0,0.0,1.0));
#2985=ORIENTED_EDGE('',*,*,#3709,.T.);
#2986=ORIENTED_EDGE('',*,*,#3714,.T.);
#2987=ORIENTED_EDGE('',*,*,#3707,.F.);
#2988=ORIENTED_EDGE('',*,*,#3715,.F.);
#2989=CARTESIAN_POINT('',(9.4178,3.475,-1.65));
#2990=DIRECTION('',(0.0,-0.953739212093984,0.300635186420929));
#2991=DIRECTION('',(-1.0,0.0,0.0));
#2992=ORIENTED_EDGE('',*,*,#3710,.T.);
#2993=ORIENTED_EDGE('',*,*,#3715,.T.);
#2994=ORIENTED_EDGE('',*,*,#3706,.F.);
#2995=ORIENTED_EDGE('',*,*,#3716,.F.);
#2996=CARTESIAN_POINT('',(9.4178,3.33,-2.11));
#2997=DIRECTION('',(0.0,-0.727951444226561,-0.685628685841297));
#2998=DIRECTION('',(0.0,0.685628685841297,-0.727951444226561));
#2999=ORIENTED_EDGE('',*,*,#3711,.T.);
#3000=ORIENTED_EDGE('',*,*,#3716,.T.);
#3001=ORIENTED_EDGE('',*,*,#3705,.F.);
#3002=ORIENTED_EDGE('',*,*,#3717,.F.);
#3003=CARTESIAN_POINT('',(9.4178,3.735,-2.54));
#3004=DIRECTION('',(0.0,0.0,-1.0));
#3005=DIRECTION('',(0.0,-1.0,0.0));
#3006=ORIENTED_EDGE('',*,*,#3712,.T.);
#3007=ORIENTED_EDGE('',*,*,#3717,.T.);
#3008=ORIENTED_EDGE('',*,*,#3704,.F.);
#3009=ORIENTED_EDGE('',*,*,#3718,.F.);
#3010=CARTESIAN_POINT('',(9.4178,4.195,-2.54));
#3011=DIRECTION('',(0.0,0.95858762207312,0.284797771775344));
#3012=DIRECTION('',(1.0,0.0,-0.0));
#3013=ORIENTED_EDGE('',*,*,#3703,.F.);
#3014=ORIENTED_EDGE('',*,*,#3155,.T.);
#3015=ORIENTED_EDGE('',*,*,#3713,.T.);
#3016=ORIENTED_EDGE('',*,*,#3718,.T.);
#3017=CARTESIAN_POINT('',(9.4178,3.99,-1.85));
#3018=DIRECTION('',(-0.0,1.0,0.0));
#3019=DIRECTION('',(1.0,0.0,0.0));
#3020=ORIENTED_EDGE('',*,*,#3708,.T.);
#3021=ORIENTED_EDGE('',*,*,#3153,.T.);
#3022=ORIENTED_EDGE('',*,*,#3702,.F.);
#3023=ORIENTED_EDGE('',*,*,#3714,.F.);
#3024=CARTESIAN_POINT('',(9.4178,3.475,1.7));
#3025=DIRECTION('',(0.0,-1.0,1.29456975819165E-16));
#3026=DIRECTION('',(-1.0,0.0,0.0));
#3027=ORIENTED_EDGE('',*,*,#3719,.F.);
#3028=ORIENTED_EDGE('',*,*,#3720,.T.);
#3029=ORIENTED_EDGE('',*,*,#3721,.T.);
#3030=ORIENTED_EDGE('',*,*,#3722,.F.);
#3031=CARTESIAN_POINT('',(-9.4178,5.21,-1.85));
#3032=DIRECTION('',(0.0,0.95858762207312,-0.284797771775345));
#3033=DIRECTION('',(-1.0,0.0,0.0));
#3034=ORIENTED_EDGE('',*,*,#3723,.F.);
#3035=ORIENTED_EDGE('',*,*,#3724,.T.);
#3036=ORIENTED_EDGE('',*,*,#3725,.T.);
#3037=ORIENTED_EDGE('',*,*,#3720,.F.);
#3038=CARTESIAN_POINT('',(-9.4178,5.005,-2.54));
#3039=DIRECTION('',(0.0,0.0,1.0));
#3040=DIRECTION('',(1.0,0.0,0.0));
#3041=ORIENTED_EDGE('',*,*,#3726,.F.);
#3042=ORIENTED_EDGE('',*,*,#3727,.T.);
#3043=ORIENTED_EDGE('',*,*,#3728,.T.);
#3044=ORIENTED_EDGE('',*,*,#3724,.F.);
#3045=CARTESIAN_POINT('',(-9.4178,5.465,-2.54));
#3046=DIRECTION('',(0.0,-0.727951444226561,0.685628685841297));
#3047=DIRECTION('',(-1.0,0.0,0.0));
#3048=ORIENTED_EDGE('',*,*,#3729,.F.);
#3049=ORIENTED_EDGE('',*,*,#3730,.T.);
#3050=ORIENTED_EDGE('',*,*,#3731,.T.);
#3051=ORIENTED_EDGE('',*,*,#3727,.F.);
#3052=CARTESIAN_POINT('',(-9.4178,5.87,-2.11));
#3053=DIRECTION('',(0.0,-0.953739212093984,-0.300635186420928));
#3054=DIRECTION('',(0.0,0.300635186420928,-0.953739212093984));
#3055=ORIENTED_EDGE('',*,*,#3732,.T.);
#3056=ORIENTED_EDGE('',*,*,#3215,.T.);
#3057=ORIENTED_EDGE('',*,*,#3733,.T.);
#3058=ORIENTED_EDGE('',*,*,#3729,.T.);
#3059=ORIENTED_EDGE('',*,*,#3726,.T.);
#3060=ORIENTED_EDGE('',*,*,#3723,.T.);
#3061=ORIENTED_EDGE('',*,*,#3719,.T.);
#3062=CARTESIAN_POINT('',(-9.875,4.24,0.380000000000001));
#3063=DIRECTION('',(-1.0,0.0,0.0));
#3064=DIRECTION('',(0.0,0.0,1.0));
#3065=ORIENTED_EDGE('',*,*,#3213,.F.);
#3066=ORIENTED_EDGE('',*,*,#3734,.F.);
#3067=ORIENTED_EDGE('',*,*,#3721,.F.);
#3068=ORIENTED_EDGE('',*,*,#3725,.F.);
#3069=ORIENTED_EDGE('',*,*,#3728,.F.);
#3070=ORIENTED_EDGE('',*,*,#3731,.F.);
#3071=ORIENTED_EDGE('',*,*,#3735,.F.);
#3072=CARTESIAN_POINT('',(-9.4178,4.24,0.380000000000001));
#3073=DIRECTION('',(-1.0,0.0,0.0));
#3074=DIRECTION('',(0.0,0.0,1.0));
#3075=ORIENTED_EDGE('',*,*,#3214,.F.);
#3076=ORIENTED_EDGE('',*,*,#3735,.T.);
#3077=ORIENTED_EDGE('',*,*,#3730,.F.);
#3078=ORIENTED_EDGE('',*,*,#3733,.F.);
#3079=CARTESIAN_POINT('',(-9.4178,5.725,-1.65));
#3080=DIRECTION('',(0.0,-1.0,0.0));
#3081=DIRECTION('',(0.0,0.0,-1.0));
#3082=ORIENTED_EDGE('',*,*,#3212,.F.);
#3083=ORIENTED_EDGE('',*,*,#3732,.F.);
#3084=ORIENTED_EDGE('',*,*,#3722,.T.);
#3085=ORIENTED_EDGE('',*,*,#3734,.T.);
#3086=CARTESIAN_POINT('',(-9.4178,5.21,0.380000000000001));
#3087=DIRECTION('',(-0.0,1.0,0.0));
#3088=DIRECTION('',(1.0,0.0,0.0));
#3089=ORIENTED_EDGE('',*,*,#3217,.F.);
#3090=ORIENTED_EDGE('',*,*,#3736,.F.);
#3091=ORIENTED_EDGE('',*,*,#3737,.F.);
#3092=ORIENTED_EDGE('',*,*,#3738,.F.);
#3093=ORIENTED_EDGE('',*,*,#3739,.F.);
#3094=ORIENTED_EDGE('',*,*,#3740,.F.);
#3095=ORIENTED_EDGE('',*,*,#3741,.F.);
#3096=CARTESIAN_POINT('',(-9.4178,4.24,0.380000000000001));
#3097=DIRECTION('',(-1.0,0.0,0.0));
#3098=DIRECTION('',(0.0,0.0,1.0));
#3099=ORIENTED_EDGE('',*,*,#3742,.T.);
#3100=ORIENTED_EDGE('',*,*,#3219,.T.);
#3101=ORIENTED_EDGE('',*,*,#3743,.T.);
#3102=ORIENTED_EDGE('',*,*,#3744,.T.);
#3103=ORIENTED_EDGE('',*,*,#3745,.T.);
#3104=ORIENTED_EDGE('',*,*,#3746,.T.);
#3105=ORIENTED_EDGE('',*,*,#3747,.T.);
#3106=CARTESIAN_POINT('',(-9.875,4.24,0.380000000000001));
#3107=DIRECTION('',(-1.0,0.0,0.0));
#3108=DIRECTION('',(0.0,0.0,1.0));
#3109=ORIENTED_EDGE('',*,*,#3747,.F.);
#3110=ORIENTED_EDGE('',*,*,#3748,.T.);
#3111=ORIENTED_EDGE('',*,*,#3737,.T.);
#3112=ORIENTED_EDGE('',*,*,#3749,.F.);
#3113=CARTESIAN_POINT('',(-9.4178,3.475,-1.65));
#3114=DIRECTION('',(0.0,0.953739212093984,-0.300635186420929));
#3115=DIRECTION('',(-1.0,0.0,0.0));
#3116=ORIENTED_EDGE('',*,*,#3746,.F.);
#3117=ORIENTED_EDGE('',*,*,#3750,.T.);
#3118=ORIENTED_EDGE('',*,*,#3738,.T.);
#3119=ORIENTED_EDGE('',*,*,#3748,.F.);
#3120=CARTESIAN_POINT('',(-9.4178,3.33,-2.11));
#3121=DIRECTION('',(0.0,0.727951444226561,0.685628685841297));
#3122=DIRECTION('',(1.0,0.0,-0.0));
#3123=ORIENTED_EDGE('',*,*,#3745,.F.);
#3124=ORIENTED_EDGE('',*,*,#3751,.T.);
#3125=ORIENTED_EDGE('',*,*,#3739,.T.);
#3126=ORIENTED_EDGE('',*,*,#3750,.F.);
#3127=CARTESIAN_POINT('',(-9.4178,3.735,-2.54));
#3128=DIRECTION('',(0.0,0.0,1.0));
#3129=DIRECTION('',(1.0,0.0,0.0));
#3130=ORIENTED_EDGE('',*,*,#3744,.F.);
#3131=ORIENTED_EDGE('',*,*,#3752,.T.);
#3132=ORIENTED_EDGE('',*,*,#3740,.T.);
#3133=ORIENTED_EDGE('',*,*,#3751,.F.);
#3134=CARTESIAN_POINT('',(-9.4178,4.195,-2.54));
#3135=DIRECTION('',(0.0,-0.95858762207312,-0.284797771775344));
#3136=DIRECTION('',(0.0,0.284797771775344,-0.95858762207312));
#3137=ORIENTED_EDGE('',*,*,#3218,.F.);
#3138=ORIENTED_EDGE('',*,*,#3741,.T.);
#3139=ORIENTED_EDGE('',*,*,#3752,.F.);
#3140=ORIENTED_EDGE('',*,*,#3743,.F.);
#3141=CARTESIAN_POINT('',(-9.4178,3.99,-1.85));
#3142=DIRECTION('',(0.0,-1.0,0.0));
#3143=DIRECTION('',(0.0,0.0,-1.0));
#3144=ORIENTED_EDGE('',*,*,#3216,.F.);
#3145=ORIENTED_EDGE('',*,*,#3742,.F.);
#3146=ORIENTED_EDGE('',*,*,#3749,.T.);
#3147=ORIENTED_EDGE('',*,*,#3736,.T.);
#3148=CARTESIAN_POINT('',(-9.4178,3.475,1.7));
#3149=DIRECTION('',(0.0,1.0,-1.29456975819165E-16));
#3150=DIRECTION('',(0.0,-1.29456975819165E-16,-1.0));
#3151=COLOUR_RGB('',0.596063196659088,0.666666686534882,0.686259269714355);
#3152=EDGE_CURVE('',#3753,#3754,#3755,.T.);
#3153=EDGE_CURVE('',#3756,#3753,#3757,.T.);
#3154=EDGE_CURVE('',#3756,#3758,#3759,.T.);
#3155=EDGE_CURVE('',#3754,#3758,#3760,.T.);
#3156=EDGE_CURVE('',#3761,#3762,#3763,.T.);
#3157=EDGE_CURVE('',#3764,#3761,#3765,.T.);
#3158=EDGE_CURVE('',#3764,#3766,#3767,.T.);
#3159=EDGE_CURVE('',#3762,#3766,#3768,.T.);
#3160=EDGE_CURVE('',#3769,#3770,#3771,.T.);
#3161=EDGE_CURVE('',#3772,#3769,#3773,.T.);
#3162=EDGE_CURVE('',#3772,#3774,#3775,.T.);
#3163=EDGE_CURVE('',#3774,#3770,#3776,.T.);
#3164=EDGE_CURVE('',#3777,#3778,#3779,.T.);
#3165=EDGE_CURVE('',#3780,#3777,#3781,.T.);
#3166=EDGE_CURVE('',#3780,#3782,#3783,.T.);
#3167=EDGE_CURVE('',#3782,#3778,#3784,.T.);
#3168=EDGE_CURVE('',#3785,#3786,#3787,.T.);
#3169=EDGE_CURVE('',#3786,#3788,#3789,.T.);
#3170=EDGE_CURVE('',#3790,#3788,#3791,.T.);
#3171=EDGE_CURVE('',#3792,#3790,#3793,.T.);
#3172=EDGE_CURVE('',#3792,#3794,#3795,.T.);
#3173=EDGE_CURVE('',#3794,#3796,#3797,.T.);
#3174=EDGE_CURVE('',#3798,#3796,#3799,.T.);
#3175=EDGE_CURVE('',#3798,#3800,#3801,.T.);
#3176=EDGE_CURVE('',#3802,#3800,#3803,.T.);
#3177=EDGE_CURVE('',#3804,#3802,#3805,.T.);
#3178=EDGE_CURVE('',#3806,#3804,#3807,.T.);
#3179=EDGE_CURVE('',#3806,#3808,#3809,.T.);
#3180=EDGE_CURVE('',#3810,#3808,#3811,.T.);
#3181=EDGE_CURVE('',#3810,#3812,#3813,.T.);
#3182=EDGE_CURVE('',#3812,#3814,#3815,.T.);
#3183=EDGE_CURVE('',#3814,#3816,#3817,.T.);
#3184=EDGE_CURVE('',#3816,#3818,#3819,.T.);
#3185=EDGE_CURVE('',#3818,#3820,#3821,.T.);
#3186=EDGE_CURVE('',#3820,#3822,#3823,.T.);
#3187=EDGE_CURVE('',#3824,#3822,#3825,.T.);
#3188=EDGE_CURVE('',#3824,#3826,#3827,.T.);
#3189=EDGE_CURVE('',#3826,#3828,#3829,.T.);
#3190=EDGE_CURVE('',#3828,#3830,#3831,.T.);
#3191=EDGE_CURVE('',#3832,#3830,#3833,.T.);
#3192=EDGE_CURVE('',#3832,#3834,#3835,.T.);
#3193=EDGE_CURVE('',#3834,#3836,#3837,.T.);
#3194=EDGE_CURVE('',#3836,#3838,#3839,.T.);
#3195=EDGE_CURVE('',#3840,#3838,#3841,.T.);
#3196=EDGE_CURVE('',#3840,#3842,#3843,.T.);
#3197=EDGE_CURVE('',#3842,#3844,#3845,.T.);
#3198=EDGE_CURVE('',#3844,#3846,#3847,.T.);
#3199=EDGE_CURVE('',#3848,#3846,#3849,.T.);
#3200=EDGE_CURVE('',#3848,#3850,#3851,.T.);
#3201=EDGE_CURVE('',#3850,#3852,#3853,.T.);
#3202=EDGE_CURVE('',#3852,#3854,#3855,.T.);
#3203=EDGE_CURVE('',#3856,#3854,#3857,.T.);
#3204=EDGE_CURVE('',#3856,#3858,#3859,.T.);
#3205=EDGE_CURVE('',#3858,#3860,#3861,.T.);
#3206=EDGE_CURVE('',#3860,#3862,#3863,.T.);
#3207=EDGE_CURVE('',#3864,#3862,#3865,.T.);
#3208=EDGE_CURVE('',#3864,#3866,#3867,.T.);
#3209=EDGE_CURVE('',#3868,#3866,#3869,.T.);
#3210=EDGE_CURVE('',#3870,#3868,#3871,.T.);
#3211=EDGE_CURVE('',#3785,#3870,#3872,.T.);
#3212=EDGE_CURVE('',#3873,#3874,#3875,.T.);
#3213=EDGE_CURVE('',#3874,#3876,#3877,.T.);
#3214=EDGE_CURVE('',#3876,#3878,#3879,.T.);
#3215=EDGE_CURVE('',#3873,#3878,#3880,.T.);
#3216=EDGE_CURVE('',#3881,#3882,#3883,.T.);
#3217=EDGE_CURVE('',#3882,#3884,#3885,.T.);
#3218=EDGE_CURVE('',#3884,#3886,#3887,.T.);
#3219=EDGE_CURVE('',#3881,#3886,#3888,.T.);
#3220=EDGE_CURVE('',#3786,#3889,#3890,.T.);
#3221=EDGE_CURVE('',#3785,#3891,#3892,.T.);
#3222=EDGE_CURVE('',#3889,#3891,#3893,.T.);
#3223=EDGE_CURVE('',#3889,#3894,#3895,.T.);
#3224=EDGE_CURVE('',#3891,#3896,#3897,.T.);
#3225=EDGE_CURVE('',#3898,#3896,#3899,.T.);
#3226=EDGE_CURVE('',#3898,#3900,#3901,.T.);
#3227=EDGE_CURVE('',#3900,#3902,#3903,.T.);
#3228=EDGE_CURVE('',#3902,#3904,#3905,.T.);
#3229=EDGE_CURVE('',#3904,#3894,#3906,.T.);
#3230=EDGE_CURVE('',#3907,#3808,#3908,.T.);
#3231=EDGE_CURVE('',#3907,#3909,#3910,.T.);
#3232=EDGE_CURVE('',#3909,#3810,#3911,.T.);
#3233=EDGE_CURVE('',#3912,#3907,#3913,.T.);
#3234=EDGE_CURVE('',#3912,#3914,#3915,.T.);
#3235=EDGE_CURVE('',#3914,#3916,#3917,.T.);
#3236=EDGE_CURVE('',#3918,#3916,#3919,.T.);
#3237=EDGE_CURVE('',#3918,#3920,#3921,.T.);
#3238=EDGE_CURVE('',#3920,#3922,#3923,.T.);
#3239=EDGE_CURVE('',#3922,#3909,#3924,.T.);
#3240=EDGE_CURVE('',#3925,#3926,#3927,.T.);
#3241=EDGE_CURVE('',#3925,#3928,#3929,.T.);
#3242=EDGE_CURVE('',#3930,#3928,#3931,.T.);
#3243=EDGE_CURVE('',#3930,#3932,#3933,.T.);
#3244=EDGE_CURVE('',#3932,#3934,#3935,.T.);
#3245=EDGE_CURVE('',#3934,#3936,#3937,.T.);
#3246=EDGE_CURVE('',#3936,#3938,#3939,.T.);
#3247=EDGE_CURVE('',#3938,#3926,#3940,.T.);
#3248=EDGE_CURVE('',#3941,#3942,#3943,.T.);
#3249=EDGE_CURVE('',#3941,#3944,#3945,.T.);
#3250=EDGE_CURVE('',#3946,#3944,#3947,.T.);
#3251=EDGE_CURVE('',#3948,#3946,#3949,.T.);
#3252=EDGE_CURVE('',#3950,#3948,#3951,.T.);
#3253=EDGE_CURVE('',#3952,#3950,#3953,.T.);
#3254=EDGE_CURVE('',#3952,#3954,#3955,.T.);
#3255=EDGE_CURVE('',#3954,#3942,#3956,.T.);
#3256=EDGE_CURVE('',#3948,#3957,#3958,.T.);
#3257=EDGE_CURVE('',#3959,#3957,#3960,.T.);
#3258=EDGE_CURVE('',#3959,#3950,#3961,.T.);
#3259=EDGE_CURVE('',#3962,#3963,#3964,.T.);
#3260=EDGE_CURVE('',#3963,#3936,#3965,.T.);
#3261=EDGE_CURVE('',#3934,#3962,#3966,.T.);
#3262=EDGE_CURVE('',#3967,#3968,#3969,.T.);
#3263=EDGE_CURVE('',#3970,#3967,#3971,.T.);
#3264=EDGE_CURVE('',#3972,#3970,#3973,.T.);
#3265=EDGE_CURVE('',#3974,#3972,#3975,.T.);
#3266=EDGE_CURVE('',#3968,#3974,#3976,.T.);
#3267=EDGE_CURVE('',#3977,#3978,#3979,.T.);
#3268=EDGE_CURVE('',#3980,#3977,#3981,.T.);
#3269=EDGE_CURVE('',#3982,#3980,#3983,.T.);
#3270=EDGE_CURVE('',#3984,#3982,#3985,.T.);
#3271=EDGE_CURVE('',#3978,#3984,#3986,.T.);
#3272=EDGE_CURVE('',#3987,#3988,#3989,.T.);
#3273=EDGE_CURVE('',#3990,#3987,#3991,.T.);
#3274=EDGE_CURVE('',#3992,#3990,#3993,.T.);
#3275=EDGE_CURVE('',#3994,#3992,#3995,.T.);
#3276=EDGE_CURVE('',#3988,#3994,#3996,.T.);
#3277=EDGE_CURVE('',#3997,#3998,#3999,.T.);
#3278=EDGE_CURVE('',#4000,#3997,#4001,.T.);
#3279=EDGE_CURVE('',#4002,#4000,#4003,.T.);
#3280=EDGE_CURVE('',#4004,#4002,#4005,.T.);
#3281=EDGE_CURVE('',#3998,#4004,#4006,.T.);
#3282=EDGE_CURVE('',#4007,#4008,#4009,.T.);
#3283=EDGE_CURVE('',#4010,#4007,#4011,.T.);
#3284=EDGE_CURVE('',#4012,#4010,#4013,.T.);
#3285=EDGE_CURVE('',#4008,#4012,#4014,.T.);
#3286=EDGE_CURVE('',#4015,#4016,#4017,.T.);
#3287=EDGE_CURVE('',#4018,#4015,#4019,.T.);
#3288=EDGE_CURVE('',#4020,#4018,#4021,.T.);
#3289=EDGE_CURVE('',#4022,#4020,#4023,.T.);
#3290=EDGE_CURVE('',#4016,#4022,#4024,.T.);
#3291=EDGE_CURVE('',#3962,#3959,#4025,.T.);
#3292=EDGE_CURVE('',#3957,#4026,#4027,.T.);
#3293=EDGE_CURVE('',#4026,#3798,#4028,.T.);
#3294=EDGE_CURVE('',#4029,#3796,#4030,.T.);
#3295=EDGE_CURVE('',#3963,#4029,#4031,.T.);
#3296=EDGE_CURVE('',#3932,#3952,#4032,.T.);
#3297=EDGE_CURVE('',#4033,#4034,#4035,.T.);
#3298=EDGE_CURVE('',#4034,#4036,#4037,.T.);
#3299=EDGE_CURVE('',#4038,#4036,#4039,.T.);
#3300=EDGE_CURVE('',#4033,#4038,#4040,.T.);
#3301=EDGE_CURVE('',#3824,#4041,#4042,.T.);
#3302=EDGE_CURVE('',#4043,#4041,#4044,.T.);
#3303=EDGE_CURVE('',#3818,#4043,#4045,.T.);
#3304=EDGE_CURVE('',#3816,#4046,#4047,.T.);
#3305=EDGE_CURVE('',#4046,#3954,#4048,.T.);
#3306=EDGE_CURVE('',#4049,#3930,#4050,.T.);
#3307=EDGE_CURVE('',#3866,#4049,#4051,.T.);
#3308=EDGE_CURVE('',#3864,#4052,#4053,.T.);
#3309=EDGE_CURVE('',#4054,#4052,#4055,.T.);
#3310=EDGE_CURVE('',#3858,#4054,#4056,.T.);
#3311=EDGE_CURVE('',#3856,#4057,#4058,.T.);
#3312=EDGE_CURVE('',#4059,#4057,#4060,.T.);
#3313=EDGE_CURVE('',#3850,#4059,#4061,.T.);
#3314=EDGE_CURVE('',#3848,#4062,#4063,.T.);
#3315=EDGE_CURVE('',#4064,#4062,#4065,.T.);
#3316=EDGE_CURVE('',#3842,#4064,#4066,.T.);
#3317=EDGE_CURVE('',#3840,#4067,#4068,.T.);
#3318=EDGE_CURVE('',#4069,#4067,#4070,.T.);
#3319=EDGE_CURVE('',#3834,#4069,#4071,.T.);
#3320=EDGE_CURVE('',#3832,#4072,#4073,.T.);
#3321=EDGE_CURVE('',#4074,#4072,#4075,.T.);
#3322=EDGE_CURVE('',#3826,#4074,#4076,.T.);
#3323=EDGE_CURVE('',#4077,#4034,#4078,.T.);
#3324=EDGE_CURVE('',#4079,#4033,#4080,.T.);
#3325=EDGE_CURVE('',#4079,#4077,#4081,.T.);
#3326=EDGE_CURVE('',#4036,#4082,#4083,.T.);
#3327=EDGE_CURVE('',#4084,#4082,#4085,.T.);
#3328=EDGE_CURVE('',#4038,#4084,#4086,.T.);
#3329=EDGE_CURVE('',#4082,#4077,#4087,.T.);
#3330=EDGE_CURVE('',#4084,#4079,#4088,.T.);
#3331=EDGE_CURVE('',#3800,#3918,#4089,.T.);
#3332=EDGE_CURVE('',#3946,#4026,#4090,.T.);
#3333=EDGE_CURVE('',#3920,#3944,#4091,.T.);
#3334=EDGE_CURVE('',#3900,#3794,#4092,.T.);
#3335=EDGE_CURVE('',#3926,#3898,#4093,.T.);
#3336=EDGE_CURVE('',#4029,#3938,#4094,.T.);
#3337=EDGE_CURVE('',#4029,#4095,#4096,.T.);
#3338=EDGE_CURVE('',#4095,#4097,#4098,.T.);
#3339=EDGE_CURVE('',#3963,#4097,#4099,.T.);
#3340=EDGE_CURVE('',#4095,#3938,#4100,.T.);
#3341=EDGE_CURVE('',#4097,#3936,#4101,.T.);
#3342=EDGE_CURVE('',#4102,#4026,#4103,.T.);
#3343=EDGE_CURVE('',#4104,#3957,#4105,.T.);
#3344=EDGE_CURVE('',#4102,#4104,#4106,.T.);
#3345=EDGE_CURVE('',#3946,#4102,#4107,.T.);
#3346=EDGE_CURVE('',#3948,#4104,#4108,.T.);
#3347=EDGE_CURVE('',#3868,#4109,#4110,.T.);
#3348=EDGE_CURVE('',#4111,#4109,#4112,.T.);
#3349=EDGE_CURVE('',#3870,#4111,#4113,.T.);
#3350=EDGE_CURVE('',#3896,#3925,#4114,.T.);
#3351=EDGE_CURVE('',#3928,#4111,#4115,.T.);
#3352=EDGE_CURVE('',#4109,#4049,#4116,.T.);
#3353=EDGE_CURVE('',#3814,#4117,#4118,.T.);
#3354=EDGE_CURVE('',#4117,#4046,#4119,.T.);
#3355=EDGE_CURVE('',#3812,#4120,#4121,.T.);
#3356=EDGE_CURVE('',#4120,#4117,#4122,.T.);
#3357=EDGE_CURVE('',#3941,#3922,#4123,.T.);
#3358=EDGE_CURVE('',#3942,#4120,#4124,.T.);
#3359=EDGE_CURVE('',#3792,#3902,#4125,.T.);
#3360=EDGE_CURVE('',#3916,#3802,#4126,.T.);
#3361=EDGE_CURVE('',#4016,#4127,#4128,.T.);
#3362=EDGE_CURVE('',#4127,#4129,#4130,.T.);
#3363=EDGE_CURVE('',#4015,#4129,#4131,.T.);
#3364=EDGE_CURVE('',#4022,#4132,#4133,.T.);
#3365=EDGE_CURVE('',#4132,#4127,#4134,.T.);
#3366=EDGE_CURVE('',#4020,#4135,#4136,.T.);
#3367=EDGE_CURVE('',#4135,#4132,#4137,.T.);
#3368=EDGE_CURVE('',#4018,#4138,#4139,.T.);
#3369=EDGE_CURVE('',#4138,#4135,#4140,.T.);
#3370=EDGE_CURVE('',#4129,#4138,#4141,.T.);
#3371=EDGE_CURVE('',#4142,#4143,#4144,.T.);
#3372=EDGE_CURVE('',#4142,#4145,#4146,.T.);
#3373=EDGE_CURVE('',#4145,#4147,#4148,.T.);
#3374=EDGE_CURVE('',#4147,#4143,#4149,.T.);
#3375=EDGE_CURVE('',#4008,#4150,#4151,.T.);
#3376=EDGE_CURVE('',#4150,#4152,#4153,.T.);
#3377=EDGE_CURVE('',#4007,#4152,#4154,.T.);
#3378=EDGE_CURVE('',#4012,#4155,#4156,.T.);
#3379=EDGE_CURVE('',#4155,#4150,#4157,.T.);
#3380=EDGE_CURVE('',#4010,#4158,#4159,.T.);
#3381=EDGE_CURVE('',#4158,#4155,#4160,.T.);
#3382=EDGE_CURVE('',#4152,#4158,#4161,.T.);
#3383=EDGE_CURVE('',#4162,#4163,#4164,.T.);
#3384=EDGE_CURVE('',#4162,#4165,#4166,.T.);
#3385=EDGE_CURVE('',#4165,#4167,#4168,.T.);
#3386=EDGE_CURVE('',#4167,#4163,#4169,.T.);
#3387=EDGE_CURVE('',#3998,#4170,#4171,.T.);
#3388=EDGE_CURVE('',#4170,#4172,#4173,.T.);
#3389=EDGE_CURVE('',#3997,#4172,#4174,.T.);
#3390=EDGE_CURVE('',#4004,#4175,#4176,.T.);
#3391=EDGE_CURVE('',#4175,#4170,#4177,.T.);
#3392=EDGE_CURVE('',#4002,#4178,#4179,.T.);
#3393=EDGE_CURVE('',#4178,#4175,#4180,.T.);
#3394=EDGE_CURVE('',#4000,#4181,#4182,.T.);
#3395=EDGE_CURVE('',#4181,#4178,#4183,.T.);
#3396=EDGE_CURVE('',#4172,#4181,#4184,.T.);
#3397=EDGE_CURVE('',#4185,#4186,#4187,.T.);
#3398=EDGE_CURVE('',#4185,#4188,#4189,.T.);
#3399=EDGE_CURVE('',#4188,#4190,#4191,.T.);
#3400=EDGE_CURVE('',#4190,#4186,#4192,.T.);
#3401=EDGE_CURVE('',#3988,#4193,#4194,.T.);
#3402=EDGE_CURVE('',#4193,#4195,#4196,.T.);
#3403=EDGE_CURVE('',#3987,#4195,#4197,.T.);
#3404=EDGE_CURVE('',#3994,#4198,#4199,.T.);
#3405=EDGE_CURVE('',#4198,#4193,#4200,.T.);
#3406=EDGE_CURVE('',#3992,#4201,#4202,.T.);
#3407=EDGE_CURVE('',#4201,#4198,#4203,.T.);
#3408=EDGE_CURVE('',#3990,#4204,#4205,.T.);
#3409=EDGE_CURVE('',#4204,#4201,#4206,.T.);
#3410=EDGE_CURVE('',#4195,#4204,#4207,.T.);
#3411=EDGE_CURVE('',#4208,#4209,#4210,.T.);
#3412=EDGE_CURVE('',#4208,#4211,#4212,.T.);
#3413=EDGE_CURVE('',#4211,#4213,#4214,.T.);
#3414=EDGE_CURVE('',#4213,#4209,#4215,.T.);
#3415=EDGE_CURVE('',#3978,#4216,#4217,.T.);
#3416=EDGE_CURVE('',#4216,#4218,#4219,.T.);
#3417=EDGE_CURVE('',#3977,#4218,#4220,.T.);
#3418=EDGE_CURVE('',#3984,#4221,#4222,.T.);
#3419=EDGE_CURVE('',#4221,#4216,#4223,.T.);
#3420=EDGE_CURVE('',#3982,#4224,#4225,.T.);
#3421=EDGE_CURVE('',#4224,#4221,#4226,.T.);
#3422=EDGE_CURVE('',#3980,#4227,#4228,.T.);
#3423=EDGE_CURVE('',#4227,#4224,#4229,.T.);
#3424=EDGE_CURVE('',#4218,#4227,#4230,.T.);
#3425=EDGE_CURVE('',#4231,#4232,#4233,.T.);
#3426=EDGE_CURVE('',#4231,#4234,#4235,.T.);
#3427=EDGE_CURVE('',#4234,#4236,#4237,.T.);
#3428=EDGE_CURVE('',#4236,#4232,#4238,.T.);
#3429=EDGE_CURVE('',#3968,#4239,#4240,.T.);
#3430=EDGE_CURVE('',#4239,#4241,#4242,.T.);
#3431=EDGE_CURVE('',#3967,#4241,#4243,.T.);
#3432=EDGE_CURVE('',#3974,#4244,#4245,.T.);
#3433=EDGE_CURVE('',#4244,#4239,#4246,.T.);
#3434=EDGE_CURVE('',#3972,#4247,#4248,.T.);
#3435=EDGE_CURVE('',#4247,#4244,#4249,.T.);
#3436=EDGE_CURVE('',#3970,#4250,#4251,.T.);
#3437=EDGE_CURVE('',#4250,#4247,#4252,.T.);
#3438=EDGE_CURVE('',#4241,#4250,#4253,.T.);
#3439=EDGE_CURVE('',#4254,#4255,#4256,.T.);
#3440=EDGE_CURVE('',#4254,#4257,#4258,.T.);
#3441=EDGE_CURVE('',#4257,#4259,#4260,.T.);
#3442=EDGE_CURVE('',#4259,#4255,#4261,.T.);
#3443=EDGE_CURVE('',#4262,#3780,#4263,.T.);
#3444=EDGE_CURVE('',#4264,#3777,#4265,.T.);
#3445=EDGE_CURVE('',#4262,#4264,#4266,.T.);
#3446=EDGE_CURVE('',#4267,#4262,#4268,.T.);
#3447=EDGE_CURVE('',#4269,#4264,#4270,.T.);
#3448=EDGE_CURVE('',#4267,#4269,#4271,.T.);
#3449=EDGE_CURVE('',#3782,#4267,#4272,.T.);
#3450=EDGE_CURVE('',#3778,#4269,#4273,.T.);
#3451=EDGE_CURVE('',#4274,#3772,#4275,.T.);
#3452=EDGE_CURVE('',#4276,#3769,#4277,.T.);
#3453=EDGE_CURVE('',#4274,#4276,#4278,.T.);
#3454=EDGE_CURVE('',#4279,#4274,#4280,.T.);
#3455=EDGE_CURVE('',#4281,#4276,#4282,.T.);
#3456=EDGE_CURVE('',#4279,#4281,#4283,.T.);
#3457=EDGE_CURVE('',#3774,#4279,#4284,.T.);
#3458=EDGE_CURVE('',#3770,#4281,#4285,.T.);
#3459=EDGE_CURVE('',#4286,#4287,#4288,.T.);
#3460=EDGE_CURVE('',#4287,#4289,#4290,.T.);
#3461=EDGE_CURVE('',#4291,#4289,#4292,.T.);
#3462=EDGE_CURVE('',#4291,#4286,#4293,.T.);
#3463=EDGE_CURVE('',#4294,#4295,#4296,.T.);
#3464=EDGE_CURVE('',#4295,#4297,#4298,.T.);
#3465=EDGE_CURVE('',#4297,#4299,#4300,.T.);
#3466=EDGE_CURVE('',#4299,#4294,#4301,.T.);
#3467=EDGE_CURVE('',#4302,#4303,#4304,.T.);
#3468=EDGE_CURVE('',#4302,#4305,#4306,.T.);
#3469=EDGE_CURVE('',#4305,#4307,#4308,.T.);
#3470=EDGE_CURVE('',#4303,#4307,#4309,.T.);
#3471=EDGE_CURVE('',#4289,#4302,#4310,.T.);
#3472=EDGE_CURVE('',#4303,#4142,#4311,.T.);
#3473=EDGE_CURVE('',#4143,#4291,#4312,.T.);
#3474=EDGE_CURVE('',#4305,#4287,#4313,.T.);
#3475=EDGE_CURVE('',#4147,#4286,#4314,.T.);
#3476=EDGE_CURVE('',#4307,#4145,#4315,.T.);
#3477=EDGE_CURVE('',#4316,#4054,#4317,.T.);
#3478=EDGE_CURVE('',#4318,#4052,#4319,.T.);
#3479=EDGE_CURVE('',#4318,#4316,#4320,.T.);
#3480=EDGE_CURVE('',#3862,#4321,#4322,.T.);
#3481=EDGE_CURVE('',#4321,#4323,#4324,.T.);
#3482=EDGE_CURVE('',#4323,#4318,#4325,.T.);
#3483=EDGE_CURVE('',#4326,#4316,#4327,.T.);
#3484=EDGE_CURVE('',#4328,#4326,#4329,.T.);
#3485=EDGE_CURVE('',#3860,#4328,#4330,.T.);
#3486=EDGE_CURVE('',#4321,#4328,#4331,.T.);
#3487=EDGE_CURVE('',#4323,#4326,#4332,.T.);
#3488=EDGE_CURVE('',#4305,#4299,#4333,.T.);
#3489=EDGE_CURVE('',#4294,#4302,#4334,.T.);
#3490=EDGE_CURVE('',#4295,#4289,#4335,.T.);
#3491=EDGE_CURVE('',#4287,#4297,#4336,.T.);
#3492=EDGE_CURVE('',#4337,#4338,#4339,.T.);
#3493=EDGE_CURVE('',#4338,#4340,#4341,.T.);
#3494=EDGE_CURVE('',#4342,#4340,#4343,.T.);
#3495=EDGE_CURVE('',#4342,#4337,#4344,.T.);
#3496=EDGE_CURVE('',#4345,#4346,#4347,.T.);
#3497=EDGE_CURVE('',#4346,#4348,#4349,.T.);
#3498=EDGE_CURVE('',#4348,#4350,#4351,.T.);
#3499=EDGE_CURVE('',#4350,#4345,#4352,.T.);
#3500=EDGE_CURVE('',#4353,#4354,#4355,.T.);
#3501=EDGE_CURVE('',#4353,#4356,#4357,.T.);
#3502=EDGE_CURVE('',#4356,#4358,#4359,.T.);
#3503=EDGE_CURVE('',#4354,#4358,#4360,.T.);
#3504=EDGE_CURVE('',#4340,#4353,#4361,.T.);
#3505=EDGE_CURVE('',#4354,#4162,#4362,.T.);
#3506=EDGE_CURVE('',#4163,#4342,#4363,.T.);
#3507=EDGE_CURVE('',#4356,#4338,#4364,.T.);
#3508=EDGE_CURVE('',#4167,#4337,#4365,.T.);
#3509=EDGE_CURVE('',#4358,#4165,#4366,.T.);
#3510=EDGE_CURVE('',#4367,#4059,#4368,.T.);
#3511=EDGE_CURVE('',#4369,#4057,#4370,.T.);
#3512=EDGE_CURVE('',#4369,#4367,#4371,.T.);
#3513=EDGE_CURVE('',#3854,#4372,#4373,.T.);
#3514=EDGE_CURVE('',#4372,#4374,#4375,.T.);
#3515=EDGE_CURVE('',#4374,#4369,#4376,.T.);
#3516=EDGE_CURVE('',#4377,#4367,#4378,.T.);
#3517=EDGE_CURVE('',#4379,#4377,#4380,.T.);
#3518=EDGE_CURVE('',#3852,#4379,#4381,.T.);
#3519=EDGE_CURVE('',#4372,#4379,#4382,.T.);
#3520=EDGE_CURVE('',#4374,#4377,#4383,.T.);
#3521=EDGE_CURVE('',#4356,#4350,#4384,.T.);
#3522=EDGE_CURVE('',#4345,#4353,#4385,.T.);
#3523=EDGE_CURVE('',#4346,#4340,#4386,.T.);
#3524=EDGE_CURVE('',#4338,#4348,#4387,.T.);
#3525=EDGE_CURVE('',#4388,#4389,#4390,.T.);
#3526=EDGE_CURVE('',#4389,#4391,#4392,.T.);
#3527=EDGE_CURVE('',#4393,#4391,#4394,.T.);
#3528=EDGE_CURVE('',#4393,#4388,#4395,.T.);
#3529=EDGE_CURVE('',#4396,#4397,#4398,.T.);
#3530=EDGE_CURVE('',#4397,#4399,#4400,.T.);
#3531=EDGE_CURVE('',#4399,#4401,#4402,.T.);
#3532=EDGE_CURVE('',#4401,#4396,#4403,.T.);
#3533=EDGE_CURVE('',#4404,#4405,#4406,.T.);
#3534=EDGE_CURVE('',#4404,#4407,#4408,.T.);
#3535=EDGE_CURVE('',#4407,#4409,#4410,.T.);
#3536=EDGE_CURVE('',#4405,#4409,#4411,.T.);
#3537=EDGE_CURVE('',#4391,#4404,#4412,.T.);
#3538=EDGE_CURVE('',#4405,#4185,#4413,.T.);
#3539=EDGE_CURVE('',#4186,#4393,#4414,.T.);
#3540=EDGE_CURVE('',#4407,#4389,#4415,.T.);
#3541=EDGE_CURVE('',#4190,#4388,#4416,.T.);
#3542=EDGE_CURVE('',#4409,#4188,#4417,.T.);
#3543=EDGE_CURVE('',#4418,#4064,#4419,.T.);
#3544=EDGE_CURVE('',#4420,#4062,#4421,.T.);
#3545=EDGE_CURVE('',#4420,#4418,#4422,.T.);
#3546=EDGE_CURVE('',#3846,#4423,#4424,.T.);
#3547=EDGE_CURVE('',#4423,#4425,#4426,.T.);
#3548=EDGE_CURVE('',#4425,#4420,#4427,.T.);
#3549=EDGE_CURVE('',#4428,#4418,#4429,.T.);
#3550=EDGE_CURVE('',#4430,#4428,#4431,.T.);
#3551=EDGE_CURVE('',#3844,#4430,#4432,.T.);
#3552=EDGE_CURVE('',#4423,#4430,#4433,.T.);
#3553=EDGE_CURVE('',#4425,#4428,#4434,.T.);
#3554=EDGE_CURVE('',#4407,#4401,#4435,.T.);
#3555=EDGE_CURVE('',#4396,#4404,#4436,.T.);
#3556=EDGE_CURVE('',#4397,#4391,#4437,.T.);
#3557=EDGE_CURVE('',#4389,#4399,#4438,.T.);
#3558=EDGE_CURVE('',#4439,#4440,#4441,.T.);
#3559=EDGE_CURVE('',#4440,#4442,#4443,.T.);
#3560=EDGE_CURVE('',#4444,#4442,#4445,.T.);
#3561=EDGE_CURVE('',#4444,#4439,#4446,.T.);
#3562=EDGE_CURVE('',#4447,#4448,#4449,.T.);
#3563=EDGE_CURVE('',#4448,#4450,#4451,.T.);
#3564=EDGE_CURVE('',#4450,#4452,#4453,.T.);
#3565=EDGE_CURVE('',#4452,#4447,#4454,.T.);
#3566=EDGE_CURVE('',#4455,#4456,#4457,.T.);
#3567=EDGE_CURVE('',#4455,#4458,#4459,.T.);
#3568=EDGE_CURVE('',#4458,#4460,#4461,.T.);
#3569=EDGE_CURVE('',#4456,#4460,#4462,.T.);
#3570=EDGE_CURVE('',#4442,#4455,#4463,.T.);
#3571=EDGE_CURVE('',#4456,#4208,#4464,.T.);
#3572=EDGE_CURVE('',#4209,#4444,#4465,.T.);
#3573=EDGE_CURVE('',#4458,#4440,#4466,.T.);
#3574=EDGE_CURVE('',#4213,#4439,#4467,.T.);
#3575=EDGE_CURVE('',#4460,#4211,#4468,.T.);
#3576=EDGE_CURVE('',#4469,#4069,#4470,.T.);
#3577=EDGE_CURVE('',#4471,#4067,#4472,.T.);
#3578=EDGE_CURVE('',#4471,#4469,#4473,.T.);
#3579=EDGE_CURVE('',#3838,#4474,#4475,.T.);
#3580=EDGE_CURVE('',#4474,#4476,#4477,.T.);
#3581=EDGE_CURVE('',#4476,#4471,#4478,.T.);
#3582=EDGE_CURVE('',#4479,#4469,#4480,.T.);
#3583=EDGE_CURVE('',#4481,#4479,#4482,.T.);
#3584=EDGE_CURVE('',#3836,#4481,#4483,.T.);
#3585=EDGE_CURVE('',#4474,#4481,#4484,.T.);
#3586=EDGE_CURVE('',#4476,#4479,#4485,.T.);
#3587=EDGE_CURVE('',#4458,#4452,#4486,.T.);
#3588=EDGE_CURVE('',#4447,#4455,#4487,.T.);
#3589=EDGE_CURVE('',#4448,#4442,#4488,.T.);
#3590=EDGE_CURVE('',#4440,#4450,#4489,.T.);
#3591=EDGE_CURVE('',#4490,#4491,#4492,.T.);
#3592=EDGE_CURVE('',#4491,#4493,#4494,.T.);
#3593=EDGE_CURVE('',#4495,#4493,#4496,.T.);
#3594=EDGE_CURVE('',#4495,#4490,#4497,.T.);
#3595=EDGE_CURVE('',#4498,#4499,#4500,.T.);
#3596=EDGE_CURVE('',#4499,#4501,#4502,.T.);
#3597=EDGE_CURVE('',#4501,#4503,#4504,.T.);
#3598=EDGE_CURVE('',#4503,#4498,#4505,.T.);
#3599=EDGE_CURVE('',#4506,#4507,#4508,.T.);
#3600=EDGE_CURVE('',#4506,#4509,#4510,.T.);
#3601=EDGE_CURVE('',#4509,#4511,#4512,.T.);
#3602=EDGE_CURVE('',#4507,#4511,#4513,.T.);
#3603=EDGE_CURVE('',#4493,#4506,#4514,.T.);
#3604=EDGE_CURVE('',#4507,#4231,#4515,.T.);
#3605=EDGE_CURVE('',#4232,#4495,#4516,.T.);
#3606=EDGE_CURVE('',#4509,#4491,#4517,.T.);
#3607=EDGE_CURVE('',#4236,#4490,#4518,.T.);
#3608=EDGE_CURVE('',#4511,#4234,#4519,.T.);
#3609=EDGE_CURVE('',#4520,#4074,#4521,.T.);
#3610=EDGE_CURVE('',#4522,#4072,#4523,.T.);
#3611=EDGE_CURVE('',#4522,#4520,#4524,.T.);
#3612=EDGE_CURVE('',#3830,#4525,#4526,.T.);
#3613=EDGE_CURVE('',#4525,#4527,#4528,.T.);
#3614=EDGE_CURVE('',#4527,#4522,#4529,.T.);
#3615=EDGE_CURVE('',#4530,#4520,#4531,.T.);
#3616=EDGE_CURVE('',#4532,#4530,#4533,.T.);
#3617=EDGE_CURVE('',#3828,#4532,#4534,.T.);
#3618=EDGE_CURVE('',#4525,#4532,#4535,.T.);
#3619=EDGE_CURVE('',#4527,#4530,#4536,.T.);
#3620=EDGE_CURVE('',#4509,#4503,#4537,.T.);
#3621=EDGE_CURVE('',#4498,#4506,#4538,.T.);
#3622=EDGE_CURVE('',#4499,#4493,#4539,.T.);
#3623=EDGE_CURVE('',#4491,#4501,#4540,.T.);
#3624=EDGE_CURVE('',#4541,#4542,#4543,.T.);
#3625=EDGE_CURVE('',#4542,#4544,#4545,.T.);
#3626=EDGE_CURVE('',#4546,#4544,#4547,.T.);
#3627=EDGE_CURVE('',#4546,#4541,#4548,.T.);
#3628=EDGE_CURVE('',#4549,#4550,#4551,.T.);
#3629=EDGE_CURVE('',#4550,#4552,#4553,.T.);
#3630=EDGE_CURVE('',#4552,#4554,#4555,.T.);
#3631=EDGE_CURVE('',#4554,#4549,#4556,.T.);
#3632=EDGE_CURVE('',#4557,#4558,#4559,.T.);
#3633=EDGE_CURVE('',#4557,#4560,#4561,.T.);
#3634=EDGE_CURVE('',#4560,#4562,#4563,.T.);
#3635=EDGE_CURVE('',#4558,#4562,#4564,.T.);
#3636=EDGE_CURVE('',#4544,#4557,#4565,.T.);
#3637=EDGE_CURVE('',#4558,#4254,#4566,.T.);
#3638=EDGE_CURVE('',#4255,#4546,#4567,.T.);
#3639=EDGE_CURVE('',#4560,#4542,#4568,.T.);
#3640=EDGE_CURVE('',#4259,#4541,#4569,.T.);
#3641=EDGE_CURVE('',#4562,#4257,#4570,.T.);
#3642=EDGE_CURVE('',#4571,#4043,#4572,.T.);
#3643=EDGE_CURVE('',#4573,#4041,#4574,.T.);
#3644=EDGE_CURVE('',#4573,#4571,#4575,.T.);
#3645=EDGE_CURVE('',#3822,#4576,#4577,.T.);
#3646=EDGE_CURVE('',#4576,#4578,#4579,.T.);
#3647=EDGE_CURVE('',#4578,#4573,#4580,.T.);
#3648=EDGE_CURVE('',#4581,#4571,#4582,.T.);
#3649=EDGE_CURVE('',#4583,#4581,#4584,.T.);
#3650=EDGE_CURVE('',#3820,#4583,#4585,.T.);
#3651=EDGE_CURVE('',#4576,#4583,#4586,.T.);
#3652=EDGE_CURVE('',#4578,#4581,#4587,.T.);
#3653=EDGE_CURVE('',#4560,#4554,#4588,.T.);
#3654=EDGE_CURVE('',#4549,#4557,#4589,.T.);
#3655=EDGE_CURVE('',#4550,#4544,#4590,.T.);
#3656=EDGE_CURVE('',#4542,#4552,#4591,.T.);
#3657=EDGE_CURVE('',#3912,#4592,#4593,.T.);
#3658=EDGE_CURVE('',#4592,#4594,#4595,.T.);
#3659=EDGE_CURVE('',#3914,#4594,#4596,.T.);
#3660=EDGE_CURVE('',#4597,#4598,#4599,.T.);
#3661=EDGE_CURVE('',#4600,#4597,#4601,.T.);
#3662=EDGE_CURVE('',#4600,#4602,#4603,.T.);
#3663=EDGE_CURVE('',#4602,#4598,#4604,.T.);
#3664=EDGE_CURVE('',#4598,#4605,#4606,.T.);
#3665=EDGE_CURVE('',#4602,#4607,#4608,.T.);
#3666=EDGE_CURVE('',#4607,#4605,#4609,.T.);
#3667=EDGE_CURVE('',#4607,#3806,#4610,.T.);
#3668=EDGE_CURVE('',#4605,#3804,#4611,.T.);
#3669=EDGE_CURVE('',#4594,#4597,#4612,.T.);
#3670=EDGE_CURVE('',#4592,#4600,#4613,.T.);
#3671=EDGE_CURVE('',#3904,#4614,#4615,.T.);
#3672=EDGE_CURVE('',#4614,#4616,#4617,.T.);
#3673=EDGE_CURVE('',#3894,#4616,#4618,.T.);
#3674=EDGE_CURVE('',#4619,#3790,#4620,.T.);
#3675=EDGE_CURVE('',#4621,#3788,#4622,.T.);
#3676=EDGE_CURVE('',#4619,#4621,#4623,.T.);
#3677=EDGE_CURVE('',#4624,#4619,#4625,.T.);
#3678=EDGE_CURVE('',#4626,#4621,#4627,.T.);
#3679=EDGE_CURVE('',#4624,#4626,#4628,.T.);
#3680=EDGE_CURVE('',#4629,#4624,#4630,.T.);
#3681=EDGE_CURVE('',#4631,#4626,#4632,.T.);
#3682=EDGE_CURVE('',#4629,#4631,#4633,.T.);
#3683=EDGE_CURVE('',#4614,#4629,#4634,.T.);
#3684=EDGE_CURVE('',#4616,#4631,#4635,.T.);
#3685=EDGE_CURVE('',#4636,#4637,#4638,.T.);
#3686=EDGE_CURVE('',#4637,#4639,#4640,.T.);
#3687=EDGE_CURVE('',#4641,#4639,#4642,.T.);
#3688=EDGE_CURVE('',#4636,#4641,#4643,.T.);
#3689=EDGE_CURVE('',#4637,#4644,#4645,.T.);
#3690=EDGE_CURVE('',#4644,#4646,#4647,.T.);
#3691=EDGE_CURVE('',#4639,#4646,#4648,.T.);
#3692=EDGE_CURVE('',#4644,#4649,#4650,.T.);
#3693=EDGE_CURVE('',#4649,#4651,#4652,.T.);
#3694=EDGE_CURVE('',#4646,#4651,#4653,.T.);
#3695=EDGE_CURVE('',#4649,#4654,#4655,.T.);
#3696=EDGE_CURVE('',#4654,#4656,#4657,.T.);
#3697=EDGE_CURVE('',#4651,#4656,#4658,.T.);
#3698=EDGE_CURVE('',#4654,#3764,#4659,.T.);
#3699=EDGE_CURVE('',#3766,#4636,#4660,.T.);
#3700=EDGE_CURVE('',#4656,#3761,#4661,.T.);
#3701=EDGE_CURVE('',#3762,#4641,#4662,.T.);
#3702=EDGE_CURVE('',#4663,#3753,#4664,.T.);
#3703=EDGE_CURVE('',#3754,#4665,#4666,.T.);
#3704=EDGE_CURVE('',#4665,#4667,#4668,.T.);
#3705=EDGE_CURVE('',#4667,#4669,#4670,.T.);
#3706=EDGE_CURVE('',#4669,#4671,#4672,.T.);
#3707=EDGE_CURVE('',#4671,#4663,#4673,.T.);
#3708=EDGE_CURVE('',#4674,#3756,#4675,.T.);
#3709=EDGE_CURVE('',#4676,#4674,#4677,.T.);
#3710=EDGE_CURVE('',#4678,#4676,#4679,.T.);
#3711=EDGE_CURVE('',#4680,#4678,#4681,.T.);
#3712=EDGE_CURVE('',#4682,#4680,#4683,.T.);
#3713=EDGE_CURVE('',#3758,#4682,#4684,.T.);
#3714=EDGE_CURVE('',#4674,#4663,#4685,.T.);
#3715=EDGE_CURVE('',#4676,#4671,#4686,.T.);
#3716=EDGE_CURVE('',#4678,#4669,#4687,.T.);
#3717=EDGE_CURVE('',#4680,#4667,#4688,.T.);
#3718=EDGE_CURVE('',#4682,#4665,#4689,.T.);
#3719=EDGE_CURVE('',#4690,#4691,#4692,.T.);
#3720=EDGE_CURVE('',#4690,#4693,#4694,.T.);
#3721=EDGE_CURVE('',#4693,#4695,#4696,.T.);
#3722=EDGE_CURVE('',#4691,#4695,#4697,.T.);
#3723=EDGE_CURVE('',#4698,#4690,#4699,.T.);
#3724=EDGE_CURVE('',#4698,#4700,#4701,.T.);
#3725=EDGE_CURVE('',#4700,#4693,#4702,.T.);
#3726=EDGE_CURVE('',#4703,#4698,#4704,.T.);
#3727=EDGE_CURVE('',#4703,#4705,#4706,.T.);
#3728=EDGE_CURVE('',#4705,#4700,#4707,.T.);
#3729=EDGE_CURVE('',#4708,#4703,#4709,.T.);
#3730=EDGE_CURVE('',#4708,#4710,#4711,.T.);
#3731=EDGE_CURVE('',#4710,#4705,#4712,.T.);
#3732=EDGE_CURVE('',#4691,#3873,#4713,.T.);
#3733=EDGE_CURVE('',#3878,#4708,#4714,.T.);
#3734=EDGE_CURVE('',#4695,#3874,#4715,.T.);
#3735=EDGE_CURVE('',#3876,#4710,#4716,.T.);
#3736=EDGE_CURVE('',#4717,#3882,#4718,.T.);
#3737=EDGE_CURVE('',#4719,#4717,#4720,.T.);
#3738=EDGE_CURVE('',#4721,#4719,#4722,.T.);
#3739=EDGE_CURVE('',#4723,#4721,#4724,.T.);
#3740=EDGE_CURVE('',#4725,#4723,#4726,.T.);
#3741=EDGE_CURVE('',#3884,#4725,#4727,.T.);
#3742=EDGE_CURVE('',#4728,#3881,#4729,.T.);
#3743=EDGE_CURVE('',#3886,#4730,#4731,.T.);
#3744=EDGE_CURVE('',#4730,#4732,#4733,.T.);
#3745=EDGE_CURVE('',#4732,#4734,#4735,.T.);
#3746=EDGE_CURVE('',#4734,#4736,#4737,.T.);
#3747=EDGE_CURVE('',#4736,#4728,#4738,.T.);
#3748=EDGE_CURVE('',#4736,#4719,#4739,.T.);
#3749=EDGE_CURVE('',#4728,#4717,#4740,.T.);
#3750=EDGE_CURVE('',#4734,#4721,#4741,.T.);
#3751=EDGE_CURVE('',#4732,#4723,#4742,.T.);
#3752=EDGE_CURVE('',#4730,#4725,#4743,.T.);
#3753=VERTEX_POINT('',#4744);
#3754=VERTEX_POINT('',#4745);
#3755=LINE('',#4746,#4747);
#3756=VERTEX_POINT('',#4748);
#3757=LINE('',#4749,#4750);
#3758=VERTEX_POINT('',#4751);
#3759=LINE('',#4752,#4753);
#3760=LINE('',#4754,#4755);
#3761=VERTEX_POINT('',#4756);
#3762=VERTEX_POINT('',#4757);
#3763=LINE('',#4758,#4759);
#3764=VERTEX_POINT('',#4760);
#3765=LINE('',#4761,#4762);
#3766=VERTEX_POINT('',#4763);
#3767=LINE('',#4764,#4765);
#3768=LINE('',#4766,#4767);
#3769=VERTEX_POINT('',#4768);
#3770=VERTEX_POINT('',#4769);
#3771=LINE('',#4770,#4771);
#3772=VERTEX_POINT('',#4772);
#3773=LINE('',#4773,#4774);
#3774=VERTEX_POINT('',#4775);
#3775=LINE('',#4776,#4777);
#3776=LINE('',#4778,#4779);
#3777=VERTEX_POINT('',#4780);
#3778=VERTEX_POINT('',#4781);
#3779=LINE('',#4782,#4783);
#3780=VERTEX_POINT('',#4784);
#3781=LINE('',#4785,#4786);
#3782=VERTEX_POINT('',#4787);
#3783=LINE('',#4788,#4789);
#3784=LINE('',#4790,#4791);
#3785=VERTEX_POINT('',#4792);
#3786=VERTEX_POINT('',#4793);
#3787=LINE('',#4794,#4795);
#3788=VERTEX_POINT('',#4796);
#3789=LINE('',#4797,#4798);
#3790=VERTEX_POINT('',#4799);
#3791=LINE('',#4800,#4801);
#3792=VERTEX_POINT('',#4802);
#3793=LINE('',#4803,#4804);
#3794=VERTEX_POINT('',#4805);
#3795=LINE('',#4806,#4807);
#3796=VERTEX_POINT('',#4808);
#3797=LINE('',#4809,#4810);
#3798=VERTEX_POINT('',#4811);
#3799=LINE('',#4812,#4813);
#3800=VERTEX_POINT('',#4814);
#3801=LINE('',#4815,#4816);
#3802=VERTEX_POINT('',#4817);
#3803=LINE('',#4818,#4819);
#3804=VERTEX_POINT('',#4820);
#3805=LINE('',#4821,#4822);
#3806=VERTEX_POINT('',#4823);
#3807=LINE('',#4824,#4825);
#3808=VERTEX_POINT('',#4826);
#3809=LINE('',#4827,#4828);
#3810=VERTEX_POINT('',#4829);
#3811=LINE('',#4830,#4831);
#3812=VERTEX_POINT('',#4832);
#3813=LINE('',#4833,#4834);
#3814=VERTEX_POINT('',#4835);
#3815=LINE('',#4836,#4837);
#3816=VERTEX_POINT('',#4838);
#3817=LINE('',#4839,#4840);
#3818=VERTEX_POINT('',#4841);
#3819=LINE('',#4842,#4843);
#3820=VERTEX_POINT('',#4844);
#3821=LINE('',#4845,#4846);
#3822=VERTEX_POINT('',#4847);
#3823=LINE('',#4848,#4849);
#3824=VERTEX_POINT('',#4850);
#3825=LINE('',#4851,#4852);
#3826=VERTEX_POINT('',#4853);
#3827=LINE('',#4854,#4855);
#3828=VERTEX_POINT('',#4856);
#3829=LINE('',#4857,#4858);
#3830=VERTEX_POINT('',#4859);
#3831=LINE('',#4860,#4861);
#3832=VERTEX_POINT('',#4862);
#3833=LINE('',#4863,#4864);
#3834=VERTEX_POINT('',#4865);
#3835=LINE('',#4866,#4867);
#3836=VERTEX_POINT('',#4868);
#3837=LINE('',#4869,#4870);
#3838=VERTEX_POINT('',#4871);
#3839=LINE('',#4872,#4873);
#3840=VERTEX_POINT('',#4874);
#3841=LINE('',#4875,#4876);
#3842=VERTEX_POINT('',#4877);
#3843=LINE('',#4878,#4879);
#3844=VERTEX_POINT('',#4880);
#3845=LINE('',#4881,#4882);
#3846=VERTEX_POINT('',#4883);
#3847=LINE('',#4884,#4885);
#3848=VERTEX_POINT('',#4886);
#3849=LINE('',#4887,#4888);
#3850=VERTEX_POINT('',#4889);
#3851=LINE('',#4890,#4891);
#3852=VERTEX_POINT('',#4892);
#3853=LINE('',#4893,#4894);
#3854=VERTEX_POINT('',#4895);
#3855=LINE('',#4896,#4897);
#3856=VERTEX_POINT('',#4898);
#3857=LINE('',#4899,#4900);
#3858=VERTEX_POINT('',#4901);
#3859=LINE('',#4902,#4903);
#3860=VERTEX_POINT('',#4904);
#3861=LINE('',#4905,#4906);
#3862=VERTEX_POINT('',#4907);
#3863=LINE('',#4908,#4909);
#3864=VERTEX_POINT('',#4910);
#3865=LINE('',#4911,#4912);
#3866=VERTEX_POINT('',#4913);
#3867=LINE('',#4914,#4915);
#3868=VERTEX_POINT('',#4916);
#3869=LINE('',#4917,#4918);
#3870=VERTEX_POINT('',#4919);
#3871=LINE('',#4920,#4921);
#3872=LINE('',#4922,#4923);
#3873=VERTEX_POINT('',#4924);
#3874=VERTEX_POINT('',#4925);
#3875=LINE('',#4926,#4927);
#3876=VERTEX_POINT('',#4928);
#3877=LINE('',#4929,#4930);
#3878=VERTEX_POINT('',#4931);
#3879=LINE('',#4932,#4933);
#3880=LINE('',#4934,#4935);
#3881=VERTEX_POINT('',#4936);
#3882=VERTEX_POINT('',#4937);
#3883=LINE('',#4938,#4939);
#3884=VERTEX_POINT('',#4940);
#3885=LINE('',#4941,#4942);
#3886=VERTEX_POINT('',#4943);
#3887=LINE('',#4944,#4945);
#3888=LINE('',#4946,#4947);
#3889=VERTEX_POINT('',#4948);
#3890=LINE('',#4949,#4950);
#3891=VERTEX_POINT('',#4951);
#3892=LINE('',#4952,#4953);
#3893=LINE('',#4954,#4955);
#3894=VERTEX_POINT('',#4956);
#3895=LINE('',#4957,#4958);
#3896=VERTEX_POINT('',#4959);
#3897=LINE('',#4960,#4961);
#3898=VERTEX_POINT('',#4962);
#3899=LINE('',#4963,#4964);
#3900=VERTEX_POINT('',#4965);
#3901=LINE('',#4966,#4967);
#3902=VERTEX_POINT('',#4968);
#3903=LINE('',#4969,#4970);
#3904=VERTEX_POINT('',#4971);
#3905=LINE('',#4972,#4973);
#3906=LINE('',#4974,#4975);
#3907=VERTEX_POINT('',#4976);
#3908=LINE('',#4977,#4978);
#3909=VERTEX_POINT('',#4979);
#3910=LINE('',#4980,#4981);
#3911=LINE('',#4982,#4983);
#3912=VERTEX_POINT('',#4984);
#3913=LINE('',#4985,#4986);
#3914=VERTEX_POINT('',#4987);
#3915=LINE('',#4988,#4989);
#3916=VERTEX_POINT('',#4990);
#3917=LINE('',#4991,#4992);
#3918=VERTEX_POINT('',#4993);
#3919=LINE('',#4994,#4995);
#3920=VERTEX_POINT('',#4996);
#3921=LINE('',#4997,#4998);
#3922=VERTEX_POINT('',#4999);
#3923=LINE('',#5000,#5001);
#3924=LINE('',#5002,#5003);
#3925=VERTEX_POINT('',#5004);
#3926=VERTEX_POINT('',#5005);
#3927=LINE('',#5006,#5007);
#3928=VERTEX_POINT('',#5008);
#3929=LINE('',#5009,#5010);
#3930=VERTEX_POINT('',#5011);
#3931=LINE('',#5012,#5013);
#3932=VERTEX_POINT('',#5014);
#3933=LINE('',#5015,#5016);
#3934=VERTEX_POINT('',#5017);
#3935=LINE('',#5018,#5019);
#3936=VERTEX_POINT('',#5020);
#3937=LINE('',#5021,#5022);
#3938=VERTEX_POINT('',#5023);
#3939=LINE('',#5024,#5025);
#3940=LINE('',#5026,#5027);
#3941=VERTEX_POINT('',#5028);
#3942=VERTEX_POINT('',#5029);
#3943=LINE('',#5030,#5031);
#3944=VERTEX_POINT('',#5032);
#3945=LINE('',#5033,#5034);
#3946=VERTEX_POINT('',#5035);
#3947=LINE('',#5036,#5037);
#3948=VERTEX_POINT('',#5038);
#3949=LINE('',#5039,#5040);
#3950=VERTEX_POINT('',#5041);
#3951=LINE('',#5042,#5043);
#3952=VERTEX_POINT('',#5044);
#3953=LINE('',#5045,#5046);
#3954=VERTEX_POINT('',#5047);
#3955=LINE('',#5048,#5049);
#3956=LINE('',#5050,#5051);
#3957=VERTEX_POINT('',#5052);
#3958=LINE('',#5053,#5054);
#3959=VERTEX_POINT('',#5055);
#3960=LINE('',#5056,#5057);
#3961=LINE('',#5058,#5059);
#3962=VERTEX_POINT('',#5060);
#3963=VERTEX_POINT('',#5061);
#3964=LINE('',#5062,#5063);
#3965=LINE('',#5064,#5065);
#3966=LINE('',#5066,#5067);
#3967=VERTEX_POINT('',#5068);
#3968=VERTEX_POINT('',#5069);
#3969=LINE('',#5070,#5071);
#3970=VERTEX_POINT('',#5072);
#3971=LINE('',#5073,#5074);
#3972=VERTEX_POINT('',#5075);
#3973=LINE('',#5076,#5077);
#3974=VERTEX_POINT('',#5078);
#3975=LINE('',#5079,#5080);
#3976=LINE('',#5081,#5082);
#3977=VERTEX_POINT('',#5083);
#3978=VERTEX_POINT('',#5084);
#3979=LINE('',#5085,#5086);
#3980=VERTEX_POINT('',#5087);
#3981=LINE('',#5088,#5089);
#3982=VERTEX_POINT('',#5090);
#3983=LINE('',#5091,#5092);
#3984=VERTEX_POINT('',#5093);
#3985=LINE('',#5094,#5095);
#3986=LINE('',#5096,#5097);
#3987=VERTEX_POINT('',#5098);
#3988=VERTEX_POINT('',#5099);
#3989=LINE('',#5100,#5101);
#3990=VERTEX_POINT('',#5102);
#3991=LINE('',#5103,#5104);
#3992=VERTEX_POINT('',#5105);
#3993=LINE('',#5106,#5107);
#3994=VERTEX_POINT('',#5108);
#3995=LINE('',#5109,#5110);
#3996=LINE('',#5111,#5112);
#3997=VERTEX_POINT('',#5113);
#3998=VERTEX_POINT('',#5114);
#3999=LINE('',#5115,#5116);
#4000=VERTEX_POINT('',#5117);
#4001=LINE('',#5118,#5119);
#4002=VERTEX_POINT('',#5120);
#4003=LINE('',#5121,#5122);
#4004=VERTEX_POINT('',#5123);
#4005=LINE('',#5124,#5125);
#4006=LINE('',#5126,#5127);
#4007=VERTEX_POINT('',#5128);
#4008=VERTEX_POINT('',#5129);
#4009=LINE('',#5130,#5131);
#4010=VERTEX_POINT('',#5132);
#4011=LINE('',#5133,#5134);
#4012=VERTEX_POINT('',#5135);
#4013=LINE('',#5136,#5137);
#4014=LINE('',#5138,#5139);
#4015=VERTEX_POINT('',#5140);
#4016=VERTEX_POINT('',#5141);
#4017=LINE('',#5142,#5143);
#4018=VERTEX_POINT('',#5144);
#4019=LINE('',#5145,#5146);
#4020=VERTEX_POINT('',#5147);
#4021=LINE('',#5148,#5149);
#4022=VERTEX_POINT('',#5150);
#4023=LINE('',#5151,#5152);
#4024=LINE('',#5153,#5154);
#4025=LINE('',#5155,#5156);
#4026=VERTEX_POINT('',#5157);
#4027=LINE('',#5158,#5159);
#4028=LINE('',#5160,#5161);
#4029=VERTEX_POINT('',#5162);
#4030=LINE('',#5163,#5164);
#4031=LINE('',#5165,#5166);
#4032=LINE('',#5167,#5168);
#4033=VERTEX_POINT('',#5169);
#4034=VERTEX_POINT('',#5170);
#4035=LINE('',#5171,#5172);
#4036=VERTEX_POINT('',#5173);
#4037=LINE('',#5174,#5175);
#4038=VERTEX_POINT('',#5176);
#4039=LINE('',#5177,#5178);
#4040=LINE('',#5179,#5180);
#4041=VERTEX_POINT('',#5181);
#4042=LINE('',#5182,#5183);
#4043=VERTEX_POINT('',#5184);
#4044=LINE('',#5185,#5186);
#4045=LINE('',#5187,#5188);
#4046=VERTEX_POINT('',#5189);
#4047=LINE('',#5190,#5191);
#4048=LINE('',#5192,#5193);
#4049=VERTEX_POINT('',#5194);
#4050=LINE('',#5195,#5196);
#4051=LINE('',#5197,#5198);
#4052=VERTEX_POINT('',#5199);
#4053=LINE('',#5200,#5201);
#4054=VERTEX_POINT('',#5202);
#4055=LINE('',#5203,#5204);
#4056=LINE('',#5205,#5206);
#4057=VERTEX_POINT('',#5207);
#4058=LINE('',#5208,#5209);
#4059=VERTEX_POINT('',#5210);
#4060=LINE('',#5211,#5212);
#4061=LINE('',#5213,#5214);
#4062=VERTEX_POINT('',#5215);
#4063=LINE('',#5216,#5217);
#4064=VERTEX_POINT('',#5218);
#4065=LINE('',#5219,#5220);
#4066=LINE('',#5221,#5222);
#4067=VERTEX_POINT('',#5223);
#4068=LINE('',#5224,#5225);
#4069=VERTEX_POINT('',#5226);
#4070=LINE('',#5227,#5228);
#4071=LINE('',#5229,#5230);
#4072=VERTEX_POINT('',#5231);
#4073=LINE('',#5232,#5233);
#4074=VERTEX_POINT('',#5234);
#4075=LINE('',#5235,#5236);
#4076=LINE('',#5237,#5238);
#4077=VERTEX_POINT('',#5239);
#4078=LINE('',#5240,#5241);
#4079=VERTEX_POINT('',#5242);
#4080=LINE('',#5243,#5244);
#4081=LINE('',#5245,#5246);
#4082=VERTEX_POINT('',#5247);
#4083=LINE('',#5248,#5249);
#4084=VERTEX_POINT('',#5250);
#4085=LINE('',#5251,#5252);
#4086=LINE('',#5253,#5254);
#4087=LINE('',#5255,#5256);
#4088=LINE('',#5257,#5258);
#4089=LINE('',#5259,#5260);
#4090=LINE('',#5261,#5262);
#4091=LINE('',#5263,#5264);
#4092=LINE('',#5265,#5266);
#4093=LINE('',#5267,#5268);
#4094=LINE('',#5269,#5270);
#4095=VERTEX_POINT('',#5271);
#4096=LINE('',#5272,#5273);
#4097=VERTEX_POINT('',#5274);
#4098=LINE('',#5275,#5276);
#4099=LINE('',#5277,#5278);
#4100=LINE('',#5279,#5280);
#4101=LINE('',#5281,#5282);
#4102=VERTEX_POINT('',#5283);
#4103=LINE('',#5284,#5285);
#4104=VERTEX_POINT('',#5286);
#4105=LINE('',#5287,#5288);
#4106=LINE('',#5289,#5290);
#4107=LINE('',#5291,#5292);
#4108=LINE('',#5293,#5294);
#4109=VERTEX_POINT('',#5295);
#4110=LINE('',#5296,#5297);
#4111=VERTEX_POINT('',#5298);
#4112=LINE('',#5299,#5300);
#4113=LINE('',#5301,#5302);
#4114=LINE('',#5303,#5304);
#4115=LINE('',#5305,#5306);
#4116=LINE('',#5307,#5308);
#4117=VERTEX_POINT('',#5309);
#4118=LINE('',#5310,#5311);
#4119=LINE('',#5312,#5313);
#4120=VERTEX_POINT('',#5314);
#4121=LINE('',#5315,#5316);
#4122=LINE('',#5317,#5318);
#4123=LINE('',#5319,#5320);
#4124=LINE('',#5321,#5322);
#4125=LINE('',#5323,#5324);
#4126=LINE('',#5325,#5326);
#4127=VERTEX_POINT('',#5327);
#4128=LINE('',#5328,#5329);
#4129=VERTEX_POINT('',#5330);
#4130=LINE('',#5331,#5332);
#4131=LINE('',#5333,#5334);
#4132=VERTEX_POINT('',#5335);
#4133=LINE('',#5336,#5337);
#4134=LINE('',#5338,#5339);
#4135=VERTEX_POINT('',#5340);
#4136=LINE('',#5341,#5342);
#4137=LINE('',#5343,#5344);
#4138=VERTEX_POINT('',#5345);
#4139=LINE('',#5346,#5347);
#4140=LINE('',#5348,#5349);
#4141=LINE('',#5350,#5351);
#4142=VERTEX_POINT('',#5352);
#4143=VERTEX_POINT('',#5353);
#4144=LINE('',#5354,#5355);
#4145=VERTEX_POINT('',#5356);
#4146=LINE('',#5357,#5358);
#4147=VERTEX_POINT('',#5359);
#4148=LINE('',#5360,#5361);
#4149=LINE('',#5362,#5363);
#4150=VERTEX_POINT('',#5364);
#4151=LINE('',#5365,#5366);
#4152=VERTEX_POINT('',#5367);
#4153=LINE('',#5368,#5369);
#4154=LINE('',#5370,#5371);
#4155=VERTEX_POINT('',#5372);
#4156=LINE('',#5373,#5374);
#4157=LINE('',#5375,#5376);
#4158=VERTEX_POINT('',#5377);
#4159=LINE('',#5378,#5379);
#4160=LINE('',#5380,#5381);
#4161=LINE('',#5382,#5383);
#4162=VERTEX_POINT('',#5384);
#4163=VERTEX_POINT('',#5385);
#4164=LINE('',#5386,#5387);
#4165=VERTEX_POINT('',#5388);
#4166=LINE('',#5389,#5390);
#4167=VERTEX_POINT('',#5391);
#4168=LINE('',#5392,#5393);
#4169=LINE('',#5394,#5395);
#4170=VERTEX_POINT('',#5396);
#4171=LINE('',#5397,#5398);
#4172=VERTEX_POINT('',#5399);
#4173=LINE('',#5400,#5401);
#4174=LINE('',#5402,#5403);
#4175=VERTEX_POINT('',#5404);
#4176=LINE('',#5405,#5406);
#4177=LINE('',#5407,#5408);
#4178=VERTEX_POINT('',#5409);
#4179=LINE('',#5410,#5411);
#4180=LINE('',#5412,#5413);
#4181=VERTEX_POINT('',#5414);
#4182=LINE('',#5415,#5416);
#4183=LINE('',#5417,#5418);
#4184=LINE('',#5419,#5420);
#4185=VERTEX_POINT('',#5421);
#4186=VERTEX_POINT('',#5422);
#4187=LINE('',#5423,#5424);
#4188=VERTEX_POINT('',#5425);
#4189=LINE('',#5426,#5427);
#4190=VERTEX_POINT('',#5428);
#4191=LINE('',#5429,#5430);
#4192=LINE('',#5431,#5432);
#4193=VERTEX_POINT('',#5433);
#4194=LINE('',#5434,#5435);
#4195=VERTEX_POINT('',#5436);
#4196=LINE('',#5437,#5438);
#4197=LINE('',#5439,#5440);
#4198=VERTEX_POINT('',#5441);
#4199=LINE('',#5442,#5443);
#4200=LINE('',#5444,#5445);
#4201=VERTEX_POINT('',#5446);
#4202=LINE('',#5447,#5448);
#4203=LINE('',#5449,#5450);
#4204=VERTEX_POINT('',#5451);
#4205=LINE('',#5452,#5453);
#4206=LINE('',#5454,#5455);
#4207=LINE('',#5456,#5457);
#4208=VERTEX_POINT('',#5458);
#4209=VERTEX_POINT('',#5459);
#4210=LINE('',#5460,#5461);
#4211=VERTEX_POINT('',#5462);
#4212=LINE('',#5463,#5464);
#4213=VERTEX_POINT('',#5465);
#4214=LINE('',#5466,#5467);
#4215=LINE('',#5468,#5469);
#4216=VERTEX_POINT('',#5470);
#4217=LINE('',#5471,#5472);
#4218=VERTEX_POINT('',#5473);
#4219=LINE('',#5474,#5475);
#4220=LINE('',#5476,#5477);
#4221=VERTEX_POINT('',#5478);
#4222=LINE('',#5479,#5480);
#4223=LINE('',#5481,#5482);
#4224=VERTEX_POINT('',#5483);
#4225=LINE('',#5484,#5485);
#4226=LINE('',#5486,#5487);
#4227=VERTEX_POINT('',#5488);
#4228=LINE('',#5489,#5490);
#4229=LINE('',#5491,#5492);
#4230=LINE('',#5493,#5494);
#4231=VERTEX_POINT('',#5495);
#4232=VERTEX_POINT('',#5496);
#4233=LINE('',#5497,#5498);
#4234=VERTEX_POINT('',#5499);
#4235=LINE('',#5500,#5501);
#4236=VERTEX_POINT('',#5502);
#4237=LINE('',#5503,#5504);
#4238=LINE('',#5505,#5506);
#4239=VERTEX_POINT('',#5507);
#4240=LINE('',#5508,#5509);
#4241=VERTEX_POINT('',#5510);
#4242=LINE('',#5511,#5512);
#4243=LINE('',#5513,#5514);
#4244=VERTEX_POINT('',#5515);
#4245=LINE('',#5516,#5517);
#4246=LINE('',#5518,#5519);
#4247=VERTEX_POINT('',#5520);
#4248=LINE('',#5521,#5522);
#4249=LINE('',#5523,#5524);
#4250=VERTEX_POINT('',#5525);
#4251=LINE('',#5526,#5527);
#4252=LINE('',#5528,#5529);
#4253=LINE('',#5530,#5531);
#4254=VERTEX_POINT('',#5532);
#4255=VERTEX_POINT('',#5533);
#4256=LINE('',#5534,#5535);
#4257=VERTEX_POINT('',#5536);
#4258=LINE('',#5537,#5538);
#4259=VERTEX_POINT('',#5539);
#4260=LINE('',#5540,#5541);
#4261=LINE('',#5542,#5543);
#4262=VERTEX_POINT('',#5544);
#4263=LINE('',#5545,#5546);
#4264=VERTEX_POINT('',#5547);
#4265=LINE('',#5548,#5549);
#4266=LINE('',#5550,#5551);
#4267=VERTEX_POINT('',#5552);
#4268=LINE('',#5553,#5554);
#4269=VERTEX_POINT('',#5555);
#4270=LINE('',#5556,#5557);
#4271=LINE('',#5558,#5559);
#4272=LINE('',#5560,#5561);
#4273=LINE('',#5562,#5563);
#4274=VERTEX_POINT('',#5564);
#4275=LINE('',#5565,#5566);
#4276=VERTEX_POINT('',#5567);
#4277=LINE('',#5568,#5569);
#4278=LINE('',#5570,#5571);
#4279=VERTEX_POINT('',#5572);
#4280=LINE('',#5573,#5574);
#4281=VERTEX_POINT('',#5575);
#4282=LINE('',#5576,#5577);
#4283=LINE('',#5578,#5579);
#4284=LINE('',#5580,#5581);
#4285=LINE('',#5582,#5583);
#4286=VERTEX_POINT('',#5584);
#4287=VERTEX_POINT('',#5585);
#4288=LINE('',#5586,#5587);
#4289=VERTEX_POINT('',#5588);
#4290=LINE('',#5589,#5590);
#4291=VERTEX_POINT('',#5591);
#4292=LINE('',#5592,#5593);
#4293=LINE('',#5594,#5595);
#4294=VERTEX_POINT('',#5596);
#4295=VERTEX_POINT('',#5597);
#4296=LINE('',#5598,#5599);
#4297=VERTEX_POINT('',#5600);
#4298=LINE('',#5601,#5602);
#4299=VERTEX_POINT('',#5603);
#4300=LINE('',#5604,#5605);
#4301=LINE('',#5606,#5607);
#4302=VERTEX_POINT('',#5608);
#4303=VERTEX_POINT('',#5609);
#4304=LINE('',#5610,#5611);
#4305=VERTEX_POINT('',#5612);
#4306=LINE('',#5613,#5614);
#4307=VERTEX_POINT('',#5615);
#4308=LINE('',#5616,#5617);
#4309=LINE('',#5618,#5619);
#4310=LINE('',#5620,#5621);
#4311=CIRCLE('',#5622,0.38);
#4312=CIRCLE('',#5623,0.38);
#4313=LINE('',#5624,#5625);
#4314=CIRCLE('',#5626,0.38);
#4315=CIRCLE('',#5627,0.38);
#4316=VERTEX_POINT('',#5628);
#4317=LINE('',#5629,#5630);
#4318=VERTEX_POINT('',#5631);
#4319=LINE('',#5632,#5633);
#4320=LINE('',#5634,#5635);
#4321=VERTEX_POINT('',#5636);
#4322=CIRCLE('',#5637,0.880000000000001);
#4323=VERTEX_POINT('',#5638);
#4324=LINE('',#5639,#5640);
#4325=CIRCLE('',#5641,0.320000000000005);
#4326=VERTEX_POINT('',#5642);
#4327=CIRCLE('',#5643,0.320000000000005);
#4328=VERTEX_POINT('',#5644);
#4329=LINE('',#5645,#5646);
#4330=CIRCLE('',#5647,0.880000000000001);
#4331=LINE('',#5648,#5649);
#4332=LINE('',#5650,#5651);
#4333=LINE('',#5652,#5653);
#4334=LINE('',#5654,#5655);
#4335=LINE('',#5656,#5657);
#4336=LINE('',#5658,#5659);
#4337=VERTEX_POINT('',#5660);
#4338=VERTEX_POINT('',#5661);
#4339=LINE('',#5662,#5663);
#4340=VERTEX_POINT('',#5664);
#4341=LINE('',#5665,#5666);
#4342=VERTEX_POINT('',#5667);
#4343=LINE('',#5668,#5669);
#4344=LINE('',#5670,#5671);
#4345=VERTEX_POINT('',#5672);
#4346=VERTEX_POINT('',#5673);
#4347=LINE('',#5674,#5675);
#4348=VERTEX_POINT('',#5676);
#4349=LINE('',#5677,#5678);
#4350=VERTEX_POINT('',#5679);
#4351=LINE('',#5680,#5681);
#4352=LINE('',#5682,#5683);
#4353=VERTEX_POINT('',#5684);
#4354=VERTEX_POINT('',#5685);
#4355=LINE('',#5686,#5687);
#4356=VERTEX_POINT('',#5688);
#4357=LINE('',#5689,#5690);
#4358=VERTEX_POINT('',#5691);
#4359=LINE('',#5692,#5693);
#4360=LINE('',#5694,#5695);
#4361=LINE('',#5696,#5697);
#4362=CIRCLE('',#5698,0.38);
#4363=CIRCLE('',#5699,0.38);
#4364=LINE('',#5700,#5701);
#4365=CIRCLE('',#5702,0.38);
#4366=CIRCLE('',#5703,0.38);
#4367=VERTEX_POINT('',#5704);
#4368=LINE('',#5705,#5706);
#4369=VERTEX_POINT('',#5707);
#4370=LINE('',#5708,#5709);
#4371=LINE('',#5710,#5711);
#4372=VERTEX_POINT('',#5712);
#4373=CIRCLE('',#5713,0.880000000000001);
#4374=VERTEX_POINT('',#5714);
#4375=LINE('',#5715,#5716);
#4376=CIRCLE('',#5717,0.320000000000005);
#4377=VERTEX_POINT('',#5718);
#4378=CIRCLE('',#5719,0.320000000000005);
#4379=VERTEX_POINT('',#5720);
#4380=LINE('',#5721,#5722);
#4381=CIRCLE('',#5723,0.880000000000001);
#4382=LINE('',#5724,#5725);
#4383=LINE('',#5726,#5727);
#4384=LINE('',#5728,#5729);
#4385=LINE('',#5730,#5731);
#4386=LINE('',#5732,#5733);
#4387=LINE('',#5734,#5735);
#4388=VERTEX_POINT('',#5736);
#4389=VERTEX_POINT('',#5737);
#4390=LINE('',#5738,#5739);
#4391=VERTEX_POINT('',#5740);
#4392=LINE('',#5741,#5742);
#4393=VERTEX_POINT('',#5743);
#4394=LINE('',#5744,#5745);
#4395=LINE('',#5746,#5747);
#4396=VERTEX_POINT('',#5748);
#4397=VERTEX_POINT('',#5749);
#4398=LINE('',#5750,#5751);
#4399=VERTEX_POINT('',#5752);
#4400=LINE('',#5753,#5754);
#4401=VERTEX_POINT('',#5755);
#4402=LINE('',#5756,#5757);
#4403=LINE('',#5758,#5759);
#4404=VERTEX_POINT('',#5760);
#4405=VERTEX_POINT('',#5761);
#4406=LINE('',#5762,#5763);
#4407=VERTEX_POINT('',#5764);
#4408=LINE('',#5765,#5766);
#4409=VERTEX_POINT('',#5767);
#4410=LINE('',#5768,#5769);
#4411=LINE('',#5770,#5771);
#4412=LINE('',#5772,#5773);
#4413=CIRCLE('',#5774,0.38);
#4414=CIRCLE('',#5775,0.38);
#4415=LINE('',#5776,#5777);
#4416=CIRCLE('',#5778,0.38);
#4417=CIRCLE('',#5779,0.38);
#4418=VERTEX_POINT('',#5780);
#4419=LINE('',#5781,#5782);
#4420=VERTEX_POINT('',#5783);
#4421=LINE('',#5784,#5785);
#4422=LINE('',#5786,#5787);
#4423=VERTEX_POINT('',#5788);
#4424=CIRCLE('',#5789,0.880000000000001);
#4425=VERTEX_POINT('',#5790);
#4426=LINE('',#5791,#5792);
#4427=CIRCLE('',#5793,0.320000000000005);
#4428=VERTEX_POINT('',#5794);
#4429=CIRCLE('',#5795,0.320000000000005);
#4430=VERTEX_POINT('',#5796);
#4431=LINE('',#5797,#5798);
#4432=CIRCLE('',#5799,0.880000000000001);
#4433=LINE('',#5800,#5801);
#4434=LINE('',#5802,#5803);
#4435=LINE('',#5804,#5805);
#4436=LINE('',#5806,#5807);
#4437=LINE('',#5808,#5809);
#4438=LINE('',#5810,#5811);
#4439=VERTEX_POINT('',#5812);
#4440=VERTEX_POINT('',#5813);
#4441=LINE('',#5814,#5815);
#4442=VERTEX_POINT('',#5816);
#4443=LINE('',#5817,#5818);
#4444=VERTEX_POINT('',#5819);
#4445=LINE('',#5820,#5821);
#4446=LINE('',#5822,#5823);
#4447=VERTEX_POINT('',#5824);
#4448=VERTEX_POINT('',#5825);
#4449=LINE('',#5826,#5827);
#4450=VERTEX_POINT('',#5828);
#4451=LINE('',#5829,#5830);
#4452=VERTEX_POINT('',#5831);
#4453=LINE('',#5832,#5833);
#4454=LINE('',#5834,#5835);
#4455=VERTEX_POINT('',#5836);
#4456=VERTEX_POINT('',#5837);
#4457=LINE('',#5838,#5839);
#4458=VERTEX_POINT('',#5840);
#4459=LINE('',#5841,#5842);
#4460=VERTEX_POINT('',#5843);
#4461=LINE('',#5844,#5845);
#4462=LINE('',#5846,#5847);
#4463=LINE('',#5848,#5849);
#4464=CIRCLE('',#5850,0.38);
#4465=CIRCLE('',#5851,0.38);
#4466=LINE('',#5852,#5853);
#4467=CIRCLE('',#5854,0.38);
#4468=CIRCLE('',#5855,0.38);
#4469=VERTEX_POINT('',#5856);
#4470=LINE('',#5857,#5858);
#4471=VERTEX_POINT('',#5859);
#4472=LINE('',#5860,#5861);
#4473=LINE('',#5862,#5863);
#4474=VERTEX_POINT('',#5864);
#4475=CIRCLE('',#5865,0.880000000000001);
#4476=VERTEX_POINT('',#5866);
#4477=LINE('',#5867,#5868);
#4478=CIRCLE('',#5869,0.320000000000005);
#4479=VERTEX_POINT('',#5870);
#4480=CIRCLE('',#5871,0.320000000000005);
#4481=VERTEX_POINT('',#5872);
#4482=LINE('',#5873,#5874);
#4483=CIRCLE('',#5875,0.880000000000001);
#4484=LINE('',#5876,#5877);
#4485=LINE('',#5878,#5879);
#4486=LINE('',#5880,#5881);
#4487=LINE('',#5882,#5883);
#4488=LINE('',#5884,#5885);
#4489=LINE('',#5886,#5887);
#4490=VERTEX_POINT('',#5888);
#4491=VERTEX_POINT('',#5889);
#4492=LINE('',#5890,#5891);
#4493=VERTEX_POINT('',#5892);
#4494=LINE('',#5893,#5894);
#4495=VERTEX_POINT('',#5895);
#4496=LINE('',#5896,#5897);
#4497=LINE('',#5898,#5899);
#4498=VERTEX_POINT('',#5900);
#4499=VERTEX_POINT('',#5901);
#4500=LINE('',#5902,#5903);
#4501=VERTEX_POINT('',#5904);
#4502=LINE('',#5905,#5906);
#4503=VERTEX_POINT('',#5907);
#4504=LINE('',#5908,#5909);
#4505=LINE('',#5910,#5911);
#4506=VERTEX_POINT('',#5912);
#4507=VERTEX_POINT('',#5913);
#4508=LINE('',#5914,#5915);
#4509=VERTEX_POINT('',#5916);
#4510=LINE('',#5917,#5918);
#4511=VERTEX_POINT('',#5919);
#4512=LINE('',#5920,#5921);
#4513=LINE('',#5922,#5923);
#4514=LINE('',#5924,#5925);
#4515=CIRCLE('',#5926,0.38);
#4516=CIRCLE('',#5927,0.38);
#4517=LINE('',#5928,#5929);
#4518=CIRCLE('',#5930,0.38);
#4519=CIRCLE('',#5931,0.38);
#4520=VERTEX_POINT('',#5932);
#4521=LINE('',#5933,#5934);
#4522=VERTEX_POINT('',#5935);
#4523=LINE('',#5936,#5937);
#4524=LINE('',#5938,#5939);
#4525=VERTEX_POINT('',#5940);
#4526=CIRCLE('',#5941,0.880000000000001);
#4527=VERTEX_POINT('',#5942);
#4528=LINE('',#5943,#5944);
#4529=CIRCLE('',#5945,0.320000000000005);
#4530=VERTEX_POINT('',#5946);
#4531=CIRCLE('',#5947,0.320000000000005);
#4532=VERTEX_POINT('',#5948);
#4533=LINE('',#5949,#5950);
#4534=CIRCLE('',#5951,0.880000000000001);
#4535=LINE('',#5952,#5953);
#4536=LINE('',#5954,#5955);
#4537=LINE('',#5956,#5957);
#4538=LINE('',#5958,#5959);
#4539=LINE('',#5960,#5961);
#4540=LINE('',#5962,#5963);
#4541=VERTEX_POINT('',#5964);
#4542=VERTEX_POINT('',#5965);
#4543=LINE('',#5966,#5967);
#4544=VERTEX_POINT('',#5968);
#4545=LINE('',#5969,#5970);
#4546=VERTEX_POINT('',#5971);
#4547=LINE('',#5972,#5973);
#4548=LINE('',#5974,#5975);
#4549=VERTEX_POINT('',#5976);
#4550=VERTEX_POINT('',#5977);
#4551=LINE('',#5978,#5979);
#4552=VERTEX_POINT('',#5980);
#4553=LINE('',#5981,#5982);
#4554=VERTEX_POINT('',#5983);
#4555=LINE('',#5984,#5985);
#4556=LINE('',#5986,#5987);
#4557=VERTEX_POINT('',#5988);
#4558=VERTEX_POINT('',#5989);
#4559=LINE('',#5990,#5991);
#4560=VERTEX_POINT('',#5992);
#4561=LINE('',#5993,#5994);
#4562=VERTEX_POINT('',#5995);
#4563=LINE('',#5996,#5997);
#4564=LINE('',#5998,#5999);
#4565=LINE('',#6000,#6001);
#4566=CIRCLE('',#6002,0.38);
#4567=CIRCLE('',#6003,0.38);
#4568=LINE('',#6004,#6005);
#4569=CIRCLE('',#6006,0.38);
#4570=CIRCLE('',#6007,0.38);
#4571=VERTEX_POINT('',#6008);
#4572=LINE('',#6009,#6010);
#4573=VERTEX_POINT('',#6011);
#4574=LINE('',#6012,#6013);
#4575=LINE('',#6014,#6015);
#4576=VERTEX_POINT('',#6016);
#4577=CIRCLE('',#6017,0.880000000000001);
#4578=VERTEX_POINT('',#6018);
#4579=LINE('',#6019,#6020);
#4580=CIRCLE('',#6021,0.320000000000005);
#4581=VERTEX_POINT('',#6022);
#4582=CIRCLE('',#6023,0.320000000000005);
#4583=VERTEX_POINT('',#6024);
#4584=LINE('',#6025,#6026);
#4585=CIRCLE('',#6027,0.880000000000001);
#4586=LINE('',#6028,#6029);
#4587=LINE('',#6030,#6031);
#4588=LINE('',#6032,#6033);
#4589=LINE('',#6034,#6035);
#4590=LINE('',#6036,#6037);
#4591=LINE('',#6038,#6039);
#4592=VERTEX_POINT('',#6040);
#4593=CIRCLE('',#6041,0.199999999999999);
#4594=VERTEX_POINT('',#6042);
#4595=LINE('',#6043,#6044);
#4596=CIRCLE('',#6045,0.199999999999999);
#4597=VERTEX_POINT('',#6046);
#4598=VERTEX_POINT('',#6047);
#4599=LINE('',#6048,#6049);
#4600=VERTEX_POINT('',#6050);
#4601=LINE('',#6051,#6052);
#4602=VERTEX_POINT('',#6053);
#4603=LINE('',#6054,#6055);
#4604=LINE('',#6056,#6057);
#4605=VERTEX_POINT('',#6058);
#4606=LINE('',#6059,#6060);
#4607=VERTEX_POINT('',#6061);
#4608=LINE('',#6062,#6063);
#4609=LINE('',#6064,#6065);
#4610=CIRCLE('',#6066,0.649999999999999);
#4611=CIRCLE('',#6067,0.649999999999999);
#4612=LINE('',#6068,#6069);
#4613=LINE('',#6070,#6071);
#4614=VERTEX_POINT('',#6072);
#4615=CIRCLE('',#6073,0.199999999999999);
#4616=VERTEX_POINT('',#6074);
#4617=LINE('',#6075,#6076);
#4618=CIRCLE('',#6077,0.199999999999999);
#4619=VERTEX_POINT('',#6078);
#4620=CIRCLE('',#6079,0.649999999999999);
#4621=VERTEX_POINT('',#6080);
#4622=CIRCLE('',#6081,0.649999999999999);
#4623=LINE('',#6082,#6083);
#4624=VERTEX_POINT('',#6084);
#4625=LINE('',#6085,#6086);
#4626=VERTEX_POINT('',#6087);
#4627=LINE('',#6088,#6089);
#4628=LINE('',#6090,#6091);
#4629=VERTEX_POINT('',#6092);
#4630=LINE('',#6093,#6094);
#4631=VERTEX_POINT('',#6095);
#4632=LINE('',#6096,#6097);
#4633=LINE('',#6098,#6099);
#4634=LINE('',#6100,#6101);
#4635=LINE('',#6102,#6103);
#4636=VERTEX_POINT('',#6104);
#4637=VERTEX_POINT('',#6105);
#4638=LINE('',#6106,#6107);
#4639=VERTEX_POINT('',#6108);
#4640=LINE('',#6109,#6110);
#4641=VERTEX_POINT('',#6111);
#4642=LINE('',#6112,#6113);
#4643=LINE('',#6114,#6115);
#4644=VERTEX_POINT('',#6116);
#4645=LINE('',#6117,#6118);
#4646=VERTEX_POINT('',#6119);
#4647=LINE('',#6120,#6121);
#4648=LINE('',#6122,#6123);
#4649=VERTEX_POINT('',#6124);
#4650=LINE('',#6125,#6126);
#4651=VERTEX_POINT('',#6127);
#4652=LINE('',#6128,#6129);
#4653=LINE('',#6130,#6131);
#4654=VERTEX_POINT('',#6132);
#4655=LINE('',#6133,#6134);
#4656=VERTEX_POINT('',#6135);
#4657=LINE('',#6136,#6137);
#4658=LINE('',#6138,#6139);
#4659=LINE('',#6140,#6141);
#4660=LINE('',#6142,#6143);
#4661=LINE('',#6144,#6145);
#4662=LINE('',#6146,#6147);
#4663=VERTEX_POINT('',#6148);
#4664=LINE('',#6149,#6150);
#4665=VERTEX_POINT('',#6151);
#4666=LINE('',#6152,#6153);
#4667=VERTEX_POINT('',#6154);
#4668=LINE('',#6155,#6156);
#4669=VERTEX_POINT('',#6157);
#4670=LINE('',#6158,#6159);
#4671=VERTEX_POINT('',#6160);
#4672=LINE('',#6161,#6162);
#4673=LINE('',#6163,#6164);
#4674=VERTEX_POINT('',#6165);
#4675=LINE('',#6166,#6167);
#4676=VERTEX_POINT('',#6168);
#4677=LINE('',#6169,#6170);
#4678=VERTEX_POINT('',#6171);
#4679=LINE('',#6172,#6173);
#4680=VERTEX_POINT('',#6174);
#4681=LINE('',#6175,#6176);
#4682=VERTEX_POINT('',#6177);
#4683=LINE('',#6178,#6179);
#4684=LINE('',#6180,#6181);
#4685=LINE('',#6182,#6183);
#4686=LINE('',#6184,#6185);
#4687=LINE('',#6186,#6187);
#4688=LINE('',#6188,#6189);
#4689=LINE('',#6190,#6191);
#4690=VERTEX_POINT('',#6192);
#4691=VERTEX_POINT('',#6193);
#4692=LINE('',#6194,#6195);
#4693=VERTEX_POINT('',#6196);
#4694=LINE('',#6197,#6198);
#4695=VERTEX_POINT('',#6199);
#4696=LINE('',#6200,#6201);
#4697=LINE('',#6202,#6203);
#4698=VERTEX_POINT('',#6204);
#4699=LINE('',#6205,#6206);
#4700=VERTEX_POINT('',#6207);
#4701=LINE('',#6208,#6209);
#4702=LINE('',#6210,#6211);
#4703=VERTEX_POINT('',#6212);
#4704=LINE('',#6213,#6214);
#4705=VERTEX_POINT('',#6215);
#4706=LINE('',#6216,#6217);
#4707=LINE('',#6218,#6219);
#4708=VERTEX_POINT('',#6220);
#4709=LINE('',#6221,#6222);
#4710=VERTEX_POINT('',#6223);
#4711=LINE('',#6224,#6225);
#4712=LINE('',#6226,#6227);
#4713=LINE('',#6228,#6229);
#4714=LINE('',#6230,#6231);
#4715=LINE('',#6232,#6233);
#4716=LINE('',#6234,#6235);
#4717=VERTEX_POINT('',#6236);
#4718=LINE('',#6237,#6238);
#4719=VERTEX_POINT('',#6239);
#4720=LINE('',#6240,#6241);
#4721=VERTEX_POINT('',#6242);
#4722=LINE('',#6243,#6244);
#4723=VERTEX_POINT('',#6245);
#4724=LINE('',#6246,#6247);
#4725=VERTEX_POINT('',#6248);
#4726=LINE('',#6249,#6250);
#4727=LINE('',#6251,#6252);
#4728=VERTEX_POINT('',#6253);
#4729=LINE('',#6254,#6255);
#4730=VERTEX_POINT('',#6256);
#4731=LINE('',#6257,#6258);
#4732=VERTEX_POINT('',#6259);
#4733=LINE('',#6260,#6261);
#4734=VERTEX_POINT('',#6262);
#4735=LINE('',#6263,#6264);
#4736=VERTEX_POINT('',#6265);
#4737=LINE('',#6266,#6267);
#4738=LINE('',#6268,#6269);
#4739=LINE('',#6270,#6271);
#4740=LINE('',#6272,#6273);
#4741=LINE('',#6274,#6275);
#4742=LINE('',#6276,#6277);
#4743=LINE('',#6278,#6279);
#4744=CARTESIAN_POINT('',(9.4178,3.475,6.50521303491303E-16));
#4745=CARTESIAN_POINT('',(9.4178,3.99,6.50521303491303E-16));
#4746=CARTESIAN_POINT('',(9.4178,9.9,6.62533918338718E-16));
#4747=VECTOR('',#6280,1.0);
#4748=CARTESIAN_POINT('',(9.875,3.475,6.50521303491303E-16));
#4749=CARTESIAN_POINT('',(-10.82,3.475,6.62533918338718E-16));
#4750=VECTOR('',#6281,1.0);
#4751=CARTESIAN_POINT('',(9.875,3.99,6.62533918338718E-16));
#4752=CARTESIAN_POINT('',(9.875,9.9,6.62533918338718E-16));
#4753=VECTOR('',#6282,1.0);
#4754=CARTESIAN_POINT('',(-10.82,3.99,6.62533918338718E-16));
#4755=VECTOR('',#6283,1.0);
#4756=CARTESIAN_POINT('',(9.4178,5.21,6.50521303491303E-16));
#4757=CARTESIAN_POINT('',(9.4178,5.725,6.50521303491303E-16));
#4758=CARTESIAN_POINT('',(9.4178,9.9,6.62533918338718E-16));
#4759=VECTOR('',#6284,1.0);
#4760=CARTESIAN_POINT('',(9.875,5.21,6.50521303491303E-16));
#4761=CARTESIAN_POINT('',(-10.82,5.21,6.62533918338718E-16));
#4762=VECTOR('',#6285,1.0);
#4763=CARTESIAN_POINT('',(9.875,5.725,6.62533918338718E-16));
#4764=CARTESIAN_POINT('',(9.875,9.9,6.62533918338718E-16));
#4765=VECTOR('',#6286,1.0);
#4766=CARTESIAN_POINT('',(-10.82,5.725,6.62533918338718E-16));
#4767=VECTOR('',#6287,1.0);
#4768=CARTESIAN_POINT('',(5.85,8.06,6.62533918338718E-16));
#4769=CARTESIAN_POINT('',(6.85,8.06,6.62533918338718E-16));
#4770=CARTESIAN_POINT('',(6.85,8.06,1.52312566744958E-15));
#4771=VECTOR('',#6288,1.0);
#4772=CARTESIAN_POINT('',(5.85,1.6,1.66533453693773E-15));
#4773=CARTESIAN_POINT('',(5.85,8.06,1.66533453693773E-15));
#4774=VECTOR('',#6289,1.0);
#4775=CARTESIAN_POINT('',(6.85,1.6,6.62533918338718E-16));
#4776=CARTESIAN_POINT('',(6.85,1.6,1.52312566744958E-15));
#4777=VECTOR('',#6290,1.0);
#4778=CARTESIAN_POINT('',(6.85,8.06,1.51788304147971E-15));
#4779=VECTOR('',#6291,1.0);
#4780=CARTESIAN_POINT('',(-6.85,8.06,6.62533918338718E-16));
#4781=CARTESIAN_POINT('',(-5.85,8.06,6.62533918338718E-16));
#4782=CARTESIAN_POINT('',(-5.85,8.06,1.62270559245987E-15));
#4783=VECTOR('',#6292,1.0);
#4784=CARTESIAN_POINT('',(-6.85,1.6,1.55431223447522E-15));
#4785=CARTESIAN_POINT('',(-6.85,8.06,1.55431223447522E-15));
#4786=VECTOR('',#6293,1.0);
#4787=CARTESIAN_POINT('',(-5.85,1.6,6.62533918338718E-16));
#4788=CARTESIAN_POINT('',(-5.85,1.6,1.62270559245987E-15));
#4789=VECTOR('',#6294,1.0);
#4790=CARTESIAN_POINT('',(-5.85,8.06,1.62630325872826E-15));
#4791=VECTOR('',#6295,1.0);
#4792=CARTESIAN_POINT('',(9.88,8.05,8.40256683676266E-16));
#4793=CARTESIAN_POINT('',(9.88,7.79000000000001,8.40256683676266E-16));
#4794=CARTESIAN_POINT('',(9.88,79.695,8.40256683676266E-16));
#4795=VECTOR('',#6296,1.0);
#4796=CARTESIAN_POINT('',(9.5000168137989,7.79,6.50521303491303E-16));
#4797=CARTESIAN_POINT('',(-10.82,7.79,6.62533918338718E-16));
#4798=VECTOR('',#6297,1.0);
#4799=CARTESIAN_POINT('',(9.5000168137989,7.15,6.50521303491303E-16));
#4800=CARTESIAN_POINT('',(9.5000168137989,7.79,7.58941520739853E-16));
#4801=VECTOR('',#6298,1.0);
#4802=CARTESIAN_POINT('',(9.88,7.15,8.40256683676266E-16));
#4803=CARTESIAN_POINT('',(-10.82,7.15,6.62533918338718E-16));
#4804=VECTOR('',#6299,1.0);
#4805=CARTESIAN_POINT('',(9.88,0.548206652593336,8.40256683676266E-16));
#4806=CARTESIAN_POINT('',(9.88,79.695,8.40256683676266E-16));
#4807=VECTOR('',#6300,1.0);
#4808=CARTESIAN_POINT('',(9.42,0.0,0.0));
#4809=CARTESIAN_POINT('',(10.82,1.66845502963189,0.0));
#4810=VECTOR('',#6301,1.0);
#4811=CARTESIAN_POINT('',(-9.42,0.0,6.62533918338718E-16));
#4812=CARTESIAN_POINT('',(-10.82,0.0,6.62533918338718E-16));
#4813=VECTOR('',#6302,1.0);
#4814=CARTESIAN_POINT('',(-9.88,0.548206652593336,8.4623093821082E-16));
#4815=CARTESIAN_POINT('',(-9.42,0.0,0.0));
#4816=VECTOR('',#6303,1.0);
#4817=CARTESIAN_POINT('',(-9.88,7.15,8.46233030514737E-16));
#4818=CARTESIAN_POINT('',(-9.88,79.695,8.4623093821082E-16));
#4819=VECTOR('',#6304,1.0);
#4820=CARTESIAN_POINT('',(-9.5000168137989,7.15,6.50521303491303E-16));
#4821=CARTESIAN_POINT('',(-10.82,7.15,6.62533918338718E-16));
#4822=VECTOR('',#6305,1.0);
#4823=CARTESIAN_POINT('',(-9.5000168137989,7.79,6.50521303491303E-16));
#4824=CARTESIAN_POINT('',(-9.5000168137989,7.79,7.58941520739853E-16));
#4825=VECTOR('',#6306,1.0);
#4826=CARTESIAN_POINT('',(-9.88,7.79000000000001,8.46233030514737E-16));
#4827=CARTESIAN_POINT('',(-10.82,7.79,6.62533918338718E-16));
#4828=VECTOR('',#6307,1.0);
#4829=CARTESIAN_POINT('',(-9.88,8.05,8.4623093821082E-16));
#4830=CARTESIAN_POINT('',(-9.88,79.695,8.4623093821082E-16));
#4831=VECTOR('',#6308,1.0);
#4832=CARTESIAN_POINT('',(-9.885,8.05,8.46158791031342E-16));
#4833=CARTESIAN_POINT('',(-10.82,8.05,8.32667268468867E-16));
#4834=VECTOR('',#6309,1.0);
#4835=CARTESIAN_POINT('',(-9.885,9.6,6.62533918338718E-16));
#4836=CARTESIAN_POINT('',(-9.885,9.6,0.0));
#4837=VECTOR('',#6310,1.0);
#4838=CARTESIAN_POINT('',(-10.185,9.9,6.62533918338718E-16));
#4839=CARTESIAN_POINT('',(-10.185,9.9,0.0));
#4840=VECTOR('',#6311,1.0);
#4841=CARTESIAN_POINT('',(-7.82,9.9,6.62533918338718E-16));
#4842=CARTESIAN_POINT('',(-10.82,9.9,6.62533918338718E-16));
#4843=VECTOR('',#6312,1.0);
#4844=CARTESIAN_POINT('',(-7.82,8.75641029632469,6.50521303491303E-16));
#4845=CARTESIAN_POINT('',(-7.82,9.9,6.62533918338718E-16));
#4846=VECTOR('',#6313,1.0);
#4847=CARTESIAN_POINT('',(-7.18,8.75641029632469,7.58941520739853E-16));
#4848=CARTESIAN_POINT('',(-7.18,8.75641029632469,7.58941520739853E-16));
#4849=VECTOR('',#6314,1.0);
#4850=CARTESIAN_POINT('',(-7.18,9.9,6.62533918338718E-16));
#4851=CARTESIAN_POINT('',(-7.18,9.9,6.62533918338718E-16));
#4852=VECTOR('',#6315,1.0);
#4853=CARTESIAN_POINT('',(-4.82,9.9,6.62533918338718E-16));
#4854=CARTESIAN_POINT('',(-10.82,9.9,6.62533918338718E-16));
#4855=VECTOR('',#6316,1.0);
#4856=CARTESIAN_POINT('',(-4.82,8.75641029632469,6.50521303491303E-16));
#4857=CARTESIAN_POINT('',(-4.82,9.9,6.62533918338718E-16));
#4858=VECTOR('',#6317,1.0);
#4859=CARTESIAN_POINT('',(-4.18,8.75641029632469,7.58941520739853E-16));
#4860=CARTESIAN_POINT('',(-4.18,8.75641029632469,7.58941520739853E-16));
#4861=VECTOR('',#6318,1.0);
#4862=CARTESIAN_POINT('',(-4.18,9.9,6.62533918338718E-16));
#4863=CARTESIAN_POINT('',(-4.18,9.9,6.62533918338718E-16));
#4864=VECTOR('',#6319,1.0);
#4865=CARTESIAN_POINT('',(-1.82,9.9,6.62533918338718E-16));
#4866=CARTESIAN_POINT('',(-10.82,9.9,6.62533918338718E-16));
#4867=VECTOR('',#6320,1.0);
#4868=CARTESIAN_POINT('',(-1.82,8.75641029632469,6.50521303491303E-16));
#4869=CARTESIAN_POINT('',(-1.82,9.9,6.62533918338718E-16));
#4870=VECTOR('',#6321,1.0);
#4871=CARTESIAN_POINT('',(-1.18,8.75641029632469,7.58941520739853E-16));
#4872=CARTESIAN_POINT('',(-1.18,8.75641029632469,7.58941520739853E-16));
#4873=VECTOR('',#6322,1.0);
#4874=CARTESIAN_POINT('',(-1.18,9.9,6.62533918338718E-16));
#4875=CARTESIAN_POINT('',(-1.18,9.9,6.62533918338718E-16));
#4876=VECTOR('',#6323,1.0);
#4877=CARTESIAN_POINT('',(1.18,9.9,6.62533918338718E-16));
#4878=CARTESIAN_POINT('',(-10.82,9.9,6.62533918338718E-16));
#4879=VECTOR('',#6324,1.0);
#4880=CARTESIAN_POINT('',(1.18,8.75641029632469,6.50521303491303E-16));
#4881=CARTESIAN_POINT('',(1.18,9.9,6.62533918338718E-16));
#4882=VECTOR('',#6325,1.0);
#4883=CARTESIAN_POINT('',(1.82,8.75641029632469,7.58941520739853E-16));
#4884=CARTESIAN_POINT('',(1.82,8.75641029632469,7.58941520739853E-16));
#4885=VECTOR('',#6326,1.0);
#4886=CARTESIAN_POINT('',(1.82,9.9,6.62533918338718E-16));
#4887=CARTESIAN_POINT('',(1.82,9.9,6.62533918338718E-16));
#4888=VECTOR('',#6327,1.0);
#4889=CARTESIAN_POINT('',(4.18,9.9,6.62533918338718E-16));
#4890=CARTESIAN_POINT('',(-10.82,9.9,6.62533918338718E-16));
#4891=VECTOR('',#6328,1.0);
#4892=CARTESIAN_POINT('',(4.18,8.75641029632469,6.50521303491303E-16));
#4893=CARTESIAN_POINT('',(4.18,9.9,6.62533918338718E-16));
#4894=VECTOR('',#6329,1.0);
#4895=CARTESIAN_POINT('',(4.82,8.75641029632469,7.58941520739853E-16));
#4896=CARTESIAN_POINT('',(4.82,8.75641029632469,7.58941520739853E-16));
#4897=VECTOR('',#6330,1.0);
#4898=CARTESIAN_POINT('',(4.82,9.9,6.62533918338718E-16));
#4899=CARTESIAN_POINT('',(4.82,9.9,6.62533918338718E-16));
#4900=VECTOR('',#6331,1.0);
#4901=CARTESIAN_POINT('',(7.18,9.9,6.62533918338718E-16));
#4902=CARTESIAN_POINT('',(-10.82,9.9,6.62533918338718E-16));
#4903=VECTOR('',#6332,1.0);
#4904=CARTESIAN_POINT('',(7.18,8.75641029632469,6.50521303491303E-16));
#4905=CARTESIAN_POINT('',(7.18,9.9,6.62533918338718E-16));
#4906=VECTOR('',#6333,1.0);
#4907=CARTESIAN_POINT('',(7.82,8.75641029632469,7.58941520739853E-16));
#4908=CARTESIAN_POINT('',(7.82,8.75641029632469,7.58941520739853E-16));
#4909=VECTOR('',#6334,1.0);
#4910=CARTESIAN_POINT('',(7.82,9.9,6.62533918338718E-16));
#4911=CARTESIAN_POINT('',(7.82,9.9,6.62533918338718E-16));
#4912=VECTOR('',#6335,1.0);
#4913=CARTESIAN_POINT('',(10.185,9.9,0.0));
#4914=CARTESIAN_POINT('',(-10.82,9.9,6.62533918338718E-16));
#4915=VECTOR('',#6336,1.0);
#4916=CARTESIAN_POINT('',(9.885,9.6,0.0));
#4917=CARTESIAN_POINT('',(10.185,9.9,0.0));
#4918=VECTOR('',#6337,1.0);
#4919=CARTESIAN_POINT('',(9.885,8.05,8.46158791031342E-16));
#4920=CARTESIAN_POINT('',(9.885,9.6,0.0));
#4921=VECTOR('',#6338,1.0);
#4922=CARTESIAN_POINT('',(9.88,8.05,8.4623093821082E-16));
#4923=VECTOR('',#6339,1.0);
#4924=CARTESIAN_POINT('',(-9.875,5.21,6.62533918338718E-16));
#4925=CARTESIAN_POINT('',(-9.4178,5.21,6.62533918338718E-16));
#4926=CARTESIAN_POINT('',(-10.82,5.21,6.62533918338718E-16));
#4927=VECTOR('',#6340,1.0);
#4928=CARTESIAN_POINT('',(-9.4178,5.725,6.62533918338718E-16));
#4929=CARTESIAN_POINT('',(-9.4178,9.9,6.62533918338718E-16));
#4930=VECTOR('',#6341,1.0);
#4931=CARTESIAN_POINT('',(-9.875,5.725,6.50521303491303E-16));
#4932=CARTESIAN_POINT('',(-10.82,5.725,6.62533918338718E-16));
#4933=VECTOR('',#6342,1.0);
#4934=CARTESIAN_POINT('',(-9.875,9.9,6.62533918338718E-16));
#4935=VECTOR('',#6343,1.0);
#4936=CARTESIAN_POINT('',(-9.875,3.475,6.62533918338718E-16));
#4937=CARTESIAN_POINT('',(-9.4178,3.475,6.62533918338718E-16));
#4938=CARTESIAN_POINT('',(-10.82,3.475,6.62533918338718E-16));
#4939=VECTOR('',#6344,1.0);
#4940=CARTESIAN_POINT('',(-9.4178,3.99,6.62533918338718E-16));
#4941=CARTESIAN_POINT('',(-9.4178,9.9,6.62533918338718E-16));
#4942=VECTOR('',#6345,1.0);
#4943=CARTESIAN_POINT('',(-9.875,3.99,6.50521303491303E-16));
#4944=CARTESIAN_POINT('',(-10.82,3.99,6.62533918338718E-16));
#4945=VECTOR('',#6346,1.0);
#4946=CARTESIAN_POINT('',(-9.875,9.9,6.62533918338718E-16));
#4947=VECTOR('',#6347,1.0);
#4948=CARTESIAN_POINT('',(9.88,7.79000000000001,0.130000000000001));
#4949=CARTESIAN_POINT('',(9.88,7.79000000000001,0.130000000000001));
#4950=VECTOR('',#6348,1.0);
#4951=CARTESIAN_POINT('',(9.88,8.05,0.130000000000001));
#4952=CARTESIAN_POINT('',(9.88,8.05,0.130000000000001));
#4953=VECTOR('',#6349,1.0);
#4954=CARTESIAN_POINT('',(9.88,79.695,0.130000000000001));
#4955=VECTOR('',#6350,1.0);
#4956=CARTESIAN_POINT('',(9.94997086017546,7.79,0.130000000000001));
#4957=CARTESIAN_POINT('',(10.1053239431684,7.79000000000001,0.130000000000001));
#4958=VECTOR('',#6351,1.0);
#4959=CARTESIAN_POINT('',(10.1053239431684,8.05,0.130000000000001));
#4960=CARTESIAN_POINT('',(10.1053239431684,8.05,0.130000000000001));
#4961=VECTOR('',#6352,1.0);
#4962=CARTESIAN_POINT('',(10.1053239431684,0.816737271361764,0.129999999999998));
#4963=CARTESIAN_POINT('',(10.1053239431684,79.695,0.130000000000001));
#4964=VECTOR('',#6353,1.0);
#4965=CARTESIAN_POINT('',(9.87999999999999,0.548206652593315,0.13));
#4966=CARTESIAN_POINT('',(10.82,1.66845502963189,0.129999999999998));
#4967=VECTOR('',#6354,1.0);
#4968=CARTESIAN_POINT('',(9.88,7.15,0.130000000000001));
#4969=CARTESIAN_POINT('',(9.88,79.695,0.130000000000001));
#4970=VECTOR('',#6355,1.0);
#4971=CARTESIAN_POINT('',(9.94997086017546,7.15,0.130000000000001));
#4972=CARTESIAN_POINT('',(10.1053239431684,7.15,0.130000000000001));
#4973=VECTOR('',#6356,1.0);
#4974=CARTESIAN_POINT('',(9.94997086017546,7.79,0.130000000000001));
#4975=VECTOR('',#6357,1.0);
#4976=CARTESIAN_POINT('',(-9.88,7.79000000000001,0.130000000000001));
#4977=CARTESIAN_POINT('',(-9.88,7.79000000000001,8.32667268468867E-16));
#4978=VECTOR('',#6358,1.0);
#4979=CARTESIAN_POINT('',(-9.88,8.05,0.130000000000001));
#4980=CARTESIAN_POINT('',(-9.88,79.695,0.130000000000001));
#4981=VECTOR('',#6359,1.0);
#4982=CARTESIAN_POINT('',(-9.88,8.05,8.32667268468867E-16));
#4983=VECTOR('',#6360,1.0);
#4984=CARTESIAN_POINT('',(-9.94997086017546,7.79,0.130000000000001));
#4985=CARTESIAN_POINT('',(-9.88,7.79000000000001,0.130000000000001));
#4986=VECTOR('',#6361,1.0);
#4987=CARTESIAN_POINT('',(-9.94997086017546,7.15,0.130000000000001));
#4988=CARTESIAN_POINT('',(-9.94997086017546,7.79,0.130000000000001));
#4989=VECTOR('',#6362,1.0);
#4990=CARTESIAN_POINT('',(-9.88,7.15,0.130000000000001));
#4991=CARTESIAN_POINT('',(-9.88,7.15,0.130000000000001));
#4992=VECTOR('',#6363,1.0);
#4993=CARTESIAN_POINT('',(-9.87999999999999,0.548206652593315,0.13));
#4994=CARTESIAN_POINT('',(-9.88,79.695,0.130000000000001));
#4995=VECTOR('',#6364,1.0);
#4996=CARTESIAN_POINT('',(-10.1053239431684,0.816737271361764,0.129999999999995));
#4997=CARTESIAN_POINT('',(-9.42,0.0,0.129999999999998));
#4998=VECTOR('',#6365,1.0);
#4999=CARTESIAN_POINT('',(-10.1053239431684,8.05,0.130000000000001));
#5000=CARTESIAN_POINT('',(-10.1053239431684,79.695,0.130000000000001));
#5001=VECTOR('',#6366,1.0);
#5002=CARTESIAN_POINT('',(-9.88,8.05,0.130000000000001));
#5003=VECTOR('',#6367,1.0);
#5004=CARTESIAN_POINT('',(10.82,8.05,0.510000000000001));
#5005=CARTESIAN_POINT('',(10.82,1.66845502963189,0.51));
#5006=CARTESIAN_POINT('',(10.82,79.695,0.510000000000001));
#5007=VECTOR('',#6368,1.0);
#5008=CARTESIAN_POINT('',(10.82,8.05,-0.51));
#5009=CARTESIAN_POINT('',(10.82,8.05,-0.51));
#5010=VECTOR('',#6369,1.0);
#5011=CARTESIAN_POINT('',(10.82,9.9,-0.51));
#5012=CARTESIAN_POINT('',(10.82,8.05,-0.51));
#5013=VECTOR('',#6370,1.0);
#5014=CARTESIAN_POINT('',(10.82,9.9,3.86));
#5015=CARTESIAN_POINT('',(10.82,9.9,4.44089209850063E-16));
#5016=VECTOR('',#6371,1.0);
#5017=CARTESIAN_POINT('',(10.82,1.66845502963189,3.86));
#5018=CARTESIAN_POINT('',(10.82,9.9,3.86));
#5019=VECTOR('',#6372,1.0);
#5020=CARTESIAN_POINT('',(10.82,1.66845502963189,3.22));
#5021=CARTESIAN_POINT('',(10.82,1.66845502963189,38.214));
#5022=VECTOR('',#6373,1.0);
#5023=CARTESIAN_POINT('',(10.82,1.66845502963189,1.15));
#5024=CARTESIAN_POINT('',(10.82,1.66845502963189,3.22));
#5025=VECTOR('',#6374,1.0);
#5026=CARTESIAN_POINT('',(10.82,1.66845502963189,38.214));
#5027=VECTOR('',#6375,1.0);
#5028=CARTESIAN_POINT('',(-10.82,8.05,0.510000000000001));
#5029=CARTESIAN_POINT('',(-10.82,8.05,-0.51));
#5030=CARTESIAN_POINT('',(-10.82,8.05,-0.51));
#5031=VECTOR('',#6376,1.0);
#5032=CARTESIAN_POINT('',(-10.82,1.6684550296319,0.509999999999999));
#5033=CARTESIAN_POINT('',(-10.82,79.695,0.510000000000001));
#5034=VECTOR('',#6377,1.0);
#5035=CARTESIAN_POINT('',(-10.82,1.66845502963189,1.15));
#5036=CARTESIAN_POINT('',(-10.82,1.66845502963189,38.214));
#5037=VECTOR('',#6378,1.0);
#5038=CARTESIAN_POINT('',(-10.82,1.66845502963189,3.22));
#5039=CARTESIAN_POINT('',(-10.82,1.66845502963189,3.22));
#5040=VECTOR('',#6379,1.0);
#5041=CARTESIAN_POINT('',(-10.82,1.66845502963189,3.86));
#5042=CARTESIAN_POINT('',(-10.82,1.66845502963189,38.214));
#5043=VECTOR('',#6380,1.0);
#5044=CARTESIAN_POINT('',(-10.82,9.9,3.85999999999999));
#5045=CARTESIAN_POINT('',(-10.82,9.9,3.85999999999999));
#5046=VECTOR('',#6381,1.0);
#5047=CARTESIAN_POINT('',(-10.82,9.9,-0.51));
#5048=CARTESIAN_POINT('',(-10.82,9.9,3.85999999999999));
#5049=VECTOR('',#6382,1.0);
#5050=CARTESIAN_POINT('',(-10.82,8.05,-0.51));
#5051=VECTOR('',#6383,1.0);
#5052=CARTESIAN_POINT('',(-9.42,0.0,3.22));
#5053=CARTESIAN_POINT('',(-10.82,1.66845502963189,3.22));
#5054=VECTOR('',#6384,1.0);
#5055=CARTESIAN_POINT('',(-9.42,0.0,3.86));
#5056=CARTESIAN_POINT('',(-9.42,0.0,38.214));
#5057=VECTOR('',#6385,1.0);
#5058=CARTESIAN_POINT('',(-9.41999999999999,-7.11919809283555E-15,3.86));
#5059=VECTOR('',#6386,1.0);
#5060=CARTESIAN_POINT('',(9.42,0.0,3.86));
#5061=CARTESIAN_POINT('',(9.42,0.0,3.22));
#5062=CARTESIAN_POINT('',(9.42,0.0,38.214));
#5063=VECTOR('',#6387,1.0);
#5064=CARTESIAN_POINT('',(9.42,0.0,3.22));
#5065=VECTOR('',#6388,1.0);
#5066=CARTESIAN_POINT('',(10.82,1.6684550296319,3.86));
#5067=VECTOR('',#6389,1.0);
#5068=CARTESIAN_POINT('',(-8.77,0.0,3.2));
#5069=CARTESIAN_POINT('',(-8.77,0.0,0.659999999999998));
#5070=CARTESIAN_POINT('',(-8.77,0.0,3.2));
#5071=VECTOR('',#6390,1.0);
#5072=CARTESIAN_POINT('',(-6.23,0.0,3.2));
#5073=CARTESIAN_POINT('',(-6.23,0.0,3.2));
#5074=VECTOR('',#6391,1.0);
#5075=CARTESIAN_POINT('',(-6.23,0.0,1.31));
#5076=CARTESIAN_POINT('',(-6.23,0.0,1.31));
#5077=VECTOR('',#6392,1.0);
#5078=CARTESIAN_POINT('',(-6.88,0.0,0.659999999999999));
#5079=CARTESIAN_POINT('',(-6.88,0.0,0.659999999999999));
#5080=VECTOR('',#6393,1.0);
#5081=CARTESIAN_POINT('',(-8.77,0.0,0.659999999999998));
#5082=VECTOR('',#6394,1.0);
#5083=CARTESIAN_POINT('',(-5.77,0.0,3.19999999999999));
#5084=CARTESIAN_POINT('',(-5.77,0.0,0.659999999999998));
#5085=CARTESIAN_POINT('',(-5.77,0.0,3.19999999999999));
#5086=VECTOR('',#6395,1.0);
#5087=CARTESIAN_POINT('',(-3.23,0.0,3.2));
#5088=CARTESIAN_POINT('',(-3.23,0.0,3.2));
#5089=VECTOR('',#6396,1.0);
#5090=CARTESIAN_POINT('',(-3.23,0.0,1.31));
#5091=CARTESIAN_POINT('',(-3.23,0.0,1.31));
#5092=VECTOR('',#6397,1.0);
#5093=CARTESIAN_POINT('',(-3.88,0.0,0.659999999999999));
#5094=CARTESIAN_POINT('',(-3.88,0.0,0.659999999999999));
#5095=VECTOR('',#6398,1.0);
#5096=CARTESIAN_POINT('',(-5.77,0.0,0.659999999999998));
#5097=VECTOR('',#6399,1.0);
#5098=CARTESIAN_POINT('',(-2.77,0.0,3.2));
#5099=CARTESIAN_POINT('',(-2.77,0.0,1.31));
#5100=CARTESIAN_POINT('',(-2.77,0.0,3.2));
#5101=VECTOR('',#6400,1.0);
#5102=CARTESIAN_POINT('',(-0.23,0.0,3.2));
#5103=CARTESIAN_POINT('',(-0.23,0.0,3.2));
#5104=VECTOR('',#6401,1.0);
#5105=CARTESIAN_POINT('',(-0.23,0.0,0.659999999999995));
#5106=CARTESIAN_POINT('',(-0.23,0.0,0.659999999999995));
#5107=VECTOR('',#6402,1.0);
#5108=CARTESIAN_POINT('',(-2.11999999999999,0.0,0.659999999999997));
#5109=CARTESIAN_POINT('',(-2.11999999999999,0.0,0.659999999999997));
#5110=VECTOR('',#6403,1.0);
#5111=CARTESIAN_POINT('',(-2.77,0.0,1.31));
#5112=VECTOR('',#6404,1.0);
#5113=CARTESIAN_POINT('',(0.23,0.0,3.2));
#5114=CARTESIAN_POINT('',(0.23,0.0,1.31));
#5115=CARTESIAN_POINT('',(0.23,0.0,3.2));
#5116=VECTOR('',#6405,1.0);
#5117=CARTESIAN_POINT('',(2.77,0.0,3.2));
#5118=CARTESIAN_POINT('',(2.77,0.0,3.2));
#5119=VECTOR('',#6406,1.0);
#5120=CARTESIAN_POINT('',(2.77,0.0,0.659999999999995));
#5121=CARTESIAN_POINT('',(2.77,0.0,0.659999999999995));
#5122=VECTOR('',#6407,1.0);
#5123=CARTESIAN_POINT('',(0.880000000000005,0.0,0.659999999999997));
#5124=CARTESIAN_POINT('',(0.880000000000005,0.0,0.659999999999997));
#5125=VECTOR('',#6408,1.0);
#5126=CARTESIAN_POINT('',(0.23,0.0,1.31));
#5127=VECTOR('',#6409,1.0);
#5128=CARTESIAN_POINT('',(3.23,0.0,3.2));
#5129=CARTESIAN_POINT('',(3.23,0.0,0.659999999999996));
#5130=CARTESIAN_POINT('',(3.23,0.0,3.2));
#5131=VECTOR('',#6410,1.0);
#5132=CARTESIAN_POINT('',(5.77,0.0,3.2));
#5133=CARTESIAN_POINT('',(5.77,0.0,3.2));
#5134=VECTOR('',#6411,1.0);
#5135=CARTESIAN_POINT('',(5.77,0.0,0.659999999999997));
#5136=CARTESIAN_POINT('',(5.77,0.0,0.659999999999997));
#5137=VECTOR('',#6412,1.0);
#5138=CARTESIAN_POINT('',(3.23,0.0,0.659999999999996));
#5139=VECTOR('',#6413,1.0);
#5140=CARTESIAN_POINT('',(6.23,0.0,3.2));
#5141=CARTESIAN_POINT('',(6.23,0.0,0.659999999999998));
#5142=CARTESIAN_POINT('',(6.23,0.0,3.2));
#5143=VECTOR('',#6414,1.0);
#5144=CARTESIAN_POINT('',(8.77,0.0,3.2));
#5145=CARTESIAN_POINT('',(8.77,0.0,3.2));
#5146=VECTOR('',#6415,1.0);
#5147=CARTESIAN_POINT('',(8.77,0.0,1.31));
#5148=CARTESIAN_POINT('',(8.77,0.0,1.31));
#5149=VECTOR('',#6416,1.0);
#5150=CARTESIAN_POINT('',(8.12,0.0,0.659999999999999));
#5151=CARTESIAN_POINT('',(8.12,0.0,0.659999999999999));
#5152=VECTOR('',#6417,1.0);
#5153=CARTESIAN_POINT('',(6.23,0.0,0.659999999999998));
#5154=VECTOR('',#6418,1.0);
#5155=CARTESIAN_POINT('',(10.82,0.0,3.86));
#5156=VECTOR('',#6419,1.0);
#5157=CARTESIAN_POINT('',(-9.42,0.0,1.15));
#5158=CARTESIAN_POINT('',(-9.42,0.0,3.22));
#5159=VECTOR('',#6420,1.0);
#5160=CARTESIAN_POINT('',(-9.42,0.0,38.214));
#5161=VECTOR('',#6421,1.0);
#5162=CARTESIAN_POINT('',(9.42,0.0,1.15));
#5163=CARTESIAN_POINT('',(9.42,0.0,38.214));
#5164=VECTOR('',#6422,1.0);
#5165=CARTESIAN_POINT('',(9.42,0.0,3.22));
#5166=VECTOR('',#6423,1.0);
#5167=CARTESIAN_POINT('',(10.82,9.9,3.86));
#5168=VECTOR('',#6424,1.0);
#5169=CARTESIAN_POINT('',(1.3,0.54,3.85999999999998));
#5170=CARTESIAN_POINT('',(-1.3,0.54,3.85999999999998));
#5171=CARTESIAN_POINT('',(1.3,0.54,3.85999999999998));
#5172=VECTOR('',#6425,1.0);
#5173=CARTESIAN_POINT('',(-1.3,2.95,3.85999999999998));
#5174=CARTESIAN_POINT('',(-1.3,0.54,3.85999999999998));
#5175=VECTOR('',#6426,1.0);
#5176=CARTESIAN_POINT('',(1.3,2.95,3.85999999999998));
#5177=CARTESIAN_POINT('',(1.3,2.95,3.85999999999998));
#5178=VECTOR('',#6427,1.0);
#5179=CARTESIAN_POINT('',(1.3,0.54,3.85999999999998));
#5180=VECTOR('',#6428,1.0);
#5181=CARTESIAN_POINT('',(-7.18,9.9,0.0700000000000013));
#5182=CARTESIAN_POINT('',(-7.18,9.9,0.0));
#5183=VECTOR('',#6429,1.0);
#5184=CARTESIAN_POINT('',(-7.82,9.9,0.0700000000000013));
#5185=CARTESIAN_POINT('',(0.0,9.9,0.0700000000000013));
#5186=VECTOR('',#6430,1.0);
#5187=CARTESIAN_POINT('',(-7.82,9.9,0.0));
#5188=VECTOR('',#6431,1.0);
#5189=CARTESIAN_POINT('',(-10.185,9.9,-0.51));
#5190=CARTESIAN_POINT('',(-10.185,9.9,-0.51));
#5191=VECTOR('',#6432,1.0);
#5192=CARTESIAN_POINT('',(-10.82,9.9,-0.51));
#5193=VECTOR('',#6433,1.0);
#5194=CARTESIAN_POINT('',(10.185,9.9,-0.51));
#5195=CARTESIAN_POINT('',(10.82,9.9,-0.51));
#5196=VECTOR('',#6434,1.0);
#5197=CARTESIAN_POINT('',(10.185,9.9,-0.51));
#5198=VECTOR('',#6435,1.0);
#5199=CARTESIAN_POINT('',(7.82,9.9,0.0700000000000013));
#5200=CARTESIAN_POINT('',(7.82,9.9,0.0));
#5201=VECTOR('',#6436,1.0);
#5202=CARTESIAN_POINT('',(7.18,9.9,0.0700000000000013));
#5203=CARTESIAN_POINT('',(0.0,9.9,0.0700000000000013));
#5204=VECTOR('',#6437,1.0);
#5205=CARTESIAN_POINT('',(7.18,9.9,0.0));
#5206=VECTOR('',#6438,1.0);
#5207=CARTESIAN_POINT('',(4.82,9.9,0.0700000000000013));
#5208=CARTESIAN_POINT('',(4.82,9.9,0.0));
#5209=VECTOR('',#6439,1.0);
#5210=CARTESIAN_POINT('',(4.18,9.9,0.0700000000000013));
#5211=CARTESIAN_POINT('',(0.0,9.9,0.0700000000000013));
#5212=VECTOR('',#6440,1.0);
#5213=CARTESIAN_POINT('',(4.18,9.9,0.0));
#5214=VECTOR('',#6441,1.0);
#5215=CARTESIAN_POINT('',(1.82,9.9,0.0700000000000013));
#5216=CARTESIAN_POINT('',(1.82,9.9,0.0));
#5217=VECTOR('',#6442,1.0);
#5218=CARTESIAN_POINT('',(1.18,9.9,0.0700000000000013));
#5219=CARTESIAN_POINT('',(0.0,9.9,0.0700000000000013));
#5220=VECTOR('',#6443,1.0);
#5221=CARTESIAN_POINT('',(1.18,9.9,0.0));
#5222=VECTOR('',#6444,1.0);
#5223=CARTESIAN_POINT('',(-1.18,9.9,0.0700000000000013));
#5224=CARTESIAN_POINT('',(-1.18,9.9,0.0));
#5225=VECTOR('',#6445,1.0);
#5226=CARTESIAN_POINT('',(-1.82,9.9,0.0700000000000013));
#5227=CARTESIAN_POINT('',(0.0,9.9,0.0700000000000013));
#5228=VECTOR('',#6446,1.0);
#5229=CARTESIAN_POINT('',(-1.82,9.9,0.0));
#5230=VECTOR('',#6447,1.0);
#5231=CARTESIAN_POINT('',(-4.18,9.9,0.0700000000000013));
#5232=CARTESIAN_POINT('',(-4.18,9.9,0.0));
#5233=VECTOR('',#6448,1.0);
#5234=CARTESIAN_POINT('',(-4.82,9.9,0.0700000000000013));
#5235=CARTESIAN_POINT('',(0.0,9.9,0.0700000000000013));
#5236=VECTOR('',#6449,1.0);
#5237=CARTESIAN_POINT('',(-4.82,9.9,0.0));
#5238=VECTOR('',#6450,1.0);
#5239=CARTESIAN_POINT('',(-1.3,2.2,5.05999999999998));
#5240=CARTESIAN_POINT('',(-1.3,2.2,5.05999999999998));
#5241=VECTOR('',#6451,1.0);
#5242=CARTESIAN_POINT('',(1.3,2.2,5.05999999999998));
#5243=CARTESIAN_POINT('',(1.3,2.2,5.05999999999998));
#5244=VECTOR('',#6452,1.0);
#5245=CARTESIAN_POINT('',(1.3,2.2,5.05999999999998));
#5246=VECTOR('',#6453,1.0);
#5247=CARTESIAN_POINT('',(-1.3,2.95,5.05999999999998));
#5248=CARTESIAN_POINT('',(-1.3,2.95,3.85999999999999));
#5249=VECTOR('',#6454,1.0);
#5250=CARTESIAN_POINT('',(1.3,2.95,5.05999999999998));
#5251=CARTESIAN_POINT('',(1.3,2.95,5.05999999999998));
#5252=VECTOR('',#6455,1.0);
#5253=CARTESIAN_POINT('',(1.3,2.95,3.85999999999999));
#5254=VECTOR('',#6456,1.0);
#5255=CARTESIAN_POINT('',(-1.3,2.95,5.05999999999998));
#5256=VECTOR('',#6457,1.0);
#5257=CARTESIAN_POINT('',(1.3,2.95,5.05999999999998));
#5258=VECTOR('',#6458,1.0);
#5259=CARTESIAN_POINT('',(-9.88,0.548206652593339,38.214));
#5260=VECTOR('',#6459,1.0);
#5261=CARTESIAN_POINT('',(-10.82,1.66845502963189,1.15));
#5262=VECTOR('',#6460,1.0);
#5263=CARTESIAN_POINT('',(-16.9832398241984,9.01351823214007,3.78705274411793));
#5264=VECTOR('',#6461,1.0);
#5265=CARTESIAN_POINT('',(9.88,0.548206652593339,38.214));
#5266=VECTOR('',#6462,1.0);
#5267=CARTESIAN_POINT('',(18.2368091450826,10.5074639738697,4.45358737527353));
#5268=VECTOR('',#6463,1.0);
#5269=CARTESIAN_POINT('',(9.42,0.0,1.15));
#5270=VECTOR('',#6464,1.0);
#5271=CARTESIAN_POINT('',(9.42,1.66845502963189,1.15));
#5272=CARTESIAN_POINT('',(9.42,1.66845502963189,1.15));
#5273=VECTOR('',#6465,1.0);
#5274=CARTESIAN_POINT('',(9.42,1.66845502963189,3.22));
#5275=CARTESIAN_POINT('',(9.42,1.66845502963189,3.22));
#5276=VECTOR('',#6466,1.0);
#5277=CARTESIAN_POINT('',(9.42,1.66845502963189,3.22));
#5278=VECTOR('',#6467,1.0);
#5279=CARTESIAN_POINT('',(10.82,1.66845502963189,1.15));
#5280=VECTOR('',#6468,1.0);
#5281=CARTESIAN_POINT('',(10.82,1.66845502963189,3.22));
#5282=VECTOR('',#6469,1.0);
#5283=CARTESIAN_POINT('',(-9.42,1.66845502963189,1.15));
#5284=CARTESIAN_POINT('',(-9.42,0.0,1.15));
#5285=VECTOR('',#6470,1.0);
#5286=CARTESIAN_POINT('',(-9.42,1.66845502963189,3.22));
#5287=CARTESIAN_POINT('',(-9.42,0.0,3.22));
#5288=VECTOR('',#6471,1.0);
#5289=CARTESIAN_POINT('',(-9.42,1.66845502963189,3.22));
#5290=VECTOR('',#6472,1.0);
#5291=CARTESIAN_POINT('',(-9.42,1.66845502963189,1.15));
#5292=VECTOR('',#6473,1.0);
#5293=CARTESIAN_POINT('',(-9.42,1.66845502963189,3.22));
#5294=VECTOR('',#6474,1.0);
#5295=CARTESIAN_POINT('',(9.885,9.6,-0.51));
#5296=CARTESIAN_POINT('',(9.885,9.6,-0.51));
#5297=VECTOR('',#6475,1.0);
#5298=CARTESIAN_POINT('',(9.885,8.05,-0.51));
#5299=CARTESIAN_POINT('',(9.885,9.6,-0.51));
#5300=VECTOR('',#6476,1.0);
#5301=CARTESIAN_POINT('',(9.885,8.05,-0.51));
#5302=VECTOR('',#6477,1.0);
#5303=CARTESIAN_POINT('',(10.82,8.05,0.510000000000001));
#5304=VECTOR('',#6478,1.0);
#5305=CARTESIAN_POINT('',(9.885,8.05,-0.51));
#5306=VECTOR('',#6479,1.0);
#5307=CARTESIAN_POINT('',(10.185,9.9,-0.51));
#5308=VECTOR('',#6480,1.0);
#5309=CARTESIAN_POINT('',(-9.885,9.6,-0.51));
#5310=CARTESIAN_POINT('',(-9.885,9.6,-0.51));
#5311=VECTOR('',#6481,1.0);
#5312=CARTESIAN_POINT('',(-10.185,9.9,-0.51));
#5313=VECTOR('',#6482,1.0);
#5314=CARTESIAN_POINT('',(-9.885,8.05,-0.51));
#5315=CARTESIAN_POINT('',(-9.885,8.05,-0.51));
#5316=VECTOR('',#6483,1.0);
#5317=CARTESIAN_POINT('',(-9.885,9.6,-0.51));
#5318=VECTOR('',#6484,1.0);
#5319=CARTESIAN_POINT('',(-10.1053239431684,8.05,0.130000000000001));
#5320=VECTOR('',#6485,1.0);
#5321=CARTESIAN_POINT('',(-9.885,8.05,-0.51));
#5322=VECTOR('',#6486,1.0);
#5323=CARTESIAN_POINT('',(9.88,7.15,0.130000000000001));
#5324=VECTOR('',#6487,1.0);
#5325=CARTESIAN_POINT('',(-9.88,7.15,8.32667268468867E-16));
#5326=VECTOR('',#6488,1.0);
#5327=CARTESIAN_POINT('',(6.23,6.6,0.659999999999998));
#5328=CARTESIAN_POINT('',(6.23,6.6,0.659999999999998));
#5329=VECTOR('',#6489,1.0);
#5330=CARTESIAN_POINT('',(6.23,6.6,3.2));
#5331=CARTESIAN_POINT('',(6.23,6.6,3.2));
#5332=VECTOR('',#6490,1.0);
#5333=CARTESIAN_POINT('',(6.23,6.6,3.2));
#5334=VECTOR('',#6491,1.0);
#5335=CARTESIAN_POINT('',(8.12,6.6,0.659999999999999));
#5336=CARTESIAN_POINT('',(8.12,6.6,0.659999999999999));
#5337=VECTOR('',#6492,1.0);
#5338=CARTESIAN_POINT('',(6.23,6.6,0.659999999999998));
#5339=VECTOR('',#6493,1.0);
#5340=CARTESIAN_POINT('',(8.77,6.6,1.31));
#5341=CARTESIAN_POINT('',(8.77,6.6,1.31));
#5342=VECTOR('',#6494,1.0);
#5343=CARTESIAN_POINT('',(8.12,6.6,0.659999999999999));
#5344=VECTOR('',#6495,1.0);
#5345=CARTESIAN_POINT('',(8.77,6.6,3.2));
#5346=CARTESIAN_POINT('',(8.77,6.6,3.2));
#5347=VECTOR('',#6496,1.0);
#5348=CARTESIAN_POINT('',(8.77,6.6,1.31));
#5349=VECTOR('',#6497,1.0);
#5350=CARTESIAN_POINT('',(8.77,6.6,3.2));
#5351=VECTOR('',#6498,1.0);
#5352=CARTESIAN_POINT('',(7.82,6.6,1.54330383596304));
#5353=CARTESIAN_POINT('',(7.82,6.6,2.37669616403676));
#5354=CARTESIAN_POINT('',(7.82,6.6,0.0));
#5355=VECTOR('',#6499,1.0);
#5356=CARTESIAN_POINT('',(7.18,6.6,1.54330383596304));
#5357=CARTESIAN_POINT('',(7.82,6.6,1.54330383596304));
#5358=VECTOR('',#6500,1.0);
#5359=CARTESIAN_POINT('',(7.18,6.6,2.37669616403676));
#5360=CARTESIAN_POINT('',(7.18,6.6,0.0));
#5361=VECTOR('',#6501,1.0);
#5362=CARTESIAN_POINT('',(7.82,6.6,2.37669616403676));
#5363=VECTOR('',#6502,1.0);
#5364=CARTESIAN_POINT('',(3.23,6.6,0.659999999999996));
#5365=CARTESIAN_POINT('',(3.23,6.6,0.659999999999996));
#5366=VECTOR('',#6503,1.0);
#5367=CARTESIAN_POINT('',(3.23,6.6,3.2));
#5368=CARTESIAN_POINT('',(3.23,6.6,3.2));
#5369=VECTOR('',#6504,1.0);
#5370=CARTESIAN_POINT('',(3.23,6.6,3.2));
#5371=VECTOR('',#6505,1.0);
#5372=CARTESIAN_POINT('',(5.77,6.6,0.659999999999997));
#5373=CARTESIAN_POINT('',(5.77,6.6,0.659999999999997));
#5374=VECTOR('',#6506,1.0);
#5375=CARTESIAN_POINT('',(3.23,6.6,0.659999999999996));
#5376=VECTOR('',#6507,1.0);
#5377=CARTESIAN_POINT('',(5.77,6.6,3.2));
#5378=CARTESIAN_POINT('',(5.77,6.6,3.2));
#5379=VECTOR('',#6508,1.0);
#5380=CARTESIAN_POINT('',(5.77,6.6,0.659999999999997));
#5381=VECTOR('',#6509,1.0);
#5382=CARTESIAN_POINT('',(5.77,6.6,3.2));
#5383=VECTOR('',#6510,1.0);
#5384=CARTESIAN_POINT('',(4.82,6.6,1.54330383596304));
#5385=CARTESIAN_POINT('',(4.82,6.6,2.37669616403676));
#5386=CARTESIAN_POINT('',(4.82,6.6,0.0));
#5387=VECTOR('',#6511,1.0);
#5388=CARTESIAN_POINT('',(4.18,6.6,1.54330383596304));
#5389=CARTESIAN_POINT('',(4.82,6.6,1.54330383596304));
#5390=VECTOR('',#6512,1.0);
#5391=CARTESIAN_POINT('',(4.18,6.6,2.37669616403676));
#5392=CARTESIAN_POINT('',(4.18,6.6,0.0));
#5393=VECTOR('',#6513,1.0);
#5394=CARTESIAN_POINT('',(4.82,6.6,2.37669616403676));
#5395=VECTOR('',#6514,1.0);
#5396=CARTESIAN_POINT('',(0.23,6.6,1.31));
#5397=CARTESIAN_POINT('',(0.23,6.6,1.31));
#5398=VECTOR('',#6515,1.0);
#5399=CARTESIAN_POINT('',(0.23,6.6,3.2));
#5400=CARTESIAN_POINT('',(0.23,6.6,3.2));
#5401=VECTOR('',#6516,1.0);
#5402=CARTESIAN_POINT('',(0.23,6.6,3.2));
#5403=VECTOR('',#6517,1.0);
#5404=CARTESIAN_POINT('',(0.880000000000005,6.6,0.659999999999997));
#5405=CARTESIAN_POINT('',(0.880000000000005,6.6,0.659999999999997));
#5406=VECTOR('',#6518,1.0);
#5407=CARTESIAN_POINT('',(0.23,6.6,1.31));
#5408=VECTOR('',#6519,1.0);
#5409=CARTESIAN_POINT('',(2.77,6.6,0.659999999999995));
#5410=CARTESIAN_POINT('',(2.77,6.6,0.659999999999995));
#5411=VECTOR('',#6520,1.0);
#5412=CARTESIAN_POINT('',(0.880000000000005,6.6,0.659999999999997));
#5413=VECTOR('',#6521,1.0);
#5414=CARTESIAN_POINT('',(2.77,6.6,3.2));
#5415=CARTESIAN_POINT('',(2.77,6.6,3.2));
#5416=VECTOR('',#6522,1.0);
#5417=CARTESIAN_POINT('',(2.77,6.6,0.659999999999995));
#5418=VECTOR('',#6523,1.0);
#5419=CARTESIAN_POINT('',(2.77,6.6,3.2));
#5420=VECTOR('',#6524,1.0);
#5421=CARTESIAN_POINT('',(1.82,6.6,1.54330383596304));
#5422=CARTESIAN_POINT('',(1.82,6.6,2.37669616403676));
#5423=CARTESIAN_POINT('',(1.82,6.6,0.0));
#5424=VECTOR('',#6525,1.0);
#5425=CARTESIAN_POINT('',(1.18,6.6,1.54330383596304));
#5426=CARTESIAN_POINT('',(1.82,6.6,1.54330383596304));
#5427=VECTOR('',#6526,1.0);
#5428=CARTESIAN_POINT('',(1.18,6.6,2.37669616403676));
#5429=CARTESIAN_POINT('',(1.18,6.6,0.0));
#5430=VECTOR('',#6527,1.0);
#5431=CARTESIAN_POINT('',(1.82,6.6,2.37669616403676));
#5432=VECTOR('',#6528,1.0);
#5433=CARTESIAN_POINT('',(-2.77,6.6,1.31));
#5434=CARTESIAN_POINT('',(-2.77,6.6,1.31));
#5435=VECTOR('',#6529,1.0);
#5436=CARTESIAN_POINT('',(-2.77,6.6,3.2));
#5437=CARTESIAN_POINT('',(-2.77,6.6,3.2));
#5438=VECTOR('',#6530,1.0);
#5439=CARTESIAN_POINT('',(-2.77,6.6,3.2));
#5440=VECTOR('',#6531,1.0);
#5441=CARTESIAN_POINT('',(-2.11999999999999,6.6,0.659999999999997));
#5442=CARTESIAN_POINT('',(-2.11999999999999,6.6,0.659999999999997));
#5443=VECTOR('',#6532,1.0);
#5444=CARTESIAN_POINT('',(-2.77,6.6,1.31));
#5445=VECTOR('',#6533,1.0);
#5446=CARTESIAN_POINT('',(-0.23,6.6,0.659999999999995));
#5447=CARTESIAN_POINT('',(-0.23,6.6,0.659999999999995));
#5448=VECTOR('',#6534,1.0);
#5449=CARTESIAN_POINT('',(-2.11999999999999,6.6,0.659999999999997));
#5450=VECTOR('',#6535,1.0);
#5451=CARTESIAN_POINT('',(-0.23,6.6,3.2));
#5452=CARTESIAN_POINT('',(-0.23,6.6,3.2));
#5453=VECTOR('',#6536,1.0);
#5454=CARTESIAN_POINT('',(-0.23,6.6,0.659999999999995));
#5455=VECTOR('',#6537,1.0);
#5456=CARTESIAN_POINT('',(-0.23,6.6,3.2));
#5457=VECTOR('',#6538,1.0);
#5458=CARTESIAN_POINT('',(-1.18,6.6,1.54330383596304));
#5459=CARTESIAN_POINT('',(-1.18,6.6,2.37669616403676));
#5460=CARTESIAN_POINT('',(-1.18,6.6,0.0));
#5461=VECTOR('',#6539,1.0);
#5462=CARTESIAN_POINT('',(-1.82,6.6,1.54330383596304));
#5463=CARTESIAN_POINT('',(-1.18,6.6,1.54330383596304));
#5464=VECTOR('',#6540,1.0);
#5465=CARTESIAN_POINT('',(-1.82,6.6,2.37669616403676));
#5466=CARTESIAN_POINT('',(-1.82,6.6,0.0));
#5467=VECTOR('',#6541,1.0);
#5468=CARTESIAN_POINT('',(-1.18,6.6,2.37669616403676));
#5469=VECTOR('',#6542,1.0);
#5470=CARTESIAN_POINT('',(-5.77,6.6,0.659999999999998));
#5471=CARTESIAN_POINT('',(-5.77,6.6,0.659999999999998));
#5472=VECTOR('',#6543,1.0);
#5473=CARTESIAN_POINT('',(-5.77,6.6,3.19999999999999));
#5474=CARTESIAN_POINT('',(-5.77,6.6,3.19999999999999));
#5475=VECTOR('',#6544,1.0);
#5476=CARTESIAN_POINT('',(-5.77,6.6,3.19999999999999));
#5477=VECTOR('',#6545,1.0);
#5478=CARTESIAN_POINT('',(-3.88,6.6,0.659999999999999));
#5479=CARTESIAN_POINT('',(-3.88,6.6,0.659999999999999));
#5480=VECTOR('',#6546,1.0);
#5481=CARTESIAN_POINT('',(-5.77,6.6,0.659999999999998));
#5482=VECTOR('',#6547,1.0);
#5483=CARTESIAN_POINT('',(-3.23,6.6,1.31));
#5484=CARTESIAN_POINT('',(-3.23,6.6,1.31));
#5485=VECTOR('',#6548,1.0);
#5486=CARTESIAN_POINT('',(-3.88,6.6,0.659999999999999));
#5487=VECTOR('',#6549,1.0);
#5488=CARTESIAN_POINT('',(-3.23,6.6,3.2));
#5489=CARTESIAN_POINT('',(-3.23,6.6,3.2));
#5490=VECTOR('',#6550,1.0);
#5491=CARTESIAN_POINT('',(-3.23,6.6,1.31));
#5492=VECTOR('',#6551,1.0);
#5493=CARTESIAN_POINT('',(-3.23,6.6,3.2));
#5494=VECTOR('',#6552,1.0);
#5495=CARTESIAN_POINT('',(-4.18,6.6,1.54330383596304));
#5496=CARTESIAN_POINT('',(-4.18,6.6,2.37669616403676));
#5497=CARTESIAN_POINT('',(-4.18,6.6,0.0));
#5498=VECTOR('',#6553,1.0);
#5499=CARTESIAN_POINT('',(-4.82,6.6,1.54330383596304));
#5500=CARTESIAN_POINT('',(-4.18,6.6,1.54330383596304));
#5501=VECTOR('',#6554,1.0);
#5502=CARTESIAN_POINT('',(-4.82,6.6,2.37669616403676));
#5503=CARTESIAN_POINT('',(-4.82,6.6,0.0));
#5504=VECTOR('',#6555,1.0);
#5505=CARTESIAN_POINT('',(-4.18,6.6,2.37669616403676));
#5506=VECTOR('',#6556,1.0);
#5507=CARTESIAN_POINT('',(-8.77,6.6,0.659999999999998));
#5508=CARTESIAN_POINT('',(-8.77,6.6,0.659999999999998));
#5509=VECTOR('',#6557,1.0);
#5510=CARTESIAN_POINT('',(-8.77,6.6,3.2));
#5511=CARTESIAN_POINT('',(-8.77,6.6,3.2));
#5512=VECTOR('',#6558,1.0);
#5513=CARTESIAN_POINT('',(-8.77,6.6,3.2));
#5514=VECTOR('',#6559,1.0);
#5515=CARTESIAN_POINT('',(-6.88,6.6,0.659999999999999));
#5516=CARTESIAN_POINT('',(-6.88,6.6,0.659999999999999));
#5517=VECTOR('',#6560,1.0);
#5518=CARTESIAN_POINT('',(-8.77,6.6,0.659999999999998));
#5519=VECTOR('',#6561,1.0);
#5520=CARTESIAN_POINT('',(-6.23,6.6,1.31));
#5521=CARTESIAN_POINT('',(-6.23,6.6,1.31));
#5522=VECTOR('',#6562,1.0);
#5523=CARTESIAN_POINT('',(-6.88,6.6,0.659999999999999));
#5524=VECTOR('',#6563,1.0);
#5525=CARTESIAN_POINT('',(-6.23,6.6,3.2));
#5526=CARTESIAN_POINT('',(-6.23,6.6,3.2));
#5527=VECTOR('',#6564,1.0);
#5528=CARTESIAN_POINT('',(-6.23,6.6,1.31));
#5529=VECTOR('',#6565,1.0);
#5530=CARTESIAN_POINT('',(-6.23,6.6,3.2));
#5531=VECTOR('',#6566,1.0);
#5532=CARTESIAN_POINT('',(-7.18,6.6,1.54330383596304));
#5533=CARTESIAN_POINT('',(-7.18,6.6,2.37669616403676));
#5534=CARTESIAN_POINT('',(-7.18,6.6,0.0));
#5535=VECTOR('',#6567,1.0);
#5536=CARTESIAN_POINT('',(-7.82,6.6,1.54330383596304));
#5537=CARTESIAN_POINT('',(-7.18,6.6,1.54330383596304));
#5538=VECTOR('',#6568,1.0);
#5539=CARTESIAN_POINT('',(-7.82,6.6,2.37669616403676));
#5540=CARTESIAN_POINT('',(-7.82,6.6,0.0));
#5541=VECTOR('',#6569,1.0);
#5542=CARTESIAN_POINT('',(-7.18,6.6,2.37669616403676));
#5543=VECTOR('',#6570,1.0);
#5544=CARTESIAN_POINT('',(-6.85,1.6,-0.509999999999998));
#5545=CARTESIAN_POINT('',(-6.85,1.6,1.55431223447522E-15));
#5546=VECTOR('',#6571,1.0);
#5547=CARTESIAN_POINT('',(-6.85,8.06,-0.509999999999998));
#5548=CARTESIAN_POINT('',(-6.85,8.06,1.55431223447522E-15));
#5549=VECTOR('',#6572,1.0);
#5550=CARTESIAN_POINT('',(-6.85,8.06,-0.509999999999998));
#5551=VECTOR('',#6573,1.0);
#5552=CARTESIAN_POINT('',(-5.85,1.6,-0.509999999999998));
#5553=CARTESIAN_POINT('',(-6.85,1.6,-0.509999999999998));
#5554=VECTOR('',#6574,1.0);
#5555=CARTESIAN_POINT('',(-5.85,8.06,-0.509999999999998));
#5556=CARTESIAN_POINT('',(-6.85,8.06,-0.509999999999998));
#5557=VECTOR('',#6575,1.0);
#5558=CARTESIAN_POINT('',(-5.85,8.06,-0.509999999999998));
#5559=VECTOR('',#6576,1.0);
#5560=CARTESIAN_POINT('',(-5.85,1.6,-0.509999999999998));
#5561=VECTOR('',#6577,1.0);
#5562=CARTESIAN_POINT('',(-5.85,8.06,-0.509999999999998));
#5563=VECTOR('',#6578,1.0);
#5564=CARTESIAN_POINT('',(5.85,1.6,-0.509999999999998));
#5565=CARTESIAN_POINT('',(5.85,1.6,1.66533453693773E-15));
#5566=VECTOR('',#6579,1.0);
#5567=CARTESIAN_POINT('',(5.85,8.06,-0.509999999999998));
#5568=CARTESIAN_POINT('',(5.85,8.06,1.66533453693773E-15));
#5569=VECTOR('',#6580,1.0);
#5570=CARTESIAN_POINT('',(5.85,8.06,-0.509999999999998));
#5571=VECTOR('',#6581,1.0);
#5572=CARTESIAN_POINT('',(6.85,1.6,-0.509999999999998));
#5573=CARTESIAN_POINT('',(5.85,1.6,-0.509999999999998));
#5574=VECTOR('',#6582,1.0);
#5575=CARTESIAN_POINT('',(6.85,8.06,-0.509999999999998));
#5576=CARTESIAN_POINT('',(5.85,8.06,-0.509999999999998));
#5577=VECTOR('',#6583,1.0);
#5578=CARTESIAN_POINT('',(6.85,8.06,-0.509999999999998));
#5579=VECTOR('',#6584,1.0);
#5580=CARTESIAN_POINT('',(6.85,1.6,-0.509999999999998));
#5581=VECTOR('',#6585,1.0);
#5582=CARTESIAN_POINT('',(6.85,8.06,-0.509999999999998));
#5583=VECTOR('',#6586,1.0);
#5584=CARTESIAN_POINT('',(7.18,6.3930953484267,2.28000000000001));
#5585=CARTESIAN_POINT('',(7.18,3.33,2.28000000000001));
#5586=CARTESIAN_POINT('',(7.18,6.3930953484267,2.28000000000001));
#5587=VECTOR('',#6587,1.0);
#5588=CARTESIAN_POINT('',(7.82,3.33,2.28000000000001));
#5589=CARTESIAN_POINT('',(7.82,3.33,2.28000000000001));
#5590=VECTOR('',#6588,1.0);
#5591=CARTESIAN_POINT('',(7.82,6.3930953484267,2.28000000000001));
#5592=CARTESIAN_POINT('',(7.82,6.3930953484267,2.28000000000001));
#5593=VECTOR('',#6589,1.0);
#5594=CARTESIAN_POINT('',(7.82,6.3930953484267,2.28000000000001));
#5595=VECTOR('',#6590,1.0);
#5596=CARTESIAN_POINT('',(7.6,2.49,1.86));
#5597=CARTESIAN_POINT('',(7.6,2.49,2.06));
#5598=CARTESIAN_POINT('',(7.6,2.49,2.28));
#5599=VECTOR('',#6591,1.0);
#5600=CARTESIAN_POINT('',(7.4,2.49,2.06));
#5601=CARTESIAN_POINT('',(7.82,2.49,2.06));
#5602=VECTOR('',#6592,1.0);
#5603=CARTESIAN_POINT('',(7.4,2.49,1.86));
#5604=CARTESIAN_POINT('',(7.4,2.49,2.28));
#5605=VECTOR('',#6593,1.0);
#5606=CARTESIAN_POINT('',(7.82,2.49,1.86));
#5607=VECTOR('',#6594,1.0);
#5608=CARTESIAN_POINT('',(7.82,3.33,1.64000000000001));
#5609=CARTESIAN_POINT('',(7.82,6.39309534842645,1.64000000000001));
#5610=CARTESIAN_POINT('',(7.82,2.49,1.64));
#5611=VECTOR('',#6595,1.0);
#5612=CARTESIAN_POINT('',(7.18,3.33,1.64000000000001));
#5613=CARTESIAN_POINT('',(7.82,3.33,1.64000000000001));
#5614=VECTOR('',#6596,1.0);
#5615=CARTESIAN_POINT('',(7.18,6.39309534842645,1.64000000000001));
#5616=CARTESIAN_POINT('',(7.18,2.49,1.64));
#5617=VECTOR('',#6597,1.0);
#5618=CARTESIAN_POINT('',(7.82,6.39309534842645,1.64000000000001));
#5619=VECTOR('',#6598,1.0);
#5620=CARTESIAN_POINT('',(7.82,3.33,1.64));
#5621=VECTOR('',#6599,1.0);
#5622=AXIS2_PLACEMENT_3D('',#6600,#6601,#6602);
#5623=AXIS2_PLACEMENT_3D('',#6603,#6604,#6605);
#5624=CARTESIAN_POINT('',(7.18,3.33,1.91999999999978));
#5625=VECTOR('',#6606,1.0);
#5626=AXIS2_PLACEMENT_3D('',#6607,#6608,#6609);
#5627=AXIS2_PLACEMENT_3D('',#6610,#6611,#6612);
#5628=CARTESIAN_POINT('',(7.18,10.38,0.0700000000000132));
#5629=CARTESIAN_POINT('',(7.18,10.38,0.0700000000000034));
#5630=VECTOR('',#6613,1.0);
#5631=CARTESIAN_POINT('',(7.82,10.38,0.0700000000000132));
#5632=CARTESIAN_POINT('',(7.82,10.38,0.0700000000000034));
#5633=VECTOR('',#6614,1.0);
#5634=CARTESIAN_POINT('',(7.82,10.38,0.0700000000000132));
#5635=VECTOR('',#6615,1.0);
#5636=CARTESIAN_POINT('',(7.82,9.58000000000001,-0.569999999999989));
#5637=AXIS2_PLACEMENT_3D('',#6616,#6617,#6618);
#5638=CARTESIAN_POINT('',(7.82,10.38,-0.569999999999996));
#5639=CARTESIAN_POINT('',(7.82,9.58000000000001,-0.570000000000001));
#5640=VECTOR('',#6619,1.0);
#5641=AXIS2_PLACEMENT_3D('',#6620,#6621,#6622);
#5642=CARTESIAN_POINT('',(7.18,10.38,-0.569999999999996));
#5643=AXIS2_PLACEMENT_3D('',#6623,#6624,#6625);
#5644=CARTESIAN_POINT('',(7.18,9.58000000000001,-0.569999999999989));
#5645=CARTESIAN_POINT('',(7.18,9.58000000000001,-0.570000000000001));
#5646=VECTOR('',#6626,1.0);
#5647=AXIS2_PLACEMENT_3D('',#6627,#6628,#6629);
#5648=CARTESIAN_POINT('',(7.82,9.58000000000001,-0.569999999999989));
#5649=VECTOR('',#6630,1.0);
#5650=CARTESIAN_POINT('',(7.82,10.38,-0.569999999999996));
#5651=VECTOR('',#6631,1.0);
#5652=CARTESIAN_POINT('',(7.42533399800598,2.39327018943171,1.88533399800599));
#5653=VECTOR('',#6632,1.0);
#5654=CARTESIAN_POINT('',(7.82,3.33,1.64000000000001));
#5655=VECTOR('',#6633,1.0);
#5656=CARTESIAN_POINT('',(7.79828514456629,3.24708873379855,2.25828514456629));
#5657=VECTOR('',#6634,1.0);
#5658=CARTESIAN_POINT('',(7.3867298105683,2.54066799601196,2.07327018943171));
#5659=VECTOR('',#6635,1.0);
#5660=CARTESIAN_POINT('',(4.18,6.3930953484267,2.28000000000001));
#5661=CARTESIAN_POINT('',(4.18,3.33,2.28000000000001));
#5662=CARTESIAN_POINT('',(4.18,6.3930953484267,2.28000000000001));
#5663=VECTOR('',#6636,1.0);
#5664=CARTESIAN_POINT('',(4.82,3.33,2.28000000000001));
#5665=CARTESIAN_POINT('',(4.82,3.33,2.28000000000001));
#5666=VECTOR('',#6637,1.0);
#5667=CARTESIAN_POINT('',(4.82,6.3930953484267,2.28000000000001));
#5668=CARTESIAN_POINT('',(4.82,6.3930953484267,2.28000000000001));
#5669=VECTOR('',#6638,1.0);
#5670=CARTESIAN_POINT('',(4.82,6.3930953484267,2.28000000000001));
#5671=VECTOR('',#6639,1.0);
#5672=CARTESIAN_POINT('',(4.6,2.49,1.86));
#5673=CARTESIAN_POINT('',(4.6,2.49,2.06));
#5674=CARTESIAN_POINT('',(4.6,2.49,2.28));
#5675=VECTOR('',#6640,1.0);
#5676=CARTESIAN_POINT('',(4.4,2.49,2.06));
#5677=CARTESIAN_POINT('',(4.82,2.49,2.06));
#5678=VECTOR('',#6641,1.0);
#5679=CARTESIAN_POINT('',(4.4,2.49,1.86));
#5680=CARTESIAN_POINT('',(4.4,2.49,2.28));
#5681=VECTOR('',#6642,1.0);
#5682=CARTESIAN_POINT('',(4.82,2.49,1.86));
#5683=VECTOR('',#6643,1.0);
#5684=CARTESIAN_POINT('',(4.82,3.33,1.64000000000001));
#5685=CARTESIAN_POINT('',(4.82,6.39309534842645,1.64000000000001));
#5686=CARTESIAN_POINT('',(4.82,2.49,1.64));
#5687=VECTOR('',#6644,1.0);
#5688=CARTESIAN_POINT('',(4.18,3.33,1.64000000000001));
#5689=CARTESIAN_POINT('',(4.82,3.33,1.64000000000001));
#5690=VECTOR('',#6645,1.0);
#5691=CARTESIAN_POINT('',(4.18,6.39309534842645,1.64000000000001));
#5692=CARTESIAN_POINT('',(4.18,2.49,1.64));
#5693=VECTOR('',#6646,1.0);
#5694=CARTESIAN_POINT('',(4.82,6.39309534842645,1.64000000000001));
#5695=VECTOR('',#6647,1.0);
#5696=CARTESIAN_POINT('',(4.82,3.33,1.64));
#5697=VECTOR('',#6648,1.0);
#5698=AXIS2_PLACEMENT_3D('',#6649,#6650,#6651);
#5699=AXIS2_PLACEMENT_3D('',#6652,#6653,#6654);
#5700=CARTESIAN_POINT('',(4.18,3.33,1.91999999999978));
#5701=VECTOR('',#6655,1.0);
#5702=AXIS2_PLACEMENT_3D('',#6656,#6657,#6658);
#5703=AXIS2_PLACEMENT_3D('',#6659,#6660,#6661);
#5704=CARTESIAN_POINT('',(4.18,10.38,0.0700000000000132));
#5705=CARTESIAN_POINT('',(4.18,10.38,0.0700000000000034));
#5706=VECTOR('',#6662,1.0);
#5707=CARTESIAN_POINT('',(4.82,10.38,0.0700000000000132));
#5708=CARTESIAN_POINT('',(4.82,10.38,0.0700000000000034));
#5709=VECTOR('',#6663,1.0);
#5710=CARTESIAN_POINT('',(4.82,10.38,0.0700000000000132));
#5711=VECTOR('',#6664,1.0);
#5712=CARTESIAN_POINT('',(4.82,9.58000000000001,-0.569999999999989));
#5713=AXIS2_PLACEMENT_3D('',#6665,#6666,#6667);
#5714=CARTESIAN_POINT('',(4.82,10.38,-0.569999999999996));
#5715=CARTESIAN_POINT('',(4.82,9.58000000000001,-0.570000000000001));
#5716=VECTOR('',#6668,1.0);
#5717=AXIS2_PLACEMENT_3D('',#6669,#6670,#6671);
#5718=CARTESIAN_POINT('',(4.18,10.38,-0.569999999999996));
#5719=AXIS2_PLACEMENT_3D('',#6672,#6673,#6674);
#5720=CARTESIAN_POINT('',(4.18,9.58000000000001,-0.569999999999989));
#5721=CARTESIAN_POINT('',(4.18,9.58000000000001,-0.570000000000001));
#5722=VECTOR('',#6675,1.0);
#5723=AXIS2_PLACEMENT_3D('',#6676,#6677,#6678);
#5724=CARTESIAN_POINT('',(4.82,9.58000000000001,-0.569999999999989));
#5725=VECTOR('',#6679,1.0);
#5726=CARTESIAN_POINT('',(4.82,10.38,-0.569999999999996));
#5727=VECTOR('',#6680,1.0);
#5728=CARTESIAN_POINT('',(4.42533399800598,2.39327018943171,1.88533399800599));
#5729=VECTOR('',#6681,1.0);
#5730=CARTESIAN_POINT('',(4.82,3.33,1.64000000000001));
#5731=VECTOR('',#6682,1.0);
#5732=CARTESIAN_POINT('',(4.79828514456629,3.24708873379855,2.25828514456629));
#5733=VECTOR('',#6683,1.0);
#5734=CARTESIAN_POINT('',(4.3867298105683,2.54066799601196,2.07327018943171));
#5735=VECTOR('',#6684,1.0);
#5736=CARTESIAN_POINT('',(1.18,6.3930953484267,2.28000000000001));
#5737=CARTESIAN_POINT('',(1.18,3.33,2.28000000000001));
#5738=CARTESIAN_POINT('',(1.18,6.3930953484267,2.28000000000001));
#5739=VECTOR('',#6685,1.0);
#5740=CARTESIAN_POINT('',(1.82,3.33,2.28000000000001));
#5741=CARTESIAN_POINT('',(1.82,3.33,2.28000000000001));
#5742=VECTOR('',#6686,1.0);
#5743=CARTESIAN_POINT('',(1.82,6.3930953484267,2.28000000000001));
#5744=CARTESIAN_POINT('',(1.82,6.3930953484267,2.28000000000001));
#5745=VECTOR('',#6687,1.0);
#5746=CARTESIAN_POINT('',(1.82,6.3930953484267,2.28000000000001));
#5747=VECTOR('',#6688,1.0);
#5748=CARTESIAN_POINT('',(1.6,2.49,1.86));
#5749=CARTESIAN_POINT('',(1.6,2.49,2.06));
#5750=CARTESIAN_POINT('',(1.6,2.49,2.28));
#5751=VECTOR('',#6689,1.0);
#5752=CARTESIAN_POINT('',(1.4,2.49,2.06));
#5753=CARTESIAN_POINT('',(1.82,2.49,2.06));
#5754=VECTOR('',#6690,1.0);
#5755=CARTESIAN_POINT('',(1.4,2.49,1.86));
#5756=CARTESIAN_POINT('',(1.4,2.49,2.28));
#5757=VECTOR('',#6691,1.0);
#5758=CARTESIAN_POINT('',(1.82,2.49,1.86));
#5759=VECTOR('',#6692,1.0);
#5760=CARTESIAN_POINT('',(1.82,3.33,1.64000000000001));
#5761=CARTESIAN_POINT('',(1.82,6.39309534842645,1.64000000000001));
#5762=CARTESIAN_POINT('',(1.82,2.49,1.64));
#5763=VECTOR('',#6693,1.0);
#5764=CARTESIAN_POINT('',(1.18,3.33,1.64000000000001));
#5765=CARTESIAN_POINT('',(1.82,3.33,1.64000000000001));
#5766=VECTOR('',#6694,1.0);
#5767=CARTESIAN_POINT('',(1.18,6.39309534842645,1.64000000000001));
#5768=CARTESIAN_POINT('',(1.18,2.49,1.64));
#5769=VECTOR('',#6695,1.0);
#5770=CARTESIAN_POINT('',(1.82,6.39309534842645,1.64000000000001));
#5771=VECTOR('',#6696,1.0);
#5772=CARTESIAN_POINT('',(1.82,3.33,1.64));
#5773=VECTOR('',#6697,1.0);
#5774=AXIS2_PLACEMENT_3D('',#6698,#6699,#6700);
#5775=AXIS2_PLACEMENT_3D('',#6701,#6702,#6703);
#5776=CARTESIAN_POINT('',(1.18,3.33,1.91999999999978));
#5777=VECTOR('',#6704,1.0);
#5778=AXIS2_PLACEMENT_3D('',#6705,#6706,#6707);
#5779=AXIS2_PLACEMENT_3D('',#6708,#6709,#6710);
#5780=CARTESIAN_POINT('',(1.18,10.38,0.0700000000000132));
#5781=CARTESIAN_POINT('',(1.18,10.38,0.0700000000000034));
#5782=VECTOR('',#6711,1.0);
#5783=CARTESIAN_POINT('',(1.82,10.38,0.0700000000000132));
#5784=CARTESIAN_POINT('',(1.82,10.38,0.0700000000000034));
#5785=VECTOR('',#6712,1.0);
#5786=CARTESIAN_POINT('',(1.82,10.38,0.0700000000000132));
#5787=VECTOR('',#6713,1.0);
#5788=CARTESIAN_POINT('',(1.82,9.58000000000001,-0.569999999999989));
#5789=AXIS2_PLACEMENT_3D('',#6714,#6715,#6716);
#5790=CARTESIAN_POINT('',(1.82,10.38,-0.569999999999996));
#5791=CARTESIAN_POINT('',(1.82,9.58000000000001,-0.570000000000001));
#5792=VECTOR('',#6717,1.0);
#5793=AXIS2_PLACEMENT_3D('',#6718,#6719,#6720);
#5794=CARTESIAN_POINT('',(1.18,10.38,-0.569999999999996));
#5795=AXIS2_PLACEMENT_3D('',#6721,#6722,#6723);
#5796=CARTESIAN_POINT('',(1.18,9.58000000000001,-0.569999999999989));
#5797=CARTESIAN_POINT('',(1.18,9.58000000000001,-0.570000000000001));
#5798=VECTOR('',#6724,1.0);
#5799=AXIS2_PLACEMENT_3D('',#6725,#6726,#6727);
#5800=CARTESIAN_POINT('',(1.82,9.58000000000001,-0.569999999999989));
#5801=VECTOR('',#6728,1.0);
#5802=CARTESIAN_POINT('',(1.82,10.38,-0.569999999999996));
#5803=VECTOR('',#6729,1.0);
#5804=CARTESIAN_POINT('',(1.42533399800598,2.39327018943171,1.88533399800599));
#5805=VECTOR('',#6730,1.0);
#5806=CARTESIAN_POINT('',(1.82,3.33,1.64000000000001));
#5807=VECTOR('',#6731,1.0);
#5808=CARTESIAN_POINT('',(1.79828514456629,3.24708873379855,2.25828514456629));
#5809=VECTOR('',#6732,1.0);
#5810=CARTESIAN_POINT('',(1.38672981056829,2.54066799601196,2.07327018943171));
#5811=VECTOR('',#6733,1.0);
#5812=CARTESIAN_POINT('',(-1.82,6.3930953484267,2.28000000000001));
#5813=CARTESIAN_POINT('',(-1.82,3.33,2.28000000000001));
#5814=CARTESIAN_POINT('',(-1.82,6.3930953484267,2.28000000000001));
#5815=VECTOR('',#6734,1.0);
#5816=CARTESIAN_POINT('',(-1.18,3.33,2.28000000000001));
#5817=CARTESIAN_POINT('',(-1.18,3.33,2.28000000000001));
#5818=VECTOR('',#6735,1.0);
#5819=CARTESIAN_POINT('',(-1.18,6.3930953484267,2.28000000000001));
#5820=CARTESIAN_POINT('',(-1.18,6.3930953484267,2.28000000000001));
#5821=VECTOR('',#6736,1.0);
#5822=CARTESIAN_POINT('',(-1.18,6.3930953484267,2.28000000000001));
#5823=VECTOR('',#6737,1.0);
#5824=CARTESIAN_POINT('',(-1.4,2.49,1.86));
#5825=CARTESIAN_POINT('',(-1.4,2.49,2.06));
#5826=CARTESIAN_POINT('',(-1.4,2.49,2.28));
#5827=VECTOR('',#6738,1.0);
#5828=CARTESIAN_POINT('',(-1.6,2.49,2.06));
#5829=CARTESIAN_POINT('',(-1.18,2.49,2.06));
#5830=VECTOR('',#6739,1.0);
#5831=CARTESIAN_POINT('',(-1.6,2.49,1.86));
#5832=CARTESIAN_POINT('',(-1.6,2.49,2.28));
#5833=VECTOR('',#6740,1.0);
#5834=CARTESIAN_POINT('',(-1.18,2.49,1.86));
#5835=VECTOR('',#6741,1.0);
#5836=CARTESIAN_POINT('',(-1.18,3.33,1.64000000000001));
#5837=CARTESIAN_POINT('',(-1.18,6.39309534842645,1.64000000000001));
#5838=CARTESIAN_POINT('',(-1.18,2.49,1.64));
#5839=VECTOR('',#6742,1.0);
#5840=CARTESIAN_POINT('',(-1.82,3.33,1.64000000000001));
#5841=CARTESIAN_POINT('',(-1.18,3.33,1.64000000000001));
#5842=VECTOR('',#6743,1.0);
#5843=CARTESIAN_POINT('',(-1.82,6.39309534842645,1.64000000000001));
#5844=CARTESIAN_POINT('',(-1.82,2.49,1.64));
#5845=VECTOR('',#6744,1.0);
#5846=CARTESIAN_POINT('',(-1.18,6.39309534842645,1.64000000000001));
#5847=VECTOR('',#6745,1.0);
#5848=CARTESIAN_POINT('',(-1.18,3.33,1.64));
#5849=VECTOR('',#6746,1.0);
#5850=AXIS2_PLACEMENT_3D('',#6747,#6748,#6749);
#5851=AXIS2_PLACEMENT_3D('',#6750,#6751,#6752);
#5852=CARTESIAN_POINT('',(-1.82,3.33,1.91999999999978));
#5853=VECTOR('',#6753,1.0);
#5854=AXIS2_PLACEMENT_3D('',#6754,#6755,#6756);
#5855=AXIS2_PLACEMENT_3D('',#6757,#6758,#6759);
#5856=CARTESIAN_POINT('',(-1.82,10.38,0.0700000000000132));
#5857=CARTESIAN_POINT('',(-1.82,10.38,0.0700000000000034));
#5858=VECTOR('',#6760,1.0);
#5859=CARTESIAN_POINT('',(-1.18,10.38,0.0700000000000132));
#5860=CARTESIAN_POINT('',(-1.18,10.38,0.0700000000000034));
#5861=VECTOR('',#6761,1.0);
#5862=CARTESIAN_POINT('',(-1.18,10.38,0.0700000000000132));
#5863=VECTOR('',#6762,1.0);
#5864=CARTESIAN_POINT('',(-1.18,9.58000000000001,-0.569999999999989));
#5865=AXIS2_PLACEMENT_3D('',#6763,#6764,#6765);
#5866=CARTESIAN_POINT('',(-1.18,10.38,-0.569999999999996));
#5867=CARTESIAN_POINT('',(-1.18,9.58000000000001,-0.570000000000001));
#5868=VECTOR('',#6766,1.0);
#5869=AXIS2_PLACEMENT_3D('',#6767,#6768,#6769);
#5870=CARTESIAN_POINT('',(-1.82,10.38,-0.569999999999996));
#5871=AXIS2_PLACEMENT_3D('',#6770,#6771,#6772);
#5872=CARTESIAN_POINT('',(-1.82,9.58000000000001,-0.569999999999989));
#5873=CARTESIAN_POINT('',(-1.82,9.58000000000001,-0.570000000000001));
#5874=VECTOR('',#6773,1.0);
#5875=AXIS2_PLACEMENT_3D('',#6774,#6775,#6776);
#5876=CARTESIAN_POINT('',(-1.18,9.58000000000001,-0.569999999999989));
#5877=VECTOR('',#6777,1.0);
#5878=CARTESIAN_POINT('',(-1.18,10.38,-0.569999999999996));
#5879=VECTOR('',#6778,1.0);
#5880=CARTESIAN_POINT('',(-1.57466600199402,2.39327018943171,1.88533399800599));
#5881=VECTOR('',#6779,1.0);
#5882=CARTESIAN_POINT('',(-1.18,3.33,1.64000000000001));
#5883=VECTOR('',#6780,1.0);
#5884=CARTESIAN_POINT('',(-1.20171485543371,3.24708873379855,2.25828514456629));
#5885=VECTOR('',#6781,1.0);
#5886=CARTESIAN_POINT('',(-1.61327018943171,2.54066799601196,2.07327018943171));
#5887=VECTOR('',#6782,1.0);
#5888=CARTESIAN_POINT('',(-4.82,6.3930953484267,2.28000000000001));
#5889=CARTESIAN_POINT('',(-4.82,3.33,2.28000000000001));
#5890=CARTESIAN_POINT('',(-4.82,6.3930953484267,2.28000000000001));
#5891=VECTOR('',#6783,1.0);
#5892=CARTESIAN_POINT('',(-4.18,3.33,2.28000000000001));
#5893=CARTESIAN_POINT('',(-4.18,3.33,2.28000000000001));
#5894=VECTOR('',#6784,1.0);
#5895=CARTESIAN_POINT('',(-4.18,6.3930953484267,2.28000000000001));
#5896=CARTESIAN_POINT('',(-4.18,6.3930953484267,2.28000000000001));
#5897=VECTOR('',#6785,1.0);
#5898=CARTESIAN_POINT('',(-4.18,6.3930953484267,2.28000000000001));
#5899=VECTOR('',#6786,1.0);
#5900=CARTESIAN_POINT('',(-4.4,2.49,1.86));
#5901=CARTESIAN_POINT('',(-4.4,2.49,2.06));
#5902=CARTESIAN_POINT('',(-4.4,2.49,2.28));
#5903=VECTOR('',#6787,1.0);
#5904=CARTESIAN_POINT('',(-4.6,2.49,2.06));
#5905=CARTESIAN_POINT('',(-4.18,2.49,2.06));
#5906=VECTOR('',#6788,1.0);
#5907=CARTESIAN_POINT('',(-4.6,2.49,1.86));
#5908=CARTESIAN_POINT('',(-4.6,2.49,2.28));
#5909=VECTOR('',#6789,1.0);
#5910=CARTESIAN_POINT('',(-4.18,2.49,1.86));
#5911=VECTOR('',#6790,1.0);
#5912=CARTESIAN_POINT('',(-4.18,3.33,1.64000000000001));
#5913=CARTESIAN_POINT('',(-4.18,6.39309534842645,1.64000000000001));
#5914=CARTESIAN_POINT('',(-4.18,2.49,1.64));
#5915=VECTOR('',#6791,1.0);
#5916=CARTESIAN_POINT('',(-4.82,3.33,1.64000000000001));
#5917=CARTESIAN_POINT('',(-4.18,3.33,1.64000000000001));
#5918=VECTOR('',#6792,1.0);
#5919=CARTESIAN_POINT('',(-4.82,6.39309534842645,1.64000000000001));
#5920=CARTESIAN_POINT('',(-4.82,2.49,1.64));
#5921=VECTOR('',#6793,1.0);
#5922=CARTESIAN_POINT('',(-4.18,6.39309534842645,1.64000000000001));
#5923=VECTOR('',#6794,1.0);
#5924=CARTESIAN_POINT('',(-4.18,3.33,1.64));
#5925=VECTOR('',#6795,1.0);
#5926=AXIS2_PLACEMENT_3D('',#6796,#6797,#6798);
#5927=AXIS2_PLACEMENT_3D('',#6799,#6800,#6801);
#5928=CARTESIAN_POINT('',(-4.82,3.33,1.91999999999978));
#5929=VECTOR('',#6802,1.0);
#5930=AXIS2_PLACEMENT_3D('',#6803,#6804,#6805);
#5931=AXIS2_PLACEMENT_3D('',#6806,#6807,#6808);
#5932=CARTESIAN_POINT('',(-4.82,10.38,0.0700000000000132));
#5933=CARTESIAN_POINT('',(-4.82,10.38,0.0700000000000034));
#5934=VECTOR('',#6809,1.0);
#5935=CARTESIAN_POINT('',(-4.18,10.38,0.0700000000000132));
#5936=CARTESIAN_POINT('',(-4.18,10.38,0.0700000000000034));
#5937=VECTOR('',#6810,1.0);
#5938=CARTESIAN_POINT('',(-4.18,10.38,0.0700000000000132));
#5939=VECTOR('',#6811,1.0);
#5940=CARTESIAN_POINT('',(-4.18,9.58000000000001,-0.569999999999989));
#5941=AXIS2_PLACEMENT_3D('',#6812,#6813,#6814);
#5942=CARTESIAN_POINT('',(-4.18,10.38,-0.569999999999996));
#5943=CARTESIAN_POINT('',(-4.18,9.58000000000001,-0.570000000000001));
#5944=VECTOR('',#6815,1.0);
#5945=AXIS2_PLACEMENT_3D('',#6816,#6817,#6818);
#5946=CARTESIAN_POINT('',(-4.82,10.38,-0.569999999999996));
#5947=AXIS2_PLACEMENT_3D('',#6819,#6820,#6821);
#5948=CARTESIAN_POINT('',(-4.82,9.58000000000001,-0.569999999999989));
#5949=CARTESIAN_POINT('',(-4.82,9.58000000000001,-0.570000000000001));
#5950=VECTOR('',#6822,1.0);
#5951=AXIS2_PLACEMENT_3D('',#6823,#6824,#6825);
#5952=CARTESIAN_POINT('',(-4.18,9.58000000000001,-0.569999999999989));
#5953=VECTOR('',#6826,1.0);
#5954=CARTESIAN_POINT('',(-4.18,10.38,-0.569999999999996));
#5955=VECTOR('',#6827,1.0);
#5956=CARTESIAN_POINT('',(-4.57466600199402,2.39327018943171,1.88533399800599));
#5957=VECTOR('',#6828,1.0);
#5958=CARTESIAN_POINT('',(-4.18,3.33,1.64000000000001));
#5959=VECTOR('',#6829,1.0);
#5960=CARTESIAN_POINT('',(-4.20171485543371,3.24708873379855,2.25828514456629));
#5961=VECTOR('',#6830,1.0);
#5962=CARTESIAN_POINT('',(-4.61327018943171,2.54066799601196,2.07327018943171));
#5963=VECTOR('',#6831,1.0);
#5964=CARTESIAN_POINT('',(-7.82,6.3930953484267,2.28000000000001));
#5965=CARTESIAN_POINT('',(-7.82,3.33,2.28000000000001));
#5966=CARTESIAN_POINT('',(-7.82,6.3930953484267,2.28000000000001));
#5967=VECTOR('',#6832,1.0);
#5968=CARTESIAN_POINT('',(-7.18,3.33,2.28000000000001));
#5969=CARTESIAN_POINT('',(-7.18,3.33,2.28000000000001));
#5970=VECTOR('',#6833,1.0);
#5971=CARTESIAN_POINT('',(-7.18,6.3930953484267,2.28000000000001));
#5972=CARTESIAN_POINT('',(-7.18,6.3930953484267,2.28000000000001));
#5973=VECTOR('',#6834,1.0);
#5974=CARTESIAN_POINT('',(-7.18,6.3930953484267,2.28000000000001));
#5975=VECTOR('',#6835,1.0);
#5976=CARTESIAN_POINT('',(-7.4,2.49,1.86));
#5977=CARTESIAN_POINT('',(-7.4,2.49,2.06));
#5978=CARTESIAN_POINT('',(-7.4,2.49,2.28));
#5979=VECTOR('',#6836,1.0);
#5980=CARTESIAN_POINT('',(-7.6,2.49,2.06));
#5981=CARTESIAN_POINT('',(-7.18,2.49,2.06));
#5982=VECTOR('',#6837,1.0);
#5983=CARTESIAN_POINT('',(-7.6,2.49,1.86));
#5984=CARTESIAN_POINT('',(-7.6,2.49,2.28));
#5985=VECTOR('',#6838,1.0);
#5986=CARTESIAN_POINT('',(-7.18,2.49,1.86));
#5987=VECTOR('',#6839,1.0);
#5988=CARTESIAN_POINT('',(-7.18,3.33,1.64000000000001));
#5989=CARTESIAN_POINT('',(-7.18,6.39309534842645,1.64000000000001));
#5990=CARTESIAN_POINT('',(-7.18,2.49,1.64));
#5991=VECTOR('',#6840,1.0);
#5992=CARTESIAN_POINT('',(-7.82,3.33,1.64000000000001));
#5993=CARTESIAN_POINT('',(-7.18,3.33,1.64000000000001));
#5994=VECTOR('',#6841,1.0);
#5995=CARTESIAN_POINT('',(-7.82,6.39309534842645,1.64000000000001));
#5996=CARTESIAN_POINT('',(-7.82,2.49,1.64));
#5997=VECTOR('',#6842,1.0);
#5998=CARTESIAN_POINT('',(-7.18,6.39309534842645,1.64000000000001));
#5999=VECTOR('',#6843,1.0);
#6000=CARTESIAN_POINT('',(-7.18,3.33,1.64));
#6001=VECTOR('',#6844,1.0);
#6002=AXIS2_PLACEMENT_3D('',#6845,#6846,#6847);
#6003=AXIS2_PLACEMENT_3D('',#6848,#6849,#6850);
#6004=CARTESIAN_POINT('',(-7.82,3.33,1.91999999999978));
#6005=VECTOR('',#6851,1.0);
#6006=AXIS2_PLACEMENT_3D('',#6852,#6853,#6854);
#6007=AXIS2_PLACEMENT_3D('',#6855,#6856,#6857);
#6008=CARTESIAN_POINT('',(-7.82,10.38,0.0700000000000132));
#6009=CARTESIAN_POINT('',(-7.82,10.38,0.0700000000000034));
#6010=VECTOR('',#6858,1.0);
#6011=CARTESIAN_POINT('',(-7.18,10.38,0.0700000000000132));
#6012=CARTESIAN_POINT('',(-7.18,10.38,0.0700000000000034));
#6013=VECTOR('',#6859,1.0);
#6014=CARTESIAN_POINT('',(-7.18,10.38,0.0700000000000132));
#6015=VECTOR('',#6860,1.0);
#6016=CARTESIAN_POINT('',(-7.18,9.58000000000001,-0.569999999999989));
#6017=AXIS2_PLACEMENT_3D('',#6861,#6862,#6863);
#6018=CARTESIAN_POINT('',(-7.18,10.38,-0.569999999999996));
#6019=CARTESIAN_POINT('',(-7.18,9.58000000000001,-0.570000000000001));
#6020=VECTOR('',#6864,1.0);
#6021=AXIS2_PLACEMENT_3D('',#6865,#6866,#6867);
#6022=CARTESIAN_POINT('',(-7.82,10.38,-0.569999999999996));
#6023=AXIS2_PLACEMENT_3D('',#6868,#6869,#6870);
#6024=CARTESIAN_POINT('',(-7.82,9.58000000000001,-0.569999999999989));
#6025=CARTESIAN_POINT('',(-7.82,9.58000000000001,-0.570000000000001));
#6026=VECTOR('',#6871,1.0);
#6027=AXIS2_PLACEMENT_3D('',#6872,#6873,#6874);
#6028=CARTESIAN_POINT('',(-7.18,9.58000000000001,-0.569999999999989));
#6029=VECTOR('',#6875,1.0);
#6030=CARTESIAN_POINT('',(-7.18,10.38,-0.569999999999996));
#6031=VECTOR('',#6876,1.0);
#6032=CARTESIAN_POINT('',(-7.57466600199402,2.39327018943171,1.88533399800599));
#6033=VECTOR('',#6877,1.0);
#6034=CARTESIAN_POINT('',(-7.18,3.33,1.64000000000001));
#6035=VECTOR('',#6878,1.0);
#6036=CARTESIAN_POINT('',(-7.20171485543371,3.24708873379855,2.25828514456629));
#6037=VECTOR('',#6879,1.0);
#6038=CARTESIAN_POINT('',(-7.61327018943171,2.54066799601196,2.07327018943171));
#6039=VECTOR('',#6880,1.0);
#6040=CARTESIAN_POINT('',(-10.09,7.79,0.0727999999999956));
#6041=AXIS2_PLACEMENT_3D('',#6881,#6882,#6883);
#6042=CARTESIAN_POINT('',(-10.09,7.15,0.0727999999999956));
#6043=CARTESIAN_POINT('',(-10.09,7.79,0.0727999999999956));
#6044=VECTOR('',#6884,1.0);
#6045=AXIS2_PLACEMENT_3D('',#6885,#6886,#6887);
#6046=CARTESIAN_POINT('',(-10.77,7.15,0.0727999999999951));
#6047=CARTESIAN_POINT('',(-10.77,7.15,-0.377200000000013));
#6048=CARTESIAN_POINT('',(-10.77,7.15,0.0727999999999951));
#6049=VECTOR('',#6888,1.0);
#6050=CARTESIAN_POINT('',(-10.77,7.79,0.0727999999999951));
#6051=CARTESIAN_POINT('',(-10.77,7.79,0.0727999999999951));
#6052=VECTOR('',#6889,1.0);
#6053=CARTESIAN_POINT('',(-10.77,7.79,-0.377200000000013));
#6054=CARTESIAN_POINT('',(-10.77,7.79,0.0727999999999951));
#6055=VECTOR('',#6890,1.0);
#6056=CARTESIAN_POINT('',(-10.77,7.79,-0.377200000000013));
#6057=VECTOR('',#6891,1.0);
#6058=CARTESIAN_POINT('',(-10.09,7.15,-0.377200000000004));
#6059=CARTESIAN_POINT('',(-10.77,7.15,-0.377200000000013));
#6060=VECTOR('',#6892,1.0);
#6061=CARTESIAN_POINT('',(-10.09,7.79,-0.377200000000004));
#6062=CARTESIAN_POINT('',(-10.77,7.79,-0.377200000000013));
#6063=VECTOR('',#6893,1.0);
#6064=CARTESIAN_POINT('',(-10.09,7.79,-0.377200000000004));
#6065=VECTOR('',#6894,1.0);
#6066=AXIS2_PLACEMENT_3D('',#6895,#6896,#6897);
#6067=AXIS2_PLACEMENT_3D('',#6898,#6899,#6900);
#6068=CARTESIAN_POINT('',(-10.09,7.15,0.0727999999999954));
#6069=VECTOR('',#6901,1.0);
#6070=CARTESIAN_POINT('',(-10.09,7.79,0.0727999999999954));
#6071=VECTOR('',#6902,1.0);
#6072=CARTESIAN_POINT('',(10.09,7.15,0.0727999999999954));
#6073=AXIS2_PLACEMENT_3D('',#6903,#6904,#6905);
#6074=CARTESIAN_POINT('',(10.09,7.79,0.0727999999999954));
#6075=CARTESIAN_POINT('',(10.09,7.79,0.0727999999999954));
#6076=VECTOR('',#6906,1.0);
#6077=AXIS2_PLACEMENT_3D('',#6907,#6908,#6909);
#6078=CARTESIAN_POINT('',(10.09,7.15,-0.377200000000004));
#6079=AXIS2_PLACEMENT_3D('',#6910,#6911,#6912);
#6080=CARTESIAN_POINT('',(10.09,7.79,-0.377200000000004));
#6081=AXIS2_PLACEMENT_3D('',#6913,#6914,#6915);
#6082=CARTESIAN_POINT('',(10.09,7.79,-0.377200000000004));
#6083=VECTOR('',#6916,1.0);
#6084=CARTESIAN_POINT('',(10.77,7.15,-0.377200000000005));
#6085=CARTESIAN_POINT('',(10.09,7.15,-0.377200000000004));
#6086=VECTOR('',#6917,1.0);
#6087=CARTESIAN_POINT('',(10.77,7.79,-0.377200000000005));
#6088=CARTESIAN_POINT('',(10.09,7.79,-0.377200000000004));
#6089=VECTOR('',#6918,1.0);
#6090=CARTESIAN_POINT('',(10.77,7.79,-0.377200000000005));
#6091=VECTOR('',#6919,1.0);
#6092=CARTESIAN_POINT('',(10.77,7.15,0.0727999999999952));
#6093=CARTESIAN_POINT('',(10.77,7.15,-0.377200000000005));
#6094=VECTOR('',#6920,1.0);
#6095=CARTESIAN_POINT('',(10.77,7.79,0.0727999999999952));
#6096=CARTESIAN_POINT('',(10.77,7.79,-0.377200000000005));
#6097=VECTOR('',#6921,1.0);
#6098=CARTESIAN_POINT('',(10.77,7.79,0.0727999999999952));
#6099=VECTOR('',#6922,1.0);
#6100=CARTESIAN_POINT('',(10.77,7.15,0.0727999999999954));
#6101=VECTOR('',#6923,1.0);
#6102=CARTESIAN_POINT('',(10.77,7.79,0.0727999999999954));
#6103=VECTOR('',#6924,1.0);
#6104=CARTESIAN_POINT('',(9.875,5.725,-1.65));
#6105=CARTESIAN_POINT('',(9.875,5.87,-2.11));
#6106=CARTESIAN_POINT('',(9.875,5.87,-2.11));
#6107=VECTOR('',#6925,1.0);
#6108=CARTESIAN_POINT('',(9.4178,5.87,-2.11));
#6109=CARTESIAN_POINT('',(9.4178,5.87,-2.11));
#6110=VECTOR('',#6926,1.0);
#6111=CARTESIAN_POINT('',(9.4178,5.725,-1.65));
#6112=CARTESIAN_POINT('',(9.4178,5.87,-2.11));
#6113=VECTOR('',#6927,1.0);
#6114=CARTESIAN_POINT('',(9.4178,5.725,-1.65));
#6115=VECTOR('',#6928,1.0);
#6116=CARTESIAN_POINT('',(9.875,5.465,-2.54));
#6117=CARTESIAN_POINT('',(9.875,5.465,-2.54));
#6118=VECTOR('',#6929,1.0);
#6119=CARTESIAN_POINT('',(9.4178,5.465,-2.54));
#6120=CARTESIAN_POINT('',(9.4178,5.465,-2.54));
#6121=VECTOR('',#6930,1.0);
#6122=CARTESIAN_POINT('',(9.4178,5.465,-2.54));
#6123=VECTOR('',#6931,1.0);
#6124=CARTESIAN_POINT('',(9.875,5.005,-2.54));
#6125=CARTESIAN_POINT('',(9.875,5.005,-2.54));
#6126=VECTOR('',#6932,1.0);
#6127=CARTESIAN_POINT('',(9.4178,5.005,-2.54));
#6128=CARTESIAN_POINT('',(9.4178,5.005,-2.54));
#6129=VECTOR('',#6933,1.0);
#6130=CARTESIAN_POINT('',(9.4178,5.005,-2.54));
#6131=VECTOR('',#6934,1.0);
#6132=CARTESIAN_POINT('',(9.875,5.21,-1.85));
#6133=CARTESIAN_POINT('',(9.875,5.21,-1.85));
#6134=VECTOR('',#6935,1.0);
#6135=CARTESIAN_POINT('',(9.4178,5.21,-1.85));
#6136=CARTESIAN_POINT('',(9.4178,5.21,-1.85));
#6137=VECTOR('',#6936,1.0);
#6138=CARTESIAN_POINT('',(9.4178,5.21,-1.85));
#6139=VECTOR('',#6937,1.0);
#6140=CARTESIAN_POINT('',(9.875,5.21,0.380000000000001));
#6141=VECTOR('',#6938,1.0);
#6142=CARTESIAN_POINT('',(9.875,5.725,-1.65));
#6143=VECTOR('',#6939,1.0);
#6144=CARTESIAN_POINT('',(9.4178,5.21,0.380000000000001));
#6145=VECTOR('',#6940,1.0);
#6146=CARTESIAN_POINT('',(9.4178,5.725,-1.65));
#6147=VECTOR('',#6941,1.0);
#6148=CARTESIAN_POINT('',(9.4178,3.475,-1.65));
#6149=CARTESIAN_POINT('',(9.4178,3.475,1.7));
#6150=VECTOR('',#6942,1.0);
#6151=CARTESIAN_POINT('',(9.4178,3.99,-1.85));
#6152=CARTESIAN_POINT('',(9.4178,3.99,-1.85));
#6153=VECTOR('',#6943,1.0);
#6154=CARTESIAN_POINT('',(9.4178,4.195,-2.54));
#6155=CARTESIAN_POINT('',(9.4178,4.195,-2.54));
#6156=VECTOR('',#6944,1.0);
#6157=CARTESIAN_POINT('',(9.4178,3.735,-2.54));
#6158=CARTESIAN_POINT('',(9.4178,3.735,-2.54));
#6159=VECTOR('',#6945,1.0);
#6160=CARTESIAN_POINT('',(9.4178,3.33,-2.11));
#6161=CARTESIAN_POINT('',(9.4178,3.33,-2.11));
#6162=VECTOR('',#6946,1.0);
#6163=CARTESIAN_POINT('',(9.4178,3.475,-1.65));
#6164=VECTOR('',#6947,1.0);
#6165=CARTESIAN_POINT('',(9.875,3.475,-1.65));
#6166=CARTESIAN_POINT('',(9.875,3.475,1.7));
#6167=VECTOR('',#6948,1.0);
#6168=CARTESIAN_POINT('',(9.875,3.33,-2.11));
#6169=CARTESIAN_POINT('',(9.875,3.475,-1.65));
#6170=VECTOR('',#6949,1.0);
#6171=CARTESIAN_POINT('',(9.875,3.735,-2.54));
#6172=CARTESIAN_POINT('',(9.875,3.33,-2.11));
#6173=VECTOR('',#6950,1.0);
#6174=CARTESIAN_POINT('',(9.875,4.195,-2.54));
#6175=CARTESIAN_POINT('',(9.875,3.735,-2.54));
#6176=VECTOR('',#6951,1.0);
#6177=CARTESIAN_POINT('',(9.875,3.99,-1.85));
#6178=CARTESIAN_POINT('',(9.875,4.195,-2.54));
#6179=VECTOR('',#6952,1.0);
#6180=CARTESIAN_POINT('',(9.875,3.99,-1.85));
#6181=VECTOR('',#6953,1.0);
#6182=CARTESIAN_POINT('',(9.4178,3.475,-1.65));
#6183=VECTOR('',#6954,1.0);
#6184=CARTESIAN_POINT('',(9.4178,3.33,-2.11));
#6185=VECTOR('',#6955,1.0);
#6186=CARTESIAN_POINT('',(9.4178,3.735,-2.54));
#6187=VECTOR('',#6956,1.0);
#6188=CARTESIAN_POINT('',(9.4178,4.195,-2.54));
#6189=VECTOR('',#6957,1.0);
#6190=CARTESIAN_POINT('',(9.4178,3.99,-1.85));
#6191=VECTOR('',#6958,1.0);
#6192=CARTESIAN_POINT('',(-9.875,5.005,-2.54));
#6193=CARTESIAN_POINT('',(-9.875,5.21,-1.85));
#6194=CARTESIAN_POINT('',(-9.875,5.21,-1.85));
#6195=VECTOR('',#6959,1.0);
#6196=CARTESIAN_POINT('',(-9.4178,5.005,-2.54));
#6197=CARTESIAN_POINT('',(-9.4178,5.005,-2.54));
#6198=VECTOR('',#6960,1.0);
#6199=CARTESIAN_POINT('',(-9.4178,5.21,-1.85));
#6200=CARTESIAN_POINT('',(-9.4178,5.21,-1.85));
#6201=VECTOR('',#6961,1.0);
#6202=CARTESIAN_POINT('',(-9.4178,5.21,-1.85));
#6203=VECTOR('',#6962,1.0);
#6204=CARTESIAN_POINT('',(-9.875,5.465,-2.54));
#6205=CARTESIAN_POINT('',(-9.875,5.005,-2.54));
#6206=VECTOR('',#6963,1.0);
#6207=CARTESIAN_POINT('',(-9.4178,5.465,-2.54));
#6208=CARTESIAN_POINT('',(-9.4178,5.465,-2.54));
#6209=VECTOR('',#6964,1.0);
#6210=CARTESIAN_POINT('',(-9.4178,5.005,-2.54));
#6211=VECTOR('',#6965,1.0);
#6212=CARTESIAN_POINT('',(-9.875,5.87,-2.11));
#6213=CARTESIAN_POINT('',(-9.875,5.465,-2.54));
#6214=VECTOR('',#6966,1.0);
#6215=CARTESIAN_POINT('',(-9.4178,5.87,-2.11));
#6216=CARTESIAN_POINT('',(-9.4178,5.87,-2.11));
#6217=VECTOR('',#6967,1.0);
#6218=CARTESIAN_POINT('',(-9.4178,5.465,-2.54));
#6219=VECTOR('',#6968,1.0);
#6220=CARTESIAN_POINT('',(-9.875,5.725,-1.65));
#6221=CARTESIAN_POINT('',(-9.875,5.87,-2.11));
#6222=VECTOR('',#6969,1.0);
#6223=CARTESIAN_POINT('',(-9.4178,5.725,-1.65));
#6224=CARTESIAN_POINT('',(-9.4178,5.725,-1.65));
#6225=VECTOR('',#6970,1.0);
#6226=CARTESIAN_POINT('',(-9.4178,5.87,-2.11));
#6227=VECTOR('',#6971,1.0);
#6228=CARTESIAN_POINT('',(-9.875,5.21,0.380000000000001));
#6229=VECTOR('',#6972,1.0);
#6230=CARTESIAN_POINT('',(-9.875,5.725,-1.65));
#6231=VECTOR('',#6973,1.0);
#6232=CARTESIAN_POINT('',(-9.4178,5.21,0.380000000000001));
#6233=VECTOR('',#6974,1.0);
#6234=CARTESIAN_POINT('',(-9.4178,5.725,-1.65));
#6235=VECTOR('',#6975,1.0);
#6236=CARTESIAN_POINT('',(-9.4178,3.475,-1.65));
#6237=CARTESIAN_POINT('',(-9.4178,3.475,1.7));
#6238=VECTOR('',#6976,1.0);
#6239=CARTESIAN_POINT('',(-9.4178,3.33,-2.11));
#6240=CARTESIAN_POINT('',(-9.4178,3.475,-1.65));
#6241=VECTOR('',#6977,1.0);
#6242=CARTESIAN_POINT('',(-9.4178,3.735,-2.54));
#6243=CARTESIAN_POINT('',(-9.4178,3.33,-2.11));
#6244=VECTOR('',#6978,1.0);
#6245=CARTESIAN_POINT('',(-9.4178,4.195,-2.54));
#6246=CARTESIAN_POINT('',(-9.4178,3.735,-2.54));
#6247=VECTOR('',#6979,1.0);
#6248=CARTESIAN_POINT('',(-9.4178,3.99,-1.85));
#6249=CARTESIAN_POINT('',(-9.4178,4.195,-2.54));
#6250=VECTOR('',#6980,1.0);
#6251=CARTESIAN_POINT('',(-9.4178,3.99,-1.85));
#6252=VECTOR('',#6981,1.0);
#6253=CARTESIAN_POINT('',(-9.875,3.475,-1.65));
#6254=CARTESIAN_POINT('',(-9.875,3.475,1.7));
#6255=VECTOR('',#6982,1.0);
#6256=CARTESIAN_POINT('',(-9.875,3.99,-1.85));
#6257=CARTESIAN_POINT('',(-9.875,3.99,-1.85));
#6258=VECTOR('',#6983,1.0);
#6259=CARTESIAN_POINT('',(-9.875,4.195,-2.54));
#6260=CARTESIAN_POINT('',(-9.875,4.195,-2.54));
#6261=VECTOR('',#6984,1.0);
#6262=CARTESIAN_POINT('',(-9.875,3.735,-2.54));
#6263=CARTESIAN_POINT('',(-9.875,3.735,-2.54));
#6264=VECTOR('',#6985,1.0);
#6265=CARTESIAN_POINT('',(-9.875,3.33,-2.11));
#6266=CARTESIAN_POINT('',(-9.875,3.33,-2.11));
#6267=VECTOR('',#6986,1.0);
#6268=CARTESIAN_POINT('',(-9.875,3.475,-1.65));
#6269=VECTOR('',#6987,1.0);
#6270=CARTESIAN_POINT('',(-9.4178,3.33,-2.11));
#6271=VECTOR('',#6988,1.0);
#6272=CARTESIAN_POINT('',(-9.4178,3.475,-1.65));
#6273=VECTOR('',#6989,1.0);
#6274=CARTESIAN_POINT('',(-9.4178,3.735,-2.54));
#6275=VECTOR('',#6990,1.0);
#6276=CARTESIAN_POINT('',(-9.4178,4.195,-2.54));
#6277=VECTOR('',#6991,1.0);
#6278=CARTESIAN_POINT('',(-9.4178,3.99,-1.85));
#6279=VECTOR('',#6992,1.0);
#6280=DIRECTION('',(0.0,1.0,0.0));
#6281=DIRECTION('',(-1.0,0.0,0.0));
#6282=DIRECTION('',(0.0,1.0,0.0));
#6283=DIRECTION('',(1.0,0.0,0.0));
#6284=DIRECTION('',(0.0,1.0,0.0));
#6285=DIRECTION('',(-1.0,0.0,0.0));
#6286=DIRECTION('',(0.0,1.0,0.0));
#6287=DIRECTION('',(1.0,0.0,0.0));
#6288=DIRECTION('',(1.0,0.0,-9.95799250102959E-17));
#6289=DIRECTION('',(0.0,1.0,0.0));
#6290=DIRECTION('',(1.0,0.0,-9.95799250102959E-17));
#6291=DIRECTION('',(0.0,1.0,0.0));
#6292=DIRECTION('',(1.0,0.0,9.95799250102959E-17));
#6293=DIRECTION('',(0.0,1.0,0.0));
#6294=DIRECTION('',(1.0,0.0,9.95799250102959E-17));
#6295=DIRECTION('',(0.0,1.0,0.0));
#6296=DIRECTION('',(0.0,-1.0,0.0));
#6297=DIRECTION('',(-1.0,0.0,0.0));
#6298=DIRECTION('',(0.0,1.0,0.0));
#6299=DIRECTION('',(-1.0,0.0,0.0));
#6300=DIRECTION('',(0.0,-1.0,0.0));
#6301=DIRECTION('',(-0.642787609686539,-0.766044443118978,0.0));
#6302=DIRECTION('',(1.0,0.0,0.0));
#6303=DIRECTION('',(-0.642787609686539,0.766044443118978,0.0));
#6304=DIRECTION('',(0.0,-1.0,0.0));
#6305=DIRECTION('',(-1.0,0.0,0.0));
#6306=DIRECTION('',(0.0,-1.0,0.0));
#6307=DIRECTION('',(-1.0,0.0,0.0));
#6308=DIRECTION('',(0.0,-1.0,0.0));
#6309=DIRECTION('',(-1.0,0.0,-1.44294358956948E-17));
#6310=DIRECTION('',(0.0,1.0,0.0));
#6311=DIRECTION('',(-0.707106781186548,0.707106781186548,0.0));
#6312=DIRECTION('',(1.0,0.0,0.0));
#6313=DIRECTION('',(0.0,-1.0,0.0));
#6314=DIRECTION('',(1.0,0.0,0.0));
#6315=DIRECTION('',(0.0,-1.0,0.0));
#6316=DIRECTION('',(1.0,0.0,0.0));
#6317=DIRECTION('',(0.0,-1.0,0.0));
#6318=DIRECTION('',(1.0,0.0,0.0));
#6319=DIRECTION('',(0.0,-1.0,0.0));
#6320=DIRECTION('',(1.0,0.0,0.0));
#6321=DIRECTION('',(0.0,-1.0,0.0));
#6322=DIRECTION('',(1.0,0.0,0.0));
#6323=DIRECTION('',(0.0,-1.0,0.0));
#6324=DIRECTION('',(1.0,0.0,0.0));
#6325=DIRECTION('',(0.0,-1.0,0.0));
#6326=DIRECTION('',(1.0,0.0,0.0));
#6327=DIRECTION('',(0.0,-1.0,0.0));
#6328=DIRECTION('',(1.0,0.0,0.0));
#6329=DIRECTION('',(0.0,-1.0,0.0));
#6330=DIRECTION('',(1.0,0.0,0.0));
#6331=DIRECTION('',(0.0,-1.0,0.0));
#6332=DIRECTION('',(1.0,0.0,0.0));
#6333=DIRECTION('',(0.0,-1.0,0.0));
#6334=DIRECTION('',(1.0,0.0,0.0));
#6335=DIRECTION('',(0.0,-1.0,0.0));
#6336=DIRECTION('',(1.0,0.0,0.0));
#6337=DIRECTION('',(0.707106781186548,0.707106781186548,0.0));
#6338=DIRECTION('',(0.0,1.0,0.0));
#6339=DIRECTION('',(1.0,0.0,-1.44294358956948E-17));
#6340=DIRECTION('',(1.0,0.0,0.0));
#6341=DIRECTION('',(0.0,1.0,0.0));
#6342=DIRECTION('',(-1.0,0.0,0.0));
#6343=DIRECTION('',(0.0,1.0,0.0));
#6344=DIRECTION('',(1.0,0.0,0.0));
#6345=DIRECTION('',(0.0,1.0,0.0));
#6346=DIRECTION('',(-1.0,0.0,0.0));
#6347=DIRECTION('',(0.0,1.0,0.0));
#6348=DIRECTION('',(0.0,0.0,1.0));
#6349=DIRECTION('',(0.0,0.0,1.0));
#6350=DIRECTION('',(0.0,1.0,0.0));
#6351=DIRECTION('',(1.0,0.0,0.0));
#6352=DIRECTION('',(1.0,0.0,0.0));
#6353=DIRECTION('',(0.0,1.0,0.0));
#6354=DIRECTION('',(-0.642787609686539,-0.766044443118978,0.0));
#6355=DIRECTION('',(0.0,1.0,0.0));
#6356=DIRECTION('',(1.0,0.0,0.0));
#6357=DIRECTION('',(0.0,1.0,0.0));
#6358=DIRECTION('',(0.0,0.0,-1.0));
#6359=DIRECTION('',(0.0,1.0,0.0));
#6360=DIRECTION('',(0.0,0.0,-1.0));
#6361=DIRECTION('',(1.0,0.0,0.0));
#6362=DIRECTION('',(0.0,-1.0,0.0));
#6363=DIRECTION('',(1.0,0.0,0.0));
#6364=DIRECTION('',(0.0,1.0,0.0));
#6365=DIRECTION('',(-0.642787609686539,0.766044443118978,0.0));
#6366=DIRECTION('',(0.0,1.0,0.0));
#6367=DIRECTION('',(1.0,0.0,0.0));
#6368=DIRECTION('',(0.0,-1.0,0.0));
#6369=DIRECTION('',(0.0,0.0,-1.0));
#6370=DIRECTION('',(0.0,-1.0,0.0));
#6371=DIRECTION('',(0.0,0.0,1.0));
#6372=DIRECTION('',(0.0,-1.0,0.0));
#6373=DIRECTION('',(0.0,0.0,-1.0));
#6374=DIRECTION('',(0.0,0.0,-1.0));
#6375=DIRECTION('',(0.0,0.0,-1.0));
#6376=DIRECTION('',(0.0,0.0,-1.0));
#6377=DIRECTION('',(0.0,-1.0,0.0));
#6378=DIRECTION('',(0.0,0.0,-1.0));
#6379=DIRECTION('',(0.0,0.0,-1.0));
#6380=DIRECTION('',(0.0,0.0,-1.0));
#6381=DIRECTION('',(0.0,-1.0,0.0));
#6382=DIRECTION('',(0.0,0.0,-1.0));
#6383=DIRECTION('',(0.0,-1.0,0.0));
#6384=DIRECTION('',(0.642787609686539,-0.766044443118978,0.0));
#6385=DIRECTION('',(0.0,0.0,-1.0));
#6386=DIRECTION('',(-0.642787609686539,0.766044443118978,-2.70520262111777E-16));
#6387=DIRECTION('',(0.0,0.0,-1.0));
#6388=DIRECTION('',(0.642787609686539,0.766044443118978,0.0));
#6389=DIRECTION('',(-0.642787609686539,-0.766044443118978,-2.70520262111777E-16));
#6390=DIRECTION('',(6.82961998416066E-16,0.0,-1.0));
#6391=DIRECTION('',(-1.0,0.0,-2.0488859952482E-15));
#6392=DIRECTION('',(0.0,0.0,1.0));
#6393=DIRECTION('',(0.707106781186547,0.0,0.707106781186548));
#6394=DIRECTION('',(1.0,0.0,2.86825971557012E-16));
#6395=DIRECTION('',(3.41480999208034E-16,0.0,-1.0));
#6396=DIRECTION('',(-1.0,0.0,-5.46369598732853E-15));
#6397=DIRECTION('',(0.0,0.0,1.0));
#6398=DIRECTION('',(0.707106781186547,0.0,0.707106781186548));
#6399=DIRECTION('',(1.0,0.0,2.86825971557012E-16));
#6400=DIRECTION('',(0.0,0.0,-1.0));
#6401=DIRECTION('',(-1.0,0.0,8.53702498020083E-16));
#6402=DIRECTION('',(-3.52152280433284E-16,0.0,1.0));
#6403=DIRECTION('',(1.0,0.0,-1.08993869191665E-15));
#6404=DIRECTION('',(0.70710678118655,0.0,-0.707106781186545));
#6405=DIRECTION('',(0.0,0.0,-1.0));
#6406=DIRECTION('',(-1.0,0.0,0.0));
#6407=DIRECTION('',(-3.41480999208033E-16,0.0,1.0));
#6408=DIRECTION('',(1.0,0.0,-1.08993869191665E-15));
#6409=DIRECTION('',(0.70710678118655,0.0,-0.707106781186545));
#6410=DIRECTION('',(3.41480999208033E-16,0.0,-1.0));
#6411=DIRECTION('',(-1.0,0.0,0.0));
#6412=DIRECTION('',(-3.41480999208033E-16,0.0,1.0));
#6413=DIRECTION('',(1.0,0.0,6.82961998416066E-16));
#6414=DIRECTION('',(6.82961998416066E-16,0.0,-1.0));
#6415=DIRECTION('',(-1.0,0.0,-2.0488859952482E-15));
#6416=DIRECTION('',(0.0,0.0,1.0));
#6417=DIRECTION('',(0.707106781186547,0.0,0.707106781186548));
#6418=DIRECTION('',(1.0,0.0,2.86825971557012E-16));
#6419=DIRECTION('',(-1.0,0.0,-4.20854817415815E-16));
#6420=DIRECTION('',(0.0,0.0,-1.0));
#6421=DIRECTION('',(0.0,0.0,-1.0));
#6422=DIRECTION('',(0.0,0.0,-1.0));
#6423=DIRECTION('',(0.0,0.0,-1.0));
#6424=DIRECTION('',(-1.0,0.0,-4.20854817415815E-16));
#6425=DIRECTION('',(-1.0,0.0,0.0));
#6426=DIRECTION('',(0.0,1.0,-2.6992585207108E-15));
#6427=DIRECTION('',(-1.0,0.0,0.0));
#6428=DIRECTION('',(0.0,1.0,-2.6992585207108E-15));
#6429=DIRECTION('',(0.0,0.0,1.0));
#6430=DIRECTION('',(1.0,0.0,0.0));
#6431=DIRECTION('',(0.0,0.0,1.0));
#6432=DIRECTION('',(0.0,0.0,-1.0));
#6433=DIRECTION('',(-1.0,0.0,0.0));
#6434=DIRECTION('',(1.0,0.0,0.0));
#6435=DIRECTION('',(0.0,0.0,-1.0));
#6436=DIRECTION('',(0.0,0.0,1.0));
#6437=DIRECTION('',(1.0,0.0,0.0));
#6438=DIRECTION('',(0.0,0.0,1.0));
#6439=DIRECTION('',(0.0,0.0,1.0));
#6440=DIRECTION('',(1.0,0.0,0.0));
#6441=DIRECTION('',(0.0,0.0,1.0));
#6442=DIRECTION('',(0.0,0.0,1.0));
#6443=DIRECTION('',(1.0,0.0,0.0));
#6444=DIRECTION('',(0.0,0.0,1.0));
#6445=DIRECTION('',(0.0,0.0,1.0));
#6446=DIRECTION('',(1.0,0.0,0.0));
#6447=DIRECTION('',(0.0,0.0,1.0));
#6448=DIRECTION('',(0.0,0.0,1.0));
#6449=DIRECTION('',(1.0,0.0,0.0));
#6450=DIRECTION('',(0.0,0.0,1.0));
#6451=DIRECTION('',(0.0,-0.810421678379293,-0.585846996418766));
#6452=DIRECTION('',(0.0,-0.810421678379293,-0.585846996418766));
#6453=DIRECTION('',(-1.0,0.0,0.0));
#6454=DIRECTION('',(0.0,0.0,1.0));
#6455=DIRECTION('',(-1.0,0.0,0.0));
#6456=DIRECTION('',(0.0,0.0,1.0));
#6457=DIRECTION('',(0.0,-1.0,-1.15648231731787E-15));
#6458=DIRECTION('',(0.0,-1.0,-1.15648231731787E-15));
#6459=DIRECTION('',(0.0,0.0,1.0));
#6460=DIRECTION('',(0.642787609686539,-0.766044443118978,0.0));
#6461=DIRECTION('',(-0.608243751871341,0.724876676465651,0.323408939619156));
#6462=DIRECTION('',(0.0,0.0,-1.0));
#6463=DIRECTION('',(-0.608243751871341,-0.724876676465651,-0.323408939619156));
#6464=DIRECTION('',(0.642787609686539,0.766044443118978,0.0));
#6465=DIRECTION('',(0.0,1.0,0.0));
#6466=DIRECTION('',(0.0,0.0,1.0));
#6467=DIRECTION('',(0.0,1.0,0.0));
#6468=DIRECTION('',(1.0,1.54886024640787E-15,0.0));
#6469=DIRECTION('',(1.0,1.54886024640787E-15,0.0));
#6470=DIRECTION('',(0.0,-1.0,0.0));
#6471=DIRECTION('',(0.0,-1.0,0.0));
#6472=DIRECTION('',(0.0,0.0,1.0));
#6473=DIRECTION('',(1.0,-1.54886024640787E-15,0.0));
#6474=DIRECTION('',(1.0,-1.54886024640787E-15,0.0));
#6475=DIRECTION('',(0.0,0.0,-1.0));
#6476=DIRECTION('',(0.0,1.0,0.0));
#6477=DIRECTION('',(0.0,0.0,-1.0));
#6478=DIRECTION('',(0.882947592858927,0.0,0.469471562785891));
#6479=DIRECTION('',(-1.0,0.0,0.0));
#6480=DIRECTION('',(0.707106781186548,0.707106781186548,0.0));
#6481=DIRECTION('',(0.0,0.0,-1.0));
#6482=DIRECTION('',(-0.707106781186548,0.707106781186548,0.0));
#6483=DIRECTION('',(0.0,0.0,-1.0));
#6484=DIRECTION('',(0.0,1.0,0.0));
#6485=DIRECTION('',(0.882947592858927,0.0,-0.469471562785891));
#6486=DIRECTION('',(1.0,0.0,0.0));
#6487=DIRECTION('',(0.0,0.0,1.0));
#6488=DIRECTION('',(0.0,0.0,-1.0));
#6489=DIRECTION('',(0.0,1.0,0.0));
#6490=DIRECTION('',(-6.82961998416066E-16,0.0,1.0));
#6491=DIRECTION('',(0.0,1.0,0.0));
#6492=DIRECTION('',(0.0,1.0,0.0));
#6493=DIRECTION('',(-1.0,0.0,-2.86825971557012E-16));
#6494=DIRECTION('',(0.0,1.0,0.0));
#6495=DIRECTION('',(-0.707106781186547,0.0,-0.707106781186548));
#6496=DIRECTION('',(0.0,1.0,0.0));
#6497=DIRECTION('',(0.0,0.0,-1.0));
#6498=DIRECTION('',(1.0,0.0,2.0488859952482E-15));
#6499=DIRECTION('',(0.0,0.0,1.0));
#6500=DIRECTION('',(-1.0,0.0,0.0));
#6501=DIRECTION('',(0.0,0.0,1.0));
#6502=DIRECTION('',(1.0,0.0,0.0));
#6503=DIRECTION('',(0.0,1.0,0.0));
#6504=DIRECTION('',(-3.41480999208033E-16,0.0,1.0));
#6505=DIRECTION('',(0.0,1.0,0.0));
#6506=DIRECTION('',(0.0,1.0,0.0));
#6507=DIRECTION('',(-1.0,0.0,-6.82961998416066E-16));
#6508=DIRECTION('',(0.0,1.0,0.0));
#6509=DIRECTION('',(3.41480999208033E-16,0.0,-1.0));
#6510=DIRECTION('',(1.0,0.0,0.0));
#6511=DIRECTION('',(0.0,0.0,1.0));
#6512=DIRECTION('',(-1.0,0.0,0.0));
#6513=DIRECTION('',(0.0,0.0,1.0));
#6514=DIRECTION('',(1.0,0.0,0.0));
#6515=DIRECTION('',(0.0,1.0,0.0));
#6516=DIRECTION('',(0.0,0.0,1.0));
#6517=DIRECTION('',(0.0,1.0,0.0));
#6518=DIRECTION('',(0.0,1.0,0.0));
#6519=DIRECTION('',(-0.70710678118655,0.0,0.707106781186545));
#6520=DIRECTION('',(0.0,1.0,0.0));
#6521=DIRECTION('',(-1.0,0.0,1.08993869191665E-15));
#6522=DIRECTION('',(0.0,1.0,0.0));
#6523=DIRECTION('',(3.41480999208033E-16,0.0,-1.0));
#6524=DIRECTION('',(1.0,0.0,0.0));
#6525=DIRECTION('',(0.0,0.0,1.0));
#6526=DIRECTION('',(-1.0,0.0,0.0));
#6527=DIRECTION('',(0.0,0.0,1.0));
#6528=DIRECTION('',(1.0,0.0,0.0));
#6529=DIRECTION('',(0.0,1.0,0.0));
#6530=DIRECTION('',(0.0,0.0,1.0));
#6531=DIRECTION('',(0.0,1.0,0.0));
#6532=DIRECTION('',(0.0,1.0,0.0));
#6533=DIRECTION('',(-0.70710678118655,0.0,0.707106781186545));
#6534=DIRECTION('',(0.0,1.0,0.0));
#6535=DIRECTION('',(-1.0,0.0,1.08993869191665E-15));
#6536=DIRECTION('',(0.0,1.0,0.0));
#6537=DIRECTION('',(3.52152280433284E-16,0.0,-1.0));
#6538=DIRECTION('',(1.0,0.0,-8.53702498020083E-16));
#6539=DIRECTION('',(0.0,0.0,1.0));
#6540=DIRECTION('',(-1.0,0.0,0.0));
#6541=DIRECTION('',(0.0,0.0,1.0));
#6542=DIRECTION('',(1.0,0.0,0.0));
#6543=DIRECTION('',(0.0,1.0,0.0));
#6544=DIRECTION('',(-3.41480999208034E-16,0.0,1.0));
#6545=DIRECTION('',(0.0,1.0,0.0));
#6546=DIRECTION('',(0.0,1.0,0.0));
#6547=DIRECTION('',(-1.0,0.0,-2.86825971557012E-16));
#6548=DIRECTION('',(0.0,1.0,0.0));
#6549=DIRECTION('',(-0.707106781186547,0.0,-0.707106781186548));
#6550=DIRECTION('',(0.0,1.0,0.0));
#6551=DIRECTION('',(0.0,0.0,-1.0));
#6552=DIRECTION('',(1.0,0.0,5.46369598732853E-15));
#6553=DIRECTION('',(0.0,0.0,1.0));
#6554=DIRECTION('',(-1.0,0.0,0.0));
#6555=DIRECTION('',(0.0,0.0,1.0));
#6556=DIRECTION('',(1.0,0.0,0.0));
#6557=DIRECTION('',(0.0,1.0,0.0));
#6558=DIRECTION('',(-6.82961998416066E-16,0.0,1.0));
#6559=DIRECTION('',(0.0,1.0,0.0));
#6560=DIRECTION('',(0.0,1.0,0.0));
#6561=DIRECTION('',(-1.0,0.0,-2.86825971557012E-16));
#6562=DIRECTION('',(0.0,1.0,0.0));
#6563=DIRECTION('',(-0.707106781186547,0.0,-0.707106781186548));
#6564=DIRECTION('',(0.0,1.0,0.0));
#6565=DIRECTION('',(0.0,0.0,-1.0));
#6566=DIRECTION('',(1.0,0.0,2.0488859952482E-15));
#6567=DIRECTION('',(0.0,0.0,1.0));
#6568=DIRECTION('',(-1.0,0.0,0.0));
#6569=DIRECTION('',(0.0,0.0,1.0));
#6570=DIRECTION('',(1.0,0.0,0.0));
#6571=DIRECTION('',(0.0,0.0,1.0));
#6572=DIRECTION('',(0.0,0.0,1.0));
#6573=DIRECTION('',(0.0,1.0,0.0));
#6574=DIRECTION('',(-1.0,0.0,0.0));
#6575=DIRECTION('',(-1.0,0.0,0.0));
#6576=DIRECTION('',(0.0,1.0,0.0));
#6577=DIRECTION('',(0.0,0.0,-1.0));
#6578=DIRECTION('',(0.0,0.0,-1.0));
#6579=DIRECTION('',(0.0,0.0,1.0));
#6580=DIRECTION('',(0.0,0.0,1.0));
#6581=DIRECTION('',(0.0,1.0,0.0));
#6582=DIRECTION('',(-1.0,0.0,0.0));
#6583=DIRECTION('',(-1.0,0.0,0.0));
#6584=DIRECTION('',(0.0,1.0,0.0));
#6585=DIRECTION('',(0.0,0.0,-1.0));
#6586=DIRECTION('',(0.0,0.0,-1.0));
#6587=DIRECTION('',(0.0,-1.0,-2.22224071040957E-15));
#6588=DIRECTION('',(1.0,0.0,0.0));
#6589=DIRECTION('',(0.0,-1.0,-2.22224071040957E-15));
#6590=DIRECTION('',(-1.0,0.0,0.0));
#6591=DIRECTION('',(0.0,0.0,1.0));
#6592=DIRECTION('',(-1.0,0.0,0.0));
#6593=DIRECTION('',(0.0,0.0,-1.0));
#6594=DIRECTION('',(1.0,0.0,0.0));
#6595=DIRECTION('',(0.0,1.0,1.88890460384825E-15));
#6596=DIRECTION('',(-1.0,0.0,0.0));
#6597=DIRECTION('',(0.0,1.0,1.88890460384825E-15));
#6598=DIRECTION('',(-1.0,0.0,0.0));
#6599=DIRECTION('',(0.0,0.0,-1.0));
#6600=CARTESIAN_POINT('',(7.82,6.65,1.91999999999978));
#6601=DIRECTION('',(1.0,0.0,0.0));
#6602=DIRECTION('',(0.0,1.0,0.0));
#6603=CARTESIAN_POINT('',(7.82,6.65,2.00000000000001));
#6604=DIRECTION('',(1.0,0.0,0.0));
#6605=DIRECTION('',(0.0,1.0,0.0));
#6606=DIRECTION('',(0.0,0.0,1.0));
#6607=CARTESIAN_POINT('',(7.18,6.65,2.00000000000001));
#6608=DIRECTION('',(1.0,0.0,0.0));
#6609=DIRECTION('',(0.0,1.0,0.0));
#6610=CARTESIAN_POINT('',(7.18,6.65,1.91999999999978));
#6611=DIRECTION('',(1.0,0.0,0.0));
#6612=DIRECTION('',(0.0,1.0,0.0));
#6613=DIRECTION('',(0.0,-1.0,-4.31060024047995E-15));
#6614=DIRECTION('',(0.0,-1.0,-4.31060024047995E-15));
#6615=DIRECTION('',(-1.0,0.0,0.0));
#6616=CARTESIAN_POINT('',(7.82,9.58,0.310000000000012));
#6617=DIRECTION('',(1.0,0.0,0.0));
#6618=DIRECTION('',(0.0,1.0,-6.1602396163949E-17));
#6619=DIRECTION('',(0.0,1.0,5.55653613398828E-15));
#6620=CARTESIAN_POINT('',(7.82,10.38,-0.249999999999992));
#6621=DIRECTION('',(1.0,0.0,0.0));
#6622=DIRECTION('',(0.0,1.0,0.0));
#6623=CARTESIAN_POINT('',(7.18,10.38,-0.249999999999992));
#6624=DIRECTION('',(1.0,0.0,0.0));
#6625=DIRECTION('',(0.0,1.0,0.0));
#6626=DIRECTION('',(0.0,1.0,5.55653613398828E-15));
#6627=CARTESIAN_POINT('',(7.18,9.58,0.310000000000012));
#6628=DIRECTION('',(1.0,0.0,0.0));
#6629=DIRECTION('',(0.0,1.0,-6.1602396163949E-17));
#6630=DIRECTION('',(-1.0,0.0,0.0));
#6631=DIRECTION('',(-1.0,0.0,0.0));
#6632=DIRECTION('',(0.245599354379008,-0.937742989447124,0.245599354379007));
#6633=DIRECTION('',(0.245599354379008,0.937742989447124,-0.245599354379007));
#6634=DIRECTION('',(0.245599354379008,0.937742989447123,0.245599354379011));
#6635=DIRECTION('',(0.245599354379008,-0.937742989447123,-0.245599354379011));
#6636=DIRECTION('',(0.0,-1.0,-2.22224071040957E-15));
#6637=DIRECTION('',(1.0,0.0,0.0));
#6638=DIRECTION('',(0.0,-1.0,-2.22224071040957E-15));
#6639=DIRECTION('',(-1.0,0.0,0.0));
#6640=DIRECTION('',(0.0,0.0,1.0));
#6641=DIRECTION('',(-1.0,0.0,0.0));
#6642=DIRECTION('',(0.0,0.0,-1.0));
#6643=DIRECTION('',(1.0,0.0,0.0));
#6644=DIRECTION('',(0.0,1.0,1.88890460384825E-15));
#6645=DIRECTION('',(-1.0,0.0,0.0));
#6646=DIRECTION('',(0.0,1.0,1.88890460384825E-15));
#6647=DIRECTION('',(-1.0,0.0,0.0));
#6648=DIRECTION('',(0.0,0.0,-1.0));
#6649=CARTESIAN_POINT('',(4.82,6.65,1.91999999999978));
#6650=DIRECTION('',(1.0,0.0,0.0));
#6651=DIRECTION('',(0.0,1.0,0.0));
#6652=CARTESIAN_POINT('',(4.82,6.65,2.00000000000001));
#6653=DIRECTION('',(1.0,0.0,0.0));
#6654=DIRECTION('',(0.0,1.0,0.0));
#6655=DIRECTION('',(0.0,0.0,1.0));
#6656=CARTESIAN_POINT('',(4.18,6.65,2.00000000000001));
#6657=DIRECTION('',(1.0,0.0,0.0));
#6658=DIRECTION('',(0.0,1.0,0.0));
#6659=CARTESIAN_POINT('',(4.18,6.65,1.91999999999978));
#6660=DIRECTION('',(1.0,0.0,0.0));
#6661=DIRECTION('',(0.0,1.0,0.0));
#6662=DIRECTION('',(0.0,-1.0,-4.31060024047995E-15));
#6663=DIRECTION('',(0.0,-1.0,-4.31060024047995E-15));
#6664=DIRECTION('',(-1.0,0.0,0.0));
#6665=CARTESIAN_POINT('',(4.82,9.58,0.310000000000012));
#6666=DIRECTION('',(1.0,0.0,0.0));
#6667=DIRECTION('',(0.0,1.0,-6.1602396163949E-17));
#6668=DIRECTION('',(0.0,1.0,5.55653613398828E-15));
#6669=CARTESIAN_POINT('',(4.82,10.38,-0.249999999999992));
#6670=DIRECTION('',(1.0,0.0,0.0));
#6671=DIRECTION('',(0.0,1.0,0.0));
#6672=CARTESIAN_POINT('',(4.18,10.38,-0.249999999999992));
#6673=DIRECTION('',(1.0,0.0,0.0));
#6674=DIRECTION('',(0.0,1.0,0.0));
#6675=DIRECTION('',(0.0,1.0,5.55653613398828E-15));
#6676=CARTESIAN_POINT('',(4.18,9.58,0.310000000000012));
#6677=DIRECTION('',(1.0,0.0,0.0));
#6678=DIRECTION('',(0.0,1.0,-6.1602396163949E-17));
#6679=DIRECTION('',(-1.0,0.0,0.0));
#6680=DIRECTION('',(-1.0,0.0,0.0));
#6681=DIRECTION('',(0.245599354379008,-0.937742989447124,0.245599354379007));
#6682=DIRECTION('',(0.245599354379008,0.937742989447124,-0.245599354379007));
#6683=DIRECTION('',(0.245599354379008,0.937742989447123,0.245599354379011));
#6684=DIRECTION('',(0.245599354379008,-0.937742989447123,-0.245599354379011));
#6685=DIRECTION('',(0.0,-1.0,-2.22224071040957E-15));
#6686=DIRECTION('',(1.0,0.0,0.0));
#6687=DIRECTION('',(0.0,-1.0,-2.22224071040957E-15));
#6688=DIRECTION('',(-1.0,0.0,0.0));
#6689=DIRECTION('',(0.0,0.0,1.0));
#6690=DIRECTION('',(-1.0,0.0,0.0));
#6691=DIRECTION('',(0.0,0.0,-1.0));
#6692=DIRECTION('',(1.0,0.0,0.0));
#6693=DIRECTION('',(0.0,1.0,1.88890460384825E-15));
#6694=DIRECTION('',(-1.0,0.0,0.0));
#6695=DIRECTION('',(0.0,1.0,1.88890460384825E-15));
#6696=DIRECTION('',(-1.0,0.0,0.0));
#6697=DIRECTION('',(0.0,0.0,-1.0));
#6698=CARTESIAN_POINT('',(1.82,6.65,1.91999999999978));
#6699=DIRECTION('',(1.0,0.0,0.0));
#6700=DIRECTION('',(0.0,1.0,0.0));
#6701=CARTESIAN_POINT('',(1.82,6.65,2.00000000000001));
#6702=DIRECTION('',(1.0,0.0,0.0));
#6703=DIRECTION('',(0.0,1.0,0.0));
#6704=DIRECTION('',(0.0,0.0,1.0));
#6705=CARTESIAN_POINT('',(1.18,6.65,2.00000000000001));
#6706=DIRECTION('',(1.0,0.0,0.0));
#6707=DIRECTION('',(0.0,1.0,0.0));
#6708=CARTESIAN_POINT('',(1.18,6.65,1.91999999999978));
#6709=DIRECTION('',(1.0,0.0,0.0));
#6710=DIRECTION('',(0.0,1.0,0.0));
#6711=DIRECTION('',(0.0,-1.0,-4.31060024047995E-15));
#6712=DIRECTION('',(0.0,-1.0,-4.31060024047995E-15));
#6713=DIRECTION('',(-1.0,0.0,0.0));
#6714=CARTESIAN_POINT('',(1.82,9.58,0.310000000000012));
#6715=DIRECTION('',(1.0,0.0,0.0));
#6716=DIRECTION('',(0.0,1.0,-6.1602396163949E-17));
#6717=DIRECTION('',(0.0,1.0,5.55653613398828E-15));
#6718=CARTESIAN_POINT('',(1.82,10.38,-0.249999999999992));
#6719=DIRECTION('',(1.0,0.0,0.0));
#6720=DIRECTION('',(0.0,1.0,0.0));
#6721=CARTESIAN_POINT('',(1.18,10.38,-0.249999999999992));
#6722=DIRECTION('',(1.0,0.0,0.0));
#6723=DIRECTION('',(0.0,1.0,0.0));
#6724=DIRECTION('',(0.0,1.0,5.55653613398828E-15));
#6725=CARTESIAN_POINT('',(1.18,9.58,0.310000000000012));
#6726=DIRECTION('',(1.0,0.0,0.0));
#6727=DIRECTION('',(0.0,1.0,-6.1602396163949E-17));
#6728=DIRECTION('',(-1.0,0.0,0.0));
#6729=DIRECTION('',(-1.0,0.0,0.0));
#6730=DIRECTION('',(0.245599354379008,-0.937742989447124,0.245599354379007));
#6731=DIRECTION('',(0.245599354379009,0.937742989447124,-0.245599354379007));
#6732=DIRECTION('',(0.245599354379008,0.937742989447123,0.245599354379011));
#6733=DIRECTION('',(0.245599354379008,-0.937742989447123,-0.245599354379011));
#6734=DIRECTION('',(0.0,-1.0,-2.22224071040957E-15));
#6735=DIRECTION('',(1.0,0.0,0.0));
#6736=DIRECTION('',(0.0,-1.0,-2.22224071040957E-15));
#6737=DIRECTION('',(-1.0,0.0,0.0));
#6738=DIRECTION('',(0.0,0.0,1.0));
#6739=DIRECTION('',(-1.0,0.0,0.0));
#6740=DIRECTION('',(0.0,0.0,-1.0));
#6741=DIRECTION('',(1.0,0.0,0.0));
#6742=DIRECTION('',(0.0,1.0,1.88890460384825E-15));
#6743=DIRECTION('',(-1.0,0.0,0.0));
#6744=DIRECTION('',(0.0,1.0,1.88890460384825E-15));
#6745=DIRECTION('',(-1.0,0.0,0.0));
#6746=DIRECTION('',(0.0,0.0,-1.0));
#6747=CARTESIAN_POINT('',(-1.18,6.65,1.91999999999978));
#6748=DIRECTION('',(1.0,0.0,0.0));
#6749=DIRECTION('',(0.0,1.0,0.0));
#6750=CARTESIAN_POINT('',(-1.18,6.65,2.00000000000001));
#6751=DIRECTION('',(1.0,0.0,0.0));
#6752=DIRECTION('',(0.0,1.0,0.0));
#6753=DIRECTION('',(0.0,0.0,1.0));
#6754=CARTESIAN_POINT('',(-1.82,6.65,2.00000000000001));
#6755=DIRECTION('',(1.0,0.0,0.0));
#6756=DIRECTION('',(0.0,1.0,0.0));
#6757=CARTESIAN_POINT('',(-1.82,6.65,1.91999999999978));
#6758=DIRECTION('',(1.0,0.0,0.0));
#6759=DIRECTION('',(0.0,1.0,0.0));
#6760=DIRECTION('',(0.0,-1.0,-4.31060024047995E-15));
#6761=DIRECTION('',(0.0,-1.0,-4.31060024047995E-15));
#6762=DIRECTION('',(-1.0,0.0,0.0));
#6763=CARTESIAN_POINT('',(-1.18,9.58,0.310000000000012));
#6764=DIRECTION('',(1.0,0.0,0.0));
#6765=DIRECTION('',(0.0,1.0,-6.1602396163949E-17));
#6766=DIRECTION('',(0.0,1.0,5.55653613398828E-15));
#6767=CARTESIAN_POINT('',(-1.18,10.38,-0.249999999999992));
#6768=DIRECTION('',(1.0,0.0,0.0));
#6769=DIRECTION('',(0.0,1.0,0.0));
#6770=CARTESIAN_POINT('',(-1.82,10.38,-0.249999999999992));
#6771=DIRECTION('',(1.0,0.0,0.0));
#6772=DIRECTION('',(0.0,1.0,0.0));
#6773=DIRECTION('',(0.0,1.0,5.55653613398828E-15));
#6774=CARTESIAN_POINT('',(-1.82,9.58,0.310000000000012));
#6775=DIRECTION('',(1.0,0.0,0.0));
#6776=DIRECTION('',(0.0,1.0,-6.1602396163949E-17));
#6777=DIRECTION('',(-1.0,0.0,0.0));
#6778=DIRECTION('',(-1.0,0.0,0.0));
#6779=DIRECTION('',(0.245599354379008,-0.937742989447124,0.245599354379007));
#6780=DIRECTION('',(0.245599354379009,0.937742989447124,-0.245599354379007));
#6781=DIRECTION('',(0.245599354379008,0.937742989447123,0.245599354379011));
#6782=DIRECTION('',(0.245599354379008,-0.937742989447123,-0.245599354379011));
#6783=DIRECTION('',(0.0,-1.0,-2.22224071040957E-15));
#6784=DIRECTION('',(1.0,0.0,0.0));
#6785=DIRECTION('',(0.0,-1.0,-2.22224071040957E-15));
#6786=DIRECTION('',(-1.0,0.0,0.0));
#6787=DIRECTION('',(0.0,0.0,1.0));
#6788=DIRECTION('',(-1.0,0.0,0.0));
#6789=DIRECTION('',(0.0,0.0,-1.0));
#6790=DIRECTION('',(1.0,0.0,0.0));
#6791=DIRECTION('',(0.0,1.0,1.88890460384825E-15));
#6792=DIRECTION('',(-1.0,0.0,0.0));
#6793=DIRECTION('',(0.0,1.0,1.88890460384825E-15));
#6794=DIRECTION('',(-1.0,0.0,0.0));
#6795=DIRECTION('',(0.0,0.0,-1.0));
#6796=CARTESIAN_POINT('',(-4.18,6.65,1.91999999999978));
#6797=DIRECTION('',(1.0,0.0,0.0));
#6798=DIRECTION('',(0.0,1.0,0.0));
#6799=CARTESIAN_POINT('',(-4.18,6.65,2.00000000000001));
#6800=DIRECTION('',(1.0,0.0,0.0));
#6801=DIRECTION('',(0.0,1.0,0.0));
#6802=DIRECTION('',(0.0,0.0,1.0));
#6803=CARTESIAN_POINT('',(-4.82,6.65,2.00000000000001));
#6804=DIRECTION('',(1.0,0.0,0.0));
#6805=DIRECTION('',(0.0,1.0,0.0));
#6806=CARTESIAN_POINT('',(-4.82,6.65,1.91999999999978));
#6807=DIRECTION('',(1.0,0.0,0.0));
#6808=DIRECTION('',(0.0,1.0,0.0));
#6809=DIRECTION('',(0.0,-1.0,-4.31060024047995E-15));
#6810=DIRECTION('',(0.0,-1.0,-4.31060024047995E-15));
#6811=DIRECTION('',(-1.0,0.0,0.0));
#6812=CARTESIAN_POINT('',(-4.18,9.58,0.310000000000012));
#6813=DIRECTION('',(1.0,0.0,0.0));
#6814=DIRECTION('',(0.0,1.0,-6.1602396163949E-17));
#6815=DIRECTION('',(0.0,1.0,5.55653613398828E-15));
#6816=CARTESIAN_POINT('',(-4.18,10.38,-0.249999999999992));
#6817=DIRECTION('',(1.0,0.0,0.0));
#6818=DIRECTION('',(0.0,1.0,0.0));
#6819=CARTESIAN_POINT('',(-4.82,10.38,-0.249999999999992));
#6820=DIRECTION('',(1.0,0.0,0.0));
#6821=DIRECTION('',(0.0,1.0,0.0));
#6822=DIRECTION('',(0.0,1.0,5.55653613398828E-15));
#6823=CARTESIAN_POINT('',(-4.82,9.58,0.310000000000012));
#6824=DIRECTION('',(1.0,0.0,0.0));
#6825=DIRECTION('',(0.0,1.0,-6.1602396163949E-17));
#6826=DIRECTION('',(-1.0,0.0,0.0));
#6827=DIRECTION('',(-1.0,0.0,0.0));
#6828=DIRECTION('',(0.245599354379008,-0.937742989447124,0.245599354379007));
#6829=DIRECTION('',(0.245599354379008,0.937742989447124,-0.245599354379007));
#6830=DIRECTION('',(0.245599354379008,0.937742989447123,0.245599354379011));
#6831=DIRECTION('',(0.245599354379008,-0.937742989447123,-0.245599354379011));
#6832=DIRECTION('',(0.0,-1.0,-2.22224071040957E-15));
#6833=DIRECTION('',(1.0,0.0,0.0));
#6834=DIRECTION('',(0.0,-1.0,-2.22224071040957E-15));
#6835=DIRECTION('',(-1.0,0.0,0.0));
#6836=DIRECTION('',(0.0,0.0,1.0));
#6837=DIRECTION('',(-1.0,0.0,0.0));
#6838=DIRECTION('',(0.0,0.0,-1.0));
#6839=DIRECTION('',(1.0,0.0,0.0));
#6840=DIRECTION('',(0.0,1.0,1.88890460384825E-15));
#6841=DIRECTION('',(-1.0,0.0,0.0));
#6842=DIRECTION('',(0.0,1.0,1.88890460384825E-15));
#6843=DIRECTION('',(-1.0,0.0,0.0));
#6844=DIRECTION('',(0.0,0.0,-1.0));
#6845=CARTESIAN_POINT('',(-7.18,6.65,1.91999999999978));
#6846=DIRECTION('',(1.0,0.0,0.0));
#6847=DIRECTION('',(0.0,1.0,0.0));
#6848=CARTESIAN_POINT('',(-7.18,6.65,2.00000000000001));
#6849=DIRECTION('',(1.0,0.0,0.0));
#6850=DIRECTION('',(0.0,1.0,0.0));
#6851=DIRECTION('',(0.0,0.0,1.0));
#6852=CARTESIAN_POINT('',(-7.82,6.65,2.00000000000001));
#6853=DIRECTION('',(1.0,0.0,0.0));
#6854=DIRECTION('',(0.0,1.0,0.0));
#6855=CARTESIAN_POINT('',(-7.82,6.65,1.91999999999978));
#6856=DIRECTION('',(1.0,0.0,0.0));
#6857=DIRECTION('',(0.0,1.0,0.0));
#6858=DIRECTION('',(0.0,-1.0,-4.31060024047995E-15));
#6859=DIRECTION('',(0.0,-1.0,-4.31060024047995E-15));
#6860=DIRECTION('',(-1.0,0.0,0.0));
#6861=CARTESIAN_POINT('',(-7.18,9.58,0.310000000000012));
#6862=DIRECTION('',(1.0,0.0,0.0));
#6863=DIRECTION('',(0.0,1.0,-6.1602396163949E-17));
#6864=DIRECTION('',(0.0,1.0,5.55653613398828E-15));
#6865=CARTESIAN_POINT('',(-7.18,10.38,-0.249999999999992));
#6866=DIRECTION('',(1.0,0.0,0.0));
#6867=DIRECTION('',(0.0,1.0,0.0));
#6868=CARTESIAN_POINT('',(-7.82,10.38,-0.249999999999992));
#6869=DIRECTION('',(1.0,0.0,0.0));
#6870=DIRECTION('',(0.0,1.0,0.0));
#6871=DIRECTION('',(0.0,1.0,5.55653613398828E-15));
#6872=CARTESIAN_POINT('',(-7.82,9.58,0.310000000000012));
#6873=DIRECTION('',(1.0,0.0,0.0));
#6874=DIRECTION('',(0.0,1.0,-6.1602396163949E-17));
#6875=DIRECTION('',(-1.0,0.0,0.0));
#6876=DIRECTION('',(-1.0,0.0,0.0));
#6877=DIRECTION('',(0.245599354379008,-0.937742989447124,0.245599354379007));
#6878=DIRECTION('',(0.245599354379008,0.937742989447124,-0.245599354379007));
#6879=DIRECTION('',(0.245599354379008,0.937742989447123,0.245599354379011));
#6880=DIRECTION('',(0.245599354379008,-0.937742989447123,-0.245599354379011));
#6881=CARTESIAN_POINT('',(-10.09,7.79,0.272799999999995));
#6882=DIRECTION('',(0.0,1.0,0.0));
#6883=DIRECTION('',(-1.0,0.0,-2.71050543121378E-16));
#6884=DIRECTION('',(0.0,-1.0,0.0));
#6885=CARTESIAN_POINT('',(-10.09,7.15,0.272799999999995));
#6886=DIRECTION('',(0.0,1.0,0.0));
#6887=DIRECTION('',(-1.0,0.0,-2.71050543121378E-16));
#6888=DIRECTION('',(0.0,0.0,-1.0));
#6889=DIRECTION('',(0.0,-1.0,0.0));
#6890=DIRECTION('',(0.0,0.0,-1.0));
#6891=DIRECTION('',(0.0,-1.0,0.0));
#6892=DIRECTION('',(1.0,0.0,1.37119686520226E-14));
#6893=DIRECTION('',(1.0,0.0,1.37119686520226E-14));
#6894=DIRECTION('',(0.0,-1.0,0.0));
#6895=CARTESIAN_POINT('',(-10.09,7.79,0.272799999999995));
#6896=DIRECTION('',(0.0,-1.0,0.0));
#6897=DIRECTION('',(-1.0,0.0,1.6680033422854E-16));
#6898=CARTESIAN_POINT('',(-10.09,7.15,0.272799999999995));
#6899=DIRECTION('',(0.0,-1.0,0.0));
#6900=DIRECTION('',(-1.0,0.0,1.6680033422854E-16));
#6901=DIRECTION('',(-1.0,0.0,-4.18533926878595E-16));
#6902=DIRECTION('',(-1.0,0.0,-4.18533926878595E-16));
#6903=CARTESIAN_POINT('',(10.09,7.15,0.272799999999995));
#6904=DIRECTION('',(0.0,-1.0,0.0));
#6905=DIRECTION('',(1.0,0.0,0.0));
#6906=DIRECTION('',(0.0,1.0,0.0));
#6907=CARTESIAN_POINT('',(10.09,7.79,0.272799999999995));
#6908=DIRECTION('',(0.0,-1.0,0.0));
#6909=DIRECTION('',(1.0,0.0,0.0));
#6910=CARTESIAN_POINT('',(10.09,7.15,0.272799999999995));
#6911=DIRECTION('',(0.0,1.0,0.0));
#6912=DIRECTION('',(1.0,0.0,-8.34001671142699E-17));
#6913=CARTESIAN_POINT('',(10.09,7.79,0.272799999999995));
#6914=DIRECTION('',(0.0,1.0,0.0));
#6915=DIRECTION('',(1.0,0.0,-8.34001671142699E-17));
#6916=DIRECTION('',(0.0,1.0,0.0));
#6917=DIRECTION('',(-1.0,0.0,2.15246019537563E-15));
#6918=DIRECTION('',(-1.0,0.0,2.15246019537563E-15));
#6919=DIRECTION('',(0.0,1.0,0.0));
#6920=DIRECTION('',(0.0,0.0,-1.0));
#6921=DIRECTION('',(0.0,0.0,-1.0));
#6922=DIRECTION('',(0.0,1.0,0.0));
#6923=DIRECTION('',(1.0,0.0,0.0));
#6924=DIRECTION('',(1.0,0.0,0.0));
#6925=DIRECTION('',(0.0,0.300635186420928,-0.953739212093984));
#6926=DIRECTION('',(-1.0,0.0,0.0));
#6927=DIRECTION('',(0.0,0.300635186420928,-0.953739212093984));
#6928=DIRECTION('',(-1.0,0.0,0.0));
#6929=DIRECTION('',(0.0,-0.685628685841297,-0.727951444226561));
#6930=DIRECTION('',(-1.0,0.0,0.0));
#6931=DIRECTION('',(0.0,-0.685628685841297,-0.727951444226561));
#6932=DIRECTION('',(0.0,-1.0,0.0));
#6933=DIRECTION('',(-1.0,0.0,0.0));
#6934=DIRECTION('',(0.0,-1.0,0.0));
#6935=DIRECTION('',(0.0,0.284797771775345,0.95858762207312));
#6936=DIRECTION('',(-1.0,0.0,0.0));
#6937=DIRECTION('',(0.0,0.284797771775345,0.95858762207312));
#6938=DIRECTION('',(0.0,0.0,1.0));
#6939=DIRECTION('',(0.0,0.0,-1.0));
#6940=DIRECTION('',(0.0,0.0,1.0));
#6941=DIRECTION('',(0.0,0.0,-1.0));
#6942=DIRECTION('',(0.0,1.29456975819165E-16,1.0));
#6943=DIRECTION('',(0.0,0.0,-1.0));
#6944=DIRECTION('',(0.0,0.284797771775344,-0.95858762207312));
#6945=DIRECTION('',(0.0,-1.0,0.0));
#6946=DIRECTION('',(0.0,-0.685628685841297,0.727951444226561));
#6947=DIRECTION('',(0.0,0.300635186420929,0.953739212093984));
#6948=DIRECTION('',(0.0,1.29456975819165E-16,1.0));
#6949=DIRECTION('',(0.0,0.300635186420929,0.953739212093984));
#6950=DIRECTION('',(0.0,-0.685628685841297,0.727951444226561));
#6951=DIRECTION('',(0.0,-1.0,0.0));
#6952=DIRECTION('',(0.0,0.284797771775344,-0.95858762207312));
#6953=DIRECTION('',(0.0,0.0,-1.0));
#6954=DIRECTION('',(-1.0,0.0,0.0));
#6955=DIRECTION('',(-1.0,0.0,0.0));
#6956=DIRECTION('',(-1.0,0.0,0.0));
#6957=DIRECTION('',(-1.0,0.0,0.0));
#6958=DIRECTION('',(-1.0,0.0,0.0));
#6959=DIRECTION('',(0.0,0.284797771775345,0.95858762207312));
#6960=DIRECTION('',(1.0,0.0,0.0));
#6961=DIRECTION('',(0.0,0.284797771775345,0.95858762207312));
#6962=DIRECTION('',(1.0,0.0,0.0));
#6963=DIRECTION('',(0.0,-1.0,0.0));
#6964=DIRECTION('',(1.0,0.0,0.0));
#6965=DIRECTION('',(0.0,-1.0,0.0));
#6966=DIRECTION('',(0.0,-0.685628685841297,-0.727951444226561));
#6967=DIRECTION('',(1.0,0.0,0.0));
#6968=DIRECTION('',(0.0,-0.685628685841297,-0.727951444226561));
#6969=DIRECTION('',(0.0,0.300635186420928,-0.953739212093984));
#6970=DIRECTION('',(1.0,0.0,0.0));
#6971=DIRECTION('',(0.0,0.300635186420928,-0.953739212093984));
#6972=DIRECTION('',(0.0,0.0,1.0));
#6973=DIRECTION('',(0.0,0.0,-1.0));
#6974=DIRECTION('',(0.0,0.0,1.0));
#6975=DIRECTION('',(0.0,0.0,-1.0));
#6976=DIRECTION('',(0.0,1.29456975819165E-16,1.0));
#6977=DIRECTION('',(0.0,0.300635186420929,0.953739212093984));
#6978=DIRECTION('',(0.0,-0.685628685841297,0.727951444226561));
#6979=DIRECTION('',(0.0,-1.0,0.0));
#6980=DIRECTION('',(0.0,0.284797771775344,-0.95858762207312));
#6981=DIRECTION('',(0.0,0.0,-1.0));
#6982=DIRECTION('',(0.0,1.29456975819165E-16,1.0));
#6983=DIRECTION('',(0.0,0.0,-1.0));
#6984=DIRECTION('',(0.0,0.284797771775344,-0.95858762207312));
#6985=DIRECTION('',(0.0,-1.0,0.0));
#6986=DIRECTION('',(0.0,-0.685628685841297,0.727951444226561));
#6987=DIRECTION('',(0.0,0.300635186420929,0.953739212093984));
#6988=DIRECTION('',(1.0,0.0,0.0));
#6989=DIRECTION('',(1.0,0.0,0.0));
#6990=DIRECTION('',(1.0,0.0,0.0));
#6991=DIRECTION('',(1.0,0.0,0.0));
#6992=DIRECTION('',(1.0,0.0,0.0));
#6993=PRESENTATION_LAYER_ASSIGNMENT('','',(#51,#52,#53,#54,#55,#56,#57,#58,#59,#60,#61,#62,#63,#64,#65,#66,#67,#68,#69,#70,#71,#72,#73,#74,#75,#76,#77,#78,#79,#80,#81,#82,#83,#84,#85,#86,#87,#88,#89,#90,#91,#92,#93,#94,#95,#96,#97,#98,#99,#100,#101,#102,#103,#104,#105,#106,#107,#108,#109,#110,#111,#112,#113,#114,#115,#116,#117,#118,#119,#120,#121,#122,#123,#124,#125,#126,#127,#128,#129,#130,#131,#132,#133,#134,#135,#136,#137,#138,#139,#140,#141,#142,#143,#144,#145,#146,#147,#148,#149,#150,#151,#152,#153,#154,#155,#156,#157,#158,#159,#160,#161,#162,#163,#164,#165,#166,#167,#168,#169,#170,#171,#172,#173,#174,#175,#176,#177,#178,#179,#180,#181,#182,#183,#184,#185,#186,#187,#188,#189,#190,#191,#192,#193,#194,#195,#196,#197,#198,#199,#200,#201,#202,#203,#204,#205,#206,#207,#208,#209,#210,#211,#212,#213,#214,#215,#216,#217,#218,#219,#220,#221,#222,#223,#224,#225,#226,#227,#228,#229,#230,#231,#232,#233,#234,#235,#236,#237,#238,#239,#240,#241,#242,#243,#244,#245,#246,#247,#248,#249,#250,#251,#252,#253,#254,#255,#256,#257,#258,#259,#260,#261,#262,#263,#264,#265,#266,#267,#268,#269,#270,#271,#272,#273,#274,#275,#276,#277,#278,#279,#280,#281,#282,#3152,#3153,#3154,#3155,#3156,#3157,#3158,#3159,#3160,#3161,#3162,#3163,#3164,#3165,#3166,#3167,#3168,#3169,#3170,#3171,#3172,#3173,#3174,#3175,#3176,#3177,#3178,#3179,#3180,#3181,#3182,#3183,#3184,#3185,#3186,#3187,#3188,#3189,#3190,#3191,#3192,#3193,#3194,#3195,#3196,#3197,#3198,#3199,#3200,#3201,#3202,#3203,#3204,#3205,#3206,#3207,#3208,#3209,#3210,#3211,#3212,#3213,#3214,#3215,#3216,#3217,#3218,#3219,#3220,#3221,#3222,#3223,#3224,#3225,#3226,#3227,#3228,#3229,#3230,#3231,#3232,#3233,#3234,#3235,#3236,#3237,#3238,#3239,#3240,#3241,#3242,#3243,#3244,#3245,#3246,#3247,#3248,#3249,#3250,#3251,#3252,#3253,#3254,#3255,#3256,#3257,#3258,#3259,#3260,#3261,#3262,#3263,#3264,#3265,#3266,#3267,#3268,#3269,#3270,#3271,#3272,#3273,#3274,#3275,#3276,#3277,#3278,#3279,#3280,#3281,#3282,#3283,#3284,#3285,#3286,#3287,#3288,#3289,#3290,#3291,#3292,#3293,#3294,#3295,#3296,#3297,#3298,#3299,#3300,#3301,#3302,#3303,#3304,#3305,#3306,#3307,#3308,#3309,#3310,#3311,#3312,#3313,#3314,#3315,#3316,#3317,#3318,#3319,#3320,#3321,#3322,#3323,#3324,#3325,#3326,#3327,#3328,#3329,#3330,#3331,#3332,#3333,#3334,#3335,#3336,#3337,#3338,#3339,#3340,#3341,#3342,#3343,#3344,#3345,#3346,#3347,#3348,#3349,#3350,#3351,#3352,#3353,#3354,#3355,#3356,#3357,#3358,#3359,#3360,#3361,#3362,#3363,#3364,#3365,#3366,#3367,#3368,#3369,#3370,#3371,#3372,#3373,#3374,#3375,#3376,#3377,#3378,#3379,#3380,#3381,#3382,#3383,#3384,#3385,#3386,#3387,#3388,#3389,#3390,#3391,#3392,#3393,#3394,#3395,#3396,#3397,#3398,#3399,#3400,#3401,#3402,#3403,#3404,#3405,#3406,#3407,#3408,#3409,#3410,#3411,#3412,#3413,#3414,#3415,#3416,#3417,#3418,#3419,#3420,#3421,#3422,#3423,#3424,#3425,#3426,#3427,#3428,#3429,#3430,#3431,#3432,#3433,#3434,#3435,#3436,#3437,#3438,#3439,#3440,#3441,#3442,#3443,#3444,#3445,#3446,#3447,#3448,#3449,#3450,#3451,#3452,#3453,#3454,#3455,#3456,#3457,#3458,#3459,#3460,#3461,#3462,#3463,#3464,#3465,#3466,#3467,#3468,#3469,#3470,#3471,#3472,#3473,#3474,#3475,#3476,#3477,#3478,#3479,#3480,#3481,#3482,#3483,#3484,#3485,#3486,#3487,#3488,#3489,#3490,#3491,#3492,#3493,#3494,#3495,#3496,#3497,#3498,#3499,#3500,#3501,#3502,#3503,#3504,#3505,#3506,#3507,#3508,#3509,#3510,#3511,#3512,#3513,#3514,#3515,#3516,#3517,#3518,#3519,#3520,#3521,#3522,#3523,#3524,#3525,#3526,#3527,#3528,#3529,#3530,#3531,#3532,#3533,#3534,#3535,#3536,#3537,#3538,#3539,#3540,#3541,#3542,#3543,#3544,#3545,#3546,#3547,#3548,#3549,#3550,#3551,#3552,#3553,#3554,#3555,#3556,#3557,#3558,#3559,#3560,#3561,#3562,#3563,#3564,#3565,#3566,#3567,#3568,#3569,#3570,#3571,#3572,#3573,#3574,#3575,#3576,#3577,#3578,#3579,#3580,#3581,#3582,#3583,#3584,#3585,#3586,#3587,#3588,#3589,#3590,#3591,#3592,#3593,#3594,#3595,#3596,#3597,#3598,#3599,#3600,#3601,#3602,#3603,#3604,#3605,#3606,#3607,#3608,#3609,#3610,#3611,#3612,#3613,#3614,#3615,#3616,#3617,#3618,#3619,#3620,#3621,#3622,#3623,#3624,#3625,#3626,#3627,#3628,#3629,#3630,#3631,#3632,#3633,#3634,#3635,#3636,#3637,#3638,#3639,#3640,#3641,#3642,#3643,#3644,#3645,#3646,#3647,#3648,#3649,#3650,#3651,#3652,#3653,#3654,#3655,#3656,#3657,#3658,#3659,#3660,#3661,#3662,#3663,#3664,#3665,#3666,#3667,#3668,#3669,#3670,#3671,#3672,#3673,#3674,#3675,#3676,#3677,#3678,#3679,#3680,#3681,#3682,#3683,#3684,#3685,#3686,#3687,#3688,#3689,#3690,#3691,#3692,#3693,#3694,#3695,#3696,#3697,#3698,#3699,#3700,#3701,#3702,#3703,#3704,#3705,#3706,#3707,#3708,#3709,#3710,#3711,#3712,#3713,#3714,#3715,#3716,#3717,#3718,#3719,#3720,#3721,#3722,#3723,#3724,#3725,#3726,#3727,#3728,#3729,#3730,#3731,#3732,#3733,#3734,#3735,#3736,#3737,#3738,#3739,#3740,#3741,#3742,#3743,#3744,#3745,#3746,#3747,#3748,#3749,#3750,#3751,#3752,#3753,#3754,#3756,#3758,#3761,#3762,#3764,#3766,#3769,#3770,#3772,#3774,#3777,#3778,#3780,#3782,#3785,#3786,#3788,#3790,#3792,#3794,#3796,#3798,#3800,#3802,#3804,#3806,#3808,#3810,#3812,#3814,#3816,#3818,#3820,#3822,#3824,#3826,#3828,#3830,#3832,#3834,#3836,#3838,#3840,#3842,#3844,#3846,#3848,#3850,#3852,#3854,#3856,#3858,#3860,#3862,#3864,#3866,#3868,#3870,#3873,#3874,#3876,#3878,#3881,#3882,#3884,#3886,#3889,#3891,#3894,#3896,#3898,#3900,#3902,#3904,#3907,#3909,#3912,#3914,#3916,#3918,#3920,#3922,#3925,#3926,#3928,#3930,#3932,#3934,#3936,#3938,#3941,#3942,#3944,#3946,#3948,#3950,#3952,#3954,#3957,#3959,#3962,#3963,#3967,#3968,#3970,#3972,#3974,#3977,#3978,#3980,#3982,#3984,#3987,#3988,#3990,#3992,#3994,#3997,#3998,#4000,#4002,#4004,#4007,#4008,#4010,#4012,#4015,#4016,#4018,#4020,#4022,#4026,#4029,#4033,#4034,#4036,#4038,#4041,#4043,#4046,#4049,#4052,#4054,#4057,#4059,#4062,#4064,#4067,#4069,#4072,#4074,#4077,#4079,#4082,#4084,#4095,#4097,#4102,#4104,#4109,#4111,#4117,#4120,#4127,#4129,#4132,#4135,#4138,#4142,#4143,#4145,#4147,#4150,#4152,#4155,#4158,#4162,#4163,#4165,#4167,#4170,#4172,#4175,#4178,#4181,#4185,#4186,#4188,#4190,#4193,#4195,#4198,#4201,#4204,#4208,#4209,#4211,#4213,#4216,#4218,#4221,#4224,#4227,#4231,#4232,#4234,#4236,#4239,#4241,#4244,#4247,#4250,#4254,#4255,#4257,#4259,#4262,#4264,#4267,#4269,#4274,#4276,#4279,#4281,#4286,#4287,#4289,#4291,#4294,#4295,#4297,#4299,#4302,#4303,#4305,#4307,#4316,#4318,#4321,#4323,#4326,#4328,#4337,#4338,#4340,#4342,#4345,#4346,#4348,#4350,#4353,#4354,#4356,#4358,#4367,#4369,#4372,#4374,#4377,#4379,#4388,#4389,#4391,#4393,#4396,#4397,#4399,#4401,#4404,#4405,#4407,#4409,#4418,#4420,#4423,#4425,#4428,#4430,#4439,#4440,#4442,#4444,#4447,#4448,#4450,#4452,#4455,#4456,#4458,#4460,#4469,#4471,#4474,#4476,#4479,#4481,#4490,#4491,#4493,#4495,#4498,#4499,#4501,#4503,#4506,#4507,#4509,#4511,#4520,#4522,#4525,#4527,#4530,#4532,#4541,#4542,#4544,#4546,#4549,#4550,#4552,#4554,#4557,#4558,#4560,#4562,#4571,#4573,#4576,#4578,#4581,#4583,#4592,#4594,#4597,#4598,#4600,#4602,#4605,#4607,#4614,#4616,#4619,#4621,#4624,#4626,#4629,#4631,#4636,#4637,#4639,#4641,#4644,#4646,#4649,#4651,#4654,#4656,#4663,#4665,#4667,#4669,#4671,#4674,#4676,#4678,#4680,#4682,#4690,#4691,#4693,#4695,#4698,#4700,#4703,#4705,#4708,#4710,#4717,#4719,#4721,#4723,#4725,#4728,#4730,#4732,#4734,#4736));
#6994=PRESENTATION_LAYER_ASSIGNMENT('1','Layer 1',(#25));
ENDSEC;
END-ISO-10303-21;
