ISO-10303-21;
HEADER;
FILE_DESCRIPTION(('STEP AP242'),'1');
FILE_NAME('0430451600.stp','2025-01-03T07:43:50',('TraceParts'),('TraceParts S.A.'),'Spatial InterOp 3D',' ',' ');
FILE_SCHEMA(('AP242_MANAGED_MODEL_BASED_3D_ENGINEERING_MIM_LF  {1 0 10303 442 1 1 4}'));
ENDSEC;
DATA;
#1=PRODUCT_DEFINITION_CONTEXT('',#10,'design');
#2=APPLICATION_PROTOCOL_DEFINITION('INTERNATIONAL STANDARD','ap242_managed_model_based_3d_engineering',2014,#10);
#3=PRODUCT_CATEGORY_RELATIONSHIP('NONE','NONE',#11,#12);
#4=SHAPE_DEFINITION_REPRESENTATION(#13,#14);
#5=SHAPE_DEFINITION_REPRESENTATION(#13,#15);
#6= (GEOMETRIC_REPRESENTATION_CONTEXT(3)GLOBAL_UNCERTAINTY_ASSIGNED_CONTEXT((#18))GLOBAL_UNIT_ASSIGNED_CONTEXT((#20,#21,#22))REPRESENTATION_CONTEXT('NONE','WORKSPACE'));
#10=APPLICATION_CONTEXT('managed model based 3d engineering');
#11=PRODUCT_CATEGORY('part','NONE');
#12=PRODUCT_RELATED_PRODUCT_CATEGORY('detail',' ',(#24));
#13=PRODUCT_DEFINITION_SHAPE('NONE','NONE',#25);
#14=ADVANCED_BREP_SHAPE_REPRESENTATION('0430451600_1',(#26,#27),#6);
#15=GEOMETRICALLY_BOUNDED_SURFACE_SHAPE_REPRESENTATION('1',(#28,#29),#6);
#18=UNCERTAINTY_MEASURE_WITH_UNIT(LENGTH_MEASURE(1.0E-06),#20,'','');
#20= (CONVERSION_BASED_UNIT('MILLIMETRE',#32)LENGTH_UNIT()NAMED_UNIT(#35));
#21= (NAMED_UNIT(#37)PLANE_ANGLE_UNIT()SI_UNIT($,.RADIAN.));
#22= (NAMED_UNIT(#37)SOLID_ANGLE_UNIT()SI_UNIT($,.STERADIAN.));
#24=PRODUCT('0430451600_1','0430451600_1','PART-0430451600_1-DESC',(#43));
#25=PRODUCT_DEFINITION('','NONE',#44,#1);
#26=MANIFOLD_SOLID_BREP('0430451600_1',#45);
#27=AXIS2_PLACEMENT_3D('',#46,#47,#48);
#28=GEOMETRIC_SET('1',(#49,#50,#51,#52,#53,#54,#55,#56,#57,#58,#59,#60,#61,#62,#63,#64,#65,#66,#67,#68,#69,#70,#71,#72,#73,#74,#75,#76,#77,#78,#79,#80,#81,#82,#83,#84,#85,#86,#87));
#29=AXIS2_PLACEMENT_3D('',#88,#89,#90);
#32=LENGTH_MEASURE_WITH_UNIT(LENGTH_MEASURE(1.0),#91);
#35=DIMENSIONAL_EXPONENTS(1.0,0.0,0.0,0.0,0.0,0.0,0.0);
#37=DIMENSIONAL_EXPONENTS(0.0,0.0,0.0,0.0,0.0,0.0,0.0);
#43=PRODUCT_CONTEXT('',#10,'mechanical');
#44=PRODUCT_DEFINITION_FORMATION_WITH_SPECIFIED_SOURCE(' ','NONE',#24,.NOT_KNOWN.);
#45=CLOSED_SHELL('',(#92,#93,#94,#95,#96,#97,#98,#99,#100,#101,#102,#103,#104,#105,#106,#107,#108,#109,#110,#111,#112,#113,#114,#115,#116,#117,#118,#119,#120,#121,#122,#123,#124,#125,#126,#127,#128,#129,#130,#131,#132,#133,#134,#135,#136,#137,#138,#139,#140,#141,#142,#143,#144,#145,#146,#147,#148,#149,#150,#151,#152,#153,#154,#155,#156,#157,#158,#159,#160,#161,#162,#163,#164,#165,#166,#167,#168,#169,#170,#171,#172,#173,#174,#175,#176,#177,#178,#179,#180,#181,#182,#183,#184,#185,#186,#187,#188,#189,#190,#191,#192,#193,#194,#195,#196,#197,#198,#199,#200,#201,#202,#203,#204,#205,#206,#207,#208,#209,#210,#211,#212,#213,#214,#215,#216,#217,#218,#219,#220,#221,#222,#223,#224,#225,#226,#227,#228,#229,#230,#231,#232,#233,#234,#235,#236,#237,#238,#239,#240,#241,#242,#243,#244,#245,#246,#247,#248,#249,#250,#251,#252,#253,#254,#255,#256,#257,#258,#259,#260,#261,#262,#263,#264,#265,#266,#267,#268,#269,#270,#271,#272,#273,#274,#275,#276,#277,#278,#279,#280,#281,#282,#283,#284,#285,#286,#287,#288,#289,#290,#291,#292,#293,#294,#295,#296,#297,#298,#299,#300,#301,#302,#303,#304,#305,#306,#307,#308,#309,#310,#311,#312,#313,#314,#315,#316,#317,#318,#319,#320,#321,#322,#323,#324,#325,#326,#327,#328,#329,#330,#331,#332,#333,#334,#335,#336,#337,#338,#339,#340,#341,#342,#343,#344,#345,#346,#347,#348,#349,#350,#351,#352,#353,#354,#355,#356,#357,#358,#359,#360,#361,#362,#363,#364,#365,#366,#367,#368,#369,#370,#371,#372,#373,#374,#375,#376,#377,#378,#379,#380,#381,#382,#383,#384,#385,#386,#387,#388,#389,#390,#391,#392,#393,#394,#395,#396,#397,#398,#399,#400,#401,#402,#403,#404,#405,#406,#407,#408,#409,#410,#411,#412,#413,#414,#415,#416,#417,#418,#419,#420,#421,#422,#423,#424,#425,#426,#427,#428,#429,#430,#431,#432,#433,#434,#435,#436,#437,#438,#439,#440,#441,#442,#443,#444,#445,#446,#447,#448,#449,#450,#451,#452,#453,#454,#455,#456,#457,#458,#459,#460,#461,#462,#463,#464,#465,#466,#467,#468,#469,#470,#471,#472,#473,#474,#475,#476,#477,#478,#479,#480,#481,#482,#483,#484,#485,#486,#487,#488,#489,#490,#491,#492,#493,#494,#495,#496,#497,#498,#499,#500,#501,#502,#503,#504,#505,#506,#507,#508,#509,#510,#511,#512,#513,#514,#515,#516,#517,#518,#519,#520,#521,#522,#523,#524,#525,#526,#527,#528,#529,#530,#531,#532,#533,#534,#535,#536,#537,#538,#539,#540,#541,#542,#543,#544,#545,#546,#547,#548,#549,#550,#551,#552,#553,#554,#555,#556,#557,#558,#559,#560,#561,#562,#563,#564,#565,#566,#567,#568,#569,#570,#571,#572,#573,#574,#575,#576,#577,#578,#579,#580,#581,#582,#583,#584,#585,#586,#587,#588,#589,#590,#591,#592,#593,#594,#595,#596,#597,#598,#599,#600,#601,#602,#603,#604,#605,#606,#607,#608,#609,#610,#611,#612,#613,#614,#615,#616,#617,#618,#619,#620,#621,#622,#623,#624,#625,#626,#627,#628,#629,#630,#631,#632,#633,#634,#635,#636,#637,#638,#639,#640,#641,#642,#643,#644,#645,#646,#647,#648,#649,#650,#651,#652,#653,#654,#655,#656,#657,#658,#659,#660,#661,#662,#663,#664,#665,#666,#667,#668,#669,#670,#671,#672,#673,#674,#675,#676,#677,#678,#679,#680,#681,#682,#683,#684,#685,#686,#687,#688,#689,#690,#691,#692,#693,#694,#695,#696,#697,#698,#699,#700,#701,#702,#703,#704,#705,#706,#707,#708,#709,#710,#711,#712,#713,#714,#715,#716,#717,#718,#719,#720,#721,#722,#723,#724,#725,#726,#727,#728,#729,#730,#731,#732,#733,#734,#735,#736,#737,#738,#739,#740,#741,#742,#743,#744,#745,#746,#747,#748,#749,#750,#751,#752,#753,#754,#755,#756,#757,#758,#759,#760,#761,#762,#763,#764));
#46=CARTESIAN_POINT('',(0.0,0.0,0.0));
#47=DIRECTION('',(0.0,0.0,1.0));
#48=DIRECTION('',(1.0,0.0,0.0));
#49=COMPOSITE_CURVE('0430451600_2',(#765),.U.);
#50=COMPOSITE_CURVE('0430451600_3',(#766),.U.);
#51=COMPOSITE_CURVE('0430451600_4',(#767),.U.);
#52=COMPOSITE_CURVE('0430451600_5',(#768),.U.);
#53=COMPOSITE_CURVE('0430451600_6',(#769),.U.);
#54=COMPOSITE_CURVE('0430451600_7',(#770),.U.);
#55=COMPOSITE_CURVE('0430451600_8',(#771),.U.);
#56=COMPOSITE_CURVE('0430451600_9',(#772),.U.);
#57=COMPOSITE_CURVE('0430451600_10',(#773),.U.);
#58=COMPOSITE_CURVE('0430451600_11',(#774),.U.);
#59=COMPOSITE_CURVE('0430451600_12',(#775),.U.);
#60=COMPOSITE_CURVE('0430451600_13',(#776),.U.);
#61=COMPOSITE_CURVE('0430451600_14',(#777),.U.);
#62=COMPOSITE_CURVE('0430451600_15',(#778),.U.);
#63=COMPOSITE_CURVE('0430451600_16',(#779),.U.);
#64=COMPOSITE_CURVE('0430451600_17',(#780),.U.);
#65=COMPOSITE_CURVE('0430451600_18',(#781),.U.);
#66=COMPOSITE_CURVE('0430451600_19',(#782),.U.);
#67=COMPOSITE_CURVE('0430451600_20',(#783),.U.);
#68=COMPOSITE_CURVE('0430451600_21',(#784),.U.);
#69=COMPOSITE_CURVE('0430451600_22',(#785),.U.);
#70=COMPOSITE_CURVE('0430451600_23',(#786),.U.);
#71=COMPOSITE_CURVE('0430451600_24',(#787),.U.);
#72=COMPOSITE_CURVE('0430451600_25',(#788),.U.);
#73=COMPOSITE_CURVE('0430451600_26',(#789),.U.);
#74=COMPOSITE_CURVE('0430451600_27',(#790),.U.);
#75=COMPOSITE_CURVE('0430451600_28',(#791),.U.);
#76=COMPOSITE_CURVE('0430451600_29',(#792),.U.);
#77=COMPOSITE_CURVE('0430451600_30',(#793),.U.);
#78=COMPOSITE_CURVE('0430451600_31',(#794),.U.);
#79=COMPOSITE_CURVE('0430451600_32',(#795),.U.);
#80=COMPOSITE_CURVE('0430451600_33',(#796),.U.);
#81=COMPOSITE_CURVE('0430451600_34',(#797),.U.);
#82=COMPOSITE_CURVE('0430451600_35',(#798),.U.);
#83=COMPOSITE_CURVE('0430451600_36',(#799),.U.);
#84=COMPOSITE_CURVE('0430451600_37',(#800),.U.);
#85=COMPOSITE_CURVE('0430451600_38',(#801),.U.);
#86=COMPOSITE_CURVE('0430451600_39',(#802),.U.);
#87=COMPOSITE_CURVE('0430451600_40',(#803),.U.);
#88=CARTESIAN_POINT('',(0.0,0.0,0.0));
#89=DIRECTION('',(0.0,0.0,1.0));
#90=DIRECTION('',(1.0,0.0,0.0));
#91= (NAMED_UNIT(#35)LENGTH_UNIT()SI_UNIT(.MILLI.,.METRE.));
#92=ADVANCED_FACE('',(#805),#806,.F.);
#93=ADVANCED_FACE('',(#807),#808,.T.);
#94=ADVANCED_FACE('',(#809),#810,.T.);
#95=ADVANCED_FACE('',(#811),#812,.T.);
#96=ADVANCED_FACE('',(#813),#814,.T.);
#97=ADVANCED_FACE('',(#815),#816,.F.);
#98=ADVANCED_FACE('',(#817),#818,.T.);
#99=ADVANCED_FACE('',(#819),#820,.F.);
#100=ADVANCED_FACE('',(#821),#822,.T.);
#101=ADVANCED_FACE('',(#823),#824,.T.);
#102=ADVANCED_FACE('',(#825),#826,.F.);
#103=ADVANCED_FACE('',(#827),#828,.F.);
#104=ADVANCED_FACE('',(#829),#830,.F.);
#105=ADVANCED_FACE('',(#831),#832,.F.);
#106=ADVANCED_FACE('',(#833),#834,.F.);
#107=ADVANCED_FACE('',(#835),#836,.F.);
#108=ADVANCED_FACE('',(#837,#838),#839,.T.);
#109=ADVANCED_FACE('',(#840),#841,.F.);
#110=ADVANCED_FACE('',(#842),#843,.F.);
#111=ADVANCED_FACE('',(#844),#845,.F.);
#112=ADVANCED_FACE('',(#846),#847,.T.);
#113=ADVANCED_FACE('',(#848),#849,.T.);
#114=ADVANCED_FACE('',(#850),#851,.F.);
#115=ADVANCED_FACE('',(#852),#853,.F.);
#116=ADVANCED_FACE('',(#854),#855,.F.);
#117=ADVANCED_FACE('',(#856),#857,.F.);
#118=ADVANCED_FACE('',(#858),#859,.F.);
#119=ADVANCED_FACE('',(#860),#861,.F.);
#120=ADVANCED_FACE('',(#862,#863),#864,.T.);
#121=ADVANCED_FACE('',(#865),#866,.F.);
#122=ADVANCED_FACE('',(#867),#868,.F.);
#123=ADVANCED_FACE('',(#869),#870,.T.);
#124=ADVANCED_FACE('',(#871),#872,.T.);
#125=ADVANCED_FACE('',(#873),#874,.T.);
#126=ADVANCED_FACE('',(#875),#876,.T.);
#127=ADVANCED_FACE('',(#877),#878,.F.);
#128=ADVANCED_FACE('',(#879),#880,.T.);
#129=ADVANCED_FACE('',(#881),#882,.T.);
#130=ADVANCED_FACE('',(#883),#884,.T.);
#131=ADVANCED_FACE('',(#885),#886,.T.);
#132=ADVANCED_FACE('',(#887),#888,.T.);
#133=ADVANCED_FACE('',(#889),#890,.T.);
#134=ADVANCED_FACE('',(#891),#892,.T.);
#135=ADVANCED_FACE('',(#893),#894,.T.);
#136=ADVANCED_FACE('',(#895),#896,.T.);
#137=ADVANCED_FACE('',(#897),#898,.T.);
#138=ADVANCED_FACE('',(#899),#900,.T.);
#139=ADVANCED_FACE('',(#901),#902,.T.);
#140=ADVANCED_FACE('',(#903),#904,.T.);
#141=ADVANCED_FACE('',(#905),#906,.T.);
#142=ADVANCED_FACE('',(#907),#908,.T.);
#143=ADVANCED_FACE('',(#909),#910,.T.);
#144=ADVANCED_FACE('',(#911),#912,.T.);
#145=ADVANCED_FACE('',(#913),#914,.T.);
#146=ADVANCED_FACE('',(#915),#916,.F.);
#147=ADVANCED_FACE('',(#917),#918,.F.);
#148=ADVANCED_FACE('',(#919),#920,.F.);
#149=ADVANCED_FACE('',(#921),#922,.F.);
#150=ADVANCED_FACE('',(#923),#924,.T.);
#151=ADVANCED_FACE('',(#925),#926,.T.);
#152=ADVANCED_FACE('',(#927),#928,.T.);
#153=ADVANCED_FACE('',(#929),#930,.T.);
#154=ADVANCED_FACE('',(#931),#932,.T.);
#155=ADVANCED_FACE('',(#933),#934,.T.);
#156=ADVANCED_FACE('',(#935),#936,.T.);
#157=ADVANCED_FACE('',(#937),#938,.T.);
#158=ADVANCED_FACE('',(#939),#940,.T.);
#159=ADVANCED_FACE('',(#941),#942,.T.);
#160=ADVANCED_FACE('',(#943),#944,.T.);
#161=ADVANCED_FACE('',(#945),#946,.T.);
#162=ADVANCED_FACE('',(#947),#948,.T.);
#163=ADVANCED_FACE('',(#949),#950,.T.);
#164=ADVANCED_FACE('',(#951),#952,.T.);
#165=ADVANCED_FACE('',(#953),#954,.T.);
#166=ADVANCED_FACE('',(#955),#956,.T.);
#167=ADVANCED_FACE('',(#957),#958,.F.);
#168=ADVANCED_FACE('',(#959),#960,.F.);
#169=ADVANCED_FACE('',(#961),#962,.F.);
#170=ADVANCED_FACE('',(#963),#964,.F.);
#171=ADVANCED_FACE('',(#965),#966,.T.);
#172=ADVANCED_FACE('',(#967),#968,.F.);
#173=ADVANCED_FACE('',(#969),#970,.F.);
#174=ADVANCED_FACE('',(#971),#972,.F.);
#175=ADVANCED_FACE('',(#973),#974,.F.);
#176=ADVANCED_FACE('',(#975),#976,.F.);
#177=ADVANCED_FACE('',(#977),#978,.T.);
#178=ADVANCED_FACE('',(#979),#980,.F.);
#179=ADVANCED_FACE('',(#981),#982,.F.);
#180=ADVANCED_FACE('',(#983),#984,.F.);
#181=ADVANCED_FACE('',(#985),#986,.F.);
#182=ADVANCED_FACE('',(#987),#988,.F.);
#183=ADVANCED_FACE('',(#989),#990,.F.);
#184=ADVANCED_FACE('',(#991),#992,.F.);
#185=ADVANCED_FACE('',(#993),#994,.T.);
#186=ADVANCED_FACE('',(#995),#996,.T.);
#187=ADVANCED_FACE('',(#997),#998,.T.);
#188=ADVANCED_FACE('',(#999),#1000,.T.);
#189=ADVANCED_FACE('',(#1001),#1002,.T.);
#190=ADVANCED_FACE('',(#1003),#1004,.T.);
#191=ADVANCED_FACE('',(#1005),#1006,.T.);
#192=ADVANCED_FACE('',(#1007),#1008,.T.);
#193=ADVANCED_FACE('',(#1009),#1010,.T.);
#194=ADVANCED_FACE('',(#1011),#1012,.F.);
#195=ADVANCED_FACE('',(#1013),#1014,.F.);
#196=ADVANCED_FACE('',(#1015),#1016,.F.);
#197=ADVANCED_FACE('',(#1017),#1018,.F.);
#198=ADVANCED_FACE('',(#1019,#1020,#1021),#1022,.T.);
#199=ADVANCED_FACE('',(#1023),#1024,.T.);
#200=ADVANCED_FACE('',(#1025),#1026,.F.);
#201=ADVANCED_FACE('',(#1027),#1028,.F.);
#202=ADVANCED_FACE('',(#1029),#1030,.F.);
#203=ADVANCED_FACE('',(#1031),#1032,.T.);
#204=ADVANCED_FACE('',(#1033),#1034,.T.);
#205=ADVANCED_FACE('',(#1035),#1036,.T.);
#206=ADVANCED_FACE('',(#1037),#1038,.T.);
#207=ADVANCED_FACE('',(#1039),#1040,.T.);
#208=ADVANCED_FACE('',(#1041),#1042,.T.);
#209=ADVANCED_FACE('',(#1043),#1044,.F.);
#210=ADVANCED_FACE('',(#1045),#1046,.F.);
#211=ADVANCED_FACE('',(#1047),#1048,.T.);
#212=ADVANCED_FACE('',(#1049),#1050,.T.);
#213=ADVANCED_FACE('',(#1051),#1052,.T.);
#214=ADVANCED_FACE('',(#1053),#1054,.T.);
#215=ADVANCED_FACE('',(#1055),#1056,.T.);
#216=ADVANCED_FACE('',(#1057),#1058,.T.);
#217=ADVANCED_FACE('',(#1059),#1060,.T.);
#218=ADVANCED_FACE('',(#1061),#1062,.T.);
#219=ADVANCED_FACE('',(#1063),#1064,.T.);
#220=ADVANCED_FACE('',(#1065),#1066,.T.);
#221=ADVANCED_FACE('',(#1067),#1068,.F.);
#222=ADVANCED_FACE('',(#1069),#1070,.F.);
#223=ADVANCED_FACE('',(#1071),#1072,.F.);
#224=ADVANCED_FACE('',(#1073),#1074,.F.);
#225=ADVANCED_FACE('',(#1075),#1076,.F.);
#226=ADVANCED_FACE('',(#1077),#1078,.F.);
#227=ADVANCED_FACE('',(#1079),#1080,.T.);
#228=ADVANCED_FACE('',(#1081),#1082,.T.);
#229=ADVANCED_FACE('',(#1083),#1084,.T.);
#230=ADVANCED_FACE('',(#1085),#1086,.T.);
#231=ADVANCED_FACE('',(#1087),#1088,.T.);
#232=ADVANCED_FACE('',(#1089),#1090,.T.);
#233=ADVANCED_FACE('',(#1091),#1092,.F.);
#234=ADVANCED_FACE('',(#1093),#1094,.F.);
#235=ADVANCED_FACE('',(#1095),#1096,.F.);
#236=ADVANCED_FACE('',(#1097),#1098,.F.);
#237=ADVANCED_FACE('',(#1099),#1100,.T.);
#238=ADVANCED_FACE('',(#1101),#1102,.F.);
#239=ADVANCED_FACE('',(#1103),#1104,.F.);
#240=ADVANCED_FACE('',(#1105),#1106,.F.);
#241=ADVANCED_FACE('',(#1107),#1108,.F.);
#242=ADVANCED_FACE('',(#1109),#1110,.F.);
#243=ADVANCED_FACE('',(#1111),#1112,.T.);
#244=ADVANCED_FACE('',(#1113),#1114,.F.);
#245=ADVANCED_FACE('',(#1115),#1116,.F.);
#246=ADVANCED_FACE('',(#1117),#1118,.F.);
#247=ADVANCED_FACE('',(#1119),#1120,.F.);
#248=ADVANCED_FACE('',(#1121),#1122,.F.);
#249=ADVANCED_FACE('',(#1123),#1124,.F.);
#250=ADVANCED_FACE('',(#1125),#1126,.F.);
#251=ADVANCED_FACE('',(#1127),#1128,.T.);
#252=ADVANCED_FACE('',(#1129),#1130,.F.);
#253=ADVANCED_FACE('',(#1131),#1132,.F.);
#254=ADVANCED_FACE('',(#1133),#1134,.F.);
#255=ADVANCED_FACE('',(#1135),#1136,.F.);
#256=ADVANCED_FACE('',(#1137),#1138,.T.);
#257=ADVANCED_FACE('',(#1139),#1140,.F.);
#258=ADVANCED_FACE('',(#1141),#1142,.F.);
#259=ADVANCED_FACE('',(#1143),#1144,.F.);
#260=ADVANCED_FACE('',(#1145),#1146,.F.);
#261=ADVANCED_FACE('',(#1147),#1148,.F.);
#262=ADVANCED_FACE('',(#1149),#1150,.T.);
#263=ADVANCED_FACE('',(#1151),#1152,.F.);
#264=ADVANCED_FACE('',(#1153),#1154,.F.);
#265=ADVANCED_FACE('',(#1155),#1156,.F.);
#266=ADVANCED_FACE('',(#1157),#1158,.F.);
#267=ADVANCED_FACE('',(#1159),#1160,.F.);
#268=ADVANCED_FACE('',(#1161),#1162,.F.);
#269=ADVANCED_FACE('',(#1163),#1164,.F.);
#270=ADVANCED_FACE('',(#1165),#1166,.T.);
#271=ADVANCED_FACE('',(#1167),#1168,.T.);
#272=ADVANCED_FACE('',(#1169),#1170,.T.);
#273=ADVANCED_FACE('',(#1171),#1172,.T.);
#274=ADVANCED_FACE('',(#1173),#1174,.T.);
#275=ADVANCED_FACE('',(#1175),#1176,.T.);
#276=ADVANCED_FACE('',(#1177),#1178,.T.);
#277=ADVANCED_FACE('',(#1179),#1180,.T.);
#278=ADVANCED_FACE('',(#1181),#1182,.T.);
#279=ADVANCED_FACE('',(#1183),#1184,.T.);
#280=ADVANCED_FACE('',(#1185),#1186,.T.);
#281=ADVANCED_FACE('',(#1187),#1188,.T.);
#282=ADVANCED_FACE('',(#1189),#1190,.T.);
#283=ADVANCED_FACE('',(#1191,#1192),#1193,.T.);
#284=ADVANCED_FACE('',(#1194,#1195),#1196,.T.);
#285=ADVANCED_FACE('',(#1197,#1198),#1199,.T.);
#286=ADVANCED_FACE('',(#1200,#1201),#1202,.T.);
#287=ADVANCED_FACE('',(#1203,#1204),#1205,.T.);
#288=ADVANCED_FACE('',(#1206,#1207),#1208,.T.);
#289=ADVANCED_FACE('',(#1209,#1210),#1211,.T.);
#290=ADVANCED_FACE('',(#1212,#1213),#1214,.T.);
#291=ADVANCED_FACE('',(#1215,#1216),#1217,.T.);
#292=ADVANCED_FACE('',(#1218,#1219),#1220,.T.);
#293=ADVANCED_FACE('',(#1221,#1222),#1223,.T.);
#294=ADVANCED_FACE('',(#1224,#1225),#1226,.T.);
#295=ADVANCED_FACE('',(#1227,#1228),#1229,.T.);
#296=ADVANCED_FACE('',(#1230,#1231),#1232,.T.);
#297=ADVANCED_FACE('',(#1233,#1234),#1235,.T.);
#298=ADVANCED_FACE('',(#1236,#1237),#1238,.T.);
#299=ADVANCED_FACE('',(#1239),#1240,.F.);
#300=ADVANCED_FACE('',(#1241,#1242,#1243,#1244,#1245,#1246,#1247,#1248,#1249,#1250,#1251,#1252,#1253,#1254,#1255,#1256,#1257),#1258,.T.);
#301=ADVANCED_FACE('',(#1259),#1260,.F.);
#302=ADVANCED_FACE('',(#1261),#1262,.F.);
#303=ADVANCED_FACE('',(#1263),#1264,.F.);
#304=ADVANCED_FACE('',(#1265),#1266,.F.);
#305=ADVANCED_FACE('',(#1267),#1268,.F.);
#306=ADVANCED_FACE('',(#1269),#1270,.F.);
#307=ADVANCED_FACE('',(#1271),#1272,.F.);
#308=ADVANCED_FACE('',(#1273),#1274,.F.);
#309=ADVANCED_FACE('',(#1275),#1276,.F.);
#310=ADVANCED_FACE('',(#1277),#1278,.F.);
#311=ADVANCED_FACE('',(#1279),#1280,.F.);
#312=ADVANCED_FACE('',(#1281),#1282,.F.);
#313=ADVANCED_FACE('',(#1283),#1284,.F.);
#314=ADVANCED_FACE('',(#1285),#1286,.F.);
#315=ADVANCED_FACE('',(#1287),#1288,.F.);
#316=ADVANCED_FACE('',(#1289),#1290,.F.);
#317=ADVANCED_FACE('',(#1291),#1292,.F.);
#318=ADVANCED_FACE('',(#1293),#1294,.F.);
#319=ADVANCED_FACE('',(#1295),#1296,.F.);
#320=ADVANCED_FACE('',(#1297),#1298,.F.);
#321=ADVANCED_FACE('',(#1299),#1300,.F.);
#322=ADVANCED_FACE('',(#1301),#1302,.F.);
#323=ADVANCED_FACE('',(#1303),#1304,.F.);
#324=ADVANCED_FACE('',(#1305),#1306,.F.);
#325=ADVANCED_FACE('',(#1307),#1308,.F.);
#326=ADVANCED_FACE('',(#1309),#1310,.F.);
#327=ADVANCED_FACE('',(#1311),#1312,.F.);
#328=ADVANCED_FACE('',(#1313),#1314,.F.);
#329=ADVANCED_FACE('',(#1315),#1316,.F.);
#330=ADVANCED_FACE('',(#1317),#1318,.F.);
#331=ADVANCED_FACE('',(#1319),#1320,.F.);
#332=ADVANCED_FACE('',(#1321),#1322,.F.);
#333=ADVANCED_FACE('',(#1323),#1324,.F.);
#334=ADVANCED_FACE('',(#1325),#1326,.F.);
#335=ADVANCED_FACE('',(#1327),#1328,.F.);
#336=ADVANCED_FACE('',(#1329),#1330,.F.);
#337=ADVANCED_FACE('',(#1331),#1332,.F.);
#338=ADVANCED_FACE('',(#1333),#1334,.F.);
#339=ADVANCED_FACE('',(#1335),#1336,.F.);
#340=ADVANCED_FACE('',(#1337),#1338,.F.);
#341=ADVANCED_FACE('',(#1339),#1340,.F.);
#342=ADVANCED_FACE('',(#1341),#1342,.F.);
#343=ADVANCED_FACE('',(#1343),#1344,.F.);
#344=ADVANCED_FACE('',(#1345),#1346,.F.);
#345=ADVANCED_FACE('',(#1347),#1348,.F.);
#346=ADVANCED_FACE('',(#1349),#1350,.F.);
#347=ADVANCED_FACE('',(#1351),#1352,.F.);
#348=ADVANCED_FACE('',(#1353),#1354,.F.);
#349=ADVANCED_FACE('',(#1355),#1356,.F.);
#350=ADVANCED_FACE('',(#1357),#1358,.F.);
#351=ADVANCED_FACE('',(#1359),#1360,.F.);
#352=ADVANCED_FACE('',(#1361),#1362,.F.);
#353=ADVANCED_FACE('',(#1363),#1364,.F.);
#354=ADVANCED_FACE('',(#1365),#1366,.F.);
#355=ADVANCED_FACE('',(#1367),#1368,.F.);
#356=ADVANCED_FACE('',(#1369),#1370,.F.);
#357=ADVANCED_FACE('',(#1371),#1372,.F.);
#358=ADVANCED_FACE('',(#1373),#1374,.F.);
#359=ADVANCED_FACE('',(#1375),#1376,.F.);
#360=ADVANCED_FACE('',(#1377),#1378,.F.);
#361=ADVANCED_FACE('',(#1379),#1380,.F.);
#362=ADVANCED_FACE('',(#1381),#1382,.F.);
#363=ADVANCED_FACE('',(#1383),#1384,.F.);
#364=ADVANCED_FACE('',(#1385),#1386,.F.);
#365=ADVANCED_FACE('',(#1387),#1388,.F.);
#366=ADVANCED_FACE('',(#1389),#1390,.F.);
#367=ADVANCED_FACE('',(#1391),#1392,.F.);
#368=ADVANCED_FACE('',(#1393),#1394,.F.);
#369=ADVANCED_FACE('',(#1395),#1396,.F.);
#370=ADVANCED_FACE('',(#1397),#1398,.F.);
#371=ADVANCED_FACE('',(#1399),#1400,.F.);
#372=ADVANCED_FACE('',(#1401),#1402,.F.);
#373=ADVANCED_FACE('',(#1403),#1404,.F.);
#374=ADVANCED_FACE('',(#1405),#1406,.F.);
#375=ADVANCED_FACE('',(#1407),#1408,.F.);
#376=ADVANCED_FACE('',(#1409),#1410,.F.);
#377=ADVANCED_FACE('',(#1411),#1412,.F.);
#378=ADVANCED_FACE('',(#1413),#1414,.F.);
#379=ADVANCED_FACE('',(#1415),#1416,.T.);
#380=ADVANCED_FACE('',(#1417),#1418,.T.);
#381=ADVANCED_FACE('',(#1419),#1420,.T.);
#382=ADVANCED_FACE('',(#1421),#1422,.T.);
#383=ADVANCED_FACE('',(#1423),#1424,.T.);
#384=ADVANCED_FACE('',(#1425),#1426,.T.);
#385=ADVANCED_FACE('',(#1427),#1428,.F.);
#386=ADVANCED_FACE('',(#1429),#1430,.F.);
#387=ADVANCED_FACE('',(#1431),#1432,.F.);
#388=ADVANCED_FACE('',(#1433),#1434,.F.);
#389=ADVANCED_FACE('',(#1435),#1436,.F.);
#390=ADVANCED_FACE('',(#1437),#1438,.F.);
#391=ADVANCED_FACE('',(#1439),#1440,.F.);
#392=ADVANCED_FACE('',(#1441),#1442,.T.);
#393=ADVANCED_FACE('',(#1443),#1444,.F.);
#394=ADVANCED_FACE('',(#1445),#1446,.F.);
#395=ADVANCED_FACE('',(#1447),#1448,.F.);
#396=ADVANCED_FACE('',(#1449),#1450,.F.);
#397=ADVANCED_FACE('',(#1451),#1452,.F.);
#398=ADVANCED_FACE('',(#1453),#1454,.T.);
#399=ADVANCED_FACE('',(#1455),#1456,.T.);
#400=ADVANCED_FACE('',(#1457),#1458,.T.);
#401=ADVANCED_FACE('',(#1459),#1460,.T.);
#402=ADVANCED_FACE('',(#1461),#1462,.T.);
#403=ADVANCED_FACE('',(#1463),#1464,.T.);
#404=ADVANCED_FACE('',(#1465),#1466,.T.);
#405=ADVANCED_FACE('',(#1467),#1468,.T.);
#406=ADVANCED_FACE('',(#1469),#1470,.T.);
#407=ADVANCED_FACE('',(#1471),#1472,.T.);
#408=ADVANCED_FACE('',(#1473),#1474,.T.);
#409=ADVANCED_FACE('',(#1475),#1476,.T.);
#410=ADVANCED_FACE('',(#1477),#1478,.T.);
#411=ADVANCED_FACE('',(#1479),#1480,.T.);
#412=ADVANCED_FACE('',(#1481),#1482,.T.);
#413=ADVANCED_FACE('',(#1483),#1484,.T.);
#414=ADVANCED_FACE('',(#1485),#1486,.T.);
#415=ADVANCED_FACE('',(#1487),#1488,.T.);
#416=ADVANCED_FACE('',(#1489),#1490,.T.);
#417=ADVANCED_FACE('',(#1491),#1492,.T.);
#418=ADVANCED_FACE('',(#1493),#1494,.T.);
#419=ADVANCED_FACE('',(#1495),#1496,.T.);
#420=ADVANCED_FACE('',(#1497),#1498,.T.);
#421=ADVANCED_FACE('',(#1499),#1500,.T.);
#422=ADVANCED_FACE('',(#1501),#1502,.T.);
#423=ADVANCED_FACE('',(#1503),#1504,.T.);
#424=ADVANCED_FACE('',(#1505),#1506,.T.);
#425=ADVANCED_FACE('',(#1507),#1508,.T.);
#426=ADVANCED_FACE('',(#1509),#1510,.T.);
#427=ADVANCED_FACE('',(#1511),#1512,.T.);
#428=ADVANCED_FACE('',(#1513),#1514,.T.);
#429=ADVANCED_FACE('',(#1515),#1516,.T.);
#430=ADVANCED_FACE('',(#1517),#1518,.T.);
#431=ADVANCED_FACE('',(#1519),#1520,.T.);
#432=ADVANCED_FACE('',(#1521),#1522,.T.);
#433=ADVANCED_FACE('',(#1523),#1524,.T.);
#434=ADVANCED_FACE('',(#1525),#1526,.T.);
#435=ADVANCED_FACE('',(#1527),#1528,.F.);
#436=ADVANCED_FACE('',(#1529),#1530,.F.);
#437=ADVANCED_FACE('',(#1531),#1532,.F.);
#438=ADVANCED_FACE('',(#1533),#1534,.F.);
#439=ADVANCED_FACE('',(#1535),#1536,.F.);
#440=ADVANCED_FACE('',(#1537),#1538,.F.);
#441=ADVANCED_FACE('',(#1539),#1540,.F.);
#442=ADVANCED_FACE('',(#1541),#1542,.T.);
#443=ADVANCED_FACE('',(#1543),#1544,.T.);
#444=ADVANCED_FACE('',(#1545),#1546,.T.);
#445=ADVANCED_FACE('',(#1547),#1548,.T.);
#446=ADVANCED_FACE('',(#1549),#1550,.T.);
#447=ADVANCED_FACE('',(#1551),#1552,.T.);
#448=ADVANCED_FACE('',(#1553),#1554,.T.);
#449=ADVANCED_FACE('',(#1555),#1556,.F.);
#450=ADVANCED_FACE('',(#1557),#1558,.F.);
#451=ADVANCED_FACE('',(#1559),#1560,.F.);
#452=ADVANCED_FACE('',(#1561),#1562,.F.);
#453=ADVANCED_FACE('',(#1563),#1564,.F.);
#454=ADVANCED_FACE('',(#1565),#1566,.T.);
#455=ADVANCED_FACE('',(#1567),#1568,.T.);
#456=ADVANCED_FACE('',(#1569),#1570,.T.);
#457=ADVANCED_FACE('',(#1571),#1572,.T.);
#458=ADVANCED_FACE('',(#1573),#1574,.T.);
#459=ADVANCED_FACE('',(#1575),#1576,.T.);
#460=ADVANCED_FACE('',(#1577),#1578,.T.);
#461=ADVANCED_FACE('',(#1579),#1580,.T.);
#462=ADVANCED_FACE('',(#1581),#1582,.T.);
#463=ADVANCED_FACE('',(#1583),#1584,.T.);
#464=ADVANCED_FACE('',(#1585),#1586,.T.);
#465=ADVANCED_FACE('',(#1587),#1588,.T.);
#466=ADVANCED_FACE('',(#1589),#1590,.T.);
#467=ADVANCED_FACE('',(#1591),#1592,.T.);
#468=ADVANCED_FACE('',(#1593),#1594,.T.);
#469=ADVANCED_FACE('',(#1595),#1596,.T.);
#470=ADVANCED_FACE('',(#1597),#1598,.T.);
#471=ADVANCED_FACE('',(#1599),#1600,.T.);
#472=ADVANCED_FACE('',(#1601),#1602,.T.);
#473=ADVANCED_FACE('',(#1603),#1604,.F.);
#474=ADVANCED_FACE('',(#1605),#1606,.F.);
#475=ADVANCED_FACE('',(#1607),#1608,.F.);
#476=ADVANCED_FACE('',(#1609),#1610,.F.);
#477=ADVANCED_FACE('',(#1611),#1612,.F.);
#478=ADVANCED_FACE('',(#1613),#1614,.F.);
#479=ADVANCED_FACE('',(#1615),#1616,.T.);
#480=ADVANCED_FACE('',(#1617),#1618,.T.);
#481=ADVANCED_FACE('',(#1619),#1620,.T.);
#482=ADVANCED_FACE('',(#1621),#1622,.T.);
#483=ADVANCED_FACE('',(#1623),#1624,.T.);
#484=ADVANCED_FACE('',(#1625),#1626,.T.);
#485=ADVANCED_FACE('',(#1627),#1628,.T.);
#486=ADVANCED_FACE('',(#1629),#1630,.T.);
#487=ADVANCED_FACE('',(#1631),#1632,.T.);
#488=ADVANCED_FACE('',(#1633),#1634,.T.);
#489=ADVANCED_FACE('',(#1635),#1636,.T.);
#490=ADVANCED_FACE('',(#1637),#1638,.F.);
#491=ADVANCED_FACE('',(#1639),#1640,.F.);
#492=ADVANCED_FACE('',(#1641),#1642,.F.);
#493=ADVANCED_FACE('',(#1643),#1644,.F.);
#494=ADVANCED_FACE('',(#1645),#1646,.T.);
#495=ADVANCED_FACE('',(#1647),#1648,.T.);
#496=ADVANCED_FACE('',(#1649),#1650,.F.);
#497=ADVANCED_FACE('',(#1651),#1652,.F.);
#498=ADVANCED_FACE('',(#1653),#1654,.F.);
#499=ADVANCED_FACE('',(#1655),#1656,.F.);
#500=ADVANCED_FACE('',(#1657),#1658,.F.);
#501=ADVANCED_FACE('',(#1659),#1660,.T.);
#502=ADVANCED_FACE('',(#1661),#1662,.T.);
#503=ADVANCED_FACE('',(#1663),#1664,.T.);
#504=ADVANCED_FACE('',(#1665),#1666,.T.);
#505=ADVANCED_FACE('',(#1667),#1668,.T.);
#506=ADVANCED_FACE('',(#1669),#1670,.T.);
#507=ADVANCED_FACE('',(#1671),#1672,.T.);
#508=ADVANCED_FACE('',(#1673),#1674,.T.);
#509=ADVANCED_FACE('',(#1675),#1676,.T.);
#510=ADVANCED_FACE('',(#1677),#1678,.T.);
#511=ADVANCED_FACE('',(#1679),#1680,.T.);
#512=ADVANCED_FACE('',(#1681),#1682,.F.);
#513=ADVANCED_FACE('',(#1683),#1684,.F.);
#514=ADVANCED_FACE('',(#1685),#1686,.F.);
#515=ADVANCED_FACE('',(#1687),#1688,.F.);
#516=ADVANCED_FACE('',(#1689),#1690,.F.);
#517=ADVANCED_FACE('',(#1691),#1692,.F.);
#518=ADVANCED_FACE('',(#1693),#1694,.F.);
#519=ADVANCED_FACE('',(#1695),#1696,.T.);
#520=ADVANCED_FACE('',(#1697),#1698,.T.);
#521=ADVANCED_FACE('',(#1699),#1700,.T.);
#522=ADVANCED_FACE('',(#1701),#1702,.T.);
#523=ADVANCED_FACE('',(#1703),#1704,.T.);
#524=ADVANCED_FACE('',(#1705),#1706,.T.);
#525=ADVANCED_FACE('',(#1707),#1708,.T.);
#526=ADVANCED_FACE('',(#1709),#1710,.T.);
#527=ADVANCED_FACE('',(#1711),#1712,.T.);
#528=ADVANCED_FACE('',(#1713),#1714,.T.);
#529=ADVANCED_FACE('',(#1715),#1716,.T.);
#530=ADVANCED_FACE('',(#1717),#1718,.T.);
#531=ADVANCED_FACE('',(#1719),#1720,.T.);
#532=ADVANCED_FACE('',(#1721),#1722,.T.);
#533=ADVANCED_FACE('',(#1723),#1724,.T.);
#534=ADVANCED_FACE('',(#1725),#1726,.T.);
#535=ADVANCED_FACE('',(#1727),#1728,.T.);
#536=ADVANCED_FACE('',(#1729),#1730,.T.);
#537=ADVANCED_FACE('',(#1731),#1732,.T.);
#538=ADVANCED_FACE('',(#1733),#1734,.T.);
#539=ADVANCED_FACE('',(#1735),#1736,.T.);
#540=ADVANCED_FACE('',(#1737),#1738,.T.);
#541=ADVANCED_FACE('',(#1739),#1740,.T.);
#542=ADVANCED_FACE('',(#1741),#1742,.T.);
#543=ADVANCED_FACE('',(#1743),#1744,.F.);
#544=ADVANCED_FACE('',(#1745),#1746,.F.);
#545=ADVANCED_FACE('',(#1747),#1748,.F.);
#546=ADVANCED_FACE('',(#1749),#1750,.F.);
#547=ADVANCED_FACE('',(#1751),#1752,.T.);
#548=ADVANCED_FACE('',(#1753),#1754,.T.);
#549=ADVANCED_FACE('',(#1755),#1756,.F.);
#550=ADVANCED_FACE('',(#1757),#1758,.F.);
#551=ADVANCED_FACE('',(#1759),#1760,.F.);
#552=ADVANCED_FACE('',(#1761),#1762,.F.);
#553=ADVANCED_FACE('',(#1763),#1764,.F.);
#554=ADVANCED_FACE('',(#1765),#1766,.T.);
#555=ADVANCED_FACE('',(#1767),#1768,.T.);
#556=ADVANCED_FACE('',(#1769),#1770,.T.);
#557=ADVANCED_FACE('',(#1771),#1772,.T.);
#558=ADVANCED_FACE('',(#1773),#1774,.T.);
#559=ADVANCED_FACE('',(#1775),#1776,.T.);
#560=ADVANCED_FACE('',(#1777),#1778,.T.);
#561=ADVANCED_FACE('',(#1779),#1780,.T.);
#562=ADVANCED_FACE('',(#1781),#1782,.T.);
#563=ADVANCED_FACE('',(#1783),#1784,.T.);
#564=ADVANCED_FACE('',(#1785),#1786,.T.);
#565=ADVANCED_FACE('',(#1787),#1788,.F.);
#566=ADVANCED_FACE('',(#1789),#1790,.F.);
#567=ADVANCED_FACE('',(#1791),#1792,.F.);
#568=ADVANCED_FACE('',(#1793),#1794,.F.);
#569=ADVANCED_FACE('',(#1795),#1796,.F.);
#570=ADVANCED_FACE('',(#1797),#1798,.F.);
#571=ADVANCED_FACE('',(#1799),#1800,.F.);
#572=ADVANCED_FACE('',(#1801),#1802,.T.);
#573=ADVANCED_FACE('',(#1803),#1804,.T.);
#574=ADVANCED_FACE('',(#1805),#1806,.T.);
#575=ADVANCED_FACE('',(#1807),#1808,.T.);
#576=ADVANCED_FACE('',(#1809),#1810,.T.);
#577=ADVANCED_FACE('',(#1811),#1812,.T.);
#578=ADVANCED_FACE('',(#1813),#1814,.T.);
#579=ADVANCED_FACE('',(#1815),#1816,.T.);
#580=ADVANCED_FACE('',(#1817),#1818,.T.);
#581=ADVANCED_FACE('',(#1819),#1820,.T.);
#582=ADVANCED_FACE('',(#1821),#1822,.T.);
#583=ADVANCED_FACE('',(#1823),#1824,.T.);
#584=ADVANCED_FACE('',(#1825),#1826,.T.);
#585=ADVANCED_FACE('',(#1827),#1828,.T.);
#586=ADVANCED_FACE('',(#1829),#1830,.T.);
#587=ADVANCED_FACE('',(#1831),#1832,.T.);
#588=ADVANCED_FACE('',(#1833),#1834,.T.);
#589=ADVANCED_FACE('',(#1835),#1836,.T.);
#590=ADVANCED_FACE('',(#1837),#1838,.T.);
#591=ADVANCED_FACE('',(#1839),#1840,.T.);
#592=ADVANCED_FACE('',(#1841),#1842,.T.);
#593=ADVANCED_FACE('',(#1843),#1844,.T.);
#594=ADVANCED_FACE('',(#1845),#1846,.T.);
#595=ADVANCED_FACE('',(#1847),#1848,.T.);
#596=ADVANCED_FACE('',(#1849),#1850,.T.);
#597=ADVANCED_FACE('',(#1851),#1852,.T.);
#598=ADVANCED_FACE('',(#1853),#1854,.T.);
#599=ADVANCED_FACE('',(#1855),#1856,.T.);
#600=ADVANCED_FACE('',(#1857),#1858,.T.);
#601=ADVANCED_FACE('',(#1859),#1860,.T.);
#602=ADVANCED_FACE('',(#1861),#1862,.T.);
#603=ADVANCED_FACE('',(#1863),#1864,.T.);
#604=ADVANCED_FACE('',(#1865),#1866,.T.);
#605=ADVANCED_FACE('',(#1867),#1868,.T.);
#606=ADVANCED_FACE('',(#1869),#1870,.F.);
#607=ADVANCED_FACE('',(#1871),#1872,.F.);
#608=ADVANCED_FACE('',(#1873),#1874,.F.);
#609=ADVANCED_FACE('',(#1875),#1876,.F.);
#610=ADVANCED_FACE('',(#1877),#1878,.T.);
#611=ADVANCED_FACE('',(#1879),#1880,.T.);
#612=ADVANCED_FACE('',(#1881),#1882,.F.);
#613=ADVANCED_FACE('',(#1883),#1884,.F.);
#614=ADVANCED_FACE('',(#1885),#1886,.F.);
#615=ADVANCED_FACE('',(#1887),#1888,.F.);
#616=ADVANCED_FACE('',(#1889),#1890,.F.);
#617=ADVANCED_FACE('',(#1891),#1892,.T.);
#618=ADVANCED_FACE('',(#1893),#1894,.T.);
#619=ADVANCED_FACE('',(#1895),#1896,.T.);
#620=ADVANCED_FACE('',(#1897),#1898,.T.);
#621=ADVANCED_FACE('',(#1899),#1900,.T.);
#622=ADVANCED_FACE('',(#1901),#1902,.T.);
#623=ADVANCED_FACE('',(#1903),#1904,.T.);
#624=ADVANCED_FACE('',(#1905),#1906,.T.);
#625=ADVANCED_FACE('',(#1907),#1908,.T.);
#626=ADVANCED_FACE('',(#1909),#1910,.T.);
#627=ADVANCED_FACE('',(#1911),#1912,.T.);
#628=ADVANCED_FACE('',(#1913),#1914,.F.);
#629=ADVANCED_FACE('',(#1915),#1916,.F.);
#630=ADVANCED_FACE('',(#1917),#1918,.F.);
#631=ADVANCED_FACE('',(#1919),#1920,.F.);
#632=ADVANCED_FACE('',(#1921),#1922,.F.);
#633=ADVANCED_FACE('',(#1923),#1924,.F.);
#634=ADVANCED_FACE('',(#1925),#1926,.F.);
#635=ADVANCED_FACE('',(#1927),#1928,.T.);
#636=ADVANCED_FACE('',(#1929),#1930,.T.);
#637=ADVANCED_FACE('',(#1931),#1932,.T.);
#638=ADVANCED_FACE('',(#1933),#1934,.T.);
#639=ADVANCED_FACE('',(#1935),#1936,.T.);
#640=ADVANCED_FACE('',(#1937),#1938,.T.);
#641=ADVANCED_FACE('',(#1939),#1940,.T.);
#642=ADVANCED_FACE('',(#1941),#1942,.T.);
#643=ADVANCED_FACE('',(#1943),#1944,.T.);
#644=ADVANCED_FACE('',(#1945),#1946,.T.);
#645=ADVANCED_FACE('',(#1947),#1948,.T.);
#646=ADVANCED_FACE('',(#1949),#1950,.T.);
#647=ADVANCED_FACE('',(#1951),#1952,.T.);
#648=ADVANCED_FACE('',(#1953),#1954,.T.);
#649=ADVANCED_FACE('',(#1955),#1956,.T.);
#650=ADVANCED_FACE('',(#1957),#1958,.T.);
#651=ADVANCED_FACE('',(#1959),#1960,.T.);
#652=ADVANCED_FACE('',(#1961),#1962,.T.);
#653=ADVANCED_FACE('',(#1963),#1964,.T.);
#654=ADVANCED_FACE('',(#1965),#1966,.T.);
#655=ADVANCED_FACE('',(#1967),#1968,.T.);
#656=ADVANCED_FACE('',(#1969),#1970,.T.);
#657=ADVANCED_FACE('',(#1971),#1972,.T.);
#658=ADVANCED_FACE('',(#1973),#1974,.T.);
#659=ADVANCED_FACE('',(#1975),#1976,.T.);
#660=ADVANCED_FACE('',(#1977),#1978,.T.);
#661=ADVANCED_FACE('',(#1979),#1980,.T.);
#662=ADVANCED_FACE('',(#1981),#1982,.T.);
#663=ADVANCED_FACE('',(#1983),#1984,.T.);
#664=ADVANCED_FACE('',(#1985),#1986,.T.);
#665=ADVANCED_FACE('',(#1987),#1988,.T.);
#666=ADVANCED_FACE('',(#1989),#1990,.T.);
#667=ADVANCED_FACE('',(#1991),#1992,.T.);
#668=ADVANCED_FACE('',(#1993),#1994,.T.);
#669=ADVANCED_FACE('',(#1995),#1996,.T.);
#670=ADVANCED_FACE('',(#1997),#1998,.T.);
#671=ADVANCED_FACE('',(#1999),#2000,.T.);
#672=ADVANCED_FACE('',(#2001),#2002,.T.);
#673=ADVANCED_FACE('',(#2003),#2004,.T.);
#674=ADVANCED_FACE('',(#2005),#2006,.T.);
#675=ADVANCED_FACE('',(#2007),#2008,.T.);
#676=ADVANCED_FACE('',(#2009),#2010,.T.);
#677=ADVANCED_FACE('',(#2011),#2012,.T.);
#678=ADVANCED_FACE('',(#2013),#2014,.T.);
#679=ADVANCED_FACE('',(#2015),#2016,.T.);
#680=ADVANCED_FACE('',(#2017),#2018,.T.);
#681=ADVANCED_FACE('',(#2019),#2020,.T.);
#682=ADVANCED_FACE('',(#2021),#2022,.T.);
#683=ADVANCED_FACE('',(#2023),#2024,.T.);
#684=ADVANCED_FACE('',(#2025),#2026,.T.);
#685=ADVANCED_FACE('',(#2027),#2028,.T.);
#686=ADVANCED_FACE('',(#2029),#2030,.T.);
#687=ADVANCED_FACE('',(#2031),#2032,.T.);
#688=ADVANCED_FACE('',(#2033),#2034,.T.);
#689=ADVANCED_FACE('',(#2035),#2036,.T.);
#690=ADVANCED_FACE('',(#2037),#2038,.T.);
#691=ADVANCED_FACE('',(#2039),#2040,.T.);
#692=ADVANCED_FACE('',(#2041),#2042,.T.);
#693=ADVANCED_FACE('',(#2043),#2044,.T.);
#694=ADVANCED_FACE('',(#2045),#2046,.T.);
#695=ADVANCED_FACE('',(#2047),#2048,.T.);
#696=ADVANCED_FACE('',(#2049),#2050,.T.);
#697=ADVANCED_FACE('',(#2051),#2052,.T.);
#698=ADVANCED_FACE('',(#2053),#2054,.T.);
#699=ADVANCED_FACE('',(#2055),#2056,.T.);
#700=ADVANCED_FACE('',(#2057),#2058,.F.);
#701=ADVANCED_FACE('',(#2059),#2060,.F.);
#702=ADVANCED_FACE('',(#2061),#2062,.T.);
#703=ADVANCED_FACE('',(#2063),#2064,.T.);
#704=ADVANCED_FACE('',(#2065),#2066,.T.);
#705=ADVANCED_FACE('',(#2067),#2068,.T.);
#706=ADVANCED_FACE('',(#2069),#2070,.T.);
#707=ADVANCED_FACE('',(#2071),#2072,.T.);
#708=ADVANCED_FACE('',(#2073),#2074,.T.);
#709=ADVANCED_FACE('',(#2075),#2076,.T.);
#710=ADVANCED_FACE('',(#2077),#2078,.T.);
#711=ADVANCED_FACE('',(#2079),#2080,.T.);
#712=ADVANCED_FACE('',(#2081),#2082,.T.);
#713=ADVANCED_FACE('',(#2083),#2084,.T.);
#714=ADVANCED_FACE('',(#2085),#2086,.T.);
#715=ADVANCED_FACE('',(#2087),#2088,.T.);
#716=ADVANCED_FACE('',(#2089),#2090,.T.);
#717=ADVANCED_FACE('',(#2091),#2092,.F.);
#718=ADVANCED_FACE('',(#2093),#2094,.T.);
#719=ADVANCED_FACE('',(#2095),#2096,.T.);
#720=ADVANCED_FACE('',(#2097),#2098,.F.);
#721=ADVANCED_FACE('',(#2099),#2100,.T.);
#722=ADVANCED_FACE('',(#2101),#2102,.T.);
#723=ADVANCED_FACE('',(#2103),#2104,.T.);
#724=ADVANCED_FACE('',(#2105),#2106,.T.);
#725=ADVANCED_FACE('',(#2107),#2108,.F.);
#726=ADVANCED_FACE('',(#2109),#2110,.T.);
#727=ADVANCED_FACE('',(#2111),#2112,.T.);
#728=ADVANCED_FACE('',(#2113),#2114,.F.);
#729=ADVANCED_FACE('',(#2115),#2116,.F.);
#730=ADVANCED_FACE('',(#2117),#2118,.T.);
#731=ADVANCED_FACE('',(#2119),#2120,.T.);
#732=ADVANCED_FACE('',(#2121),#2122,.T.);
#733=ADVANCED_FACE('',(#2123),#2124,.T.);
#734=ADVANCED_FACE('',(#2125),#2126,.T.);
#735=ADVANCED_FACE('',(#2127),#2128,.T.);
#736=ADVANCED_FACE('',(#2129),#2130,.T.);
#737=ADVANCED_FACE('',(#2131),#2132,.T.);
#738=ADVANCED_FACE('',(#2133),#2134,.T.);
#739=ADVANCED_FACE('',(#2135),#2136,.F.);
#740=ADVANCED_FACE('',(#2137),#2138,.F.);
#741=ADVANCED_FACE('',(#2139),#2140,.F.);
#742=ADVANCED_FACE('',(#2141),#2142,.T.);
#743=ADVANCED_FACE('',(#2143),#2144,.F.);
#744=ADVANCED_FACE('',(#2145),#2146,.F.);
#745=ADVANCED_FACE('',(#2147),#2148,.T.);
#746=ADVANCED_FACE('',(#2149),#2150,.T.);
#747=ADVANCED_FACE('',(#2151),#2152,.F.);
#748=ADVANCED_FACE('',(#2153),#2154,.F.);
#749=ADVANCED_FACE('',(#2155),#2156,.F.);
#750=ADVANCED_FACE('',(#2157),#2158,.F.);
#751=ADVANCED_FACE('',(#2159),#2160,.F.);
#752=ADVANCED_FACE('',(#2161),#2162,.F.);
#753=ADVANCED_FACE('',(#2163),#2164,.F.);
#754=ADVANCED_FACE('',(#2165),#2166,.F.);
#755=ADVANCED_FACE('',(#2167),#2168,.F.);
#756=ADVANCED_FACE('',(#2169),#2170,.T.);
#757=ADVANCED_FACE('',(#2171),#2172,.F.);
#758=ADVANCED_FACE('',(#2173),#2174,.F.);
#759=ADVANCED_FACE('',(#2175),#2176,.F.);
#760=ADVANCED_FACE('',(#2177),#2178,.F.);
#761=ADVANCED_FACE('',(#2179),#2180,.F.);
#762=ADVANCED_FACE('',(#2181),#2182,.F.);
#763=ADVANCED_FACE('',(#2183),#2184,.F.);
#764=ADVANCED_FACE('',(#2185),#2186,.F.);
#765=COMPOSITE_CURVE_SEGMENT(.CONTINUOUS.,.T.,#2187);
#766=COMPOSITE_CURVE_SEGMENT(.CONTINUOUS.,.T.,#2188);
#767=COMPOSITE_CURVE_SEGMENT(.CONTINUOUS.,.T.,#2189);
#768=COMPOSITE_CURVE_SEGMENT(.CONTINUOUS.,.T.,#2190);
#769=COMPOSITE_CURVE_SEGMENT(.CONTINUOUS.,.T.,#2191);
#770=COMPOSITE_CURVE_SEGMENT(.CONTINUOUS.,.T.,#2192);
#771=COMPOSITE_CURVE_SEGMENT(.CONTINUOUS.,.T.,#2193);
#772=COMPOSITE_CURVE_SEGMENT(.CONTINUOUS.,.T.,#2194);
#773=COMPOSITE_CURVE_SEGMENT(.CONTINUOUS.,.T.,#2195);
#774=COMPOSITE_CURVE_SEGMENT(.CONTINUOUS.,.T.,#2196);
#775=COMPOSITE_CURVE_SEGMENT(.CONTINUOUS.,.T.,#2197);
#776=COMPOSITE_CURVE_SEGMENT(.CONTINUOUS.,.T.,#2198);
#777=COMPOSITE_CURVE_SEGMENT(.CONTINUOUS.,.T.,#2199);
#778=COMPOSITE_CURVE_SEGMENT(.CONTINUOUS.,.T.,#2200);
#779=COMPOSITE_CURVE_SEGMENT(.CONTINUOUS.,.T.,#2201);
#780=COMPOSITE_CURVE_SEGMENT(.CONTINUOUS.,.T.,#2202);
#781=COMPOSITE_CURVE_SEGMENT(.CONTINUOUS.,.T.,#2203);
#782=COMPOSITE_CURVE_SEGMENT(.CONTINUOUS.,.T.,#2204);
#783=COMPOSITE_CURVE_SEGMENT(.CONTINUOUS.,.T.,#2205);
#784=COMPOSITE_CURVE_SEGMENT(.CONTINUOUS.,.T.,#2206);
#785=COMPOSITE_CURVE_SEGMENT(.CONTINUOUS.,.T.,#2207);
#786=COMPOSITE_CURVE_SEGMENT(.CONTINUOUS.,.T.,#2208);
#787=COMPOSITE_CURVE_SEGMENT(.CONTINUOUS.,.T.,#2209);
#788=COMPOSITE_CURVE_SEGMENT(.CONTINUOUS.,.T.,#2210);
#789=COMPOSITE_CURVE_SEGMENT(.CONTINUOUS.,.T.,#2211);
#790=COMPOSITE_CURVE_SEGMENT(.CONTINUOUS.,.T.,#2212);
#791=COMPOSITE_CURVE_SEGMENT(.CONTINUOUS.,.T.,#2213);
#792=COMPOSITE_CURVE_SEGMENT(.CONTINUOUS.,.T.,#2214);
#793=COMPOSITE_CURVE_SEGMENT(.CONTINUOUS.,.T.,#2215);
#794=COMPOSITE_CURVE_SEGMENT(.CONTINUOUS.,.T.,#2216);
#795=COMPOSITE_CURVE_SEGMENT(.CONTINUOUS.,.T.,#2217);
#796=COMPOSITE_CURVE_SEGMENT(.CONTINUOUS.,.T.,#2218);
#797=COMPOSITE_CURVE_SEGMENT(.CONTINUOUS.,.T.,#2219);
#798=COMPOSITE_CURVE_SEGMENT(.CONTINUOUS.,.T.,#2220);
#799=COMPOSITE_CURVE_SEGMENT(.CONTINUOUS.,.T.,#2221);
#800=COMPOSITE_CURVE_SEGMENT(.CONTINUOUS.,.T.,#2222);
#801=COMPOSITE_CURVE_SEGMENT(.CONTINUOUS.,.T.,#2223);
#802=COMPOSITE_CURVE_SEGMENT(.CONTINUOUS.,.T.,#2224);
#803=COMPOSITE_CURVE_SEGMENT(.CONTINUOUS.,.T.,#2225);
#805=FACE_OUTER_BOUND('',#2226,.T.);
#806=PLANE('',#2227);
#807=FACE_OUTER_BOUND('',#2228,.T.);
#808=PLANE('',#2229);
#809=FACE_OUTER_BOUND('',#2230,.T.);
#810=PLANE('',#2231);
#811=FACE_OUTER_BOUND('',#2232,.T.);
#812=PLANE('',#2233);
#813=FACE_OUTER_BOUND('',#2234,.T.);
#814=PLANE('',#2235);
#815=FACE_OUTER_BOUND('',#2236,.T.);
#816=PLANE('',#2237);
#817=FACE_OUTER_BOUND('',#2238,.T.);
#818=PLANE('',#2239);
#819=FACE_OUTER_BOUND('',#2240,.T.);
#820=PLANE('',#2241);
#821=FACE_OUTER_BOUND('',#2242,.T.);
#822=PLANE('',#2243);
#823=FACE_OUTER_BOUND('',#2244,.T.);
#824=PLANE('',#2245);
#825=FACE_OUTER_BOUND('',#2246,.T.);
#826=PLANE('',#2247);
#827=FACE_OUTER_BOUND('',#2248,.T.);
#828=PLANE('',#2249);
#829=FACE_OUTER_BOUND('',#2250,.T.);
#830=PLANE('',#2251);
#831=FACE_OUTER_BOUND('',#2252,.T.);
#832=PLANE('',#2253);
#833=FACE_OUTER_BOUND('',#2254,.T.);
#834=PLANE('',#2255);
#835=FACE_OUTER_BOUND('',#2256,.T.);
#836=PLANE('',#2257);
#837=FACE_OUTER_BOUND('',#2258,.T.);
#838=FACE_BOUND('',#2259,.T.);
#839=PLANE('',#2260);
#840=FACE_OUTER_BOUND('',#2261,.T.);
#841=PLANE('',#2262);
#842=FACE_OUTER_BOUND('',#2263,.T.);
#843=PLANE('',#2264);
#844=FACE_OUTER_BOUND('',#2265,.T.);
#845=PLANE('',#2266);
#846=FACE_OUTER_BOUND('',#2267,.T.);
#847=PLANE('',#2268);
#848=FACE_OUTER_BOUND('',#2269,.T.);
#849=PLANE('',#2270);
#850=FACE_OUTER_BOUND('',#2271,.T.);
#851=PLANE('',#2272);
#852=FACE_OUTER_BOUND('',#2273,.T.);
#853=PLANE('',#2274);
#854=FACE_OUTER_BOUND('',#2275,.T.);
#855=PLANE('',#2276);
#856=FACE_OUTER_BOUND('',#2277,.T.);
#857=PLANE('',#2278);
#858=FACE_OUTER_BOUND('',#2279,.T.);
#859=PLANE('',#2280);
#860=FACE_OUTER_BOUND('',#2281,.T.);
#861=PLANE('',#2282);
#862=FACE_OUTER_BOUND('',#2283,.T.);
#863=FACE_BOUND('',#2284,.T.);
#864=PLANE('',#2285);
#865=FACE_OUTER_BOUND('',#2286,.T.);
#866=PLANE('',#2287);
#867=FACE_OUTER_BOUND('',#2288,.T.);
#868=CYLINDRICAL_SURFACE('',#2289,0.75);
#869=FACE_OUTER_BOUND('',#2290,.T.);
#870=PLANE('',#2291);
#871=FACE_OUTER_BOUND('',#2292,.T.);
#872=PLANE('',#2293);
#873=FACE_OUTER_BOUND('',#2294,.T.);
#874=PLANE('',#2295);
#875=FACE_OUTER_BOUND('',#2296,.T.);
#876=PLANE('',#2297);
#877=FACE_OUTER_BOUND('',#2298,.T.);
#878=PLANE('',#2299);
#879=FACE_OUTER_BOUND('',#2300,.T.);
#880=PLANE('',#2301);
#881=FACE_OUTER_BOUND('',#2302,.T.);
#882=PLANE('',#2303);
#883=FACE_OUTER_BOUND('',#2304,.T.);
#884=PLANE('',#2305);
#885=FACE_OUTER_BOUND('',#2306,.T.);
#886=PLANE('',#2307);
#887=FACE_OUTER_BOUND('',#2308,.T.);
#888=PLANE('',#2309);
#889=FACE_OUTER_BOUND('',#2310,.T.);
#890=PLANE('',#2311);
#891=FACE_OUTER_BOUND('',#2312,.T.);
#892=PLANE('',#2313);
#893=FACE_OUTER_BOUND('',#2314,.T.);
#894=PLANE('',#2315);
#895=FACE_OUTER_BOUND('',#2316,.T.);
#896=PLANE('',#2317);
#897=FACE_OUTER_BOUND('',#2318,.T.);
#898=PLANE('',#2319);
#899=FACE_OUTER_BOUND('',#2320,.T.);
#900=PLANE('',#2321);
#901=FACE_OUTER_BOUND('',#2322,.T.);
#902=PLANE('',#2323);
#903=FACE_OUTER_BOUND('',#2324,.T.);
#904=PLANE('',#2325);
#905=FACE_OUTER_BOUND('',#2326,.T.);
#906=PLANE('',#2327);
#907=FACE_OUTER_BOUND('',#2328,.T.);
#908=PLANE('',#2329);
#909=FACE_OUTER_BOUND('',#2330,.T.);
#910=PLANE('',#2331);
#911=FACE_OUTER_BOUND('',#2332,.T.);
#912=PLANE('',#2333);
#913=FACE_OUTER_BOUND('',#2334,.T.);
#914=PLANE('',#2335);
#915=FACE_OUTER_BOUND('',#2336,.T.);
#916=PLANE('',#2337);
#917=FACE_OUTER_BOUND('',#2338,.T.);
#918=PLANE('',#2339);
#919=FACE_OUTER_BOUND('',#2340,.T.);
#920=PLANE('',#2341);
#921=FACE_OUTER_BOUND('',#2342,.T.);
#922=PLANE('',#2343);
#923=FACE_OUTER_BOUND('',#2344,.T.);
#924=PLANE('',#2345);
#925=FACE_OUTER_BOUND('',#2346,.T.);
#926=PLANE('',#2347);
#927=FACE_OUTER_BOUND('',#2348,.T.);
#928=PLANE('',#2349);
#929=FACE_OUTER_BOUND('',#2350,.T.);
#930=PLANE('',#2351);
#931=FACE_OUTER_BOUND('',#2352,.T.);
#932=PLANE('',#2353);
#933=FACE_OUTER_BOUND('',#2354,.T.);
#934=PLANE('',#2355);
#935=FACE_OUTER_BOUND('',#2356,.T.);
#936=PLANE('',#2357);
#937=FACE_OUTER_BOUND('',#2358,.T.);
#938=PLANE('',#2359);
#939=FACE_OUTER_BOUND('',#2360,.T.);
#940=PLANE('',#2361);
#941=FACE_OUTER_BOUND('',#2362,.T.);
#942=PLANE('',#2363);
#943=FACE_OUTER_BOUND('',#2364,.T.);
#944=PLANE('',#2365);
#945=FACE_OUTER_BOUND('',#2366,.T.);
#946=PLANE('',#2367);
#947=FACE_OUTER_BOUND('',#2368,.T.);
#948=PLANE('',#2369);
#949=FACE_OUTER_BOUND('',#2370,.T.);
#950=PLANE('',#2371);
#951=FACE_OUTER_BOUND('',#2372,.T.);
#952=PLANE('',#2373);
#953=FACE_OUTER_BOUND('',#2374,.T.);
#954=PLANE('',#2375);
#955=FACE_OUTER_BOUND('',#2376,.T.);
#956=PLANE('',#2377);
#957=FACE_OUTER_BOUND('',#2378,.T.);
#958=PLANE('',#2379);
#959=FACE_OUTER_BOUND('',#2380,.T.);
#960=PLANE('',#2381);
#961=FACE_OUTER_BOUND('',#2382,.T.);
#962=PLANE('',#2383);
#963=FACE_OUTER_BOUND('',#2384,.T.);
#964=PLANE('',#2385);
#965=FACE_OUTER_BOUND('',#2386,.T.);
#966=PLANE('',#2387);
#967=FACE_OUTER_BOUND('',#2388,.T.);
#968=PLANE('',#2389);
#969=FACE_OUTER_BOUND('',#2390,.T.);
#970=PLANE('',#2391);
#971=FACE_OUTER_BOUND('',#2392,.T.);
#972=PLANE('',#2393);
#973=FACE_OUTER_BOUND('',#2394,.T.);
#974=PLANE('',#2395);
#975=FACE_OUTER_BOUND('',#2396,.T.);
#976=PLANE('',#2397);
#977=FACE_OUTER_BOUND('',#2398,.T.);
#978=PLANE('',#2399);
#979=FACE_OUTER_BOUND('',#2400,.T.);
#980=PLANE('',#2401);
#981=FACE_OUTER_BOUND('',#2402,.T.);
#982=PLANE('',#2403);
#983=FACE_OUTER_BOUND('',#2404,.T.);
#984=PLANE('',#2405);
#985=FACE_OUTER_BOUND('',#2406,.T.);
#986=PLANE('',#2407);
#987=FACE_OUTER_BOUND('',#2408,.T.);
#988=PLANE('',#2409);
#989=FACE_OUTER_BOUND('',#2410,.T.);
#990=PLANE('',#2411);
#991=FACE_OUTER_BOUND('',#2412,.T.);
#992=PLANE('',#2413);
#993=FACE_OUTER_BOUND('',#2414,.T.);
#994=PLANE('',#2415);
#995=FACE_OUTER_BOUND('',#2416,.T.);
#996=PLANE('',#2417);
#997=FACE_OUTER_BOUND('',#2418,.T.);
#998=PLANE('',#2419);
#999=FACE_OUTER_BOUND('',#2420,.T.);
#1000=PLANE('',#2421);
#1001=FACE_OUTER_BOUND('',#2422,.T.);
#1002=PLANE('',#2423);
#1003=FACE_OUTER_BOUND('',#2424,.T.);
#1004=PLANE('',#2425);
#1005=FACE_OUTER_BOUND('',#2426,.T.);
#1006=PLANE('',#2427);
#1007=FACE_OUTER_BOUND('',#2428,.T.);
#1008=PLANE('',#2429);
#1009=FACE_OUTER_BOUND('',#2430,.T.);
#1010=PLANE('',#2431);
#1011=FACE_OUTER_BOUND('',#2432,.T.);
#1012=PLANE('',#2433);
#1013=FACE_OUTER_BOUND('',#2434,.T.);
#1014=PLANE('',#2435);
#1015=FACE_OUTER_BOUND('',#2436,.T.);
#1016=PLANE('',#2437);
#1017=FACE_OUTER_BOUND('',#2438,.T.);
#1018=PLANE('',#2439);
#1019=FACE_OUTER_BOUND('',#2440,.T.);
#1020=FACE_BOUND('',#2441,.T.);
#1021=FACE_BOUND('',#2442,.T.);
#1022=PLANE('',#2443);
#1023=FACE_OUTER_BOUND('',#2444,.T.);
#1024=PLANE('',#2445);
#1025=FACE_OUTER_BOUND('',#2446,.T.);
#1026=PLANE('',#2447);
#1027=FACE_OUTER_BOUND('',#2448,.T.);
#1028=PLANE('',#2449);
#1029=FACE_OUTER_BOUND('',#2450,.T.);
#1030=PLANE('',#2451);
#1031=FACE_OUTER_BOUND('',#2452,.T.);
#1032=CYLINDRICAL_SURFACE('',#2453,1.0);
#1033=FACE_OUTER_BOUND('',#2454,.T.);
#1034=PLANE('',#2455);
#1035=FACE_OUTER_BOUND('',#2456,.T.);
#1036=PLANE('',#2457);
#1037=FACE_OUTER_BOUND('',#2458,.T.);
#1038=PLANE('',#2459);
#1039=FACE_OUTER_BOUND('',#2460,.T.);
#1040=PLANE('',#2461);
#1041=FACE_OUTER_BOUND('',#2462,.T.);
#1042=PLANE('',#2463);
#1043=FACE_OUTER_BOUND('',#2464,.T.);
#1044=PLANE('',#2465);
#1045=FACE_OUTER_BOUND('',#2466,.T.);
#1046=PLANE('',#2467);
#1047=FACE_OUTER_BOUND('',#2468,.T.);
#1048=CONICAL_SURFACE('',#2469,1.024315246462,0.5235987755982);
#1049=FACE_OUTER_BOUND('',#2470,.T.);
#1050=CYLINDRICAL_SURFACE('',#2471,1.3);
#1051=FACE_OUTER_BOUND('',#2472,.T.);
#1052=TOROIDAL_SURFACE('',#2473,0.5321241419778,0.25);
#1053=FACE_OUTER_BOUND('',#2474,.T.);
#1054=PLANE('',#2475);
#1055=FACE_OUTER_BOUND('',#2476,.T.);
#1056=PLANE('',#2477);
#1057=FACE_OUTER_BOUND('',#2478,.T.);
#1058=CYLINDRICAL_SURFACE('',#2479,1.0);
#1059=FACE_OUTER_BOUND('',#2480,.T.);
#1060=PLANE('',#2481);
#1061=FACE_OUTER_BOUND('',#2482,.T.);
#1062=CYLINDRICAL_SURFACE('',#2483,1.3);
#1063=FACE_OUTER_BOUND('',#2484,.T.);
#1064=CONICAL_SURFACE('',#2485,1.024315246462,0.5235987755982);
#1065=FACE_OUTER_BOUND('',#2486,.T.);
#1066=TOROIDAL_SURFACE('',#2487,0.5321241419778,0.25);
#1067=FACE_OUTER_BOUND('',#2488,.T.);
#1068=PLANE('',#2489);
#1069=FACE_OUTER_BOUND('',#2490,.T.);
#1070=PLANE('',#2491);
#1071=FACE_OUTER_BOUND('',#2492,.T.);
#1072=PLANE('',#2493);
#1073=FACE_OUTER_BOUND('',#2494,.T.);
#1074=PLANE('',#2495);
#1075=FACE_OUTER_BOUND('',#2496,.T.);
#1076=PLANE('',#2497);
#1077=FACE_OUTER_BOUND('',#2498,.T.);
#1078=PLANE('',#2499);
#1079=FACE_OUTER_BOUND('',#2500,.T.);
#1080=PLANE('',#2501);
#1081=FACE_OUTER_BOUND('',#2502,.T.);
#1082=PLANE('',#2503);
#1083=FACE_OUTER_BOUND('',#2504,.T.);
#1084=PLANE('',#2505);
#1085=FACE_OUTER_BOUND('',#2506,.T.);
#1086=PLANE('',#2507);
#1087=FACE_OUTER_BOUND('',#2508,.T.);
#1088=PLANE('',#2509);
#1089=FACE_OUTER_BOUND('',#2510,.T.);
#1090=PLANE('',#2511);
#1091=FACE_OUTER_BOUND('',#2512,.T.);
#1092=PLANE('',#2513);
#1093=FACE_OUTER_BOUND('',#2514,.T.);
#1094=PLANE('',#2515);
#1095=FACE_OUTER_BOUND('',#2516,.T.);
#1096=PLANE('',#2517);
#1097=FACE_OUTER_BOUND('',#2518,.T.);
#1098=PLANE('',#2519);
#1099=FACE_OUTER_BOUND('',#2520,.T.);
#1100=PLANE('',#2521);
#1101=FACE_OUTER_BOUND('',#2522,.T.);
#1102=PLANE('',#2523);
#1103=FACE_OUTER_BOUND('',#2524,.T.);
#1104=PLANE('',#2525);
#1105=FACE_OUTER_BOUND('',#2526,.T.);
#1106=PLANE('',#2527);
#1107=FACE_OUTER_BOUND('',#2528,.T.);
#1108=PLANE('',#2529);
#1109=FACE_OUTER_BOUND('',#2530,.T.);
#1110=PLANE('',#2531);
#1111=FACE_OUTER_BOUND('',#2532,.T.);
#1112=PLANE('',#2533);
#1113=FACE_OUTER_BOUND('',#2534,.T.);
#1114=PLANE('',#2535);
#1115=FACE_OUTER_BOUND('',#2536,.T.);
#1116=PLANE('',#2537);
#1117=FACE_OUTER_BOUND('',#2538,.T.);
#1118=PLANE('',#2539);
#1119=FACE_OUTER_BOUND('',#2540,.T.);
#1120=PLANE('',#2541);
#1121=FACE_OUTER_BOUND('',#2542,.T.);
#1122=PLANE('',#2543);
#1123=FACE_OUTER_BOUND('',#2544,.T.);
#1124=PLANE('',#2545);
#1125=FACE_OUTER_BOUND('',#2546,.T.);
#1126=PLANE('',#2547);
#1127=FACE_OUTER_BOUND('',#2548,.T.);
#1128=PLANE('',#2549);
#1129=FACE_OUTER_BOUND('',#2550,.T.);
#1130=PLANE('',#2551);
#1131=FACE_OUTER_BOUND('',#2552,.T.);
#1132=PLANE('',#2553);
#1133=FACE_OUTER_BOUND('',#2554,.T.);
#1134=PLANE('',#2555);
#1135=FACE_OUTER_BOUND('',#2556,.T.);
#1136=PLANE('',#2557);
#1137=FACE_OUTER_BOUND('',#2558,.T.);
#1138=PLANE('',#2559);
#1139=FACE_OUTER_BOUND('',#2560,.T.);
#1140=PLANE('',#2561);
#1141=FACE_OUTER_BOUND('',#2562,.T.);
#1142=PLANE('',#2563);
#1143=FACE_OUTER_BOUND('',#2564,.T.);
#1144=PLANE('',#2565);
#1145=FACE_OUTER_BOUND('',#2566,.T.);
#1146=PLANE('',#2567);
#1147=FACE_OUTER_BOUND('',#2568,.T.);
#1148=PLANE('',#2569);
#1149=FACE_OUTER_BOUND('',#2570,.T.);
#1150=PLANE('',#2571);
#1151=FACE_OUTER_BOUND('',#2572,.T.);
#1152=PLANE('',#2573);
#1153=FACE_OUTER_BOUND('',#2574,.T.);
#1154=PLANE('',#2575);
#1155=FACE_OUTER_BOUND('',#2576,.T.);
#1156=PLANE('',#2577);
#1157=FACE_OUTER_BOUND('',#2578,.T.);
#1158=PLANE('',#2579);
#1159=FACE_OUTER_BOUND('',#2580,.T.);
#1160=PLANE('',#2581);
#1161=FACE_OUTER_BOUND('',#2582,.T.);
#1162=PLANE('',#2583);
#1163=FACE_OUTER_BOUND('',#2584,.T.);
#1164=PLANE('',#2585);
#1165=FACE_OUTER_BOUND('',#2586,.T.);
#1166=PLANE('',#2587);
#1167=FACE_OUTER_BOUND('',#2588,.T.);
#1168=PLANE('',#2589);
#1169=FACE_OUTER_BOUND('',#2590,.T.);
#1170=PLANE('',#2591);
#1171=FACE_OUTER_BOUND('',#2592,.T.);
#1172=PLANE('',#2593);
#1173=FACE_OUTER_BOUND('',#2594,.T.);
#1174=PLANE('',#2595);
#1175=FACE_OUTER_BOUND('',#2596,.T.);
#1176=PLANE('',#2597);
#1177=FACE_OUTER_BOUND('',#2598,.T.);
#1178=PLANE('',#2599);
#1179=FACE_OUTER_BOUND('',#2600,.T.);
#1180=PLANE('',#2601);
#1181=FACE_OUTER_BOUND('',#2602,.T.);
#1182=PLANE('',#2603);
#1183=FACE_OUTER_BOUND('',#2604,.T.);
#1184=PLANE('',#2605);
#1185=FACE_OUTER_BOUND('',#2606,.T.);
#1186=PLANE('',#2607);
#1187=FACE_OUTER_BOUND('',#2608,.T.);
#1188=PLANE('',#2609);
#1189=FACE_OUTER_BOUND('',#2610,.T.);
#1190=PLANE('',#2611);
#1191=FACE_OUTER_BOUND('',#2612,.T.);
#1192=FACE_BOUND('',#2613,.T.);
#1193=PLANE('',#2614);
#1194=FACE_OUTER_BOUND('',#2615,.T.);
#1195=FACE_BOUND('',#2616,.T.);
#1196=PLANE('',#2617);
#1197=FACE_OUTER_BOUND('',#2618,.T.);
#1198=FACE_BOUND('',#2619,.T.);
#1199=PLANE('',#2620);
#1200=FACE_OUTER_BOUND('',#2621,.T.);
#1201=FACE_BOUND('',#2622,.T.);
#1202=PLANE('',#2623);
#1203=FACE_OUTER_BOUND('',#2624,.T.);
#1204=FACE_BOUND('',#2625,.T.);
#1205=PLANE('',#2626);
#1206=FACE_OUTER_BOUND('',#2627,.T.);
#1207=FACE_BOUND('',#2628,.T.);
#1208=PLANE('',#2629);
#1209=FACE_OUTER_BOUND('',#2630,.T.);
#1210=FACE_BOUND('',#2631,.T.);
#1211=PLANE('',#2632);
#1212=FACE_OUTER_BOUND('',#2633,.T.);
#1213=FACE_BOUND('',#2634,.T.);
#1214=PLANE('',#2635);
#1215=FACE_OUTER_BOUND('',#2636,.T.);
#1216=FACE_BOUND('',#2637,.T.);
#1217=PLANE('',#2638);
#1218=FACE_OUTER_BOUND('',#2639,.T.);
#1219=FACE_BOUND('',#2640,.T.);
#1220=PLANE('',#2641);
#1221=FACE_OUTER_BOUND('',#2642,.T.);
#1222=FACE_BOUND('',#2643,.T.);
#1223=PLANE('',#2644);
#1224=FACE_OUTER_BOUND('',#2645,.T.);
#1225=FACE_BOUND('',#2646,.T.);
#1226=PLANE('',#2647);
#1227=FACE_OUTER_BOUND('',#2648,.T.);
#1228=FACE_BOUND('',#2649,.T.);
#1229=PLANE('',#2650);
#1230=FACE_OUTER_BOUND('',#2651,.T.);
#1231=FACE_BOUND('',#2652,.T.);
#1232=PLANE('',#2653);
#1233=FACE_OUTER_BOUND('',#2654,.T.);
#1234=FACE_BOUND('',#2655,.T.);
#1235=PLANE('',#2656);
#1236=FACE_OUTER_BOUND('',#2657,.T.);
#1237=FACE_BOUND('',#2658,.T.);
#1238=PLANE('',#2659);
#1239=FACE_OUTER_BOUND('',#2660,.T.);
#1240=PLANE('',#2661);
#1241=FACE_OUTER_BOUND('',#2662,.T.);
#1242=FACE_BOUND('',#2663,.T.);
#1243=FACE_BOUND('',#2664,.T.);
#1244=FACE_BOUND('',#2665,.T.);
#1245=FACE_BOUND('',#2666,.T.);
#1246=FACE_BOUND('',#2667,.T.);
#1247=FACE_BOUND('',#2668,.T.);
#1248=FACE_BOUND('',#2669,.T.);
#1249=FACE_BOUND('',#2670,.T.);
#1250=FACE_BOUND('',#2671,.T.);
#1251=FACE_BOUND('',#2672,.T.);
#1252=FACE_BOUND('',#2673,.T.);
#1253=FACE_BOUND('',#2674,.T.);
#1254=FACE_BOUND('',#2675,.T.);
#1255=FACE_BOUND('',#2676,.T.);
#1256=FACE_BOUND('',#2677,.T.);
#1257=FACE_BOUND('',#2678,.T.);
#1258=PLANE('',#2679);
#1259=FACE_OUTER_BOUND('',#2680,.T.);
#1260=PLANE('',#2681);
#1261=FACE_OUTER_BOUND('',#2682,.T.);
#1262=PLANE('',#2683);
#1263=FACE_OUTER_BOUND('',#2684,.T.);
#1264=PLANE('',#2685);
#1265=FACE_OUTER_BOUND('',#2686,.T.);
#1266=PLANE('',#2687);
#1267=FACE_OUTER_BOUND('',#2688,.T.);
#1268=PLANE('',#2689);
#1269=FACE_OUTER_BOUND('',#2690,.T.);
#1270=PLANE('',#2691);
#1271=FACE_OUTER_BOUND('',#2692,.T.);
#1272=PLANE('',#2693);
#1273=FACE_OUTER_BOUND('',#2694,.T.);
#1274=PLANE('',#2695);
#1275=FACE_OUTER_BOUND('',#2696,.T.);
#1276=PLANE('',#2697);
#1277=FACE_OUTER_BOUND('',#2698,.T.);
#1278=PLANE('',#2699);
#1279=FACE_OUTER_BOUND('',#2700,.T.);
#1280=PLANE('',#2701);
#1281=FACE_OUTER_BOUND('',#2702,.T.);
#1282=PLANE('',#2703);
#1283=FACE_OUTER_BOUND('',#2704,.T.);
#1284=PLANE('',#2705);
#1285=FACE_OUTER_BOUND('',#2706,.T.);
#1286=PLANE('',#2707);
#1287=FACE_OUTER_BOUND('',#2708,.T.);
#1288=PLANE('',#2709);
#1289=FACE_OUTER_BOUND('',#2710,.T.);
#1290=PLANE('',#2711);
#1291=FACE_OUTER_BOUND('',#2712,.T.);
#1292=PLANE('',#2713);
#1293=FACE_OUTER_BOUND('',#2714,.T.);
#1294=PLANE('',#2715);
#1295=FACE_OUTER_BOUND('',#2716,.T.);
#1296=PLANE('',#2717);
#1297=FACE_OUTER_BOUND('',#2718,.T.);
#1298=PLANE('',#2719);
#1299=FACE_OUTER_BOUND('',#2720,.T.);
#1300=PLANE('',#2721);
#1301=FACE_OUTER_BOUND('',#2722,.T.);
#1302=PLANE('',#2723);
#1303=FACE_OUTER_BOUND('',#2724,.T.);
#1304=PLANE('',#2725);
#1305=FACE_OUTER_BOUND('',#2726,.T.);
#1306=PLANE('',#2727);
#1307=FACE_OUTER_BOUND('',#2728,.T.);
#1308=PLANE('',#2729);
#1309=FACE_OUTER_BOUND('',#2730,.T.);
#1310=PLANE('',#2731);
#1311=FACE_OUTER_BOUND('',#2732,.T.);
#1312=PLANE('',#2733);
#1313=FACE_OUTER_BOUND('',#2734,.T.);
#1314=PLANE('',#2735);
#1315=FACE_OUTER_BOUND('',#2736,.T.);
#1316=PLANE('',#2737);
#1317=FACE_OUTER_BOUND('',#2738,.T.);
#1318=PLANE('',#2739);
#1319=FACE_OUTER_BOUND('',#2740,.T.);
#1320=PLANE('',#2741);
#1321=FACE_OUTER_BOUND('',#2742,.T.);
#1322=PLANE('',#2743);
#1323=FACE_OUTER_BOUND('',#2744,.T.);
#1324=PLANE('',#2745);
#1325=FACE_OUTER_BOUND('',#2746,.T.);
#1326=PLANE('',#2747);
#1327=FACE_OUTER_BOUND('',#2748,.T.);
#1328=PLANE('',#2749);
#1329=FACE_OUTER_BOUND('',#2750,.T.);
#1330=PLANE('',#2751);
#1331=FACE_OUTER_BOUND('',#2752,.T.);
#1332=PLANE('',#2753);
#1333=FACE_OUTER_BOUND('',#2754,.T.);
#1334=PLANE('',#2755);
#1335=FACE_OUTER_BOUND('',#2756,.T.);
#1336=PLANE('',#2757);
#1337=FACE_OUTER_BOUND('',#2758,.T.);
#1338=PLANE('',#2759);
#1339=FACE_OUTER_BOUND('',#2760,.T.);
#1340=PLANE('',#2761);
#1341=FACE_OUTER_BOUND('',#2762,.T.);
#1342=PLANE('',#2763);
#1343=FACE_OUTER_BOUND('',#2764,.T.);
#1344=PLANE('',#2765);
#1345=FACE_OUTER_BOUND('',#2766,.T.);
#1346=PLANE('',#2767);
#1347=FACE_OUTER_BOUND('',#2768,.T.);
#1348=PLANE('',#2769);
#1349=FACE_OUTER_BOUND('',#2770,.T.);
#1350=PLANE('',#2771);
#1351=FACE_OUTER_BOUND('',#2772,.T.);
#1352=PLANE('',#2773);
#1353=FACE_OUTER_BOUND('',#2774,.T.);
#1354=PLANE('',#2775);
#1355=FACE_OUTER_BOUND('',#2776,.T.);
#1356=PLANE('',#2777);
#1357=FACE_OUTER_BOUND('',#2778,.T.);
#1358=PLANE('',#2779);
#1359=FACE_OUTER_BOUND('',#2780,.T.);
#1360=PLANE('',#2781);
#1361=FACE_OUTER_BOUND('',#2782,.T.);
#1362=PLANE('',#2783);
#1363=FACE_OUTER_BOUND('',#2784,.T.);
#1364=PLANE('',#2785);
#1365=FACE_OUTER_BOUND('',#2786,.T.);
#1366=PLANE('',#2787);
#1367=FACE_OUTER_BOUND('',#2788,.T.);
#1368=PLANE('',#2789);
#1369=FACE_OUTER_BOUND('',#2790,.T.);
#1370=PLANE('',#2791);
#1371=FACE_OUTER_BOUND('',#2792,.T.);
#1372=PLANE('',#2793);
#1373=FACE_OUTER_BOUND('',#2794,.T.);
#1374=PLANE('',#2795);
#1375=FACE_OUTER_BOUND('',#2796,.T.);
#1376=PLANE('',#2797);
#1377=FACE_OUTER_BOUND('',#2798,.T.);
#1378=PLANE('',#2799);
#1379=FACE_OUTER_BOUND('',#2800,.T.);
#1380=PLANE('',#2801);
#1381=FACE_OUTER_BOUND('',#2802,.T.);
#1382=PLANE('',#2803);
#1383=FACE_OUTER_BOUND('',#2804,.T.);
#1384=PLANE('',#2805);
#1385=FACE_OUTER_BOUND('',#2806,.T.);
#1386=PLANE('',#2807);
#1387=FACE_OUTER_BOUND('',#2808,.T.);
#1388=PLANE('',#2809);
#1389=FACE_OUTER_BOUND('',#2810,.T.);
#1390=PLANE('',#2811);
#1391=FACE_OUTER_BOUND('',#2812,.T.);
#1392=PLANE('',#2813);
#1393=FACE_OUTER_BOUND('',#2814,.T.);
#1394=PLANE('',#2815);
#1395=FACE_OUTER_BOUND('',#2816,.T.);
#1396=PLANE('',#2817);
#1397=FACE_OUTER_BOUND('',#2818,.T.);
#1398=PLANE('',#2819);
#1399=FACE_OUTER_BOUND('',#2820,.T.);
#1400=PLANE('',#2821);
#1401=FACE_OUTER_BOUND('',#2822,.T.);
#1402=PLANE('',#2823);
#1403=FACE_OUTER_BOUND('',#2824,.T.);
#1404=PLANE('',#2825);
#1405=FACE_OUTER_BOUND('',#2826,.T.);
#1406=PLANE('',#2827);
#1407=FACE_OUTER_BOUND('',#2828,.T.);
#1408=PLANE('',#2829);
#1409=FACE_OUTER_BOUND('',#2830,.T.);
#1410=PLANE('',#2831);
#1411=FACE_OUTER_BOUND('',#2832,.T.);
#1412=PLANE('',#2833);
#1413=FACE_OUTER_BOUND('',#2834,.T.);
#1414=PLANE('',#2835);
#1415=FACE_OUTER_BOUND('',#2836,.T.);
#1416=PLANE('',#2837);
#1417=FACE_OUTER_BOUND('',#2838,.T.);
#1418=PLANE('',#2839);
#1419=FACE_OUTER_BOUND('',#2840,.T.);
#1420=PLANE('',#2841);
#1421=FACE_OUTER_BOUND('',#2842,.T.);
#1422=PLANE('',#2843);
#1423=FACE_OUTER_BOUND('',#2844,.T.);
#1424=PLANE('',#2845);
#1425=FACE_OUTER_BOUND('',#2846,.T.);
#1426=PLANE('',#2847);
#1427=FACE_OUTER_BOUND('',#2848,.T.);
#1428=PLANE('',#2849);
#1429=FACE_OUTER_BOUND('',#2850,.T.);
#1430=PLANE('',#2851);
#1431=FACE_OUTER_BOUND('',#2852,.T.);
#1432=PLANE('',#2853);
#1433=FACE_OUTER_BOUND('',#2854,.T.);
#1434=PLANE('',#2855);
#1435=FACE_OUTER_BOUND('',#2856,.T.);
#1436=PLANE('',#2857);
#1437=FACE_OUTER_BOUND('',#2858,.T.);
#1438=PLANE('',#2859);
#1439=FACE_OUTER_BOUND('',#2860,.T.);
#1440=PLANE('',#2861);
#1441=FACE_OUTER_BOUND('',#2862,.T.);
#1442=PLANE('',#2863);
#1443=FACE_OUTER_BOUND('',#2864,.T.);
#1444=PLANE('',#2865);
#1445=FACE_OUTER_BOUND('',#2866,.T.);
#1446=PLANE('',#2867);
#1447=FACE_OUTER_BOUND('',#2868,.T.);
#1448=PLANE('',#2869);
#1449=FACE_OUTER_BOUND('',#2870,.T.);
#1450=PLANE('',#2871);
#1451=FACE_OUTER_BOUND('',#2872,.T.);
#1452=PLANE('',#2873);
#1453=FACE_OUTER_BOUND('',#2874,.T.);
#1454=PLANE('',#2875);
#1455=FACE_OUTER_BOUND('',#2876,.T.);
#1456=PLANE('',#2877);
#1457=FACE_OUTER_BOUND('',#2878,.T.);
#1458=PLANE('',#2879);
#1459=FACE_OUTER_BOUND('',#2880,.T.);
#1460=PLANE('',#2881);
#1461=FACE_OUTER_BOUND('',#2882,.T.);
#1462=PLANE('',#2883);
#1463=FACE_OUTER_BOUND('',#2884,.T.);
#1464=PLANE('',#2885);
#1465=FACE_OUTER_BOUND('',#2886,.T.);
#1466=PLANE('',#2887);
#1467=FACE_OUTER_BOUND('',#2888,.T.);
#1468=PLANE('',#2889);
#1469=FACE_OUTER_BOUND('',#2890,.T.);
#1470=PLANE('',#2891);
#1471=FACE_OUTER_BOUND('',#2892,.T.);
#1472=PLANE('',#2893);
#1473=FACE_OUTER_BOUND('',#2894,.T.);
#1474=PLANE('',#2895);
#1475=FACE_OUTER_BOUND('',#2896,.T.);
#1476=PLANE('',#2897);
#1477=FACE_OUTER_BOUND('',#2898,.T.);
#1478=PLANE('',#2899);
#1479=FACE_OUTER_BOUND('',#2900,.T.);
#1480=PLANE('',#2901);
#1481=FACE_OUTER_BOUND('',#2902,.T.);
#1482=PLANE('',#2903);
#1483=FACE_OUTER_BOUND('',#2904,.T.);
#1484=PLANE('',#2905);
#1485=FACE_OUTER_BOUND('',#2906,.T.);
#1486=PLANE('',#2907);
#1487=FACE_OUTER_BOUND('',#2908,.T.);
#1488=PLANE('',#2909);
#1489=FACE_OUTER_BOUND('',#2910,.T.);
#1490=PLANE('',#2911);
#1491=FACE_OUTER_BOUND('',#2912,.T.);
#1492=PLANE('',#2913);
#1493=FACE_OUTER_BOUND('',#2914,.T.);
#1494=PLANE('',#2915);
#1495=FACE_OUTER_BOUND('',#2916,.T.);
#1496=PLANE('',#2917);
#1497=FACE_OUTER_BOUND('',#2918,.T.);
#1498=PLANE('',#2919);
#1499=FACE_OUTER_BOUND('',#2920,.T.);
#1500=PLANE('',#2921);
#1501=FACE_OUTER_BOUND('',#2922,.T.);
#1502=PLANE('',#2923);
#1503=FACE_OUTER_BOUND('',#2924,.T.);
#1504=PLANE('',#2925);
#1505=FACE_OUTER_BOUND('',#2926,.T.);
#1506=PLANE('',#2927);
#1507=FACE_OUTER_BOUND('',#2928,.T.);
#1508=PLANE('',#2929);
#1509=FACE_OUTER_BOUND('',#2930,.T.);
#1510=PLANE('',#2931);
#1511=FACE_OUTER_BOUND('',#2932,.T.);
#1512=PLANE('',#2933);
#1513=FACE_OUTER_BOUND('',#2934,.T.);
#1514=PLANE('',#2935);
#1515=FACE_OUTER_BOUND('',#2936,.T.);
#1516=PLANE('',#2937);
#1517=FACE_OUTER_BOUND('',#2938,.T.);
#1518=PLANE('',#2939);
#1519=FACE_OUTER_BOUND('',#2940,.T.);
#1520=PLANE('',#2941);
#1521=FACE_OUTER_BOUND('',#2942,.T.);
#1522=PLANE('',#2943);
#1523=FACE_OUTER_BOUND('',#2944,.T.);
#1524=PLANE('',#2945);
#1525=FACE_OUTER_BOUND('',#2946,.T.);
#1526=PLANE('',#2947);
#1527=FACE_OUTER_BOUND('',#2948,.T.);
#1528=PLANE('',#2949);
#1529=FACE_OUTER_BOUND('',#2950,.T.);
#1530=PLANE('',#2951);
#1531=FACE_OUTER_BOUND('',#2952,.T.);
#1532=PLANE('',#2953);
#1533=FACE_OUTER_BOUND('',#2954,.T.);
#1534=PLANE('',#2955);
#1535=FACE_OUTER_BOUND('',#2956,.T.);
#1536=PLANE('',#2957);
#1537=FACE_OUTER_BOUND('',#2958,.T.);
#1538=PLANE('',#2959);
#1539=FACE_OUTER_BOUND('',#2960,.T.);
#1540=PLANE('',#2961);
#1541=FACE_OUTER_BOUND('',#2962,.T.);
#1542=PLANE('',#2963);
#1543=FACE_OUTER_BOUND('',#2964,.T.);
#1544=PLANE('',#2965);
#1545=FACE_OUTER_BOUND('',#2966,.T.);
#1546=PLANE('',#2967);
#1547=FACE_OUTER_BOUND('',#2968,.T.);
#1548=PLANE('',#2969);
#1549=FACE_OUTER_BOUND('',#2970,.T.);
#1550=PLANE('',#2971);
#1551=FACE_OUTER_BOUND('',#2972,.T.);
#1552=PLANE('',#2973);
#1553=FACE_OUTER_BOUND('',#2974,.T.);
#1554=PLANE('',#2975);
#1555=FACE_OUTER_BOUND('',#2976,.T.);
#1556=PLANE('',#2977);
#1557=FACE_OUTER_BOUND('',#2978,.T.);
#1558=PLANE('',#2979);
#1559=FACE_OUTER_BOUND('',#2980,.T.);
#1560=PLANE('',#2981);
#1561=FACE_OUTER_BOUND('',#2982,.T.);
#1562=PLANE('',#2983);
#1563=FACE_OUTER_BOUND('',#2984,.T.);
#1564=PLANE('',#2985);
#1565=FACE_OUTER_BOUND('',#2986,.T.);
#1566=PLANE('',#2987);
#1567=FACE_OUTER_BOUND('',#2988,.T.);
#1568=PLANE('',#2989);
#1569=FACE_OUTER_BOUND('',#2990,.T.);
#1570=PLANE('',#2991);
#1571=FACE_OUTER_BOUND('',#2992,.T.);
#1572=PLANE('',#2993);
#1573=FACE_OUTER_BOUND('',#2994,.T.);
#1574=PLANE('',#2995);
#1575=FACE_OUTER_BOUND('',#2996,.T.);
#1576=PLANE('',#2997);
#1577=FACE_OUTER_BOUND('',#2998,.T.);
#1578=PLANE('',#2999);
#1579=FACE_OUTER_BOUND('',#3000,.T.);
#1580=PLANE('',#3001);
#1581=FACE_OUTER_BOUND('',#3002,.T.);
#1582=PLANE('',#3003);
#1583=FACE_OUTER_BOUND('',#3004,.T.);
#1584=PLANE('',#3005);
#1585=FACE_OUTER_BOUND('',#3006,.T.);
#1586=PLANE('',#3007);
#1587=FACE_OUTER_BOUND('',#3008,.T.);
#1588=PLANE('',#3009);
#1589=FACE_OUTER_BOUND('',#3010,.T.);
#1590=PLANE('',#3011);
#1591=FACE_OUTER_BOUND('',#3012,.T.);
#1592=PLANE('',#3013);
#1593=FACE_OUTER_BOUND('',#3014,.T.);
#1594=PLANE('',#3015);
#1595=FACE_OUTER_BOUND('',#3016,.T.);
#1596=PLANE('',#3017);
#1597=FACE_OUTER_BOUND('',#3018,.T.);
#1598=PLANE('',#3019);
#1599=FACE_OUTER_BOUND('',#3020,.T.);
#1600=PLANE('',#3021);
#1601=FACE_OUTER_BOUND('',#3022,.T.);
#1602=PLANE('',#3023);
#1603=FACE_OUTER_BOUND('',#3024,.T.);
#1604=PLANE('',#3025);
#1605=FACE_OUTER_BOUND('',#3026,.T.);
#1606=PLANE('',#3027);
#1607=FACE_OUTER_BOUND('',#3028,.T.);
#1608=PLANE('',#3029);
#1609=FACE_OUTER_BOUND('',#3030,.T.);
#1610=PLANE('',#3031);
#1611=FACE_OUTER_BOUND('',#3032,.T.);
#1612=PLANE('',#3033);
#1613=FACE_OUTER_BOUND('',#3034,.T.);
#1614=PLANE('',#3035);
#1615=FACE_OUTER_BOUND('',#3036,.T.);
#1616=PLANE('',#3037);
#1617=FACE_OUTER_BOUND('',#3038,.T.);
#1618=PLANE('',#3039);
#1619=FACE_OUTER_BOUND('',#3040,.T.);
#1620=PLANE('',#3041);
#1621=FACE_OUTER_BOUND('',#3042,.T.);
#1622=PLANE('',#3043);
#1623=FACE_OUTER_BOUND('',#3044,.T.);
#1624=PLANE('',#3045);
#1625=FACE_OUTER_BOUND('',#3046,.T.);
#1626=PLANE('',#3047);
#1627=FACE_OUTER_BOUND('',#3048,.T.);
#1628=PLANE('',#3049);
#1629=FACE_OUTER_BOUND('',#3050,.T.);
#1630=PLANE('',#3051);
#1631=FACE_OUTER_BOUND('',#3052,.T.);
#1632=PLANE('',#3053);
#1633=FACE_OUTER_BOUND('',#3054,.T.);
#1634=PLANE('',#3055);
#1635=FACE_OUTER_BOUND('',#3056,.T.);
#1636=PLANE('',#3057);
#1637=FACE_OUTER_BOUND('',#3058,.T.);
#1638=PLANE('',#3059);
#1639=FACE_OUTER_BOUND('',#3060,.T.);
#1640=PLANE('',#3061);
#1641=FACE_OUTER_BOUND('',#3062,.T.);
#1642=PLANE('',#3063);
#1643=FACE_OUTER_BOUND('',#3064,.T.);
#1644=PLANE('',#3065);
#1645=FACE_OUTER_BOUND('',#3066,.T.);
#1646=PLANE('',#3067);
#1647=FACE_OUTER_BOUND('',#3068,.T.);
#1648=PLANE('',#3069);
#1649=FACE_OUTER_BOUND('',#3070,.T.);
#1650=PLANE('',#3071);
#1651=FACE_OUTER_BOUND('',#3072,.T.);
#1652=PLANE('',#3073);
#1653=FACE_OUTER_BOUND('',#3074,.T.);
#1654=PLANE('',#3075);
#1655=FACE_OUTER_BOUND('',#3076,.T.);
#1656=PLANE('',#3077);
#1657=FACE_OUTER_BOUND('',#3078,.T.);
#1658=PLANE('',#3079);
#1659=FACE_OUTER_BOUND('',#3080,.T.);
#1660=PLANE('',#3081);
#1661=FACE_OUTER_BOUND('',#3082,.T.);
#1662=PLANE('',#3083);
#1663=FACE_OUTER_BOUND('',#3084,.T.);
#1664=PLANE('',#3085);
#1665=FACE_OUTER_BOUND('',#3086,.T.);
#1666=PLANE('',#3087);
#1667=FACE_OUTER_BOUND('',#3088,.T.);
#1668=PLANE('',#3089);
#1669=FACE_OUTER_BOUND('',#3090,.T.);
#1670=PLANE('',#3091);
#1671=FACE_OUTER_BOUND('',#3092,.T.);
#1672=PLANE('',#3093);
#1673=FACE_OUTER_BOUND('',#3094,.T.);
#1674=PLANE('',#3095);
#1675=FACE_OUTER_BOUND('',#3096,.T.);
#1676=PLANE('',#3097);
#1677=FACE_OUTER_BOUND('',#3098,.T.);
#1678=PLANE('',#3099);
#1679=FACE_OUTER_BOUND('',#3100,.T.);
#1680=PLANE('',#3101);
#1681=FACE_OUTER_BOUND('',#3102,.T.);
#1682=PLANE('',#3103);
#1683=FACE_OUTER_BOUND('',#3104,.T.);
#1684=PLANE('',#3105);
#1685=FACE_OUTER_BOUND('',#3106,.T.);
#1686=PLANE('',#3107);
#1687=FACE_OUTER_BOUND('',#3108,.T.);
#1688=PLANE('',#3109);
#1689=FACE_OUTER_BOUND('',#3110,.T.);
#1690=PLANE('',#3111);
#1691=FACE_OUTER_BOUND('',#3112,.T.);
#1692=PLANE('',#3113);
#1693=FACE_OUTER_BOUND('',#3114,.T.);
#1694=PLANE('',#3115);
#1695=FACE_OUTER_BOUND('',#3116,.T.);
#1696=PLANE('',#3117);
#1697=FACE_OUTER_BOUND('',#3118,.T.);
#1698=PLANE('',#3119);
#1699=FACE_OUTER_BOUND('',#3120,.T.);
#1700=PLANE('',#3121);
#1701=FACE_OUTER_BOUND('',#3122,.T.);
#1702=PLANE('',#3123);
#1703=FACE_OUTER_BOUND('',#3124,.T.);
#1704=PLANE('',#3125);
#1705=FACE_OUTER_BOUND('',#3126,.T.);
#1706=PLANE('',#3127);
#1707=FACE_OUTER_BOUND('',#3128,.T.);
#1708=PLANE('',#3129);
#1709=FACE_OUTER_BOUND('',#3130,.T.);
#1710=PLANE('',#3131);
#1711=FACE_OUTER_BOUND('',#3132,.T.);
#1712=PLANE('',#3133);
#1713=FACE_OUTER_BOUND('',#3134,.T.);
#1714=PLANE('',#3135);
#1715=FACE_OUTER_BOUND('',#3136,.T.);
#1716=PLANE('',#3137);
#1717=FACE_OUTER_BOUND('',#3138,.T.);
#1718=PLANE('',#3139);
#1719=FACE_OUTER_BOUND('',#3140,.T.);
#1720=PLANE('',#3141);
#1721=FACE_OUTER_BOUND('',#3142,.T.);
#1722=PLANE('',#3143);
#1723=FACE_OUTER_BOUND('',#3144,.T.);
#1724=PLANE('',#3145);
#1725=FACE_OUTER_BOUND('',#3146,.T.);
#1726=PLANE('',#3147);
#1727=FACE_OUTER_BOUND('',#3148,.T.);
#1728=PLANE('',#3149);
#1729=FACE_OUTER_BOUND('',#3150,.T.);
#1730=PLANE('',#3151);
#1731=FACE_OUTER_BOUND('',#3152,.T.);
#1732=PLANE('',#3153);
#1733=FACE_OUTER_BOUND('',#3154,.T.);
#1734=PLANE('',#3155);
#1735=FACE_OUTER_BOUND('',#3156,.T.);
#1736=PLANE('',#3157);
#1737=FACE_OUTER_BOUND('',#3158,.T.);
#1738=PLANE('',#3159);
#1739=FACE_OUTER_BOUND('',#3160,.T.);
#1740=PLANE('',#3161);
#1741=FACE_OUTER_BOUND('',#3162,.T.);
#1742=PLANE('',#3163);
#1743=FACE_OUTER_BOUND('',#3164,.T.);
#1744=PLANE('',#3165);
#1745=FACE_OUTER_BOUND('',#3166,.T.);
#1746=PLANE('',#3167);
#1747=FACE_OUTER_BOUND('',#3168,.T.);
#1748=PLANE('',#3169);
#1749=FACE_OUTER_BOUND('',#3170,.T.);
#1750=PLANE('',#3171);
#1751=FACE_OUTER_BOUND('',#3172,.T.);
#1752=PLANE('',#3173);
#1753=FACE_OUTER_BOUND('',#3174,.T.);
#1754=PLANE('',#3175);
#1755=FACE_OUTER_BOUND('',#3176,.T.);
#1756=PLANE('',#3177);
#1757=FACE_OUTER_BOUND('',#3178,.T.);
#1758=PLANE('',#3179);
#1759=FACE_OUTER_BOUND('',#3180,.T.);
#1760=PLANE('',#3181);
#1761=FACE_OUTER_BOUND('',#3182,.T.);
#1762=PLANE('',#3183);
#1763=FACE_OUTER_BOUND('',#3184,.T.);
#1764=PLANE('',#3185);
#1765=FACE_OUTER_BOUND('',#3186,.T.);
#1766=PLANE('',#3187);
#1767=FACE_OUTER_BOUND('',#3188,.T.);
#1768=PLANE('',#3189);
#1769=FACE_OUTER_BOUND('',#3190,.T.);
#1770=PLANE('',#3191);
#1771=FACE_OUTER_BOUND('',#3192,.T.);
#1772=PLANE('',#3193);
#1773=FACE_OUTER_BOUND('',#3194,.T.);
#1774=PLANE('',#3195);
#1775=FACE_OUTER_BOUND('',#3196,.T.);
#1776=PLANE('',#3197);
#1777=FACE_OUTER_BOUND('',#3198,.T.);
#1778=PLANE('',#3199);
#1779=FACE_OUTER_BOUND('',#3200,.T.);
#1780=PLANE('',#3201);
#1781=FACE_OUTER_BOUND('',#3202,.T.);
#1782=PLANE('',#3203);
#1783=FACE_OUTER_BOUND('',#3204,.T.);
#1784=PLANE('',#3205);
#1785=FACE_OUTER_BOUND('',#3206,.T.);
#1786=PLANE('',#3207);
#1787=FACE_OUTER_BOUND('',#3208,.T.);
#1788=PLANE('',#3209);
#1789=FACE_OUTER_BOUND('',#3210,.T.);
#1790=PLANE('',#3211);
#1791=FACE_OUTER_BOUND('',#3212,.T.);
#1792=PLANE('',#3213);
#1793=FACE_OUTER_BOUND('',#3214,.T.);
#1794=PLANE('',#3215);
#1795=FACE_OUTER_BOUND('',#3216,.T.);
#1796=PLANE('',#3217);
#1797=FACE_OUTER_BOUND('',#3218,.T.);
#1798=PLANE('',#3219);
#1799=FACE_OUTER_BOUND('',#3220,.T.);
#1800=PLANE('',#3221);
#1801=FACE_OUTER_BOUND('',#3222,.T.);
#1802=PLANE('',#3223);
#1803=FACE_OUTER_BOUND('',#3224,.T.);
#1804=PLANE('',#3225);
#1805=FACE_OUTER_BOUND('',#3226,.T.);
#1806=PLANE('',#3227);
#1807=FACE_OUTER_BOUND('',#3228,.T.);
#1808=PLANE('',#3229);
#1809=FACE_OUTER_BOUND('',#3230,.T.);
#1810=PLANE('',#3231);
#1811=FACE_OUTER_BOUND('',#3232,.T.);
#1812=PLANE('',#3233);
#1813=FACE_OUTER_BOUND('',#3234,.T.);
#1814=PLANE('',#3235);
#1815=FACE_OUTER_BOUND('',#3236,.T.);
#1816=PLANE('',#3237);
#1817=FACE_OUTER_BOUND('',#3238,.T.);
#1818=PLANE('',#3239);
#1819=FACE_OUTER_BOUND('',#3240,.T.);
#1820=PLANE('',#3241);
#1821=FACE_OUTER_BOUND('',#3242,.T.);
#1822=PLANE('',#3243);
#1823=FACE_OUTER_BOUND('',#3244,.T.);
#1824=PLANE('',#3245);
#1825=FACE_OUTER_BOUND('',#3246,.T.);
#1826=PLANE('',#3247);
#1827=FACE_OUTER_BOUND('',#3248,.T.);
#1828=PLANE('',#3249);
#1829=FACE_OUTER_BOUND('',#3250,.T.);
#1830=PLANE('',#3251);
#1831=FACE_OUTER_BOUND('',#3252,.T.);
#1832=PLANE('',#3253);
#1833=FACE_OUTER_BOUND('',#3254,.T.);
#1834=PLANE('',#3255);
#1835=FACE_OUTER_BOUND('',#3256,.T.);
#1836=PLANE('',#3257);
#1837=FACE_OUTER_BOUND('',#3258,.T.);
#1838=PLANE('',#3259);
#1839=FACE_OUTER_BOUND('',#3260,.T.);
#1840=PLANE('',#3261);
#1841=FACE_OUTER_BOUND('',#3262,.T.);
#1842=PLANE('',#3263);
#1843=FACE_OUTER_BOUND('',#3264,.T.);
#1844=PLANE('',#3265);
#1845=FACE_OUTER_BOUND('',#3266,.T.);
#1846=PLANE('',#3267);
#1847=FACE_OUTER_BOUND('',#3268,.T.);
#1848=PLANE('',#3269);
#1849=FACE_OUTER_BOUND('',#3270,.T.);
#1850=PLANE('',#3271);
#1851=FACE_OUTER_BOUND('',#3272,.T.);
#1852=PLANE('',#3273);
#1853=FACE_OUTER_BOUND('',#3274,.T.);
#1854=PLANE('',#3275);
#1855=FACE_OUTER_BOUND('',#3276,.T.);
#1856=PLANE('',#3277);
#1857=FACE_OUTER_BOUND('',#3278,.T.);
#1858=PLANE('',#3279);
#1859=FACE_OUTER_BOUND('',#3280,.T.);
#1860=PLANE('',#3281);
#1861=FACE_OUTER_BOUND('',#3282,.T.);
#1862=PLANE('',#3283);
#1863=FACE_OUTER_BOUND('',#3284,.T.);
#1864=PLANE('',#3285);
#1865=FACE_OUTER_BOUND('',#3286,.T.);
#1866=PLANE('',#3287);
#1867=FACE_OUTER_BOUND('',#3288,.T.);
#1868=PLANE('',#3289);
#1869=FACE_OUTER_BOUND('',#3290,.T.);
#1870=PLANE('',#3291);
#1871=FACE_OUTER_BOUND('',#3292,.T.);
#1872=PLANE('',#3293);
#1873=FACE_OUTER_BOUND('',#3294,.T.);
#1874=PLANE('',#3295);
#1875=FACE_OUTER_BOUND('',#3296,.T.);
#1876=PLANE('',#3297);
#1877=FACE_OUTER_BOUND('',#3298,.T.);
#1878=PLANE('',#3299);
#1879=FACE_OUTER_BOUND('',#3300,.T.);
#1880=PLANE('',#3301);
#1881=FACE_OUTER_BOUND('',#3302,.T.);
#1882=PLANE('',#3303);
#1883=FACE_OUTER_BOUND('',#3304,.T.);
#1884=PLANE('',#3305);
#1885=FACE_OUTER_BOUND('',#3306,.T.);
#1886=PLANE('',#3307);
#1887=FACE_OUTER_BOUND('',#3308,.T.);
#1888=PLANE('',#3309);
#1889=FACE_OUTER_BOUND('',#3310,.T.);
#1890=PLANE('',#3311);
#1891=FACE_OUTER_BOUND('',#3312,.T.);
#1892=PLANE('',#3313);
#1893=FACE_OUTER_BOUND('',#3314,.T.);
#1894=PLANE('',#3315);
#1895=FACE_OUTER_BOUND('',#3316,.T.);
#1896=PLANE('',#3317);
#1897=FACE_OUTER_BOUND('',#3318,.T.);
#1898=PLANE('',#3319);
#1899=FACE_OUTER_BOUND('',#3320,.T.);
#1900=PLANE('',#3321);
#1901=FACE_OUTER_BOUND('',#3322,.T.);
#1902=PLANE('',#3323);
#1903=FACE_OUTER_BOUND('',#3324,.T.);
#1904=PLANE('',#3325);
#1905=FACE_OUTER_BOUND('',#3326,.T.);
#1906=PLANE('',#3327);
#1907=FACE_OUTER_BOUND('',#3328,.T.);
#1908=PLANE('',#3329);
#1909=FACE_OUTER_BOUND('',#3330,.T.);
#1910=PLANE('',#3331);
#1911=FACE_OUTER_BOUND('',#3332,.T.);
#1912=PLANE('',#3333);
#1913=FACE_OUTER_BOUND('',#3334,.T.);
#1914=PLANE('',#3335);
#1915=FACE_OUTER_BOUND('',#3336,.T.);
#1916=PLANE('',#3337);
#1917=FACE_OUTER_BOUND('',#3338,.T.);
#1918=PLANE('',#3339);
#1919=FACE_OUTER_BOUND('',#3340,.T.);
#1920=PLANE('',#3341);
#1921=FACE_OUTER_BOUND('',#3342,.T.);
#1922=PLANE('',#3343);
#1923=FACE_OUTER_BOUND('',#3344,.T.);
#1924=PLANE('',#3345);
#1925=FACE_OUTER_BOUND('',#3346,.T.);
#1926=PLANE('',#3347);
#1927=FACE_OUTER_BOUND('',#3348,.T.);
#1928=PLANE('',#3349);
#1929=FACE_OUTER_BOUND('',#3350,.T.);
#1930=PLANE('',#3351);
#1931=FACE_OUTER_BOUND('',#3352,.T.);
#1932=PLANE('',#3353);
#1933=FACE_OUTER_BOUND('',#3354,.T.);
#1934=PLANE('',#3355);
#1935=FACE_OUTER_BOUND('',#3356,.T.);
#1936=PLANE('',#3357);
#1937=FACE_OUTER_BOUND('',#3358,.T.);
#1938=PLANE('',#3359);
#1939=FACE_OUTER_BOUND('',#3360,.T.);
#1940=PLANE('',#3361);
#1941=FACE_OUTER_BOUND('',#3362,.T.);
#1942=PLANE('',#3363);
#1943=FACE_OUTER_BOUND('',#3364,.T.);
#1944=PLANE('',#3365);
#1945=FACE_OUTER_BOUND('',#3366,.T.);
#1946=PLANE('',#3367);
#1947=FACE_OUTER_BOUND('',#3368,.T.);
#1948=PLANE('',#3369);
#1949=FACE_OUTER_BOUND('',#3370,.T.);
#1950=PLANE('',#3371);
#1951=FACE_OUTER_BOUND('',#3372,.T.);
#1952=PLANE('',#3373);
#1953=FACE_OUTER_BOUND('',#3374,.T.);
#1954=PLANE('',#3375);
#1955=FACE_OUTER_BOUND('',#3376,.T.);
#1956=PLANE('',#3377);
#1957=FACE_OUTER_BOUND('',#3378,.T.);
#1958=PLANE('',#3379);
#1959=FACE_OUTER_BOUND('',#3380,.T.);
#1960=PLANE('',#3381);
#1961=FACE_OUTER_BOUND('',#3382,.T.);
#1962=PLANE('',#3383);
#1963=FACE_OUTER_BOUND('',#3384,.T.);
#1964=PLANE('',#3385);
#1965=FACE_OUTER_BOUND('',#3386,.T.);
#1966=PLANE('',#3387);
#1967=FACE_OUTER_BOUND('',#3388,.T.);
#1968=PLANE('',#3389);
#1969=FACE_OUTER_BOUND('',#3390,.T.);
#1970=PLANE('',#3391);
#1971=FACE_OUTER_BOUND('',#3392,.T.);
#1972=PLANE('',#3393);
#1973=FACE_OUTER_BOUND('',#3394,.T.);
#1974=PLANE('',#3395);
#1975=FACE_OUTER_BOUND('',#3396,.T.);
#1976=PLANE('',#3397);
#1977=FACE_OUTER_BOUND('',#3398,.T.);
#1978=PLANE('',#3399);
#1979=FACE_OUTER_BOUND('',#3400,.T.);
#1980=PLANE('',#3401);
#1981=FACE_OUTER_BOUND('',#3402,.T.);
#1982=PLANE('',#3403);
#1983=FACE_OUTER_BOUND('',#3404,.T.);
#1984=PLANE('',#3405);
#1985=FACE_OUTER_BOUND('',#3406,.T.);
#1986=PLANE('',#3407);
#1987=FACE_OUTER_BOUND('',#3408,.T.);
#1988=PLANE('',#3409);
#1989=FACE_OUTER_BOUND('',#3410,.T.);
#1990=PLANE('',#3411);
#1991=FACE_OUTER_BOUND('',#3412,.T.);
#1992=PLANE('',#3413);
#1993=FACE_OUTER_BOUND('',#3414,.T.);
#1994=PLANE('',#3415);
#1995=FACE_OUTER_BOUND('',#3416,.T.);
#1996=PLANE('',#3417);
#1997=FACE_OUTER_BOUND('',#3418,.T.);
#1998=PLANE('',#3419);
#1999=FACE_OUTER_BOUND('',#3420,.T.);
#2000=PLANE('',#3421);
#2001=FACE_OUTER_BOUND('',#3422,.T.);
#2002=PLANE('',#3423);
#2003=FACE_OUTER_BOUND('',#3424,.T.);
#2004=PLANE('',#3425);
#2005=FACE_OUTER_BOUND('',#3426,.T.);
#2006=PLANE('',#3427);
#2007=FACE_OUTER_BOUND('',#3428,.T.);
#2008=PLANE('',#3429);
#2009=FACE_OUTER_BOUND('',#3430,.T.);
#2010=PLANE('',#3431);
#2011=FACE_OUTER_BOUND('',#3432,.T.);
#2012=PLANE('',#3433);
#2013=FACE_OUTER_BOUND('',#3434,.T.);
#2014=PLANE('',#3435);
#2015=FACE_OUTER_BOUND('',#3436,.T.);
#2016=PLANE('',#3437);
#2017=FACE_OUTER_BOUND('',#3438,.T.);
#2018=PLANE('',#3439);
#2019=FACE_OUTER_BOUND('',#3440,.T.);
#2020=PLANE('',#3441);
#2021=FACE_OUTER_BOUND('',#3442,.T.);
#2022=PLANE('',#3443);
#2023=FACE_OUTER_BOUND('',#3444,.T.);
#2024=PLANE('',#3445);
#2025=FACE_OUTER_BOUND('',#3446,.T.);
#2026=PLANE('',#3447);
#2027=FACE_OUTER_BOUND('',#3448,.T.);
#2028=PLANE('',#3449);
#2029=FACE_OUTER_BOUND('',#3450,.T.);
#2030=PLANE('',#3451);
#2031=FACE_OUTER_BOUND('',#3452,.T.);
#2032=PLANE('',#3453);
#2033=FACE_OUTER_BOUND('',#3454,.T.);
#2034=PLANE('',#3455);
#2035=FACE_OUTER_BOUND('',#3456,.T.);
#2036=PLANE('',#3457);
#2037=FACE_OUTER_BOUND('',#3458,.T.);
#2038=PLANE('',#3459);
#2039=FACE_OUTER_BOUND('',#3460,.T.);
#2040=PLANE('',#3461);
#2041=FACE_OUTER_BOUND('',#3462,.T.);
#2042=PLANE('',#3463);
#2043=FACE_OUTER_BOUND('',#3464,.T.);
#2044=PLANE('',#3465);
#2045=FACE_OUTER_BOUND('',#3466,.T.);
#2046=PLANE('',#3467);
#2047=FACE_OUTER_BOUND('',#3468,.T.);
#2048=PLANE('',#3469);
#2049=FACE_OUTER_BOUND('',#3470,.T.);
#2050=PLANE('',#3471);
#2051=FACE_OUTER_BOUND('',#3472,.T.);
#2052=PLANE('',#3473);
#2053=FACE_OUTER_BOUND('',#3474,.T.);
#2054=PLANE('',#3475);
#2055=FACE_OUTER_BOUND('',#3476,.T.);
#2056=PLANE('',#3477);
#2057=FACE_OUTER_BOUND('',#3478,.T.);
#2058=PLANE('',#3479);
#2059=FACE_OUTER_BOUND('',#3480,.T.);
#2060=PLANE('',#3481);
#2061=FACE_OUTER_BOUND('',#3482,.T.);
#2062=PLANE('',#3483);
#2063=FACE_OUTER_BOUND('',#3484,.T.);
#2064=PLANE('',#3485);
#2065=FACE_OUTER_BOUND('',#3486,.T.);
#2066=PLANE('',#3487);
#2067=FACE_OUTER_BOUND('',#3488,.T.);
#2068=PLANE('',#3489);
#2069=FACE_OUTER_BOUND('',#3490,.T.);
#2070=PLANE('',#3491);
#2071=FACE_OUTER_BOUND('',#3492,.T.);
#2072=PLANE('',#3493);
#2073=FACE_OUTER_BOUND('',#3494,.T.);
#2074=PLANE('',#3495);
#2075=FACE_OUTER_BOUND('',#3496,.T.);
#2076=PLANE('',#3497);
#2077=FACE_OUTER_BOUND('',#3498,.T.);
#2078=PLANE('',#3499);
#2079=FACE_OUTER_BOUND('',#3500,.T.);
#2080=PLANE('',#3501);
#2081=FACE_OUTER_BOUND('',#3502,.T.);
#2082=PLANE('',#3503);
#2083=FACE_OUTER_BOUND('',#3504,.T.);
#2084=PLANE('',#3505);
#2085=FACE_OUTER_BOUND('',#3506,.T.);
#2086=PLANE('',#3507);
#2087=FACE_OUTER_BOUND('',#3508,.T.);
#2088=PLANE('',#3509);
#2089=FACE_OUTER_BOUND('',#3510,.T.);
#2090=PLANE('',#3511);
#2091=FACE_OUTER_BOUND('',#3512,.T.);
#2092=PLANE('',#3513);
#2093=FACE_OUTER_BOUND('',#3514,.T.);
#2094=PLANE('',#3515);
#2095=FACE_OUTER_BOUND('',#3516,.T.);
#2096=PLANE('',#3517);
#2097=FACE_OUTER_BOUND('',#3518,.T.);
#2098=PLANE('',#3519);
#2099=FACE_OUTER_BOUND('',#3520,.T.);
#2100=PLANE('',#3521);
#2101=FACE_OUTER_BOUND('',#3522,.T.);
#2102=PLANE('',#3523);
#2103=FACE_OUTER_BOUND('',#3524,.T.);
#2104=PLANE('',#3525);
#2105=FACE_OUTER_BOUND('',#3526,.T.);
#2106=PLANE('',#3527);
#2107=FACE_OUTER_BOUND('',#3528,.T.);
#2108=PLANE('',#3529);
#2109=FACE_OUTER_BOUND('',#3530,.T.);
#2110=PLANE('',#3531);
#2111=FACE_OUTER_BOUND('',#3532,.T.);
#2112=PLANE('',#3533);
#2113=FACE_OUTER_BOUND('',#3534,.T.);
#2114=PLANE('',#3535);
#2115=FACE_OUTER_BOUND('',#3536,.T.);
#2116=PLANE('',#3537);
#2117=FACE_OUTER_BOUND('',#3538,.T.);
#2118=PLANE('',#3539);
#2119=FACE_OUTER_BOUND('',#3540,.T.);
#2120=PLANE('',#3541);
#2121=FACE_OUTER_BOUND('',#3542,.T.);
#2122=PLANE('',#3543);
#2123=FACE_OUTER_BOUND('',#3544,.T.);
#2124=PLANE('',#3545);
#2125=FACE_OUTER_BOUND('',#3546,.T.);
#2126=PLANE('',#3547);
#2127=FACE_OUTER_BOUND('',#3548,.T.);
#2128=PLANE('',#3549);
#2129=FACE_OUTER_BOUND('',#3550,.T.);
#2130=PLANE('',#3551);
#2131=FACE_OUTER_BOUND('',#3552,.T.);
#2132=PLANE('',#3553);
#2133=FACE_OUTER_BOUND('',#3554,.T.);
#2134=PLANE('',#3555);
#2135=FACE_OUTER_BOUND('',#3556,.T.);
#2136=PLANE('',#3557);
#2137=FACE_OUTER_BOUND('',#3558,.T.);
#2138=PLANE('',#3559);
#2139=FACE_OUTER_BOUND('',#3560,.T.);
#2140=PLANE('',#3561);
#2141=FACE_OUTER_BOUND('',#3562,.T.);
#2142=PLANE('',#3563);
#2143=FACE_OUTER_BOUND('',#3564,.T.);
#2144=PLANE('',#3565);
#2145=FACE_OUTER_BOUND('',#3566,.T.);
#2146=PLANE('',#3567);
#2147=FACE_OUTER_BOUND('',#3568,.T.);
#2148=PLANE('',#3569);
#2149=FACE_OUTER_BOUND('',#3570,.T.);
#2150=PLANE('',#3571);
#2151=FACE_OUTER_BOUND('',#3572,.T.);
#2152=PLANE('',#3573);
#2153=FACE_OUTER_BOUND('',#3574,.T.);
#2154=PLANE('',#3575);
#2155=FACE_OUTER_BOUND('',#3576,.T.);
#2156=PLANE('',#3577);
#2157=FACE_OUTER_BOUND('',#3578,.T.);
#2158=PLANE('',#3579);
#2159=FACE_OUTER_BOUND('',#3580,.T.);
#2160=PLANE('',#3581);
#2161=FACE_OUTER_BOUND('',#3582,.T.);
#2162=PLANE('',#3583);
#2163=FACE_OUTER_BOUND('',#3584,.T.);
#2164=PLANE('',#3585);
#2165=FACE_OUTER_BOUND('',#3586,.T.);
#2166=PLANE('',#3587);
#2167=FACE_OUTER_BOUND('',#3588,.T.);
#2168=PLANE('',#3589);
#2169=FACE_OUTER_BOUND('',#3590,.T.);
#2170=PLANE('',#3591);
#2171=FACE_OUTER_BOUND('',#3592,.T.);
#2172=PLANE('',#3593);
#2173=FACE_OUTER_BOUND('',#3594,.T.);
#2174=PLANE('',#3595);
#2175=FACE_OUTER_BOUND('',#3596,.T.);
#2176=PLANE('',#3597);
#2177=FACE_OUTER_BOUND('',#3598,.T.);
#2178=PLANE('',#3599);
#2179=FACE_OUTER_BOUND('',#3600,.T.);
#2180=PLANE('',#3601);
#2181=FACE_OUTER_BOUND('',#3602,.T.);
#2182=PLANE('',#3603);
#2183=FACE_OUTER_BOUND('',#3604,.T.);
#2184=PLANE('',#3605);
#2185=FACE_OUTER_BOUND('',#3606,.T.);
#2186=PLANE('',#3607);
#2187=TRIMMED_CURVE('',#3608,(PARAMETER_VALUE(0.0)),(PARAMETER_VALUE(3.1415926535892)),.T.,.UNSPECIFIED.);
#2188=TRIMMED_CURVE('',#3609,(PARAMETER_VALUE(0.0)),(PARAMETER_VALUE(3.1415926535892)),.T.,.UNSPECIFIED.);
#2189=TRIMMED_CURVE('',#3610,(PARAMETER_VALUE(0.0)),(PARAMETER_VALUE(3.1415926535892)),.T.,.UNSPECIFIED.);
#2190=TRIMMED_CURVE('',#3611,(PARAMETER_VALUE(0.0)),(PARAMETER_VALUE(3.1415926535892)),.T.,.UNSPECIFIED.);
#2191=TRIMMED_CURVE('',#3612,(PARAMETER_VALUE(0.0)),(PARAMETER_VALUE(3.1415926535892)),.T.,.UNSPECIFIED.);
#2192=TRIMMED_CURVE('',#3613,(PARAMETER_VALUE(0.0)),(PARAMETER_VALUE(3.1415926535892)),.T.,.UNSPECIFIED.);
#2193=TRIMMED_CURVE('',#3614,(PARAMETER_VALUE(0.0)),(PARAMETER_VALUE(3.1415926535892)),.T.,.UNSPECIFIED.);
#2194=TRIMMED_CURVE('',#3615,(PARAMETER_VALUE(0.0)),(PARAMETER_VALUE(3.1415926535892)),.T.,.UNSPECIFIED.);
#2195=TRIMMED_CURVE('',#3616,(PARAMETER_VALUE(0.0)),(PARAMETER_VALUE(3.1415926535892)),.T.,.UNSPECIFIED.);
#2196=TRIMMED_CURVE('',#3617,(PARAMETER_VALUE(0.0)),(PARAMETER_VALUE(3.1415926535892)),.T.,.UNSPECIFIED.);
#2197=TRIMMED_CURVE('',#3618,(PARAMETER_VALUE(0.0)),(PARAMETER_VALUE(3.1415926535892)),.T.,.UNSPECIFIED.);
#2198=TRIMMED_CURVE('',#3619,(PARAMETER_VALUE(0.0)),(PARAMETER_VALUE(3.1415926535892)),.T.,.UNSPECIFIED.);
#2199=TRIMMED_CURVE('',#3620,(PARAMETER_VALUE(0.0)),(PARAMETER_VALUE(3.1415926535892)),.T.,.UNSPECIFIED.);
#2200=TRIMMED_CURVE('',#3621,(PARAMETER_VALUE(0.0)),(PARAMETER_VALUE(3.1415926535892)),.T.,.UNSPECIFIED.);
#2201=TRIMMED_CURVE('',#3622,(PARAMETER_VALUE(0.0)),(PARAMETER_VALUE(3.1415926535892)),.T.,.UNSPECIFIED.);
#2202=TRIMMED_CURVE('',#3623,(PARAMETER_VALUE(0.0)),(PARAMETER_VALUE(3.1415926535892)),.T.,.UNSPECIFIED.);
#2203=TRIMMED_CURVE('',#3624,(PARAMETER_VALUE(0.0)),(PARAMETER_VALUE(3.1415926535892)),.T.,.UNSPECIFIED.);
#2204=TRIMMED_CURVE('',#3625,(PARAMETER_VALUE(0.0)),(PARAMETER_VALUE(3.1415926535892)),.T.,.UNSPECIFIED.);
#2205=TRIMMED_CURVE('',#3626,(PARAMETER_VALUE(0.0)),(PARAMETER_VALUE(3.1415926535892)),.T.,.UNSPECIFIED.);
#2206=TRIMMED_CURVE('',#3627,(PARAMETER_VALUE(0.0)),(PARAMETER_VALUE(3.1415926535892)),.T.,.UNSPECIFIED.);
#2207=TRIMMED_CURVE('',#3628,(PARAMETER_VALUE(0.0)),(PARAMETER_VALUE(3.1415926535892)),.T.,.UNSPECIFIED.);
#2208=TRIMMED_CURVE('',#3629,(PARAMETER_VALUE(0.0)),(PARAMETER_VALUE(3.1415926535892)),.T.,.UNSPECIFIED.);
#2209=TRIMMED_CURVE('',#3630,(PARAMETER_VALUE(0.0)),(PARAMETER_VALUE(3.1415926535892)),.T.,.UNSPECIFIED.);
#2210=TRIMMED_CURVE('',#3631,(PARAMETER_VALUE(0.0)),(PARAMETER_VALUE(3.1415926535892)),.T.,.UNSPECIFIED.);
#2211=TRIMMED_CURVE('',#3632,(PARAMETER_VALUE(0.0)),(PARAMETER_VALUE(3.1415926535892)),.T.,.UNSPECIFIED.);
#2212=TRIMMED_CURVE('',#3633,(PARAMETER_VALUE(0.0)),(PARAMETER_VALUE(3.1415926535892)),.T.,.UNSPECIFIED.);
#2213=TRIMMED_CURVE('',#3634,(PARAMETER_VALUE(0.0)),(PARAMETER_VALUE(3.1415926535892)),.T.,.UNSPECIFIED.);
#2214=TRIMMED_CURVE('',#3635,(PARAMETER_VALUE(0.0)),(PARAMETER_VALUE(3.1415926535892)),.T.,.UNSPECIFIED.);
#2215=TRIMMED_CURVE('',#3636,(PARAMETER_VALUE(0.0)),(PARAMETER_VALUE(3.1415926535892)),.T.,.UNSPECIFIED.);
#2216=TRIMMED_CURVE('',#3637,(PARAMETER_VALUE(0.0)),(PARAMETER_VALUE(3.1415926535892)),.T.,.UNSPECIFIED.);
#2217=TRIMMED_CURVE('',#3638,(PARAMETER_VALUE(0.0)),(PARAMETER_VALUE(3.1415926535892)),.T.,.UNSPECIFIED.);
#2218=TRIMMED_CURVE('',#3639,(PARAMETER_VALUE(0.0)),(PARAMETER_VALUE(3.1415926535892)),.T.,.UNSPECIFIED.);
#2219=TRIMMED_CURVE('',#3640,(PARAMETER_VALUE(0.0)),(PARAMETER_VALUE(3.1415926535892)),.T.,.UNSPECIFIED.);
#2220=TRIMMED_CURVE('',#3641,(PARAMETER_VALUE(0.0)),(PARAMETER_VALUE(3.1415926535892)),.T.,.UNSPECIFIED.);
#2221=TRIMMED_CURVE('',#3642,(PARAMETER_VALUE(0.0)),(PARAMETER_VALUE(3.1415926535892)),.T.,.UNSPECIFIED.);
#2222=TRIMMED_CURVE('',#3643,(PARAMETER_VALUE(0.0)),(PARAMETER_VALUE(3.1415926535892)),.T.,.UNSPECIFIED.);
#2223=TRIMMED_CURVE('A_8',#3644,(PARAMETER_VALUE(0.0)),(PARAMETER_VALUE(1.0)),.T.,.UNSPECIFIED.);
#2224=TRIMMED_CURVE('A_5',#3645,(PARAMETER_VALUE(0.0)),(PARAMETER_VALUE(1.0)),.T.,.UNSPECIFIED.);
#2225=TRIMMED_CURVE('A_11',#3646,(PARAMETER_VALUE(0.0)),(PARAMETER_VALUE(1.0)),.T.,.UNSPECIFIED.);
#2226=EDGE_LOOP('',(#3647,#3648,#3649,#3650,#3651,#3652,#3653,#3654,#3655,#3656,#3657,#3658,#3659,#3660));
#2227=AXIS2_PLACEMENT_3D('',#3661,#3662,#3663);
#2228=EDGE_LOOP('',(#3664,#3665,#3666,#3667));
#2229=AXIS2_PLACEMENT_3D('',#3668,#3669,#3670);
#2230=EDGE_LOOP('',(#3671,#3672,#3673,#3674));
#2231=AXIS2_PLACEMENT_3D('',#3675,#3676,#3677);
#2232=EDGE_LOOP('',(#3678,#3679,#3680,#3681,#3682,#3683));
#2233=AXIS2_PLACEMENT_3D('',#3684,#3685,#3686);
#2234=EDGE_LOOP('',(#3687,#3688,#3689,#3690,#3691,#3692,#3693,#3694));
#2235=AXIS2_PLACEMENT_3D('',#3695,#3696,#3697);
#2236=EDGE_LOOP('',(#3698,#3699,#3700,#3701));
#2237=AXIS2_PLACEMENT_3D('',#3702,#3703,#3704);
#2238=EDGE_LOOP('',(#3705,#3706,#3707,#3708,#3709,#3710));
#2239=AXIS2_PLACEMENT_3D('',#3711,#3712,#3713);
#2240=EDGE_LOOP('',(#3714,#3715,#3716,#3717,#3718,#3719,#3720,#3721,#3722,#3723,#3724,#3725));
#2241=AXIS2_PLACEMENT_3D('',#3726,#3727,#3728);
#2242=EDGE_LOOP('',(#3729,#3730,#3731,#3732,#3733,#3734,#3735,#3736));
#2243=AXIS2_PLACEMENT_3D('',#3737,#3738,#3739);
#2244=EDGE_LOOP('',(#3740,#3741,#3742,#3743,#3744,#3745,#3746,#3747));
#2245=AXIS2_PLACEMENT_3D('',#3748,#3749,#3750);
#2246=EDGE_LOOP('',(#3751,#3752,#3753,#3754,#3755,#3756));
#2247=AXIS2_PLACEMENT_3D('',#3757,#3758,#3759);
#2248=EDGE_LOOP('',(#3760,#3761,#3762,#3763,#3764,#3765,#3766,#3767));
#2249=AXIS2_PLACEMENT_3D('',#3768,#3769,#3770);
#2250=EDGE_LOOP('',(#3771,#3772,#3773,#3774));
#2251=AXIS2_PLACEMENT_3D('',#3775,#3776,#3777);
#2252=EDGE_LOOP('',(#3778,#3779,#3780,#3781,#3782,#3783));
#2253=AXIS2_PLACEMENT_3D('',#3784,#3785,#3786);
#2254=EDGE_LOOP('',(#3787,#3788,#3789,#3790,#3791,#3792,#3793,#3794,#3795,#3796,#3797,#3798));
#2255=AXIS2_PLACEMENT_3D('',#3799,#3800,#3801);
#2256=EDGE_LOOP('',(#3802,#3803,#3804,#3805));
#2257=AXIS2_PLACEMENT_3D('',#3806,#3807,#3808);
#2258=EDGE_LOOP('',(#3809,#3810,#3811,#3812,#3813,#3814,#3815,#3816,#3817,#3818,#3819,#3820,#3821,#3822));
#2259=EDGE_LOOP('',(#3823,#3824,#3825,#3826,#3827,#3828,#3829));
#2260=AXIS2_PLACEMENT_3D('',#3830,#3831,#3832);
#2261=EDGE_LOOP('',(#3833,#3834,#3835,#3836));
#2262=AXIS2_PLACEMENT_3D('',#3837,#3838,#3839);
#2263=EDGE_LOOP('',(#3840,#3841,#3842,#3843));
#2264=AXIS2_PLACEMENT_3D('',#3844,#3845,#3846);
#2265=EDGE_LOOP('',(#3847,#3848,#3849,#3850));
#2266=AXIS2_PLACEMENT_3D('',#3851,#3852,#3853);
#2267=EDGE_LOOP('',(#3854,#3855,#3856));
#2268=AXIS2_PLACEMENT_3D('',#3857,#3858,#3859);
#2269=EDGE_LOOP('',(#3860,#3861,#3862));
#2270=AXIS2_PLACEMENT_3D('',#3863,#3864,#3865);
#2271=EDGE_LOOP('',(#3866,#3867,#3868,#3869));
#2272=AXIS2_PLACEMENT_3D('',#3870,#3871,#3872);
#2273=EDGE_LOOP('',(#3873,#3874,#3875,#3876,#3877));
#2274=AXIS2_PLACEMENT_3D('',#3878,#3879,#3880);
#2275=EDGE_LOOP('',(#3881,#3882,#3883));
#2276=AXIS2_PLACEMENT_3D('',#3884,#3885,#3886);
#2277=EDGE_LOOP('',(#3887,#3888,#3889));
#2278=AXIS2_PLACEMENT_3D('',#3890,#3891,#3892);
#2279=EDGE_LOOP('',(#3893,#3894,#3895,#3896));
#2280=AXIS2_PLACEMENT_3D('',#3897,#3898,#3899);
#2281=EDGE_LOOP('',(#3900,#3901,#3902,#3903,#3904));
#2282=AXIS2_PLACEMENT_3D('',#3905,#3906,#3907);
#2283=EDGE_LOOP('',(#3908,#3909,#3910,#3911,#3912,#3913,#3914,#3915,#3916,#3917,#3918,#3919,#3920,#3921));
#2284=EDGE_LOOP('',(#3922,#3923,#3924,#3925));
#2285=AXIS2_PLACEMENT_3D('',#3926,#3927,#3928);
#2286=EDGE_LOOP('',(#3929,#3930,#3931,#3932,#3933));
#2287=AXIS2_PLACEMENT_3D('',#3934,#3935,#3936);
#2288=EDGE_LOOP('',(#3937,#3938,#3939,#3940));
#2289=AXIS2_PLACEMENT_3D('',#3941,#3942,#3943);
#2290=EDGE_LOOP('',(#3944,#3945,#3946,#3947,#3948));
#2291=AXIS2_PLACEMENT_3D('',#3949,#3950,#3951);
#2292=EDGE_LOOP('',(#3952,#3953,#3954,#3955));
#2293=AXIS2_PLACEMENT_3D('',#3956,#3957,#3958);
#2294=EDGE_LOOP('',(#3959,#3960,#3961,#3962));
#2295=AXIS2_PLACEMENT_3D('',#3963,#3964,#3965);
#2296=EDGE_LOOP('',(#3966,#3967,#3968,#3969));
#2297=AXIS2_PLACEMENT_3D('',#3970,#3971,#3972);
#2298=EDGE_LOOP('',(#3973,#3974,#3975,#3976));
#2299=AXIS2_PLACEMENT_3D('',#3977,#3978,#3979);
#2300=EDGE_LOOP('',(#3980,#3981,#3982,#3983,#3984,#3985));
#2301=AXIS2_PLACEMENT_3D('',#3986,#3987,#3988);
#2302=EDGE_LOOP('',(#3989,#3990,#3991,#3992,#3993,#3994));
#2303=AXIS2_PLACEMENT_3D('',#3995,#3996,#3997);
#2304=EDGE_LOOP('',(#3998,#3999,#4000,#4001));
#2305=AXIS2_PLACEMENT_3D('',#4002,#4003,#4004);
#2306=EDGE_LOOP('',(#4005,#4006,#4007,#4008));
#2307=AXIS2_PLACEMENT_3D('',#4009,#4010,#4011);
#2308=EDGE_LOOP('',(#4012,#4013,#4014,#4015));
#2309=AXIS2_PLACEMENT_3D('',#4016,#4017,#4018);
#2310=EDGE_LOOP('',(#4019,#4020,#4021,#4022));
#2311=AXIS2_PLACEMENT_3D('',#4023,#4024,#4025);
#2312=EDGE_LOOP('',(#4026,#4027,#4028,#4029));
#2313=AXIS2_PLACEMENT_3D('',#4030,#4031,#4032);
#2314=EDGE_LOOP('',(#4033,#4034,#4035,#4036));
#2315=AXIS2_PLACEMENT_3D('',#4037,#4038,#4039);
#2316=EDGE_LOOP('',(#4040,#4041,#4042,#4043));
#2317=AXIS2_PLACEMENT_3D('',#4044,#4045,#4046);
#2318=EDGE_LOOP('',(#4047,#4048,#4049,#4050));
#2319=AXIS2_PLACEMENT_3D('',#4051,#4052,#4053);
#2320=EDGE_LOOP('',(#4054,#4055,#4056,#4057));
#2321=AXIS2_PLACEMENT_3D('',#4058,#4059,#4060);
#2322=EDGE_LOOP('',(#4061,#4062,#4063,#4064));
#2323=AXIS2_PLACEMENT_3D('',#4065,#4066,#4067);
#2324=EDGE_LOOP('',(#4068,#4069,#4070,#4071));
#2325=AXIS2_PLACEMENT_3D('',#4072,#4073,#4074);
#2326=EDGE_LOOP('',(#4075,#4076,#4077,#4078));
#2327=AXIS2_PLACEMENT_3D('',#4079,#4080,#4081);
#2328=EDGE_LOOP('',(#4082,#4083,#4084,#4085,#4086,#4087));
#2329=AXIS2_PLACEMENT_3D('',#4088,#4089,#4090);
#2330=EDGE_LOOP('',(#4091,#4092,#4093,#4094,#4095,#4096));
#2331=AXIS2_PLACEMENT_3D('',#4097,#4098,#4099);
#2332=EDGE_LOOP('',(#4100,#4101,#4102,#4103));
#2333=AXIS2_PLACEMENT_3D('',#4104,#4105,#4106);
#2334=EDGE_LOOP('',(#4107,#4108,#4109,#4110));
#2335=AXIS2_PLACEMENT_3D('',#4111,#4112,#4113);
#2336=EDGE_LOOP('',(#4114,#4115,#4116,#4117));
#2337=AXIS2_PLACEMENT_3D('',#4118,#4119,#4120);
#2338=EDGE_LOOP('',(#4121,#4122,#4123,#4124,#4125,#4126));
#2339=AXIS2_PLACEMENT_3D('',#4127,#4128,#4129);
#2340=EDGE_LOOP('',(#4130,#4131,#4132,#4133));
#2341=AXIS2_PLACEMENT_3D('',#4134,#4135,#4136);
#2342=EDGE_LOOP('',(#4137,#4138,#4139,#4140));
#2343=AXIS2_PLACEMENT_3D('',#4141,#4142,#4143);
#2344=EDGE_LOOP('',(#4144,#4145,#4146,#4147));
#2345=AXIS2_PLACEMENT_3D('',#4148,#4149,#4150);
#2346=EDGE_LOOP('',(#4151,#4152,#4153,#4154));
#2347=AXIS2_PLACEMENT_3D('',#4155,#4156,#4157);
#2348=EDGE_LOOP('',(#4158,#4159,#4160,#4161));
#2349=AXIS2_PLACEMENT_3D('',#4162,#4163,#4164);
#2350=EDGE_LOOP('',(#4165,#4166,#4167,#4168));
#2351=AXIS2_PLACEMENT_3D('',#4169,#4170,#4171);
#2352=EDGE_LOOP('',(#4172,#4173,#4174,#4175));
#2353=AXIS2_PLACEMENT_3D('',#4176,#4177,#4178);
#2354=EDGE_LOOP('',(#4179,#4180,#4181,#4182));
#2355=AXIS2_PLACEMENT_3D('',#4183,#4184,#4185);
#2356=EDGE_LOOP('',(#4186,#4187,#4188,#4189));
#2357=AXIS2_PLACEMENT_3D('',#4190,#4191,#4192);
#2358=EDGE_LOOP('',(#4193,#4194,#4195,#4196));
#2359=AXIS2_PLACEMENT_3D('',#4197,#4198,#4199);
#2360=EDGE_LOOP('',(#4200,#4201,#4202,#4203));
#2361=AXIS2_PLACEMENT_3D('',#4204,#4205,#4206);
#2362=EDGE_LOOP('',(#4207,#4208,#4209,#4210,#4211,#4212,#4213,#4214,#4215,#4216,#4217,#4218));
#2363=AXIS2_PLACEMENT_3D('',#4219,#4220,#4221);
#2364=EDGE_LOOP('',(#4222,#4223,#4224,#4225,#4226,#4227,#4228,#4229,#4230,#4231,#4232,#4233,#4234,#4235,#4236,#4237,#4238,#4239,#4240,#4241,#4242,#4243,#4244,#4245,#4246,#4247,#4248,#4249,#4250,#4251,#4252,#4253,#4254,#4255,#4256,#4257,#4258,#4259,#4260,#4261,#4262,#4263,#4264,#4265,#4266,#4267,#4268,#4269,#4270,#4271,#4272,#4273,#4274,#4275,#4276,#4277,#4278,#4279,#4280,#4281,#4282,#4283,#4284,#4285,#4286,#4287,#4288,#4289,#4290,#4291,#4292,#4293,#4294,#4295,#4296,#4297,#4298,#4299,#4300,#4301,#4302,#4303,#4304,#4305,#4306,#4307,#4308,#4309,#4310,#4311,#4312,#4313,#4314,#4315,#4316,#4317,#4318,#4319,#4320,#4321,#4322,#4323,#4324,#4325,#4326,#4327,#4328,#4329,#4330,#4331,#4332,#4333,#4334,#4335,#4336,#4337,#4338,#4339,#4340,#4341,#4342,#4343,#4344,#4345,#4346,#4347,#4348,#4349,#4350,#4351,#4352,#4353,#4354,#4355,#4356,#4357,#4358,#4359,#4360,#4361,#4362,#4363,#4364,#4365,#4366,#4367,#4368,#4369,#4370,#4371,#4372,#4373,#4374,#4375,#4376,#4377));
#2365=AXIS2_PLACEMENT_3D('',#4378,#4379,#4380);
#2366=EDGE_LOOP('',(#4381,#4382,#4383,#4384));
#2367=AXIS2_PLACEMENT_3D('',#4385,#4386,#4387);
#2368=EDGE_LOOP('',(#4388,#4389,#4390,#4391));
#2369=AXIS2_PLACEMENT_3D('',#4392,#4393,#4394);
#2370=EDGE_LOOP('',(#4395,#4396,#4397,#4398));
#2371=AXIS2_PLACEMENT_3D('',#4399,#4400,#4401);
#2372=EDGE_LOOP('',(#4402,#4403,#4404,#4405,#4406,#4407));
#2373=AXIS2_PLACEMENT_3D('',#4408,#4409,#4410);
#2374=EDGE_LOOP('',(#4411,#4412,#4413,#4414));
#2375=AXIS2_PLACEMENT_3D('',#4415,#4416,#4417);
#2376=EDGE_LOOP('',(#4418,#4419,#4420,#4421,#4422,#4423));
#2377=AXIS2_PLACEMENT_3D('',#4424,#4425,#4426);
#2378=EDGE_LOOP('',(#4427,#4428,#4429,#4430,#4431,#4432));
#2379=AXIS2_PLACEMENT_3D('',#4433,#4434,#4435);
#2380=EDGE_LOOP('',(#4436,#4437,#4438,#4439));
#2381=AXIS2_PLACEMENT_3D('',#4440,#4441,#4442);
#2382=EDGE_LOOP('',(#4443,#4444,#4445,#4446));
#2383=AXIS2_PLACEMENT_3D('',#4447,#4448,#4449);
#2384=EDGE_LOOP('',(#4450,#4451,#4452,#4453));
#2385=AXIS2_PLACEMENT_3D('',#4454,#4455,#4456);
#2386=EDGE_LOOP('',(#4457,#4458,#4459,#4460,#4461,#4462));
#2387=AXIS2_PLACEMENT_3D('',#4463,#4464,#4465);
#2388=EDGE_LOOP('',(#4466,#4467,#4468,#4469));
#2389=AXIS2_PLACEMENT_3D('',#4470,#4471,#4472);
#2390=EDGE_LOOP('',(#4473,#4474,#4475,#4476));
#2391=AXIS2_PLACEMENT_3D('',#4477,#4478,#4479);
#2392=EDGE_LOOP('',(#4480,#4481,#4482,#4483));
#2393=AXIS2_PLACEMENT_3D('',#4484,#4485,#4486);
#2394=EDGE_LOOP('',(#4487,#4488,#4489,#4490,#4491,#4492));
#2395=AXIS2_PLACEMENT_3D('',#4493,#4494,#4495);
#2396=EDGE_LOOP('',(#4496,#4497,#4498,#4499));
#2397=AXIS2_PLACEMENT_3D('',#4500,#4501,#4502);
#2398=EDGE_LOOP('',(#4503,#4504,#4505,#4506,#4507,#4508));
#2399=AXIS2_PLACEMENT_3D('',#4509,#4510,#4511);
#2400=EDGE_LOOP('',(#4512,#4513,#4514,#4515));
#2401=AXIS2_PLACEMENT_3D('',#4516,#4517,#4518);
#2402=EDGE_LOOP('',(#4519,#4520,#4521,#4522));
#2403=AXIS2_PLACEMENT_3D('',#4523,#4524,#4525);
#2404=EDGE_LOOP('',(#4526,#4527,#4528,#4529));
#2405=AXIS2_PLACEMENT_3D('',#4530,#4531,#4532);
#2406=EDGE_LOOP('',(#4533,#4534,#4535,#4536,#4537,#4538));
#2407=AXIS2_PLACEMENT_3D('',#4539,#4540,#4541);
#2408=EDGE_LOOP('',(#4542,#4543,#4544,#4545));
#2409=AXIS2_PLACEMENT_3D('',#4546,#4547,#4548);
#2410=EDGE_LOOP('',(#4549,#4550,#4551,#4552));
#2411=AXIS2_PLACEMENT_3D('',#4553,#4554,#4555);
#2412=EDGE_LOOP('',(#4556,#4557,#4558,#4559));
#2413=AXIS2_PLACEMENT_3D('',#4560,#4561,#4562);
#2414=EDGE_LOOP('',(#4563,#4564,#4565,#4566));
#2415=AXIS2_PLACEMENT_3D('',#4567,#4568,#4569);
#2416=EDGE_LOOP('',(#4570,#4571,#4572,#4573));
#2417=AXIS2_PLACEMENT_3D('',#4574,#4575,#4576);
#2418=EDGE_LOOP('',(#4577,#4578,#4579,#4580));
#2419=AXIS2_PLACEMENT_3D('',#4581,#4582,#4583);
#2420=EDGE_LOOP('',(#4584,#4585,#4586,#4587));
#2421=AXIS2_PLACEMENT_3D('',#4588,#4589,#4590);
#2422=EDGE_LOOP('',(#4591,#4592,#4593,#4594));
#2423=AXIS2_PLACEMENT_3D('',#4595,#4596,#4597);
#2424=EDGE_LOOP('',(#4598,#4599,#4600,#4601));
#2425=AXIS2_PLACEMENT_3D('',#4602,#4603,#4604);
#2426=EDGE_LOOP('',(#4605,#4606,#4607,#4608));
#2427=AXIS2_PLACEMENT_3D('',#4609,#4610,#4611);
#2428=EDGE_LOOP('',(#4612,#4613,#4614,#4615));
#2429=AXIS2_PLACEMENT_3D('',#4616,#4617,#4618);
#2430=EDGE_LOOP('',(#4619,#4620,#4621,#4622));
#2431=AXIS2_PLACEMENT_3D('',#4623,#4624,#4625);
#2432=EDGE_LOOP('',(#4626,#4627,#4628,#4629));
#2433=AXIS2_PLACEMENT_3D('',#4630,#4631,#4632);
#2434=EDGE_LOOP('',(#4633,#4634,#4635,#4636));
#2435=AXIS2_PLACEMENT_3D('',#4637,#4638,#4639);
#2436=EDGE_LOOP('',(#4640,#4641,#4642,#4643,#4644,#4645));
#2437=AXIS2_PLACEMENT_3D('',#4646,#4647,#4648);
#2438=EDGE_LOOP('',(#4649,#4650,#4651,#4652));
#2439=AXIS2_PLACEMENT_3D('',#4653,#4654,#4655);
#2440=EDGE_LOOP('',(#4656,#4657,#4658,#4659,#4660,#4661,#4662,#4663,#4664,#4665,#4666,#4667,#4668,#4669,#4670,#4671,#4672,#4673,#4674,#4675,#4676,#4677,#4678,#4679,#4680,#4681,#4682,#4683,#4684,#4685,#4686,#4687,#4688,#4689,#4690,#4691,#4692,#4693,#4694,#4695,#4696,#4697,#4698,#4699,#4700,#4701,#4702,#4703,#4704,#4705,#4706,#4707,#4708,#4709,#4710,#4711,#4712));
#2441=EDGE_LOOP('',(#4713,#4714,#4715,#4716));
#2442=EDGE_LOOP('',(#4717,#4718,#4719,#4720));
#2443=AXIS2_PLACEMENT_3D('',#4721,#4722,#4723);
#2444=EDGE_LOOP('',(#4724,#4725,#4726,#4727,#4728,#4729,#4730,#4731,#4732,#4733,#4734,#4735,#4736,#4737));
#2445=AXIS2_PLACEMENT_3D('',#4738,#4739,#4740);
#2446=EDGE_LOOP('',(#4741,#4742,#4743,#4744));
#2447=AXIS2_PLACEMENT_3D('',#4745,#4746,#4747);
#2448=EDGE_LOOP('',(#4748,#4749,#4750,#4751));
#2449=AXIS2_PLACEMENT_3D('',#4752,#4753,#4754);
#2450=EDGE_LOOP('',(#4755,#4756,#4757,#4758));
#2451=AXIS2_PLACEMENT_3D('',#4759,#4760,#4761);
#2452=EDGE_LOOP('',(#4762,#4763,#4764,#4765,#4766));
#2453=AXIS2_PLACEMENT_3D('',#4767,#4768,#4769);
#2454=EDGE_LOOP('',(#4770,#4771,#4772,#4773));
#2455=AXIS2_PLACEMENT_3D('',#4774,#4775,#4776);
#2456=EDGE_LOOP('',(#4777,#4778,#4779,#4780));
#2457=AXIS2_PLACEMENT_3D('',#4781,#4782,#4783);
#2458=EDGE_LOOP('',(#4784,#4785,#4786,#4787,#4788));
#2459=AXIS2_PLACEMENT_3D('',#4789,#4790,#4791);
#2460=EDGE_LOOP('',(#4792,#4793,#4794,#4795));
#2461=AXIS2_PLACEMENT_3D('',#4796,#4797,#4798);
#2462=EDGE_LOOP('',(#4799,#4800,#4801,#4802));
#2463=AXIS2_PLACEMENT_3D('',#4803,#4804,#4805);
#2464=EDGE_LOOP('',(#4806,#4807,#4808,#4809));
#2465=AXIS2_PLACEMENT_3D('',#4810,#4811,#4812);
#2466=EDGE_LOOP('',(#4813,#4814,#4815,#4816));
#2467=AXIS2_PLACEMENT_3D('',#4817,#4818,#4819);
#2468=EDGE_LOOP('',(#4820,#4821,#4822,#4823,#4824,#4825));
#2469=AXIS2_PLACEMENT_3D('',#4826,#4827,#4828);
#2470=EDGE_LOOP('',(#4829,#4830,#4831,#4832));
#2471=AXIS2_PLACEMENT_3D('',#4833,#4834,#4835);
#2472=EDGE_LOOP('',(#4836,#4837,#4838,#4839));
#2473=AXIS2_PLACEMENT_3D('',#4840,#4841,#4842);
#2474=EDGE_LOOP('',(#4843,#4844));
#2475=AXIS2_PLACEMENT_3D('',#4845,#4846,#4847);
#2476=EDGE_LOOP('',(#4848,#4849,#4850,#4851,#4852,#4853,#4854,#4855,#4856,#4857,#4858,#4859,#4860,#4861));
#2477=AXIS2_PLACEMENT_3D('',#4862,#4863,#4864);
#2478=EDGE_LOOP('',(#4865,#4866,#4867,#4868,#4869));
#2479=AXIS2_PLACEMENT_3D('',#4870,#4871,#4872);
#2480=EDGE_LOOP('',(#4873,#4874,#4875,#4876));
#2481=AXIS2_PLACEMENT_3D('',#4877,#4878,#4879);
#2482=EDGE_LOOP('',(#4880,#4881,#4882,#4883));
#2483=AXIS2_PLACEMENT_3D('',#4884,#4885,#4886);
#2484=EDGE_LOOP('',(#4887,#4888,#4889,#4890,#4891,#4892));
#2485=AXIS2_PLACEMENT_3D('',#4893,#4894,#4895);
#2486=EDGE_LOOP('',(#4896,#4897,#4898,#4899));
#2487=AXIS2_PLACEMENT_3D('',#4900,#4901,#4902);
#2488=EDGE_LOOP('',(#4903,#4904));
#2489=AXIS2_PLACEMENT_3D('',#4905,#4906,#4907);
#2490=EDGE_LOOP('',(#4908,#4909,#4910,#4911));
#2491=AXIS2_PLACEMENT_3D('',#4912,#4913,#4914);
#2492=EDGE_LOOP('',(#4915,#4916,#4917,#4918));
#2493=AXIS2_PLACEMENT_3D('',#4919,#4920,#4921);
#2494=EDGE_LOOP('',(#4922,#4923,#4924,#4925,#4926));
#2495=AXIS2_PLACEMENT_3D('',#4927,#4928,#4929);
#2496=EDGE_LOOP('',(#4930,#4931,#4932,#4933));
#2497=AXIS2_PLACEMENT_3D('',#4934,#4935,#4936);
#2498=EDGE_LOOP('',(#4937,#4938,#4939,#4940));
#2499=AXIS2_PLACEMENT_3D('',#4941,#4942,#4943);
#2500=EDGE_LOOP('',(#4944,#4945,#4946,#4947));
#2501=AXIS2_PLACEMENT_3D('',#4948,#4949,#4950);
#2502=EDGE_LOOP('',(#4951,#4952,#4953,#4954));
#2503=AXIS2_PLACEMENT_3D('',#4955,#4956,#4957);
#2504=EDGE_LOOP('',(#4958,#4959,#4960,#4961));
#2505=AXIS2_PLACEMENT_3D('',#4962,#4963,#4964);
#2506=EDGE_LOOP('',(#4965,#4966,#4967,#4968,#4969,#4970));
#2507=AXIS2_PLACEMENT_3D('',#4971,#4972,#4973);
#2508=EDGE_LOOP('',(#4974,#4975,#4976,#4977));
#2509=AXIS2_PLACEMENT_3D('',#4978,#4979,#4980);
#2510=EDGE_LOOP('',(#4981,#4982,#4983,#4984,#4985,#4986));
#2511=AXIS2_PLACEMENT_3D('',#4987,#4988,#4989);
#2512=EDGE_LOOP('',(#4990,#4991,#4992,#4993,#4994,#4995));
#2513=AXIS2_PLACEMENT_3D('',#4996,#4997,#4998);
#2514=EDGE_LOOP('',(#4999,#5000,#5001,#5002));
#2515=AXIS2_PLACEMENT_3D('',#5003,#5004,#5005);
#2516=EDGE_LOOP('',(#5006,#5007,#5008,#5009));
#2517=AXIS2_PLACEMENT_3D('',#5010,#5011,#5012);
#2518=EDGE_LOOP('',(#5013,#5014,#5015,#5016));
#2519=AXIS2_PLACEMENT_3D('',#5017,#5018,#5019);
#2520=EDGE_LOOP('',(#5020,#5021,#5022,#5023,#5024,#5025));
#2521=AXIS2_PLACEMENT_3D('',#5026,#5027,#5028);
#2522=EDGE_LOOP('',(#5029,#5030,#5031,#5032));
#2523=AXIS2_PLACEMENT_3D('',#5033,#5034,#5035);
#2524=EDGE_LOOP('',(#5036,#5037,#5038,#5039));
#2525=AXIS2_PLACEMENT_3D('',#5040,#5041,#5042);
#2526=EDGE_LOOP('',(#5043,#5044,#5045,#5046));
#2527=AXIS2_PLACEMENT_3D('',#5047,#5048,#5049);
#2528=EDGE_LOOP('',(#5050,#5051,#5052,#5053,#5054,#5055));
#2529=AXIS2_PLACEMENT_3D('',#5056,#5057,#5058);
#2530=EDGE_LOOP('',(#5059,#5060,#5061,#5062));
#2531=AXIS2_PLACEMENT_3D('',#5063,#5064,#5065);
#2532=EDGE_LOOP('',(#5066,#5067,#5068,#5069,#5070,#5071));
#2533=AXIS2_PLACEMENT_3D('',#5072,#5073,#5074);
#2534=EDGE_LOOP('',(#5075,#5076,#5077,#5078));
#2535=AXIS2_PLACEMENT_3D('',#5079,#5080,#5081);
#2536=EDGE_LOOP('',(#5082,#5083,#5084,#5085));
#2537=AXIS2_PLACEMENT_3D('',#5086,#5087,#5088);
#2538=EDGE_LOOP('',(#5089,#5090,#5091,#5092));
#2539=AXIS2_PLACEMENT_3D('',#5093,#5094,#5095);
#2540=EDGE_LOOP('',(#5096,#5097,#5098,#5099,#5100,#5101));
#2541=AXIS2_PLACEMENT_3D('',#5102,#5103,#5104);
#2542=EDGE_LOOP('',(#5105,#5106,#5107,#5108));
#2543=AXIS2_PLACEMENT_3D('',#5109,#5110,#5111);
#2544=EDGE_LOOP('',(#5112,#5113,#5114,#5115));
#2545=AXIS2_PLACEMENT_3D('',#5116,#5117,#5118);
#2546=EDGE_LOOP('',(#5119,#5120,#5121,#5122));
#2547=AXIS2_PLACEMENT_3D('',#5123,#5124,#5125);
#2548=EDGE_LOOP('',(#5126,#5127,#5128,#5129,#5130,#5131,#5132,#5133,#5134,#5135,#5136,#5137,#5138,#5139,#5140,#5141,#5142,#5143,#5144,#5145,#5146,#5147,#5148,#5149,#5150,#5151,#5152,#5153,#5154,#5155,#5156,#5157,#5158,#5159,#5160,#5161));
#2549=AXIS2_PLACEMENT_3D('',#5162,#5163,#5164);
#2550=EDGE_LOOP('',(#5165,#5166,#5167,#5168,#5169,#5170));
#2551=AXIS2_PLACEMENT_3D('',#5171,#5172,#5173);
#2552=EDGE_LOOP('',(#5174,#5175,#5176,#5177));
#2553=AXIS2_PLACEMENT_3D('',#5178,#5179,#5180);
#2554=EDGE_LOOP('',(#5181,#5182,#5183,#5184));
#2555=AXIS2_PLACEMENT_3D('',#5185,#5186,#5187);
#2556=EDGE_LOOP('',(#5188,#5189,#5190,#5191));
#2557=AXIS2_PLACEMENT_3D('',#5192,#5193,#5194);
#2558=EDGE_LOOP('',(#5195,#5196,#5197,#5198,#5199,#5200));
#2559=AXIS2_PLACEMENT_3D('',#5201,#5202,#5203);
#2560=EDGE_LOOP('',(#5204,#5205,#5206,#5207));
#2561=AXIS2_PLACEMENT_3D('',#5208,#5209,#5210);
#2562=EDGE_LOOP('',(#5211,#5212,#5213,#5214));
#2563=AXIS2_PLACEMENT_3D('',#5215,#5216,#5217);
#2564=EDGE_LOOP('',(#5218,#5219,#5220,#5221));
#2565=AXIS2_PLACEMENT_3D('',#5222,#5223,#5224);
#2566=EDGE_LOOP('',(#5225,#5226,#5227,#5228,#5229,#5230));
#2567=AXIS2_PLACEMENT_3D('',#5231,#5232,#5233);
#2568=EDGE_LOOP('',(#5234,#5235,#5236,#5237));
#2569=AXIS2_PLACEMENT_3D('',#5238,#5239,#5240);
#2570=EDGE_LOOP('',(#5241,#5242,#5243,#5244,#5245,#5246));
#2571=AXIS2_PLACEMENT_3D('',#5247,#5248,#5249);
#2572=EDGE_LOOP('',(#5250,#5251,#5252,#5253));
#2573=AXIS2_PLACEMENT_3D('',#5254,#5255,#5256);
#2574=EDGE_LOOP('',(#5257,#5258,#5259,#5260));
#2575=AXIS2_PLACEMENT_3D('',#5261,#5262,#5263);
#2576=EDGE_LOOP('',(#5264,#5265,#5266,#5267));
#2577=AXIS2_PLACEMENT_3D('',#5268,#5269,#5270);
#2578=EDGE_LOOP('',(#5271,#5272,#5273,#5274,#5275,#5276));
#2579=AXIS2_PLACEMENT_3D('',#5277,#5278,#5279);
#2580=EDGE_LOOP('',(#5280,#5281,#5282,#5283));
#2581=AXIS2_PLACEMENT_3D('',#5284,#5285,#5286);
#2582=EDGE_LOOP('',(#5287,#5288,#5289,#5290));
#2583=AXIS2_PLACEMENT_3D('',#5291,#5292,#5293);
#2584=EDGE_LOOP('',(#5294,#5295,#5296,#5297));
#2585=AXIS2_PLACEMENT_3D('',#5298,#5299,#5300);
#2586=EDGE_LOOP('',(#5301,#5302,#5303,#5304,#5305,#5306));
#2587=AXIS2_PLACEMENT_3D('',#5307,#5308,#5309);
#2588=EDGE_LOOP('',(#5310,#5311,#5312,#5313));
#2589=AXIS2_PLACEMENT_3D('',#5314,#5315,#5316);
#2590=EDGE_LOOP('',(#5317,#5318,#5319,#5320));
#2591=AXIS2_PLACEMENT_3D('',#5321,#5322,#5323);
#2592=EDGE_LOOP('',(#5324,#5325,#5326,#5327));
#2593=AXIS2_PLACEMENT_3D('',#5328,#5329,#5330);
#2594=EDGE_LOOP('',(#5331,#5332,#5333,#5334,#5335,#5336));
#2595=AXIS2_PLACEMENT_3D('',#5337,#5338,#5339);
#2596=EDGE_LOOP('',(#5340,#5341,#5342,#5343));
#2597=AXIS2_PLACEMENT_3D('',#5344,#5345,#5346);
#2598=EDGE_LOOP('',(#5347,#5348,#5349,#5350,#5351,#5352));
#2599=AXIS2_PLACEMENT_3D('',#5353,#5354,#5355);
#2600=EDGE_LOOP('',(#5356,#5357,#5358,#5359));
#2601=AXIS2_PLACEMENT_3D('',#5360,#5361,#5362);
#2602=EDGE_LOOP('',(#5363,#5364,#5365,#5366));
#2603=AXIS2_PLACEMENT_3D('',#5367,#5368,#5369);
#2604=EDGE_LOOP('',(#5370,#5371,#5372,#5373));
#2605=AXIS2_PLACEMENT_3D('',#5374,#5375,#5376);
#2606=EDGE_LOOP('',(#5377,#5378,#5379,#5380));
#2607=AXIS2_PLACEMENT_3D('',#5381,#5382,#5383);
#2608=EDGE_LOOP('',(#5384,#5385,#5386,#5387));
#2609=AXIS2_PLACEMENT_3D('',#5388,#5389,#5390);
#2610=EDGE_LOOP('',(#5391,#5392,#5393,#5394));
#2611=AXIS2_PLACEMENT_3D('',#5395,#5396,#5397);
#2612=EDGE_LOOP('',(#5398,#5399,#5400,#5401,#5402));
#2613=EDGE_LOOP('',(#5403,#5404,#5405,#5406));
#2614=AXIS2_PLACEMENT_3D('',#5407,#5408,#5409);
#2615=EDGE_LOOP('',(#5410,#5411,#5412,#5413,#5414));
#2616=EDGE_LOOP('',(#5415,#5416,#5417,#5418));
#2617=AXIS2_PLACEMENT_3D('',#5419,#5420,#5421);
#2618=EDGE_LOOP('',(#5422,#5423,#5424,#5425,#5426));
#2619=EDGE_LOOP('',(#5427,#5428,#5429,#5430));
#2620=AXIS2_PLACEMENT_3D('',#5431,#5432,#5433);
#2621=EDGE_LOOP('',(#5434,#5435,#5436,#5437,#5438));
#2622=EDGE_LOOP('',(#5439,#5440,#5441,#5442));
#2623=AXIS2_PLACEMENT_3D('',#5443,#5444,#5445);
#2624=EDGE_LOOP('',(#5446,#5447,#5448,#5449,#5450));
#2625=EDGE_LOOP('',(#5451,#5452,#5453,#5454));
#2626=AXIS2_PLACEMENT_3D('',#5455,#5456,#5457);
#2627=EDGE_LOOP('',(#5458,#5459,#5460,#5461,#5462));
#2628=EDGE_LOOP('',(#5463,#5464,#5465,#5466));
#2629=AXIS2_PLACEMENT_3D('',#5467,#5468,#5469);
#2630=EDGE_LOOP('',(#5470,#5471,#5472,#5473,#5474));
#2631=EDGE_LOOP('',(#5475,#5476,#5477,#5478));
#2632=AXIS2_PLACEMENT_3D('',#5479,#5480,#5481);
#2633=EDGE_LOOP('',(#5482,#5483,#5484,#5485,#5486));
#2634=EDGE_LOOP('',(#5487,#5488,#5489,#5490));
#2635=AXIS2_PLACEMENT_3D('',#5491,#5492,#5493);
#2636=EDGE_LOOP('',(#5494,#5495,#5496,#5497,#5498));
#2637=EDGE_LOOP('',(#5499,#5500,#5501,#5502));
#2638=AXIS2_PLACEMENT_3D('',#5503,#5504,#5505);
#2639=EDGE_LOOP('',(#5506,#5507,#5508,#5509,#5510));
#2640=EDGE_LOOP('',(#5511,#5512,#5513,#5514));
#2641=AXIS2_PLACEMENT_3D('',#5515,#5516,#5517);
#2642=EDGE_LOOP('',(#5518,#5519,#5520,#5521));
#2643=EDGE_LOOP('',(#5522,#5523,#5524,#5525));
#2644=AXIS2_PLACEMENT_3D('',#5526,#5527,#5528);
#2645=EDGE_LOOP('',(#5529,#5530,#5531,#5532,#5533));
#2646=EDGE_LOOP('',(#5534,#5535,#5536,#5537));
#2647=AXIS2_PLACEMENT_3D('',#5538,#5539,#5540);
#2648=EDGE_LOOP('',(#5541,#5542,#5543,#5544,#5545));
#2649=EDGE_LOOP('',(#5546,#5547,#5548,#5549));
#2650=AXIS2_PLACEMENT_3D('',#5550,#5551,#5552);
#2651=EDGE_LOOP('',(#5553,#5554,#5555,#5556,#5557));
#2652=EDGE_LOOP('',(#5558,#5559,#5560,#5561));
#2653=AXIS2_PLACEMENT_3D('',#5562,#5563,#5564);
#2654=EDGE_LOOP('',(#5565,#5566,#5567,#5568,#5569));
#2655=EDGE_LOOP('',(#5570,#5571,#5572,#5573));
#2656=AXIS2_PLACEMENT_3D('',#5574,#5575,#5576);
#2657=EDGE_LOOP('',(#5577,#5578,#5579,#5580,#5581));
#2658=EDGE_LOOP('',(#5582,#5583,#5584,#5585));
#2659=AXIS2_PLACEMENT_3D('',#5586,#5587,#5588);
#2660=EDGE_LOOP('',(#5589,#5590,#5591,#5592));
#2661=AXIS2_PLACEMENT_3D('',#5593,#5594,#5595);
#2662=EDGE_LOOP('',(#5596,#5597,#5598,#5599,#5600,#5601,#5602,#5603));
#2663=EDGE_LOOP('',(#5604,#5605,#5606,#5607,#5608));
#2664=EDGE_LOOP('',(#5609,#5610,#5611,#5612,#5613));
#2665=EDGE_LOOP('',(#5614,#5615,#5616,#5617,#5618));
#2666=EDGE_LOOP('',(#5619,#5620,#5621,#5622,#5623));
#2667=EDGE_LOOP('',(#5624,#5625,#5626,#5627,#5628));
#2668=EDGE_LOOP('',(#5629,#5630,#5631,#5632,#5633));
#2669=EDGE_LOOP('',(#5634,#5635,#5636,#5637,#5638));
#2670=EDGE_LOOP('',(#5639,#5640,#5641,#5642,#5643));
#2671=EDGE_LOOP('',(#5644,#5645,#5646,#5647,#5648));
#2672=EDGE_LOOP('',(#5649,#5650,#5651,#5652,#5653));
#2673=EDGE_LOOP('',(#5654,#5655,#5656,#5657,#5658));
#2674=EDGE_LOOP('',(#5659,#5660,#5661,#5662));
#2675=EDGE_LOOP('',(#5663,#5664,#5665,#5666,#5667));
#2676=EDGE_LOOP('',(#5668,#5669,#5670,#5671,#5672));
#2677=EDGE_LOOP('',(#5673,#5674,#5675,#5676,#5677));
#2678=EDGE_LOOP('',(#5678,#5679,#5680,#5681,#5682));
#2679=AXIS2_PLACEMENT_3D('',#5683,#5684,#5685);
#2680=EDGE_LOOP('',(#5686,#5687,#5688,#5689));
#2681=AXIS2_PLACEMENT_3D('',#5690,#5691,#5692);
#2682=EDGE_LOOP('',(#5693,#5694,#5695,#5696));
#2683=AXIS2_PLACEMENT_3D('',#5697,#5698,#5699);
#2684=EDGE_LOOP('',(#5700,#5701,#5702,#5703));
#2685=AXIS2_PLACEMENT_3D('',#5704,#5705,#5706);
#2686=EDGE_LOOP('',(#5707,#5708,#5709,#5710));
#2687=AXIS2_PLACEMENT_3D('',#5711,#5712,#5713);
#2688=EDGE_LOOP('',(#5714,#5715,#5716,#5717));
#2689=AXIS2_PLACEMENT_3D('',#5718,#5719,#5720);
#2690=EDGE_LOOP('',(#5721,#5722,#5723,#5724));
#2691=AXIS2_PLACEMENT_3D('',#5725,#5726,#5727);
#2692=EDGE_LOOP('',(#5728,#5729,#5730,#5731));
#2693=AXIS2_PLACEMENT_3D('',#5732,#5733,#5734);
#2694=EDGE_LOOP('',(#5735,#5736,#5737,#5738));
#2695=AXIS2_PLACEMENT_3D('',#5739,#5740,#5741);
#2696=EDGE_LOOP('',(#5742,#5743,#5744,#5745));
#2697=AXIS2_PLACEMENT_3D('',#5746,#5747,#5748);
#2698=EDGE_LOOP('',(#5749,#5750,#5751,#5752));
#2699=AXIS2_PLACEMENT_3D('',#5753,#5754,#5755);
#2700=EDGE_LOOP('',(#5756,#5757,#5758,#5759));
#2701=AXIS2_PLACEMENT_3D('',#5760,#5761,#5762);
#2702=EDGE_LOOP('',(#5763,#5764,#5765,#5766));
#2703=AXIS2_PLACEMENT_3D('',#5767,#5768,#5769);
#2704=EDGE_LOOP('',(#5770,#5771,#5772,#5773));
#2705=AXIS2_PLACEMENT_3D('',#5774,#5775,#5776);
#2706=EDGE_LOOP('',(#5777,#5778,#5779,#5780));
#2707=AXIS2_PLACEMENT_3D('',#5781,#5782,#5783);
#2708=EDGE_LOOP('',(#5784,#5785,#5786,#5787));
#2709=AXIS2_PLACEMENT_3D('',#5788,#5789,#5790);
#2710=EDGE_LOOP('',(#5791,#5792,#5793,#5794));
#2711=AXIS2_PLACEMENT_3D('',#5795,#5796,#5797);
#2712=EDGE_LOOP('',(#5798,#5799,#5800,#5801));
#2713=AXIS2_PLACEMENT_3D('',#5802,#5803,#5804);
#2714=EDGE_LOOP('',(#5805,#5806,#5807,#5808));
#2715=AXIS2_PLACEMENT_3D('',#5809,#5810,#5811);
#2716=EDGE_LOOP('',(#5812,#5813,#5814,#5815));
#2717=AXIS2_PLACEMENT_3D('',#5816,#5817,#5818);
#2718=EDGE_LOOP('',(#5819,#5820,#5821,#5822));
#2719=AXIS2_PLACEMENT_3D('',#5823,#5824,#5825);
#2720=EDGE_LOOP('',(#5826,#5827,#5828,#5829));
#2721=AXIS2_PLACEMENT_3D('',#5830,#5831,#5832);
#2722=EDGE_LOOP('',(#5833,#5834,#5835,#5836));
#2723=AXIS2_PLACEMENT_3D('',#5837,#5838,#5839);
#2724=EDGE_LOOP('',(#5840,#5841,#5842,#5843));
#2725=AXIS2_PLACEMENT_3D('',#5844,#5845,#5846);
#2726=EDGE_LOOP('',(#5847,#5848,#5849,#5850));
#2727=AXIS2_PLACEMENT_3D('',#5851,#5852,#5853);
#2728=EDGE_LOOP('',(#5854,#5855,#5856,#5857));
#2729=AXIS2_PLACEMENT_3D('',#5858,#5859,#5860);
#2730=EDGE_LOOP('',(#5861,#5862,#5863,#5864));
#2731=AXIS2_PLACEMENT_3D('',#5865,#5866,#5867);
#2732=EDGE_LOOP('',(#5868,#5869,#5870,#5871));
#2733=AXIS2_PLACEMENT_3D('',#5872,#5873,#5874);
#2734=EDGE_LOOP('',(#5875,#5876,#5877,#5878));
#2735=AXIS2_PLACEMENT_3D('',#5879,#5880,#5881);
#2736=EDGE_LOOP('',(#5882,#5883,#5884,#5885));
#2737=AXIS2_PLACEMENT_3D('',#5886,#5887,#5888);
#2738=EDGE_LOOP('',(#5889,#5890,#5891,#5892));
#2739=AXIS2_PLACEMENT_3D('',#5893,#5894,#5895);
#2740=EDGE_LOOP('',(#5896,#5897,#5898,#5899));
#2741=AXIS2_PLACEMENT_3D('',#5900,#5901,#5902);
#2742=EDGE_LOOP('',(#5903,#5904,#5905,#5906));
#2743=AXIS2_PLACEMENT_3D('',#5907,#5908,#5909);
#2744=EDGE_LOOP('',(#5910,#5911,#5912,#5913));
#2745=AXIS2_PLACEMENT_3D('',#5914,#5915,#5916);
#2746=EDGE_LOOP('',(#5917,#5918,#5919,#5920));
#2747=AXIS2_PLACEMENT_3D('',#5921,#5922,#5923);
#2748=EDGE_LOOP('',(#5924,#5925,#5926,#5927));
#2749=AXIS2_PLACEMENT_3D('',#5928,#5929,#5930);
#2750=EDGE_LOOP('',(#5931,#5932,#5933,#5934));
#2751=AXIS2_PLACEMENT_3D('',#5935,#5936,#5937);
#2752=EDGE_LOOP('',(#5938,#5939,#5940,#5941));
#2753=AXIS2_PLACEMENT_3D('',#5942,#5943,#5944);
#2754=EDGE_LOOP('',(#5945,#5946,#5947,#5948));
#2755=AXIS2_PLACEMENT_3D('',#5949,#5950,#5951);
#2756=EDGE_LOOP('',(#5952,#5953,#5954,#5955));
#2757=AXIS2_PLACEMENT_3D('',#5956,#5957,#5958);
#2758=EDGE_LOOP('',(#5959,#5960,#5961,#5962));
#2759=AXIS2_PLACEMENT_3D('',#5963,#5964,#5965);
#2760=EDGE_LOOP('',(#5966,#5967,#5968,#5969));
#2761=AXIS2_PLACEMENT_3D('',#5970,#5971,#5972);
#2762=EDGE_LOOP('',(#5973,#5974,#5975,#5976));
#2763=AXIS2_PLACEMENT_3D('',#5977,#5978,#5979);
#2764=EDGE_LOOP('',(#5980,#5981,#5982,#5983));
#2765=AXIS2_PLACEMENT_3D('',#5984,#5985,#5986);
#2766=EDGE_LOOP('',(#5987,#5988,#5989,#5990));
#2767=AXIS2_PLACEMENT_3D('',#5991,#5992,#5993);
#2768=EDGE_LOOP('',(#5994,#5995,#5996,#5997));
#2769=AXIS2_PLACEMENT_3D('',#5998,#5999,#6000);
#2770=EDGE_LOOP('',(#6001,#6002,#6003,#6004));
#2771=AXIS2_PLACEMENT_3D('',#6005,#6006,#6007);
#2772=EDGE_LOOP('',(#6008,#6009,#6010,#6011));
#2773=AXIS2_PLACEMENT_3D('',#6012,#6013,#6014);
#2774=EDGE_LOOP('',(#6015,#6016,#6017,#6018));
#2775=AXIS2_PLACEMENT_3D('',#6019,#6020,#6021);
#2776=EDGE_LOOP('',(#6022,#6023,#6024,#6025));
#2777=AXIS2_PLACEMENT_3D('',#6026,#6027,#6028);
#2778=EDGE_LOOP('',(#6029,#6030,#6031,#6032));
#2779=AXIS2_PLACEMENT_3D('',#6033,#6034,#6035);
#2780=EDGE_LOOP('',(#6036,#6037,#6038,#6039));
#2781=AXIS2_PLACEMENT_3D('',#6040,#6041,#6042);
#2782=EDGE_LOOP('',(#6043,#6044,#6045,#6046));
#2783=AXIS2_PLACEMENT_3D('',#6047,#6048,#6049);
#2784=EDGE_LOOP('',(#6050,#6051,#6052,#6053));
#2785=AXIS2_PLACEMENT_3D('',#6054,#6055,#6056);
#2786=EDGE_LOOP('',(#6057,#6058,#6059,#6060));
#2787=AXIS2_PLACEMENT_3D('',#6061,#6062,#6063);
#2788=EDGE_LOOP('',(#6064,#6065,#6066,#6067));
#2789=AXIS2_PLACEMENT_3D('',#6068,#6069,#6070);
#2790=EDGE_LOOP('',(#6071,#6072,#6073,#6074));
#2791=AXIS2_PLACEMENT_3D('',#6075,#6076,#6077);
#2792=EDGE_LOOP('',(#6078,#6079,#6080,#6081));
#2793=AXIS2_PLACEMENT_3D('',#6082,#6083,#6084);
#2794=EDGE_LOOP('',(#6085,#6086,#6087,#6088));
#2795=AXIS2_PLACEMENT_3D('',#6089,#6090,#6091);
#2796=EDGE_LOOP('',(#6092,#6093,#6094,#6095));
#2797=AXIS2_PLACEMENT_3D('',#6096,#6097,#6098);
#2798=EDGE_LOOP('',(#6099,#6100,#6101,#6102));
#2799=AXIS2_PLACEMENT_3D('',#6103,#6104,#6105);
#2800=EDGE_LOOP('',(#6106,#6107,#6108,#6109));
#2801=AXIS2_PLACEMENT_3D('',#6110,#6111,#6112);
#2802=EDGE_LOOP('',(#6113,#6114,#6115,#6116));
#2803=AXIS2_PLACEMENT_3D('',#6117,#6118,#6119);
#2804=EDGE_LOOP('',(#6120,#6121,#6122,#6123));
#2805=AXIS2_PLACEMENT_3D('',#6124,#6125,#6126);
#2806=EDGE_LOOP('',(#6127,#6128,#6129,#6130));
#2807=AXIS2_PLACEMENT_3D('',#6131,#6132,#6133);
#2808=EDGE_LOOP('',(#6134,#6135,#6136,#6137));
#2809=AXIS2_PLACEMENT_3D('',#6138,#6139,#6140);
#2810=EDGE_LOOP('',(#6141,#6142,#6143,#6144));
#2811=AXIS2_PLACEMENT_3D('',#6145,#6146,#6147);
#2812=EDGE_LOOP('',(#6148,#6149,#6150,#6151));
#2813=AXIS2_PLACEMENT_3D('',#6152,#6153,#6154);
#2814=EDGE_LOOP('',(#6155,#6156,#6157,#6158));
#2815=AXIS2_PLACEMENT_3D('',#6159,#6160,#6161);
#2816=EDGE_LOOP('',(#6162,#6163,#6164,#6165));
#2817=AXIS2_PLACEMENT_3D('',#6166,#6167,#6168);
#2818=EDGE_LOOP('',(#6169,#6170,#6171,#6172));
#2819=AXIS2_PLACEMENT_3D('',#6173,#6174,#6175);
#2820=EDGE_LOOP('',(#6176,#6177,#6178,#6179));
#2821=AXIS2_PLACEMENT_3D('',#6180,#6181,#6182);
#2822=EDGE_LOOP('',(#6183,#6184,#6185,#6186));
#2823=AXIS2_PLACEMENT_3D('',#6187,#6188,#6189);
#2824=EDGE_LOOP('',(#6190,#6191,#6192,#6193));
#2825=AXIS2_PLACEMENT_3D('',#6194,#6195,#6196);
#2826=EDGE_LOOP('',(#6197,#6198,#6199,#6200));
#2827=AXIS2_PLACEMENT_3D('',#6201,#6202,#6203);
#2828=EDGE_LOOP('',(#6204,#6205,#6206,#6207));
#2829=AXIS2_PLACEMENT_3D('',#6208,#6209,#6210);
#2830=EDGE_LOOP('',(#6211,#6212,#6213,#6214));
#2831=AXIS2_PLACEMENT_3D('',#6215,#6216,#6217);
#2832=EDGE_LOOP('',(#6218,#6219,#6220,#6221));
#2833=AXIS2_PLACEMENT_3D('',#6222,#6223,#6224);
#2834=EDGE_LOOP('',(#6225,#6226,#6227,#6228));
#2835=AXIS2_PLACEMENT_3D('',#6229,#6230,#6231);
#2836=EDGE_LOOP('',(#6232,#6233,#6234,#6235));
#2837=AXIS2_PLACEMENT_3D('',#6236,#6237,#6238);
#2838=EDGE_LOOP('',(#6239,#6240,#6241,#6242));
#2839=AXIS2_PLACEMENT_3D('',#6243,#6244,#6245);
#2840=EDGE_LOOP('',(#6246,#6247,#6248,#6249));
#2841=AXIS2_PLACEMENT_3D('',#6250,#6251,#6252);
#2842=EDGE_LOOP('',(#6253,#6254,#6255,#6256,#6257,#6258));
#2843=AXIS2_PLACEMENT_3D('',#6259,#6260,#6261);
#2844=EDGE_LOOP('',(#6262,#6263,#6264,#6265));
#2845=AXIS2_PLACEMENT_3D('',#6266,#6267,#6268);
#2846=EDGE_LOOP('',(#6269,#6270,#6271,#6272,#6273,#6274));
#2847=AXIS2_PLACEMENT_3D('',#6275,#6276,#6277);
#2848=EDGE_LOOP('',(#6278,#6279,#6280,#6281));
#2849=AXIS2_PLACEMENT_3D('',#6282,#6283,#6284);
#2850=EDGE_LOOP('',(#6285,#6286,#6287,#6288));
#2851=AXIS2_PLACEMENT_3D('',#6289,#6290,#6291);
#2852=EDGE_LOOP('',(#6292,#6293,#6294,#6295));
#2853=AXIS2_PLACEMENT_3D('',#6296,#6297,#6298);
#2854=EDGE_LOOP('',(#6299,#6300,#6301,#6302));
#2855=AXIS2_PLACEMENT_3D('',#6303,#6304,#6305);
#2856=EDGE_LOOP('',(#6306,#6307,#6308,#6309,#6310,#6311));
#2857=AXIS2_PLACEMENT_3D('',#6312,#6313,#6314);
#2858=EDGE_LOOP('',(#6315,#6316,#6317,#6318));
#2859=AXIS2_PLACEMENT_3D('',#6319,#6320,#6321);
#2860=EDGE_LOOP('',(#6322,#6323,#6324,#6325));
#2861=AXIS2_PLACEMENT_3D('',#6326,#6327,#6328);
#2862=EDGE_LOOP('',(#6329,#6330,#6331,#6332,#6333,#6334));
#2863=AXIS2_PLACEMENT_3D('',#6335,#6336,#6337);
#2864=EDGE_LOOP('',(#6338,#6339,#6340,#6341));
#2865=AXIS2_PLACEMENT_3D('',#6342,#6343,#6344);
#2866=EDGE_LOOP('',(#6345,#6346,#6347,#6348));
#2867=AXIS2_PLACEMENT_3D('',#6349,#6350,#6351);
#2868=EDGE_LOOP('',(#6352,#6353,#6354,#6355));
#2869=AXIS2_PLACEMENT_3D('',#6356,#6357,#6358);
#2870=EDGE_LOOP('',(#6359,#6360,#6361,#6362,#6363,#6364));
#2871=AXIS2_PLACEMENT_3D('',#6365,#6366,#6367);
#2872=EDGE_LOOP('',(#6368,#6369,#6370,#6371));
#2873=AXIS2_PLACEMENT_3D('',#6372,#6373,#6374);
#2874=EDGE_LOOP('',(#6375,#6376,#6377,#6378,#6379,#6380));
#2875=AXIS2_PLACEMENT_3D('',#6381,#6382,#6383);
#2876=EDGE_LOOP('',(#6384,#6385,#6386,#6387));
#2877=AXIS2_PLACEMENT_3D('',#6388,#6389,#6390);
#2878=EDGE_LOOP('',(#6391,#6392,#6393,#6394));
#2879=AXIS2_PLACEMENT_3D('',#6395,#6396,#6397);
#2880=EDGE_LOOP('',(#6398,#6399,#6400,#6401));
#2881=AXIS2_PLACEMENT_3D('',#6402,#6403,#6404);
#2882=EDGE_LOOP('',(#6405,#6406,#6407,#6408));
#2883=AXIS2_PLACEMENT_3D('',#6409,#6410,#6411);
#2884=EDGE_LOOP('',(#6412,#6413,#6414,#6415));
#2885=AXIS2_PLACEMENT_3D('',#6416,#6417,#6418);
#2886=EDGE_LOOP('',(#6419,#6420,#6421,#6422));
#2887=AXIS2_PLACEMENT_3D('',#6423,#6424,#6425);
#2888=EDGE_LOOP('',(#6426,#6427,#6428,#6429));
#2889=AXIS2_PLACEMENT_3D('',#6430,#6431,#6432);
#2890=EDGE_LOOP('',(#6433,#6434,#6435,#6436));
#2891=AXIS2_PLACEMENT_3D('',#6437,#6438,#6439);
#2892=EDGE_LOOP('',(#6440,#6441,#6442,#6443));
#2893=AXIS2_PLACEMENT_3D('',#6444,#6445,#6446);
#2894=EDGE_LOOP('',(#6447,#6448,#6449,#6450));
#2895=AXIS2_PLACEMENT_3D('',#6451,#6452,#6453);
#2896=EDGE_LOOP('',(#6454,#6455,#6456,#6457));
#2897=AXIS2_PLACEMENT_3D('',#6458,#6459,#6460);
#2898=EDGE_LOOP('',(#6461,#6462,#6463,#6464));
#2899=AXIS2_PLACEMENT_3D('',#6465,#6466,#6467);
#2900=EDGE_LOOP('',(#6468,#6469,#6470,#6471));
#2901=AXIS2_PLACEMENT_3D('',#6472,#6473,#6474);
#2902=EDGE_LOOP('',(#6475,#6476,#6477,#6478));
#2903=AXIS2_PLACEMENT_3D('',#6479,#6480,#6481);
#2904=EDGE_LOOP('',(#6482,#6483,#6484,#6485));
#2905=AXIS2_PLACEMENT_3D('',#6486,#6487,#6488);
#2906=EDGE_LOOP('',(#6489,#6490,#6491,#6492));
#2907=AXIS2_PLACEMENT_3D('',#6493,#6494,#6495);
#2908=EDGE_LOOP('',(#6496,#6497,#6498,#6499));
#2909=AXIS2_PLACEMENT_3D('',#6500,#6501,#6502);
#2910=EDGE_LOOP('',(#6503,#6504,#6505,#6506));
#2911=AXIS2_PLACEMENT_3D('',#6507,#6508,#6509);
#2912=EDGE_LOOP('',(#6510,#6511,#6512,#6513));
#2913=AXIS2_PLACEMENT_3D('',#6514,#6515,#6516);
#2914=EDGE_LOOP('',(#6517,#6518,#6519,#6520,#6521,#6522));
#2915=AXIS2_PLACEMENT_3D('',#6523,#6524,#6525);
#2916=EDGE_LOOP('',(#6526,#6527,#6528,#6529));
#2917=AXIS2_PLACEMENT_3D('',#6530,#6531,#6532);
#2918=EDGE_LOOP('',(#6533,#6534,#6535,#6536));
#2919=AXIS2_PLACEMENT_3D('',#6537,#6538,#6539);
#2920=EDGE_LOOP('',(#6540,#6541,#6542,#6543));
#2921=AXIS2_PLACEMENT_3D('',#6544,#6545,#6546);
#2922=EDGE_LOOP('',(#6547,#6548,#6549,#6550));
#2923=AXIS2_PLACEMENT_3D('',#6551,#6552,#6553);
#2924=EDGE_LOOP('',(#6554,#6555,#6556,#6557));
#2925=AXIS2_PLACEMENT_3D('',#6558,#6559,#6560);
#2926=EDGE_LOOP('',(#6561,#6562,#6563,#6564));
#2927=AXIS2_PLACEMENT_3D('',#6565,#6566,#6567);
#2928=EDGE_LOOP('',(#6568,#6569,#6570,#6571));
#2929=AXIS2_PLACEMENT_3D('',#6572,#6573,#6574);
#2930=EDGE_LOOP('',(#6575,#6576,#6577,#6578));
#2931=AXIS2_PLACEMENT_3D('',#6579,#6580,#6581);
#2932=EDGE_LOOP('',(#6582,#6583,#6584,#6585));
#2933=AXIS2_PLACEMENT_3D('',#6586,#6587,#6588);
#2934=EDGE_LOOP('',(#6589,#6590,#6591,#6592));
#2935=AXIS2_PLACEMENT_3D('',#6593,#6594,#6595);
#2936=EDGE_LOOP('',(#6596,#6597,#6598,#6599));
#2937=AXIS2_PLACEMENT_3D('',#6600,#6601,#6602);
#2938=EDGE_LOOP('',(#6603,#6604,#6605,#6606));
#2939=AXIS2_PLACEMENT_3D('',#6607,#6608,#6609);
#2940=EDGE_LOOP('',(#6610,#6611,#6612,#6613));
#2941=AXIS2_PLACEMENT_3D('',#6614,#6615,#6616);
#2942=EDGE_LOOP('',(#6617,#6618,#6619,#6620,#6621,#6622));
#2943=AXIS2_PLACEMENT_3D('',#6623,#6624,#6625);
#2944=EDGE_LOOP('',(#6626,#6627,#6628,#6629));
#2945=AXIS2_PLACEMENT_3D('',#6630,#6631,#6632);
#2946=EDGE_LOOP('',(#6633,#6634,#6635,#6636,#6637,#6638));
#2947=AXIS2_PLACEMENT_3D('',#6639,#6640,#6641);
#2948=EDGE_LOOP('',(#6642,#6643,#6644,#6645));
#2949=AXIS2_PLACEMENT_3D('',#6646,#6647,#6648);
#2950=EDGE_LOOP('',(#6649,#6650,#6651,#6652));
#2951=AXIS2_PLACEMENT_3D('',#6653,#6654,#6655);
#2952=EDGE_LOOP('',(#6656,#6657,#6658,#6659));
#2953=AXIS2_PLACEMENT_3D('',#6660,#6661,#6662);
#2954=EDGE_LOOP('',(#6663,#6664,#6665,#6666));
#2955=AXIS2_PLACEMENT_3D('',#6667,#6668,#6669);
#2956=EDGE_LOOP('',(#6670,#6671,#6672,#6673));
#2957=AXIS2_PLACEMENT_3D('',#6674,#6675,#6676);
#2958=EDGE_LOOP('',(#6677,#6678,#6679,#6680,#6681,#6682));
#2959=AXIS2_PLACEMENT_3D('',#6683,#6684,#6685);
#2960=EDGE_LOOP('',(#6686,#6687,#6688,#6689));
#2961=AXIS2_PLACEMENT_3D('',#6690,#6691,#6692);
#2962=EDGE_LOOP('',(#6693,#6694,#6695,#6696));
#2963=AXIS2_PLACEMENT_3D('',#6697,#6698,#6699);
#2964=EDGE_LOOP('',(#6700,#6701,#6702,#6703));
#2965=AXIS2_PLACEMENT_3D('',#6704,#6705,#6706);
#2966=EDGE_LOOP('',(#6707,#6708,#6709,#6710));
#2967=AXIS2_PLACEMENT_3D('',#6711,#6712,#6713);
#2968=EDGE_LOOP('',(#6714,#6715,#6716,#6717));
#2969=AXIS2_PLACEMENT_3D('',#6718,#6719,#6720);
#2970=EDGE_LOOP('',(#6721,#6722,#6723,#6724));
#2971=AXIS2_PLACEMENT_3D('',#6725,#6726,#6727);
#2972=EDGE_LOOP('',(#6728,#6729,#6730,#6731));
#2973=AXIS2_PLACEMENT_3D('',#6732,#6733,#6734);
#2974=EDGE_LOOP('',(#6735,#6736,#6737,#6738));
#2975=AXIS2_PLACEMENT_3D('',#6739,#6740,#6741);
#2976=EDGE_LOOP('',(#6742,#6743,#6744,#6745));
#2977=AXIS2_PLACEMENT_3D('',#6746,#6747,#6748);
#2978=EDGE_LOOP('',(#6749,#6750,#6751,#6752));
#2979=AXIS2_PLACEMENT_3D('',#6753,#6754,#6755);
#2980=EDGE_LOOP('',(#6756,#6757,#6758,#6759));
#2981=AXIS2_PLACEMENT_3D('',#6760,#6761,#6762);
#2982=EDGE_LOOP('',(#6763,#6764,#6765,#6766,#6767,#6768));
#2983=AXIS2_PLACEMENT_3D('',#6769,#6770,#6771);
#2984=EDGE_LOOP('',(#6772,#6773,#6774,#6775));
#2985=AXIS2_PLACEMENT_3D('',#6776,#6777,#6778);
#2986=EDGE_LOOP('',(#6779,#6780,#6781,#6782,#6783,#6784));
#2987=AXIS2_PLACEMENT_3D('',#6785,#6786,#6787);
#2988=EDGE_LOOP('',(#6788,#6789,#6790,#6791));
#2989=AXIS2_PLACEMENT_3D('',#6792,#6793,#6794);
#2990=EDGE_LOOP('',(#6795,#6796,#6797,#6798));
#2991=AXIS2_PLACEMENT_3D('',#6799,#6800,#6801);
#2992=EDGE_LOOP('',(#6802,#6803,#6804,#6805));
#2993=AXIS2_PLACEMENT_3D('',#6806,#6807,#6808);
#2994=EDGE_LOOP('',(#6809,#6810,#6811,#6812));
#2995=AXIS2_PLACEMENT_3D('',#6813,#6814,#6815);
#2996=EDGE_LOOP('',(#6816,#6817,#6818,#6819));
#2997=AXIS2_PLACEMENT_3D('',#6820,#6821,#6822);
#2998=EDGE_LOOP('',(#6823,#6824,#6825,#6826));
#2999=AXIS2_PLACEMENT_3D('',#6827,#6828,#6829);
#3000=EDGE_LOOP('',(#6830,#6831,#6832,#6833));
#3001=AXIS2_PLACEMENT_3D('',#6834,#6835,#6836);
#3002=EDGE_LOOP('',(#6837,#6838,#6839,#6840));
#3003=AXIS2_PLACEMENT_3D('',#6841,#6842,#6843);
#3004=EDGE_LOOP('',(#6844,#6845,#6846,#6847));
#3005=AXIS2_PLACEMENT_3D('',#6848,#6849,#6850);
#3006=EDGE_LOOP('',(#6851,#6852,#6853,#6854));
#3007=AXIS2_PLACEMENT_3D('',#6855,#6856,#6857);
#3008=EDGE_LOOP('',(#6858,#6859,#6860,#6861));
#3009=AXIS2_PLACEMENT_3D('',#6862,#6863,#6864);
#3010=EDGE_LOOP('',(#6865,#6866,#6867,#6868));
#3011=AXIS2_PLACEMENT_3D('',#6869,#6870,#6871);
#3012=EDGE_LOOP('',(#6872,#6873,#6874,#6875,#6876,#6877));
#3013=AXIS2_PLACEMENT_3D('',#6878,#6879,#6880);
#3014=EDGE_LOOP('',(#6881,#6882,#6883,#6884));
#3015=AXIS2_PLACEMENT_3D('',#6885,#6886,#6887);
#3016=EDGE_LOOP('',(#6888,#6889,#6890,#6891));
#3017=AXIS2_PLACEMENT_3D('',#6892,#6893,#6894);
#3018=EDGE_LOOP('',(#6895,#6896,#6897,#6898));
#3019=AXIS2_PLACEMENT_3D('',#6899,#6900,#6901);
#3020=EDGE_LOOP('',(#6902,#6903,#6904,#6905));
#3021=AXIS2_PLACEMENT_3D('',#6906,#6907,#6908);
#3022=EDGE_LOOP('',(#6909,#6910,#6911,#6912,#6913,#6914));
#3023=AXIS2_PLACEMENT_3D('',#6915,#6916,#6917);
#3024=EDGE_LOOP('',(#6918,#6919,#6920,#6921,#6922,#6923));
#3025=AXIS2_PLACEMENT_3D('',#6924,#6925,#6926);
#3026=EDGE_LOOP('',(#6927,#6928,#6929,#6930,#6931,#6932));
#3027=AXIS2_PLACEMENT_3D('',#6933,#6934,#6935);
#3028=EDGE_LOOP('',(#6936,#6937,#6938,#6939,#6940,#6941));
#3029=AXIS2_PLACEMENT_3D('',#6942,#6943,#6944);
#3030=EDGE_LOOP('',(#6945,#6946,#6947,#6948,#6949,#6950));
#3031=AXIS2_PLACEMENT_3D('',#6951,#6952,#6953);
#3032=EDGE_LOOP('',(#6954,#6955,#6956,#6957,#6958,#6959));
#3033=AXIS2_PLACEMENT_3D('',#6960,#6961,#6962);
#3034=EDGE_LOOP('',(#6963,#6964,#6965,#6966,#6967,#6968));
#3035=AXIS2_PLACEMENT_3D('',#6969,#6970,#6971);
#3036=EDGE_LOOP('',(#6972,#6973,#6974,#6975,#6976));
#3037=AXIS2_PLACEMENT_3D('',#6977,#6978,#6979);
#3038=EDGE_LOOP('',(#6980,#6981,#6982,#6983));
#3039=AXIS2_PLACEMENT_3D('',#6984,#6985,#6986);
#3040=EDGE_LOOP('',(#6987,#6988,#6989,#6990,#6991));
#3041=AXIS2_PLACEMENT_3D('',#6992,#6993,#6994);
#3042=EDGE_LOOP('',(#6995,#6996,#6997,#6998));
#3043=AXIS2_PLACEMENT_3D('',#6999,#7000,#7001);
#3044=EDGE_LOOP('',(#7002,#7003,#7004,#7005));
#3045=AXIS2_PLACEMENT_3D('',#7006,#7007,#7008);
#3046=EDGE_LOOP('',(#7009,#7010,#7011,#7012));
#3047=AXIS2_PLACEMENT_3D('',#7013,#7014,#7015);
#3048=EDGE_LOOP('',(#7016,#7017,#7018,#7019));
#3049=AXIS2_PLACEMENT_3D('',#7020,#7021,#7022);
#3050=EDGE_LOOP('',(#7023,#7024,#7025,#7026));
#3051=AXIS2_PLACEMENT_3D('',#7027,#7028,#7029);
#3052=EDGE_LOOP('',(#7030,#7031,#7032,#7033,#7034,#7035));
#3053=AXIS2_PLACEMENT_3D('',#7036,#7037,#7038);
#3054=EDGE_LOOP('',(#7039,#7040,#7041,#7042));
#3055=AXIS2_PLACEMENT_3D('',#7043,#7044,#7045);
#3056=EDGE_LOOP('',(#7046,#7047,#7048,#7049,#7050,#7051));
#3057=AXIS2_PLACEMENT_3D('',#7052,#7053,#7054);
#3058=EDGE_LOOP('',(#7055,#7056,#7057,#7058));
#3059=AXIS2_PLACEMENT_3D('',#7059,#7060,#7061);
#3060=EDGE_LOOP('',(#7062,#7063,#7064,#7065));
#3061=AXIS2_PLACEMENT_3D('',#7066,#7067,#7068);
#3062=EDGE_LOOP('',(#7069,#7070,#7071,#7072,#7073,#7074));
#3063=AXIS2_PLACEMENT_3D('',#7075,#7076,#7077);
#3064=EDGE_LOOP('',(#7078,#7079,#7080,#7081));
#3065=AXIS2_PLACEMENT_3D('',#7082,#7083,#7084);
#3066=EDGE_LOOP('',(#7085,#7086,#7087,#7088,#7089,#7090));
#3067=AXIS2_PLACEMENT_3D('',#7091,#7092,#7093);
#3068=EDGE_LOOP('',(#7094,#7095,#7096,#7097));
#3069=AXIS2_PLACEMENT_3D('',#7098,#7099,#7100);
#3070=EDGE_LOOP('',(#7101,#7102,#7103,#7104));
#3071=AXIS2_PLACEMENT_3D('',#7105,#7106,#7107);
#3072=EDGE_LOOP('',(#7108,#7109,#7110,#7111));
#3073=AXIS2_PLACEMENT_3D('',#7112,#7113,#7114);
#3074=EDGE_LOOP('',(#7115,#7116,#7117,#7118));
#3075=AXIS2_PLACEMENT_3D('',#7119,#7120,#7121);
#3076=EDGE_LOOP('',(#7122,#7123,#7124,#7125,#7126,#7127));
#3077=AXIS2_PLACEMENT_3D('',#7128,#7129,#7130);
#3078=EDGE_LOOP('',(#7131,#7132,#7133,#7134));
#3079=AXIS2_PLACEMENT_3D('',#7135,#7136,#7137);
#3080=EDGE_LOOP('',(#7138,#7139,#7140,#7141));
#3081=AXIS2_PLACEMENT_3D('',#7142,#7143,#7144);
#3082=EDGE_LOOP('',(#7145,#7146,#7147,#7148));
#3083=AXIS2_PLACEMENT_3D('',#7149,#7150,#7151);
#3084=EDGE_LOOP('',(#7152,#7153,#7154,#7155));
#3085=AXIS2_PLACEMENT_3D('',#7156,#7157,#7158);
#3086=EDGE_LOOP('',(#7159,#7160,#7161,#7162));
#3087=AXIS2_PLACEMENT_3D('',#7163,#7164,#7165);
#3088=EDGE_LOOP('',(#7166,#7167,#7168,#7169));
#3089=AXIS2_PLACEMENT_3D('',#7170,#7171,#7172);
#3090=EDGE_LOOP('',(#7173,#7174,#7175,#7176));
#3091=AXIS2_PLACEMENT_3D('',#7177,#7178,#7179);
#3092=EDGE_LOOP('',(#7180,#7181,#7182,#7183));
#3093=AXIS2_PLACEMENT_3D('',#7184,#7185,#7186);
#3094=EDGE_LOOP('',(#7187,#7188,#7189,#7190));
#3095=AXIS2_PLACEMENT_3D('',#7191,#7192,#7193);
#3096=EDGE_LOOP('',(#7194,#7195,#7196,#7197));
#3097=AXIS2_PLACEMENT_3D('',#7198,#7199,#7200);
#3098=EDGE_LOOP('',(#7201,#7202,#7203,#7204));
#3099=AXIS2_PLACEMENT_3D('',#7205,#7206,#7207);
#3100=EDGE_LOOP('',(#7208,#7209,#7210,#7211));
#3101=AXIS2_PLACEMENT_3D('',#7212,#7213,#7214);
#3102=EDGE_LOOP('',(#7215,#7216,#7217,#7218));
#3103=AXIS2_PLACEMENT_3D('',#7219,#7220,#7221);
#3104=EDGE_LOOP('',(#7222,#7223,#7224,#7225));
#3105=AXIS2_PLACEMENT_3D('',#7226,#7227,#7228);
#3106=EDGE_LOOP('',(#7229,#7230,#7231,#7232,#7233,#7234));
#3107=AXIS2_PLACEMENT_3D('',#7235,#7236,#7237);
#3108=EDGE_LOOP('',(#7238,#7239,#7240,#7241));
#3109=AXIS2_PLACEMENT_3D('',#7242,#7243,#7244);
#3110=EDGE_LOOP('',(#7245,#7246,#7247,#7248));
#3111=AXIS2_PLACEMENT_3D('',#7249,#7250,#7251);
#3112=EDGE_LOOP('',(#7252,#7253,#7254,#7255));
#3113=AXIS2_PLACEMENT_3D('',#7256,#7257,#7258);
#3114=EDGE_LOOP('',(#7259,#7260,#7261,#7262));
#3115=AXIS2_PLACEMENT_3D('',#7263,#7264,#7265);
#3116=EDGE_LOOP('',(#7266,#7267,#7268,#7269,#7270,#7271));
#3117=AXIS2_PLACEMENT_3D('',#7272,#7273,#7274);
#3118=EDGE_LOOP('',(#7275,#7276,#7277,#7278));
#3119=AXIS2_PLACEMENT_3D('',#7279,#7280,#7281);
#3120=EDGE_LOOP('',(#7282,#7283,#7284,#7285));
#3121=AXIS2_PLACEMENT_3D('',#7286,#7287,#7288);
#3122=EDGE_LOOP('',(#7289,#7290,#7291,#7292));
#3123=AXIS2_PLACEMENT_3D('',#7293,#7294,#7295);
#3124=EDGE_LOOP('',(#7296,#7297,#7298,#7299));
#3125=AXIS2_PLACEMENT_3D('',#7300,#7301,#7302);
#3126=EDGE_LOOP('',(#7303,#7304,#7305,#7306));
#3127=AXIS2_PLACEMENT_3D('',#7307,#7308,#7309);
#3128=EDGE_LOOP('',(#7310,#7311,#7312,#7313));
#3129=AXIS2_PLACEMENT_3D('',#7314,#7315,#7316);
#3130=EDGE_LOOP('',(#7317,#7318,#7319,#7320,#7321,#7322));
#3131=AXIS2_PLACEMENT_3D('',#7323,#7324,#7325);
#3132=EDGE_LOOP('',(#7326,#7327,#7328,#7329));
#3133=AXIS2_PLACEMENT_3D('',#7330,#7331,#7332);
#3134=EDGE_LOOP('',(#7333,#7334,#7335,#7336));
#3135=AXIS2_PLACEMENT_3D('',#7337,#7338,#7339);
#3136=EDGE_LOOP('',(#7340,#7341,#7342,#7343));
#3137=AXIS2_PLACEMENT_3D('',#7344,#7345,#7346);
#3138=EDGE_LOOP('',(#7347,#7348,#7349,#7350));
#3139=AXIS2_PLACEMENT_3D('',#7351,#7352,#7353);
#3140=EDGE_LOOP('',(#7354,#7355,#7356,#7357));
#3141=AXIS2_PLACEMENT_3D('',#7358,#7359,#7360);
#3142=EDGE_LOOP('',(#7361,#7362,#7363,#7364,#7365));
#3143=AXIS2_PLACEMENT_3D('',#7366,#7367,#7368);
#3144=EDGE_LOOP('',(#7369,#7370,#7371,#7372));
#3145=AXIS2_PLACEMENT_3D('',#7373,#7374,#7375);
#3146=EDGE_LOOP('',(#7376,#7377,#7378,#7379,#7380));
#3147=AXIS2_PLACEMENT_3D('',#7381,#7382,#7383);
#3148=EDGE_LOOP('',(#7384,#7385,#7386,#7387));
#3149=AXIS2_PLACEMENT_3D('',#7388,#7389,#7390);
#3150=EDGE_LOOP('',(#7391,#7392,#7393,#7394));
#3151=AXIS2_PLACEMENT_3D('',#7395,#7396,#7397);
#3152=EDGE_LOOP('',(#7398,#7399,#7400,#7401));
#3153=AXIS2_PLACEMENT_3D('',#7402,#7403,#7404);
#3154=EDGE_LOOP('',(#7405,#7406,#7407,#7408));
#3155=AXIS2_PLACEMENT_3D('',#7409,#7410,#7411);
#3156=EDGE_LOOP('',(#7412,#7413,#7414,#7415));
#3157=AXIS2_PLACEMENT_3D('',#7416,#7417,#7418);
#3158=EDGE_LOOP('',(#7419,#7420,#7421,#7422,#7423,#7424));
#3159=AXIS2_PLACEMENT_3D('',#7425,#7426,#7427);
#3160=EDGE_LOOP('',(#7428,#7429,#7430,#7431));
#3161=AXIS2_PLACEMENT_3D('',#7432,#7433,#7434);
#3162=EDGE_LOOP('',(#7435,#7436,#7437,#7438,#7439,#7440));
#3163=AXIS2_PLACEMENT_3D('',#7441,#7442,#7443);
#3164=EDGE_LOOP('',(#7444,#7445,#7446,#7447));
#3165=AXIS2_PLACEMENT_3D('',#7448,#7449,#7450);
#3166=EDGE_LOOP('',(#7451,#7452,#7453,#7454));
#3167=AXIS2_PLACEMENT_3D('',#7455,#7456,#7457);
#3168=EDGE_LOOP('',(#7458,#7459,#7460,#7461,#7462,#7463));
#3169=AXIS2_PLACEMENT_3D('',#7464,#7465,#7466);
#3170=EDGE_LOOP('',(#7467,#7468,#7469,#7470));
#3171=AXIS2_PLACEMENT_3D('',#7471,#7472,#7473);
#3172=EDGE_LOOP('',(#7474,#7475,#7476,#7477,#7478,#7479));
#3173=AXIS2_PLACEMENT_3D('',#7480,#7481,#7482);
#3174=EDGE_LOOP('',(#7483,#7484,#7485,#7486));
#3175=AXIS2_PLACEMENT_3D('',#7487,#7488,#7489);
#3176=EDGE_LOOP('',(#7490,#7491,#7492,#7493));
#3177=AXIS2_PLACEMENT_3D('',#7494,#7495,#7496);
#3178=EDGE_LOOP('',(#7497,#7498,#7499,#7500));
#3179=AXIS2_PLACEMENT_3D('',#7501,#7502,#7503);
#3180=EDGE_LOOP('',(#7504,#7505,#7506,#7507));
#3181=AXIS2_PLACEMENT_3D('',#7508,#7509,#7510);
#3182=EDGE_LOOP('',(#7511,#7512,#7513,#7514,#7515,#7516));
#3183=AXIS2_PLACEMENT_3D('',#7517,#7518,#7519);
#3184=EDGE_LOOP('',(#7520,#7521,#7522,#7523));
#3185=AXIS2_PLACEMENT_3D('',#7524,#7525,#7526);
#3186=EDGE_LOOP('',(#7527,#7528,#7529,#7530));
#3187=AXIS2_PLACEMENT_3D('',#7531,#7532,#7533);
#3188=EDGE_LOOP('',(#7534,#7535,#7536,#7537));
#3189=AXIS2_PLACEMENT_3D('',#7538,#7539,#7540);
#3190=EDGE_LOOP('',(#7541,#7542,#7543,#7544));
#3191=AXIS2_PLACEMENT_3D('',#7545,#7546,#7547);
#3192=EDGE_LOOP('',(#7548,#7549,#7550,#7551));
#3193=AXIS2_PLACEMENT_3D('',#7552,#7553,#7554);
#3194=EDGE_LOOP('',(#7555,#7556,#7557,#7558));
#3195=AXIS2_PLACEMENT_3D('',#7559,#7560,#7561);
#3196=EDGE_LOOP('',(#7562,#7563,#7564,#7565));
#3197=AXIS2_PLACEMENT_3D('',#7566,#7567,#7568);
#3198=EDGE_LOOP('',(#7569,#7570,#7571,#7572));
#3199=AXIS2_PLACEMENT_3D('',#7573,#7574,#7575);
#3200=EDGE_LOOP('',(#7576,#7577,#7578,#7579));
#3201=AXIS2_PLACEMENT_3D('',#7580,#7581,#7582);
#3202=EDGE_LOOP('',(#7583,#7584,#7585,#7586));
#3203=AXIS2_PLACEMENT_3D('',#7587,#7588,#7589);
#3204=EDGE_LOOP('',(#7590,#7591,#7592,#7593));
#3205=AXIS2_PLACEMENT_3D('',#7594,#7595,#7596);
#3206=EDGE_LOOP('',(#7597,#7598,#7599,#7600));
#3207=AXIS2_PLACEMENT_3D('',#7601,#7602,#7603);
#3208=EDGE_LOOP('',(#7604,#7605,#7606,#7607));
#3209=AXIS2_PLACEMENT_3D('',#7608,#7609,#7610);
#3210=EDGE_LOOP('',(#7611,#7612,#7613,#7614));
#3211=AXIS2_PLACEMENT_3D('',#7615,#7616,#7617);
#3212=EDGE_LOOP('',(#7618,#7619,#7620,#7621,#7622,#7623));
#3213=AXIS2_PLACEMENT_3D('',#7624,#7625,#7626);
#3214=EDGE_LOOP('',(#7627,#7628,#7629,#7630));
#3215=AXIS2_PLACEMENT_3D('',#7631,#7632,#7633);
#3216=EDGE_LOOP('',(#7634,#7635,#7636,#7637));
#3217=AXIS2_PLACEMENT_3D('',#7638,#7639,#7640);
#3218=EDGE_LOOP('',(#7641,#7642,#7643,#7644));
#3219=AXIS2_PLACEMENT_3D('',#7645,#7646,#7647);
#3220=EDGE_LOOP('',(#7648,#7649,#7650,#7651));
#3221=AXIS2_PLACEMENT_3D('',#7652,#7653,#7654);
#3222=EDGE_LOOP('',(#7655,#7656,#7657,#7658,#7659,#7660));
#3223=AXIS2_PLACEMENT_3D('',#7661,#7662,#7663);
#3224=EDGE_LOOP('',(#7664,#7665,#7666,#7667));
#3225=AXIS2_PLACEMENT_3D('',#7668,#7669,#7670);
#3226=EDGE_LOOP('',(#7671,#7672,#7673,#7674));
#3227=AXIS2_PLACEMENT_3D('',#7675,#7676,#7677);
#3228=EDGE_LOOP('',(#7678,#7679,#7680,#7681));
#3229=AXIS2_PLACEMENT_3D('',#7682,#7683,#7684);
#3230=EDGE_LOOP('',(#7685,#7686,#7687,#7688));
#3231=AXIS2_PLACEMENT_3D('',#7689,#7690,#7691);
#3232=EDGE_LOOP('',(#7692,#7693,#7694,#7695));
#3233=AXIS2_PLACEMENT_3D('',#7696,#7697,#7698);
#3234=EDGE_LOOP('',(#7699,#7700,#7701,#7702));
#3235=AXIS2_PLACEMENT_3D('',#7703,#7704,#7705);
#3236=EDGE_LOOP('',(#7706,#7707,#7708,#7709,#7710,#7711));
#3237=AXIS2_PLACEMENT_3D('',#7712,#7713,#7714);
#3238=EDGE_LOOP('',(#7715,#7716,#7717,#7718));
#3239=AXIS2_PLACEMENT_3D('',#7719,#7720,#7721);
#3240=EDGE_LOOP('',(#7722,#7723,#7724,#7725));
#3241=AXIS2_PLACEMENT_3D('',#7726,#7727,#7728);
#3242=EDGE_LOOP('',(#7729,#7730,#7731,#7732));
#3243=AXIS2_PLACEMENT_3D('',#7733,#7734,#7735);
#3244=EDGE_LOOP('',(#7736,#7737,#7738,#7739));
#3245=AXIS2_PLACEMENT_3D('',#7740,#7741,#7742);
#3246=EDGE_LOOP('',(#7743,#7744,#7745,#7746));
#3247=AXIS2_PLACEMENT_3D('',#7747,#7748,#7749);
#3248=EDGE_LOOP('',(#7750,#7751,#7752,#7753,#7754));
#3249=AXIS2_PLACEMENT_3D('',#7755,#7756,#7757);
#3250=EDGE_LOOP('',(#7758,#7759,#7760,#7761));
#3251=AXIS2_PLACEMENT_3D('',#7762,#7763,#7764);
#3252=EDGE_LOOP('',(#7765,#7766,#7767,#7768,#7769));
#3253=AXIS2_PLACEMENT_3D('',#7770,#7771,#7772);
#3254=EDGE_LOOP('',(#7773,#7774,#7775,#7776));
#3255=AXIS2_PLACEMENT_3D('',#7777,#7778,#7779);
#3256=EDGE_LOOP('',(#7780,#7781,#7782,#7783));
#3257=AXIS2_PLACEMENT_3D('',#7784,#7785,#7786);
#3258=EDGE_LOOP('',(#7787,#7788,#7789,#7790,#7791));
#3259=AXIS2_PLACEMENT_3D('',#7792,#7793,#7794);
#3260=EDGE_LOOP('',(#7795,#7796,#7797,#7798));
#3261=AXIS2_PLACEMENT_3D('',#7799,#7800,#7801);
#3262=EDGE_LOOP('',(#7802,#7803,#7804,#7805,#7806));
#3263=AXIS2_PLACEMENT_3D('',#7807,#7808,#7809);
#3264=EDGE_LOOP('',(#7810,#7811,#7812,#7813));
#3265=AXIS2_PLACEMENT_3D('',#7814,#7815,#7816);
#3266=EDGE_LOOP('',(#7817,#7818,#7819,#7820));
#3267=AXIS2_PLACEMENT_3D('',#7821,#7822,#7823);
#3268=EDGE_LOOP('',(#7824,#7825,#7826,#7827,#7828));
#3269=AXIS2_PLACEMENT_3D('',#7829,#7830,#7831);
#3270=EDGE_LOOP('',(#7832,#7833,#7834,#7835));
#3271=AXIS2_PLACEMENT_3D('',#7836,#7837,#7838);
#3272=EDGE_LOOP('',(#7839,#7840,#7841,#7842,#7843));
#3273=AXIS2_PLACEMENT_3D('',#7844,#7845,#7846);
#3274=EDGE_LOOP('',(#7847,#7848,#7849,#7850));
#3275=AXIS2_PLACEMENT_3D('',#7851,#7852,#7853);
#3276=EDGE_LOOP('',(#7854,#7855,#7856,#7857));
#3277=AXIS2_PLACEMENT_3D('',#7858,#7859,#7860);
#3278=EDGE_LOOP('',(#7861,#7862,#7863,#7864));
#3279=AXIS2_PLACEMENT_3D('',#7865,#7866,#7867);
#3280=EDGE_LOOP('',(#7868,#7869,#7870,#7871));
#3281=AXIS2_PLACEMENT_3D('',#7872,#7873,#7874);
#3282=EDGE_LOOP('',(#7875,#7876,#7877,#7878));
#3283=AXIS2_PLACEMENT_3D('',#7879,#7880,#7881);
#3284=EDGE_LOOP('',(#7882,#7883,#7884,#7885,#7886,#7887));
#3285=AXIS2_PLACEMENT_3D('',#7888,#7889,#7890);
#3286=EDGE_LOOP('',(#7891,#7892,#7893,#7894));
#3287=AXIS2_PLACEMENT_3D('',#7895,#7896,#7897);
#3288=EDGE_LOOP('',(#7898,#7899,#7900,#7901,#7902,#7903));
#3289=AXIS2_PLACEMENT_3D('',#7904,#7905,#7906);
#3290=EDGE_LOOP('',(#7907,#7908,#7909,#7910));
#3291=AXIS2_PLACEMENT_3D('',#7911,#7912,#7913);
#3292=EDGE_LOOP('',(#7914,#7915,#7916,#7917));
#3293=AXIS2_PLACEMENT_3D('',#7918,#7919,#7920);
#3294=EDGE_LOOP('',(#7921,#7922,#7923,#7924,#7925,#7926));
#3295=AXIS2_PLACEMENT_3D('',#7927,#7928,#7929);
#3296=EDGE_LOOP('',(#7930,#7931,#7932,#7933));
#3297=AXIS2_PLACEMENT_3D('',#7934,#7935,#7936);
#3298=EDGE_LOOP('',(#7937,#7938,#7939,#7940,#7941,#7942));
#3299=AXIS2_PLACEMENT_3D('',#7943,#7944,#7945);
#3300=EDGE_LOOP('',(#7946,#7947,#7948,#7949));
#3301=AXIS2_PLACEMENT_3D('',#7950,#7951,#7952);
#3302=EDGE_LOOP('',(#7953,#7954,#7955,#7956));
#3303=AXIS2_PLACEMENT_3D('',#7957,#7958,#7959);
#3304=EDGE_LOOP('',(#7960,#7961,#7962,#7963));
#3305=AXIS2_PLACEMENT_3D('',#7964,#7965,#7966);
#3306=EDGE_LOOP('',(#7967,#7968,#7969,#7970));
#3307=AXIS2_PLACEMENT_3D('',#7971,#7972,#7973);
#3308=EDGE_LOOP('',(#7974,#7975,#7976,#7977,#7978,#7979));
#3309=AXIS2_PLACEMENT_3D('',#7980,#7981,#7982);
#3310=EDGE_LOOP('',(#7983,#7984,#7985,#7986));
#3311=AXIS2_PLACEMENT_3D('',#7987,#7988,#7989);
#3312=EDGE_LOOP('',(#7990,#7991,#7992,#7993));
#3313=AXIS2_PLACEMENT_3D('',#7994,#7995,#7996);
#3314=EDGE_LOOP('',(#7997,#7998,#7999,#8000));
#3315=AXIS2_PLACEMENT_3D('',#8001,#8002,#8003);
#3316=EDGE_LOOP('',(#8004,#8005,#8006,#8007));
#3317=AXIS2_PLACEMENT_3D('',#8008,#8009,#8010);
#3318=EDGE_LOOP('',(#8011,#8012,#8013,#8014));
#3319=AXIS2_PLACEMENT_3D('',#8015,#8016,#8017);
#3320=EDGE_LOOP('',(#8018,#8019,#8020,#8021));
#3321=AXIS2_PLACEMENT_3D('',#8022,#8023,#8024);
#3322=EDGE_LOOP('',(#8025,#8026,#8027,#8028));
#3323=AXIS2_PLACEMENT_3D('',#8029,#8030,#8031);
#3324=EDGE_LOOP('',(#8032,#8033,#8034,#8035));
#3325=AXIS2_PLACEMENT_3D('',#8036,#8037,#8038);
#3326=EDGE_LOOP('',(#8039,#8040,#8041,#8042));
#3327=AXIS2_PLACEMENT_3D('',#8043,#8044,#8045);
#3328=EDGE_LOOP('',(#8046,#8047,#8048,#8049));
#3329=AXIS2_PLACEMENT_3D('',#8050,#8051,#8052);
#3330=EDGE_LOOP('',(#8053,#8054,#8055,#8056));
#3331=AXIS2_PLACEMENT_3D('',#8057,#8058,#8059);
#3332=EDGE_LOOP('',(#8060,#8061,#8062,#8063));
#3333=AXIS2_PLACEMENT_3D('',#8064,#8065,#8066);
#3334=EDGE_LOOP('',(#8067,#8068,#8069,#8070));
#3335=AXIS2_PLACEMENT_3D('',#8071,#8072,#8073);
#3336=EDGE_LOOP('',(#8074,#8075,#8076,#8077));
#3337=AXIS2_PLACEMENT_3D('',#8078,#8079,#8080);
#3338=EDGE_LOOP('',(#8081,#8082,#8083,#8084,#8085,#8086));
#3339=AXIS2_PLACEMENT_3D('',#8087,#8088,#8089);
#3340=EDGE_LOOP('',(#8090,#8091,#8092,#8093));
#3341=AXIS2_PLACEMENT_3D('',#8094,#8095,#8096);
#3342=EDGE_LOOP('',(#8097,#8098,#8099,#8100));
#3343=AXIS2_PLACEMENT_3D('',#8101,#8102,#8103);
#3344=EDGE_LOOP('',(#8104,#8105,#8106,#8107));
#3345=AXIS2_PLACEMENT_3D('',#8108,#8109,#8110);
#3346=EDGE_LOOP('',(#8111,#8112,#8113,#8114));
#3347=AXIS2_PLACEMENT_3D('',#8115,#8116,#8117);
#3348=EDGE_LOOP('',(#8118,#8119,#8120,#8121,#8122,#8123));
#3349=AXIS2_PLACEMENT_3D('',#8124,#8125,#8126);
#3350=EDGE_LOOP('',(#8127,#8128,#8129,#8130));
#3351=AXIS2_PLACEMENT_3D('',#8131,#8132,#8133);
#3352=EDGE_LOOP('',(#8134,#8135,#8136,#8137));
#3353=AXIS2_PLACEMENT_3D('',#8138,#8139,#8140);
#3354=EDGE_LOOP('',(#8141,#8142,#8143,#8144));
#3355=AXIS2_PLACEMENT_3D('',#8145,#8146,#8147);
#3356=EDGE_LOOP('',(#8148,#8149,#8150,#8151));
#3357=AXIS2_PLACEMENT_3D('',#8152,#8153,#8154);
#3358=EDGE_LOOP('',(#8155,#8156,#8157,#8158));
#3359=AXIS2_PLACEMENT_3D('',#8159,#8160,#8161);
#3360=EDGE_LOOP('',(#8162,#8163,#8164,#8165));
#3361=AXIS2_PLACEMENT_3D('',#8166,#8167,#8168);
#3362=EDGE_LOOP('',(#8169,#8170,#8171,#8172,#8173,#8174));
#3363=AXIS2_PLACEMENT_3D('',#8175,#8176,#8177);
#3364=EDGE_LOOP('',(#8178,#8179,#8180,#8181));
#3365=AXIS2_PLACEMENT_3D('',#8182,#8183,#8184);
#3366=EDGE_LOOP('',(#8185,#8186,#8187,#8188));
#3367=AXIS2_PLACEMENT_3D('',#8189,#8190,#8191);
#3368=EDGE_LOOP('',(#8192,#8193,#8194,#8195));
#3369=AXIS2_PLACEMENT_3D('',#8196,#8197,#8198);
#3370=EDGE_LOOP('',(#8199,#8200,#8201,#8202));
#3371=AXIS2_PLACEMENT_3D('',#8203,#8204,#8205);
#3372=EDGE_LOOP('',(#8206,#8207,#8208,#8209));
#3373=AXIS2_PLACEMENT_3D('',#8210,#8211,#8212);
#3374=EDGE_LOOP('',(#8213,#8214,#8215,#8216,#8217));
#3375=AXIS2_PLACEMENT_3D('',#8218,#8219,#8220);
#3376=EDGE_LOOP('',(#8221,#8222,#8223,#8224));
#3377=AXIS2_PLACEMENT_3D('',#8225,#8226,#8227);
#3378=EDGE_LOOP('',(#8228,#8229,#8230,#8231,#8232));
#3379=AXIS2_PLACEMENT_3D('',#8233,#8234,#8235);
#3380=EDGE_LOOP('',(#8236,#8237,#8238,#8239));
#3381=AXIS2_PLACEMENT_3D('',#8240,#8241,#8242);
#3382=EDGE_LOOP('',(#8243,#8244,#8245,#8246));
#3383=AXIS2_PLACEMENT_3D('',#8247,#8248,#8249);
#3384=EDGE_LOOP('',(#8250,#8251,#8252,#8253));
#3385=AXIS2_PLACEMENT_3D('',#8254,#8255,#8256);
#3386=EDGE_LOOP('',(#8257,#8258,#8259,#8260));
#3387=AXIS2_PLACEMENT_3D('',#8261,#8262,#8263);
#3388=EDGE_LOOP('',(#8264,#8265,#8266,#8267));
#3389=AXIS2_PLACEMENT_3D('',#8268,#8269,#8270);
#3390=EDGE_LOOP('',(#8271,#8272,#8273,#8274));
#3391=AXIS2_PLACEMENT_3D('',#8275,#8276,#8277);
#3392=EDGE_LOOP('',(#8278,#8279,#8280,#8281));
#3393=AXIS2_PLACEMENT_3D('',#8282,#8283,#8284);
#3394=EDGE_LOOP('',(#8285,#8286,#8287,#8288));
#3395=AXIS2_PLACEMENT_3D('',#8289,#8290,#8291);
#3396=EDGE_LOOP('',(#8292,#8293,#8294,#8295));
#3397=AXIS2_PLACEMENT_3D('',#8296,#8297,#8298);
#3398=EDGE_LOOP('',(#8299,#8300,#8301,#8302));
#3399=AXIS2_PLACEMENT_3D('',#8303,#8304,#8305);
#3400=EDGE_LOOP('',(#8306,#8307,#8308,#8309));
#3401=AXIS2_PLACEMENT_3D('',#8310,#8311,#8312);
#3402=EDGE_LOOP('',(#8313,#8314,#8315,#8316));
#3403=AXIS2_PLACEMENT_3D('',#8317,#8318,#8319);
#3404=EDGE_LOOP('',(#8320,#8321,#8322,#8323));
#3405=AXIS2_PLACEMENT_3D('',#8324,#8325,#8326);
#3406=EDGE_LOOP('',(#8327,#8328,#8329,#8330));
#3407=AXIS2_PLACEMENT_3D('',#8331,#8332,#8333);
#3408=EDGE_LOOP('',(#8334,#8335,#8336,#8337));
#3409=AXIS2_PLACEMENT_3D('',#8338,#8339,#8340);
#3410=EDGE_LOOP('',(#8341,#8342,#8343,#8344));
#3411=AXIS2_PLACEMENT_3D('',#8345,#8346,#8347);
#3412=EDGE_LOOP('',(#8348,#8349,#8350,#8351));
#3413=AXIS2_PLACEMENT_3D('',#8352,#8353,#8354);
#3414=EDGE_LOOP('',(#8355,#8356,#8357,#8358));
#3415=AXIS2_PLACEMENT_3D('',#8359,#8360,#8361);
#3416=EDGE_LOOP('',(#8362,#8363,#8364,#8365));
#3417=AXIS2_PLACEMENT_3D('',#8366,#8367,#8368);
#3418=EDGE_LOOP('',(#8369,#8370,#8371,#8372));
#3419=AXIS2_PLACEMENT_3D('',#8373,#8374,#8375);
#3420=EDGE_LOOP('',(#8376,#8377,#8378,#8379));
#3421=AXIS2_PLACEMENT_3D('',#8380,#8381,#8382);
#3422=EDGE_LOOP('',(#8383,#8384,#8385,#8386));
#3423=AXIS2_PLACEMENT_3D('',#8387,#8388,#8389);
#3424=EDGE_LOOP('',(#8390,#8391,#8392,#8393));
#3425=AXIS2_PLACEMENT_3D('',#8394,#8395,#8396);
#3426=EDGE_LOOP('',(#8397,#8398,#8399,#8400));
#3427=AXIS2_PLACEMENT_3D('',#8401,#8402,#8403);
#3428=EDGE_LOOP('',(#8404,#8405,#8406,#8407));
#3429=AXIS2_PLACEMENT_3D('',#8408,#8409,#8410);
#3430=EDGE_LOOP('',(#8411,#8412,#8413,#8414));
#3431=AXIS2_PLACEMENT_3D('',#8415,#8416,#8417);
#3432=EDGE_LOOP('',(#8418,#8419,#8420,#8421));
#3433=AXIS2_PLACEMENT_3D('',#8422,#8423,#8424);
#3434=EDGE_LOOP('',(#8425,#8426,#8427,#8428));
#3435=AXIS2_PLACEMENT_3D('',#8429,#8430,#8431);
#3436=EDGE_LOOP('',(#8432,#8433,#8434,#8435));
#3437=AXIS2_PLACEMENT_3D('',#8436,#8437,#8438);
#3438=EDGE_LOOP('',(#8439,#8440,#8441,#8442));
#3439=AXIS2_PLACEMENT_3D('',#8443,#8444,#8445);
#3440=EDGE_LOOP('',(#8446,#8447,#8448,#8449));
#3441=AXIS2_PLACEMENT_3D('',#8450,#8451,#8452);
#3442=EDGE_LOOP('',(#8453,#8454,#8455,#8456));
#3443=AXIS2_PLACEMENT_3D('',#8457,#8458,#8459);
#3444=EDGE_LOOP('',(#8460,#8461,#8462,#8463));
#3445=AXIS2_PLACEMENT_3D('',#8464,#8465,#8466);
#3446=EDGE_LOOP('',(#8467,#8468,#8469,#8470));
#3447=AXIS2_PLACEMENT_3D('',#8471,#8472,#8473);
#3448=EDGE_LOOP('',(#8474,#8475,#8476,#8477));
#3449=AXIS2_PLACEMENT_3D('',#8478,#8479,#8480);
#3450=EDGE_LOOP('',(#8481,#8482,#8483,#8484));
#3451=AXIS2_PLACEMENT_3D('',#8485,#8486,#8487);
#3452=EDGE_LOOP('',(#8488,#8489,#8490,#8491));
#3453=AXIS2_PLACEMENT_3D('',#8492,#8493,#8494);
#3454=EDGE_LOOP('',(#8495,#8496,#8497,#8498));
#3455=AXIS2_PLACEMENT_3D('',#8499,#8500,#8501);
#3456=EDGE_LOOP('',(#8502,#8503,#8504,#8505));
#3457=AXIS2_PLACEMENT_3D('',#8506,#8507,#8508);
#3458=EDGE_LOOP('',(#8509,#8510,#8511,#8512));
#3459=AXIS2_PLACEMENT_3D('',#8513,#8514,#8515);
#3460=EDGE_LOOP('',(#8516,#8517,#8518,#8519));
#3461=AXIS2_PLACEMENT_3D('',#8520,#8521,#8522);
#3462=EDGE_LOOP('',(#8523,#8524,#8525,#8526));
#3463=AXIS2_PLACEMENT_3D('',#8527,#8528,#8529);
#3464=EDGE_LOOP('',(#8530,#8531,#8532,#8533));
#3465=AXIS2_PLACEMENT_3D('',#8534,#8535,#8536);
#3466=EDGE_LOOP('',(#8537,#8538,#8539,#8540));
#3467=AXIS2_PLACEMENT_3D('',#8541,#8542,#8543);
#3468=EDGE_LOOP('',(#8544,#8545,#8546,#8547));
#3469=AXIS2_PLACEMENT_3D('',#8548,#8549,#8550);
#3470=EDGE_LOOP('',(#8551,#8552,#8553,#8554));
#3471=AXIS2_PLACEMENT_3D('',#8555,#8556,#8557);
#3472=EDGE_LOOP('',(#8558,#8559,#8560,#8561));
#3473=AXIS2_PLACEMENT_3D('',#8562,#8563,#8564);
#3474=EDGE_LOOP('',(#8565,#8566,#8567,#8568));
#3475=AXIS2_PLACEMENT_3D('',#8569,#8570,#8571);
#3476=EDGE_LOOP('',(#8572,#8573,#8574,#8575));
#3477=AXIS2_PLACEMENT_3D('',#8576,#8577,#8578);
#3478=EDGE_LOOP('',(#8579,#8580,#8581,#8582));
#3479=AXIS2_PLACEMENT_3D('',#8583,#8584,#8585);
#3480=EDGE_LOOP('',(#8586,#8587,#8588,#8589));
#3481=AXIS2_PLACEMENT_3D('',#8590,#8591,#8592);
#3482=EDGE_LOOP('',(#8593,#8594,#8595,#8596,#8597,#8598));
#3483=AXIS2_PLACEMENT_3D('',#8599,#8600,#8601);
#3484=EDGE_LOOP('',(#8602,#8603,#8604,#8605));
#3485=AXIS2_PLACEMENT_3D('',#8606,#8607,#8608);
#3486=EDGE_LOOP('',(#8609,#8610,#8611,#8612));
#3487=AXIS2_PLACEMENT_3D('',#8613,#8614,#8615);
#3488=EDGE_LOOP('',(#8616,#8617,#8618,#8619));
#3489=AXIS2_PLACEMENT_3D('',#8620,#8621,#8622);
#3490=EDGE_LOOP('',(#8623,#8624,#8625,#8626));
#3491=AXIS2_PLACEMENT_3D('',#8627,#8628,#8629);
#3492=EDGE_LOOP('',(#8630,#8631,#8632,#8633));
#3493=AXIS2_PLACEMENT_3D('',#8634,#8635,#8636);
#3494=EDGE_LOOP('',(#8637,#8638,#8639,#8640));
#3495=AXIS2_PLACEMENT_3D('',#8641,#8642,#8643);
#3496=EDGE_LOOP('',(#8644,#8645,#8646,#8647));
#3497=AXIS2_PLACEMENT_3D('',#8648,#8649,#8650);
#3498=EDGE_LOOP('',(#8651,#8652,#8653,#8654));
#3499=AXIS2_PLACEMENT_3D('',#8655,#8656,#8657);
#3500=EDGE_LOOP('',(#8658,#8659,#8660,#8661));
#3501=AXIS2_PLACEMENT_3D('',#8662,#8663,#8664);
#3502=EDGE_LOOP('',(#8665,#8666,#8667,#8668));
#3503=AXIS2_PLACEMENT_3D('',#8669,#8670,#8671);
#3504=EDGE_LOOP('',(#8672,#8673,#8674,#8675));
#3505=AXIS2_PLACEMENT_3D('',#8676,#8677,#8678);
#3506=EDGE_LOOP('',(#8679,#8680,#8681,#8682));
#3507=AXIS2_PLACEMENT_3D('',#8683,#8684,#8685);
#3508=EDGE_LOOP('',(#8686,#8687,#8688,#8689));
#3509=AXIS2_PLACEMENT_3D('',#8690,#8691,#8692);
#3510=EDGE_LOOP('',(#8693,#8694,#8695,#8696));
#3511=AXIS2_PLACEMENT_3D('',#8697,#8698,#8699);
#3512=EDGE_LOOP('',(#8700,#8701,#8702,#8703));
#3513=AXIS2_PLACEMENT_3D('',#8704,#8705,#8706);
#3514=EDGE_LOOP('',(#8707,#8708,#8709,#8710,#8711,#8712));
#3515=AXIS2_PLACEMENT_3D('',#8713,#8714,#8715);
#3516=EDGE_LOOP('',(#8716,#8717,#8718,#8719,#8720,#8721,#8722));
#3517=AXIS2_PLACEMENT_3D('',#8723,#8724,#8725);
#3518=EDGE_LOOP('',(#8726,#8727,#8728,#8729));
#3519=AXIS2_PLACEMENT_3D('',#8730,#8731,#8732);
#3520=EDGE_LOOP('',(#8733,#8734,#8735,#8736));
#3521=AXIS2_PLACEMENT_3D('',#8737,#8738,#8739);
#3522=EDGE_LOOP('',(#8740,#8741,#8742,#8743));
#3523=AXIS2_PLACEMENT_3D('',#8744,#8745,#8746);
#3524=EDGE_LOOP('',(#8747,#8748,#8749,#8750,#8751,#8752,#8753,#8754,#8755,#8756,#8757,#8758));
#3525=AXIS2_PLACEMENT_3D('',#8759,#8760,#8761);
#3526=EDGE_LOOP('',(#8762,#8763,#8764,#8765));
#3527=AXIS2_PLACEMENT_3D('',#8766,#8767,#8768);
#3528=EDGE_LOOP('',(#8769,#8770,#8771,#8772));
#3529=AXIS2_PLACEMENT_3D('',#8773,#8774,#8775);
#3530=EDGE_LOOP('',(#8776,#8777,#8778,#8779));
#3531=AXIS2_PLACEMENT_3D('',#8780,#8781,#8782);
#3532=EDGE_LOOP('',(#8783,#8784,#8785,#8786));
#3533=AXIS2_PLACEMENT_3D('',#8787,#8788,#8789);
#3534=EDGE_LOOP('',(#8790,#8791,#8792,#8793));
#3535=AXIS2_PLACEMENT_3D('',#8794,#8795,#8796);
#3536=EDGE_LOOP('',(#8797,#8798,#8799,#8800));
#3537=AXIS2_PLACEMENT_3D('',#8801,#8802,#8803);
#3538=EDGE_LOOP('',(#8804,#8805,#8806,#8807,#8808,#8809));
#3539=AXIS2_PLACEMENT_3D('',#8810,#8811,#8812);
#3540=EDGE_LOOP('',(#8813,#8814,#8815,#8816));
#3541=AXIS2_PLACEMENT_3D('',#8817,#8818,#8819);
#3542=EDGE_LOOP('',(#8820,#8821,#8822,#8823));
#3543=AXIS2_PLACEMENT_3D('',#8824,#8825,#8826);
#3544=EDGE_LOOP('',(#8827,#8828,#8829,#8830));
#3545=AXIS2_PLACEMENT_3D('',#8831,#8832,#8833);
#3546=EDGE_LOOP('',(#8834,#8835,#8836,#8837));
#3547=AXIS2_PLACEMENT_3D('',#8838,#8839,#8840);
#3548=EDGE_LOOP('',(#8841,#8842,#8843,#8844));
#3549=AXIS2_PLACEMENT_3D('',#8845,#8846,#8847);
#3550=EDGE_LOOP('',(#8848,#8849,#8850,#8851));
#3551=AXIS2_PLACEMENT_3D('',#8852,#8853,#8854);
#3552=EDGE_LOOP('',(#8855,#8856,#8857,#8858));
#3553=AXIS2_PLACEMENT_3D('',#8859,#8860,#8861);
#3554=EDGE_LOOP('',(#8862,#8863,#8864,#8865));
#3555=AXIS2_PLACEMENT_3D('',#8866,#8867,#8868);
#3556=EDGE_LOOP('',(#8869,#8870,#8871,#8872));
#3557=AXIS2_PLACEMENT_3D('',#8873,#8874,#8875);
#3558=EDGE_LOOP('',(#8876,#8877,#8878,#8879));
#3559=AXIS2_PLACEMENT_3D('',#8880,#8881,#8882);
#3560=EDGE_LOOP('',(#8883,#8884,#8885,#8886));
#3561=AXIS2_PLACEMENT_3D('',#8887,#8888,#8889);
#3562=EDGE_LOOP('',(#8890,#8891,#8892,#8893));
#3563=AXIS2_PLACEMENT_3D('',#8894,#8895,#8896);
#3564=EDGE_LOOP('',(#8897,#8898,#8899,#8900));
#3565=AXIS2_PLACEMENT_3D('',#8901,#8902,#8903);
#3566=EDGE_LOOP('',(#8904,#8905,#8906,#8907));
#3567=AXIS2_PLACEMENT_3D('',#8908,#8909,#8910);
#3568=EDGE_LOOP('',(#8911,#8912,#8913,#8914));
#3569=AXIS2_PLACEMENT_3D('',#8915,#8916,#8917);
#3570=EDGE_LOOP('',(#8918,#8919,#8920,#8921));
#3571=AXIS2_PLACEMENT_3D('',#8922,#8923,#8924);
#3572=EDGE_LOOP('',(#8925,#8926,#8927,#8928));
#3573=AXIS2_PLACEMENT_3D('',#8929,#8930,#8931);
#3574=EDGE_LOOP('',(#8932,#8933,#8934,#8935));
#3575=AXIS2_PLACEMENT_3D('',#8936,#8937,#8938);
#3576=EDGE_LOOP('',(#8939,#8940,#8941,#8942));
#3577=AXIS2_PLACEMENT_3D('',#8943,#8944,#8945);
#3578=EDGE_LOOP('',(#8946,#8947,#8948,#8949));
#3579=AXIS2_PLACEMENT_3D('',#8950,#8951,#8952);
#3580=EDGE_LOOP('',(#8953,#8954,#8955,#8956));
#3581=AXIS2_PLACEMENT_3D('',#8957,#8958,#8959);
#3582=EDGE_LOOP('',(#8960,#8961,#8962,#8963));
#3583=AXIS2_PLACEMENT_3D('',#8964,#8965,#8966);
#3584=EDGE_LOOP('',(#8967,#8968,#8969,#8970));
#3585=AXIS2_PLACEMENT_3D('',#8971,#8972,#8973);
#3586=EDGE_LOOP('',(#8974,#8975,#8976,#8977));
#3587=AXIS2_PLACEMENT_3D('',#8978,#8979,#8980);
#3588=EDGE_LOOP('',(#8981,#8982,#8983,#8984));
#3589=AXIS2_PLACEMENT_3D('',#8985,#8986,#8987);
#3590=EDGE_LOOP('',(#8988,#8989,#8990,#8991,#8992,#8993,#8994));
#3591=AXIS2_PLACEMENT_3D('',#8995,#8996,#8997);
#3592=EDGE_LOOP('',(#8998,#8999,#9000,#9001));
#3593=AXIS2_PLACEMENT_3D('',#9002,#9003,#9004);
#3594=EDGE_LOOP('',(#9005,#9006,#9007,#9008));
#3595=AXIS2_PLACEMENT_3D('',#9009,#9010,#9011);
#3596=EDGE_LOOP('',(#9012,#9013,#9014,#9015));
#3597=AXIS2_PLACEMENT_3D('',#9016,#9017,#9018);
#3598=EDGE_LOOP('',(#9019,#9020,#9021,#9022));
#3599=AXIS2_PLACEMENT_3D('',#9023,#9024,#9025);
#3600=EDGE_LOOP('',(#9026,#9027,#9028,#9029));
#3601=AXIS2_PLACEMENT_3D('',#9030,#9031,#9032);
#3602=EDGE_LOOP('',(#9033,#9034,#9035,#9036));
#3603=AXIS2_PLACEMENT_3D('',#9037,#9038,#9039);
#3604=EDGE_LOOP('',(#9040,#9041,#9042,#9043));
#3605=AXIS2_PLACEMENT_3D('',#9044,#9045,#9046);
#3606=EDGE_LOOP('',(#9047,#9048,#9049,#9050));
#3607=AXIS2_PLACEMENT_3D('',#9051,#9052,#9053);
#3608=CIRCLE('',#9054,0.51);
#3609=CIRCLE('',#9055,0.51);
#3610=CIRCLE('',#9056,0.51);
#3611=CIRCLE('',#9057,0.51);
#3612=CIRCLE('',#9058,0.51);
#3613=CIRCLE('',#9059,0.51);
#3614=CIRCLE('',#9060,0.51);
#3615=CIRCLE('',#9061,0.51);
#3616=CIRCLE('',#9062,0.51);
#3617=CIRCLE('',#9063,0.51);
#3618=CIRCLE('',#9064,0.51);
#3619=CIRCLE('',#9065,0.51);
#3620=CIRCLE('',#9066,0.51);
#3621=CIRCLE('',#9067,0.51);
#3622=CIRCLE('',#9068,0.51);
#3623=CIRCLE('',#9069,0.51);
#3624=CIRCLE('',#9070,0.51);
#3625=CIRCLE('',#9071,0.51);
#3626=CIRCLE('',#9072,0.51);
#3627=CIRCLE('',#9073,0.51);
#3628=CIRCLE('',#9074,0.51);
#3629=CIRCLE('',#9075,0.51);
#3630=CIRCLE('',#9076,0.51);
#3631=CIRCLE('',#9077,0.51);
#3632=CIRCLE('',#9078,0.51);
#3633=CIRCLE('',#9079,0.51);
#3634=CIRCLE('',#9080,0.51);
#3635=CIRCLE('',#9081,0.51);
#3636=CIRCLE('',#9082,0.51);
#3637=CIRCLE('',#9083,0.51);
#3638=CIRCLE('',#9084,0.51);
#3639=CIRCLE('',#9085,0.51);
#3640=CIRCLE('',#9086,1.5);
#3641=CIRCLE('',#9087,1.5);
#3642=CIRCLE('',#9088,1.5);
#3643=CIRCLE('',#9089,1.5);
#3644=LINE('',#9090,#9091);
#3645=LINE('',#9092,#9093);
#3646=LINE('',#9094,#9095);
#3647=ORIENTED_EDGE('',*,*,#9096,.T.);
#3648=ORIENTED_EDGE('',*,*,#9097,.T.);
#3649=ORIENTED_EDGE('',*,*,#9098,.T.);
#3650=ORIENTED_EDGE('',*,*,#9099,.T.);
#3651=ORIENTED_EDGE('',*,*,#9100,.T.);
#3652=ORIENTED_EDGE('',*,*,#9101,.F.);
#3653=ORIENTED_EDGE('',*,*,#9102,.T.);
#3654=ORIENTED_EDGE('',*,*,#9103,.F.);
#3655=ORIENTED_EDGE('',*,*,#9104,.F.);
#3656=ORIENTED_EDGE('',*,*,#9105,.F.);
#3657=ORIENTED_EDGE('',*,*,#9106,.F.);
#3658=ORIENTED_EDGE('',*,*,#9107,.F.);
#3659=ORIENTED_EDGE('',*,*,#9108,.T.);
#3660=ORIENTED_EDGE('',*,*,#9109,.T.);
#3661=CARTESIAN_POINT('',(-13.825,0.0,0.0));
#3662=DIRECTION('',(1.0,0.0,0.0));
#3663=DIRECTION('',(0.0,1.0,0.0));
#3664=ORIENTED_EDGE('',*,*,#9110,.F.);
#3665=ORIENTED_EDGE('',*,*,#9111,.T.);
#3666=ORIENTED_EDGE('',*,*,#9112,.F.);
#3667=ORIENTED_EDGE('',*,*,#9109,.F.);
#3668=CARTESIAN_POINT('',(-14.325,-1.1,3.305));
#3669=DIRECTION('',(-0.0,1.0,0.0));
#3670=DIRECTION('',(1.0,0.0,0.0));
#3671=ORIENTED_EDGE('',*,*,#9112,.T.);
#3672=ORIENTED_EDGE('',*,*,#9113,.T.);
#3673=ORIENTED_EDGE('',*,*,#9114,.F.);
#3674=ORIENTED_EDGE('',*,*,#9096,.F.);
#3675=CARTESIAN_POINT('',(-14.325,-1.1,-0.195));
#3676=DIRECTION('',(0.0,0.0,1.0));
#3677=DIRECTION('',(1.0,0.0,0.0));
#3678=ORIENTED_EDGE('',*,*,#9097,.F.);
#3679=ORIENTED_EDGE('',*,*,#9114,.T.);
#3680=ORIENTED_EDGE('',*,*,#9115,.T.);
#3681=ORIENTED_EDGE('',*,*,#9116,.F.);
#3682=ORIENTED_EDGE('',*,*,#9117,.F.);
#3683=ORIENTED_EDGE('',*,*,#9118,.F.);
#3684=CARTESIAN_POINT('',(-14.325,-0.575,-0.195));
#3685=DIRECTION('',(-0.0,1.0,0.0));
#3686=DIRECTION('',(1.0,0.0,0.0));
#3687=ORIENTED_EDGE('',*,*,#9119,.F.);
#3688=ORIENTED_EDGE('',*,*,#9098,.F.);
#3689=ORIENTED_EDGE('',*,*,#9118,.T.);
#3690=ORIENTED_EDGE('',*,*,#9120,.T.);
#3691=ORIENTED_EDGE('',*,*,#9121,.F.);
#3692=ORIENTED_EDGE('',*,*,#9122,.F.);
#3693=ORIENTED_EDGE('',*,*,#9123,.F.);
#3694=ORIENTED_EDGE('',*,*,#9124,.F.);
#3695=CARTESIAN_POINT('',(-14.325,-0.575,-2.695));
#3696=DIRECTION('',(0.0,0.0,1.0));
#3697=DIRECTION('',(1.0,0.0,0.0));
#3698=ORIENTED_EDGE('',*,*,#9125,.T.);
#3699=ORIENTED_EDGE('',*,*,#9126,.F.);
#3700=ORIENTED_EDGE('',*,*,#9127,.F.);
#3701=ORIENTED_EDGE('',*,*,#9124,.T.);
#3702=CARTESIAN_POINT('',(-12.84048560856,0.575,-2.695));
#3703=DIRECTION('',(-1.0,0.0,0.0));
#3704=DIRECTION('',(0.0,0.0,1.0));
#3705=ORIENTED_EDGE('',*,*,#9128,.F.);
#3706=ORIENTED_EDGE('',*,*,#9099,.F.);
#3707=ORIENTED_EDGE('',*,*,#9119,.T.);
#3708=ORIENTED_EDGE('',*,*,#9127,.T.);
#3709=ORIENTED_EDGE('',*,*,#9129,.F.);
#3710=ORIENTED_EDGE('',*,*,#9130,.F.);
#3711=CARTESIAN_POINT('',(-14.325,0.575,-2.695));
#3712=DIRECTION('',(0.0,-1.0,0.0));
#3713=DIRECTION('',(0.0,0.0,-1.0));
#3714=ORIENTED_EDGE('',*,*,#9113,.F.);
#3715=ORIENTED_EDGE('',*,*,#9111,.F.);
#3716=ORIENTED_EDGE('',*,*,#9131,.T.);
#3717=ORIENTED_EDGE('',*,*,#9132,.F.);
#3718=ORIENTED_EDGE('',*,*,#9133,.T.);
#3719=ORIENTED_EDGE('',*,*,#9134,.T.);
#3720=ORIENTED_EDGE('',*,*,#9135,.T.);
#3721=ORIENTED_EDGE('',*,*,#9136,.F.);
#3722=ORIENTED_EDGE('',*,*,#9137,.F.);
#3723=ORIENTED_EDGE('',*,*,#9130,.T.);
#3724=ORIENTED_EDGE('',*,*,#9138,.F.);
#3725=ORIENTED_EDGE('',*,*,#9115,.F.);
#3726=CARTESIAN_POINT('',(-12.44048560856,2.68,4.955));
#3727=DIRECTION('',(1.0,0.0,0.0));
#3728=DIRECTION('',(0.0,1.0,0.0));
#3729=ORIENTED_EDGE('',*,*,#9139,.T.);
#3730=ORIENTED_EDGE('',*,*,#9140,.T.);
#3731=ORIENTED_EDGE('',*,*,#9141,.T.);
#3732=ORIENTED_EDGE('',*,*,#9142,.T.);
#3733=ORIENTED_EDGE('',*,*,#9143,.T.);
#3734=ORIENTED_EDGE('',*,*,#9144,.T.);
#3735=ORIENTED_EDGE('',*,*,#9145,.T.);
#3736=ORIENTED_EDGE('',*,*,#9146,.T.);
#3737=CARTESIAN_POINT('',(14.325,-0.575,-2.795));
#3738=DIRECTION('',(0.0,0.0,1.0));
#3739=DIRECTION('',(1.0,0.0,0.0));
#3740=ORIENTED_EDGE('',*,*,#9147,.T.);
#3741=ORIENTED_EDGE('',*,*,#9148,.T.);
#3742=ORIENTED_EDGE('',*,*,#9149,.T.);
#3743=ORIENTED_EDGE('',*,*,#9150,.T.);
#3744=ORIENTED_EDGE('',*,*,#9116,.T.);
#3745=ORIENTED_EDGE('',*,*,#9138,.T.);
#3746=ORIENTED_EDGE('',*,*,#9129,.T.);
#3747=ORIENTED_EDGE('',*,*,#9126,.T.);
#3748=CARTESIAN_POINT('',(14.325,-0.575,-2.795));
#3749=DIRECTION('',(0.0,0.0,1.0));
#3750=DIRECTION('',(1.0,0.0,0.0));
#3751=ORIENTED_EDGE('',*,*,#9151,.T.);
#3752=ORIENTED_EDGE('',*,*,#9152,.T.);
#3753=ORIENTED_EDGE('',*,*,#9153,.T.);
#3754=ORIENTED_EDGE('',*,*,#9146,.F.);
#3755=ORIENTED_EDGE('',*,*,#9154,.F.);
#3756=ORIENTED_EDGE('',*,*,#9155,.F.);
#3757=CARTESIAN_POINT('',(14.325,0.575,-2.695));
#3758=DIRECTION('',(-0.0,1.0,0.0));
#3759=DIRECTION('',(1.0,0.0,0.0));
#3760=ORIENTED_EDGE('',*,*,#9156,.F.);
#3761=ORIENTED_EDGE('',*,*,#9157,.T.);
#3762=ORIENTED_EDGE('',*,*,#9155,.T.);
#3763=ORIENTED_EDGE('',*,*,#9158,.T.);
#3764=ORIENTED_EDGE('',*,*,#9159,.F.);
#3765=ORIENTED_EDGE('',*,*,#9160,.F.);
#3766=ORIENTED_EDGE('',*,*,#9161,.F.);
#3767=ORIENTED_EDGE('',*,*,#9162,.F.);
#3768=CARTESIAN_POINT('',(14.325,-0.575,-2.695));
#3769=DIRECTION('',(0.0,0.0,-1.0));
#3770=DIRECTION('',(0.0,-1.0,0.0));
#3771=ORIENTED_EDGE('',*,*,#9163,.T.);
#3772=ORIENTED_EDGE('',*,*,#9141,.F.);
#3773=ORIENTED_EDGE('',*,*,#9164,.F.);
#3774=ORIENTED_EDGE('',*,*,#9162,.T.);
#3775=CARTESIAN_POINT('',(12.84048560856,-0.575,-2.695));
#3776=DIRECTION('',(1.0,0.0,0.0));
#3777=DIRECTION('',(0.0,1.0,0.0));
#3778=ORIENTED_EDGE('',*,*,#9165,.F.);
#3779=ORIENTED_EDGE('',*,*,#9166,.T.);
#3780=ORIENTED_EDGE('',*,*,#9156,.T.);
#3781=ORIENTED_EDGE('',*,*,#9164,.T.);
#3782=ORIENTED_EDGE('',*,*,#9140,.F.);
#3783=ORIENTED_EDGE('',*,*,#9167,.F.);
#3784=CARTESIAN_POINT('',(14.325,-0.575,-0.195));
#3785=DIRECTION('',(0.0,-1.0,0.0));
#3786=DIRECTION('',(0.0,0.0,-1.0));
#3787=ORIENTED_EDGE('',*,*,#9168,.T.);
#3788=ORIENTED_EDGE('',*,*,#9169,.T.);
#3789=ORIENTED_EDGE('',*,*,#9170,.F.);
#3790=ORIENTED_EDGE('',*,*,#9171,.T.);
#3791=ORIENTED_EDGE('',*,*,#9172,.F.);
#3792=ORIENTED_EDGE('',*,*,#9173,.F.);
#3793=ORIENTED_EDGE('',*,*,#9174,.F.);
#3794=ORIENTED_EDGE('',*,*,#9175,.T.);
#3795=ORIENTED_EDGE('',*,*,#9176,.T.);
#3796=ORIENTED_EDGE('',*,*,#9167,.T.);
#3797=ORIENTED_EDGE('',*,*,#9139,.F.);
#3798=ORIENTED_EDGE('',*,*,#9153,.F.);
#3799=CARTESIAN_POINT('',(12.44048560856,2.68,3.305));
#3800=DIRECTION('',(-1.0,0.0,0.0));
#3801=DIRECTION('',(0.0,0.0,1.0));
#3802=ORIENTED_EDGE('',*,*,#9165,.T.);
#3803=ORIENTED_EDGE('',*,*,#9176,.F.);
#3804=ORIENTED_EDGE('',*,*,#9177,.F.);
#3805=ORIENTED_EDGE('',*,*,#9178,.T.);
#3806=CARTESIAN_POINT('',(14.325,-1.1,-0.195));
#3807=DIRECTION('',(0.0,0.0,-1.0));
#3808=DIRECTION('',(0.0,-1.0,0.0));
#3809=ORIENTED_EDGE('',*,*,#9179,.F.);
#3810=ORIENTED_EDGE('',*,*,#9180,.T.);
#3811=ORIENTED_EDGE('',*,*,#9181,.T.);
#3812=ORIENTED_EDGE('',*,*,#9182,.T.);
#3813=ORIENTED_EDGE('',*,*,#9183,.T.);
#3814=ORIENTED_EDGE('',*,*,#9184,.T.);
#3815=ORIENTED_EDGE('',*,*,#9185,.F.);
#3816=ORIENTED_EDGE('',*,*,#9186,.T.);
#3817=ORIENTED_EDGE('',*,*,#9187,.F.);
#3818=ORIENTED_EDGE('',*,*,#9151,.F.);
#3819=ORIENTED_EDGE('',*,*,#9157,.F.);
#3820=ORIENTED_EDGE('',*,*,#9166,.F.);
#3821=ORIENTED_EDGE('',*,*,#9178,.F.);
#3822=ORIENTED_EDGE('',*,*,#9188,.F.);
#3823=ORIENTED_EDGE('',*,*,#9189,.F.);
#3824=ORIENTED_EDGE('',*,*,#9190,.F.);
#3825=ORIENTED_EDGE('',*,*,#9191,.F.);
#3826=ORIENTED_EDGE('',*,*,#9192,.F.);
#3827=ORIENTED_EDGE('',*,*,#9193,.F.);
#3828=ORIENTED_EDGE('',*,*,#9194,.F.);
#3829=ORIENTED_EDGE('',*,*,#9195,.F.);
#3830=CARTESIAN_POINT('',(13.825,0.0,0.0));
#3831=DIRECTION('',(1.0,0.0,0.0));
#3832=DIRECTION('',(0.0,1.0,0.0));
#3833=ORIENTED_EDGE('',*,*,#9177,.T.);
#3834=ORIENTED_EDGE('',*,*,#9175,.F.);
#3835=ORIENTED_EDGE('',*,*,#9196,.F.);
#3836=ORIENTED_EDGE('',*,*,#9188,.T.);
#3837=CARTESIAN_POINT('',(14.325,-1.1,3.305));
#3838=DIRECTION('',(0.0,-1.0,0.0));
#3839=DIRECTION('',(0.0,0.0,-1.0));
#3840=ORIENTED_EDGE('',*,*,#9174,.T.);
#3841=ORIENTED_EDGE('',*,*,#9197,.F.);
#3842=ORIENTED_EDGE('',*,*,#9179,.T.);
#3843=ORIENTED_EDGE('',*,*,#9196,.T.);
#3844=CARTESIAN_POINT('',(13.825,2.68,3.305));
#3845=DIRECTION('',(0.0,0.0,-1.0));
#3846=DIRECTION('',(0.0,-1.0,0.0));
#3847=ORIENTED_EDGE('',*,*,#9185,.T.);
#3848=ORIENTED_EDGE('',*,*,#9198,.T.);
#3849=ORIENTED_EDGE('',*,*,#9170,.T.);
#3850=ORIENTED_EDGE('',*,*,#9199,.F.);
#3851=CARTESIAN_POINT('',(13.825,2.68,3.305));
#3852=DIRECTION('',(0.0,0.0,-1.0));
#3853=DIRECTION('',(0.0,-1.0,0.0));
#3854=ORIENTED_EDGE('',*,*,#9197,.T.);
#3855=ORIENTED_EDGE('',*,*,#9173,.T.);
#3856=ORIENTED_EDGE('',*,*,#9200,.F.);
#3857=CARTESIAN_POINT('',(0.0,-2.41,0.0));
#3858=DIRECTION('',(-0.0,1.0,0.0));
#3859=DIRECTION('',(1.0,0.0,0.0));
#3860=ORIENTED_EDGE('',*,*,#9132,.T.);
#3861=ORIENTED_EDGE('',*,*,#9201,.T.);
#3862=ORIENTED_EDGE('',*,*,#9202,.F.);
#3863=CARTESIAN_POINT('',(0.0,-2.41,0.0));
#3864=DIRECTION('',(-0.0,1.0,0.0));
#3865=DIRECTION('',(1.0,0.0,0.0));
#3866=ORIENTED_EDGE('',*,*,#9184,.F.);
#3867=ORIENTED_EDGE('',*,*,#9203,.T.);
#3868=ORIENTED_EDGE('',*,*,#9204,.T.);
#3869=ORIENTED_EDGE('',*,*,#9205,.F.);
#3870=CARTESIAN_POINT('',(13.825,3.43,3.305));
#3871=DIRECTION('',(-0.766044443119007,0.0,-0.642787609686505));
#3872=DIRECTION('',(-0.642787609686505,0.0,0.766044443119007));
#3873=ORIENTED_EDGE('',*,*,#9206,.T.);
#3874=ORIENTED_EDGE('',*,*,#9207,.F.);
#3875=ORIENTED_EDGE('',*,*,#9208,.F.);
#3876=ORIENTED_EDGE('',*,*,#9180,.F.);
#3877=ORIENTED_EDGE('',*,*,#9200,.T.);
#3878=CARTESIAN_POINT('',(13.825,3.43,3.305));
#3879=DIRECTION('',(-0.766044443119007,0.0,-0.642787609686505));
#3880=DIRECTION('',(-0.642787609686505,0.0,0.766044443119007));
#3881=ORIENTED_EDGE('',*,*,#9171,.F.);
#3882=ORIENTED_EDGE('',*,*,#9198,.F.);
#3883=ORIENTED_EDGE('',*,*,#9205,.T.);
#3884=CARTESIAN_POINT('',(0.0,2.68,0.0));
#3885=DIRECTION('',(-0.0,1.0,0.0));
#3886=DIRECTION('',(1.0,0.0,0.0));
#3887=ORIENTED_EDGE('',*,*,#9209,.F.);
#3888=ORIENTED_EDGE('',*,*,#9134,.F.);
#3889=ORIENTED_EDGE('',*,*,#9210,.T.);
#3890=CARTESIAN_POINT('',(0.0,2.68,0.0));
#3891=DIRECTION('',(-0.0,1.0,0.0));
#3892=DIRECTION('',(1.0,0.0,0.0));
#3893=ORIENTED_EDGE('',*,*,#9211,.F.);
#3894=ORIENTED_EDGE('',*,*,#9212,.T.);
#3895=ORIENTED_EDGE('',*,*,#9103,.T.);
#3896=ORIENTED_EDGE('',*,*,#9210,.F.);
#3897=CARTESIAN_POINT('',(-12.44048560856,3.43,4.955));
#3898=DIRECTION('',(0.766044443119007,0.0,-0.642787609686505));
#3899=DIRECTION('',(0.0,-1.0,0.0));
#3900=ORIENTED_EDGE('',*,*,#9107,.T.);
#3901=ORIENTED_EDGE('',*,*,#9213,.F.);
#3902=ORIENTED_EDGE('',*,*,#9214,.F.);
#3903=ORIENTED_EDGE('',*,*,#9215,.F.);
#3904=ORIENTED_EDGE('',*,*,#9202,.T.);
#3905=CARTESIAN_POINT('',(-12.44048560856,3.43,4.955));
#3906=DIRECTION('',(0.766044443119007,0.0,-0.642787609686505));
#3907=DIRECTION('',(0.0,-1.0,0.0));
#3908=ORIENTED_EDGE('',*,*,#9216,.T.);
#3909=ORIENTED_EDGE('',*,*,#9217,.T.);
#3910=ORIENTED_EDGE('',*,*,#9218,.T.);
#3911=ORIENTED_EDGE('',*,*,#9104,.T.);
#3912=ORIENTED_EDGE('',*,*,#9212,.F.);
#3913=ORIENTED_EDGE('',*,*,#9219,.T.);
#3914=ORIENTED_EDGE('',*,*,#9203,.F.);
#3915=ORIENTED_EDGE('',*,*,#9183,.F.);
#3916=ORIENTED_EDGE('',*,*,#9220,.T.);
#3917=ORIENTED_EDGE('',*,*,#9221,.T.);
#3918=ORIENTED_EDGE('',*,*,#9222,.T.);
#3919=ORIENTED_EDGE('',*,*,#9223,.T.);
#3920=ORIENTED_EDGE('',*,*,#9224,.F.);
#3921=ORIENTED_EDGE('',*,*,#9225,.F.);
#3922=ORIENTED_EDGE('',*,*,#9226,.T.);
#3923=ORIENTED_EDGE('',*,*,#9227,.F.);
#3924=ORIENTED_EDGE('',*,*,#9228,.F.);
#3925=ORIENTED_EDGE('',*,*,#9229,.T.);
#3926=CARTESIAN_POINT('',(-13.825,3.43,-4.955));
#3927=DIRECTION('',(-0.0,1.0,0.0));
#3928=DIRECTION('',(1.0,0.0,0.0));
#3929=ORIENTED_EDGE('',*,*,#9230,.F.);
#3930=ORIENTED_EDGE('',*,*,#9231,.F.);
#3931=ORIENTED_EDGE('',*,*,#9232,.F.);
#3932=ORIENTED_EDGE('',*,*,#9233,.F.);
#3933=ORIENTED_EDGE('',*,*,#9229,.F.);
#3934=CARTESIAN_POINT('',(-0.7,0.0,0.0));
#3935=DIRECTION('',(1.0,0.0,0.0));
#3936=DIRECTION('',(0.0,1.0,0.0));
#3937=ORIENTED_EDGE('',*,*,#9233,.T.);
#3938=ORIENTED_EDGE('',*,*,#9234,.T.);
#3939=ORIENTED_EDGE('',*,*,#9235,.F.);
#3940=ORIENTED_EDGE('',*,*,#9226,.F.);
#3941=CARTESIAN_POINT('',(-0.7,4.18,1.255));
#3942=DIRECTION('',(-1.0,0.0,-0.0));
#3943=DIRECTION('',(0.0,0.0,-1.0));
#3944=ORIENTED_EDGE('',*,*,#9235,.T.);
#3945=ORIENTED_EDGE('',*,*,#9236,.T.);
#3946=ORIENTED_EDGE('',*,*,#9237,.T.);
#3947=ORIENTED_EDGE('',*,*,#9238,.T.);
#3948=ORIENTED_EDGE('',*,*,#9227,.T.);
#3949=CARTESIAN_POINT('',(0.7,0.0,0.0));
#3950=DIRECTION('',(1.0,0.0,0.0));
#3951=DIRECTION('',(0.0,1.0,0.0));
#3952=ORIENTED_EDGE('',*,*,#9238,.F.);
#3953=ORIENTED_EDGE('',*,*,#9239,.F.);
#3954=ORIENTED_EDGE('',*,*,#9230,.T.);
#3955=ORIENTED_EDGE('',*,*,#9228,.T.);
#3956=CARTESIAN_POINT('',(-0.7,4.83,2.755));
#3957=DIRECTION('',(0.0,0.764433319597122,0.644702799660219));
#3958=DIRECTION('',(1.0,0.0,-0.0));
#3959=ORIENTED_EDGE('',*,*,#9239,.T.);
#3960=ORIENTED_EDGE('',*,*,#9237,.F.);
#3961=ORIENTED_EDGE('',*,*,#9240,.F.);
#3962=ORIENTED_EDGE('',*,*,#9231,.T.);
#3963=CARTESIAN_POINT('',(-0.7,4.83,2.005));
#3964=DIRECTION('',(-0.0,1.0,0.0));
#3965=DIRECTION('',(1.0,0.0,0.0));
#3966=ORIENTED_EDGE('',*,*,#9240,.T.);
#3967=ORIENTED_EDGE('',*,*,#9236,.F.);
#3968=ORIENTED_EDGE('',*,*,#9234,.F.);
#3969=ORIENTED_EDGE('',*,*,#9232,.T.);
#3970=CARTESIAN_POINT('',(-0.7,4.18,2.005));
#3971=DIRECTION('',(0.0,0.0,-1.0));
#3972=DIRECTION('',(0.0,-1.0,0.0));
#3973=ORIENTED_EDGE('',*,*,#9225,.T.);
#3974=ORIENTED_EDGE('',*,*,#9241,.T.);
#3975=ORIENTED_EDGE('',*,*,#9242,.F.);
#3976=ORIENTED_EDGE('',*,*,#9243,.T.);
#3977=CARTESIAN_POINT('',(-12.325,3.43,-4.955));
#3978=DIRECTION('',(-1.0,0.0,0.0));
#3979=DIRECTION('',(0.0,0.0,1.0));
#3980=ORIENTED_EDGE('',*,*,#9244,.T.);
#3981=ORIENTED_EDGE('',*,*,#9245,.T.);
#3982=ORIENTED_EDGE('',*,*,#9246,.T.);
#3983=ORIENTED_EDGE('',*,*,#9247,.T.);
#3984=ORIENTED_EDGE('',*,*,#9248,.T.);
#3985=ORIENTED_EDGE('',*,*,#9249,.F.);
#3986=CARTESIAN_POINT('',(-13.825,-3.94,-4.955));
#3987=DIRECTION('',(0.0,0.0,-1.0));
#3988=DIRECTION('',(0.0,-1.0,0.0));
#3989=ORIENTED_EDGE('',*,*,#9250,.T.);
#3990=ORIENTED_EDGE('',*,*,#9251,.T.);
#3991=ORIENTED_EDGE('',*,*,#9222,.F.);
#3992=ORIENTED_EDGE('',*,*,#9252,.T.);
#3993=ORIENTED_EDGE('',*,*,#9253,.T.);
#3994=ORIENTED_EDGE('',*,*,#9254,.T.);
#3995=CARTESIAN_POINT('',(-13.825,-3.94,-4.955));
#3996=DIRECTION('',(0.0,0.0,-1.0));
#3997=DIRECTION('',(0.0,-1.0,0.0));
#3998=ORIENTED_EDGE('',*,*,#9255,.T.);
#3999=ORIENTED_EDGE('',*,*,#9256,.T.);
#4000=ORIENTED_EDGE('',*,*,#9257,.T.);
#4001=ORIENTED_EDGE('',*,*,#9258,.F.);
#4002=CARTESIAN_POINT('',(-13.825,-3.94,-4.955));
#4003=DIRECTION('',(0.0,0.0,-1.0));
#4004=DIRECTION('',(0.0,-1.0,0.0));
#4005=ORIENTED_EDGE('',*,*,#9259,.T.);
#4006=ORIENTED_EDGE('',*,*,#9260,.F.);
#4007=ORIENTED_EDGE('',*,*,#9261,.T.);
#4008=ORIENTED_EDGE('',*,*,#9262,.T.);
#4009=CARTESIAN_POINT('',(-13.825,-3.94,-4.955));
#4010=DIRECTION('',(0.0,0.0,-1.0));
#4011=DIRECTION('',(0.0,-1.0,0.0));
#4012=ORIENTED_EDGE('',*,*,#9263,.T.);
#4013=ORIENTED_EDGE('',*,*,#9264,.T.);
#4014=ORIENTED_EDGE('',*,*,#9265,.T.);
#4015=ORIENTED_EDGE('',*,*,#9266,.F.);
#4016=CARTESIAN_POINT('',(-13.825,-3.94,-4.955));
#4017=DIRECTION('',(0.0,0.0,-1.0));
#4018=DIRECTION('',(0.0,-1.0,0.0));
#4019=ORIENTED_EDGE('',*,*,#9267,.T.);
#4020=ORIENTED_EDGE('',*,*,#9268,.F.);
#4021=ORIENTED_EDGE('',*,*,#9269,.T.);
#4022=ORIENTED_EDGE('',*,*,#9270,.T.);
#4023=CARTESIAN_POINT('',(-13.825,-3.94,-4.955));
#4024=DIRECTION('',(0.0,0.0,-1.0));
#4025=DIRECTION('',(0.0,-1.0,0.0));
#4026=ORIENTED_EDGE('',*,*,#9271,.T.);
#4027=ORIENTED_EDGE('',*,*,#9272,.T.);
#4028=ORIENTED_EDGE('',*,*,#9273,.T.);
#4029=ORIENTED_EDGE('',*,*,#9274,.F.);
#4030=CARTESIAN_POINT('',(-13.825,-3.94,-4.955));
#4031=DIRECTION('',(0.0,0.0,-1.0));
#4032=DIRECTION('',(0.0,-1.0,0.0));
#4033=ORIENTED_EDGE('',*,*,#9275,.T.);
#4034=ORIENTED_EDGE('',*,*,#9276,.F.);
#4035=ORIENTED_EDGE('',*,*,#9277,.T.);
#4036=ORIENTED_EDGE('',*,*,#9278,.T.);
#4037=CARTESIAN_POINT('',(-13.825,-3.94,-4.955));
#4038=DIRECTION('',(0.0,0.0,-1.0));
#4039=DIRECTION('',(0.0,-1.0,0.0));
#4040=ORIENTED_EDGE('',*,*,#9279,.T.);
#4041=ORIENTED_EDGE('',*,*,#9280,.T.);
#4042=ORIENTED_EDGE('',*,*,#9281,.T.);
#4043=ORIENTED_EDGE('',*,*,#9282,.F.);
#4044=CARTESIAN_POINT('',(-13.825,-3.94,-4.955));
#4045=DIRECTION('',(0.0,0.0,-1.0));
#4046=DIRECTION('',(0.0,-1.0,0.0));
#4047=ORIENTED_EDGE('',*,*,#9283,.T.);
#4048=ORIENTED_EDGE('',*,*,#9284,.F.);
#4049=ORIENTED_EDGE('',*,*,#9285,.T.);
#4050=ORIENTED_EDGE('',*,*,#9286,.T.);
#4051=CARTESIAN_POINT('',(-13.825,-3.94,-4.955));
#4052=DIRECTION('',(0.0,0.0,-1.0));
#4053=DIRECTION('',(0.0,-1.0,0.0));
#4054=ORIENTED_EDGE('',*,*,#9287,.T.);
#4055=ORIENTED_EDGE('',*,*,#9288,.T.);
#4056=ORIENTED_EDGE('',*,*,#9289,.T.);
#4057=ORIENTED_EDGE('',*,*,#9290,.T.);
#4058=CARTESIAN_POINT('',(-13.825,-3.94,-4.955));
#4059=DIRECTION('',(0.0,0.0,-1.0));
#4060=DIRECTION('',(0.0,-1.0,0.0));
#4061=ORIENTED_EDGE('',*,*,#9291,.T.);
#4062=ORIENTED_EDGE('',*,*,#9292,.F.);
#4063=ORIENTED_EDGE('',*,*,#9293,.T.);
#4064=ORIENTED_EDGE('',*,*,#9294,.T.);
#4065=CARTESIAN_POINT('',(-13.825,-3.94,-4.955));
#4066=DIRECTION('',(0.0,0.0,-1.0));
#4067=DIRECTION('',(0.0,-1.0,0.0));
#4068=ORIENTED_EDGE('',*,*,#9295,.T.);
#4069=ORIENTED_EDGE('',*,*,#9296,.F.);
#4070=ORIENTED_EDGE('',*,*,#9297,.T.);
#4071=ORIENTED_EDGE('',*,*,#9298,.T.);
#4072=CARTESIAN_POINT('',(-13.825,-3.94,-4.955));
#4073=DIRECTION('',(0.0,0.0,-1.0));
#4074=DIRECTION('',(0.0,-1.0,0.0));
#4075=ORIENTED_EDGE('',*,*,#9299,.T.);
#4076=ORIENTED_EDGE('',*,*,#9300,.F.);
#4077=ORIENTED_EDGE('',*,*,#9301,.T.);
#4078=ORIENTED_EDGE('',*,*,#9302,.T.);
#4079=CARTESIAN_POINT('',(-13.825,-3.94,-4.955));
#4080=DIRECTION('',(0.0,0.0,-1.0));
#4081=DIRECTION('',(0.0,-1.0,0.0));
#4082=ORIENTED_EDGE('',*,*,#9303,.T.);
#4083=ORIENTED_EDGE('',*,*,#9304,.F.);
#4084=ORIENTED_EDGE('',*,*,#9305,.T.);
#4085=ORIENTED_EDGE('',*,*,#9306,.F.);
#4086=ORIENTED_EDGE('',*,*,#9307,.T.);
#4087=ORIENTED_EDGE('',*,*,#9308,.F.);
#4088=CARTESIAN_POINT('',(-13.825,-3.94,-4.955));
#4089=DIRECTION('',(0.0,0.0,-1.0));
#4090=DIRECTION('',(0.0,-1.0,0.0));
#4091=ORIENTED_EDGE('',*,*,#9309,.T.);
#4092=ORIENTED_EDGE('',*,*,#9310,.F.);
#4093=ORIENTED_EDGE('',*,*,#9216,.F.);
#4094=ORIENTED_EDGE('',*,*,#9243,.F.);
#4095=ORIENTED_EDGE('',*,*,#9311,.T.);
#4096=ORIENTED_EDGE('',*,*,#9312,.F.);
#4097=CARTESIAN_POINT('',(-13.825,-3.94,-4.955));
#4098=DIRECTION('',(0.0,0.0,-1.0));
#4099=DIRECTION('',(0.0,-1.0,0.0));
#4100=ORIENTED_EDGE('',*,*,#9313,.T.);
#4101=ORIENTED_EDGE('',*,*,#9314,.F.);
#4102=ORIENTED_EDGE('',*,*,#9315,.T.);
#4103=ORIENTED_EDGE('',*,*,#9316,.T.);
#4104=CARTESIAN_POINT('',(-13.825,-3.94,-4.955));
#4105=DIRECTION('',(0.0,0.0,-1.0));
#4106=DIRECTION('',(0.0,-1.0,0.0));
#4107=ORIENTED_EDGE('',*,*,#9317,.T.);
#4108=ORIENTED_EDGE('',*,*,#9318,.F.);
#4109=ORIENTED_EDGE('',*,*,#9319,.T.);
#4110=ORIENTED_EDGE('',*,*,#9320,.T.);
#4111=CARTESIAN_POINT('',(-13.825,-3.94,-4.955));
#4112=DIRECTION('',(0.0,0.0,-1.0));
#4113=DIRECTION('',(0.0,-1.0,0.0));
#4114=ORIENTED_EDGE('',*,*,#9249,.T.);
#4115=ORIENTED_EDGE('',*,*,#9321,.T.);
#4116=ORIENTED_EDGE('',*,*,#9322,.T.);
#4117=ORIENTED_EDGE('',*,*,#9323,.F.);
#4118=CARTESIAN_POINT('',(10.82,3.43,-3.655));
#4119=DIRECTION('',(1.0,0.0,0.0));
#4120=DIRECTION('',(0.0,1.0,0.0));
#4121=ORIENTED_EDGE('',*,*,#9324,.F.);
#4122=ORIENTED_EDGE('',*,*,#9254,.F.);
#4123=ORIENTED_EDGE('',*,*,#9325,.F.);
#4124=ORIENTED_EDGE('',*,*,#9326,.F.);
#4125=ORIENTED_EDGE('',*,*,#9327,.F.);
#4126=ORIENTED_EDGE('',*,*,#9328,.F.);
#4127=CARTESIAN_POINT('',(10.82,3.43,-3.655));
#4128=DIRECTION('',(1.0,0.0,0.0));
#4129=DIRECTION('',(0.0,1.0,0.0));
#4130=ORIENTED_EDGE('',*,*,#9329,.T.);
#4131=ORIENTED_EDGE('',*,*,#9330,.F.);
#4132=ORIENTED_EDGE('',*,*,#9331,.F.);
#4133=ORIENTED_EDGE('',*,*,#9332,.F.);
#4134=CARTESIAN_POINT('',(10.82,3.43,-3.655));
#4135=DIRECTION('',(1.0,0.0,0.0));
#4136=DIRECTION('',(0.0,1.0,0.0));
#4137=ORIENTED_EDGE('',*,*,#9333,.F.);
#4138=ORIENTED_EDGE('',*,*,#9334,.F.);
#4139=ORIENTED_EDGE('',*,*,#9335,.T.);
#4140=ORIENTED_EDGE('',*,*,#9336,.F.);
#4141=CARTESIAN_POINT('',(10.82,3.43,-3.655));
#4142=DIRECTION('',(1.0,0.0,0.0));
#4143=DIRECTION('',(0.0,1.0,0.0));
#4144=ORIENTED_EDGE('',*,*,#9337,.T.);
#4145=ORIENTED_EDGE('',*,*,#9338,.F.);
#4146=ORIENTED_EDGE('',*,*,#9244,.F.);
#4147=ORIENTED_EDGE('',*,*,#9323,.T.);
#4148=CARTESIAN_POINT('',(-13.825,-2.78,-4.955));
#4149=DIRECTION('',(-0.0,1.0,0.0));
#4150=DIRECTION('',(1.0,0.0,0.0));
#4151=ORIENTED_EDGE('',*,*,#9339,.T.);
#4152=ORIENTED_EDGE('',*,*,#9340,.F.);
#4153=ORIENTED_EDGE('',*,*,#9255,.F.);
#4154=ORIENTED_EDGE('',*,*,#9341,.T.);
#4155=CARTESIAN_POINT('',(-13.825,-2.78,-4.955));
#4156=DIRECTION('',(-0.0,1.0,0.0));
#4157=DIRECTION('',(1.0,0.0,0.0));
#4158=ORIENTED_EDGE('',*,*,#9342,.T.);
#4159=ORIENTED_EDGE('',*,*,#9343,.F.);
#4160=ORIENTED_EDGE('',*,*,#9263,.F.);
#4161=ORIENTED_EDGE('',*,*,#9344,.T.);
#4162=CARTESIAN_POINT('',(-13.825,-2.78,-4.955));
#4163=DIRECTION('',(-0.0,1.0,0.0));
#4164=DIRECTION('',(1.0,0.0,0.0));
#4165=ORIENTED_EDGE('',*,*,#9345,.T.);
#4166=ORIENTED_EDGE('',*,*,#9346,.F.);
#4167=ORIENTED_EDGE('',*,*,#9271,.F.);
#4168=ORIENTED_EDGE('',*,*,#9347,.T.);
#4169=CARTESIAN_POINT('',(-13.825,-2.78,-4.955));
#4170=DIRECTION('',(-0.0,1.0,0.0));
#4171=DIRECTION('',(1.0,0.0,0.0));
#4172=ORIENTED_EDGE('',*,*,#9348,.T.);
#4173=ORIENTED_EDGE('',*,*,#9349,.F.);
#4174=ORIENTED_EDGE('',*,*,#9279,.F.);
#4175=ORIENTED_EDGE('',*,*,#9350,.T.);
#4176=CARTESIAN_POINT('',(-13.825,-2.78,-4.955));
#4177=DIRECTION('',(-0.0,1.0,0.0));
#4178=DIRECTION('',(1.0,0.0,0.0));
#4179=ORIENTED_EDGE('',*,*,#9351,.T.);
#4180=ORIENTED_EDGE('',*,*,#9352,.F.);
#4181=ORIENTED_EDGE('',*,*,#9287,.F.);
#4182=ORIENTED_EDGE('',*,*,#9353,.T.);
#4183=CARTESIAN_POINT('',(-13.825,-2.78,-4.955));
#4184=DIRECTION('',(-0.0,1.0,0.0));
#4185=DIRECTION('',(1.0,0.0,0.0));
#4186=ORIENTED_EDGE('',*,*,#9354,.T.);
#4187=ORIENTED_EDGE('',*,*,#9355,.F.);
#4188=ORIENTED_EDGE('',*,*,#9295,.F.);
#4189=ORIENTED_EDGE('',*,*,#9356,.T.);
#4190=CARTESIAN_POINT('',(-13.825,-2.78,-4.955));
#4191=DIRECTION('',(-0.0,1.0,0.0));
#4192=DIRECTION('',(1.0,0.0,0.0));
#4193=ORIENTED_EDGE('',*,*,#9307,.F.);
#4194=ORIENTED_EDGE('',*,*,#9357,.T.);
#4195=ORIENTED_EDGE('',*,*,#9358,.T.);
#4196=ORIENTED_EDGE('',*,*,#9359,.F.);
#4197=CARTESIAN_POINT('',(-13.825,-2.78,-4.955));
#4198=DIRECTION('',(-0.0,1.0,0.0));
#4199=DIRECTION('',(1.0,0.0,0.0));
#4200=ORIENTED_EDGE('',*,*,#9360,.T.);
#4201=ORIENTED_EDGE('',*,*,#9361,.F.);
#4202=ORIENTED_EDGE('',*,*,#9313,.F.);
#4203=ORIENTED_EDGE('',*,*,#9362,.T.);
#4204=CARTESIAN_POINT('',(-13.825,-2.78,-4.955));
#4205=DIRECTION('',(-0.0,1.0,0.0));
#4206=DIRECTION('',(1.0,0.0,0.0));
#4207=ORIENTED_EDGE('',*,*,#9363,.F.);
#4208=ORIENTED_EDGE('',*,*,#9364,.F.);
#4209=ORIENTED_EDGE('',*,*,#9365,.F.);
#4210=ORIENTED_EDGE('',*,*,#9366,.T.);
#4211=ORIENTED_EDGE('',*,*,#9367,.F.);
#4212=ORIENTED_EDGE('',*,*,#9252,.F.);
#4213=ORIENTED_EDGE('',*,*,#9221,.F.);
#4214=ORIENTED_EDGE('',*,*,#9368,.T.);
#4215=ORIENTED_EDGE('',*,*,#9369,.T.);
#4216=ORIENTED_EDGE('',*,*,#9245,.F.);
#4217=ORIENTED_EDGE('',*,*,#9338,.T.);
#4218=ORIENTED_EDGE('',*,*,#9370,.T.);
#4219=CARTESIAN_POINT('',(14.075,3.43,-3.355));
#4220=DIRECTION('',(1.0,0.0,0.0));
#4221=DIRECTION('',(0.0,1.0,0.0));
#4222=ORIENTED_EDGE('',*,*,#9371,.T.);
#4223=ORIENTED_EDGE('',*,*,#9372,.T.);
#4224=ORIENTED_EDGE('',*,*,#9373,.T.);
#4225=ORIENTED_EDGE('',*,*,#9358,.F.);
#4226=ORIENTED_EDGE('',*,*,#9374,.T.);
#4227=ORIENTED_EDGE('',*,*,#9375,.F.);
#4228=ORIENTED_EDGE('',*,*,#9376,.T.);
#4229=ORIENTED_EDGE('',*,*,#9377,.F.);
#4230=ORIENTED_EDGE('',*,*,#9378,.T.);
#4231=ORIENTED_EDGE('',*,*,#9379,.F.);
#4232=ORIENTED_EDGE('',*,*,#9380,.F.);
#4233=ORIENTED_EDGE('',*,*,#9381,.F.);
#4234=ORIENTED_EDGE('',*,*,#9382,.F.);
#4235=ORIENTED_EDGE('',*,*,#9383,.F.);
#4236=ORIENTED_EDGE('',*,*,#9384,.F.);
#4237=ORIENTED_EDGE('',*,*,#9385,.F.);
#4238=ORIENTED_EDGE('',*,*,#9386,.T.);
#4239=ORIENTED_EDGE('',*,*,#9387,.T.);
#4240=ORIENTED_EDGE('',*,*,#9388,.T.);
#4241=ORIENTED_EDGE('',*,*,#9389,.T.);
#4242=ORIENTED_EDGE('',*,*,#9390,.T.);
#4243=ORIENTED_EDGE('',*,*,#9391,.F.);
#4244=ORIENTED_EDGE('',*,*,#9392,.F.);
#4245=ORIENTED_EDGE('',*,*,#9393,.F.);
#4246=ORIENTED_EDGE('',*,*,#9394,.F.);
#4247=ORIENTED_EDGE('',*,*,#9395,.F.);
#4248=ORIENTED_EDGE('',*,*,#9396,.F.);
#4249=ORIENTED_EDGE('',*,*,#9397,.F.);
#4250=ORIENTED_EDGE('',*,*,#9398,.T.);
#4251=ORIENTED_EDGE('',*,*,#9399,.T.);
#4252=ORIENTED_EDGE('',*,*,#9400,.T.);
#4253=ORIENTED_EDGE('',*,*,#9401,.T.);
#4254=ORIENTED_EDGE('',*,*,#9402,.T.);
#4255=ORIENTED_EDGE('',*,*,#9403,.F.);
#4256=ORIENTED_EDGE('',*,*,#9404,.F.);
#4257=ORIENTED_EDGE('',*,*,#9405,.F.);
#4258=ORIENTED_EDGE('',*,*,#9406,.F.);
#4259=ORIENTED_EDGE('',*,*,#9407,.F.);
#4260=ORIENTED_EDGE('',*,*,#9408,.F.);
#4261=ORIENTED_EDGE('',*,*,#9409,.F.);
#4262=ORIENTED_EDGE('',*,*,#9410,.T.);
#4263=ORIENTED_EDGE('',*,*,#9411,.T.);
#4264=ORIENTED_EDGE('',*,*,#9412,.T.);
#4265=ORIENTED_EDGE('',*,*,#9413,.T.);
#4266=ORIENTED_EDGE('',*,*,#9414,.T.);
#4267=ORIENTED_EDGE('',*,*,#9415,.F.);
#4268=ORIENTED_EDGE('',*,*,#9416,.F.);
#4269=ORIENTED_EDGE('',*,*,#9417,.F.);
#4270=ORIENTED_EDGE('',*,*,#9418,.F.);
#4271=ORIENTED_EDGE('',*,*,#9419,.F.);
#4272=ORIENTED_EDGE('',*,*,#9420,.F.);
#4273=ORIENTED_EDGE('',*,*,#9421,.F.);
#4274=ORIENTED_EDGE('',*,*,#9422,.T.);
#4275=ORIENTED_EDGE('',*,*,#9423,.T.);
#4276=ORIENTED_EDGE('',*,*,#9424,.T.);
#4277=ORIENTED_EDGE('',*,*,#9425,.T.);
#4278=ORIENTED_EDGE('',*,*,#9426,.T.);
#4279=ORIENTED_EDGE('',*,*,#9427,.F.);
#4280=ORIENTED_EDGE('',*,*,#9428,.F.);
#4281=ORIENTED_EDGE('',*,*,#9429,.F.);
#4282=ORIENTED_EDGE('',*,*,#9430,.F.);
#4283=ORIENTED_EDGE('',*,*,#9431,.F.);
#4284=ORIENTED_EDGE('',*,*,#9432,.F.);
#4285=ORIENTED_EDGE('',*,*,#9433,.F.);
#4286=ORIENTED_EDGE('',*,*,#9434,.T.);
#4287=ORIENTED_EDGE('',*,*,#9435,.T.);
#4288=ORIENTED_EDGE('',*,*,#9436,.T.);
#4289=ORIENTED_EDGE('',*,*,#9437,.T.);
#4290=ORIENTED_EDGE('',*,*,#9438,.T.);
#4291=ORIENTED_EDGE('',*,*,#9439,.F.);
#4292=ORIENTED_EDGE('',*,*,#9440,.F.);
#4293=ORIENTED_EDGE('',*,*,#9441,.F.);
#4294=ORIENTED_EDGE('',*,*,#9442,.F.);
#4295=ORIENTED_EDGE('',*,*,#9443,.F.);
#4296=ORIENTED_EDGE('',*,*,#9444,.F.);
#4297=ORIENTED_EDGE('',*,*,#9445,.F.);
#4298=ORIENTED_EDGE('',*,*,#9446,.T.);
#4299=ORIENTED_EDGE('',*,*,#9447,.T.);
#4300=ORIENTED_EDGE('',*,*,#9448,.T.);
#4301=ORIENTED_EDGE('',*,*,#9449,.T.);
#4302=ORIENTED_EDGE('',*,*,#9450,.T.);
#4303=ORIENTED_EDGE('',*,*,#9451,.F.);
#4304=ORIENTED_EDGE('',*,*,#9452,.F.);
#4305=ORIENTED_EDGE('',*,*,#9453,.F.);
#4306=ORIENTED_EDGE('',*,*,#9454,.F.);
#4307=ORIENTED_EDGE('',*,*,#9455,.F.);
#4308=ORIENTED_EDGE('',*,*,#9456,.F.);
#4309=ORIENTED_EDGE('',*,*,#9457,.F.);
#4310=ORIENTED_EDGE('',*,*,#9458,.T.);
#4311=ORIENTED_EDGE('',*,*,#9459,.T.);
#4312=ORIENTED_EDGE('',*,*,#9460,.T.);
#4313=ORIENTED_EDGE('',*,*,#9461,.T.);
#4314=ORIENTED_EDGE('',*,*,#9462,.T.);
#4315=ORIENTED_EDGE('',*,*,#9463,.F.);
#4316=ORIENTED_EDGE('',*,*,#9464,.F.);
#4317=ORIENTED_EDGE('',*,*,#9465,.F.);
#4318=ORIENTED_EDGE('',*,*,#9466,.F.);
#4319=ORIENTED_EDGE('',*,*,#9467,.F.);
#4320=ORIENTED_EDGE('',*,*,#9468,.F.);
#4321=ORIENTED_EDGE('',*,*,#9469,.F.);
#4322=ORIENTED_EDGE('',*,*,#9336,.T.);
#4323=ORIENTED_EDGE('',*,*,#9470,.T.);
#4324=ORIENTED_EDGE('',*,*,#9330,.T.);
#4325=ORIENTED_EDGE('',*,*,#9471,.T.);
#4326=ORIENTED_EDGE('',*,*,#9326,.T.);
#4327=ORIENTED_EDGE('',*,*,#9472,.F.);
#4328=ORIENTED_EDGE('',*,*,#9366,.F.);
#4329=ORIENTED_EDGE('',*,*,#9473,.F.);
#4330=ORIENTED_EDGE('',*,*,#9474,.F.);
#4331=ORIENTED_EDGE('',*,*,#9475,.F.);
#4332=ORIENTED_EDGE('',*,*,#9370,.F.);
#4333=ORIENTED_EDGE('',*,*,#9337,.F.);
#4334=ORIENTED_EDGE('',*,*,#9322,.F.);
#4335=ORIENTED_EDGE('',*,*,#9476,.F.);
#4336=ORIENTED_EDGE('',*,*,#9477,.T.);
#4337=ORIENTED_EDGE('',*,*,#9478,.T.);
#4338=ORIENTED_EDGE('',*,*,#9479,.T.);
#4339=ORIENTED_EDGE('',*,*,#9339,.F.);
#4340=ORIENTED_EDGE('',*,*,#9480,.F.);
#4341=ORIENTED_EDGE('',*,*,#9481,.F.);
#4342=ORIENTED_EDGE('',*,*,#9482,.T.);
#4343=ORIENTED_EDGE('',*,*,#9483,.T.);
#4344=ORIENTED_EDGE('',*,*,#9484,.T.);
#4345=ORIENTED_EDGE('',*,*,#9342,.F.);
#4346=ORIENTED_EDGE('',*,*,#9485,.F.);
#4347=ORIENTED_EDGE('',*,*,#9486,.F.);
#4348=ORIENTED_EDGE('',*,*,#9487,.T.);
#4349=ORIENTED_EDGE('',*,*,#9488,.T.);
#4350=ORIENTED_EDGE('',*,*,#9489,.T.);
#4351=ORIENTED_EDGE('',*,*,#9345,.F.);
#4352=ORIENTED_EDGE('',*,*,#9490,.F.);
#4353=ORIENTED_EDGE('',*,*,#9491,.F.);
#4354=ORIENTED_EDGE('',*,*,#9492,.T.);
#4355=ORIENTED_EDGE('',*,*,#9493,.T.);
#4356=ORIENTED_EDGE('',*,*,#9494,.T.);
#4357=ORIENTED_EDGE('',*,*,#9348,.F.);
#4358=ORIENTED_EDGE('',*,*,#9495,.F.);
#4359=ORIENTED_EDGE('',*,*,#9496,.F.);
#4360=ORIENTED_EDGE('',*,*,#9497,.T.);
#4361=ORIENTED_EDGE('',*,*,#9498,.T.);
#4362=ORIENTED_EDGE('',*,*,#9499,.T.);
#4363=ORIENTED_EDGE('',*,*,#9351,.F.);
#4364=ORIENTED_EDGE('',*,*,#9500,.F.);
#4365=ORIENTED_EDGE('',*,*,#9501,.F.);
#4366=ORIENTED_EDGE('',*,*,#9502,.T.);
#4367=ORIENTED_EDGE('',*,*,#9503,.T.);
#4368=ORIENTED_EDGE('',*,*,#9504,.T.);
#4369=ORIENTED_EDGE('',*,*,#9354,.F.);
#4370=ORIENTED_EDGE('',*,*,#9505,.F.);
#4371=ORIENTED_EDGE('',*,*,#9506,.F.);
#4372=ORIENTED_EDGE('',*,*,#9507,.T.);
#4373=ORIENTED_EDGE('',*,*,#9508,.T.);
#4374=ORIENTED_EDGE('',*,*,#9509,.T.);
#4375=ORIENTED_EDGE('',*,*,#9360,.F.);
#4376=ORIENTED_EDGE('',*,*,#9510,.F.);
#4377=ORIENTED_EDGE('',*,*,#9511,.F.);
#4378=CARTESIAN_POINT('',(-13.825,-2.78,-4.285));
#4379=DIRECTION('',(0.0,0.0,-1.0));
#4380=DIRECTION('',(0.0,-1.0,0.0));
#4381=ORIENTED_EDGE('',*,*,#9512,.T.);
#4382=ORIENTED_EDGE('',*,*,#9513,.T.);
#4383=ORIENTED_EDGE('',*,*,#9514,.T.);
#4384=ORIENTED_EDGE('',*,*,#9387,.F.);
#4385=CARTESIAN_POINT('',(-10.18,0.0,0.0));
#4386=DIRECTION('',(1.0,0.0,0.0));
#4387=DIRECTION('',(0.0,1.0,0.0));
#4388=ORIENTED_EDGE('',*,*,#9515,.T.);
#4389=ORIENTED_EDGE('',*,*,#9516,.T.);
#4390=ORIENTED_EDGE('',*,*,#9517,.T.);
#4391=ORIENTED_EDGE('',*,*,#9518,.T.);
#4392=CARTESIAN_POINT('',(-10.18,0.0,0.0));
#4393=DIRECTION('',(1.0,0.0,0.0));
#4394=DIRECTION('',(0.0,1.0,0.0));
#4395=ORIENTED_EDGE('',*,*,#9519,.T.);
#4396=ORIENTED_EDGE('',*,*,#9520,.T.);
#4397=ORIENTED_EDGE('',*,*,#9521,.T.);
#4398=ORIENTED_EDGE('',*,*,#9522,.T.);
#4399=CARTESIAN_POINT('',(-10.18,0.0,0.0));
#4400=DIRECTION('',(1.0,0.0,0.0));
#4401=DIRECTION('',(0.0,1.0,0.0));
#4402=ORIENTED_EDGE('',*,*,#9523,.T.);
#4403=ORIENTED_EDGE('',*,*,#9524,.T.);
#4404=ORIENTED_EDGE('',*,*,#9389,.F.);
#4405=ORIENTED_EDGE('',*,*,#9525,.T.);
#4406=ORIENTED_EDGE('',*,*,#9526,.T.);
#4407=ORIENTED_EDGE('',*,*,#9527,.T.);
#4408=CARTESIAN_POINT('',(-10.18,0.0,0.0));
#4409=DIRECTION('',(1.0,0.0,0.0));
#4410=DIRECTION('',(0.0,1.0,0.0));
#4411=ORIENTED_EDGE('',*,*,#9511,.T.);
#4412=ORIENTED_EDGE('',*,*,#9528,.T.);
#4413=ORIENTED_EDGE('',*,*,#9529,.T.);
#4414=ORIENTED_EDGE('',*,*,#9530,.T.);
#4415=CARTESIAN_POINT('',(-10.18,0.0,0.0));
#4416=DIRECTION('',(1.0,0.0,0.0));
#4417=DIRECTION('',(0.0,1.0,0.0));
#4418=ORIENTED_EDGE('',*,*,#9531,.T.);
#4419=ORIENTED_EDGE('',*,*,#9532,.T.);
#4420=ORIENTED_EDGE('',*,*,#9514,.F.);
#4421=ORIENTED_EDGE('',*,*,#9533,.T.);
#4422=ORIENTED_EDGE('',*,*,#9534,.T.);
#4423=ORIENTED_EDGE('',*,*,#9535,.T.);
#4424=CARTESIAN_POINT('',(-10.18,0.32,-4.955));
#4425=DIRECTION('',(-0.0,1.0,0.0));
#4426=DIRECTION('',(1.0,0.0,0.0));
#4427=ORIENTED_EDGE('',*,*,#9380,.T.);
#4428=ORIENTED_EDGE('',*,*,#9536,.T.);
#4429=ORIENTED_EDGE('',*,*,#9312,.T.);
#4430=ORIENTED_EDGE('',*,*,#9537,.T.);
#4431=ORIENTED_EDGE('',*,*,#9538,.T.);
#4432=ORIENTED_EDGE('',*,*,#9539,.F.);
#4433=CARTESIAN_POINT('',(-10.82,3.43,-4.955));
#4434=DIRECTION('',(-1.0,0.0,0.0));
#4435=DIRECTION('',(0.0,0.0,1.0));
#4436=ORIENTED_EDGE('',*,*,#9540,.T.);
#4437=ORIENTED_EDGE('',*,*,#9535,.F.);
#4438=ORIENTED_EDGE('',*,*,#9382,.T.);
#4439=ORIENTED_EDGE('',*,*,#9541,.T.);
#4440=CARTESIAN_POINT('',(-10.82,3.43,-4.955));
#4441=DIRECTION('',(-1.0,0.0,0.0));
#4442=DIRECTION('',(0.0,0.0,1.0));
#4443=ORIENTED_EDGE('',*,*,#9542,.F.);
#4444=ORIENTED_EDGE('',*,*,#9308,.T.);
#4445=ORIENTED_EDGE('',*,*,#9359,.T.);
#4446=ORIENTED_EDGE('',*,*,#9373,.F.);
#4447=CARTESIAN_POINT('',(-10.82,3.43,-4.955));
#4448=DIRECTION('',(-1.0,0.0,0.0));
#4449=DIRECTION('',(0.0,0.0,1.0));
#4450=ORIENTED_EDGE('',*,*,#9384,.T.);
#4451=ORIENTED_EDGE('',*,*,#9543,.T.);
#4452=ORIENTED_EDGE('',*,*,#9544,.T.);
#4453=ORIENTED_EDGE('',*,*,#9545,.T.);
#4454=CARTESIAN_POINT('',(-10.82,3.43,-4.955));
#4455=DIRECTION('',(-1.0,0.0,0.0));
#4456=DIRECTION('',(0.0,0.0,1.0));
#4457=ORIENTED_EDGE('',*,*,#9546,.T.);
#4458=ORIENTED_EDGE('',*,*,#9547,.T.);
#4459=ORIENTED_EDGE('',*,*,#9524,.F.);
#4460=ORIENTED_EDGE('',*,*,#9548,.T.);
#4461=ORIENTED_EDGE('',*,*,#9549,.T.);
#4462=ORIENTED_EDGE('',*,*,#9539,.T.);
#4463=CARTESIAN_POINT('',(-10.18,1.589,-7.285));
#4464=DIRECTION('',(-0.0,1.0,0.0));
#4465=DIRECTION('',(1.0,0.0,0.0));
#4466=ORIENTED_EDGE('',*,*,#9534,.F.);
#4467=ORIENTED_EDGE('',*,*,#9550,.F.);
#4468=ORIENTED_EDGE('',*,*,#9551,.F.);
#4469=ORIENTED_EDGE('',*,*,#9383,.T.);
#4470=CARTESIAN_POINT('',(-10.82,0.0,0.0));
#4471=DIRECTION('',(1.0,0.0,0.0));
#4472=DIRECTION('',(0.0,1.0,0.0));
#4473=ORIENTED_EDGE('',*,*,#9552,.F.);
#4474=ORIENTED_EDGE('',*,*,#9553,.F.);
#4475=ORIENTED_EDGE('',*,*,#9554,.F.);
#4476=ORIENTED_EDGE('',*,*,#9555,.T.);
#4477=CARTESIAN_POINT('',(-10.82,0.0,0.0));
#4478=DIRECTION('',(1.0,0.0,0.0));
#4479=DIRECTION('',(0.0,1.0,0.0));
#4480=ORIENTED_EDGE('',*,*,#9556,.F.);
#4481=ORIENTED_EDGE('',*,*,#9557,.F.);
#4482=ORIENTED_EDGE('',*,*,#9558,.F.);
#4483=ORIENTED_EDGE('',*,*,#9559,.T.);
#4484=CARTESIAN_POINT('',(-10.82,0.0,0.0));
#4485=DIRECTION('',(1.0,0.0,0.0));
#4486=DIRECTION('',(0.0,1.0,0.0));
#4487=ORIENTED_EDGE('',*,*,#9560,.F.);
#4488=ORIENTED_EDGE('',*,*,#9561,.F.);
#4489=ORIENTED_EDGE('',*,*,#9381,.T.);
#4490=ORIENTED_EDGE('',*,*,#9549,.F.);
#4491=ORIENTED_EDGE('',*,*,#9562,.F.);
#4492=ORIENTED_EDGE('',*,*,#9563,.T.);
#4493=CARTESIAN_POINT('',(-10.82,0.0,0.0));
#4494=DIRECTION('',(1.0,0.0,0.0));
#4495=DIRECTION('',(0.0,1.0,0.0));
#4496=ORIENTED_EDGE('',*,*,#9564,.F.);
#4497=ORIENTED_EDGE('',*,*,#9565,.T.);
#4498=ORIENTED_EDGE('',*,*,#9372,.F.);
#4499=ORIENTED_EDGE('',*,*,#9566,.T.);
#4500=CARTESIAN_POINT('',(-10.82,0.0,0.0));
#4501=DIRECTION('',(1.0,0.0,0.0));
#4502=DIRECTION('',(0.0,1.0,0.0));
#4503=ORIENTED_EDGE('',*,*,#9551,.T.);
#4504=ORIENTED_EDGE('',*,*,#9567,.F.);
#4505=ORIENTED_EDGE('',*,*,#9512,.F.);
#4506=ORIENTED_EDGE('',*,*,#9568,.F.);
#4507=ORIENTED_EDGE('',*,*,#9569,.F.);
#4508=ORIENTED_EDGE('',*,*,#9543,.F.);
#4509=CARTESIAN_POINT('',(-10.18,-0.32,-3.655));
#4510=DIRECTION('',(0.0,-1.0,0.0));
#4511=DIRECTION('',(0.0,0.0,-1.0));
#4512=ORIENTED_EDGE('',*,*,#9538,.F.);
#4513=ORIENTED_EDGE('',*,*,#9570,.T.);
#4514=ORIENTED_EDGE('',*,*,#9571,.T.);
#4515=ORIENTED_EDGE('',*,*,#9546,.F.);
#4516=CARTESIAN_POINT('',(-10.82,3.43,-3.655));
#4517=DIRECTION('',(0.0,0.0,1.0));
#4518=DIRECTION('',(1.0,0.0,0.0));
#4519=ORIENTED_EDGE('',*,*,#9572,.T.);
#4520=ORIENTED_EDGE('',*,*,#9531,.F.);
#4521=ORIENTED_EDGE('',*,*,#9540,.F.);
#4522=ORIENTED_EDGE('',*,*,#9573,.T.);
#4523=CARTESIAN_POINT('',(-10.82,3.43,-3.655));
#4524=DIRECTION('',(0.0,0.0,1.0));
#4525=DIRECTION('',(1.0,0.0,0.0));
#4526=ORIENTED_EDGE('',*,*,#9544,.F.);
#4527=ORIENTED_EDGE('',*,*,#9569,.T.);
#4528=ORIENTED_EDGE('',*,*,#9574,.T.);
#4529=ORIENTED_EDGE('',*,*,#9575,.F.);
#4530=CARTESIAN_POINT('',(-10.82,3.43,-3.655));
#4531=DIRECTION('',(0.0,0.0,1.0));
#4532=DIRECTION('',(1.0,0.0,0.0));
#4533=ORIENTED_EDGE('',*,*,#9571,.F.);
#4534=ORIENTED_EDGE('',*,*,#9576,.F.);
#4535=ORIENTED_EDGE('',*,*,#9320,.F.);
#4536=ORIENTED_EDGE('',*,*,#9577,.F.);
#4537=ORIENTED_EDGE('',*,*,#9390,.F.);
#4538=ORIENTED_EDGE('',*,*,#9547,.F.);
#4539=CARTESIAN_POINT('',(-10.18,3.43,-3.655));
#4540=DIRECTION('',(1.0,0.0,0.0));
#4541=DIRECTION('',(0.0,1.0,0.0));
#4542=ORIENTED_EDGE('',*,*,#9388,.F.);
#4543=ORIENTED_EDGE('',*,*,#9532,.F.);
#4544=ORIENTED_EDGE('',*,*,#9572,.F.);
#4545=ORIENTED_EDGE('',*,*,#9578,.T.);
#4546=CARTESIAN_POINT('',(-10.18,3.43,-3.655));
#4547=DIRECTION('',(1.0,0.0,0.0));
#4548=DIRECTION('',(0.0,1.0,0.0));
#4549=ORIENTED_EDGE('',*,*,#9362,.F.);
#4550=ORIENTED_EDGE('',*,*,#9316,.F.);
#4551=ORIENTED_EDGE('',*,*,#9579,.T.);
#4552=ORIENTED_EDGE('',*,*,#9510,.T.);
#4553=CARTESIAN_POINT('',(-10.18,3.43,-3.655));
#4554=DIRECTION('',(1.0,0.0,0.0));
#4555=DIRECTION('',(0.0,1.0,0.0));
#4556=ORIENTED_EDGE('',*,*,#9574,.F.);
#4557=ORIENTED_EDGE('',*,*,#9568,.T.);
#4558=ORIENTED_EDGE('',*,*,#9386,.F.);
#4559=ORIENTED_EDGE('',*,*,#9580,.F.);
#4560=CARTESIAN_POINT('',(-10.18,3.43,-3.655));
#4561=DIRECTION('',(1.0,0.0,0.0));
#4562=DIRECTION('',(0.0,1.0,0.0));
#4563=ORIENTED_EDGE('',*,*,#9253,.F.);
#4564=ORIENTED_EDGE('',*,*,#9367,.T.);
#4565=ORIENTED_EDGE('',*,*,#9472,.T.);
#4566=ORIENTED_EDGE('',*,*,#9325,.T.);
#4567=CARTESIAN_POINT('',(-13.825,1.6,-4.285));
#4568=DIRECTION('',(0.0,-1.0,0.0));
#4569=DIRECTION('',(0.0,0.0,-1.0));
#4570=ORIENTED_EDGE('',*,*,#9261,.F.);
#4571=ORIENTED_EDGE('',*,*,#9581,.F.);
#4572=ORIENTED_EDGE('',*,*,#9463,.T.);
#4573=ORIENTED_EDGE('',*,*,#9582,.T.);
#4574=CARTESIAN_POINT('',(-13.825,1.6,-4.285));
#4575=DIRECTION('',(0.0,-1.0,0.0));
#4576=DIRECTION('',(0.0,0.0,-1.0));
#4577=ORIENTED_EDGE('',*,*,#9269,.F.);
#4578=ORIENTED_EDGE('',*,*,#9583,.F.);
#4579=ORIENTED_EDGE('',*,*,#9451,.T.);
#4580=ORIENTED_EDGE('',*,*,#9584,.T.);
#4581=CARTESIAN_POINT('',(-13.825,1.6,-4.285));
#4582=DIRECTION('',(0.0,-1.0,0.0));
#4583=DIRECTION('',(0.0,0.0,-1.0));
#4584=ORIENTED_EDGE('',*,*,#9277,.F.);
#4585=ORIENTED_EDGE('',*,*,#9585,.F.);
#4586=ORIENTED_EDGE('',*,*,#9439,.T.);
#4587=ORIENTED_EDGE('',*,*,#9586,.T.);
#4588=CARTESIAN_POINT('',(-13.825,1.6,-4.285));
#4589=DIRECTION('',(0.0,-1.0,0.0));
#4590=DIRECTION('',(0.0,0.0,-1.0));
#4591=ORIENTED_EDGE('',*,*,#9285,.F.);
#4592=ORIENTED_EDGE('',*,*,#9587,.F.);
#4593=ORIENTED_EDGE('',*,*,#9427,.T.);
#4594=ORIENTED_EDGE('',*,*,#9588,.T.);
#4595=CARTESIAN_POINT('',(-13.825,1.6,-4.285));
#4596=DIRECTION('',(0.0,-1.0,0.0));
#4597=DIRECTION('',(0.0,0.0,-1.0));
#4598=ORIENTED_EDGE('',*,*,#9293,.F.);
#4599=ORIENTED_EDGE('',*,*,#9589,.F.);
#4600=ORIENTED_EDGE('',*,*,#9415,.T.);
#4601=ORIENTED_EDGE('',*,*,#9590,.T.);
#4602=CARTESIAN_POINT('',(-13.825,1.6,-4.285));
#4603=DIRECTION('',(0.0,-1.0,0.0));
#4604=DIRECTION('',(0.0,0.0,-1.0));
#4605=ORIENTED_EDGE('',*,*,#9301,.F.);
#4606=ORIENTED_EDGE('',*,*,#9591,.F.);
#4607=ORIENTED_EDGE('',*,*,#9403,.T.);
#4608=ORIENTED_EDGE('',*,*,#9592,.T.);
#4609=CARTESIAN_POINT('',(-13.825,1.6,-4.285));
#4610=DIRECTION('',(0.0,-1.0,0.0));
#4611=DIRECTION('',(0.0,0.0,-1.0));
#4612=ORIENTED_EDGE('',*,*,#9379,.T.);
#4613=ORIENTED_EDGE('',*,*,#9593,.F.);
#4614=ORIENTED_EDGE('',*,*,#9309,.F.);
#4615=ORIENTED_EDGE('',*,*,#9536,.F.);
#4616=CARTESIAN_POINT('',(-13.825,1.6,-4.285));
#4617=DIRECTION('',(0.0,-1.0,0.0));
#4618=DIRECTION('',(0.0,0.0,-1.0));
#4619=ORIENTED_EDGE('',*,*,#9319,.F.);
#4620=ORIENTED_EDGE('',*,*,#9594,.F.);
#4621=ORIENTED_EDGE('',*,*,#9391,.T.);
#4622=ORIENTED_EDGE('',*,*,#9577,.T.);
#4623=CARTESIAN_POINT('',(-13.825,1.6,-4.285));
#4624=DIRECTION('',(0.0,-1.0,0.0));
#4625=DIRECTION('',(0.0,0.0,-1.0));
#4626=ORIENTED_EDGE('',*,*,#9341,.F.);
#4627=ORIENTED_EDGE('',*,*,#9258,.T.);
#4628=ORIENTED_EDGE('',*,*,#9595,.T.);
#4629=ORIENTED_EDGE('',*,*,#9480,.T.);
#4630=CARTESIAN_POINT('',(7.82,3.43,-3.655));
#4631=DIRECTION('',(1.0,0.0,0.0));
#4632=DIRECTION('',(0.0,1.0,0.0));
#4633=ORIENTED_EDGE('',*,*,#9596,.F.);
#4634=ORIENTED_EDGE('',*,*,#9597,.F.);
#4635=ORIENTED_EDGE('',*,*,#9598,.T.);
#4636=ORIENTED_EDGE('',*,*,#9458,.F.);
#4637=CARTESIAN_POINT('',(7.82,3.43,-3.655));
#4638=DIRECTION('',(1.0,0.0,0.0));
#4639=DIRECTION('',(0.0,1.0,0.0));
#4640=ORIENTED_EDGE('',*,*,#9599,.F.);
#4641=ORIENTED_EDGE('',*,*,#9262,.F.);
#4642=ORIENTED_EDGE('',*,*,#9582,.F.);
#4643=ORIENTED_EDGE('',*,*,#9462,.F.);
#4644=ORIENTED_EDGE('',*,*,#9600,.F.);
#4645=ORIENTED_EDGE('',*,*,#9601,.F.);
#4646=CARTESIAN_POINT('',(7.82,3.43,-3.655));
#4647=DIRECTION('',(1.0,0.0,0.0));
#4648=DIRECTION('',(0.0,1.0,0.0));
#4649=ORIENTED_EDGE('',*,*,#9602,.T.);
#4650=ORIENTED_EDGE('',*,*,#9460,.F.);
#4651=ORIENTED_EDGE('',*,*,#9603,.F.);
#4652=ORIENTED_EDGE('',*,*,#9604,.F.);
#4653=CARTESIAN_POINT('',(7.82,3.43,-3.655));
#4654=DIRECTION('',(1.0,0.0,0.0));
#4655=DIRECTION('',(0.0,1.0,0.0));
#4656=ORIENTED_EDGE('',*,*,#9605,.F.);
#4657=ORIENTED_EDGE('',*,*,#9297,.F.);
#4658=ORIENTED_EDGE('',*,*,#9606,.T.);
#4659=ORIENTED_EDGE('',*,*,#9607,.F.);
#4660=ORIENTED_EDGE('',*,*,#9608,.T.);
#4661=ORIENTED_EDGE('',*,*,#9609,.F.);
#4662=ORIENTED_EDGE('',*,*,#9610,.F.);
#4663=ORIENTED_EDGE('',*,*,#9289,.F.);
#4664=ORIENTED_EDGE('',*,*,#9611,.T.);
#4665=ORIENTED_EDGE('',*,*,#9612,.T.);
#4666=ORIENTED_EDGE('',*,*,#9613,.T.);
#4667=ORIENTED_EDGE('',*,*,#9614,.F.);
#4668=ORIENTED_EDGE('',*,*,#9615,.F.);
#4669=ORIENTED_EDGE('',*,*,#9281,.F.);
#4670=ORIENTED_EDGE('',*,*,#9616,.T.);
#4671=ORIENTED_EDGE('',*,*,#9617,.T.);
#4672=ORIENTED_EDGE('',*,*,#9618,.T.);
#4673=ORIENTED_EDGE('',*,*,#9619,.F.);
#4674=ORIENTED_EDGE('',*,*,#9620,.F.);
#4675=ORIENTED_EDGE('',*,*,#9273,.F.);
#4676=ORIENTED_EDGE('',*,*,#9621,.T.);
#4677=ORIENTED_EDGE('',*,*,#9622,.T.);
#4678=ORIENTED_EDGE('',*,*,#9623,.T.);
#4679=ORIENTED_EDGE('',*,*,#9624,.F.);
#4680=ORIENTED_EDGE('',*,*,#9625,.F.);
#4681=ORIENTED_EDGE('',*,*,#9265,.F.);
#4682=ORIENTED_EDGE('',*,*,#9626,.T.);
#4683=ORIENTED_EDGE('',*,*,#9627,.T.);
#4684=ORIENTED_EDGE('',*,*,#9628,.T.);
#4685=ORIENTED_EDGE('',*,*,#9629,.F.);
#4686=ORIENTED_EDGE('',*,*,#9595,.F.);
#4687=ORIENTED_EDGE('',*,*,#9257,.F.);
#4688=ORIENTED_EDGE('',*,*,#9630,.T.);
#4689=ORIENTED_EDGE('',*,*,#9631,.T.);
#4690=ORIENTED_EDGE('',*,*,#9632,.F.);
#4691=ORIENTED_EDGE('',*,*,#9633,.F.);
#4692=ORIENTED_EDGE('',*,*,#9321,.F.);
#4693=ORIENTED_EDGE('',*,*,#9248,.F.);
#4694=ORIENTED_EDGE('',*,*,#9634,.F.);
#4695=ORIENTED_EDGE('',*,*,#9635,.F.);
#4696=ORIENTED_EDGE('',*,*,#9207,.T.);
#4697=ORIENTED_EDGE('',*,*,#9636,.F.);
#4698=ORIENTED_EDGE('',*,*,#9214,.T.);
#4699=ORIENTED_EDGE('',*,*,#9637,.T.);
#4700=ORIENTED_EDGE('',*,*,#9638,.T.);
#4701=ORIENTED_EDGE('',*,*,#9639,.T.);
#4702=ORIENTED_EDGE('',*,*,#9303,.F.);
#4703=ORIENTED_EDGE('',*,*,#9542,.T.);
#4704=ORIENTED_EDGE('',*,*,#9565,.F.);
#4705=ORIENTED_EDGE('',*,*,#9640,.T.);
#4706=ORIENTED_EDGE('',*,*,#9528,.F.);
#4707=ORIENTED_EDGE('',*,*,#9579,.F.);
#4708=ORIENTED_EDGE('',*,*,#9315,.F.);
#4709=ORIENTED_EDGE('',*,*,#9641,.T.);
#4710=ORIENTED_EDGE('',*,*,#9642,.F.);
#4711=ORIENTED_EDGE('',*,*,#9643,.T.);
#4712=ORIENTED_EDGE('',*,*,#9644,.F.);
#4713=ORIENTED_EDGE('',*,*,#9645,.T.);
#4714=ORIENTED_EDGE('',*,*,#9646,.F.);
#4715=ORIENTED_EDGE('',*,*,#9647,.T.);
#4716=ORIENTED_EDGE('',*,*,#9648,.T.);
#4717=ORIENTED_EDGE('',*,*,#9649,.F.);
#4718=ORIENTED_EDGE('',*,*,#9650,.F.);
#4719=ORIENTED_EDGE('',*,*,#9651,.F.);
#4720=ORIENTED_EDGE('',*,*,#9652,.T.);
#4721=CARTESIAN_POINT('',(-13.825,-3.43,4.955));
#4722=DIRECTION('',(0.0,-1.0,0.0));
#4723=DIRECTION('',(0.0,0.0,-1.0));
#4724=ORIENTED_EDGE('',*,*,#9653,.T.);
#4725=ORIENTED_EDGE('',*,*,#9654,.F.);
#4726=ORIENTED_EDGE('',*,*,#9655,.F.);
#4727=ORIENTED_EDGE('',*,*,#9652,.F.);
#4728=ORIENTED_EDGE('',*,*,#9656,.T.);
#4729=ORIENTED_EDGE('',*,*,#9657,.F.);
#4730=ORIENTED_EDGE('',*,*,#9658,.F.);
#4731=ORIENTED_EDGE('',*,*,#9659,.F.);
#4732=ORIENTED_EDGE('',*,*,#9660,.F.);
#4733=ORIENTED_EDGE('',*,*,#9661,.F.);
#4734=ORIENTED_EDGE('',*,*,#9662,.F.);
#4735=ORIENTED_EDGE('',*,*,#9663,.T.);
#4736=ORIENTED_EDGE('',*,*,#9664,.T.);
#4737=ORIENTED_EDGE('',*,*,#9665,.T.);
#4738=CARTESIAN_POINT('',(8.85,-3.43,3.545));
#4739=DIRECTION('',(-1.0,0.0,0.0));
#4740=DIRECTION('',(0.0,0.0,1.0));
#4741=ORIENTED_EDGE('',*,*,#9666,.F.);
#4742=ORIENTED_EDGE('',*,*,#9667,.F.);
#4743=ORIENTED_EDGE('',*,*,#9668,.T.);
#4744=ORIENTED_EDGE('',*,*,#9665,.F.);
#4745=CARTESIAN_POINT('',(13.825,-7.12,1.355));
#4746=DIRECTION('',(0.0,0.0,-1.0));
#4747=DIRECTION('',(0.0,-1.0,0.0));
#4748=ORIENTED_EDGE('',*,*,#9669,.F.);
#4749=ORIENTED_EDGE('',*,*,#9670,.F.);
#4750=ORIENTED_EDGE('',*,*,#9671,.T.);
#4751=ORIENTED_EDGE('',*,*,#9672,.T.);
#4752=CARTESIAN_POINT('',(13.825,-7.12,1.355));
#4753=DIRECTION('',(0.0,0.0,-1.0));
#4754=DIRECTION('',(0.0,-1.0,0.0));
#4755=ORIENTED_EDGE('',*,*,#9673,.F.);
#4756=ORIENTED_EDGE('',*,*,#9674,.T.);
#4757=ORIENTED_EDGE('',*,*,#9675,.T.);
#4758=ORIENTED_EDGE('',*,*,#9668,.F.);
#4759=CARTESIAN_POINT('',(8.85,-5.69,0.355));
#4760=DIRECTION('',(0.0,-1.0,0.0));
#4761=DIRECTION('',(0.0,0.0,-1.0));
#4762=ORIENTED_EDGE('',*,*,#9658,.T.);
#4763=ORIENTED_EDGE('',*,*,#9676,.T.);
#4764=ORIENTED_EDGE('',*,*,#9677,.T.);
#4765=ORIENTED_EDGE('',*,*,#9653,.F.);
#4766=ORIENTED_EDGE('',*,*,#9675,.F.);
#4767=CARTESIAN_POINT('',(8.85,-3.2455,0.355));
#4768=DIRECTION('',(0.0,1.0,-0.0));
#4769=DIRECTION('',(0.0,0.0,1.0));
#4770=ORIENTED_EDGE('',*,*,#9657,.T.);
#4771=ORIENTED_EDGE('',*,*,#9678,.T.);
#4772=ORIENTED_EDGE('',*,*,#9679,.T.);
#4773=ORIENTED_EDGE('',*,*,#9676,.F.);
#4774=CARTESIAN_POINT('',(-13.825,-3.94,4.955));
#4775=DIRECTION('',(0.0,-1.0,0.0));
#4776=DIRECTION('',(0.0,0.0,-1.0));
#4777=ORIENTED_EDGE('',*,*,#9680,.T.);
#4778=ORIENTED_EDGE('',*,*,#9681,.T.);
#4779=ORIENTED_EDGE('',*,*,#9654,.T.);
#4780=ORIENTED_EDGE('',*,*,#9677,.F.);
#4781=CARTESIAN_POINT('',(-13.825,-3.94,4.955));
#4782=DIRECTION('',(0.0,-1.0,0.0));
#4783=DIRECTION('',(0.0,0.0,-1.0));
#4784=ORIENTED_EDGE('',*,*,#9682,.F.);
#4785=ORIENTED_EDGE('',*,*,#9650,.T.);
#4786=ORIENTED_EDGE('',*,*,#9683,.T.);
#4787=ORIENTED_EDGE('',*,*,#9680,.F.);
#4788=ORIENTED_EDGE('',*,*,#9679,.F.);
#4789=CARTESIAN_POINT('',(9.85,-3.43,-3.655));
#4790=DIRECTION('',(1.0,0.0,0.0));
#4791=DIRECTION('',(0.0,1.0,0.0));
#4792=ORIENTED_EDGE('',*,*,#9655,.T.);
#4793=ORIENTED_EDGE('',*,*,#9681,.F.);
#4794=ORIENTED_EDGE('',*,*,#9683,.F.);
#4795=ORIENTED_EDGE('',*,*,#9649,.T.);
#4796=CARTESIAN_POINT('',(9.85,-3.43,3.545));
#4797=DIRECTION('',(0.0,0.0,1.0));
#4798=DIRECTION('',(1.0,0.0,0.0));
#4799=ORIENTED_EDGE('',*,*,#9651,.T.);
#4800=ORIENTED_EDGE('',*,*,#9682,.T.);
#4801=ORIENTED_EDGE('',*,*,#9678,.F.);
#4802=ORIENTED_EDGE('',*,*,#9656,.F.);
#4803=CARTESIAN_POINT('',(8.85,-3.43,-3.655));
#4804=DIRECTION('',(0.0,0.0,-1.0));
#4805=DIRECTION('',(0.0,-1.0,0.0));
#4806=ORIENTED_EDGE('',*,*,#9674,.F.);
#4807=ORIENTED_EDGE('',*,*,#9684,.T.);
#4808=ORIENTED_EDGE('',*,*,#9685,.F.);
#4809=ORIENTED_EDGE('',*,*,#9659,.T.);
#4810=CARTESIAN_POINT('',(13.825,-3.94,-0.645));
#4811=DIRECTION('',(0.0,0.0,1.0));
#4812=DIRECTION('',(1.0,0.0,0.0));
#4813=ORIENTED_EDGE('',*,*,#9686,.T.);
#4814=ORIENTED_EDGE('',*,*,#9687,.T.);
#4815=ORIENTED_EDGE('',*,*,#9688,.T.);
#4816=ORIENTED_EDGE('',*,*,#9689,.F.);
#4817=CARTESIAN_POINT('',(13.825,-3.94,-0.645));
#4818=DIRECTION('',(0.0,0.0,1.0));
#4819=DIRECTION('',(1.0,0.0,0.0));
#4820=ORIENTED_EDGE('',*,*,#9664,.F.);
#4821=ORIENTED_EDGE('',*,*,#9690,.F.);
#4822=ORIENTED_EDGE('',*,*,#9660,.T.);
#4823=ORIENTED_EDGE('',*,*,#9685,.T.);
#4824=ORIENTED_EDGE('',*,*,#9691,.T.);
#4825=ORIENTED_EDGE('',*,*,#9666,.T.);
#4826=CARTESIAN_POINT('',(8.85,-6.5175,0.355));
#4827=DIRECTION('',(-0.0,1.0,0.0));
#4828=DIRECTION('',(0.0,0.0,-1.0));
#4829=ORIENTED_EDGE('',*,*,#9691,.F.);
#4830=ORIENTED_EDGE('',*,*,#9684,.F.);
#4831=ORIENTED_EDGE('',*,*,#9673,.T.);
#4832=ORIENTED_EDGE('',*,*,#9667,.T.);
#4833=CARTESIAN_POINT('',(8.85,-3.2455,0.355));
#4834=DIRECTION('',(0.0,1.0,-0.0));
#4835=DIRECTION('',(0.0,0.0,1.0));
#4836=ORIENTED_EDGE('',*,*,#9690,.T.);
#4837=ORIENTED_EDGE('',*,*,#9663,.F.);
#4838=ORIENTED_EDGE('',*,*,#9692,.F.);
#4839=ORIENTED_EDGE('',*,*,#9661,.T.);
#4840=CARTESIAN_POINT('',(8.85,-6.87,0.355));
#4841=DIRECTION('',(0.0,-1.0,0.0));
#4842=DIRECTION('',(0.0,0.0,1.0));
#4843=ORIENTED_EDGE('',*,*,#9692,.T.);
#4844=ORIENTED_EDGE('',*,*,#9662,.T.);
#4845=CARTESIAN_POINT('',(8.85,-7.12,0.355));
#4846=DIRECTION('',(0.0,-1.0,0.0));
#4847=DIRECTION('',(0.0,0.0,-1.0));
#4848=ORIENTED_EDGE('',*,*,#9693,.F.);
#4849=ORIENTED_EDGE('',*,*,#9694,.F.);
#4850=ORIENTED_EDGE('',*,*,#9695,.T.);
#4851=ORIENTED_EDGE('',*,*,#9696,.T.);
#4852=ORIENTED_EDGE('',*,*,#9697,.T.);
#4853=ORIENTED_EDGE('',*,*,#9689,.T.);
#4854=ORIENTED_EDGE('',*,*,#9698,.T.);
#4855=ORIENTED_EDGE('',*,*,#9699,.T.);
#4856=ORIENTED_EDGE('',*,*,#9700,.F.);
#4857=ORIENTED_EDGE('',*,*,#9648,.F.);
#4858=ORIENTED_EDGE('',*,*,#9701,.T.);
#4859=ORIENTED_EDGE('',*,*,#9702,.T.);
#4860=ORIENTED_EDGE('',*,*,#9703,.F.);
#4861=ORIENTED_EDGE('',*,*,#9672,.F.);
#4862=CARTESIAN_POINT('',(-8.85,-3.2455,0.355));
#4863=DIRECTION('',(1.0,0.0,0.0));
#4864=DIRECTION('',(0.0,1.0,0.0));
#4865=ORIENTED_EDGE('',*,*,#9703,.T.);
#4866=ORIENTED_EDGE('',*,*,#9704,.F.);
#4867=ORIENTED_EDGE('',*,*,#9705,.F.);
#4868=ORIENTED_EDGE('',*,*,#9698,.F.);
#4869=ORIENTED_EDGE('',*,*,#9706,.T.);
#4870=CARTESIAN_POINT('',(-8.85,-3.2455,0.355));
#4871=DIRECTION('',(0.0,-1.0,0.0));
#4872=DIRECTION('',(0.0,0.0,1.0));
#4873=ORIENTED_EDGE('',*,*,#9706,.F.);
#4874=ORIENTED_EDGE('',*,*,#9688,.F.);
#4875=ORIENTED_EDGE('',*,*,#9707,.T.);
#4876=ORIENTED_EDGE('',*,*,#9669,.T.);
#4877=CARTESIAN_POINT('',(-8.85,-5.69,0.355));
#4878=DIRECTION('',(-0.0,1.0,0.0));
#4879=DIRECTION('',(1.0,0.0,0.0));
#4880=ORIENTED_EDGE('',*,*,#9707,.F.);
#4881=ORIENTED_EDGE('',*,*,#9687,.F.);
#4882=ORIENTED_EDGE('',*,*,#9708,.T.);
#4883=ORIENTED_EDGE('',*,*,#9670,.T.);
#4884=CARTESIAN_POINT('',(-8.85,-3.2455,0.355));
#4885=DIRECTION('',(0.0,-1.0,0.0));
#4886=DIRECTION('',(0.0,0.0,1.0));
#4887=ORIENTED_EDGE('',*,*,#9708,.F.);
#4888=ORIENTED_EDGE('',*,*,#9686,.F.);
#4889=ORIENTED_EDGE('',*,*,#9697,.F.);
#4890=ORIENTED_EDGE('',*,*,#9709,.T.);
#4891=ORIENTED_EDGE('',*,*,#9693,.T.);
#4892=ORIENTED_EDGE('',*,*,#9671,.F.);
#4893=CARTESIAN_POINT('',(-8.85,-6.5175,0.355));
#4894=DIRECTION('',(-0.0,1.0,-0.0));
#4895=DIRECTION('',(0.0,0.0,1.0));
#4896=ORIENTED_EDGE('',*,*,#9710,.T.);
#4897=ORIENTED_EDGE('',*,*,#9694,.T.);
#4898=ORIENTED_EDGE('',*,*,#9709,.F.);
#4899=ORIENTED_EDGE('',*,*,#9696,.F.);
#4900=CARTESIAN_POINT('',(-8.85,-6.87,0.355));
#4901=DIRECTION('',(0.0,1.0,0.0));
#4902=DIRECTION('',(0.0,0.0,1.0));
#4903=ORIENTED_EDGE('',*,*,#9710,.F.);
#4904=ORIENTED_EDGE('',*,*,#9695,.F.);
#4905=CARTESIAN_POINT('',(-8.85,-7.12,0.355));
#4906=DIRECTION('',(-0.0,1.0,0.0));
#4907=DIRECTION('',(1.0,0.0,0.0));
#4908=ORIENTED_EDGE('',*,*,#9711,.F.);
#4909=ORIENTED_EDGE('',*,*,#9712,.F.);
#4910=ORIENTED_EDGE('',*,*,#9704,.T.);
#4911=ORIENTED_EDGE('',*,*,#9702,.F.);
#4912=CARTESIAN_POINT('',(13.825,-3.94,4.955));
#4913=DIRECTION('',(-0.0,1.0,0.0));
#4914=DIRECTION('',(1.0,0.0,0.0));
#4915=ORIENTED_EDGE('',*,*,#9705,.T.);
#4916=ORIENTED_EDGE('',*,*,#9713,.F.);
#4917=ORIENTED_EDGE('',*,*,#9714,.F.);
#4918=ORIENTED_EDGE('',*,*,#9699,.F.);
#4919=CARTESIAN_POINT('',(13.825,-3.94,4.955));
#4920=DIRECTION('',(-0.0,1.0,0.0));
#4921=DIRECTION('',(1.0,0.0,0.0));
#4922=ORIENTED_EDGE('',*,*,#9713,.T.);
#4923=ORIENTED_EDGE('',*,*,#9712,.T.);
#4924=ORIENTED_EDGE('',*,*,#9715,.F.);
#4925=ORIENTED_EDGE('',*,*,#9646,.T.);
#4926=ORIENTED_EDGE('',*,*,#9716,.T.);
#4927=CARTESIAN_POINT('',(-9.85,-3.43,-3.655));
#4928=DIRECTION('',(1.0,0.0,0.0));
#4929=DIRECTION('',(0.0,1.0,0.0));
#4930=ORIENTED_EDGE('',*,*,#9714,.T.);
#4931=ORIENTED_EDGE('',*,*,#9716,.F.);
#4932=ORIENTED_EDGE('',*,*,#9645,.F.);
#4933=ORIENTED_EDGE('',*,*,#9700,.T.);
#4934=CARTESIAN_POINT('',(-8.85,-3.43,-3.655));
#4935=DIRECTION('',(0.0,0.0,1.0));
#4936=DIRECTION('',(1.0,0.0,0.0));
#4937=ORIENTED_EDGE('',*,*,#9647,.F.);
#4938=ORIENTED_EDGE('',*,*,#9715,.T.);
#4939=ORIENTED_EDGE('',*,*,#9711,.T.);
#4940=ORIENTED_EDGE('',*,*,#9701,.F.);
#4941=CARTESIAN_POINT('',(-9.85,-3.43,3.545));
#4942=DIRECTION('',(0.0,0.0,-1.0));
#4943=DIRECTION('',(0.0,-1.0,0.0));
#4944=ORIENTED_EDGE('',*,*,#9717,.T.);
#4945=ORIENTED_EDGE('',*,*,#9718,.T.);
#4946=ORIENTED_EDGE('',*,*,#9719,.T.);
#4947=ORIENTED_EDGE('',*,*,#9399,.F.);
#4948=CARTESIAN_POINT('',(-7.18,0.0,0.0));
#4949=DIRECTION('',(1.0,0.0,0.0));
#4950=DIRECTION('',(0.0,1.0,0.0));
#4951=ORIENTED_EDGE('',*,*,#9720,.T.);
#4952=ORIENTED_EDGE('',*,*,#9721,.T.);
#4953=ORIENTED_EDGE('',*,*,#9722,.T.);
#4954=ORIENTED_EDGE('',*,*,#9723,.T.);
#4955=CARTESIAN_POINT('',(-7.18,0.0,0.0));
#4956=DIRECTION('',(1.0,0.0,0.0));
#4957=DIRECTION('',(0.0,1.0,0.0));
#4958=ORIENTED_EDGE('',*,*,#9724,.T.);
#4959=ORIENTED_EDGE('',*,*,#9725,.T.);
#4960=ORIENTED_EDGE('',*,*,#9726,.T.);
#4961=ORIENTED_EDGE('',*,*,#9727,.T.);
#4962=CARTESIAN_POINT('',(-7.18,0.0,0.0));
#4963=DIRECTION('',(1.0,0.0,0.0));
#4964=DIRECTION('',(0.0,1.0,0.0));
#4965=ORIENTED_EDGE('',*,*,#9728,.T.);
#4966=ORIENTED_EDGE('',*,*,#9729,.T.);
#4967=ORIENTED_EDGE('',*,*,#9401,.F.);
#4968=ORIENTED_EDGE('',*,*,#9730,.T.);
#4969=ORIENTED_EDGE('',*,*,#9731,.T.);
#4970=ORIENTED_EDGE('',*,*,#9732,.T.);
#4971=CARTESIAN_POINT('',(-7.18,0.0,0.0));
#4972=DIRECTION('',(1.0,0.0,0.0));
#4973=DIRECTION('',(0.0,1.0,0.0));
#4974=ORIENTED_EDGE('',*,*,#9733,.T.);
#4975=ORIENTED_EDGE('',*,*,#9506,.T.);
#4976=ORIENTED_EDGE('',*,*,#9644,.T.);
#4977=ORIENTED_EDGE('',*,*,#9734,.F.);
#4978=CARTESIAN_POINT('',(-7.18,0.0,0.0));
#4979=DIRECTION('',(1.0,0.0,0.0));
#4980=DIRECTION('',(0.0,1.0,0.0));
#4981=ORIENTED_EDGE('',*,*,#9735,.T.);
#4982=ORIENTED_EDGE('',*,*,#9736,.T.);
#4983=ORIENTED_EDGE('',*,*,#9719,.F.);
#4984=ORIENTED_EDGE('',*,*,#9737,.T.);
#4985=ORIENTED_EDGE('',*,*,#9738,.T.);
#4986=ORIENTED_EDGE('',*,*,#9739,.T.);
#4987=CARTESIAN_POINT('',(-7.18,0.32,-4.955));
#4988=DIRECTION('',(-0.0,1.0,0.0));
#4989=DIRECTION('',(1.0,0.0,0.0));
#4990=ORIENTED_EDGE('',*,*,#9392,.T.);
#4991=ORIENTED_EDGE('',*,*,#9594,.T.);
#4992=ORIENTED_EDGE('',*,*,#9318,.T.);
#4993=ORIENTED_EDGE('',*,*,#9740,.T.);
#4994=ORIENTED_EDGE('',*,*,#9741,.T.);
#4995=ORIENTED_EDGE('',*,*,#9742,.F.);
#4996=CARTESIAN_POINT('',(-7.82,3.43,-4.955));
#4997=DIRECTION('',(-1.0,0.0,0.0));
#4998=DIRECTION('',(0.0,0.0,1.0));
#4999=ORIENTED_EDGE('',*,*,#9743,.T.);
#5000=ORIENTED_EDGE('',*,*,#9739,.F.);
#5001=ORIENTED_EDGE('',*,*,#9394,.T.);
#5002=ORIENTED_EDGE('',*,*,#9744,.T.);
#5003=CARTESIAN_POINT('',(-7.82,3.43,-4.955));
#5004=DIRECTION('',(-1.0,0.0,0.0));
#5005=DIRECTION('',(0.0,0.0,1.0));
#5006=ORIENTED_EDGE('',*,*,#9641,.F.);
#5007=ORIENTED_EDGE('',*,*,#9314,.T.);
#5008=ORIENTED_EDGE('',*,*,#9361,.T.);
#5009=ORIENTED_EDGE('',*,*,#9509,.F.);
#5010=CARTESIAN_POINT('',(-7.82,3.43,-4.955));
#5011=DIRECTION('',(-1.0,0.0,0.0));
#5012=DIRECTION('',(0.0,0.0,1.0));
#5013=ORIENTED_EDGE('',*,*,#9396,.T.);
#5014=ORIENTED_EDGE('',*,*,#9745,.T.);
#5015=ORIENTED_EDGE('',*,*,#9746,.T.);
#5016=ORIENTED_EDGE('',*,*,#9747,.T.);
#5017=CARTESIAN_POINT('',(-7.82,3.43,-4.955));
#5018=DIRECTION('',(-1.0,0.0,0.0));
#5019=DIRECTION('',(0.0,0.0,1.0));
#5020=ORIENTED_EDGE('',*,*,#9748,.T.);
#5021=ORIENTED_EDGE('',*,*,#9749,.T.);
#5022=ORIENTED_EDGE('',*,*,#9729,.F.);
#5023=ORIENTED_EDGE('',*,*,#9750,.T.);
#5024=ORIENTED_EDGE('',*,*,#9751,.T.);
#5025=ORIENTED_EDGE('',*,*,#9742,.T.);
#5026=CARTESIAN_POINT('',(-7.18,1.589,-7.285));
#5027=DIRECTION('',(-0.0,1.0,0.0));
#5028=DIRECTION('',(1.0,0.0,0.0));
#5029=ORIENTED_EDGE('',*,*,#9738,.F.);
#5030=ORIENTED_EDGE('',*,*,#9752,.F.);
#5031=ORIENTED_EDGE('',*,*,#9753,.F.);
#5032=ORIENTED_EDGE('',*,*,#9395,.T.);
#5033=CARTESIAN_POINT('',(-7.82,0.0,0.0));
#5034=DIRECTION('',(1.0,0.0,0.0));
#5035=DIRECTION('',(0.0,1.0,0.0));
#5036=ORIENTED_EDGE('',*,*,#9754,.F.);
#5037=ORIENTED_EDGE('',*,*,#9755,.F.);
#5038=ORIENTED_EDGE('',*,*,#9756,.F.);
#5039=ORIENTED_EDGE('',*,*,#9757,.T.);
#5040=CARTESIAN_POINT('',(-7.82,0.0,0.0));
#5041=DIRECTION('',(1.0,0.0,0.0));
#5042=DIRECTION('',(0.0,1.0,0.0));
#5043=ORIENTED_EDGE('',*,*,#9758,.F.);
#5044=ORIENTED_EDGE('',*,*,#9759,.F.);
#5045=ORIENTED_EDGE('',*,*,#9760,.F.);
#5046=ORIENTED_EDGE('',*,*,#9761,.T.);
#5047=CARTESIAN_POINT('',(-7.82,0.0,0.0));
#5048=DIRECTION('',(1.0,0.0,0.0));
#5049=DIRECTION('',(0.0,1.0,0.0));
#5050=ORIENTED_EDGE('',*,*,#9762,.F.);
#5051=ORIENTED_EDGE('',*,*,#9763,.F.);
#5052=ORIENTED_EDGE('',*,*,#9393,.T.);
#5053=ORIENTED_EDGE('',*,*,#9751,.F.);
#5054=ORIENTED_EDGE('',*,*,#9764,.F.);
#5055=ORIENTED_EDGE('',*,*,#9765,.T.);
#5056=CARTESIAN_POINT('',(-7.82,0.0,0.0));
#5057=DIRECTION('',(1.0,0.0,0.0));
#5058=DIRECTION('',(0.0,1.0,0.0));
#5059=ORIENTED_EDGE('',*,*,#9642,.T.);
#5060=ORIENTED_EDGE('',*,*,#9508,.F.);
#5061=ORIENTED_EDGE('',*,*,#9766,.T.);
#5062=ORIENTED_EDGE('',*,*,#9767,.T.);
#5063=CARTESIAN_POINT('',(-7.82,0.0,0.0));
#5064=DIRECTION('',(1.0,0.0,0.0));
#5065=DIRECTION('',(0.0,1.0,0.0));
#5066=ORIENTED_EDGE('',*,*,#9753,.T.);
#5067=ORIENTED_EDGE('',*,*,#9768,.F.);
#5068=ORIENTED_EDGE('',*,*,#9717,.F.);
#5069=ORIENTED_EDGE('',*,*,#9769,.F.);
#5070=ORIENTED_EDGE('',*,*,#9770,.F.);
#5071=ORIENTED_EDGE('',*,*,#9745,.F.);
#5072=CARTESIAN_POINT('',(-7.18,-0.32,-3.655));
#5073=DIRECTION('',(0.0,-1.0,0.0));
#5074=DIRECTION('',(0.0,0.0,-1.0));
#5075=ORIENTED_EDGE('',*,*,#9741,.F.);
#5076=ORIENTED_EDGE('',*,*,#9771,.T.);
#5077=ORIENTED_EDGE('',*,*,#9772,.T.);
#5078=ORIENTED_EDGE('',*,*,#9748,.F.);
#5079=CARTESIAN_POINT('',(-7.82,3.43,-3.655));
#5080=DIRECTION('',(0.0,0.0,1.0));
#5081=DIRECTION('',(1.0,0.0,0.0));
#5082=ORIENTED_EDGE('',*,*,#9773,.T.);
#5083=ORIENTED_EDGE('',*,*,#9735,.F.);
#5084=ORIENTED_EDGE('',*,*,#9743,.F.);
#5085=ORIENTED_EDGE('',*,*,#9774,.T.);
#5086=CARTESIAN_POINT('',(-7.82,3.43,-3.655));
#5087=DIRECTION('',(0.0,0.0,1.0));
#5088=DIRECTION('',(1.0,0.0,0.0));
#5089=ORIENTED_EDGE('',*,*,#9746,.F.);
#5090=ORIENTED_EDGE('',*,*,#9770,.T.);
#5091=ORIENTED_EDGE('',*,*,#9775,.T.);
#5092=ORIENTED_EDGE('',*,*,#9776,.F.);
#5093=CARTESIAN_POINT('',(-7.82,3.43,-3.655));
#5094=DIRECTION('',(0.0,0.0,1.0));
#5095=DIRECTION('',(1.0,0.0,0.0));
#5096=ORIENTED_EDGE('',*,*,#9772,.F.);
#5097=ORIENTED_EDGE('',*,*,#9777,.F.);
#5098=ORIENTED_EDGE('',*,*,#9302,.F.);
#5099=ORIENTED_EDGE('',*,*,#9592,.F.);
#5100=ORIENTED_EDGE('',*,*,#9402,.F.);
#5101=ORIENTED_EDGE('',*,*,#9749,.F.);
#5102=CARTESIAN_POINT('',(-7.18,3.43,-3.655));
#5103=DIRECTION('',(1.0,0.0,0.0));
#5104=DIRECTION('',(0.0,1.0,0.0));
#5105=ORIENTED_EDGE('',*,*,#9400,.F.);
#5106=ORIENTED_EDGE('',*,*,#9736,.F.);
#5107=ORIENTED_EDGE('',*,*,#9773,.F.);
#5108=ORIENTED_EDGE('',*,*,#9778,.T.);
#5109=CARTESIAN_POINT('',(-7.18,3.43,-3.655));
#5110=DIRECTION('',(1.0,0.0,0.0));
#5111=DIRECTION('',(0.0,1.0,0.0));
#5112=ORIENTED_EDGE('',*,*,#9356,.F.);
#5113=ORIENTED_EDGE('',*,*,#9298,.F.);
#5114=ORIENTED_EDGE('',*,*,#9605,.T.);
#5115=ORIENTED_EDGE('',*,*,#9505,.T.);
#5116=CARTESIAN_POINT('',(-7.18,3.43,-3.655));
#5117=DIRECTION('',(1.0,0.0,0.0));
#5118=DIRECTION('',(0.0,1.0,0.0));
#5119=ORIENTED_EDGE('',*,*,#9775,.F.);
#5120=ORIENTED_EDGE('',*,*,#9769,.T.);
#5121=ORIENTED_EDGE('',*,*,#9398,.F.);
#5122=ORIENTED_EDGE('',*,*,#9779,.F.);
#5123=CARTESIAN_POINT('',(-7.18,3.43,-3.655));
#5124=DIRECTION('',(1.0,0.0,0.0));
#5125=DIRECTION('',(0.0,1.0,0.0));
#5126=ORIENTED_EDGE('',*,*,#9311,.F.);
#5127=ORIENTED_EDGE('',*,*,#9242,.T.);
#5128=ORIENTED_EDGE('',*,*,#9780,.T.);
#5129=ORIENTED_EDGE('',*,*,#9781,.T.);
#5130=ORIENTED_EDGE('',*,*,#9250,.F.);
#5131=ORIENTED_EDGE('',*,*,#9324,.T.);
#5132=ORIENTED_EDGE('',*,*,#9782,.F.);
#5133=ORIENTED_EDGE('',*,*,#9783,.F.);
#5134=ORIENTED_EDGE('',*,*,#9259,.F.);
#5135=ORIENTED_EDGE('',*,*,#9599,.T.);
#5136=ORIENTED_EDGE('',*,*,#9784,.F.);
#5137=ORIENTED_EDGE('',*,*,#9785,.F.);
#5138=ORIENTED_EDGE('',*,*,#9267,.F.);
#5139=ORIENTED_EDGE('',*,*,#9786,.T.);
#5140=ORIENTED_EDGE('',*,*,#9787,.F.);
#5141=ORIENTED_EDGE('',*,*,#9788,.F.);
#5142=ORIENTED_EDGE('',*,*,#9275,.F.);
#5143=ORIENTED_EDGE('',*,*,#9789,.T.);
#5144=ORIENTED_EDGE('',*,*,#9790,.F.);
#5145=ORIENTED_EDGE('',*,*,#9791,.F.);
#5146=ORIENTED_EDGE('',*,*,#9283,.F.);
#5147=ORIENTED_EDGE('',*,*,#9792,.T.);
#5148=ORIENTED_EDGE('',*,*,#9793,.F.);
#5149=ORIENTED_EDGE('',*,*,#9794,.F.);
#5150=ORIENTED_EDGE('',*,*,#9291,.F.);
#5151=ORIENTED_EDGE('',*,*,#9795,.T.);
#5152=ORIENTED_EDGE('',*,*,#9796,.F.);
#5153=ORIENTED_EDGE('',*,*,#9797,.F.);
#5154=ORIENTED_EDGE('',*,*,#9299,.F.);
#5155=ORIENTED_EDGE('',*,*,#9777,.T.);
#5156=ORIENTED_EDGE('',*,*,#9771,.F.);
#5157=ORIENTED_EDGE('',*,*,#9740,.F.);
#5158=ORIENTED_EDGE('',*,*,#9317,.F.);
#5159=ORIENTED_EDGE('',*,*,#9576,.T.);
#5160=ORIENTED_EDGE('',*,*,#9570,.F.);
#5161=ORIENTED_EDGE('',*,*,#9537,.F.);
#5162=CARTESIAN_POINT('',(-13.825,3.175,-4.955));
#5163=DIRECTION('',(-0.0,1.0,0.0));
#5164=DIRECTION('',(1.0,0.0,0.0));
#5165=ORIENTED_EDGE('',*,*,#9404,.T.);
#5166=ORIENTED_EDGE('',*,*,#9591,.T.);
#5167=ORIENTED_EDGE('',*,*,#9300,.T.);
#5168=ORIENTED_EDGE('',*,*,#9797,.T.);
#5169=ORIENTED_EDGE('',*,*,#9798,.T.);
#5170=ORIENTED_EDGE('',*,*,#9799,.F.);
#5171=CARTESIAN_POINT('',(-4.82,3.43,-4.955));
#5172=DIRECTION('',(-1.0,0.0,0.0));
#5173=DIRECTION('',(0.0,0.0,1.0));
#5174=ORIENTED_EDGE('',*,*,#9800,.T.);
#5175=ORIENTED_EDGE('',*,*,#9801,.F.);
#5176=ORIENTED_EDGE('',*,*,#9406,.T.);
#5177=ORIENTED_EDGE('',*,*,#9802,.T.);
#5178=CARTESIAN_POINT('',(-4.82,3.43,-4.955));
#5179=DIRECTION('',(-1.0,0.0,0.0));
#5180=DIRECTION('',(0.0,0.0,1.0));
#5181=ORIENTED_EDGE('',*,*,#9606,.F.);
#5182=ORIENTED_EDGE('',*,*,#9296,.T.);
#5183=ORIENTED_EDGE('',*,*,#9355,.T.);
#5184=ORIENTED_EDGE('',*,*,#9504,.F.);
#5185=CARTESIAN_POINT('',(-4.82,3.43,-4.955));
#5186=DIRECTION('',(-1.0,0.0,0.0));
#5187=DIRECTION('',(0.0,0.0,1.0));
#5188=ORIENTED_EDGE('',*,*,#9408,.T.);
#5189=ORIENTED_EDGE('',*,*,#9803,.T.);
#5190=ORIENTED_EDGE('',*,*,#9804,.T.);
#5191=ORIENTED_EDGE('',*,*,#9805,.T.);
#5192=CARTESIAN_POINT('',(-4.82,3.43,-4.955));
#5193=DIRECTION('',(-1.0,0.0,0.0));
#5194=DIRECTION('',(0.0,0.0,1.0));
#5195=ORIENTED_EDGE('',*,*,#9806,.T.);
#5196=ORIENTED_EDGE('',*,*,#9807,.T.);
#5197=ORIENTED_EDGE('',*,*,#9808,.F.);
#5198=ORIENTED_EDGE('',*,*,#9809,.T.);
#5199=ORIENTED_EDGE('',*,*,#9810,.T.);
#5200=ORIENTED_EDGE('',*,*,#9799,.T.);
#5201=CARTESIAN_POINT('',(-4.18,1.589,-7.285));
#5202=DIRECTION('',(-0.0,1.0,0.0));
#5203=DIRECTION('',(1.0,0.0,0.0));
#5204=ORIENTED_EDGE('',*,*,#9811,.F.);
#5205=ORIENTED_EDGE('',*,*,#9812,.F.);
#5206=ORIENTED_EDGE('',*,*,#9813,.F.);
#5207=ORIENTED_EDGE('',*,*,#9407,.T.);
#5208=CARTESIAN_POINT('',(-4.82,0.0,0.0));
#5209=DIRECTION('',(1.0,0.0,0.0));
#5210=DIRECTION('',(0.0,1.0,0.0));
#5211=ORIENTED_EDGE('',*,*,#9814,.F.);
#5212=ORIENTED_EDGE('',*,*,#9815,.F.);
#5213=ORIENTED_EDGE('',*,*,#9816,.F.);
#5214=ORIENTED_EDGE('',*,*,#9817,.T.);
#5215=CARTESIAN_POINT('',(-4.82,0.0,0.0));
#5216=DIRECTION('',(1.0,0.0,0.0));
#5217=DIRECTION('',(0.0,1.0,0.0));
#5218=ORIENTED_EDGE('',*,*,#9818,.F.);
#5219=ORIENTED_EDGE('',*,*,#9819,.F.);
#5220=ORIENTED_EDGE('',*,*,#9820,.F.);
#5221=ORIENTED_EDGE('',*,*,#9821,.T.);
#5222=CARTESIAN_POINT('',(-4.82,0.0,0.0));
#5223=DIRECTION('',(1.0,0.0,0.0));
#5224=DIRECTION('',(0.0,1.0,0.0));
#5225=ORIENTED_EDGE('',*,*,#9822,.F.);
#5226=ORIENTED_EDGE('',*,*,#9823,.F.);
#5227=ORIENTED_EDGE('',*,*,#9405,.T.);
#5228=ORIENTED_EDGE('',*,*,#9810,.F.);
#5229=ORIENTED_EDGE('',*,*,#9824,.F.);
#5230=ORIENTED_EDGE('',*,*,#9825,.T.);
#5231=CARTESIAN_POINT('',(-4.82,0.0,0.0));
#5232=DIRECTION('',(1.0,0.0,0.0));
#5233=DIRECTION('',(0.0,1.0,0.0));
#5234=ORIENTED_EDGE('',*,*,#9607,.T.);
#5235=ORIENTED_EDGE('',*,*,#9503,.F.);
#5236=ORIENTED_EDGE('',*,*,#9826,.T.);
#5237=ORIENTED_EDGE('',*,*,#9827,.T.);
#5238=CARTESIAN_POINT('',(-4.82,0.0,0.0));
#5239=DIRECTION('',(1.0,0.0,0.0));
#5240=DIRECTION('',(0.0,1.0,0.0));
#5241=ORIENTED_EDGE('',*,*,#9813,.T.);
#5242=ORIENTED_EDGE('',*,*,#9828,.F.);
#5243=ORIENTED_EDGE('',*,*,#9829,.F.);
#5244=ORIENTED_EDGE('',*,*,#9830,.F.);
#5245=ORIENTED_EDGE('',*,*,#9831,.F.);
#5246=ORIENTED_EDGE('',*,*,#9803,.F.);
#5247=CARTESIAN_POINT('',(-4.18,-0.32,-3.655));
#5248=DIRECTION('',(0.0,-1.0,0.0));
#5249=DIRECTION('',(0.0,0.0,-1.0));
#5250=ORIENTED_EDGE('',*,*,#9798,.F.);
#5251=ORIENTED_EDGE('',*,*,#9796,.T.);
#5252=ORIENTED_EDGE('',*,*,#9832,.T.);
#5253=ORIENTED_EDGE('',*,*,#9806,.F.);
#5254=CARTESIAN_POINT('',(-4.82,3.43,-3.655));
#5255=DIRECTION('',(0.0,0.0,1.0));
#5256=DIRECTION('',(1.0,0.0,0.0));
#5257=ORIENTED_EDGE('',*,*,#9833,.T.);
#5258=ORIENTED_EDGE('',*,*,#9834,.F.);
#5259=ORIENTED_EDGE('',*,*,#9800,.F.);
#5260=ORIENTED_EDGE('',*,*,#9835,.T.);
#5261=CARTESIAN_POINT('',(-4.82,3.43,-3.655));
#5262=DIRECTION('',(0.0,0.0,1.0));
#5263=DIRECTION('',(1.0,0.0,0.0));
#5264=ORIENTED_EDGE('',*,*,#9804,.F.);
#5265=ORIENTED_EDGE('',*,*,#9831,.T.);
#5266=ORIENTED_EDGE('',*,*,#9836,.T.);
#5267=ORIENTED_EDGE('',*,*,#9837,.F.);
#5268=CARTESIAN_POINT('',(-4.82,3.43,-3.655));
#5269=DIRECTION('',(0.0,0.0,1.0));
#5270=DIRECTION('',(1.0,0.0,0.0));
#5271=ORIENTED_EDGE('',*,*,#9832,.F.);
#5272=ORIENTED_EDGE('',*,*,#9795,.F.);
#5273=ORIENTED_EDGE('',*,*,#9294,.F.);
#5274=ORIENTED_EDGE('',*,*,#9590,.F.);
#5275=ORIENTED_EDGE('',*,*,#9414,.F.);
#5276=ORIENTED_EDGE('',*,*,#9807,.F.);
#5277=CARTESIAN_POINT('',(-4.18,3.43,-3.655));
#5278=DIRECTION('',(1.0,0.0,0.0));
#5279=DIRECTION('',(0.0,1.0,0.0));
#5280=ORIENTED_EDGE('',*,*,#9412,.F.);
#5281=ORIENTED_EDGE('',*,*,#9838,.F.);
#5282=ORIENTED_EDGE('',*,*,#9833,.F.);
#5283=ORIENTED_EDGE('',*,*,#9839,.T.);
#5284=CARTESIAN_POINT('',(-4.18,3.43,-3.655));
#5285=DIRECTION('',(1.0,0.0,0.0));
#5286=DIRECTION('',(0.0,1.0,0.0));
#5287=ORIENTED_EDGE('',*,*,#9353,.F.);
#5288=ORIENTED_EDGE('',*,*,#9290,.F.);
#5289=ORIENTED_EDGE('',*,*,#9610,.T.);
#5290=ORIENTED_EDGE('',*,*,#9500,.T.);
#5291=CARTESIAN_POINT('',(-4.18,3.43,-3.655));
#5292=DIRECTION('',(1.0,0.0,0.0));
#5293=DIRECTION('',(0.0,1.0,0.0));
#5294=ORIENTED_EDGE('',*,*,#9836,.F.);
#5295=ORIENTED_EDGE('',*,*,#9830,.T.);
#5296=ORIENTED_EDGE('',*,*,#9410,.F.);
#5297=ORIENTED_EDGE('',*,*,#9840,.F.);
#5298=CARTESIAN_POINT('',(-4.18,3.43,-3.655));
#5299=DIRECTION('',(1.0,0.0,0.0));
#5300=DIRECTION('',(0.0,1.0,0.0));
#5301=ORIENTED_EDGE('',*,*,#9823,.T.);
#5302=ORIENTED_EDGE('',*,*,#9841,.F.);
#5303=ORIENTED_EDGE('',*,*,#9842,.F.);
#5304=ORIENTED_EDGE('',*,*,#9839,.F.);
#5305=ORIENTED_EDGE('',*,*,#9835,.F.);
#5306=ORIENTED_EDGE('',*,*,#9802,.F.);
#5307=CARTESIAN_POINT('',(-4.18,0.949,-3.655));
#5308=DIRECTION('',(0.0,-1.0,0.0));
#5309=DIRECTION('',(0.0,0.0,-1.0));
#5310=ORIENTED_EDGE('',*,*,#9829,.T.);
#5311=ORIENTED_EDGE('',*,*,#9843,.T.);
#5312=ORIENTED_EDGE('',*,*,#9844,.T.);
#5313=ORIENTED_EDGE('',*,*,#9411,.F.);
#5314=CARTESIAN_POINT('',(-4.18,0.0,0.0));
#5315=DIRECTION('',(1.0,0.0,0.0));
#5316=DIRECTION('',(0.0,1.0,0.0));
#5317=ORIENTED_EDGE('',*,*,#9845,.T.);
#5318=ORIENTED_EDGE('',*,*,#9846,.T.);
#5319=ORIENTED_EDGE('',*,*,#9847,.T.);
#5320=ORIENTED_EDGE('',*,*,#9848,.T.);
#5321=CARTESIAN_POINT('',(-4.18,0.0,0.0));
#5322=DIRECTION('',(1.0,0.0,0.0));
#5323=DIRECTION('',(0.0,1.0,0.0));
#5324=ORIENTED_EDGE('',*,*,#9849,.T.);
#5325=ORIENTED_EDGE('',*,*,#9850,.T.);
#5326=ORIENTED_EDGE('',*,*,#9851,.T.);
#5327=ORIENTED_EDGE('',*,*,#9852,.T.);
#5328=CARTESIAN_POINT('',(-4.18,0.0,0.0));
#5329=DIRECTION('',(1.0,0.0,0.0));
#5330=DIRECTION('',(0.0,1.0,0.0));
#5331=ORIENTED_EDGE('',*,*,#9853,.T.);
#5332=ORIENTED_EDGE('',*,*,#9808,.T.);
#5333=ORIENTED_EDGE('',*,*,#9413,.F.);
#5334=ORIENTED_EDGE('',*,*,#9842,.T.);
#5335=ORIENTED_EDGE('',*,*,#9854,.T.);
#5336=ORIENTED_EDGE('',*,*,#9855,.T.);
#5337=CARTESIAN_POINT('',(-4.18,0.0,0.0));
#5338=DIRECTION('',(1.0,0.0,0.0));
#5339=DIRECTION('',(0.0,1.0,0.0));
#5340=ORIENTED_EDGE('',*,*,#9856,.T.);
#5341=ORIENTED_EDGE('',*,*,#9501,.T.);
#5342=ORIENTED_EDGE('',*,*,#9609,.T.);
#5343=ORIENTED_EDGE('',*,*,#9857,.F.);
#5344=CARTESIAN_POINT('',(-4.18,0.0,0.0));
#5345=DIRECTION('',(1.0,0.0,0.0));
#5346=DIRECTION('',(0.0,1.0,0.0));
#5347=ORIENTED_EDGE('',*,*,#9834,.T.);
#5348=ORIENTED_EDGE('',*,*,#9838,.T.);
#5349=ORIENTED_EDGE('',*,*,#9844,.F.);
#5350=ORIENTED_EDGE('',*,*,#9858,.T.);
#5351=ORIENTED_EDGE('',*,*,#9811,.T.);
#5352=ORIENTED_EDGE('',*,*,#9801,.T.);
#5353=CARTESIAN_POINT('',(-4.18,0.32,-4.955));
#5354=DIRECTION('',(-0.0,1.0,0.0));
#5355=DIRECTION('',(1.0,0.0,0.0));
#5356=ORIENTED_EDGE('',*,*,#9828,.T.);
#5357=ORIENTED_EDGE('',*,*,#9812,.T.);
#5358=ORIENTED_EDGE('',*,*,#9858,.F.);
#5359=ORIENTED_EDGE('',*,*,#9843,.F.);
#5360=CARTESIAN_POINT('',(-4.18,-0.32,-4.955));
#5361=DIRECTION('',(0.0,0.0,-1.0));
#5362=DIRECTION('',(0.0,-1.0,0.0));
#5363=ORIENTED_EDGE('',*,*,#9859,.T.);
#5364=ORIENTED_EDGE('',*,*,#9860,.F.);
#5365=ORIENTED_EDGE('',*,*,#9848,.F.);
#5366=ORIENTED_EDGE('',*,*,#9861,.F.);
#5367=CARTESIAN_POINT('',(-4.27,1.5,2.055));
#5368=DIRECTION('',(0.984183323973689,0.0,0.177152998315298));
#5369=DIRECTION('',(0.0,-1.0,0.0));
#5370=ORIENTED_EDGE('',*,*,#9862,.T.);
#5371=ORIENTED_EDGE('',*,*,#9863,.F.);
#5372=ORIENTED_EDGE('',*,*,#9864,.F.);
#5373=ORIENTED_EDGE('',*,*,#9861,.T.);
#5374=CARTESIAN_POINT('',(-4.5,1.73,2.055));
#5375=DIRECTION('',(0.0,0.984183323973689,0.177152998315298));
#5376=DIRECTION('',(1.0,0.0,-0.0));
#5377=ORIENTED_EDGE('',*,*,#9859,.F.);
#5378=ORIENTED_EDGE('',*,*,#9864,.T.);
#5379=ORIENTED_EDGE('',*,*,#9865,.F.);
#5380=ORIENTED_EDGE('',*,*,#9866,.F.);
#5381=CARTESIAN_POINT('',(-4.18,1.82,2.555));
#5382=DIRECTION('',(0.0,0.0,1.0));
#5383=DIRECTION('',(1.0,0.0,0.0));
#5384=ORIENTED_EDGE('',*,*,#9866,.T.);
#5385=ORIENTED_EDGE('',*,*,#9867,.T.);
#5386=ORIENTED_EDGE('',*,*,#9868,.F.);
#5387=ORIENTED_EDGE('',*,*,#9860,.T.);
#5388=CARTESIAN_POINT('',(-4.5,1.27,2.055));
#5389=DIRECTION('',(0.0,-0.984183323973689,0.177152998315298));
#5390=DIRECTION('',(-1.0,0.0,0.0));
#5391=ORIENTED_EDGE('',*,*,#9816,.T.);
#5392=ORIENTED_EDGE('',*,*,#9869,.T.);
#5393=ORIENTED_EDGE('',*,*,#9845,.F.);
#5394=ORIENTED_EDGE('',*,*,#9868,.T.);
#5395=CARTESIAN_POINT('',(-4.18,1.18,2.555));
#5396=DIRECTION('',(0.0,-1.0,0.0));
#5397=DIRECTION('',(0.0,0.0,-1.0));
#5398=ORIENTED_EDGE('',*,*,#9870,.T.);
#5399=ORIENTED_EDGE('',*,*,#9871,.T.);
#5400=ORIENTED_EDGE('',*,*,#9872,.T.);
#5401=ORIENTED_EDGE('',*,*,#9873,.T.);
#5402=ORIENTED_EDGE('',*,*,#9874,.T.);
#5403=ORIENTED_EDGE('',*,*,#9875,.F.);
#5404=ORIENTED_EDGE('',*,*,#9876,.T.);
#5405=ORIENTED_EDGE('',*,*,#9877,.T.);
#5406=ORIENTED_EDGE('',*,*,#9878,.F.);
#5407=CARTESIAN_POINT('',(-13.825,3.43,-1.645));
#5408=DIRECTION('',(0.0,0.0,1.0));
#5409=DIRECTION('',(1.0,0.0,0.0));
#5410=ORIENTED_EDGE('',*,*,#9879,.T.);
#5411=ORIENTED_EDGE('',*,*,#9880,.T.);
#5412=ORIENTED_EDGE('',*,*,#9881,.T.);
#5413=ORIENTED_EDGE('',*,*,#9882,.T.);
#5414=ORIENTED_EDGE('',*,*,#9883,.T.);
#5415=ORIENTED_EDGE('',*,*,#9884,.F.);
#5416=ORIENTED_EDGE('',*,*,#9885,.T.);
#5417=ORIENTED_EDGE('',*,*,#9886,.T.);
#5418=ORIENTED_EDGE('',*,*,#9887,.F.);
#5419=CARTESIAN_POINT('',(-13.825,3.43,-1.645));
#5420=DIRECTION('',(0.0,0.0,1.0));
#5421=DIRECTION('',(1.0,0.0,0.0));
#5422=ORIENTED_EDGE('',*,*,#9888,.T.);
#5423=ORIENTED_EDGE('',*,*,#9889,.T.);
#5424=ORIENTED_EDGE('',*,*,#9890,.T.);
#5425=ORIENTED_EDGE('',*,*,#9891,.T.);
#5426=ORIENTED_EDGE('',*,*,#9892,.T.);
#5427=ORIENTED_EDGE('',*,*,#9893,.F.);
#5428=ORIENTED_EDGE('',*,*,#9894,.T.);
#5429=ORIENTED_EDGE('',*,*,#9895,.T.);
#5430=ORIENTED_EDGE('',*,*,#9896,.F.);
#5431=CARTESIAN_POINT('',(-13.825,3.43,-1.645));
#5432=DIRECTION('',(0.0,0.0,1.0));
#5433=DIRECTION('',(1.0,0.0,0.0));
#5434=ORIENTED_EDGE('',*,*,#9897,.T.);
#5435=ORIENTED_EDGE('',*,*,#9898,.T.);
#5436=ORIENTED_EDGE('',*,*,#9899,.T.);
#5437=ORIENTED_EDGE('',*,*,#9900,.T.);
#5438=ORIENTED_EDGE('',*,*,#9901,.T.);
#5439=ORIENTED_EDGE('',*,*,#9902,.F.);
#5440=ORIENTED_EDGE('',*,*,#9903,.T.);
#5441=ORIENTED_EDGE('',*,*,#9904,.T.);
#5442=ORIENTED_EDGE('',*,*,#9905,.F.);
#5443=CARTESIAN_POINT('',(-13.825,3.43,-1.645));
#5444=DIRECTION('',(0.0,0.0,1.0));
#5445=DIRECTION('',(1.0,0.0,0.0));
#5446=ORIENTED_EDGE('',*,*,#9906,.T.);
#5447=ORIENTED_EDGE('',*,*,#9907,.T.);
#5448=ORIENTED_EDGE('',*,*,#9908,.T.);
#5449=ORIENTED_EDGE('',*,*,#9909,.T.);
#5450=ORIENTED_EDGE('',*,*,#9910,.T.);
#5451=ORIENTED_EDGE('',*,*,#9911,.F.);
#5452=ORIENTED_EDGE('',*,*,#9912,.T.);
#5453=ORIENTED_EDGE('',*,*,#9913,.T.);
#5454=ORIENTED_EDGE('',*,*,#9914,.F.);
#5455=CARTESIAN_POINT('',(-13.825,3.43,-1.645));
#5456=DIRECTION('',(0.0,0.0,1.0));
#5457=DIRECTION('',(1.0,0.0,0.0));
#5458=ORIENTED_EDGE('',*,*,#9915,.T.);
#5459=ORIENTED_EDGE('',*,*,#9916,.T.);
#5460=ORIENTED_EDGE('',*,*,#9917,.T.);
#5461=ORIENTED_EDGE('',*,*,#9918,.T.);
#5462=ORIENTED_EDGE('',*,*,#9919,.T.);
#5463=ORIENTED_EDGE('',*,*,#9920,.F.);
#5464=ORIENTED_EDGE('',*,*,#9921,.T.);
#5465=ORIENTED_EDGE('',*,*,#9922,.T.);
#5466=ORIENTED_EDGE('',*,*,#9923,.F.);
#5467=CARTESIAN_POINT('',(-13.825,3.43,-1.645));
#5468=DIRECTION('',(0.0,0.0,1.0));
#5469=DIRECTION('',(1.0,0.0,0.0));
#5470=ORIENTED_EDGE('',*,*,#9924,.T.);
#5471=ORIENTED_EDGE('',*,*,#9925,.T.);
#5472=ORIENTED_EDGE('',*,*,#9926,.T.);
#5473=ORIENTED_EDGE('',*,*,#9927,.T.);
#5474=ORIENTED_EDGE('',*,*,#9928,.T.);
#5475=ORIENTED_EDGE('',*,*,#9929,.F.);
#5476=ORIENTED_EDGE('',*,*,#9930,.T.);
#5477=ORIENTED_EDGE('',*,*,#9931,.T.);
#5478=ORIENTED_EDGE('',*,*,#9932,.F.);
#5479=CARTESIAN_POINT('',(-13.825,3.43,-1.645));
#5480=DIRECTION('',(0.0,0.0,1.0));
#5481=DIRECTION('',(1.0,0.0,0.0));
#5482=ORIENTED_EDGE('',*,*,#9933,.T.);
#5483=ORIENTED_EDGE('',*,*,#9934,.T.);
#5484=ORIENTED_EDGE('',*,*,#9935,.T.);
#5485=ORIENTED_EDGE('',*,*,#9936,.T.);
#5486=ORIENTED_EDGE('',*,*,#9937,.T.);
#5487=ORIENTED_EDGE('',*,*,#9938,.F.);
#5488=ORIENTED_EDGE('',*,*,#9939,.T.);
#5489=ORIENTED_EDGE('',*,*,#9940,.T.);
#5490=ORIENTED_EDGE('',*,*,#9941,.F.);
#5491=CARTESIAN_POINT('',(-13.825,3.43,-1.645));
#5492=DIRECTION('',(0.0,0.0,1.0));
#5493=DIRECTION('',(1.0,0.0,0.0));
#5494=ORIENTED_EDGE('',*,*,#9942,.T.);
#5495=ORIENTED_EDGE('',*,*,#9943,.T.);
#5496=ORIENTED_EDGE('',*,*,#9944,.T.);
#5497=ORIENTED_EDGE('',*,*,#9945,.T.);
#5498=ORIENTED_EDGE('',*,*,#9946,.T.);
#5499=ORIENTED_EDGE('',*,*,#9947,.F.);
#5500=ORIENTED_EDGE('',*,*,#9948,.T.);
#5501=ORIENTED_EDGE('',*,*,#9949,.T.);
#5502=ORIENTED_EDGE('',*,*,#9950,.F.);
#5503=CARTESIAN_POINT('',(-13.825,3.43,-1.645));
#5504=DIRECTION('',(0.0,0.0,1.0));
#5505=DIRECTION('',(1.0,0.0,0.0));
#5506=ORIENTED_EDGE('',*,*,#9951,.T.);
#5507=ORIENTED_EDGE('',*,*,#9952,.T.);
#5508=ORIENTED_EDGE('',*,*,#9953,.T.);
#5509=ORIENTED_EDGE('',*,*,#9954,.T.);
#5510=ORIENTED_EDGE('',*,*,#9955,.T.);
#5511=ORIENTED_EDGE('',*,*,#9956,.F.);
#5512=ORIENTED_EDGE('',*,*,#9957,.T.);
#5513=ORIENTED_EDGE('',*,*,#9958,.T.);
#5514=ORIENTED_EDGE('',*,*,#9959,.F.);
#5515=CARTESIAN_POINT('',(-13.825,3.43,-1.645));
#5516=DIRECTION('',(0.0,0.0,1.0));
#5517=DIRECTION('',(1.0,0.0,0.0));
#5518=ORIENTED_EDGE('',*,*,#9960,.T.);
#5519=ORIENTED_EDGE('',*,*,#9961,.T.);
#5520=ORIENTED_EDGE('',*,*,#9962,.T.);
#5521=ORIENTED_EDGE('',*,*,#9963,.T.);
#5522=ORIENTED_EDGE('',*,*,#9964,.F.);
#5523=ORIENTED_EDGE('',*,*,#9819,.T.);
#5524=ORIENTED_EDGE('',*,*,#9965,.T.);
#5525=ORIENTED_EDGE('',*,*,#9850,.F.);
#5526=CARTESIAN_POINT('',(-13.825,3.43,-1.645));
#5527=DIRECTION('',(0.0,0.0,1.0));
#5528=DIRECTION('',(1.0,0.0,0.0));
#5529=ORIENTED_EDGE('',*,*,#9966,.T.);
#5530=ORIENTED_EDGE('',*,*,#9967,.T.);
#5531=ORIENTED_EDGE('',*,*,#9968,.T.);
#5532=ORIENTED_EDGE('',*,*,#9969,.T.);
#5533=ORIENTED_EDGE('',*,*,#9970,.T.);
#5534=ORIENTED_EDGE('',*,*,#9869,.F.);
#5535=ORIENTED_EDGE('',*,*,#9815,.T.);
#5536=ORIENTED_EDGE('',*,*,#9971,.T.);
#5537=ORIENTED_EDGE('',*,*,#9846,.F.);
#5538=CARTESIAN_POINT('',(-13.825,3.43,-1.645));
#5539=DIRECTION('',(0.0,0.0,1.0));
#5540=DIRECTION('',(1.0,0.0,0.0));
#5541=ORIENTED_EDGE('',*,*,#9972,.T.);
#5542=ORIENTED_EDGE('',*,*,#9973,.T.);
#5543=ORIENTED_EDGE('',*,*,#9974,.T.);
#5544=ORIENTED_EDGE('',*,*,#9975,.T.);
#5545=ORIENTED_EDGE('',*,*,#9976,.T.);
#5546=ORIENTED_EDGE('',*,*,#9977,.F.);
#5547=ORIENTED_EDGE('',*,*,#9557,.T.);
#5548=ORIENTED_EDGE('',*,*,#9978,.T.);
#5549=ORIENTED_EDGE('',*,*,#9520,.F.);
#5550=CARTESIAN_POINT('',(-13.825,3.43,-1.645));
#5551=DIRECTION('',(0.0,0.0,1.0));
#5552=DIRECTION('',(1.0,0.0,0.0));
#5553=ORIENTED_EDGE('',*,*,#9979,.T.);
#5554=ORIENTED_EDGE('',*,*,#9980,.T.);
#5555=ORIENTED_EDGE('',*,*,#9981,.T.);
#5556=ORIENTED_EDGE('',*,*,#9982,.T.);
#5557=ORIENTED_EDGE('',*,*,#9983,.T.);
#5558=ORIENTED_EDGE('',*,*,#9984,.F.);
#5559=ORIENTED_EDGE('',*,*,#9553,.T.);
#5560=ORIENTED_EDGE('',*,*,#9985,.T.);
#5561=ORIENTED_EDGE('',*,*,#9516,.F.);
#5562=CARTESIAN_POINT('',(-13.825,3.43,-1.645));
#5563=DIRECTION('',(0.0,0.0,1.0));
#5564=DIRECTION('',(1.0,0.0,0.0));
#5565=ORIENTED_EDGE('',*,*,#9986,.T.);
#5566=ORIENTED_EDGE('',*,*,#9987,.T.);
#5567=ORIENTED_EDGE('',*,*,#9988,.T.);
#5568=ORIENTED_EDGE('',*,*,#9989,.T.);
#5569=ORIENTED_EDGE('',*,*,#9990,.T.);
#5570=ORIENTED_EDGE('',*,*,#9991,.F.);
#5571=ORIENTED_EDGE('',*,*,#9759,.T.);
#5572=ORIENTED_EDGE('',*,*,#9992,.T.);
#5573=ORIENTED_EDGE('',*,*,#9725,.F.);
#5574=CARTESIAN_POINT('',(-13.825,3.43,-1.645));
#5575=DIRECTION('',(0.0,0.0,1.0));
#5576=DIRECTION('',(1.0,0.0,0.0));
#5577=ORIENTED_EDGE('',*,*,#9993,.T.);
#5578=ORIENTED_EDGE('',*,*,#9994,.T.);
#5579=ORIENTED_EDGE('',*,*,#9995,.T.);
#5580=ORIENTED_EDGE('',*,*,#9996,.T.);
#5581=ORIENTED_EDGE('',*,*,#9997,.T.);
#5582=ORIENTED_EDGE('',*,*,#9998,.F.);
#5583=ORIENTED_EDGE('',*,*,#9755,.T.);
#5584=ORIENTED_EDGE('',*,*,#9999,.T.);
#5585=ORIENTED_EDGE('',*,*,#9721,.F.);
#5586=CARTESIAN_POINT('',(-13.825,3.43,-1.645));
#5587=DIRECTION('',(0.0,0.0,1.0));
#5588=DIRECTION('',(1.0,0.0,0.0));
#5589=ORIENTED_EDGE('',*,*,#10000,.T.);
#5590=ORIENTED_EDGE('',*,*,#9874,.F.);
#5591=ORIENTED_EDGE('',*,*,#10001,.F.);
#5592=ORIENTED_EDGE('',*,*,#10002,.T.);
#5593=CARTESIAN_POINT('',(9.23,2.77,4.955));
#5594=DIRECTION('',(-1.0,0.0,0.0));
#5595=DIRECTION('',(0.0,0.0,1.0));
#5596=ORIENTED_EDGE('',*,*,#9204,.F.);
#5597=ORIENTED_EDGE('',*,*,#9219,.F.);
#5598=ORIENTED_EDGE('',*,*,#9211,.T.);
#5599=ORIENTED_EDGE('',*,*,#9133,.F.);
#5600=ORIENTED_EDGE('',*,*,#9215,.T.);
#5601=ORIENTED_EDGE('',*,*,#9636,.T.);
#5602=ORIENTED_EDGE('',*,*,#9206,.F.);
#5603=ORIENTED_EDGE('',*,*,#9172,.T.);
#5604=ORIENTED_EDGE('',*,*,#10003,.F.);
#5605=ORIENTED_EDGE('',*,*,#10004,.F.);
#5606=ORIENTED_EDGE('',*,*,#10005,.F.);
#5607=ORIENTED_EDGE('',*,*,#10006,.F.);
#5608=ORIENTED_EDGE('',*,*,#10007,.F.);
#5609=ORIENTED_EDGE('',*,*,#10008,.F.);
#5610=ORIENTED_EDGE('',*,*,#10009,.F.);
#5611=ORIENTED_EDGE('',*,*,#10010,.T.);
#5612=ORIENTED_EDGE('',*,*,#10011,.F.);
#5613=ORIENTED_EDGE('',*,*,#10012,.F.);
#5614=ORIENTED_EDGE('',*,*,#10013,.F.);
#5615=ORIENTED_EDGE('',*,*,#10014,.F.);
#5616=ORIENTED_EDGE('',*,*,#10015,.F.);
#5617=ORIENTED_EDGE('',*,*,#10016,.F.);
#5618=ORIENTED_EDGE('',*,*,#10002,.F.);
#5619=ORIENTED_EDGE('',*,*,#10017,.F.);
#5620=ORIENTED_EDGE('',*,*,#10018,.F.);
#5621=ORIENTED_EDGE('',*,*,#10019,.F.);
#5622=ORIENTED_EDGE('',*,*,#10020,.F.);
#5623=ORIENTED_EDGE('',*,*,#10021,.F.);
#5624=ORIENTED_EDGE('',*,*,#10022,.F.);
#5625=ORIENTED_EDGE('',*,*,#10023,.F.);
#5626=ORIENTED_EDGE('',*,*,#10024,.F.);
#5627=ORIENTED_EDGE('',*,*,#10025,.T.);
#5628=ORIENTED_EDGE('',*,*,#10026,.F.);
#5629=ORIENTED_EDGE('',*,*,#10027,.F.);
#5630=ORIENTED_EDGE('',*,*,#10028,.F.);
#5631=ORIENTED_EDGE('',*,*,#10029,.F.);
#5632=ORIENTED_EDGE('',*,*,#10030,.F.);
#5633=ORIENTED_EDGE('',*,*,#10031,.T.);
#5634=ORIENTED_EDGE('',*,*,#10032,.F.);
#5635=ORIENTED_EDGE('',*,*,#10033,.F.);
#5636=ORIENTED_EDGE('',*,*,#10034,.F.);
#5637=ORIENTED_EDGE('',*,*,#10035,.F.);
#5638=ORIENTED_EDGE('',*,*,#10036,.F.);
#5639=ORIENTED_EDGE('',*,*,#10037,.F.);
#5640=ORIENTED_EDGE('',*,*,#10038,.F.);
#5641=ORIENTED_EDGE('',*,*,#10039,.F.);
#5642=ORIENTED_EDGE('',*,*,#10040,.F.);
#5643=ORIENTED_EDGE('',*,*,#10041,.F.);
#5644=ORIENTED_EDGE('',*,*,#10042,.F.);
#5645=ORIENTED_EDGE('',*,*,#10043,.F.);
#5646=ORIENTED_EDGE('',*,*,#10044,.F.);
#5647=ORIENTED_EDGE('',*,*,#10045,.F.);
#5648=ORIENTED_EDGE('',*,*,#10046,.F.);
#5649=ORIENTED_EDGE('',*,*,#10047,.F.);
#5650=ORIENTED_EDGE('',*,*,#10048,.F.);
#5651=ORIENTED_EDGE('',*,*,#10049,.F.);
#5652=ORIENTED_EDGE('',*,*,#10050,.F.);
#5653=ORIENTED_EDGE('',*,*,#10051,.F.);
#5654=ORIENTED_EDGE('',*,*,#10052,.F.);
#5655=ORIENTED_EDGE('',*,*,#10053,.F.);
#5656=ORIENTED_EDGE('',*,*,#10054,.F.);
#5657=ORIENTED_EDGE('',*,*,#10055,.F.);
#5658=ORIENTED_EDGE('',*,*,#10056,.F.);
#5659=ORIENTED_EDGE('',*,*,#10057,.F.);
#5660=ORIENTED_EDGE('',*,*,#10058,.F.);
#5661=ORIENTED_EDGE('',*,*,#10059,.F.);
#5662=ORIENTED_EDGE('',*,*,#10060,.F.);
#5663=ORIENTED_EDGE('',*,*,#10061,.F.);
#5664=ORIENTED_EDGE('',*,*,#10062,.F.);
#5665=ORIENTED_EDGE('',*,*,#10063,.F.);
#5666=ORIENTED_EDGE('',*,*,#10064,.F.);
#5667=ORIENTED_EDGE('',*,*,#10065,.F.);
#5668=ORIENTED_EDGE('',*,*,#10066,.F.);
#5669=ORIENTED_EDGE('',*,*,#10067,.F.);
#5670=ORIENTED_EDGE('',*,*,#10068,.F.);
#5671=ORIENTED_EDGE('',*,*,#10069,.F.);
#5672=ORIENTED_EDGE('',*,*,#10070,.F.);
#5673=ORIENTED_EDGE('',*,*,#10071,.F.);
#5674=ORIENTED_EDGE('',*,*,#10072,.F.);
#5675=ORIENTED_EDGE('',*,*,#10073,.F.);
#5676=ORIENTED_EDGE('',*,*,#10074,.F.);
#5677=ORIENTED_EDGE('',*,*,#10075,.F.);
#5678=ORIENTED_EDGE('',*,*,#10076,.F.);
#5679=ORIENTED_EDGE('',*,*,#10077,.T.);
#5680=ORIENTED_EDGE('',*,*,#10078,.F.);
#5681=ORIENTED_EDGE('',*,*,#10079,.F.);
#5682=ORIENTED_EDGE('',*,*,#10080,.F.);
#5683=CARTESIAN_POINT('',(-13.825,3.43,4.955));
#5684=DIRECTION('',(0.0,0.0,1.0));
#5685=DIRECTION('',(1.0,0.0,0.0));
#5686=ORIENTED_EDGE('',*,*,#10081,.T.);
#5687=ORIENTED_EDGE('',*,*,#9928,.F.);
#5688=ORIENTED_EDGE('',*,*,#10082,.F.);
#5689=ORIENTED_EDGE('',*,*,#10007,.T.);
#5690=CARTESIAN_POINT('',(0.93,-2.77,4.955));
#5691=DIRECTION('',(0.0,-1.0,0.0));
#5692=DIRECTION('',(0.0,0.0,-1.0));
#5693=ORIENTED_EDGE('',*,*,#10082,.T.);
#5694=ORIENTED_EDGE('',*,*,#9927,.F.);
#5695=ORIENTED_EDGE('',*,*,#10083,.F.);
#5696=ORIENTED_EDGE('',*,*,#10003,.T.);
#5697=CARTESIAN_POINT('',(0.23,-2.07,4.955));
#5698=DIRECTION('',(-0.707106781186548,-0.707106781186548,0.0));
#5699=DIRECTION('',(-0.707106781186548,0.707106781186548,0.0));
#5700=ORIENTED_EDGE('',*,*,#10083,.T.);
#5701=ORIENTED_EDGE('',*,*,#9926,.F.);
#5702=ORIENTED_EDGE('',*,*,#10084,.F.);
#5703=ORIENTED_EDGE('',*,*,#10004,.T.);
#5704=CARTESIAN_POINT('',(0.23,-0.23,4.955));
#5705=DIRECTION('',(-1.0,0.0,0.0));
#5706=DIRECTION('',(0.0,0.0,1.0));
#5707=ORIENTED_EDGE('',*,*,#10084,.T.);
#5708=ORIENTED_EDGE('',*,*,#9925,.F.);
#5709=ORIENTED_EDGE('',*,*,#10085,.F.);
#5710=ORIENTED_EDGE('',*,*,#10005,.T.);
#5711=CARTESIAN_POINT('',(2.77,-0.23,4.955));
#5712=DIRECTION('',(-0.0,1.0,0.0));
#5713=DIRECTION('',(1.0,0.0,0.0));
#5714=ORIENTED_EDGE('',*,*,#10085,.T.);
#5715=ORIENTED_EDGE('',*,*,#9924,.F.);
#5716=ORIENTED_EDGE('',*,*,#10081,.F.);
#5717=ORIENTED_EDGE('',*,*,#10006,.T.);
#5718=CARTESIAN_POINT('',(2.77,-2.77,4.955));
#5719=DIRECTION('',(1.0,0.0,0.0));
#5720=DIRECTION('',(0.0,1.0,0.0));
#5721=ORIENTED_EDGE('',*,*,#10086,.T.);
#5722=ORIENTED_EDGE('',*,*,#9993,.F.);
#5723=ORIENTED_EDGE('',*,*,#10087,.F.);
#5724=ORIENTED_EDGE('',*,*,#10012,.T.);
#5725=CARTESIAN_POINT('',(-8.07,0.23,4.955));
#5726=DIRECTION('',(0.0,-1.0,0.0));
#5727=DIRECTION('',(0.0,0.0,-1.0));
#5728=ORIENTED_EDGE('',*,*,#10087,.T.);
#5729=ORIENTED_EDGE('',*,*,#9997,.F.);
#5730=ORIENTED_EDGE('',*,*,#10088,.F.);
#5731=ORIENTED_EDGE('',*,*,#10008,.T.);
#5732=CARTESIAN_POINT('',(-8.77,0.93,4.955));
#5733=DIRECTION('',(-0.707106781186548,-0.707106781186548,0.0));
#5734=DIRECTION('',(-0.707106781186548,0.707106781186548,0.0));
#5735=ORIENTED_EDGE('',*,*,#10088,.T.);
#5736=ORIENTED_EDGE('',*,*,#9996,.F.);
#5737=ORIENTED_EDGE('',*,*,#10089,.F.);
#5738=ORIENTED_EDGE('',*,*,#10009,.T.);
#5739=CARTESIAN_POINT('',(-8.77,2.77,4.955));
#5740=DIRECTION('',(-1.0,0.0,0.0));
#5741=DIRECTION('',(0.0,0.0,1.0));
#5742=ORIENTED_EDGE('',*,*,#10089,.T.);
#5743=ORIENTED_EDGE('',*,*,#9995,.F.);
#5744=ORIENTED_EDGE('',*,*,#10090,.F.);
#5745=ORIENTED_EDGE('',*,*,#10010,.F.);
#5746=CARTESIAN_POINT('',(-6.23,2.77,4.955));
#5747=DIRECTION('',(-0.0,1.0,0.0));
#5748=DIRECTION('',(1.0,0.0,0.0));
#5749=ORIENTED_EDGE('',*,*,#10090,.T.);
#5750=ORIENTED_EDGE('',*,*,#9994,.F.);
#5751=ORIENTED_EDGE('',*,*,#10086,.F.);
#5752=ORIENTED_EDGE('',*,*,#10011,.T.);
#5753=CARTESIAN_POINT('',(-6.23,0.23,4.955));
#5754=DIRECTION('',(1.0,0.0,0.0));
#5755=DIRECTION('',(0.0,1.0,0.0));
#5756=ORIENTED_EDGE('',*,*,#10091,.T.);
#5757=ORIENTED_EDGE('',*,*,#9870,.F.);
#5758=ORIENTED_EDGE('',*,*,#10000,.F.);
#5759=ORIENTED_EDGE('',*,*,#10016,.T.);
#5760=CARTESIAN_POINT('',(9.23,0.23,4.955));
#5761=DIRECTION('',(0.0,-1.0,0.0));
#5762=DIRECTION('',(0.0,0.0,-1.0));
#5763=ORIENTED_EDGE('',*,*,#10092,.T.);
#5764=ORIENTED_EDGE('',*,*,#9871,.F.);
#5765=ORIENTED_EDGE('',*,*,#10091,.F.);
#5766=ORIENTED_EDGE('',*,*,#10015,.T.);
#5767=CARTESIAN_POINT('',(11.07,0.23,4.955));
#5768=DIRECTION('',(0.707106781186548,-0.707106781186548,0.0));
#5769=DIRECTION('',(0.0,0.0,-1.0));
#5770=ORIENTED_EDGE('',*,*,#10093,.T.);
#5771=ORIENTED_EDGE('',*,*,#9872,.F.);
#5772=ORIENTED_EDGE('',*,*,#10092,.F.);
#5773=ORIENTED_EDGE('',*,*,#10014,.T.);
#5774=CARTESIAN_POINT('',(11.77,0.93,4.955));
#5775=DIRECTION('',(1.0,0.0,0.0));
#5776=DIRECTION('',(0.0,1.0,0.0));
#5777=ORIENTED_EDGE('',*,*,#10001,.T.);
#5778=ORIENTED_EDGE('',*,*,#9873,.F.);
#5779=ORIENTED_EDGE('',*,*,#10093,.F.);
#5780=ORIENTED_EDGE('',*,*,#10013,.T.);
#5781=CARTESIAN_POINT('',(11.77,2.77,4.955));
#5782=DIRECTION('',(-0.0,1.0,0.0));
#5783=DIRECTION('',(1.0,0.0,0.0));
#5784=ORIENTED_EDGE('',*,*,#10094,.T.);
#5785=ORIENTED_EDGE('',*,*,#9883,.F.);
#5786=ORIENTED_EDGE('',*,*,#10095,.F.);
#5787=ORIENTED_EDGE('',*,*,#10021,.T.);
#5788=CARTESIAN_POINT('',(11.77,-0.23,4.955));
#5789=DIRECTION('',(-0.0,1.0,0.0));
#5790=DIRECTION('',(1.0,0.0,0.0));
#5791=ORIENTED_EDGE('',*,*,#10095,.T.);
#5792=ORIENTED_EDGE('',*,*,#9882,.F.);
#5793=ORIENTED_EDGE('',*,*,#10096,.F.);
#5794=ORIENTED_EDGE('',*,*,#10017,.T.);
#5795=CARTESIAN_POINT('',(11.77,-2.07,4.955));
#5796=DIRECTION('',(1.0,0.0,0.0));
#5797=DIRECTION('',(0.0,1.0,0.0));
#5798=ORIENTED_EDGE('',*,*,#10096,.T.);
#5799=ORIENTED_EDGE('',*,*,#9881,.F.);
#5800=ORIENTED_EDGE('',*,*,#10097,.F.);
#5801=ORIENTED_EDGE('',*,*,#10018,.T.);
#5802=CARTESIAN_POINT('',(11.07,-2.77,4.955));
#5803=DIRECTION('',(0.707106781186548,-0.707106781186548,0.0));
#5804=DIRECTION('',(0.0,0.0,-1.0));
#5805=ORIENTED_EDGE('',*,*,#10097,.T.);
#5806=ORIENTED_EDGE('',*,*,#9880,.F.);
#5807=ORIENTED_EDGE('',*,*,#10098,.F.);
#5808=ORIENTED_EDGE('',*,*,#10019,.T.);
#5809=CARTESIAN_POINT('',(9.23,-2.77,4.955));
#5810=DIRECTION('',(0.0,-1.0,0.0));
#5811=DIRECTION('',(0.0,0.0,-1.0));
#5812=ORIENTED_EDGE('',*,*,#10098,.T.);
#5813=ORIENTED_EDGE('',*,*,#9879,.F.);
#5814=ORIENTED_EDGE('',*,*,#10094,.F.);
#5815=ORIENTED_EDGE('',*,*,#10020,.T.);
#5816=CARTESIAN_POINT('',(9.23,-0.23,4.955));
#5817=DIRECTION('',(-1.0,0.0,0.0));
#5818=DIRECTION('',(0.0,0.0,1.0));
#5819=ORIENTED_EDGE('',*,*,#10099,.T.);
#5820=ORIENTED_EDGE('',*,*,#9892,.F.);
#5821=ORIENTED_EDGE('',*,*,#10100,.F.);
#5822=ORIENTED_EDGE('',*,*,#10026,.T.);
#5823=CARTESIAN_POINT('',(6.23,-0.23,4.955));
#5824=DIRECTION('',(-1.0,0.0,0.0));
#5825=DIRECTION('',(0.0,0.0,1.0));
#5826=ORIENTED_EDGE('',*,*,#10100,.T.);
#5827=ORIENTED_EDGE('',*,*,#9891,.F.);
#5828=ORIENTED_EDGE('',*,*,#10101,.F.);
#5829=ORIENTED_EDGE('',*,*,#10022,.T.);
#5830=CARTESIAN_POINT('',(8.77,-0.23,4.955));
#5831=DIRECTION('',(-0.0,1.0,0.0));
#5832=DIRECTION('',(1.0,0.0,0.0));
#5833=ORIENTED_EDGE('',*,*,#10101,.T.);
#5834=ORIENTED_EDGE('',*,*,#9890,.F.);
#5835=ORIENTED_EDGE('',*,*,#10102,.F.);
#5836=ORIENTED_EDGE('',*,*,#10023,.T.);
#5837=CARTESIAN_POINT('',(8.77,-2.07,4.955));
#5838=DIRECTION('',(1.0,0.0,0.0));
#5839=DIRECTION('',(0.0,1.0,0.0));
#5840=ORIENTED_EDGE('',*,*,#10102,.T.);
#5841=ORIENTED_EDGE('',*,*,#9889,.F.);
#5842=ORIENTED_EDGE('',*,*,#10103,.F.);
#5843=ORIENTED_EDGE('',*,*,#10024,.T.);
#5844=CARTESIAN_POINT('',(8.07,-2.77,4.955));
#5845=DIRECTION('',(0.707106781186548,-0.707106781186548,0.0));
#5846=DIRECTION('',(0.0,0.0,-1.0));
#5847=ORIENTED_EDGE('',*,*,#10103,.T.);
#5848=ORIENTED_EDGE('',*,*,#9888,.F.);
#5849=ORIENTED_EDGE('',*,*,#10099,.F.);
#5850=ORIENTED_EDGE('',*,*,#10025,.F.);
#5851=CARTESIAN_POINT('',(6.23,-2.77,4.955));
#5852=DIRECTION('',(0.0,-1.0,0.0));
#5853=DIRECTION('',(0.0,0.0,-1.0));
#5854=ORIENTED_EDGE('',*,*,#10104,.T.);
#5855=ORIENTED_EDGE('',*,*,#9901,.F.);
#5856=ORIENTED_EDGE('',*,*,#10105,.F.);
#5857=ORIENTED_EDGE('',*,*,#10031,.F.);
#5858=CARTESIAN_POINT('',(6.23,0.23,4.955));
#5859=DIRECTION('',(0.0,-1.0,0.0));
#5860=DIRECTION('',(0.0,0.0,-1.0));
#5861=ORIENTED_EDGE('',*,*,#10105,.T.);
#5862=ORIENTED_EDGE('',*,*,#9900,.F.);
#5863=ORIENTED_EDGE('',*,*,#10106,.F.);
#5864=ORIENTED_EDGE('',*,*,#10027,.T.);
#5865=CARTESIAN_POINT('',(6.23,2.77,4.955));
#5866=DIRECTION('',(-1.0,0.0,0.0));
#5867=DIRECTION('',(0.0,0.0,1.0));
#5868=ORIENTED_EDGE('',*,*,#10106,.T.);
#5869=ORIENTED_EDGE('',*,*,#9899,.F.);
#5870=ORIENTED_EDGE('',*,*,#10107,.F.);
#5871=ORIENTED_EDGE('',*,*,#10028,.T.);
#5872=CARTESIAN_POINT('',(8.77,2.77,4.955));
#5873=DIRECTION('',(-0.0,1.0,0.0));
#5874=DIRECTION('',(1.0,0.0,0.0));
#5875=ORIENTED_EDGE('',*,*,#10107,.T.);
#5876=ORIENTED_EDGE('',*,*,#9898,.F.);
#5877=ORIENTED_EDGE('',*,*,#10108,.F.);
#5878=ORIENTED_EDGE('',*,*,#10029,.T.);
#5879=CARTESIAN_POINT('',(8.77,0.93,4.955));
#5880=DIRECTION('',(1.0,0.0,0.0));
#5881=DIRECTION('',(0.0,1.0,0.0));
#5882=ORIENTED_EDGE('',*,*,#10108,.T.);
#5883=ORIENTED_EDGE('',*,*,#9897,.F.);
#5884=ORIENTED_EDGE('',*,*,#10104,.F.);
#5885=ORIENTED_EDGE('',*,*,#10030,.T.);
#5886=CARTESIAN_POINT('',(8.07,0.23,4.955));
#5887=DIRECTION('',(0.707106781186548,-0.707106781186548,0.0));
#5888=DIRECTION('',(0.0,0.0,-1.0));
#5889=ORIENTED_EDGE('',*,*,#10109,.T.);
#5890=ORIENTED_EDGE('',*,*,#9910,.F.);
#5891=ORIENTED_EDGE('',*,*,#10110,.F.);
#5892=ORIENTED_EDGE('',*,*,#10036,.T.);
#5893=CARTESIAN_POINT('',(3.23,0.23,4.955));
#5894=DIRECTION('',(0.0,-1.0,0.0));
#5895=DIRECTION('',(0.0,0.0,-1.0));
#5896=ORIENTED_EDGE('',*,*,#10110,.T.);
#5897=ORIENTED_EDGE('',*,*,#9909,.F.);
#5898=ORIENTED_EDGE('',*,*,#10111,.F.);
#5899=ORIENTED_EDGE('',*,*,#10032,.T.);
#5900=CARTESIAN_POINT('',(3.23,2.77,4.955));
#5901=DIRECTION('',(-1.0,0.0,0.0));
#5902=DIRECTION('',(0.0,0.0,1.0));
#5903=ORIENTED_EDGE('',*,*,#10111,.T.);
#5904=ORIENTED_EDGE('',*,*,#9908,.F.);
#5905=ORIENTED_EDGE('',*,*,#10112,.F.);
#5906=ORIENTED_EDGE('',*,*,#10033,.T.);
#5907=CARTESIAN_POINT('',(5.77,2.77,4.955));
#5908=DIRECTION('',(-0.0,1.0,0.0));
#5909=DIRECTION('',(1.0,0.0,0.0));
#5910=ORIENTED_EDGE('',*,*,#10112,.T.);
#5911=ORIENTED_EDGE('',*,*,#9907,.F.);
#5912=ORIENTED_EDGE('',*,*,#10113,.F.);
#5913=ORIENTED_EDGE('',*,*,#10034,.T.);
#5914=CARTESIAN_POINT('',(5.77,0.93,4.955));
#5915=DIRECTION('',(1.0,0.0,0.0));
#5916=DIRECTION('',(0.0,1.0,0.0));
#5917=ORIENTED_EDGE('',*,*,#10113,.T.);
#5918=ORIENTED_EDGE('',*,*,#9906,.F.);
#5919=ORIENTED_EDGE('',*,*,#10109,.F.);
#5920=ORIENTED_EDGE('',*,*,#10035,.T.);
#5921=CARTESIAN_POINT('',(5.07,0.23,4.955));
#5922=DIRECTION('',(0.707106781186548,-0.707106781186548,0.0));
#5923=DIRECTION('',(0.0,0.0,-1.0));
#5924=ORIENTED_EDGE('',*,*,#10114,.T.);
#5925=ORIENTED_EDGE('',*,*,#9919,.F.);
#5926=ORIENTED_EDGE('',*,*,#10115,.F.);
#5927=ORIENTED_EDGE('',*,*,#10041,.T.);
#5928=CARTESIAN_POINT('',(5.77,-0.23,4.955));
#5929=DIRECTION('',(-0.0,1.0,0.0));
#5930=DIRECTION('',(1.0,0.0,0.0));
#5931=ORIENTED_EDGE('',*,*,#10115,.T.);
#5932=ORIENTED_EDGE('',*,*,#9918,.F.);
#5933=ORIENTED_EDGE('',*,*,#10116,.F.);
#5934=ORIENTED_EDGE('',*,*,#10037,.T.);
#5935=CARTESIAN_POINT('',(5.77,-2.77,4.955));
#5936=DIRECTION('',(1.0,0.0,0.0));
#5937=DIRECTION('',(0.0,1.0,0.0));
#5938=ORIENTED_EDGE('',*,*,#10116,.T.);
#5939=ORIENTED_EDGE('',*,*,#9917,.F.);
#5940=ORIENTED_EDGE('',*,*,#10117,.F.);
#5941=ORIENTED_EDGE('',*,*,#10038,.T.);
#5942=CARTESIAN_POINT('',(3.93,-2.77,4.955));
#5943=DIRECTION('',(0.0,-1.0,0.0));
#5944=DIRECTION('',(0.0,0.0,-1.0));
#5945=ORIENTED_EDGE('',*,*,#10117,.T.);
#5946=ORIENTED_EDGE('',*,*,#9916,.F.);
#5947=ORIENTED_EDGE('',*,*,#10118,.F.);
#5948=ORIENTED_EDGE('',*,*,#10039,.T.);
#5949=CARTESIAN_POINT('',(3.23,-2.07,4.955));
#5950=DIRECTION('',(-0.707106781186548,-0.707106781186548,0.0));
#5951=DIRECTION('',(-0.707106781186548,0.707106781186548,0.0));
#5952=ORIENTED_EDGE('',*,*,#10118,.T.);
#5953=ORIENTED_EDGE('',*,*,#9915,.F.);
#5954=ORIENTED_EDGE('',*,*,#10114,.F.);
#5955=ORIENTED_EDGE('',*,*,#10040,.T.);
#5956=CARTESIAN_POINT('',(3.23,-0.23,4.955));
#5957=DIRECTION('',(-1.0,0.0,0.0));
#5958=DIRECTION('',(0.0,0.0,1.0));
#5959=ORIENTED_EDGE('',*,*,#10119,.T.);
#5960=ORIENTED_EDGE('',*,*,#9937,.F.);
#5961=ORIENTED_EDGE('',*,*,#10120,.F.);
#5962=ORIENTED_EDGE('',*,*,#10046,.T.);
#5963=CARTESIAN_POINT('',(0.93,0.23,4.955));
#5964=DIRECTION('',(0.0,-1.0,0.0));
#5965=DIRECTION('',(0.0,0.0,-1.0));
#5966=ORIENTED_EDGE('',*,*,#10120,.T.);
#5967=ORIENTED_EDGE('',*,*,#9936,.F.);
#5968=ORIENTED_EDGE('',*,*,#10121,.F.);
#5969=ORIENTED_EDGE('',*,*,#10042,.T.);
#5970=CARTESIAN_POINT('',(0.23,0.93,4.955));
#5971=DIRECTION('',(-0.707106781186548,-0.707106781186548,0.0));
#5972=DIRECTION('',(-0.707106781186548,0.707106781186548,0.0));
#5973=ORIENTED_EDGE('',*,*,#10121,.T.);
#5974=ORIENTED_EDGE('',*,*,#9935,.F.);
#5975=ORIENTED_EDGE('',*,*,#10122,.F.);
#5976=ORIENTED_EDGE('',*,*,#10043,.T.);
#5977=CARTESIAN_POINT('',(0.23,2.77,4.955));
#5978=DIRECTION('',(-1.0,0.0,0.0));
#5979=DIRECTION('',(0.0,0.0,1.0));
#5980=ORIENTED_EDGE('',*,*,#10122,.T.);
#5981=ORIENTED_EDGE('',*,*,#9934,.F.);
#5982=ORIENTED_EDGE('',*,*,#10123,.F.);
#5983=ORIENTED_EDGE('',*,*,#10044,.T.);
#5984=CARTESIAN_POINT('',(2.77,2.77,4.955));
#5985=DIRECTION('',(-0.0,1.0,0.0));
#5986=DIRECTION('',(1.0,0.0,0.0));
#5987=ORIENTED_EDGE('',*,*,#10123,.T.);
#5988=ORIENTED_EDGE('',*,*,#9933,.F.);
#5989=ORIENTED_EDGE('',*,*,#10119,.F.);
#5990=ORIENTED_EDGE('',*,*,#10045,.T.);
#5991=CARTESIAN_POINT('',(2.77,0.23,4.955));
#5992=DIRECTION('',(1.0,0.0,0.0));
#5993=DIRECTION('',(0.0,1.0,0.0));
#5994=ORIENTED_EDGE('',*,*,#10124,.T.);
#5995=ORIENTED_EDGE('',*,*,#9946,.F.);
#5996=ORIENTED_EDGE('',*,*,#10125,.F.);
#5997=ORIENTED_EDGE('',*,*,#10051,.T.);
#5998=CARTESIAN_POINT('',(-0.23,-0.23,4.955));
#5999=DIRECTION('',(-0.0,1.0,0.0));
#6000=DIRECTION('',(1.0,0.0,0.0));
#6001=ORIENTED_EDGE('',*,*,#10125,.T.);
#6002=ORIENTED_EDGE('',*,*,#9945,.F.);
#6003=ORIENTED_EDGE('',*,*,#10126,.F.);
#6004=ORIENTED_EDGE('',*,*,#10047,.T.);
#6005=CARTESIAN_POINT('',(-0.23,-2.07,4.955));
#6006=DIRECTION('',(1.0,0.0,0.0));
#6007=DIRECTION('',(0.0,1.0,0.0));
#6008=ORIENTED_EDGE('',*,*,#10126,.T.);
#6009=ORIENTED_EDGE('',*,*,#9944,.F.);
#6010=ORIENTED_EDGE('',*,*,#10127,.F.);
#6011=ORIENTED_EDGE('',*,*,#10048,.T.);
#6012=CARTESIAN_POINT('',(-0.93,-2.77,4.955));
#6013=DIRECTION('',(0.707106781186548,-0.707106781186548,0.0));
#6014=DIRECTION('',(0.0,0.0,-1.0));
#6015=ORIENTED_EDGE('',*,*,#10127,.T.);
#6016=ORIENTED_EDGE('',*,*,#9943,.F.);
#6017=ORIENTED_EDGE('',*,*,#10128,.F.);
#6018=ORIENTED_EDGE('',*,*,#10049,.T.);
#6019=CARTESIAN_POINT('',(-2.77,-2.77,4.955));
#6020=DIRECTION('',(0.0,-1.0,0.0));
#6021=DIRECTION('',(0.0,0.0,-1.0));
#6022=ORIENTED_EDGE('',*,*,#10128,.T.);
#6023=ORIENTED_EDGE('',*,*,#9942,.F.);
#6024=ORIENTED_EDGE('',*,*,#10124,.F.);
#6025=ORIENTED_EDGE('',*,*,#10050,.T.);
#6026=CARTESIAN_POINT('',(-2.77,-0.23,4.955));
#6027=DIRECTION('',(-1.0,0.0,0.0));
#6028=DIRECTION('',(0.0,0.0,1.0));
#6029=ORIENTED_EDGE('',*,*,#10129,.T.);
#6030=ORIENTED_EDGE('',*,*,#9955,.F.);
#6031=ORIENTED_EDGE('',*,*,#10130,.F.);
#6032=ORIENTED_EDGE('',*,*,#10056,.T.);
#6033=CARTESIAN_POINT('',(-2.77,0.23,4.955));
#6034=DIRECTION('',(0.0,-1.0,0.0));
#6035=DIRECTION('',(0.0,0.0,-1.0));
#6036=ORIENTED_EDGE('',*,*,#10130,.T.);
#6037=ORIENTED_EDGE('',*,*,#9954,.F.);
#6038=ORIENTED_EDGE('',*,*,#10131,.F.);
#6039=ORIENTED_EDGE('',*,*,#10052,.T.);
#6040=CARTESIAN_POINT('',(-2.77,2.77,4.955));
#6041=DIRECTION('',(-1.0,0.0,0.0));
#6042=DIRECTION('',(0.0,0.0,1.0));
#6043=ORIENTED_EDGE('',*,*,#10131,.T.);
#6044=ORIENTED_EDGE('',*,*,#9953,.F.);
#6045=ORIENTED_EDGE('',*,*,#10132,.F.);
#6046=ORIENTED_EDGE('',*,*,#10053,.T.);
#6047=CARTESIAN_POINT('',(-0.23,2.77,4.955));
#6048=DIRECTION('',(-0.0,1.0,0.0));
#6049=DIRECTION('',(1.0,0.0,0.0));
#6050=ORIENTED_EDGE('',*,*,#10132,.T.);
#6051=ORIENTED_EDGE('',*,*,#9952,.F.);
#6052=ORIENTED_EDGE('',*,*,#10133,.F.);
#6053=ORIENTED_EDGE('',*,*,#10054,.T.);
#6054=CARTESIAN_POINT('',(-0.23,0.93,4.955));
#6055=DIRECTION('',(1.0,0.0,0.0));
#6056=DIRECTION('',(0.0,1.0,0.0));
#6057=ORIENTED_EDGE('',*,*,#10133,.T.);
#6058=ORIENTED_EDGE('',*,*,#9951,.F.);
#6059=ORIENTED_EDGE('',*,*,#10129,.F.);
#6060=ORIENTED_EDGE('',*,*,#10055,.T.);
#6061=CARTESIAN_POINT('',(-0.93,0.23,4.955));
#6062=DIRECTION('',(0.707106781186548,-0.707106781186548,0.0));
#6063=DIRECTION('',(0.0,0.0,-1.0));
#6064=ORIENTED_EDGE('',*,*,#10134,.T.);
#6065=ORIENTED_EDGE('',*,*,#9963,.F.);
#6066=ORIENTED_EDGE('',*,*,#10135,.F.);
#6067=ORIENTED_EDGE('',*,*,#10060,.T.);
#6068=CARTESIAN_POINT('',(-3.23,-2.77,4.955));
#6069=DIRECTION('',(1.0,0.0,0.0));
#6070=DIRECTION('',(0.0,1.0,0.0));
#6071=ORIENTED_EDGE('',*,*,#10135,.T.);
#6072=ORIENTED_EDGE('',*,*,#9962,.F.);
#6073=ORIENTED_EDGE('',*,*,#10136,.F.);
#6074=ORIENTED_EDGE('',*,*,#10057,.T.);
#6075=CARTESIAN_POINT('',(-5.77,-2.77,4.955));
#6076=DIRECTION('',(0.0,-1.0,0.0));
#6077=DIRECTION('',(0.0,0.0,-1.0));
#6078=ORIENTED_EDGE('',*,*,#10136,.T.);
#6079=ORIENTED_EDGE('',*,*,#9961,.F.);
#6080=ORIENTED_EDGE('',*,*,#10137,.F.);
#6081=ORIENTED_EDGE('',*,*,#10058,.T.);
#6082=CARTESIAN_POINT('',(-5.77,-0.23,4.955));
#6083=DIRECTION('',(-1.0,0.0,0.0));
#6084=DIRECTION('',(0.0,0.0,1.0));
#6085=ORIENTED_EDGE('',*,*,#10137,.T.);
#6086=ORIENTED_EDGE('',*,*,#9960,.F.);
#6087=ORIENTED_EDGE('',*,*,#10134,.F.);
#6088=ORIENTED_EDGE('',*,*,#10059,.T.);
#6089=CARTESIAN_POINT('',(-3.23,-0.23,4.955));
#6090=DIRECTION('',(-0.0,1.0,0.0));
#6091=DIRECTION('',(1.0,0.0,0.0));
#6092=ORIENTED_EDGE('',*,*,#10138,.T.);
#6093=ORIENTED_EDGE('',*,*,#9970,.F.);
#6094=ORIENTED_EDGE('',*,*,#10139,.F.);
#6095=ORIENTED_EDGE('',*,*,#10065,.T.);
#6096=CARTESIAN_POINT('',(-3.23,0.93,4.955));
#6097=DIRECTION('',(1.0,0.0,0.0));
#6098=DIRECTION('',(0.0,1.0,0.0));
#6099=ORIENTED_EDGE('',*,*,#10139,.T.);
#6100=ORIENTED_EDGE('',*,*,#9969,.F.);
#6101=ORIENTED_EDGE('',*,*,#10140,.F.);
#6102=ORIENTED_EDGE('',*,*,#10061,.T.);
#6103=CARTESIAN_POINT('',(-3.93,0.23,4.955));
#6104=DIRECTION('',(0.707106781186548,-0.707106781186548,0.0));
#6105=DIRECTION('',(0.0,0.0,-1.0));
#6106=ORIENTED_EDGE('',*,*,#10140,.T.);
#6107=ORIENTED_EDGE('',*,*,#9968,.F.);
#6108=ORIENTED_EDGE('',*,*,#10141,.F.);
#6109=ORIENTED_EDGE('',*,*,#10062,.T.);
#6110=CARTESIAN_POINT('',(-5.77,0.23,4.955));
#6111=DIRECTION('',(0.0,-1.0,0.0));
#6112=DIRECTION('',(0.0,0.0,-1.0));
#6113=ORIENTED_EDGE('',*,*,#10141,.T.);
#6114=ORIENTED_EDGE('',*,*,#9967,.F.);
#6115=ORIENTED_EDGE('',*,*,#10142,.F.);
#6116=ORIENTED_EDGE('',*,*,#10063,.T.);
#6117=CARTESIAN_POINT('',(-5.77,2.77,4.955));
#6118=DIRECTION('',(-1.0,0.0,0.0));
#6119=DIRECTION('',(0.0,0.0,1.0));
#6120=ORIENTED_EDGE('',*,*,#10142,.T.);
#6121=ORIENTED_EDGE('',*,*,#9966,.F.);
#6122=ORIENTED_EDGE('',*,*,#10138,.F.);
#6123=ORIENTED_EDGE('',*,*,#10064,.T.);
#6124=CARTESIAN_POINT('',(-3.23,2.77,4.955));
#6125=DIRECTION('',(-0.0,1.0,0.0));
#6126=DIRECTION('',(1.0,0.0,0.0));
#6127=ORIENTED_EDGE('',*,*,#10143,.T.);
#6128=ORIENTED_EDGE('',*,*,#9976,.F.);
#6129=ORIENTED_EDGE('',*,*,#10144,.F.);
#6130=ORIENTED_EDGE('',*,*,#10070,.T.);
#6131=CARTESIAN_POINT('',(-11.77,-0.23,4.955));
#6132=DIRECTION('',(-1.0,0.0,0.0));
#6133=DIRECTION('',(0.0,0.0,1.0));
#6134=ORIENTED_EDGE('',*,*,#10144,.T.);
#6135=ORIENTED_EDGE('',*,*,#9975,.F.);
#6136=ORIENTED_EDGE('',*,*,#10145,.F.);
#6137=ORIENTED_EDGE('',*,*,#10066,.T.);
#6138=CARTESIAN_POINT('',(-9.23,-0.23,4.955));
#6139=DIRECTION('',(-0.0,1.0,0.0));
#6140=DIRECTION('',(1.0,0.0,0.0));
#6141=ORIENTED_EDGE('',*,*,#10145,.T.);
#6142=ORIENTED_EDGE('',*,*,#9974,.F.);
#6143=ORIENTED_EDGE('',*,*,#10146,.F.);
#6144=ORIENTED_EDGE('',*,*,#10067,.T.);
#6145=CARTESIAN_POINT('',(-9.23,-2.07,4.955));
#6146=DIRECTION('',(1.0,0.0,0.0));
#6147=DIRECTION('',(0.0,1.0,0.0));
#6148=ORIENTED_EDGE('',*,*,#10146,.T.);
#6149=ORIENTED_EDGE('',*,*,#9973,.F.);
#6150=ORIENTED_EDGE('',*,*,#10147,.F.);
#6151=ORIENTED_EDGE('',*,*,#10068,.T.);
#6152=CARTESIAN_POINT('',(-9.93,-2.77,4.955));
#6153=DIRECTION('',(0.707106781186548,-0.707106781186548,0.0));
#6154=DIRECTION('',(0.0,0.0,-1.0));
#6155=ORIENTED_EDGE('',*,*,#10147,.T.);
#6156=ORIENTED_EDGE('',*,*,#9972,.F.);
#6157=ORIENTED_EDGE('',*,*,#10143,.F.);
#6158=ORIENTED_EDGE('',*,*,#10069,.T.);
#6159=CARTESIAN_POINT('',(-11.77,-2.77,4.955));
#6160=DIRECTION('',(0.0,-1.0,0.0));
#6161=DIRECTION('',(0.0,0.0,-1.0));
#6162=ORIENTED_EDGE('',*,*,#10148,.T.);
#6163=ORIENTED_EDGE('',*,*,#9983,.F.);
#6164=ORIENTED_EDGE('',*,*,#10149,.F.);
#6165=ORIENTED_EDGE('',*,*,#10075,.T.);
#6166=CARTESIAN_POINT('',(-9.93,0.23,4.955));
#6167=DIRECTION('',(0.707106781186548,-0.707106781186548,0.0));
#6168=DIRECTION('',(0.0,0.0,-1.0));
#6169=ORIENTED_EDGE('',*,*,#10149,.T.);
#6170=ORIENTED_EDGE('',*,*,#9982,.F.);
#6171=ORIENTED_EDGE('',*,*,#10150,.F.);
#6172=ORIENTED_EDGE('',*,*,#10071,.T.);
#6173=CARTESIAN_POINT('',(-11.77,0.23,4.955));
#6174=DIRECTION('',(0.0,-1.0,0.0));
#6175=DIRECTION('',(0.0,0.0,-1.0));
#6176=ORIENTED_EDGE('',*,*,#10150,.T.);
#6177=ORIENTED_EDGE('',*,*,#9981,.F.);
#6178=ORIENTED_EDGE('',*,*,#10151,.F.);
#6179=ORIENTED_EDGE('',*,*,#10072,.T.);
#6180=CARTESIAN_POINT('',(-11.77,2.77,4.955));
#6181=DIRECTION('',(-1.0,0.0,0.0));
#6182=DIRECTION('',(0.0,0.0,1.0));
#6183=ORIENTED_EDGE('',*,*,#10151,.T.);
#6184=ORIENTED_EDGE('',*,*,#9980,.F.);
#6185=ORIENTED_EDGE('',*,*,#10152,.F.);
#6186=ORIENTED_EDGE('',*,*,#10073,.T.);
#6187=CARTESIAN_POINT('',(-9.23,2.77,4.955));
#6188=DIRECTION('',(-0.0,1.0,0.0));
#6189=DIRECTION('',(1.0,0.0,0.0));
#6190=ORIENTED_EDGE('',*,*,#10152,.T.);
#6191=ORIENTED_EDGE('',*,*,#9979,.F.);
#6192=ORIENTED_EDGE('',*,*,#10148,.F.);
#6193=ORIENTED_EDGE('',*,*,#10074,.T.);
#6194=CARTESIAN_POINT('',(-9.23,0.93,4.955));
#6195=DIRECTION('',(1.0,0.0,0.0));
#6196=DIRECTION('',(0.0,1.0,0.0));
#6197=ORIENTED_EDGE('',*,*,#10153,.T.);
#6198=ORIENTED_EDGE('',*,*,#9990,.F.);
#6199=ORIENTED_EDGE('',*,*,#10154,.F.);
#6200=ORIENTED_EDGE('',*,*,#10080,.T.);
#6201=CARTESIAN_POINT('',(-8.77,-2.77,4.955));
#6202=DIRECTION('',(0.0,-1.0,0.0));
#6203=DIRECTION('',(0.0,0.0,-1.0));
#6204=ORIENTED_EDGE('',*,*,#10154,.T.);
#6205=ORIENTED_EDGE('',*,*,#9989,.F.);
#6206=ORIENTED_EDGE('',*,*,#10155,.F.);
#6207=ORIENTED_EDGE('',*,*,#10076,.T.);
#6208=CARTESIAN_POINT('',(-8.77,-0.23,4.955));
#6209=DIRECTION('',(-1.0,0.0,0.0));
#6210=DIRECTION('',(0.0,0.0,1.0));
#6211=ORIENTED_EDGE('',*,*,#10155,.T.);
#6212=ORIENTED_EDGE('',*,*,#9988,.F.);
#6213=ORIENTED_EDGE('',*,*,#10156,.F.);
#6214=ORIENTED_EDGE('',*,*,#10077,.F.);
#6215=CARTESIAN_POINT('',(-6.23,-0.23,4.955));
#6216=DIRECTION('',(-0.0,1.0,0.0));
#6217=DIRECTION('',(1.0,0.0,0.0));
#6218=ORIENTED_EDGE('',*,*,#10156,.T.);
#6219=ORIENTED_EDGE('',*,*,#9987,.F.);
#6220=ORIENTED_EDGE('',*,*,#10157,.F.);
#6221=ORIENTED_EDGE('',*,*,#10078,.T.);
#6222=CARTESIAN_POINT('',(-6.23,-2.07,4.955));
#6223=DIRECTION('',(1.0,0.0,0.0));
#6224=DIRECTION('',(0.0,1.0,0.0));
#6225=ORIENTED_EDGE('',*,*,#10157,.T.);
#6226=ORIENTED_EDGE('',*,*,#9986,.F.);
#6227=ORIENTED_EDGE('',*,*,#10153,.F.);
#6228=ORIENTED_EDGE('',*,*,#10079,.T.);
#6229=CARTESIAN_POINT('',(-6.93,-2.77,4.955));
#6230=DIRECTION('',(0.707106781186548,-0.707106781186548,0.0));
#6231=DIRECTION('',(0.0,0.0,-1.0));
#6232=ORIENTED_EDGE('',*,*,#10158,.T.);
#6233=ORIENTED_EDGE('',*,*,#10159,.T.);
#6234=ORIENTED_EDGE('',*,*,#10160,.T.);
#6235=ORIENTED_EDGE('',*,*,#9470,.F.);
#6236=CARTESIAN_POINT('',(10.82,0.0,0.0));
#6237=DIRECTION('',(1.0,0.0,0.0));
#6238=DIRECTION('',(0.0,1.0,0.0));
#6239=ORIENTED_EDGE('',*,*,#10161,.T.);
#6240=ORIENTED_EDGE('',*,*,#9878,.T.);
#6241=ORIENTED_EDGE('',*,*,#10162,.T.);
#6242=ORIENTED_EDGE('',*,*,#10163,.T.);
#6243=CARTESIAN_POINT('',(10.82,0.0,0.0));
#6244=DIRECTION('',(1.0,0.0,0.0));
#6245=DIRECTION('',(0.0,1.0,0.0));
#6246=ORIENTED_EDGE('',*,*,#10164,.T.);
#6247=ORIENTED_EDGE('',*,*,#9887,.T.);
#6248=ORIENTED_EDGE('',*,*,#10165,.T.);
#6249=ORIENTED_EDGE('',*,*,#10166,.T.);
#6250=CARTESIAN_POINT('',(10.82,0.0,0.0));
#6251=DIRECTION('',(1.0,0.0,0.0));
#6252=DIRECTION('',(0.0,1.0,0.0));
#6253=ORIENTED_EDGE('',*,*,#10167,.T.);
#6254=ORIENTED_EDGE('',*,*,#10168,.T.);
#6255=ORIENTED_EDGE('',*,*,#9471,.F.);
#6256=ORIENTED_EDGE('',*,*,#10169,.T.);
#6257=ORIENTED_EDGE('',*,*,#10170,.T.);
#6258=ORIENTED_EDGE('',*,*,#10171,.T.);
#6259=CARTESIAN_POINT('',(10.82,0.0,0.0));
#6260=DIRECTION('',(1.0,0.0,0.0));
#6261=DIRECTION('',(0.0,1.0,0.0));
#6262=ORIENTED_EDGE('',*,*,#9476,.T.);
#6263=ORIENTED_EDGE('',*,*,#9633,.T.);
#6264=ORIENTED_EDGE('',*,*,#10172,.T.);
#6265=ORIENTED_EDGE('',*,*,#10173,.T.);
#6266=CARTESIAN_POINT('',(10.82,0.0,0.0));
#6267=DIRECTION('',(1.0,0.0,0.0));
#6268=DIRECTION('',(0.0,1.0,0.0));
#6269=ORIENTED_EDGE('',*,*,#10174,.T.);
#6270=ORIENTED_EDGE('',*,*,#10175,.T.);
#6271=ORIENTED_EDGE('',*,*,#10176,.T.);
#6272=ORIENTED_EDGE('',*,*,#10177,.T.);
#6273=ORIENTED_EDGE('',*,*,#9331,.T.);
#6274=ORIENTED_EDGE('',*,*,#10160,.F.);
#6275=CARTESIAN_POINT('',(10.82,0.32,-4.955));
#6276=DIRECTION('',(-0.0,1.0,0.0));
#6277=DIRECTION('',(1.0,0.0,0.0));
#6278=ORIENTED_EDGE('',*,*,#9782,.T.);
#6279=ORIENTED_EDGE('',*,*,#9328,.T.);
#6280=ORIENTED_EDGE('',*,*,#10178,.F.);
#6281=ORIENTED_EDGE('',*,*,#10179,.F.);
#6282=CARTESIAN_POINT('',(10.18,3.43,-3.655));
#6283=DIRECTION('',(0.0,0.0,1.0));
#6284=DIRECTION('',(1.0,0.0,0.0));
#6285=ORIENTED_EDGE('',*,*,#10180,.T.);
#6286=ORIENTED_EDGE('',*,*,#9332,.T.);
#6287=ORIENTED_EDGE('',*,*,#10177,.F.);
#6288=ORIENTED_EDGE('',*,*,#10181,.F.);
#6289=CARTESIAN_POINT('',(10.18,3.43,-3.655));
#6290=DIRECTION('',(0.0,0.0,1.0));
#6291=DIRECTION('',(1.0,0.0,0.0));
#6292=ORIENTED_EDGE('',*,*,#9334,.T.);
#6293=ORIENTED_EDGE('',*,*,#10182,.F.);
#6294=ORIENTED_EDGE('',*,*,#10183,.F.);
#6295=ORIENTED_EDGE('',*,*,#10184,.T.);
#6296=CARTESIAN_POINT('',(10.18,3.43,-3.655));
#6297=DIRECTION('',(0.0,0.0,1.0));
#6298=DIRECTION('',(1.0,0.0,0.0));
#6299=ORIENTED_EDGE('',*,*,#9479,.F.);
#6300=ORIENTED_EDGE('',*,*,#9630,.F.);
#6301=ORIENTED_EDGE('',*,*,#9256,.F.);
#6302=ORIENTED_EDGE('',*,*,#9340,.T.);
#6303=CARTESIAN_POINT('',(10.18,3.43,-4.955));
#6304=DIRECTION('',(-1.0,0.0,0.0));
#6305=DIRECTION('',(0.0,0.0,1.0));
#6306=ORIENTED_EDGE('',*,*,#10185,.F.);
#6307=ORIENTED_EDGE('',*,*,#9464,.T.);
#6308=ORIENTED_EDGE('',*,*,#9581,.T.);
#6309=ORIENTED_EDGE('',*,*,#9260,.T.);
#6310=ORIENTED_EDGE('',*,*,#9783,.T.);
#6311=ORIENTED_EDGE('',*,*,#10179,.T.);
#6312=CARTESIAN_POINT('',(10.18,3.43,-4.955));
#6313=DIRECTION('',(-1.0,0.0,0.0));
#6314=DIRECTION('',(0.0,0.0,1.0));
#6315=ORIENTED_EDGE('',*,*,#10176,.F.);
#6316=ORIENTED_EDGE('',*,*,#9466,.T.);
#6317=ORIENTED_EDGE('',*,*,#10186,.T.);
#6318=ORIENTED_EDGE('',*,*,#10181,.T.);
#6319=CARTESIAN_POINT('',(10.18,3.43,-4.955));
#6320=DIRECTION('',(-1.0,0.0,0.0));
#6321=DIRECTION('',(0.0,0.0,1.0));
#6322=ORIENTED_EDGE('',*,*,#10187,.T.);
#6323=ORIENTED_EDGE('',*,*,#10183,.T.);
#6324=ORIENTED_EDGE('',*,*,#10188,.T.);
#6325=ORIENTED_EDGE('',*,*,#9468,.T.);
#6326=CARTESIAN_POINT('',(10.18,3.43,-4.955));
#6327=DIRECTION('',(-1.0,0.0,0.0));
#6328=DIRECTION('',(0.0,0.0,1.0));
#6329=ORIENTED_EDGE('',*,*,#10178,.T.);
#6330=ORIENTED_EDGE('',*,*,#9327,.T.);
#6331=ORIENTED_EDGE('',*,*,#10168,.F.);
#6332=ORIENTED_EDGE('',*,*,#10189,.T.);
#6333=ORIENTED_EDGE('',*,*,#10190,.T.);
#6334=ORIENTED_EDGE('',*,*,#10185,.T.);
#6335=CARTESIAN_POINT('',(10.82,1.589,-7.285));
#6336=DIRECTION('',(-0.0,1.0,0.0));
#6337=DIRECTION('',(1.0,0.0,0.0));
#6338=ORIENTED_EDGE('',*,*,#10175,.F.);
#6339=ORIENTED_EDGE('',*,*,#10191,.F.);
#6340=ORIENTED_EDGE('',*,*,#10192,.F.);
#6341=ORIENTED_EDGE('',*,*,#9467,.T.);
#6342=CARTESIAN_POINT('',(10.18,0.0,0.0));
#6343=DIRECTION('',(1.0,0.0,0.0));
#6344=DIRECTION('',(0.0,1.0,0.0));
#6345=ORIENTED_EDGE('',*,*,#10193,.F.);
#6346=ORIENTED_EDGE('',*,*,#9876,.F.);
#6347=ORIENTED_EDGE('',*,*,#10194,.F.);
#6348=ORIENTED_EDGE('',*,*,#10195,.T.);
#6349=CARTESIAN_POINT('',(10.18,0.0,0.0));
#6350=DIRECTION('',(1.0,0.0,0.0));
#6351=DIRECTION('',(0.0,1.0,0.0));
#6352=ORIENTED_EDGE('',*,*,#10196,.F.);
#6353=ORIENTED_EDGE('',*,*,#9885,.F.);
#6354=ORIENTED_EDGE('',*,*,#10197,.F.);
#6355=ORIENTED_EDGE('',*,*,#10198,.T.);
#6356=CARTESIAN_POINT('',(10.18,0.0,0.0));
#6357=DIRECTION('',(1.0,0.0,0.0));
#6358=DIRECTION('',(0.0,1.0,0.0));
#6359=ORIENTED_EDGE('',*,*,#10199,.F.);
#6360=ORIENTED_EDGE('',*,*,#10200,.F.);
#6361=ORIENTED_EDGE('',*,*,#9465,.T.);
#6362=ORIENTED_EDGE('',*,*,#10190,.F.);
#6363=ORIENTED_EDGE('',*,*,#10201,.F.);
#6364=ORIENTED_EDGE('',*,*,#10202,.T.);
#6365=CARTESIAN_POINT('',(10.18,0.0,0.0));
#6366=DIRECTION('',(1.0,0.0,0.0));
#6367=DIRECTION('',(0.0,1.0,0.0));
#6368=ORIENTED_EDGE('',*,*,#10203,.F.);
#6369=ORIENTED_EDGE('',*,*,#9631,.F.);
#6370=ORIENTED_EDGE('',*,*,#9478,.F.);
#6371=ORIENTED_EDGE('',*,*,#10204,.T.);
#6372=CARTESIAN_POINT('',(10.18,0.0,0.0));
#6373=DIRECTION('',(1.0,0.0,0.0));
#6374=DIRECTION('',(0.0,1.0,0.0));
#6375=ORIENTED_EDGE('',*,*,#9335,.F.);
#6376=ORIENTED_EDGE('',*,*,#10184,.F.);
#6377=ORIENTED_EDGE('',*,*,#10187,.F.);
#6378=ORIENTED_EDGE('',*,*,#10192,.T.);
#6379=ORIENTED_EDGE('',*,*,#10205,.F.);
#6380=ORIENTED_EDGE('',*,*,#10158,.F.);
#6381=CARTESIAN_POINT('',(10.82,-0.32,-3.655));
#6382=DIRECTION('',(0.0,-1.0,0.0));
#6383=DIRECTION('',(0.0,0.0,-1.0));
#6384=ORIENTED_EDGE('',*,*,#10205,.T.);
#6385=ORIENTED_EDGE('',*,*,#10191,.T.);
#6386=ORIENTED_EDGE('',*,*,#10174,.F.);
#6387=ORIENTED_EDGE('',*,*,#10159,.F.);
#6388=CARTESIAN_POINT('',(10.82,-0.32,-4.955));
#6389=DIRECTION('',(0.0,0.0,-1.0));
#6390=DIRECTION('',(0.0,-1.0,0.0));
#6391=ORIENTED_EDGE('',*,*,#10206,.F.);
#6392=ORIENTED_EDGE('',*,*,#10207,.T.);
#6393=ORIENTED_EDGE('',*,*,#10208,.F.);
#6394=ORIENTED_EDGE('',*,*,#10195,.F.);
#6395=CARTESIAN_POINT('',(10.27,1.5,2.055));
#6396=DIRECTION('',(-0.984183323973689,0.0,0.177152998315298));
#6397=DIRECTION('',(0.0,1.0,0.0));
#6398=ORIENTED_EDGE('',*,*,#10209,.T.);
#6399=ORIENTED_EDGE('',*,*,#10208,.T.);
#6400=ORIENTED_EDGE('',*,*,#10210,.F.);
#6401=ORIENTED_EDGE('',*,*,#10211,.T.);
#6402=CARTESIAN_POINT('',(10.5,1.73,2.055));
#6403=DIRECTION('',(0.0,0.984183323973689,0.177152998315298));
#6404=DIRECTION('',(1.0,0.0,-0.0));
#6405=ORIENTED_EDGE('',*,*,#10212,.F.);
#6406=ORIENTED_EDGE('',*,*,#10163,.F.);
#6407=ORIENTED_EDGE('',*,*,#10211,.F.);
#6408=ORIENTED_EDGE('',*,*,#10213,.T.);
#6409=CARTESIAN_POINT('',(10.73,1.5,2.055));
#6410=DIRECTION('',(0.984183323973689,0.0,0.177152998315298));
#6411=DIRECTION('',(0.0,-1.0,0.0));
#6412=ORIENTED_EDGE('',*,*,#10213,.F.);
#6413=ORIENTED_EDGE('',*,*,#10210,.T.);
#6414=ORIENTED_EDGE('',*,*,#10207,.F.);
#6415=ORIENTED_EDGE('',*,*,#10214,.F.);
#6416=CARTESIAN_POINT('',(10.82,1.82,2.555));
#6417=DIRECTION('',(0.0,0.0,1.0));
#6418=DIRECTION('',(1.0,0.0,0.0));
#6419=ORIENTED_EDGE('',*,*,#10206,.T.);
#6420=ORIENTED_EDGE('',*,*,#10215,.F.);
#6421=ORIENTED_EDGE('',*,*,#10212,.T.);
#6422=ORIENTED_EDGE('',*,*,#10214,.T.);
#6423=CARTESIAN_POINT('',(10.5,1.27,2.055));
#6424=DIRECTION('',(0.0,-0.984183323973689,0.177152998315298));
#6425=DIRECTION('',(-1.0,0.0,0.0));
#6426=ORIENTED_EDGE('',*,*,#10194,.T.);
#6427=ORIENTED_EDGE('',*,*,#9875,.T.);
#6428=ORIENTED_EDGE('',*,*,#10161,.F.);
#6429=ORIENTED_EDGE('',*,*,#10215,.T.);
#6430=CARTESIAN_POINT('',(10.82,1.18,2.555));
#6431=DIRECTION('',(0.0,-1.0,0.0));
#6432=DIRECTION('',(0.0,0.0,-1.0));
#6433=ORIENTED_EDGE('',*,*,#10162,.F.);
#6434=ORIENTED_EDGE('',*,*,#9877,.F.);
#6435=ORIENTED_EDGE('',*,*,#10193,.T.);
#6436=ORIENTED_EDGE('',*,*,#10209,.F.);
#6437=CARTESIAN_POINT('',(10.82,1.82,-3.655));
#6438=DIRECTION('',(-0.0,1.0,0.0));
#6439=DIRECTION('',(1.0,0.0,0.0));
#6440=ORIENTED_EDGE('',*,*,#10216,.F.);
#6441=ORIENTED_EDGE('',*,*,#10217,.T.);
#6442=ORIENTED_EDGE('',*,*,#10218,.T.);
#6443=ORIENTED_EDGE('',*,*,#10198,.F.);
#6444=CARTESIAN_POINT('',(10.27,-1.5,2.055));
#6445=DIRECTION('',(-0.984183323973689,0.0,0.177152998315298));
#6446=DIRECTION('',(0.0,1.0,0.0));
#6447=ORIENTED_EDGE('',*,*,#10218,.F.);
#6448=ORIENTED_EDGE('',*,*,#10219,.F.);
#6449=ORIENTED_EDGE('',*,*,#10220,.T.);
#6450=ORIENTED_EDGE('',*,*,#10221,.T.);
#6451=CARTESIAN_POINT('',(10.5,-1.27,2.055));
#6452=DIRECTION('',(0.0,0.984183323973689,0.177152998315298));
#6453=DIRECTION('',(1.0,0.0,-0.0));
#6454=ORIENTED_EDGE('',*,*,#10182,.T.);
#6455=ORIENTED_EDGE('',*,*,#9333,.T.);
#6456=ORIENTED_EDGE('',*,*,#9469,.T.);
#6457=ORIENTED_EDGE('',*,*,#10188,.F.);
#6458=CARTESIAN_POINT('',(10.82,-1.18,-4.285));
#6459=DIRECTION('',(-0.0,1.0,0.0));
#6460=DIRECTION('',(1.0,0.0,0.0));
#6461=ORIENTED_EDGE('',*,*,#10165,.F.);
#6462=ORIENTED_EDGE('',*,*,#9886,.F.);
#6463=ORIENTED_EDGE('',*,*,#10196,.T.);
#6464=ORIENTED_EDGE('',*,*,#10221,.F.);
#6465=CARTESIAN_POINT('',(10.82,-1.18,-4.285));
#6466=DIRECTION('',(-0.0,1.0,0.0));
#6467=DIRECTION('',(1.0,0.0,0.0));
#6468=ORIENTED_EDGE('',*,*,#10222,.F.);
#6469=ORIENTED_EDGE('',*,*,#10166,.F.);
#6470=ORIENTED_EDGE('',*,*,#10220,.F.);
#6471=ORIENTED_EDGE('',*,*,#10223,.T.);
#6472=CARTESIAN_POINT('',(10.73,-1.5,2.055));
#6473=DIRECTION('',(0.984183323973689,0.0,0.177152998315298));
#6474=DIRECTION('',(0.0,-1.0,0.0));
#6475=ORIENTED_EDGE('',*,*,#10223,.F.);
#6476=ORIENTED_EDGE('',*,*,#10219,.T.);
#6477=ORIENTED_EDGE('',*,*,#10217,.F.);
#6478=ORIENTED_EDGE('',*,*,#10224,.F.);
#6479=CARTESIAN_POINT('',(10.82,-1.18,2.555));
#6480=DIRECTION('',(0.0,0.0,1.0));
#6481=DIRECTION('',(1.0,0.0,0.0));
#6482=ORIENTED_EDGE('',*,*,#10216,.T.);
#6483=ORIENTED_EDGE('',*,*,#10225,.F.);
#6484=ORIENTED_EDGE('',*,*,#10222,.T.);
#6485=ORIENTED_EDGE('',*,*,#10224,.T.);
#6486=CARTESIAN_POINT('',(10.5,-1.73,2.055));
#6487=DIRECTION('',(0.0,-0.984183323973689,0.177152998315298));
#6488=DIRECTION('',(-1.0,0.0,0.0));
#6489=ORIENTED_EDGE('',*,*,#10197,.T.);
#6490=ORIENTED_EDGE('',*,*,#9884,.T.);
#6491=ORIENTED_EDGE('',*,*,#10164,.F.);
#6492=ORIENTED_EDGE('',*,*,#10225,.T.);
#6493=CARTESIAN_POINT('',(10.82,-1.82,2.555));
#6494=DIRECTION('',(0.0,-1.0,0.0));
#6495=DIRECTION('',(0.0,0.0,-1.0));
#6496=ORIENTED_EDGE('',*,*,#10226,.F.);
#6497=ORIENTED_EDGE('',*,*,#10227,.T.);
#6498=ORIENTED_EDGE('',*,*,#10228,.T.);
#6499=ORIENTED_EDGE('',*,*,#10202,.F.);
#6500=CARTESIAN_POINT('',(10.27,-6.62,-6.965));
#6501=DIRECTION('',(-0.984183323973689,-0.177152998315298,0.0));
#6502=DIRECTION('',(-0.177152998315298,0.984183323973689,0.0));
#6503=ORIENTED_EDGE('',*,*,#10228,.F.);
#6504=ORIENTED_EDGE('',*,*,#10229,.F.);
#6505=ORIENTED_EDGE('',*,*,#10230,.T.);
#6506=ORIENTED_EDGE('',*,*,#10231,.T.);
#6507=CARTESIAN_POINT('',(10.5,-6.62,-6.735));
#6508=DIRECTION('',(0.0,-0.177152998315298,0.984183323973689));
#6509=DIRECTION('',(-1.0,0.0,0.0));
#6510=ORIENTED_EDGE('',*,*,#10170,.F.);
#6511=ORIENTED_EDGE('',*,*,#10232,.T.);
#6512=ORIENTED_EDGE('',*,*,#10199,.T.);
#6513=ORIENTED_EDGE('',*,*,#10231,.F.);
#6514=CARTESIAN_POINT('',(10.82,0.949,-6.645));
#6515=DIRECTION('',(0.0,0.0,1.0));
#6516=DIRECTION('',(1.0,0.0,0.0));
#6517=ORIENTED_EDGE('',*,*,#10200,.T.);
#6518=ORIENTED_EDGE('',*,*,#10232,.F.);
#6519=ORIENTED_EDGE('',*,*,#10169,.F.);
#6520=ORIENTED_EDGE('',*,*,#9329,.F.);
#6521=ORIENTED_EDGE('',*,*,#10180,.F.);
#6522=ORIENTED_EDGE('',*,*,#10186,.F.);
#6523=CARTESIAN_POINT('',(10.82,0.949,-3.655));
#6524=DIRECTION('',(0.0,-1.0,0.0));
#6525=DIRECTION('',(0.0,0.0,-1.0));
#6526=ORIENTED_EDGE('',*,*,#10233,.F.);
#6527=ORIENTED_EDGE('',*,*,#10171,.F.);
#6528=ORIENTED_EDGE('',*,*,#10230,.F.);
#6529=ORIENTED_EDGE('',*,*,#10234,.T.);
#6530=CARTESIAN_POINT('',(10.73,-6.62,-6.965));
#6531=DIRECTION('',(0.984183323973689,-0.177152998315298,0.0));
#6532=DIRECTION('',(0.0,0.0,-1.0));
#6533=ORIENTED_EDGE('',*,*,#10234,.F.);
#6534=ORIENTED_EDGE('',*,*,#10229,.T.);
#6535=ORIENTED_EDGE('',*,*,#10227,.F.);
#6536=ORIENTED_EDGE('',*,*,#10235,.F.);
#6537=CARTESIAN_POINT('',(10.82,-7.12,-6.645));
#6538=DIRECTION('',(0.0,-1.0,0.0));
#6539=DIRECTION('',(0.0,0.0,-1.0));
#6540=ORIENTED_EDGE('',*,*,#10226,.T.);
#6541=ORIENTED_EDGE('',*,*,#10236,.F.);
#6542=ORIENTED_EDGE('',*,*,#10233,.T.);
#6543=ORIENTED_EDGE('',*,*,#10235,.T.);
#6544=CARTESIAN_POINT('',(10.5,-6.62,-7.195));
#6545=DIRECTION('',(0.0,-0.177152998315298,-0.984183323973689));
#6546=DIRECTION('',(0.0,-0.984183323973689,0.177152998315298));
#6547=ORIENTED_EDGE('',*,*,#10201,.T.);
#6548=ORIENTED_EDGE('',*,*,#10189,.F.);
#6549=ORIENTED_EDGE('',*,*,#10167,.F.);
#6550=ORIENTED_EDGE('',*,*,#10236,.T.);
#6551=CARTESIAN_POINT('',(10.82,-7.12,-7.285));
#6552=DIRECTION('',(0.0,0.0,-1.0));
#6553=DIRECTION('',(0.0,-1.0,0.0));
#6554=ORIENTED_EDGE('',*,*,#10237,.F.);
#6555=ORIENTED_EDGE('',*,*,#10238,.T.);
#6556=ORIENTED_EDGE('',*,*,#10239,.T.);
#6557=ORIENTED_EDGE('',*,*,#10204,.F.);
#6558=CARTESIAN_POINT('',(10.27,-6.62,-3.965));
#6559=DIRECTION('',(-0.984183323973689,-0.177152998315298,0.0));
#6560=DIRECTION('',(-0.177152998315298,0.984183323973689,0.0));
#6561=ORIENTED_EDGE('',*,*,#10239,.F.);
#6562=ORIENTED_EDGE('',*,*,#10240,.F.);
#6563=ORIENTED_EDGE('',*,*,#10241,.T.);
#6564=ORIENTED_EDGE('',*,*,#10242,.T.);
#6565=CARTESIAN_POINT('',(10.5,-6.62,-3.735));
#6566=DIRECTION('',(0.0,-0.177152998315298,0.984183323973689));
#6567=DIRECTION('',(-1.0,0.0,0.0));
#6568=ORIENTED_EDGE('',*,*,#10172,.F.);
#6569=ORIENTED_EDGE('',*,*,#9632,.T.);
#6570=ORIENTED_EDGE('',*,*,#10203,.T.);
#6571=ORIENTED_EDGE('',*,*,#10242,.F.);
#6572=CARTESIAN_POINT('',(10.82,-1.82,-3.645));
#6573=DIRECTION('',(0.0,0.0,1.0));
#6574=DIRECTION('',(1.0,0.0,0.0));
#6575=ORIENTED_EDGE('',*,*,#10243,.F.);
#6576=ORIENTED_EDGE('',*,*,#10173,.F.);
#6577=ORIENTED_EDGE('',*,*,#10241,.F.);
#6578=ORIENTED_EDGE('',*,*,#10244,.T.);
#6579=CARTESIAN_POINT('',(10.73,-6.62,-3.965));
#6580=DIRECTION('',(0.984183323973689,-0.177152998315298,0.0));
#6581=DIRECTION('',(0.0,0.0,-1.0));
#6582=ORIENTED_EDGE('',*,*,#10245,.F.);
#6583=ORIENTED_EDGE('',*,*,#10244,.F.);
#6584=ORIENTED_EDGE('',*,*,#10240,.T.);
#6585=ORIENTED_EDGE('',*,*,#10238,.F.);
#6586=CARTESIAN_POINT('',(10.82,-7.12,-3.645));
#6587=DIRECTION('',(0.0,-1.0,0.0));
#6588=DIRECTION('',(0.0,0.0,-1.0));
#6589=ORIENTED_EDGE('',*,*,#10245,.T.);
#6590=ORIENTED_EDGE('',*,*,#10237,.T.);
#6591=ORIENTED_EDGE('',*,*,#9477,.F.);
#6592=ORIENTED_EDGE('',*,*,#10243,.T.);
#6593=CARTESIAN_POINT('',(10.5,-6.62,-4.195));
#6594=DIRECTION('',(0.0,-0.177152998315298,-0.984183323973689));
#6595=DIRECTION('',(0.0,-0.984183323973689,0.177152998315298));
#6596=ORIENTED_EDGE('',*,*,#10246,.T.);
#6597=ORIENTED_EDGE('',*,*,#10247,.T.);
#6598=ORIENTED_EDGE('',*,*,#10248,.T.);
#6599=ORIENTED_EDGE('',*,*,#9459,.F.);
#6600=CARTESIAN_POINT('',(7.82,0.0,0.0));
#6601=DIRECTION('',(1.0,0.0,0.0));
#6602=DIRECTION('',(0.0,1.0,0.0));
#6603=ORIENTED_EDGE('',*,*,#10249,.T.);
#6604=ORIENTED_EDGE('',*,*,#9905,.T.);
#6605=ORIENTED_EDGE('',*,*,#10250,.T.);
#6606=ORIENTED_EDGE('',*,*,#10251,.T.);
#6607=CARTESIAN_POINT('',(7.82,0.0,0.0));
#6608=DIRECTION('',(1.0,0.0,0.0));
#6609=DIRECTION('',(0.0,1.0,0.0));
#6610=ORIENTED_EDGE('',*,*,#10252,.T.);
#6611=ORIENTED_EDGE('',*,*,#9896,.T.);
#6612=ORIENTED_EDGE('',*,*,#10253,.T.);
#6613=ORIENTED_EDGE('',*,*,#10254,.T.);
#6614=CARTESIAN_POINT('',(7.82,0.0,0.0));
#6615=DIRECTION('',(1.0,0.0,0.0));
#6616=DIRECTION('',(0.0,1.0,0.0));
#6617=ORIENTED_EDGE('',*,*,#10255,.T.);
#6618=ORIENTED_EDGE('',*,*,#10256,.T.);
#6619=ORIENTED_EDGE('',*,*,#9461,.F.);
#6620=ORIENTED_EDGE('',*,*,#10257,.T.);
#6621=ORIENTED_EDGE('',*,*,#10258,.T.);
#6622=ORIENTED_EDGE('',*,*,#10259,.T.);
#6623=CARTESIAN_POINT('',(7.82,0.0,0.0));
#6624=DIRECTION('',(1.0,0.0,0.0));
#6625=DIRECTION('',(0.0,1.0,0.0));
#6626=ORIENTED_EDGE('',*,*,#10260,.T.);
#6627=ORIENTED_EDGE('',*,*,#9481,.T.);
#6628=ORIENTED_EDGE('',*,*,#9629,.T.);
#6629=ORIENTED_EDGE('',*,*,#10261,.F.);
#6630=CARTESIAN_POINT('',(7.82,0.0,0.0));
#6631=DIRECTION('',(1.0,0.0,0.0));
#6632=DIRECTION('',(0.0,1.0,0.0));
#6633=ORIENTED_EDGE('',*,*,#10262,.T.);
#6634=ORIENTED_EDGE('',*,*,#10263,.T.);
#6635=ORIENTED_EDGE('',*,*,#10264,.T.);
#6636=ORIENTED_EDGE('',*,*,#10265,.T.);
#6637=ORIENTED_EDGE('',*,*,#9603,.T.);
#6638=ORIENTED_EDGE('',*,*,#10248,.F.);
#6639=CARTESIAN_POINT('',(7.82,0.32,-4.955));
#6640=DIRECTION('',(-0.0,1.0,0.0));
#6641=DIRECTION('',(1.0,0.0,0.0));
#6642=ORIENTED_EDGE('',*,*,#9784,.T.);
#6643=ORIENTED_EDGE('',*,*,#9601,.T.);
#6644=ORIENTED_EDGE('',*,*,#10266,.F.);
#6645=ORIENTED_EDGE('',*,*,#10267,.F.);
#6646=CARTESIAN_POINT('',(7.18,3.43,-3.655));
#6647=DIRECTION('',(0.0,0.0,1.0));
#6648=DIRECTION('',(1.0,0.0,0.0));
#6649=ORIENTED_EDGE('',*,*,#10268,.T.);
#6650=ORIENTED_EDGE('',*,*,#9604,.T.);
#6651=ORIENTED_EDGE('',*,*,#10265,.F.);
#6652=ORIENTED_EDGE('',*,*,#10269,.F.);
#6653=CARTESIAN_POINT('',(7.18,3.43,-3.655));
#6654=DIRECTION('',(0.0,0.0,1.0));
#6655=DIRECTION('',(1.0,0.0,0.0));
#6656=ORIENTED_EDGE('',*,*,#9597,.T.);
#6657=ORIENTED_EDGE('',*,*,#10270,.F.);
#6658=ORIENTED_EDGE('',*,*,#10271,.F.);
#6659=ORIENTED_EDGE('',*,*,#10272,.T.);
#6660=CARTESIAN_POINT('',(7.18,3.43,-3.655));
#6661=DIRECTION('',(0.0,0.0,1.0));
#6662=DIRECTION('',(1.0,0.0,0.0));
#6663=ORIENTED_EDGE('',*,*,#9626,.F.);
#6664=ORIENTED_EDGE('',*,*,#9264,.F.);
#6665=ORIENTED_EDGE('',*,*,#9343,.T.);
#6666=ORIENTED_EDGE('',*,*,#9484,.F.);
#6667=CARTESIAN_POINT('',(7.18,3.43,-4.955));
#6668=DIRECTION('',(-1.0,0.0,0.0));
#6669=DIRECTION('',(0.0,0.0,1.0));
#6670=ORIENTED_EDGE('',*,*,#10273,.T.);
#6671=ORIENTED_EDGE('',*,*,#10271,.T.);
#6672=ORIENTED_EDGE('',*,*,#10274,.T.);
#6673=ORIENTED_EDGE('',*,*,#9456,.T.);
#6674=CARTESIAN_POINT('',(7.18,3.43,-4.955));
#6675=DIRECTION('',(-1.0,0.0,0.0));
#6676=DIRECTION('',(0.0,0.0,1.0));
#6677=ORIENTED_EDGE('',*,*,#10275,.F.);
#6678=ORIENTED_EDGE('',*,*,#9452,.T.);
#6679=ORIENTED_EDGE('',*,*,#9583,.T.);
#6680=ORIENTED_EDGE('',*,*,#9268,.T.);
#6681=ORIENTED_EDGE('',*,*,#9785,.T.);
#6682=ORIENTED_EDGE('',*,*,#10267,.T.);
#6683=CARTESIAN_POINT('',(7.18,3.43,-4.955));
#6684=DIRECTION('',(-1.0,0.0,0.0));
#6685=DIRECTION('',(0.0,0.0,1.0));
#6686=ORIENTED_EDGE('',*,*,#10264,.F.);
#6687=ORIENTED_EDGE('',*,*,#9454,.T.);
#6688=ORIENTED_EDGE('',*,*,#10276,.T.);
#6689=ORIENTED_EDGE('',*,*,#10269,.T.);
#6690=CARTESIAN_POINT('',(7.18,3.43,-4.955));
#6691=DIRECTION('',(-1.0,0.0,0.0));
#6692=DIRECTION('',(0.0,0.0,1.0));
#6693=ORIENTED_EDGE('',*,*,#10270,.T.);
#6694=ORIENTED_EDGE('',*,*,#9596,.T.);
#6695=ORIENTED_EDGE('',*,*,#9457,.T.);
#6696=ORIENTED_EDGE('',*,*,#10274,.F.);
#6697=CARTESIAN_POINT('',(7.82,-1.18,-4.285));
#6698=DIRECTION('',(-0.0,1.0,0.0));
#6699=DIRECTION('',(1.0,0.0,0.0));
#6700=ORIENTED_EDGE('',*,*,#10253,.F.);
#6701=ORIENTED_EDGE('',*,*,#9895,.F.);
#6702=ORIENTED_EDGE('',*,*,#10277,.T.);
#6703=ORIENTED_EDGE('',*,*,#10278,.F.);
#6704=CARTESIAN_POINT('',(7.82,-1.18,-4.285));
#6705=DIRECTION('',(-0.0,1.0,0.0));
#6706=DIRECTION('',(1.0,0.0,0.0));
#6707=ORIENTED_EDGE('',*,*,#10279,.F.);
#6708=ORIENTED_EDGE('',*,*,#10280,.F.);
#6709=ORIENTED_EDGE('',*,*,#10281,.T.);
#6710=ORIENTED_EDGE('',*,*,#10278,.T.);
#6711=CARTESIAN_POINT('',(7.5,-1.27,2.055));
#6712=DIRECTION('',(0.0,0.984183323973689,0.177152998315298));
#6713=DIRECTION('',(1.0,0.0,-0.0));
#6714=ORIENTED_EDGE('',*,*,#10282,.F.);
#6715=ORIENTED_EDGE('',*,*,#10254,.F.);
#6716=ORIENTED_EDGE('',*,*,#10281,.F.);
#6717=ORIENTED_EDGE('',*,*,#10283,.T.);
#6718=CARTESIAN_POINT('',(7.73,-1.5,2.055));
#6719=DIRECTION('',(0.984183323973689,0.0,0.177152998315298));
#6720=DIRECTION('',(0.0,-1.0,0.0));
#6721=ORIENTED_EDGE('',*,*,#10283,.F.);
#6722=ORIENTED_EDGE('',*,*,#10280,.T.);
#6723=ORIENTED_EDGE('',*,*,#10284,.F.);
#6724=ORIENTED_EDGE('',*,*,#10285,.F.);
#6725=CARTESIAN_POINT('',(7.82,-1.18,2.555));
#6726=DIRECTION('',(0.0,0.0,1.0));
#6727=DIRECTION('',(1.0,0.0,0.0));
#6728=ORIENTED_EDGE('',*,*,#10286,.T.);
#6729=ORIENTED_EDGE('',*,*,#10287,.F.);
#6730=ORIENTED_EDGE('',*,*,#10282,.T.);
#6731=ORIENTED_EDGE('',*,*,#10285,.T.);
#6732=CARTESIAN_POINT('',(7.5,-1.73,2.055));
#6733=DIRECTION('',(0.0,-0.984183323973689,0.177152998315298));
#6734=DIRECTION('',(-1.0,0.0,0.0));
#6735=ORIENTED_EDGE('',*,*,#10288,.T.);
#6736=ORIENTED_EDGE('',*,*,#9893,.T.);
#6737=ORIENTED_EDGE('',*,*,#10252,.F.);
#6738=ORIENTED_EDGE('',*,*,#10287,.T.);
#6739=CARTESIAN_POINT('',(7.82,-1.82,2.555));
#6740=DIRECTION('',(0.0,-1.0,0.0));
#6741=DIRECTION('',(0.0,0.0,-1.0));
#6742=ORIENTED_EDGE('',*,*,#10263,.F.);
#6743=ORIENTED_EDGE('',*,*,#10289,.F.);
#6744=ORIENTED_EDGE('',*,*,#10290,.F.);
#6745=ORIENTED_EDGE('',*,*,#9455,.T.);
#6746=CARTESIAN_POINT('',(7.18,0.0,0.0));
#6747=DIRECTION('',(1.0,0.0,0.0));
#6748=DIRECTION('',(0.0,1.0,0.0));
#6749=ORIENTED_EDGE('',*,*,#10291,.F.);
#6750=ORIENTED_EDGE('',*,*,#9903,.F.);
#6751=ORIENTED_EDGE('',*,*,#10292,.F.);
#6752=ORIENTED_EDGE('',*,*,#10293,.T.);
#6753=CARTESIAN_POINT('',(7.18,0.0,0.0));
#6754=DIRECTION('',(1.0,0.0,0.0));
#6755=DIRECTION('',(0.0,1.0,0.0));
#6756=ORIENTED_EDGE('',*,*,#10277,.F.);
#6757=ORIENTED_EDGE('',*,*,#9894,.F.);
#6758=ORIENTED_EDGE('',*,*,#10288,.F.);
#6759=ORIENTED_EDGE('',*,*,#10294,.T.);
#6760=CARTESIAN_POINT('',(7.18,0.0,0.0));
#6761=DIRECTION('',(1.0,0.0,0.0));
#6762=DIRECTION('',(0.0,1.0,0.0));
#6763=ORIENTED_EDGE('',*,*,#10295,.F.);
#6764=ORIENTED_EDGE('',*,*,#10296,.F.);
#6765=ORIENTED_EDGE('',*,*,#9453,.T.);
#6766=ORIENTED_EDGE('',*,*,#10297,.F.);
#6767=ORIENTED_EDGE('',*,*,#10298,.F.);
#6768=ORIENTED_EDGE('',*,*,#10299,.T.);
#6769=CARTESIAN_POINT('',(7.18,0.0,0.0));
#6770=DIRECTION('',(1.0,0.0,0.0));
#6771=DIRECTION('',(0.0,1.0,0.0));
#6772=ORIENTED_EDGE('',*,*,#9627,.F.);
#6773=ORIENTED_EDGE('',*,*,#9483,.F.);
#6774=ORIENTED_EDGE('',*,*,#10300,.T.);
#6775=ORIENTED_EDGE('',*,*,#10301,.T.);
#6776=CARTESIAN_POINT('',(7.18,0.0,0.0));
#6777=DIRECTION('',(1.0,0.0,0.0));
#6778=DIRECTION('',(0.0,1.0,0.0));
#6779=ORIENTED_EDGE('',*,*,#9598,.F.);
#6780=ORIENTED_EDGE('',*,*,#10272,.F.);
#6781=ORIENTED_EDGE('',*,*,#10273,.F.);
#6782=ORIENTED_EDGE('',*,*,#10290,.T.);
#6783=ORIENTED_EDGE('',*,*,#10302,.F.);
#6784=ORIENTED_EDGE('',*,*,#10246,.F.);
#6785=CARTESIAN_POINT('',(7.82,-0.32,-3.655));
#6786=DIRECTION('',(0.0,-1.0,0.0));
#6787=DIRECTION('',(0.0,0.0,-1.0));
#6788=ORIENTED_EDGE('',*,*,#10302,.T.);
#6789=ORIENTED_EDGE('',*,*,#10289,.T.);
#6790=ORIENTED_EDGE('',*,*,#10262,.F.);
#6791=ORIENTED_EDGE('',*,*,#10247,.F.);
#6792=CARTESIAN_POINT('',(7.82,-0.32,-4.955));
#6793=DIRECTION('',(0.0,0.0,-1.0));
#6794=DIRECTION('',(0.0,-1.0,0.0));
#6795=ORIENTED_EDGE('',*,*,#10303,.F.);
#6796=ORIENTED_EDGE('',*,*,#10304,.T.);
#6797=ORIENTED_EDGE('',*,*,#10305,.F.);
#6798=ORIENTED_EDGE('',*,*,#10293,.F.);
#6799=CARTESIAN_POINT('',(7.27,1.5,2.055));
#6800=DIRECTION('',(-0.984183323973689,0.0,0.177152998315298));
#6801=DIRECTION('',(0.0,1.0,0.0));
#6802=ORIENTED_EDGE('',*,*,#10306,.T.);
#6803=ORIENTED_EDGE('',*,*,#10305,.T.);
#6804=ORIENTED_EDGE('',*,*,#10307,.F.);
#6805=ORIENTED_EDGE('',*,*,#10308,.T.);
#6806=CARTESIAN_POINT('',(7.5,1.73,2.055));
#6807=DIRECTION('',(0.0,0.984183323973689,0.177152998315298));
#6808=DIRECTION('',(1.0,0.0,-0.0));
#6809=ORIENTED_EDGE('',*,*,#10309,.F.);
#6810=ORIENTED_EDGE('',*,*,#10251,.F.);
#6811=ORIENTED_EDGE('',*,*,#10308,.F.);
#6812=ORIENTED_EDGE('',*,*,#10310,.T.);
#6813=CARTESIAN_POINT('',(7.73,1.5,2.055));
#6814=DIRECTION('',(0.984183323973689,0.0,0.177152998315298));
#6815=DIRECTION('',(0.0,-1.0,0.0));
#6816=ORIENTED_EDGE('',*,*,#10310,.F.);
#6817=ORIENTED_EDGE('',*,*,#10307,.T.);
#6818=ORIENTED_EDGE('',*,*,#10304,.F.);
#6819=ORIENTED_EDGE('',*,*,#10311,.F.);
#6820=CARTESIAN_POINT('',(7.82,1.82,2.555));
#6821=DIRECTION('',(0.0,0.0,1.0));
#6822=DIRECTION('',(1.0,0.0,0.0));
#6823=ORIENTED_EDGE('',*,*,#10303,.T.);
#6824=ORIENTED_EDGE('',*,*,#10312,.F.);
#6825=ORIENTED_EDGE('',*,*,#10309,.T.);
#6826=ORIENTED_EDGE('',*,*,#10311,.T.);
#6827=CARTESIAN_POINT('',(7.5,1.27,2.055));
#6828=DIRECTION('',(0.0,-0.984183323973689,0.177152998315298));
#6829=DIRECTION('',(-1.0,0.0,0.0));
#6830=ORIENTED_EDGE('',*,*,#10292,.T.);
#6831=ORIENTED_EDGE('',*,*,#9902,.T.);
#6832=ORIENTED_EDGE('',*,*,#10249,.F.);
#6833=ORIENTED_EDGE('',*,*,#10312,.T.);
#6834=CARTESIAN_POINT('',(7.82,1.18,2.555));
#6835=DIRECTION('',(0.0,-1.0,0.0));
#6836=DIRECTION('',(0.0,0.0,-1.0));
#6837=ORIENTED_EDGE('',*,*,#10250,.F.);
#6838=ORIENTED_EDGE('',*,*,#9904,.F.);
#6839=ORIENTED_EDGE('',*,*,#10291,.T.);
#6840=ORIENTED_EDGE('',*,*,#10306,.F.);
#6841=CARTESIAN_POINT('',(7.82,1.82,-3.655));
#6842=DIRECTION('',(-0.0,1.0,0.0));
#6843=DIRECTION('',(1.0,0.0,0.0));
#6844=ORIENTED_EDGE('',*,*,#10286,.F.);
#6845=ORIENTED_EDGE('',*,*,#10284,.T.);
#6846=ORIENTED_EDGE('',*,*,#10279,.T.);
#6847=ORIENTED_EDGE('',*,*,#10294,.F.);
#6848=CARTESIAN_POINT('',(7.27,-1.5,2.055));
#6849=DIRECTION('',(-0.984183323973689,0.0,0.177152998315298));
#6850=DIRECTION('',(0.0,1.0,0.0));
#6851=ORIENTED_EDGE('',*,*,#10313,.F.);
#6852=ORIENTED_EDGE('',*,*,#10314,.T.);
#6853=ORIENTED_EDGE('',*,*,#10315,.T.);
#6854=ORIENTED_EDGE('',*,*,#10299,.F.);
#6855=CARTESIAN_POINT('',(7.27,-6.62,-6.965));
#6856=DIRECTION('',(-0.984183323973689,-0.177152998315298,0.0));
#6857=DIRECTION('',(-0.177152998315298,0.984183323973689,0.0));
#6858=ORIENTED_EDGE('',*,*,#10315,.F.);
#6859=ORIENTED_EDGE('',*,*,#10316,.F.);
#6860=ORIENTED_EDGE('',*,*,#10317,.T.);
#6861=ORIENTED_EDGE('',*,*,#10318,.T.);
#6862=CARTESIAN_POINT('',(7.5,-6.62,-6.735));
#6863=DIRECTION('',(0.0,-0.177152998315298,0.984183323973689));
#6864=DIRECTION('',(-1.0,0.0,0.0));
#6865=ORIENTED_EDGE('',*,*,#10258,.F.);
#6866=ORIENTED_EDGE('',*,*,#10319,.T.);
#6867=ORIENTED_EDGE('',*,*,#10295,.T.);
#6868=ORIENTED_EDGE('',*,*,#10318,.F.);
#6869=CARTESIAN_POINT('',(7.82,0.949,-6.645));
#6870=DIRECTION('',(0.0,0.0,1.0));
#6871=DIRECTION('',(1.0,0.0,0.0));
#6872=ORIENTED_EDGE('',*,*,#10296,.T.);
#6873=ORIENTED_EDGE('',*,*,#10319,.F.);
#6874=ORIENTED_EDGE('',*,*,#10257,.F.);
#6875=ORIENTED_EDGE('',*,*,#9602,.F.);
#6876=ORIENTED_EDGE('',*,*,#10268,.F.);
#6877=ORIENTED_EDGE('',*,*,#10276,.F.);
#6878=CARTESIAN_POINT('',(7.82,0.949,-3.655));
#6879=DIRECTION('',(0.0,-1.0,0.0));
#6880=DIRECTION('',(0.0,0.0,-1.0));
#6881=ORIENTED_EDGE('',*,*,#10320,.F.);
#6882=ORIENTED_EDGE('',*,*,#10259,.F.);
#6883=ORIENTED_EDGE('',*,*,#10317,.F.);
#6884=ORIENTED_EDGE('',*,*,#10321,.T.);
#6885=CARTESIAN_POINT('',(7.73,-6.62,-6.965));
#6886=DIRECTION('',(0.984183323973689,-0.177152998315298,0.0));
#6887=DIRECTION('',(0.0,0.0,-1.0));
#6888=ORIENTED_EDGE('',*,*,#10321,.F.);
#6889=ORIENTED_EDGE('',*,*,#10316,.T.);
#6890=ORIENTED_EDGE('',*,*,#10314,.F.);
#6891=ORIENTED_EDGE('',*,*,#10322,.F.);
#6892=CARTESIAN_POINT('',(7.82,-7.12,-6.645));
#6893=DIRECTION('',(0.0,-1.0,0.0));
#6894=DIRECTION('',(0.0,0.0,-1.0));
#6895=ORIENTED_EDGE('',*,*,#10313,.T.);
#6896=ORIENTED_EDGE('',*,*,#10323,.F.);
#6897=ORIENTED_EDGE('',*,*,#10320,.T.);
#6898=ORIENTED_EDGE('',*,*,#10322,.T.);
#6899=CARTESIAN_POINT('',(7.5,-6.62,-7.195));
#6900=DIRECTION('',(0.0,-0.177152998315298,-0.984183323973689));
#6901=DIRECTION('',(0.0,-0.984183323973689,0.177152998315298));
#6902=ORIENTED_EDGE('',*,*,#10298,.T.);
#6903=ORIENTED_EDGE('',*,*,#10324,.F.);
#6904=ORIENTED_EDGE('',*,*,#10255,.F.);
#6905=ORIENTED_EDGE('',*,*,#10323,.T.);
#6906=CARTESIAN_POINT('',(7.82,-7.12,-7.285));
#6907=DIRECTION('',(0.0,0.0,-1.0));
#6908=DIRECTION('',(0.0,-1.0,0.0));
#6909=ORIENTED_EDGE('',*,*,#10266,.T.);
#6910=ORIENTED_EDGE('',*,*,#9600,.T.);
#6911=ORIENTED_EDGE('',*,*,#10256,.F.);
#6912=ORIENTED_EDGE('',*,*,#10324,.T.);
#6913=ORIENTED_EDGE('',*,*,#10297,.T.);
#6914=ORIENTED_EDGE('',*,*,#10275,.T.);
#6915=CARTESIAN_POINT('',(7.82,1.589,-7.285));
#6916=DIRECTION('',(-0.0,1.0,0.0));
#6917=DIRECTION('',(1.0,0.0,0.0));
#6918=ORIENTED_EDGE('',*,*,#9628,.F.);
#6919=ORIENTED_EDGE('',*,*,#10301,.F.);
#6920=ORIENTED_EDGE('',*,*,#10325,.T.);
#6921=ORIENTED_EDGE('',*,*,#10326,.F.);
#6922=ORIENTED_EDGE('',*,*,#10327,.F.);
#6923=ORIENTED_EDGE('',*,*,#10261,.T.);
#6924=CARTESIAN_POINT('',(-8.85,-3.43,-3.655));
#6925=DIRECTION('',(0.0,0.0,-1.0));
#6926=DIRECTION('',(0.0,-1.0,0.0));
#6927=ORIENTED_EDGE('',*,*,#9623,.F.);
#6928=ORIENTED_EDGE('',*,*,#10328,.F.);
#6929=ORIENTED_EDGE('',*,*,#10329,.T.);
#6930=ORIENTED_EDGE('',*,*,#10330,.F.);
#6931=ORIENTED_EDGE('',*,*,#10331,.F.);
#6932=ORIENTED_EDGE('',*,*,#10332,.T.);
#6933=CARTESIAN_POINT('',(-8.85,-3.43,-3.655));
#6934=DIRECTION('',(0.0,0.0,-1.0));
#6935=DIRECTION('',(0.0,-1.0,0.0));
#6936=ORIENTED_EDGE('',*,*,#9618,.F.);
#6937=ORIENTED_EDGE('',*,*,#10333,.F.);
#6938=ORIENTED_EDGE('',*,*,#10334,.T.);
#6939=ORIENTED_EDGE('',*,*,#10335,.F.);
#6940=ORIENTED_EDGE('',*,*,#10336,.F.);
#6941=ORIENTED_EDGE('',*,*,#10337,.T.);
#6942=CARTESIAN_POINT('',(-8.85,-3.43,-3.655));
#6943=DIRECTION('',(0.0,0.0,-1.0));
#6944=DIRECTION('',(0.0,-1.0,0.0));
#6945=ORIENTED_EDGE('',*,*,#9767,.F.);
#6946=ORIENTED_EDGE('',*,*,#10338,.T.);
#6947=ORIENTED_EDGE('',*,*,#10339,.F.);
#6948=ORIENTED_EDGE('',*,*,#10340,.F.);
#6949=ORIENTED_EDGE('',*,*,#9734,.T.);
#6950=ORIENTED_EDGE('',*,*,#9643,.F.);
#6951=CARTESIAN_POINT('',(-8.85,-3.43,-3.655));
#6952=DIRECTION('',(0.0,0.0,-1.0));
#6953=DIRECTION('',(0.0,-1.0,0.0));
#6954=ORIENTED_EDGE('',*,*,#9827,.F.);
#6955=ORIENTED_EDGE('',*,*,#10341,.T.);
#6956=ORIENTED_EDGE('',*,*,#10342,.F.);
#6957=ORIENTED_EDGE('',*,*,#10343,.F.);
#6958=ORIENTED_EDGE('',*,*,#9857,.T.);
#6959=ORIENTED_EDGE('',*,*,#9608,.F.);
#6960=CARTESIAN_POINT('',(-8.85,-3.43,-3.655));
#6961=DIRECTION('',(0.0,0.0,-1.0));
#6962=DIRECTION('',(0.0,-1.0,0.0));
#6963=ORIENTED_EDGE('',*,*,#10344,.F.);
#6964=ORIENTED_EDGE('',*,*,#10345,.T.);
#6965=ORIENTED_EDGE('',*,*,#10346,.F.);
#6966=ORIENTED_EDGE('',*,*,#10347,.F.);
#6967=ORIENTED_EDGE('',*,*,#10348,.T.);
#6968=ORIENTED_EDGE('',*,*,#9613,.F.);
#6969=CARTESIAN_POINT('',(-8.85,-3.43,-3.655));
#6970=DIRECTION('',(0.0,0.0,-1.0));
#6971=DIRECTION('',(0.0,-1.0,0.0));
#6972=ORIENTED_EDGE('',*,*,#10349,.F.);
#6973=ORIENTED_EDGE('',*,*,#10350,.T.);
#6974=ORIENTED_EDGE('',*,*,#10351,.F.);
#6975=ORIENTED_EDGE('',*,*,#10260,.F.);
#6976=ORIENTED_EDGE('',*,*,#10327,.T.);
#6977=CARTESIAN_POINT('',(7.73,-6.62,-3.965));
#6978=DIRECTION('',(0.984183323973689,-0.177152998315298,0.0));
#6979=DIRECTION('',(0.0,0.0,-1.0));
#6980=ORIENTED_EDGE('',*,*,#10352,.T.);
#6981=ORIENTED_EDGE('',*,*,#10353,.T.);
#6982=ORIENTED_EDGE('',*,*,#9482,.F.);
#6983=ORIENTED_EDGE('',*,*,#10351,.T.);
#6984=CARTESIAN_POINT('',(7.5,-6.62,-4.195));
#6985=DIRECTION('',(0.0,-0.177152998315298,-0.984183323973689));
#6986=DIRECTION('',(0.0,-0.984183323973689,0.177152998315298));
#6987=ORIENTED_EDGE('',*,*,#10300,.F.);
#6988=ORIENTED_EDGE('',*,*,#10353,.F.);
#6989=ORIENTED_EDGE('',*,*,#10354,.T.);
#6990=ORIENTED_EDGE('',*,*,#10355,.T.);
#6991=ORIENTED_EDGE('',*,*,#10325,.F.);
#6992=CARTESIAN_POINT('',(7.27,-6.62,-3.965));
#6993=DIRECTION('',(-0.984183323973689,-0.177152998315298,0.0));
#6994=DIRECTION('',(-0.177152998315298,0.984183323973689,0.0));
#6995=ORIENTED_EDGE('',*,*,#10355,.F.);
#6996=ORIENTED_EDGE('',*,*,#10356,.F.);
#6997=ORIENTED_EDGE('',*,*,#10349,.T.);
#6998=ORIENTED_EDGE('',*,*,#10326,.T.);
#6999=CARTESIAN_POINT('',(7.5,-6.62,-3.735));
#7000=DIRECTION('',(0.0,-0.177152998315298,0.984183323973689));
#7001=DIRECTION('',(-1.0,0.0,0.0));
#7002=ORIENTED_EDGE('',*,*,#10352,.F.);
#7003=ORIENTED_EDGE('',*,*,#10350,.F.);
#7004=ORIENTED_EDGE('',*,*,#10356,.T.);
#7005=ORIENTED_EDGE('',*,*,#10354,.F.);
#7006=CARTESIAN_POINT('',(7.82,-7.12,-3.645));
#7007=DIRECTION('',(0.0,-1.0,0.0));
#7008=DIRECTION('',(0.0,0.0,-1.0));
#7009=ORIENTED_EDGE('',*,*,#10357,.T.);
#7010=ORIENTED_EDGE('',*,*,#10358,.T.);
#7011=ORIENTED_EDGE('',*,*,#10359,.T.);
#7012=ORIENTED_EDGE('',*,*,#9447,.F.);
#7013=CARTESIAN_POINT('',(4.82,0.0,0.0));
#7014=DIRECTION('',(1.0,0.0,0.0));
#7015=DIRECTION('',(0.0,1.0,0.0));
#7016=ORIENTED_EDGE('',*,*,#10360,.T.);
#7017=ORIENTED_EDGE('',*,*,#9914,.T.);
#7018=ORIENTED_EDGE('',*,*,#10361,.T.);
#7019=ORIENTED_EDGE('',*,*,#10362,.T.);
#7020=CARTESIAN_POINT('',(4.82,0.0,0.0));
#7021=DIRECTION('',(1.0,0.0,0.0));
#7022=DIRECTION('',(0.0,1.0,0.0));
#7023=ORIENTED_EDGE('',*,*,#10363,.T.);
#7024=ORIENTED_EDGE('',*,*,#9923,.T.);
#7025=ORIENTED_EDGE('',*,*,#10364,.T.);
#7026=ORIENTED_EDGE('',*,*,#10365,.T.);
#7027=CARTESIAN_POINT('',(4.82,0.0,0.0));
#7028=DIRECTION('',(1.0,0.0,0.0));
#7029=DIRECTION('',(0.0,1.0,0.0));
#7030=ORIENTED_EDGE('',*,*,#10366,.T.);
#7031=ORIENTED_EDGE('',*,*,#10367,.T.);
#7032=ORIENTED_EDGE('',*,*,#9449,.F.);
#7033=ORIENTED_EDGE('',*,*,#10368,.T.);
#7034=ORIENTED_EDGE('',*,*,#10369,.T.);
#7035=ORIENTED_EDGE('',*,*,#10370,.T.);
#7036=CARTESIAN_POINT('',(4.82,0.0,0.0));
#7037=DIRECTION('',(1.0,0.0,0.0));
#7038=DIRECTION('',(0.0,1.0,0.0));
#7039=ORIENTED_EDGE('',*,*,#10371,.T.);
#7040=ORIENTED_EDGE('',*,*,#9486,.T.);
#7041=ORIENTED_EDGE('',*,*,#9624,.T.);
#7042=ORIENTED_EDGE('',*,*,#10332,.F.);
#7043=CARTESIAN_POINT('',(4.82,0.0,0.0));
#7044=DIRECTION('',(1.0,0.0,0.0));
#7045=DIRECTION('',(0.0,1.0,0.0));
#7046=ORIENTED_EDGE('',*,*,#10372,.T.);
#7047=ORIENTED_EDGE('',*,*,#10373,.T.);
#7048=ORIENTED_EDGE('',*,*,#10374,.T.);
#7049=ORIENTED_EDGE('',*,*,#10375,.T.);
#7050=ORIENTED_EDGE('',*,*,#10376,.T.);
#7051=ORIENTED_EDGE('',*,*,#10359,.F.);
#7052=CARTESIAN_POINT('',(4.82,0.32,-4.955));
#7053=DIRECTION('',(-0.0,1.0,0.0));
#7054=DIRECTION('',(1.0,0.0,0.0));
#7055=ORIENTED_EDGE('',*,*,#9344,.F.);
#7056=ORIENTED_EDGE('',*,*,#9266,.T.);
#7057=ORIENTED_EDGE('',*,*,#9625,.T.);
#7058=ORIENTED_EDGE('',*,*,#9485,.T.);
#7059=CARTESIAN_POINT('',(4.82,3.43,-3.655));
#7060=DIRECTION('',(1.0,0.0,0.0));
#7061=DIRECTION('',(0.0,1.0,0.0));
#7062=ORIENTED_EDGE('',*,*,#10377,.F.);
#7063=ORIENTED_EDGE('',*,*,#10378,.F.);
#7064=ORIENTED_EDGE('',*,*,#10379,.T.);
#7065=ORIENTED_EDGE('',*,*,#9446,.F.);
#7066=CARTESIAN_POINT('',(4.82,3.43,-3.655));
#7067=DIRECTION('',(1.0,0.0,0.0));
#7068=DIRECTION('',(0.0,1.0,0.0));
#7069=ORIENTED_EDGE('',*,*,#9786,.F.);
#7070=ORIENTED_EDGE('',*,*,#9270,.F.);
#7071=ORIENTED_EDGE('',*,*,#9584,.F.);
#7072=ORIENTED_EDGE('',*,*,#9450,.F.);
#7073=ORIENTED_EDGE('',*,*,#10380,.F.);
#7074=ORIENTED_EDGE('',*,*,#10381,.F.);
#7075=CARTESIAN_POINT('',(4.82,3.43,-3.655));
#7076=DIRECTION('',(1.0,0.0,0.0));
#7077=DIRECTION('',(0.0,1.0,0.0));
#7078=ORIENTED_EDGE('',*,*,#10382,.T.);
#7079=ORIENTED_EDGE('',*,*,#9448,.F.);
#7080=ORIENTED_EDGE('',*,*,#10376,.F.);
#7081=ORIENTED_EDGE('',*,*,#10383,.F.);
#7082=CARTESIAN_POINT('',(4.82,3.43,-3.655));
#7083=DIRECTION('',(1.0,0.0,0.0));
#7084=DIRECTION('',(0.0,1.0,0.0));
#7085=ORIENTED_EDGE('',*,*,#10379,.F.);
#7086=ORIENTED_EDGE('',*,*,#10384,.F.);
#7087=ORIENTED_EDGE('',*,*,#10385,.F.);
#7088=ORIENTED_EDGE('',*,*,#10386,.T.);
#7089=ORIENTED_EDGE('',*,*,#10387,.F.);
#7090=ORIENTED_EDGE('',*,*,#10357,.F.);
#7091=CARTESIAN_POINT('',(4.82,-0.32,-3.655));
#7092=DIRECTION('',(0.0,-1.0,0.0));
#7093=DIRECTION('',(0.0,0.0,-1.0));
#7094=ORIENTED_EDGE('',*,*,#10387,.T.);
#7095=ORIENTED_EDGE('',*,*,#10388,.T.);
#7096=ORIENTED_EDGE('',*,*,#10372,.F.);
#7097=ORIENTED_EDGE('',*,*,#10358,.F.);
#7098=CARTESIAN_POINT('',(4.82,-0.32,-4.955));
#7099=DIRECTION('',(0.0,0.0,-1.0));
#7100=DIRECTION('',(0.0,-1.0,0.0));
#7101=ORIENTED_EDGE('',*,*,#10373,.F.);
#7102=ORIENTED_EDGE('',*,*,#10388,.F.);
#7103=ORIENTED_EDGE('',*,*,#10386,.F.);
#7104=ORIENTED_EDGE('',*,*,#9443,.T.);
#7105=CARTESIAN_POINT('',(4.18,0.0,0.0));
#7106=DIRECTION('',(1.0,0.0,0.0));
#7107=DIRECTION('',(0.0,1.0,0.0));
#7108=ORIENTED_EDGE('',*,*,#10389,.F.);
#7109=ORIENTED_EDGE('',*,*,#9912,.F.);
#7110=ORIENTED_EDGE('',*,*,#10390,.F.);
#7111=ORIENTED_EDGE('',*,*,#10391,.T.);
#7112=CARTESIAN_POINT('',(4.18,0.0,0.0));
#7113=DIRECTION('',(1.0,0.0,0.0));
#7114=DIRECTION('',(0.0,1.0,0.0));
#7115=ORIENTED_EDGE('',*,*,#10392,.F.);
#7116=ORIENTED_EDGE('',*,*,#9921,.F.);
#7117=ORIENTED_EDGE('',*,*,#10393,.F.);
#7118=ORIENTED_EDGE('',*,*,#10394,.T.);
#7119=CARTESIAN_POINT('',(4.18,0.0,0.0));
#7120=DIRECTION('',(1.0,0.0,0.0));
#7121=DIRECTION('',(0.0,1.0,0.0));
#7122=ORIENTED_EDGE('',*,*,#10395,.F.);
#7123=ORIENTED_EDGE('',*,*,#10396,.F.);
#7124=ORIENTED_EDGE('',*,*,#9441,.T.);
#7125=ORIENTED_EDGE('',*,*,#10397,.F.);
#7126=ORIENTED_EDGE('',*,*,#10398,.F.);
#7127=ORIENTED_EDGE('',*,*,#10399,.T.);
#7128=CARTESIAN_POINT('',(4.18,0.0,0.0));
#7129=DIRECTION('',(1.0,0.0,0.0));
#7130=DIRECTION('',(0.0,1.0,0.0));
#7131=ORIENTED_EDGE('',*,*,#9622,.F.);
#7132=ORIENTED_EDGE('',*,*,#9488,.F.);
#7133=ORIENTED_EDGE('',*,*,#10400,.T.);
#7134=ORIENTED_EDGE('',*,*,#10328,.T.);
#7135=CARTESIAN_POINT('',(4.18,0.0,0.0));
#7136=DIRECTION('',(1.0,0.0,0.0));
#7137=DIRECTION('',(0.0,1.0,0.0));
#7138=ORIENTED_EDGE('',*,*,#10401,.F.);
#7139=ORIENTED_EDGE('',*,*,#10402,.T.);
#7140=ORIENTED_EDGE('',*,*,#10403,.F.);
#7141=ORIENTED_EDGE('',*,*,#10391,.F.);
#7142=CARTESIAN_POINT('',(4.27,1.5,2.055));
#7143=DIRECTION('',(-0.984183323973689,0.0,0.177152998315298));
#7144=DIRECTION('',(0.0,1.0,0.0));
#7145=ORIENTED_EDGE('',*,*,#10404,.T.);
#7146=ORIENTED_EDGE('',*,*,#10403,.T.);
#7147=ORIENTED_EDGE('',*,*,#10405,.F.);
#7148=ORIENTED_EDGE('',*,*,#10406,.T.);
#7149=CARTESIAN_POINT('',(4.5,1.73,2.055));
#7150=DIRECTION('',(0.0,0.984183323973689,0.177152998315298));
#7151=DIRECTION('',(1.0,0.0,-0.0));
#7152=ORIENTED_EDGE('',*,*,#10407,.F.);
#7153=ORIENTED_EDGE('',*,*,#10362,.F.);
#7154=ORIENTED_EDGE('',*,*,#10406,.F.);
#7155=ORIENTED_EDGE('',*,*,#10408,.T.);
#7156=CARTESIAN_POINT('',(4.73,1.5,2.055));
#7157=DIRECTION('',(0.984183323973689,0.0,0.177152998315298));
#7158=DIRECTION('',(0.0,-1.0,0.0));
#7159=ORIENTED_EDGE('',*,*,#10408,.F.);
#7160=ORIENTED_EDGE('',*,*,#10405,.T.);
#7161=ORIENTED_EDGE('',*,*,#10402,.F.);
#7162=ORIENTED_EDGE('',*,*,#10409,.F.);
#7163=CARTESIAN_POINT('',(4.82,1.82,2.555));
#7164=DIRECTION('',(0.0,0.0,1.0));
#7165=DIRECTION('',(1.0,0.0,0.0));
#7166=ORIENTED_EDGE('',*,*,#10401,.T.);
#7167=ORIENTED_EDGE('',*,*,#10410,.F.);
#7168=ORIENTED_EDGE('',*,*,#10407,.T.);
#7169=ORIENTED_EDGE('',*,*,#10409,.T.);
#7170=CARTESIAN_POINT('',(4.5,1.27,2.055));
#7171=DIRECTION('',(0.0,-0.984183323973689,0.177152998315298));
#7172=DIRECTION('',(-1.0,0.0,0.0));
#7173=ORIENTED_EDGE('',*,*,#10390,.T.);
#7174=ORIENTED_EDGE('',*,*,#9911,.T.);
#7175=ORIENTED_EDGE('',*,*,#10360,.F.);
#7176=ORIENTED_EDGE('',*,*,#10410,.T.);
#7177=CARTESIAN_POINT('',(4.82,1.18,2.555));
#7178=DIRECTION('',(0.0,-1.0,0.0));
#7179=DIRECTION('',(0.0,0.0,-1.0));
#7180=ORIENTED_EDGE('',*,*,#10361,.F.);
#7181=ORIENTED_EDGE('',*,*,#9913,.F.);
#7182=ORIENTED_EDGE('',*,*,#10389,.T.);
#7183=ORIENTED_EDGE('',*,*,#10404,.F.);
#7184=CARTESIAN_POINT('',(4.82,1.82,-3.655));
#7185=DIRECTION('',(-0.0,1.0,0.0));
#7186=DIRECTION('',(1.0,0.0,0.0));
#7187=ORIENTED_EDGE('',*,*,#10411,.F.);
#7188=ORIENTED_EDGE('',*,*,#10412,.T.);
#7189=ORIENTED_EDGE('',*,*,#10413,.T.);
#7190=ORIENTED_EDGE('',*,*,#10394,.F.);
#7191=CARTESIAN_POINT('',(4.27,-1.5,2.055));
#7192=DIRECTION('',(-0.984183323973689,0.0,0.177152998315298));
#7193=DIRECTION('',(0.0,1.0,0.0));
#7194=ORIENTED_EDGE('',*,*,#10413,.F.);
#7195=ORIENTED_EDGE('',*,*,#10414,.F.);
#7196=ORIENTED_EDGE('',*,*,#10415,.T.);
#7197=ORIENTED_EDGE('',*,*,#10416,.T.);
#7198=CARTESIAN_POINT('',(4.5,-1.27,2.055));
#7199=DIRECTION('',(0.0,0.984183323973689,0.177152998315298));
#7200=DIRECTION('',(1.0,0.0,-0.0));
#7201=ORIENTED_EDGE('',*,*,#10417,.T.);
#7202=ORIENTED_EDGE('',*,*,#10377,.T.);
#7203=ORIENTED_EDGE('',*,*,#9445,.T.);
#7204=ORIENTED_EDGE('',*,*,#10418,.F.);
#7205=CARTESIAN_POINT('',(4.82,-1.18,-4.285));
#7206=DIRECTION('',(-0.0,1.0,0.0));
#7207=DIRECTION('',(1.0,0.0,0.0));
#7208=ORIENTED_EDGE('',*,*,#10364,.F.);
#7209=ORIENTED_EDGE('',*,*,#9922,.F.);
#7210=ORIENTED_EDGE('',*,*,#10392,.T.);
#7211=ORIENTED_EDGE('',*,*,#10416,.F.);
#7212=CARTESIAN_POINT('',(4.82,-1.18,-4.285));
#7213=DIRECTION('',(-0.0,1.0,0.0));
#7214=DIRECTION('',(1.0,0.0,0.0));
#7215=ORIENTED_EDGE('',*,*,#9621,.F.);
#7216=ORIENTED_EDGE('',*,*,#9272,.F.);
#7217=ORIENTED_EDGE('',*,*,#9346,.T.);
#7218=ORIENTED_EDGE('',*,*,#9489,.F.);
#7219=CARTESIAN_POINT('',(4.18,3.43,-4.955));
#7220=DIRECTION('',(-1.0,0.0,0.0));
#7221=DIRECTION('',(0.0,0.0,1.0));
#7222=ORIENTED_EDGE('',*,*,#10385,.T.);
#7223=ORIENTED_EDGE('',*,*,#10419,.T.);
#7224=ORIENTED_EDGE('',*,*,#10418,.T.);
#7225=ORIENTED_EDGE('',*,*,#9444,.T.);
#7226=CARTESIAN_POINT('',(4.18,3.43,-4.955));
#7227=DIRECTION('',(-1.0,0.0,0.0));
#7228=DIRECTION('',(0.0,0.0,1.0));
#7229=ORIENTED_EDGE('',*,*,#10420,.F.);
#7230=ORIENTED_EDGE('',*,*,#9440,.T.);
#7231=ORIENTED_EDGE('',*,*,#9585,.T.);
#7232=ORIENTED_EDGE('',*,*,#9276,.T.);
#7233=ORIENTED_EDGE('',*,*,#9788,.T.);
#7234=ORIENTED_EDGE('',*,*,#10421,.T.);
#7235=CARTESIAN_POINT('',(4.18,3.43,-4.955));
#7236=DIRECTION('',(-1.0,0.0,0.0));
#7237=DIRECTION('',(0.0,0.0,1.0));
#7238=ORIENTED_EDGE('',*,*,#10374,.F.);
#7239=ORIENTED_EDGE('',*,*,#9442,.T.);
#7240=ORIENTED_EDGE('',*,*,#10422,.T.);
#7241=ORIENTED_EDGE('',*,*,#10423,.T.);
#7242=CARTESIAN_POINT('',(4.18,3.43,-4.955));
#7243=DIRECTION('',(-1.0,0.0,0.0));
#7244=DIRECTION('',(0.0,0.0,1.0));
#7245=ORIENTED_EDGE('',*,*,#9787,.T.);
#7246=ORIENTED_EDGE('',*,*,#10381,.T.);
#7247=ORIENTED_EDGE('',*,*,#10424,.F.);
#7248=ORIENTED_EDGE('',*,*,#10421,.F.);
#7249=CARTESIAN_POINT('',(4.18,3.43,-3.655));
#7250=DIRECTION('',(0.0,0.0,1.0));
#7251=DIRECTION('',(1.0,0.0,0.0));
#7252=ORIENTED_EDGE('',*,*,#10425,.T.);
#7253=ORIENTED_EDGE('',*,*,#10383,.T.);
#7254=ORIENTED_EDGE('',*,*,#10375,.F.);
#7255=ORIENTED_EDGE('',*,*,#10423,.F.);
#7256=CARTESIAN_POINT('',(4.18,3.43,-3.655));
#7257=DIRECTION('',(0.0,0.0,1.0));
#7258=DIRECTION('',(1.0,0.0,0.0));
#7259=ORIENTED_EDGE('',*,*,#10378,.T.);
#7260=ORIENTED_EDGE('',*,*,#10417,.F.);
#7261=ORIENTED_EDGE('',*,*,#10419,.F.);
#7262=ORIENTED_EDGE('',*,*,#10384,.T.);
#7263=CARTESIAN_POINT('',(4.18,3.43,-3.655));
#7264=DIRECTION('',(0.0,0.0,1.0));
#7265=DIRECTION('',(1.0,0.0,0.0));
#7266=ORIENTED_EDGE('',*,*,#10424,.T.);
#7267=ORIENTED_EDGE('',*,*,#10380,.T.);
#7268=ORIENTED_EDGE('',*,*,#10367,.F.);
#7269=ORIENTED_EDGE('',*,*,#10426,.T.);
#7270=ORIENTED_EDGE('',*,*,#10397,.T.);
#7271=ORIENTED_EDGE('',*,*,#10420,.T.);
#7272=CARTESIAN_POINT('',(4.82,1.589,-7.285));
#7273=DIRECTION('',(-0.0,1.0,0.0));
#7274=DIRECTION('',(1.0,0.0,0.0));
#7275=ORIENTED_EDGE('',*,*,#10398,.T.);
#7276=ORIENTED_EDGE('',*,*,#10426,.F.);
#7277=ORIENTED_EDGE('',*,*,#10366,.F.);
#7278=ORIENTED_EDGE('',*,*,#10427,.T.);
#7279=CARTESIAN_POINT('',(4.82,-7.12,-7.285));
#7280=DIRECTION('',(0.0,0.0,-1.0));
#7281=DIRECTION('',(0.0,-1.0,0.0));
#7282=ORIENTED_EDGE('',*,*,#10428,.T.);
#7283=ORIENTED_EDGE('',*,*,#10427,.F.);
#7284=ORIENTED_EDGE('',*,*,#10429,.T.);
#7285=ORIENTED_EDGE('',*,*,#10430,.T.);
#7286=CARTESIAN_POINT('',(4.5,-6.62,-7.195));
#7287=DIRECTION('',(0.0,-0.177152998315298,-0.984183323973689));
#7288=DIRECTION('',(0.0,-0.984183323973689,0.177152998315298));
#7289=ORIENTED_EDGE('',*,*,#10431,.F.);
#7290=ORIENTED_EDGE('',*,*,#10432,.T.);
#7291=ORIENTED_EDGE('',*,*,#10433,.F.);
#7292=ORIENTED_EDGE('',*,*,#10430,.F.);
#7293=CARTESIAN_POINT('',(4.82,-7.12,-6.645));
#7294=DIRECTION('',(0.0,-1.0,0.0));
#7295=DIRECTION('',(0.0,0.0,-1.0));
#7296=ORIENTED_EDGE('',*,*,#10428,.F.);
#7297=ORIENTED_EDGE('',*,*,#10433,.T.);
#7298=ORIENTED_EDGE('',*,*,#10434,.T.);
#7299=ORIENTED_EDGE('',*,*,#10399,.F.);
#7300=CARTESIAN_POINT('',(4.27,-6.62,-6.965));
#7301=DIRECTION('',(-0.984183323973689,-0.177152998315298,0.0));
#7302=DIRECTION('',(-0.177152998315298,0.984183323973689,0.0));
#7303=ORIENTED_EDGE('',*,*,#10434,.F.);
#7304=ORIENTED_EDGE('',*,*,#10432,.F.);
#7305=ORIENTED_EDGE('',*,*,#10435,.T.);
#7306=ORIENTED_EDGE('',*,*,#10436,.T.);
#7307=CARTESIAN_POINT('',(4.5,-6.62,-6.735));
#7308=DIRECTION('',(0.0,-0.177152998315298,0.984183323973689));
#7309=DIRECTION('',(-1.0,0.0,0.0));
#7310=ORIENTED_EDGE('',*,*,#10369,.F.);
#7311=ORIENTED_EDGE('',*,*,#10437,.T.);
#7312=ORIENTED_EDGE('',*,*,#10395,.T.);
#7313=ORIENTED_EDGE('',*,*,#10436,.F.);
#7314=CARTESIAN_POINT('',(4.82,0.949,-6.645));
#7315=DIRECTION('',(0.0,0.0,1.0));
#7316=DIRECTION('',(1.0,0.0,0.0));
#7317=ORIENTED_EDGE('',*,*,#10396,.T.);
#7318=ORIENTED_EDGE('',*,*,#10437,.F.);
#7319=ORIENTED_EDGE('',*,*,#10368,.F.);
#7320=ORIENTED_EDGE('',*,*,#10382,.F.);
#7321=ORIENTED_EDGE('',*,*,#10425,.F.);
#7322=ORIENTED_EDGE('',*,*,#10422,.F.);
#7323=CARTESIAN_POINT('',(4.82,0.949,-3.655));
#7324=DIRECTION('',(0.0,-1.0,0.0));
#7325=DIRECTION('',(0.0,0.0,-1.0));
#7326=ORIENTED_EDGE('',*,*,#10429,.F.);
#7327=ORIENTED_EDGE('',*,*,#10370,.F.);
#7328=ORIENTED_EDGE('',*,*,#10435,.F.);
#7329=ORIENTED_EDGE('',*,*,#10431,.T.);
#7330=CARTESIAN_POINT('',(4.73,-6.62,-6.965));
#7331=DIRECTION('',(0.984183323973689,-0.177152998315298,0.0));
#7332=DIRECTION('',(0.0,0.0,-1.0));
#7333=ORIENTED_EDGE('',*,*,#10438,.F.);
#7334=ORIENTED_EDGE('',*,*,#10365,.F.);
#7335=ORIENTED_EDGE('',*,*,#10415,.F.);
#7336=ORIENTED_EDGE('',*,*,#10439,.T.);
#7337=CARTESIAN_POINT('',(4.73,-1.5,2.055));
#7338=DIRECTION('',(0.984183323973689,0.0,0.177152998315298));
#7339=DIRECTION('',(0.0,-1.0,0.0));
#7340=ORIENTED_EDGE('',*,*,#10439,.F.);
#7341=ORIENTED_EDGE('',*,*,#10414,.T.);
#7342=ORIENTED_EDGE('',*,*,#10412,.F.);
#7343=ORIENTED_EDGE('',*,*,#10440,.F.);
#7344=CARTESIAN_POINT('',(4.82,-1.18,2.555));
#7345=DIRECTION('',(0.0,0.0,1.0));
#7346=DIRECTION('',(1.0,0.0,0.0));
#7347=ORIENTED_EDGE('',*,*,#10411,.T.);
#7348=ORIENTED_EDGE('',*,*,#10441,.F.);
#7349=ORIENTED_EDGE('',*,*,#10438,.T.);
#7350=ORIENTED_EDGE('',*,*,#10440,.T.);
#7351=CARTESIAN_POINT('',(4.5,-1.73,2.055));
#7352=DIRECTION('',(0.0,-0.984183323973689,0.177152998315298));
#7353=DIRECTION('',(-1.0,0.0,0.0));
#7354=ORIENTED_EDGE('',*,*,#10393,.T.);
#7355=ORIENTED_EDGE('',*,*,#9920,.T.);
#7356=ORIENTED_EDGE('',*,*,#10363,.F.);
#7357=ORIENTED_EDGE('',*,*,#10441,.T.);
#7358=CARTESIAN_POINT('',(4.82,-1.82,2.555));
#7359=DIRECTION('',(0.0,-1.0,0.0));
#7360=DIRECTION('',(0.0,0.0,-1.0));
#7361=ORIENTED_EDGE('',*,*,#10400,.F.);
#7362=ORIENTED_EDGE('',*,*,#10442,.F.);
#7363=ORIENTED_EDGE('',*,*,#10443,.T.);
#7364=ORIENTED_EDGE('',*,*,#10444,.T.);
#7365=ORIENTED_EDGE('',*,*,#10329,.F.);
#7366=CARTESIAN_POINT('',(4.27,-6.62,-3.965));
#7367=DIRECTION('',(-0.984183323973689,-0.177152998315298,0.0));
#7368=DIRECTION('',(-0.177152998315298,0.984183323973689,0.0));
#7369=ORIENTED_EDGE('',*,*,#10444,.F.);
#7370=ORIENTED_EDGE('',*,*,#10445,.F.);
#7371=ORIENTED_EDGE('',*,*,#10446,.T.);
#7372=ORIENTED_EDGE('',*,*,#10330,.T.);
#7373=CARTESIAN_POINT('',(4.5,-6.62,-3.735));
#7374=DIRECTION('',(0.0,-0.177152998315298,0.984183323973689));
#7375=DIRECTION('',(-1.0,0.0,0.0));
#7376=ORIENTED_EDGE('',*,*,#10446,.F.);
#7377=ORIENTED_EDGE('',*,*,#10447,.T.);
#7378=ORIENTED_EDGE('',*,*,#10448,.F.);
#7379=ORIENTED_EDGE('',*,*,#10371,.F.);
#7380=ORIENTED_EDGE('',*,*,#10331,.T.);
#7381=CARTESIAN_POINT('',(4.73,-6.62,-3.965));
#7382=DIRECTION('',(0.984183323973689,-0.177152998315298,0.0));
#7383=DIRECTION('',(0.0,0.0,-1.0));
#7384=ORIENTED_EDGE('',*,*,#10449,.T.);
#7385=ORIENTED_EDGE('',*,*,#10442,.T.);
#7386=ORIENTED_EDGE('',*,*,#9487,.F.);
#7387=ORIENTED_EDGE('',*,*,#10448,.T.);
#7388=CARTESIAN_POINT('',(4.5,-6.62,-4.195));
#7389=DIRECTION('',(0.0,-0.177152998315298,-0.984183323973689));
#7390=DIRECTION('',(0.0,-0.984183323973689,0.177152998315298));
#7391=ORIENTED_EDGE('',*,*,#10449,.F.);
#7392=ORIENTED_EDGE('',*,*,#10447,.F.);
#7393=ORIENTED_EDGE('',*,*,#10445,.T.);
#7394=ORIENTED_EDGE('',*,*,#10443,.F.);
#7395=CARTESIAN_POINT('',(4.82,-7.12,-3.645));
#7396=DIRECTION('',(0.0,-1.0,0.0));
#7397=DIRECTION('',(0.0,0.0,-1.0));
#7398=ORIENTED_EDGE('',*,*,#10450,.T.);
#7399=ORIENTED_EDGE('',*,*,#10451,.T.);
#7400=ORIENTED_EDGE('',*,*,#10452,.T.);
#7401=ORIENTED_EDGE('',*,*,#9435,.F.);
#7402=CARTESIAN_POINT('',(1.82,0.0,0.0));
#7403=DIRECTION('',(1.0,0.0,0.0));
#7404=DIRECTION('',(0.0,1.0,0.0));
#7405=ORIENTED_EDGE('',*,*,#10453,.T.);
#7406=ORIENTED_EDGE('',*,*,#9941,.T.);
#7407=ORIENTED_EDGE('',*,*,#10454,.T.);
#7408=ORIENTED_EDGE('',*,*,#10455,.T.);
#7409=CARTESIAN_POINT('',(1.82,0.0,0.0));
#7410=DIRECTION('',(1.0,0.0,0.0));
#7411=DIRECTION('',(0.0,1.0,0.0));
#7412=ORIENTED_EDGE('',*,*,#10456,.T.);
#7413=ORIENTED_EDGE('',*,*,#9932,.T.);
#7414=ORIENTED_EDGE('',*,*,#10457,.T.);
#7415=ORIENTED_EDGE('',*,*,#10458,.T.);
#7416=CARTESIAN_POINT('',(1.82,0.0,0.0));
#7417=DIRECTION('',(1.0,0.0,0.0));
#7418=DIRECTION('',(0.0,1.0,0.0));
#7419=ORIENTED_EDGE('',*,*,#10459,.T.);
#7420=ORIENTED_EDGE('',*,*,#10460,.T.);
#7421=ORIENTED_EDGE('',*,*,#9437,.F.);
#7422=ORIENTED_EDGE('',*,*,#10461,.T.);
#7423=ORIENTED_EDGE('',*,*,#10462,.T.);
#7424=ORIENTED_EDGE('',*,*,#10463,.T.);
#7425=CARTESIAN_POINT('',(1.82,0.0,0.0));
#7426=DIRECTION('',(1.0,0.0,0.0));
#7427=DIRECTION('',(0.0,1.0,0.0));
#7428=ORIENTED_EDGE('',*,*,#10464,.T.);
#7429=ORIENTED_EDGE('',*,*,#9491,.T.);
#7430=ORIENTED_EDGE('',*,*,#9619,.T.);
#7431=ORIENTED_EDGE('',*,*,#10337,.F.);
#7432=CARTESIAN_POINT('',(1.82,0.0,0.0));
#7433=DIRECTION('',(1.0,0.0,0.0));
#7434=DIRECTION('',(0.0,1.0,0.0));
#7435=ORIENTED_EDGE('',*,*,#10465,.T.);
#7436=ORIENTED_EDGE('',*,*,#10466,.T.);
#7437=ORIENTED_EDGE('',*,*,#10467,.T.);
#7438=ORIENTED_EDGE('',*,*,#10468,.T.);
#7439=ORIENTED_EDGE('',*,*,#10469,.T.);
#7440=ORIENTED_EDGE('',*,*,#10452,.F.);
#7441=CARTESIAN_POINT('',(1.82,0.32,-4.955));
#7442=DIRECTION('',(-0.0,1.0,0.0));
#7443=DIRECTION('',(1.0,0.0,0.0));
#7444=ORIENTED_EDGE('',*,*,#9347,.F.);
#7445=ORIENTED_EDGE('',*,*,#9274,.T.);
#7446=ORIENTED_EDGE('',*,*,#9620,.T.);
#7447=ORIENTED_EDGE('',*,*,#9490,.T.);
#7448=CARTESIAN_POINT('',(1.82,3.43,-3.655));
#7449=DIRECTION('',(1.0,0.0,0.0));
#7450=DIRECTION('',(0.0,1.0,0.0));
#7451=ORIENTED_EDGE('',*,*,#10470,.F.);
#7452=ORIENTED_EDGE('',*,*,#10471,.F.);
#7453=ORIENTED_EDGE('',*,*,#10472,.T.);
#7454=ORIENTED_EDGE('',*,*,#9434,.F.);
#7455=CARTESIAN_POINT('',(1.82,3.43,-3.655));
#7456=DIRECTION('',(1.0,0.0,0.0));
#7457=DIRECTION('',(0.0,1.0,0.0));
#7458=ORIENTED_EDGE('',*,*,#9789,.F.);
#7459=ORIENTED_EDGE('',*,*,#9278,.F.);
#7460=ORIENTED_EDGE('',*,*,#9586,.F.);
#7461=ORIENTED_EDGE('',*,*,#9438,.F.);
#7462=ORIENTED_EDGE('',*,*,#10473,.F.);
#7463=ORIENTED_EDGE('',*,*,#10474,.F.);
#7464=CARTESIAN_POINT('',(1.82,3.43,-3.655));
#7465=DIRECTION('',(1.0,0.0,0.0));
#7466=DIRECTION('',(0.0,1.0,0.0));
#7467=ORIENTED_EDGE('',*,*,#10475,.T.);
#7468=ORIENTED_EDGE('',*,*,#9436,.F.);
#7469=ORIENTED_EDGE('',*,*,#10469,.F.);
#7470=ORIENTED_EDGE('',*,*,#10476,.F.);
#7471=CARTESIAN_POINT('',(1.82,3.43,-3.655));
#7472=DIRECTION('',(1.0,0.0,0.0));
#7473=DIRECTION('',(0.0,1.0,0.0));
#7474=ORIENTED_EDGE('',*,*,#10472,.F.);
#7475=ORIENTED_EDGE('',*,*,#10477,.F.);
#7476=ORIENTED_EDGE('',*,*,#10478,.F.);
#7477=ORIENTED_EDGE('',*,*,#10479,.T.);
#7478=ORIENTED_EDGE('',*,*,#10480,.F.);
#7479=ORIENTED_EDGE('',*,*,#10450,.F.);
#7480=CARTESIAN_POINT('',(1.82,-0.32,-3.655));
#7481=DIRECTION('',(0.0,-1.0,0.0));
#7482=DIRECTION('',(0.0,0.0,-1.0));
#7483=ORIENTED_EDGE('',*,*,#10480,.T.);
#7484=ORIENTED_EDGE('',*,*,#10481,.T.);
#7485=ORIENTED_EDGE('',*,*,#10465,.F.);
#7486=ORIENTED_EDGE('',*,*,#10451,.F.);
#7487=CARTESIAN_POINT('',(1.82,-0.32,-4.955));
#7488=DIRECTION('',(0.0,0.0,-1.0));
#7489=DIRECTION('',(0.0,-1.0,0.0));
#7490=ORIENTED_EDGE('',*,*,#10466,.F.);
#7491=ORIENTED_EDGE('',*,*,#10481,.F.);
#7492=ORIENTED_EDGE('',*,*,#10479,.F.);
#7493=ORIENTED_EDGE('',*,*,#9431,.T.);
#7494=CARTESIAN_POINT('',(1.18,0.0,0.0));
#7495=DIRECTION('',(1.0,0.0,0.0));
#7496=DIRECTION('',(0.0,1.0,0.0));
#7497=ORIENTED_EDGE('',*,*,#10482,.F.);
#7498=ORIENTED_EDGE('',*,*,#9939,.F.);
#7499=ORIENTED_EDGE('',*,*,#10483,.F.);
#7500=ORIENTED_EDGE('',*,*,#10484,.T.);
#7501=CARTESIAN_POINT('',(1.18,0.0,0.0));
#7502=DIRECTION('',(1.0,0.0,0.0));
#7503=DIRECTION('',(0.0,1.0,0.0));
#7504=ORIENTED_EDGE('',*,*,#10485,.F.);
#7505=ORIENTED_EDGE('',*,*,#9930,.F.);
#7506=ORIENTED_EDGE('',*,*,#10486,.F.);
#7507=ORIENTED_EDGE('',*,*,#10487,.T.);
#7508=CARTESIAN_POINT('',(1.18,0.0,0.0));
#7509=DIRECTION('',(1.0,0.0,0.0));
#7510=DIRECTION('',(0.0,1.0,0.0));
#7511=ORIENTED_EDGE('',*,*,#10488,.F.);
#7512=ORIENTED_EDGE('',*,*,#10489,.F.);
#7513=ORIENTED_EDGE('',*,*,#9429,.T.);
#7514=ORIENTED_EDGE('',*,*,#10490,.F.);
#7515=ORIENTED_EDGE('',*,*,#10491,.F.);
#7516=ORIENTED_EDGE('',*,*,#10492,.T.);
#7517=CARTESIAN_POINT('',(1.18,0.0,0.0));
#7518=DIRECTION('',(1.0,0.0,0.0));
#7519=DIRECTION('',(0.0,1.0,0.0));
#7520=ORIENTED_EDGE('',*,*,#9617,.F.);
#7521=ORIENTED_EDGE('',*,*,#9493,.F.);
#7522=ORIENTED_EDGE('',*,*,#10493,.T.);
#7523=ORIENTED_EDGE('',*,*,#10333,.T.);
#7524=CARTESIAN_POINT('',(1.18,0.0,0.0));
#7525=DIRECTION('',(1.0,0.0,0.0));
#7526=DIRECTION('',(0.0,1.0,0.0));
#7527=ORIENTED_EDGE('',*,*,#10494,.F.);
#7528=ORIENTED_EDGE('',*,*,#10495,.T.);
#7529=ORIENTED_EDGE('',*,*,#10496,.F.);
#7530=ORIENTED_EDGE('',*,*,#10484,.F.);
#7531=CARTESIAN_POINT('',(1.27,1.5,2.055));
#7532=DIRECTION('',(-0.984183323973689,0.0,0.177152998315298));
#7533=DIRECTION('',(0.0,1.0,0.0));
#7534=ORIENTED_EDGE('',*,*,#10497,.T.);
#7535=ORIENTED_EDGE('',*,*,#10496,.T.);
#7536=ORIENTED_EDGE('',*,*,#10498,.F.);
#7537=ORIENTED_EDGE('',*,*,#10499,.T.);
#7538=CARTESIAN_POINT('',(1.5,1.73,2.055));
#7539=DIRECTION('',(0.0,0.984183323973689,0.177152998315298));
#7540=DIRECTION('',(1.0,0.0,-0.0));
#7541=ORIENTED_EDGE('',*,*,#10500,.F.);
#7542=ORIENTED_EDGE('',*,*,#10455,.F.);
#7543=ORIENTED_EDGE('',*,*,#10499,.F.);
#7544=ORIENTED_EDGE('',*,*,#10501,.T.);
#7545=CARTESIAN_POINT('',(1.73,1.5,2.055));
#7546=DIRECTION('',(0.984183323973689,0.0,0.177152998315298));
#7547=DIRECTION('',(0.0,-1.0,0.0));
#7548=ORIENTED_EDGE('',*,*,#10501,.F.);
#7549=ORIENTED_EDGE('',*,*,#10498,.T.);
#7550=ORIENTED_EDGE('',*,*,#10495,.F.);
#7551=ORIENTED_EDGE('',*,*,#10502,.F.);
#7552=CARTESIAN_POINT('',(1.82,1.82,2.555));
#7553=DIRECTION('',(0.0,0.0,1.0));
#7554=DIRECTION('',(1.0,0.0,0.0));
#7555=ORIENTED_EDGE('',*,*,#10494,.T.);
#7556=ORIENTED_EDGE('',*,*,#10503,.F.);
#7557=ORIENTED_EDGE('',*,*,#10500,.T.);
#7558=ORIENTED_EDGE('',*,*,#10502,.T.);
#7559=CARTESIAN_POINT('',(1.5,1.27,2.055));
#7560=DIRECTION('',(0.0,-0.984183323973689,0.177152998315298));
#7561=DIRECTION('',(-1.0,0.0,0.0));
#7562=ORIENTED_EDGE('',*,*,#10483,.T.);
#7563=ORIENTED_EDGE('',*,*,#9938,.T.);
#7564=ORIENTED_EDGE('',*,*,#10453,.F.);
#7565=ORIENTED_EDGE('',*,*,#10503,.T.);
#7566=CARTESIAN_POINT('',(1.82,1.18,2.555));
#7567=DIRECTION('',(0.0,-1.0,0.0));
#7568=DIRECTION('',(0.0,0.0,-1.0));
#7569=ORIENTED_EDGE('',*,*,#10454,.F.);
#7570=ORIENTED_EDGE('',*,*,#9940,.F.);
#7571=ORIENTED_EDGE('',*,*,#10482,.T.);
#7572=ORIENTED_EDGE('',*,*,#10497,.F.);
#7573=CARTESIAN_POINT('',(1.82,1.82,-3.655));
#7574=DIRECTION('',(-0.0,1.0,0.0));
#7575=DIRECTION('',(1.0,0.0,0.0));
#7576=ORIENTED_EDGE('',*,*,#10504,.F.);
#7577=ORIENTED_EDGE('',*,*,#10505,.T.);
#7578=ORIENTED_EDGE('',*,*,#10506,.T.);
#7579=ORIENTED_EDGE('',*,*,#10487,.F.);
#7580=CARTESIAN_POINT('',(1.27,-1.5,2.055));
#7581=DIRECTION('',(-0.984183323973689,0.0,0.177152998315298));
#7582=DIRECTION('',(0.0,1.0,0.0));
#7583=ORIENTED_EDGE('',*,*,#10506,.F.);
#7584=ORIENTED_EDGE('',*,*,#10507,.F.);
#7585=ORIENTED_EDGE('',*,*,#10508,.T.);
#7586=ORIENTED_EDGE('',*,*,#10509,.T.);
#7587=CARTESIAN_POINT('',(1.5,-1.27,2.055));
#7588=DIRECTION('',(0.0,0.984183323973689,0.177152998315298));
#7589=DIRECTION('',(1.0,0.0,-0.0));
#7590=ORIENTED_EDGE('',*,*,#10510,.T.);
#7591=ORIENTED_EDGE('',*,*,#10470,.T.);
#7592=ORIENTED_EDGE('',*,*,#9433,.T.);
#7593=ORIENTED_EDGE('',*,*,#10511,.F.);
#7594=CARTESIAN_POINT('',(1.82,-1.18,-4.285));
#7595=DIRECTION('',(-0.0,1.0,0.0));
#7596=DIRECTION('',(1.0,0.0,0.0));
#7597=ORIENTED_EDGE('',*,*,#10457,.F.);
#7598=ORIENTED_EDGE('',*,*,#9931,.F.);
#7599=ORIENTED_EDGE('',*,*,#10485,.T.);
#7600=ORIENTED_EDGE('',*,*,#10509,.F.);
#7601=CARTESIAN_POINT('',(1.82,-1.18,-4.285));
#7602=DIRECTION('',(-0.0,1.0,0.0));
#7603=DIRECTION('',(1.0,0.0,0.0));
#7604=ORIENTED_EDGE('',*,*,#9616,.F.);
#7605=ORIENTED_EDGE('',*,*,#9280,.F.);
#7606=ORIENTED_EDGE('',*,*,#9349,.T.);
#7607=ORIENTED_EDGE('',*,*,#9494,.F.);
#7608=CARTESIAN_POINT('',(1.18,3.43,-4.955));
#7609=DIRECTION('',(-1.0,0.0,0.0));
#7610=DIRECTION('',(0.0,0.0,1.0));
#7611=ORIENTED_EDGE('',*,*,#10478,.T.);
#7612=ORIENTED_EDGE('',*,*,#10512,.T.);
#7613=ORIENTED_EDGE('',*,*,#10511,.T.);
#7614=ORIENTED_EDGE('',*,*,#9432,.T.);
#7615=CARTESIAN_POINT('',(1.18,3.43,-4.955));
#7616=DIRECTION('',(-1.0,0.0,0.0));
#7617=DIRECTION('',(0.0,0.0,1.0));
#7618=ORIENTED_EDGE('',*,*,#10513,.F.);
#7619=ORIENTED_EDGE('',*,*,#9428,.T.);
#7620=ORIENTED_EDGE('',*,*,#9587,.T.);
#7621=ORIENTED_EDGE('',*,*,#9284,.T.);
#7622=ORIENTED_EDGE('',*,*,#9791,.T.);
#7623=ORIENTED_EDGE('',*,*,#10514,.T.);
#7624=CARTESIAN_POINT('',(1.18,3.43,-4.955));
#7625=DIRECTION('',(-1.0,0.0,0.0));
#7626=DIRECTION('',(0.0,0.0,1.0));
#7627=ORIENTED_EDGE('',*,*,#10467,.F.);
#7628=ORIENTED_EDGE('',*,*,#9430,.T.);
#7629=ORIENTED_EDGE('',*,*,#10515,.T.);
#7630=ORIENTED_EDGE('',*,*,#10516,.T.);
#7631=CARTESIAN_POINT('',(1.18,3.43,-4.955));
#7632=DIRECTION('',(-1.0,0.0,0.0));
#7633=DIRECTION('',(0.0,0.0,1.0));
#7634=ORIENTED_EDGE('',*,*,#9790,.T.);
#7635=ORIENTED_EDGE('',*,*,#10474,.T.);
#7636=ORIENTED_EDGE('',*,*,#10517,.F.);
#7637=ORIENTED_EDGE('',*,*,#10514,.F.);
#7638=CARTESIAN_POINT('',(1.18,3.43,-3.655));
#7639=DIRECTION('',(0.0,0.0,1.0));
#7640=DIRECTION('',(1.0,0.0,0.0));
#7641=ORIENTED_EDGE('',*,*,#10518,.T.);
#7642=ORIENTED_EDGE('',*,*,#10476,.T.);
#7643=ORIENTED_EDGE('',*,*,#10468,.F.);
#7644=ORIENTED_EDGE('',*,*,#10516,.F.);
#7645=CARTESIAN_POINT('',(1.18,3.43,-3.655));
#7646=DIRECTION('',(0.0,0.0,1.0));
#7647=DIRECTION('',(1.0,0.0,0.0));
#7648=ORIENTED_EDGE('',*,*,#10471,.T.);
#7649=ORIENTED_EDGE('',*,*,#10510,.F.);
#7650=ORIENTED_EDGE('',*,*,#10512,.F.);
#7651=ORIENTED_EDGE('',*,*,#10477,.T.);
#7652=CARTESIAN_POINT('',(1.18,3.43,-3.655));
#7653=DIRECTION('',(0.0,0.0,1.0));
#7654=DIRECTION('',(1.0,0.0,0.0));
#7655=ORIENTED_EDGE('',*,*,#10517,.T.);
#7656=ORIENTED_EDGE('',*,*,#10473,.T.);
#7657=ORIENTED_EDGE('',*,*,#10460,.F.);
#7658=ORIENTED_EDGE('',*,*,#10519,.T.);
#7659=ORIENTED_EDGE('',*,*,#10490,.T.);
#7660=ORIENTED_EDGE('',*,*,#10513,.T.);
#7661=CARTESIAN_POINT('',(1.82,1.589,-7.285));
#7662=DIRECTION('',(-0.0,1.0,0.0));
#7663=DIRECTION('',(1.0,0.0,0.0));
#7664=ORIENTED_EDGE('',*,*,#10491,.T.);
#7665=ORIENTED_EDGE('',*,*,#10519,.F.);
#7666=ORIENTED_EDGE('',*,*,#10459,.F.);
#7667=ORIENTED_EDGE('',*,*,#10520,.T.);
#7668=CARTESIAN_POINT('',(1.82,-7.12,-7.285));
#7669=DIRECTION('',(0.0,0.0,-1.0));
#7670=DIRECTION('',(0.0,-1.0,0.0));
#7671=ORIENTED_EDGE('',*,*,#10521,.T.);
#7672=ORIENTED_EDGE('',*,*,#10520,.F.);
#7673=ORIENTED_EDGE('',*,*,#10522,.T.);
#7674=ORIENTED_EDGE('',*,*,#10523,.T.);
#7675=CARTESIAN_POINT('',(1.5,-6.62,-7.195));
#7676=DIRECTION('',(0.0,-0.177152998315298,-0.984183323973689));
#7677=DIRECTION('',(0.0,-0.984183323973689,0.177152998315298));
#7678=ORIENTED_EDGE('',*,*,#10524,.F.);
#7679=ORIENTED_EDGE('',*,*,#10525,.T.);
#7680=ORIENTED_EDGE('',*,*,#10526,.F.);
#7681=ORIENTED_EDGE('',*,*,#10523,.F.);
#7682=CARTESIAN_POINT('',(1.82,-7.12,-6.645));
#7683=DIRECTION('',(0.0,-1.0,0.0));
#7684=DIRECTION('',(0.0,0.0,-1.0));
#7685=ORIENTED_EDGE('',*,*,#10521,.F.);
#7686=ORIENTED_EDGE('',*,*,#10526,.T.);
#7687=ORIENTED_EDGE('',*,*,#10527,.T.);
#7688=ORIENTED_EDGE('',*,*,#10492,.F.);
#7689=CARTESIAN_POINT('',(1.27,-6.62,-6.965));
#7690=DIRECTION('',(-0.984183323973689,-0.177152998315298,0.0));
#7691=DIRECTION('',(-0.177152998315298,0.984183323973689,0.0));
#7692=ORIENTED_EDGE('',*,*,#10527,.F.);
#7693=ORIENTED_EDGE('',*,*,#10525,.F.);
#7694=ORIENTED_EDGE('',*,*,#10528,.T.);
#7695=ORIENTED_EDGE('',*,*,#10529,.T.);
#7696=CARTESIAN_POINT('',(1.5,-6.62,-6.735));
#7697=DIRECTION('',(0.0,-0.177152998315298,0.984183323973689));
#7698=DIRECTION('',(-1.0,0.0,0.0));
#7699=ORIENTED_EDGE('',*,*,#10462,.F.);
#7700=ORIENTED_EDGE('',*,*,#10530,.T.);
#7701=ORIENTED_EDGE('',*,*,#10488,.T.);
#7702=ORIENTED_EDGE('',*,*,#10529,.F.);
#7703=CARTESIAN_POINT('',(1.82,0.949,-6.645));
#7704=DIRECTION('',(0.0,0.0,1.0));
#7705=DIRECTION('',(1.0,0.0,0.0));
#7706=ORIENTED_EDGE('',*,*,#10489,.T.);
#7707=ORIENTED_EDGE('',*,*,#10530,.F.);
#7708=ORIENTED_EDGE('',*,*,#10461,.F.);
#7709=ORIENTED_EDGE('',*,*,#10475,.F.);
#7710=ORIENTED_EDGE('',*,*,#10518,.F.);
#7711=ORIENTED_EDGE('',*,*,#10515,.F.);
#7712=CARTESIAN_POINT('',(1.82,0.949,-3.655));
#7713=DIRECTION('',(0.0,-1.0,0.0));
#7714=DIRECTION('',(0.0,0.0,-1.0));
#7715=ORIENTED_EDGE('',*,*,#10522,.F.);
#7716=ORIENTED_EDGE('',*,*,#10463,.F.);
#7717=ORIENTED_EDGE('',*,*,#10528,.F.);
#7718=ORIENTED_EDGE('',*,*,#10524,.T.);
#7719=CARTESIAN_POINT('',(1.73,-6.62,-6.965));
#7720=DIRECTION('',(0.984183323973689,-0.177152998315298,0.0));
#7721=DIRECTION('',(0.0,0.0,-1.0));
#7722=ORIENTED_EDGE('',*,*,#10531,.F.);
#7723=ORIENTED_EDGE('',*,*,#10458,.F.);
#7724=ORIENTED_EDGE('',*,*,#10508,.F.);
#7725=ORIENTED_EDGE('',*,*,#10532,.T.);
#7726=CARTESIAN_POINT('',(1.73,-1.5,2.055));
#7727=DIRECTION('',(0.984183323973689,0.0,0.177152998315298));
#7728=DIRECTION('',(0.0,-1.0,0.0));
#7729=ORIENTED_EDGE('',*,*,#10532,.F.);
#7730=ORIENTED_EDGE('',*,*,#10507,.T.);
#7731=ORIENTED_EDGE('',*,*,#10505,.F.);
#7732=ORIENTED_EDGE('',*,*,#10533,.F.);
#7733=CARTESIAN_POINT('',(1.82,-1.18,2.555));
#7734=DIRECTION('',(0.0,0.0,1.0));
#7735=DIRECTION('',(1.0,0.0,0.0));
#7736=ORIENTED_EDGE('',*,*,#10504,.T.);
#7737=ORIENTED_EDGE('',*,*,#10534,.F.);
#7738=ORIENTED_EDGE('',*,*,#10531,.T.);
#7739=ORIENTED_EDGE('',*,*,#10533,.T.);
#7740=CARTESIAN_POINT('',(1.5,-1.73,2.055));
#7741=DIRECTION('',(0.0,-0.984183323973689,0.177152998315298));
#7742=DIRECTION('',(-1.0,0.0,0.0));
#7743=ORIENTED_EDGE('',*,*,#10486,.T.);
#7744=ORIENTED_EDGE('',*,*,#9929,.T.);
#7745=ORIENTED_EDGE('',*,*,#10456,.F.);
#7746=ORIENTED_EDGE('',*,*,#10534,.T.);
#7747=CARTESIAN_POINT('',(1.82,-1.82,2.555));
#7748=DIRECTION('',(0.0,-1.0,0.0));
#7749=DIRECTION('',(0.0,0.0,-1.0));
#7750=ORIENTED_EDGE('',*,*,#10493,.F.);
#7751=ORIENTED_EDGE('',*,*,#10535,.F.);
#7752=ORIENTED_EDGE('',*,*,#10536,.T.);
#7753=ORIENTED_EDGE('',*,*,#10537,.T.);
#7754=ORIENTED_EDGE('',*,*,#10334,.F.);
#7755=CARTESIAN_POINT('',(1.27,-6.62,-3.965));
#7756=DIRECTION('',(-0.984183323973689,-0.177152998315298,0.0));
#7757=DIRECTION('',(-0.177152998315298,0.984183323973689,0.0));
#7758=ORIENTED_EDGE('',*,*,#10537,.F.);
#7759=ORIENTED_EDGE('',*,*,#10538,.F.);
#7760=ORIENTED_EDGE('',*,*,#10539,.T.);
#7761=ORIENTED_EDGE('',*,*,#10335,.T.);
#7762=CARTESIAN_POINT('',(1.5,-6.62,-3.735));
#7763=DIRECTION('',(0.0,-0.177152998315298,0.984183323973689));
#7764=DIRECTION('',(-1.0,0.0,0.0));
#7765=ORIENTED_EDGE('',*,*,#10539,.F.);
#7766=ORIENTED_EDGE('',*,*,#10540,.T.);
#7767=ORIENTED_EDGE('',*,*,#10541,.F.);
#7768=ORIENTED_EDGE('',*,*,#10464,.F.);
#7769=ORIENTED_EDGE('',*,*,#10336,.T.);
#7770=CARTESIAN_POINT('',(1.73,-6.62,-3.965));
#7771=DIRECTION('',(0.984183323973689,-0.177152998315298,0.0));
#7772=DIRECTION('',(0.0,0.0,-1.0));
#7773=ORIENTED_EDGE('',*,*,#10542,.T.);
#7774=ORIENTED_EDGE('',*,*,#10535,.T.);
#7775=ORIENTED_EDGE('',*,*,#9492,.F.);
#7776=ORIENTED_EDGE('',*,*,#10541,.T.);
#7777=CARTESIAN_POINT('',(1.5,-6.62,-4.195));
#7778=DIRECTION('',(0.0,-0.177152998315298,-0.984183323973689));
#7779=DIRECTION('',(0.0,-0.984183323973689,0.177152998315298));
#7780=ORIENTED_EDGE('',*,*,#10542,.F.);
#7781=ORIENTED_EDGE('',*,*,#10540,.F.);
#7782=ORIENTED_EDGE('',*,*,#10538,.T.);
#7783=ORIENTED_EDGE('',*,*,#10536,.F.);
#7784=CARTESIAN_POINT('',(1.82,-7.12,-3.645));
#7785=DIRECTION('',(0.0,-1.0,0.0));
#7786=DIRECTION('',(0.0,0.0,-1.0));
#7787=ORIENTED_EDGE('',*,*,#10543,.F.);
#7788=ORIENTED_EDGE('',*,*,#10544,.T.);
#7789=ORIENTED_EDGE('',*,*,#10545,.T.);
#7790=ORIENTED_EDGE('',*,*,#9733,.F.);
#7791=ORIENTED_EDGE('',*,*,#10340,.T.);
#7792=CARTESIAN_POINT('',(-7.27,-6.62,-3.965));
#7793=DIRECTION('',(0.984183323973689,-0.177152998315298,0.0));
#7794=DIRECTION('',(0.0,0.0,-1.0));
#7795=ORIENTED_EDGE('',*,*,#10546,.T.);
#7796=ORIENTED_EDGE('',*,*,#10547,.T.);
#7797=ORIENTED_EDGE('',*,*,#9507,.F.);
#7798=ORIENTED_EDGE('',*,*,#10545,.F.);
#7799=CARTESIAN_POINT('',(-7.5,-6.62,-4.195));
#7800=DIRECTION('',(0.0,-0.177152998315298,-0.984183323973689));
#7801=DIRECTION('',(0.0,-0.984183323973689,0.177152998315298));
#7802=ORIENTED_EDGE('',*,*,#9766,.F.);
#7803=ORIENTED_EDGE('',*,*,#10547,.F.);
#7804=ORIENTED_EDGE('',*,*,#10548,.T.);
#7805=ORIENTED_EDGE('',*,*,#10549,.T.);
#7806=ORIENTED_EDGE('',*,*,#10338,.F.);
#7807=CARTESIAN_POINT('',(-7.73,-6.62,-3.965));
#7808=DIRECTION('',(-0.984183323973689,-0.177152998315298,0.0));
#7809=DIRECTION('',(-0.177152998315298,0.984183323973689,0.0));
#7810=ORIENTED_EDGE('',*,*,#10549,.F.);
#7811=ORIENTED_EDGE('',*,*,#10550,.F.);
#7812=ORIENTED_EDGE('',*,*,#10543,.T.);
#7813=ORIENTED_EDGE('',*,*,#10339,.T.);
#7814=CARTESIAN_POINT('',(-7.5,-6.62,-3.735));
#7815=DIRECTION('',(0.0,-0.177152998315298,0.984183323973689));
#7816=DIRECTION('',(-1.0,0.0,0.0));
#7817=ORIENTED_EDGE('',*,*,#10546,.F.);
#7818=ORIENTED_EDGE('',*,*,#10544,.F.);
#7819=ORIENTED_EDGE('',*,*,#10550,.T.);
#7820=ORIENTED_EDGE('',*,*,#10548,.F.);
#7821=CARTESIAN_POINT('',(-7.18,-7.12,-3.645));
#7822=DIRECTION('',(0.0,-1.0,0.0));
#7823=DIRECTION('',(0.0,0.0,-1.0));
#7824=ORIENTED_EDGE('',*,*,#10551,.F.);
#7825=ORIENTED_EDGE('',*,*,#10552,.T.);
#7826=ORIENTED_EDGE('',*,*,#10553,.T.);
#7827=ORIENTED_EDGE('',*,*,#9856,.F.);
#7828=ORIENTED_EDGE('',*,*,#10343,.T.);
#7829=CARTESIAN_POINT('',(-4.27,-6.62,-3.965));
#7830=DIRECTION('',(0.984183323973689,-0.177152998315298,0.0));
#7831=DIRECTION('',(0.0,0.0,-1.0));
#7832=ORIENTED_EDGE('',*,*,#10554,.T.);
#7833=ORIENTED_EDGE('',*,*,#10555,.T.);
#7834=ORIENTED_EDGE('',*,*,#9502,.F.);
#7835=ORIENTED_EDGE('',*,*,#10553,.F.);
#7836=CARTESIAN_POINT('',(-4.5,-6.62,-4.195));
#7837=DIRECTION('',(0.0,-0.177152998315298,-0.984183323973689));
#7838=DIRECTION('',(0.0,-0.984183323973689,0.177152998315298));
#7839=ORIENTED_EDGE('',*,*,#9826,.F.);
#7840=ORIENTED_EDGE('',*,*,#10555,.F.);
#7841=ORIENTED_EDGE('',*,*,#10556,.T.);
#7842=ORIENTED_EDGE('',*,*,#10557,.T.);
#7843=ORIENTED_EDGE('',*,*,#10341,.F.);
#7844=CARTESIAN_POINT('',(-4.73,-6.62,-3.965));
#7845=DIRECTION('',(-0.984183323973689,-0.177152998315298,0.0));
#7846=DIRECTION('',(-0.177152998315298,0.984183323973689,0.0));
#7847=ORIENTED_EDGE('',*,*,#10557,.F.);
#7848=ORIENTED_EDGE('',*,*,#10558,.F.);
#7849=ORIENTED_EDGE('',*,*,#10551,.T.);
#7850=ORIENTED_EDGE('',*,*,#10342,.T.);
#7851=CARTESIAN_POINT('',(-4.5,-6.62,-3.735));
#7852=DIRECTION('',(0.0,-0.177152998315298,0.984183323973689));
#7853=DIRECTION('',(-1.0,0.0,0.0));
#7854=ORIENTED_EDGE('',*,*,#10554,.F.);
#7855=ORIENTED_EDGE('',*,*,#10552,.F.);
#7856=ORIENTED_EDGE('',*,*,#10558,.T.);
#7857=ORIENTED_EDGE('',*,*,#10556,.F.);
#7858=CARTESIAN_POINT('',(-4.18,-7.12,-3.645));
#7859=DIRECTION('',(0.0,-1.0,0.0));
#7860=DIRECTION('',(0.0,0.0,-1.0));
#7861=ORIENTED_EDGE('',*,*,#10559,.T.);
#7862=ORIENTED_EDGE('',*,*,#10560,.T.);
#7863=ORIENTED_EDGE('',*,*,#10561,.T.);
#7864=ORIENTED_EDGE('',*,*,#9423,.F.);
#7865=CARTESIAN_POINT('',(-1.18,0.0,0.0));
#7866=DIRECTION('',(1.0,0.0,0.0));
#7867=DIRECTION('',(0.0,1.0,0.0));
#7868=ORIENTED_EDGE('',*,*,#10562,.T.);
#7869=ORIENTED_EDGE('',*,*,#9959,.T.);
#7870=ORIENTED_EDGE('',*,*,#10563,.T.);
#7871=ORIENTED_EDGE('',*,*,#10564,.T.);
#7872=CARTESIAN_POINT('',(-1.18,0.0,0.0));
#7873=DIRECTION('',(1.0,0.0,0.0));
#7874=DIRECTION('',(0.0,1.0,0.0));
#7875=ORIENTED_EDGE('',*,*,#10565,.T.);
#7876=ORIENTED_EDGE('',*,*,#9950,.T.);
#7877=ORIENTED_EDGE('',*,*,#10566,.T.);
#7878=ORIENTED_EDGE('',*,*,#10567,.T.);
#7879=CARTESIAN_POINT('',(-1.18,0.0,0.0));
#7880=DIRECTION('',(1.0,0.0,0.0));
#7881=DIRECTION('',(0.0,1.0,0.0));
#7882=ORIENTED_EDGE('',*,*,#10568,.T.);
#7883=ORIENTED_EDGE('',*,*,#10569,.T.);
#7884=ORIENTED_EDGE('',*,*,#9425,.F.);
#7885=ORIENTED_EDGE('',*,*,#10570,.T.);
#7886=ORIENTED_EDGE('',*,*,#10571,.T.);
#7887=ORIENTED_EDGE('',*,*,#10572,.T.);
#7888=CARTESIAN_POINT('',(-1.18,0.0,0.0));
#7889=DIRECTION('',(1.0,0.0,0.0));
#7890=DIRECTION('',(0.0,1.0,0.0));
#7891=ORIENTED_EDGE('',*,*,#10573,.T.);
#7892=ORIENTED_EDGE('',*,*,#9496,.T.);
#7893=ORIENTED_EDGE('',*,*,#9614,.T.);
#7894=ORIENTED_EDGE('',*,*,#10348,.F.);
#7895=CARTESIAN_POINT('',(-1.18,0.0,0.0));
#7896=DIRECTION('',(1.0,0.0,0.0));
#7897=DIRECTION('',(0.0,1.0,0.0));
#7898=ORIENTED_EDGE('',*,*,#10574,.T.);
#7899=ORIENTED_EDGE('',*,*,#10575,.T.);
#7900=ORIENTED_EDGE('',*,*,#10576,.T.);
#7901=ORIENTED_EDGE('',*,*,#10577,.T.);
#7902=ORIENTED_EDGE('',*,*,#10578,.T.);
#7903=ORIENTED_EDGE('',*,*,#10561,.F.);
#7904=CARTESIAN_POINT('',(-1.18,0.32,-4.955));
#7905=DIRECTION('',(-0.0,1.0,0.0));
#7906=DIRECTION('',(1.0,0.0,0.0));
#7907=ORIENTED_EDGE('',*,*,#9350,.F.);
#7908=ORIENTED_EDGE('',*,*,#9282,.T.);
#7909=ORIENTED_EDGE('',*,*,#9615,.T.);
#7910=ORIENTED_EDGE('',*,*,#9495,.T.);
#7911=CARTESIAN_POINT('',(-1.18,3.43,-3.655));
#7912=DIRECTION('',(1.0,0.0,0.0));
#7913=DIRECTION('',(0.0,1.0,0.0));
#7914=ORIENTED_EDGE('',*,*,#10579,.F.);
#7915=ORIENTED_EDGE('',*,*,#10580,.F.);
#7916=ORIENTED_EDGE('',*,*,#10581,.T.);
#7917=ORIENTED_EDGE('',*,*,#9422,.F.);
#7918=CARTESIAN_POINT('',(-1.18,3.43,-3.655));
#7919=DIRECTION('',(1.0,0.0,0.0));
#7920=DIRECTION('',(0.0,1.0,0.0));
#7921=ORIENTED_EDGE('',*,*,#9792,.F.);
#7922=ORIENTED_EDGE('',*,*,#9286,.F.);
#7923=ORIENTED_EDGE('',*,*,#9588,.F.);
#7924=ORIENTED_EDGE('',*,*,#9426,.F.);
#7925=ORIENTED_EDGE('',*,*,#10582,.F.);
#7926=ORIENTED_EDGE('',*,*,#10583,.F.);
#7927=CARTESIAN_POINT('',(-1.18,3.43,-3.655));
#7928=DIRECTION('',(1.0,0.0,0.0));
#7929=DIRECTION('',(0.0,1.0,0.0));
#7930=ORIENTED_EDGE('',*,*,#10584,.T.);
#7931=ORIENTED_EDGE('',*,*,#9424,.F.);
#7932=ORIENTED_EDGE('',*,*,#10578,.F.);
#7933=ORIENTED_EDGE('',*,*,#10585,.F.);
#7934=CARTESIAN_POINT('',(-1.18,3.43,-3.655));
#7935=DIRECTION('',(1.0,0.0,0.0));
#7936=DIRECTION('',(0.0,1.0,0.0));
#7937=ORIENTED_EDGE('',*,*,#10581,.F.);
#7938=ORIENTED_EDGE('',*,*,#10586,.F.);
#7939=ORIENTED_EDGE('',*,*,#10587,.F.);
#7940=ORIENTED_EDGE('',*,*,#10588,.T.);
#7941=ORIENTED_EDGE('',*,*,#10589,.F.);
#7942=ORIENTED_EDGE('',*,*,#10559,.F.);
#7943=CARTESIAN_POINT('',(-1.18,-0.32,-3.655));
#7944=DIRECTION('',(0.0,-1.0,0.0));
#7945=DIRECTION('',(0.0,0.0,-1.0));
#7946=ORIENTED_EDGE('',*,*,#10589,.T.);
#7947=ORIENTED_EDGE('',*,*,#10590,.T.);
#7948=ORIENTED_EDGE('',*,*,#10574,.F.);
#7949=ORIENTED_EDGE('',*,*,#10560,.F.);
#7950=CARTESIAN_POINT('',(-1.18,-0.32,-4.955));
#7951=DIRECTION('',(0.0,0.0,-1.0));
#7952=DIRECTION('',(0.0,-1.0,0.0));
#7953=ORIENTED_EDGE('',*,*,#10575,.F.);
#7954=ORIENTED_EDGE('',*,*,#10590,.F.);
#7955=ORIENTED_EDGE('',*,*,#10588,.F.);
#7956=ORIENTED_EDGE('',*,*,#9419,.T.);
#7957=CARTESIAN_POINT('',(-1.82,0.0,0.0));
#7958=DIRECTION('',(1.0,0.0,0.0));
#7959=DIRECTION('',(0.0,1.0,0.0));
#7960=ORIENTED_EDGE('',*,*,#10591,.F.);
#7961=ORIENTED_EDGE('',*,*,#9957,.F.);
#7962=ORIENTED_EDGE('',*,*,#10592,.F.);
#7963=ORIENTED_EDGE('',*,*,#10593,.T.);
#7964=CARTESIAN_POINT('',(-1.82,0.0,0.0));
#7965=DIRECTION('',(1.0,0.0,0.0));
#7966=DIRECTION('',(0.0,1.0,0.0));
#7967=ORIENTED_EDGE('',*,*,#10594,.F.);
#7968=ORIENTED_EDGE('',*,*,#9948,.F.);
#7969=ORIENTED_EDGE('',*,*,#10595,.F.);
#7970=ORIENTED_EDGE('',*,*,#10596,.T.);
#7971=CARTESIAN_POINT('',(-1.82,0.0,0.0));
#7972=DIRECTION('',(1.0,0.0,0.0));
#7973=DIRECTION('',(0.0,1.0,0.0));
#7974=ORIENTED_EDGE('',*,*,#10597,.F.);
#7975=ORIENTED_EDGE('',*,*,#10598,.F.);
#7976=ORIENTED_EDGE('',*,*,#9417,.T.);
#7977=ORIENTED_EDGE('',*,*,#10599,.F.);
#7978=ORIENTED_EDGE('',*,*,#10600,.F.);
#7979=ORIENTED_EDGE('',*,*,#10601,.T.);
#7980=CARTESIAN_POINT('',(-1.82,0.0,0.0));
#7981=DIRECTION('',(1.0,0.0,0.0));
#7982=DIRECTION('',(0.0,1.0,0.0));
#7983=ORIENTED_EDGE('',*,*,#9612,.F.);
#7984=ORIENTED_EDGE('',*,*,#9498,.F.);
#7985=ORIENTED_EDGE('',*,*,#10602,.T.);
#7986=ORIENTED_EDGE('',*,*,#10344,.T.);
#7987=CARTESIAN_POINT('',(-1.82,0.0,0.0));
#7988=DIRECTION('',(1.0,0.0,0.0));
#7989=DIRECTION('',(0.0,1.0,0.0));
#7990=ORIENTED_EDGE('',*,*,#10603,.F.);
#7991=ORIENTED_EDGE('',*,*,#10604,.T.);
#7992=ORIENTED_EDGE('',*,*,#10605,.F.);
#7993=ORIENTED_EDGE('',*,*,#10593,.F.);
#7994=CARTESIAN_POINT('',(-1.73,1.5,2.055));
#7995=DIRECTION('',(-0.984183323973689,0.0,0.177152998315298));
#7996=DIRECTION('',(0.0,1.0,0.0));
#7997=ORIENTED_EDGE('',*,*,#10606,.T.);
#7998=ORIENTED_EDGE('',*,*,#10605,.T.);
#7999=ORIENTED_EDGE('',*,*,#10607,.F.);
#8000=ORIENTED_EDGE('',*,*,#10608,.T.);
#8001=CARTESIAN_POINT('',(-1.5,1.73,2.055));
#8002=DIRECTION('',(0.0,0.984183323973689,0.177152998315298));
#8003=DIRECTION('',(1.0,0.0,-0.0));
#8004=ORIENTED_EDGE('',*,*,#10609,.F.);
#8005=ORIENTED_EDGE('',*,*,#10564,.F.);
#8006=ORIENTED_EDGE('',*,*,#10608,.F.);
#8007=ORIENTED_EDGE('',*,*,#10610,.T.);
#8008=CARTESIAN_POINT('',(-1.27,1.5,2.055));
#8009=DIRECTION('',(0.984183323973689,0.0,0.177152998315298));
#8010=DIRECTION('',(0.0,-1.0,0.0));
#8011=ORIENTED_EDGE('',*,*,#10610,.F.);
#8012=ORIENTED_EDGE('',*,*,#10607,.T.);
#8013=ORIENTED_EDGE('',*,*,#10604,.F.);
#8014=ORIENTED_EDGE('',*,*,#10611,.F.);
#8015=CARTESIAN_POINT('',(-1.18,1.82,2.555));
#8016=DIRECTION('',(0.0,0.0,1.0));
#8017=DIRECTION('',(1.0,0.0,0.0));
#8018=ORIENTED_EDGE('',*,*,#10603,.T.);
#8019=ORIENTED_EDGE('',*,*,#10612,.F.);
#8020=ORIENTED_EDGE('',*,*,#10609,.T.);
#8021=ORIENTED_EDGE('',*,*,#10611,.T.);
#8022=CARTESIAN_POINT('',(-1.5,1.27,2.055));
#8023=DIRECTION('',(0.0,-0.984183323973689,0.177152998315298));
#8024=DIRECTION('',(-1.0,0.0,0.0));
#8025=ORIENTED_EDGE('',*,*,#10592,.T.);
#8026=ORIENTED_EDGE('',*,*,#9956,.T.);
#8027=ORIENTED_EDGE('',*,*,#10562,.F.);
#8028=ORIENTED_EDGE('',*,*,#10612,.T.);
#8029=CARTESIAN_POINT('',(-1.18,1.18,2.555));
#8030=DIRECTION('',(0.0,-1.0,0.0));
#8031=DIRECTION('',(0.0,0.0,-1.0));
#8032=ORIENTED_EDGE('',*,*,#10563,.F.);
#8033=ORIENTED_EDGE('',*,*,#9958,.F.);
#8034=ORIENTED_EDGE('',*,*,#10591,.T.);
#8035=ORIENTED_EDGE('',*,*,#10606,.F.);
#8036=CARTESIAN_POINT('',(-1.18,1.82,-3.655));
#8037=DIRECTION('',(-0.0,1.0,0.0));
#8038=DIRECTION('',(1.0,0.0,0.0));
#8039=ORIENTED_EDGE('',*,*,#10613,.F.);
#8040=ORIENTED_EDGE('',*,*,#10614,.T.);
#8041=ORIENTED_EDGE('',*,*,#10615,.T.);
#8042=ORIENTED_EDGE('',*,*,#10596,.F.);
#8043=CARTESIAN_POINT('',(-1.73,-1.5,2.055));
#8044=DIRECTION('',(-0.984183323973689,0.0,0.177152998315298));
#8045=DIRECTION('',(0.0,1.0,0.0));
#8046=ORIENTED_EDGE('',*,*,#10615,.F.);
#8047=ORIENTED_EDGE('',*,*,#10616,.F.);
#8048=ORIENTED_EDGE('',*,*,#10617,.T.);
#8049=ORIENTED_EDGE('',*,*,#10618,.T.);
#8050=CARTESIAN_POINT('',(-1.5,-1.27,2.055));
#8051=DIRECTION('',(0.0,0.984183323973689,0.177152998315298));
#8052=DIRECTION('',(1.0,0.0,-0.0));
#8053=ORIENTED_EDGE('',*,*,#10619,.T.);
#8054=ORIENTED_EDGE('',*,*,#10579,.T.);
#8055=ORIENTED_EDGE('',*,*,#9421,.T.);
#8056=ORIENTED_EDGE('',*,*,#10620,.F.);
#8057=CARTESIAN_POINT('',(-1.18,-1.18,-4.285));
#8058=DIRECTION('',(-0.0,1.0,0.0));
#8059=DIRECTION('',(1.0,0.0,0.0));
#8060=ORIENTED_EDGE('',*,*,#10566,.F.);
#8061=ORIENTED_EDGE('',*,*,#9949,.F.);
#8062=ORIENTED_EDGE('',*,*,#10594,.T.);
#8063=ORIENTED_EDGE('',*,*,#10618,.F.);
#8064=CARTESIAN_POINT('',(-1.18,-1.18,-4.285));
#8065=DIRECTION('',(-0.0,1.0,0.0));
#8066=DIRECTION('',(1.0,0.0,0.0));
#8067=ORIENTED_EDGE('',*,*,#9611,.F.);
#8068=ORIENTED_EDGE('',*,*,#9288,.F.);
#8069=ORIENTED_EDGE('',*,*,#9352,.T.);
#8070=ORIENTED_EDGE('',*,*,#9499,.F.);
#8071=CARTESIAN_POINT('',(-1.82,3.43,-4.955));
#8072=DIRECTION('',(-1.0,0.0,0.0));
#8073=DIRECTION('',(0.0,0.0,1.0));
#8074=ORIENTED_EDGE('',*,*,#10587,.T.);
#8075=ORIENTED_EDGE('',*,*,#10621,.T.);
#8076=ORIENTED_EDGE('',*,*,#10620,.T.);
#8077=ORIENTED_EDGE('',*,*,#9420,.T.);
#8078=CARTESIAN_POINT('',(-1.82,3.43,-4.955));
#8079=DIRECTION('',(-1.0,0.0,0.0));
#8080=DIRECTION('',(0.0,0.0,1.0));
#8081=ORIENTED_EDGE('',*,*,#10622,.F.);
#8082=ORIENTED_EDGE('',*,*,#9416,.T.);
#8083=ORIENTED_EDGE('',*,*,#9589,.T.);
#8084=ORIENTED_EDGE('',*,*,#9292,.T.);
#8085=ORIENTED_EDGE('',*,*,#9794,.T.);
#8086=ORIENTED_EDGE('',*,*,#10623,.T.);
#8087=CARTESIAN_POINT('',(-1.82,3.43,-4.955));
#8088=DIRECTION('',(-1.0,0.0,0.0));
#8089=DIRECTION('',(0.0,0.0,1.0));
#8090=ORIENTED_EDGE('',*,*,#10576,.F.);
#8091=ORIENTED_EDGE('',*,*,#9418,.T.);
#8092=ORIENTED_EDGE('',*,*,#10624,.T.);
#8093=ORIENTED_EDGE('',*,*,#10625,.T.);
#8094=CARTESIAN_POINT('',(-1.82,3.43,-4.955));
#8095=DIRECTION('',(-1.0,0.0,0.0));
#8096=DIRECTION('',(0.0,0.0,1.0));
#8097=ORIENTED_EDGE('',*,*,#9793,.T.);
#8098=ORIENTED_EDGE('',*,*,#10583,.T.);
#8099=ORIENTED_EDGE('',*,*,#10626,.F.);
#8100=ORIENTED_EDGE('',*,*,#10623,.F.);
#8101=CARTESIAN_POINT('',(-1.82,3.43,-3.655));
#8102=DIRECTION('',(0.0,0.0,1.0));
#8103=DIRECTION('',(1.0,0.0,0.0));
#8104=ORIENTED_EDGE('',*,*,#10627,.T.);
#8105=ORIENTED_EDGE('',*,*,#10585,.T.);
#8106=ORIENTED_EDGE('',*,*,#10577,.F.);
#8107=ORIENTED_EDGE('',*,*,#10625,.F.);
#8108=CARTESIAN_POINT('',(-1.82,3.43,-3.655));
#8109=DIRECTION('',(0.0,0.0,1.0));
#8110=DIRECTION('',(1.0,0.0,0.0));
#8111=ORIENTED_EDGE('',*,*,#10580,.T.);
#8112=ORIENTED_EDGE('',*,*,#10619,.F.);
#8113=ORIENTED_EDGE('',*,*,#10621,.F.);
#8114=ORIENTED_EDGE('',*,*,#10586,.T.);
#8115=CARTESIAN_POINT('',(-1.82,3.43,-3.655));
#8116=DIRECTION('',(0.0,0.0,1.0));
#8117=DIRECTION('',(1.0,0.0,0.0));
#8118=ORIENTED_EDGE('',*,*,#10626,.T.);
#8119=ORIENTED_EDGE('',*,*,#10582,.T.);
#8120=ORIENTED_EDGE('',*,*,#10569,.F.);
#8121=ORIENTED_EDGE('',*,*,#10628,.T.);
#8122=ORIENTED_EDGE('',*,*,#10599,.T.);
#8123=ORIENTED_EDGE('',*,*,#10622,.T.);
#8124=CARTESIAN_POINT('',(-1.18,1.589,-7.285));
#8125=DIRECTION('',(-0.0,1.0,0.0));
#8126=DIRECTION('',(1.0,0.0,0.0));
#8127=ORIENTED_EDGE('',*,*,#10600,.T.);
#8128=ORIENTED_EDGE('',*,*,#10628,.F.);
#8129=ORIENTED_EDGE('',*,*,#10568,.F.);
#8130=ORIENTED_EDGE('',*,*,#10629,.T.);
#8131=CARTESIAN_POINT('',(-1.18,-7.12,-7.285));
#8132=DIRECTION('',(0.0,0.0,-1.0));
#8133=DIRECTION('',(0.0,-1.0,0.0));
#8134=ORIENTED_EDGE('',*,*,#10630,.T.);
#8135=ORIENTED_EDGE('',*,*,#10629,.F.);
#8136=ORIENTED_EDGE('',*,*,#10631,.T.);
#8137=ORIENTED_EDGE('',*,*,#10632,.T.);
#8138=CARTESIAN_POINT('',(-1.5,-6.62,-7.195));
#8139=DIRECTION('',(0.0,-0.177152998315298,-0.984183323973689));
#8140=DIRECTION('',(0.0,-0.984183323973689,0.177152998315298));
#8141=ORIENTED_EDGE('',*,*,#10633,.F.);
#8142=ORIENTED_EDGE('',*,*,#10634,.T.);
#8143=ORIENTED_EDGE('',*,*,#10635,.F.);
#8144=ORIENTED_EDGE('',*,*,#10632,.F.);
#8145=CARTESIAN_POINT('',(-1.18,-7.12,-6.645));
#8146=DIRECTION('',(0.0,-1.0,0.0));
#8147=DIRECTION('',(0.0,0.0,-1.0));
#8148=ORIENTED_EDGE('',*,*,#10630,.F.);
#8149=ORIENTED_EDGE('',*,*,#10635,.T.);
#8150=ORIENTED_EDGE('',*,*,#10636,.T.);
#8151=ORIENTED_EDGE('',*,*,#10601,.F.);
#8152=CARTESIAN_POINT('',(-1.73,-6.62,-6.965));
#8153=DIRECTION('',(-0.984183323973689,-0.177152998315298,0.0));
#8154=DIRECTION('',(-0.177152998315298,0.984183323973689,0.0));
#8155=ORIENTED_EDGE('',*,*,#10636,.F.);
#8156=ORIENTED_EDGE('',*,*,#10634,.F.);
#8157=ORIENTED_EDGE('',*,*,#10637,.T.);
#8158=ORIENTED_EDGE('',*,*,#10638,.T.);
#8159=CARTESIAN_POINT('',(-1.5,-6.62,-6.735));
#8160=DIRECTION('',(0.0,-0.177152998315298,0.984183323973689));
#8161=DIRECTION('',(-1.0,0.0,0.0));
#8162=ORIENTED_EDGE('',*,*,#10571,.F.);
#8163=ORIENTED_EDGE('',*,*,#10639,.T.);
#8164=ORIENTED_EDGE('',*,*,#10597,.T.);
#8165=ORIENTED_EDGE('',*,*,#10638,.F.);
#8166=CARTESIAN_POINT('',(-1.18,0.949,-6.645));
#8167=DIRECTION('',(0.0,0.0,1.0));
#8168=DIRECTION('',(1.0,0.0,0.0));
#8169=ORIENTED_EDGE('',*,*,#10598,.T.);
#8170=ORIENTED_EDGE('',*,*,#10639,.F.);
#8171=ORIENTED_EDGE('',*,*,#10570,.F.);
#8172=ORIENTED_EDGE('',*,*,#10584,.F.);
#8173=ORIENTED_EDGE('',*,*,#10627,.F.);
#8174=ORIENTED_EDGE('',*,*,#10624,.F.);
#8175=CARTESIAN_POINT('',(-1.18,0.949,-3.655));
#8176=DIRECTION('',(0.0,-1.0,0.0));
#8177=DIRECTION('',(0.0,0.0,-1.0));
#8178=ORIENTED_EDGE('',*,*,#10631,.F.);
#8179=ORIENTED_EDGE('',*,*,#10572,.F.);
#8180=ORIENTED_EDGE('',*,*,#10637,.F.);
#8181=ORIENTED_EDGE('',*,*,#10633,.T.);
#8182=CARTESIAN_POINT('',(-1.27,-6.62,-6.965));
#8183=DIRECTION('',(0.984183323973689,-0.177152998315298,0.0));
#8184=DIRECTION('',(0.0,0.0,-1.0));
#8185=ORIENTED_EDGE('',*,*,#10640,.F.);
#8186=ORIENTED_EDGE('',*,*,#10567,.F.);
#8187=ORIENTED_EDGE('',*,*,#10617,.F.);
#8188=ORIENTED_EDGE('',*,*,#10641,.T.);
#8189=CARTESIAN_POINT('',(-1.27,-1.5,2.055));
#8190=DIRECTION('',(0.984183323973689,0.0,0.177152998315298));
#8191=DIRECTION('',(0.0,-1.0,0.0));
#8192=ORIENTED_EDGE('',*,*,#10641,.F.);
#8193=ORIENTED_EDGE('',*,*,#10616,.T.);
#8194=ORIENTED_EDGE('',*,*,#10614,.F.);
#8195=ORIENTED_EDGE('',*,*,#10642,.F.);
#8196=CARTESIAN_POINT('',(-1.18,-1.18,2.555));
#8197=DIRECTION('',(0.0,0.0,1.0));
#8198=DIRECTION('',(1.0,0.0,0.0));
#8199=ORIENTED_EDGE('',*,*,#10613,.T.);
#8200=ORIENTED_EDGE('',*,*,#10643,.F.);
#8201=ORIENTED_EDGE('',*,*,#10640,.T.);
#8202=ORIENTED_EDGE('',*,*,#10642,.T.);
#8203=CARTESIAN_POINT('',(-1.5,-1.73,2.055));
#8204=DIRECTION('',(0.0,-0.984183323973689,0.177152998315298));
#8205=DIRECTION('',(-1.0,0.0,0.0));
#8206=ORIENTED_EDGE('',*,*,#10595,.T.);
#8207=ORIENTED_EDGE('',*,*,#9947,.T.);
#8208=ORIENTED_EDGE('',*,*,#10565,.F.);
#8209=ORIENTED_EDGE('',*,*,#10643,.T.);
#8210=CARTESIAN_POINT('',(-1.18,-1.82,2.555));
#8211=DIRECTION('',(0.0,-1.0,0.0));
#8212=DIRECTION('',(0.0,0.0,-1.0));
#8213=ORIENTED_EDGE('',*,*,#10602,.F.);
#8214=ORIENTED_EDGE('',*,*,#10644,.F.);
#8215=ORIENTED_EDGE('',*,*,#10645,.T.);
#8216=ORIENTED_EDGE('',*,*,#10646,.T.);
#8217=ORIENTED_EDGE('',*,*,#10345,.F.);
#8218=CARTESIAN_POINT('',(-1.73,-6.62,-3.965));
#8219=DIRECTION('',(-0.984183323973689,-0.177152998315298,0.0));
#8220=DIRECTION('',(-0.177152998315298,0.984183323973689,0.0));
#8221=ORIENTED_EDGE('',*,*,#10646,.F.);
#8222=ORIENTED_EDGE('',*,*,#10647,.F.);
#8223=ORIENTED_EDGE('',*,*,#10648,.T.);
#8224=ORIENTED_EDGE('',*,*,#10346,.T.);
#8225=CARTESIAN_POINT('',(-1.5,-6.62,-3.735));
#8226=DIRECTION('',(0.0,-0.177152998315298,0.984183323973689));
#8227=DIRECTION('',(-1.0,0.0,0.0));
#8228=ORIENTED_EDGE('',*,*,#10648,.F.);
#8229=ORIENTED_EDGE('',*,*,#10649,.T.);
#8230=ORIENTED_EDGE('',*,*,#10650,.F.);
#8231=ORIENTED_EDGE('',*,*,#10573,.F.);
#8232=ORIENTED_EDGE('',*,*,#10347,.T.);
#8233=CARTESIAN_POINT('',(-1.27,-6.62,-3.965));
#8234=DIRECTION('',(0.984183323973689,-0.177152998315298,0.0));
#8235=DIRECTION('',(0.0,0.0,-1.0));
#8236=ORIENTED_EDGE('',*,*,#10651,.T.);
#8237=ORIENTED_EDGE('',*,*,#10644,.T.);
#8238=ORIENTED_EDGE('',*,*,#9497,.F.);
#8239=ORIENTED_EDGE('',*,*,#10650,.T.);
#8240=CARTESIAN_POINT('',(-1.5,-6.62,-4.195));
#8241=DIRECTION('',(0.0,-0.177152998315298,-0.984183323973689));
#8242=DIRECTION('',(0.0,-0.984183323973689,0.177152998315298));
#8243=ORIENTED_EDGE('',*,*,#10651,.F.);
#8244=ORIENTED_EDGE('',*,*,#10649,.F.);
#8245=ORIENTED_EDGE('',*,*,#10647,.T.);
#8246=ORIENTED_EDGE('',*,*,#10645,.F.);
#8247=CARTESIAN_POINT('',(-1.18,-7.12,-3.645));
#8248=DIRECTION('',(0.0,-1.0,0.0));
#8249=DIRECTION('',(0.0,0.0,-1.0));
#8250=ORIENTED_EDGE('',*,*,#9837,.T.);
#8251=ORIENTED_EDGE('',*,*,#9840,.T.);
#8252=ORIENTED_EDGE('',*,*,#9409,.T.);
#8253=ORIENTED_EDGE('',*,*,#9805,.F.);
#8254=CARTESIAN_POINT('',(-4.18,-1.18,-4.285));
#8255=DIRECTION('',(-0.0,1.0,0.0));
#8256=DIRECTION('',(1.0,0.0,0.0));
#8257=ORIENTED_EDGE('',*,*,#9851,.F.);
#8258=ORIENTED_EDGE('',*,*,#9965,.F.);
#8259=ORIENTED_EDGE('',*,*,#9818,.T.);
#8260=ORIENTED_EDGE('',*,*,#10652,.F.);
#8261=CARTESIAN_POINT('',(-4.18,-1.18,-4.285));
#8262=DIRECTION('',(-0.0,1.0,0.0));
#8263=DIRECTION('',(1.0,0.0,0.0));
#8264=ORIENTED_EDGE('',*,*,#10652,.T.);
#8265=ORIENTED_EDGE('',*,*,#10653,.F.);
#8266=ORIENTED_EDGE('',*,*,#10654,.F.);
#8267=ORIENTED_EDGE('',*,*,#10655,.T.);
#8268=CARTESIAN_POINT('',(-4.5,-1.27,2.055));
#8269=DIRECTION('',(0.0,0.984183323973689,0.177152998315298));
#8270=DIRECTION('',(1.0,0.0,-0.0));
#8271=ORIENTED_EDGE('',*,*,#10656,.T.);
#8272=ORIENTED_EDGE('',*,*,#10657,.F.);
#8273=ORIENTED_EDGE('',*,*,#9852,.F.);
#8274=ORIENTED_EDGE('',*,*,#10655,.F.);
#8275=CARTESIAN_POINT('',(-4.27,-1.5,2.055));
#8276=DIRECTION('',(0.984183323973689,0.0,0.177152998315298));
#8277=DIRECTION('',(0.0,-1.0,0.0));
#8278=ORIENTED_EDGE('',*,*,#10658,.T.);
#8279=ORIENTED_EDGE('',*,*,#10659,.T.);
#8280=ORIENTED_EDGE('',*,*,#10660,.F.);
#8281=ORIENTED_EDGE('',*,*,#10657,.T.);
#8282=CARTESIAN_POINT('',(-4.5,-1.73,2.055));
#8283=DIRECTION('',(0.0,-0.984183323973689,0.177152998315298));
#8284=DIRECTION('',(-1.0,0.0,0.0));
#8285=ORIENTED_EDGE('',*,*,#9820,.T.);
#8286=ORIENTED_EDGE('',*,*,#9964,.T.);
#8287=ORIENTED_EDGE('',*,*,#9849,.F.);
#8288=ORIENTED_EDGE('',*,*,#10660,.T.);
#8289=CARTESIAN_POINT('',(-4.18,-1.82,2.555));
#8290=DIRECTION('',(0.0,-1.0,0.0));
#8291=DIRECTION('',(0.0,0.0,-1.0));
#8292=ORIENTED_EDGE('',*,*,#9821,.F.);
#8293=ORIENTED_EDGE('',*,*,#10659,.F.);
#8294=ORIENTED_EDGE('',*,*,#10661,.T.);
#8295=ORIENTED_EDGE('',*,*,#10653,.T.);
#8296=CARTESIAN_POINT('',(-4.73,-1.5,2.055));
#8297=DIRECTION('',(-0.984183323973689,0.0,0.177152998315298));
#8298=DIRECTION('',(0.0,1.0,0.0));
#8299=ORIENTED_EDGE('',*,*,#10656,.F.);
#8300=ORIENTED_EDGE('',*,*,#10654,.T.);
#8301=ORIENTED_EDGE('',*,*,#10661,.F.);
#8302=ORIENTED_EDGE('',*,*,#10658,.F.);
#8303=CARTESIAN_POINT('',(-4.18,-1.18,2.555));
#8304=DIRECTION('',(0.0,0.0,1.0));
#8305=DIRECTION('',(1.0,0.0,0.0));
#8306=ORIENTED_EDGE('',*,*,#9847,.F.);
#8307=ORIENTED_EDGE('',*,*,#9971,.F.);
#8308=ORIENTED_EDGE('',*,*,#9814,.T.);
#8309=ORIENTED_EDGE('',*,*,#9862,.F.);
#8310=CARTESIAN_POINT('',(-4.18,1.82,-3.655));
#8311=DIRECTION('',(-0.0,1.0,0.0));
#8312=DIRECTION('',(1.0,0.0,0.0));
#8313=ORIENTED_EDGE('',*,*,#9776,.T.);
#8314=ORIENTED_EDGE('',*,*,#9779,.T.);
#8315=ORIENTED_EDGE('',*,*,#9397,.T.);
#8316=ORIENTED_EDGE('',*,*,#9747,.F.);
#8317=CARTESIAN_POINT('',(-7.18,-1.18,-4.285));
#8318=DIRECTION('',(-0.0,1.0,0.0));
#8319=DIRECTION('',(1.0,0.0,0.0));
#8320=ORIENTED_EDGE('',*,*,#9726,.F.);
#8321=ORIENTED_EDGE('',*,*,#9992,.F.);
#8322=ORIENTED_EDGE('',*,*,#9758,.T.);
#8323=ORIENTED_EDGE('',*,*,#10662,.F.);
#8324=CARTESIAN_POINT('',(-7.18,-1.18,-4.285));
#8325=DIRECTION('',(-0.0,1.0,0.0));
#8326=DIRECTION('',(1.0,0.0,0.0));
#8327=ORIENTED_EDGE('',*,*,#10662,.T.);
#8328=ORIENTED_EDGE('',*,*,#10663,.F.);
#8329=ORIENTED_EDGE('',*,*,#10664,.F.);
#8330=ORIENTED_EDGE('',*,*,#10665,.T.);
#8331=CARTESIAN_POINT('',(-7.5,-1.27,2.055));
#8332=DIRECTION('',(0.0,0.984183323973689,0.177152998315298));
#8333=DIRECTION('',(1.0,0.0,-0.0));
#8334=ORIENTED_EDGE('',*,*,#10666,.T.);
#8335=ORIENTED_EDGE('',*,*,#10667,.F.);
#8336=ORIENTED_EDGE('',*,*,#9727,.F.);
#8337=ORIENTED_EDGE('',*,*,#10665,.F.);
#8338=CARTESIAN_POINT('',(-7.27,-1.5,2.055));
#8339=DIRECTION('',(0.984183323973689,0.0,0.177152998315298));
#8340=DIRECTION('',(0.0,-1.0,0.0));
#8341=ORIENTED_EDGE('',*,*,#10668,.T.);
#8342=ORIENTED_EDGE('',*,*,#10669,.T.);
#8343=ORIENTED_EDGE('',*,*,#10670,.F.);
#8344=ORIENTED_EDGE('',*,*,#10667,.T.);
#8345=CARTESIAN_POINT('',(-7.5,-1.73,2.055));
#8346=DIRECTION('',(0.0,-0.984183323973689,0.177152998315298));
#8347=DIRECTION('',(-1.0,0.0,0.0));
#8348=ORIENTED_EDGE('',*,*,#9760,.T.);
#8349=ORIENTED_EDGE('',*,*,#9991,.T.);
#8350=ORIENTED_EDGE('',*,*,#9724,.F.);
#8351=ORIENTED_EDGE('',*,*,#10670,.T.);
#8352=CARTESIAN_POINT('',(-7.18,-1.82,2.555));
#8353=DIRECTION('',(0.0,-1.0,0.0));
#8354=DIRECTION('',(0.0,0.0,-1.0));
#8355=ORIENTED_EDGE('',*,*,#9761,.F.);
#8356=ORIENTED_EDGE('',*,*,#10669,.F.);
#8357=ORIENTED_EDGE('',*,*,#10671,.T.);
#8358=ORIENTED_EDGE('',*,*,#10663,.T.);
#8359=CARTESIAN_POINT('',(-7.73,-1.5,2.055));
#8360=DIRECTION('',(-0.984183323973689,0.0,0.177152998315298));
#8361=DIRECTION('',(0.0,1.0,0.0));
#8362=ORIENTED_EDGE('',*,*,#10666,.F.);
#8363=ORIENTED_EDGE('',*,*,#10664,.T.);
#8364=ORIENTED_EDGE('',*,*,#10671,.F.);
#8365=ORIENTED_EDGE('',*,*,#10668,.F.);
#8366=CARTESIAN_POINT('',(-7.18,-1.18,2.555));
#8367=DIRECTION('',(0.0,0.0,1.0));
#8368=DIRECTION('',(1.0,0.0,0.0));
#8369=ORIENTED_EDGE('',*,*,#9722,.F.);
#8370=ORIENTED_EDGE('',*,*,#9999,.F.);
#8371=ORIENTED_EDGE('',*,*,#9754,.T.);
#8372=ORIENTED_EDGE('',*,*,#10672,.F.);
#8373=CARTESIAN_POINT('',(-7.18,1.82,-3.655));
#8374=DIRECTION('',(-0.0,1.0,0.0));
#8375=DIRECTION('',(1.0,0.0,0.0));
#8376=ORIENTED_EDGE('',*,*,#10672,.T.);
#8377=ORIENTED_EDGE('',*,*,#10673,.F.);
#8378=ORIENTED_EDGE('',*,*,#10674,.F.);
#8379=ORIENTED_EDGE('',*,*,#10675,.T.);
#8380=CARTESIAN_POINT('',(-7.5,1.73,2.055));
#8381=DIRECTION('',(0.0,0.984183323973689,0.177152998315298));
#8382=DIRECTION('',(1.0,0.0,-0.0));
#8383=ORIENTED_EDGE('',*,*,#10676,.T.);
#8384=ORIENTED_EDGE('',*,*,#10677,.F.);
#8385=ORIENTED_EDGE('',*,*,#9723,.F.);
#8386=ORIENTED_EDGE('',*,*,#10675,.F.);
#8387=CARTESIAN_POINT('',(-7.27,1.5,2.055));
#8388=DIRECTION('',(0.984183323973689,0.0,0.177152998315298));
#8389=DIRECTION('',(0.0,-1.0,0.0));
#8390=ORIENTED_EDGE('',*,*,#10678,.T.);
#8391=ORIENTED_EDGE('',*,*,#10679,.T.);
#8392=ORIENTED_EDGE('',*,*,#10680,.F.);
#8393=ORIENTED_EDGE('',*,*,#10677,.T.);
#8394=CARTESIAN_POINT('',(-7.5,1.27,2.055));
#8395=DIRECTION('',(0.0,-0.984183323973689,0.177152998315298));
#8396=DIRECTION('',(-1.0,0.0,0.0));
#8397=ORIENTED_EDGE('',*,*,#9756,.T.);
#8398=ORIENTED_EDGE('',*,*,#9998,.T.);
#8399=ORIENTED_EDGE('',*,*,#9720,.F.);
#8400=ORIENTED_EDGE('',*,*,#10680,.T.);
#8401=CARTESIAN_POINT('',(-7.18,1.18,2.555));
#8402=DIRECTION('',(0.0,-1.0,0.0));
#8403=DIRECTION('',(0.0,0.0,-1.0));
#8404=ORIENTED_EDGE('',*,*,#10681,.T.);
#8405=ORIENTED_EDGE('',*,*,#10673,.T.);
#8406=ORIENTED_EDGE('',*,*,#9757,.F.);
#8407=ORIENTED_EDGE('',*,*,#10679,.F.);
#8408=CARTESIAN_POINT('',(-7.73,1.5,2.055));
#8409=DIRECTION('',(-0.984183323973689,0.0,0.177152998315298));
#8410=DIRECTION('',(0.0,1.0,0.0));
#8411=ORIENTED_EDGE('',*,*,#10676,.F.);
#8412=ORIENTED_EDGE('',*,*,#10674,.T.);
#8413=ORIENTED_EDGE('',*,*,#10681,.F.);
#8414=ORIENTED_EDGE('',*,*,#10678,.F.);
#8415=CARTESIAN_POINT('',(-7.18,1.82,2.555));
#8416=DIRECTION('',(0.0,0.0,1.0));
#8417=DIRECTION('',(1.0,0.0,0.0));
#8418=ORIENTED_EDGE('',*,*,#9575,.T.);
#8419=ORIENTED_EDGE('',*,*,#9580,.T.);
#8420=ORIENTED_EDGE('',*,*,#9385,.T.);
#8421=ORIENTED_EDGE('',*,*,#9545,.F.);
#8422=CARTESIAN_POINT('',(-10.18,-1.18,-4.285));
#8423=DIRECTION('',(-0.0,1.0,0.0));
#8424=DIRECTION('',(1.0,0.0,0.0));
#8425=ORIENTED_EDGE('',*,*,#9521,.F.);
#8426=ORIENTED_EDGE('',*,*,#9978,.F.);
#8427=ORIENTED_EDGE('',*,*,#9556,.T.);
#8428=ORIENTED_EDGE('',*,*,#10682,.F.);
#8429=CARTESIAN_POINT('',(-10.18,-1.18,-4.285));
#8430=DIRECTION('',(-0.0,1.0,0.0));
#8431=DIRECTION('',(1.0,0.0,0.0));
#8432=ORIENTED_EDGE('',*,*,#10682,.T.);
#8433=ORIENTED_EDGE('',*,*,#10683,.F.);
#8434=ORIENTED_EDGE('',*,*,#10684,.F.);
#8435=ORIENTED_EDGE('',*,*,#10685,.T.);
#8436=CARTESIAN_POINT('',(-10.5,-1.27,2.055));
#8437=DIRECTION('',(0.0,0.984183323973689,0.177152998315298));
#8438=DIRECTION('',(1.0,0.0,-0.0));
#8439=ORIENTED_EDGE('',*,*,#10686,.T.);
#8440=ORIENTED_EDGE('',*,*,#10687,.F.);
#8441=ORIENTED_EDGE('',*,*,#9522,.F.);
#8442=ORIENTED_EDGE('',*,*,#10685,.F.);
#8443=CARTESIAN_POINT('',(-10.27,-1.5,2.055));
#8444=DIRECTION('',(0.984183323973689,0.0,0.177152998315298));
#8445=DIRECTION('',(0.0,-1.0,0.0));
#8446=ORIENTED_EDGE('',*,*,#10688,.T.);
#8447=ORIENTED_EDGE('',*,*,#10689,.T.);
#8448=ORIENTED_EDGE('',*,*,#10690,.F.);
#8449=ORIENTED_EDGE('',*,*,#10687,.T.);
#8450=CARTESIAN_POINT('',(-10.5,-1.73,2.055));
#8451=DIRECTION('',(0.0,-0.984183323973689,0.177152998315298));
#8452=DIRECTION('',(-1.0,0.0,0.0));
#8453=ORIENTED_EDGE('',*,*,#9558,.T.);
#8454=ORIENTED_EDGE('',*,*,#9977,.T.);
#8455=ORIENTED_EDGE('',*,*,#9519,.F.);
#8456=ORIENTED_EDGE('',*,*,#10690,.T.);
#8457=CARTESIAN_POINT('',(-10.18,-1.82,2.555));
#8458=DIRECTION('',(0.0,-1.0,0.0));
#8459=DIRECTION('',(0.0,0.0,-1.0));
#8460=ORIENTED_EDGE('',*,*,#9559,.F.);
#8461=ORIENTED_EDGE('',*,*,#10689,.F.);
#8462=ORIENTED_EDGE('',*,*,#10691,.T.);
#8463=ORIENTED_EDGE('',*,*,#10683,.T.);
#8464=CARTESIAN_POINT('',(-10.73,-1.5,2.055));
#8465=DIRECTION('',(-0.984183323973689,0.0,0.177152998315298));
#8466=DIRECTION('',(0.0,1.0,0.0));
#8467=ORIENTED_EDGE('',*,*,#10686,.F.);
#8468=ORIENTED_EDGE('',*,*,#10684,.T.);
#8469=ORIENTED_EDGE('',*,*,#10691,.F.);
#8470=ORIENTED_EDGE('',*,*,#10688,.F.);
#8471=CARTESIAN_POINT('',(-10.18,-1.18,2.555));
#8472=DIRECTION('',(0.0,0.0,1.0));
#8473=DIRECTION('',(1.0,0.0,0.0));
#8474=ORIENTED_EDGE('',*,*,#9517,.F.);
#8475=ORIENTED_EDGE('',*,*,#9985,.F.);
#8476=ORIENTED_EDGE('',*,*,#9552,.T.);
#8477=ORIENTED_EDGE('',*,*,#10692,.F.);
#8478=CARTESIAN_POINT('',(-10.18,1.82,-3.655));
#8479=DIRECTION('',(-0.0,1.0,0.0));
#8480=DIRECTION('',(1.0,0.0,0.0));
#8481=ORIENTED_EDGE('',*,*,#10692,.T.);
#8482=ORIENTED_EDGE('',*,*,#10693,.F.);
#8483=ORIENTED_EDGE('',*,*,#10694,.F.);
#8484=ORIENTED_EDGE('',*,*,#10695,.T.);
#8485=CARTESIAN_POINT('',(-10.5,1.73,2.055));
#8486=DIRECTION('',(0.0,0.984183323973689,0.177152998315298));
#8487=DIRECTION('',(1.0,0.0,-0.0));
#8488=ORIENTED_EDGE('',*,*,#10696,.T.);
#8489=ORIENTED_EDGE('',*,*,#10697,.F.);
#8490=ORIENTED_EDGE('',*,*,#9518,.F.);
#8491=ORIENTED_EDGE('',*,*,#10695,.F.);
#8492=CARTESIAN_POINT('',(-10.27,1.5,2.055));
#8493=DIRECTION('',(0.984183323973689,0.0,0.177152998315298));
#8494=DIRECTION('',(0.0,-1.0,0.0));
#8495=ORIENTED_EDGE('',*,*,#10698,.T.);
#8496=ORIENTED_EDGE('',*,*,#10699,.T.);
#8497=ORIENTED_EDGE('',*,*,#10700,.F.);
#8498=ORIENTED_EDGE('',*,*,#10697,.T.);
#8499=CARTESIAN_POINT('',(-10.5,1.27,2.055));
#8500=DIRECTION('',(0.0,-0.984183323973689,0.177152998315298));
#8501=DIRECTION('',(-1.0,0.0,0.0));
#8502=ORIENTED_EDGE('',*,*,#9554,.T.);
#8503=ORIENTED_EDGE('',*,*,#9984,.T.);
#8504=ORIENTED_EDGE('',*,*,#9515,.F.);
#8505=ORIENTED_EDGE('',*,*,#10700,.T.);
#8506=CARTESIAN_POINT('',(-10.18,1.18,2.555));
#8507=DIRECTION('',(0.0,-1.0,0.0));
#8508=DIRECTION('',(0.0,0.0,-1.0));
#8509=ORIENTED_EDGE('',*,*,#10701,.T.);
#8510=ORIENTED_EDGE('',*,*,#10693,.T.);
#8511=ORIENTED_EDGE('',*,*,#9555,.F.);
#8512=ORIENTED_EDGE('',*,*,#10699,.F.);
#8513=CARTESIAN_POINT('',(-10.73,1.5,2.055));
#8514=DIRECTION('',(-0.984183323973689,0.0,0.177152998315298));
#8515=DIRECTION('',(0.0,1.0,0.0));
#8516=ORIENTED_EDGE('',*,*,#10696,.F.);
#8517=ORIENTED_EDGE('',*,*,#10694,.T.);
#8518=ORIENTED_EDGE('',*,*,#10701,.F.);
#8519=ORIENTED_EDGE('',*,*,#10698,.F.);
#8520=CARTESIAN_POINT('',(-10.18,1.82,2.555));
#8521=DIRECTION('',(0.0,0.0,1.0));
#8522=DIRECTION('',(1.0,0.0,0.0));
#8523=ORIENTED_EDGE('',*,*,#9865,.T.);
#8524=ORIENTED_EDGE('',*,*,#9863,.T.);
#8525=ORIENTED_EDGE('',*,*,#9817,.F.);
#8526=ORIENTED_EDGE('',*,*,#9867,.F.);
#8527=CARTESIAN_POINT('',(-4.73,1.5,2.055));
#8528=DIRECTION('',(-0.984183323973689,0.0,0.177152998315298));
#8529=DIRECTION('',(0.0,1.0,0.0));
#8530=ORIENTED_EDGE('',*,*,#10702,.T.);
#8531=ORIENTED_EDGE('',*,*,#10703,.F.);
#8532=ORIENTED_EDGE('',*,*,#9855,.F.);
#8533=ORIENTED_EDGE('',*,*,#10704,.F.);
#8534=CARTESIAN_POINT('',(-4.27,-6.62,-6.965));
#8535=DIRECTION('',(0.984183323973689,-0.177152998315298,0.0));
#8536=DIRECTION('',(0.0,0.0,-1.0));
#8537=ORIENTED_EDGE('',*,*,#10705,.T.);
#8538=ORIENTED_EDGE('',*,*,#10706,.F.);
#8539=ORIENTED_EDGE('',*,*,#10707,.F.);
#8540=ORIENTED_EDGE('',*,*,#10704,.T.);
#8541=CARTESIAN_POINT('',(-4.5,-6.62,-6.735));
#8542=DIRECTION('',(0.0,-0.177152998315298,0.984183323973689));
#8543=DIRECTION('',(-1.0,0.0,0.0));
#8544=ORIENTED_EDGE('',*,*,#10702,.F.);
#8545=ORIENTED_EDGE('',*,*,#10707,.T.);
#8546=ORIENTED_EDGE('',*,*,#10708,.F.);
#8547=ORIENTED_EDGE('',*,*,#10709,.F.);
#8548=CARTESIAN_POINT('',(-4.18,-7.12,-6.645));
#8549=DIRECTION('',(0.0,-1.0,0.0));
#8550=DIRECTION('',(0.0,0.0,-1.0));
#8551=ORIENTED_EDGE('',*,*,#10709,.T.);
#8552=ORIENTED_EDGE('',*,*,#10710,.T.);
#8553=ORIENTED_EDGE('',*,*,#10711,.F.);
#8554=ORIENTED_EDGE('',*,*,#10703,.T.);
#8555=CARTESIAN_POINT('',(-4.5,-6.62,-7.195));
#8556=DIRECTION('',(0.0,-0.177152998315298,-0.984183323973689));
#8557=DIRECTION('',(0.0,-0.984183323973689,0.177152998315298));
#8558=ORIENTED_EDGE('',*,*,#9824,.T.);
#8559=ORIENTED_EDGE('',*,*,#9809,.F.);
#8560=ORIENTED_EDGE('',*,*,#9853,.F.);
#8561=ORIENTED_EDGE('',*,*,#10711,.T.);
#8562=CARTESIAN_POINT('',(-4.18,-7.12,-7.285));
#8563=DIRECTION('',(0.0,0.0,-1.0));
#8564=DIRECTION('',(0.0,-1.0,0.0));
#8565=ORIENTED_EDGE('',*,*,#9825,.F.);
#8566=ORIENTED_EDGE('',*,*,#10710,.F.);
#8567=ORIENTED_EDGE('',*,*,#10708,.T.);
#8568=ORIENTED_EDGE('',*,*,#10706,.T.);
#8569=CARTESIAN_POINT('',(-4.73,-6.62,-6.965));
#8570=DIRECTION('',(-0.984183323973689,-0.177152998315298,0.0));
#8571=DIRECTION('',(-0.177152998315298,0.984183323973689,0.0));
#8572=ORIENTED_EDGE('',*,*,#9854,.F.);
#8573=ORIENTED_EDGE('',*,*,#9841,.T.);
#8574=ORIENTED_EDGE('',*,*,#9822,.T.);
#8575=ORIENTED_EDGE('',*,*,#10705,.F.);
#8576=CARTESIAN_POINT('',(-4.18,0.949,-6.645));
#8577=DIRECTION('',(0.0,0.0,1.0));
#8578=DIRECTION('',(1.0,0.0,0.0));
#8579=ORIENTED_EDGE('',*,*,#9781,.F.);
#8580=ORIENTED_EDGE('',*,*,#10712,.F.);
#8581=ORIENTED_EDGE('',*,*,#9223,.F.);
#8582=ORIENTED_EDGE('',*,*,#9251,.F.);
#8583=CARTESIAN_POINT('',(12.325,3.43,-3.205));
#8584=DIRECTION('',(1.0,0.0,0.0));
#8585=DIRECTION('',(0.0,1.0,0.0));
#8586=ORIENTED_EDGE('',*,*,#10712,.T.);
#8587=ORIENTED_EDGE('',*,*,#9780,.F.);
#8588=ORIENTED_EDGE('',*,*,#9241,.F.);
#8589=ORIENTED_EDGE('',*,*,#9224,.T.);
#8590=CARTESIAN_POINT('',(-12.325,3.43,-3.205));
#8591=DIRECTION('',(0.0,0.0,1.0));
#8592=DIRECTION('',(1.0,0.0,0.0));
#8593=ORIENTED_EDGE('',*,*,#9763,.T.);
#8594=ORIENTED_EDGE('',*,*,#10713,.F.);
#8595=ORIENTED_EDGE('',*,*,#9730,.F.);
#8596=ORIENTED_EDGE('',*,*,#9778,.F.);
#8597=ORIENTED_EDGE('',*,*,#9774,.F.);
#8598=ORIENTED_EDGE('',*,*,#9744,.F.);
#8599=CARTESIAN_POINT('',(-7.18,0.949,-3.655));
#8600=DIRECTION('',(0.0,-1.0,0.0));
#8601=DIRECTION('',(0.0,0.0,-1.0));
#8602=ORIENTED_EDGE('',*,*,#9731,.F.);
#8603=ORIENTED_EDGE('',*,*,#10713,.T.);
#8604=ORIENTED_EDGE('',*,*,#9762,.T.);
#8605=ORIENTED_EDGE('',*,*,#10714,.F.);
#8606=CARTESIAN_POINT('',(-7.18,0.949,-6.645));
#8607=DIRECTION('',(0.0,0.0,1.0));
#8608=DIRECTION('',(1.0,0.0,0.0));
#8609=ORIENTED_EDGE('',*,*,#10714,.T.);
#8610=ORIENTED_EDGE('',*,*,#10715,.F.);
#8611=ORIENTED_EDGE('',*,*,#10716,.F.);
#8612=ORIENTED_EDGE('',*,*,#10717,.T.);
#8613=CARTESIAN_POINT('',(-7.5,-6.62,-6.735));
#8614=DIRECTION('',(0.0,-0.177152998315298,0.984183323973689));
#8615=DIRECTION('',(-1.0,0.0,0.0));
#8616=ORIENTED_EDGE('',*,*,#10718,.T.);
#8617=ORIENTED_EDGE('',*,*,#10719,.F.);
#8618=ORIENTED_EDGE('',*,*,#9732,.F.);
#8619=ORIENTED_EDGE('',*,*,#10717,.F.);
#8620=CARTESIAN_POINT('',(-7.27,-6.62,-6.965));
#8621=DIRECTION('',(0.984183323973689,-0.177152998315298,0.0));
#8622=DIRECTION('',(0.0,0.0,-1.0));
#8623=ORIENTED_EDGE('',*,*,#10720,.T.);
#8624=ORIENTED_EDGE('',*,*,#10721,.T.);
#8625=ORIENTED_EDGE('',*,*,#10722,.F.);
#8626=ORIENTED_EDGE('',*,*,#10719,.T.);
#8627=CARTESIAN_POINT('',(-7.5,-6.62,-7.195));
#8628=DIRECTION('',(0.0,-0.177152998315298,-0.984183323973689));
#8629=DIRECTION('',(0.0,-0.984183323973689,0.177152998315298));
#8630=ORIENTED_EDGE('',*,*,#9764,.T.);
#8631=ORIENTED_EDGE('',*,*,#9750,.F.);
#8632=ORIENTED_EDGE('',*,*,#9728,.F.);
#8633=ORIENTED_EDGE('',*,*,#10722,.T.);
#8634=CARTESIAN_POINT('',(-7.18,-7.12,-7.285));
#8635=DIRECTION('',(0.0,0.0,-1.0));
#8636=DIRECTION('',(0.0,-1.0,0.0));
#8637=ORIENTED_EDGE('',*,*,#9765,.F.);
#8638=ORIENTED_EDGE('',*,*,#10721,.F.);
#8639=ORIENTED_EDGE('',*,*,#10723,.T.);
#8640=ORIENTED_EDGE('',*,*,#10715,.T.);
#8641=CARTESIAN_POINT('',(-7.73,-6.62,-6.965));
#8642=DIRECTION('',(-0.984183323973689,-0.177152998315298,0.0));
#8643=DIRECTION('',(-0.177152998315298,0.984183323973689,0.0));
#8644=ORIENTED_EDGE('',*,*,#10718,.F.);
#8645=ORIENTED_EDGE('',*,*,#10716,.T.);
#8646=ORIENTED_EDGE('',*,*,#10723,.F.);
#8647=ORIENTED_EDGE('',*,*,#10720,.F.);
#8648=CARTESIAN_POINT('',(-7.18,-7.12,-6.645));
#8649=DIRECTION('',(0.0,-1.0,0.0));
#8650=DIRECTION('',(0.0,0.0,-1.0));
#8651=ORIENTED_EDGE('',*,*,#9768,.T.);
#8652=ORIENTED_EDGE('',*,*,#9752,.T.);
#8653=ORIENTED_EDGE('',*,*,#9737,.F.);
#8654=ORIENTED_EDGE('',*,*,#9718,.F.);
#8655=CARTESIAN_POINT('',(-7.18,-0.32,-4.955));
#8656=DIRECTION('',(0.0,0.0,-1.0));
#8657=DIRECTION('',(0.0,-1.0,0.0));
#8658=ORIENTED_EDGE('',*,*,#9529,.F.);
#8659=ORIENTED_EDGE('',*,*,#9640,.F.);
#8660=ORIENTED_EDGE('',*,*,#9564,.T.);
#8661=ORIENTED_EDGE('',*,*,#10724,.F.);
#8662=CARTESIAN_POINT('',(-10.18,-1.82,-3.645));
#8663=DIRECTION('',(0.0,0.0,1.0));
#8664=DIRECTION('',(1.0,0.0,0.0));
#8665=ORIENTED_EDGE('',*,*,#10724,.T.);
#8666=ORIENTED_EDGE('',*,*,#10725,.F.);
#8667=ORIENTED_EDGE('',*,*,#10726,.F.);
#8668=ORIENTED_EDGE('',*,*,#10727,.T.);
#8669=CARTESIAN_POINT('',(-10.5,-6.62,-3.735));
#8670=DIRECTION('',(0.0,-0.177152998315298,0.984183323973689));
#8671=DIRECTION('',(-1.0,0.0,0.0));
#8672=ORIENTED_EDGE('',*,*,#10728,.T.);
#8673=ORIENTED_EDGE('',*,*,#10729,.T.);
#8674=ORIENTED_EDGE('',*,*,#9530,.F.);
#8675=ORIENTED_EDGE('',*,*,#10727,.F.);
#8676=CARTESIAN_POINT('',(-10.27,-6.62,-3.965));
#8677=DIRECTION('',(0.984183323973689,-0.177152998315298,0.0));
#8678=DIRECTION('',(0.0,0.0,-1.0));
#8679=ORIENTED_EDGE('',*,*,#10730,.T.);
#8680=ORIENTED_EDGE('',*,*,#10731,.T.);
#8681=ORIENTED_EDGE('',*,*,#9371,.F.);
#8682=ORIENTED_EDGE('',*,*,#10729,.F.);
#8683=CARTESIAN_POINT('',(-10.5,-6.62,-4.195));
#8684=DIRECTION('',(0.0,-0.177152998315298,-0.984183323973689));
#8685=DIRECTION('',(0.0,-0.984183323973689,0.177152998315298));
#8686=ORIENTED_EDGE('',*,*,#9566,.F.);
#8687=ORIENTED_EDGE('',*,*,#10731,.F.);
#8688=ORIENTED_EDGE('',*,*,#10732,.T.);
#8689=ORIENTED_EDGE('',*,*,#10725,.T.);
#8690=CARTESIAN_POINT('',(-10.73,-6.62,-3.965));
#8691=DIRECTION('',(-0.984183323973689,-0.177152998315298,0.0));
#8692=DIRECTION('',(-0.177152998315298,0.984183323973689,0.0));
#8693=ORIENTED_EDGE('',*,*,#10730,.F.);
#8694=ORIENTED_EDGE('',*,*,#10728,.F.);
#8695=ORIENTED_EDGE('',*,*,#10726,.T.);
#8696=ORIENTED_EDGE('',*,*,#10732,.F.);
#8697=CARTESIAN_POINT('',(-10.18,-7.12,-3.645));
#8698=DIRECTION('',(0.0,-1.0,0.0));
#8699=DIRECTION('',(0.0,0.0,-1.0));
#8700=ORIENTED_EDGE('',*,*,#10733,.T.);
#8701=ORIENTED_EDGE('',*,*,#9304,.T.);
#8702=ORIENTED_EDGE('',*,*,#9639,.F.);
#8703=ORIENTED_EDGE('',*,*,#10734,.F.);
#8704=CARTESIAN_POINT('',(-12.825,-3.43,-3.355));
#8705=DIRECTION('',(-1.0,0.0,0.0));
#8706=DIRECTION('',(0.0,0.0,1.0));
#8707=ORIENTED_EDGE('',*,*,#10735,.T.);
#8708=ORIENTED_EDGE('',*,*,#9368,.F.);
#8709=ORIENTED_EDGE('',*,*,#9220,.F.);
#8710=ORIENTED_EDGE('',*,*,#9182,.F.);
#8711=ORIENTED_EDGE('',*,*,#10736,.T.);
#8712=ORIENTED_EDGE('',*,*,#10737,.F.);
#8713=CARTESIAN_POINT('',(-13.825,-3.43,-3.355));
#8714=DIRECTION('',(0.0,0.0,1.0));
#8715=DIRECTION('',(1.0,0.0,0.0));
#8716=ORIENTED_EDGE('',*,*,#10738,.T.);
#8717=ORIENTED_EDGE('',*,*,#9105,.T.);
#8718=ORIENTED_EDGE('',*,*,#9218,.F.);
#8719=ORIENTED_EDGE('',*,*,#10739,.T.);
#8720=ORIENTED_EDGE('',*,*,#10740,.T.);
#8721=ORIENTED_EDGE('',*,*,#10734,.T.);
#8722=ORIENTED_EDGE('',*,*,#9638,.F.);
#8723=CARTESIAN_POINT('',(-13.825,-3.43,-3.355));
#8724=DIRECTION('',(0.0,0.0,1.0));
#8725=DIRECTION('',(1.0,0.0,0.0));
#8726=ORIENTED_EDGE('',*,*,#9634,.T.);
#8727=ORIENTED_EDGE('',*,*,#9247,.F.);
#8728=ORIENTED_EDGE('',*,*,#10741,.F.);
#8729=ORIENTED_EDGE('',*,*,#10737,.T.);
#8730=CARTESIAN_POINT('',(12.805,-3.94,-3.355));
#8731=DIRECTION('',(1.0,0.0,0.0));
#8732=DIRECTION('',(0.0,1.0,0.0));
#8733=ORIENTED_EDGE('',*,*,#9246,.F.);
#8734=ORIENTED_EDGE('',*,*,#9369,.F.);
#8735=ORIENTED_EDGE('',*,*,#10735,.F.);
#8736=ORIENTED_EDGE('',*,*,#10741,.T.);
#8737=CARTESIAN_POINT('',(-13.825,-3.94,-3.355));
#8738=DIRECTION('',(0.0,-1.0,0.0));
#8739=DIRECTION('',(0.0,0.0,-1.0));
#8740=ORIENTED_EDGE('',*,*,#10740,.F.);
#8741=ORIENTED_EDGE('',*,*,#10742,.F.);
#8742=ORIENTED_EDGE('',*,*,#9305,.F.);
#8743=ORIENTED_EDGE('',*,*,#10733,.F.);
#8744=CARTESIAN_POINT('',(-13.825,-3.94,-3.355));
#8745=DIRECTION('',(0.0,-1.0,0.0));
#8746=DIRECTION('',(0.0,0.0,-1.0));
#8747=ORIENTED_EDGE('',*,*,#9357,.F.);
#8748=ORIENTED_EDGE('',*,*,#9306,.T.);
#8749=ORIENTED_EDGE('',*,*,#10742,.T.);
#8750=ORIENTED_EDGE('',*,*,#10739,.F.);
#8751=ORIENTED_EDGE('',*,*,#9217,.F.);
#8752=ORIENTED_EDGE('',*,*,#9310,.T.);
#8753=ORIENTED_EDGE('',*,*,#9593,.T.);
#8754=ORIENTED_EDGE('',*,*,#9378,.F.);
#8755=ORIENTED_EDGE('',*,*,#10743,.T.);
#8756=ORIENTED_EDGE('',*,*,#10744,.T.);
#8757=ORIENTED_EDGE('',*,*,#10745,.T.);
#8758=ORIENTED_EDGE('',*,*,#9374,.F.);
#8759=CARTESIAN_POINT('',(-14.075,3.43,-4.955));
#8760=DIRECTION('',(-1.0,0.0,0.0));
#8761=DIRECTION('',(0.0,0.0,1.0));
#8762=ORIENTED_EDGE('',*,*,#10745,.F.);
#8763=ORIENTED_EDGE('',*,*,#10746,.T.);
#8764=ORIENTED_EDGE('',*,*,#10747,.T.);
#8765=ORIENTED_EDGE('',*,*,#9375,.T.);
#8766=CARTESIAN_POINT('',(-14.075,-1.0,-3.685));
#8767=DIRECTION('',(-0.0,1.0,0.0));
#8768=DIRECTION('',(1.0,0.0,0.0));
#8769=ORIENTED_EDGE('',*,*,#10747,.F.);
#8770=ORIENTED_EDGE('',*,*,#10748,.F.);
#8771=ORIENTED_EDGE('',*,*,#10749,.F.);
#8772=ORIENTED_EDGE('',*,*,#9376,.F.);
#8773=CARTESIAN_POINT('',(-12.825,0.0,0.0));
#8774=DIRECTION('',(1.0,0.0,0.0));
#8775=DIRECTION('',(0.0,1.0,0.0));
#8776=ORIENTED_EDGE('',*,*,#10749,.T.);
#8777=ORIENTED_EDGE('',*,*,#10750,.F.);
#8778=ORIENTED_EDGE('',*,*,#10743,.F.);
#8779=ORIENTED_EDGE('',*,*,#9377,.T.);
#8780=CARTESIAN_POINT('',(-14.075,1.0,-4.285));
#8781=DIRECTION('',(0.0,-1.0,0.0));
#8782=DIRECTION('',(0.0,0.0,-1.0));
#8783=ORIENTED_EDGE('',*,*,#10748,.T.);
#8784=ORIENTED_EDGE('',*,*,#10746,.F.);
#8785=ORIENTED_EDGE('',*,*,#10744,.F.);
#8786=ORIENTED_EDGE('',*,*,#10750,.T.);
#8787=CARTESIAN_POINT('',(-14.075,1.0,-3.685));
#8788=DIRECTION('',(0.0,0.0,-1.0));
#8789=DIRECTION('',(0.0,-1.0,0.0));
#8790=ORIENTED_EDGE('',*,*,#9181,.F.);
#8791=ORIENTED_EDGE('',*,*,#9208,.T.);
#8792=ORIENTED_EDGE('',*,*,#9635,.T.);
#8793=ORIENTED_EDGE('',*,*,#10736,.F.);
#8794=CARTESIAN_POINT('',(13.825,-3.05,4.955));
#8795=DIRECTION('',(-0.349109023172922,0.937082114832659,0.0));
#8796=DIRECTION('',(0.0,0.0,1.0));
#8797=ORIENTED_EDGE('',*,*,#9637,.F.);
#8798=ORIENTED_EDGE('',*,*,#9213,.T.);
#8799=ORIENTED_EDGE('',*,*,#9106,.T.);
#8800=ORIENTED_EDGE('',*,*,#10738,.F.);
#8801=CARTESIAN_POINT('',(-12.805,-3.43,4.955));
#8802=DIRECTION('',(0.349109023172922,0.937082114832659,0.0));
#8803=DIRECTION('',(0.0,0.0,-1.0));
#8804=ORIENTED_EDGE('',*,*,#9561,.T.);
#8805=ORIENTED_EDGE('',*,*,#10751,.F.);
#8806=ORIENTED_EDGE('',*,*,#9525,.F.);
#8807=ORIENTED_EDGE('',*,*,#9578,.F.);
#8808=ORIENTED_EDGE('',*,*,#9573,.F.);
#8809=ORIENTED_EDGE('',*,*,#9541,.F.);
#8810=CARTESIAN_POINT('',(-10.18,0.949,-3.655));
#8811=DIRECTION('',(0.0,-1.0,0.0));
#8812=DIRECTION('',(0.0,0.0,-1.0));
#8813=ORIENTED_EDGE('',*,*,#9526,.F.);
#8814=ORIENTED_EDGE('',*,*,#10751,.T.);
#8815=ORIENTED_EDGE('',*,*,#9560,.T.);
#8816=ORIENTED_EDGE('',*,*,#10752,.F.);
#8817=CARTESIAN_POINT('',(-10.18,0.949,-6.645));
#8818=DIRECTION('',(0.0,0.0,1.0));
#8819=DIRECTION('',(1.0,0.0,0.0));
#8820=ORIENTED_EDGE('',*,*,#10752,.T.);
#8821=ORIENTED_EDGE('',*,*,#10753,.F.);
#8822=ORIENTED_EDGE('',*,*,#10754,.F.);
#8823=ORIENTED_EDGE('',*,*,#10755,.T.);
#8824=CARTESIAN_POINT('',(-10.5,-6.62,-6.735));
#8825=DIRECTION('',(0.0,-0.177152998315298,0.984183323973689));
#8826=DIRECTION('',(-1.0,0.0,0.0));
#8827=ORIENTED_EDGE('',*,*,#10756,.T.);
#8828=ORIENTED_EDGE('',*,*,#10757,.F.);
#8829=ORIENTED_EDGE('',*,*,#9527,.F.);
#8830=ORIENTED_EDGE('',*,*,#10755,.F.);
#8831=CARTESIAN_POINT('',(-10.27,-6.62,-6.965));
#8832=DIRECTION('',(0.984183323973689,-0.177152998315298,0.0));
#8833=DIRECTION('',(0.0,0.0,-1.0));
#8834=ORIENTED_EDGE('',*,*,#10758,.T.);
#8835=ORIENTED_EDGE('',*,*,#10759,.T.);
#8836=ORIENTED_EDGE('',*,*,#10760,.F.);
#8837=ORIENTED_EDGE('',*,*,#10757,.T.);
#8838=CARTESIAN_POINT('',(-10.5,-6.62,-7.195));
#8839=DIRECTION('',(0.0,-0.177152998315298,-0.984183323973689));
#8840=DIRECTION('',(0.0,-0.984183323973689,0.177152998315298));
#8841=ORIENTED_EDGE('',*,*,#9562,.T.);
#8842=ORIENTED_EDGE('',*,*,#9548,.F.);
#8843=ORIENTED_EDGE('',*,*,#9523,.F.);
#8844=ORIENTED_EDGE('',*,*,#10760,.T.);
#8845=CARTESIAN_POINT('',(-10.18,-7.12,-7.285));
#8846=DIRECTION('',(0.0,0.0,-1.0));
#8847=DIRECTION('',(0.0,-1.0,0.0));
#8848=ORIENTED_EDGE('',*,*,#9563,.F.);
#8849=ORIENTED_EDGE('',*,*,#10759,.F.);
#8850=ORIENTED_EDGE('',*,*,#10761,.T.);
#8851=ORIENTED_EDGE('',*,*,#10753,.T.);
#8852=CARTESIAN_POINT('',(-10.73,-6.62,-6.965));
#8853=DIRECTION('',(-0.984183323973689,-0.177152998315298,0.0));
#8854=DIRECTION('',(-0.177152998315298,0.984183323973689,0.0));
#8855=ORIENTED_EDGE('',*,*,#10756,.F.);
#8856=ORIENTED_EDGE('',*,*,#10754,.T.);
#8857=ORIENTED_EDGE('',*,*,#10761,.F.);
#8858=ORIENTED_EDGE('',*,*,#10758,.F.);
#8859=CARTESIAN_POINT('',(-10.18,-7.12,-6.645));
#8860=DIRECTION('',(0.0,-1.0,0.0));
#8861=DIRECTION('',(0.0,0.0,-1.0));
#8862=ORIENTED_EDGE('',*,*,#9567,.T.);
#8863=ORIENTED_EDGE('',*,*,#9550,.T.);
#8864=ORIENTED_EDGE('',*,*,#9533,.F.);
#8865=ORIENTED_EDGE('',*,*,#9513,.F.);
#8866=CARTESIAN_POINT('',(-10.18,-0.32,-4.955));
#8867=DIRECTION('',(0.0,0.0,-1.0));
#8868=DIRECTION('',(0.0,-1.0,0.0));
#8869=ORIENTED_EDGE('',*,*,#10762,.F.);
#8870=ORIENTED_EDGE('',*,*,#10763,.F.);
#8871=ORIENTED_EDGE('',*,*,#9363,.T.);
#8872=ORIENTED_EDGE('',*,*,#9475,.T.);
#8873=CARTESIAN_POINT('',(14.075,-1.0,-3.685));
#8874=DIRECTION('',(0.0,-1.0,0.0));
#8875=DIRECTION('',(0.0,0.0,-1.0));
#8876=ORIENTED_EDGE('',*,*,#9364,.T.);
#8877=ORIENTED_EDGE('',*,*,#10763,.T.);
#8878=ORIENTED_EDGE('',*,*,#10764,.F.);
#8879=ORIENTED_EDGE('',*,*,#10765,.F.);
#8880=CARTESIAN_POINT('',(14.075,1.0,-3.685));
#8881=DIRECTION('',(0.0,0.0,1.0));
#8882=DIRECTION('',(1.0,0.0,0.0));
#8883=ORIENTED_EDGE('',*,*,#9365,.T.);
#8884=ORIENTED_EDGE('',*,*,#10765,.T.);
#8885=ORIENTED_EDGE('',*,*,#10766,.F.);
#8886=ORIENTED_EDGE('',*,*,#9473,.T.);
#8887=CARTESIAN_POINT('',(14.075,1.0,-4.285));
#8888=DIRECTION('',(-0.0,1.0,0.0));
#8889=DIRECTION('',(1.0,0.0,0.0));
#8890=ORIENTED_EDGE('',*,*,#10764,.T.);
#8891=ORIENTED_EDGE('',*,*,#10762,.T.);
#8892=ORIENTED_EDGE('',*,*,#9474,.T.);
#8893=ORIENTED_EDGE('',*,*,#10766,.T.);
#8894=CARTESIAN_POINT('',(12.825,0.0,0.0));
#8895=DIRECTION('',(1.0,0.0,0.0));
#8896=DIRECTION('',(0.0,1.0,0.0));
#8897=ORIENTED_EDGE('',*,*,#9108,.F.);
#8898=ORIENTED_EDGE('',*,*,#9201,.F.);
#8899=ORIENTED_EDGE('',*,*,#9131,.F.);
#8900=ORIENTED_EDGE('',*,*,#9110,.T.);
#8901=CARTESIAN_POINT('',(-12.44048560856,2.68,3.305));
#8902=DIRECTION('',(0.0,0.0,-1.0));
#8903=DIRECTION('',(0.0,-1.0,0.0));
#8904=ORIENTED_EDGE('',*,*,#9135,.F.);
#8905=ORIENTED_EDGE('',*,*,#9209,.T.);
#8906=ORIENTED_EDGE('',*,*,#9102,.F.);
#8907=ORIENTED_EDGE('',*,*,#10767,.F.);
#8908=CARTESIAN_POINT('',(-12.44048560856,2.68,3.305));
#8909=DIRECTION('',(0.0,0.0,-1.0));
#8910=DIRECTION('',(0.0,-1.0,0.0));
#8911=ORIENTED_EDGE('',*,*,#10768,.T.);
#8912=ORIENTED_EDGE('',*,*,#9136,.T.);
#8913=ORIENTED_EDGE('',*,*,#10767,.T.);
#8914=ORIENTED_EDGE('',*,*,#9101,.T.);
#8915=CARTESIAN_POINT('',(-14.325,1.1,-0.195));
#8916=DIRECTION('',(0.0,-1.0,0.0));
#8917=DIRECTION('',(0.0,0.0,-1.0));
#8918=ORIENTED_EDGE('',*,*,#9128,.T.);
#8919=ORIENTED_EDGE('',*,*,#9137,.T.);
#8920=ORIENTED_EDGE('',*,*,#10768,.F.);
#8921=ORIENTED_EDGE('',*,*,#9100,.F.);
#8922=CARTESIAN_POINT('',(-14.325,0.575,-0.195));
#8923=DIRECTION('',(0.0,0.0,1.0));
#8924=DIRECTION('',(1.0,0.0,0.0));
#8925=ORIENTED_EDGE('',*,*,#9199,.T.);
#8926=ORIENTED_EDGE('',*,*,#9169,.F.);
#8927=ORIENTED_EDGE('',*,*,#10769,.F.);
#8928=ORIENTED_EDGE('',*,*,#9186,.F.);
#8929=CARTESIAN_POINT('',(14.325,1.1,-0.195));
#8930=DIRECTION('',(-0.0,1.0,0.0));
#8931=DIRECTION('',(1.0,0.0,0.0));
#8932=ORIENTED_EDGE('',*,*,#10769,.T.);
#8933=ORIENTED_EDGE('',*,*,#9168,.F.);
#8934=ORIENTED_EDGE('',*,*,#9152,.F.);
#8935=ORIENTED_EDGE('',*,*,#9187,.T.);
#8936=CARTESIAN_POINT('',(14.325,0.575,-0.195));
#8937=DIRECTION('',(0.0,0.0,-1.0));
#8938=DIRECTION('',(0.0,-1.0,0.0));
#8939=ORIENTED_EDGE('',*,*,#10770,.T.);
#8940=ORIENTED_EDGE('',*,*,#10771,.F.);
#8941=ORIENTED_EDGE('',*,*,#10772,.F.);
#8942=ORIENTED_EDGE('',*,*,#9195,.T.);
#8943=CARTESIAN_POINT('',(13.825,-2.2,1.605));
#8944=DIRECTION('',(-0.0,1.0,0.0));
#8945=DIRECTION('',(1.0,0.0,0.0));
#8946=ORIENTED_EDGE('',*,*,#10772,.T.);
#8947=ORIENTED_EDGE('',*,*,#10773,.F.);
#8948=ORIENTED_EDGE('',*,*,#10774,.F.);
#8949=ORIENTED_EDGE('',*,*,#9189,.T.);
#8950=CARTESIAN_POINT('',(13.825,-2.35,1.605));
#8951=DIRECTION('',(0.0,0.0,-1.0));
#8952=DIRECTION('',(0.0,-1.0,0.0));
#8953=ORIENTED_EDGE('',*,*,#10774,.T.);
#8954=ORIENTED_EDGE('',*,*,#10775,.F.);
#8955=ORIENTED_EDGE('',*,*,#10776,.F.);
#8956=ORIENTED_EDGE('',*,*,#9190,.T.);
#8957=CARTESIAN_POINT('',(13.825,-2.35,2.6007447052));
#8958=DIRECTION('',(0.0,-1.0,0.0));
#8959=DIRECTION('',(0.0,0.0,-1.0));
#8960=ORIENTED_EDGE('',*,*,#10776,.T.);
#8961=ORIENTED_EDGE('',*,*,#10777,.F.);
#8962=ORIENTED_EDGE('',*,*,#10778,.F.);
#8963=ORIENTED_EDGE('',*,*,#9191,.T.);
#8964=CARTESIAN_POINT('',(13.825,-2.5,2.422021250725));
#8965=DIRECTION('',(0.0,0.765974342782488,-0.64287114276419));
#8966=DIRECTION('',(-1.0,0.0,0.0));
#8967=ORIENTED_EDGE('',*,*,#10778,.T.);
#8968=ORIENTED_EDGE('',*,*,#10779,.F.);
#8969=ORIENTED_EDGE('',*,*,#10780,.F.);
#8970=ORIENTED_EDGE('',*,*,#9192,.T.);
#8971=CARTESIAN_POINT('',(13.825,-2.5,2.62627661705));
#8972=DIRECTION('',(0.0,-1.0,0.0));
#8973=DIRECTION('',(0.0,0.0,-1.0));
#8974=ORIENTED_EDGE('',*,*,#10780,.T.);
#8975=ORIENTED_EDGE('',*,*,#10781,.F.);
#8976=ORIENTED_EDGE('',*,*,#10782,.F.);
#8977=ORIENTED_EDGE('',*,*,#9193,.T.);
#8978=CARTESIAN_POINT('',(13.825,-2.35,2.805));
#8979=DIRECTION('',(0.0,-0.765974216092578,0.642871293713882));
#8980=DIRECTION('',(-1.0,0.0,0.0));
#8981=ORIENTED_EDGE('',*,*,#10782,.T.);
#8982=ORIENTED_EDGE('',*,*,#10783,.F.);
#8983=ORIENTED_EDGE('',*,*,#10770,.F.);
#8984=ORIENTED_EDGE('',*,*,#9194,.T.);
#8985=CARTESIAN_POINT('',(13.825,-2.2,2.805));
#8986=DIRECTION('',(0.0,0.0,1.0));
#8987=DIRECTION('',(1.0,0.0,0.0));
#8988=ORIENTED_EDGE('',*,*,#10783,.T.);
#8989=ORIENTED_EDGE('',*,*,#10781,.T.);
#8990=ORIENTED_EDGE('',*,*,#10779,.T.);
#8991=ORIENTED_EDGE('',*,*,#10777,.T.);
#8992=ORIENTED_EDGE('',*,*,#10775,.T.);
#8993=ORIENTED_EDGE('',*,*,#10773,.T.);
#8994=ORIENTED_EDGE('',*,*,#10771,.T.);
#8995=CARTESIAN_POINT('',(13.775,0.0,0.0));
#8996=DIRECTION('',(1.0,0.0,0.0));
#8997=DIRECTION('',(0.0,1.0,0.0));
#8998=ORIENTED_EDGE('',*,*,#10784,.T.);
#8999=ORIENTED_EDGE('',*,*,#9142,.F.);
#9000=ORIENTED_EDGE('',*,*,#9163,.F.);
#9001=ORIENTED_EDGE('',*,*,#9161,.T.);
#9002=CARTESIAN_POINT('',(12.84048560856,-0.4,-2.695));
#9003=DIRECTION('',(0.0,-1.0,0.0));
#9004=DIRECTION('',(0.0,0.0,-1.0));
#9005=ORIENTED_EDGE('',*,*,#10785,.T.);
#9006=ORIENTED_EDGE('',*,*,#9143,.F.);
#9007=ORIENTED_EDGE('',*,*,#10784,.F.);
#9008=ORIENTED_EDGE('',*,*,#9160,.T.);
#9009=CARTESIAN_POINT('',(13.14048560856,-0.4,-2.695));
#9010=DIRECTION('',(1.0,0.0,0.0));
#9011=DIRECTION('',(0.0,1.0,0.0));
#9012=ORIENTED_EDGE('',*,*,#10786,.T.);
#9013=ORIENTED_EDGE('',*,*,#9144,.F.);
#9014=ORIENTED_EDGE('',*,*,#10785,.F.);
#9015=ORIENTED_EDGE('',*,*,#9159,.T.);
#9016=CARTESIAN_POINT('',(13.14048560856,0.4,-2.695));
#9017=DIRECTION('',(-0.0,1.0,0.0));
#9018=DIRECTION('',(1.0,0.0,0.0));
#9019=ORIENTED_EDGE('',*,*,#9154,.T.);
#9020=ORIENTED_EDGE('',*,*,#9145,.F.);
#9021=ORIENTED_EDGE('',*,*,#10786,.F.);
#9022=ORIENTED_EDGE('',*,*,#9158,.F.);
#9023=CARTESIAN_POINT('',(12.84048560856,0.4,-2.695));
#9024=DIRECTION('',(1.0,0.0,0.0));
#9025=DIRECTION('',(0.0,1.0,0.0));
#9026=ORIENTED_EDGE('',*,*,#9117,.T.);
#9027=ORIENTED_EDGE('',*,*,#9150,.F.);
#9028=ORIENTED_EDGE('',*,*,#10787,.F.);
#9029=ORIENTED_EDGE('',*,*,#9120,.F.);
#9030=CARTESIAN_POINT('',(-12.84048560856,-0.4,-2.695));
#9031=DIRECTION('',(-1.0,0.0,0.0));
#9032=DIRECTION('',(0.0,0.0,1.0));
#9033=ORIENTED_EDGE('',*,*,#10787,.T.);
#9034=ORIENTED_EDGE('',*,*,#9149,.F.);
#9035=ORIENTED_EDGE('',*,*,#10788,.F.);
#9036=ORIENTED_EDGE('',*,*,#9121,.T.);
#9037=CARTESIAN_POINT('',(-13.14048560856,-0.4,-2.695));
#9038=DIRECTION('',(0.0,-1.0,0.0));
#9039=DIRECTION('',(0.0,0.0,-1.0));
#9040=ORIENTED_EDGE('',*,*,#10788,.T.);
#9041=ORIENTED_EDGE('',*,*,#9148,.F.);
#9042=ORIENTED_EDGE('',*,*,#10789,.F.);
#9043=ORIENTED_EDGE('',*,*,#9122,.T.);
#9044=CARTESIAN_POINT('',(-13.14048560856,0.4,-2.695));
#9045=DIRECTION('',(-1.0,0.0,0.0));
#9046=DIRECTION('',(0.0,0.0,1.0));
#9047=ORIENTED_EDGE('',*,*,#10789,.T.);
#9048=ORIENTED_EDGE('',*,*,#9147,.F.);
#9049=ORIENTED_EDGE('',*,*,#9125,.F.);
#9050=ORIENTED_EDGE('',*,*,#9123,.T.);
#9051=CARTESIAN_POINT('',(-12.84048560856,0.4,-2.695));
#9052=DIRECTION('',(-0.0,1.0,0.0));
#9053=DIRECTION('',(1.0,0.0,0.0));
#9054=AXIS2_PLACEMENT_3D('',#10790,#10791,#10792);
#9055=AXIS2_PLACEMENT_3D('',#10793,#10794,#10795);
#9056=AXIS2_PLACEMENT_3D('',#10796,#10797,#10798);
#9057=AXIS2_PLACEMENT_3D('',#10799,#10800,#10801);
#9058=AXIS2_PLACEMENT_3D('',#10802,#10803,#10804);
#9059=AXIS2_PLACEMENT_3D('',#10805,#10806,#10807);
#9060=AXIS2_PLACEMENT_3D('',#10808,#10809,#10810);
#9061=AXIS2_PLACEMENT_3D('',#10811,#10812,#10813);
#9062=AXIS2_PLACEMENT_3D('',#10814,#10815,#10816);
#9063=AXIS2_PLACEMENT_3D('',#10817,#10818,#10819);
#9064=AXIS2_PLACEMENT_3D('',#10820,#10821,#10822);
#9065=AXIS2_PLACEMENT_3D('',#10823,#10824,#10825);
#9066=AXIS2_PLACEMENT_3D('',#10826,#10827,#10828);
#9067=AXIS2_PLACEMENT_3D('',#10829,#10830,#10831);
#9068=AXIS2_PLACEMENT_3D('',#10832,#10833,#10834);
#9069=AXIS2_PLACEMENT_3D('',#10835,#10836,#10837);
#9070=AXIS2_PLACEMENT_3D('',#10838,#10839,#10840);
#9071=AXIS2_PLACEMENT_3D('',#10841,#10842,#10843);
#9072=AXIS2_PLACEMENT_3D('',#10844,#10845,#10846);
#9073=AXIS2_PLACEMENT_3D('',#10847,#10848,#10849);
#9074=AXIS2_PLACEMENT_3D('',#10850,#10851,#10852);
#9075=AXIS2_PLACEMENT_3D('',#10853,#10854,#10855);
#9076=AXIS2_PLACEMENT_3D('',#10856,#10857,#10858);
#9077=AXIS2_PLACEMENT_3D('',#10859,#10860,#10861);
#9078=AXIS2_PLACEMENT_3D('',#10862,#10863,#10864);
#9079=AXIS2_PLACEMENT_3D('',#10865,#10866,#10867);
#9080=AXIS2_PLACEMENT_3D('',#10868,#10869,#10870);
#9081=AXIS2_PLACEMENT_3D('',#10871,#10872,#10873);
#9082=AXIS2_PLACEMENT_3D('',#10874,#10875,#10876);
#9083=AXIS2_PLACEMENT_3D('',#10877,#10878,#10879);
#9084=AXIS2_PLACEMENT_3D('',#10880,#10881,#10882);
#9085=AXIS2_PLACEMENT_3D('',#10883,#10884,#10885);
#9086=AXIS2_PLACEMENT_3D('',#10886,#10887,#10888);
#9087=AXIS2_PLACEMENT_3D('',#10889,#10890,#10891);
#9088=AXIS2_PLACEMENT_3D('',#10892,#10893,#10894);
#9089=AXIS2_PLACEMENT_3D('',#10895,#10896,#10897);
#9090=CARTESIAN_POINT('',(13.825,-3.05,-3.355));
#9091=VECTOR('',#10898,7.875588664446);
#9092=CARTESIAN_POINT('',(8.85,-3.94,0.355));
#9093=VECTOR('',#10899,3.18);
#9094=CARTESIAN_POINT('',(-8.85,-3.43,0.355));
#9095=VECTOR('',#10900,3.69);
#9096=EDGE_CURVE('',#10901,#10902,#10903,.T.);
#9097=EDGE_CURVE('',#10902,#10904,#10905,.T.);
#9098=EDGE_CURVE('',#10904,#10906,#10907,.T.);
#9099=EDGE_CURVE('',#10906,#10908,#10909,.T.);
#9100=EDGE_CURVE('',#10908,#10910,#10911,.T.);
#9101=EDGE_CURVE('',#10912,#10910,#10913,.T.);
#9102=EDGE_CURVE('',#10912,#10914,#10915,.T.);
#9103=EDGE_CURVE('',#10916,#10914,#10917,.T.);
#9104=EDGE_CURVE('',#10918,#10916,#10919,.T.);
#9105=EDGE_CURVE('',#10920,#10918,#10921,.T.);
#9106=EDGE_CURVE('',#10922,#10920,#10923,.T.);
#9107=EDGE_CURVE('',#10924,#10922,#10925,.T.);
#9108=EDGE_CURVE('',#10924,#10926,#10927,.T.);
#9109=EDGE_CURVE('',#10926,#10901,#10928,.T.);
#9110=EDGE_CURVE('',#10929,#10926,#10930,.T.);
#9111=EDGE_CURVE('',#10929,#10931,#10932,.T.);
#9112=EDGE_CURVE('',#10901,#10931,#10933,.T.);
#9113=EDGE_CURVE('',#10931,#10934,#10935,.T.);
#9114=EDGE_CURVE('',#10902,#10934,#10936,.T.);
#9115=EDGE_CURVE('',#10934,#10937,#10938,.T.);
#9116=EDGE_CURVE('',#10939,#10937,#10940,.T.);
#9117=EDGE_CURVE('',#10941,#10939,#10942,.T.);
#9118=EDGE_CURVE('',#10904,#10941,#10943,.T.);
#9119=EDGE_CURVE('',#10906,#10944,#10945,.T.);
#9120=EDGE_CURVE('',#10941,#10946,#10947,.T.);
#9121=EDGE_CURVE('',#10948,#10946,#10949,.T.);
#9122=EDGE_CURVE('',#10950,#10948,#10951,.T.);
#9123=EDGE_CURVE('',#10952,#10950,#10953,.T.);
#9124=EDGE_CURVE('',#10944,#10952,#10954,.T.);
#9125=EDGE_CURVE('',#10952,#10955,#10956,.T.);
#9126=EDGE_CURVE('',#10957,#10955,#10958,.T.);
#9127=EDGE_CURVE('',#10944,#10957,#10959,.T.);
#9128=EDGE_CURVE('',#10908,#10960,#10961,.T.);
#9129=EDGE_CURVE('',#10962,#10957,#10963,.T.);
#9130=EDGE_CURVE('',#10960,#10962,#10964,.T.);
#9131=EDGE_CURVE('',#10929,#10965,#10966,.T.);
#9132=EDGE_CURVE('',#10967,#10965,#10968,.T.);
#9133=EDGE_CURVE('',#10967,#10969,#10970,.T.);
#9134=EDGE_CURVE('',#10969,#10971,#10972,.T.);
#9135=EDGE_CURVE('',#10971,#10973,#10974,.T.);
#9136=EDGE_CURVE('',#10975,#10973,#10976,.T.);
#9137=EDGE_CURVE('',#10960,#10975,#10977,.T.);
#9138=EDGE_CURVE('',#10937,#10962,#10978,.T.);
#9139=EDGE_CURVE('',#10979,#10980,#10981,.T.);
#9140=EDGE_CURVE('',#10980,#10982,#10983,.T.);
#9141=EDGE_CURVE('',#10982,#10984,#10985,.T.);
#9142=EDGE_CURVE('',#10984,#10986,#10987,.T.);
#9143=EDGE_CURVE('',#10986,#10988,#10989,.T.);
#9144=EDGE_CURVE('',#10988,#10990,#10991,.T.);
#9145=EDGE_CURVE('',#10990,#10992,#10993,.T.);
#9146=EDGE_CURVE('',#10992,#10979,#10994,.T.);
#9147=EDGE_CURVE('',#10955,#10995,#10996,.T.);
#9148=EDGE_CURVE('',#10995,#10997,#10998,.T.);
#9149=EDGE_CURVE('',#10997,#10999,#11000,.T.);
#9150=EDGE_CURVE('',#10999,#10939,#11001,.T.);
#9151=EDGE_CURVE('',#11002,#11003,#11004,.T.);
#9152=EDGE_CURVE('',#11003,#11005,#11006,.T.);
#9153=EDGE_CURVE('',#11005,#10979,#11007,.T.);
#9154=EDGE_CURVE('',#11008,#10992,#11009,.T.);
#9155=EDGE_CURVE('',#11002,#11008,#11010,.T.);
#9156=EDGE_CURVE('',#11011,#11012,#11013,.T.);
#9157=EDGE_CURVE('',#11011,#11002,#11014,.T.);
#9158=EDGE_CURVE('',#11008,#11015,#11016,.T.);
#9159=EDGE_CURVE('',#11017,#11015,#11018,.T.);
#9160=EDGE_CURVE('',#11019,#11017,#11020,.T.);
#9161=EDGE_CURVE('',#11021,#11019,#11022,.T.);
#9162=EDGE_CURVE('',#11012,#11021,#11023,.T.);
#9163=EDGE_CURVE('',#11021,#10984,#11024,.T.);
#9164=EDGE_CURVE('',#11012,#10982,#11025,.T.);
#9165=EDGE_CURVE('',#11026,#11027,#11028,.T.);
#9166=EDGE_CURVE('',#11026,#11011,#11029,.T.);
#9167=EDGE_CURVE('',#11027,#10980,#11030,.T.);
#9168=EDGE_CURVE('',#11005,#11031,#11032,.T.);
#9169=EDGE_CURVE('',#11031,#11033,#11034,.T.);
#9170=EDGE_CURVE('',#11035,#11033,#11036,.T.);
#9171=EDGE_CURVE('',#11035,#11037,#11038,.T.);
#9172=EDGE_CURVE('',#11039,#11037,#11040,.T.);
#9173=EDGE_CURVE('',#11041,#11039,#11042,.T.);
#9174=EDGE_CURVE('',#11043,#11041,#11044,.T.);
#9175=EDGE_CURVE('',#11043,#11045,#11046,.T.);
#9176=EDGE_CURVE('',#11045,#11027,#11047,.T.);
#9177=EDGE_CURVE('',#11048,#11045,#11049,.T.);
#9178=EDGE_CURVE('',#11048,#11026,#11050,.T.);
#9179=EDGE_CURVE('',#11051,#11052,#11053,.T.);
#9180=EDGE_CURVE('',#11051,#11054,#11055,.T.);
#9181=EDGE_CURVE('',#11054,#11056,#11057,.T.);
#9182=EDGE_CURVE('',#11056,#11058,#11059,.T.);
#9183=EDGE_CURVE('',#11058,#11060,#11061,.T.);
#9184=EDGE_CURVE('',#11060,#11062,#11063,.T.);
#9185=EDGE_CURVE('',#11064,#11062,#11065,.T.);
#9186=EDGE_CURVE('',#11064,#11066,#11067,.T.);
#9187=EDGE_CURVE('',#11003,#11066,#11068,.T.);
#9188=EDGE_CURVE('',#11052,#11048,#11069,.T.);
#9189=EDGE_CURVE('',#11070,#11071,#11072,.T.);
#9190=EDGE_CURVE('',#11073,#11070,#11074,.T.);
#9191=EDGE_CURVE('',#11075,#11073,#11076,.T.);
#9192=EDGE_CURVE('',#11077,#11075,#11078,.T.);
#9193=EDGE_CURVE('',#11079,#11077,#11080,.T.);
#9194=EDGE_CURVE('',#11081,#11079,#11082,.T.);
#9195=EDGE_CURVE('',#11071,#11081,#11083,.T.);
#9196=EDGE_CURVE('',#11052,#11043,#11084,.T.);
#9197=EDGE_CURVE('',#11051,#11041,#11085,.T.);
#9198=EDGE_CURVE('',#11062,#11035,#11086,.T.);
#9199=EDGE_CURVE('',#11064,#11033,#11087,.T.);
#9200=EDGE_CURVE('',#11051,#11039,#11088,.T.);
#9201=EDGE_CURVE('',#10965,#10924,#11089,.T.);
#9202=EDGE_CURVE('',#10967,#10924,#11090,.T.);
#9203=EDGE_CURVE('',#11060,#11091,#11092,.T.);
#9204=EDGE_CURVE('',#11091,#11037,#11093,.T.);
#9205=EDGE_CURVE('',#11062,#11037,#11094,.T.);
#9206=EDGE_CURVE('',#11039,#11095,#11096,.T.);
#9207=EDGE_CURVE('',#11097,#11095,#11098,.T.);
#9208=EDGE_CURVE('',#11054,#11097,#11099,.T.);
#9209=EDGE_CURVE('',#10971,#10914,#11100,.T.);
#9210=EDGE_CURVE('',#10969,#10914,#11101,.T.);
#9211=EDGE_CURVE('',#11102,#10969,#11103,.T.);
#9212=EDGE_CURVE('',#11102,#10916,#11104,.T.);
#9213=EDGE_CURVE('',#11105,#10922,#11106,.T.);
#9214=EDGE_CURVE('',#11107,#11105,#11108,.T.);
#9215=EDGE_CURVE('',#10967,#11107,#11109,.T.);
#9216=EDGE_CURVE('',#11110,#11111,#11112,.T.);
#9217=EDGE_CURVE('',#11111,#11113,#11114,.T.);
#9218=EDGE_CURVE('',#11113,#10918,#11115,.T.);
#9219=EDGE_CURVE('',#11102,#11091,#11116,.T.);
#9220=EDGE_CURVE('',#11058,#11117,#11118,.T.);
#9221=EDGE_CURVE('',#11117,#11119,#11120,.T.);
#9222=EDGE_CURVE('',#11119,#11121,#11122,.T.);
#9223=EDGE_CURVE('',#11121,#11123,#11124,.T.);
#9224=EDGE_CURVE('',#11125,#11123,#11126,.T.);
#9225=EDGE_CURVE('',#11110,#11125,#11127,.T.);
#9226=EDGE_CURVE('',#11128,#11129,#11130,.T.);
#9227=EDGE_CURVE('',#11131,#11129,#11132,.T.);
#9228=EDGE_CURVE('',#11133,#11131,#11134,.T.);
#9229=EDGE_CURVE('',#11133,#11128,#11135,.T.);
#9230=EDGE_CURVE('',#11136,#11133,#11137,.T.);
#9231=EDGE_CURVE('',#11138,#11136,#11139,.T.);
#9232=EDGE_CURVE('',#11140,#11138,#11141,.T.);
#9233=EDGE_CURVE('',#11128,#11140,#11142,.T.);
#9234=EDGE_CURVE('',#11140,#11143,#11144,.T.);
#9235=EDGE_CURVE('',#11129,#11143,#11145,.T.);
#9236=EDGE_CURVE('',#11143,#11146,#11147,.T.);
#9237=EDGE_CURVE('',#11146,#11148,#11149,.T.);
#9238=EDGE_CURVE('',#11148,#11131,#11150,.T.);
#9239=EDGE_CURVE('',#11136,#11148,#11151,.T.);
#9240=EDGE_CURVE('',#11138,#11146,#11152,.T.);
#9241=EDGE_CURVE('',#11125,#11153,#11154,.T.);
#9242=EDGE_CURVE('',#11155,#11153,#11156,.T.);
#9243=EDGE_CURVE('',#11155,#11110,#11157,.T.);
#9244=EDGE_CURVE('',#11158,#11159,#11160,.T.);
#9245=EDGE_CURVE('',#11159,#11161,#11162,.T.);
#9246=EDGE_CURVE('',#11161,#11163,#11164,.T.);
#9247=EDGE_CURVE('',#11163,#11165,#11166,.T.);
#9248=EDGE_CURVE('',#11165,#11167,#11168,.T.);
#9249=EDGE_CURVE('',#11158,#11167,#11169,.T.);
#9250=EDGE_CURVE('',#11170,#11171,#11172,.T.);
#9251=EDGE_CURVE('',#11171,#11121,#11173,.T.);
#9252=EDGE_CURVE('',#11119,#11174,#11175,.T.);
#9253=EDGE_CURVE('',#11174,#11176,#11177,.T.);
#9254=EDGE_CURVE('',#11176,#11170,#11178,.T.);
#9255=EDGE_CURVE('',#11179,#11180,#11181,.T.);
#9256=EDGE_CURVE('',#11180,#11182,#11183,.T.);
#9257=EDGE_CURVE('',#11182,#11184,#11185,.T.);
#9258=EDGE_CURVE('',#11179,#11184,#11186,.T.);
#9259=EDGE_CURVE('',#11187,#11188,#11189,.T.);
#9260=EDGE_CURVE('',#11190,#11188,#11191,.T.);
#9261=EDGE_CURVE('',#11190,#11192,#11193,.T.);
#9262=EDGE_CURVE('',#11192,#11187,#11194,.T.);
#9263=EDGE_CURVE('',#11195,#11196,#11197,.T.);
#9264=EDGE_CURVE('',#11196,#11198,#11199,.T.);
#9265=EDGE_CURVE('',#11198,#11200,#11201,.T.);
#9266=EDGE_CURVE('',#11195,#11200,#11202,.T.);
#9267=EDGE_CURVE('',#11203,#11204,#11205,.T.);
#9268=EDGE_CURVE('',#11206,#11204,#11207,.T.);
#9269=EDGE_CURVE('',#11206,#11208,#11209,.T.);
#9270=EDGE_CURVE('',#11208,#11203,#11210,.T.);
#9271=EDGE_CURVE('',#11211,#11212,#11213,.T.);
#9272=EDGE_CURVE('',#11212,#11214,#11215,.T.);
#9273=EDGE_CURVE('',#11214,#11216,#11217,.T.);
#9274=EDGE_CURVE('',#11211,#11216,#11218,.T.);
#9275=EDGE_CURVE('',#11219,#11220,#11221,.T.);
#9276=EDGE_CURVE('',#11222,#11220,#11223,.T.);
#9277=EDGE_CURVE('',#11222,#11224,#11225,.T.);
#9278=EDGE_CURVE('',#11224,#11219,#11226,.T.);
#9279=EDGE_CURVE('',#11227,#11228,#11229,.T.);
#9280=EDGE_CURVE('',#11228,#11230,#11231,.T.);
#9281=EDGE_CURVE('',#11230,#11232,#11233,.T.);
#9282=EDGE_CURVE('',#11227,#11232,#11234,.T.);
#9283=EDGE_CURVE('',#11235,#11236,#11237,.T.);
#9284=EDGE_CURVE('',#11238,#11236,#11239,.T.);
#9285=EDGE_CURVE('',#11238,#11240,#11241,.T.);
#9286=EDGE_CURVE('',#11240,#11235,#11242,.T.);
#9287=EDGE_CURVE('',#11243,#11244,#11245,.T.);
#9288=EDGE_CURVE('',#11244,#11246,#11247,.T.);
#9289=EDGE_CURVE('',#11246,#11248,#11249,.T.);
#9290=EDGE_CURVE('',#11248,#11243,#11250,.T.);
#9291=EDGE_CURVE('',#11251,#11252,#11253,.T.);
#9292=EDGE_CURVE('',#11254,#11252,#11255,.T.);
#9293=EDGE_CURVE('',#11254,#11256,#11257,.T.);
#9294=EDGE_CURVE('',#11256,#11251,#11258,.T.);
#9295=EDGE_CURVE('',#11259,#11260,#11261,.T.);
#9296=EDGE_CURVE('',#11262,#11260,#11263,.T.);
#9297=EDGE_CURVE('',#11262,#11264,#11265,.T.);
#9298=EDGE_CURVE('',#11264,#11259,#11266,.T.);
#9299=EDGE_CURVE('',#11267,#11268,#11269,.T.);
#9300=EDGE_CURVE('',#11270,#11268,#11271,.T.);
#9301=EDGE_CURVE('',#11270,#11272,#11273,.T.);
#9302=EDGE_CURVE('',#11272,#11267,#11274,.T.);
#9303=EDGE_CURVE('',#11275,#11276,#11277,.T.);
#9304=EDGE_CURVE('',#11278,#11276,#11279,.T.);
#9305=EDGE_CURVE('',#11278,#11280,#11281,.T.);
#9306=EDGE_CURVE('',#11282,#11280,#11283,.T.);
#9307=EDGE_CURVE('',#11282,#11284,#11285,.T.);
#9308=EDGE_CURVE('',#11275,#11284,#11286,.T.);
#9309=EDGE_CURVE('',#11287,#11288,#11289,.T.);
#9310=EDGE_CURVE('',#11111,#11288,#11290,.T.);
#9311=EDGE_CURVE('',#11155,#11291,#11292,.T.);
#9312=EDGE_CURVE('',#11287,#11291,#11293,.T.);
#9313=EDGE_CURVE('',#11294,#11295,#11296,.T.);
#9314=EDGE_CURVE('',#11297,#11295,#11298,.T.);
#9315=EDGE_CURVE('',#11297,#11299,#11300,.T.);
#9316=EDGE_CURVE('',#11299,#11294,#11301,.T.);
#9317=EDGE_CURVE('',#11302,#11303,#11304,.T.);
#9318=EDGE_CURVE('',#11305,#11303,#11306,.T.);
#9319=EDGE_CURVE('',#11305,#11307,#11308,.T.);
#9320=EDGE_CURVE('',#11307,#11302,#11309,.T.);
#9321=EDGE_CURVE('',#11167,#11310,#11311,.T.);
#9322=EDGE_CURVE('',#11310,#11312,#11313,.T.);
#9323=EDGE_CURVE('',#11158,#11312,#11314,.T.);
#9324=EDGE_CURVE('',#11170,#11315,#11316,.T.);
#9325=EDGE_CURVE('',#11317,#11176,#11318,.T.);
#9326=EDGE_CURVE('',#11319,#11317,#11320,.T.);
#9327=EDGE_CURVE('',#11321,#11319,#11322,.T.);
#9328=EDGE_CURVE('',#11315,#11321,#11323,.T.);
#9329=EDGE_CURVE('',#11324,#11325,#11326,.T.);
#9330=EDGE_CURVE('',#11327,#11325,#11328,.T.);
#9331=EDGE_CURVE('',#11329,#11327,#11330,.T.);
#9332=EDGE_CURVE('',#11324,#11329,#11331,.T.);
#9333=EDGE_CURVE('',#11332,#11333,#11334,.T.);
#9334=EDGE_CURVE('',#11335,#11332,#11336,.T.);
#9335=EDGE_CURVE('',#11335,#11337,#11338,.T.);
#9336=EDGE_CURVE('',#11333,#11337,#11339,.T.);
#9337=EDGE_CURVE('',#11312,#11340,#11341,.T.);
#9338=EDGE_CURVE('',#11159,#11340,#11342,.T.);
#9339=EDGE_CURVE('',#11343,#11344,#11345,.T.);
#9340=EDGE_CURVE('',#11180,#11344,#11346,.T.);
#9341=EDGE_CURVE('',#11179,#11343,#11347,.T.);
#9342=EDGE_CURVE('',#11348,#11349,#11350,.T.);
#9343=EDGE_CURVE('',#11196,#11349,#11351,.T.);
#9344=EDGE_CURVE('',#11195,#11348,#11352,.T.);
#9345=EDGE_CURVE('',#11353,#11354,#11355,.T.);
#9346=EDGE_CURVE('',#11212,#11354,#11356,.T.);
#9347=EDGE_CURVE('',#11211,#11353,#11357,.T.);
#9348=EDGE_CURVE('',#11358,#11359,#11360,.T.);
#9349=EDGE_CURVE('',#11228,#11359,#11361,.T.);
#9350=EDGE_CURVE('',#11227,#11358,#11362,.T.);
#9351=EDGE_CURVE('',#11363,#11364,#11365,.T.);
#9352=EDGE_CURVE('',#11244,#11364,#11366,.T.);
#9353=EDGE_CURVE('',#11243,#11363,#11367,.T.);
#9354=EDGE_CURVE('',#11368,#11369,#11370,.T.);
#9355=EDGE_CURVE('',#11260,#11369,#11371,.T.);
#9356=EDGE_CURVE('',#11259,#11368,#11372,.T.);
#9357=EDGE_CURVE('',#11282,#11373,#11374,.T.);
#9358=EDGE_CURVE('',#11373,#11375,#11376,.T.);
#9359=EDGE_CURVE('',#11284,#11375,#11377,.T.);
#9360=EDGE_CURVE('',#11378,#11379,#11380,.T.);
#9361=EDGE_CURVE('',#11295,#11379,#11381,.T.);
#9362=EDGE_CURVE('',#11294,#11378,#11382,.T.);
#9363=EDGE_CURVE('',#11383,#11384,#11385,.T.);
#9364=EDGE_CURVE('',#11386,#11383,#11387,.T.);
#9365=EDGE_CURVE('',#11388,#11386,#11389,.T.);
#9366=EDGE_CURVE('',#11388,#11390,#11391,.T.);
#9367=EDGE_CURVE('',#11174,#11390,#11392,.T.);
#9368=EDGE_CURVE('',#11117,#11393,#11394,.T.);
#9369=EDGE_CURVE('',#11393,#11161,#11395,.T.);
#9370=EDGE_CURVE('',#11340,#11384,#11396,.T.);
#9371=EDGE_CURVE('',#11397,#11398,#11399,.T.);
#9372=EDGE_CURVE('',#11398,#11400,#11401,.T.);
#9373=EDGE_CURVE('',#11400,#11375,#11402,.T.);
#9374=EDGE_CURVE('',#11373,#11403,#11404,.T.);
#9375=EDGE_CURVE('',#11405,#11403,#11406,.T.);
#9376=EDGE_CURVE('',#11405,#11407,#11408,.T.);
#9377=EDGE_CURVE('',#11409,#11407,#11410,.T.);
#9378=EDGE_CURVE('',#11409,#11411,#11412,.T.);
#9379=EDGE_CURVE('',#11413,#11411,#11414,.T.);
#9380=EDGE_CURVE('',#11415,#11413,#11416,.T.);
#9381=EDGE_CURVE('',#11417,#11415,#11418,.T.);
#9382=EDGE_CURVE('',#11419,#11417,#11420,.T.);
#9383=EDGE_CURVE('',#11421,#11419,#11422,.T.);
#9384=EDGE_CURVE('',#11423,#11421,#11424,.T.);
#9385=EDGE_CURVE('',#11425,#11423,#11426,.T.);
#9386=EDGE_CURVE('',#11425,#11427,#11428,.T.);
#9387=EDGE_CURVE('',#11427,#11429,#11430,.T.);
#9388=EDGE_CURVE('',#11429,#11431,#11432,.T.);
#9389=EDGE_CURVE('',#11431,#11433,#11434,.T.);
#9390=EDGE_CURVE('',#11433,#11435,#11436,.T.);
#9391=EDGE_CURVE('',#11437,#11435,#11438,.T.);
#9392=EDGE_CURVE('',#11439,#11437,#11440,.T.);
#9393=EDGE_CURVE('',#11441,#11439,#11442,.T.);
#9394=EDGE_CURVE('',#11443,#11441,#11444,.T.);
#9395=EDGE_CURVE('',#11445,#11443,#11446,.T.);
#9396=EDGE_CURVE('',#11447,#11445,#11448,.T.);
#9397=EDGE_CURVE('',#11449,#11447,#11450,.T.);
#9398=EDGE_CURVE('',#11449,#11451,#11452,.T.);
#9399=EDGE_CURVE('',#11451,#11453,#11454,.T.);
#9400=EDGE_CURVE('',#11453,#11455,#11456,.T.);
#9401=EDGE_CURVE('',#11455,#11457,#11458,.T.);
#9402=EDGE_CURVE('',#11457,#11459,#11460,.T.);
#9403=EDGE_CURVE('',#11461,#11459,#11462,.T.);
#9404=EDGE_CURVE('',#11463,#11461,#11464,.T.);
#9405=EDGE_CURVE('',#11465,#11463,#11466,.T.);
#9406=EDGE_CURVE('',#11467,#11465,#11468,.T.);
#9407=EDGE_CURVE('',#11469,#11467,#11470,.T.);
#9408=EDGE_CURVE('',#11471,#11469,#11472,.T.);
#9409=EDGE_CURVE('',#11473,#11471,#11474,.T.);
#9410=EDGE_CURVE('',#11473,#11475,#11476,.T.);
#9411=EDGE_CURVE('',#11475,#11477,#11478,.T.);
#9412=EDGE_CURVE('',#11477,#11479,#11480,.T.);
#9413=EDGE_CURVE('',#11479,#11481,#11482,.T.);
#9414=EDGE_CURVE('',#11481,#11483,#11484,.T.);
#9415=EDGE_CURVE('',#11485,#11483,#11486,.T.);
#9416=EDGE_CURVE('',#11487,#11485,#11488,.T.);
#9417=EDGE_CURVE('',#11489,#11487,#11490,.T.);
#9418=EDGE_CURVE('',#11491,#11489,#11492,.T.);
#9419=EDGE_CURVE('',#11493,#11491,#11494,.T.);
#9420=EDGE_CURVE('',#11495,#11493,#11496,.T.);
#9421=EDGE_CURVE('',#11497,#11495,#11498,.T.);
#9422=EDGE_CURVE('',#11497,#11499,#11500,.T.);
#9423=EDGE_CURVE('',#11499,#11501,#11502,.T.);
#9424=EDGE_CURVE('',#11501,#11503,#11504,.T.);
#9425=EDGE_CURVE('',#11503,#11505,#11506,.T.);
#9426=EDGE_CURVE('',#11505,#11507,#11508,.T.);
#9427=EDGE_CURVE('',#11509,#11507,#11510,.T.);
#9428=EDGE_CURVE('',#11511,#11509,#11512,.T.);
#9429=EDGE_CURVE('',#11513,#11511,#11514,.T.);
#9430=EDGE_CURVE('',#11515,#11513,#11516,.T.);
#9431=EDGE_CURVE('',#11517,#11515,#11518,.T.);
#9432=EDGE_CURVE('',#11519,#11517,#11520,.T.);
#9433=EDGE_CURVE('',#11521,#11519,#11522,.T.);
#9434=EDGE_CURVE('',#11521,#11523,#11524,.T.);
#9435=EDGE_CURVE('',#11523,#11525,#11526,.T.);
#9436=EDGE_CURVE('',#11525,#11527,#11528,.T.);
#9437=EDGE_CURVE('',#11527,#11529,#11530,.T.);
#9438=EDGE_CURVE('',#11529,#11531,#11532,.T.);
#9439=EDGE_CURVE('',#11533,#11531,#11534,.T.);
#9440=EDGE_CURVE('',#11535,#11533,#11536,.T.);
#9441=EDGE_CURVE('',#11537,#11535,#11538,.T.);
#9442=EDGE_CURVE('',#11539,#11537,#11540,.T.);
#9443=EDGE_CURVE('',#11541,#11539,#11542,.T.);
#9444=EDGE_CURVE('',#11543,#11541,#11544,.T.);
#9445=EDGE_CURVE('',#11545,#11543,#11546,.T.);
#9446=EDGE_CURVE('',#11545,#11547,#11548,.T.);
#9447=EDGE_CURVE('',#11547,#11549,#11550,.T.);
#9448=EDGE_CURVE('',#11549,#11551,#11552,.T.);
#9449=EDGE_CURVE('',#11551,#11553,#11554,.T.);
#9450=EDGE_CURVE('',#11553,#11555,#11556,.T.);
#9451=EDGE_CURVE('',#11557,#11555,#11558,.T.);
#9452=EDGE_CURVE('',#11559,#11557,#11560,.T.);
#9453=EDGE_CURVE('',#11561,#11559,#11562,.T.);
#9454=EDGE_CURVE('',#11563,#11561,#11564,.T.);
#9455=EDGE_CURVE('',#11565,#11563,#11566,.T.);
#9456=EDGE_CURVE('',#11567,#11565,#11568,.T.);
#9457=EDGE_CURVE('',#11569,#11567,#11570,.T.);
#9458=EDGE_CURVE('',#11569,#11571,#11572,.T.);
#9459=EDGE_CURVE('',#11571,#11573,#11574,.T.);
#9460=EDGE_CURVE('',#11573,#11575,#11576,.T.);
#9461=EDGE_CURVE('',#11575,#11577,#11578,.T.);
#9462=EDGE_CURVE('',#11577,#11579,#11580,.T.);
#9463=EDGE_CURVE('',#11581,#11579,#11582,.T.);
#9464=EDGE_CURVE('',#11583,#11581,#11584,.T.);
#9465=EDGE_CURVE('',#11585,#11583,#11586,.T.);
#9466=EDGE_CURVE('',#11587,#11585,#11588,.T.);
#9467=EDGE_CURVE('',#11589,#11587,#11590,.T.);
#9468=EDGE_CURVE('',#11591,#11589,#11592,.T.);
#9469=EDGE_CURVE('',#11333,#11591,#11593,.T.);
#9470=EDGE_CURVE('',#11337,#11327,#11594,.T.);
#9471=EDGE_CURVE('',#11325,#11319,#11595,.T.);
#9472=EDGE_CURVE('',#11390,#11317,#11596,.T.);
#9473=EDGE_CURVE('',#11597,#11388,#11598,.T.);
#9474=EDGE_CURVE('',#11599,#11597,#11600,.T.);
#9475=EDGE_CURVE('',#11384,#11599,#11601,.T.);
#9476=EDGE_CURVE('',#11602,#11310,#11603,.T.);
#9477=EDGE_CURVE('',#11602,#11604,#11605,.T.);
#9478=EDGE_CURVE('',#11604,#11606,#11607,.T.);
#9479=EDGE_CURVE('',#11606,#11344,#11608,.T.);
#9480=EDGE_CURVE('',#11609,#11343,#11610,.T.);
#9481=EDGE_CURVE('',#11611,#11609,#11612,.T.);
#9482=EDGE_CURVE('',#11611,#11613,#11614,.T.);
#9483=EDGE_CURVE('',#11613,#11615,#11616,.T.);
#9484=EDGE_CURVE('',#11615,#11349,#11617,.T.);
#9485=EDGE_CURVE('',#11618,#11348,#11619,.T.);
#9486=EDGE_CURVE('',#11620,#11618,#11621,.T.);
#9487=EDGE_CURVE('',#11620,#11622,#11623,.T.);
#9488=EDGE_CURVE('',#11622,#11624,#11625,.T.);
#9489=EDGE_CURVE('',#11624,#11354,#11626,.T.);
#9490=EDGE_CURVE('',#11627,#11353,#11628,.T.);
#9491=EDGE_CURVE('',#11629,#11627,#11630,.T.);
#9492=EDGE_CURVE('',#11629,#11631,#11632,.T.);
#9493=EDGE_CURVE('',#11631,#11633,#11634,.T.);
#9494=EDGE_CURVE('',#11633,#11359,#11635,.T.);
#9495=EDGE_CURVE('',#11636,#11358,#11637,.T.);
#9496=EDGE_CURVE('',#11638,#11636,#11639,.T.);
#9497=EDGE_CURVE('',#11638,#11640,#11641,.T.);
#9498=EDGE_CURVE('',#11640,#11642,#11643,.T.);
#9499=EDGE_CURVE('',#11642,#11364,#11644,.T.);
#9500=EDGE_CURVE('',#11645,#11363,#11646,.T.);
#9501=EDGE_CURVE('',#11647,#11645,#11648,.T.);
#9502=EDGE_CURVE('',#11647,#11649,#11650,.T.);
#9503=EDGE_CURVE('',#11649,#11651,#11652,.T.);
#9504=EDGE_CURVE('',#11651,#11369,#11653,.T.);
#9505=EDGE_CURVE('',#11654,#11368,#11655,.T.);
#9506=EDGE_CURVE('',#11656,#11654,#11657,.T.);
#9507=EDGE_CURVE('',#11656,#11658,#11659,.T.);
#9508=EDGE_CURVE('',#11658,#11660,#11661,.T.);
#9509=EDGE_CURVE('',#11660,#11379,#11662,.T.);
#9510=EDGE_CURVE('',#11663,#11378,#11664,.T.);
#9511=EDGE_CURVE('',#11397,#11663,#11665,.T.);
#9512=EDGE_CURVE('',#11427,#11666,#11667,.T.);
#9513=EDGE_CURVE('',#11666,#11668,#11669,.T.);
#9514=EDGE_CURVE('',#11668,#11429,#11670,.T.);
#9515=EDGE_CURVE('',#11671,#11672,#11673,.T.);
#9516=EDGE_CURVE('',#11672,#11674,#11675,.T.);
#9517=EDGE_CURVE('',#11674,#11676,#11677,.T.);
#9518=EDGE_CURVE('',#11676,#11671,#11678,.T.);
#9519=EDGE_CURVE('',#11679,#11680,#11681,.T.);
#9520=EDGE_CURVE('',#11680,#11682,#11683,.T.);
#9521=EDGE_CURVE('',#11682,#11684,#11685,.T.);
#9522=EDGE_CURVE('',#11684,#11679,#11686,.T.);
#9523=EDGE_CURVE('',#11687,#11688,#11689,.T.);
#9524=EDGE_CURVE('',#11688,#11433,#11690,.T.);
#9525=EDGE_CURVE('',#11431,#11691,#11692,.T.);
#9526=EDGE_CURVE('',#11691,#11693,#11694,.T.);
#9527=EDGE_CURVE('',#11693,#11687,#11695,.T.);
#9528=EDGE_CURVE('',#11663,#11696,#11697,.T.);
#9529=EDGE_CURVE('',#11696,#11698,#11699,.T.);
#9530=EDGE_CURVE('',#11698,#11397,#11700,.T.);
#9531=EDGE_CURVE('',#11701,#11702,#11703,.T.);
#9532=EDGE_CURVE('',#11702,#11429,#11704,.T.);
#9533=EDGE_CURVE('',#11668,#11705,#11706,.T.);
#9534=EDGE_CURVE('',#11705,#11419,#11707,.T.);
#9535=EDGE_CURVE('',#11419,#11701,#11708,.T.);
#9536=EDGE_CURVE('',#11413,#11287,#11709,.T.);
#9537=EDGE_CURVE('',#11291,#11710,#11711,.T.);
#9538=EDGE_CURVE('',#11710,#11712,#11713,.T.);
#9539=EDGE_CURVE('',#11415,#11712,#11714,.T.);
#9540=EDGE_CURVE('',#11715,#11701,#11716,.T.);
#9541=EDGE_CURVE('',#11417,#11715,#11717,.T.);
#9542=EDGE_CURVE('',#11275,#11400,#11718,.T.);
#9543=EDGE_CURVE('',#11421,#11719,#11720,.T.);
#9544=EDGE_CURVE('',#11719,#11721,#11722,.T.);
#9545=EDGE_CURVE('',#11721,#11423,#11723,.T.);
#9546=EDGE_CURVE('',#11712,#11724,#11725,.T.);
#9547=EDGE_CURVE('',#11724,#11433,#11726,.T.);
#9548=EDGE_CURVE('',#11688,#11727,#11728,.T.);
#9549=EDGE_CURVE('',#11727,#11415,#11729,.T.);
#9550=EDGE_CURVE('',#11730,#11705,#11731,.T.);
#9551=EDGE_CURVE('',#11421,#11730,#11732,.T.);
#9552=EDGE_CURVE('',#11733,#11734,#11735,.T.);
#9553=EDGE_CURVE('',#11736,#11733,#11737,.T.);
#9554=EDGE_CURVE('',#11738,#11736,#11739,.T.);
#9555=EDGE_CURVE('',#11738,#11734,#11740,.T.);
#9556=EDGE_CURVE('',#11741,#11742,#11743,.T.);
#9557=EDGE_CURVE('',#11744,#11741,#11745,.T.);
#9558=EDGE_CURVE('',#11746,#11744,#11747,.T.);
#9559=EDGE_CURVE('',#11746,#11742,#11748,.T.);
#9560=EDGE_CURVE('',#11749,#11750,#11751,.T.);
#9561=EDGE_CURVE('',#11417,#11749,#11752,.T.);
#9562=EDGE_CURVE('',#11753,#11727,#11754,.T.);
#9563=EDGE_CURVE('',#11753,#11750,#11755,.T.);
#9564=EDGE_CURVE('',#11756,#11757,#11758,.T.);
#9565=EDGE_CURVE('',#11756,#11400,#11759,.T.);
#9566=EDGE_CURVE('',#11398,#11757,#11760,.T.);
#9567=EDGE_CURVE('',#11666,#11730,#11761,.T.);
#9568=EDGE_CURVE('',#11762,#11427,#11763,.T.);
#9569=EDGE_CURVE('',#11719,#11762,#11764,.T.);
#9570=EDGE_CURVE('',#11710,#11765,#11766,.T.);
#9571=EDGE_CURVE('',#11765,#11724,#11767,.T.);
#9572=EDGE_CURVE('',#11768,#11702,#11769,.T.);
#9573=EDGE_CURVE('',#11715,#11768,#11770,.T.);
#9574=EDGE_CURVE('',#11762,#11771,#11772,.T.);
#9575=EDGE_CURVE('',#11721,#11771,#11773,.T.);
#9576=EDGE_CURVE('',#11302,#11765,#11774,.T.);
#9577=EDGE_CURVE('',#11435,#11307,#11775,.T.);
#9578=EDGE_CURVE('',#11768,#11431,#11776,.T.);
#9579=EDGE_CURVE('',#11299,#11663,#11777,.T.);
#9580=EDGE_CURVE('',#11771,#11425,#11778,.T.);
#9581=EDGE_CURVE('',#11581,#11190,#11779,.T.);
#9582=EDGE_CURVE('',#11579,#11192,#11780,.T.);
#9583=EDGE_CURVE('',#11557,#11206,#11781,.T.);
#9584=EDGE_CURVE('',#11555,#11208,#11782,.T.);
#9585=EDGE_CURVE('',#11533,#11222,#11783,.T.);
#9586=EDGE_CURVE('',#11531,#11224,#11784,.T.);
#9587=EDGE_CURVE('',#11509,#11238,#11785,.T.);
#9588=EDGE_CURVE('',#11507,#11240,#11786,.T.);
#9589=EDGE_CURVE('',#11485,#11254,#11787,.T.);
#9590=EDGE_CURVE('',#11483,#11256,#11788,.T.);
#9591=EDGE_CURVE('',#11461,#11270,#11789,.T.);
#9592=EDGE_CURVE('',#11459,#11272,#11790,.T.);
#9593=EDGE_CURVE('',#11288,#11411,#11791,.T.);
#9594=EDGE_CURVE('',#11437,#11305,#11792,.T.);
#9595=EDGE_CURVE('',#11184,#11609,#11793,.T.);
#9596=EDGE_CURVE('',#11794,#11569,#11795,.T.);
#9597=EDGE_CURVE('',#11796,#11794,#11797,.T.);
#9598=EDGE_CURVE('',#11796,#11571,#11798,.T.);
#9599=EDGE_CURVE('',#11187,#11799,#11800,.T.);
#9600=EDGE_CURVE('',#11801,#11577,#11802,.T.);
#9601=EDGE_CURVE('',#11799,#11801,#11803,.T.);
#9602=EDGE_CURVE('',#11804,#11575,#11805,.T.);
#9603=EDGE_CURVE('',#11806,#11573,#11807,.T.);
#9604=EDGE_CURVE('',#11804,#11806,#11808,.T.);
#9605=EDGE_CURVE('',#11264,#11654,#11809,.T.);
#9606=EDGE_CURVE('',#11262,#11651,#11810,.T.);
#9607=EDGE_CURVE('',#11811,#11651,#11812,.T.);
#9608=EDGE_CURVE('',#11811,#11813,#11814,.T.);
#9609=EDGE_CURVE('',#11645,#11813,#11815,.T.);
#9610=EDGE_CURVE('',#11248,#11645,#11816,.T.);
#9611=EDGE_CURVE('',#11246,#11642,#11817,.T.);
#9612=EDGE_CURVE('',#11642,#11818,#11819,.T.);
#9613=EDGE_CURVE('',#11818,#11820,#11821,.T.);
#9614=EDGE_CURVE('',#11636,#11820,#11822,.T.);
#9615=EDGE_CURVE('',#11232,#11636,#11823,.T.);
#9616=EDGE_CURVE('',#11230,#11633,#11824,.T.);
#9617=EDGE_CURVE('',#11633,#11825,#11826,.T.);
#9618=EDGE_CURVE('',#11825,#11827,#11828,.T.);
#9619=EDGE_CURVE('',#11627,#11827,#11829,.T.);
#9620=EDGE_CURVE('',#11216,#11627,#11830,.T.);
#9621=EDGE_CURVE('',#11214,#11624,#11831,.T.);
#9622=EDGE_CURVE('',#11624,#11832,#11833,.T.);
#9623=EDGE_CURVE('',#11832,#11834,#11835,.T.);
#9624=EDGE_CURVE('',#11618,#11834,#11836,.T.);
#9625=EDGE_CURVE('',#11200,#11618,#11837,.T.);
#9626=EDGE_CURVE('',#11198,#11615,#11838,.T.);
#9627=EDGE_CURVE('',#11615,#11839,#11840,.T.);
#9628=EDGE_CURVE('',#11839,#11841,#11842,.T.);
#9629=EDGE_CURVE('',#11609,#11841,#11843,.T.);
#9630=EDGE_CURVE('',#11182,#11606,#11844,.T.);
#9631=EDGE_CURVE('',#11606,#11845,#11846,.T.);
#9632=EDGE_CURVE('',#11847,#11845,#11848,.T.);
#9633=EDGE_CURVE('',#11310,#11847,#11849,.T.);
#9634=EDGE_CURVE('',#11850,#11165,#11851,.T.);
#9635=EDGE_CURVE('',#11097,#11850,#11852,.T.);
#9636=EDGE_CURVE('',#11107,#11095,#11853,.T.);
#9637=EDGE_CURVE('',#11105,#11854,#11855,.T.);
#9638=EDGE_CURVE('',#11854,#11856,#11857,.T.);
#9639=EDGE_CURVE('',#11856,#11276,#11858,.T.);
#9640=EDGE_CURVE('',#11756,#11696,#11859,.T.);
#9641=EDGE_CURVE('',#11297,#11660,#11860,.T.);
#9642=EDGE_CURVE('',#11861,#11660,#11862,.T.);
#9643=EDGE_CURVE('',#11861,#11863,#11864,.T.);
#9644=EDGE_CURVE('',#11654,#11863,#11865,.T.);
#9645=EDGE_CURVE('',#11866,#11867,#11868,.T.);
#9646=EDGE_CURVE('',#11869,#11867,#11870,.T.);
#9647=EDGE_CURVE('',#11869,#11871,#11872,.T.);
#9648=EDGE_CURVE('',#11871,#11866,#11873,.T.);
#9649=EDGE_CURVE('',#11874,#11875,#11876,.T.);
#9650=EDGE_CURVE('',#11877,#11874,#11878,.T.);
#9651=EDGE_CURVE('',#11879,#11877,#11880,.T.);
#9652=EDGE_CURVE('',#11879,#11875,#11881,.T.);
#9653=EDGE_CURVE('',#11882,#11883,#11884,.T.);
#9654=EDGE_CURVE('',#11885,#11883,#11886,.T.);
#9655=EDGE_CURVE('',#11875,#11885,#11887,.T.);
#9656=EDGE_CURVE('',#11879,#11888,#11889,.T.);
#9657=EDGE_CURVE('',#11890,#11888,#11891,.T.);
#9658=EDGE_CURVE('',#11892,#11890,#11893,.T.);
#9659=EDGE_CURVE('',#11894,#11892,#11895,.T.);
#9660=EDGE_CURVE('',#11896,#11894,#11897,.T.);
#9661=EDGE_CURVE('',#11898,#11896,#11899,.T.);
#9662=EDGE_CURVE('',#11900,#11898,#11901,.T.);
#9663=EDGE_CURVE('',#11900,#11902,#11903,.T.);
#9664=EDGE_CURVE('',#11902,#11904,#11905,.T.);
#9665=EDGE_CURVE('',#11904,#11882,#11906,.T.);
#9666=EDGE_CURVE('',#11907,#11904,#11908,.T.);
#9667=EDGE_CURVE('',#11909,#11907,#11910,.T.);
#9668=EDGE_CURVE('',#11909,#11882,#11911,.T.);
#9669=EDGE_CURVE('',#11912,#11913,#11914,.T.);
#9670=EDGE_CURVE('',#11915,#11912,#11916,.T.);
#9671=EDGE_CURVE('',#11915,#11917,#11918,.T.);
#9672=EDGE_CURVE('',#11917,#11913,#11919,.T.);
#9673=EDGE_CURVE('',#11920,#11909,#11921,.T.);
#9674=EDGE_CURVE('',#11920,#11892,#11922,.T.);
#9675=EDGE_CURVE('',#11892,#11882,#11923,.T.);
#9676=EDGE_CURVE('',#11890,#11924,#11925,.T.);
#9677=EDGE_CURVE('',#11924,#11883,#11926,.T.);
#9678=EDGE_CURVE('',#11888,#11927,#11928,.T.);
#9679=EDGE_CURVE('',#11927,#11924,#11929,.T.);
#9680=EDGE_CURVE('',#11924,#11930,#11931,.T.);
#9681=EDGE_CURVE('',#11930,#11885,#11932,.T.);
#9682=EDGE_CURVE('',#11877,#11927,#11933,.T.);
#9683=EDGE_CURVE('',#11874,#11930,#11934,.T.);
#9684=EDGE_CURVE('',#11920,#11935,#11936,.T.);
#9685=EDGE_CURVE('',#11894,#11935,#11937,.T.);
#9686=EDGE_CURVE('',#11938,#11939,#11940,.T.);
#9687=EDGE_CURVE('',#11939,#11941,#11942,.T.);
#9688=EDGE_CURVE('',#11941,#11943,#11944,.T.);
#9689=EDGE_CURVE('',#11938,#11943,#11945,.T.);
#9690=EDGE_CURVE('',#11896,#11902,#11946,.T.);
#9691=EDGE_CURVE('',#11935,#11907,#11947,.T.);
#9692=EDGE_CURVE('',#11898,#11900,#11948,.T.);
#9693=EDGE_CURVE('',#11949,#11917,#11950,.T.);
#9694=EDGE_CURVE('',#11951,#11949,#11952,.T.);
#9695=EDGE_CURVE('',#11951,#11953,#11954,.T.);
#9696=EDGE_CURVE('',#11953,#11955,#11956,.T.);
#9697=EDGE_CURVE('',#11955,#11938,#11957,.T.);
#9698=EDGE_CURVE('',#11943,#11958,#11959,.T.);
#9699=EDGE_CURVE('',#11958,#11960,#11961,.T.);
#9700=EDGE_CURVE('',#11866,#11960,#11962,.T.);
#9701=EDGE_CURVE('',#11871,#11963,#11964,.T.);
#9702=EDGE_CURVE('',#11963,#11965,#11966,.T.);
#9703=EDGE_CURVE('',#11913,#11965,#11967,.T.);
#9704=EDGE_CURVE('',#11968,#11965,#11969,.T.);
#9705=EDGE_CURVE('',#11958,#11968,#11970,.T.);
#9706=EDGE_CURVE('',#11943,#11913,#11971,.T.);
#9707=EDGE_CURVE('',#11941,#11912,#11972,.T.);
#9708=EDGE_CURVE('',#11939,#11915,#11973,.T.);
#9709=EDGE_CURVE('',#11955,#11949,#11974,.T.);
#9710=EDGE_CURVE('',#11953,#11951,#11975,.T.);
#9711=EDGE_CURVE('',#11976,#11963,#11977,.T.);
#9712=EDGE_CURVE('',#11968,#11976,#11978,.T.);
#9713=EDGE_CURVE('',#11979,#11968,#11980,.T.);
#9714=EDGE_CURVE('',#11960,#11979,#11981,.T.);
#9715=EDGE_CURVE('',#11869,#11976,#11982,.T.);
#9716=EDGE_CURVE('',#11867,#11979,#11983,.T.);
#9717=EDGE_CURVE('',#11451,#11984,#11985,.T.);
#9718=EDGE_CURVE('',#11984,#11986,#11987,.T.);
#9719=EDGE_CURVE('',#11986,#11453,#11988,.T.);
#9720=EDGE_CURVE('',#11989,#11990,#11991,.T.);
#9721=EDGE_CURVE('',#11990,#11992,#11993,.T.);
#9722=EDGE_CURVE('',#11992,#11994,#11995,.T.);
#9723=EDGE_CURVE('',#11994,#11989,#11996,.T.);
#9724=EDGE_CURVE('',#11997,#11998,#11999,.T.);
#9725=EDGE_CURVE('',#11998,#12000,#12001,.T.);
#9726=EDGE_CURVE('',#12000,#12002,#12003,.T.);
#9727=EDGE_CURVE('',#12002,#11997,#12004,.T.);
#9728=EDGE_CURVE('',#12005,#12006,#12007,.T.);
#9729=EDGE_CURVE('',#12006,#11457,#12008,.T.);
#9730=EDGE_CURVE('',#11455,#12009,#12010,.T.);
#9731=EDGE_CURVE('',#12009,#12011,#12012,.T.);
#9732=EDGE_CURVE('',#12011,#12005,#12013,.T.);
#9733=EDGE_CURVE('',#12014,#11656,#12015,.T.);
#9734=EDGE_CURVE('',#12014,#11863,#12016,.T.);
#9735=EDGE_CURVE('',#12017,#12018,#12019,.T.);
#9736=EDGE_CURVE('',#12018,#11453,#12020,.T.);
#9737=EDGE_CURVE('',#11986,#12021,#12022,.T.);
#9738=EDGE_CURVE('',#12021,#11443,#12023,.T.);
#9739=EDGE_CURVE('',#11443,#12017,#12024,.T.);
#9740=EDGE_CURVE('',#11303,#12025,#12026,.T.);
#9741=EDGE_CURVE('',#12025,#12027,#12028,.T.);
#9742=EDGE_CURVE('',#11439,#12027,#12029,.T.);
#9743=EDGE_CURVE('',#12030,#12017,#12031,.T.);
#9744=EDGE_CURVE('',#11441,#12030,#12032,.T.);
#9745=EDGE_CURVE('',#11445,#12033,#12034,.T.);
#9746=EDGE_CURVE('',#12033,#12035,#12036,.T.);
#9747=EDGE_CURVE('',#12035,#11447,#12037,.T.);
#9748=EDGE_CURVE('',#12027,#12038,#12039,.T.);
#9749=EDGE_CURVE('',#12038,#11457,#12040,.T.);
#9750=EDGE_CURVE('',#12006,#12041,#12042,.T.);
#9751=EDGE_CURVE('',#12041,#11439,#12043,.T.);
#9752=EDGE_CURVE('',#12044,#12021,#12045,.T.);
#9753=EDGE_CURVE('',#11445,#12044,#12046,.T.);
#9754=EDGE_CURVE('',#12047,#12048,#12049,.T.);
#9755=EDGE_CURVE('',#12050,#12047,#12051,.T.);
#9756=EDGE_CURVE('',#12052,#12050,#12053,.T.);
#9757=EDGE_CURVE('',#12052,#12048,#12054,.T.);
#9758=EDGE_CURVE('',#12055,#12056,#12057,.T.);
#9759=EDGE_CURVE('',#12058,#12055,#12059,.T.);
#9760=EDGE_CURVE('',#12060,#12058,#12061,.T.);
#9761=EDGE_CURVE('',#12060,#12056,#12062,.T.);
#9762=EDGE_CURVE('',#12063,#12064,#12065,.T.);
#9763=EDGE_CURVE('',#11441,#12063,#12066,.T.);
#9764=EDGE_CURVE('',#12067,#12041,#12068,.T.);
#9765=EDGE_CURVE('',#12067,#12064,#12069,.T.);
#9766=EDGE_CURVE('',#11658,#12070,#12071,.T.);
#9767=EDGE_CURVE('',#12070,#11861,#12072,.T.);
#9768=EDGE_CURVE('',#11984,#12044,#12073,.T.);
#9769=EDGE_CURVE('',#12074,#11451,#12075,.T.);
#9770=EDGE_CURVE('',#12033,#12074,#12076,.T.);
#9771=EDGE_CURVE('',#12025,#12077,#12078,.T.);
#9772=EDGE_CURVE('',#12077,#12038,#12079,.T.);
#9773=EDGE_CURVE('',#12080,#12018,#12081,.T.);
#9774=EDGE_CURVE('',#12030,#12080,#12082,.T.);
#9775=EDGE_CURVE('',#12074,#12083,#12084,.T.);
#9776=EDGE_CURVE('',#12035,#12083,#12085,.T.);
#9777=EDGE_CURVE('',#11267,#12077,#12086,.T.);
#9778=EDGE_CURVE('',#12080,#11455,#12087,.T.);
#9779=EDGE_CURVE('',#12083,#11449,#12088,.T.);
#9780=EDGE_CURVE('',#11153,#12089,#12090,.T.);
#9781=EDGE_CURVE('',#12089,#11171,#12091,.T.);
#9782=EDGE_CURVE('',#12092,#11315,#12093,.T.);
#9783=EDGE_CURVE('',#11188,#12092,#12094,.T.);
#9784=EDGE_CURVE('',#12095,#11799,#12096,.T.);
#9785=EDGE_CURVE('',#11204,#12095,#12097,.T.);
#9786=EDGE_CURVE('',#11203,#12098,#12099,.T.);
#9787=EDGE_CURVE('',#12100,#12098,#12101,.T.);
#9788=EDGE_CURVE('',#11220,#12100,#12102,.T.);
#9789=EDGE_CURVE('',#11219,#12103,#12104,.T.);
#9790=EDGE_CURVE('',#12105,#12103,#12106,.T.);
#9791=EDGE_CURVE('',#11236,#12105,#12107,.T.);
#9792=EDGE_CURVE('',#11235,#12108,#12109,.T.);
#9793=EDGE_CURVE('',#12110,#12108,#12111,.T.);
#9794=EDGE_CURVE('',#11252,#12110,#12112,.T.);
#9795=EDGE_CURVE('',#11251,#12113,#12114,.T.);
#9796=EDGE_CURVE('',#12115,#12113,#12116,.T.);
#9797=EDGE_CURVE('',#11268,#12115,#12117,.T.);
#9798=EDGE_CURVE('',#12115,#12118,#12119,.T.);
#9799=EDGE_CURVE('',#11463,#12118,#12120,.T.);
#9800=EDGE_CURVE('',#12121,#12122,#12123,.T.);
#9801=EDGE_CURVE('',#11467,#12122,#12124,.T.);
#9802=EDGE_CURVE('',#11465,#12121,#12125,.T.);
#9803=EDGE_CURVE('',#11469,#12126,#12127,.T.);
#9804=EDGE_CURVE('',#12126,#12128,#12129,.T.);
#9805=EDGE_CURVE('',#12128,#11471,#12130,.T.);
#9806=EDGE_CURVE('',#12118,#12131,#12132,.T.);
#9807=EDGE_CURVE('',#12131,#11481,#12133,.T.);
#9808=EDGE_CURVE('',#12134,#11481,#12135,.T.);
#9809=EDGE_CURVE('',#12134,#12136,#12137,.T.);
#9810=EDGE_CURVE('',#12136,#11463,#12138,.T.);
#9811=EDGE_CURVE('',#12139,#11467,#12140,.T.);
#9812=EDGE_CURVE('',#12141,#12139,#12142,.T.);
#9813=EDGE_CURVE('',#11469,#12141,#12143,.T.);
#9814=EDGE_CURVE('',#12144,#12145,#12146,.T.);
#9815=EDGE_CURVE('',#12147,#12144,#12148,.T.);
#9816=EDGE_CURVE('',#12149,#12147,#12150,.T.);
#9817=EDGE_CURVE('',#12149,#12145,#12151,.T.);
#9818=EDGE_CURVE('',#12152,#12153,#12154,.T.);
#9819=EDGE_CURVE('',#12155,#12152,#12156,.T.);
#9820=EDGE_CURVE('',#12157,#12155,#12158,.T.);
#9821=EDGE_CURVE('',#12157,#12153,#12159,.T.);
#9822=EDGE_CURVE('',#12160,#12161,#12162,.T.);
#9823=EDGE_CURVE('',#11465,#12160,#12163,.T.);
#9824=EDGE_CURVE('',#12164,#12136,#12165,.T.);
#9825=EDGE_CURVE('',#12164,#12161,#12166,.T.);
#9826=EDGE_CURVE('',#11649,#12167,#12168,.T.);
#9827=EDGE_CURVE('',#12167,#11811,#12169,.T.);
#9828=EDGE_CURVE('',#12170,#12141,#12171,.T.);
#9829=EDGE_CURVE('',#11475,#12170,#12172,.T.);
#9830=EDGE_CURVE('',#12173,#11475,#12174,.T.);
#9831=EDGE_CURVE('',#12126,#12173,#12175,.T.);
#9832=EDGE_CURVE('',#12113,#12131,#12176,.T.);
#9833=EDGE_CURVE('',#12177,#12178,#12179,.T.);
#9834=EDGE_CURVE('',#12122,#12178,#12180,.T.);
#9835=EDGE_CURVE('',#12121,#12177,#12181,.T.);
#9836=EDGE_CURVE('',#12173,#12182,#12183,.T.);
#9837=EDGE_CURVE('',#12128,#12182,#12184,.T.);
#9838=EDGE_CURVE('',#12178,#11477,#12185,.T.);
#9839=EDGE_CURVE('',#12177,#11479,#12186,.T.);
#9840=EDGE_CURVE('',#12182,#11473,#12187,.T.);
#9841=EDGE_CURVE('',#12188,#12160,#12189,.T.);
#9842=EDGE_CURVE('',#11479,#12188,#12190,.T.);
#9843=EDGE_CURVE('',#12170,#12191,#12192,.T.);
#9844=EDGE_CURVE('',#12191,#11477,#12193,.T.);
#9845=EDGE_CURVE('',#12194,#12195,#12196,.T.);
#9846=EDGE_CURVE('',#12195,#12197,#12198,.T.);
#9847=EDGE_CURVE('',#12197,#12199,#12200,.T.);
#9848=EDGE_CURVE('',#12199,#12194,#12201,.T.);
#9849=EDGE_CURVE('',#12202,#12203,#12204,.T.);
#9850=EDGE_CURVE('',#12203,#12205,#12206,.T.);
#9851=EDGE_CURVE('',#12205,#12207,#12208,.T.);
#9852=EDGE_CURVE('',#12207,#12202,#12209,.T.);
#9853=EDGE_CURVE('',#12210,#12134,#12211,.T.);
#9854=EDGE_CURVE('',#12188,#12212,#12213,.T.);
#9855=EDGE_CURVE('',#12212,#12210,#12214,.T.);
#9856=EDGE_CURVE('',#12215,#11647,#12216,.T.);
#9857=EDGE_CURVE('',#12215,#11813,#12217,.T.);
#9858=EDGE_CURVE('',#12191,#12139,#12218,.T.);
#9859=EDGE_CURVE('',#12219,#12220,#12221,.T.);
#9860=EDGE_CURVE('',#12194,#12220,#12222,.T.);
#9861=EDGE_CURVE('',#12219,#12199,#12223,.T.);
#9862=EDGE_CURVE('',#12199,#12145,#12224,.T.);
#9863=EDGE_CURVE('',#12225,#12145,#12226,.T.);
#9864=EDGE_CURVE('',#12219,#12225,#12227,.T.);
#9865=EDGE_CURVE('',#12228,#12225,#12229,.T.);
#9866=EDGE_CURVE('',#12220,#12228,#12230,.T.);
#9867=EDGE_CURVE('',#12228,#12149,#12231,.T.);
#9868=EDGE_CURVE('',#12194,#12149,#12232,.T.);
#9869=EDGE_CURVE('',#12147,#12195,#12233,.T.);
#9870=EDGE_CURVE('',#12234,#12235,#12236,.T.);
#9871=EDGE_CURVE('',#12235,#12237,#12238,.T.);
#9872=EDGE_CURVE('',#12237,#12239,#12240,.T.);
#9873=EDGE_CURVE('',#12239,#12241,#12242,.T.);
#9874=EDGE_CURVE('',#12241,#12234,#12243,.T.);
#9875=EDGE_CURVE('',#12244,#12245,#12246,.T.);
#9876=EDGE_CURVE('',#12244,#12247,#12248,.T.);
#9877=EDGE_CURVE('',#12247,#12249,#12250,.T.);
#9878=EDGE_CURVE('',#12245,#12249,#12251,.T.);
#9879=EDGE_CURVE('',#12252,#12253,#12254,.T.);
#9880=EDGE_CURVE('',#12253,#12255,#12256,.T.);
#9881=EDGE_CURVE('',#12255,#12257,#12258,.T.);
#9882=EDGE_CURVE('',#12257,#12259,#12260,.T.);
#9883=EDGE_CURVE('',#12259,#12252,#12261,.T.);
#9884=EDGE_CURVE('',#12262,#12263,#12264,.T.);
#9885=EDGE_CURVE('',#12262,#12265,#12266,.T.);
#9886=EDGE_CURVE('',#12265,#12267,#12268,.T.);
#9887=EDGE_CURVE('',#12263,#12267,#12269,.T.);
#9888=EDGE_CURVE('',#12270,#12271,#12272,.T.);
#9889=EDGE_CURVE('',#12271,#12273,#12274,.T.);
#9890=EDGE_CURVE('',#12273,#12275,#12276,.T.);
#9891=EDGE_CURVE('',#12275,#12277,#12278,.T.);
#9892=EDGE_CURVE('',#12277,#12270,#12279,.T.);
#9893=EDGE_CURVE('',#12280,#12281,#12282,.T.);
#9894=EDGE_CURVE('',#12280,#12283,#12284,.T.);
#9895=EDGE_CURVE('',#12283,#12285,#12286,.T.);
#9896=EDGE_CURVE('',#12281,#12285,#12287,.T.);
#9897=EDGE_CURVE('',#12288,#12289,#12290,.T.);
#9898=EDGE_CURVE('',#12289,#12291,#12292,.T.);
#9899=EDGE_CURVE('',#12291,#12293,#12294,.T.);
#9900=EDGE_CURVE('',#12293,#12295,#12296,.T.);
#9901=EDGE_CURVE('',#12295,#12288,#12297,.T.);
#9902=EDGE_CURVE('',#12298,#12299,#12300,.T.);
#9903=EDGE_CURVE('',#12298,#12301,#12302,.T.);
#9904=EDGE_CURVE('',#12301,#12303,#12304,.T.);
#9905=EDGE_CURVE('',#12299,#12303,#12305,.T.);
#9906=EDGE_CURVE('',#12306,#12307,#12308,.T.);
#9907=EDGE_CURVE('',#12307,#12309,#12310,.T.);
#9908=EDGE_CURVE('',#12309,#12311,#12312,.T.);
#9909=EDGE_CURVE('',#12311,#12313,#12314,.T.);
#9910=EDGE_CURVE('',#12313,#12306,#12315,.T.);
#9911=EDGE_CURVE('',#12316,#12317,#12318,.T.);
#9912=EDGE_CURVE('',#12316,#12319,#12320,.T.);
#9913=EDGE_CURVE('',#12319,#12321,#12322,.T.);
#9914=EDGE_CURVE('',#12317,#12321,#12323,.T.);
#9915=EDGE_CURVE('',#12324,#12325,#12326,.T.);
#9916=EDGE_CURVE('',#12325,#12327,#12328,.T.);
#9917=EDGE_CURVE('',#12327,#12329,#12330,.T.);
#9918=EDGE_CURVE('',#12329,#12331,#12332,.T.);
#9919=EDGE_CURVE('',#12331,#12324,#12333,.T.);
#9920=EDGE_CURVE('',#12334,#12335,#12336,.T.);
#9921=EDGE_CURVE('',#12334,#12337,#12338,.T.);
#9922=EDGE_CURVE('',#12337,#12339,#12340,.T.);
#9923=EDGE_CURVE('',#12335,#12339,#12341,.T.);
#9924=EDGE_CURVE('',#12342,#12343,#12344,.T.);
#9925=EDGE_CURVE('',#12343,#12345,#12346,.T.);
#9926=EDGE_CURVE('',#12345,#12347,#12348,.T.);
#9927=EDGE_CURVE('',#12347,#12349,#12350,.T.);
#9928=EDGE_CURVE('',#12349,#12342,#12351,.T.);
#9929=EDGE_CURVE('',#12352,#12353,#12354,.T.);
#9930=EDGE_CURVE('',#12352,#12355,#12356,.T.);
#9931=EDGE_CURVE('',#12355,#12357,#12358,.T.);
#9932=EDGE_CURVE('',#12353,#12357,#12359,.T.);
#9933=EDGE_CURVE('',#12360,#12361,#12362,.T.);
#9934=EDGE_CURVE('',#12361,#12363,#12364,.T.);
#9935=EDGE_CURVE('',#12363,#12365,#12366,.T.);
#9936=EDGE_CURVE('',#12365,#12367,#12368,.T.);
#9937=EDGE_CURVE('',#12367,#12360,#12369,.T.);
#9938=EDGE_CURVE('',#12370,#12371,#12372,.T.);
#9939=EDGE_CURVE('',#12370,#12373,#12374,.T.);
#9940=EDGE_CURVE('',#12373,#12375,#12376,.T.);
#9941=EDGE_CURVE('',#12371,#12375,#12377,.T.);
#9942=EDGE_CURVE('',#12378,#12379,#12380,.T.);
#9943=EDGE_CURVE('',#12379,#12381,#12382,.T.);
#9944=EDGE_CURVE('',#12381,#12383,#12384,.T.);
#9945=EDGE_CURVE('',#12383,#12385,#12386,.T.);
#9946=EDGE_CURVE('',#12385,#12378,#12387,.T.);
#9947=EDGE_CURVE('',#12388,#12389,#12390,.T.);
#9948=EDGE_CURVE('',#12388,#12391,#12392,.T.);
#9949=EDGE_CURVE('',#12391,#12393,#12394,.T.);
#9950=EDGE_CURVE('',#12389,#12393,#12395,.T.);
#9951=EDGE_CURVE('',#12396,#12397,#12398,.T.);
#9952=EDGE_CURVE('',#12397,#12399,#12400,.T.);
#9953=EDGE_CURVE('',#12399,#12401,#12402,.T.);
#9954=EDGE_CURVE('',#12401,#12403,#12404,.T.);
#9955=EDGE_CURVE('',#12403,#12396,#12405,.T.);
#9956=EDGE_CURVE('',#12406,#12407,#12408,.T.);
#9957=EDGE_CURVE('',#12406,#12409,#12410,.T.);
#9958=EDGE_CURVE('',#12409,#12411,#12412,.T.);
#9959=EDGE_CURVE('',#12407,#12411,#12413,.T.);
#9960=EDGE_CURVE('',#12414,#12415,#12416,.T.);
#9961=EDGE_CURVE('',#12415,#12417,#12418,.T.);
#9962=EDGE_CURVE('',#12417,#12419,#12420,.T.);
#9963=EDGE_CURVE('',#12419,#12414,#12421,.T.);
#9964=EDGE_CURVE('',#12155,#12203,#12422,.T.);
#9965=EDGE_CURVE('',#12152,#12205,#12423,.T.);
#9966=EDGE_CURVE('',#12424,#12425,#12426,.T.);
#9967=EDGE_CURVE('',#12425,#12427,#12428,.T.);
#9968=EDGE_CURVE('',#12427,#12429,#12430,.T.);
#9969=EDGE_CURVE('',#12429,#12431,#12432,.T.);
#9970=EDGE_CURVE('',#12431,#12424,#12433,.T.);
#9971=EDGE_CURVE('',#12144,#12197,#12434,.T.);
#9972=EDGE_CURVE('',#12435,#12436,#12437,.T.);
#9973=EDGE_CURVE('',#12436,#12438,#12439,.T.);
#9974=EDGE_CURVE('',#12438,#12440,#12441,.T.);
#9975=EDGE_CURVE('',#12440,#12442,#12443,.T.);
#9976=EDGE_CURVE('',#12442,#12435,#12444,.T.);
#9977=EDGE_CURVE('',#11744,#11680,#12445,.T.);
#9978=EDGE_CURVE('',#11741,#11682,#12446,.T.);
#9979=EDGE_CURVE('',#12447,#12448,#12449,.T.);
#9980=EDGE_CURVE('',#12448,#12450,#12451,.T.);
#9981=EDGE_CURVE('',#12450,#12452,#12453,.T.);
#9982=EDGE_CURVE('',#12452,#12454,#12455,.T.);
#9983=EDGE_CURVE('',#12454,#12447,#12456,.T.);
#9984=EDGE_CURVE('',#11736,#11672,#12457,.T.);
#9985=EDGE_CURVE('',#11733,#11674,#12458,.T.);
#9986=EDGE_CURVE('',#12459,#12460,#12461,.T.);
#9987=EDGE_CURVE('',#12460,#12462,#12463,.T.);
#9988=EDGE_CURVE('',#12462,#12464,#12465,.T.);
#9989=EDGE_CURVE('',#12464,#12466,#12467,.T.);
#9990=EDGE_CURVE('',#12466,#12459,#12468,.T.);
#9991=EDGE_CURVE('',#12058,#11998,#12469,.T.);
#9992=EDGE_CURVE('',#12055,#12000,#12470,.T.);
#9993=EDGE_CURVE('',#12471,#12472,#12473,.T.);
#9994=EDGE_CURVE('',#12472,#12474,#12475,.T.);
#9995=EDGE_CURVE('',#12474,#12476,#12477,.T.);
#9996=EDGE_CURVE('',#12476,#12478,#12479,.T.);
#9997=EDGE_CURVE('',#12478,#12471,#12480,.T.);
#9998=EDGE_CURVE('',#12050,#11990,#12481,.T.);
#9999=EDGE_CURVE('',#12047,#11992,#12482,.T.);
#10000=EDGE_CURVE('',#12483,#12234,#12484,.T.);
#10001=EDGE_CURVE('',#12485,#12241,#12486,.T.);
#10002=EDGE_CURVE('',#12485,#12483,#12487,.T.);
#10003=EDGE_CURVE('',#12488,#12489,#12490,.T.);
#10004=EDGE_CURVE('',#12491,#12488,#12492,.T.);
#10005=EDGE_CURVE('',#12493,#12491,#12494,.T.);
#10006=EDGE_CURVE('',#12495,#12493,#12496,.T.);
#10007=EDGE_CURVE('',#12489,#12495,#12497,.T.);
#10008=EDGE_CURVE('',#12498,#12499,#12500,.T.);
#10009=EDGE_CURVE('',#12501,#12498,#12502,.T.);
#10010=EDGE_CURVE('',#12501,#12503,#12504,.T.);
#10011=EDGE_CURVE('',#12505,#12503,#12506,.T.);
#10012=EDGE_CURVE('',#12499,#12505,#12507,.T.);
#10013=EDGE_CURVE('',#12508,#12485,#12509,.T.);
#10014=EDGE_CURVE('',#12510,#12508,#12511,.T.);
#10015=EDGE_CURVE('',#12512,#12510,#12513,.T.);
#10016=EDGE_CURVE('',#12483,#12512,#12514,.T.);
#10017=EDGE_CURVE('',#12515,#12516,#12517,.T.);
#10018=EDGE_CURVE('',#12518,#12515,#12519,.T.);
#10019=EDGE_CURVE('',#12520,#12518,#12521,.T.);
#10020=EDGE_CURVE('',#12522,#12520,#12523,.T.);
#10021=EDGE_CURVE('',#12516,#12522,#12524,.T.);
#10022=EDGE_CURVE('',#12525,#12526,#12527,.T.);
#10023=EDGE_CURVE('',#12528,#12525,#12529,.T.);
#10024=EDGE_CURVE('',#12530,#12528,#12531,.T.);
#10025=EDGE_CURVE('',#12530,#12532,#12533,.T.);
#10026=EDGE_CURVE('',#12526,#12532,#12534,.T.);
#10027=EDGE_CURVE('',#12535,#12536,#12537,.T.);
#10028=EDGE_CURVE('',#12538,#12535,#12539,.T.);
#10029=EDGE_CURVE('',#12540,#12538,#12541,.T.);
#10030=EDGE_CURVE('',#12542,#12540,#12543,.T.);
#10031=EDGE_CURVE('',#12542,#12536,#12544,.T.);
#10032=EDGE_CURVE('',#12545,#12546,#12547,.T.);
#10033=EDGE_CURVE('',#12548,#12545,#12549,.T.);
#10034=EDGE_CURVE('',#12550,#12548,#12551,.T.);
#10035=EDGE_CURVE('',#12552,#12550,#12553,.T.);
#10036=EDGE_CURVE('',#12546,#12552,#12554,.T.);
#10037=EDGE_CURVE('',#12555,#12556,#12557,.T.);
#10038=EDGE_CURVE('',#12558,#12555,#12559,.T.);
#10039=EDGE_CURVE('',#12560,#12558,#12561,.T.);
#10040=EDGE_CURVE('',#12562,#12560,#12563,.T.);
#10041=EDGE_CURVE('',#12556,#12562,#12564,.T.);
#10042=EDGE_CURVE('',#12565,#12566,#12567,.T.);
#10043=EDGE_CURVE('',#12568,#12565,#12569,.T.);
#10044=EDGE_CURVE('',#12570,#12568,#12571,.T.);
#10045=EDGE_CURVE('',#12572,#12570,#12573,.T.);
#10046=EDGE_CURVE('',#12566,#12572,#12574,.T.);
#10047=EDGE_CURVE('',#12575,#12576,#12577,.T.);
#10048=EDGE_CURVE('',#12578,#12575,#12579,.T.);
#10049=EDGE_CURVE('',#12580,#12578,#12581,.T.);
#10050=EDGE_CURVE('',#12582,#12580,#12583,.T.);
#10051=EDGE_CURVE('',#12576,#12582,#12584,.T.);
#10052=EDGE_CURVE('',#12585,#12586,#12587,.T.);
#10053=EDGE_CURVE('',#12588,#12585,#12589,.T.);
#10054=EDGE_CURVE('',#12590,#12588,#12591,.T.);
#10055=EDGE_CURVE('',#12592,#12590,#12593,.T.);
#10056=EDGE_CURVE('',#12586,#12592,#12594,.T.);
#10057=EDGE_CURVE('',#12595,#12596,#12597,.T.);
#10058=EDGE_CURVE('',#12598,#12595,#12599,.T.);
#10059=EDGE_CURVE('',#12600,#12598,#12601,.T.);
#10060=EDGE_CURVE('',#12596,#12600,#12602,.T.);
#10061=EDGE_CURVE('',#12603,#12604,#12605,.T.);
#10062=EDGE_CURVE('',#12606,#12603,#12607,.T.);
#10063=EDGE_CURVE('',#12608,#12606,#12609,.T.);
#10064=EDGE_CURVE('',#12610,#12608,#12611,.T.);
#10065=EDGE_CURVE('',#12604,#12610,#12612,.T.);
#10066=EDGE_CURVE('',#12613,#12614,#12615,.T.);
#10067=EDGE_CURVE('',#12616,#12613,#12617,.T.);
#10068=EDGE_CURVE('',#12618,#12616,#12619,.T.);
#10069=EDGE_CURVE('',#12620,#12618,#12621,.T.);
#10070=EDGE_CURVE('',#12614,#12620,#12622,.T.);
#10071=EDGE_CURVE('',#12623,#12624,#12625,.T.);
#10072=EDGE_CURVE('',#12626,#12623,#12627,.T.);
#10073=EDGE_CURVE('',#12628,#12626,#12629,.T.);
#10074=EDGE_CURVE('',#12630,#12628,#12631,.T.);
#10075=EDGE_CURVE('',#12624,#12630,#12632,.T.);
#10076=EDGE_CURVE('',#12633,#12634,#12635,.T.);
#10077=EDGE_CURVE('',#12633,#12636,#12637,.T.);
#10078=EDGE_CURVE('',#12638,#12636,#12639,.T.);
#10079=EDGE_CURVE('',#12640,#12638,#12641,.T.);
#10080=EDGE_CURVE('',#12634,#12640,#12642,.T.);
#10081=EDGE_CURVE('',#12495,#12342,#12643,.T.);
#10082=EDGE_CURVE('',#12489,#12349,#12644,.T.);
#10083=EDGE_CURVE('',#12488,#12347,#12645,.T.);
#10084=EDGE_CURVE('',#12491,#12345,#12646,.T.);
#10085=EDGE_CURVE('',#12493,#12343,#12647,.T.);
#10086=EDGE_CURVE('',#12505,#12472,#12648,.T.);
#10087=EDGE_CURVE('',#12499,#12471,#12649,.T.);
#10088=EDGE_CURVE('',#12498,#12478,#12650,.T.);
#10089=EDGE_CURVE('',#12501,#12476,#12651,.T.);
#10090=EDGE_CURVE('',#12503,#12474,#12652,.T.);
#10091=EDGE_CURVE('',#12512,#12235,#12653,.T.);
#10092=EDGE_CURVE('',#12510,#12237,#12654,.T.);
#10093=EDGE_CURVE('',#12508,#12239,#12655,.T.);
#10094=EDGE_CURVE('',#12522,#12252,#12656,.T.);
#10095=EDGE_CURVE('',#12516,#12259,#12657,.T.);
#10096=EDGE_CURVE('',#12515,#12257,#12658,.T.);
#10097=EDGE_CURVE('',#12518,#12255,#12659,.T.);
#10098=EDGE_CURVE('',#12520,#12253,#12660,.T.);
#10099=EDGE_CURVE('',#12532,#12270,#12661,.T.);
#10100=EDGE_CURVE('',#12526,#12277,#12662,.T.);
#10101=EDGE_CURVE('',#12525,#12275,#12663,.T.);
#10102=EDGE_CURVE('',#12528,#12273,#12664,.T.);
#10103=EDGE_CURVE('',#12530,#12271,#12665,.T.);
#10104=EDGE_CURVE('',#12542,#12288,#12666,.T.);
#10105=EDGE_CURVE('',#12536,#12295,#12667,.T.);
#10106=EDGE_CURVE('',#12535,#12293,#12668,.T.);
#10107=EDGE_CURVE('',#12538,#12291,#12669,.T.);
#10108=EDGE_CURVE('',#12540,#12289,#12670,.T.);
#10109=EDGE_CURVE('',#12552,#12306,#12671,.T.);
#10110=EDGE_CURVE('',#12546,#12313,#12672,.T.);
#10111=EDGE_CURVE('',#12545,#12311,#12673,.T.);
#10112=EDGE_CURVE('',#12548,#12309,#12674,.T.);
#10113=EDGE_CURVE('',#12550,#12307,#12675,.T.);
#10114=EDGE_CURVE('',#12562,#12324,#12676,.T.);
#10115=EDGE_CURVE('',#12556,#12331,#12677,.T.);
#10116=EDGE_CURVE('',#12555,#12329,#12678,.T.);
#10117=EDGE_CURVE('',#12558,#12327,#12679,.T.);
#10118=EDGE_CURVE('',#12560,#12325,#12680,.T.);
#10119=EDGE_CURVE('',#12572,#12360,#12681,.T.);
#10120=EDGE_CURVE('',#12566,#12367,#12682,.T.);
#10121=EDGE_CURVE('',#12565,#12365,#12683,.T.);
#10122=EDGE_CURVE('',#12568,#12363,#12684,.T.);
#10123=EDGE_CURVE('',#12570,#12361,#12685,.T.);
#10124=EDGE_CURVE('',#12582,#12378,#12686,.T.);
#10125=EDGE_CURVE('',#12576,#12385,#12687,.T.);
#10126=EDGE_CURVE('',#12575,#12383,#12688,.T.);
#10127=EDGE_CURVE('',#12578,#12381,#12689,.T.);
#10128=EDGE_CURVE('',#12580,#12379,#12690,.T.);
#10129=EDGE_CURVE('',#12592,#12396,#12691,.T.);
#10130=EDGE_CURVE('',#12586,#12403,#12692,.T.);
#10131=EDGE_CURVE('',#12585,#12401,#12693,.T.);
#10132=EDGE_CURVE('',#12588,#12399,#12694,.T.);
#10133=EDGE_CURVE('',#12590,#12397,#12695,.T.);
#10134=EDGE_CURVE('',#12600,#12414,#12696,.T.);
#10135=EDGE_CURVE('',#12596,#12419,#12697,.T.);
#10136=EDGE_CURVE('',#12595,#12417,#12698,.T.);
#10137=EDGE_CURVE('',#12598,#12415,#12699,.T.);
#10138=EDGE_CURVE('',#12610,#12424,#12700,.T.);
#10139=EDGE_CURVE('',#12604,#12431,#12701,.T.);
#10140=EDGE_CURVE('',#12603,#12429,#12702,.T.);
#10141=EDGE_CURVE('',#12606,#12427,#12703,.T.);
#10142=EDGE_CURVE('',#12608,#12425,#12704,.T.);
#10143=EDGE_CURVE('',#12620,#12435,#12705,.T.);
#10144=EDGE_CURVE('',#12614,#12442,#12706,.T.);
#10145=EDGE_CURVE('',#12613,#12440,#12707,.T.);
#10146=EDGE_CURVE('',#12616,#12438,#12708,.T.);
#10147=EDGE_CURVE('',#12618,#12436,#12709,.T.);
#10148=EDGE_CURVE('',#12630,#12447,#12710,.T.);
#10149=EDGE_CURVE('',#12624,#12454,#12711,.T.);
#10150=EDGE_CURVE('',#12623,#12452,#12712,.T.);
#10151=EDGE_CURVE('',#12626,#12450,#12713,.T.);
#10152=EDGE_CURVE('',#12628,#12448,#12714,.T.);
#10153=EDGE_CURVE('',#12640,#12459,#12715,.T.);
#10154=EDGE_CURVE('',#12634,#12466,#12716,.T.);
#10155=EDGE_CURVE('',#12633,#12464,#12717,.T.);
#10156=EDGE_CURVE('',#12636,#12462,#12718,.T.);
#10157=EDGE_CURVE('',#12638,#12460,#12719,.T.);
#10158=EDGE_CURVE('',#11337,#12720,#12721,.T.);
#10159=EDGE_CURVE('',#12720,#12722,#12723,.T.);
#10160=EDGE_CURVE('',#12722,#11327,#12724,.T.);
#10161=EDGE_CURVE('',#12725,#12245,#12726,.T.);
#10162=EDGE_CURVE('',#12249,#12727,#12728,.T.);
#10163=EDGE_CURVE('',#12727,#12725,#12729,.T.);
#10164=EDGE_CURVE('',#12730,#12263,#12731,.T.);
#10165=EDGE_CURVE('',#12267,#12732,#12733,.T.);
#10166=EDGE_CURVE('',#12732,#12730,#12734,.T.);
#10167=EDGE_CURVE('',#12735,#12736,#12737,.T.);
#10168=EDGE_CURVE('',#12736,#11319,#12738,.T.);
#10169=EDGE_CURVE('',#11325,#12739,#12740,.T.);
#10170=EDGE_CURVE('',#12739,#12741,#12742,.T.);
#10171=EDGE_CURVE('',#12741,#12735,#12743,.T.);
#10172=EDGE_CURVE('',#11847,#12744,#12745,.T.);
#10173=EDGE_CURVE('',#12744,#11602,#12746,.T.);
#10174=EDGE_CURVE('',#12722,#12747,#12748,.T.);
#10175=EDGE_CURVE('',#12747,#11587,#12749,.T.);
#10176=EDGE_CURVE('',#11587,#12750,#12751,.T.);
#10177=EDGE_CURVE('',#12750,#11329,#12752,.T.);
#10178=EDGE_CURVE('',#12753,#11321,#12754,.T.);
#10179=EDGE_CURVE('',#12092,#12753,#12755,.T.);
#10180=EDGE_CURVE('',#12756,#11324,#12757,.T.);
#10181=EDGE_CURVE('',#12756,#12750,#12758,.T.);
#10182=EDGE_CURVE('',#12759,#11332,#12760,.T.);
#10183=EDGE_CURVE('',#12761,#12759,#12762,.T.);
#10184=EDGE_CURVE('',#12761,#11335,#12763,.T.);
#10185=EDGE_CURVE('',#11583,#12753,#12764,.T.);
#10186=EDGE_CURVE('',#11585,#12756,#12765,.T.);
#10187=EDGE_CURVE('',#11589,#12761,#12766,.T.);
#10188=EDGE_CURVE('',#12759,#11591,#12767,.T.);
#10189=EDGE_CURVE('',#12736,#12768,#12769,.T.);
#10190=EDGE_CURVE('',#12768,#11583,#12770,.T.);
#10191=EDGE_CURVE('',#12771,#12747,#12772,.T.);
#10192=EDGE_CURVE('',#11589,#12771,#12773,.T.);
#10193=EDGE_CURVE('',#12247,#12774,#12775,.T.);
#10194=EDGE_CURVE('',#12776,#12244,#12777,.T.);
#10195=EDGE_CURVE('',#12776,#12774,#12778,.T.);
#10196=EDGE_CURVE('',#12265,#12779,#12780,.T.);
#10197=EDGE_CURVE('',#12781,#12262,#12782,.T.);
#10198=EDGE_CURVE('',#12781,#12779,#12783,.T.);
#10199=EDGE_CURVE('',#12784,#12785,#12786,.T.);
#10200=EDGE_CURVE('',#11585,#12784,#12787,.T.);
#10201=EDGE_CURVE('',#12788,#12768,#12789,.T.);
#10202=EDGE_CURVE('',#12788,#12785,#12790,.T.);
#10203=EDGE_CURVE('',#11845,#12791,#12792,.T.);
#10204=EDGE_CURVE('',#11604,#12791,#12793,.T.);
#10205=EDGE_CURVE('',#12720,#12771,#12794,.T.);
#10206=EDGE_CURVE('',#12795,#12776,#12796,.T.);
#10207=EDGE_CURVE('',#12795,#12797,#12798,.T.);
#10208=EDGE_CURVE('',#12774,#12797,#12799,.T.);
#10209=EDGE_CURVE('',#12727,#12774,#12800,.T.);
#10210=EDGE_CURVE('',#12801,#12797,#12802,.T.);
#10211=EDGE_CURVE('',#12801,#12727,#12803,.T.);
#10212=EDGE_CURVE('',#12725,#12804,#12805,.T.);
#10213=EDGE_CURVE('',#12801,#12804,#12806,.T.);
#10214=EDGE_CURVE('',#12804,#12795,#12807,.T.);
#10215=EDGE_CURVE('',#12725,#12776,#12808,.T.);
#10216=EDGE_CURVE('',#12809,#12781,#12810,.T.);
#10217=EDGE_CURVE('',#12809,#12811,#12812,.T.);
#10218=EDGE_CURVE('',#12811,#12779,#12813,.T.);
#10219=EDGE_CURVE('',#12814,#12811,#12815,.T.);
#10220=EDGE_CURVE('',#12814,#12732,#12816,.T.);
#10221=EDGE_CURVE('',#12732,#12779,#12817,.T.);
#10222=EDGE_CURVE('',#12730,#12818,#12819,.T.);
#10223=EDGE_CURVE('',#12814,#12818,#12820,.T.);
#10224=EDGE_CURVE('',#12818,#12809,#12821,.T.);
#10225=EDGE_CURVE('',#12730,#12781,#12822,.T.);
#10226=EDGE_CURVE('',#12823,#12788,#12824,.T.);
#10227=EDGE_CURVE('',#12823,#12825,#12826,.T.);
#10228=EDGE_CURVE('',#12825,#12785,#12827,.T.);
#10229=EDGE_CURVE('',#12828,#12825,#12829,.T.);
#10230=EDGE_CURVE('',#12828,#12741,#12830,.T.);
#10231=EDGE_CURVE('',#12741,#12785,#12831,.T.);
#10232=EDGE_CURVE('',#12739,#12784,#12832,.T.);
#10233=EDGE_CURVE('',#12735,#12833,#12834,.T.);
#10234=EDGE_CURVE('',#12828,#12833,#12835,.T.);
#10235=EDGE_CURVE('',#12833,#12823,#12836,.T.);
#10236=EDGE_CURVE('',#12735,#12788,#12837,.T.);
#10237=EDGE_CURVE('',#12838,#11604,#12839,.T.);
#10238=EDGE_CURVE('',#12838,#12840,#12841,.T.);
#10239=EDGE_CURVE('',#12840,#12791,#12842,.T.);
#10240=EDGE_CURVE('',#12843,#12840,#12844,.T.);
#10241=EDGE_CURVE('',#12843,#12744,#12845,.T.);
#10242=EDGE_CURVE('',#12744,#12791,#12846,.T.);
#10243=EDGE_CURVE('',#11602,#12847,#12848,.T.);
#10244=EDGE_CURVE('',#12843,#12847,#12849,.T.);
#10245=EDGE_CURVE('',#12847,#12838,#12850,.T.);
#10246=EDGE_CURVE('',#11571,#12851,#12852,.T.);
#10247=EDGE_CURVE('',#12851,#12853,#12854,.T.);
#10248=EDGE_CURVE('',#12853,#11573,#12855,.T.);
#10249=EDGE_CURVE('',#12856,#12299,#12857,.T.);
#10250=EDGE_CURVE('',#12303,#12858,#12859,.T.);
#10251=EDGE_CURVE('',#12858,#12856,#12860,.T.);
#10252=EDGE_CURVE('',#12861,#12281,#12862,.T.);
#10253=EDGE_CURVE('',#12285,#12863,#12864,.T.);
#10254=EDGE_CURVE('',#12863,#12861,#12865,.T.);
#10255=EDGE_CURVE('',#12866,#12867,#12868,.T.);
#10256=EDGE_CURVE('',#12867,#11577,#12869,.T.);
#10257=EDGE_CURVE('',#11575,#12870,#12871,.T.);
#10258=EDGE_CURVE('',#12870,#12872,#12873,.T.);
#10259=EDGE_CURVE('',#12872,#12866,#12874,.T.);
#10260=EDGE_CURVE('',#12875,#11611,#12876,.T.);
#10261=EDGE_CURVE('',#12875,#11841,#12877,.T.);
#10262=EDGE_CURVE('',#12853,#12878,#12879,.T.);
#10263=EDGE_CURVE('',#12878,#11563,#12880,.T.);
#10264=EDGE_CURVE('',#11563,#12881,#12882,.T.);
#10265=EDGE_CURVE('',#12881,#11806,#12883,.T.);
#10266=EDGE_CURVE('',#12884,#11801,#12885,.T.);
#10267=EDGE_CURVE('',#12095,#12884,#12886,.T.);
#10268=EDGE_CURVE('',#12887,#11804,#12888,.T.);
#10269=EDGE_CURVE('',#12887,#12881,#12889,.T.);
#10270=EDGE_CURVE('',#12890,#11794,#12891,.T.);
#10271=EDGE_CURVE('',#12892,#12890,#12893,.T.);
#10272=EDGE_CURVE('',#12892,#11796,#12894,.T.);
#10273=EDGE_CURVE('',#11565,#12892,#12895,.T.);
#10274=EDGE_CURVE('',#12890,#11567,#12896,.T.);
#10275=EDGE_CURVE('',#11559,#12884,#12897,.T.);
#10276=EDGE_CURVE('',#11561,#12887,#12898,.T.);
#10277=EDGE_CURVE('',#12283,#12899,#12900,.T.);
#10278=EDGE_CURVE('',#12863,#12899,#12901,.T.);
#10279=EDGE_CURVE('',#12902,#12899,#12903,.T.);
#10280=EDGE_CURVE('',#12904,#12902,#12905,.T.);
#10281=EDGE_CURVE('',#12904,#12863,#12906,.T.);
#10282=EDGE_CURVE('',#12861,#12907,#12908,.T.);
#10283=EDGE_CURVE('',#12904,#12907,#12909,.T.);
#10284=EDGE_CURVE('',#12910,#12902,#12911,.T.);
#10285=EDGE_CURVE('',#12907,#12910,#12912,.T.);
#10286=EDGE_CURVE('',#12910,#12913,#12914,.T.);
#10287=EDGE_CURVE('',#12861,#12913,#12915,.T.);
#10288=EDGE_CURVE('',#12913,#12280,#12916,.T.);
#10289=EDGE_CURVE('',#12917,#12878,#12918,.T.);
#10290=EDGE_CURVE('',#11565,#12917,#12919,.T.);
#10291=EDGE_CURVE('',#12301,#12920,#12921,.T.);
#10292=EDGE_CURVE('',#12922,#12298,#12923,.T.);
#10293=EDGE_CURVE('',#12922,#12920,#12924,.T.);
#10294=EDGE_CURVE('',#12913,#12899,#12925,.T.);
#10295=EDGE_CURVE('',#12926,#12927,#12928,.T.);
#10296=EDGE_CURVE('',#11561,#12926,#12929,.T.);
#10297=EDGE_CURVE('',#12930,#11559,#12931,.T.);
#10298=EDGE_CURVE('',#12932,#12930,#12933,.T.);
#10299=EDGE_CURVE('',#12932,#12927,#12934,.T.);
#10300=EDGE_CURVE('',#11613,#12935,#12936,.T.);
#10301=EDGE_CURVE('',#12935,#11839,#12937,.T.);
#10302=EDGE_CURVE('',#12851,#12917,#12938,.T.);
#10303=EDGE_CURVE('',#12939,#12922,#12940,.T.);
#10304=EDGE_CURVE('',#12939,#12941,#12942,.T.);
#10305=EDGE_CURVE('',#12920,#12941,#12943,.T.);
#10306=EDGE_CURVE('',#12858,#12920,#12944,.T.);
#10307=EDGE_CURVE('',#12945,#12941,#12946,.T.);
#10308=EDGE_CURVE('',#12945,#12858,#12947,.T.);
#10309=EDGE_CURVE('',#12856,#12948,#12949,.T.);
#10310=EDGE_CURVE('',#12945,#12948,#12950,.T.);
#10311=EDGE_CURVE('',#12948,#12939,#12951,.T.);
#10312=EDGE_CURVE('',#12856,#12922,#12952,.T.);
#10313=EDGE_CURVE('',#12953,#12932,#12954,.T.);
#10314=EDGE_CURVE('',#12953,#12955,#12956,.T.);
#10315=EDGE_CURVE('',#12955,#12927,#12957,.T.);
#10316=EDGE_CURVE('',#12958,#12955,#12959,.T.);
#10317=EDGE_CURVE('',#12958,#12872,#12960,.T.);
#10318=EDGE_CURVE('',#12872,#12927,#12961,.T.);
#10319=EDGE_CURVE('',#12870,#12926,#12962,.T.);
#10320=EDGE_CURVE('',#12866,#12963,#12964,.T.);
#10321=EDGE_CURVE('',#12958,#12963,#12965,.T.);
#10322=EDGE_CURVE('',#12963,#12953,#12966,.T.);
#10323=EDGE_CURVE('',#12866,#12932,#12967,.T.);
#10324=EDGE_CURVE('',#12867,#12930,#12968,.T.);
#10325=EDGE_CURVE('',#12935,#12969,#12970,.T.);
#10326=EDGE_CURVE('',#12971,#12969,#12972,.T.);
#10327=EDGE_CURVE('',#12875,#12971,#12973,.T.);
#10328=EDGE_CURVE('',#12974,#11832,#12975,.T.);
#10329=EDGE_CURVE('',#12974,#12976,#12977,.T.);
#10330=EDGE_CURVE('',#12978,#12976,#12979,.T.);
#10331=EDGE_CURVE('',#12980,#12978,#12981,.T.);
#10332=EDGE_CURVE('',#12980,#11834,#12982,.T.);
#10333=EDGE_CURVE('',#12983,#11825,#12984,.T.);
#10334=EDGE_CURVE('',#12983,#12985,#12986,.T.);
#10335=EDGE_CURVE('',#12987,#12985,#12988,.T.);
#10336=EDGE_CURVE('',#12989,#12987,#12990,.T.);
#10337=EDGE_CURVE('',#12989,#11827,#12991,.T.);
#10338=EDGE_CURVE('',#12070,#12992,#12993,.T.);
#10339=EDGE_CURVE('',#12994,#12992,#12995,.T.);
#10340=EDGE_CURVE('',#12014,#12994,#12996,.T.);
#10341=EDGE_CURVE('',#12167,#12997,#12998,.T.);
#10342=EDGE_CURVE('',#12999,#12997,#13000,.T.);
#10343=EDGE_CURVE('',#12215,#12999,#13001,.T.);
#10344=EDGE_CURVE('',#13002,#11818,#13003,.T.);
#10345=EDGE_CURVE('',#13002,#13004,#13005,.T.);
#10346=EDGE_CURVE('',#13006,#13004,#13007,.T.);
#10347=EDGE_CURVE('',#13008,#13006,#13009,.T.);
#10348=EDGE_CURVE('',#13008,#11820,#13010,.T.);
#10349=EDGE_CURVE('',#13011,#12971,#13012,.T.);
#10350=EDGE_CURVE('',#13011,#13013,#13014,.T.);
#10351=EDGE_CURVE('',#11611,#13013,#13015,.T.);
#10352=EDGE_CURVE('',#13013,#13016,#13017,.T.);
#10353=EDGE_CURVE('',#13016,#11613,#13018,.T.);
#10354=EDGE_CURVE('',#13016,#13019,#13020,.T.);
#10355=EDGE_CURVE('',#13019,#12969,#13021,.T.);
#10356=EDGE_CURVE('',#13011,#13019,#13022,.T.);
#10357=EDGE_CURVE('',#11547,#13023,#13024,.T.);
#10358=EDGE_CURVE('',#13023,#13025,#13026,.T.);
#10359=EDGE_CURVE('',#13025,#11549,#13027,.T.);
#10360=EDGE_CURVE('',#13028,#12317,#13029,.T.);
#10361=EDGE_CURVE('',#12321,#13030,#13031,.T.);
#10362=EDGE_CURVE('',#13030,#13028,#13032,.T.);
#10363=EDGE_CURVE('',#13033,#12335,#13034,.T.);
#10364=EDGE_CURVE('',#12339,#13035,#13036,.T.);
#10365=EDGE_CURVE('',#13035,#13033,#13037,.T.);
#10366=EDGE_CURVE('',#13038,#13039,#13040,.T.);
#10367=EDGE_CURVE('',#13039,#11553,#13041,.T.);
#10368=EDGE_CURVE('',#11551,#13042,#13043,.T.);
#10369=EDGE_CURVE('',#13042,#13044,#13045,.T.);
#10370=EDGE_CURVE('',#13044,#13038,#13046,.T.);
#10371=EDGE_CURVE('',#12980,#11620,#13047,.T.);
#10372=EDGE_CURVE('',#13025,#13048,#13049,.T.);
#10373=EDGE_CURVE('',#13048,#11539,#13050,.T.);
#10374=EDGE_CURVE('',#11539,#13051,#13052,.T.);
#10375=EDGE_CURVE('',#13051,#13053,#13054,.T.);
#10376=EDGE_CURVE('',#13053,#11549,#13055,.T.);
#10377=EDGE_CURVE('',#13056,#11545,#13057,.T.);
#10378=EDGE_CURVE('',#13058,#13056,#13059,.T.);
#10379=EDGE_CURVE('',#13058,#11547,#13060,.T.);
#10380=EDGE_CURVE('',#13061,#11553,#13062,.T.);
#10381=EDGE_CURVE('',#12098,#13061,#13063,.T.);
#10382=EDGE_CURVE('',#13064,#11551,#13065,.T.);
#10383=EDGE_CURVE('',#13064,#13053,#13066,.T.);
#10384=EDGE_CURVE('',#13067,#13058,#13068,.T.);
#10385=EDGE_CURVE('',#11541,#13067,#13069,.T.);
#10386=EDGE_CURVE('',#11541,#13070,#13071,.T.);
#10387=EDGE_CURVE('',#13023,#13070,#13072,.T.);
#10388=EDGE_CURVE('',#13070,#13048,#13073,.T.);
#10389=EDGE_CURVE('',#12319,#13074,#13075,.T.);
#10390=EDGE_CURVE('',#13076,#12316,#13077,.T.);
#10391=EDGE_CURVE('',#13076,#13074,#13078,.T.);
#10392=EDGE_CURVE('',#12337,#13079,#13080,.T.);
#10393=EDGE_CURVE('',#13081,#12334,#13082,.T.);
#10394=EDGE_CURVE('',#13081,#13079,#13083,.T.);
#10395=EDGE_CURVE('',#13084,#13085,#13086,.T.);
#10396=EDGE_CURVE('',#11537,#13084,#13087,.T.);
#10397=EDGE_CURVE('',#13088,#11535,#13089,.T.);
#10398=EDGE_CURVE('',#13090,#13088,#13091,.T.);
#10399=EDGE_CURVE('',#13090,#13085,#13092,.T.);
#10400=EDGE_CURVE('',#11622,#12974,#13093,.T.);
#10401=EDGE_CURVE('',#13094,#13076,#13095,.T.);
#10402=EDGE_CURVE('',#13094,#13096,#13097,.T.);
#10403=EDGE_CURVE('',#13074,#13096,#13098,.T.);
#10404=EDGE_CURVE('',#13030,#13074,#13099,.T.);
#10405=EDGE_CURVE('',#13100,#13096,#13101,.T.);
#10406=EDGE_CURVE('',#13100,#13030,#13102,.T.);
#10407=EDGE_CURVE('',#13028,#13103,#13104,.T.);
#10408=EDGE_CURVE('',#13100,#13103,#13105,.T.);
#10409=EDGE_CURVE('',#13103,#13094,#13106,.T.);
#10410=EDGE_CURVE('',#13028,#13076,#13107,.T.);
#10411=EDGE_CURVE('',#13108,#13081,#13109,.T.);
#10412=EDGE_CURVE('',#13108,#13110,#13111,.T.);
#10413=EDGE_CURVE('',#13110,#13079,#13112,.T.);
#10414=EDGE_CURVE('',#13113,#13110,#13114,.T.);
#10415=EDGE_CURVE('',#13113,#13035,#13115,.T.);
#10416=EDGE_CURVE('',#13035,#13079,#13116,.T.);
#10417=EDGE_CURVE('',#13117,#13056,#13118,.T.);
#10418=EDGE_CURVE('',#13117,#11543,#13119,.T.);
#10419=EDGE_CURVE('',#13067,#13117,#13120,.T.);
#10420=EDGE_CURVE('',#11535,#13121,#13122,.T.);
#10421=EDGE_CURVE('',#12100,#13121,#13123,.T.);
#10422=EDGE_CURVE('',#11537,#13124,#13125,.T.);
#10423=EDGE_CURVE('',#13124,#13051,#13126,.T.);
#10424=EDGE_CURVE('',#13121,#13061,#13127,.T.);
#10425=EDGE_CURVE('',#13124,#13064,#13128,.T.);
#10426=EDGE_CURVE('',#13039,#13088,#13129,.T.);
#10427=EDGE_CURVE('',#13038,#13090,#13130,.T.);
#10428=EDGE_CURVE('',#13131,#13090,#13132,.T.);
#10429=EDGE_CURVE('',#13038,#13133,#13134,.T.);
#10430=EDGE_CURVE('',#13133,#13131,#13135,.T.);
#10431=EDGE_CURVE('',#13136,#13133,#13137,.T.);
#10432=EDGE_CURVE('',#13136,#13138,#13139,.T.);
#10433=EDGE_CURVE('',#13131,#13138,#13140,.T.);
#10434=EDGE_CURVE('',#13138,#13085,#13141,.T.);
#10435=EDGE_CURVE('',#13136,#13044,#13142,.T.);
#10436=EDGE_CURVE('',#13044,#13085,#13143,.T.);
#10437=EDGE_CURVE('',#13042,#13084,#13144,.T.);
#10438=EDGE_CURVE('',#13033,#13145,#13146,.T.);
#10439=EDGE_CURVE('',#13113,#13145,#13147,.T.);
#10440=EDGE_CURVE('',#13145,#13108,#13148,.T.);
#10441=EDGE_CURVE('',#13033,#13081,#13149,.T.);
#10442=EDGE_CURVE('',#13150,#11622,#13151,.T.);
#10443=EDGE_CURVE('',#13150,#13152,#13153,.T.);
#10444=EDGE_CURVE('',#13152,#12976,#13154,.T.);
#10445=EDGE_CURVE('',#13155,#13152,#13156,.T.);
#10446=EDGE_CURVE('',#13155,#12978,#13157,.T.);
#10447=EDGE_CURVE('',#13155,#13158,#13159,.T.);
#10448=EDGE_CURVE('',#11620,#13158,#13160,.T.);
#10449=EDGE_CURVE('',#13158,#13150,#13161,.T.);
#10450=EDGE_CURVE('',#11523,#13162,#13163,.T.);
#10451=EDGE_CURVE('',#13162,#13164,#13165,.T.);
#10452=EDGE_CURVE('',#13164,#11525,#13166,.T.);
#10453=EDGE_CURVE('',#13167,#12371,#13168,.T.);
#10454=EDGE_CURVE('',#12375,#13169,#13170,.T.);
#10455=EDGE_CURVE('',#13169,#13167,#13171,.T.);
#10456=EDGE_CURVE('',#13172,#12353,#13173,.T.);
#10457=EDGE_CURVE('',#12357,#13174,#13175,.T.);
#10458=EDGE_CURVE('',#13174,#13172,#13176,.T.);
#10459=EDGE_CURVE('',#13177,#13178,#13179,.T.);
#10460=EDGE_CURVE('',#13178,#11529,#13180,.T.);
#10461=EDGE_CURVE('',#11527,#13181,#13182,.T.);
#10462=EDGE_CURVE('',#13181,#13183,#13184,.T.);
#10463=EDGE_CURVE('',#13183,#13177,#13185,.T.);
#10464=EDGE_CURVE('',#12989,#11629,#13186,.T.);
#10465=EDGE_CURVE('',#13164,#13187,#13188,.T.);
#10466=EDGE_CURVE('',#13187,#11515,#13189,.T.);
#10467=EDGE_CURVE('',#11515,#13190,#13191,.T.);
#10468=EDGE_CURVE('',#13190,#13192,#13193,.T.);
#10469=EDGE_CURVE('',#13192,#11525,#13194,.T.);
#10470=EDGE_CURVE('',#13195,#11521,#13196,.T.);
#10471=EDGE_CURVE('',#13197,#13195,#13198,.T.);
#10472=EDGE_CURVE('',#13197,#11523,#13199,.T.);
#10473=EDGE_CURVE('',#13200,#11529,#13201,.T.);
#10474=EDGE_CURVE('',#12103,#13200,#13202,.T.);
#10475=EDGE_CURVE('',#13203,#11527,#13204,.T.);
#10476=EDGE_CURVE('',#13203,#13192,#13205,.T.);
#10477=EDGE_CURVE('',#13206,#13197,#13207,.T.);
#10478=EDGE_CURVE('',#11517,#13206,#13208,.T.);
#10479=EDGE_CURVE('',#11517,#13209,#13210,.T.);
#10480=EDGE_CURVE('',#13162,#13209,#13211,.T.);
#10481=EDGE_CURVE('',#13209,#13187,#13212,.T.);
#10482=EDGE_CURVE('',#12373,#13213,#13214,.T.);
#10483=EDGE_CURVE('',#13215,#12370,#13216,.T.);
#10484=EDGE_CURVE('',#13215,#13213,#13217,.T.);
#10485=EDGE_CURVE('',#12355,#13218,#13219,.T.);
#10486=EDGE_CURVE('',#13220,#12352,#13221,.T.);
#10487=EDGE_CURVE('',#13220,#13218,#13222,.T.);
#10488=EDGE_CURVE('',#13223,#13224,#13225,.T.);
#10489=EDGE_CURVE('',#11513,#13223,#13226,.T.);
#10490=EDGE_CURVE('',#13227,#11511,#13228,.T.);
#10491=EDGE_CURVE('',#13229,#13227,#13230,.T.);
#10492=EDGE_CURVE('',#13229,#13224,#13231,.T.);
#10493=EDGE_CURVE('',#11631,#12983,#13232,.T.);
#10494=EDGE_CURVE('',#13233,#13215,#13234,.T.);
#10495=EDGE_CURVE('',#13233,#13235,#13236,.T.);
#10496=EDGE_CURVE('',#13213,#13235,#13237,.T.);
#10497=EDGE_CURVE('',#13169,#13213,#13238,.T.);
#10498=EDGE_CURVE('',#13239,#13235,#13240,.T.);
#10499=EDGE_CURVE('',#13239,#13169,#13241,.T.);
#10500=EDGE_CURVE('',#13167,#13242,#13243,.T.);
#10501=EDGE_CURVE('',#13239,#13242,#13244,.T.);
#10502=EDGE_CURVE('',#13242,#13233,#13245,.T.);
#10503=EDGE_CURVE('',#13167,#13215,#13246,.T.);
#10504=EDGE_CURVE('',#13247,#13220,#13248,.T.);
#10505=EDGE_CURVE('',#13247,#13249,#13250,.T.);
#10506=EDGE_CURVE('',#13249,#13218,#13251,.T.);
#10507=EDGE_CURVE('',#13252,#13249,#13253,.T.);
#10508=EDGE_CURVE('',#13252,#13174,#13254,.T.);
#10509=EDGE_CURVE('',#13174,#13218,#13255,.T.);
#10510=EDGE_CURVE('',#13256,#13195,#13257,.T.);
#10511=EDGE_CURVE('',#13256,#11519,#13258,.T.);
#10512=EDGE_CURVE('',#13206,#13256,#13259,.T.);
#10513=EDGE_CURVE('',#11511,#13260,#13261,.T.);
#10514=EDGE_CURVE('',#12105,#13260,#13262,.T.);
#10515=EDGE_CURVE('',#11513,#13263,#13264,.T.);
#10516=EDGE_CURVE('',#13263,#13190,#13265,.T.);
#10517=EDGE_CURVE('',#13260,#13200,#13266,.T.);
#10518=EDGE_CURVE('',#13263,#13203,#13267,.T.);
#10519=EDGE_CURVE('',#13178,#13227,#13268,.T.);
#10520=EDGE_CURVE('',#13177,#13229,#13269,.T.);
#10521=EDGE_CURVE('',#13270,#13229,#13271,.T.);
#10522=EDGE_CURVE('',#13177,#13272,#13273,.T.);
#10523=EDGE_CURVE('',#13272,#13270,#13274,.T.);
#10524=EDGE_CURVE('',#13275,#13272,#13276,.T.);
#10525=EDGE_CURVE('',#13275,#13277,#13278,.T.);
#10526=EDGE_CURVE('',#13270,#13277,#13279,.T.);
#10527=EDGE_CURVE('',#13277,#13224,#13280,.T.);
#10528=EDGE_CURVE('',#13275,#13183,#13281,.T.);
#10529=EDGE_CURVE('',#13183,#13224,#13282,.T.);
#10530=EDGE_CURVE('',#13181,#13223,#13283,.T.);
#10531=EDGE_CURVE('',#13172,#13284,#13285,.T.);
#10532=EDGE_CURVE('',#13252,#13284,#13286,.T.);
#10533=EDGE_CURVE('',#13284,#13247,#13287,.T.);
#10534=EDGE_CURVE('',#13172,#13220,#13288,.T.);
#10535=EDGE_CURVE('',#13289,#11631,#13290,.T.);
#10536=EDGE_CURVE('',#13289,#13291,#13292,.T.);
#10537=EDGE_CURVE('',#13291,#12985,#13293,.T.);
#10538=EDGE_CURVE('',#13294,#13291,#13295,.T.);
#10539=EDGE_CURVE('',#13294,#12987,#13296,.T.);
#10540=EDGE_CURVE('',#13294,#13297,#13298,.T.);
#10541=EDGE_CURVE('',#11629,#13297,#13299,.T.);
#10542=EDGE_CURVE('',#13297,#13289,#13300,.T.);
#10543=EDGE_CURVE('',#13301,#12994,#13302,.T.);
#10544=EDGE_CURVE('',#13301,#13303,#13304,.T.);
#10545=EDGE_CURVE('',#13303,#11656,#13305,.T.);
#10546=EDGE_CURVE('',#13303,#13306,#13307,.T.);
#10547=EDGE_CURVE('',#13306,#11658,#13308,.T.);
#10548=EDGE_CURVE('',#13306,#13309,#13310,.T.);
#10549=EDGE_CURVE('',#13309,#12992,#13311,.T.);
#10550=EDGE_CURVE('',#13301,#13309,#13312,.T.);
#10551=EDGE_CURVE('',#13313,#12999,#13314,.T.);
#10552=EDGE_CURVE('',#13313,#13315,#13316,.T.);
#10553=EDGE_CURVE('',#13315,#11647,#13317,.T.);
#10554=EDGE_CURVE('',#13315,#13318,#13319,.T.);
#10555=EDGE_CURVE('',#13318,#11649,#13320,.T.);
#10556=EDGE_CURVE('',#13318,#13321,#13322,.T.);
#10557=EDGE_CURVE('',#13321,#12997,#13323,.T.);
#10558=EDGE_CURVE('',#13313,#13321,#13324,.T.);
#10559=EDGE_CURVE('',#11499,#13325,#13326,.T.);
#10560=EDGE_CURVE('',#13325,#13327,#13328,.T.);
#10561=EDGE_CURVE('',#13327,#11501,#13329,.T.);
#10562=EDGE_CURVE('',#13330,#12407,#13331,.T.);
#10563=EDGE_CURVE('',#12411,#13332,#13333,.T.);
#10564=EDGE_CURVE('',#13332,#13330,#13334,.T.);
#10565=EDGE_CURVE('',#13335,#12389,#13336,.T.);
#10566=EDGE_CURVE('',#12393,#13337,#13338,.T.);
#10567=EDGE_CURVE('',#13337,#13335,#13339,.T.);
#10568=EDGE_CURVE('',#13340,#13341,#13342,.T.);
#10569=EDGE_CURVE('',#13341,#11505,#13343,.T.);
#10570=EDGE_CURVE('',#11503,#13344,#13345,.T.);
#10571=EDGE_CURVE('',#13344,#13346,#13347,.T.);
#10572=EDGE_CURVE('',#13346,#13340,#13348,.T.);
#10573=EDGE_CURVE('',#13008,#11638,#13349,.T.);
#10574=EDGE_CURVE('',#13327,#13350,#13351,.T.);
#10575=EDGE_CURVE('',#13350,#11491,#13352,.T.);
#10576=EDGE_CURVE('',#11491,#13353,#13354,.T.);
#10577=EDGE_CURVE('',#13353,#13355,#13356,.T.);
#10578=EDGE_CURVE('',#13355,#11501,#13357,.T.);
#10579=EDGE_CURVE('',#13358,#11497,#13359,.T.);
#10580=EDGE_CURVE('',#13360,#13358,#13361,.T.);
#10581=EDGE_CURVE('',#13360,#11499,#13362,.T.);
#10582=EDGE_CURVE('',#13363,#11505,#13364,.T.);
#10583=EDGE_CURVE('',#12108,#13363,#13365,.T.);
#10584=EDGE_CURVE('',#13366,#11503,#13367,.T.);
#10585=EDGE_CURVE('',#13366,#13355,#13368,.T.);
#10586=EDGE_CURVE('',#13369,#13360,#13370,.T.);
#10587=EDGE_CURVE('',#11493,#13369,#13371,.T.);
#10588=EDGE_CURVE('',#11493,#13372,#13373,.T.);
#10589=EDGE_CURVE('',#13325,#13372,#13374,.T.);
#10590=EDGE_CURVE('',#13372,#13350,#13375,.T.);
#10591=EDGE_CURVE('',#12409,#13376,#13377,.T.);
#10592=EDGE_CURVE('',#13378,#12406,#13379,.T.);
#10593=EDGE_CURVE('',#13378,#13376,#13380,.T.);
#10594=EDGE_CURVE('',#12391,#13381,#13382,.T.);
#10595=EDGE_CURVE('',#13383,#12388,#13384,.T.);
#10596=EDGE_CURVE('',#13383,#13381,#13385,.T.);
#10597=EDGE_CURVE('',#13386,#13387,#13388,.T.);
#10598=EDGE_CURVE('',#11489,#13386,#13389,.T.);
#10599=EDGE_CURVE('',#13390,#11487,#13391,.T.);
#10600=EDGE_CURVE('',#13392,#13390,#13393,.T.);
#10601=EDGE_CURVE('',#13392,#13387,#13394,.T.);
#10602=EDGE_CURVE('',#11640,#13002,#13395,.T.);
#10603=EDGE_CURVE('',#13396,#13378,#13397,.T.);
#10604=EDGE_CURVE('',#13396,#13398,#13399,.T.);
#10605=EDGE_CURVE('',#13376,#13398,#13400,.T.);
#10606=EDGE_CURVE('',#13332,#13376,#13401,.T.);
#10607=EDGE_CURVE('',#13402,#13398,#13403,.T.);
#10608=EDGE_CURVE('',#13402,#13332,#13404,.T.);
#10609=EDGE_CURVE('',#13330,#13405,#13406,.T.);
#10610=EDGE_CURVE('',#13402,#13405,#13407,.T.);
#10611=EDGE_CURVE('',#13405,#13396,#13408,.T.);
#10612=EDGE_CURVE('',#13330,#13378,#13409,.T.);
#10613=EDGE_CURVE('',#13410,#13383,#13411,.T.);
#10614=EDGE_CURVE('',#13410,#13412,#13413,.T.);
#10615=EDGE_CURVE('',#13412,#13381,#13414,.T.);
#10616=EDGE_CURVE('',#13415,#13412,#13416,.T.);
#10617=EDGE_CURVE('',#13415,#13337,#13417,.T.);
#10618=EDGE_CURVE('',#13337,#13381,#13418,.T.);
#10619=EDGE_CURVE('',#13419,#13358,#13420,.T.);
#10620=EDGE_CURVE('',#13419,#11495,#13421,.T.);
#10621=EDGE_CURVE('',#13369,#13419,#13422,.T.);
#10622=EDGE_CURVE('',#11487,#13423,#13424,.T.);
#10623=EDGE_CURVE('',#12110,#13423,#13425,.T.);
#10624=EDGE_CURVE('',#11489,#13426,#13427,.T.);
#10625=EDGE_CURVE('',#13426,#13353,#13428,.T.);
#10626=EDGE_CURVE('',#13423,#13363,#13429,.T.);
#10627=EDGE_CURVE('',#13426,#13366,#13430,.T.);
#10628=EDGE_CURVE('',#13341,#13390,#13431,.T.);
#10629=EDGE_CURVE('',#13340,#13392,#13432,.T.);
#10630=EDGE_CURVE('',#13433,#13392,#13434,.T.);
#10631=EDGE_CURVE('',#13340,#13435,#13436,.T.);
#10632=EDGE_CURVE('',#13435,#13433,#13437,.T.);
#10633=EDGE_CURVE('',#13438,#13435,#13439,.T.);
#10634=EDGE_CURVE('',#13438,#13440,#13441,.T.);
#10635=EDGE_CURVE('',#13433,#13440,#13442,.T.);
#10636=EDGE_CURVE('',#13440,#13387,#13443,.T.);
#10637=EDGE_CURVE('',#13438,#13346,#13444,.T.);
#10638=EDGE_CURVE('',#13346,#13387,#13445,.T.);
#10639=EDGE_CURVE('',#13344,#13386,#13446,.T.);
#10640=EDGE_CURVE('',#13335,#13447,#13448,.T.);
#10641=EDGE_CURVE('',#13415,#13447,#13449,.T.);
#10642=EDGE_CURVE('',#13447,#13410,#13450,.T.);
#10643=EDGE_CURVE('',#13335,#13383,#13451,.T.);
#10644=EDGE_CURVE('',#13452,#11640,#13453,.T.);
#10645=EDGE_CURVE('',#13452,#13454,#13455,.T.);
#10646=EDGE_CURVE('',#13454,#13004,#13456,.T.);
#10647=EDGE_CURVE('',#13457,#13454,#13458,.T.);
#10648=EDGE_CURVE('',#13457,#13006,#13459,.T.);
#10649=EDGE_CURVE('',#13457,#13460,#13461,.T.);
#10650=EDGE_CURVE('',#11638,#13460,#13462,.T.);
#10651=EDGE_CURVE('',#13460,#13452,#13463,.T.);
#10652=EDGE_CURVE('',#12207,#12153,#13464,.T.);
#10653=EDGE_CURVE('',#13465,#12153,#13466,.T.);
#10654=EDGE_CURVE('',#13467,#13465,#13468,.T.);
#10655=EDGE_CURVE('',#13467,#12207,#13469,.T.);
#10656=EDGE_CURVE('',#13467,#13470,#13471,.T.);
#10657=EDGE_CURVE('',#12202,#13470,#13472,.T.);
#10658=EDGE_CURVE('',#13470,#13473,#13474,.T.);
#10659=EDGE_CURVE('',#13473,#12157,#13475,.T.);
#10660=EDGE_CURVE('',#12202,#12157,#13476,.T.);
#10661=EDGE_CURVE('',#13473,#13465,#13477,.T.);
#10662=EDGE_CURVE('',#12002,#12056,#13478,.T.);
#10663=EDGE_CURVE('',#13479,#12056,#13480,.T.);
#10664=EDGE_CURVE('',#13481,#13479,#13482,.T.);
#10665=EDGE_CURVE('',#13481,#12002,#13483,.T.);
#10666=EDGE_CURVE('',#13481,#13484,#13485,.T.);
#10667=EDGE_CURVE('',#11997,#13484,#13486,.T.);
#10668=EDGE_CURVE('',#13484,#13487,#13488,.T.);
#10669=EDGE_CURVE('',#13487,#12060,#13489,.T.);
#10670=EDGE_CURVE('',#11997,#12060,#13490,.T.);
#10671=EDGE_CURVE('',#13487,#13479,#13491,.T.);
#10672=EDGE_CURVE('',#11994,#12048,#13492,.T.);
#10673=EDGE_CURVE('',#13493,#12048,#13494,.T.);
#10674=EDGE_CURVE('',#13495,#13493,#13496,.T.);
#10675=EDGE_CURVE('',#13495,#11994,#13497,.T.);
#10676=EDGE_CURVE('',#13495,#13498,#13499,.T.);
#10677=EDGE_CURVE('',#11989,#13498,#13500,.T.);
#10678=EDGE_CURVE('',#13498,#13501,#13502,.T.);
#10679=EDGE_CURVE('',#13501,#12052,#13503,.T.);
#10680=EDGE_CURVE('',#11989,#12052,#13504,.T.);
#10681=EDGE_CURVE('',#13501,#13493,#13505,.T.);
#10682=EDGE_CURVE('',#11684,#11742,#13506,.T.);
#10683=EDGE_CURVE('',#13507,#11742,#13508,.T.);
#10684=EDGE_CURVE('',#13509,#13507,#13510,.T.);
#10685=EDGE_CURVE('',#13509,#11684,#13511,.T.);
#10686=EDGE_CURVE('',#13509,#13512,#13513,.T.);
#10687=EDGE_CURVE('',#11679,#13512,#13514,.T.);
#10688=EDGE_CURVE('',#13512,#13515,#13516,.T.);
#10689=EDGE_CURVE('',#13515,#11746,#13517,.T.);
#10690=EDGE_CURVE('',#11679,#11746,#13518,.T.);
#10691=EDGE_CURVE('',#13515,#13507,#13519,.T.);
#10692=EDGE_CURVE('',#11676,#11734,#13520,.T.);
#10693=EDGE_CURVE('',#13521,#11734,#13522,.T.);
#10694=EDGE_CURVE('',#13523,#13521,#13524,.T.);
#10695=EDGE_CURVE('',#13523,#11676,#13525,.T.);
#10696=EDGE_CURVE('',#13523,#13526,#13527,.T.);
#10697=EDGE_CURVE('',#11671,#13526,#13528,.T.);
#10698=EDGE_CURVE('',#13526,#13529,#13530,.T.);
#10699=EDGE_CURVE('',#13529,#11738,#13531,.T.);
#10700=EDGE_CURVE('',#11671,#11738,#13532,.T.);
#10701=EDGE_CURVE('',#13529,#13521,#13533,.T.);
#10702=EDGE_CURVE('',#13534,#13535,#13536,.T.);
#10703=EDGE_CURVE('',#12210,#13535,#13537,.T.);
#10704=EDGE_CURVE('',#13534,#12212,#13538,.T.);
#10705=EDGE_CURVE('',#12212,#12161,#13539,.T.);
#10706=EDGE_CURVE('',#13540,#12161,#13541,.T.);
#10707=EDGE_CURVE('',#13534,#13540,#13542,.T.);
#10708=EDGE_CURVE('',#13543,#13540,#13544,.T.);
#10709=EDGE_CURVE('',#13535,#13543,#13545,.T.);
#10710=EDGE_CURVE('',#13543,#12164,#13546,.T.);
#10711=EDGE_CURVE('',#12210,#12164,#13547,.T.);
#10712=EDGE_CURVE('',#11123,#12089,#13548,.T.);
#10713=EDGE_CURVE('',#12009,#12063,#13549,.T.);
#10714=EDGE_CURVE('',#12011,#12064,#13550,.T.);
#10715=EDGE_CURVE('',#13551,#12064,#13552,.T.);
#10716=EDGE_CURVE('',#13553,#13551,#13554,.T.);
#10717=EDGE_CURVE('',#13553,#12011,#13555,.T.);
#10718=EDGE_CURVE('',#13553,#13556,#13557,.T.);
#10719=EDGE_CURVE('',#12005,#13556,#13558,.T.);
#10720=EDGE_CURVE('',#13556,#13559,#13560,.T.);
#10721=EDGE_CURVE('',#13559,#12067,#13561,.T.);
#10722=EDGE_CURVE('',#12005,#12067,#13562,.T.);
#10723=EDGE_CURVE('',#13559,#13551,#13563,.T.);
#10724=EDGE_CURVE('',#11698,#11757,#13564,.T.);
#10725=EDGE_CURVE('',#13565,#11757,#13566,.T.);
#10726=EDGE_CURVE('',#13567,#13565,#13568,.T.);
#10727=EDGE_CURVE('',#13567,#11698,#13569,.T.);
#10728=EDGE_CURVE('',#13567,#13570,#13571,.T.);
#10729=EDGE_CURVE('',#13570,#11397,#13572,.T.);
#10730=EDGE_CURVE('',#13570,#13573,#13574,.T.);
#10731=EDGE_CURVE('',#13573,#11398,#13575,.T.);
#10732=EDGE_CURVE('',#13573,#13565,#13576,.T.);
#10733=EDGE_CURVE('',#13577,#11278,#13578,.T.);
#10734=EDGE_CURVE('',#13577,#11856,#13579,.T.);
#10735=EDGE_CURVE('',#13580,#11393,#13581,.T.);
#10736=EDGE_CURVE('',#11056,#11850,#13582,.T.);
#10737=EDGE_CURVE('',#13580,#11850,#13583,.T.);
#10738=EDGE_CURVE('',#11854,#10920,#13584,.T.);
#10739=EDGE_CURVE('',#11113,#13585,#13586,.T.);
#10740=EDGE_CURVE('',#13585,#13577,#13587,.T.);
#10741=EDGE_CURVE('',#13580,#11163,#13588,.T.);
#10742=EDGE_CURVE('',#11280,#13585,#13589,.T.);
#10743=EDGE_CURVE('',#11409,#13590,#13591,.T.);
#10744=EDGE_CURVE('',#13590,#13592,#13593,.T.);
#10745=EDGE_CURVE('',#13592,#11403,#13594,.T.);
#10746=EDGE_CURVE('',#13592,#13595,#13596,.T.);
#10747=EDGE_CURVE('',#13595,#11405,#13597,.T.);
#10748=EDGE_CURVE('',#13598,#13595,#13599,.T.);
#10749=EDGE_CURVE('',#11407,#13598,#13600,.T.);
#10750=EDGE_CURVE('',#13590,#13598,#13601,.T.);
#10751=EDGE_CURVE('',#11691,#11749,#13602,.T.);
#10752=EDGE_CURVE('',#11693,#11750,#13603,.T.);
#10753=EDGE_CURVE('',#13604,#11750,#13605,.T.);
#10754=EDGE_CURVE('',#13606,#13604,#13607,.T.);
#10755=EDGE_CURVE('',#13606,#11693,#13608,.T.);
#10756=EDGE_CURVE('',#13606,#13609,#13610,.T.);
#10757=EDGE_CURVE('',#11687,#13609,#13611,.T.);
#10758=EDGE_CURVE('',#13609,#13612,#13613,.T.);
#10759=EDGE_CURVE('',#13612,#11753,#13614,.T.);
#10760=EDGE_CURVE('',#11687,#11753,#13615,.T.);
#10761=EDGE_CURVE('',#13612,#13604,#13616,.T.);
#10762=EDGE_CURVE('',#13617,#11599,#13618,.T.);
#10763=EDGE_CURVE('',#11383,#13617,#13619,.T.);
#10764=EDGE_CURVE('',#13620,#13617,#13621,.T.);
#10765=EDGE_CURVE('',#11386,#13620,#13622,.T.);
#10766=EDGE_CURVE('',#11597,#13620,#13623,.T.);
#10767=EDGE_CURVE('',#10973,#10912,#13624,.T.);
#10768=EDGE_CURVE('',#10910,#10975,#13625,.T.);
#10769=EDGE_CURVE('',#11066,#11031,#13626,.T.);
#10770=EDGE_CURVE('',#11081,#13627,#13628,.T.);
#10771=EDGE_CURVE('',#13629,#13627,#13630,.T.);
#10772=EDGE_CURVE('',#11071,#13629,#13631,.T.);
#10773=EDGE_CURVE('',#13632,#13629,#13633,.T.);
#10774=EDGE_CURVE('',#11070,#13632,#13634,.T.);
#10775=EDGE_CURVE('',#13635,#13632,#13636,.T.);
#10776=EDGE_CURVE('',#11073,#13635,#13637,.T.);
#10777=EDGE_CURVE('',#13638,#13635,#13639,.T.);
#10778=EDGE_CURVE('',#11075,#13638,#13640,.T.);
#10779=EDGE_CURVE('',#13641,#13638,#13642,.T.);
#10780=EDGE_CURVE('',#11077,#13641,#13643,.T.);
#10781=EDGE_CURVE('',#13644,#13641,#13645,.T.);
#10782=EDGE_CURVE('',#11079,#13644,#13646,.T.);
#10783=EDGE_CURVE('',#13627,#13644,#13647,.T.);
#10784=EDGE_CURVE('',#11019,#10986,#13648,.T.);
#10785=EDGE_CURVE('',#11017,#10988,#13649,.T.);
#10786=EDGE_CURVE('',#11015,#10990,#13650,.T.);
#10787=EDGE_CURVE('',#10946,#10999,#13651,.T.);
#10788=EDGE_CURVE('',#10948,#10997,#13652,.T.);
#10789=EDGE_CURVE('',#10950,#10995,#13653,.T.);
#10790=CARTESIAN_POINT('',(10.5,-3.94,-3.965));
#10791=DIRECTION('',(0.0,-1.0,0.0));
#10792=DIRECTION('',(1.0,0.0,0.0));
#10793=CARTESIAN_POINT('',(10.5,-3.94,-3.965));
#10794=DIRECTION('',(0.0,-1.0,0.0));
#10795=DIRECTION('',(-1.0,0.0,0.0));
#10796=CARTESIAN_POINT('',(10.5,-3.94,-6.965));
#10797=DIRECTION('',(0.0,-1.0,0.0));
#10798=DIRECTION('',(1.0,0.0,0.0));
#10799=CARTESIAN_POINT('',(10.5,-3.94,-6.965));
#10800=DIRECTION('',(0.0,-1.0,0.0));
#10801=DIRECTION('',(-1.0,0.0,0.0));
#10802=CARTESIAN_POINT('',(7.5,-3.94,-3.965));
#10803=DIRECTION('',(0.0,-1.0,0.0));
#10804=DIRECTION('',(1.0,0.0,0.0));
#10805=CARTESIAN_POINT('',(7.5,-3.94,-3.965));
#10806=DIRECTION('',(0.0,-1.0,0.0));
#10807=DIRECTION('',(-1.0,0.0,0.0));
#10808=CARTESIAN_POINT('',(7.5,-3.94,-6.965));
#10809=DIRECTION('',(0.0,-1.0,0.0));
#10810=DIRECTION('',(1.0,0.0,0.0));
#10811=CARTESIAN_POINT('',(7.5,-3.94,-6.965));
#10812=DIRECTION('',(0.0,-1.0,0.0));
#10813=DIRECTION('',(-1.0,0.0,0.0));
#10814=CARTESIAN_POINT('',(4.5,-3.94,-3.965));
#10815=DIRECTION('',(0.0,-1.0,0.0));
#10816=DIRECTION('',(1.0,0.0,0.0));
#10817=CARTESIAN_POINT('',(4.5,-3.94,-3.965));
#10818=DIRECTION('',(0.0,-1.0,0.0));
#10819=DIRECTION('',(-1.0,0.0,0.0));
#10820=CARTESIAN_POINT('',(4.5,-3.94,-6.965));
#10821=DIRECTION('',(0.0,-1.0,0.0));
#10822=DIRECTION('',(1.0,0.0,0.0));
#10823=CARTESIAN_POINT('',(4.5,-3.94,-6.965));
#10824=DIRECTION('',(0.0,-1.0,0.0));
#10825=DIRECTION('',(-1.0,0.0,0.0));
#10826=CARTESIAN_POINT('',(1.5,-3.94,-3.965));
#10827=DIRECTION('',(0.0,-1.0,0.0));
#10828=DIRECTION('',(1.0,0.0,0.0));
#10829=CARTESIAN_POINT('',(1.5,-3.94,-3.965));
#10830=DIRECTION('',(0.0,-1.0,0.0));
#10831=DIRECTION('',(-1.0,0.0,0.0));
#10832=CARTESIAN_POINT('',(1.5,-3.94,-6.965));
#10833=DIRECTION('',(0.0,-1.0,0.0));
#10834=DIRECTION('',(1.0,0.0,0.0));
#10835=CARTESIAN_POINT('',(1.5,-3.94,-6.965));
#10836=DIRECTION('',(0.0,-1.0,0.0));
#10837=DIRECTION('',(-1.0,0.0,0.0));
#10838=CARTESIAN_POINT('',(-1.5,-3.94,-3.965));
#10839=DIRECTION('',(0.0,-1.0,0.0));
#10840=DIRECTION('',(1.0,0.0,0.0));
#10841=CARTESIAN_POINT('',(-1.5,-3.94,-3.965));
#10842=DIRECTION('',(0.0,-1.0,0.0));
#10843=DIRECTION('',(-1.0,0.0,0.0));
#10844=CARTESIAN_POINT('',(-1.5,-3.94,-6.965));
#10845=DIRECTION('',(0.0,-1.0,0.0));
#10846=DIRECTION('',(1.0,0.0,0.0));
#10847=CARTESIAN_POINT('',(-1.5,-3.94,-6.965));
#10848=DIRECTION('',(0.0,-1.0,0.0));
#10849=DIRECTION('',(-1.0,0.0,0.0));
#10850=CARTESIAN_POINT('',(-4.5,-3.94,-3.965));
#10851=DIRECTION('',(0.0,-1.0,0.0));
#10852=DIRECTION('',(1.0,0.0,0.0));
#10853=CARTESIAN_POINT('',(-4.5,-3.94,-3.965));
#10854=DIRECTION('',(0.0,-1.0,0.0));
#10855=DIRECTION('',(-1.0,0.0,0.0));
#10856=CARTESIAN_POINT('',(-4.5,-3.94,-6.965));
#10857=DIRECTION('',(0.0,-1.0,0.0));
#10858=DIRECTION('',(1.0,0.0,0.0));
#10859=CARTESIAN_POINT('',(-4.5,-3.94,-6.965));
#10860=DIRECTION('',(0.0,-1.0,0.0));
#10861=DIRECTION('',(-1.0,0.0,0.0));
#10862=CARTESIAN_POINT('',(-7.5,-3.94,-3.965));
#10863=DIRECTION('',(0.0,-1.0,0.0));
#10864=DIRECTION('',(1.0,0.0,0.0));
#10865=CARTESIAN_POINT('',(-7.5,-3.94,-3.965));
#10866=DIRECTION('',(0.0,-1.0,0.0));
#10867=DIRECTION('',(-1.0,0.0,0.0));
#10868=CARTESIAN_POINT('',(-7.5,-3.94,-6.965));
#10869=DIRECTION('',(0.0,-1.0,0.0));
#10870=DIRECTION('',(1.0,0.0,0.0));
#10871=CARTESIAN_POINT('',(-7.5,-3.94,-6.965));
#10872=DIRECTION('',(0.0,-1.0,0.0));
#10873=DIRECTION('',(-1.0,0.0,0.0));
#10874=CARTESIAN_POINT('',(-10.5,-3.94,-3.965));
#10875=DIRECTION('',(0.0,-1.0,0.0));
#10876=DIRECTION('',(1.0,0.0,0.0));
#10877=CARTESIAN_POINT('',(-10.5,-3.94,-3.965));
#10878=DIRECTION('',(0.0,-1.0,0.0));
#10879=DIRECTION('',(-1.0,0.0,0.0));
#10880=CARTESIAN_POINT('',(-10.5,-3.94,-6.965));
#10881=DIRECTION('',(0.0,-1.0,0.0));
#10882=DIRECTION('',(1.0,0.0,0.0));
#10883=CARTESIAN_POINT('',(-10.5,-3.94,-6.965));
#10884=DIRECTION('',(0.0,-1.0,0.0));
#10885=DIRECTION('',(-1.0,0.0,0.0));
#10886=CARTESIAN_POINT('',(8.35,-3.94,0.355));
#10887=DIRECTION('',(0.0,-1.0,0.0));
#10888=DIRECTION('',(1.0,0.0,0.0));
#10889=CARTESIAN_POINT('',(8.35,-3.94,0.355));
#10890=DIRECTION('',(0.0,-1.0,0.0));
#10891=DIRECTION('',(-1.0,0.0,0.0));
#10892=CARTESIAN_POINT('',(-8.35,-3.94,0.355));
#10893=DIRECTION('',(0.0,-1.0,0.0));
#10894=DIRECTION('',(1.0,0.0,0.0));
#10895=CARTESIAN_POINT('',(-8.35,-3.94,0.355));
#10896=DIRECTION('',(0.0,-1.0,0.0));
#10897=DIRECTION('',(-1.0,0.0,0.0));
#10898=DIRECTION('',(0.0,0.0,1.0));
#10899=DIRECTION('',(0.0,-1.0,0.0));
#10900=DIRECTION('',(0.0,-1.0,0.0));
#10901=VERTEX_POINT('',#13654);
#10902=VERTEX_POINT('',#13655);
#10903=LINE('',#13656,#13657);
#10904=VERTEX_POINT('',#13658);
#10905=LINE('',#13659,#13660);
#10906=VERTEX_POINT('',#13661);
#10907=LINE('',#13662,#13663);
#10908=VERTEX_POINT('',#13664);
#10909=LINE('',#13665,#13666);
#10910=VERTEX_POINT('',#13667);
#10911=LINE('',#13668,#13669);
#10912=VERTEX_POINT('',#13670);
#10913=LINE('',#13671,#13672);
#10914=VERTEX_POINT('',#13673);
#10915=LINE('',#13674,#13675);
#10916=VERTEX_POINT('',#13676);
#10917=LINE('',#13677,#13678);
#10918=VERTEX_POINT('',#13679);
#10919=LINE('',#13680,#13681);
#10920=VERTEX_POINT('',#13682);
#10921=LINE('',#13683,#13684);
#10922=VERTEX_POINT('',#13685);
#10923=LINE('',#13686,#13687);
#10924=VERTEX_POINT('',#13688);
#10925=LINE('',#13689,#13690);
#10926=VERTEX_POINT('',#13691);
#10927=LINE('',#13692,#13693);
#10928=LINE('',#13694,#13695);
#10929=VERTEX_POINT('',#13696);
#10930=LINE('',#13697,#13698);
#10931=VERTEX_POINT('',#13699);
#10932=LINE('',#13700,#13701);
#10933=LINE('',#13702,#13703);
#10934=VERTEX_POINT('',#13704);
#10935=LINE('',#13705,#13706);
#10936=LINE('',#13707,#13708);
#10937=VERTEX_POINT('',#13709);
#10938=LINE('',#13710,#13711);
#10939=VERTEX_POINT('',#13712);
#10940=LINE('',#13713,#13714);
#10941=VERTEX_POINT('',#13715);
#10942=LINE('',#13716,#13717);
#10943=LINE('',#13718,#13719);
#10944=VERTEX_POINT('',#13720);
#10945=LINE('',#13721,#13722);
#10946=VERTEX_POINT('',#13723);
#10947=LINE('',#13724,#13725);
#10948=VERTEX_POINT('',#13726);
#10949=LINE('',#13727,#13728);
#10950=VERTEX_POINT('',#13729);
#10951=LINE('',#13730,#13731);
#10952=VERTEX_POINT('',#13732);
#10953=LINE('',#13733,#13734);
#10954=LINE('',#13735,#13736);
#10955=VERTEX_POINT('',#13737);
#10956=LINE('',#13738,#13739);
#10957=VERTEX_POINT('',#13740);
#10958=LINE('',#13741,#13742);
#10959=LINE('',#13743,#13744);
#10960=VERTEX_POINT('',#13745);
#10961=LINE('',#13746,#13747);
#10962=VERTEX_POINT('',#13748);
#10963=LINE('',#13749,#13750);
#10964=LINE('',#13751,#13752);
#10965=VERTEX_POINT('',#13753);
#10966=LINE('',#13754,#13755);
#10967=VERTEX_POINT('',#13756);
#10968=LINE('',#13757,#13758);
#10969=VERTEX_POINT('',#13759);
#10970=LINE('',#13760,#13761);
#10971=VERTEX_POINT('',#13762);
#10972=LINE('',#13763,#13764);
#10973=VERTEX_POINT('',#13765);
#10974=LINE('',#13766,#13767);
#10975=VERTEX_POINT('',#13768);
#10976=LINE('',#13769,#13770);
#10977=LINE('',#13771,#13772);
#10978=LINE('',#13773,#13774);
#10979=VERTEX_POINT('',#13775);
#10980=VERTEX_POINT('',#13776);
#10981=LINE('',#13777,#13778);
#10982=VERTEX_POINT('',#13779);
#10983=LINE('',#13780,#13781);
#10984=VERTEX_POINT('',#13782);
#10985=LINE('',#13783,#13784);
#10986=VERTEX_POINT('',#13785);
#10987=LINE('',#13786,#13787);
#10988=VERTEX_POINT('',#13788);
#10989=LINE('',#13789,#13790);
#10990=VERTEX_POINT('',#13791);
#10991=LINE('',#13792,#13793);
#10992=VERTEX_POINT('',#13794);
#10993=LINE('',#13795,#13796);
#10994=LINE('',#13797,#13798);
#10995=VERTEX_POINT('',#13799);
#10996=LINE('',#13800,#13801);
#10997=VERTEX_POINT('',#13802);
#10998=LINE('',#13803,#13804);
#10999=VERTEX_POINT('',#13805);
#11000=LINE('',#13806,#13807);
#11001=LINE('',#13808,#13809);
#11002=VERTEX_POINT('',#13810);
#11003=VERTEX_POINT('',#13811);
#11004=LINE('',#13812,#13813);
#11005=VERTEX_POINT('',#13814);
#11006=LINE('',#13815,#13816);
#11007=LINE('',#13817,#13818);
#11008=VERTEX_POINT('',#13819);
#11009=LINE('',#13820,#13821);
#11010=LINE('',#13822,#13823);
#11011=VERTEX_POINT('',#13824);
#11012=VERTEX_POINT('',#13825);
#11013=LINE('',#13826,#13827);
#11014=LINE('',#13828,#13829);
#11015=VERTEX_POINT('',#13830);
#11016=LINE('',#13831,#13832);
#11017=VERTEX_POINT('',#13833);
#11018=LINE('',#13834,#13835);
#11019=VERTEX_POINT('',#13836);
#11020=LINE('',#13837,#13838);
#11021=VERTEX_POINT('',#13839);
#11022=LINE('',#13840,#13841);
#11023=LINE('',#13842,#13843);
#11024=LINE('',#13844,#13845);
#11025=LINE('',#13846,#13847);
#11026=VERTEX_POINT('',#13848);
#11027=VERTEX_POINT('',#13849);
#11028=LINE('',#13850,#13851);
#11029=LINE('',#13852,#13853);
#11030=LINE('',#13854,#13855);
#11031=VERTEX_POINT('',#13856);
#11032=LINE('',#13857,#13858);
#11033=VERTEX_POINT('',#13859);
#11034=LINE('',#13860,#13861);
#11035=VERTEX_POINT('',#13862);
#11036=LINE('',#13863,#13864);
#11037=VERTEX_POINT('',#13865);
#11038=LINE('',#13866,#13867);
#11039=VERTEX_POINT('',#13868);
#11040=LINE('',#13869,#13870);
#11041=VERTEX_POINT('',#13871);
#11042=LINE('',#13872,#13873);
#11043=VERTEX_POINT('',#13874);
#11044=LINE('',#13875,#13876);
#11045=VERTEX_POINT('',#13877);
#11046=LINE('',#13878,#13879);
#11047=LINE('',#13880,#13881);
#11048=VERTEX_POINT('',#13882);
#11049=LINE('',#13883,#13884);
#11050=LINE('',#13885,#13886);
#11051=VERTEX_POINT('',#13887);
#11052=VERTEX_POINT('',#13888);
#11053=LINE('',#13889,#13890);
#11054=VERTEX_POINT('',#13891);
#11055=LINE('',#13892,#13893);
#11056=VERTEX_POINT('',#13894);
#11057=LINE('',#13895,#13896);
#11058=VERTEX_POINT('',#13897);
#11059=LINE('',#13898,#13899);
#11060=VERTEX_POINT('',#13900);
#11061=LINE('',#13901,#13902);
#11062=VERTEX_POINT('',#13903);
#11063=LINE('',#13904,#13905);
#11064=VERTEX_POINT('',#13906);
#11065=LINE('',#13907,#13908);
#11066=VERTEX_POINT('',#13909);
#11067=LINE('',#13910,#13911);
#11068=LINE('',#13912,#13913);
#11069=LINE('',#13914,#13915);
#11070=VERTEX_POINT('',#13916);
#11071=VERTEX_POINT('',#13917);
#11072=LINE('',#13918,#13919);
#11073=VERTEX_POINT('',#13920);
#11074=LINE('',#13921,#13922);
#11075=VERTEX_POINT('',#13923);
#11076=LINE('',#13924,#13925);
#11077=VERTEX_POINT('',#13926);
#11078=LINE('',#13927,#13928);
#11079=VERTEX_POINT('',#13929);
#11080=LINE('',#13930,#13931);
#11081=VERTEX_POINT('',#13932);
#11082=LINE('',#13933,#13934);
#11083=LINE('',#13935,#13936);
#11084=LINE('',#13937,#13938);
#11085=LINE('',#13939,#13940);
#11086=LINE('',#13941,#13942);
#11087=LINE('',#13943,#13944);
#11088=LINE('',#13945,#13946);
#11089=LINE('',#13947,#13948);
#11090=LINE('',#13949,#13950);
#11091=VERTEX_POINT('',#13951);
#11092=LINE('',#13952,#13953);
#11093=LINE('',#13954,#13955);
#11094=LINE('',#13956,#13957);
#11095=VERTEX_POINT('',#13958);
#11096=LINE('',#13959,#13960);
#11097=VERTEX_POINT('',#13961);
#11098=LINE('',#13962,#13963);
#11099=LINE('',#13964,#13965);
#11100=LINE('',#13966,#13967);
#11101=LINE('',#13968,#13969);
#11102=VERTEX_POINT('',#13970);
#11103=LINE('',#13971,#13972);
#11104=LINE('',#13973,#13974);
#11105=VERTEX_POINT('',#13975);
#11106=LINE('',#13976,#13977);
#11107=VERTEX_POINT('',#13978);
#11108=LINE('',#13979,#13980);
#11109=LINE('',#13981,#13982);
#11110=VERTEX_POINT('',#13983);
#11111=VERTEX_POINT('',#13984);
#11112=LINE('',#13985,#13986);
#11113=VERTEX_POINT('',#13987);
#11114=LINE('',#13988,#13989);
#11115=LINE('',#13990,#13991);
#11116=LINE('',#13992,#13993);
#11117=VERTEX_POINT('',#13994);
#11118=LINE('',#13995,#13996);
#11119=VERTEX_POINT('',#13997);
#11120=LINE('',#13998,#13999);
#11121=VERTEX_POINT('',#14000);
#11122=LINE('',#14001,#14002);
#11123=VERTEX_POINT('',#14003);
#11124=LINE('',#14004,#14005);
#11125=VERTEX_POINT('',#14006);
#11126=LINE('',#14007,#14008);
#11127=LINE('',#14009,#14010);
#11128=VERTEX_POINT('',#14011);
#11129=VERTEX_POINT('',#14012);
#11130=LINE('',#14013,#14014);
#11131=VERTEX_POINT('',#14015);
#11132=LINE('',#14016,#14017);
#11133=VERTEX_POINT('',#14018);
#11134=LINE('',#14019,#14020);
#11135=LINE('',#14021,#14022);
#11136=VERTEX_POINT('',#14023);
#11137=LINE('',#14024,#14025);
#11138=VERTEX_POINT('',#14026);
#11139=LINE('',#14027,#14028);
#11140=VERTEX_POINT('',#14029);
#11141=LINE('',#14030,#14031);
#11142=CIRCLE('',#14032,0.75);
#11143=VERTEX_POINT('',#14033);
#11144=LINE('',#14034,#14035);
#11145=CIRCLE('',#14036,0.75);
#11146=VERTEX_POINT('',#14037);
#11147=LINE('',#14038,#14039);
#11148=VERTEX_POINT('',#14040);
#11149=LINE('',#14041,#14042);
#11150=LINE('',#14043,#14044);
#11151=LINE('',#14045,#14046);
#11152=LINE('',#14047,#14048);
#11153=VERTEX_POINT('',#14049);
#11154=LINE('',#14050,#14051);
#11155=VERTEX_POINT('',#14052);
#11156=LINE('',#14053,#14054);
#11157=LINE('',#14055,#14056);
#11158=VERTEX_POINT('',#14057);
#11159=VERTEX_POINT('',#14058);
#11160=LINE('',#14059,#14060);
#11161=VERTEX_POINT('',#14061);
#11162=LINE('',#14062,#14063);
#11163=VERTEX_POINT('',#14064);
#11164=LINE('',#14065,#14066);
#11165=VERTEX_POINT('',#14067);
#11166=LINE('',#14068,#14069);
#11167=VERTEX_POINT('',#14070);
#11168=LINE('',#14071,#14072);
#11169=LINE('',#14073,#14074);
#11170=VERTEX_POINT('',#14075);
#11171=VERTEX_POINT('',#14076);
#11172=LINE('',#14077,#14078);
#11173=LINE('',#14079,#14080);
#11174=VERTEX_POINT('',#14081);
#11175=LINE('',#14082,#14083);
#11176=VERTEX_POINT('',#14084);
#11177=LINE('',#14085,#14086);
#11178=LINE('',#14087,#14088);
#11179=VERTEX_POINT('',#14089);
#11180=VERTEX_POINT('',#14090);
#11181=LINE('',#14091,#14092);
#11182=VERTEX_POINT('',#14093);
#11183=LINE('',#14094,#14095);
#11184=VERTEX_POINT('',#14096);
#11185=LINE('',#14097,#14098);
#11186=LINE('',#14099,#14100);
#11187=VERTEX_POINT('',#14101);
#11188=VERTEX_POINT('',#14102);
#11189=LINE('',#14103,#14104);
#11190=VERTEX_POINT('',#14105);
#11191=LINE('',#14106,#14107);
#11192=VERTEX_POINT('',#14108);
#11193=LINE('',#14109,#14110);
#11194=LINE('',#14111,#14112);
#11195=VERTEX_POINT('',#14113);
#11196=VERTEX_POINT('',#14114);
#11197=LINE('',#14115,#14116);
#11198=VERTEX_POINT('',#14117);
#11199=LINE('',#14118,#14119);
#11200=VERTEX_POINT('',#14120);
#11201=LINE('',#14121,#14122);
#11202=LINE('',#14123,#14124);
#11203=VERTEX_POINT('',#14125);
#11204=VERTEX_POINT('',#14126);
#11205=LINE('',#14127,#14128);
#11206=VERTEX_POINT('',#14129);
#11207=LINE('',#14130,#14131);
#11208=VERTEX_POINT('',#14132);
#11209=LINE('',#14133,#14134);
#11210=LINE('',#14135,#14136);
#11211=VERTEX_POINT('',#14137);
#11212=VERTEX_POINT('',#14138);
#11213=LINE('',#14139,#14140);
#11214=VERTEX_POINT('',#14141);
#11215=LINE('',#14142,#14143);
#11216=VERTEX_POINT('',#14144);
#11217=LINE('',#14145,#14146);
#11218=LINE('',#14147,#14148);
#11219=VERTEX_POINT('',#14149);
#11220=VERTEX_POINT('',#14150);
#11221=LINE('',#14151,#14152);
#11222=VERTEX_POINT('',#14153);
#11223=LINE('',#14154,#14155);
#11224=VERTEX_POINT('',#14156);
#11225=LINE('',#14157,#14158);
#11226=LINE('',#14159,#14160);
#11227=VERTEX_POINT('',#14161);
#11228=VERTEX_POINT('',#14162);
#11229=LINE('',#14163,#14164);
#11230=VERTEX_POINT('',#14165);
#11231=LINE('',#14166,#14167);
#11232=VERTEX_POINT('',#14168);
#11233=LINE('',#14169,#14170);
#11234=LINE('',#14171,#14172);
#11235=VERTEX_POINT('',#14173);
#11236=VERTEX_POINT('',#14174);
#11237=LINE('',#14175,#14176);
#11238=VERTEX_POINT('',#14177);
#11239=LINE('',#14178,#14179);
#11240=VERTEX_POINT('',#14180);
#11241=LINE('',#14181,#14182);
#11242=LINE('',#14183,#14184);
#11243=VERTEX_POINT('',#14185);
#11244=VERTEX_POINT('',#14186);
#11245=LINE('',#14187,#14188);
#11246=VERTEX_POINT('',#14189);
#11247=LINE('',#14190,#14191);
#11248=VERTEX_POINT('',#14192);
#11249=LINE('',#14193,#14194);
#11250=LINE('',#14195,#14196);
#11251=VERTEX_POINT('',#14197);
#11252=VERTEX_POINT('',#14198);
#11253=LINE('',#14199,#14200);
#11254=VERTEX_POINT('',#14201);
#11255=LINE('',#14202,#14203);
#11256=VERTEX_POINT('',#14204);
#11257=LINE('',#14205,#14206);
#11258=LINE('',#14207,#14208);
#11259=VERTEX_POINT('',#14209);
#11260=VERTEX_POINT('',#14210);
#11261=LINE('',#14211,#14212);
#11262=VERTEX_POINT('',#14213);
#11263=LINE('',#14214,#14215);
#11264=VERTEX_POINT('',#14216);
#11265=LINE('',#14217,#14218);
#11266=LINE('',#14219,#14220);
#11267=VERTEX_POINT('',#14221);
#11268=VERTEX_POINT('',#14222);
#11269=LINE('',#14223,#14224);
#11270=VERTEX_POINT('',#14225);
#11271=LINE('',#14226,#14227);
#11272=VERTEX_POINT('',#14228);
#11273=LINE('',#14229,#14230);
#11274=LINE('',#14231,#14232);
#11275=VERTEX_POINT('',#14233);
#11276=VERTEX_POINT('',#14234);
#11277=LINE('',#14235,#14236);
#11278=VERTEX_POINT('',#14237);
#11279=LINE('',#14238,#14239);
#11280=VERTEX_POINT('',#14240);
#11281=LINE('',#14241,#14242);
#11282=VERTEX_POINT('',#14243);
#11283=LINE('',#14244,#14245);
#11284=VERTEX_POINT('',#14246);
#11285=LINE('',#14247,#14248);
#11286=LINE('',#14249,#14250);
#11287=VERTEX_POINT('',#14251);
#11288=VERTEX_POINT('',#14252);
#11289=LINE('',#14253,#14254);
#11290=LINE('',#14255,#14256);
#11291=VERTEX_POINT('',#14257);
#11292=LINE('',#14258,#14259);
#11293=LINE('',#14260,#14261);
#11294=VERTEX_POINT('',#14262);
#11295=VERTEX_POINT('',#14263);
#11296=LINE('',#14264,#14265);
#11297=VERTEX_POINT('',#14266);
#11298=LINE('',#14267,#14268);
#11299=VERTEX_POINT('',#14269);
#11300=LINE('',#14270,#14271);
#11301=LINE('',#14272,#14273);
#11302=VERTEX_POINT('',#14274);
#11303=VERTEX_POINT('',#14275);
#11304=LINE('',#14276,#14277);
#11305=VERTEX_POINT('',#14278);
#11306=LINE('',#14279,#14280);
#11307=VERTEX_POINT('',#14281);
#11308=LINE('',#14282,#14283);
#11309=LINE('',#14284,#14285);
#11310=VERTEX_POINT('',#14286);
#11311=LINE('',#14287,#14288);
#11312=VERTEX_POINT('',#14289);
#11313=LINE('',#14290,#14291);
#11314=LINE('',#14292,#14293);
#11315=VERTEX_POINT('',#14294);
#11316=LINE('',#14295,#14296);
#11317=VERTEX_POINT('',#14297);
#11318=LINE('',#14298,#14299);
#11319=VERTEX_POINT('',#14300);
#11320=LINE('',#14301,#14302);
#11321=VERTEX_POINT('',#14303);
#11322=LINE('',#14304,#14305);
#11323=LINE('',#14306,#14307);
#11324=VERTEX_POINT('',#14308);
#11325=VERTEX_POINT('',#14309);
#11326=LINE('',#14310,#14311);
#11327=VERTEX_POINT('',#14312);
#11328=LINE('',#14313,#14314);
#11329=VERTEX_POINT('',#14315);
#11330=LINE('',#14316,#14317);
#11331=LINE('',#14318,#14319);
#11332=VERTEX_POINT('',#14320);
#11333=VERTEX_POINT('',#14321);
#11334=LINE('',#14322,#14323);
#11335=VERTEX_POINT('',#14324);
#11336=LINE('',#14325,#14326);
#11337=VERTEX_POINT('',#14327);
#11338=LINE('',#14328,#14329);
#11339=LINE('',#14330,#14331);
#11340=VERTEX_POINT('',#14332);
#11341=LINE('',#14333,#14334);
#11342=LINE('',#14335,#14336);
#11343=VERTEX_POINT('',#14337);
#11344=VERTEX_POINT('',#14338);
#11345=LINE('',#14339,#14340);
#11346=LINE('',#14341,#14342);
#11347=LINE('',#14343,#14344);
#11348=VERTEX_POINT('',#14345);
#11349=VERTEX_POINT('',#14346);
#11350=LINE('',#14347,#14348);
#11351=LINE('',#14349,#14350);
#11352=LINE('',#14351,#14352);
#11353=VERTEX_POINT('',#14353);
#11354=VERTEX_POINT('',#14354);
#11355=LINE('',#14355,#14356);
#11356=LINE('',#14357,#14358);
#11357=LINE('',#14359,#14360);
#11358=VERTEX_POINT('',#14361);
#11359=VERTEX_POINT('',#14362);
#11360=LINE('',#14363,#14364);
#11361=LINE('',#14365,#14366);
#11362=LINE('',#14367,#14368);
#11363=VERTEX_POINT('',#14369);
#11364=VERTEX_POINT('',#14370);
#11365=LINE('',#14371,#14372);
#11366=LINE('',#14373,#14374);
#11367=LINE('',#14375,#14376);
#11368=VERTEX_POINT('',#14377);
#11369=VERTEX_POINT('',#14378);
#11370=LINE('',#14379,#14380);
#11371=LINE('',#14381,#14382);
#11372=LINE('',#14383,#14384);
#11373=VERTEX_POINT('',#14385);
#11374=LINE('',#14386,#14387);
#11375=VERTEX_POINT('',#14388);
#11376=LINE('',#14389,#14390);
#11377=LINE('',#14391,#14392);
#11378=VERTEX_POINT('',#14393);
#11379=VERTEX_POINT('',#14394);
#11380=LINE('',#14395,#14396);
#11381=LINE('',#14397,#14398);
#11382=LINE('',#14399,#14400);
#11383=VERTEX_POINT('',#14401);
#11384=VERTEX_POINT('',#14402);
#11385=LINE('',#14403,#14404);
#11386=VERTEX_POINT('',#14405);
#11387=LINE('',#14406,#14407);
#11388=VERTEX_POINT('',#14408);
#11389=LINE('',#14409,#14410);
#11390=VERTEX_POINT('',#14411);
#11391=LINE('',#14412,#14413);
#11392=LINE('',#14414,#14415);
#11393=VERTEX_POINT('',#14416);
#11394=LINE('',#14417,#14418);
#11395=LINE('',#14419,#14420);
#11396=LINE('',#14421,#14422);
#11397=VERTEX_POINT('',#14423);
#11398=VERTEX_POINT('',#14424);
#11399=LINE('',#14425,#14426);
#11400=VERTEX_POINT('',#14427);
#11401=LINE('',#14428,#14429);
#11402=LINE('',#14430,#14431);
#11403=VERTEX_POINT('',#14432);
#11404=LINE('',#14433,#14434);
#11405=VERTEX_POINT('',#14435);
#11406=LINE('',#14436,#14437);
#11407=VERTEX_POINT('',#14438);
#11408=LINE('',#14439,#14440);
#11409=VERTEX_POINT('',#14441);
#11410=LINE('',#14442,#14443);
#11411=VERTEX_POINT('',#14444);
#11412=LINE('',#14445,#14446);
#11413=VERTEX_POINT('',#14447);
#11414=LINE('',#14448,#14449);
#11415=VERTEX_POINT('',#14450);
#11416=LINE('',#14451,#14452);
#11417=VERTEX_POINT('',#14453);
#11418=LINE('',#14454,#14455);
#11419=VERTEX_POINT('',#14456);
#11420=LINE('',#14457,#14458);
#11421=VERTEX_POINT('',#14459);
#11422=LINE('',#14460,#14461);
#11423=VERTEX_POINT('',#14462);
#11424=LINE('',#14463,#14464);
#11425=VERTEX_POINT('',#14465);
#11426=LINE('',#14466,#14467);
#11427=VERTEX_POINT('',#14468);
#11428=LINE('',#14469,#14470);
#11429=VERTEX_POINT('',#14471);
#11430=LINE('',#14472,#14473);
#11431=VERTEX_POINT('',#14474);
#11432=LINE('',#14475,#14476);
#11433=VERTEX_POINT('',#14477);
#11434=LINE('',#14478,#14479);
#11435=VERTEX_POINT('',#14480);
#11436=LINE('',#14481,#14482);
#11437=VERTEX_POINT('',#14483);
#11438=LINE('',#14484,#14485);
#11439=VERTEX_POINT('',#14486);
#11440=LINE('',#14487,#14488);
#11441=VERTEX_POINT('',#14489);
#11442=LINE('',#14490,#14491);
#11443=VERTEX_POINT('',#14492);
#11444=LINE('',#14493,#14494);
#11445=VERTEX_POINT('',#14495);
#11446=LINE('',#14496,#14497);
#11447=VERTEX_POINT('',#14498);
#11448=LINE('',#14499,#14500);
#11449=VERTEX_POINT('',#14501);
#11450=LINE('',#14502,#14503);
#11451=VERTEX_POINT('',#14504);
#11452=LINE('',#14505,#14506);
#11453=VERTEX_POINT('',#14507);
#11454=LINE('',#14508,#14509);
#11455=VERTEX_POINT('',#14510);
#11456=LINE('',#14511,#14512);
#11457=VERTEX_POINT('',#14513);
#11458=LINE('',#14514,#14515);
#11459=VERTEX_POINT('',#14516);
#11460=LINE('',#14517,#14518);
#11461=VERTEX_POINT('',#14519);
#11462=LINE('',#14520,#14521);
#11463=VERTEX_POINT('',#14522);
#11464=LINE('',#14523,#14524);
#11465=VERTEX_POINT('',#14525);
#11466=LINE('',#14526,#14527);
#11467=VERTEX_POINT('',#14528);
#11468=LINE('',#14529,#14530);
#11469=VERTEX_POINT('',#14531);
#11470=LINE('',#14532,#14533);
#11471=VERTEX_POINT('',#14534);
#11472=LINE('',#14535,#14536);
#11473=VERTEX_POINT('',#14537);
#11474=LINE('',#14538,#14539);
#11475=VERTEX_POINT('',#14540);
#11476=LINE('',#14541,#14542);
#11477=VERTEX_POINT('',#14543);
#11478=LINE('',#14544,#14545);
#11479=VERTEX_POINT('',#14546);
#11480=LINE('',#14547,#14548);
#11481=VERTEX_POINT('',#14549);
#11482=LINE('',#14550,#14551);
#11483=VERTEX_POINT('',#14552);
#11484=LINE('',#14553,#14554);
#11485=VERTEX_POINT('',#14555);
#11486=LINE('',#14556,#14557);
#11487=VERTEX_POINT('',#14558);
#11488=LINE('',#14559,#14560);
#11489=VERTEX_POINT('',#14561);
#11490=LINE('',#14562,#14563);
#11491=VERTEX_POINT('',#14564);
#11492=LINE('',#14565,#14566);
#11493=VERTEX_POINT('',#14567);
#11494=LINE('',#14568,#14569);
#11495=VERTEX_POINT('',#14570);
#11496=LINE('',#14571,#14572);
#11497=VERTEX_POINT('',#14573);
#11498=LINE('',#14574,#14575);
#11499=VERTEX_POINT('',#14576);
#11500=LINE('',#14577,#14578);
#11501=VERTEX_POINT('',#14579);
#11502=LINE('',#14580,#14581);
#11503=VERTEX_POINT('',#14582);
#11504=LINE('',#14583,#14584);
#11505=VERTEX_POINT('',#14585);
#11506=LINE('',#14586,#14587);
#11507=VERTEX_POINT('',#14588);
#11508=LINE('',#14589,#14590);
#11509=VERTEX_POINT('',#14591);
#11510=LINE('',#14592,#14593);
#11511=VERTEX_POINT('',#14594);
#11512=LINE('',#14595,#14596);
#11513=VERTEX_POINT('',#14597);
#11514=LINE('',#14598,#14599);
#11515=VERTEX_POINT('',#14600);
#11516=LINE('',#14601,#14602);
#11517=VERTEX_POINT('',#14603);
#11518=LINE('',#14604,#14605);
#11519=VERTEX_POINT('',#14606);
#11520=LINE('',#14607,#14608);
#11521=VERTEX_POINT('',#14609);
#11522=LINE('',#14610,#14611);
#11523=VERTEX_POINT('',#14612);
#11524=LINE('',#14613,#14614);
#11525=VERTEX_POINT('',#14615);
#11526=LINE('',#14616,#14617);
#11527=VERTEX_POINT('',#14618);
#11528=LINE('',#14619,#14620);
#11529=VERTEX_POINT('',#14621);
#11530=LINE('',#14622,#14623);
#11531=VERTEX_POINT('',#14624);
#11532=LINE('',#14625,#14626);
#11533=VERTEX_POINT('',#14627);
#11534=LINE('',#14628,#14629);
#11535=VERTEX_POINT('',#14630);
#11536=LINE('',#14631,#14632);
#11537=VERTEX_POINT('',#14633);
#11538=LINE('',#14634,#14635);
#11539=VERTEX_POINT('',#14636);
#11540=LINE('',#14637,#14638);
#11541=VERTEX_POINT('',#14639);
#11542=LINE('',#14640,#14641);
#11543=VERTEX_POINT('',#14642);
#11544=LINE('',#14643,#14644);
#11545=VERTEX_POINT('',#14645);
#11546=LINE('',#14646,#14647);
#11547=VERTEX_POINT('',#14648);
#11548=LINE('',#14649,#14650);
#11549=VERTEX_POINT('',#14651);
#11550=LINE('',#14652,#14653);
#11551=VERTEX_POINT('',#14654);
#11552=LINE('',#14655,#14656);
#11553=VERTEX_POINT('',#14657);
#11554=LINE('',#14658,#14659);
#11555=VERTEX_POINT('',#14660);
#11556=LINE('',#14661,#14662);
#11557=VERTEX_POINT('',#14663);
#11558=LINE('',#14664,#14665);
#11559=VERTEX_POINT('',#14666);
#11560=LINE('',#14667,#14668);
#11561=VERTEX_POINT('',#14669);
#11562=LINE('',#14670,#14671);
#11563=VERTEX_POINT('',#14672);
#11564=LINE('',#14673,#14674);
#11565=VERTEX_POINT('',#14675);
#11566=LINE('',#14676,#14677);
#11567=VERTEX_POINT('',#14678);
#11568=LINE('',#14679,#14680);
#11569=VERTEX_POINT('',#14681);
#11570=LINE('',#14682,#14683);
#11571=VERTEX_POINT('',#14684);
#11572=LINE('',#14685,#14686);
#11573=VERTEX_POINT('',#14687);
#11574=LINE('',#14688,#14689);
#11575=VERTEX_POINT('',#14690);
#11576=LINE('',#14691,#14692);
#11577=VERTEX_POINT('',#14693);
#11578=LINE('',#14694,#14695);
#11579=VERTEX_POINT('',#14696);
#11580=LINE('',#14697,#14698);
#11581=VERTEX_POINT('',#14699);
#11582=LINE('',#14700,#14701);
#11583=VERTEX_POINT('',#14702);
#11584=LINE('',#14703,#14704);
#11585=VERTEX_POINT('',#14705);
#11586=LINE('',#14706,#14707);
#11587=VERTEX_POINT('',#14708);
#11588=LINE('',#14709,#14710);
#11589=VERTEX_POINT('',#14711);
#11590=LINE('',#14712,#14713);
#11591=VERTEX_POINT('',#14714);
#11592=LINE('',#14715,#14716);
#11593=LINE('',#14717,#14718);
#11594=LINE('',#14719,#14720);
#11595=LINE('',#14721,#14722);
#11596=LINE('',#14723,#14724);
#11597=VERTEX_POINT('',#14725);
#11598=LINE('',#14726,#14727);
#11599=VERTEX_POINT('',#14728);
#11600=LINE('',#14729,#14730);
#11601=LINE('',#14731,#14732);
#11602=VERTEX_POINT('',#14733);
#11603=LINE('',#14734,#14735);
#11604=VERTEX_POINT('',#14736);
#11605=LINE('',#14737,#14738);
#11606=VERTEX_POINT('',#14739);
#11607=LINE('',#14740,#14741);
#11608=LINE('',#14742,#14743);
#11609=VERTEX_POINT('',#14744);
#11610=LINE('',#14745,#14746);
#11611=VERTEX_POINT('',#14747);
#11612=LINE('',#14748,#14749);
#11613=VERTEX_POINT('',#14750);
#11614=LINE('',#14751,#14752);
#11615=VERTEX_POINT('',#14753);
#11616=LINE('',#14754,#14755);
#11617=LINE('',#14756,#14757);
#11618=VERTEX_POINT('',#14758);
#11619=LINE('',#14759,#14760);
#11620=VERTEX_POINT('',#14761);
#11621=LINE('',#14762,#14763);
#11622=VERTEX_POINT('',#14764);
#11623=LINE('',#14765,#14766);
#11624=VERTEX_POINT('',#14767);
#11625=LINE('',#14768,#14769);
#11626=LINE('',#14770,#14771);
#11627=VERTEX_POINT('',#14772);
#11628=LINE('',#14773,#14774);
#11629=VERTEX_POINT('',#14775);
#11630=LINE('',#14776,#14777);
#11631=VERTEX_POINT('',#14778);
#11632=LINE('',#14779,#14780);
#11633=VERTEX_POINT('',#14781);
#11634=LINE('',#14782,#14783);
#11635=LINE('',#14784,#14785);
#11636=VERTEX_POINT('',#14786);
#11637=LINE('',#14787,#14788);
#11638=VERTEX_POINT('',#14789);
#11639=LINE('',#14790,#14791);
#11640=VERTEX_POINT('',#14792);
#11641=LINE('',#14793,#14794);
#11642=VERTEX_POINT('',#14795);
#11643=LINE('',#14796,#14797);
#11644=LINE('',#14798,#14799);
#11645=VERTEX_POINT('',#14800);
#11646=LINE('',#14801,#14802);
#11647=VERTEX_POINT('',#14803);
#11648=LINE('',#14804,#14805);
#11649=VERTEX_POINT('',#14806);
#11650=LINE('',#14807,#14808);
#11651=VERTEX_POINT('',#14809);
#11652=LINE('',#14810,#14811);
#11653=LINE('',#14812,#14813);
#11654=VERTEX_POINT('',#14814);
#11655=LINE('',#14815,#14816);
#11656=VERTEX_POINT('',#14817);
#11657=LINE('',#14818,#14819);
#11658=VERTEX_POINT('',#14820);
#11659=LINE('',#14821,#14822);
#11660=VERTEX_POINT('',#14823);
#11661=LINE('',#14824,#14825);
#11662=LINE('',#14826,#14827);
#11663=VERTEX_POINT('',#14828);
#11664=LINE('',#14829,#14830);
#11665=LINE('',#14831,#14832);
#11666=VERTEX_POINT('',#14833);
#11667=LINE('',#14834,#14835);
#11668=VERTEX_POINT('',#14836);
#11669=LINE('',#14837,#14838);
#11670=LINE('',#14839,#14840);
#11671=VERTEX_POINT('',#14841);
#11672=VERTEX_POINT('',#14842);
#11673=LINE('',#14843,#14844);
#11674=VERTEX_POINT('',#14845);
#11675=LINE('',#14846,#14847);
#11676=VERTEX_POINT('',#14848);
#11677=LINE('',#14849,#14850);
#11678=LINE('',#14851,#14852);
#11679=VERTEX_POINT('',#14853);
#11680=VERTEX_POINT('',#14854);
#11681=LINE('',#14855,#14856);
#11682=VERTEX_POINT('',#14857);
#11683=LINE('',#14858,#14859);
#11684=VERTEX_POINT('',#14860);
#11685=LINE('',#14861,#14862);
#11686=LINE('',#14863,#14864);
#11687=VERTEX_POINT('',#14865);
#11688=VERTEX_POINT('',#14866);
#11689=LINE('',#14867,#14868);
#11690=LINE('',#14869,#14870);
#11691=VERTEX_POINT('',#14871);
#11692=LINE('',#14872,#14873);
#11693=VERTEX_POINT('',#14874);
#11694=LINE('',#14875,#14876);
#11695=LINE('',#14877,#14878);
#11696=VERTEX_POINT('',#14879);
#11697=LINE('',#14880,#14881);
#11698=VERTEX_POINT('',#14882);
#11699=LINE('',#14883,#14884);
#11700=LINE('',#14885,#14886);
#11701=VERTEX_POINT('',#14887);
#11702=VERTEX_POINT('',#14888);
#11703=LINE('',#14889,#14890);
#11704=LINE('',#14891,#14892);
#11705=VERTEX_POINT('',#14893);
#11706=LINE('',#14894,#14895);
#11707=LINE('',#14896,#14897);
#11708=LINE('',#14898,#14899);
#11709=LINE('',#14900,#14901);
#11710=VERTEX_POINT('',#14902);
#11711=LINE('',#14903,#14904);
#11712=VERTEX_POINT('',#14905);
#11713=LINE('',#14906,#14907);
#11714=LINE('',#14908,#14909);
#11715=VERTEX_POINT('',#14910);
#11716=LINE('',#14911,#14912);
#11717=LINE('',#14913,#14914);
#11718=LINE('',#14915,#14916);
#11719=VERTEX_POINT('',#14917);
#11720=LINE('',#14918,#14919);
#11721=VERTEX_POINT('',#14920);
#11722=LINE('',#14921,#14922);
#11723=LINE('',#14923,#14924);
#11724=VERTEX_POINT('',#14925);
#11725=LINE('',#14926,#14927);
#11726=LINE('',#14928,#14929);
#11727=VERTEX_POINT('',#14930);
#11728=LINE('',#14931,#14932);
#11729=LINE('',#14933,#14934);
#11730=VERTEX_POINT('',#14935);
#11731=LINE('',#14936,#14937);
#11732=LINE('',#14938,#14939);
#11733=VERTEX_POINT('',#14940);
#11734=VERTEX_POINT('',#14941);
#11735=LINE('',#14942,#14943);
#11736=VERTEX_POINT('',#14944);
#11737=LINE('',#14945,#14946);
#11738=VERTEX_POINT('',#14947);
#11739=LINE('',#14948,#14949);
#11740=LINE('',#14950,#14951);
#11741=VERTEX_POINT('',#14952);
#11742=VERTEX_POINT('',#14953);
#11743=LINE('',#14954,#14955);
#11744=VERTEX_POINT('',#14956);
#11745=LINE('',#14957,#14958);
#11746=VERTEX_POINT('',#14959);
#11747=LINE('',#14960,#14961);
#11748=LINE('',#14962,#14963);
#11749=VERTEX_POINT('',#14964);
#11750=VERTEX_POINT('',#14965);
#11751=LINE('',#14966,#14967);
#11752=LINE('',#14968,#14969);
#11753=VERTEX_POINT('',#14970);
#11754=LINE('',#14971,#14972);
#11755=LINE('',#14973,#14974);
#11756=VERTEX_POINT('',#14975);
#11757=VERTEX_POINT('',#14976);
#11758=LINE('',#14977,#14978);
#11759=LINE('',#14979,#14980);
#11760=LINE('',#14981,#14982);
#11761=LINE('',#14983,#14984);
#11762=VERTEX_POINT('',#14985);
#11763=LINE('',#14986,#14987);
#11764=LINE('',#14988,#14989);
#11765=VERTEX_POINT('',#14990);
#11766=LINE('',#14991,#14992);
#11767=LINE('',#14993,#14994);
#11768=VERTEX_POINT('',#14995);
#11769=LINE('',#14996,#14997);
#11770=LINE('',#14998,#14999);
#11771=VERTEX_POINT('',#15000);
#11772=LINE('',#15001,#15002);
#11773=LINE('',#15003,#15004);
#11774=LINE('',#15005,#15006);
#11775=LINE('',#15007,#15008);
#11776=LINE('',#15009,#15010);
#11777=LINE('',#15011,#15012);
#11778=LINE('',#15013,#15014);
#11779=LINE('',#15015,#15016);
#11780=LINE('',#15017,#15018);
#11781=LINE('',#15019,#15020);
#11782=LINE('',#15021,#15022);
#11783=LINE('',#15023,#15024);
#11784=LINE('',#15025,#15026);
#11785=LINE('',#15027,#15028);
#11786=LINE('',#15029,#15030);
#11787=LINE('',#15031,#15032);
#11788=LINE('',#15033,#15034);
#11789=LINE('',#15035,#15036);
#11790=LINE('',#15037,#15038);
#11791=LINE('',#15039,#15040);
#11792=LINE('',#15041,#15042);
#11793=LINE('',#15043,#15044);
#11794=VERTEX_POINT('',#15045);
#11795=LINE('',#15046,#15047);
#11796=VERTEX_POINT('',#15048);
#11797=LINE('',#15049,#15050);
#11798=LINE('',#15051,#15052);
#11799=VERTEX_POINT('',#15053);
#11800=LINE('',#15054,#15055);
#11801=VERTEX_POINT('',#15056);
#11802=LINE('',#15057,#15058);
#11803=LINE('',#15059,#15060);
#11804=VERTEX_POINT('',#15061);
#11805=LINE('',#15062,#15063);
#11806=VERTEX_POINT('',#15064);
#11807=LINE('',#15065,#15066);
#11808=LINE('',#15067,#15068);
#11809=LINE('',#15069,#15070);
#11810=LINE('',#15071,#15072);
#11811=VERTEX_POINT('',#15073);
#11812=LINE('',#15074,#15075);
#11813=VERTEX_POINT('',#15076);
#11814=LINE('',#15077,#15078);
#11815=LINE('',#15079,#15080);
#11816=LINE('',#15081,#15082);
#11817=LINE('',#15083,#15084);
#11818=VERTEX_POINT('',#15085);
#11819=LINE('',#15086,#15087);
#11820=VERTEX_POINT('',#15088);
#11821=LINE('',#15089,#15090);
#11822=LINE('',#15091,#15092);
#11823=LINE('',#15093,#15094);
#11824=LINE('',#15095,#15096);
#11825=VERTEX_POINT('',#15097);
#11826=LINE('',#15098,#15099);
#11827=VERTEX_POINT('',#15100);
#11828=LINE('',#15101,#15102);
#11829=LINE('',#15103,#15104);
#11830=LINE('',#15105,#15106);
#11831=LINE('',#15107,#15108);
#11832=VERTEX_POINT('',#15109);
#11833=LINE('',#15110,#15111);
#11834=VERTEX_POINT('',#15112);
#11835=LINE('',#15113,#15114);
#11836=LINE('',#15115,#15116);
#11837=LINE('',#15117,#15118);
#11838=LINE('',#15119,#15120);
#11839=VERTEX_POINT('',#15121);
#11840=LINE('',#15122,#15123);
#11841=VERTEX_POINT('',#15124);
#11842=LINE('',#15125,#15126);
#11843=LINE('',#15127,#15128);
#11844=LINE('',#15129,#15130);
#11845=VERTEX_POINT('',#15131);
#11846=LINE('',#15132,#15133);
#11847=VERTEX_POINT('',#15134);
#11848=LINE('',#15135,#15136);
#11849=LINE('',#15137,#15138);
#11850=VERTEX_POINT('',#15139);
#11851=LINE('',#15140,#15141);
#11852=LINE('',#15142,#15143);
#11853=LINE('',#15144,#15145);
#11854=VERTEX_POINT('',#15146);
#11855=LINE('',#15147,#15148);
#11856=VERTEX_POINT('',#15149);
#11857=LINE('',#15150,#15151);
#11858=LINE('',#15152,#15153);
#11859=LINE('',#15154,#15155);
#11860=LINE('',#15156,#15157);
#11861=VERTEX_POINT('',#15158);
#11862=LINE('',#15159,#15160);
#11863=VERTEX_POINT('',#15161);
#11864=LINE('',#15162,#15163);
#11865=LINE('',#15164,#15165);
#11866=VERTEX_POINT('',#15166);
#11867=VERTEX_POINT('',#15167);
#11868=LINE('',#15168,#15169);
#11869=VERTEX_POINT('',#15170);
#11870=LINE('',#15171,#15172);
#11871=VERTEX_POINT('',#15173);
#11872=LINE('',#15174,#15175);
#11873=LINE('',#15176,#15177);
#11874=VERTEX_POINT('',#15178);
#11875=VERTEX_POINT('',#15179);
#11876=LINE('',#15180,#15181);
#11877=VERTEX_POINT('',#15182);
#11878=LINE('',#15183,#15184);
#11879=VERTEX_POINT('',#15185);
#11880=LINE('',#15186,#15187);
#11881=LINE('',#15188,#15189);
#11882=VERTEX_POINT('',#15190);
#11883=VERTEX_POINT('',#15191);
#11884=LINE('',#15192,#15193);
#11885=VERTEX_POINT('',#15194);
#11886=LINE('',#15195,#15196);
#11887=LINE('',#15197,#15198);
#11888=VERTEX_POINT('',#15199);
#11889=LINE('',#15200,#15201);
#11890=VERTEX_POINT('',#15202);
#11891=LINE('',#15203,#15204);
#11892=VERTEX_POINT('',#15205);
#11893=LINE('',#15206,#15207);
#11894=VERTEX_POINT('',#15208);
#11895=LINE('',#15209,#15210);
#11896=VERTEX_POINT('',#15211);
#11897=LINE('',#15212,#15213);
#11898=VERTEX_POINT('',#15214);
#11899=CIRCLE('',#15215,0.25);
#11900=VERTEX_POINT('',#15216);
#11901=LINE('',#15217,#15218);
#11902=VERTEX_POINT('',#15219);
#11903=CIRCLE('',#15220,0.25);
#11904=VERTEX_POINT('',#15221);
#11905=LINE('',#15222,#15223);
#11906=LINE('',#15224,#15225);
#11907=VERTEX_POINT('',#15226);
#11908=B_SPLINE_CURVE_WITH_KNOTS('',3,(#15227,#15228,#15229,#15230,#15231,#15232,#15233,#15234,#15235,#15236,#15237),.UNSPECIFIED.,.F.,.F.,(4,1,1,1,1,1,1,1,4),(0.0,0.125,0.25,0.375,0.5,0.625,0.75,0.875,1.0),.UNSPECIFIED.);
#11909=VERTEX_POINT('',#15238);
#11910=LINE('',#15239,#15240);
#11911=LINE('',#15241,#15242);
#11912=VERTEX_POINT('',#15243);
#11913=VERTEX_POINT('',#15244);
#11914=LINE('',#15245,#15246);
#11915=VERTEX_POINT('',#15247);
#11916=LINE('',#15248,#15249);
#11917=VERTEX_POINT('',#15250);
#11918=B_SPLINE_CURVE_WITH_KNOTS('',3,(#15251,#15252,#15253,#15254,#15255,#15256,#15257,#15258,#15259,#15260,#15261),.UNSPECIFIED.,.F.,.F.,(4,1,1,1,1,1,1,1,4),(0.0,0.125,0.25,0.375,0.5,0.625,0.75,0.875,1.0),.UNSPECIFIED.);
#11919=LINE('',#15262,#15263);
#11920=VERTEX_POINT('',#15264);
#11921=CIRCLE('',#15265,1.3);
#11922=LINE('',#15266,#15267);
#11923=CIRCLE('',#15268,1.0);
#11924=VERTEX_POINT('',#15269);
#11925=CIRCLE('',#15270,1.0);
#11926=CIRCLE('',#15271,1.0);
#11927=VERTEX_POINT('',#15272);
#11928=LINE('',#15273,#15274);
#11929=LINE('',#15275,#15276);
#11930=VERTEX_POINT('',#15277);
#11931=LINE('',#15278,#15279);
#11932=LINE('',#15280,#15281);
#11933=LINE('',#15282,#15283);
#11934=LINE('',#15284,#15285);
#11935=VERTEX_POINT('',#15286);
#11936=LINE('',#15287,#15288);
#11937=B_SPLINE_CURVE_WITH_KNOTS('',3,(#15289,#15290,#15291,#15292,#15293,#15294,#15295,#15296,#15297,#15298,#15299),.UNSPECIFIED.,.F.,.F.,(4,1,1,1,1,1,1,1,4),(0.0,0.125,0.25,0.375,0.5,0.625,0.75,0.875,1.0),.UNSPECIFIED.);
#11938=VERTEX_POINT('',#15300);
#11939=VERTEX_POINT('',#15301);
#11940=B_SPLINE_CURVE_WITH_KNOTS('',3,(#15302,#15303,#15304,#15305,#15306,#15307,#15308,#15309,#15310,#15311,#15312),.UNSPECIFIED.,.F.,.F.,(4,1,1,1,1,1,1,1,4),(0.0,0.125,0.25,0.375,0.5,0.625,0.75,0.875,1.0),.UNSPECIFIED.);
#11941=VERTEX_POINT('',#15313);
#11942=LINE('',#15314,#15315);
#11943=VERTEX_POINT('',#15316);
#11944=LINE('',#15317,#15318);
#11945=LINE('',#15319,#15320);
#11946=CIRCLE('',#15321,0.7486304929239);
#11947=CIRCLE('',#15322,1.3);
#11948=CIRCLE('',#15323,0.5321241419778);
#11949=VERTEX_POINT('',#15324);
#11950=LINE('',#15325,#15326);
#11951=VERTEX_POINT('',#15327);
#11952=CIRCLE('',#15328,0.25);
#11953=VERTEX_POINT('',#15329);
#11954=LINE('',#15330,#15331);
#11955=VERTEX_POINT('',#15332);
#11956=CIRCLE('',#15333,0.25);
#11957=LINE('',#15334,#15335);
#11958=VERTEX_POINT('',#15336);
#11959=LINE('',#15337,#15338);
#11960=VERTEX_POINT('',#15339);
#11961=LINE('',#15340,#15341);
#11962=LINE('',#15342,#15343);
#11963=VERTEX_POINT('',#15344);
#11964=LINE('',#15345,#15346);
#11965=VERTEX_POINT('',#15347);
#11966=LINE('',#15348,#15349);
#11967=LINE('',#15350,#15351);
#11968=VERTEX_POINT('',#15352);
#11969=CIRCLE('',#15353,1.0);
#11970=CIRCLE('',#15354,1.0);
#11971=CIRCLE('',#15355,1.0);
#11972=CIRCLE('',#15356,1.3);
#11973=CIRCLE('',#15357,1.3);
#11974=CIRCLE('',#15358,0.7486304929239);
#11975=CIRCLE('',#15359,0.5321241419778);
#11976=VERTEX_POINT('',#15360);
#11977=LINE('',#15361,#15362);
#11978=LINE('',#15363,#15364);
#11979=VERTEX_POINT('',#15365);
#11980=LINE('',#15366,#15367);
#11981=LINE('',#15368,#15369);
#11982=LINE('',#15370,#15371);
#11983=LINE('',#15372,#15373);
#11984=VERTEX_POINT('',#15374);
#11985=LINE('',#15375,#15376);
#11986=VERTEX_POINT('',#15377);
#11987=LINE('',#15378,#15379);
#11988=LINE('',#15380,#15381);
#11989=VERTEX_POINT('',#15382);
#11990=VERTEX_POINT('',#15383);
#11991=LINE('',#15384,#15385);
#11992=VERTEX_POINT('',#15386);
#11993=LINE('',#15387,#15388);
#11994=VERTEX_POINT('',#15389);
#11995=LINE('',#15390,#15391);
#11996=LINE('',#15392,#15393);
#11997=VERTEX_POINT('',#15394);
#11998=VERTEX_POINT('',#15395);
#11999=LINE('',#15396,#15397);
#12000=VERTEX_POINT('',#15398);
#12001=LINE('',#15399,#15400);
#12002=VERTEX_POINT('',#15401);
#12003=LINE('',#15402,#15403);
#12004=LINE('',#15404,#15405);
#12005=VERTEX_POINT('',#15406);
#12006=VERTEX_POINT('',#15407);
#12007=LINE('',#15408,#15409);
#12008=LINE('',#15410,#15411);
#12009=VERTEX_POINT('',#15412);
#12010=LINE('',#15413,#15414);
#12011=VERTEX_POINT('',#15415);
#12012=LINE('',#15416,#15417);
#12013=LINE('',#15418,#15419);
#12014=VERTEX_POINT('',#15420);
#12015=LINE('',#15421,#15422);
#12016=LINE('',#15423,#15424);
#12017=VERTEX_POINT('',#15425);
#12018=VERTEX_POINT('',#15426);
#12019=LINE('',#15427,#15428);
#12020=LINE('',#15429,#15430);
#12021=VERTEX_POINT('',#15431);
#12022=LINE('',#15432,#15433);
#12023=LINE('',#15434,#15435);
#12024=LINE('',#15436,#15437);
#12025=VERTEX_POINT('',#15438);
#12026=LINE('',#15439,#15440);
#12027=VERTEX_POINT('',#15441);
#12028=LINE('',#15442,#15443);
#12029=LINE('',#15444,#15445);
#12030=VERTEX_POINT('',#15446);
#12031=LINE('',#15447,#15448);
#12032=LINE('',#15449,#15450);
#12033=VERTEX_POINT('',#15451);
#12034=LINE('',#15452,#15453);
#12035=VERTEX_POINT('',#15454);
#12036=LINE('',#15455,#15456);
#12037=LINE('',#15457,#15458);
#12038=VERTEX_POINT('',#15459);
#12039=LINE('',#15460,#15461);
#12040=LINE('',#15462,#15463);
#12041=VERTEX_POINT('',#15464);
#12042=LINE('',#15465,#15466);
#12043=LINE('',#15467,#15468);
#12044=VERTEX_POINT('',#15469);
#12045=LINE('',#15470,#15471);
#12046=LINE('',#15472,#15473);
#12047=VERTEX_POINT('',#15474);
#12048=VERTEX_POINT('',#15475);
#12049=LINE('',#15476,#15477);
#12050=VERTEX_POINT('',#15478);
#12051=LINE('',#15479,#15480);
#12052=VERTEX_POINT('',#15481);
#12053=LINE('',#15482,#15483);
#12054=LINE('',#15484,#15485);
#12055=VERTEX_POINT('',#15486);
#12056=VERTEX_POINT('',#15487);
#12057=LINE('',#15488,#15489);
#12058=VERTEX_POINT('',#15490);
#12059=LINE('',#15491,#15492);
#12060=VERTEX_POINT('',#15493);
#12061=LINE('',#15494,#15495);
#12062=LINE('',#15496,#15497);
#12063=VERTEX_POINT('',#15498);
#12064=VERTEX_POINT('',#15499);
#12065=LINE('',#15500,#15501);
#12066=LINE('',#15502,#15503);
#12067=VERTEX_POINT('',#15504);
#12068=LINE('',#15505,#15506);
#12069=LINE('',#15507,#15508);
#12070=VERTEX_POINT('',#15509);
#12071=LINE('',#15510,#15511);
#12072=LINE('',#15512,#15513);
#12073=LINE('',#15514,#15515);
#12074=VERTEX_POINT('',#15516);
#12075=LINE('',#15517,#15518);
#12076=LINE('',#15519,#15520);
#12077=VERTEX_POINT('',#15521);
#12078=LINE('',#15522,#15523);
#12079=LINE('',#15524,#15525);
#12080=VERTEX_POINT('',#15526);
#12081=LINE('',#15527,#15528);
#12082=LINE('',#15529,#15530);
#12083=VERTEX_POINT('',#15531);
#12084=LINE('',#15532,#15533);
#12085=LINE('',#15534,#15535);
#12086=LINE('',#15536,#15537);
#12087=LINE('',#15538,#15539);
#12088=LINE('',#15540,#15541);
#12089=VERTEX_POINT('',#15542);
#12090=LINE('',#15543,#15544);
#12091=LINE('',#15545,#15546);
#12092=VERTEX_POINT('',#15547);
#12093=LINE('',#15548,#15549);
#12094=LINE('',#15550,#15551);
#12095=VERTEX_POINT('',#15552);
#12096=LINE('',#15553,#15554);
#12097=LINE('',#15555,#15556);
#12098=VERTEX_POINT('',#15557);
#12099=LINE('',#15558,#15559);
#12100=VERTEX_POINT('',#15560);
#12101=LINE('',#15561,#15562);
#12102=LINE('',#15563,#15564);
#12103=VERTEX_POINT('',#15565);
#12104=LINE('',#15566,#15567);
#12105=VERTEX_POINT('',#15568);
#12106=LINE('',#15569,#15570);
#12107=LINE('',#15571,#15572);
#12108=VERTEX_POINT('',#15573);
#12109=LINE('',#15574,#15575);
#12110=VERTEX_POINT('',#15576);
#12111=LINE('',#15577,#15578);
#12112=LINE('',#15579,#15580);
#12113=VERTEX_POINT('',#15581);
#12114=LINE('',#15582,#15583);
#12115=VERTEX_POINT('',#15584);
#12116=LINE('',#15585,#15586);
#12117=LINE('',#15587,#15588);
#12118=VERTEX_POINT('',#15589);
#12119=LINE('',#15590,#15591);
#12120=LINE('',#15592,#15593);
#12121=VERTEX_POINT('',#15594);
#12122=VERTEX_POINT('',#15595);
#12123=LINE('',#15596,#15597);
#12124=LINE('',#15598,#15599);
#12125=LINE('',#15600,#15601);
#12126=VERTEX_POINT('',#15602);
#12127=LINE('',#15603,#15604);
#12128=VERTEX_POINT('',#15605);
#12129=LINE('',#15606,#15607);
#12130=LINE('',#15608,#15609);
#12131=VERTEX_POINT('',#15610);
#12132=LINE('',#15611,#15612);
#12133=LINE('',#15613,#15614);
#12134=VERTEX_POINT('',#15615);
#12135=LINE('',#15616,#15617);
#12136=VERTEX_POINT('',#15618);
#12137=LINE('',#15619,#15620);
#12138=LINE('',#15621,#15622);
#12139=VERTEX_POINT('',#15623);
#12140=LINE('',#15624,#15625);
#12141=VERTEX_POINT('',#15626);
#12142=LINE('',#15627,#15628);
#12143=LINE('',#15629,#15630);
#12144=VERTEX_POINT('',#15631);
#12145=VERTEX_POINT('',#15632);
#12146=LINE('',#15633,#15634);
#12147=VERTEX_POINT('',#15635);
#12148=LINE('',#15636,#15637);
#12149=VERTEX_POINT('',#15638);
#12150=LINE('',#15639,#15640);
#12151=LINE('',#15641,#15642);
#12152=VERTEX_POINT('',#15643);
#12153=VERTEX_POINT('',#15644);
#12154=LINE('',#15645,#15646);
#12155=VERTEX_POINT('',#15647);
#12156=LINE('',#15648,#15649);
#12157=VERTEX_POINT('',#15650);
#12158=LINE('',#15651,#15652);
#12159=LINE('',#15653,#15654);
#12160=VERTEX_POINT('',#15655);
#12161=VERTEX_POINT('',#15656);
#12162=LINE('',#15657,#15658);
#12163=LINE('',#15659,#15660);
#12164=VERTEX_POINT('',#15661);
#12165=LINE('',#15662,#15663);
#12166=LINE('',#15664,#15665);
#12167=VERTEX_POINT('',#15666);
#12168=LINE('',#15667,#15668);
#12169=LINE('',#15669,#15670);
#12170=VERTEX_POINT('',#15671);
#12171=LINE('',#15672,#15673);
#12172=LINE('',#15674,#15675);
#12173=VERTEX_POINT('',#15676);
#12174=LINE('',#15677,#15678);
#12175=LINE('',#15679,#15680);
#12176=LINE('',#15681,#15682);
#12177=VERTEX_POINT('',#15683);
#12178=VERTEX_POINT('',#15684);
#12179=LINE('',#15685,#15686);
#12180=LINE('',#15687,#15688);
#12181=LINE('',#15689,#15690);
#12182=VERTEX_POINT('',#15691);
#12183=LINE('',#15692,#15693);
#12184=LINE('',#15694,#15695);
#12185=LINE('',#15696,#15697);
#12186=LINE('',#15698,#15699);
#12187=LINE('',#15700,#15701);
#12188=VERTEX_POINT('',#15702);
#12189=LINE('',#15703,#15704);
#12190=LINE('',#15705,#15706);
#12191=VERTEX_POINT('',#15707);
#12192=LINE('',#15708,#15709);
#12193=LINE('',#15710,#15711);
#12194=VERTEX_POINT('',#15712);
#12195=VERTEX_POINT('',#15713);
#12196=LINE('',#15714,#15715);
#12197=VERTEX_POINT('',#15716);
#12198=LINE('',#15717,#15718);
#12199=VERTEX_POINT('',#15719);
#12200=LINE('',#15720,#15721);
#12201=LINE('',#15722,#15723);
#12202=VERTEX_POINT('',#15724);
#12203=VERTEX_POINT('',#15725);
#12204=LINE('',#15726,#15727);
#12205=VERTEX_POINT('',#15728);
#12206=LINE('',#15729,#15730);
#12207=VERTEX_POINT('',#15731);
#12208=LINE('',#15732,#15733);
#12209=LINE('',#15734,#15735);
#12210=VERTEX_POINT('',#15736);
#12211=LINE('',#15737,#15738);
#12212=VERTEX_POINT('',#15739);
#12213=LINE('',#15740,#15741);
#12214=LINE('',#15742,#15743);
#12215=VERTEX_POINT('',#15744);
#12216=LINE('',#15745,#15746);
#12217=LINE('',#15747,#15748);
#12218=LINE('',#15749,#15750);
#12219=VERTEX_POINT('',#15751);
#12220=VERTEX_POINT('',#15752);
#12221=LINE('',#15753,#15754);
#12222=LINE('',#15755,#15756);
#12223=LINE('',#15757,#15758);
#12224=LINE('',#15759,#15760);
#12225=VERTEX_POINT('',#15761);
#12226=LINE('',#15762,#15763);
#12227=LINE('',#15764,#15765);
#12228=VERTEX_POINT('',#15766);
#12229=LINE('',#15767,#15768);
#12230=LINE('',#15769,#15770);
#12231=LINE('',#15771,#15772);
#12232=LINE('',#15773,#15774);
#12233=LINE('',#15775,#15776);
#12234=VERTEX_POINT('',#15777);
#12235=VERTEX_POINT('',#15778);
#12236=LINE('',#15779,#15780);
#12237=VERTEX_POINT('',#15781);
#12238=LINE('',#15782,#15783);
#12239=VERTEX_POINT('',#15784);
#12240=LINE('',#15785,#15786);
#12241=VERTEX_POINT('',#15787);
#12242=LINE('',#15788,#15789);
#12243=LINE('',#15790,#15791);
#12244=VERTEX_POINT('',#15792);
#12245=VERTEX_POINT('',#15793);
#12246=LINE('',#15794,#15795);
#12247=VERTEX_POINT('',#15796);
#12248=LINE('',#15797,#15798);
#12249=VERTEX_POINT('',#15799);
#12250=LINE('',#15800,#15801);
#12251=LINE('',#15802,#15803);
#12252=VERTEX_POINT('',#15804);
#12253=VERTEX_POINT('',#15805);
#12254=LINE('',#15806,#15807);
#12255=VERTEX_POINT('',#15808);
#12256=LINE('',#15809,#15810);
#12257=VERTEX_POINT('',#15811);
#12258=LINE('',#15812,#15813);
#12259=VERTEX_POINT('',#15814);
#12260=LINE('',#15815,#15816);
#12261=LINE('',#15817,#15818);
#12262=VERTEX_POINT('',#15819);
#12263=VERTEX_POINT('',#15820);
#12264=LINE('',#15821,#15822);
#12265=VERTEX_POINT('',#15823);
#12266=LINE('',#15824,#15825);
#12267=VERTEX_POINT('',#15826);
#12268=LINE('',#15827,#15828);
#12269=LINE('',#15829,#15830);
#12270=VERTEX_POINT('',#15831);
#12271=VERTEX_POINT('',#15832);
#12272=LINE('',#15833,#15834);
#12273=VERTEX_POINT('',#15835);
#12274=LINE('',#15836,#15837);
#12275=VERTEX_POINT('',#15838);
#12276=LINE('',#15839,#15840);
#12277=VERTEX_POINT('',#15841);
#12278=LINE('',#15842,#15843);
#12279=LINE('',#15844,#15845);
#12280=VERTEX_POINT('',#15846);
#12281=VERTEX_POINT('',#15847);
#12282=LINE('',#15848,#15849);
#12283=VERTEX_POINT('',#15850);
#12284=LINE('',#15851,#15852);
#12285=VERTEX_POINT('',#15853);
#12286=LINE('',#15854,#15855);
#12287=LINE('',#15856,#15857);
#12288=VERTEX_POINT('',#15858);
#12289=VERTEX_POINT('',#15859);
#12290=LINE('',#15860,#15861);
#12291=VERTEX_POINT('',#15862);
#12292=LINE('',#15863,#15864);
#12293=VERTEX_POINT('',#15865);
#12294=LINE('',#15866,#15867);
#12295=VERTEX_POINT('',#15868);
#12296=LINE('',#15869,#15870);
#12297=LINE('',#15871,#15872);
#12298=VERTEX_POINT('',#15873);
#12299=VERTEX_POINT('',#15874);
#12300=LINE('',#15875,#15876);
#12301=VERTEX_POINT('',#15877);
#12302=LINE('',#15878,#15879);
#12303=VERTEX_POINT('',#15880);
#12304=LINE('',#15881,#15882);
#12305=LINE('',#15883,#15884);
#12306=VERTEX_POINT('',#15885);
#12307=VERTEX_POINT('',#15886);
#12308=LINE('',#15887,#15888);
#12309=VERTEX_POINT('',#15889);
#12310=LINE('',#15890,#15891);
#12311=VERTEX_POINT('',#15892);
#12312=LINE('',#15893,#15894);
#12313=VERTEX_POINT('',#15895);
#12314=LINE('',#15896,#15897);
#12315=LINE('',#15898,#15899);
#12316=VERTEX_POINT('',#15900);
#12317=VERTEX_POINT('',#15901);
#12318=LINE('',#15902,#15903);
#12319=VERTEX_POINT('',#15904);
#12320=LINE('',#15905,#15906);
#12321=VERTEX_POINT('',#15907);
#12322=LINE('',#15908,#15909);
#12323=LINE('',#15910,#15911);
#12324=VERTEX_POINT('',#15912);
#12325=VERTEX_POINT('',#15913);
#12326=LINE('',#15914,#15915);
#12327=VERTEX_POINT('',#15916);
#12328=LINE('',#15917,#15918);
#12329=VERTEX_POINT('',#15919);
#12330=LINE('',#15920,#15921);
#12331=VERTEX_POINT('',#15922);
#12332=LINE('',#15923,#15924);
#12333=LINE('',#15925,#15926);
#12334=VERTEX_POINT('',#15927);
#12335=VERTEX_POINT('',#15928);
#12336=LINE('',#15929,#15930);
#12337=VERTEX_POINT('',#15931);
#12338=LINE('',#15932,#15933);
#12339=VERTEX_POINT('',#15934);
#12340=LINE('',#15935,#15936);
#12341=LINE('',#15937,#15938);
#12342=VERTEX_POINT('',#15939);
#12343=VERTEX_POINT('',#15940);
#12344=LINE('',#15941,#15942);
#12345=VERTEX_POINT('',#15943);
#12346=LINE('',#15944,#15945);
#12347=VERTEX_POINT('',#15946);
#12348=LINE('',#15947,#15948);
#12349=VERTEX_POINT('',#15949);
#12350=LINE('',#15950,#15951);
#12351=LINE('',#15952,#15953);
#12352=VERTEX_POINT('',#15954);
#12353=VERTEX_POINT('',#15955);
#12354=LINE('',#15956,#15957);
#12355=VERTEX_POINT('',#15958);
#12356=LINE('',#15959,#15960);
#12357=VERTEX_POINT('',#15961);
#12358=LINE('',#15962,#15963);
#12359=LINE('',#15964,#15965);
#12360=VERTEX_POINT('',#15966);
#12361=VERTEX_POINT('',#15967);
#12362=LINE('',#15968,#15969);
#12363=VERTEX_POINT('',#15970);
#12364=LINE('',#15971,#15972);
#12365=VERTEX_POINT('',#15973);
#12366=LINE('',#15974,#15975);
#12367=VERTEX_POINT('',#15976);
#12368=LINE('',#15977,#15978);
#12369=LINE('',#15979,#15980);
#12370=VERTEX_POINT('',#15981);
#12371=VERTEX_POINT('',#15982);
#12372=LINE('',#15983,#15984);
#12373=VERTEX_POINT('',#15985);
#12374=LINE('',#15986,#15987);
#12375=VERTEX_POINT('',#15988);
#12376=LINE('',#15989,#15990);
#12377=LINE('',#15991,#15992);
#12378=VERTEX_POINT('',#15993);
#12379=VERTEX_POINT('',#15994);
#12380=LINE('',#15995,#15996);
#12381=VERTEX_POINT('',#15997);
#12382=LINE('',#15998,#15999);
#12383=VERTEX_POINT('',#16000);
#12384=LINE('',#16001,#16002);
#12385=VERTEX_POINT('',#16003);
#12386=LINE('',#16004,#16005);
#12387=LINE('',#16006,#16007);
#12388=VERTEX_POINT('',#16008);
#12389=VERTEX_POINT('',#16009);
#12390=LINE('',#16010,#16011);
#12391=VERTEX_POINT('',#16012);
#12392=LINE('',#16013,#16014);
#12393=VERTEX_POINT('',#16015);
#12394=LINE('',#16016,#16017);
#12395=LINE('',#16018,#16019);
#12396=VERTEX_POINT('',#16020);
#12397=VERTEX_POINT('',#16021);
#12398=LINE('',#16022,#16023);
#12399=VERTEX_POINT('',#16024);
#12400=LINE('',#16025,#16026);
#12401=VERTEX_POINT('',#16027);
#12402=LINE('',#16028,#16029);
#12403=VERTEX_POINT('',#16030);
#12404=LINE('',#16031,#16032);
#12405=LINE('',#16033,#16034);
#12406=VERTEX_POINT('',#16035);
#12407=VERTEX_POINT('',#16036);
#12408=LINE('',#16037,#16038);
#12409=VERTEX_POINT('',#16039);
#12410=LINE('',#16040,#16041);
#12411=VERTEX_POINT('',#16042);
#12412=LINE('',#16043,#16044);
#12413=LINE('',#16045,#16046);
#12414=VERTEX_POINT('',#16047);
#12415=VERTEX_POINT('',#16048);
#12416=LINE('',#16049,#16050);
#12417=VERTEX_POINT('',#16051);
#12418=LINE('',#16052,#16053);
#12419=VERTEX_POINT('',#16054);
#12420=LINE('',#16055,#16056);
#12421=LINE('',#16057,#16058);
#12422=LINE('',#16059,#16060);
#12423=LINE('',#16061,#16062);
#12424=VERTEX_POINT('',#16063);
#12425=VERTEX_POINT('',#16064);
#12426=LINE('',#16065,#16066);
#12427=VERTEX_POINT('',#16067);
#12428=LINE('',#16068,#16069);
#12429=VERTEX_POINT('',#16070);
#12430=LINE('',#16071,#16072);
#12431=VERTEX_POINT('',#16073);
#12432=LINE('',#16074,#16075);
#12433=LINE('',#16076,#16077);
#12434=LINE('',#16078,#16079);
#12435=VERTEX_POINT('',#16080);
#12436=VERTEX_POINT('',#16081);
#12437=LINE('',#16082,#16083);
#12438=VERTEX_POINT('',#16084);
#12439=LINE('',#16085,#16086);
#12440=VERTEX_POINT('',#16087);
#12441=LINE('',#16088,#16089);
#12442=VERTEX_POINT('',#16090);
#12443=LINE('',#16091,#16092);
#12444=LINE('',#16093,#16094);
#12445=LINE('',#16095,#16096);
#12446=LINE('',#16097,#16098);
#12447=VERTEX_POINT('',#16099);
#12448=VERTEX_POINT('',#16100);
#12449=LINE('',#16101,#16102);
#12450=VERTEX_POINT('',#16103);
#12451=LINE('',#16104,#16105);
#12452=VERTEX_POINT('',#16106);
#12453=LINE('',#16107,#16108);
#12454=VERTEX_POINT('',#16109);
#12455=LINE('',#16110,#16111);
#12456=LINE('',#16112,#16113);
#12457=LINE('',#16114,#16115);
#12458=LINE('',#16116,#16117);
#12459=VERTEX_POINT('',#16118);
#12460=VERTEX_POINT('',#16119);
#12461=LINE('',#16120,#16121);
#12462=VERTEX_POINT('',#16122);
#12463=LINE('',#16123,#16124);
#12464=VERTEX_POINT('',#16125);
#12465=LINE('',#16126,#16127);
#12466=VERTEX_POINT('',#16128);
#12467=LINE('',#16129,#16130);
#12468=LINE('',#16131,#16132);
#12469=LINE('',#16133,#16134);
#12470=LINE('',#16135,#16136);
#12471=VERTEX_POINT('',#16137);
#12472=VERTEX_POINT('',#16138);
#12473=LINE('',#16139,#16140);
#12474=VERTEX_POINT('',#16141);
#12475=LINE('',#16142,#16143);
#12476=VERTEX_POINT('',#16144);
#12477=LINE('',#16145,#16146);
#12478=VERTEX_POINT('',#16147);
#12479=LINE('',#16148,#16149);
#12480=LINE('',#16150,#16151);
#12481=LINE('',#16152,#16153);
#12482=LINE('',#16154,#16155);
#12483=VERTEX_POINT('',#16156);
#12484=LINE('',#16157,#16158);
#12485=VERTEX_POINT('',#16159);
#12486=LINE('',#16160,#16161);
#12487=LINE('',#16162,#16163);
#12488=VERTEX_POINT('',#16164);
#12489=VERTEX_POINT('',#16165);
#12490=LINE('',#16166,#16167);
#12491=VERTEX_POINT('',#16168);
#12492=LINE('',#16169,#16170);
#12493=VERTEX_POINT('',#16171);
#12494=LINE('',#16172,#16173);
#12495=VERTEX_POINT('',#16174);
#12496=LINE('',#16175,#16176);
#12497=LINE('',#16177,#16178);
#12498=VERTEX_POINT('',#16179);
#12499=VERTEX_POINT('',#16180);
#12500=LINE('',#16181,#16182);
#12501=VERTEX_POINT('',#16183);
#12502=LINE('',#16184,#16185);
#12503=VERTEX_POINT('',#16186);
#12504=LINE('',#16187,#16188);
#12505=VERTEX_POINT('',#16189);
#12506=LINE('',#16190,#16191);
#12507=LINE('',#16192,#16193);
#12508=VERTEX_POINT('',#16194);
#12509=LINE('',#16195,#16196);
#12510=VERTEX_POINT('',#16197);
#12511=LINE('',#16198,#16199);
#12512=VERTEX_POINT('',#16200);
#12513=LINE('',#16201,#16202);
#12514=LINE('',#16203,#16204);
#12515=VERTEX_POINT('',#16205);
#12516=VERTEX_POINT('',#16206);
#12517=LINE('',#16207,#16208);
#12518=VERTEX_POINT('',#16209);
#12519=LINE('',#16210,#16211);
#12520=VERTEX_POINT('',#16212);
#12521=LINE('',#16213,#16214);
#12522=VERTEX_POINT('',#16215);
#12523=LINE('',#16216,#16217);
#12524=LINE('',#16218,#16219);
#12525=VERTEX_POINT('',#16220);
#12526=VERTEX_POINT('',#16221);
#12527=LINE('',#16222,#16223);
#12528=VERTEX_POINT('',#16224);
#12529=LINE('',#16225,#16226);
#12530=VERTEX_POINT('',#16227);
#12531=LINE('',#16228,#16229);
#12532=VERTEX_POINT('',#16230);
#12533=LINE('',#16231,#16232);
#12534=LINE('',#16233,#16234);
#12535=VERTEX_POINT('',#16235);
#12536=VERTEX_POINT('',#16236);
#12537=LINE('',#16237,#16238);
#12538=VERTEX_POINT('',#16239);
#12539=LINE('',#16240,#16241);
#12540=VERTEX_POINT('',#16242);
#12541=LINE('',#16243,#16244);
#12542=VERTEX_POINT('',#16245);
#12543=LINE('',#16246,#16247);
#12544=LINE('',#16248,#16249);
#12545=VERTEX_POINT('',#16250);
#12546=VERTEX_POINT('',#16251);
#12547=LINE('',#16252,#16253);
#12548=VERTEX_POINT('',#16254);
#12549=LINE('',#16255,#16256);
#12550=VERTEX_POINT('',#16257);
#12551=LINE('',#16258,#16259);
#12552=VERTEX_POINT('',#16260);
#12553=LINE('',#16261,#16262);
#12554=LINE('',#16263,#16264);
#12555=VERTEX_POINT('',#16265);
#12556=VERTEX_POINT('',#16266);
#12557=LINE('',#16267,#16268);
#12558=VERTEX_POINT('',#16269);
#12559=LINE('',#16270,#16271);
#12560=VERTEX_POINT('',#16272);
#12561=LINE('',#16273,#16274);
#12562=VERTEX_POINT('',#16275);
#12563=LINE('',#16276,#16277);
#12564=LINE('',#16278,#16279);
#12565=VERTEX_POINT('',#16280);
#12566=VERTEX_POINT('',#16281);
#12567=LINE('',#16282,#16283);
#12568=VERTEX_POINT('',#16284);
#12569=LINE('',#16285,#16286);
#12570=VERTEX_POINT('',#16287);
#12571=LINE('',#16288,#16289);
#12572=VERTEX_POINT('',#16290);
#12573=LINE('',#16291,#16292);
#12574=LINE('',#16293,#16294);
#12575=VERTEX_POINT('',#16295);
#12576=VERTEX_POINT('',#16296);
#12577=LINE('',#16297,#16298);
#12578=VERTEX_POINT('',#16299);
#12579=LINE('',#16300,#16301);
#12580=VERTEX_POINT('',#16302);
#12581=LINE('',#16303,#16304);
#12582=VERTEX_POINT('',#16305);
#12583=LINE('',#16306,#16307);
#12584=LINE('',#16308,#16309);
#12585=VERTEX_POINT('',#16310);
#12586=VERTEX_POINT('',#16311);
#12587=LINE('',#16312,#16313);
#12588=VERTEX_POINT('',#16314);
#12589=LINE('',#16315,#16316);
#12590=VERTEX_POINT('',#16317);
#12591=LINE('',#16318,#16319);
#12592=VERTEX_POINT('',#16320);
#12593=LINE('',#16321,#16322);
#12594=LINE('',#16323,#16324);
#12595=VERTEX_POINT('',#16325);
#12596=VERTEX_POINT('',#16326);
#12597=LINE('',#16327,#16328);
#12598=VERTEX_POINT('',#16329);
#12599=LINE('',#16330,#16331);
#12600=VERTEX_POINT('',#16332);
#12601=LINE('',#16333,#16334);
#12602=LINE('',#16335,#16336);
#12603=VERTEX_POINT('',#16337);
#12604=VERTEX_POINT('',#16338);
#12605=LINE('',#16339,#16340);
#12606=VERTEX_POINT('',#16341);
#12607=LINE('',#16342,#16343);
#12608=VERTEX_POINT('',#16344);
#12609=LINE('',#16345,#16346);
#12610=VERTEX_POINT('',#16347);
#12611=LINE('',#16348,#16349);
#12612=LINE('',#16350,#16351);
#12613=VERTEX_POINT('',#16352);
#12614=VERTEX_POINT('',#16353);
#12615=LINE('',#16354,#16355);
#12616=VERTEX_POINT('',#16356);
#12617=LINE('',#16357,#16358);
#12618=VERTEX_POINT('',#16359);
#12619=LINE('',#16360,#16361);
#12620=VERTEX_POINT('',#16362);
#12621=LINE('',#16363,#16364);
#12622=LINE('',#16365,#16366);
#12623=VERTEX_POINT('',#16367);
#12624=VERTEX_POINT('',#16368);
#12625=LINE('',#16369,#16370);
#12626=VERTEX_POINT('',#16371);
#12627=LINE('',#16372,#16373);
#12628=VERTEX_POINT('',#16374);
#12629=LINE('',#16375,#16376);
#12630=VERTEX_POINT('',#16377);
#12631=LINE('',#16378,#16379);
#12632=LINE('',#16380,#16381);
#12633=VERTEX_POINT('',#16382);
#12634=VERTEX_POINT('',#16383);
#12635=LINE('',#16384,#16385);
#12636=VERTEX_POINT('',#16386);
#12637=LINE('',#16387,#16388);
#12638=VERTEX_POINT('',#16389);
#12639=LINE('',#16390,#16391);
#12640=VERTEX_POINT('',#16392);
#12641=LINE('',#16393,#16394);
#12642=LINE('',#16395,#16396);
#12643=LINE('',#16397,#16398);
#12644=LINE('',#16399,#16400);
#12645=LINE('',#16401,#16402);
#12646=LINE('',#16403,#16404);
#12647=LINE('',#16405,#16406);
#12648=LINE('',#16407,#16408);
#12649=LINE('',#16409,#16410);
#12650=LINE('',#16411,#16412);
#12651=LINE('',#16413,#16414);
#12652=LINE('',#16415,#16416);
#12653=LINE('',#16417,#16418);
#12654=LINE('',#16419,#16420);
#12655=LINE('',#16421,#16422);
#12656=LINE('',#16423,#16424);
#12657=LINE('',#16425,#16426);
#12658=LINE('',#16427,#16428);
#12659=LINE('',#16429,#16430);
#12660=LINE('',#16431,#16432);
#12661=LINE('',#16433,#16434);
#12662=LINE('',#16435,#16436);
#12663=LINE('',#16437,#16438);
#12664=LINE('',#16439,#16440);
#12665=LINE('',#16441,#16442);
#12666=LINE('',#16443,#16444);
#12667=LINE('',#16445,#16446);
#12668=LINE('',#16447,#16448);
#12669=LINE('',#16449,#16450);
#12670=LINE('',#16451,#16452);
#12671=LINE('',#16453,#16454);
#12672=LINE('',#16455,#16456);
#12673=LINE('',#16457,#16458);
#12674=LINE('',#16459,#16460);
#12675=LINE('',#16461,#16462);
#12676=LINE('',#16463,#16464);
#12677=LINE('',#16465,#16466);
#12678=LINE('',#16467,#16468);
#12679=LINE('',#16469,#16470);
#12680=LINE('',#16471,#16472);
#12681=LINE('',#16473,#16474);
#12682=LINE('',#16475,#16476);
#12683=LINE('',#16477,#16478);
#12684=LINE('',#16479,#16480);
#12685=LINE('',#16481,#16482);
#12686=LINE('',#16483,#16484);
#12687=LINE('',#16485,#16486);
#12688=LINE('',#16487,#16488);
#12689=LINE('',#16489,#16490);
#12690=LINE('',#16491,#16492);
#12691=LINE('',#16493,#16494);
#12692=LINE('',#16495,#16496);
#12693=LINE('',#16497,#16498);
#12694=LINE('',#16499,#16500);
#12695=LINE('',#16501,#16502);
#12696=LINE('',#16503,#16504);
#12697=LINE('',#16505,#16506);
#12698=LINE('',#16507,#16508);
#12699=LINE('',#16509,#16510);
#12700=LINE('',#16511,#16512);
#12701=LINE('',#16513,#16514);
#12702=LINE('',#16515,#16516);
#12703=LINE('',#16517,#16518);
#12704=LINE('',#16519,#16520);
#12705=LINE('',#16521,#16522);
#12706=LINE('',#16523,#16524);
#12707=LINE('',#16525,#16526);
#12708=LINE('',#16527,#16528);
#12709=LINE('',#16529,#16530);
#12710=LINE('',#16531,#16532);
#12711=LINE('',#16533,#16534);
#12712=LINE('',#16535,#16536);
#12713=LINE('',#16537,#16538);
#12714=LINE('',#16539,#16540);
#12715=LINE('',#16541,#16542);
#12716=LINE('',#16543,#16544);
#12717=LINE('',#16545,#16546);
#12718=LINE('',#16547,#16548);
#12719=LINE('',#16549,#16550);
#12720=VERTEX_POINT('',#16551);
#12721=LINE('',#16552,#16553);
#12722=VERTEX_POINT('',#16554);
#12723=LINE('',#16555,#16556);
#12724=LINE('',#16557,#16558);
#12725=VERTEX_POINT('',#16559);
#12726=LINE('',#16560,#16561);
#12727=VERTEX_POINT('',#16562);
#12728=LINE('',#16563,#16564);
#12729=LINE('',#16565,#16566);
#12730=VERTEX_POINT('',#16567);
#12731=LINE('',#16568,#16569);
#12732=VERTEX_POINT('',#16570);
#12733=LINE('',#16571,#16572);
#12734=LINE('',#16573,#16574);
#12735=VERTEX_POINT('',#16575);
#12736=VERTEX_POINT('',#16576);
#12737=LINE('',#16577,#16578);
#12738=LINE('',#16579,#16580);
#12739=VERTEX_POINT('',#16581);
#12740=LINE('',#16582,#16583);
#12741=VERTEX_POINT('',#16584);
#12742=LINE('',#16585,#16586);
#12743=LINE('',#16587,#16588);
#12744=VERTEX_POINT('',#16589);
#12745=LINE('',#16590,#16591);
#12746=LINE('',#16592,#16593);
#12747=VERTEX_POINT('',#16594);
#12748=LINE('',#16595,#16596);
#12749=LINE('',#16597,#16598);
#12750=VERTEX_POINT('',#16599);
#12751=LINE('',#16600,#16601);
#12752=LINE('',#16602,#16603);
#12753=VERTEX_POINT('',#16604);
#12754=LINE('',#16605,#16606);
#12755=LINE('',#16607,#16608);
#12756=VERTEX_POINT('',#16609);
#12757=LINE('',#16610,#16611);
#12758=LINE('',#16612,#16613);
#12759=VERTEX_POINT('',#16614);
#12760=LINE('',#16615,#16616);
#12761=VERTEX_POINT('',#16617);
#12762=LINE('',#16618,#16619);
#12763=LINE('',#16620,#16621);
#12764=LINE('',#16622,#16623);
#12765=LINE('',#16624,#16625);
#12766=LINE('',#16626,#16627);
#12767=LINE('',#16628,#16629);
#12768=VERTEX_POINT('',#16630);
#12769=LINE('',#16631,#16632);
#12770=LINE('',#16633,#16634);
#12771=VERTEX_POINT('',#16635);
#12772=LINE('',#16636,#16637);
#12773=LINE('',#16638,#16639);
#12774=VERTEX_POINT('',#16640);
#12775=LINE('',#16641,#16642);
#12776=VERTEX_POINT('',#16643);
#12777=LINE('',#16644,#16645);
#12778=LINE('',#16646,#16647);
#12779=VERTEX_POINT('',#16648);
#12780=LINE('',#16649,#16650);
#12781=VERTEX_POINT('',#16651);
#12782=LINE('',#16652,#16653);
#12783=LINE('',#16654,#16655);
#12784=VERTEX_POINT('',#16656);
#12785=VERTEX_POINT('',#16657);
#12786=LINE('',#16658,#16659);
#12787=LINE('',#16660,#16661);
#12788=VERTEX_POINT('',#16662);
#12789=LINE('',#16663,#16664);
#12790=LINE('',#16665,#16666);
#12791=VERTEX_POINT('',#16667);
#12792=LINE('',#16668,#16669);
#12793=LINE('',#16670,#16671);
#12794=LINE('',#16672,#16673);
#12795=VERTEX_POINT('',#16674);
#12796=LINE('',#16675,#16676);
#12797=VERTEX_POINT('',#16677);
#12798=LINE('',#16678,#16679);
#12799=LINE('',#16680,#16681);
#12800=LINE('',#16682,#16683);
#12801=VERTEX_POINT('',#16684);
#12802=LINE('',#16685,#16686);
#12803=LINE('',#16687,#16688);
#12804=VERTEX_POINT('',#16689);
#12805=LINE('',#16690,#16691);
#12806=LINE('',#16692,#16693);
#12807=LINE('',#16694,#16695);
#12808=LINE('',#16696,#16697);
#12809=VERTEX_POINT('',#16698);
#12810=LINE('',#16699,#16700);
#12811=VERTEX_POINT('',#16701);
#12812=LINE('',#16702,#16703);
#12813=LINE('',#16704,#16705);
#12814=VERTEX_POINT('',#16706);
#12815=LINE('',#16707,#16708);
#12816=LINE('',#16709,#16710);
#12817=LINE('',#16711,#16712);
#12818=VERTEX_POINT('',#16713);
#12819=LINE('',#16714,#16715);
#12820=LINE('',#16716,#16717);
#12821=LINE('',#16718,#16719);
#12822=LINE('',#16720,#16721);
#12823=VERTEX_POINT('',#16722);
#12824=LINE('',#16723,#16724);
#12825=VERTEX_POINT('',#16725);
#12826=LINE('',#16726,#16727);
#12827=LINE('',#16728,#16729);
#12828=VERTEX_POINT('',#16730);
#12829=LINE('',#16731,#16732);
#12830=LINE('',#16733,#16734);
#12831=LINE('',#16735,#16736);
#12832=LINE('',#16737,#16738);
#12833=VERTEX_POINT('',#16739);
#12834=LINE('',#16740,#16741);
#12835=LINE('',#16742,#16743);
#12836=LINE('',#16744,#16745);
#12837=LINE('',#16746,#16747);
#12838=VERTEX_POINT('',#16748);
#12839=LINE('',#16749,#16750);
#12840=VERTEX_POINT('',#16751);
#12841=LINE('',#16752,#16753);
#12842=LINE('',#16754,#16755);
#12843=VERTEX_POINT('',#16756);
#12844=LINE('',#16757,#16758);
#12845=LINE('',#16759,#16760);
#12846=LINE('',#16761,#16762);
#12847=VERTEX_POINT('',#16763);
#12848=LINE('',#16764,#16765);
#12849=LINE('',#16766,#16767);
#12850=LINE('',#16768,#16769);
#12851=VERTEX_POINT('',#16770);
#12852=LINE('',#16771,#16772);
#12853=VERTEX_POINT('',#16773);
#12854=LINE('',#16774,#16775);
#12855=LINE('',#16776,#16777);
#12856=VERTEX_POINT('',#16778);
#12857=LINE('',#16779,#16780);
#12858=VERTEX_POINT('',#16781);
#12859=LINE('',#16782,#16783);
#12860=LINE('',#16784,#16785);
#12861=VERTEX_POINT('',#16786);
#12862=LINE('',#16787,#16788);
#12863=VERTEX_POINT('',#16789);
#12864=LINE('',#16790,#16791);
#12865=LINE('',#16792,#16793);
#12866=VERTEX_POINT('',#16794);
#12867=VERTEX_POINT('',#16795);
#12868=LINE('',#16796,#16797);
#12869=LINE('',#16798,#16799);
#12870=VERTEX_POINT('',#16800);
#12871=LINE('',#16801,#16802);
#12872=VERTEX_POINT('',#16803);
#12873=LINE('',#16804,#16805);
#12874=LINE('',#16806,#16807);
#12875=VERTEX_POINT('',#16808);
#12876=LINE('',#16809,#16810);
#12877=LINE('',#16811,#16812);
#12878=VERTEX_POINT('',#16813);
#12879=LINE('',#16814,#16815);
#12880=LINE('',#16816,#16817);
#12881=VERTEX_POINT('',#16818);
#12882=LINE('',#16819,#16820);
#12883=LINE('',#16821,#16822);
#12884=VERTEX_POINT('',#16823);
#12885=LINE('',#16824,#16825);
#12886=LINE('',#16826,#16827);
#12887=VERTEX_POINT('',#16828);
#12888=LINE('',#16829,#16830);
#12889=LINE('',#16831,#16832);
#12890=VERTEX_POINT('',#16833);
#12891=LINE('',#16834,#16835);
#12892=VERTEX_POINT('',#16836);
#12893=LINE('',#16837,#16838);
#12894=LINE('',#16839,#16840);
#12895=LINE('',#16841,#16842);
#12896=LINE('',#16843,#16844);
#12897=LINE('',#16845,#16846);
#12898=LINE('',#16847,#16848);
#12899=VERTEX_POINT('',#16849);
#12900=LINE('',#16850,#16851);
#12901=LINE('',#16852,#16853);
#12902=VERTEX_POINT('',#16854);
#12903=LINE('',#16855,#16856);
#12904=VERTEX_POINT('',#16857);
#12905=LINE('',#16858,#16859);
#12906=LINE('',#16860,#16861);
#12907=VERTEX_POINT('',#16862);
#12908=LINE('',#16863,#16864);
#12909=LINE('',#16865,#16866);
#12910=VERTEX_POINT('',#16867);
#12911=LINE('',#16868,#16869);
#12912=LINE('',#16870,#16871);
#12913=VERTEX_POINT('',#16872);
#12914=LINE('',#16873,#16874);
#12915=LINE('',#16875,#16876);
#12916=LINE('',#16877,#16878);
#12917=VERTEX_POINT('',#16879);
#12918=LINE('',#16880,#16881);
#12919=LINE('',#16882,#16883);
#12920=VERTEX_POINT('',#16884);
#12921=LINE('',#16885,#16886);
#12922=VERTEX_POINT('',#16887);
#12923=LINE('',#16888,#16889);
#12924=LINE('',#16890,#16891);
#12925=LINE('',#16892,#16893);
#12926=VERTEX_POINT('',#16894);
#12927=VERTEX_POINT('',#16895);
#12928=LINE('',#16896,#16897);
#12929=LINE('',#16898,#16899);
#12930=VERTEX_POINT('',#16900);
#12931=LINE('',#16901,#16902);
#12932=VERTEX_POINT('',#16903);
#12933=LINE('',#16904,#16905);
#12934=LINE('',#16906,#16907);
#12935=VERTEX_POINT('',#16908);
#12936=LINE('',#16909,#16910);
#12937=LINE('',#16911,#16912);
#12938=LINE('',#16913,#16914);
#12939=VERTEX_POINT('',#16915);
#12940=LINE('',#16916,#16917);
#12941=VERTEX_POINT('',#16918);
#12942=LINE('',#16919,#16920);
#12943=LINE('',#16921,#16922);
#12944=LINE('',#16923,#16924);
#12945=VERTEX_POINT('',#16925);
#12946=LINE('',#16926,#16927);
#12947=LINE('',#16928,#16929);
#12948=VERTEX_POINT('',#16930);
#12949=LINE('',#16931,#16932);
#12950=LINE('',#16933,#16934);
#12951=LINE('',#16935,#16936);
#12952=LINE('',#16937,#16938);
#12953=VERTEX_POINT('',#16939);
#12954=LINE('',#16940,#16941);
#12955=VERTEX_POINT('',#16942);
#12956=LINE('',#16943,#16944);
#12957=LINE('',#16945,#16946);
#12958=VERTEX_POINT('',#16947);
#12959=LINE('',#16948,#16949);
#12960=LINE('',#16950,#16951);
#12961=LINE('',#16952,#16953);
#12962=LINE('',#16954,#16955);
#12963=VERTEX_POINT('',#16956);
#12964=LINE('',#16957,#16958);
#12965=LINE('',#16959,#16960);
#12966=LINE('',#16961,#16962);
#12967=LINE('',#16963,#16964);
#12968=LINE('',#16965,#16966);
#12969=VERTEX_POINT('',#16967);
#12970=LINE('',#16968,#16969);
#12971=VERTEX_POINT('',#16970);
#12972=LINE('',#16971,#16972);
#12973=LINE('',#16973,#16974);
#12974=VERTEX_POINT('',#16975);
#12975=LINE('',#16976,#16977);
#12976=VERTEX_POINT('',#16978);
#12977=LINE('',#16979,#16980);
#12978=VERTEX_POINT('',#16981);
#12979=LINE('',#16982,#16983);
#12980=VERTEX_POINT('',#16984);
#12981=LINE('',#16985,#16986);
#12982=LINE('',#16987,#16988);
#12983=VERTEX_POINT('',#16989);
#12984=LINE('',#16990,#16991);
#12985=VERTEX_POINT('',#16992);
#12986=LINE('',#16993,#16994);
#12987=VERTEX_POINT('',#16995);
#12988=LINE('',#16996,#16997);
#12989=VERTEX_POINT('',#16998);
#12990=LINE('',#16999,#17000);
#12991=LINE('',#17001,#17002);
#12992=VERTEX_POINT('',#17003);
#12993=LINE('',#17004,#17005);
#12994=VERTEX_POINT('',#17006);
#12995=LINE('',#17007,#17008);
#12996=LINE('',#17009,#17010);
#12997=VERTEX_POINT('',#17011);
#12998=LINE('',#17012,#17013);
#12999=VERTEX_POINT('',#17014);
#13000=LINE('',#17015,#17016);
#13001=LINE('',#17017,#17018);
#13002=VERTEX_POINT('',#17019);
#13003=LINE('',#17020,#17021);
#13004=VERTEX_POINT('',#17022);
#13005=LINE('',#17023,#17024);
#13006=VERTEX_POINT('',#17025);
#13007=LINE('',#17026,#17027);
#13008=VERTEX_POINT('',#17028);
#13009=LINE('',#17029,#17030);
#13010=LINE('',#17031,#17032);
#13011=VERTEX_POINT('',#17033);
#13012=LINE('',#17034,#17035);
#13013=VERTEX_POINT('',#17036);
#13014=LINE('',#17037,#17038);
#13015=LINE('',#17039,#17040);
#13016=VERTEX_POINT('',#17041);
#13017=LINE('',#17042,#17043);
#13018=LINE('',#17044,#17045);
#13019=VERTEX_POINT('',#17046);
#13020=LINE('',#17047,#17048);
#13021=LINE('',#17049,#17050);
#13022=LINE('',#17051,#17052);
#13023=VERTEX_POINT('',#17053);
#13024=LINE('',#17054,#17055);
#13025=VERTEX_POINT('',#17056);
#13026=LINE('',#17057,#17058);
#13027=LINE('',#17059,#17060);
#13028=VERTEX_POINT('',#17061);
#13029=LINE('',#17062,#17063);
#13030=VERTEX_POINT('',#17064);
#13031=LINE('',#17065,#17066);
#13032=LINE('',#17067,#17068);
#13033=VERTEX_POINT('',#17069);
#13034=LINE('',#17070,#17071);
#13035=VERTEX_POINT('',#17072);
#13036=LINE('',#17073,#17074);
#13037=LINE('',#17075,#17076);
#13038=VERTEX_POINT('',#17077);
#13039=VERTEX_POINT('',#17078);
#13040=LINE('',#17079,#17080);
#13041=LINE('',#17081,#17082);
#13042=VERTEX_POINT('',#17083);
#13043=LINE('',#17084,#17085);
#13044=VERTEX_POINT('',#17086);
#13045=LINE('',#17087,#17088);
#13046=LINE('',#17089,#17090);
#13047=LINE('',#17091,#17092);
#13048=VERTEX_POINT('',#17093);
#13049=LINE('',#17094,#17095);
#13050=LINE('',#17096,#17097);
#13051=VERTEX_POINT('',#17098);
#13052=LINE('',#17099,#17100);
#13053=VERTEX_POINT('',#17101);
#13054=LINE('',#17102,#17103);
#13055=LINE('',#17104,#17105);
#13056=VERTEX_POINT('',#17106);
#13057=LINE('',#17107,#17108);
#13058=VERTEX_POINT('',#17109);
#13059=LINE('',#17110,#17111);
#13060=LINE('',#17112,#17113);
#13061=VERTEX_POINT('',#17114);
#13062=LINE('',#17115,#17116);
#13063=LINE('',#17117,#17118);
#13064=VERTEX_POINT('',#17119);
#13065=LINE('',#17120,#17121);
#13066=LINE('',#17122,#17123);
#13067=VERTEX_POINT('',#17124);
#13068=LINE('',#17125,#17126);
#13069=LINE('',#17127,#17128);
#13070=VERTEX_POINT('',#17129);
#13071=LINE('',#17130,#17131);
#13072=LINE('',#17132,#17133);
#13073=LINE('',#17134,#17135);
#13074=VERTEX_POINT('',#17136);
#13075=LINE('',#17137,#17138);
#13076=VERTEX_POINT('',#17139);
#13077=LINE('',#17140,#17141);
#13078=LINE('',#17142,#17143);
#13079=VERTEX_POINT('',#17144);
#13080=LINE('',#17145,#17146);
#13081=VERTEX_POINT('',#17147);
#13082=LINE('',#17148,#17149);
#13083=LINE('',#17150,#17151);
#13084=VERTEX_POINT('',#17152);
#13085=VERTEX_POINT('',#17153);
#13086=LINE('',#17154,#17155);
#13087=LINE('',#17156,#17157);
#13088=VERTEX_POINT('',#17158);
#13089=LINE('',#17159,#17160);
#13090=VERTEX_POINT('',#17161);
#13091=LINE('',#17162,#17163);
#13092=LINE('',#17164,#17165);
#13093=LINE('',#17166,#17167);
#13094=VERTEX_POINT('',#17168);
#13095=LINE('',#17169,#17170);
#13096=VERTEX_POINT('',#17171);
#13097=LINE('',#17172,#17173);
#13098=LINE('',#17174,#17175);
#13099=LINE('',#17176,#17177);
#13100=VERTEX_POINT('',#17178);
#13101=LINE('',#17179,#17180);
#13102=LINE('',#17181,#17182);
#13103=VERTEX_POINT('',#17183);
#13104=LINE('',#17184,#17185);
#13105=LINE('',#17186,#17187);
#13106=LINE('',#17188,#17189);
#13107=LINE('',#17190,#17191);
#13108=VERTEX_POINT('',#17192);
#13109=LINE('',#17193,#17194);
#13110=VERTEX_POINT('',#17195);
#13111=LINE('',#17196,#17197);
#13112=LINE('',#17198,#17199);
#13113=VERTEX_POINT('',#17200);
#13114=LINE('',#17201,#17202);
#13115=LINE('',#17203,#17204);
#13116=LINE('',#17205,#17206);
#13117=VERTEX_POINT('',#17207);
#13118=LINE('',#17208,#17209);
#13119=LINE('',#17210,#17211);
#13120=LINE('',#17212,#17213);
#13121=VERTEX_POINT('',#17214);
#13122=LINE('',#17215,#17216);
#13123=LINE('',#17217,#17218);
#13124=VERTEX_POINT('',#17219);
#13125=LINE('',#17220,#17221);
#13126=LINE('',#17222,#17223);
#13127=LINE('',#17224,#17225);
#13128=LINE('',#17226,#17227);
#13129=LINE('',#17228,#17229);
#13130=LINE('',#17230,#17231);
#13131=VERTEX_POINT('',#17232);
#13132=LINE('',#17233,#17234);
#13133=VERTEX_POINT('',#17235);
#13134=LINE('',#17236,#17237);
#13135=LINE('',#17238,#17239);
#13136=VERTEX_POINT('',#17240);
#13137=LINE('',#17241,#17242);
#13138=VERTEX_POINT('',#17243);
#13139=LINE('',#17244,#17245);
#13140=LINE('',#17246,#17247);
#13141=LINE('',#17248,#17249);
#13142=LINE('',#17250,#17251);
#13143=LINE('',#17252,#17253);
#13144=LINE('',#17254,#17255);
#13145=VERTEX_POINT('',#17256);
#13146=LINE('',#17257,#17258);
#13147=LINE('',#17259,#17260);
#13148=LINE('',#17261,#17262);
#13149=LINE('',#17263,#17264);
#13150=VERTEX_POINT('',#17265);
#13151=LINE('',#17266,#17267);
#13152=VERTEX_POINT('',#17268);
#13153=LINE('',#17269,#17270);
#13154=LINE('',#17271,#17272);
#13155=VERTEX_POINT('',#17273);
#13156=LINE('',#17274,#17275);
#13157=LINE('',#17276,#17277);
#13158=VERTEX_POINT('',#17278);
#13159=LINE('',#17279,#17280);
#13160=LINE('',#17281,#17282);
#13161=LINE('',#17283,#17284);
#13162=VERTEX_POINT('',#17285);
#13163=LINE('',#17286,#17287);
#13164=VERTEX_POINT('',#17288);
#13165=LINE('',#17289,#17290);
#13166=LINE('',#17291,#17292);
#13167=VERTEX_POINT('',#17293);
#13168=LINE('',#17294,#17295);
#13169=VERTEX_POINT('',#17296);
#13170=LINE('',#17297,#17298);
#13171=LINE('',#17299,#17300);
#13172=VERTEX_POINT('',#17301);
#13173=LINE('',#17302,#17303);
#13174=VERTEX_POINT('',#17304);
#13175=LINE('',#17305,#17306);
#13176=LINE('',#17307,#17308);
#13177=VERTEX_POINT('',#17309);
#13178=VERTEX_POINT('',#17310);
#13179=LINE('',#17311,#17312);
#13180=LINE('',#17313,#17314);
#13181=VERTEX_POINT('',#17315);
#13182=LINE('',#17316,#17317);
#13183=VERTEX_POINT('',#17318);
#13184=LINE('',#17319,#17320);
#13185=LINE('',#17321,#17322);
#13186=LINE('',#17323,#17324);
#13187=VERTEX_POINT('',#17325);
#13188=LINE('',#17326,#17327);
#13189=LINE('',#17328,#17329);
#13190=VERTEX_POINT('',#17330);
#13191=LINE('',#17331,#17332);
#13192=VERTEX_POINT('',#17333);
#13193=LINE('',#17334,#17335);
#13194=LINE('',#17336,#17337);
#13195=VERTEX_POINT('',#17338);
#13196=LINE('',#17339,#17340);
#13197=VERTEX_POINT('',#17341);
#13198=LINE('',#17342,#17343);
#13199=LINE('',#17344,#17345);
#13200=VERTEX_POINT('',#17346);
#13201=LINE('',#17347,#17348);
#13202=LINE('',#17349,#17350);
#13203=VERTEX_POINT('',#17351);
#13204=LINE('',#17352,#17353);
#13205=LINE('',#17354,#17355);
#13206=VERTEX_POINT('',#17356);
#13207=LINE('',#17357,#17358);
#13208=LINE('',#17359,#17360);
#13209=VERTEX_POINT('',#17361);
#13210=LINE('',#17362,#17363);
#13211=LINE('',#17364,#17365);
#13212=LINE('',#17366,#17367);
#13213=VERTEX_POINT('',#17368);
#13214=LINE('',#17369,#17370);
#13215=VERTEX_POINT('',#17371);
#13216=LINE('',#17372,#17373);
#13217=LINE('',#17374,#17375);
#13218=VERTEX_POINT('',#17376);
#13219=LINE('',#17377,#17378);
#13220=VERTEX_POINT('',#17379);
#13221=LINE('',#17380,#17381);
#13222=LINE('',#17382,#17383);
#13223=VERTEX_POINT('',#17384);
#13224=VERTEX_POINT('',#17385);
#13225=LINE('',#17386,#17387);
#13226=LINE('',#17388,#17389);
#13227=VERTEX_POINT('',#17390);
#13228=LINE('',#17391,#17392);
#13229=VERTEX_POINT('',#17393);
#13230=LINE('',#17394,#17395);
#13231=LINE('',#17396,#17397);
#13232=LINE('',#17398,#17399);
#13233=VERTEX_POINT('',#17400);
#13234=LINE('',#17401,#17402);
#13235=VERTEX_POINT('',#17403);
#13236=LINE('',#17404,#17405);
#13237=LINE('',#17406,#17407);
#13238=LINE('',#17408,#17409);
#13239=VERTEX_POINT('',#17410);
#13240=LINE('',#17411,#17412);
#13241=LINE('',#17413,#17414);
#13242=VERTEX_POINT('',#17415);
#13243=LINE('',#17416,#17417);
#13244=LINE('',#17418,#17419);
#13245=LINE('',#17420,#17421);
#13246=LINE('',#17422,#17423);
#13247=VERTEX_POINT('',#17424);
#13248=LINE('',#17425,#17426);
#13249=VERTEX_POINT('',#17427);
#13250=LINE('',#17428,#17429);
#13251=LINE('',#17430,#17431);
#13252=VERTEX_POINT('',#17432);
#13253=LINE('',#17433,#17434);
#13254=LINE('',#17435,#17436);
#13255=LINE('',#17437,#17438);
#13256=VERTEX_POINT('',#17439);
#13257=LINE('',#17440,#17441);
#13258=LINE('',#17442,#17443);
#13259=LINE('',#17444,#17445);
#13260=VERTEX_POINT('',#17446);
#13261=LINE('',#17447,#17448);
#13262=LINE('',#17449,#17450);
#13263=VERTEX_POINT('',#17451);
#13264=LINE('',#17452,#17453);
#13265=LINE('',#17454,#17455);
#13266=LINE('',#17456,#17457);
#13267=LINE('',#17458,#17459);
#13268=LINE('',#17460,#17461);
#13269=LINE('',#17462,#17463);
#13270=VERTEX_POINT('',#17464);
#13271=LINE('',#17465,#17466);
#13272=VERTEX_POINT('',#17467);
#13273=LINE('',#17468,#17469);
#13274=LINE('',#17470,#17471);
#13275=VERTEX_POINT('',#17472);
#13276=LINE('',#17473,#17474);
#13277=VERTEX_POINT('',#17475);
#13278=LINE('',#17476,#17477);
#13279=LINE('',#17478,#17479);
#13280=LINE('',#17480,#17481);
#13281=LINE('',#17482,#17483);
#13282=LINE('',#17484,#17485);
#13283=LINE('',#17486,#17487);
#13284=VERTEX_POINT('',#17488);
#13285=LINE('',#17489,#17490);
#13286=LINE('',#17491,#17492);
#13287=LINE('',#17493,#17494);
#13288=LINE('',#17495,#17496);
#13289=VERTEX_POINT('',#17497);
#13290=LINE('',#17498,#17499);
#13291=VERTEX_POINT('',#17500);
#13292=LINE('',#17501,#17502);
#13293=LINE('',#17503,#17504);
#13294=VERTEX_POINT('',#17505);
#13295=LINE('',#17506,#17507);
#13296=LINE('',#17508,#17509);
#13297=VERTEX_POINT('',#17510);
#13298=LINE('',#17511,#17512);
#13299=LINE('',#17513,#17514);
#13300=LINE('',#17515,#17516);
#13301=VERTEX_POINT('',#17517);
#13302=LINE('',#17518,#17519);
#13303=VERTEX_POINT('',#17520);
#13304=LINE('',#17521,#17522);
#13305=LINE('',#17523,#17524);
#13306=VERTEX_POINT('',#17525);
#13307=LINE('',#17526,#17527);
#13308=LINE('',#17528,#17529);
#13309=VERTEX_POINT('',#17530);
#13310=LINE('',#17531,#17532);
#13311=LINE('',#17533,#17534);
#13312=LINE('',#17535,#17536);
#13313=VERTEX_POINT('',#17537);
#13314=LINE('',#17538,#17539);
#13315=VERTEX_POINT('',#17540);
#13316=LINE('',#17541,#17542);
#13317=LINE('',#17543,#17544);
#13318=VERTEX_POINT('',#17545);
#13319=LINE('',#17546,#17547);
#13320=LINE('',#17548,#17549);
#13321=VERTEX_POINT('',#17550);
#13322=LINE('',#17551,#17552);
#13323=LINE('',#17553,#17554);
#13324=LINE('',#17555,#17556);
#13325=VERTEX_POINT('',#17557);
#13326=LINE('',#17558,#17559);
#13327=VERTEX_POINT('',#17560);
#13328=LINE('',#17561,#17562);
#13329=LINE('',#17563,#17564);
#13330=VERTEX_POINT('',#17565);
#13331=LINE('',#17566,#17567);
#13332=VERTEX_POINT('',#17568);
#13333=LINE('',#17569,#17570);
#13334=LINE('',#17571,#17572);
#13335=VERTEX_POINT('',#17573);
#13336=LINE('',#17574,#17575);
#13337=VERTEX_POINT('',#17576);
#13338=LINE('',#17577,#17578);
#13339=LINE('',#17579,#17580);
#13340=VERTEX_POINT('',#17581);
#13341=VERTEX_POINT('',#17582);
#13342=LINE('',#17583,#17584);
#13343=LINE('',#17585,#17586);
#13344=VERTEX_POINT('',#17587);
#13345=LINE('',#17588,#17589);
#13346=VERTEX_POINT('',#17590);
#13347=LINE('',#17591,#17592);
#13348=LINE('',#17593,#17594);
#13349=LINE('',#17595,#17596);
#13350=VERTEX_POINT('',#17597);
#13351=LINE('',#17598,#17599);
#13352=LINE('',#17600,#17601);
#13353=VERTEX_POINT('',#17602);
#13354=LINE('',#17603,#17604);
#13355=VERTEX_POINT('',#17605);
#13356=LINE('',#17606,#17607);
#13357=LINE('',#17608,#17609);
#13358=VERTEX_POINT('',#17610);
#13359=LINE('',#17611,#17612);
#13360=VERTEX_POINT('',#17613);
#13361=LINE('',#17614,#17615);
#13362=LINE('',#17616,#17617);
#13363=VERTEX_POINT('',#17618);
#13364=LINE('',#17619,#17620);
#13365=LINE('',#17621,#17622);
#13366=VERTEX_POINT('',#17623);
#13367=LINE('',#17624,#17625);
#13368=LINE('',#17626,#17627);
#13369=VERTEX_POINT('',#17628);
#13370=LINE('',#17629,#17630);
#13371=LINE('',#17631,#17632);
#13372=VERTEX_POINT('',#17633);
#13373=LINE('',#17634,#17635);
#13374=LINE('',#17636,#17637);
#13375=LINE('',#17638,#17639);
#13376=VERTEX_POINT('',#17640);
#13377=LINE('',#17641,#17642);
#13378=VERTEX_POINT('',#17643);
#13379=LINE('',#17644,#17645);
#13380=LINE('',#17646,#17647);
#13381=VERTEX_POINT('',#17648);
#13382=LINE('',#17649,#17650);
#13383=VERTEX_POINT('',#17651);
#13384=LINE('',#17652,#17653);
#13385=LINE('',#17654,#17655);
#13386=VERTEX_POINT('',#17656);
#13387=VERTEX_POINT('',#17657);
#13388=LINE('',#17658,#17659);
#13389=LINE('',#17660,#17661);
#13390=VERTEX_POINT('',#17662);
#13391=LINE('',#17663,#17664);
#13392=VERTEX_POINT('',#17665);
#13393=LINE('',#17666,#17667);
#13394=LINE('',#17668,#17669);
#13395=LINE('',#17670,#17671);
#13396=VERTEX_POINT('',#17672);
#13397=LINE('',#17673,#17674);
#13398=VERTEX_POINT('',#17675);
#13399=LINE('',#17676,#17677);
#13400=LINE('',#17678,#17679);
#13401=LINE('',#17680,#17681);
#13402=VERTEX_POINT('',#17682);
#13403=LINE('',#17683,#17684);
#13404=LINE('',#17685,#17686);
#13405=VERTEX_POINT('',#17687);
#13406=LINE('',#17688,#17689);
#13407=LINE('',#17690,#17691);
#13408=LINE('',#17692,#17693);
#13409=LINE('',#17694,#17695);
#13410=VERTEX_POINT('',#17696);
#13411=LINE('',#17697,#17698);
#13412=VERTEX_POINT('',#17699);
#13413=LINE('',#17700,#17701);
#13414=LINE('',#17702,#17703);
#13415=VERTEX_POINT('',#17704);
#13416=LINE('',#17705,#17706);
#13417=LINE('',#17707,#17708);
#13418=LINE('',#17709,#17710);
#13419=VERTEX_POINT('',#17711);
#13420=LINE('',#17712,#17713);
#13421=LINE('',#17714,#17715);
#13422=LINE('',#17716,#17717);
#13423=VERTEX_POINT('',#17718);
#13424=LINE('',#17719,#17720);
#13425=LINE('',#17721,#17722);
#13426=VERTEX_POINT('',#17723);
#13427=LINE('',#17724,#17725);
#13428=LINE('',#17726,#17727);
#13429=LINE('',#17728,#17729);
#13430=LINE('',#17730,#17731);
#13431=LINE('',#17732,#17733);
#13432=LINE('',#17734,#17735);
#13433=VERTEX_POINT('',#17736);
#13434=LINE('',#17737,#17738);
#13435=VERTEX_POINT('',#17739);
#13436=LINE('',#17740,#17741);
#13437=LINE('',#17742,#17743);
#13438=VERTEX_POINT('',#17744);
#13439=LINE('',#17745,#17746);
#13440=VERTEX_POINT('',#17747);
#13441=LINE('',#17748,#17749);
#13442=LINE('',#17750,#17751);
#13443=LINE('',#17752,#17753);
#13444=LINE('',#17754,#17755);
#13445=LINE('',#17756,#17757);
#13446=LINE('',#17758,#17759);
#13447=VERTEX_POINT('',#17760);
#13448=LINE('',#17761,#17762);
#13449=LINE('',#17763,#17764);
#13450=LINE('',#17765,#17766);
#13451=LINE('',#17767,#17768);
#13452=VERTEX_POINT('',#17769);
#13453=LINE('',#17770,#17771);
#13454=VERTEX_POINT('',#17772);
#13455=LINE('',#17773,#17774);
#13456=LINE('',#17775,#17776);
#13457=VERTEX_POINT('',#17777);
#13458=LINE('',#17778,#17779);
#13459=LINE('',#17780,#17781);
#13460=VERTEX_POINT('',#17782);
#13461=LINE('',#17783,#17784);
#13462=LINE('',#17785,#17786);
#13463=LINE('',#17787,#17788);
#13464=LINE('',#17789,#17790);
#13465=VERTEX_POINT('',#17791);
#13466=LINE('',#17792,#17793);
#13467=VERTEX_POINT('',#17794);
#13468=LINE('',#17795,#17796);
#13469=LINE('',#17797,#17798);
#13470=VERTEX_POINT('',#17799);
#13471=LINE('',#17800,#17801);
#13472=LINE('',#17802,#17803);
#13473=VERTEX_POINT('',#17804);
#13474=LINE('',#17805,#17806);
#13475=LINE('',#17807,#17808);
#13476=LINE('',#17809,#17810);
#13477=LINE('',#17811,#17812);
#13478=LINE('',#17813,#17814);
#13479=VERTEX_POINT('',#17815);
#13480=LINE('',#17816,#17817);
#13481=VERTEX_POINT('',#17818);
#13482=LINE('',#17819,#17820);
#13483=LINE('',#17821,#17822);
#13484=VERTEX_POINT('',#17823);
#13485=LINE('',#17824,#17825);
#13486=LINE('',#17826,#17827);
#13487=VERTEX_POINT('',#17828);
#13488=LINE('',#17829,#17830);
#13489=LINE('',#17831,#17832);
#13490=LINE('',#17833,#17834);
#13491=LINE('',#17835,#17836);
#13492=LINE('',#17837,#17838);
#13493=VERTEX_POINT('',#17839);
#13494=LINE('',#17840,#17841);
#13495=VERTEX_POINT('',#17842);
#13496=LINE('',#17843,#17844);
#13497=LINE('',#17845,#17846);
#13498=VERTEX_POINT('',#17847);
#13499=LINE('',#17848,#17849);
#13500=LINE('',#17850,#17851);
#13501=VERTEX_POINT('',#17852);
#13502=LINE('',#17853,#17854);
#13503=LINE('',#17855,#17856);
#13504=LINE('',#17857,#17858);
#13505=LINE('',#17859,#17860);
#13506=LINE('',#17861,#17862);
#13507=VERTEX_POINT('',#17863);
#13508=LINE('',#17864,#17865);
#13509=VERTEX_POINT('',#17866);
#13510=LINE('',#17867,#17868);
#13511=LINE('',#17869,#17870);
#13512=VERTEX_POINT('',#17871);
#13513=LINE('',#17872,#17873);
#13514=LINE('',#17874,#17875);
#13515=VERTEX_POINT('',#17876);
#13516=LINE('',#17877,#17878);
#13517=LINE('',#17879,#17880);
#13518=LINE('',#17881,#17882);
#13519=LINE('',#17883,#17884);
#13520=LINE('',#17885,#17886);
#13521=VERTEX_POINT('',#17887);
#13522=LINE('',#17888,#17889);
#13523=VERTEX_POINT('',#17890);
#13524=LINE('',#17891,#17892);
#13525=LINE('',#17893,#17894);
#13526=VERTEX_POINT('',#17895);
#13527=LINE('',#17896,#17897);
#13528=LINE('',#17898,#17899);
#13529=VERTEX_POINT('',#17900);
#13530=LINE('',#17901,#17902);
#13531=LINE('',#17903,#17904);
#13532=LINE('',#17905,#17906);
#13533=LINE('',#17907,#17908);
#13534=VERTEX_POINT('',#17909);
#13535=VERTEX_POINT('',#17910);
#13536=LINE('',#17911,#17912);
#13537=LINE('',#17913,#17914);
#13538=LINE('',#17915,#17916);
#13539=LINE('',#17917,#17918);
#13540=VERTEX_POINT('',#17919);
#13541=LINE('',#17920,#17921);
#13542=LINE('',#17922,#17923);
#13543=VERTEX_POINT('',#17924);
#13544=LINE('',#17925,#17926);
#13545=LINE('',#17927,#17928);
#13546=LINE('',#17929,#17930);
#13547=LINE('',#17931,#17932);
#13548=LINE('',#17933,#17934);
#13549=LINE('',#17935,#17936);
#13550=LINE('',#17937,#17938);
#13551=VERTEX_POINT('',#17939);
#13552=LINE('',#17940,#17941);
#13553=VERTEX_POINT('',#17942);
#13554=LINE('',#17943,#17944);
#13555=LINE('',#17945,#17946);
#13556=VERTEX_POINT('',#17947);
#13557=LINE('',#17948,#17949);
#13558=LINE('',#17950,#17951);
#13559=VERTEX_POINT('',#17952);
#13560=LINE('',#17953,#17954);
#13561=LINE('',#17955,#17956);
#13562=LINE('',#17957,#17958);
#13563=LINE('',#17959,#17960);
#13564=LINE('',#17961,#17962);
#13565=VERTEX_POINT('',#17963);
#13566=LINE('',#17964,#17965);
#13567=VERTEX_POINT('',#17966);
#13568=LINE('',#17967,#17968);
#13569=LINE('',#17969,#17970);
#13570=VERTEX_POINT('',#17971);
#13571=LINE('',#17972,#17973);
#13572=LINE('',#17974,#17975);
#13573=VERTEX_POINT('',#17976);
#13574=LINE('',#17977,#17978);
#13575=LINE('',#17979,#17980);
#13576=LINE('',#17981,#17982);
#13577=VERTEX_POINT('',#17983);
#13578=LINE('',#17984,#17985);
#13579=LINE('',#17986,#17987);
#13580=VERTEX_POINT('',#17988);
#13581=LINE('',#17989,#17990);
#13582=LINE('',#17991,#17992);
#13583=LINE('',#17993,#17994);
#13584=LINE('',#17995,#17996);
#13585=VERTEX_POINT('',#17997);
#13586=LINE('',#17998,#17999);
#13587=LINE('',#18000,#18001);
#13588=LINE('',#18002,#18003);
#13589=LINE('',#18004,#18005);
#13590=VERTEX_POINT('',#18006);
#13591=LINE('',#18007,#18008);
#13592=VERTEX_POINT('',#18009);
#13593=LINE('',#18010,#18011);
#13594=LINE('',#18012,#18013);
#13595=VERTEX_POINT('',#18014);
#13596=LINE('',#18015,#18016);
#13597=LINE('',#18017,#18018);
#13598=VERTEX_POINT('',#18019);
#13599=LINE('',#18020,#18021);
#13600=LINE('',#18022,#18023);
#13601=LINE('',#18024,#18025);
#13602=LINE('',#18026,#18027);
#13603=LINE('',#18028,#18029);
#13604=VERTEX_POINT('',#18030);
#13605=LINE('',#18031,#18032);
#13606=VERTEX_POINT('',#18033);
#13607=LINE('',#18034,#18035);
#13608=LINE('',#18036,#18037);
#13609=VERTEX_POINT('',#18038);
#13610=LINE('',#18039,#18040);
#13611=LINE('',#18041,#18042);
#13612=VERTEX_POINT('',#18043);
#13613=LINE('',#18044,#18045);
#13614=LINE('',#18046,#18047);
#13615=LINE('',#18048,#18049);
#13616=LINE('',#18050,#18051);
#13617=VERTEX_POINT('',#18052);
#13618=LINE('',#18053,#18054);
#13619=LINE('',#18055,#18056);
#13620=VERTEX_POINT('',#18057);
#13621=LINE('',#18058,#18059);
#13622=LINE('',#18060,#18061);
#13623=LINE('',#18062,#18063);
#13624=LINE('',#18064,#18065);
#13625=LINE('',#18066,#18067);
#13626=LINE('',#18068,#18069);
#13627=VERTEX_POINT('',#18070);
#13628=LINE('',#18071,#18072);
#13629=VERTEX_POINT('',#18073);
#13630=LINE('',#18074,#18075);
#13631=LINE('',#18076,#18077);
#13632=VERTEX_POINT('',#18078);
#13633=LINE('',#18079,#18080);
#13634=LINE('',#18081,#18082);
#13635=VERTEX_POINT('',#18083);
#13636=LINE('',#18084,#18085);
#13637=LINE('',#18086,#18087);
#13638=VERTEX_POINT('',#18088);
#13639=LINE('',#18089,#18090);
#13640=LINE('',#18091,#18092);
#13641=VERTEX_POINT('',#18093);
#13642=LINE('',#18094,#18095);
#13643=LINE('',#18096,#18097);
#13644=VERTEX_POINT('',#18098);
#13645=LINE('',#18099,#18100);
#13646=LINE('',#18101,#18102);
#13647=LINE('',#18103,#18104);
#13648=LINE('',#18105,#18106);
#13649=LINE('',#18107,#18108);
#13650=LINE('',#18109,#18110);
#13651=LINE('',#18111,#18112);
#13652=LINE('',#18113,#18114);
#13653=LINE('',#18115,#18116);
#13654=CARTESIAN_POINT('',(-13.825,-1.1,-0.195));
#13655=CARTESIAN_POINT('',(-13.825,-0.575,-0.195));
#13656=CARTESIAN_POINT('',(-13.825,-1.1,-0.195));
#13657=VECTOR('',#18117,0.525);
#13658=CARTESIAN_POINT('',(-13.825,-0.575,-2.695));
#13659=CARTESIAN_POINT('',(-13.825,-0.575,-0.195));
#13660=VECTOR('',#18118,2.5);
#13661=CARTESIAN_POINT('',(-13.825,0.575,-2.695));
#13662=CARTESIAN_POINT('',(-13.825,-0.575,-2.695));
#13663=VECTOR('',#18119,1.15);
#13664=CARTESIAN_POINT('',(-13.825,0.575,-0.195));
#13665=CARTESIAN_POINT('',(-13.825,0.575,-2.695));
#13666=VECTOR('',#18120,2.5);
#13667=CARTESIAN_POINT('',(-13.825,1.1,-0.195));
#13668=CARTESIAN_POINT('',(-13.825,0.575,-0.195));
#13669=VECTOR('',#18121,0.525);
#13670=CARTESIAN_POINT('',(-13.825,1.1,3.305));
#13671=CARTESIAN_POINT('',(-13.825,1.1,3.305));
#13672=VECTOR('',#18122,3.5);
#13673=CARTESIAN_POINT('',(-13.825,2.68,3.305));
#13674=CARTESIAN_POINT('',(-13.825,1.1,3.305));
#13675=VECTOR('',#18123,1.58);
#13676=CARTESIAN_POINT('',(-13.825,3.43,3.305));
#13677=CARTESIAN_POINT('',(-13.825,3.43,3.305));
#13678=VECTOR('',#18124,0.75);
#13679=CARTESIAN_POINT('',(-13.825,3.43,-3.355));
#13680=CARTESIAN_POINT('',(-13.825,3.43,-3.355));
#13681=VECTOR('',#18125,6.66);
#13682=CARTESIAN_POINT('',(-13.825,-3.05,-3.355));
#13683=CARTESIAN_POINT('',(-13.825,-3.05,-3.355));
#13684=VECTOR('',#18126,6.48);
#13685=CARTESIAN_POINT('',(-13.825,-3.05,3.305));
#13686=CARTESIAN_POINT('',(-13.825,-3.05,3.305));
#13687=VECTOR('',#18127,6.66);
#13688=CARTESIAN_POINT('',(-13.825,-2.41,3.305));
#13689=CARTESIAN_POINT('',(-13.825,-2.41,3.305));
#13690=VECTOR('',#18128,0.64);
#13691=CARTESIAN_POINT('',(-13.825,-1.1,3.305));
#13692=CARTESIAN_POINT('',(-13.825,-2.41,3.305));
#13693=VECTOR('',#18129,1.31);
#13694=CARTESIAN_POINT('',(-13.825,-1.1,3.305));
#13695=VECTOR('',#18130,3.5);
#13696=CARTESIAN_POINT('',(-12.44032373904,-1.1,3.305));
#13697=CARTESIAN_POINT('',(-12.44032373904,-1.1,3.305));
#13698=VECTOR('',#18131,1.384676260962);
#13699=CARTESIAN_POINT('',(-12.44016186952,-1.1,-0.195));
#13700=CARTESIAN_POINT('',(-12.44032373904,-1.1,3.305));
#13701=VECTOR('',#18132,3.500000003743);
#13702=CARTESIAN_POINT('',(-13.825,-1.1,-0.195));
#13703=VECTOR('',#18133,1.384838130481);
#13704=CARTESIAN_POINT('',(-12.44016186952,-0.575,-0.195));
#13705=CARTESIAN_POINT('',(-12.44016186952,-1.1,-0.195));
#13706=VECTOR('',#18134,0.525);
#13707=CARTESIAN_POINT('',(-13.825,-0.575,-0.195));
#13708=VECTOR('',#18135,1.384838130481);
#13709=CARTESIAN_POINT('',(-12.44048560856,-0.575,-2.795));
#13710=CARTESIAN_POINT('',(-12.44016186952,-0.575,-0.195));
#13711=VECTOR('',#18136,2.600000020155);
#13712=CARTESIAN_POINT('',(-12.84048560856,-0.575,-2.795));
#13713=CARTESIAN_POINT('',(-12.84048560856,-0.575,-2.795));
#13714=VECTOR('',#18137,0.4);
#13715=CARTESIAN_POINT('',(-12.84048560856,-0.575,-2.695));
#13716=CARTESIAN_POINT('',(-12.84048560856,-0.575,-2.695));
#13717=VECTOR('',#18138,0.1);
#13718=CARTESIAN_POINT('',(-13.825,-0.575,-2.695));
#13719=VECTOR('',#18139,0.9845143914425);
#13720=CARTESIAN_POINT('',(-12.84048560856,0.575,-2.695));
#13721=CARTESIAN_POINT('',(-13.825,0.575,-2.695));
#13722=VECTOR('',#18140,0.9845143914425);
#13723=CARTESIAN_POINT('',(-12.84048560856,-0.4,-2.695));
#13724=CARTESIAN_POINT('',(-12.84048560856,-0.575,-2.695));
#13725=VECTOR('',#18141,0.175);
#13726=CARTESIAN_POINT('',(-13.14048560856,-0.4,-2.695));
#13727=CARTESIAN_POINT('',(-13.14048560856,-0.4,-2.695));
#13728=VECTOR('',#18142,0.3);
#13729=CARTESIAN_POINT('',(-13.14048560856,0.4,-2.695));
#13730=CARTESIAN_POINT('',(-13.14048560856,0.4,-2.695));
#13731=VECTOR('',#18143,0.8);
#13732=CARTESIAN_POINT('',(-12.84048560856,0.4,-2.695));
#13733=CARTESIAN_POINT('',(-12.84048560856,0.4,-2.695));
#13734=VECTOR('',#18144,0.3);
#13735=CARTESIAN_POINT('',(-12.84048560856,0.575,-2.695));
#13736=VECTOR('',#18145,0.175);
#13737=CARTESIAN_POINT('',(-12.84048560856,0.4,-2.795));
#13738=CARTESIAN_POINT('',(-12.84048560856,0.4,-2.695));
#13739=VECTOR('',#18146,0.1);
#13740=CARTESIAN_POINT('',(-12.84048560856,0.575,-2.795));
#13741=CARTESIAN_POINT('',(-12.84048560856,0.575,-2.795));
#13742=VECTOR('',#18147,0.175);
#13743=CARTESIAN_POINT('',(-12.84048560856,0.575,-2.695));
#13744=VECTOR('',#18148,0.1);
#13745=CARTESIAN_POINT('',(-12.44016186952,0.575,-0.195));
#13746=CARTESIAN_POINT('',(-13.825,0.575,-0.195));
#13747=VECTOR('',#18149,1.384838130481);
#13748=CARTESIAN_POINT('',(-12.44048560856,0.575,-2.795));
#13749=CARTESIAN_POINT('',(-12.44048560856,0.575,-2.795));
#13750=VECTOR('',#18150,0.4);
#13751=CARTESIAN_POINT('',(-12.44016186952,0.575,-0.195));
#13752=VECTOR('',#18151,2.600000020155);
#13753=CARTESIAN_POINT('',(-12.44048560856,-2.41,3.305));
#13754=CARTESIAN_POINT('',(-12.44032373904,-1.1,3.305));
#13755=VECTOR('',#18152,1.310000010001);
#13756=CARTESIAN_POINT('',(-12.44048560856,-2.41,4.955));
#13757=CARTESIAN_POINT('',(-12.44048560856,-2.41,4.955));
#13758=VECTOR('',#18153,1.65);
#13759=CARTESIAN_POINT('',(-12.44048560856,2.68,4.955));
#13760=CARTESIAN_POINT('',(-12.44048560856,-2.41,4.955));
#13761=VECTOR('',#18154,5.09);
#13762=CARTESIAN_POINT('',(-12.44048560856,2.68,3.305));
#13763=CARTESIAN_POINT('',(-12.44048560856,2.68,4.955));
#13764=VECTOR('',#18155,1.65);
#13765=CARTESIAN_POINT('',(-12.44032373904,1.1,3.305));
#13766=CARTESIAN_POINT('',(-12.44048560856,2.68,3.305));
#13767=VECTOR('',#18156,1.580000008292);
#13768=CARTESIAN_POINT('',(-12.44016186952,1.1,-0.195));
#13769=CARTESIAN_POINT('',(-12.44016186952,1.1,-0.195));
#13770=VECTOR('',#18157,3.500000003743);
#13771=CARTESIAN_POINT('',(-12.44016186952,0.575,-0.195));
#13772=VECTOR('',#18158,0.525);
#13773=CARTESIAN_POINT('',(-12.44048560856,-0.575,-2.795));
#13774=VECTOR('',#18159,1.15);
#13775=CARTESIAN_POINT('',(12.44048560856,0.575,-2.795));
#13776=CARTESIAN_POINT('',(12.44048560856,-0.575,-2.795));
#13777=CARTESIAN_POINT('',(12.44048560856,0.575,-2.795));
#13778=VECTOR('',#18160,1.15);
#13779=CARTESIAN_POINT('',(12.84048560856,-0.575,-2.795));
#13780=CARTESIAN_POINT('',(12.44048560856,-0.575,-2.795));
#13781=VECTOR('',#18161,0.4);
#13782=CARTESIAN_POINT('',(12.84048560856,-0.4,-2.795));
#13783=CARTESIAN_POINT('',(12.84048560856,-0.575,-2.795));
#13784=VECTOR('',#18162,0.175);
#13785=CARTESIAN_POINT('',(13.14048560856,-0.4,-2.795));
#13786=CARTESIAN_POINT('',(12.84048560856,-0.4,-2.795));
#13787=VECTOR('',#18163,0.3);
#13788=CARTESIAN_POINT('',(13.14048560856,0.4,-2.795));
#13789=CARTESIAN_POINT('',(13.14048560856,-0.4,-2.795));
#13790=VECTOR('',#18164,0.8);
#13791=CARTESIAN_POINT('',(12.84048560856,0.4,-2.795));
#13792=CARTESIAN_POINT('',(13.14048560856,0.4,-2.795));
#13793=VECTOR('',#18165,0.3);
#13794=CARTESIAN_POINT('',(12.84048560856,0.575,-2.795));
#13795=CARTESIAN_POINT('',(12.84048560856,0.4,-2.795));
#13796=VECTOR('',#18166,0.175);
#13797=CARTESIAN_POINT('',(12.84048560856,0.575,-2.795));
#13798=VECTOR('',#18167,0.4);
#13799=CARTESIAN_POINT('',(-13.14048560856,0.4,-2.795));
#13800=CARTESIAN_POINT('',(-12.84048560856,0.4,-2.795));
#13801=VECTOR('',#18168,0.3);
#13802=CARTESIAN_POINT('',(-13.14048560856,-0.4,-2.795));
#13803=CARTESIAN_POINT('',(-13.14048560856,0.4,-2.795));
#13804=VECTOR('',#18169,0.8);
#13805=CARTESIAN_POINT('',(-12.84048560856,-0.4,-2.795));
#13806=CARTESIAN_POINT('',(-13.14048560856,-0.4,-2.795));
#13807=VECTOR('',#18170,0.3);
#13808=CARTESIAN_POINT('',(-12.84048560856,-0.4,-2.795));
#13809=VECTOR('',#18171,0.175);
#13810=CARTESIAN_POINT('',(13.825,0.575,-2.695));
#13811=CARTESIAN_POINT('',(13.825,0.575,-0.195));
#13812=CARTESIAN_POINT('',(13.825,0.575,-2.695));
#13813=VECTOR('',#18172,2.5);
#13814=CARTESIAN_POINT('',(12.44016186952,0.575,-0.195));
#13815=CARTESIAN_POINT('',(13.825,0.575,-0.195));
#13816=VECTOR('',#18173,1.384838130481);
#13817=CARTESIAN_POINT('',(12.44016186952,0.575,-0.195));
#13818=VECTOR('',#18174,2.600000020155);
#13819=CARTESIAN_POINT('',(12.84048560856,0.575,-2.695));
#13820=CARTESIAN_POINT('',(12.84048560856,0.575,-2.695));
#13821=VECTOR('',#18175,0.1);
#13822=CARTESIAN_POINT('',(13.825,0.575,-2.695));
#13823=VECTOR('',#18176,0.9845143914425);
#13824=CARTESIAN_POINT('',(13.825,-0.575,-2.695));
#13825=CARTESIAN_POINT('',(12.84048560856,-0.575,-2.695));
#13826=CARTESIAN_POINT('',(13.825,-0.575,-2.695));
#13827=VECTOR('',#18177,0.9845143914425);
#13828=CARTESIAN_POINT('',(13.825,-0.575,-2.695));
#13829=VECTOR('',#18178,1.15);
#13830=CARTESIAN_POINT('',(12.84048560856,0.4,-2.695));
#13831=CARTESIAN_POINT('',(12.84048560856,0.575,-2.695));
#13832=VECTOR('',#18179,0.175);
#13833=CARTESIAN_POINT('',(13.14048560856,0.4,-2.695));
#13834=CARTESIAN_POINT('',(13.14048560856,0.4,-2.695));
#13835=VECTOR('',#18180,0.3);
#13836=CARTESIAN_POINT('',(13.14048560856,-0.4,-2.695));
#13837=CARTESIAN_POINT('',(13.14048560856,-0.4,-2.695));
#13838=VECTOR('',#18181,0.8);
#13839=CARTESIAN_POINT('',(12.84048560856,-0.4,-2.695));
#13840=CARTESIAN_POINT('',(12.84048560856,-0.4,-2.695));
#13841=VECTOR('',#18182,0.3);
#13842=CARTESIAN_POINT('',(12.84048560856,-0.575,-2.695));
#13843=VECTOR('',#18183,0.175);
#13844=CARTESIAN_POINT('',(12.84048560856,-0.4,-2.695));
#13845=VECTOR('',#18184,0.1);
#13846=CARTESIAN_POINT('',(12.84048560856,-0.575,-2.695));
#13847=VECTOR('',#18185,0.1);
#13848=CARTESIAN_POINT('',(13.825,-0.575,-0.195));
#13849=CARTESIAN_POINT('',(12.44016186952,-0.575,-0.195));
#13850=CARTESIAN_POINT('',(13.825,-0.575,-0.195));
#13851=VECTOR('',#18186,1.384838130481);
#13852=CARTESIAN_POINT('',(13.825,-0.575,-0.195));
#13853=VECTOR('',#18187,2.5);
#13854=CARTESIAN_POINT('',(12.44016186952,-0.575,-0.195));
#13855=VECTOR('',#18188,2.600000020155);
#13856=CARTESIAN_POINT('',(12.44016186952,1.1,-0.195));
#13857=CARTESIAN_POINT('',(12.44016186952,0.575,-0.195));
#13858=VECTOR('',#18189,0.525);
#13859=CARTESIAN_POINT('',(12.44032373904,1.1,3.305));
#13860=CARTESIAN_POINT('',(12.44016186952,1.1,-0.195));
#13861=VECTOR('',#18190,3.500000003743);
#13862=CARTESIAN_POINT('',(12.44048560856,2.68,3.305));
#13863=CARTESIAN_POINT('',(12.44048560856,2.68,3.305));
#13864=VECTOR('',#18191,1.580000008292);
#13865=CARTESIAN_POINT('',(12.44048560856,2.68,4.955));
#13866=CARTESIAN_POINT('',(12.44048560856,2.68,3.305));
#13867=VECTOR('',#18192,1.65);
#13868=CARTESIAN_POINT('',(12.44048560856,-2.41,4.955));
#13869=CARTESIAN_POINT('',(12.44048560856,-2.41,4.955));
#13870=VECTOR('',#18193,5.09);
#13871=CARTESIAN_POINT('',(12.44048560856,-2.41,3.305));
#13872=CARTESIAN_POINT('',(12.44048560856,-2.41,3.305));
#13873=VECTOR('',#18194,1.65);
#13874=CARTESIAN_POINT('',(12.44032373904,-1.1,3.305));
#13875=CARTESIAN_POINT('',(12.44032373904,-1.1,3.305));
#13876=VECTOR('',#18195,1.310000010001);
#13877=CARTESIAN_POINT('',(12.44016186952,-1.1,-0.195));
#13878=CARTESIAN_POINT('',(12.44032373904,-1.1,3.305));
#13879=VECTOR('',#18196,3.500000003743);
#13880=CARTESIAN_POINT('',(12.44016186952,-1.1,-0.195));
#13881=VECTOR('',#18197,0.525);
#13882=CARTESIAN_POINT('',(13.825,-1.1,-0.195));
#13883=CARTESIAN_POINT('',(13.825,-1.1,-0.195));
#13884=VECTOR('',#18198,1.384838130481);
#13885=CARTESIAN_POINT('',(13.825,-1.1,-0.195));
#13886=VECTOR('',#18199,0.525);
#13887=CARTESIAN_POINT('',(13.825,-2.41,3.305));
#13888=CARTESIAN_POINT('',(13.825,-1.1,3.305));
#13889=CARTESIAN_POINT('',(13.825,-2.41,3.305));
#13890=VECTOR('',#18200,1.31);
#13891=CARTESIAN_POINT('',(13.825,-3.05,3.305));
#13892=CARTESIAN_POINT('',(13.825,-2.41,3.305));
#13893=VECTOR('',#18201,0.64);
#13894=CARTESIAN_POINT('',(13.825,-3.05,-3.355));
#13895=CARTESIAN_POINT('',(13.825,-3.05,3.305));
#13896=VECTOR('',#18202,6.66);
#13897=CARTESIAN_POINT('',(13.825,3.43,-3.355));
#13898=CARTESIAN_POINT('',(13.825,-3.05,-3.355));
#13899=VECTOR('',#18203,6.48);
#13900=CARTESIAN_POINT('',(13.825,3.43,3.305));
#13901=CARTESIAN_POINT('',(13.825,3.43,-3.355));
#13902=VECTOR('',#18204,6.66);
#13903=CARTESIAN_POINT('',(13.825,2.68,3.305));
#13904=CARTESIAN_POINT('',(13.825,3.43,3.305));
#13905=VECTOR('',#18205,0.75);
#13906=CARTESIAN_POINT('',(13.825,1.1,3.305));
#13907=CARTESIAN_POINT('',(13.825,1.1,3.305));
#13908=VECTOR('',#18206,1.58);
#13909=CARTESIAN_POINT('',(13.825,1.1,-0.195));
#13910=CARTESIAN_POINT('',(13.825,1.1,3.305));
#13911=VECTOR('',#18207,3.5);
#13912=CARTESIAN_POINT('',(13.825,0.575,-0.195));
#13913=VECTOR('',#18208,0.525);
#13914=CARTESIAN_POINT('',(13.825,-1.1,3.305));
#13915=VECTOR('',#18209,3.5);
#13916=CARTESIAN_POINT('',(13.825,-2.35,1.605));
#13917=CARTESIAN_POINT('',(13.825,-2.2,1.605));
#13918=CARTESIAN_POINT('',(13.825,-2.35,1.605));
#13919=VECTOR('',#18210,0.15);
#13920=CARTESIAN_POINT('',(13.825,-2.35,2.6007447052));
#13921=CARTESIAN_POINT('',(13.825,-2.35,2.6007447052));
#13922=VECTOR('',#18211,0.9957447052002);
#13923=CARTESIAN_POINT('',(13.825,-2.5,2.422021250725));
#13924=CARTESIAN_POINT('',(13.825,-2.5,2.422021250725));
#13925=VECTOR('',#18212,0.2333282519962);
#13926=CARTESIAN_POINT('',(13.825,-2.5,2.62627661705));
#13927=CARTESIAN_POINT('',(13.825,-2.5,2.62627661705));
#13928=VECTOR('',#18213,0.2042553663254);
#13929=CARTESIAN_POINT('',(13.825,-2.35,2.805));
#13930=CARTESIAN_POINT('',(13.825,-2.35,2.805));
#13931=VECTOR('',#18214,0.2333281972095);
#13932=CARTESIAN_POINT('',(13.825,-2.2,2.805));
#13933=CARTESIAN_POINT('',(13.825,-2.2,2.805));
#13934=VECTOR('',#18215,0.15);
#13935=CARTESIAN_POINT('',(13.825,-2.2,1.605));
#13936=VECTOR('',#18216,1.2);
#13937=CARTESIAN_POINT('',(13.825,-1.1,3.305));
#13938=VECTOR('',#18217,1.384676260962);
#13939=CARTESIAN_POINT('',(13.825,-2.41,3.305));
#13940=VECTOR('',#18218,1.384514391443);
#13941=CARTESIAN_POINT('',(13.825,2.68,3.305));
#13942=VECTOR('',#18219,1.384514391443);
#13943=CARTESIAN_POINT('',(13.825,1.1,3.305));
#13944=VECTOR('',#18220,1.384676260962);
#13945=CARTESIAN_POINT('',(13.825,-2.41,3.305));
#13946=VECTOR('',#18221,2.153922027398);
#13947=CARTESIAN_POINT('',(-12.44048560856,-2.41,3.305));
#13948=VECTOR('',#18222,1.384514391443);
#13949=CARTESIAN_POINT('',(-12.44048560856,-2.41,4.955));
#13950=VECTOR('',#18223,2.153922027398);
#13951=CARTESIAN_POINT('',(12.44048560856,3.43,4.955));
#13952=CARTESIAN_POINT('',(13.825,3.43,3.305));
#13953=VECTOR('',#18224,2.153922027398);
#13954=CARTESIAN_POINT('',(12.44048560856,3.43,4.955));
#13955=VECTOR('',#18225,0.75);
#13956=CARTESIAN_POINT('',(13.825,2.68,3.305));
#13957=VECTOR('',#18226,2.153922027398);
#13958=CARTESIAN_POINT('',(12.44048560856,-3.43,4.955));
#13959=CARTESIAN_POINT('',(12.44048560856,-2.41,4.955));
#13960=VECTOR('',#18227,1.02);
#13961=CARTESIAN_POINT('',(12.805,-3.43,4.520588664446));
#13962=CARTESIAN_POINT('',(12.805,-3.43,4.520588664446));
#13963=VECTOR('',#18228,0.5670837240006);
#13964=CARTESIAN_POINT('',(13.825,-3.05,3.305));
#13965=VECTOR('',#18229,1.631703343482);
#13966=CARTESIAN_POINT('',(-12.44048560856,2.68,3.305));
#13967=VECTOR('',#18230,1.384514391443);
#13968=CARTESIAN_POINT('',(-12.44048560856,2.68,4.955));
#13969=VECTOR('',#18231,2.153922027398);
#13970=CARTESIAN_POINT('',(-12.44048560856,3.43,4.955));
#13971=CARTESIAN_POINT('',(-12.44048560856,3.43,4.955));
#13972=VECTOR('',#18232,0.75);
#13973=CARTESIAN_POINT('',(-12.44048560856,3.43,4.955));
#13974=VECTOR('',#18233,2.153922027398);
#13975=CARTESIAN_POINT('',(-12.805,-3.43,4.520588664446));
#13976=CARTESIAN_POINT('',(-12.805,-3.43,4.520588664446));
#13977=VECTOR('',#18234,1.631703343482);
#13978=CARTESIAN_POINT('',(-12.44048560856,-3.43,4.955));
#13979=CARTESIAN_POINT('',(-12.44048560856,-3.43,4.955));
#13980=VECTOR('',#18235,0.5670837240006);
#13981=CARTESIAN_POINT('',(-12.44048560856,-2.41,4.955));
#13982=VECTOR('',#18236,1.02);
#13983=CARTESIAN_POINT('',(-12.325,3.43,-4.955));
#13984=CARTESIAN_POINT('',(-14.075,3.43,-4.955));
#13985=CARTESIAN_POINT('',(-12.325,3.43,-4.955));
#13986=VECTOR('',#18237,1.75);
#13987=CARTESIAN_POINT('',(-14.075,3.43,-3.355));
#13988=CARTESIAN_POINT('',(-14.075,3.43,-4.955));
#13989=VECTOR('',#18238,1.6);
#13990=CARTESIAN_POINT('',(-14.075,3.43,-3.355));
#13991=VECTOR('',#18239,0.25);
#13992=CARTESIAN_POINT('',(-12.44048560856,3.43,4.955));
#13993=VECTOR('',#18240,24.88097121711);
#13994=CARTESIAN_POINT('',(14.075,3.43,-3.355));
#13995=CARTESIAN_POINT('',(13.825,3.43,-3.355));
#13996=VECTOR('',#18241,0.25);
#13997=CARTESIAN_POINT('',(14.075,3.43,-4.955));
#13998=CARTESIAN_POINT('',(14.075,3.43,-3.355));
#13999=VECTOR('',#18242,1.6);
#14000=CARTESIAN_POINT('',(12.325,3.43,-4.955));
#14001=CARTESIAN_POINT('',(14.075,3.43,-4.955));
#14002=VECTOR('',#18243,1.75);
#14003=CARTESIAN_POINT('',(12.325,3.43,-3.205));
#14004=CARTESIAN_POINT('',(12.325,3.43,-4.955));
#14005=VECTOR('',#18244,1.75);
#14006=CARTESIAN_POINT('',(-12.325,3.43,-3.205));
#14007=CARTESIAN_POINT('',(-12.325,3.43,-3.205));
#14008=VECTOR('',#18245,24.65);
#14009=CARTESIAN_POINT('',(-12.325,3.43,-4.955));
#14010=VECTOR('',#18246,1.75);
#14011=CARTESIAN_POINT('',(-0.7,3.43,1.255));
#14012=CARTESIAN_POINT('',(0.7,3.43,1.255));
#14013=CARTESIAN_POINT('',(-0.7,3.43,1.255));
#14014=VECTOR('',#18247,1.4);
#14015=CARTESIAN_POINT('',(0.7,3.43,4.415));
#14016=CARTESIAN_POINT('',(0.7,3.43,4.415));
#14017=VECTOR('',#18248,3.16);
#14018=CARTESIAN_POINT('',(-0.7,3.43,4.415));
#14019=CARTESIAN_POINT('',(-0.7,3.43,4.415));
#14020=VECTOR('',#18249,1.4);
#14021=CARTESIAN_POINT('',(-0.7,3.43,4.415));
#14022=VECTOR('',#18250,3.16);
#14023=CARTESIAN_POINT('',(-0.7,4.83,2.755));
#14024=CARTESIAN_POINT('',(-0.7,4.83,2.755));
#14025=VECTOR('',#18251,2.171543230056);
#14026=CARTESIAN_POINT('',(-0.7,4.83,2.005));
#14027=CARTESIAN_POINT('',(-0.7,4.83,2.005));
#14028=VECTOR('',#18252,0.75);
#14029=CARTESIAN_POINT('',(-0.7,4.18,2.005));
#14030=CARTESIAN_POINT('',(-0.7,4.18,2.005));
#14031=VECTOR('',#18253,0.65);
#14032=AXIS2_PLACEMENT_3D('',#18254,#18255,#18256);
#14033=CARTESIAN_POINT('',(0.7,4.18,2.005));
#14034=CARTESIAN_POINT('',(-0.7,4.18,2.005));
#14035=VECTOR('',#18257,1.4);
#14036=AXIS2_PLACEMENT_3D('',#18258,#18259,#18260);
#14037=CARTESIAN_POINT('',(0.7,4.83,2.005));
#14038=CARTESIAN_POINT('',(0.7,4.18,2.005));
#14039=VECTOR('',#18261,0.65);
#14040=CARTESIAN_POINT('',(0.7,4.83,2.755));
#14041=CARTESIAN_POINT('',(0.7,4.83,2.005));
#14042=VECTOR('',#18262,0.75);
#14043=CARTESIAN_POINT('',(0.7,4.83,2.755));
#14044=VECTOR('',#18263,2.171543230056);
#14045=CARTESIAN_POINT('',(-0.7,4.83,2.755));
#14046=VECTOR('',#18264,1.4);
#14047=CARTESIAN_POINT('',(-0.7,4.83,2.005));
#14048=VECTOR('',#18265,1.4);
#14049=CARTESIAN_POINT('',(-12.325,3.175,-3.205));
#14050=CARTESIAN_POINT('',(-12.325,3.43,-3.205));
#14051=VECTOR('',#18266,0.255);
#14052=CARTESIAN_POINT('',(-12.325,3.175,-4.955));
#14053=CARTESIAN_POINT('',(-12.325,3.175,-4.955));
#14054=VECTOR('',#18267,1.75);
#14055=CARTESIAN_POINT('',(-12.325,3.175,-4.955));
#14056=VECTOR('',#18268,0.255);
#14057=CARTESIAN_POINT('',(10.82,-2.78,-4.955));
#14058=CARTESIAN_POINT('',(14.075,-2.78,-4.955));
#14059=CARTESIAN_POINT('',(10.82,-2.78,-4.955));
#14060=VECTOR('',#18269,3.255);
#14061=CARTESIAN_POINT('',(14.075,-3.94,-4.955));
#14062=CARTESIAN_POINT('',(14.075,-2.78,-4.955));
#14063=VECTOR('',#18270,1.16);
#14064=CARTESIAN_POINT('',(12.805,-3.94,-4.955));
#14065=CARTESIAN_POINT('',(14.075,-3.94,-4.955));
#14066=VECTOR('',#18271,1.27);
#14067=CARTESIAN_POINT('',(12.805,-3.43,-4.955));
#14068=CARTESIAN_POINT('',(12.805,-3.94,-4.955));
#14069=VECTOR('',#18272,0.51);
#14070=CARTESIAN_POINT('',(10.82,-3.43,-4.955));
#14071=CARTESIAN_POINT('',(12.805,-3.43,-4.955));
#14072=VECTOR('',#18273,1.985);
#14073=CARTESIAN_POINT('',(10.82,-2.78,-4.955));
#14074=VECTOR('',#18274,0.65);
#14075=CARTESIAN_POINT('',(10.82,3.175,-4.955));
#14076=CARTESIAN_POINT('',(12.325,3.175,-4.955));
#14077=CARTESIAN_POINT('',(10.82,3.175,-4.955));
#14078=VECTOR('',#18275,1.505);
#14079=CARTESIAN_POINT('',(12.325,3.175,-4.955));
#14080=VECTOR('',#18276,0.255);
#14081=CARTESIAN_POINT('',(14.075,1.6,-4.955));
#14082=CARTESIAN_POINT('',(14.075,3.43,-4.955));
#14083=VECTOR('',#18277,1.83);
#14084=CARTESIAN_POINT('',(10.82,1.6,-4.955));
#14085=CARTESIAN_POINT('',(14.075,1.6,-4.955));
#14086=VECTOR('',#18278,3.255);
#14087=CARTESIAN_POINT('',(10.82,1.6,-4.955));
#14088=VECTOR('',#18279,1.575);
#14089=CARTESIAN_POINT('',(7.82,-2.78,-4.955));
#14090=CARTESIAN_POINT('',(10.18,-2.78,-4.955));
#14091=CARTESIAN_POINT('',(7.82,-2.78,-4.955));
#14092=VECTOR('',#18280,2.36);
#14093=CARTESIAN_POINT('',(10.18,-3.43,-4.955));
#14094=CARTESIAN_POINT('',(10.18,-2.78,-4.955));
#14095=VECTOR('',#18281,0.65);
#14096=CARTESIAN_POINT('',(7.82,-3.43,-4.955));
#14097=CARTESIAN_POINT('',(10.18,-3.43,-4.955));
#14098=VECTOR('',#18282,2.36);
#14099=CARTESIAN_POINT('',(7.82,-2.78,-4.955));
#14100=VECTOR('',#18283,0.65);
#14101=CARTESIAN_POINT('',(7.82,3.175,-4.955));
#14102=CARTESIAN_POINT('',(10.18,3.175,-4.955));
#14103=CARTESIAN_POINT('',(7.82,3.175,-4.955));
#14104=VECTOR('',#18284,2.36);
#14105=CARTESIAN_POINT('',(10.18,1.6,-4.955));
#14106=CARTESIAN_POINT('',(10.18,1.6,-4.955));
#14107=VECTOR('',#18285,1.575);
#14108=CARTESIAN_POINT('',(7.82,1.6,-4.955));
#14109=CARTESIAN_POINT('',(10.18,1.6,-4.955));
#14110=VECTOR('',#18286,2.36);
#14111=CARTESIAN_POINT('',(7.82,1.6,-4.955));
#14112=VECTOR('',#18287,1.575);
#14113=CARTESIAN_POINT('',(4.82,-2.78,-4.955));
#14114=CARTESIAN_POINT('',(7.18,-2.78,-4.955));
#14115=CARTESIAN_POINT('',(4.82,-2.78,-4.955));
#14116=VECTOR('',#18288,2.36);
#14117=CARTESIAN_POINT('',(7.18,-3.43,-4.955));
#14118=CARTESIAN_POINT('',(7.18,-2.78,-4.955));
#14119=VECTOR('',#18289,0.65);
#14120=CARTESIAN_POINT('',(4.82,-3.43,-4.955));
#14121=CARTESIAN_POINT('',(7.18,-3.43,-4.955));
#14122=VECTOR('',#18290,2.36);
#14123=CARTESIAN_POINT('',(4.82,-2.78,-4.955));
#14124=VECTOR('',#18291,0.65);
#14125=CARTESIAN_POINT('',(4.82,3.175,-4.955));
#14126=CARTESIAN_POINT('',(7.18,3.175,-4.955));
#14127=CARTESIAN_POINT('',(4.82,3.175,-4.955));
#14128=VECTOR('',#18292,2.36);
#14129=CARTESIAN_POINT('',(7.18,1.6,-4.955));
#14130=CARTESIAN_POINT('',(7.18,1.6,-4.955));
#14131=VECTOR('',#18293,1.575);
#14132=CARTESIAN_POINT('',(4.82,1.6,-4.955));
#14133=CARTESIAN_POINT('',(7.18,1.6,-4.955));
#14134=VECTOR('',#18294,2.36);
#14135=CARTESIAN_POINT('',(4.82,1.6,-4.955));
#14136=VECTOR('',#18295,1.575);
#14137=CARTESIAN_POINT('',(1.82,-2.78,-4.955));
#14138=CARTESIAN_POINT('',(4.18,-2.78,-4.955));
#14139=CARTESIAN_POINT('',(1.82,-2.78,-4.955));
#14140=VECTOR('',#18296,2.36);
#14141=CARTESIAN_POINT('',(4.18,-3.43,-4.955));
#14142=CARTESIAN_POINT('',(4.18,-2.78,-4.955));
#14143=VECTOR('',#18297,0.65);
#14144=CARTESIAN_POINT('',(1.82,-3.43,-4.955));
#14145=CARTESIAN_POINT('',(4.18,-3.43,-4.955));
#14146=VECTOR('',#18298,2.36);
#14147=CARTESIAN_POINT('',(1.82,-2.78,-4.955));
#14148=VECTOR('',#18299,0.65);
#14149=CARTESIAN_POINT('',(1.82,3.175,-4.955));
#14150=CARTESIAN_POINT('',(4.18,3.175,-4.955));
#14151=CARTESIAN_POINT('',(1.82,3.175,-4.955));
#14152=VECTOR('',#18300,2.36);
#14153=CARTESIAN_POINT('',(4.18,1.6,-4.955));
#14154=CARTESIAN_POINT('',(4.18,1.6,-4.955));
#14155=VECTOR('',#18301,1.575);
#14156=CARTESIAN_POINT('',(1.82,1.6,-4.955));
#14157=CARTESIAN_POINT('',(4.18,1.6,-4.955));
#14158=VECTOR('',#18302,2.36);
#14159=CARTESIAN_POINT('',(1.82,1.6,-4.955));
#14160=VECTOR('',#18303,1.575);
#14161=CARTESIAN_POINT('',(-1.18,-2.78,-4.955));
#14162=CARTESIAN_POINT('',(1.18,-2.78,-4.955));
#14163=CARTESIAN_POINT('',(-1.18,-2.78,-4.955));
#14164=VECTOR('',#18304,2.36);
#14165=CARTESIAN_POINT('',(1.18,-3.43,-4.955));
#14166=CARTESIAN_POINT('',(1.18,-2.78,-4.955));
#14167=VECTOR('',#18305,0.65);
#14168=CARTESIAN_POINT('',(-1.18,-3.43,-4.955));
#14169=CARTESIAN_POINT('',(1.18,-3.43,-4.955));
#14170=VECTOR('',#18306,2.36);
#14171=CARTESIAN_POINT('',(-1.18,-2.78,-4.955));
#14172=VECTOR('',#18307,0.65);
#14173=CARTESIAN_POINT('',(-1.18,3.175,-4.955));
#14174=CARTESIAN_POINT('',(1.18,3.175,-4.955));
#14175=CARTESIAN_POINT('',(-1.18,3.175,-4.955));
#14176=VECTOR('',#18308,2.36);
#14177=CARTESIAN_POINT('',(1.18,1.6,-4.955));
#14178=CARTESIAN_POINT('',(1.18,1.6,-4.955));
#14179=VECTOR('',#18309,1.575);
#14180=CARTESIAN_POINT('',(-1.18,1.6,-4.955));
#14181=CARTESIAN_POINT('',(1.18,1.6,-4.955));
#14182=VECTOR('',#18310,2.36);
#14183=CARTESIAN_POINT('',(-1.18,1.6,-4.955));
#14184=VECTOR('',#18311,1.575);
#14185=CARTESIAN_POINT('',(-4.18,-2.78,-4.955));
#14186=CARTESIAN_POINT('',(-1.82,-2.78,-4.955));
#14187=CARTESIAN_POINT('',(-4.18,-2.78,-4.955));
#14188=VECTOR('',#18312,2.36);
#14189=CARTESIAN_POINT('',(-1.82,-3.43,-4.955));
#14190=CARTESIAN_POINT('',(-1.82,-2.78,-4.955));
#14191=VECTOR('',#18313,0.65);
#14192=CARTESIAN_POINT('',(-4.18,-3.43,-4.955));
#14193=CARTESIAN_POINT('',(-1.82,-3.43,-4.955));
#14194=VECTOR('',#18314,2.36);
#14195=CARTESIAN_POINT('',(-4.18,-3.43,-4.955));
#14196=VECTOR('',#18315,0.65);
#14197=CARTESIAN_POINT('',(-4.18,3.175,-4.955));
#14198=CARTESIAN_POINT('',(-1.82,3.175,-4.955));
#14199=CARTESIAN_POINT('',(-4.18,3.175,-4.955));
#14200=VECTOR('',#18316,2.36);
#14201=CARTESIAN_POINT('',(-1.82,1.6,-4.955));
#14202=CARTESIAN_POINT('',(-1.82,1.6,-4.955));
#14203=VECTOR('',#18317,1.575);
#14204=CARTESIAN_POINT('',(-4.18,1.6,-4.955));
#14205=CARTESIAN_POINT('',(-1.82,1.6,-4.955));
#14206=VECTOR('',#18318,2.36);
#14207=CARTESIAN_POINT('',(-4.18,1.6,-4.955));
#14208=VECTOR('',#18319,1.575);
#14209=CARTESIAN_POINT('',(-7.18,-2.78,-4.955));
#14210=CARTESIAN_POINT('',(-4.82,-2.78,-4.955));
#14211=CARTESIAN_POINT('',(-7.18,-2.78,-4.955));
#14212=VECTOR('',#18320,2.36);
#14213=CARTESIAN_POINT('',(-4.82,-3.43,-4.955));
#14214=CARTESIAN_POINT('',(-4.82,-3.43,-4.955));
#14215=VECTOR('',#18321,0.65);
#14216=CARTESIAN_POINT('',(-7.18,-3.43,-4.955));
#14217=CARTESIAN_POINT('',(-4.82,-3.43,-4.955));
#14218=VECTOR('',#18322,2.36);
#14219=CARTESIAN_POINT('',(-7.18,-3.43,-4.955));
#14220=VECTOR('',#18323,0.65);
#14221=CARTESIAN_POINT('',(-7.18,3.175,-4.955));
#14222=CARTESIAN_POINT('',(-4.82,3.175,-4.955));
#14223=CARTESIAN_POINT('',(-7.18,3.175,-4.955));
#14224=VECTOR('',#18324,2.36);
#14225=CARTESIAN_POINT('',(-4.82,1.6,-4.955));
#14226=CARTESIAN_POINT('',(-4.82,1.6,-4.955));
#14227=VECTOR('',#18325,1.575);
#14228=CARTESIAN_POINT('',(-7.18,1.6,-4.955));
#14229=CARTESIAN_POINT('',(-4.82,1.6,-4.955));
#14230=VECTOR('',#18326,2.36);
#14231=CARTESIAN_POINT('',(-7.18,1.6,-4.955));
#14232=VECTOR('',#18327,1.575);
#14233=CARTESIAN_POINT('',(-10.82,-3.43,-4.955));
#14234=CARTESIAN_POINT('',(-12.825,-3.43,-4.955));
#14235=CARTESIAN_POINT('',(-10.82,-3.43,-4.955));
#14236=VECTOR('',#18328,2.005);
#14237=CARTESIAN_POINT('',(-12.825,-3.94,-4.955));
#14238=CARTESIAN_POINT('',(-12.825,-3.94,-4.955));
#14239=VECTOR('',#18329,0.51);
#14240=CARTESIAN_POINT('',(-14.075,-3.94,-4.955));
#14241=CARTESIAN_POINT('',(-12.825,-3.94,-4.955));
#14242=VECTOR('',#18330,1.25);
#14243=CARTESIAN_POINT('',(-14.075,-2.78,-4.955));
#14244=CARTESIAN_POINT('',(-14.075,-2.78,-4.955));
#14245=VECTOR('',#18331,1.16);
#14246=CARTESIAN_POINT('',(-10.82,-2.78,-4.955));
#14247=CARTESIAN_POINT('',(-14.075,-2.78,-4.955));
#14248=VECTOR('',#18332,3.255);
#14249=CARTESIAN_POINT('',(-10.82,-3.43,-4.955));
#14250=VECTOR('',#18333,0.65);
#14251=CARTESIAN_POINT('',(-10.82,1.6,-4.955));
#14252=CARTESIAN_POINT('',(-14.075,1.6,-4.955));
#14253=CARTESIAN_POINT('',(-10.82,1.6,-4.955));
#14254=VECTOR('',#18334,3.255);
#14255=CARTESIAN_POINT('',(-14.075,3.43,-4.955));
#14256=VECTOR('',#18335,1.83);
#14257=CARTESIAN_POINT('',(-10.82,3.175,-4.955));
#14258=CARTESIAN_POINT('',(-12.325,3.175,-4.955));
#14259=VECTOR('',#18336,1.505);
#14260=CARTESIAN_POINT('',(-10.82,1.6,-4.955));
#14261=VECTOR('',#18337,1.575);
#14262=CARTESIAN_POINT('',(-10.18,-2.78,-4.955));
#14263=CARTESIAN_POINT('',(-7.82,-2.78,-4.955));
#14264=CARTESIAN_POINT('',(-10.18,-2.78,-4.955));
#14265=VECTOR('',#18338,2.36);
#14266=CARTESIAN_POINT('',(-7.82,-3.43,-4.955));
#14267=CARTESIAN_POINT('',(-7.82,-3.43,-4.955));
#14268=VECTOR('',#18339,0.65);
#14269=CARTESIAN_POINT('',(-10.18,-3.43,-4.955));
#14270=CARTESIAN_POINT('',(-7.82,-3.43,-4.955));
#14271=VECTOR('',#18340,2.36);
#14272=CARTESIAN_POINT('',(-10.18,-3.43,-4.955));
#14273=VECTOR('',#18341,0.65);
#14274=CARTESIAN_POINT('',(-10.18,3.175,-4.955));
#14275=CARTESIAN_POINT('',(-7.82,3.175,-4.955));
#14276=CARTESIAN_POINT('',(-10.18,3.175,-4.955));
#14277=VECTOR('',#18342,2.36);
#14278=CARTESIAN_POINT('',(-7.82,1.6,-4.955));
#14279=CARTESIAN_POINT('',(-7.82,1.6,-4.955));
#14280=VECTOR('',#18343,1.575);
#14281=CARTESIAN_POINT('',(-10.18,1.6,-4.955));
#14282=CARTESIAN_POINT('',(-7.82,1.6,-4.955));
#14283=VECTOR('',#18344,2.36);
#14284=CARTESIAN_POINT('',(-10.18,1.6,-4.955));
#14285=VECTOR('',#18345,1.575);
#14286=CARTESIAN_POINT('',(10.82,-3.43,-4.285));
#14287=CARTESIAN_POINT('',(10.82,-3.43,-4.955));
#14288=VECTOR('',#18346,0.67);
#14289=CARTESIAN_POINT('',(10.82,-2.78,-4.285));
#14290=CARTESIAN_POINT('',(10.82,-3.43,-4.285));
#14291=VECTOR('',#18347,0.65);
#14292=CARTESIAN_POINT('',(10.82,-2.78,-4.955));
#14293=VECTOR('',#18348,0.67);
#14294=CARTESIAN_POINT('',(10.82,3.175,-3.655));
#14295=CARTESIAN_POINT('',(10.82,3.175,-4.955));
#14296=VECTOR('',#18349,1.3);
#14297=CARTESIAN_POINT('',(10.82,1.6,-4.285));
#14298=CARTESIAN_POINT('',(10.82,1.6,-4.285));
#14299=VECTOR('',#18350,0.67);
#14300=CARTESIAN_POINT('',(10.82,1.589,-4.285));
#14301=CARTESIAN_POINT('',(10.82,1.589,-4.285));
#14302=VECTOR('',#18351,0.011);
#14303=CARTESIAN_POINT('',(10.82,1.589,-3.655));
#14304=CARTESIAN_POINT('',(10.82,1.589,-3.655));
#14305=VECTOR('',#18352,0.63);
#14306=CARTESIAN_POINT('',(10.82,3.175,-3.655));
#14307=VECTOR('',#18353,1.586);
#14308=CARTESIAN_POINT('',(10.82,0.949,-3.655));
#14309=CARTESIAN_POINT('',(10.82,0.949,-4.285));
#14310=CARTESIAN_POINT('',(10.82,0.949,-3.655));
#14311=VECTOR('',#18354,0.63);
#14312=CARTESIAN_POINT('',(10.82,0.32,-4.285));
#14313=CARTESIAN_POINT('',(10.82,0.32,-4.285));
#14314=VECTOR('',#18355,0.629);
#14315=CARTESIAN_POINT('',(10.82,0.32,-3.655));
#14316=CARTESIAN_POINT('',(10.82,0.32,-3.655));
#14317=VECTOR('',#18356,0.63);
#14318=CARTESIAN_POINT('',(10.82,0.949,-3.655));
#14319=VECTOR('',#18357,0.629);
#14320=CARTESIAN_POINT('',(10.82,-1.18,-3.655));
#14321=CARTESIAN_POINT('',(10.82,-1.18,-4.285));
#14322=CARTESIAN_POINT('',(10.82,-1.18,-3.655));
#14323=VECTOR('',#18358,0.63);
#14324=CARTESIAN_POINT('',(10.82,-0.32,-3.655));
#14325=CARTESIAN_POINT('',(10.82,-0.32,-3.655));
#14326=VECTOR('',#18359,0.86);
#14327=CARTESIAN_POINT('',(10.82,-0.32,-4.285));
#14328=CARTESIAN_POINT('',(10.82,-0.32,-3.655));
#14329=VECTOR('',#18360,0.63);
#14330=CARTESIAN_POINT('',(10.82,-1.18,-4.285));
#14331=VECTOR('',#18361,0.86);
#14332=CARTESIAN_POINT('',(14.075,-2.78,-4.285));
#14333=CARTESIAN_POINT('',(10.82,-2.78,-4.285));
#14334=VECTOR('',#18362,3.255);
#14335=CARTESIAN_POINT('',(14.075,-2.78,-4.955));
#14336=VECTOR('',#18363,0.67);
#14337=CARTESIAN_POINT('',(7.82,-2.78,-4.285));
#14338=CARTESIAN_POINT('',(10.18,-2.78,-4.285));
#14339=CARTESIAN_POINT('',(7.82,-2.78,-4.285));
#14340=VECTOR('',#18364,2.36);
#14341=CARTESIAN_POINT('',(10.18,-2.78,-4.955));
#14342=VECTOR('',#18365,0.67);
#14343=CARTESIAN_POINT('',(7.82,-2.78,-4.955));
#14344=VECTOR('',#18366,0.67);
#14345=CARTESIAN_POINT('',(4.82,-2.78,-4.285));
#14346=CARTESIAN_POINT('',(7.18,-2.78,-4.285));
#14347=CARTESIAN_POINT('',(4.82,-2.78,-4.285));
#14348=VECTOR('',#18367,2.36);
#14349=CARTESIAN_POINT('',(7.18,-2.78,-4.955));
#14350=VECTOR('',#18368,0.67);
#14351=CARTESIAN_POINT('',(4.82,-2.78,-4.955));
#14352=VECTOR('',#18369,0.67);
#14353=CARTESIAN_POINT('',(1.82,-2.78,-4.285));
#14354=CARTESIAN_POINT('',(4.18,-2.78,-4.285));
#14355=CARTESIAN_POINT('',(1.82,-2.78,-4.285));
#14356=VECTOR('',#18370,2.36);
#14357=CARTESIAN_POINT('',(4.18,-2.78,-4.955));
#14358=VECTOR('',#18371,0.67);
#14359=CARTESIAN_POINT('',(1.82,-2.78,-4.955));
#14360=VECTOR('',#18372,0.67);
#14361=CARTESIAN_POINT('',(-1.18,-2.78,-4.285));
#14362=CARTESIAN_POINT('',(1.18,-2.78,-4.285));
#14363=CARTESIAN_POINT('',(-1.18,-2.78,-4.285));
#14364=VECTOR('',#18373,2.36);
#14365=CARTESIAN_POINT('',(1.18,-2.78,-4.955));
#14366=VECTOR('',#18374,0.67);
#14367=CARTESIAN_POINT('',(-1.18,-2.78,-4.955));
#14368=VECTOR('',#18375,0.67);
#14369=CARTESIAN_POINT('',(-4.18,-2.78,-4.285));
#14370=CARTESIAN_POINT('',(-1.82,-2.78,-4.285));
#14371=CARTESIAN_POINT('',(-4.18,-2.78,-4.285));
#14372=VECTOR('',#18376,2.36);
#14373=CARTESIAN_POINT('',(-1.82,-2.78,-4.955));
#14374=VECTOR('',#18377,0.67);
#14375=CARTESIAN_POINT('',(-4.18,-2.78,-4.955));
#14376=VECTOR('',#18378,0.67);
#14377=CARTESIAN_POINT('',(-7.18,-2.78,-4.285));
#14378=CARTESIAN_POINT('',(-4.82,-2.78,-4.285));
#14379=CARTESIAN_POINT('',(-7.18,-2.78,-4.285));
#14380=VECTOR('',#18379,2.36);
#14381=CARTESIAN_POINT('',(-4.82,-2.78,-4.955));
#14382=VECTOR('',#18380,0.67);
#14383=CARTESIAN_POINT('',(-7.18,-2.78,-4.955));
#14384=VECTOR('',#18381,0.67);
#14385=CARTESIAN_POINT('',(-14.075,-2.78,-4.285));
#14386=CARTESIAN_POINT('',(-14.075,-2.78,-4.955));
#14387=VECTOR('',#18382,0.67);
#14388=CARTESIAN_POINT('',(-10.82,-2.78,-4.285));
#14389=CARTESIAN_POINT('',(-14.075,-2.78,-4.285));
#14390=VECTOR('',#18383,3.255);
#14391=CARTESIAN_POINT('',(-10.82,-2.78,-4.955));
#14392=VECTOR('',#18384,0.67);
#14393=CARTESIAN_POINT('',(-10.18,-2.78,-4.285));
#14394=CARTESIAN_POINT('',(-7.82,-2.78,-4.285));
#14395=CARTESIAN_POINT('',(-10.18,-2.78,-4.285));
#14396=VECTOR('',#18385,2.36);
#14397=CARTESIAN_POINT('',(-7.82,-2.78,-4.955));
#14398=VECTOR('',#18386,0.67);
#14399=CARTESIAN_POINT('',(-10.18,-2.78,-4.955));
#14400=VECTOR('',#18387,0.67);
#14401=CARTESIAN_POINT('',(14.075,-1.0,-3.685));
#14402=CARTESIAN_POINT('',(14.075,-1.0,-4.285));
#14403=CARTESIAN_POINT('',(14.075,-1.0,-3.685));
#14404=VECTOR('',#18388,0.6);
#14405=CARTESIAN_POINT('',(14.075,1.0,-3.685));
#14406=CARTESIAN_POINT('',(14.075,1.0,-3.685));
#14407=VECTOR('',#18389,2.0);
#14408=CARTESIAN_POINT('',(14.075,1.0,-4.285));
#14409=CARTESIAN_POINT('',(14.075,1.0,-4.285));
#14410=VECTOR('',#18390,0.6);
#14411=CARTESIAN_POINT('',(14.075,1.6,-4.285));
#14412=CARTESIAN_POINT('',(14.075,1.0,-4.285));
#14413=VECTOR('',#18391,0.6);
#14414=CARTESIAN_POINT('',(14.075,1.6,-4.955));
#14415=VECTOR('',#18392,0.67);
#14416=CARTESIAN_POINT('',(14.075,-3.94,-3.355));
#14417=CARTESIAN_POINT('',(14.075,3.43,-3.355));
#14418=VECTOR('',#18393,7.37);
#14419=CARTESIAN_POINT('',(14.075,-3.94,-3.355));
#14420=VECTOR('',#18394,1.6);
#14421=CARTESIAN_POINT('',(14.075,-2.78,-4.285));
#14422=VECTOR('',#18395,1.78);
#14423=CARTESIAN_POINT('',(-10.18,-6.12,-4.285));
#14424=CARTESIAN_POINT('',(-10.82,-6.12,-4.285));
#14425=CARTESIAN_POINT('',(-10.18,-6.12,-4.285));
#14426=VECTOR('',#18396,0.64);
#14427=CARTESIAN_POINT('',(-10.82,-3.43,-4.285));
#14428=CARTESIAN_POINT('',(-10.82,-6.12,-4.285));
#14429=VECTOR('',#18397,2.69);
#14430=CARTESIAN_POINT('',(-10.82,-3.43,-4.285));
#14431=VECTOR('',#18398,0.65);
#14432=CARTESIAN_POINT('',(-14.075,-1.0,-4.285));
#14433=CARTESIAN_POINT('',(-14.075,-2.78,-4.285));
#14434=VECTOR('',#18399,1.78);
#14435=CARTESIAN_POINT('',(-12.825,-1.0,-4.285));
#14436=CARTESIAN_POINT('',(-12.825,-1.0,-4.285));
#14437=VECTOR('',#18400,1.25);
#14438=CARTESIAN_POINT('',(-12.825,1.0,-4.285));
#14439=CARTESIAN_POINT('',(-12.825,-1.0,-4.285));
#14440=VECTOR('',#18401,2.0);
#14441=CARTESIAN_POINT('',(-14.075,1.0,-4.285));
#14442=CARTESIAN_POINT('',(-14.075,1.0,-4.285));
#14443=VECTOR('',#18402,1.25);
#14444=CARTESIAN_POINT('',(-14.075,1.6,-4.285));
#14445=CARTESIAN_POINT('',(-14.075,1.0,-4.285));
#14446=VECTOR('',#18403,0.6);
#14447=CARTESIAN_POINT('',(-10.82,1.6,-4.285));
#14448=CARTESIAN_POINT('',(-10.82,1.6,-4.285));
#14449=VECTOR('',#18404,3.255);
#14450=CARTESIAN_POINT('',(-10.82,1.589,-4.285));
#14451=CARTESIAN_POINT('',(-10.82,1.589,-4.285));
#14452=VECTOR('',#18405,0.011);
#14453=CARTESIAN_POINT('',(-10.82,0.949,-4.285));
#14454=CARTESIAN_POINT('',(-10.82,0.949,-4.285));
#14455=VECTOR('',#18406,0.64);
#14456=CARTESIAN_POINT('',(-10.82,0.32,-4.285));
#14457=CARTESIAN_POINT('',(-10.82,0.32,-4.285));
#14458=VECTOR('',#18407,0.629);
#14459=CARTESIAN_POINT('',(-10.82,-0.32,-4.285));
#14460=CARTESIAN_POINT('',(-10.82,-0.32,-4.285));
#14461=VECTOR('',#18408,0.64);
#14462=CARTESIAN_POINT('',(-10.82,-1.18,-4.285));
#14463=CARTESIAN_POINT('',(-10.82,-1.18,-4.285));
#14464=VECTOR('',#18409,0.86);
#14465=CARTESIAN_POINT('',(-10.18,-1.18,-4.285));
#14466=CARTESIAN_POINT('',(-10.18,-1.18,-4.285));
#14467=VECTOR('',#18410,0.64);
#14468=CARTESIAN_POINT('',(-10.18,-0.32,-4.285));
#14469=CARTESIAN_POINT('',(-10.18,-1.18,-4.285));
#14470=VECTOR('',#18411,0.86);
#14471=CARTESIAN_POINT('',(-10.18,0.32,-4.285));
#14472=CARTESIAN_POINT('',(-10.18,-0.32,-4.285));
#14473=VECTOR('',#18412,0.64);
#14474=CARTESIAN_POINT('',(-10.18,0.949,-4.285));
#14475=CARTESIAN_POINT('',(-10.18,0.32,-4.285));
#14476=VECTOR('',#18413,0.629);
#14477=CARTESIAN_POINT('',(-10.18,1.589,-4.285));
#14478=CARTESIAN_POINT('',(-10.18,0.949,-4.285));
#14479=VECTOR('',#18414,0.64);
#14480=CARTESIAN_POINT('',(-10.18,1.6,-4.285));
#14481=CARTESIAN_POINT('',(-10.18,1.589,-4.285));
#14482=VECTOR('',#18415,0.011);
#14483=CARTESIAN_POINT('',(-7.82,1.6,-4.285));
#14484=CARTESIAN_POINT('',(-7.82,1.6,-4.285));
#14485=VECTOR('',#18416,2.36);
#14486=CARTESIAN_POINT('',(-7.82,1.589,-4.285));
#14487=CARTESIAN_POINT('',(-7.82,1.589,-4.285));
#14488=VECTOR('',#18417,0.011);
#14489=CARTESIAN_POINT('',(-7.82,0.949,-4.285));
#14490=CARTESIAN_POINT('',(-7.82,0.949,-4.285));
#14491=VECTOR('',#18418,0.64);
#14492=CARTESIAN_POINT('',(-7.82,0.32,-4.285));
#14493=CARTESIAN_POINT('',(-7.82,0.32,-4.285));
#14494=VECTOR('',#18419,0.629);
#14495=CARTESIAN_POINT('',(-7.82,-0.32,-4.285));
#14496=CARTESIAN_POINT('',(-7.82,-0.32,-4.285));
#14497=VECTOR('',#18420,0.64);
#14498=CARTESIAN_POINT('',(-7.82,-1.18,-4.285));
#14499=CARTESIAN_POINT('',(-7.82,-1.18,-4.285));
#14500=VECTOR('',#18421,0.86);
#14501=CARTESIAN_POINT('',(-7.18,-1.18,-4.285));
#14502=CARTESIAN_POINT('',(-7.18,-1.18,-4.285));
#14503=VECTOR('',#18422,0.64);
#14504=CARTESIAN_POINT('',(-7.18,-0.32,-4.285));
#14505=CARTESIAN_POINT('',(-7.18,-1.18,-4.285));
#14506=VECTOR('',#18423,0.86);
#14507=CARTESIAN_POINT('',(-7.18,0.32,-4.285));
#14508=CARTESIAN_POINT('',(-7.18,-0.32,-4.285));
#14509=VECTOR('',#18424,0.64);
#14510=CARTESIAN_POINT('',(-7.18,0.949,-4.285));
#14511=CARTESIAN_POINT('',(-7.18,0.32,-4.285));
#14512=VECTOR('',#18425,0.629);
#14513=CARTESIAN_POINT('',(-7.18,1.589,-4.285));
#14514=CARTESIAN_POINT('',(-7.18,0.949,-4.285));
#14515=VECTOR('',#18426,0.64);
#14516=CARTESIAN_POINT('',(-7.18,1.6,-4.285));
#14517=CARTESIAN_POINT('',(-7.18,1.589,-4.285));
#14518=VECTOR('',#18427,0.011);
#14519=CARTESIAN_POINT('',(-4.82,1.6,-4.285));
#14520=CARTESIAN_POINT('',(-4.82,1.6,-4.285));
#14521=VECTOR('',#18428,2.36);
#14522=CARTESIAN_POINT('',(-4.82,1.589,-4.285));
#14523=CARTESIAN_POINT('',(-4.82,1.589,-4.285));
#14524=VECTOR('',#18429,0.011);
#14525=CARTESIAN_POINT('',(-4.82,0.949,-4.285));
#14526=CARTESIAN_POINT('',(-4.82,0.949,-4.285));
#14527=VECTOR('',#18430,0.64);
#14528=CARTESIAN_POINT('',(-4.82,0.32,-4.285));
#14529=CARTESIAN_POINT('',(-4.82,0.32,-4.285));
#14530=VECTOR('',#18431,0.629);
#14531=CARTESIAN_POINT('',(-4.82,-0.32,-4.285));
#14532=CARTESIAN_POINT('',(-4.82,-0.32,-4.285));
#14533=VECTOR('',#18432,0.64);
#14534=CARTESIAN_POINT('',(-4.82,-1.18,-4.285));
#14535=CARTESIAN_POINT('',(-4.82,-1.18,-4.285));
#14536=VECTOR('',#18433,0.86);
#14537=CARTESIAN_POINT('',(-4.18,-1.18,-4.285));
#14538=CARTESIAN_POINT('',(-4.18,-1.18,-4.285));
#14539=VECTOR('',#18434,0.64);
#14540=CARTESIAN_POINT('',(-4.18,-0.32,-4.285));
#14541=CARTESIAN_POINT('',(-4.18,-1.18,-4.285));
#14542=VECTOR('',#18435,0.86);
#14543=CARTESIAN_POINT('',(-4.18,0.32,-4.285));
#14544=CARTESIAN_POINT('',(-4.18,-0.32,-4.285));
#14545=VECTOR('',#18436,0.64);
#14546=CARTESIAN_POINT('',(-4.18,0.949,-4.285));
#14547=CARTESIAN_POINT('',(-4.18,0.32,-4.285));
#14548=VECTOR('',#18437,0.629);
#14549=CARTESIAN_POINT('',(-4.18,1.589,-4.285));
#14550=CARTESIAN_POINT('',(-4.18,0.949,-4.285));
#14551=VECTOR('',#18438,0.64);
#14552=CARTESIAN_POINT('',(-4.18,1.6,-4.285));
#14553=CARTESIAN_POINT('',(-4.18,1.589,-4.285));
#14554=VECTOR('',#18439,0.011);
#14555=CARTESIAN_POINT('',(-1.82,1.6,-4.285));
#14556=CARTESIAN_POINT('',(-1.82,1.6,-4.285));
#14557=VECTOR('',#18440,2.36);
#14558=CARTESIAN_POINT('',(-1.82,1.589,-4.285));
#14559=CARTESIAN_POINT('',(-1.82,1.589,-4.285));
#14560=VECTOR('',#18441,0.011);
#14561=CARTESIAN_POINT('',(-1.82,0.949,-4.285));
#14562=CARTESIAN_POINT('',(-1.82,0.949,-4.285));
#14563=VECTOR('',#18442,0.64);
#14564=CARTESIAN_POINT('',(-1.82,0.32,-4.285));
#14565=CARTESIAN_POINT('',(-1.82,0.32,-4.285));
#14566=VECTOR('',#18443,0.629);
#14567=CARTESIAN_POINT('',(-1.82,-0.32,-4.285));
#14568=CARTESIAN_POINT('',(-1.82,-0.32,-4.285));
#14569=VECTOR('',#18444,0.64);
#14570=CARTESIAN_POINT('',(-1.82,-1.18,-4.285));
#14571=CARTESIAN_POINT('',(-1.82,-1.18,-4.285));
#14572=VECTOR('',#18445,0.86);
#14573=CARTESIAN_POINT('',(-1.18,-1.18,-4.285));
#14574=CARTESIAN_POINT('',(-1.18,-1.18,-4.285));
#14575=VECTOR('',#18446,0.64);
#14576=CARTESIAN_POINT('',(-1.18,-0.32,-4.285));
#14577=CARTESIAN_POINT('',(-1.18,-1.18,-4.285));
#14578=VECTOR('',#18447,0.86);
#14579=CARTESIAN_POINT('',(-1.18,0.32,-4.285));
#14580=CARTESIAN_POINT('',(-1.18,-0.32,-4.285));
#14581=VECTOR('',#18448,0.64);
#14582=CARTESIAN_POINT('',(-1.18,0.949,-4.285));
#14583=CARTESIAN_POINT('',(-1.18,0.32,-4.285));
#14584=VECTOR('',#18449,0.629);
#14585=CARTESIAN_POINT('',(-1.18,1.589,-4.285));
#14586=CARTESIAN_POINT('',(-1.18,0.949,-4.285));
#14587=VECTOR('',#18450,0.64);
#14588=CARTESIAN_POINT('',(-1.18,1.6,-4.285));
#14589=CARTESIAN_POINT('',(-1.18,1.589,-4.285));
#14590=VECTOR('',#18451,0.011);
#14591=CARTESIAN_POINT('',(1.18,1.6,-4.285));
#14592=CARTESIAN_POINT('',(1.18,1.6,-4.285));
#14593=VECTOR('',#18452,2.36);
#14594=CARTESIAN_POINT('',(1.18,1.589,-4.285));
#14595=CARTESIAN_POINT('',(1.18,1.589,-4.285));
#14596=VECTOR('',#18453,0.011);
#14597=CARTESIAN_POINT('',(1.18,0.949,-4.285));
#14598=CARTESIAN_POINT('',(1.18,0.949,-4.285));
#14599=VECTOR('',#18454,0.64);
#14600=CARTESIAN_POINT('',(1.18,0.32,-4.285));
#14601=CARTESIAN_POINT('',(1.18,0.32,-4.285));
#14602=VECTOR('',#18455,0.629);
#14603=CARTESIAN_POINT('',(1.18,-0.32,-4.285));
#14604=CARTESIAN_POINT('',(1.18,-0.32,-4.285));
#14605=VECTOR('',#18456,0.64);
#14606=CARTESIAN_POINT('',(1.18,-1.18,-4.285));
#14607=CARTESIAN_POINT('',(1.18,-1.18,-4.285));
#14608=VECTOR('',#18457,0.86);
#14609=CARTESIAN_POINT('',(1.82,-1.18,-4.285));
#14610=CARTESIAN_POINT('',(1.82,-1.18,-4.285));
#14611=VECTOR('',#18458,0.64);
#14612=CARTESIAN_POINT('',(1.82,-0.32,-4.285));
#14613=CARTESIAN_POINT('',(1.82,-1.18,-4.285));
#14614=VECTOR('',#18459,0.86);
#14615=CARTESIAN_POINT('',(1.82,0.32,-4.285));
#14616=CARTESIAN_POINT('',(1.82,-0.32,-4.285));
#14617=VECTOR('',#18460,0.64);
#14618=CARTESIAN_POINT('',(1.82,0.949,-4.285));
#14619=CARTESIAN_POINT('',(1.82,0.32,-4.285));
#14620=VECTOR('',#18461,0.629);
#14621=CARTESIAN_POINT('',(1.82,1.589,-4.285));
#14622=CARTESIAN_POINT('',(1.82,0.949,-4.285));
#14623=VECTOR('',#18462,0.64);
#14624=CARTESIAN_POINT('',(1.82,1.6,-4.285));
#14625=CARTESIAN_POINT('',(1.82,1.589,-4.285));
#14626=VECTOR('',#18463,0.011);
#14627=CARTESIAN_POINT('',(4.18,1.6,-4.285));
#14628=CARTESIAN_POINT('',(4.18,1.6,-4.285));
#14629=VECTOR('',#18464,2.36);
#14630=CARTESIAN_POINT('',(4.18,1.589,-4.285));
#14631=CARTESIAN_POINT('',(4.18,1.589,-4.285));
#14632=VECTOR('',#18465,0.011);
#14633=CARTESIAN_POINT('',(4.18,0.949,-4.285));
#14634=CARTESIAN_POINT('',(4.18,0.949,-4.285));
#14635=VECTOR('',#18466,0.64);
#14636=CARTESIAN_POINT('',(4.18,0.32,-4.285));
#14637=CARTESIAN_POINT('',(4.18,0.32,-4.285));
#14638=VECTOR('',#18467,0.629);
#14639=CARTESIAN_POINT('',(4.18,-0.32,-4.285));
#14640=CARTESIAN_POINT('',(4.18,-0.32,-4.285));
#14641=VECTOR('',#18468,0.64);
#14642=CARTESIAN_POINT('',(4.18,-1.18,-4.285));
#14643=CARTESIAN_POINT('',(4.18,-1.18,-4.285));
#14644=VECTOR('',#18469,0.86);
#14645=CARTESIAN_POINT('',(4.82,-1.18,-4.285));
#14646=CARTESIAN_POINT('',(4.82,-1.18,-4.285));
#14647=VECTOR('',#18470,0.64);
#14648=CARTESIAN_POINT('',(4.82,-0.32,-4.285));
#14649=CARTESIAN_POINT('',(4.82,-1.18,-4.285));
#14650=VECTOR('',#18471,0.86);
#14651=CARTESIAN_POINT('',(4.82,0.32,-4.285));
#14652=CARTESIAN_POINT('',(4.82,-0.32,-4.285));
#14653=VECTOR('',#18472,0.64);
#14654=CARTESIAN_POINT('',(4.82,0.949,-4.285));
#14655=CARTESIAN_POINT('',(4.82,0.32,-4.285));
#14656=VECTOR('',#18473,0.629);
#14657=CARTESIAN_POINT('',(4.82,1.589,-4.285));
#14658=CARTESIAN_POINT('',(4.82,0.949,-4.285));
#14659=VECTOR('',#18474,0.64);
#14660=CARTESIAN_POINT('',(4.82,1.6,-4.285));
#14661=CARTESIAN_POINT('',(4.82,1.589,-4.285));
#14662=VECTOR('',#18475,0.011);
#14663=CARTESIAN_POINT('',(7.18,1.6,-4.285));
#14664=CARTESIAN_POINT('',(7.18,1.6,-4.285));
#14665=VECTOR('',#18476,2.36);
#14666=CARTESIAN_POINT('',(7.18,1.589,-4.285));
#14667=CARTESIAN_POINT('',(7.18,1.589,-4.285));
#14668=VECTOR('',#18477,0.011);
#14669=CARTESIAN_POINT('',(7.18,0.949,-4.285));
#14670=CARTESIAN_POINT('',(7.18,0.949,-4.285));
#14671=VECTOR('',#18478,0.64);
#14672=CARTESIAN_POINT('',(7.18,0.32,-4.285));
#14673=CARTESIAN_POINT('',(7.18,0.32,-4.285));
#14674=VECTOR('',#18479,0.629);
#14675=CARTESIAN_POINT('',(7.18,-0.32,-4.285));
#14676=CARTESIAN_POINT('',(7.18,-0.32,-4.285));
#14677=VECTOR('',#18480,0.64);
#14678=CARTESIAN_POINT('',(7.18,-1.18,-4.285));
#14679=CARTESIAN_POINT('',(7.18,-1.18,-4.285));
#14680=VECTOR('',#18481,0.86);
#14681=CARTESIAN_POINT('',(7.82,-1.18,-4.285));
#14682=CARTESIAN_POINT('',(7.82,-1.18,-4.285));
#14683=VECTOR('',#18482,0.64);
#14684=CARTESIAN_POINT('',(7.82,-0.32,-4.285));
#14685=CARTESIAN_POINT('',(7.82,-1.18,-4.285));
#14686=VECTOR('',#18483,0.86);
#14687=CARTESIAN_POINT('',(7.82,0.32,-4.285));
#14688=CARTESIAN_POINT('',(7.82,-0.32,-4.285));
#14689=VECTOR('',#18484,0.64);
#14690=CARTESIAN_POINT('',(7.82,0.949,-4.285));
#14691=CARTESIAN_POINT('',(7.82,0.32,-4.285));
#14692=VECTOR('',#18485,0.629);
#14693=CARTESIAN_POINT('',(7.82,1.589,-4.285));
#14694=CARTESIAN_POINT('',(7.82,0.949,-4.285));
#14695=VECTOR('',#18486,0.64);
#14696=CARTESIAN_POINT('',(7.82,1.6,-4.285));
#14697=CARTESIAN_POINT('',(7.82,1.589,-4.285));
#14698=VECTOR('',#18487,0.011);
#14699=CARTESIAN_POINT('',(10.18,1.6,-4.285));
#14700=CARTESIAN_POINT('',(10.18,1.6,-4.285));
#14701=VECTOR('',#18488,2.36);
#14702=CARTESIAN_POINT('',(10.18,1.589,-4.285));
#14703=CARTESIAN_POINT('',(10.18,1.589,-4.285));
#14704=VECTOR('',#18489,0.011);
#14705=CARTESIAN_POINT('',(10.18,0.949,-4.285));
#14706=CARTESIAN_POINT('',(10.18,0.949,-4.285));
#14707=VECTOR('',#18490,0.64);
#14708=CARTESIAN_POINT('',(10.18,0.32,-4.285));
#14709=CARTESIAN_POINT('',(10.18,0.32,-4.285));
#14710=VECTOR('',#18491,0.629);
#14711=CARTESIAN_POINT('',(10.18,-0.32,-4.285));
#14712=CARTESIAN_POINT('',(10.18,-0.32,-4.285));
#14713=VECTOR('',#18492,0.64);
#14714=CARTESIAN_POINT('',(10.18,-1.18,-4.285));
#14715=CARTESIAN_POINT('',(10.18,-1.18,-4.285));
#14716=VECTOR('',#18493,0.86);
#14717=CARTESIAN_POINT('',(10.82,-1.18,-4.285));
#14718=VECTOR('',#18494,0.64);
#14719=CARTESIAN_POINT('',(10.82,-0.32,-4.285));
#14720=VECTOR('',#18495,0.64);
#14721=CARTESIAN_POINT('',(10.82,0.949,-4.285));
#14722=VECTOR('',#18496,0.64);
#14723=CARTESIAN_POINT('',(14.075,1.6,-4.285));
#14724=VECTOR('',#18497,3.255);
#14725=CARTESIAN_POINT('',(12.825,1.0,-4.285));
#14726=CARTESIAN_POINT('',(12.825,1.0,-4.285));
#14727=VECTOR('',#18498,1.25);
#14728=CARTESIAN_POINT('',(12.825,-1.0,-4.285));
#14729=CARTESIAN_POINT('',(12.825,-1.0,-4.285));
#14730=VECTOR('',#18499,2.0);
#14731=CARTESIAN_POINT('',(14.075,-1.0,-4.285));
#14732=VECTOR('',#18500,1.25);
#14733=CARTESIAN_POINT('',(10.82,-6.12,-4.285));
#14734=CARTESIAN_POINT('',(10.82,-6.12,-4.285));
#14735=VECTOR('',#18501,2.69);
#14736=CARTESIAN_POINT('',(10.18,-6.12,-4.285));
#14737=CARTESIAN_POINT('',(10.82,-6.12,-4.285));
#14738=VECTOR('',#18502,0.64);
#14739=CARTESIAN_POINT('',(10.18,-3.43,-4.285));
#14740=CARTESIAN_POINT('',(10.18,-6.12,-4.285));
#14741=VECTOR('',#18503,2.69);
#14742=CARTESIAN_POINT('',(10.18,-3.43,-4.285));
#14743=VECTOR('',#18504,0.65);
#14744=CARTESIAN_POINT('',(7.82,-3.43,-4.285));
#14745=CARTESIAN_POINT('',(7.82,-3.43,-4.285));
#14746=VECTOR('',#18505,0.65);
#14747=CARTESIAN_POINT('',(7.82,-6.12,-4.285));
#14748=CARTESIAN_POINT('',(7.82,-6.12,-4.285));
#14749=VECTOR('',#18506,2.69);
#14750=CARTESIAN_POINT('',(7.18,-6.12,-4.285));
#14751=CARTESIAN_POINT('',(7.82,-6.12,-4.285));
#14752=VECTOR('',#18507,0.64);
#14753=CARTESIAN_POINT('',(7.18,-3.43,-4.285));
#14754=CARTESIAN_POINT('',(7.18,-6.12,-4.285));
#14755=VECTOR('',#18508,2.69);
#14756=CARTESIAN_POINT('',(7.18,-3.43,-4.285));
#14757=VECTOR('',#18509,0.65);
#14758=CARTESIAN_POINT('',(4.82,-3.43,-4.285));
#14759=CARTESIAN_POINT('',(4.82,-3.43,-4.285));
#14760=VECTOR('',#18510,0.65);
#14761=CARTESIAN_POINT('',(4.82,-6.12,-4.285));
#14762=CARTESIAN_POINT('',(4.82,-6.12,-4.285));
#14763=VECTOR('',#18511,2.69);
#14764=CARTESIAN_POINT('',(4.18,-6.12,-4.285));
#14765=CARTESIAN_POINT('',(4.82,-6.12,-4.285));
#14766=VECTOR('',#18512,0.64);
#14767=CARTESIAN_POINT('',(4.18,-3.43,-4.285));
#14768=CARTESIAN_POINT('',(4.18,-6.12,-4.285));
#14769=VECTOR('',#18513,2.69);
#14770=CARTESIAN_POINT('',(4.18,-3.43,-4.285));
#14771=VECTOR('',#18514,0.65);
#14772=CARTESIAN_POINT('',(1.82,-3.43,-4.285));
#14773=CARTESIAN_POINT('',(1.82,-3.43,-4.285));
#14774=VECTOR('',#18515,0.65);
#14775=CARTESIAN_POINT('',(1.82,-6.12,-4.285));
#14776=CARTESIAN_POINT('',(1.82,-6.12,-4.285));
#14777=VECTOR('',#18516,2.69);
#14778=CARTESIAN_POINT('',(1.18,-6.12,-4.285));
#14779=CARTESIAN_POINT('',(1.82,-6.12,-4.285));
#14780=VECTOR('',#18517,0.64);
#14781=CARTESIAN_POINT('',(1.18,-3.43,-4.285));
#14782=CARTESIAN_POINT('',(1.18,-6.12,-4.285));
#14783=VECTOR('',#18518,2.69);
#14784=CARTESIAN_POINT('',(1.18,-3.43,-4.285));
#14785=VECTOR('',#18519,0.65);
#14786=CARTESIAN_POINT('',(-1.18,-3.43,-4.285));
#14787=CARTESIAN_POINT('',(-1.18,-3.43,-4.285));
#14788=VECTOR('',#18520,0.65);
#14789=CARTESIAN_POINT('',(-1.18,-6.12,-4.285));
#14790=CARTESIAN_POINT('',(-1.18,-6.12,-4.285));
#14791=VECTOR('',#18521,2.69);
#14792=CARTESIAN_POINT('',(-1.82,-6.12,-4.285));
#14793=CARTESIAN_POINT('',(-1.18,-6.12,-4.285));
#14794=VECTOR('',#18522,0.64);
#14795=CARTESIAN_POINT('',(-1.82,-3.43,-4.285));
#14796=CARTESIAN_POINT('',(-1.82,-6.12,-4.285));
#14797=VECTOR('',#18523,2.69);
#14798=CARTESIAN_POINT('',(-1.82,-3.43,-4.285));
#14799=VECTOR('',#18524,0.65);
#14800=CARTESIAN_POINT('',(-4.18,-3.43,-4.285));
#14801=CARTESIAN_POINT('',(-4.18,-3.43,-4.285));
#14802=VECTOR('',#18525,0.65);
#14803=CARTESIAN_POINT('',(-4.18,-6.12,-4.285));
#14804=CARTESIAN_POINT('',(-4.18,-6.12,-4.285));
#14805=VECTOR('',#18526,2.69);
#14806=CARTESIAN_POINT('',(-4.82,-6.12,-4.285));
#14807=CARTESIAN_POINT('',(-4.18,-6.12,-4.285));
#14808=VECTOR('',#18527,0.64);
#14809=CARTESIAN_POINT('',(-4.82,-3.43,-4.285));
#14810=CARTESIAN_POINT('',(-4.82,-6.12,-4.285));
#14811=VECTOR('',#18528,2.69);
#14812=CARTESIAN_POINT('',(-4.82,-3.43,-4.285));
#14813=VECTOR('',#18529,0.65);
#14814=CARTESIAN_POINT('',(-7.18,-3.43,-4.285));
#14815=CARTESIAN_POINT('',(-7.18,-3.43,-4.285));
#14816=VECTOR('',#18530,0.65);
#14817=CARTESIAN_POINT('',(-7.18,-6.12,-4.285));
#14818=CARTESIAN_POINT('',(-7.18,-6.12,-4.285));
#14819=VECTOR('',#18531,2.69);
#14820=CARTESIAN_POINT('',(-7.82,-6.12,-4.285));
#14821=CARTESIAN_POINT('',(-7.18,-6.12,-4.285));
#14822=VECTOR('',#18532,0.64);
#14823=CARTESIAN_POINT('',(-7.82,-3.43,-4.285));
#14824=CARTESIAN_POINT('',(-7.82,-6.12,-4.285));
#14825=VECTOR('',#18533,2.69);
#14826=CARTESIAN_POINT('',(-7.82,-3.43,-4.285));
#14827=VECTOR('',#18534,0.65);
#14828=CARTESIAN_POINT('',(-10.18,-3.43,-4.285));
#14829=CARTESIAN_POINT('',(-10.18,-3.43,-4.285));
#14830=VECTOR('',#18535,0.65);
#14831=CARTESIAN_POINT('',(-10.18,-6.12,-4.285));
#14832=VECTOR('',#18536,2.69);
#14833=CARTESIAN_POINT('',(-10.18,-0.32,-4.955));
#14834=CARTESIAN_POINT('',(-10.18,-0.32,-4.285));
#14835=VECTOR('',#18537,0.67);
#14836=CARTESIAN_POINT('',(-10.18,0.32,-4.955));
#14837=CARTESIAN_POINT('',(-10.18,-0.32,-4.955));
#14838=VECTOR('',#18538,0.64);
#14839=CARTESIAN_POINT('',(-10.18,0.32,-4.955));
#14840=VECTOR('',#18539,0.67);
#14841=CARTESIAN_POINT('',(-10.18,1.18,1.555));
#14842=CARTESIAN_POINT('',(-10.18,1.18,-1.645));
#14843=CARTESIAN_POINT('',(-10.18,1.18,1.555));
#14844=VECTOR('',#18540,3.2);
#14845=CARTESIAN_POINT('',(-10.18,1.82,-1.645));
#14846=CARTESIAN_POINT('',(-10.18,1.18,-1.645));
#14847=VECTOR('',#18541,0.64);
#14848=CARTESIAN_POINT('',(-10.18,1.82,1.555));
#14849=CARTESIAN_POINT('',(-10.18,1.82,-1.645));
#14850=VECTOR('',#18542,3.2);
#14851=CARTESIAN_POINT('',(-10.18,1.82,1.555));
#14852=VECTOR('',#18543,0.64);
#14853=CARTESIAN_POINT('',(-10.18,-1.82,1.555));
#14854=CARTESIAN_POINT('',(-10.18,-1.82,-1.645));
#14855=CARTESIAN_POINT('',(-10.18,-1.82,1.555));
#14856=VECTOR('',#18544,3.2);
#14857=CARTESIAN_POINT('',(-10.18,-1.18,-1.645));
#14858=CARTESIAN_POINT('',(-10.18,-1.82,-1.645));
#14859=VECTOR('',#18545,0.64);
#14860=CARTESIAN_POINT('',(-10.18,-1.18,1.555));
#14861=CARTESIAN_POINT('',(-10.18,-1.18,-1.645));
#14862=VECTOR('',#18546,3.2);
#14863=CARTESIAN_POINT('',(-10.18,-1.18,1.555));
#14864=VECTOR('',#18547,0.64);
#14865=CARTESIAN_POINT('',(-10.18,-6.12,-7.285));
#14866=CARTESIAN_POINT('',(-10.18,1.589,-7.285));
#14867=CARTESIAN_POINT('',(-10.18,-6.12,-7.285));
#14868=VECTOR('',#18548,7.709);
#14869=CARTESIAN_POINT('',(-10.18,1.589,-7.285));
#14870=VECTOR('',#18549,3.0);
#14871=CARTESIAN_POINT('',(-10.18,0.949,-6.645));
#14872=CARTESIAN_POINT('',(-10.18,0.949,-4.285));
#14873=VECTOR('',#18550,2.36);
#14874=CARTESIAN_POINT('',(-10.18,-6.12,-6.645));
#14875=CARTESIAN_POINT('',(-10.18,0.949,-6.645));
#14876=VECTOR('',#18551,7.069);
#14877=CARTESIAN_POINT('',(-10.18,-6.12,-6.645));
#14878=VECTOR('',#18552,0.64);
#14879=CARTESIAN_POINT('',(-10.18,-3.43,-3.645));
#14880=CARTESIAN_POINT('',(-10.18,-3.43,-4.285));
#14881=VECTOR('',#18553,0.64);
#14882=CARTESIAN_POINT('',(-10.18,-6.12,-3.645));
#14883=CARTESIAN_POINT('',(-10.18,-3.43,-3.645));
#14884=VECTOR('',#18554,2.69);
#14885=CARTESIAN_POINT('',(-10.18,-6.12,-3.645));
#14886=VECTOR('',#18555,0.64);
#14887=CARTESIAN_POINT('',(-10.82,0.32,-3.655));
#14888=CARTESIAN_POINT('',(-10.18,0.32,-3.655));
#14889=CARTESIAN_POINT('',(-10.82,0.32,-3.655));
#14890=VECTOR('',#18556,0.64);
#14891=CARTESIAN_POINT('',(-10.18,0.32,-3.655));
#14892=VECTOR('',#18557,0.63);
#14893=CARTESIAN_POINT('',(-10.82,0.32,-4.955));
#14894=CARTESIAN_POINT('',(-10.18,0.32,-4.955));
#14895=VECTOR('',#18558,0.64);
#14896=CARTESIAN_POINT('',(-10.82,0.32,-4.955));
#14897=VECTOR('',#18559,0.67);
#14898=CARTESIAN_POINT('',(-10.82,0.32,-4.285));
#14899=VECTOR('',#18560,0.63);
#14900=CARTESIAN_POINT('',(-10.82,1.6,-4.285));
#14901=VECTOR('',#18561,0.67);
#14902=CARTESIAN_POINT('',(-10.82,3.175,-3.655));
#14903=CARTESIAN_POINT('',(-10.82,3.175,-4.955));
#14904=VECTOR('',#18562,1.3);
#14905=CARTESIAN_POINT('',(-10.82,1.589,-3.655));
#14906=CARTESIAN_POINT('',(-10.82,3.175,-3.655));
#14907=VECTOR('',#18563,1.586);
#14908=CARTESIAN_POINT('',(-10.82,1.589,-4.285));
#14909=VECTOR('',#18564,0.63);
#14910=CARTESIAN_POINT('',(-10.82,0.949,-3.655));
#14911=CARTESIAN_POINT('',(-10.82,0.949,-3.655));
#14912=VECTOR('',#18565,0.629);
#14913=CARTESIAN_POINT('',(-10.82,0.949,-4.285));
#14914=VECTOR('',#18566,0.63);
#14915=CARTESIAN_POINT('',(-10.82,-3.43,-4.955));
#14916=VECTOR('',#18567,0.67);
#14917=CARTESIAN_POINT('',(-10.82,-0.32,-3.655));
#14918=CARTESIAN_POINT('',(-10.82,-0.32,-4.285));
#14919=VECTOR('',#18568,0.63);
#14920=CARTESIAN_POINT('',(-10.82,-1.18,-3.655));
#14921=CARTESIAN_POINT('',(-10.82,-0.32,-3.655));
#14922=VECTOR('',#18569,0.86);
#14923=CARTESIAN_POINT('',(-10.82,-1.18,-3.655));
#14924=VECTOR('',#18570,0.63);
#14925=CARTESIAN_POINT('',(-10.18,1.589,-3.655));
#14926=CARTESIAN_POINT('',(-10.82,1.589,-3.655));
#14927=VECTOR('',#18571,0.64);
#14928=CARTESIAN_POINT('',(-10.18,1.589,-3.655));
#14929=VECTOR('',#18572,0.63);
#14930=CARTESIAN_POINT('',(-10.82,1.589,-7.285));
#14931=CARTESIAN_POINT('',(-10.18,1.589,-7.285));
#14932=VECTOR('',#18573,0.64);
#14933=CARTESIAN_POINT('',(-10.82,1.589,-7.285));
#14934=VECTOR('',#18574,3.0);
#14935=CARTESIAN_POINT('',(-10.82,-0.32,-4.955));
#14936=CARTESIAN_POINT('',(-10.82,-0.32,-4.955));
#14937=VECTOR('',#18575,0.64);
#14938=CARTESIAN_POINT('',(-10.82,-0.32,-4.285));
#14939=VECTOR('',#18576,0.67);
#14940=CARTESIAN_POINT('',(-10.82,1.82,-1.645));
#14941=CARTESIAN_POINT('',(-10.82,1.82,1.555));
#14942=CARTESIAN_POINT('',(-10.82,1.82,-1.645));
#14943=VECTOR('',#18577,3.2);
#14944=CARTESIAN_POINT('',(-10.82,1.18,-1.645));
#14945=CARTESIAN_POINT('',(-10.82,1.18,-1.645));
#14946=VECTOR('',#18578,0.64);
#14947=CARTESIAN_POINT('',(-10.82,1.18,1.555));
#14948=CARTESIAN_POINT('',(-10.82,1.18,1.555));
#14949=VECTOR('',#18579,3.2);
#14950=CARTESIAN_POINT('',(-10.82,1.18,1.555));
#14951=VECTOR('',#18580,0.64);
#14952=CARTESIAN_POINT('',(-10.82,-1.18,-1.645));
#14953=CARTESIAN_POINT('',(-10.82,-1.18,1.555));
#14954=CARTESIAN_POINT('',(-10.82,-1.18,-1.645));
#14955=VECTOR('',#18581,3.2);
#14956=CARTESIAN_POINT('',(-10.82,-1.82,-1.645));
#14957=CARTESIAN_POINT('',(-10.82,-1.82,-1.645));
#14958=VECTOR('',#18582,0.64);
#14959=CARTESIAN_POINT('',(-10.82,-1.82,1.555));
#14960=CARTESIAN_POINT('',(-10.82,-1.82,1.555));
#14961=VECTOR('',#18583,3.2);
#14962=CARTESIAN_POINT('',(-10.82,-1.82,1.555));
#14963=VECTOR('',#18584,0.64);
#14964=CARTESIAN_POINT('',(-10.82,0.949,-6.645));
#14965=CARTESIAN_POINT('',(-10.82,-6.12,-6.645));
#14966=CARTESIAN_POINT('',(-10.82,0.949,-6.645));
#14967=VECTOR('',#18585,7.069);
#14968=CARTESIAN_POINT('',(-10.82,0.949,-4.285));
#14969=VECTOR('',#18586,2.36);
#14970=CARTESIAN_POINT('',(-10.82,-6.12,-7.285));
#14971=CARTESIAN_POINT('',(-10.82,-6.12,-7.285));
#14972=VECTOR('',#18587,7.709);
#14973=CARTESIAN_POINT('',(-10.82,-6.12,-7.285));
#14974=VECTOR('',#18588,0.64);
#14975=CARTESIAN_POINT('',(-10.82,-3.43,-3.645));
#14976=CARTESIAN_POINT('',(-10.82,-6.12,-3.645));
#14977=CARTESIAN_POINT('',(-10.82,-3.43,-3.645));
#14978=VECTOR('',#18589,2.69);
#14979=CARTESIAN_POINT('',(-10.82,-3.43,-3.645));
#14980=VECTOR('',#18590,0.64);
#14981=CARTESIAN_POINT('',(-10.82,-6.12,-4.285));
#14982=VECTOR('',#18591,0.64);
#14983=CARTESIAN_POINT('',(-10.18,-0.32,-4.955));
#14984=VECTOR('',#18592,0.64);
#14985=CARTESIAN_POINT('',(-10.18,-0.32,-3.655));
#14986=CARTESIAN_POINT('',(-10.18,-0.32,-3.655));
#14987=VECTOR('',#18593,0.63);
#14988=CARTESIAN_POINT('',(-10.82,-0.32,-3.655));
#14989=VECTOR('',#18594,0.64);
#14990=CARTESIAN_POINT('',(-10.18,3.175,-3.655));
#14991=CARTESIAN_POINT('',(-10.82,3.175,-3.655));
#14992=VECTOR('',#18595,0.64);
#14993=CARTESIAN_POINT('',(-10.18,3.175,-3.655));
#14994=VECTOR('',#18596,1.586);
#14995=CARTESIAN_POINT('',(-10.18,0.949,-3.655));
#14996=CARTESIAN_POINT('',(-10.18,0.949,-3.655));
#14997=VECTOR('',#18597,0.629);
#14998=CARTESIAN_POINT('',(-10.82,0.949,-3.655));
#14999=VECTOR('',#18598,0.64);
#15000=CARTESIAN_POINT('',(-10.18,-1.18,-3.655));
#15001=CARTESIAN_POINT('',(-10.18,-0.32,-3.655));
#15002=VECTOR('',#18599,0.86);
#15003=CARTESIAN_POINT('',(-10.82,-1.18,-3.655));
#15004=VECTOR('',#18600,0.64);
#15005=CARTESIAN_POINT('',(-10.18,3.175,-4.955));
#15006=VECTOR('',#18601,1.3);
#15007=CARTESIAN_POINT('',(-10.18,1.6,-4.285));
#15008=VECTOR('',#18602,0.67);
#15009=CARTESIAN_POINT('',(-10.18,0.949,-3.655));
#15010=VECTOR('',#18603,0.63);
#15011=CARTESIAN_POINT('',(-10.18,-3.43,-4.955));
#15012=VECTOR('',#18604,0.67);
#15013=CARTESIAN_POINT('',(-10.18,-1.18,-3.655));
#15014=VECTOR('',#18605,0.63);
#15015=CARTESIAN_POINT('',(10.18,1.6,-4.285));
#15016=VECTOR('',#18606,0.67);
#15017=CARTESIAN_POINT('',(7.82,1.6,-4.285));
#15018=VECTOR('',#18607,0.67);
#15019=CARTESIAN_POINT('',(7.18,1.6,-4.285));
#15020=VECTOR('',#18608,0.67);
#15021=CARTESIAN_POINT('',(4.82,1.6,-4.285));
#15022=VECTOR('',#18609,0.67);
#15023=CARTESIAN_POINT('',(4.18,1.6,-4.285));
#15024=VECTOR('',#18610,0.67);
#15025=CARTESIAN_POINT('',(1.82,1.6,-4.285));
#15026=VECTOR('',#18611,0.67);
#15027=CARTESIAN_POINT('',(1.18,1.6,-4.285));
#15028=VECTOR('',#18612,0.67);
#15029=CARTESIAN_POINT('',(-1.18,1.6,-4.285));
#15030=VECTOR('',#18613,0.67);
#15031=CARTESIAN_POINT('',(-1.82,1.6,-4.285));
#15032=VECTOR('',#18614,0.67);
#15033=CARTESIAN_POINT('',(-4.18,1.6,-4.285));
#15034=VECTOR('',#18615,0.67);
#15035=CARTESIAN_POINT('',(-4.82,1.6,-4.285));
#15036=VECTOR('',#18616,0.67);
#15037=CARTESIAN_POINT('',(-7.18,1.6,-4.285));
#15038=VECTOR('',#18617,0.67);
#15039=CARTESIAN_POINT('',(-14.075,1.6,-4.955));
#15040=VECTOR('',#18618,0.67);
#15041=CARTESIAN_POINT('',(-7.82,1.6,-4.285));
#15042=VECTOR('',#18619,0.67);
#15043=CARTESIAN_POINT('',(7.82,-3.43,-4.955));
#15044=VECTOR('',#18620,0.67);
#15045=CARTESIAN_POINT('',(7.82,-1.18,-3.655));
#15046=CARTESIAN_POINT('',(7.82,-1.18,-3.655));
#15047=VECTOR('',#18621,0.63);
#15048=CARTESIAN_POINT('',(7.82,-0.32,-3.655));
#15049=CARTESIAN_POINT('',(7.82,-0.32,-3.655));
#15050=VECTOR('',#18622,0.86);
#15051=CARTESIAN_POINT('',(7.82,-0.32,-3.655));
#15052=VECTOR('',#18623,0.63);
#15053=CARTESIAN_POINT('',(7.82,3.175,-3.655));
#15054=CARTESIAN_POINT('',(7.82,3.175,-4.955));
#15055=VECTOR('',#18624,1.3);
#15056=CARTESIAN_POINT('',(7.82,1.589,-3.655));
#15057=CARTESIAN_POINT('',(7.82,1.589,-3.655));
#15058=VECTOR('',#18625,0.63);
#15059=CARTESIAN_POINT('',(7.82,3.175,-3.655));
#15060=VECTOR('',#18626,1.586);
#15061=CARTESIAN_POINT('',(7.82,0.949,-3.655));
#15062=CARTESIAN_POINT('',(7.82,0.949,-3.655));
#15063=VECTOR('',#18627,0.63);
#15064=CARTESIAN_POINT('',(7.82,0.32,-3.655));
#15065=CARTESIAN_POINT('',(7.82,0.32,-3.655));
#15066=VECTOR('',#18628,0.63);
#15067=CARTESIAN_POINT('',(7.82,0.949,-3.655));
#15068=VECTOR('',#18629,0.629);
#15069=CARTESIAN_POINT('',(-7.18,-3.43,-4.955));
#15070=VECTOR('',#18630,0.67);
#15071=CARTESIAN_POINT('',(-4.82,-3.43,-4.955));
#15072=VECTOR('',#18631,0.67);
#15073=CARTESIAN_POINT('',(-4.82,-3.43,-3.655));
#15074=CARTESIAN_POINT('',(-4.82,-3.43,-3.655));
#15075=VECTOR('',#18632,0.63);
#15076=CARTESIAN_POINT('',(-4.18,-3.43,-3.655));
#15077=CARTESIAN_POINT('',(-4.82,-3.43,-3.655));
#15078=VECTOR('',#18633,0.64);
#15079=CARTESIAN_POINT('',(-4.18,-3.43,-4.285));
#15080=VECTOR('',#18634,0.63);
#15081=CARTESIAN_POINT('',(-4.18,-3.43,-4.955));
#15082=VECTOR('',#18635,0.67);
#15083=CARTESIAN_POINT('',(-1.82,-3.43,-4.955));
#15084=VECTOR('',#18636,0.67);
#15085=CARTESIAN_POINT('',(-1.82,-3.43,-3.655));
#15086=CARTESIAN_POINT('',(-1.82,-3.43,-4.285));
#15087=VECTOR('',#18637,0.63);
#15088=CARTESIAN_POINT('',(-1.18,-3.43,-3.655));
#15089=CARTESIAN_POINT('',(-1.82,-3.43,-3.655));
#15090=VECTOR('',#18638,0.64);
#15091=CARTESIAN_POINT('',(-1.18,-3.43,-4.285));
#15092=VECTOR('',#18639,0.63);
#15093=CARTESIAN_POINT('',(-1.18,-3.43,-4.955));
#15094=VECTOR('',#18640,0.67);
#15095=CARTESIAN_POINT('',(1.18,-3.43,-4.955));
#15096=VECTOR('',#18641,0.67);
#15097=CARTESIAN_POINT('',(1.18,-3.43,-3.655));
#15098=CARTESIAN_POINT('',(1.18,-3.43,-4.285));
#15099=VECTOR('',#18642,0.63);
#15100=CARTESIAN_POINT('',(1.82,-3.43,-3.655));
#15101=CARTESIAN_POINT('',(1.18,-3.43,-3.655));
#15102=VECTOR('',#18643,0.64);
#15103=CARTESIAN_POINT('',(1.82,-3.43,-4.285));
#15104=VECTOR('',#18644,0.63);
#15105=CARTESIAN_POINT('',(1.82,-3.43,-4.955));
#15106=VECTOR('',#18645,0.67);
#15107=CARTESIAN_POINT('',(4.18,-3.43,-4.955));
#15108=VECTOR('',#18646,0.67);
#15109=CARTESIAN_POINT('',(4.18,-3.43,-3.655));
#15110=CARTESIAN_POINT('',(4.18,-3.43,-4.285));
#15111=VECTOR('',#18647,0.63);
#15112=CARTESIAN_POINT('',(4.82,-3.43,-3.655));
#15113=CARTESIAN_POINT('',(4.18,-3.43,-3.655));
#15114=VECTOR('',#18648,0.64);
#15115=CARTESIAN_POINT('',(4.82,-3.43,-4.285));
#15116=VECTOR('',#18649,0.63);
#15117=CARTESIAN_POINT('',(4.82,-3.43,-4.955));
#15118=VECTOR('',#18650,0.67);
#15119=CARTESIAN_POINT('',(7.18,-3.43,-4.955));
#15120=VECTOR('',#18651,0.67);
#15121=CARTESIAN_POINT('',(7.18,-3.43,-3.655));
#15122=CARTESIAN_POINT('',(7.18,-3.43,-4.285));
#15123=VECTOR('',#18652,0.63);
#15124=CARTESIAN_POINT('',(7.82,-3.43,-3.655));
#15125=CARTESIAN_POINT('',(7.18,-3.43,-3.655));
#15126=VECTOR('',#18653,0.64);
#15127=CARTESIAN_POINT('',(7.82,-3.43,-4.285));
#15128=VECTOR('',#18654,0.63);
#15129=CARTESIAN_POINT('',(10.18,-3.43,-4.955));
#15130=VECTOR('',#18655,0.67);
#15131=CARTESIAN_POINT('',(10.18,-3.43,-3.645));
#15132=CARTESIAN_POINT('',(10.18,-3.43,-4.285));
#15133=VECTOR('',#18656,0.64);
#15134=CARTESIAN_POINT('',(10.82,-3.43,-3.645));
#15135=CARTESIAN_POINT('',(10.82,-3.43,-3.645));
#15136=VECTOR('',#18657,0.64);
#15137=CARTESIAN_POINT('',(10.82,-3.43,-4.285));
#15138=VECTOR('',#18658,0.64);
#15139=CARTESIAN_POINT('',(12.805,-3.43,-3.355));
#15140=CARTESIAN_POINT('',(12.805,-3.43,-3.355));
#15141=VECTOR('',#18659,1.6);
#15142=CARTESIAN_POINT('',(12.805,-3.43,4.520588664446));
#15143=VECTOR('',#18660,7.875588664446);
#15144=CARTESIAN_POINT('',(-12.44048560856,-3.43,4.955));
#15145=VECTOR('',#18661,24.88097121711);
#15146=CARTESIAN_POINT('',(-12.805,-3.43,-3.355));
#15147=CARTESIAN_POINT('',(-12.805,-3.43,4.520588664446));
#15148=VECTOR('',#18662,7.875588664446);
#15149=CARTESIAN_POINT('',(-12.825,-3.43,-3.355));
#15150=CARTESIAN_POINT('',(-12.805,-3.43,-3.355));
#15151=VECTOR('',#18663,0.02);
#15152=CARTESIAN_POINT('',(-12.825,-3.43,-3.355));
#15153=VECTOR('',#18664,1.6);
#15154=CARTESIAN_POINT('',(-10.82,-3.43,-3.645));
#15155=VECTOR('',#18665,0.64);
#15156=CARTESIAN_POINT('',(-7.82,-3.43,-4.955));
#15157=VECTOR('',#18666,0.67);
#15158=CARTESIAN_POINT('',(-7.82,-3.43,-3.655));
#15159=CARTESIAN_POINT('',(-7.82,-3.43,-3.655));
#15160=VECTOR('',#18667,0.63);
#15161=CARTESIAN_POINT('',(-7.18,-3.43,-3.655));
#15162=CARTESIAN_POINT('',(-7.82,-3.43,-3.655));
#15163=VECTOR('',#18668,0.64);
#15164=CARTESIAN_POINT('',(-7.18,-3.43,-4.285));
#15165=VECTOR('',#18669,0.63);
#15166=CARTESIAN_POINT('',(-8.85,-3.43,-3.655));
#15167=CARTESIAN_POINT('',(-9.85,-3.43,-3.655));
#15168=CARTESIAN_POINT('',(-8.85,-3.43,-3.655));
#15169=VECTOR('',#18670,1.0);
#15170=CARTESIAN_POINT('',(-9.85,-3.43,3.545));
#15171=CARTESIAN_POINT('',(-9.85,-3.43,3.545));
#15172=VECTOR('',#18671,7.2);
#15173=CARTESIAN_POINT('',(-8.85,-3.43,3.545));
#15174=CARTESIAN_POINT('',(-9.85,-3.43,3.545));
#15175=VECTOR('',#18672,1.0);
#15176=CARTESIAN_POINT('',(-8.85,-3.43,3.545));
#15177=VECTOR('',#18673,7.2);
#15178=CARTESIAN_POINT('',(9.85,-3.43,3.545));
#15179=CARTESIAN_POINT('',(8.85,-3.43,3.545));
#15180=CARTESIAN_POINT('',(9.85,-3.43,3.545));
#15181=VECTOR('',#18674,1.0);
#15182=CARTESIAN_POINT('',(9.85,-3.43,-3.655));
#15183=CARTESIAN_POINT('',(9.85,-3.43,-3.655));
#15184=VECTOR('',#18675,7.2);
#15185=CARTESIAN_POINT('',(8.85,-3.43,-3.655));
#15186=CARTESIAN_POINT('',(8.85,-3.43,-3.655));
#15187=VECTOR('',#18676,1.0);
#15188=CARTESIAN_POINT('',(8.85,-3.43,-3.655));
#15189=VECTOR('',#18677,7.2);
#15190=CARTESIAN_POINT('',(8.85,-5.69,1.355));
#15191=CARTESIAN_POINT('',(8.85,-3.94,1.355));
#15192=CARTESIAN_POINT('',(8.85,-5.69,1.355));
#15193=VECTOR('',#18678,1.75);
#15194=CARTESIAN_POINT('',(8.85,-3.94,3.545));
#15195=CARTESIAN_POINT('',(8.85,-3.94,3.545));
#15196=VECTOR('',#18679,2.19);
#15197=CARTESIAN_POINT('',(8.85,-3.43,3.545));
#15198=VECTOR('',#18680,0.51);
#15199=CARTESIAN_POINT('',(8.85,-3.94,-3.655));
#15200=CARTESIAN_POINT('',(8.85,-3.43,-3.655));
#15201=VECTOR('',#18681,0.51);
#15202=CARTESIAN_POINT('',(8.85,-3.94,-0.645));
#15203=CARTESIAN_POINT('',(8.85,-3.94,-0.645));
#15204=VECTOR('',#18682,3.01);
#15205=CARTESIAN_POINT('',(8.85,-5.69,-0.645));
#15206=CARTESIAN_POINT('',(8.85,-5.69,-0.645));
#15207=VECTOR('',#18683,1.75);
#15208=CARTESIAN_POINT('',(8.85,-6.559615242271,-0.645));
#15209=CARTESIAN_POINT('',(8.85,-6.559615242271,-0.645));
#15210=VECTOR('',#18684,0.8696152422707);
#15211=CARTESIAN_POINT('',(8.85,-6.995,-0.3936304929239));
#15212=CARTESIAN_POINT('',(8.85,-6.995,-0.3936304929239));
#15213=VECTOR('',#18685,0.5027390141522);
#15214=CARTESIAN_POINT('',(8.85,-7.12,-0.1771241419778));
#15215=AXIS2_PLACEMENT_3D('',#18686,#18687,#18688);
#15216=CARTESIAN_POINT('',(8.85,-7.12,0.8871241419778));
#15217=CARTESIAN_POINT('',(8.85,-7.12,0.8871241419778));
#15218=VECTOR('',#18689,1.064248283956);
#15219=CARTESIAN_POINT('',(8.85,-6.995,1.103630492924));
#15220=AXIS2_PLACEMENT_3D('',#18690,#18691,#18692);
#15221=CARTESIAN_POINT('',(8.85,-6.559615242271,1.355));
#15222=CARTESIAN_POINT('',(8.85,-6.995,1.103630492924));
#15223=VECTOR('',#18693,0.5027390141522);
#15224=CARTESIAN_POINT('',(8.85,-6.559615242271,1.355));
#15225=VECTOR('',#18694,0.8696152422707);
#15226=CARTESIAN_POINT('',(9.680662386292,-6.04,1.355));
#15227=CARTESIAN_POINT('',(9.680662386292,-6.04,1.355));
#15228=CARTESIAN_POINT('',(9.636240500424,-6.089163049363,1.355));
#15229=CARTESIAN_POINT('',(9.550166189124,-6.179730356058,1.355));
#15230=CARTESIAN_POINT('',(9.429951853107,-6.291935371784,1.355));
#15231=CARTESIAN_POINT('',(9.317532995004,-6.38220387846,1.355));
#15232=CARTESIAN_POINT('',(9.212616750959,-6.451708494411,1.355));
#15233=CARTESIAN_POINT('',(9.115324823682,-6.501992766078,1.355));
#15234=CARTESIAN_POINT('',(9.023981736584,-6.535790624873,1.355));
#15235=CARTESIAN_POINT('',(8.93624671832,-6.555350086069,1.355));
#15236=CARTESIAN_POINT('',(8.878529493947,-6.559615242271,1.355));
#15237=CARTESIAN_POINT('',(8.85,-6.559615242271,1.355));
#15238=CARTESIAN_POINT('',(9.680662386292,-5.69,1.355));
#15239=CARTESIAN_POINT('',(9.680662386292,-5.69,1.355));
#15240=VECTOR('',#18695,0.35);
#15241=CARTESIAN_POINT('',(9.680662386292,-5.69,1.355));
#15242=VECTOR('',#18696,0.8306623862918);
#15243=CARTESIAN_POINT('',(-9.680662386292,-5.69,1.355));
#15244=CARTESIAN_POINT('',(-8.85,-5.69,1.355));
#15245=CARTESIAN_POINT('',(-9.680662386292,-5.69,1.355));
#15246=VECTOR('',#18697,0.8306623862918);
#15247=CARTESIAN_POINT('',(-9.680662386292,-6.04,1.355));
#15248=CARTESIAN_POINT('',(-9.680662386292,-6.04,1.355));
#15249=VECTOR('',#18698,0.35);
#15250=CARTESIAN_POINT('',(-8.85,-6.559615242271,1.355));
#15251=CARTESIAN_POINT('',(-9.680662386292,-6.04,1.355));
#15252=CARTESIAN_POINT('',(-9.636240500424,-6.089163049363,1.355));
#15253=CARTESIAN_POINT('',(-9.550166189124,-6.179730356058,1.355));
#15254=CARTESIAN_POINT('',(-9.429951853107,-6.291935371784,1.355));
#15255=CARTESIAN_POINT('',(-9.317532995004,-6.38220387846,1.355));
#15256=CARTESIAN_POINT('',(-9.212616750959,-6.451708494411,1.355));
#15257=CARTESIAN_POINT('',(-9.115324823682,-6.501992766078,1.355));
#15258=CARTESIAN_POINT('',(-9.023981736584,-6.535790624873,1.355));
#15259=CARTESIAN_POINT('',(-8.93624671832,-6.555350086069,1.355));
#15260=CARTESIAN_POINT('',(-8.878529493947,-6.559615242271,1.355));
#15261=CARTESIAN_POINT('',(-8.85,-6.559615242271,1.355));
#15262=CARTESIAN_POINT('',(-8.85,-6.559615242271,1.355));
#15263=VECTOR('',#18699,0.8696152422707);
#15264=CARTESIAN_POINT('',(9.680662386292,-5.69,-0.645));
#15265=AXIS2_PLACEMENT_3D('',#18700,#18701,#18702);
#15266=CARTESIAN_POINT('',(9.680662386292,-5.69,-0.645));
#15267=VECTOR('',#18703,0.8306623862918);
#15268=AXIS2_PLACEMENT_3D('',#18704,#18705,#18706);
#15269=CARTESIAN_POINT('',(9.85,-3.94,0.355));
#15270=AXIS2_PLACEMENT_3D('',#18707,#18708,#18709);
#15271=AXIS2_PLACEMENT_3D('',#18710,#18711,#18712);
#15272=CARTESIAN_POINT('',(9.85,-3.94,-3.655));
#15273=CARTESIAN_POINT('',(8.85,-3.94,-3.655));
#15274=VECTOR('',#18713,1.0);
#15275=CARTESIAN_POINT('',(9.85,-3.94,-3.655));
#15276=VECTOR('',#18714,4.01);
#15277=CARTESIAN_POINT('',(9.85,-3.94,3.545));
#15278=CARTESIAN_POINT('',(9.85,-3.94,0.355));
#15279=VECTOR('',#18715,3.19);
#15280=CARTESIAN_POINT('',(9.85,-3.94,3.545));
#15281=VECTOR('',#18716,1.0);
#15282=CARTESIAN_POINT('',(9.85,-3.43,-3.655));
#15283=VECTOR('',#18717,0.51);
#15284=CARTESIAN_POINT('',(9.85,-3.43,3.545));
#15285=VECTOR('',#18718,0.51);
#15286=CARTESIAN_POINT('',(9.680662386292,-6.04,-0.645));
#15287=CARTESIAN_POINT('',(9.680662386292,-5.69,-0.645));
#15288=VECTOR('',#18719,0.35);
#15289=CARTESIAN_POINT('',(8.85,-6.559615242271,-0.645));
#15290=CARTESIAN_POINT('',(8.878617225256,-6.559615242271,-0.645));
#15291=CARTESIAN_POINT('',(8.936482450536,-6.555324110075,-0.645));
#15292=CARTESIAN_POINT('',(9.024374253141,-6.535680035069,-0.645));
#15293=CARTESIAN_POINT('',(9.115757112713,-6.501793725901,-0.645));
#15294=CARTESIAN_POINT('',(9.212773711953,-6.451598896756,-0.645));
#15295=CARTESIAN_POINT('',(9.317411425254,-6.382285314026,-0.645));
#15296=CARTESIAN_POINT('',(9.429760956454,-6.292101651683,-0.645));
#15297=CARTESIAN_POINT('',(9.550004599029,-6.179894789658,-0.645));
#15298=CARTESIAN_POINT('',(9.636176753649,-6.089233599853,-0.645));
#15299=CARTESIAN_POINT('',(9.680662386292,-6.04,-0.645));
#15300=CARTESIAN_POINT('',(-8.85,-6.559615242271,-0.645));
#15301=CARTESIAN_POINT('',(-9.680662386292,-6.04,-0.645));
#15302=CARTESIAN_POINT('',(-8.85,-6.559615242271,-0.645));
#15303=CARTESIAN_POINT('',(-8.878617225256,-6.559615242271,-0.645));
#15304=CARTESIAN_POINT('',(-8.936482450536,-6.555324110075,-0.645));
#15305=CARTESIAN_POINT('',(-9.024374253141,-6.535680035069,-0.645));
#15306=CARTESIAN_POINT('',(-9.115757112713,-6.501793725901,-0.645));
#15307=CARTESIAN_POINT('',(-9.212773711953,-6.451598896756,-0.645));
#15308=CARTESIAN_POINT('',(-9.317411425254,-6.382285314026,-0.645));
#15309=CARTESIAN_POINT('',(-9.429760956454,-6.292101651683,-0.645));
#15310=CARTESIAN_POINT('',(-9.550004599029,-6.179894789658,-0.645));
#15311=CARTESIAN_POINT('',(-9.636176753649,-6.089233599853,-0.645));
#15312=CARTESIAN_POINT('',(-9.680662386292,-6.04,-0.645));
#15313=CARTESIAN_POINT('',(-9.680662386292,-5.69,-0.645));
#15314=CARTESIAN_POINT('',(-9.680662386292,-6.04,-0.645));
#15315=VECTOR('',#18720,0.35);
#15316=CARTESIAN_POINT('',(-8.85,-5.69,-0.645));
#15317=CARTESIAN_POINT('',(-9.680662386292,-5.69,-0.645));
#15318=VECTOR('',#18721,0.8306623862918);
#15319=CARTESIAN_POINT('',(-8.85,-6.559615242271,-0.645));
#15320=VECTOR('',#18722,0.8696152422707);
#15321=AXIS2_PLACEMENT_3D('',#18723,#18724,#18725);
#15322=AXIS2_PLACEMENT_3D('',#18726,#18727,#18728);
#15323=AXIS2_PLACEMENT_3D('',#18729,#18730,#18731);
#15324=CARTESIAN_POINT('',(-8.85,-6.995,1.103630492924));
#15325=CARTESIAN_POINT('',(-8.85,-6.995,1.103630492924));
#15326=VECTOR('',#18732,0.5027390141522);
#15327=CARTESIAN_POINT('',(-8.85,-7.12,0.8871241419778));
#15328=AXIS2_PLACEMENT_3D('',#18733,#18734,#18735);
#15329=CARTESIAN_POINT('',(-8.85,-7.12,-0.1771241419778));
#15330=CARTESIAN_POINT('',(-8.85,-7.12,0.8871241419778));
#15331=VECTOR('',#18736,1.064248283956);
#15332=CARTESIAN_POINT('',(-8.85,-6.995,-0.3936304929239));
#15333=AXIS2_PLACEMENT_3D('',#18737,#18738,#18739);
#15334=CARTESIAN_POINT('',(-8.85,-6.995,-0.3936304929239));
#15335=VECTOR('',#18740,0.5027390141522);
#15336=CARTESIAN_POINT('',(-8.85,-3.94,-0.645));
#15337=CARTESIAN_POINT('',(-8.85,-5.69,-0.645));
#15338=VECTOR('',#18741,1.75);
#15339=CARTESIAN_POINT('',(-8.85,-3.94,-3.655));
#15340=CARTESIAN_POINT('',(-8.85,-3.94,-0.645));
#15341=VECTOR('',#18742,3.01);
#15342=CARTESIAN_POINT('',(-8.85,-3.43,-3.655));
#15343=VECTOR('',#18743,0.51);
#15344=CARTESIAN_POINT('',(-8.85,-3.94,3.545));
#15345=CARTESIAN_POINT('',(-8.85,-3.43,3.545));
#15346=VECTOR('',#18744,0.51);
#15347=CARTESIAN_POINT('',(-8.85,-3.94,1.355));
#15348=CARTESIAN_POINT('',(-8.85,-3.94,3.545));
#15349=VECTOR('',#18745,2.19);
#15350=CARTESIAN_POINT('',(-8.85,-5.69,1.355));
#15351=VECTOR('',#18746,1.75);
#15352=CARTESIAN_POINT('',(-9.85,-3.94,0.355));
#15353=AXIS2_PLACEMENT_3D('',#18747,#18748,#18749);
#15354=AXIS2_PLACEMENT_3D('',#18750,#18751,#18752);
#15355=AXIS2_PLACEMENT_3D('',#18753,#18754,#18755);
#15356=AXIS2_PLACEMENT_3D('',#18756,#18757,#18758);
#15357=AXIS2_PLACEMENT_3D('',#18759,#18760,#18761);
#15358=AXIS2_PLACEMENT_3D('',#18762,#18763,#18764);
#15359=AXIS2_PLACEMENT_3D('',#18765,#18766,#18767);
#15360=CARTESIAN_POINT('',(-9.85,-3.94,3.545));
#15361=CARTESIAN_POINT('',(-9.85,-3.94,3.545));
#15362=VECTOR('',#18768,1.0);
#15363=CARTESIAN_POINT('',(-9.85,-3.94,0.355));
#15364=VECTOR('',#18769,3.19);
#15365=CARTESIAN_POINT('',(-9.85,-3.94,-3.655));
#15366=CARTESIAN_POINT('',(-9.85,-3.94,-3.655));
#15367=VECTOR('',#18770,4.01);
#15368=CARTESIAN_POINT('',(-8.85,-3.94,-3.655));
#15369=VECTOR('',#18771,1.0);
#15370=CARTESIAN_POINT('',(-9.85,-3.43,3.545));
#15371=VECTOR('',#18772,0.51);
#15372=CARTESIAN_POINT('',(-9.85,-3.43,-3.655));
#15373=VECTOR('',#18773,0.51);
#15374=CARTESIAN_POINT('',(-7.18,-0.32,-4.955));
#15375=CARTESIAN_POINT('',(-7.18,-0.32,-4.285));
#15376=VECTOR('',#18774,0.67);
#15377=CARTESIAN_POINT('',(-7.18,0.32,-4.955));
#15378=CARTESIAN_POINT('',(-7.18,-0.32,-4.955));
#15379=VECTOR('',#18775,0.64);
#15380=CARTESIAN_POINT('',(-7.18,0.32,-4.955));
#15381=VECTOR('',#18776,0.67);
#15382=CARTESIAN_POINT('',(-7.18,1.18,1.555));
#15383=CARTESIAN_POINT('',(-7.18,1.18,-1.645));
#15384=CARTESIAN_POINT('',(-7.18,1.18,1.555));
#15385=VECTOR('',#18777,3.2);
#15386=CARTESIAN_POINT('',(-7.18,1.82,-1.645));
#15387=CARTESIAN_POINT('',(-7.18,1.18,-1.645));
#15388=VECTOR('',#18778,0.64);
#15389=CARTESIAN_POINT('',(-7.18,1.82,1.555));
#15390=CARTESIAN_POINT('',(-7.18,1.82,-1.645));
#15391=VECTOR('',#18779,3.2);
#15392=CARTESIAN_POINT('',(-7.18,1.82,1.555));
#15393=VECTOR('',#18780,0.64);
#15394=CARTESIAN_POINT('',(-7.18,-1.82,1.555));
#15395=CARTESIAN_POINT('',(-7.18,-1.82,-1.645));
#15396=CARTESIAN_POINT('',(-7.18,-1.82,1.555));
#15397=VECTOR('',#18781,3.2);
#15398=CARTESIAN_POINT('',(-7.18,-1.18,-1.645));
#15399=CARTESIAN_POINT('',(-7.18,-1.82,-1.645));
#15400=VECTOR('',#18782,0.64);
#15401=CARTESIAN_POINT('',(-7.18,-1.18,1.555));
#15402=CARTESIAN_POINT('',(-7.18,-1.18,-1.645));
#15403=VECTOR('',#18783,3.2);
#15404=CARTESIAN_POINT('',(-7.18,-1.18,1.555));
#15405=VECTOR('',#18784,0.64);
#15406=CARTESIAN_POINT('',(-7.18,-6.12,-7.285));
#15407=CARTESIAN_POINT('',(-7.18,1.589,-7.285));
#15408=CARTESIAN_POINT('',(-7.18,-6.12,-7.285));
#15409=VECTOR('',#18785,7.709);
#15410=CARTESIAN_POINT('',(-7.18,1.589,-7.285));
#15411=VECTOR('',#18786,3.0);
#15412=CARTESIAN_POINT('',(-7.18,0.949,-6.645));
#15413=CARTESIAN_POINT('',(-7.18,0.949,-4.285));
#15414=VECTOR('',#18787,2.36);
#15415=CARTESIAN_POINT('',(-7.18,-6.12,-6.645));
#15416=CARTESIAN_POINT('',(-7.18,0.949,-6.645));
#15417=VECTOR('',#18788,7.069);
#15418=CARTESIAN_POINT('',(-7.18,-6.12,-6.645));
#15419=VECTOR('',#18789,0.64);
#15420=CARTESIAN_POINT('',(-7.18,-6.12,-3.655));
#15421=CARTESIAN_POINT('',(-7.18,-6.12,-3.655));
#15422=VECTOR('',#18790,0.63);
#15423=CARTESIAN_POINT('',(-7.18,-6.12,-3.655));
#15424=VECTOR('',#18791,2.69);
#15425=CARTESIAN_POINT('',(-7.82,0.32,-3.655));
#15426=CARTESIAN_POINT('',(-7.18,0.32,-3.655));
#15427=CARTESIAN_POINT('',(-7.82,0.32,-3.655));
#15428=VECTOR('',#18792,0.64);
#15429=CARTESIAN_POINT('',(-7.18,0.32,-3.655));
#15430=VECTOR('',#18793,0.63);
#15431=CARTESIAN_POINT('',(-7.82,0.32,-4.955));
#15432=CARTESIAN_POINT('',(-7.18,0.32,-4.955));
#15433=VECTOR('',#18794,0.64);
#15434=CARTESIAN_POINT('',(-7.82,0.32,-4.955));
#15435=VECTOR('',#18795,0.67);
#15436=CARTESIAN_POINT('',(-7.82,0.32,-4.285));
#15437=VECTOR('',#18796,0.63);
#15438=CARTESIAN_POINT('',(-7.82,3.175,-3.655));
#15439=CARTESIAN_POINT('',(-7.82,3.175,-4.955));
#15440=VECTOR('',#18797,1.3);
#15441=CARTESIAN_POINT('',(-7.82,1.589,-3.655));
#15442=CARTESIAN_POINT('',(-7.82,3.175,-3.655));
#15443=VECTOR('',#18798,1.586);
#15444=CARTESIAN_POINT('',(-7.82,1.589,-4.285));
#15445=VECTOR('',#18799,0.63);
#15446=CARTESIAN_POINT('',(-7.82,0.949,-3.655));
#15447=CARTESIAN_POINT('',(-7.82,0.949,-3.655));
#15448=VECTOR('',#18800,0.629);
#15449=CARTESIAN_POINT('',(-7.82,0.949,-4.285));
#15450=VECTOR('',#18801,0.63);
#15451=CARTESIAN_POINT('',(-7.82,-0.32,-3.655));
#15452=CARTESIAN_POINT('',(-7.82,-0.32,-4.285));
#15453=VECTOR('',#18802,0.63);
#15454=CARTESIAN_POINT('',(-7.82,-1.18,-3.655));
#15455=CARTESIAN_POINT('',(-7.82,-0.32,-3.655));
#15456=VECTOR('',#18803,0.86);
#15457=CARTESIAN_POINT('',(-7.82,-1.18,-3.655));
#15458=VECTOR('',#18804,0.63);
#15459=CARTESIAN_POINT('',(-7.18,1.589,-3.655));
#15460=CARTESIAN_POINT('',(-7.82,1.589,-3.655));
#15461=VECTOR('',#18805,0.64);
#15462=CARTESIAN_POINT('',(-7.18,1.589,-3.655));
#15463=VECTOR('',#18806,0.63);
#15464=CARTESIAN_POINT('',(-7.82,1.589,-7.285));
#15465=CARTESIAN_POINT('',(-7.18,1.589,-7.285));
#15466=VECTOR('',#18807,0.64);
#15467=CARTESIAN_POINT('',(-7.82,1.589,-7.285));
#15468=VECTOR('',#18808,3.0);
#15469=CARTESIAN_POINT('',(-7.82,-0.32,-4.955));
#15470=CARTESIAN_POINT('',(-7.82,-0.32,-4.955));
#15471=VECTOR('',#18809,0.64);
#15472=CARTESIAN_POINT('',(-7.82,-0.32,-4.285));
#15473=VECTOR('',#18810,0.67);
#15474=CARTESIAN_POINT('',(-7.82,1.82,-1.645));
#15475=CARTESIAN_POINT('',(-7.82,1.82,1.555));
#15476=CARTESIAN_POINT('',(-7.82,1.82,-1.645));
#15477=VECTOR('',#18811,3.2);
#15478=CARTESIAN_POINT('',(-7.82,1.18,-1.645));
#15479=CARTESIAN_POINT('',(-7.82,1.18,-1.645));
#15480=VECTOR('',#18812,0.64);
#15481=CARTESIAN_POINT('',(-7.82,1.18,1.555));
#15482=CARTESIAN_POINT('',(-7.82,1.18,1.555));
#15483=VECTOR('',#18813,3.2);
#15484=CARTESIAN_POINT('',(-7.82,1.18,1.555));
#15485=VECTOR('',#18814,0.64);
#15486=CARTESIAN_POINT('',(-7.82,-1.18,-1.645));
#15487=CARTESIAN_POINT('',(-7.82,-1.18,1.555));
#15488=CARTESIAN_POINT('',(-7.82,-1.18,-1.645));
#15489=VECTOR('',#18815,3.2);
#15490=CARTESIAN_POINT('',(-7.82,-1.82,-1.645));
#15491=CARTESIAN_POINT('',(-7.82,-1.82,-1.645));
#15492=VECTOR('',#18816,0.64);
#15493=CARTESIAN_POINT('',(-7.82,-1.82,1.555));
#15494=CARTESIAN_POINT('',(-7.82,-1.82,1.555));
#15495=VECTOR('',#18817,3.2);
#15496=CARTESIAN_POINT('',(-7.82,-1.82,1.555));
#15497=VECTOR('',#18818,0.64);
#15498=CARTESIAN_POINT('',(-7.82,0.949,-6.645));
#15499=CARTESIAN_POINT('',(-7.82,-6.12,-6.645));
#15500=CARTESIAN_POINT('',(-7.82,0.949,-6.645));
#15501=VECTOR('',#18819,7.069);
#15502=CARTESIAN_POINT('',(-7.82,0.949,-4.285));
#15503=VECTOR('',#18820,2.36);
#15504=CARTESIAN_POINT('',(-7.82,-6.12,-7.285));
#15505=CARTESIAN_POINT('',(-7.82,-6.12,-7.285));
#15506=VECTOR('',#18821,7.709);
#15507=CARTESIAN_POINT('',(-7.82,-6.12,-7.285));
#15508=VECTOR('',#18822,0.64);
#15509=CARTESIAN_POINT('',(-7.82,-6.12,-3.655));
#15510=CARTESIAN_POINT('',(-7.82,-6.12,-4.285));
#15511=VECTOR('',#18823,0.63);
#15512=CARTESIAN_POINT('',(-7.82,-6.12,-3.655));
#15513=VECTOR('',#18824,2.69);
#15514=CARTESIAN_POINT('',(-7.18,-0.32,-4.955));
#15515=VECTOR('',#18825,0.64);
#15516=CARTESIAN_POINT('',(-7.18,-0.32,-3.655));
#15517=CARTESIAN_POINT('',(-7.18,-0.32,-3.655));
#15518=VECTOR('',#18826,0.63);
#15519=CARTESIAN_POINT('',(-7.82,-0.32,-3.655));
#15520=VECTOR('',#18827,0.64);
#15521=CARTESIAN_POINT('',(-7.18,3.175,-3.655));
#15522=CARTESIAN_POINT('',(-7.82,3.175,-3.655));
#15523=VECTOR('',#18828,0.64);
#15524=CARTESIAN_POINT('',(-7.18,3.175,-3.655));
#15525=VECTOR('',#18829,1.586);
#15526=CARTESIAN_POINT('',(-7.18,0.949,-3.655));
#15527=CARTESIAN_POINT('',(-7.18,0.949,-3.655));
#15528=VECTOR('',#18830,0.629);
#15529=CARTESIAN_POINT('',(-7.82,0.949,-3.655));
#15530=VECTOR('',#18831,0.64);
#15531=CARTESIAN_POINT('',(-7.18,-1.18,-3.655));
#15532=CARTESIAN_POINT('',(-7.18,-0.32,-3.655));
#15533=VECTOR('',#18832,0.86);
#15534=CARTESIAN_POINT('',(-7.82,-1.18,-3.655));
#15535=VECTOR('',#18833,0.64);
#15536=CARTESIAN_POINT('',(-7.18,3.175,-4.955));
#15537=VECTOR('',#18834,1.3);
#15538=CARTESIAN_POINT('',(-7.18,0.949,-3.655));
#15539=VECTOR('',#18835,0.63);
#15540=CARTESIAN_POINT('',(-7.18,-1.18,-3.655));
#15541=VECTOR('',#18836,0.63);
#15542=CARTESIAN_POINT('',(12.325,3.175,-3.205));
#15543=CARTESIAN_POINT('',(-12.325,3.175,-3.205));
#15544=VECTOR('',#18837,24.65);
#15545=CARTESIAN_POINT('',(12.325,3.175,-3.205));
#15546=VECTOR('',#18838,1.75);
#15547=CARTESIAN_POINT('',(10.18,3.175,-3.655));
#15548=CARTESIAN_POINT('',(10.18,3.175,-3.655));
#15549=VECTOR('',#18839,0.64);
#15550=CARTESIAN_POINT('',(10.18,3.175,-4.955));
#15551=VECTOR('',#18840,1.3);
#15552=CARTESIAN_POINT('',(7.18,3.175,-3.655));
#15553=CARTESIAN_POINT('',(7.18,3.175,-3.655));
#15554=VECTOR('',#18841,0.64);
#15555=CARTESIAN_POINT('',(7.18,3.175,-4.955));
#15556=VECTOR('',#18842,1.3);
#15557=CARTESIAN_POINT('',(4.82,3.175,-3.655));
#15558=CARTESIAN_POINT('',(4.82,3.175,-4.955));
#15559=VECTOR('',#18843,1.3);
#15560=CARTESIAN_POINT('',(4.18,3.175,-3.655));
#15561=CARTESIAN_POINT('',(4.18,3.175,-3.655));
#15562=VECTOR('',#18844,0.64);
#15563=CARTESIAN_POINT('',(4.18,3.175,-4.955));
#15564=VECTOR('',#18845,1.3);
#15565=CARTESIAN_POINT('',(1.82,3.175,-3.655));
#15566=CARTESIAN_POINT('',(1.82,3.175,-4.955));
#15567=VECTOR('',#18846,1.3);
#15568=CARTESIAN_POINT('',(1.18,3.175,-3.655));
#15569=CARTESIAN_POINT('',(1.18,3.175,-3.655));
#15570=VECTOR('',#18847,0.64);
#15571=CARTESIAN_POINT('',(1.18,3.175,-4.955));
#15572=VECTOR('',#18848,1.3);
#15573=CARTESIAN_POINT('',(-1.18,3.175,-3.655));
#15574=CARTESIAN_POINT('',(-1.18,3.175,-4.955));
#15575=VECTOR('',#18849,1.3);
#15576=CARTESIAN_POINT('',(-1.82,3.175,-3.655));
#15577=CARTESIAN_POINT('',(-1.82,3.175,-3.655));
#15578=VECTOR('',#18850,0.64);
#15579=CARTESIAN_POINT('',(-1.82,3.175,-4.955));
#15580=VECTOR('',#18851,1.3);
#15581=CARTESIAN_POINT('',(-4.18,3.175,-3.655));
#15582=CARTESIAN_POINT('',(-4.18,3.175,-4.955));
#15583=VECTOR('',#18852,1.3);
#15584=CARTESIAN_POINT('',(-4.82,3.175,-3.655));
#15585=CARTESIAN_POINT('',(-4.82,3.175,-3.655));
#15586=VECTOR('',#18853,0.64);
#15587=CARTESIAN_POINT('',(-4.82,3.175,-4.955));
#15588=VECTOR('',#18854,1.3);
#15589=CARTESIAN_POINT('',(-4.82,1.589,-3.655));
#15590=CARTESIAN_POINT('',(-4.82,3.175,-3.655));
#15591=VECTOR('',#18855,1.586);
#15592=CARTESIAN_POINT('',(-4.82,1.589,-4.285));
#15593=VECTOR('',#18856,0.63);
#15594=CARTESIAN_POINT('',(-4.82,0.949,-3.655));
#15595=CARTESIAN_POINT('',(-4.82,0.32,-3.655));
#15596=CARTESIAN_POINT('',(-4.82,0.949,-3.655));
#15597=VECTOR('',#18857,0.629);
#15598=CARTESIAN_POINT('',(-4.82,0.32,-4.285));
#15599=VECTOR('',#18858,0.63);
#15600=CARTESIAN_POINT('',(-4.82,0.949,-4.285));
#15601=VECTOR('',#18859,0.63);
#15602=CARTESIAN_POINT('',(-4.82,-0.32,-3.655));
#15603=CARTESIAN_POINT('',(-4.82,-0.32,-4.285));
#15604=VECTOR('',#18860,0.63);
#15605=CARTESIAN_POINT('',(-4.82,-1.18,-3.655));
#15606=CARTESIAN_POINT('',(-4.82,-0.32,-3.655));
#15607=VECTOR('',#18861,0.86);
#15608=CARTESIAN_POINT('',(-4.82,-1.18,-3.655));
#15609=VECTOR('',#18862,0.63);
#15610=CARTESIAN_POINT('',(-4.18,1.589,-3.655));
#15611=CARTESIAN_POINT('',(-4.82,1.589,-3.655));
#15612=VECTOR('',#18863,0.64);
#15613=CARTESIAN_POINT('',(-4.18,1.589,-3.655));
#15614=VECTOR('',#18864,0.63);
#15615=CARTESIAN_POINT('',(-4.18,1.589,-7.285));
#15616=CARTESIAN_POINT('',(-4.18,1.589,-7.285));
#15617=VECTOR('',#18865,3.0);
#15618=CARTESIAN_POINT('',(-4.82,1.589,-7.285));
#15619=CARTESIAN_POINT('',(-4.18,1.589,-7.285));
#15620=VECTOR('',#18866,0.64);
#15621=CARTESIAN_POINT('',(-4.82,1.589,-7.285));
#15622=VECTOR('',#18867,3.0);
#15623=CARTESIAN_POINT('',(-4.82,0.32,-4.955));
#15624=CARTESIAN_POINT('',(-4.82,0.32,-4.955));
#15625=VECTOR('',#18868,0.67);
#15626=CARTESIAN_POINT('',(-4.82,-0.32,-4.955));
#15627=CARTESIAN_POINT('',(-4.82,-0.32,-4.955));
#15628=VECTOR('',#18869,0.64);
#15629=CARTESIAN_POINT('',(-4.82,-0.32,-4.285));
#15630=VECTOR('',#18870,0.67);
#15631=CARTESIAN_POINT('',(-4.82,1.82,-1.645));
#15632=CARTESIAN_POINT('',(-4.82,1.82,1.555));
#15633=CARTESIAN_POINT('',(-4.82,1.82,-1.645));
#15634=VECTOR('',#18871,3.2);
#15635=CARTESIAN_POINT('',(-4.82,1.18,-1.645));
#15636=CARTESIAN_POINT('',(-4.82,1.18,-1.645));
#15637=VECTOR('',#18872,0.64);
#15638=CARTESIAN_POINT('',(-4.82,1.18,1.555));
#15639=CARTESIAN_POINT('',(-4.82,1.18,1.555));
#15640=VECTOR('',#18873,3.2);
#15641=CARTESIAN_POINT('',(-4.82,1.18,1.555));
#15642=VECTOR('',#18874,0.64);
#15643=CARTESIAN_POINT('',(-4.82,-1.18,-1.645));
#15644=CARTESIAN_POINT('',(-4.82,-1.18,1.555));
#15645=CARTESIAN_POINT('',(-4.82,-1.18,-1.645));
#15646=VECTOR('',#18875,3.2);
#15647=CARTESIAN_POINT('',(-4.82,-1.82,-1.645));
#15648=CARTESIAN_POINT('',(-4.82,-1.82,-1.645));
#15649=VECTOR('',#18876,0.64);
#15650=CARTESIAN_POINT('',(-4.82,-1.82,1.555));
#15651=CARTESIAN_POINT('',(-4.82,-1.82,1.555));
#15652=VECTOR('',#18877,3.2);
#15653=CARTESIAN_POINT('',(-4.82,-1.82,1.555));
#15654=VECTOR('',#18878,0.64);
#15655=CARTESIAN_POINT('',(-4.82,0.949,-6.645));
#15656=CARTESIAN_POINT('',(-4.82,-6.12,-6.645));
#15657=CARTESIAN_POINT('',(-4.82,0.949,-6.645));
#15658=VECTOR('',#18879,7.069);
#15659=CARTESIAN_POINT('',(-4.82,0.949,-4.285));
#15660=VECTOR('',#18880,2.36);
#15661=CARTESIAN_POINT('',(-4.82,-6.12,-7.285));
#15662=CARTESIAN_POINT('',(-4.82,-6.12,-7.285));
#15663=VECTOR('',#18881,7.709);
#15664=CARTESIAN_POINT('',(-4.82,-6.12,-7.285));
#15665=VECTOR('',#18882,0.64);
#15666=CARTESIAN_POINT('',(-4.82,-6.12,-3.655));
#15667=CARTESIAN_POINT('',(-4.82,-6.12,-4.285));
#15668=VECTOR('',#18883,0.63);
#15669=CARTESIAN_POINT('',(-4.82,-6.12,-3.655));
#15670=VECTOR('',#18884,2.69);
#15671=CARTESIAN_POINT('',(-4.18,-0.32,-4.955));
#15672=CARTESIAN_POINT('',(-4.18,-0.32,-4.955));
#15673=VECTOR('',#18885,0.64);
#15674=CARTESIAN_POINT('',(-4.18,-0.32,-4.285));
#15675=VECTOR('',#18886,0.67);
#15676=CARTESIAN_POINT('',(-4.18,-0.32,-3.655));
#15677=CARTESIAN_POINT('',(-4.18,-0.32,-3.655));
#15678=VECTOR('',#18887,0.63);
#15679=CARTESIAN_POINT('',(-4.82,-0.32,-3.655));
#15680=VECTOR('',#18888,0.64);
#15681=CARTESIAN_POINT('',(-4.18,3.175,-3.655));
#15682=VECTOR('',#18889,1.586);
#15683=CARTESIAN_POINT('',(-4.18,0.949,-3.655));
#15684=CARTESIAN_POINT('',(-4.18,0.32,-3.655));
#15685=CARTESIAN_POINT('',(-4.18,0.949,-3.655));
#15686=VECTOR('',#18890,0.629);
#15687=CARTESIAN_POINT('',(-4.82,0.32,-3.655));
#15688=VECTOR('',#18891,0.64);
#15689=CARTESIAN_POINT('',(-4.82,0.949,-3.655));
#15690=VECTOR('',#18892,0.64);
#15691=CARTESIAN_POINT('',(-4.18,-1.18,-3.655));
#15692=CARTESIAN_POINT('',(-4.18,-0.32,-3.655));
#15693=VECTOR('',#18893,0.86);
#15694=CARTESIAN_POINT('',(-4.82,-1.18,-3.655));
#15695=VECTOR('',#18894,0.64);
#15696=CARTESIAN_POINT('',(-4.18,0.32,-3.655));
#15697=VECTOR('',#18895,0.63);
#15698=CARTESIAN_POINT('',(-4.18,0.949,-3.655));
#15699=VECTOR('',#18896,0.63);
#15700=CARTESIAN_POINT('',(-4.18,-1.18,-3.655));
#15701=VECTOR('',#18897,0.63);
#15702=CARTESIAN_POINT('',(-4.18,0.949,-6.645));
#15703=CARTESIAN_POINT('',(-4.18,0.949,-6.645));
#15704=VECTOR('',#18898,0.64);
#15705=CARTESIAN_POINT('',(-4.18,0.949,-4.285));
#15706=VECTOR('',#18899,2.36);
#15707=CARTESIAN_POINT('',(-4.18,0.32,-4.955));
#15708=CARTESIAN_POINT('',(-4.18,-0.32,-4.955));
#15709=VECTOR('',#18900,0.64);
#15710=CARTESIAN_POINT('',(-4.18,0.32,-4.955));
#15711=VECTOR('',#18901,0.67);
#15712=CARTESIAN_POINT('',(-4.18,1.18,1.555));
#15713=CARTESIAN_POINT('',(-4.18,1.18,-1.645));
#15714=CARTESIAN_POINT('',(-4.18,1.18,1.555));
#15715=VECTOR('',#18902,3.2);
#15716=CARTESIAN_POINT('',(-4.18,1.82,-1.645));
#15717=CARTESIAN_POINT('',(-4.18,1.18,-1.645));
#15718=VECTOR('',#18903,0.64);
#15719=CARTESIAN_POINT('',(-4.18,1.82,1.555));
#15720=CARTESIAN_POINT('',(-4.18,1.82,-1.645));
#15721=VECTOR('',#18904,3.2);
#15722=CARTESIAN_POINT('',(-4.18,1.82,1.555));
#15723=VECTOR('',#18905,0.64);
#15724=CARTESIAN_POINT('',(-4.18,-1.82,1.555));
#15725=CARTESIAN_POINT('',(-4.18,-1.82,-1.645));
#15726=CARTESIAN_POINT('',(-4.18,-1.82,1.555));
#15727=VECTOR('',#18906,3.2);
#15728=CARTESIAN_POINT('',(-4.18,-1.18,-1.645));
#15729=CARTESIAN_POINT('',(-4.18,-1.82,-1.645));
#15730=VECTOR('',#18907,0.64);
#15731=CARTESIAN_POINT('',(-4.18,-1.18,1.555));
#15732=CARTESIAN_POINT('',(-4.18,-1.18,-1.645));
#15733=VECTOR('',#18908,3.2);
#15734=CARTESIAN_POINT('',(-4.18,-1.18,1.555));
#15735=VECTOR('',#18909,0.64);
#15736=CARTESIAN_POINT('',(-4.18,-6.12,-7.285));
#15737=CARTESIAN_POINT('',(-4.18,-6.12,-7.285));
#15738=VECTOR('',#18910,7.709);
#15739=CARTESIAN_POINT('',(-4.18,-6.12,-6.645));
#15740=CARTESIAN_POINT('',(-4.18,0.949,-6.645));
#15741=VECTOR('',#18911,7.069);
#15742=CARTESIAN_POINT('',(-4.18,-6.12,-6.645));
#15743=VECTOR('',#18912,0.64);
#15744=CARTESIAN_POINT('',(-4.18,-6.12,-3.655));
#15745=CARTESIAN_POINT('',(-4.18,-6.12,-3.655));
#15746=VECTOR('',#18913,0.63);
#15747=CARTESIAN_POINT('',(-4.18,-6.12,-3.655));
#15748=VECTOR('',#18914,2.69);
#15749=CARTESIAN_POINT('',(-4.18,0.32,-4.955));
#15750=VECTOR('',#18915,0.64);
#15751=CARTESIAN_POINT('',(-4.36,1.64,2.555));
#15752=CARTESIAN_POINT('',(-4.36,1.36,2.555));
#15753=CARTESIAN_POINT('',(-4.36,1.64,2.555));
#15754=VECTOR('',#18916,0.28);
#15755=CARTESIAN_POINT('',(-4.18,1.18,1.555));
#15756=VECTOR('',#18917,1.031891467161);
#15757=CARTESIAN_POINT('',(-4.36,1.64,2.555));
#15758=VECTOR('',#18918,1.031891467161);
#15759=CARTESIAN_POINT('',(-4.18,1.82,1.555));
#15760=VECTOR('',#18919,0.64);
#15761=CARTESIAN_POINT('',(-4.64,1.64,2.555));
#15762=CARTESIAN_POINT('',(-4.64,1.64,2.555));
#15763=VECTOR('',#18920,1.031891467161);
#15764=CARTESIAN_POINT('',(-4.36,1.64,2.555));
#15765=VECTOR('',#18921,0.28);
#15766=CARTESIAN_POINT('',(-4.64,1.36,2.555));
#15767=CARTESIAN_POINT('',(-4.64,1.36,2.555));
#15768=VECTOR('',#18922,0.28);
#15769=CARTESIAN_POINT('',(-4.36,1.36,2.555));
#15770=VECTOR('',#18923,0.28);
#15771=CARTESIAN_POINT('',(-4.64,1.36,2.555));
#15772=VECTOR('',#18924,1.031891467161);
#15773=CARTESIAN_POINT('',(-4.18,1.18,1.555));
#15774=VECTOR('',#18925,0.64);
#15775=CARTESIAN_POINT('',(-4.82,1.18,-1.645));
#15776=VECTOR('',#18926,0.64);
#15777=CARTESIAN_POINT('',(9.23,0.23,-1.645));
#15778=CARTESIAN_POINT('',(11.07,0.23,-1.645));
#15779=CARTESIAN_POINT('',(9.23,0.23,-1.645));
#15780=VECTOR('',#18927,1.84);
#15781=CARTESIAN_POINT('',(11.77,0.93,-1.645));
#15782=CARTESIAN_POINT('',(11.07,0.23,-1.645));
#15783=VECTOR('',#18928,0.9899494936611);
#15784=CARTESIAN_POINT('',(11.77,2.77,-1.645));
#15785=CARTESIAN_POINT('',(11.77,0.93,-1.645));
#15786=VECTOR('',#18929,1.84);
#15787=CARTESIAN_POINT('',(9.23,2.77,-1.645));
#15788=CARTESIAN_POINT('',(11.77,2.77,-1.645));
#15789=VECTOR('',#18930,2.54);
#15790=CARTESIAN_POINT('',(9.23,2.77,-1.645));
#15791=VECTOR('',#18931,2.54);
#15792=CARTESIAN_POINT('',(10.18,1.18,-1.645));
#15793=CARTESIAN_POINT('',(10.82,1.18,-1.645));
#15794=CARTESIAN_POINT('',(10.18,1.18,-1.645));
#15795=VECTOR('',#18932,0.64);
#15796=CARTESIAN_POINT('',(10.18,1.82,-1.645));
#15797=CARTESIAN_POINT('',(10.18,1.18,-1.645));
#15798=VECTOR('',#18933,0.64);
#15799=CARTESIAN_POINT('',(10.82,1.82,-1.645));
#15800=CARTESIAN_POINT('',(10.18,1.82,-1.645));
#15801=VECTOR('',#18934,0.64);
#15802=CARTESIAN_POINT('',(10.82,1.18,-1.645));
#15803=VECTOR('',#18935,0.64);
#15804=CARTESIAN_POINT('',(9.23,-0.23,-1.645));
#15805=CARTESIAN_POINT('',(9.23,-2.77,-1.645));
#15806=CARTESIAN_POINT('',(9.23,-0.23,-1.645));
#15807=VECTOR('',#18936,2.54);
#15808=CARTESIAN_POINT('',(11.07,-2.77,-1.645));
#15809=CARTESIAN_POINT('',(9.23,-2.77,-1.645));
#15810=VECTOR('',#18937,1.84);
#15811=CARTESIAN_POINT('',(11.77,-2.07,-1.645));
#15812=CARTESIAN_POINT('',(11.07,-2.77,-1.645));
#15813=VECTOR('',#18938,0.9899494936611);
#15814=CARTESIAN_POINT('',(11.77,-0.23,-1.645));
#15815=CARTESIAN_POINT('',(11.77,-2.07,-1.645));
#15816=VECTOR('',#18939,1.84);
#15817=CARTESIAN_POINT('',(11.77,-0.23,-1.645));
#15818=VECTOR('',#18940,2.54);
#15819=CARTESIAN_POINT('',(10.18,-1.82,-1.645));
#15820=CARTESIAN_POINT('',(10.82,-1.82,-1.645));
#15821=CARTESIAN_POINT('',(10.18,-1.82,-1.645));
#15822=VECTOR('',#18941,0.64);
#15823=CARTESIAN_POINT('',(10.18,-1.18,-1.645));
#15824=CARTESIAN_POINT('',(10.18,-1.82,-1.645));
#15825=VECTOR('',#18942,0.64);
#15826=CARTESIAN_POINT('',(10.82,-1.18,-1.645));
#15827=CARTESIAN_POINT('',(10.18,-1.18,-1.645));
#15828=VECTOR('',#18943,0.64);
#15829=CARTESIAN_POINT('',(10.82,-1.82,-1.645));
#15830=VECTOR('',#18944,0.64);
#15831=CARTESIAN_POINT('',(6.23,-2.77,-1.645));
#15832=CARTESIAN_POINT('',(8.07,-2.77,-1.645));
#15833=CARTESIAN_POINT('',(6.23,-2.77,-1.645));
#15834=VECTOR('',#18945,1.84);
#15835=CARTESIAN_POINT('',(8.77,-2.07,-1.645));
#15836=CARTESIAN_POINT('',(8.07,-2.77,-1.645));
#15837=VECTOR('',#18946,0.9899494936611);
#15838=CARTESIAN_POINT('',(8.77,-0.23,-1.645));
#15839=CARTESIAN_POINT('',(8.77,-2.07,-1.645));
#15840=VECTOR('',#18947,1.84);
#15841=CARTESIAN_POINT('',(6.23,-0.23,-1.645));
#15842=CARTESIAN_POINT('',(8.77,-0.23,-1.645));
#15843=VECTOR('',#18948,2.54);
#15844=CARTESIAN_POINT('',(6.23,-0.23,-1.645));
#15845=VECTOR('',#18949,2.54);
#15846=CARTESIAN_POINT('',(7.18,-1.82,-1.645));
#15847=CARTESIAN_POINT('',(7.82,-1.82,-1.645));
#15848=CARTESIAN_POINT('',(7.18,-1.82,-1.645));
#15849=VECTOR('',#18950,0.64);
#15850=CARTESIAN_POINT('',(7.18,-1.18,-1.645));
#15851=CARTESIAN_POINT('',(7.18,-1.82,-1.645));
#15852=VECTOR('',#18951,0.64);
#15853=CARTESIAN_POINT('',(7.82,-1.18,-1.645));
#15854=CARTESIAN_POINT('',(7.18,-1.18,-1.645));
#15855=VECTOR('',#18952,0.64);
#15856=CARTESIAN_POINT('',(7.82,-1.82,-1.645));
#15857=VECTOR('',#18953,0.64);
#15858=CARTESIAN_POINT('',(8.07,0.23,-1.645));
#15859=CARTESIAN_POINT('',(8.77,0.93,-1.645));
#15860=CARTESIAN_POINT('',(8.07,0.23,-1.645));
#15861=VECTOR('',#18954,0.9899494936611);
#15862=CARTESIAN_POINT('',(8.77,2.77,-1.645));
#15863=CARTESIAN_POINT('',(8.77,0.93,-1.645));
#15864=VECTOR('',#18955,1.84);
#15865=CARTESIAN_POINT('',(6.23,2.77,-1.645));
#15866=CARTESIAN_POINT('',(8.77,2.77,-1.645));
#15867=VECTOR('',#18956,2.54);
#15868=CARTESIAN_POINT('',(6.23,0.23,-1.645));
#15869=CARTESIAN_POINT('',(6.23,2.77,-1.645));
#15870=VECTOR('',#18957,2.54);
#15871=CARTESIAN_POINT('',(6.23,0.23,-1.645));
#15872=VECTOR('',#18958,1.84);
#15873=CARTESIAN_POINT('',(7.18,1.18,-1.645));
#15874=CARTESIAN_POINT('',(7.82,1.18,-1.645));
#15875=CARTESIAN_POINT('',(7.18,1.18,-1.645));
#15876=VECTOR('',#18959,0.64);
#15877=CARTESIAN_POINT('',(7.18,1.82,-1.645));
#15878=CARTESIAN_POINT('',(7.18,1.18,-1.645));
#15879=VECTOR('',#18960,0.64);
#15880=CARTESIAN_POINT('',(7.82,1.82,-1.645));
#15881=CARTESIAN_POINT('',(7.18,1.82,-1.645));
#15882=VECTOR('',#18961,0.64);
#15883=CARTESIAN_POINT('',(7.82,1.18,-1.645));
#15884=VECTOR('',#18962,0.64);
#15885=CARTESIAN_POINT('',(5.07,0.23,-1.645));
#15886=CARTESIAN_POINT('',(5.77,0.93,-1.645));
#15887=CARTESIAN_POINT('',(5.07,0.23,-1.645));
#15888=VECTOR('',#18963,0.9899494936611);
#15889=CARTESIAN_POINT('',(5.77,2.77,-1.645));
#15890=CARTESIAN_POINT('',(5.77,0.93,-1.645));
#15891=VECTOR('',#18964,1.84);
#15892=CARTESIAN_POINT('',(3.23,2.77,-1.645));
#15893=CARTESIAN_POINT('',(5.77,2.77,-1.645));
#15894=VECTOR('',#18965,2.54);
#15895=CARTESIAN_POINT('',(3.23,0.23,-1.645));
#15896=CARTESIAN_POINT('',(3.23,2.77,-1.645));
#15897=VECTOR('',#18966,2.54);
#15898=CARTESIAN_POINT('',(3.23,0.23,-1.645));
#15899=VECTOR('',#18967,1.84);
#15900=CARTESIAN_POINT('',(4.18,1.18,-1.645));
#15901=CARTESIAN_POINT('',(4.82,1.18,-1.645));
#15902=CARTESIAN_POINT('',(4.18,1.18,-1.645));
#15903=VECTOR('',#18968,0.64);
#15904=CARTESIAN_POINT('',(4.18,1.82,-1.645));
#15905=CARTESIAN_POINT('',(4.18,1.18,-1.645));
#15906=VECTOR('',#18969,0.64);
#15907=CARTESIAN_POINT('',(4.82,1.82,-1.645));
#15908=CARTESIAN_POINT('',(4.18,1.82,-1.645));
#15909=VECTOR('',#18970,0.64);
#15910=CARTESIAN_POINT('',(4.82,1.18,-1.645));
#15911=VECTOR('',#18971,0.64);
#15912=CARTESIAN_POINT('',(3.23,-0.23,-1.645));
#15913=CARTESIAN_POINT('',(3.23,-2.07,-1.645));
#15914=CARTESIAN_POINT('',(3.23,-0.23,-1.645));
#15915=VECTOR('',#18972,1.84);
#15916=CARTESIAN_POINT('',(3.93,-2.77,-1.645));
#15917=CARTESIAN_POINT('',(3.23,-2.07,-1.645));
#15918=VECTOR('',#18973,0.9899494936611);
#15919=CARTESIAN_POINT('',(5.77,-2.77,-1.645));
#15920=CARTESIAN_POINT('',(3.93,-2.77,-1.645));
#15921=VECTOR('',#18974,1.84);
#15922=CARTESIAN_POINT('',(5.77,-0.23,-1.645));
#15923=CARTESIAN_POINT('',(5.77,-2.77,-1.645));
#15924=VECTOR('',#18975,2.54);
#15925=CARTESIAN_POINT('',(5.77,-0.23,-1.645));
#15926=VECTOR('',#18976,2.54);
#15927=CARTESIAN_POINT('',(4.18,-1.82,-1.645));
#15928=CARTESIAN_POINT('',(4.82,-1.82,-1.645));
#15929=CARTESIAN_POINT('',(4.18,-1.82,-1.645));
#15930=VECTOR('',#18977,0.64);
#15931=CARTESIAN_POINT('',(4.18,-1.18,-1.645));
#15932=CARTESIAN_POINT('',(4.18,-1.82,-1.645));
#15933=VECTOR('',#18978,0.64);
#15934=CARTESIAN_POINT('',(4.82,-1.18,-1.645));
#15935=CARTESIAN_POINT('',(4.18,-1.18,-1.645));
#15936=VECTOR('',#18979,0.64);
#15937=CARTESIAN_POINT('',(4.82,-1.82,-1.645));
#15938=VECTOR('',#18980,0.64);
#15939=CARTESIAN_POINT('',(2.77,-2.77,-1.645));
#15940=CARTESIAN_POINT('',(2.77,-0.23,-1.645));
#15941=CARTESIAN_POINT('',(2.77,-2.77,-1.645));
#15942=VECTOR('',#18981,2.54);
#15943=CARTESIAN_POINT('',(0.23,-0.23,-1.645));
#15944=CARTESIAN_POINT('',(2.77,-0.23,-1.645));
#15945=VECTOR('',#18982,2.54);
#15946=CARTESIAN_POINT('',(0.23,-2.07,-1.645));
#15947=CARTESIAN_POINT('',(0.23,-0.23,-1.645));
#15948=VECTOR('',#18983,1.84);
#15949=CARTESIAN_POINT('',(0.93,-2.77,-1.645));
#15950=CARTESIAN_POINT('',(0.23,-2.07,-1.645));
#15951=VECTOR('',#18984,0.9899494936611);
#15952=CARTESIAN_POINT('',(0.93,-2.77,-1.645));
#15953=VECTOR('',#18985,1.84);
#15954=CARTESIAN_POINT('',(1.18,-1.82,-1.645));
#15955=CARTESIAN_POINT('',(1.82,-1.82,-1.645));
#15956=CARTESIAN_POINT('',(1.18,-1.82,-1.645));
#15957=VECTOR('',#18986,0.64);
#15958=CARTESIAN_POINT('',(1.18,-1.18,-1.645));
#15959=CARTESIAN_POINT('',(1.18,-1.82,-1.645));
#15960=VECTOR('',#18987,0.64);
#15961=CARTESIAN_POINT('',(1.82,-1.18,-1.645));
#15962=CARTESIAN_POINT('',(1.18,-1.18,-1.645));
#15963=VECTOR('',#18988,0.64);
#15964=CARTESIAN_POINT('',(1.82,-1.82,-1.645));
#15965=VECTOR('',#18989,0.64);
#15966=CARTESIAN_POINT('',(2.77,0.23,-1.645));
#15967=CARTESIAN_POINT('',(2.77,2.77,-1.645));
#15968=CARTESIAN_POINT('',(2.77,0.23,-1.645));
#15969=VECTOR('',#18990,2.54);
#15970=CARTESIAN_POINT('',(0.23,2.77,-1.645));
#15971=CARTESIAN_POINT('',(2.77,2.77,-1.645));
#15972=VECTOR('',#18991,2.54);
#15973=CARTESIAN_POINT('',(0.23,0.93,-1.645));
#15974=CARTESIAN_POINT('',(0.23,2.77,-1.645));
#15975=VECTOR('',#18992,1.84);
#15976=CARTESIAN_POINT('',(0.93,0.23,-1.645));
#15977=CARTESIAN_POINT('',(0.23,0.93,-1.645));
#15978=VECTOR('',#18993,0.9899494936611);
#15979=CARTESIAN_POINT('',(0.93,0.23,-1.645));
#15980=VECTOR('',#18994,1.84);
#15981=CARTESIAN_POINT('',(1.18,1.18,-1.645));
#15982=CARTESIAN_POINT('',(1.82,1.18,-1.645));
#15983=CARTESIAN_POINT('',(1.18,1.18,-1.645));
#15984=VECTOR('',#18995,0.64);
#15985=CARTESIAN_POINT('',(1.18,1.82,-1.645));
#15986=CARTESIAN_POINT('',(1.18,1.18,-1.645));
#15987=VECTOR('',#18996,0.64);
#15988=CARTESIAN_POINT('',(1.82,1.82,-1.645));
#15989=CARTESIAN_POINT('',(1.18,1.82,-1.645));
#15990=VECTOR('',#18997,0.64);
#15991=CARTESIAN_POINT('',(1.82,1.18,-1.645));
#15992=VECTOR('',#18998,0.64);
#15993=CARTESIAN_POINT('',(-2.77,-0.23,-1.645));
#15994=CARTESIAN_POINT('',(-2.77,-2.77,-1.645));
#15995=CARTESIAN_POINT('',(-2.77,-0.23,-1.645));
#15996=VECTOR('',#18999,2.54);
#15997=CARTESIAN_POINT('',(-0.93,-2.77,-1.645));
#15998=CARTESIAN_POINT('',(-2.77,-2.77,-1.645));
#15999=VECTOR('',#19000,1.84);
#16000=CARTESIAN_POINT('',(-0.23,-2.07,-1.645));
#16001=CARTESIAN_POINT('',(-0.93,-2.77,-1.645));
#16002=VECTOR('',#19001,0.9899494936611);
#16003=CARTESIAN_POINT('',(-0.23,-0.23,-1.645));
#16004=CARTESIAN_POINT('',(-0.23,-2.07,-1.645));
#16005=VECTOR('',#19002,1.84);
#16006=CARTESIAN_POINT('',(-0.23,-0.23,-1.645));
#16007=VECTOR('',#19003,2.54);
#16008=CARTESIAN_POINT('',(-1.82,-1.82,-1.645));
#16009=CARTESIAN_POINT('',(-1.18,-1.82,-1.645));
#16010=CARTESIAN_POINT('',(-1.82,-1.82,-1.645));
#16011=VECTOR('',#19004,0.64);
#16012=CARTESIAN_POINT('',(-1.82,-1.18,-1.645));
#16013=CARTESIAN_POINT('',(-1.82,-1.82,-1.645));
#16014=VECTOR('',#19005,0.64);
#16015=CARTESIAN_POINT('',(-1.18,-1.18,-1.645));
#16016=CARTESIAN_POINT('',(-1.82,-1.18,-1.645));
#16017=VECTOR('',#19006,0.64);
#16018=CARTESIAN_POINT('',(-1.18,-1.82,-1.645));
#16019=VECTOR('',#19007,0.64);
#16020=CARTESIAN_POINT('',(-0.93,0.23,-1.645));
#16021=CARTESIAN_POINT('',(-0.23,0.93,-1.645));
#16022=CARTESIAN_POINT('',(-0.93,0.23,-1.645));
#16023=VECTOR('',#19008,0.9899494936611);
#16024=CARTESIAN_POINT('',(-0.23,2.77,-1.645));
#16025=CARTESIAN_POINT('',(-0.23,0.93,-1.645));
#16026=VECTOR('',#19009,1.84);
#16027=CARTESIAN_POINT('',(-2.77,2.77,-1.645));
#16028=CARTESIAN_POINT('',(-0.23,2.77,-1.645));
#16029=VECTOR('',#19010,2.54);
#16030=CARTESIAN_POINT('',(-2.77,0.23,-1.645));
#16031=CARTESIAN_POINT('',(-2.77,2.77,-1.645));
#16032=VECTOR('',#19011,2.54);
#16033=CARTESIAN_POINT('',(-2.77,0.23,-1.645));
#16034=VECTOR('',#19012,1.84);
#16035=CARTESIAN_POINT('',(-1.82,1.18,-1.645));
#16036=CARTESIAN_POINT('',(-1.18,1.18,-1.645));
#16037=CARTESIAN_POINT('',(-1.82,1.18,-1.645));
#16038=VECTOR('',#19013,0.64);
#16039=CARTESIAN_POINT('',(-1.82,1.82,-1.645));
#16040=CARTESIAN_POINT('',(-1.82,1.18,-1.645));
#16041=VECTOR('',#19014,0.64);
#16042=CARTESIAN_POINT('',(-1.18,1.82,-1.645));
#16043=CARTESIAN_POINT('',(-1.82,1.82,-1.645));
#16044=VECTOR('',#19015,0.64);
#16045=CARTESIAN_POINT('',(-1.18,1.18,-1.645));
#16046=VECTOR('',#19016,0.64);
#16047=CARTESIAN_POINT('',(-3.23,-0.23,-1.645));
#16048=CARTESIAN_POINT('',(-5.77,-0.23,-1.645));
#16049=CARTESIAN_POINT('',(-3.23,-0.23,-1.645));
#16050=VECTOR('',#19017,2.54);
#16051=CARTESIAN_POINT('',(-5.77,-2.77,-1.645));
#16052=CARTESIAN_POINT('',(-5.77,-0.23,-1.645));
#16053=VECTOR('',#19018,2.54);
#16054=CARTESIAN_POINT('',(-3.23,-2.77,-1.645));
#16055=CARTESIAN_POINT('',(-5.77,-2.77,-1.645));
#16056=VECTOR('',#19019,2.54);
#16057=CARTESIAN_POINT('',(-3.23,-2.77,-1.645));
#16058=VECTOR('',#19020,2.54);
#16059=CARTESIAN_POINT('',(-4.82,-1.82,-1.645));
#16060=VECTOR('',#19021,0.64);
#16061=CARTESIAN_POINT('',(-4.82,-1.18,-1.645));
#16062=VECTOR('',#19022,0.64);
#16063=CARTESIAN_POINT('',(-3.23,2.77,-1.645));
#16064=CARTESIAN_POINT('',(-5.77,2.77,-1.645));
#16065=CARTESIAN_POINT('',(-3.23,2.77,-1.645));
#16066=VECTOR('',#19023,2.54);
#16067=CARTESIAN_POINT('',(-5.77,0.23,-1.645));
#16068=CARTESIAN_POINT('',(-5.77,2.77,-1.645));
#16069=VECTOR('',#19024,2.54);
#16070=CARTESIAN_POINT('',(-3.93,0.23,-1.645));
#16071=CARTESIAN_POINT('',(-5.77,0.23,-1.645));
#16072=VECTOR('',#19025,1.84);
#16073=CARTESIAN_POINT('',(-3.23,0.93,-1.645));
#16074=CARTESIAN_POINT('',(-3.93,0.23,-1.645));
#16075=VECTOR('',#19026,0.9899494936611);
#16076=CARTESIAN_POINT('',(-3.23,0.93,-1.645));
#16077=VECTOR('',#19027,1.84);
#16078=CARTESIAN_POINT('',(-4.82,1.82,-1.645));
#16079=VECTOR('',#19028,0.64);
#16080=CARTESIAN_POINT('',(-11.77,-2.77,-1.645));
#16081=CARTESIAN_POINT('',(-9.93,-2.77,-1.645));
#16082=CARTESIAN_POINT('',(-11.77,-2.77,-1.645));
#16083=VECTOR('',#19029,1.84);
#16084=CARTESIAN_POINT('',(-9.23,-2.07,-1.645));
#16085=CARTESIAN_POINT('',(-9.93,-2.77,-1.645));
#16086=VECTOR('',#19030,0.9899494936611);
#16087=CARTESIAN_POINT('',(-9.23,-0.23,-1.645));
#16088=CARTESIAN_POINT('',(-9.23,-2.07,-1.645));
#16089=VECTOR('',#19031,1.84);
#16090=CARTESIAN_POINT('',(-11.77,-0.23,-1.645));
#16091=CARTESIAN_POINT('',(-9.23,-0.23,-1.645));
#16092=VECTOR('',#19032,2.54);
#16093=CARTESIAN_POINT('',(-11.77,-0.23,-1.645));
#16094=VECTOR('',#19033,2.54);
#16095=CARTESIAN_POINT('',(-10.82,-1.82,-1.645));
#16096=VECTOR('',#19034,0.64);
#16097=CARTESIAN_POINT('',(-10.82,-1.18,-1.645));
#16098=VECTOR('',#19035,0.64);
#16099=CARTESIAN_POINT('',(-9.23,0.93,-1.645));
#16100=CARTESIAN_POINT('',(-9.23,2.77,-1.645));
#16101=CARTESIAN_POINT('',(-9.23,0.93,-1.645));
#16102=VECTOR('',#19036,1.84);
#16103=CARTESIAN_POINT('',(-11.77,2.77,-1.645));
#16104=CARTESIAN_POINT('',(-9.23,2.77,-1.645));
#16105=VECTOR('',#19037,2.54);
#16106=CARTESIAN_POINT('',(-11.77,0.23,-1.645));
#16107=CARTESIAN_POINT('',(-11.77,2.77,-1.645));
#16108=VECTOR('',#19038,2.54);
#16109=CARTESIAN_POINT('',(-9.93,0.23,-1.645));
#16110=CARTESIAN_POINT('',(-11.77,0.23,-1.645));
#16111=VECTOR('',#19039,1.84);
#16112=CARTESIAN_POINT('',(-9.93,0.23,-1.645));
#16113=VECTOR('',#19040,0.9899494936611);
#16114=CARTESIAN_POINT('',(-10.82,1.18,-1.645));
#16115=VECTOR('',#19041,0.64);
#16116=CARTESIAN_POINT('',(-10.82,1.82,-1.645));
#16117=VECTOR('',#19042,0.64);
#16118=CARTESIAN_POINT('',(-6.93,-2.77,-1.645));
#16119=CARTESIAN_POINT('',(-6.23,-2.07,-1.645));
#16120=CARTESIAN_POINT('',(-6.93,-2.77,-1.645));
#16121=VECTOR('',#19043,0.9899494936611);
#16122=CARTESIAN_POINT('',(-6.23,-0.23,-1.645));
#16123=CARTESIAN_POINT('',(-6.23,-2.07,-1.645));
#16124=VECTOR('',#19044,1.84);
#16125=CARTESIAN_POINT('',(-8.77,-0.23,-1.645));
#16126=CARTESIAN_POINT('',(-6.23,-0.23,-1.645));
#16127=VECTOR('',#19045,2.54);
#16128=CARTESIAN_POINT('',(-8.77,-2.77,-1.645));
#16129=CARTESIAN_POINT('',(-8.77,-0.23,-1.645));
#16130=VECTOR('',#19046,2.54);
#16131=CARTESIAN_POINT('',(-8.77,-2.77,-1.645));
#16132=VECTOR('',#19047,1.84);
#16133=CARTESIAN_POINT('',(-7.82,-1.82,-1.645));
#16134=VECTOR('',#19048,0.64);
#16135=CARTESIAN_POINT('',(-7.82,-1.18,-1.645));
#16136=VECTOR('',#19049,0.64);
#16137=CARTESIAN_POINT('',(-8.07,0.23,-1.645));
#16138=CARTESIAN_POINT('',(-6.23,0.23,-1.645));
#16139=CARTESIAN_POINT('',(-8.07,0.23,-1.645));
#16140=VECTOR('',#19050,1.84);
#16141=CARTESIAN_POINT('',(-6.23,2.77,-1.645));
#16142=CARTESIAN_POINT('',(-6.23,0.23,-1.645));
#16143=VECTOR('',#19051,2.54);
#16144=CARTESIAN_POINT('',(-8.77,2.77,-1.645));
#16145=CARTESIAN_POINT('',(-6.23,2.77,-1.645));
#16146=VECTOR('',#19052,2.54);
#16147=CARTESIAN_POINT('',(-8.77,0.93,-1.645));
#16148=CARTESIAN_POINT('',(-8.77,2.77,-1.645));
#16149=VECTOR('',#19053,1.84);
#16150=CARTESIAN_POINT('',(-8.77,0.93,-1.645));
#16151=VECTOR('',#19054,0.9899494936611);
#16152=CARTESIAN_POINT('',(-7.82,1.18,-1.645));
#16153=VECTOR('',#19055,0.64);
#16154=CARTESIAN_POINT('',(-7.82,1.82,-1.645));
#16155=VECTOR('',#19056,0.64);
#16156=CARTESIAN_POINT('',(9.23,0.23,4.955));
#16157=CARTESIAN_POINT('',(9.23,0.23,4.955));
#16158=VECTOR('',#19057,6.6);
#16159=CARTESIAN_POINT('',(9.23,2.77,4.955));
#16160=CARTESIAN_POINT('',(9.23,2.77,4.955));
#16161=VECTOR('',#19058,6.6);
#16162=CARTESIAN_POINT('',(9.23,2.77,4.955));
#16163=VECTOR('',#19059,2.54);
#16164=CARTESIAN_POINT('',(0.23,-2.07,4.955));
#16165=CARTESIAN_POINT('',(0.93,-2.77,4.955));
#16166=CARTESIAN_POINT('',(0.23,-2.07,4.955));
#16167=VECTOR('',#19060,0.9899494936611);
#16168=CARTESIAN_POINT('',(0.23,-0.23,4.955));
#16169=CARTESIAN_POINT('',(0.23,-0.23,4.955));
#16170=VECTOR('',#19061,1.84);
#16171=CARTESIAN_POINT('',(2.77,-0.23,4.955));
#16172=CARTESIAN_POINT('',(2.77,-0.23,4.955));
#16173=VECTOR('',#19062,2.54);
#16174=CARTESIAN_POINT('',(2.77,-2.77,4.955));
#16175=CARTESIAN_POINT('',(2.77,-2.77,4.955));
#16176=VECTOR('',#19063,2.54);
#16177=CARTESIAN_POINT('',(0.93,-2.77,4.955));
#16178=VECTOR('',#19064,1.84);
#16179=CARTESIAN_POINT('',(-8.77,0.93,4.955));
#16180=CARTESIAN_POINT('',(-8.07,0.23,4.955));
#16181=CARTESIAN_POINT('',(-8.77,0.93,4.955));
#16182=VECTOR('',#19065,0.9899494936611);
#16183=CARTESIAN_POINT('',(-8.77,2.77,4.955));
#16184=CARTESIAN_POINT('',(-8.77,2.77,4.955));
#16185=VECTOR('',#19066,1.84);
#16186=CARTESIAN_POINT('',(-6.23,2.77,4.955));
#16187=CARTESIAN_POINT('',(-8.77,2.77,4.955));
#16188=VECTOR('',#19067,2.54);
#16189=CARTESIAN_POINT('',(-6.23,0.23,4.955));
#16190=CARTESIAN_POINT('',(-6.23,0.23,4.955));
#16191=VECTOR('',#19068,2.54);
#16192=CARTESIAN_POINT('',(-8.07,0.23,4.955));
#16193=VECTOR('',#19069,1.84);
#16194=CARTESIAN_POINT('',(11.77,2.77,4.955));
#16195=CARTESIAN_POINT('',(11.77,2.77,4.955));
#16196=VECTOR('',#19070,2.54);
#16197=CARTESIAN_POINT('',(11.77,0.93,4.955));
#16198=CARTESIAN_POINT('',(11.77,0.93,4.955));
#16199=VECTOR('',#19071,1.84);
#16200=CARTESIAN_POINT('',(11.07,0.23,4.955));
#16201=CARTESIAN_POINT('',(11.07,0.23,4.955));
#16202=VECTOR('',#19072,0.9899494936611);
#16203=CARTESIAN_POINT('',(9.23,0.23,4.955));
#16204=VECTOR('',#19073,1.84);
#16205=CARTESIAN_POINT('',(11.77,-2.07,4.955));
#16206=CARTESIAN_POINT('',(11.77,-0.23,4.955));
#16207=CARTESIAN_POINT('',(11.77,-2.07,4.955));
#16208=VECTOR('',#19074,1.84);
#16209=CARTESIAN_POINT('',(11.07,-2.77,4.955));
#16210=CARTESIAN_POINT('',(11.07,-2.77,4.955));
#16211=VECTOR('',#19075,0.9899494936611);
#16212=CARTESIAN_POINT('',(9.23,-2.77,4.955));
#16213=CARTESIAN_POINT('',(9.23,-2.77,4.955));
#16214=VECTOR('',#19076,1.84);
#16215=CARTESIAN_POINT('',(9.23,-0.23,4.955));
#16216=CARTESIAN_POINT('',(9.23,-0.23,4.955));
#16217=VECTOR('',#19077,2.54);
#16218=CARTESIAN_POINT('',(11.77,-0.23,4.955));
#16219=VECTOR('',#19078,2.54);
#16220=CARTESIAN_POINT('',(8.77,-0.23,4.955));
#16221=CARTESIAN_POINT('',(6.23,-0.23,4.955));
#16222=CARTESIAN_POINT('',(8.77,-0.23,4.955));
#16223=VECTOR('',#19079,2.54);
#16224=CARTESIAN_POINT('',(8.77,-2.07,4.955));
#16225=CARTESIAN_POINT('',(8.77,-2.07,4.955));
#16226=VECTOR('',#19080,1.84);
#16227=CARTESIAN_POINT('',(8.07,-2.77,4.955));
#16228=CARTESIAN_POINT('',(8.07,-2.77,4.955));
#16229=VECTOR('',#19081,0.9899494936611);
#16230=CARTESIAN_POINT('',(6.23,-2.77,4.955));
#16231=CARTESIAN_POINT('',(8.07,-2.77,4.955));
#16232=VECTOR('',#19082,1.84);
#16233=CARTESIAN_POINT('',(6.23,-0.23,4.955));
#16234=VECTOR('',#19083,2.54);
#16235=CARTESIAN_POINT('',(6.23,2.77,4.955));
#16236=CARTESIAN_POINT('',(6.23,0.23,4.955));
#16237=CARTESIAN_POINT('',(6.23,2.77,4.955));
#16238=VECTOR('',#19084,2.54);
#16239=CARTESIAN_POINT('',(8.77,2.77,4.955));
#16240=CARTESIAN_POINT('',(8.77,2.77,4.955));
#16241=VECTOR('',#19085,2.54);
#16242=CARTESIAN_POINT('',(8.77,0.93,4.955));
#16243=CARTESIAN_POINT('',(8.77,0.93,4.955));
#16244=VECTOR('',#19086,1.84);
#16245=CARTESIAN_POINT('',(8.07,0.23,4.955));
#16246=CARTESIAN_POINT('',(8.07,0.23,4.955));
#16247=VECTOR('',#19087,0.9899494936611);
#16248=CARTESIAN_POINT('',(8.07,0.23,4.955));
#16249=VECTOR('',#19088,1.84);
#16250=CARTESIAN_POINT('',(3.23,2.77,4.955));
#16251=CARTESIAN_POINT('',(3.23,0.23,4.955));
#16252=CARTESIAN_POINT('',(3.23,2.77,4.955));
#16253=VECTOR('',#19089,2.54);
#16254=CARTESIAN_POINT('',(5.77,2.77,4.955));
#16255=CARTESIAN_POINT('',(5.77,2.77,4.955));
#16256=VECTOR('',#19090,2.54);
#16257=CARTESIAN_POINT('',(5.77,0.93,4.955));
#16258=CARTESIAN_POINT('',(5.77,0.93,4.955));
#16259=VECTOR('',#19091,1.84);
#16260=CARTESIAN_POINT('',(5.07,0.23,4.955));
#16261=CARTESIAN_POINT('',(5.07,0.23,4.955));
#16262=VECTOR('',#19092,0.9899494936611);
#16263=CARTESIAN_POINT('',(3.23,0.23,4.955));
#16264=VECTOR('',#19093,1.84);
#16265=CARTESIAN_POINT('',(5.77,-2.77,4.955));
#16266=CARTESIAN_POINT('',(5.77,-0.23,4.955));
#16267=CARTESIAN_POINT('',(5.77,-2.77,4.955));
#16268=VECTOR('',#19094,2.54);
#16269=CARTESIAN_POINT('',(3.93,-2.77,4.955));
#16270=CARTESIAN_POINT('',(3.93,-2.77,4.955));
#16271=VECTOR('',#19095,1.84);
#16272=CARTESIAN_POINT('',(3.23,-2.07,4.955));
#16273=CARTESIAN_POINT('',(3.23,-2.07,4.955));
#16274=VECTOR('',#19096,0.9899494936611);
#16275=CARTESIAN_POINT('',(3.23,-0.23,4.955));
#16276=CARTESIAN_POINT('',(3.23,-0.23,4.955));
#16277=VECTOR('',#19097,1.84);
#16278=CARTESIAN_POINT('',(5.77,-0.23,4.955));
#16279=VECTOR('',#19098,2.54);
#16280=CARTESIAN_POINT('',(0.23,0.93,4.955));
#16281=CARTESIAN_POINT('',(0.93,0.23,4.955));
#16282=CARTESIAN_POINT('',(0.23,0.93,4.955));
#16283=VECTOR('',#19099,0.9899494936611);
#16284=CARTESIAN_POINT('',(0.23,2.77,4.955));
#16285=CARTESIAN_POINT('',(0.23,2.77,4.955));
#16286=VECTOR('',#19100,1.84);
#16287=CARTESIAN_POINT('',(2.77,2.77,4.955));
#16288=CARTESIAN_POINT('',(2.77,2.77,4.955));
#16289=VECTOR('',#19101,2.54);
#16290=CARTESIAN_POINT('',(2.77,0.23,4.955));
#16291=CARTESIAN_POINT('',(2.77,0.23,4.955));
#16292=VECTOR('',#19102,2.54);
#16293=CARTESIAN_POINT('',(0.93,0.23,4.955));
#16294=VECTOR('',#19103,1.84);
#16295=CARTESIAN_POINT('',(-0.23,-2.07,4.955));
#16296=CARTESIAN_POINT('',(-0.23,-0.23,4.955));
#16297=CARTESIAN_POINT('',(-0.23,-2.07,4.955));
#16298=VECTOR('',#19104,1.84);
#16299=CARTESIAN_POINT('',(-0.93,-2.77,4.955));
#16300=CARTESIAN_POINT('',(-0.93,-2.77,4.955));
#16301=VECTOR('',#19105,0.9899494936611);
#16302=CARTESIAN_POINT('',(-2.77,-2.77,4.955));
#16303=CARTESIAN_POINT('',(-2.77,-2.77,4.955));
#16304=VECTOR('',#19106,1.84);
#16305=CARTESIAN_POINT('',(-2.77,-0.23,4.955));
#16306=CARTESIAN_POINT('',(-2.77,-0.23,4.955));
#16307=VECTOR('',#19107,2.54);
#16308=CARTESIAN_POINT('',(-0.23,-0.23,4.955));
#16309=VECTOR('',#19108,2.54);
#16310=CARTESIAN_POINT('',(-2.77,2.77,4.955));
#16311=CARTESIAN_POINT('',(-2.77,0.23,4.955));
#16312=CARTESIAN_POINT('',(-2.77,2.77,4.955));
#16313=VECTOR('',#19109,2.54);
#16314=CARTESIAN_POINT('',(-0.23,2.77,4.955));
#16315=CARTESIAN_POINT('',(-0.23,2.77,4.955));
#16316=VECTOR('',#19110,2.54);
#16317=CARTESIAN_POINT('',(-0.23,0.93,4.955));
#16318=CARTESIAN_POINT('',(-0.23,0.93,4.955));
#16319=VECTOR('',#19111,1.84);
#16320=CARTESIAN_POINT('',(-0.93,0.23,4.955));
#16321=CARTESIAN_POINT('',(-0.93,0.23,4.955));
#16322=VECTOR('',#19112,0.9899494936611);
#16323=CARTESIAN_POINT('',(-2.77,0.23,4.955));
#16324=VECTOR('',#19113,1.84);
#16325=CARTESIAN_POINT('',(-5.77,-2.77,4.955));
#16326=CARTESIAN_POINT('',(-3.23,-2.77,4.955));
#16327=CARTESIAN_POINT('',(-5.77,-2.77,4.955));
#16328=VECTOR('',#19114,2.54);
#16329=CARTESIAN_POINT('',(-5.77,-0.23,4.955));
#16330=CARTESIAN_POINT('',(-5.77,-0.23,4.955));
#16331=VECTOR('',#19115,2.54);
#16332=CARTESIAN_POINT('',(-3.23,-0.23,4.955));
#16333=CARTESIAN_POINT('',(-3.23,-0.23,4.955));
#16334=VECTOR('',#19116,2.54);
#16335=CARTESIAN_POINT('',(-3.23,-2.77,4.955));
#16336=VECTOR('',#19117,2.54);
#16337=CARTESIAN_POINT('',(-3.93,0.23,4.955));
#16338=CARTESIAN_POINT('',(-3.23,0.93,4.955));
#16339=CARTESIAN_POINT('',(-3.93,0.23,4.955));
#16340=VECTOR('',#19118,0.9899494936611);
#16341=CARTESIAN_POINT('',(-5.77,0.23,4.955));
#16342=CARTESIAN_POINT('',(-5.77,0.23,4.955));
#16343=VECTOR('',#19119,1.84);
#16344=CARTESIAN_POINT('',(-5.77,2.77,4.955));
#16345=CARTESIAN_POINT('',(-5.77,2.77,4.955));
#16346=VECTOR('',#19120,2.54);
#16347=CARTESIAN_POINT('',(-3.23,2.77,4.955));
#16348=CARTESIAN_POINT('',(-3.23,2.77,4.955));
#16349=VECTOR('',#19121,2.54);
#16350=CARTESIAN_POINT('',(-3.23,0.93,4.955));
#16351=VECTOR('',#19122,1.84);
#16352=CARTESIAN_POINT('',(-9.23,-0.23,4.955));
#16353=CARTESIAN_POINT('',(-11.77,-0.23,4.955));
#16354=CARTESIAN_POINT('',(-9.23,-0.23,4.955));
#16355=VECTOR('',#19123,2.54);
#16356=CARTESIAN_POINT('',(-9.23,-2.07,4.955));
#16357=CARTESIAN_POINT('',(-9.23,-2.07,4.955));
#16358=VECTOR('',#19124,1.84);
#16359=CARTESIAN_POINT('',(-9.93,-2.77,4.955));
#16360=CARTESIAN_POINT('',(-9.93,-2.77,4.955));
#16361=VECTOR('',#19125,0.9899494936611);
#16362=CARTESIAN_POINT('',(-11.77,-2.77,4.955));
#16363=CARTESIAN_POINT('',(-11.77,-2.77,4.955));
#16364=VECTOR('',#19126,1.84);
#16365=CARTESIAN_POINT('',(-11.77,-0.23,4.955));
#16366=VECTOR('',#19127,2.54);
#16367=CARTESIAN_POINT('',(-11.77,0.23,4.955));
#16368=CARTESIAN_POINT('',(-9.93,0.23,4.955));
#16369=CARTESIAN_POINT('',(-11.77,0.23,4.955));
#16370=VECTOR('',#19128,1.84);
#16371=CARTESIAN_POINT('',(-11.77,2.77,4.955));
#16372=CARTESIAN_POINT('',(-11.77,2.77,4.955));
#16373=VECTOR('',#19129,2.54);
#16374=CARTESIAN_POINT('',(-9.23,2.77,4.955));
#16375=CARTESIAN_POINT('',(-9.23,2.77,4.955));
#16376=VECTOR('',#19130,2.54);
#16377=CARTESIAN_POINT('',(-9.23,0.93,4.955));
#16378=CARTESIAN_POINT('',(-9.23,0.93,4.955));
#16379=VECTOR('',#19131,1.84);
#16380=CARTESIAN_POINT('',(-9.93,0.23,4.955));
#16381=VECTOR('',#19132,0.9899494936611);
#16382=CARTESIAN_POINT('',(-8.77,-0.23,4.955));
#16383=CARTESIAN_POINT('',(-8.77,-2.77,4.955));
#16384=CARTESIAN_POINT('',(-8.77,-0.23,4.955));
#16385=VECTOR('',#19133,2.54);
#16386=CARTESIAN_POINT('',(-6.23,-0.23,4.955));
#16387=CARTESIAN_POINT('',(-8.77,-0.23,4.955));
#16388=VECTOR('',#19134,2.54);
#16389=CARTESIAN_POINT('',(-6.23,-2.07,4.955));
#16390=CARTESIAN_POINT('',(-6.23,-2.07,4.955));
#16391=VECTOR('',#19135,1.84);
#16392=CARTESIAN_POINT('',(-6.93,-2.77,4.955));
#16393=CARTESIAN_POINT('',(-6.93,-2.77,4.955));
#16394=VECTOR('',#19136,0.9899494936611);
#16395=CARTESIAN_POINT('',(-8.77,-2.77,4.955));
#16396=VECTOR('',#19137,1.84);
#16397=CARTESIAN_POINT('',(2.77,-2.77,4.955));
#16398=VECTOR('',#19138,6.6);
#16399=CARTESIAN_POINT('',(0.93,-2.77,4.955));
#16400=VECTOR('',#19139,6.6);
#16401=CARTESIAN_POINT('',(0.23,-2.07,4.955));
#16402=VECTOR('',#19140,6.6);
#16403=CARTESIAN_POINT('',(0.23,-0.23,4.955));
#16404=VECTOR('',#19141,6.6);
#16405=CARTESIAN_POINT('',(2.77,-0.23,4.955));
#16406=VECTOR('',#19142,6.6);
#16407=CARTESIAN_POINT('',(-6.23,0.23,4.955));
#16408=VECTOR('',#19143,6.6);
#16409=CARTESIAN_POINT('',(-8.07,0.23,4.955));
#16410=VECTOR('',#19144,6.6);
#16411=CARTESIAN_POINT('',(-8.77,0.93,4.955));
#16412=VECTOR('',#19145,6.6);
#16413=CARTESIAN_POINT('',(-8.77,2.77,4.955));
#16414=VECTOR('',#19146,6.6);
#16415=CARTESIAN_POINT('',(-6.23,2.77,4.955));
#16416=VECTOR('',#19147,6.6);
#16417=CARTESIAN_POINT('',(11.07,0.23,4.955));
#16418=VECTOR('',#19148,6.6);
#16419=CARTESIAN_POINT('',(11.77,0.93,4.955));
#16420=VECTOR('',#19149,6.6);
#16421=CARTESIAN_POINT('',(11.77,2.77,4.955));
#16422=VECTOR('',#19150,6.6);
#16423=CARTESIAN_POINT('',(9.23,-0.23,4.955));
#16424=VECTOR('',#19151,6.6);
#16425=CARTESIAN_POINT('',(11.77,-0.23,4.955));
#16426=VECTOR('',#19152,6.6);
#16427=CARTESIAN_POINT('',(11.77,-2.07,4.955));
#16428=VECTOR('',#19153,6.6);
#16429=CARTESIAN_POINT('',(11.07,-2.77,4.955));
#16430=VECTOR('',#19154,6.6);
#16431=CARTESIAN_POINT('',(9.23,-2.77,4.955));
#16432=VECTOR('',#19155,6.6);
#16433=CARTESIAN_POINT('',(6.23,-2.77,4.955));
#16434=VECTOR('',#19156,6.6);
#16435=CARTESIAN_POINT('',(6.23,-0.23,4.955));
#16436=VECTOR('',#19157,6.6);
#16437=CARTESIAN_POINT('',(8.77,-0.23,4.955));
#16438=VECTOR('',#19158,6.6);
#16439=CARTESIAN_POINT('',(8.77,-2.07,4.955));
#16440=VECTOR('',#19159,6.6);
#16441=CARTESIAN_POINT('',(8.07,-2.77,4.955));
#16442=VECTOR('',#19160,6.6);
#16443=CARTESIAN_POINT('',(8.07,0.23,4.955));
#16444=VECTOR('',#19161,6.6);
#16445=CARTESIAN_POINT('',(6.23,0.23,4.955));
#16446=VECTOR('',#19162,6.6);
#16447=CARTESIAN_POINT('',(6.23,2.77,4.955));
#16448=VECTOR('',#19163,6.6);
#16449=CARTESIAN_POINT('',(8.77,2.77,4.955));
#16450=VECTOR('',#19164,6.6);
#16451=CARTESIAN_POINT('',(8.77,0.93,4.955));
#16452=VECTOR('',#19165,6.6);
#16453=CARTESIAN_POINT('',(5.07,0.23,4.955));
#16454=VECTOR('',#19166,6.6);
#16455=CARTESIAN_POINT('',(3.23,0.23,4.955));
#16456=VECTOR('',#19167,6.6);
#16457=CARTESIAN_POINT('',(3.23,2.77,4.955));
#16458=VECTOR('',#19168,6.6);
#16459=CARTESIAN_POINT('',(5.77,2.77,4.955));
#16460=VECTOR('',#19169,6.6);
#16461=CARTESIAN_POINT('',(5.77,0.93,4.955));
#16462=VECTOR('',#19170,6.6);
#16463=CARTESIAN_POINT('',(3.23,-0.23,4.955));
#16464=VECTOR('',#19171,6.6);
#16465=CARTESIAN_POINT('',(5.77,-0.23,4.955));
#16466=VECTOR('',#19172,6.6);
#16467=CARTESIAN_POINT('',(5.77,-2.77,4.955));
#16468=VECTOR('',#19173,6.6);
#16469=CARTESIAN_POINT('',(3.93,-2.77,4.955));
#16470=VECTOR('',#19174,6.6);
#16471=CARTESIAN_POINT('',(3.23,-2.07,4.955));
#16472=VECTOR('',#19175,6.6);
#16473=CARTESIAN_POINT('',(2.77,0.23,4.955));
#16474=VECTOR('',#19176,6.6);
#16475=CARTESIAN_POINT('',(0.93,0.23,4.955));
#16476=VECTOR('',#19177,6.6);
#16477=CARTESIAN_POINT('',(0.23,0.93,4.955));
#16478=VECTOR('',#19178,6.6);
#16479=CARTESIAN_POINT('',(0.23,2.77,4.955));
#16480=VECTOR('',#19179,6.6);
#16481=CARTESIAN_POINT('',(2.77,2.77,4.955));
#16482=VECTOR('',#19180,6.6);
#16483=CARTESIAN_POINT('',(-2.77,-0.23,4.955));
#16484=VECTOR('',#19181,6.6);
#16485=CARTESIAN_POINT('',(-0.23,-0.23,4.955));
#16486=VECTOR('',#19182,6.6);
#16487=CARTESIAN_POINT('',(-0.23,-2.07,4.955));
#16488=VECTOR('',#19183,6.6);
#16489=CARTESIAN_POINT('',(-0.93,-2.77,4.955));
#16490=VECTOR('',#19184,6.6);
#16491=CARTESIAN_POINT('',(-2.77,-2.77,4.955));
#16492=VECTOR('',#19185,6.6);
#16493=CARTESIAN_POINT('',(-0.93,0.23,4.955));
#16494=VECTOR('',#19186,6.6);
#16495=CARTESIAN_POINT('',(-2.77,0.23,4.955));
#16496=VECTOR('',#19187,6.6);
#16497=CARTESIAN_POINT('',(-2.77,2.77,4.955));
#16498=VECTOR('',#19188,6.6);
#16499=CARTESIAN_POINT('',(-0.23,2.77,4.955));
#16500=VECTOR('',#19189,6.6);
#16501=CARTESIAN_POINT('',(-0.23,0.93,4.955));
#16502=VECTOR('',#19190,6.6);
#16503=CARTESIAN_POINT('',(-3.23,-0.23,4.955));
#16504=VECTOR('',#19191,6.6);
#16505=CARTESIAN_POINT('',(-3.23,-2.77,4.955));
#16506=VECTOR('',#19192,6.6);
#16507=CARTESIAN_POINT('',(-5.77,-2.77,4.955));
#16508=VECTOR('',#19193,6.6);
#16509=CARTESIAN_POINT('',(-5.77,-0.23,4.955));
#16510=VECTOR('',#19194,6.6);
#16511=CARTESIAN_POINT('',(-3.23,2.77,4.955));
#16512=VECTOR('',#19195,6.6);
#16513=CARTESIAN_POINT('',(-3.23,0.93,4.955));
#16514=VECTOR('',#19196,6.6);
#16515=CARTESIAN_POINT('',(-3.93,0.23,4.955));
#16516=VECTOR('',#19197,6.6);
#16517=CARTESIAN_POINT('',(-5.77,0.23,4.955));
#16518=VECTOR('',#19198,6.6);
#16519=CARTESIAN_POINT('',(-5.77,2.77,4.955));
#16520=VECTOR('',#19199,6.6);
#16521=CARTESIAN_POINT('',(-11.77,-2.77,4.955));
#16522=VECTOR('',#19200,6.6);
#16523=CARTESIAN_POINT('',(-11.77,-0.23,4.955));
#16524=VECTOR('',#19201,6.6);
#16525=CARTESIAN_POINT('',(-9.23,-0.23,4.955));
#16526=VECTOR('',#19202,6.6);
#16527=CARTESIAN_POINT('',(-9.23,-2.07,4.955));
#16528=VECTOR('',#19203,6.6);
#16529=CARTESIAN_POINT('',(-9.93,-2.77,4.955));
#16530=VECTOR('',#19204,6.6);
#16531=CARTESIAN_POINT('',(-9.23,0.93,4.955));
#16532=VECTOR('',#19205,6.6);
#16533=CARTESIAN_POINT('',(-9.93,0.23,4.955));
#16534=VECTOR('',#19206,6.6);
#16535=CARTESIAN_POINT('',(-11.77,0.23,4.955));
#16536=VECTOR('',#19207,6.6);
#16537=CARTESIAN_POINT('',(-11.77,2.77,4.955));
#16538=VECTOR('',#19208,6.6);
#16539=CARTESIAN_POINT('',(-9.23,2.77,4.955));
#16540=VECTOR('',#19209,6.6);
#16541=CARTESIAN_POINT('',(-6.93,-2.77,4.955));
#16542=VECTOR('',#19210,6.6);
#16543=CARTESIAN_POINT('',(-8.77,-2.77,4.955));
#16544=VECTOR('',#19211,6.6);
#16545=CARTESIAN_POINT('',(-8.77,-0.23,4.955));
#16546=VECTOR('',#19212,6.6);
#16547=CARTESIAN_POINT('',(-6.23,-0.23,4.955));
#16548=VECTOR('',#19213,6.6);
#16549=CARTESIAN_POINT('',(-6.23,-2.07,4.955));
#16550=VECTOR('',#19214,6.6);
#16551=CARTESIAN_POINT('',(10.82,-0.32,-4.955));
#16552=CARTESIAN_POINT('',(10.82,-0.32,-4.285));
#16553=VECTOR('',#19215,0.67);
#16554=CARTESIAN_POINT('',(10.82,0.32,-4.955));
#16555=CARTESIAN_POINT('',(10.82,-0.32,-4.955));
#16556=VECTOR('',#19216,0.64);
#16557=CARTESIAN_POINT('',(10.82,0.32,-4.955));
#16558=VECTOR('',#19217,0.67);
#16559=CARTESIAN_POINT('',(10.82,1.18,1.555));
#16560=CARTESIAN_POINT('',(10.82,1.18,1.555));
#16561=VECTOR('',#19218,3.2);
#16562=CARTESIAN_POINT('',(10.82,1.82,1.555));
#16563=CARTESIAN_POINT('',(10.82,1.82,-1.645));
#16564=VECTOR('',#19219,3.2);
#16565=CARTESIAN_POINT('',(10.82,1.82,1.555));
#16566=VECTOR('',#19220,0.64);
#16567=CARTESIAN_POINT('',(10.82,-1.82,1.555));
#16568=CARTESIAN_POINT('',(10.82,-1.82,1.555));
#16569=VECTOR('',#19221,3.2);
#16570=CARTESIAN_POINT('',(10.82,-1.18,1.555));
#16571=CARTESIAN_POINT('',(10.82,-1.18,-1.645));
#16572=VECTOR('',#19222,3.2);
#16573=CARTESIAN_POINT('',(10.82,-1.18,1.555));
#16574=VECTOR('',#19223,0.64);
#16575=CARTESIAN_POINT('',(10.82,-6.12,-7.285));
#16576=CARTESIAN_POINT('',(10.82,1.589,-7.285));
#16577=CARTESIAN_POINT('',(10.82,-6.12,-7.285));
#16578=VECTOR('',#19224,7.709);
#16579=CARTESIAN_POINT('',(10.82,1.589,-7.285));
#16580=VECTOR('',#19225,3.0);
#16581=CARTESIAN_POINT('',(10.82,0.949,-6.645));
#16582=CARTESIAN_POINT('',(10.82,0.949,-4.285));
#16583=VECTOR('',#19226,2.36);
#16584=CARTESIAN_POINT('',(10.82,-6.12,-6.645));
#16585=CARTESIAN_POINT('',(10.82,0.949,-6.645));
#16586=VECTOR('',#19227,7.069);
#16587=CARTESIAN_POINT('',(10.82,-6.12,-6.645));
#16588=VECTOR('',#19228,0.64);
#16589=CARTESIAN_POINT('',(10.82,-6.12,-3.645));
#16590=CARTESIAN_POINT('',(10.82,-3.43,-3.645));
#16591=VECTOR('',#19229,2.69);
#16592=CARTESIAN_POINT('',(10.82,-6.12,-3.645));
#16593=VECTOR('',#19230,0.64);
#16594=CARTESIAN_POINT('',(10.18,0.32,-4.955));
#16595=CARTESIAN_POINT('',(10.82,0.32,-4.955));
#16596=VECTOR('',#19231,0.64);
#16597=CARTESIAN_POINT('',(10.18,0.32,-4.955));
#16598=VECTOR('',#19232,0.67);
#16599=CARTESIAN_POINT('',(10.18,0.32,-3.655));
#16600=CARTESIAN_POINT('',(10.18,0.32,-4.285));
#16601=VECTOR('',#19233,0.63);
#16602=CARTESIAN_POINT('',(10.18,0.32,-3.655));
#16603=VECTOR('',#19234,0.64);
#16604=CARTESIAN_POINT('',(10.18,1.589,-3.655));
#16605=CARTESIAN_POINT('',(10.18,1.589,-3.655));
#16606=VECTOR('',#19235,0.64);
#16607=CARTESIAN_POINT('',(10.18,3.175,-3.655));
#16608=VECTOR('',#19236,1.586);
#16609=CARTESIAN_POINT('',(10.18,0.949,-3.655));
#16610=CARTESIAN_POINT('',(10.18,0.949,-3.655));
#16611=VECTOR('',#19237,0.64);
#16612=CARTESIAN_POINT('',(10.18,0.949,-3.655));
#16613=VECTOR('',#19238,0.629);
#16614=CARTESIAN_POINT('',(10.18,-1.18,-3.655));
#16615=CARTESIAN_POINT('',(10.18,-1.18,-3.655));
#16616=VECTOR('',#19239,0.64);
#16617=CARTESIAN_POINT('',(10.18,-0.32,-3.655));
#16618=CARTESIAN_POINT('',(10.18,-0.32,-3.655));
#16619=VECTOR('',#19240,0.86);
#16620=CARTESIAN_POINT('',(10.18,-0.32,-3.655));
#16621=VECTOR('',#19241,0.64);
#16622=CARTESIAN_POINT('',(10.18,1.589,-4.285));
#16623=VECTOR('',#19242,0.63);
#16624=CARTESIAN_POINT('',(10.18,0.949,-4.285));
#16625=VECTOR('',#19243,0.63);
#16626=CARTESIAN_POINT('',(10.18,-0.32,-4.285));
#16627=VECTOR('',#19244,0.63);
#16628=CARTESIAN_POINT('',(10.18,-1.18,-3.655));
#16629=VECTOR('',#19245,0.63);
#16630=CARTESIAN_POINT('',(10.18,1.589,-7.285));
#16631=CARTESIAN_POINT('',(10.82,1.589,-7.285));
#16632=VECTOR('',#19246,0.64);
#16633=CARTESIAN_POINT('',(10.18,1.589,-7.285));
#16634=VECTOR('',#19247,3.0);
#16635=CARTESIAN_POINT('',(10.18,-0.32,-4.955));
#16636=CARTESIAN_POINT('',(10.18,-0.32,-4.955));
#16637=VECTOR('',#19248,0.64);
#16638=CARTESIAN_POINT('',(10.18,-0.32,-4.285));
#16639=VECTOR('',#19249,0.67);
#16640=CARTESIAN_POINT('',(10.18,1.82,1.555));
#16641=CARTESIAN_POINT('',(10.18,1.82,-1.645));
#16642=VECTOR('',#19250,3.2);
#16643=CARTESIAN_POINT('',(10.18,1.18,1.555));
#16644=CARTESIAN_POINT('',(10.18,1.18,1.555));
#16645=VECTOR('',#19251,3.2);
#16646=CARTESIAN_POINT('',(10.18,1.18,1.555));
#16647=VECTOR('',#19252,0.64);
#16648=CARTESIAN_POINT('',(10.18,-1.18,1.555));
#16649=CARTESIAN_POINT('',(10.18,-1.18,-1.645));
#16650=VECTOR('',#19253,3.2);
#16651=CARTESIAN_POINT('',(10.18,-1.82,1.555));
#16652=CARTESIAN_POINT('',(10.18,-1.82,1.555));
#16653=VECTOR('',#19254,3.2);
#16654=CARTESIAN_POINT('',(10.18,-1.82,1.555));
#16655=VECTOR('',#19255,0.64);
#16656=CARTESIAN_POINT('',(10.18,0.949,-6.645));
#16657=CARTESIAN_POINT('',(10.18,-6.12,-6.645));
#16658=CARTESIAN_POINT('',(10.18,0.949,-6.645));
#16659=VECTOR('',#19256,7.069);
#16660=CARTESIAN_POINT('',(10.18,0.949,-4.285));
#16661=VECTOR('',#19257,2.36);
#16662=CARTESIAN_POINT('',(10.18,-6.12,-7.285));
#16663=CARTESIAN_POINT('',(10.18,-6.12,-7.285));
#16664=VECTOR('',#19258,7.709);
#16665=CARTESIAN_POINT('',(10.18,-6.12,-7.285));
#16666=VECTOR('',#19259,0.64);
#16667=CARTESIAN_POINT('',(10.18,-6.12,-3.645));
#16668=CARTESIAN_POINT('',(10.18,-3.43,-3.645));
#16669=VECTOR('',#19260,2.69);
#16670=CARTESIAN_POINT('',(10.18,-6.12,-4.285));
#16671=VECTOR('',#19261,0.64);
#16672=CARTESIAN_POINT('',(10.82,-0.32,-4.955));
#16673=VECTOR('',#19262,0.64);
#16674=CARTESIAN_POINT('',(10.36,1.36,2.555));
#16675=CARTESIAN_POINT('',(10.36,1.36,2.555));
#16676=VECTOR('',#19263,1.031891467161);
#16677=CARTESIAN_POINT('',(10.36,1.64,2.555));
#16678=CARTESIAN_POINT('',(10.36,1.36,2.555));
#16679=VECTOR('',#19264,0.28);
#16680=CARTESIAN_POINT('',(10.18,1.82,1.555));
#16681=VECTOR('',#19265,1.031891467161);
#16682=CARTESIAN_POINT('',(10.82,1.82,1.555));
#16683=VECTOR('',#19266,0.64);
#16684=CARTESIAN_POINT('',(10.64,1.64,2.555));
#16685=CARTESIAN_POINT('',(10.64,1.64,2.555));
#16686=VECTOR('',#19267,0.28);
#16687=CARTESIAN_POINT('',(10.64,1.64,2.555));
#16688=VECTOR('',#19268,1.031891467161);
#16689=CARTESIAN_POINT('',(10.64,1.36,2.555));
#16690=CARTESIAN_POINT('',(10.82,1.18,1.555));
#16691=VECTOR('',#19269,1.031891467161);
#16692=CARTESIAN_POINT('',(10.64,1.64,2.555));
#16693=VECTOR('',#19270,0.28);
#16694=CARTESIAN_POINT('',(10.64,1.36,2.555));
#16695=VECTOR('',#19271,0.28);
#16696=CARTESIAN_POINT('',(10.82,1.18,1.555));
#16697=VECTOR('',#19272,0.64);
#16698=CARTESIAN_POINT('',(10.36,-1.64,2.555));
#16699=CARTESIAN_POINT('',(10.36,-1.64,2.555));
#16700=VECTOR('',#19273,1.031891467161);
#16701=CARTESIAN_POINT('',(10.36,-1.36,2.555));
#16702=CARTESIAN_POINT('',(10.36,-1.64,2.555));
#16703=VECTOR('',#19274,0.28);
#16704=CARTESIAN_POINT('',(10.36,-1.36,2.555));
#16705=VECTOR('',#19275,1.031891467161);
#16706=CARTESIAN_POINT('',(10.64,-1.36,2.555));
#16707=CARTESIAN_POINT('',(10.64,-1.36,2.555));
#16708=VECTOR('',#19276,0.28);
#16709=CARTESIAN_POINT('',(10.64,-1.36,2.555));
#16710=VECTOR('',#19277,1.031891467161);
#16711=CARTESIAN_POINT('',(10.82,-1.18,1.555));
#16712=VECTOR('',#19278,0.64);
#16713=CARTESIAN_POINT('',(10.64,-1.64,2.555));
#16714=CARTESIAN_POINT('',(10.82,-1.82,1.555));
#16715=VECTOR('',#19279,1.031891467161);
#16716=CARTESIAN_POINT('',(10.64,-1.36,2.555));
#16717=VECTOR('',#19280,0.28);
#16718=CARTESIAN_POINT('',(10.64,-1.64,2.555));
#16719=VECTOR('',#19281,0.28);
#16720=CARTESIAN_POINT('',(10.82,-1.82,1.555));
#16721=VECTOR('',#19282,0.64);
#16722=CARTESIAN_POINT('',(10.36,-7.12,-7.105));
#16723=CARTESIAN_POINT('',(10.36,-7.12,-7.105));
#16724=VECTOR('',#19283,1.031891467161);
#16725=CARTESIAN_POINT('',(10.36,-7.12,-6.825));
#16726=CARTESIAN_POINT('',(10.36,-7.12,-7.105));
#16727=VECTOR('',#19284,0.28);
#16728=CARTESIAN_POINT('',(10.36,-7.12,-6.825));
#16729=VECTOR('',#19285,1.031891467161);
#16730=CARTESIAN_POINT('',(10.64,-7.12,-6.825));
#16731=CARTESIAN_POINT('',(10.64,-7.12,-6.825));
#16732=VECTOR('',#19286,0.28);
#16733=CARTESIAN_POINT('',(10.64,-7.12,-6.825));
#16734=VECTOR('',#19287,1.031891467161);
#16735=CARTESIAN_POINT('',(10.82,-6.12,-6.645));
#16736=VECTOR('',#19288,0.64);
#16737=CARTESIAN_POINT('',(10.82,0.949,-6.645));
#16738=VECTOR('',#19289,0.64);
#16739=CARTESIAN_POINT('',(10.64,-7.12,-7.105));
#16740=CARTESIAN_POINT('',(10.82,-6.12,-7.285));
#16741=VECTOR('',#19290,1.031891467161);
#16742=CARTESIAN_POINT('',(10.64,-7.12,-6.825));
#16743=VECTOR('',#19291,0.28);
#16744=CARTESIAN_POINT('',(10.64,-7.12,-7.105));
#16745=VECTOR('',#19292,0.28);
#16746=CARTESIAN_POINT('',(10.82,-6.12,-7.285));
#16747=VECTOR('',#19293,0.64);
#16748=CARTESIAN_POINT('',(10.36,-7.12,-4.105));
#16749=CARTESIAN_POINT('',(10.36,-7.12,-4.105));
#16750=VECTOR('',#19294,1.031891467161);
#16751=CARTESIAN_POINT('',(10.36,-7.12,-3.825));
#16752=CARTESIAN_POINT('',(10.36,-7.12,-4.105));
#16753=VECTOR('',#19295,0.28);
#16754=CARTESIAN_POINT('',(10.36,-7.12,-3.825));
#16755=VECTOR('',#19296,1.031891467161);
#16756=CARTESIAN_POINT('',(10.64,-7.12,-3.825));
#16757=CARTESIAN_POINT('',(10.64,-7.12,-3.825));
#16758=VECTOR('',#19297,0.28);
#16759=CARTESIAN_POINT('',(10.64,-7.12,-3.825));
#16760=VECTOR('',#19298,1.031891467161);
#16761=CARTESIAN_POINT('',(10.82,-6.12,-3.645));
#16762=VECTOR('',#19299,0.64);
#16763=CARTESIAN_POINT('',(10.64,-7.12,-4.105));
#16764=CARTESIAN_POINT('',(10.82,-6.12,-4.285));
#16765=VECTOR('',#19300,1.031891467161);
#16766=CARTESIAN_POINT('',(10.64,-7.12,-3.825));
#16767=VECTOR('',#19301,0.28);
#16768=CARTESIAN_POINT('',(10.64,-7.12,-4.105));
#16769=VECTOR('',#19302,0.28);
#16770=CARTESIAN_POINT('',(7.82,-0.32,-4.955));
#16771=CARTESIAN_POINT('',(7.82,-0.32,-4.285));
#16772=VECTOR('',#19303,0.67);
#16773=CARTESIAN_POINT('',(7.82,0.32,-4.955));
#16774=CARTESIAN_POINT('',(7.82,-0.32,-4.955));
#16775=VECTOR('',#19304,0.64);
#16776=CARTESIAN_POINT('',(7.82,0.32,-4.955));
#16777=VECTOR('',#19305,0.67);
#16778=CARTESIAN_POINT('',(7.82,1.18,1.555));
#16779=CARTESIAN_POINT('',(7.82,1.18,1.555));
#16780=VECTOR('',#19306,3.2);
#16781=CARTESIAN_POINT('',(7.82,1.82,1.555));
#16782=CARTESIAN_POINT('',(7.82,1.82,-1.645));
#16783=VECTOR('',#19307,3.2);
#16784=CARTESIAN_POINT('',(7.82,1.82,1.555));
#16785=VECTOR('',#19308,0.64);
#16786=CARTESIAN_POINT('',(7.82,-1.82,1.555));
#16787=CARTESIAN_POINT('',(7.82,-1.82,1.555));
#16788=VECTOR('',#19309,3.2);
#16789=CARTESIAN_POINT('',(7.82,-1.18,1.555));
#16790=CARTESIAN_POINT('',(7.82,-1.18,-1.645));
#16791=VECTOR('',#19310,3.2);
#16792=CARTESIAN_POINT('',(7.82,-1.18,1.555));
#16793=VECTOR('',#19311,0.64);
#16794=CARTESIAN_POINT('',(7.82,-6.12,-7.285));
#16795=CARTESIAN_POINT('',(7.82,1.589,-7.285));
#16796=CARTESIAN_POINT('',(7.82,-6.12,-7.285));
#16797=VECTOR('',#19312,7.709);
#16798=CARTESIAN_POINT('',(7.82,1.589,-7.285));
#16799=VECTOR('',#19313,3.0);
#16800=CARTESIAN_POINT('',(7.82,0.949,-6.645));
#16801=CARTESIAN_POINT('',(7.82,0.949,-4.285));
#16802=VECTOR('',#19314,2.36);
#16803=CARTESIAN_POINT('',(7.82,-6.12,-6.645));
#16804=CARTESIAN_POINT('',(7.82,0.949,-6.645));
#16805=VECTOR('',#19315,7.069);
#16806=CARTESIAN_POINT('',(7.82,-6.12,-6.645));
#16807=VECTOR('',#19316,0.64);
#16808=CARTESIAN_POINT('',(7.82,-6.12,-3.655));
#16809=CARTESIAN_POINT('',(7.82,-6.12,-3.655));
#16810=VECTOR('',#19317,0.63);
#16811=CARTESIAN_POINT('',(7.82,-6.12,-3.655));
#16812=VECTOR('',#19318,2.69);
#16813=CARTESIAN_POINT('',(7.18,0.32,-4.955));
#16814=CARTESIAN_POINT('',(7.82,0.32,-4.955));
#16815=VECTOR('',#19319,0.64);
#16816=CARTESIAN_POINT('',(7.18,0.32,-4.955));
#16817=VECTOR('',#19320,0.67);
#16818=CARTESIAN_POINT('',(7.18,0.32,-3.655));
#16819=CARTESIAN_POINT('',(7.18,0.32,-4.285));
#16820=VECTOR('',#19321,0.63);
#16821=CARTESIAN_POINT('',(7.18,0.32,-3.655));
#16822=VECTOR('',#19322,0.64);
#16823=CARTESIAN_POINT('',(7.18,1.589,-3.655));
#16824=CARTESIAN_POINT('',(7.18,1.589,-3.655));
#16825=VECTOR('',#19323,0.64);
#16826=CARTESIAN_POINT('',(7.18,3.175,-3.655));
#16827=VECTOR('',#19324,1.586);
#16828=CARTESIAN_POINT('',(7.18,0.949,-3.655));
#16829=CARTESIAN_POINT('',(7.18,0.949,-3.655));
#16830=VECTOR('',#19325,0.64);
#16831=CARTESIAN_POINT('',(7.18,0.949,-3.655));
#16832=VECTOR('',#19326,0.629);
#16833=CARTESIAN_POINT('',(7.18,-1.18,-3.655));
#16834=CARTESIAN_POINT('',(7.18,-1.18,-3.655));
#16835=VECTOR('',#19327,0.64);
#16836=CARTESIAN_POINT('',(7.18,-0.32,-3.655));
#16837=CARTESIAN_POINT('',(7.18,-0.32,-3.655));
#16838=VECTOR('',#19328,0.86);
#16839=CARTESIAN_POINT('',(7.18,-0.32,-3.655));
#16840=VECTOR('',#19329,0.64);
#16841=CARTESIAN_POINT('',(7.18,-0.32,-4.285));
#16842=VECTOR('',#19330,0.63);
#16843=CARTESIAN_POINT('',(7.18,-1.18,-3.655));
#16844=VECTOR('',#19331,0.63);
#16845=CARTESIAN_POINT('',(7.18,1.589,-4.285));
#16846=VECTOR('',#19332,0.63);
#16847=CARTESIAN_POINT('',(7.18,0.949,-4.285));
#16848=VECTOR('',#19333,0.63);
#16849=CARTESIAN_POINT('',(7.18,-1.18,1.555));
#16850=CARTESIAN_POINT('',(7.18,-1.18,-1.645));
#16851=VECTOR('',#19334,3.2);
#16852=CARTESIAN_POINT('',(7.82,-1.18,1.555));
#16853=VECTOR('',#19335,0.64);
#16854=CARTESIAN_POINT('',(7.36,-1.36,2.555));
#16855=CARTESIAN_POINT('',(7.36,-1.36,2.555));
#16856=VECTOR('',#19336,1.031891467161);
#16857=CARTESIAN_POINT('',(7.64,-1.36,2.555));
#16858=CARTESIAN_POINT('',(7.64,-1.36,2.555));
#16859=VECTOR('',#19337,0.28);
#16860=CARTESIAN_POINT('',(7.64,-1.36,2.555));
#16861=VECTOR('',#19338,1.031891467161);
#16862=CARTESIAN_POINT('',(7.64,-1.64,2.555));
#16863=CARTESIAN_POINT('',(7.82,-1.82,1.555));
#16864=VECTOR('',#19339,1.031891467161);
#16865=CARTESIAN_POINT('',(7.64,-1.36,2.555));
#16866=VECTOR('',#19340,0.28);
#16867=CARTESIAN_POINT('',(7.36,-1.64,2.555));
#16868=CARTESIAN_POINT('',(7.36,-1.64,2.555));
#16869=VECTOR('',#19341,0.28);
#16870=CARTESIAN_POINT('',(7.64,-1.64,2.555));
#16871=VECTOR('',#19342,0.28);
#16872=CARTESIAN_POINT('',(7.18,-1.82,1.555));
#16873=CARTESIAN_POINT('',(7.36,-1.64,2.555));
#16874=VECTOR('',#19343,1.031891467161);
#16875=CARTESIAN_POINT('',(7.82,-1.82,1.555));
#16876=VECTOR('',#19344,0.64);
#16877=CARTESIAN_POINT('',(7.18,-1.82,1.555));
#16878=VECTOR('',#19345,3.2);
#16879=CARTESIAN_POINT('',(7.18,-0.32,-4.955));
#16880=CARTESIAN_POINT('',(7.18,-0.32,-4.955));
#16881=VECTOR('',#19346,0.64);
#16882=CARTESIAN_POINT('',(7.18,-0.32,-4.285));
#16883=VECTOR('',#19347,0.67);
#16884=CARTESIAN_POINT('',(7.18,1.82,1.555));
#16885=CARTESIAN_POINT('',(7.18,1.82,-1.645));
#16886=VECTOR('',#19348,3.2);
#16887=CARTESIAN_POINT('',(7.18,1.18,1.555));
#16888=CARTESIAN_POINT('',(7.18,1.18,1.555));
#16889=VECTOR('',#19349,3.2);
#16890=CARTESIAN_POINT('',(7.18,1.18,1.555));
#16891=VECTOR('',#19350,0.64);
#16892=CARTESIAN_POINT('',(7.18,-1.82,1.555));
#16893=VECTOR('',#19351,0.64);
#16894=CARTESIAN_POINT('',(7.18,0.949,-6.645));
#16895=CARTESIAN_POINT('',(7.18,-6.12,-6.645));
#16896=CARTESIAN_POINT('',(7.18,0.949,-6.645));
#16897=VECTOR('',#19352,7.069);
#16898=CARTESIAN_POINT('',(7.18,0.949,-4.285));
#16899=VECTOR('',#19353,2.36);
#16900=CARTESIAN_POINT('',(7.18,1.589,-7.285));
#16901=CARTESIAN_POINT('',(7.18,1.589,-7.285));
#16902=VECTOR('',#19354,3.0);
#16903=CARTESIAN_POINT('',(7.18,-6.12,-7.285));
#16904=CARTESIAN_POINT('',(7.18,-6.12,-7.285));
#16905=VECTOR('',#19355,7.709);
#16906=CARTESIAN_POINT('',(7.18,-6.12,-7.285));
#16907=VECTOR('',#19356,0.64);
#16908=CARTESIAN_POINT('',(7.18,-6.12,-3.655));
#16909=CARTESIAN_POINT('',(7.18,-6.12,-4.285));
#16910=VECTOR('',#19357,0.63);
#16911=CARTESIAN_POINT('',(7.18,-6.12,-3.655));
#16912=VECTOR('',#19358,2.69);
#16913=CARTESIAN_POINT('',(7.82,-0.32,-4.955));
#16914=VECTOR('',#19359,0.64);
#16915=CARTESIAN_POINT('',(7.36,1.36,2.555));
#16916=CARTESIAN_POINT('',(7.36,1.36,2.555));
#16917=VECTOR('',#19360,1.031891467161);
#16918=CARTESIAN_POINT('',(7.36,1.64,2.555));
#16919=CARTESIAN_POINT('',(7.36,1.36,2.555));
#16920=VECTOR('',#19361,0.28);
#16921=CARTESIAN_POINT('',(7.18,1.82,1.555));
#16922=VECTOR('',#19362,1.031891467161);
#16923=CARTESIAN_POINT('',(7.82,1.82,1.555));
#16924=VECTOR('',#19363,0.64);
#16925=CARTESIAN_POINT('',(7.64,1.64,2.555));
#16926=CARTESIAN_POINT('',(7.64,1.64,2.555));
#16927=VECTOR('',#19364,0.28);
#16928=CARTESIAN_POINT('',(7.64,1.64,2.555));
#16929=VECTOR('',#19365,1.031891467161);
#16930=CARTESIAN_POINT('',(7.64,1.36,2.555));
#16931=CARTESIAN_POINT('',(7.82,1.18,1.555));
#16932=VECTOR('',#19366,1.031891467161);
#16933=CARTESIAN_POINT('',(7.64,1.64,2.555));
#16934=VECTOR('',#19367,0.28);
#16935=CARTESIAN_POINT('',(7.64,1.36,2.555));
#16936=VECTOR('',#19368,0.28);
#16937=CARTESIAN_POINT('',(7.82,1.18,1.555));
#16938=VECTOR('',#19369,0.64);
#16939=CARTESIAN_POINT('',(7.36,-7.12,-7.105));
#16940=CARTESIAN_POINT('',(7.36,-7.12,-7.105));
#16941=VECTOR('',#19370,1.031891467161);
#16942=CARTESIAN_POINT('',(7.36,-7.12,-6.825));
#16943=CARTESIAN_POINT('',(7.36,-7.12,-7.105));
#16944=VECTOR('',#19371,0.28);
#16945=CARTESIAN_POINT('',(7.36,-7.12,-6.825));
#16946=VECTOR('',#19372,1.031891467161);
#16947=CARTESIAN_POINT('',(7.64,-7.12,-6.825));
#16948=CARTESIAN_POINT('',(7.64,-7.12,-6.825));
#16949=VECTOR('',#19373,0.28);
#16950=CARTESIAN_POINT('',(7.64,-7.12,-6.825));
#16951=VECTOR('',#19374,1.031891467161);
#16952=CARTESIAN_POINT('',(7.82,-6.12,-6.645));
#16953=VECTOR('',#19375,0.64);
#16954=CARTESIAN_POINT('',(7.82,0.949,-6.645));
#16955=VECTOR('',#19376,0.64);
#16956=CARTESIAN_POINT('',(7.64,-7.12,-7.105));
#16957=CARTESIAN_POINT('',(7.82,-6.12,-7.285));
#16958=VECTOR('',#19377,1.031891467161);
#16959=CARTESIAN_POINT('',(7.64,-7.12,-6.825));
#16960=VECTOR('',#19378,0.28);
#16961=CARTESIAN_POINT('',(7.64,-7.12,-7.105));
#16962=VECTOR('',#19379,0.28);
#16963=CARTESIAN_POINT('',(7.82,-6.12,-7.285));
#16964=VECTOR('',#19380,0.64);
#16965=CARTESIAN_POINT('',(7.82,1.589,-7.285));
#16966=VECTOR('',#19381,0.64);
#16967=CARTESIAN_POINT('',(7.19,-6.175555555556,-3.655));
#16968=CARTESIAN_POINT('',(7.18,-6.12,-3.655));
#16969=VECTOR('',#19382,0.05644838131501);
#16970=CARTESIAN_POINT('',(7.81,-6.175555555556,-3.655));
#16971=CARTESIAN_POINT('',(7.81,-6.175555555556,-3.655));
#16972=VECTOR('',#19383,0.62);
#16973=CARTESIAN_POINT('',(7.82,-6.12,-3.655));
#16974=VECTOR('',#19384,0.05644838131501);
#16975=CARTESIAN_POINT('',(4.18,-6.12,-3.655));
#16976=CARTESIAN_POINT('',(4.18,-6.12,-3.655));
#16977=VECTOR('',#19385,2.69);
#16978=CARTESIAN_POINT('',(4.19,-6.175555555556,-3.655));
#16979=CARTESIAN_POINT('',(4.18,-6.12,-3.655));
#16980=VECTOR('',#19386,0.05644838131501);
#16981=CARTESIAN_POINT('',(4.81,-6.175555555556,-3.655));
#16982=CARTESIAN_POINT('',(4.81,-6.175555555556,-3.655));
#16983=VECTOR('',#19387,0.62);
#16984=CARTESIAN_POINT('',(4.82,-6.12,-3.655));
#16985=CARTESIAN_POINT('',(4.82,-6.12,-3.655));
#16986=VECTOR('',#19388,0.05644838131501);
#16987=CARTESIAN_POINT('',(4.82,-6.12,-3.655));
#16988=VECTOR('',#19389,2.69);
#16989=CARTESIAN_POINT('',(1.18,-6.12,-3.655));
#16990=CARTESIAN_POINT('',(1.18,-6.12,-3.655));
#16991=VECTOR('',#19390,2.69);
#16992=CARTESIAN_POINT('',(1.19,-6.175555555556,-3.655));
#16993=CARTESIAN_POINT('',(1.18,-6.12,-3.655));
#16994=VECTOR('',#19391,0.05644838131501);
#16995=CARTESIAN_POINT('',(1.81,-6.175555555556,-3.655));
#16996=CARTESIAN_POINT('',(1.81,-6.175555555556,-3.655));
#16997=VECTOR('',#19392,0.62);
#16998=CARTESIAN_POINT('',(1.82,-6.12,-3.655));
#16999=CARTESIAN_POINT('',(1.82,-6.12,-3.655));
#17000=VECTOR('',#19393,0.05644838131501);
#17001=CARTESIAN_POINT('',(1.82,-6.12,-3.655));
#17002=VECTOR('',#19394,2.69);
#17003=CARTESIAN_POINT('',(-7.81,-6.175555555556,-3.655));
#17004=CARTESIAN_POINT('',(-7.82,-6.12,-3.655));
#17005=VECTOR('',#19395,0.05644838131501);
#17006=CARTESIAN_POINT('',(-7.19,-6.175555555556,-3.655));
#17007=CARTESIAN_POINT('',(-7.19,-6.175555555556,-3.655));
#17008=VECTOR('',#19396,0.62);
#17009=CARTESIAN_POINT('',(-7.18,-6.12,-3.655));
#17010=VECTOR('',#19397,0.05644838131501);
#17011=CARTESIAN_POINT('',(-4.81,-6.175555555556,-3.655));
#17012=CARTESIAN_POINT('',(-4.82,-6.12,-3.655));
#17013=VECTOR('',#19398,0.05644838131501);
#17014=CARTESIAN_POINT('',(-4.19,-6.175555555556,-3.655));
#17015=CARTESIAN_POINT('',(-4.19,-6.175555555556,-3.655));
#17016=VECTOR('',#19399,0.62);
#17017=CARTESIAN_POINT('',(-4.18,-6.12,-3.655));
#17018=VECTOR('',#19400,0.05644838131501);
#17019=CARTESIAN_POINT('',(-1.82,-6.12,-3.655));
#17020=CARTESIAN_POINT('',(-1.82,-6.12,-3.655));
#17021=VECTOR('',#19401,2.69);
#17022=CARTESIAN_POINT('',(-1.81,-6.175555555556,-3.655));
#17023=CARTESIAN_POINT('',(-1.82,-6.12,-3.655));
#17024=VECTOR('',#19402,0.05644838131501);
#17025=CARTESIAN_POINT('',(-1.19,-6.175555555556,-3.655));
#17026=CARTESIAN_POINT('',(-1.19,-6.175555555556,-3.655));
#17027=VECTOR('',#19403,0.62);
#17028=CARTESIAN_POINT('',(-1.18,-6.12,-3.655));
#17029=CARTESIAN_POINT('',(-1.18,-6.12,-3.655));
#17030=VECTOR('',#19404,0.05644838131501);
#17031=CARTESIAN_POINT('',(-1.18,-6.12,-3.655));
#17032=VECTOR('',#19405,2.69);
#17033=CARTESIAN_POINT('',(7.64,-7.12,-3.825));
#17034=CARTESIAN_POINT('',(7.64,-7.12,-3.825));
#17035=VECTOR('',#19406,0.97456416343);
#17036=CARTESIAN_POINT('',(7.64,-7.12,-4.105));
#17037=CARTESIAN_POINT('',(7.64,-7.12,-3.825));
#17038=VECTOR('',#19407,0.28);
#17039=CARTESIAN_POINT('',(7.82,-6.12,-4.285));
#17040=VECTOR('',#19408,1.031891467161);
#17041=CARTESIAN_POINT('',(7.36,-7.12,-4.105));
#17042=CARTESIAN_POINT('',(7.64,-7.12,-4.105));
#17043=VECTOR('',#19409,0.28);
#17044=CARTESIAN_POINT('',(7.36,-7.12,-4.105));
#17045=VECTOR('',#19410,1.031891467161);
#17046=CARTESIAN_POINT('',(7.36,-7.12,-3.825));
#17047=CARTESIAN_POINT('',(7.36,-7.12,-4.105));
#17048=VECTOR('',#19411,0.28);
#17049=CARTESIAN_POINT('',(7.36,-7.12,-3.825));
#17050=VECTOR('',#19412,0.97456416343);
#17051=CARTESIAN_POINT('',(7.64,-7.12,-3.825));
#17052=VECTOR('',#19413,0.28);
#17053=CARTESIAN_POINT('',(4.82,-0.32,-4.955));
#17054=CARTESIAN_POINT('',(4.82,-0.32,-4.285));
#17055=VECTOR('',#19414,0.67);
#17056=CARTESIAN_POINT('',(4.82,0.32,-4.955));
#17057=CARTESIAN_POINT('',(4.82,-0.32,-4.955));
#17058=VECTOR('',#19415,0.64);
#17059=CARTESIAN_POINT('',(4.82,0.32,-4.955));
#17060=VECTOR('',#19416,0.67);
#17061=CARTESIAN_POINT('',(4.82,1.18,1.555));
#17062=CARTESIAN_POINT('',(4.82,1.18,1.555));
#17063=VECTOR('',#19417,3.2);
#17064=CARTESIAN_POINT('',(4.82,1.82,1.555));
#17065=CARTESIAN_POINT('',(4.82,1.82,-1.645));
#17066=VECTOR('',#19418,3.2);
#17067=CARTESIAN_POINT('',(4.82,1.82,1.555));
#17068=VECTOR('',#19419,0.64);
#17069=CARTESIAN_POINT('',(4.82,-1.82,1.555));
#17070=CARTESIAN_POINT('',(4.82,-1.82,1.555));
#17071=VECTOR('',#19420,3.2);
#17072=CARTESIAN_POINT('',(4.82,-1.18,1.555));
#17073=CARTESIAN_POINT('',(4.82,-1.18,-1.645));
#17074=VECTOR('',#19421,3.2);
#17075=CARTESIAN_POINT('',(4.82,-1.18,1.555));
#17076=VECTOR('',#19422,0.64);
#17077=CARTESIAN_POINT('',(4.82,-6.12,-7.285));
#17078=CARTESIAN_POINT('',(4.82,1.589,-7.285));
#17079=CARTESIAN_POINT('',(4.82,-6.12,-7.285));
#17080=VECTOR('',#19423,7.709);
#17081=CARTESIAN_POINT('',(4.82,1.589,-7.285));
#17082=VECTOR('',#19424,3.0);
#17083=CARTESIAN_POINT('',(4.82,0.949,-6.645));
#17084=CARTESIAN_POINT('',(4.82,0.949,-4.285));
#17085=VECTOR('',#19425,2.36);
#17086=CARTESIAN_POINT('',(4.82,-6.12,-6.645));
#17087=CARTESIAN_POINT('',(4.82,0.949,-6.645));
#17088=VECTOR('',#19426,7.069);
#17089=CARTESIAN_POINT('',(4.82,-6.12,-6.645));
#17090=VECTOR('',#19427,0.64);
#17091=CARTESIAN_POINT('',(4.82,-6.12,-3.655));
#17092=VECTOR('',#19428,0.63);
#17093=CARTESIAN_POINT('',(4.18,0.32,-4.955));
#17094=CARTESIAN_POINT('',(4.82,0.32,-4.955));
#17095=VECTOR('',#19429,0.64);
#17096=CARTESIAN_POINT('',(4.18,0.32,-4.955));
#17097=VECTOR('',#19430,0.67);
#17098=CARTESIAN_POINT('',(4.18,0.32,-3.655));
#17099=CARTESIAN_POINT('',(4.18,0.32,-4.285));
#17100=VECTOR('',#19431,0.63);
#17101=CARTESIAN_POINT('',(4.82,0.32,-3.655));
#17102=CARTESIAN_POINT('',(4.18,0.32,-3.655));
#17103=VECTOR('',#19432,0.64);
#17104=CARTESIAN_POINT('',(4.82,0.32,-3.655));
#17105=VECTOR('',#19433,0.63);
#17106=CARTESIAN_POINT('',(4.82,-1.18,-3.655));
#17107=CARTESIAN_POINT('',(4.82,-1.18,-3.655));
#17108=VECTOR('',#19434,0.63);
#17109=CARTESIAN_POINT('',(4.82,-0.32,-3.655));
#17110=CARTESIAN_POINT('',(4.82,-0.32,-3.655));
#17111=VECTOR('',#19435,0.86);
#17112=CARTESIAN_POINT('',(4.82,-0.32,-3.655));
#17113=VECTOR('',#19436,0.63);
#17114=CARTESIAN_POINT('',(4.82,1.589,-3.655));
#17115=CARTESIAN_POINT('',(4.82,1.589,-3.655));
#17116=VECTOR('',#19437,0.63);
#17117=CARTESIAN_POINT('',(4.82,3.175,-3.655));
#17118=VECTOR('',#19438,1.586);
#17119=CARTESIAN_POINT('',(4.82,0.949,-3.655));
#17120=CARTESIAN_POINT('',(4.82,0.949,-3.655));
#17121=VECTOR('',#19439,0.63);
#17122=CARTESIAN_POINT('',(4.82,0.949,-3.655));
#17123=VECTOR('',#19440,0.629);
#17124=CARTESIAN_POINT('',(4.18,-0.32,-3.655));
#17125=CARTESIAN_POINT('',(4.18,-0.32,-3.655));
#17126=VECTOR('',#19441,0.64);
#17127=CARTESIAN_POINT('',(4.18,-0.32,-4.285));
#17128=VECTOR('',#19442,0.63);
#17129=CARTESIAN_POINT('',(4.18,-0.32,-4.955));
#17130=CARTESIAN_POINT('',(4.18,-0.32,-4.285));
#17131=VECTOR('',#19443,0.67);
#17132=CARTESIAN_POINT('',(4.82,-0.32,-4.955));
#17133=VECTOR('',#19444,0.64);
#17134=CARTESIAN_POINT('',(4.18,-0.32,-4.955));
#17135=VECTOR('',#19445,0.64);
#17136=CARTESIAN_POINT('',(4.18,1.82,1.555));
#17137=CARTESIAN_POINT('',(4.18,1.82,-1.645));
#17138=VECTOR('',#19446,3.2);
#17139=CARTESIAN_POINT('',(4.18,1.18,1.555));
#17140=CARTESIAN_POINT('',(4.18,1.18,1.555));
#17141=VECTOR('',#19447,3.2);
#17142=CARTESIAN_POINT('',(4.18,1.18,1.555));
#17143=VECTOR('',#19448,0.64);
#17144=CARTESIAN_POINT('',(4.18,-1.18,1.555));
#17145=CARTESIAN_POINT('',(4.18,-1.18,-1.645));
#17146=VECTOR('',#19449,3.2);
#17147=CARTESIAN_POINT('',(4.18,-1.82,1.555));
#17148=CARTESIAN_POINT('',(4.18,-1.82,1.555));
#17149=VECTOR('',#19450,3.2);
#17150=CARTESIAN_POINT('',(4.18,-1.82,1.555));
#17151=VECTOR('',#19451,0.64);
#17152=CARTESIAN_POINT('',(4.18,0.949,-6.645));
#17153=CARTESIAN_POINT('',(4.18,-6.12,-6.645));
#17154=CARTESIAN_POINT('',(4.18,0.949,-6.645));
#17155=VECTOR('',#19452,7.069);
#17156=CARTESIAN_POINT('',(4.18,0.949,-4.285));
#17157=VECTOR('',#19453,2.36);
#17158=CARTESIAN_POINT('',(4.18,1.589,-7.285));
#17159=CARTESIAN_POINT('',(4.18,1.589,-7.285));
#17160=VECTOR('',#19454,3.0);
#17161=CARTESIAN_POINT('',(4.18,-6.12,-7.285));
#17162=CARTESIAN_POINT('',(4.18,-6.12,-7.285));
#17163=VECTOR('',#19455,7.709);
#17164=CARTESIAN_POINT('',(4.18,-6.12,-7.285));
#17165=VECTOR('',#19456,0.64);
#17166=CARTESIAN_POINT('',(4.18,-6.12,-4.285));
#17167=VECTOR('',#19457,0.63);
#17168=CARTESIAN_POINT('',(4.36,1.36,2.555));
#17169=CARTESIAN_POINT('',(4.36,1.36,2.555));
#17170=VECTOR('',#19458,1.031891467161);
#17171=CARTESIAN_POINT('',(4.36,1.64,2.555));
#17172=CARTESIAN_POINT('',(4.36,1.36,2.555));
#17173=VECTOR('',#19459,0.28);
#17174=CARTESIAN_POINT('',(4.18,1.82,1.555));
#17175=VECTOR('',#19460,1.031891467161);
#17176=CARTESIAN_POINT('',(4.82,1.82,1.555));
#17177=VECTOR('',#19461,0.64);
#17178=CARTESIAN_POINT('',(4.64,1.64,2.555));
#17179=CARTESIAN_POINT('',(4.64,1.64,2.555));
#17180=VECTOR('',#19462,0.28);
#17181=CARTESIAN_POINT('',(4.64,1.64,2.555));
#17182=VECTOR('',#19463,1.031891467161);
#17183=CARTESIAN_POINT('',(4.64,1.36,2.555));
#17184=CARTESIAN_POINT('',(4.82,1.18,1.555));
#17185=VECTOR('',#19464,1.031891467161);
#17186=CARTESIAN_POINT('',(4.64,1.64,2.555));
#17187=VECTOR('',#19465,0.28);
#17188=CARTESIAN_POINT('',(4.64,1.36,2.555));
#17189=VECTOR('',#19466,0.28);
#17190=CARTESIAN_POINT('',(4.82,1.18,1.555));
#17191=VECTOR('',#19467,0.64);
#17192=CARTESIAN_POINT('',(4.36,-1.64,2.555));
#17193=CARTESIAN_POINT('',(4.36,-1.64,2.555));
#17194=VECTOR('',#19468,1.031891467161);
#17195=CARTESIAN_POINT('',(4.36,-1.36,2.555));
#17196=CARTESIAN_POINT('',(4.36,-1.64,2.555));
#17197=VECTOR('',#19469,0.28);
#17198=CARTESIAN_POINT('',(4.36,-1.36,2.555));
#17199=VECTOR('',#19470,1.031891467161);
#17200=CARTESIAN_POINT('',(4.64,-1.36,2.555));
#17201=CARTESIAN_POINT('',(4.64,-1.36,2.555));
#17202=VECTOR('',#19471,0.28);
#17203=CARTESIAN_POINT('',(4.64,-1.36,2.555));
#17204=VECTOR('',#19472,1.031891467161);
#17205=CARTESIAN_POINT('',(4.82,-1.18,1.555));
#17206=VECTOR('',#19473,0.64);
#17207=CARTESIAN_POINT('',(4.18,-1.18,-3.655));
#17208=CARTESIAN_POINT('',(4.18,-1.18,-3.655));
#17209=VECTOR('',#19474,0.64);
#17210=CARTESIAN_POINT('',(4.18,-1.18,-3.655));
#17211=VECTOR('',#19475,0.63);
#17212=CARTESIAN_POINT('',(4.18,-0.32,-3.655));
#17213=VECTOR('',#19476,0.86);
#17214=CARTESIAN_POINT('',(4.18,1.589,-3.655));
#17215=CARTESIAN_POINT('',(4.18,1.589,-4.285));
#17216=VECTOR('',#19477,0.63);
#17217=CARTESIAN_POINT('',(4.18,3.175,-3.655));
#17218=VECTOR('',#19478,1.586);
#17219=CARTESIAN_POINT('',(4.18,0.949,-3.655));
#17220=CARTESIAN_POINT('',(4.18,0.949,-4.285));
#17221=VECTOR('',#19479,0.63);
#17222=CARTESIAN_POINT('',(4.18,0.949,-3.655));
#17223=VECTOR('',#19480,0.629);
#17224=CARTESIAN_POINT('',(4.18,1.589,-3.655));
#17225=VECTOR('',#19481,0.64);
#17226=CARTESIAN_POINT('',(4.18,0.949,-3.655));
#17227=VECTOR('',#19482,0.64);
#17228=CARTESIAN_POINT('',(4.82,1.589,-7.285));
#17229=VECTOR('',#19483,0.64);
#17230=CARTESIAN_POINT('',(4.82,-6.12,-7.285));
#17231=VECTOR('',#19484,0.64);
#17232=CARTESIAN_POINT('',(4.36,-7.12,-7.105));
#17233=CARTESIAN_POINT('',(4.36,-7.12,-7.105));
#17234=VECTOR('',#19485,1.031891467161);
#17235=CARTESIAN_POINT('',(4.64,-7.12,-7.105));
#17236=CARTESIAN_POINT('',(4.82,-6.12,-7.285));
#17237=VECTOR('',#19486,1.031891467161);
#17238=CARTESIAN_POINT('',(4.64,-7.12,-7.105));
#17239=VECTOR('',#19487,0.28);
#17240=CARTESIAN_POINT('',(4.64,-7.12,-6.825));
#17241=CARTESIAN_POINT('',(4.64,-7.12,-6.825));
#17242=VECTOR('',#19488,0.28);
#17243=CARTESIAN_POINT('',(4.36,-7.12,-6.825));
#17244=CARTESIAN_POINT('',(4.64,-7.12,-6.825));
#17245=VECTOR('',#19489,0.28);
#17246=CARTESIAN_POINT('',(4.36,-7.12,-7.105));
#17247=VECTOR('',#19490,0.28);
#17248=CARTESIAN_POINT('',(4.36,-7.12,-6.825));
#17249=VECTOR('',#19491,1.031891467161);
#17250=CARTESIAN_POINT('',(4.64,-7.12,-6.825));
#17251=VECTOR('',#19492,1.031891467161);
#17252=CARTESIAN_POINT('',(4.82,-6.12,-6.645));
#17253=VECTOR('',#19493,0.64);
#17254=CARTESIAN_POINT('',(4.82,0.949,-6.645));
#17255=VECTOR('',#19494,0.64);
#17256=CARTESIAN_POINT('',(4.64,-1.64,2.555));
#17257=CARTESIAN_POINT('',(4.82,-1.82,1.555));
#17258=VECTOR('',#19495,1.031891467161);
#17259=CARTESIAN_POINT('',(4.64,-1.36,2.555));
#17260=VECTOR('',#19496,0.28);
#17261=CARTESIAN_POINT('',(4.64,-1.64,2.555));
#17262=VECTOR('',#19497,0.28);
#17263=CARTESIAN_POINT('',(4.82,-1.82,1.555));
#17264=VECTOR('',#19498,0.64);
#17265=CARTESIAN_POINT('',(4.36,-7.12,-4.105));
#17266=CARTESIAN_POINT('',(4.36,-7.12,-4.105));
#17267=VECTOR('',#19499,1.031891467161);
#17268=CARTESIAN_POINT('',(4.36,-7.12,-3.825));
#17269=CARTESIAN_POINT('',(4.36,-7.12,-4.105));
#17270=VECTOR('',#19500,0.28);
#17271=CARTESIAN_POINT('',(4.36,-7.12,-3.825));
#17272=VECTOR('',#19501,0.97456416343);
#17273=CARTESIAN_POINT('',(4.64,-7.12,-3.825));
#17274=CARTESIAN_POINT('',(4.64,-7.12,-3.825));
#17275=VECTOR('',#19502,0.28);
#17276=CARTESIAN_POINT('',(4.64,-7.12,-3.825));
#17277=VECTOR('',#19503,0.97456416343);
#17278=CARTESIAN_POINT('',(4.64,-7.12,-4.105));
#17279=CARTESIAN_POINT('',(4.64,-7.12,-3.825));
#17280=VECTOR('',#19504,0.28);
#17281=CARTESIAN_POINT('',(4.82,-6.12,-4.285));
#17282=VECTOR('',#19505,1.031891467161);
#17283=CARTESIAN_POINT('',(4.64,-7.12,-4.105));
#17284=VECTOR('',#19506,0.28);
#17285=CARTESIAN_POINT('',(1.82,-0.32,-4.955));
#17286=CARTESIAN_POINT('',(1.82,-0.32,-4.285));
#17287=VECTOR('',#19507,0.67);
#17288=CARTESIAN_POINT('',(1.82,0.32,-4.955));
#17289=CARTESIAN_POINT('',(1.82,-0.32,-4.955));
#17290=VECTOR('',#19508,0.64);
#17291=CARTESIAN_POINT('',(1.82,0.32,-4.955));
#17292=VECTOR('',#19509,0.67);
#17293=CARTESIAN_POINT('',(1.82,1.18,1.555));
#17294=CARTESIAN_POINT('',(1.82,1.18,1.555));
#17295=VECTOR('',#19510,3.2);
#17296=CARTESIAN_POINT('',(1.82,1.82,1.555));
#17297=CARTESIAN_POINT('',(1.82,1.82,-1.645));
#17298=VECTOR('',#19511,3.2);
#17299=CARTESIAN_POINT('',(1.82,1.82,1.555));
#17300=VECTOR('',#19512,0.64);
#17301=CARTESIAN_POINT('',(1.82,-1.82,1.555));
#17302=CARTESIAN_POINT('',(1.82,-1.82,1.555));
#17303=VECTOR('',#19513,3.2);
#17304=CARTESIAN_POINT('',(1.82,-1.18,1.555));
#17305=CARTESIAN_POINT('',(1.82,-1.18,-1.645));
#17306=VECTOR('',#19514,3.2);
#17307=CARTESIAN_POINT('',(1.82,-1.18,1.555));
#17308=VECTOR('',#19515,0.64);
#17309=CARTESIAN_POINT('',(1.82,-6.12,-7.285));
#17310=CARTESIAN_POINT('',(1.82,1.589,-7.285));
#17311=CARTESIAN_POINT('',(1.82,-6.12,-7.285));
#17312=VECTOR('',#19516,7.709);
#17313=CARTESIAN_POINT('',(1.82,1.589,-7.285));
#17314=VECTOR('',#19517,3.0);
#17315=CARTESIAN_POINT('',(1.82,0.949,-6.645));
#17316=CARTESIAN_POINT('',(1.82,0.949,-4.285));
#17317=VECTOR('',#19518,2.36);
#17318=CARTESIAN_POINT('',(1.82,-6.12,-6.645));
#17319=CARTESIAN_POINT('',(1.82,0.949,-6.645));
#17320=VECTOR('',#19519,7.069);
#17321=CARTESIAN_POINT('',(1.82,-6.12,-6.645));
#17322=VECTOR('',#19520,0.64);
#17323=CARTESIAN_POINT('',(1.82,-6.12,-3.655));
#17324=VECTOR('',#19521,0.63);
#17325=CARTESIAN_POINT('',(1.18,0.32,-4.955));
#17326=CARTESIAN_POINT('',(1.82,0.32,-4.955));
#17327=VECTOR('',#19522,0.64);
#17328=CARTESIAN_POINT('',(1.18,0.32,-4.955));
#17329=VECTOR('',#19523,0.67);
#17330=CARTESIAN_POINT('',(1.18,0.32,-3.655));
#17331=CARTESIAN_POINT('',(1.18,0.32,-4.285));
#17332=VECTOR('',#19524,0.63);
#17333=CARTESIAN_POINT('',(1.82,0.32,-3.655));
#17334=CARTESIAN_POINT('',(1.18,0.32,-3.655));
#17335=VECTOR('',#19525,0.64);
#17336=CARTESIAN_POINT('',(1.82,0.32,-3.655));
#17337=VECTOR('',#19526,0.63);
#17338=CARTESIAN_POINT('',(1.82,-1.18,-3.655));
#17339=CARTESIAN_POINT('',(1.82,-1.18,-3.655));
#17340=VECTOR('',#19527,0.63);
#17341=CARTESIAN_POINT('',(1.82,-0.32,-3.655));
#17342=CARTESIAN_POINT('',(1.82,-0.32,-3.655));
#17343=VECTOR('',#19528,0.86);
#17344=CARTESIAN_POINT('',(1.82,-0.32,-3.655));
#17345=VECTOR('',#19529,0.63);
#17346=CARTESIAN_POINT('',(1.82,1.589,-3.655));
#17347=CARTESIAN_POINT('',(1.82,1.589,-3.655));
#17348=VECTOR('',#19530,0.63);
#17349=CARTESIAN_POINT('',(1.82,3.175,-3.655));
#17350=VECTOR('',#19531,1.586);
#17351=CARTESIAN_POINT('',(1.82,0.949,-3.655));
#17352=CARTESIAN_POINT('',(1.82,0.949,-3.655));
#17353=VECTOR('',#19532,0.63);
#17354=CARTESIAN_POINT('',(1.82,0.949,-3.655));
#17355=VECTOR('',#19533,0.629);
#17356=CARTESIAN_POINT('',(1.18,-0.32,-3.655));
#17357=CARTESIAN_POINT('',(1.18,-0.32,-3.655));
#17358=VECTOR('',#19534,0.64);
#17359=CARTESIAN_POINT('',(1.18,-0.32,-4.285));
#17360=VECTOR('',#19535,0.63);
#17361=CARTESIAN_POINT('',(1.18,-0.32,-4.955));
#17362=CARTESIAN_POINT('',(1.18,-0.32,-4.285));
#17363=VECTOR('',#19536,0.67);
#17364=CARTESIAN_POINT('',(1.82,-0.32,-4.955));
#17365=VECTOR('',#19537,0.64);
#17366=CARTESIAN_POINT('',(1.18,-0.32,-4.955));
#17367=VECTOR('',#19538,0.64);
#17368=CARTESIAN_POINT('',(1.18,1.82,1.555));
#17369=CARTESIAN_POINT('',(1.18,1.82,-1.645));
#17370=VECTOR('',#19539,3.2);
#17371=CARTESIAN_POINT('',(1.18,1.18,1.555));
#17372=CARTESIAN_POINT('',(1.18,1.18,1.555));
#17373=VECTOR('',#19540,3.2);
#17374=CARTESIAN_POINT('',(1.18,1.18,1.555));
#17375=VECTOR('',#19541,0.64);
#17376=CARTESIAN_POINT('',(1.18,-1.18,1.555));
#17377=CARTESIAN_POINT('',(1.18,-1.18,-1.645));
#17378=VECTOR('',#19542,3.2);
#17379=CARTESIAN_POINT('',(1.18,-1.82,1.555));
#17380=CARTESIAN_POINT('',(1.18,-1.82,1.555));
#17381=VECTOR('',#19543,3.2);
#17382=CARTESIAN_POINT('',(1.18,-1.82,1.555));
#17383=VECTOR('',#19544,0.64);
#17384=CARTESIAN_POINT('',(1.18,0.949,-6.645));
#17385=CARTESIAN_POINT('',(1.18,-6.12,-6.645));
#17386=CARTESIAN_POINT('',(1.18,0.949,-6.645));
#17387=VECTOR('',#19545,7.069);
#17388=CARTESIAN_POINT('',(1.18,0.949,-4.285));
#17389=VECTOR('',#19546,2.36);
#17390=CARTESIAN_POINT('',(1.18,1.589,-7.285));
#17391=CARTESIAN_POINT('',(1.18,1.589,-7.285));
#17392=VECTOR('',#19547,3.0);
#17393=CARTESIAN_POINT('',(1.18,-6.12,-7.285));
#17394=CARTESIAN_POINT('',(1.18,-6.12,-7.285));
#17395=VECTOR('',#19548,7.709);
#17396=CARTESIAN_POINT('',(1.18,-6.12,-7.285));
#17397=VECTOR('',#19549,0.64);
#17398=CARTESIAN_POINT('',(1.18,-6.12,-4.285));
#17399=VECTOR('',#19550,0.63);
#17400=CARTESIAN_POINT('',(1.36,1.36,2.555));
#17401=CARTESIAN_POINT('',(1.36,1.36,2.555));
#17402=VECTOR('',#19551,1.031891467161);
#17403=CARTESIAN_POINT('',(1.36,1.64,2.555));
#17404=CARTESIAN_POINT('',(1.36,1.36,2.555));
#17405=VECTOR('',#19552,0.28);
#17406=CARTESIAN_POINT('',(1.18,1.82,1.555));
#17407=VECTOR('',#19553,1.031891467161);
#17408=CARTESIAN_POINT('',(1.82,1.82,1.555));
#17409=VECTOR('',#19554,0.64);
#17410=CARTESIAN_POINT('',(1.64,1.64,2.555));
#17411=CARTESIAN_POINT('',(1.64,1.64,2.555));
#17412=VECTOR('',#19555,0.28);
#17413=CARTESIAN_POINT('',(1.64,1.64,2.555));
#17414=VECTOR('',#19556,1.031891467161);
#17415=CARTESIAN_POINT('',(1.64,1.36,2.555));
#17416=CARTESIAN_POINT('',(1.82,1.18,1.555));
#17417=VECTOR('',#19557,1.031891467161);
#17418=CARTESIAN_POINT('',(1.64,1.64,2.555));
#17419=VECTOR('',#19558,0.28);
#17420=CARTESIAN_POINT('',(1.64,1.36,2.555));
#17421=VECTOR('',#19559,0.28);
#17422=CARTESIAN_POINT('',(1.82,1.18,1.555));
#17423=VECTOR('',#19560,0.64);
#17424=CARTESIAN_POINT('',(1.36,-1.64,2.555));
#17425=CARTESIAN_POINT('',(1.36,-1.64,2.555));
#17426=VECTOR('',#19561,1.031891467161);
#17427=CARTESIAN_POINT('',(1.36,-1.36,2.555));
#17428=CARTESIAN_POINT('',(1.36,-1.64,2.555));
#17429=VECTOR('',#19562,0.28);
#17430=CARTESIAN_POINT('',(1.36,-1.36,2.555));
#17431=VECTOR('',#19563,1.031891467161);
#17432=CARTESIAN_POINT('',(1.64,-1.36,2.555));
#17433=CARTESIAN_POINT('',(1.64,-1.36,2.555));
#17434=VECTOR('',#19564,0.28);
#17435=CARTESIAN_POINT('',(1.64,-1.36,2.555));
#17436=VECTOR('',#19565,1.031891467161);
#17437=CARTESIAN_POINT('',(1.82,-1.18,1.555));
#17438=VECTOR('',#19566,0.64);
#17439=CARTESIAN_POINT('',(1.18,-1.18,-3.655));
#17440=CARTESIAN_POINT('',(1.18,-1.18,-3.655));
#17441=VECTOR('',#19567,0.64);
#17442=CARTESIAN_POINT('',(1.18,-1.18,-3.655));
#17443=VECTOR('',#19568,0.63);
#17444=CARTESIAN_POINT('',(1.18,-0.32,-3.655));
#17445=VECTOR('',#19569,0.86);
#17446=CARTESIAN_POINT('',(1.18,1.589,-3.655));
#17447=CARTESIAN_POINT('',(1.18,1.589,-4.285));
#17448=VECTOR('',#19570,0.63);
#17449=CARTESIAN_POINT('',(1.18,3.175,-3.655));
#17450=VECTOR('',#19571,1.586);
#17451=CARTESIAN_POINT('',(1.18,0.949,-3.655));
#17452=CARTESIAN_POINT('',(1.18,0.949,-4.285));
#17453=VECTOR('',#19572,0.63);
#17454=CARTESIAN_POINT('',(1.18,0.949,-3.655));
#17455=VECTOR('',#19573,0.629);
#17456=CARTESIAN_POINT('',(1.18,1.589,-3.655));
#17457=VECTOR('',#19574,0.64);
#17458=CARTESIAN_POINT('',(1.18,0.949,-3.655));
#17459=VECTOR('',#19575,0.64);
#17460=CARTESIAN_POINT('',(1.82,1.589,-7.285));
#17461=VECTOR('',#19576,0.64);
#17462=CARTESIAN_POINT('',(1.82,-6.12,-7.285));
#17463=VECTOR('',#19577,0.64);
#17464=CARTESIAN_POINT('',(1.36,-7.12,-7.105));
#17465=CARTESIAN_POINT('',(1.36,-7.12,-7.105));
#17466=VECTOR('',#19578,1.031891467161);
#17467=CARTESIAN_POINT('',(1.64,-7.12,-7.105));
#17468=CARTESIAN_POINT('',(1.82,-6.12,-7.285));
#17469=VECTOR('',#19579,1.031891467161);
#17470=CARTESIAN_POINT('',(1.64,-7.12,-7.105));
#17471=VECTOR('',#19580,0.28);
#17472=CARTESIAN_POINT('',(1.64,-7.12,-6.825));
#17473=CARTESIAN_POINT('',(1.64,-7.12,-6.825));
#17474=VECTOR('',#19581,0.28);
#17475=CARTESIAN_POINT('',(1.36,-7.12,-6.825));
#17476=CARTESIAN_POINT('',(1.64,-7.12,-6.825));
#17477=VECTOR('',#19582,0.28);
#17478=CARTESIAN_POINT('',(1.36,-7.12,-7.105));
#17479=VECTOR('',#19583,0.28);
#17480=CARTESIAN_POINT('',(1.36,-7.12,-6.825));
#17481=VECTOR('',#19584,1.031891467161);
#17482=CARTESIAN_POINT('',(1.64,-7.12,-6.825));
#17483=VECTOR('',#19585,1.031891467161);
#17484=CARTESIAN_POINT('',(1.82,-6.12,-6.645));
#17485=VECTOR('',#19586,0.64);
#17486=CARTESIAN_POINT('',(1.82,0.949,-6.645));
#17487=VECTOR('',#19587,0.64);
#17488=CARTESIAN_POINT('',(1.64,-1.64,2.555));
#17489=CARTESIAN_POINT('',(1.82,-1.82,1.555));
#17490=VECTOR('',#19588,1.031891467161);
#17491=CARTESIAN_POINT('',(1.64,-1.36,2.555));
#17492=VECTOR('',#19589,0.28);
#17493=CARTESIAN_POINT('',(1.64,-1.64,2.555));
#17494=VECTOR('',#19590,0.28);
#17495=CARTESIAN_POINT('',(1.82,-1.82,1.555));
#17496=VECTOR('',#19591,0.64);
#17497=CARTESIAN_POINT('',(1.36,-7.12,-4.105));
#17498=CARTESIAN_POINT('',(1.36,-7.12,-4.105));
#17499=VECTOR('',#19592,1.031891467161);
#17500=CARTESIAN_POINT('',(1.36,-7.12,-3.825));
#17501=CARTESIAN_POINT('',(1.36,-7.12,-4.105));
#17502=VECTOR('',#19593,0.28);
#17503=CARTESIAN_POINT('',(1.36,-7.12,-3.825));
#17504=VECTOR('',#19594,0.97456416343);
#17505=CARTESIAN_POINT('',(1.64,-7.12,-3.825));
#17506=CARTESIAN_POINT('',(1.64,-7.12,-3.825));
#17507=VECTOR('',#19595,0.28);
#17508=CARTESIAN_POINT('',(1.64,-7.12,-3.825));
#17509=VECTOR('',#19596,0.97456416343);
#17510=CARTESIAN_POINT('',(1.64,-7.12,-4.105));
#17511=CARTESIAN_POINT('',(1.64,-7.12,-3.825));
#17512=VECTOR('',#19597,0.28);
#17513=CARTESIAN_POINT('',(1.82,-6.12,-4.285));
#17514=VECTOR('',#19598,1.031891467161);
#17515=CARTESIAN_POINT('',(1.64,-7.12,-4.105));
#17516=VECTOR('',#19599,0.28);
#17517=CARTESIAN_POINT('',(-7.36,-7.12,-3.825));
#17518=CARTESIAN_POINT('',(-7.36,-7.12,-3.825));
#17519=VECTOR('',#19600,0.97456416343);
#17520=CARTESIAN_POINT('',(-7.36,-7.12,-4.105));
#17521=CARTESIAN_POINT('',(-7.36,-7.12,-3.825));
#17522=VECTOR('',#19601,0.28);
#17523=CARTESIAN_POINT('',(-7.36,-7.12,-4.105));
#17524=VECTOR('',#19602,1.031891467161);
#17525=CARTESIAN_POINT('',(-7.64,-7.12,-4.105));
#17526=CARTESIAN_POINT('',(-7.36,-7.12,-4.105));
#17527=VECTOR('',#19603,0.28);
#17528=CARTESIAN_POINT('',(-7.64,-7.12,-4.105));
#17529=VECTOR('',#19604,1.031891467161);
#17530=CARTESIAN_POINT('',(-7.64,-7.12,-3.825));
#17531=CARTESIAN_POINT('',(-7.64,-7.12,-4.105));
#17532=VECTOR('',#19605,0.28);
#17533=CARTESIAN_POINT('',(-7.64,-7.12,-3.825));
#17534=VECTOR('',#19606,0.97456416343);
#17535=CARTESIAN_POINT('',(-7.36,-7.12,-3.825));
#17536=VECTOR('',#19607,0.28);
#17537=CARTESIAN_POINT('',(-4.36,-7.12,-3.825));
#17538=CARTESIAN_POINT('',(-4.36,-7.12,-3.825));
#17539=VECTOR('',#19608,0.97456416343);
#17540=CARTESIAN_POINT('',(-4.36,-7.12,-4.105));
#17541=CARTESIAN_POINT('',(-4.36,-7.12,-3.825));
#17542=VECTOR('',#19609,0.28);
#17543=CARTESIAN_POINT('',(-4.36,-7.12,-4.105));
#17544=VECTOR('',#19610,1.031891467161);
#17545=CARTESIAN_POINT('',(-4.64,-7.12,-4.105));
#17546=CARTESIAN_POINT('',(-4.36,-7.12,-4.105));
#17547=VECTOR('',#19611,0.28);
#17548=CARTESIAN_POINT('',(-4.64,-7.12,-4.105));
#17549=VECTOR('',#19612,1.031891467161);
#17550=CARTESIAN_POINT('',(-4.64,-7.12,-3.825));
#17551=CARTESIAN_POINT('',(-4.64,-7.12,-4.105));
#17552=VECTOR('',#19613,0.28);
#17553=CARTESIAN_POINT('',(-4.64,-7.12,-3.825));
#17554=VECTOR('',#19614,0.97456416343);
#17555=CARTESIAN_POINT('',(-4.36,-7.12,-3.825));
#17556=VECTOR('',#19615,0.28);
#17557=CARTESIAN_POINT('',(-1.18,-0.32,-4.955));
#17558=CARTESIAN_POINT('',(-1.18,-0.32,-4.285));
#17559=VECTOR('',#19616,0.67);
#17560=CARTESIAN_POINT('',(-1.18,0.32,-4.955));
#17561=CARTESIAN_POINT('',(-1.18,-0.32,-4.955));
#17562=VECTOR('',#19617,0.64);
#17563=CARTESIAN_POINT('',(-1.18,0.32,-4.955));
#17564=VECTOR('',#19618,0.67);
#17565=CARTESIAN_POINT('',(-1.18,1.18,1.555));
#17566=CARTESIAN_POINT('',(-1.18,1.18,1.555));
#17567=VECTOR('',#19619,3.2);
#17568=CARTESIAN_POINT('',(-1.18,1.82,1.555));
#17569=CARTESIAN_POINT('',(-1.18,1.82,-1.645));
#17570=VECTOR('',#19620,3.2);
#17571=CARTESIAN_POINT('',(-1.18,1.82,1.555));
#17572=VECTOR('',#19621,0.64);
#17573=CARTESIAN_POINT('',(-1.18,-1.82,1.555));
#17574=CARTESIAN_POINT('',(-1.18,-1.82,1.555));
#17575=VECTOR('',#19622,3.2);
#17576=CARTESIAN_POINT('',(-1.18,-1.18,1.555));
#17577=CARTESIAN_POINT('',(-1.18,-1.18,-1.645));
#17578=VECTOR('',#19623,3.2);
#17579=CARTESIAN_POINT('',(-1.18,-1.18,1.555));
#17580=VECTOR('',#19624,0.64);
#17581=CARTESIAN_POINT('',(-1.18,-6.12,-7.285));
#17582=CARTESIAN_POINT('',(-1.18,1.589,-7.285));
#17583=CARTESIAN_POINT('',(-1.18,-6.12,-7.285));
#17584=VECTOR('',#19625,7.709);
#17585=CARTESIAN_POINT('',(-1.18,1.589,-7.285));
#17586=VECTOR('',#19626,3.0);
#17587=CARTESIAN_POINT('',(-1.18,0.949,-6.645));
#17588=CARTESIAN_POINT('',(-1.18,0.949,-4.285));
#17589=VECTOR('',#19627,2.36);
#17590=CARTESIAN_POINT('',(-1.18,-6.12,-6.645));
#17591=CARTESIAN_POINT('',(-1.18,0.949,-6.645));
#17592=VECTOR('',#19628,7.069);
#17593=CARTESIAN_POINT('',(-1.18,-6.12,-6.645));
#17594=VECTOR('',#19629,0.64);
#17595=CARTESIAN_POINT('',(-1.18,-6.12,-3.655));
#17596=VECTOR('',#19630,0.63);
#17597=CARTESIAN_POINT('',(-1.82,0.32,-4.955));
#17598=CARTESIAN_POINT('',(-1.18,0.32,-4.955));
#17599=VECTOR('',#19631,0.64);
#17600=CARTESIAN_POINT('',(-1.82,0.32,-4.955));
#17601=VECTOR('',#19632,0.67);
#17602=CARTESIAN_POINT('',(-1.82,0.32,-3.655));
#17603=CARTESIAN_POINT('',(-1.82,0.32,-4.285));
#17604=VECTOR('',#19633,0.63);
#17605=CARTESIAN_POINT('',(-1.18,0.32,-3.655));
#17606=CARTESIAN_POINT('',(-1.82,0.32,-3.655));
#17607=VECTOR('',#19634,0.64);
#17608=CARTESIAN_POINT('',(-1.18,0.32,-3.655));
#17609=VECTOR('',#19635,0.63);
#17610=CARTESIAN_POINT('',(-1.18,-1.18,-3.655));
#17611=CARTESIAN_POINT('',(-1.18,-1.18,-3.655));
#17612=VECTOR('',#19636,0.63);
#17613=CARTESIAN_POINT('',(-1.18,-0.32,-3.655));
#17614=CARTESIAN_POINT('',(-1.18,-0.32,-3.655));
#17615=VECTOR('',#19637,0.86);
#17616=CARTESIAN_POINT('',(-1.18,-0.32,-3.655));
#17617=VECTOR('',#19638,0.63);
#17618=CARTESIAN_POINT('',(-1.18,1.589,-3.655));
#17619=CARTESIAN_POINT('',(-1.18,1.589,-3.655));
#17620=VECTOR('',#19639,0.63);
#17621=CARTESIAN_POINT('',(-1.18,3.175,-3.655));
#17622=VECTOR('',#19640,1.586);
#17623=CARTESIAN_POINT('',(-1.18,0.949,-3.655));
#17624=CARTESIAN_POINT('',(-1.18,0.949,-3.655));
#17625=VECTOR('',#19641,0.63);
#17626=CARTESIAN_POINT('',(-1.18,0.949,-3.655));
#17627=VECTOR('',#19642,0.629);
#17628=CARTESIAN_POINT('',(-1.82,-0.32,-3.655));
#17629=CARTESIAN_POINT('',(-1.82,-0.32,-3.655));
#17630=VECTOR('',#19643,0.64);
#17631=CARTESIAN_POINT('',(-1.82,-0.32,-4.285));
#17632=VECTOR('',#19644,0.63);
#17633=CARTESIAN_POINT('',(-1.82,-0.32,-4.955));
#17634=CARTESIAN_POINT('',(-1.82,-0.32,-4.285));
#17635=VECTOR('',#19645,0.67);
#17636=CARTESIAN_POINT('',(-1.18,-0.32,-4.955));
#17637=VECTOR('',#19646,0.64);
#17638=CARTESIAN_POINT('',(-1.82,-0.32,-4.955));
#17639=VECTOR('',#19647,0.64);
#17640=CARTESIAN_POINT('',(-1.82,1.82,1.555));
#17641=CARTESIAN_POINT('',(-1.82,1.82,-1.645));
#17642=VECTOR('',#19648,3.2);
#17643=CARTESIAN_POINT('',(-1.82,1.18,1.555));
#17644=CARTESIAN_POINT('',(-1.82,1.18,1.555));
#17645=VECTOR('',#19649,3.2);
#17646=CARTESIAN_POINT('',(-1.82,1.18,1.555));
#17647=VECTOR('',#19650,0.64);
#17648=CARTESIAN_POINT('',(-1.82,-1.18,1.555));
#17649=CARTESIAN_POINT('',(-1.82,-1.18,-1.645));
#17650=VECTOR('',#19651,3.2);
#17651=CARTESIAN_POINT('',(-1.82,-1.82,1.555));
#17652=CARTESIAN_POINT('',(-1.82,-1.82,1.555));
#17653=VECTOR('',#19652,3.2);
#17654=CARTESIAN_POINT('',(-1.82,-1.82,1.555));
#17655=VECTOR('',#19653,0.64);
#17656=CARTESIAN_POINT('',(-1.82,0.949,-6.645));
#17657=CARTESIAN_POINT('',(-1.82,-6.12,-6.645));
#17658=CARTESIAN_POINT('',(-1.82,0.949,-6.645));
#17659=VECTOR('',#19654,7.069);
#17660=CARTESIAN_POINT('',(-1.82,0.949,-4.285));
#17661=VECTOR('',#19655,2.36);
#17662=CARTESIAN_POINT('',(-1.82,1.589,-7.285));
#17663=CARTESIAN_POINT('',(-1.82,1.589,-7.285));
#17664=VECTOR('',#19656,3.0);
#17665=CARTESIAN_POINT('',(-1.82,-6.12,-7.285));
#17666=CARTESIAN_POINT('',(-1.82,-6.12,-7.285));
#17667=VECTOR('',#19657,7.709);
#17668=CARTESIAN_POINT('',(-1.82,-6.12,-7.285));
#17669=VECTOR('',#19658,0.64);
#17670=CARTESIAN_POINT('',(-1.82,-6.12,-4.285));
#17671=VECTOR('',#19659,0.63);
#17672=CARTESIAN_POINT('',(-1.64,1.36,2.555));
#17673=CARTESIAN_POINT('',(-1.64,1.36,2.555));
#17674=VECTOR('',#19660,1.031891467161);
#17675=CARTESIAN_POINT('',(-1.64,1.64,2.555));
#17676=CARTESIAN_POINT('',(-1.64,1.36,2.555));
#17677=VECTOR('',#19661,0.28);
#17678=CARTESIAN_POINT('',(-1.82,1.82,1.555));
#17679=VECTOR('',#19662,1.031891467161);
#17680=CARTESIAN_POINT('',(-1.18,1.82,1.555));
#17681=VECTOR('',#19663,0.64);
#17682=CARTESIAN_POINT('',(-1.36,1.64,2.555));
#17683=CARTESIAN_POINT('',(-1.36,1.64,2.555));
#17684=VECTOR('',#19664,0.28);
#17685=CARTESIAN_POINT('',(-1.36,1.64,2.555));
#17686=VECTOR('',#19665,1.031891467161);
#17687=CARTESIAN_POINT('',(-1.36,1.36,2.555));
#17688=CARTESIAN_POINT('',(-1.18,1.18,1.555));
#17689=VECTOR('',#19666,1.031891467161);
#17690=CARTESIAN_POINT('',(-1.36,1.64,2.555));
#17691=VECTOR('',#19667,0.28);
#17692=CARTESIAN_POINT('',(-1.36,1.36,2.555));
#17693=VECTOR('',#19668,0.28);
#17694=CARTESIAN_POINT('',(-1.18,1.18,1.555));
#17695=VECTOR('',#19669,0.64);
#17696=CARTESIAN_POINT('',(-1.64,-1.64,2.555));
#17697=CARTESIAN_POINT('',(-1.64,-1.64,2.555));
#17698=VECTOR('',#19670,1.031891467161);
#17699=CARTESIAN_POINT('',(-1.64,-1.36,2.555));
#17700=CARTESIAN_POINT('',(-1.64,-1.64,2.555));
#17701=VECTOR('',#19671,0.28);
#17702=CARTESIAN_POINT('',(-1.64,-1.36,2.555));
#17703=VECTOR('',#19672,1.031891467161);
#17704=CARTESIAN_POINT('',(-1.36,-1.36,2.555));
#17705=CARTESIAN_POINT('',(-1.36,-1.36,2.555));
#17706=VECTOR('',#19673,0.28);
#17707=CARTESIAN_POINT('',(-1.36,-1.36,2.555));
#17708=VECTOR('',#19674,1.031891467161);
#17709=CARTESIAN_POINT('',(-1.18,-1.18,1.555));
#17710=VECTOR('',#19675,0.64);
#17711=CARTESIAN_POINT('',(-1.82,-1.18,-3.655));
#17712=CARTESIAN_POINT('',(-1.82,-1.18,-3.655));
#17713=VECTOR('',#19676,0.64);
#17714=CARTESIAN_POINT('',(-1.82,-1.18,-3.655));
#17715=VECTOR('',#19677,0.63);
#17716=CARTESIAN_POINT('',(-1.82,-0.32,-3.655));
#17717=VECTOR('',#19678,0.86);
#17718=CARTESIAN_POINT('',(-1.82,1.589,-3.655));
#17719=CARTESIAN_POINT('',(-1.82,1.589,-4.285));
#17720=VECTOR('',#19679,0.63);
#17721=CARTESIAN_POINT('',(-1.82,3.175,-3.655));
#17722=VECTOR('',#19680,1.586);
#17723=CARTESIAN_POINT('',(-1.82,0.949,-3.655));
#17724=CARTESIAN_POINT('',(-1.82,0.949,-4.285));
#17725=VECTOR('',#19681,0.63);
#17726=CARTESIAN_POINT('',(-1.82,0.949,-3.655));
#17727=VECTOR('',#19682,0.629);
#17728=CARTESIAN_POINT('',(-1.82,1.589,-3.655));
#17729=VECTOR('',#19683,0.64);
#17730=CARTESIAN_POINT('',(-1.82,0.949,-3.655));
#17731=VECTOR('',#19684,0.64);
#17732=CARTESIAN_POINT('',(-1.18,1.589,-7.285));
#17733=VECTOR('',#19685,0.64);
#17734=CARTESIAN_POINT('',(-1.18,-6.12,-7.285));
#17735=VECTOR('',#19686,0.64);
#17736=CARTESIAN_POINT('',(-1.64,-7.12,-7.105));
#17737=CARTESIAN_POINT('',(-1.64,-7.12,-7.105));
#17738=VECTOR('',#19687,1.031891467161);
#17739=CARTESIAN_POINT('',(-1.36,-7.12,-7.105));
#17740=CARTESIAN_POINT('',(-1.18,-6.12,-7.285));
#17741=VECTOR('',#19688,1.031891467161);
#17742=CARTESIAN_POINT('',(-1.36,-7.12,-7.105));
#17743=VECTOR('',#19689,0.28);
#17744=CARTESIAN_POINT('',(-1.36,-7.12,-6.825));
#17745=CARTESIAN_POINT('',(-1.36,-7.12,-6.825));
#17746=VECTOR('',#19690,0.28);
#17747=CARTESIAN_POINT('',(-1.64,-7.12,-6.825));
#17748=CARTESIAN_POINT('',(-1.36,-7.12,-6.825));
#17749=VECTOR('',#19691,0.28);
#17750=CARTESIAN_POINT('',(-1.64,-7.12,-7.105));
#17751=VECTOR('',#19692,0.28);
#17752=CARTESIAN_POINT('',(-1.64,-7.12,-6.825));
#17753=VECTOR('',#19693,1.031891467161);
#17754=CARTESIAN_POINT('',(-1.36,-7.12,-6.825));
#17755=VECTOR('',#19694,1.031891467161);
#17756=CARTESIAN_POINT('',(-1.18,-6.12,-6.645));
#17757=VECTOR('',#19695,0.64);
#17758=CARTESIAN_POINT('',(-1.18,0.949,-6.645));
#17759=VECTOR('',#19696,0.64);
#17760=CARTESIAN_POINT('',(-1.36,-1.64,2.555));
#17761=CARTESIAN_POINT('',(-1.18,-1.82,1.555));
#17762=VECTOR('',#19697,1.031891467161);
#17763=CARTESIAN_POINT('',(-1.36,-1.36,2.555));
#17764=VECTOR('',#19698,0.28);
#17765=CARTESIAN_POINT('',(-1.36,-1.64,2.555));
#17766=VECTOR('',#19699,0.28);
#17767=CARTESIAN_POINT('',(-1.18,-1.82,1.555));
#17768=VECTOR('',#19700,0.64);
#17769=CARTESIAN_POINT('',(-1.64,-7.12,-4.105));
#17770=CARTESIAN_POINT('',(-1.64,-7.12,-4.105));
#17771=VECTOR('',#19701,1.031891467161);
#17772=CARTESIAN_POINT('',(-1.64,-7.12,-3.825));
#17773=CARTESIAN_POINT('',(-1.64,-7.12,-4.105));
#17774=VECTOR('',#19702,0.28);
#17775=CARTESIAN_POINT('',(-1.64,-7.12,-3.825));
#17776=VECTOR('',#19703,0.97456416343);
#17777=CARTESIAN_POINT('',(-1.36,-7.12,-3.825));
#17778=CARTESIAN_POINT('',(-1.36,-7.12,-3.825));
#17779=VECTOR('',#19704,0.28);
#17780=CARTESIAN_POINT('',(-1.36,-7.12,-3.825));
#17781=VECTOR('',#19705,0.97456416343);
#17782=CARTESIAN_POINT('',(-1.36,-7.12,-4.105));
#17783=CARTESIAN_POINT('',(-1.36,-7.12,-3.825));
#17784=VECTOR('',#19706,0.28);
#17785=CARTESIAN_POINT('',(-1.18,-6.12,-4.285));
#17786=VECTOR('',#19707,1.031891467161);
#17787=CARTESIAN_POINT('',(-1.36,-7.12,-4.105));
#17788=VECTOR('',#19708,0.28);
#17789=CARTESIAN_POINT('',(-4.18,-1.18,1.555));
#17790=VECTOR('',#19709,0.64);
#17791=CARTESIAN_POINT('',(-4.64,-1.36,2.555));
#17792=CARTESIAN_POINT('',(-4.64,-1.36,2.555));
#17793=VECTOR('',#19710,1.031891467161);
#17794=CARTESIAN_POINT('',(-4.36,-1.36,2.555));
#17795=CARTESIAN_POINT('',(-4.36,-1.36,2.555));
#17796=VECTOR('',#19711,0.28);
#17797=CARTESIAN_POINT('',(-4.36,-1.36,2.555));
#17798=VECTOR('',#19712,1.031891467161);
#17799=CARTESIAN_POINT('',(-4.36,-1.64,2.555));
#17800=CARTESIAN_POINT('',(-4.36,-1.36,2.555));
#17801=VECTOR('',#19713,0.28);
#17802=CARTESIAN_POINT('',(-4.18,-1.82,1.555));
#17803=VECTOR('',#19714,1.031891467161);
#17804=CARTESIAN_POINT('',(-4.64,-1.64,2.555));
#17805=CARTESIAN_POINT('',(-4.36,-1.64,2.555));
#17806=VECTOR('',#19715,0.28);
#17807=CARTESIAN_POINT('',(-4.64,-1.64,2.555));
#17808=VECTOR('',#19716,1.031891467161);
#17809=CARTESIAN_POINT('',(-4.18,-1.82,1.555));
#17810=VECTOR('',#19717,0.64);
#17811=CARTESIAN_POINT('',(-4.64,-1.64,2.555));
#17812=VECTOR('',#19718,0.28);
#17813=CARTESIAN_POINT('',(-7.18,-1.18,1.555));
#17814=VECTOR('',#19719,0.64);
#17815=CARTESIAN_POINT('',(-7.64,-1.36,2.555));
#17816=CARTESIAN_POINT('',(-7.64,-1.36,2.555));
#17817=VECTOR('',#19720,1.031891467161);
#17818=CARTESIAN_POINT('',(-7.36,-1.36,2.555));
#17819=CARTESIAN_POINT('',(-7.36,-1.36,2.555));
#17820=VECTOR('',#19721,0.28);
#17821=CARTESIAN_POINT('',(-7.36,-1.36,2.555));
#17822=VECTOR('',#19722,1.031891467161);
#17823=CARTESIAN_POINT('',(-7.36,-1.64,2.555));
#17824=CARTESIAN_POINT('',(-7.36,-1.36,2.555));
#17825=VECTOR('',#19723,0.28);
#17826=CARTESIAN_POINT('',(-7.18,-1.82,1.555));
#17827=VECTOR('',#19724,1.031891467161);
#17828=CARTESIAN_POINT('',(-7.64,-1.64,2.555));
#17829=CARTESIAN_POINT('',(-7.36,-1.64,2.555));
#17830=VECTOR('',#19725,0.28);
#17831=CARTESIAN_POINT('',(-7.64,-1.64,2.555));
#17832=VECTOR('',#19726,1.031891467161);
#17833=CARTESIAN_POINT('',(-7.18,-1.82,1.555));
#17834=VECTOR('',#19727,0.64);
#17835=CARTESIAN_POINT('',(-7.64,-1.64,2.555));
#17836=VECTOR('',#19728,0.28);
#17837=CARTESIAN_POINT('',(-7.18,1.82,1.555));
#17838=VECTOR('',#19729,0.64);
#17839=CARTESIAN_POINT('',(-7.64,1.64,2.555));
#17840=CARTESIAN_POINT('',(-7.64,1.64,2.555));
#17841=VECTOR('',#19730,1.031891467161);
#17842=CARTESIAN_POINT('',(-7.36,1.64,2.555));
#17843=CARTESIAN_POINT('',(-7.36,1.64,2.555));
#17844=VECTOR('',#19731,0.28);
#17845=CARTESIAN_POINT('',(-7.36,1.64,2.555));
#17846=VECTOR('',#19732,1.031891467161);
#17847=CARTESIAN_POINT('',(-7.36,1.36,2.555));
#17848=CARTESIAN_POINT('',(-7.36,1.64,2.555));
#17849=VECTOR('',#19733,0.28);
#17850=CARTESIAN_POINT('',(-7.18,1.18,1.555));
#17851=VECTOR('',#19734,1.031891467161);
#17852=CARTESIAN_POINT('',(-7.64,1.36,2.555));
#17853=CARTESIAN_POINT('',(-7.36,1.36,2.555));
#17854=VECTOR('',#19735,0.28);
#17855=CARTESIAN_POINT('',(-7.64,1.36,2.555));
#17856=VECTOR('',#19736,1.031891467161);
#17857=CARTESIAN_POINT('',(-7.18,1.18,1.555));
#17858=VECTOR('',#19737,0.64);
#17859=CARTESIAN_POINT('',(-7.64,1.36,2.555));
#17860=VECTOR('',#19738,0.28);
#17861=CARTESIAN_POINT('',(-10.18,-1.18,1.555));
#17862=VECTOR('',#19739,0.64);
#17863=CARTESIAN_POINT('',(-10.64,-1.36,2.555));
#17864=CARTESIAN_POINT('',(-10.64,-1.36,2.555));
#17865=VECTOR('',#19740,1.031891467161);
#17866=CARTESIAN_POINT('',(-10.36,-1.36,2.555));
#17867=CARTESIAN_POINT('',(-10.36,-1.36,2.555));
#17868=VECTOR('',#19741,0.28);
#17869=CARTESIAN_POINT('',(-10.36,-1.36,2.555));
#17870=VECTOR('',#19742,1.031891467161);
#17871=CARTESIAN_POINT('',(-10.36,-1.64,2.555));
#17872=CARTESIAN_POINT('',(-10.36,-1.36,2.555));
#17873=VECTOR('',#19743,0.28);
#17874=CARTESIAN_POINT('',(-10.18,-1.82,1.555));
#17875=VECTOR('',#19744,1.031891467161);
#17876=CARTESIAN_POINT('',(-10.64,-1.64,2.555));
#17877=CARTESIAN_POINT('',(-10.36,-1.64,2.555));
#17878=VECTOR('',#19745,0.28);
#17879=CARTESIAN_POINT('',(-10.64,-1.64,2.555));
#17880=VECTOR('',#19746,1.031891467161);
#17881=CARTESIAN_POINT('',(-10.18,-1.82,1.555));
#17882=VECTOR('',#19747,0.64);
#17883=CARTESIAN_POINT('',(-10.64,-1.64,2.555));
#17884=VECTOR('',#19748,0.28);
#17885=CARTESIAN_POINT('',(-10.18,1.82,1.555));
#17886=VECTOR('',#19749,0.64);
#17887=CARTESIAN_POINT('',(-10.64,1.64,2.555));
#17888=CARTESIAN_POINT('',(-10.64,1.64,2.555));
#17889=VECTOR('',#19750,1.031891467161);
#17890=CARTESIAN_POINT('',(-10.36,1.64,2.555));
#17891=CARTESIAN_POINT('',(-10.36,1.64,2.555));
#17892=VECTOR('',#19751,0.28);
#17893=CARTESIAN_POINT('',(-10.36,1.64,2.555));
#17894=VECTOR('',#19752,1.031891467161);
#17895=CARTESIAN_POINT('',(-10.36,1.36,2.555));
#17896=CARTESIAN_POINT('',(-10.36,1.64,2.555));
#17897=VECTOR('',#19753,0.28);
#17898=CARTESIAN_POINT('',(-10.18,1.18,1.555));
#17899=VECTOR('',#19754,1.031891467161);
#17900=CARTESIAN_POINT('',(-10.64,1.36,2.555));
#17901=CARTESIAN_POINT('',(-10.36,1.36,2.555));
#17902=VECTOR('',#19755,0.28);
#17903=CARTESIAN_POINT('',(-10.64,1.36,2.555));
#17904=VECTOR('',#19756,1.031891467161);
#17905=CARTESIAN_POINT('',(-10.18,1.18,1.555));
#17906=VECTOR('',#19757,0.64);
#17907=CARTESIAN_POINT('',(-10.64,1.36,2.555));
#17908=VECTOR('',#19758,0.28);
#17909=CARTESIAN_POINT('',(-4.36,-7.12,-6.825));
#17910=CARTESIAN_POINT('',(-4.36,-7.12,-7.105));
#17911=CARTESIAN_POINT('',(-4.36,-7.12,-6.825));
#17912=VECTOR('',#19759,0.28);
#17913=CARTESIAN_POINT('',(-4.18,-6.12,-7.285));
#17914=VECTOR('',#19760,1.031891467161);
#17915=CARTESIAN_POINT('',(-4.36,-7.12,-6.825));
#17916=VECTOR('',#19761,1.031891467161);
#17917=CARTESIAN_POINT('',(-4.18,-6.12,-6.645));
#17918=VECTOR('',#19762,0.64);
#17919=CARTESIAN_POINT('',(-4.64,-7.12,-6.825));
#17920=CARTESIAN_POINT('',(-4.64,-7.12,-6.825));
#17921=VECTOR('',#19763,1.031891467161);
#17922=CARTESIAN_POINT('',(-4.36,-7.12,-6.825));
#17923=VECTOR('',#19764,0.28);
#17924=CARTESIAN_POINT('',(-4.64,-7.12,-7.105));
#17925=CARTESIAN_POINT('',(-4.64,-7.12,-7.105));
#17926=VECTOR('',#19765,0.28);
#17927=CARTESIAN_POINT('',(-4.36,-7.12,-7.105));
#17928=VECTOR('',#19766,0.28);
#17929=CARTESIAN_POINT('',(-4.64,-7.12,-7.105));
#17930=VECTOR('',#19767,1.031891467161);
#17931=CARTESIAN_POINT('',(-4.18,-6.12,-7.285));
#17932=VECTOR('',#19768,0.64);
#17933=CARTESIAN_POINT('',(12.325,3.43,-3.205));
#17934=VECTOR('',#19769,0.255);
#17935=CARTESIAN_POINT('',(-7.18,0.949,-6.645));
#17936=VECTOR('',#19770,0.64);
#17937=CARTESIAN_POINT('',(-7.18,-6.12,-6.645));
#17938=VECTOR('',#19771,0.64);
#17939=CARTESIAN_POINT('',(-7.64,-7.12,-6.825));
#17940=CARTESIAN_POINT('',(-7.64,-7.12,-6.825));
#17941=VECTOR('',#19772,1.031891467161);
#17942=CARTESIAN_POINT('',(-7.36,-7.12,-6.825));
#17943=CARTESIAN_POINT('',(-7.36,-7.12,-6.825));
#17944=VECTOR('',#19773,0.28);
#17945=CARTESIAN_POINT('',(-7.36,-7.12,-6.825));
#17946=VECTOR('',#19774,1.031891467161);
#17947=CARTESIAN_POINT('',(-7.36,-7.12,-7.105));
#17948=CARTESIAN_POINT('',(-7.36,-7.12,-6.825));
#17949=VECTOR('',#19775,0.28);
#17950=CARTESIAN_POINT('',(-7.18,-6.12,-7.285));
#17951=VECTOR('',#19776,1.031891467161);
#17952=CARTESIAN_POINT('',(-7.64,-7.12,-7.105));
#17953=CARTESIAN_POINT('',(-7.36,-7.12,-7.105));
#17954=VECTOR('',#19777,0.28);
#17955=CARTESIAN_POINT('',(-7.64,-7.12,-7.105));
#17956=VECTOR('',#19778,1.031891467161);
#17957=CARTESIAN_POINT('',(-7.18,-6.12,-7.285));
#17958=VECTOR('',#19779,0.64);
#17959=CARTESIAN_POINT('',(-7.64,-7.12,-7.105));
#17960=VECTOR('',#19780,0.28);
#17961=CARTESIAN_POINT('',(-10.18,-6.12,-3.645));
#17962=VECTOR('',#19781,0.64);
#17963=CARTESIAN_POINT('',(-10.64,-7.12,-3.825));
#17964=CARTESIAN_POINT('',(-10.64,-7.12,-3.825));
#17965=VECTOR('',#19782,1.031891467161);
#17966=CARTESIAN_POINT('',(-10.36,-7.12,-3.825));
#17967=CARTESIAN_POINT('',(-10.36,-7.12,-3.825));
#17968=VECTOR('',#19783,0.28);
#17969=CARTESIAN_POINT('',(-10.36,-7.12,-3.825));
#17970=VECTOR('',#19784,1.031891467161);
#17971=CARTESIAN_POINT('',(-10.36,-7.12,-4.105));
#17972=CARTESIAN_POINT('',(-10.36,-7.12,-3.825));
#17973=VECTOR('',#19785,0.28);
#17974=CARTESIAN_POINT('',(-10.36,-7.12,-4.105));
#17975=VECTOR('',#19786,1.031891467161);
#17976=CARTESIAN_POINT('',(-10.64,-7.12,-4.105));
#17977=CARTESIAN_POINT('',(-10.36,-7.12,-4.105));
#17978=VECTOR('',#19787,0.28);
#17979=CARTESIAN_POINT('',(-10.64,-7.12,-4.105));
#17980=VECTOR('',#19788,1.031891467161);
#17981=CARTESIAN_POINT('',(-10.64,-7.12,-4.105));
#17982=VECTOR('',#19789,0.28);
#17983=CARTESIAN_POINT('',(-12.825,-3.94,-3.355));
#17984=CARTESIAN_POINT('',(-12.825,-3.94,-3.355));
#17985=VECTOR('',#19790,1.6);
#17986=CARTESIAN_POINT('',(-12.825,-3.94,-3.355));
#17987=VECTOR('',#19791,0.51);
#17988=CARTESIAN_POINT('',(12.805,-3.94,-3.355));
#17989=CARTESIAN_POINT('',(12.805,-3.94,-3.355));
#17990=VECTOR('',#19792,1.27);
#17991=CARTESIAN_POINT('',(13.825,-3.05,-3.355));
#17992=VECTOR('',#19793,1.088485185935);
#17993=CARTESIAN_POINT('',(12.805,-3.94,-3.355));
#17994=VECTOR('',#19794,0.51);
#17995=CARTESIAN_POINT('',(-12.805,-3.43,-3.355));
#17996=VECTOR('',#19795,1.088485185935);
#17997=CARTESIAN_POINT('',(-14.075,-3.94,-3.355));
#17998=CARTESIAN_POINT('',(-14.075,3.43,-3.355));
#17999=VECTOR('',#19796,7.37);
#18000=CARTESIAN_POINT('',(-14.075,-3.94,-3.355));
#18001=VECTOR('',#19797,1.25);
#18002=CARTESIAN_POINT('',(12.805,-3.94,-3.355));
#18003=VECTOR('',#19798,1.6);
#18004=CARTESIAN_POINT('',(-14.075,-3.94,-4.955));
#18005=VECTOR('',#19799,1.6);
#18006=CARTESIAN_POINT('',(-14.075,1.0,-3.685));
#18007=CARTESIAN_POINT('',(-14.075,1.0,-4.285));
#18008=VECTOR('',#19800,0.6);
#18009=CARTESIAN_POINT('',(-14.075,-1.0,-3.685));
#18010=CARTESIAN_POINT('',(-14.075,1.0,-3.685));
#18011=VECTOR('',#19801,2.0);
#18012=CARTESIAN_POINT('',(-14.075,-1.0,-3.685));
#18013=VECTOR('',#19802,0.6);
#18014=CARTESIAN_POINT('',(-12.825,-1.0,-3.685));
#18015=CARTESIAN_POINT('',(-14.075,-1.0,-3.685));
#18016=VECTOR('',#19803,1.25);
#18017=CARTESIAN_POINT('',(-12.825,-1.0,-3.685));
#18018=VECTOR('',#19804,0.6);
#18019=CARTESIAN_POINT('',(-12.825,1.0,-3.685));
#18020=CARTESIAN_POINT('',(-12.825,1.0,-3.685));
#18021=VECTOR('',#19805,2.0);
#18022=CARTESIAN_POINT('',(-12.825,1.0,-4.285));
#18023=VECTOR('',#19806,0.6);
#18024=CARTESIAN_POINT('',(-14.075,1.0,-3.685));
#18025=VECTOR('',#19807,1.25);
#18026=CARTESIAN_POINT('',(-10.18,0.949,-6.645));
#18027=VECTOR('',#19808,0.64);
#18028=CARTESIAN_POINT('',(-10.18,-6.12,-6.645));
#18029=VECTOR('',#19809,0.64);
#18030=CARTESIAN_POINT('',(-10.64,-7.12,-6.825));
#18031=CARTESIAN_POINT('',(-10.64,-7.12,-6.825));
#18032=VECTOR('',#19810,1.031891467161);
#18033=CARTESIAN_POINT('',(-10.36,-7.12,-6.825));
#18034=CARTESIAN_POINT('',(-10.36,-7.12,-6.825));
#18035=VECTOR('',#19811,0.28);
#18036=CARTESIAN_POINT('',(-10.36,-7.12,-6.825));
#18037=VECTOR('',#19812,1.031891467161);
#18038=CARTESIAN_POINT('',(-10.36,-7.12,-7.105));
#18039=CARTESIAN_POINT('',(-10.36,-7.12,-6.825));
#18040=VECTOR('',#19813,0.28);
#18041=CARTESIAN_POINT('',(-10.18,-6.12,-7.285));
#18042=VECTOR('',#19814,1.031891467161);
#18043=CARTESIAN_POINT('',(-10.64,-7.12,-7.105));
#18044=CARTESIAN_POINT('',(-10.36,-7.12,-7.105));
#18045=VECTOR('',#19815,0.28);
#18046=CARTESIAN_POINT('',(-10.64,-7.12,-7.105));
#18047=VECTOR('',#19816,1.031891467161);
#18048=CARTESIAN_POINT('',(-10.18,-6.12,-7.285));
#18049=VECTOR('',#19817,0.64);
#18050=CARTESIAN_POINT('',(-10.64,-7.12,-7.105));
#18051=VECTOR('',#19818,0.28);
#18052=CARTESIAN_POINT('',(12.825,-1.0,-3.685));
#18053=CARTESIAN_POINT('',(12.825,-1.0,-3.685));
#18054=VECTOR('',#19819,0.6);
#18055=CARTESIAN_POINT('',(14.075,-1.0,-3.685));
#18056=VECTOR('',#19820,1.25);
#18057=CARTESIAN_POINT('',(12.825,1.0,-3.685));
#18058=CARTESIAN_POINT('',(12.825,1.0,-3.685));
#18059=VECTOR('',#19821,2.0);
#18060=CARTESIAN_POINT('',(14.075,1.0,-3.685));
#18061=VECTOR('',#19822,1.25);
#18062=CARTESIAN_POINT('',(12.825,1.0,-4.285));
#18063=VECTOR('',#19823,0.6);
#18064=CARTESIAN_POINT('',(-12.44032373904,1.1,3.305));
#18065=VECTOR('',#19824,1.384676260962);
#18066=CARTESIAN_POINT('',(-13.825,1.1,-0.195));
#18067=VECTOR('',#19825,1.384838130481);
#18068=CARTESIAN_POINT('',(13.825,1.1,-0.195));
#18069=VECTOR('',#19826,1.384838130481);
#18070=CARTESIAN_POINT('',(13.775,-2.2,2.805));
#18071=CARTESIAN_POINT('',(13.825,-2.2,2.805));
#18072=VECTOR('',#19827,0.05);
#18073=CARTESIAN_POINT('',(13.775,-2.2,1.605));
#18074=CARTESIAN_POINT('',(13.775,-2.2,1.605));
#18075=VECTOR('',#19828,1.2);
#18076=CARTESIAN_POINT('',(13.825,-2.2,1.605));
#18077=VECTOR('',#19829,0.05);
#18078=CARTESIAN_POINT('',(13.775,-2.35,1.605));
#18079=CARTESIAN_POINT('',(13.775,-2.35,1.605));
#18080=VECTOR('',#19830,0.15);
#18081=CARTESIAN_POINT('',(13.825,-2.35,1.605));
#18082=VECTOR('',#19831,0.05);
#18083=CARTESIAN_POINT('',(13.775,-2.35,2.6007447052));
#18084=CARTESIAN_POINT('',(13.775,-2.35,2.6007447052));
#18085=VECTOR('',#19832,0.9957447052002);
#18086=CARTESIAN_POINT('',(13.825,-2.35,2.6007447052));
#18087=VECTOR('',#19833,0.05);
#18088=CARTESIAN_POINT('',(13.775,-2.5,2.422021250725));
#18089=CARTESIAN_POINT('',(13.775,-2.5,2.422021250725));
#18090=VECTOR('',#19834,0.2333282519962);
#18091=CARTESIAN_POINT('',(13.825,-2.5,2.422021250725));
#18092=VECTOR('',#19835,0.05);
#18093=CARTESIAN_POINT('',(13.775,-2.5,2.62627661705));
#18094=CARTESIAN_POINT('',(13.775,-2.5,2.62627661705));
#18095=VECTOR('',#19836,0.2042553663254);
#18096=CARTESIAN_POINT('',(13.825,-2.5,2.62627661705));
#18097=VECTOR('',#19837,0.05);
#18098=CARTESIAN_POINT('',(13.775,-2.35,2.805));
#18099=CARTESIAN_POINT('',(13.775,-2.35,2.805));
#18100=VECTOR('',#19838,0.2333281972095);
#18101=CARTESIAN_POINT('',(13.825,-2.35,2.805));
#18102=VECTOR('',#19839,0.05);
#18103=CARTESIAN_POINT('',(13.775,-2.2,2.805));
#18104=VECTOR('',#19840,0.15);
#18105=CARTESIAN_POINT('',(13.14048560856,-0.4,-2.695));
#18106=VECTOR('',#19841,0.1);
#18107=CARTESIAN_POINT('',(13.14048560856,0.4,-2.695));
#18108=VECTOR('',#19842,0.1);
#18109=CARTESIAN_POINT('',(12.84048560856,0.4,-2.695));
#18110=VECTOR('',#19843,0.1);
#18111=CARTESIAN_POINT('',(-12.84048560856,-0.4,-2.695));
#18112=VECTOR('',#19844,0.1);
#18113=CARTESIAN_POINT('',(-13.14048560856,-0.4,-2.695));
#18114=VECTOR('',#19845,0.1);
#18115=CARTESIAN_POINT('',(-13.14048560856,0.4,-2.695));
#18116=VECTOR('',#19846,0.1);
#18117=DIRECTION('',(0.0,1.0,0.0));
#18118=DIRECTION('',(0.0,0.0,-1.0));
#18119=DIRECTION('',(0.0,1.0,0.0));
#18120=DIRECTION('',(0.0,0.0,1.0));
#18121=DIRECTION('',(0.0,1.0,0.0));
#18122=DIRECTION('',(0.0,0.0,-1.0));
#18123=DIRECTION('',(0.0,1.0,0.0));
#18124=DIRECTION('',(0.0,-1.0,0.0));
#18125=DIRECTION('',(0.0,0.0,1.0));
#18126=DIRECTION('',(0.0,1.0,0.0));
#18127=DIRECTION('',(0.0,0.0,-1.0));
#18128=DIRECTION('',(0.0,-1.0,0.0));
#18129=DIRECTION('',(0.0,1.0,0.0));
#18130=DIRECTION('',(0.0,0.0,-1.0));
#18131=DIRECTION('',(-1.0,0.0,0.0));
#18132=DIRECTION('',(4.62484339965319E-05,0.0,-0.999999998930541));
#18133=DIRECTION('',(1.0,0.0,0.0));
#18134=DIRECTION('',(0.0,1.0,0.0));
#18135=DIRECTION('',(1.0,0.0,0.0));
#18136=DIRECTION('',(-0.000124515013776701,0.0,-0.999999992248006));
#18137=DIRECTION('',(1.0,0.0,0.0));
#18138=DIRECTION('',(0.0,0.0,-1.0));
#18139=DIRECTION('',(1.0,0.0,0.0));
#18140=DIRECTION('',(1.0,0.0,0.0));
#18141=DIRECTION('',(0.0,1.0,0.0));
#18142=DIRECTION('',(1.0,0.0,0.0));
#18143=DIRECTION('',(0.0,-1.0,0.0));
#18144=DIRECTION('',(-1.0,0.0,0.0));
#18145=DIRECTION('',(0.0,-1.0,0.0));
#18146=DIRECTION('',(0.0,0.0,-1.0));
#18147=DIRECTION('',(0.0,-1.0,0.0));
#18148=DIRECTION('',(0.0,0.0,-1.0));
#18149=DIRECTION('',(1.0,0.0,0.0));
#18150=DIRECTION('',(-1.0,0.0,0.0));
#18151=DIRECTION('',(-0.000124515013776701,0.0,-0.999999992248006));
#18152=DIRECTION('',(-0.000123564517500201,-0.999999992365905,0.0));
#18153=DIRECTION('',(0.0,0.0,-1.0));
#18154=DIRECTION('',(0.0,1.0,0.0));
#18155=DIRECTION('',(0.0,0.0,-1.0));
#18156=DIRECTION('',(0.000102449062222499,-0.999999994752095,0.0));
#18157=DIRECTION('',(-4.62484339965319E-05,0.0,0.999999998930541));
#18158=DIRECTION('',(0.0,1.0,0.0));
#18159=DIRECTION('',(0.0,1.0,0.0));
#18160=DIRECTION('',(0.0,-1.0,0.0));
#18161=DIRECTION('',(1.0,0.0,0.0));
#18162=DIRECTION('',(0.0,1.0,0.0));
#18163=DIRECTION('',(1.0,0.0,0.0));
#18164=DIRECTION('',(0.0,1.0,0.0));
#18165=DIRECTION('',(-1.0,0.0,0.0));
#18166=DIRECTION('',(0.0,1.0,0.0));
#18167=DIRECTION('',(-1.0,0.0,0.0));
#18168=DIRECTION('',(-1.0,0.0,0.0));
#18169=DIRECTION('',(0.0,-1.0,0.0));
#18170=DIRECTION('',(1.0,0.0,0.0));
#18171=DIRECTION('',(0.0,-1.0,0.0));
#18172=DIRECTION('',(0.0,0.0,1.0));
#18173=DIRECTION('',(-1.0,0.0,0.0));
#18174=DIRECTION('',(0.000124515013776701,0.0,-0.999999992248006));
#18175=DIRECTION('',(0.0,0.0,-1.0));
#18176=DIRECTION('',(-1.0,0.0,0.0));
#18177=DIRECTION('',(-1.0,0.0,0.0));
#18178=DIRECTION('',(0.0,1.0,0.0));
#18179=DIRECTION('',(0.0,-1.0,0.0));
#18180=DIRECTION('',(-1.0,0.0,0.0));
#18181=DIRECTION('',(0.0,1.0,0.0));
#18182=DIRECTION('',(1.0,0.0,0.0));
#18183=DIRECTION('',(0.0,1.0,0.0));
#18184=DIRECTION('',(0.0,0.0,-1.0));
#18185=DIRECTION('',(0.0,0.0,-1.0));
#18186=DIRECTION('',(-1.0,0.0,0.0));
#18187=DIRECTION('',(0.0,0.0,-1.0));
#18188=DIRECTION('',(0.000124515013776701,0.0,-0.999999992248006));
#18189=DIRECTION('',(0.0,1.0,0.0));
#18190=DIRECTION('',(4.62484339980519E-05,0.0,0.999999998930541));
#18191=DIRECTION('',(-0.000102449062224699,-0.999999994752095,0.0));
#18192=DIRECTION('',(0.0,0.0,1.0));
#18193=DIRECTION('',(0.0,1.0,0.0));
#18194=DIRECTION('',(0.0,0.0,1.0));
#18195=DIRECTION('',(0.000123564517502901,-0.999999992365905,0.0));
#18196=DIRECTION('',(-4.62484339980519E-05,0.0,-0.999999998930541));
#18197=DIRECTION('',(0.0,1.0,0.0));
#18198=DIRECTION('',(-1.0,0.0,0.0));
#18199=DIRECTION('',(0.0,1.0,0.0));
#18200=DIRECTION('',(0.0,1.0,0.0));
#18201=DIRECTION('',(0.0,-1.0,0.0));
#18202=DIRECTION('',(0.0,0.0,-1.0));
#18203=DIRECTION('',(0.0,1.0,0.0));
#18204=DIRECTION('',(0.0,0.0,1.0));
#18205=DIRECTION('',(0.0,-1.0,0.0));
#18206=DIRECTION('',(0.0,1.0,0.0));
#18207=DIRECTION('',(0.0,0.0,-1.0));
#18208=DIRECTION('',(0.0,1.0,0.0));
#18209=DIRECTION('',(0.0,0.0,-1.0));
#18210=DIRECTION('',(0.0,1.0,0.0));
#18211=DIRECTION('',(0.0,0.0,-1.0));
#18212=DIRECTION('',(0.0,0.64287114276419,0.765974342782488));
#18213=DIRECTION('',(0.0,0.0,-1.0));
#18214=DIRECTION('',(0.0,-0.642871293713882,-0.765974216092578));
#18215=DIRECTION('',(0.0,-1.0,0.0));
#18216=DIRECTION('',(0.0,0.0,1.0));
#18217=DIRECTION('',(-1.0,0.0,0.0));
#18218=DIRECTION('',(-1.0,0.0,0.0));
#18219=DIRECTION('',(-1.0,0.0,0.0));
#18220=DIRECTION('',(-1.0,0.0,0.0));
#18221=DIRECTION('',(-0.642787609686505,0.0,0.766044443119007));
#18222=DIRECTION('',(-1.0,0.0,0.0));
#18223=DIRECTION('',(-0.642787609686505,0.0,-0.766044443119007));
#18224=DIRECTION('',(-0.642787609686505,0.0,0.766044443119007));
#18225=DIRECTION('',(0.0,-1.0,0.0));
#18226=DIRECTION('',(-0.642787609686505,0.0,0.766044443119007));
#18227=DIRECTION('',(0.0,-1.0,0.0));
#18228=DIRECTION('',(-0.642787609686505,0.0,0.766044443119007));
#18229=DIRECTION('',(-0.625113629922105,-0.232885469971002,0.744981414239306));
#18230=DIRECTION('',(-1.0,0.0,0.0));
#18231=DIRECTION('',(-0.642787609686505,0.0,-0.766044443119007));
#18232=DIRECTION('',(0.0,-1.0,0.0));
#18233=DIRECTION('',(-0.642787609686505,0.0,-0.766044443119007));
#18234=DIRECTION('',(-0.625113629922105,0.232885469971002,-0.744981414239306));
#18235=DIRECTION('',(-0.642787609686505,0.0,-0.766044443119007));
#18236=DIRECTION('',(0.0,-1.0,0.0));
#18237=DIRECTION('',(-1.0,0.0,0.0));
#18238=DIRECTION('',(0.0,0.0,1.0));
#18239=DIRECTION('',(1.0,0.0,0.0));
#18240=DIRECTION('',(1.0,0.0,0.0));
#18241=DIRECTION('',(1.0,0.0,0.0));
#18242=DIRECTION('',(0.0,0.0,-1.0));
#18243=DIRECTION('',(-1.0,0.0,0.0));
#18244=DIRECTION('',(0.0,0.0,1.0));
#18245=DIRECTION('',(1.0,0.0,0.0));
#18246=DIRECTION('',(0.0,0.0,1.0));
#18247=DIRECTION('',(1.0,0.0,0.0));
#18248=DIRECTION('',(0.0,0.0,-1.0));
#18249=DIRECTION('',(1.0,0.0,0.0));
#18250=DIRECTION('',(0.0,0.0,-1.0));
#18251=DIRECTION('',(0.0,-0.644702799660219,0.764433319597122));
#18252=DIRECTION('',(0.0,0.0,1.0));
#18253=DIRECTION('',(0.0,1.0,0.0));
#18254=CARTESIAN_POINT('',(-0.7,4.18,1.255));
#18255=DIRECTION('',(-1.0,0.0,0.0));
#18256=DIRECTION('',(0.0,-1.0,0.0));
#18257=DIRECTION('',(1.0,0.0,0.0));
#18258=CARTESIAN_POINT('',(0.7,4.18,1.255));
#18259=DIRECTION('',(-1.0,0.0,0.0));
#18260=DIRECTION('',(0.0,-1.0,0.0));
#18261=DIRECTION('',(0.0,1.0,0.0));
#18262=DIRECTION('',(0.0,0.0,1.0));
#18263=DIRECTION('',(0.0,-0.644702799660219,0.764433319597122));
#18264=DIRECTION('',(1.0,0.0,0.0));
#18265=DIRECTION('',(1.0,0.0,0.0));
#18266=DIRECTION('',(0.0,-1.0,0.0));
#18267=DIRECTION('',(0.0,0.0,1.0));
#18268=DIRECTION('',(0.0,1.0,0.0));
#18269=DIRECTION('',(1.0,0.0,0.0));
#18270=DIRECTION('',(0.0,-1.0,0.0));
#18271=DIRECTION('',(-1.0,0.0,0.0));
#18272=DIRECTION('',(0.0,1.0,0.0));
#18273=DIRECTION('',(-1.0,0.0,0.0));
#18274=DIRECTION('',(0.0,-1.0,0.0));
#18275=DIRECTION('',(1.0,0.0,0.0));
#18276=DIRECTION('',(0.0,1.0,0.0));
#18277=DIRECTION('',(0.0,-1.0,0.0));
#18278=DIRECTION('',(-1.0,0.0,0.0));
#18279=DIRECTION('',(0.0,1.0,0.0));
#18280=DIRECTION('',(1.0,0.0,0.0));
#18281=DIRECTION('',(0.0,-1.0,0.0));
#18282=DIRECTION('',(-1.0,0.0,0.0));
#18283=DIRECTION('',(0.0,-1.0,0.0));
#18284=DIRECTION('',(1.0,0.0,0.0));
#18285=DIRECTION('',(0.0,1.0,0.0));
#18286=DIRECTION('',(-1.0,0.0,0.0));
#18287=DIRECTION('',(0.0,1.0,0.0));
#18288=DIRECTION('',(1.0,0.0,0.0));
#18289=DIRECTION('',(0.0,-1.0,0.0));
#18290=DIRECTION('',(-1.0,0.0,0.0));
#18291=DIRECTION('',(0.0,-1.0,0.0));
#18292=DIRECTION('',(1.0,0.0,0.0));
#18293=DIRECTION('',(0.0,1.0,0.0));
#18294=DIRECTION('',(-1.0,0.0,0.0));
#18295=DIRECTION('',(0.0,1.0,0.0));
#18296=DIRECTION('',(1.0,0.0,0.0));
#18297=DIRECTION('',(0.0,-1.0,0.0));
#18298=DIRECTION('',(-1.0,0.0,0.0));
#18299=DIRECTION('',(0.0,-1.0,0.0));
#18300=DIRECTION('',(1.0,0.0,0.0));
#18301=DIRECTION('',(0.0,1.0,0.0));
#18302=DIRECTION('',(-1.0,0.0,0.0));
#18303=DIRECTION('',(0.0,1.0,0.0));
#18304=DIRECTION('',(1.0,0.0,0.0));
#18305=DIRECTION('',(0.0,-1.0,0.0));
#18306=DIRECTION('',(-1.0,0.0,0.0));
#18307=DIRECTION('',(0.0,-1.0,0.0));
#18308=DIRECTION('',(1.0,0.0,0.0));
#18309=DIRECTION('',(0.0,1.0,0.0));
#18310=DIRECTION('',(-1.0,0.0,0.0));
#18311=DIRECTION('',(0.0,1.0,0.0));
#18312=DIRECTION('',(1.0,0.0,0.0));
#18313=DIRECTION('',(0.0,-1.0,0.0));
#18314=DIRECTION('',(-1.0,0.0,0.0));
#18315=DIRECTION('',(0.0,1.0,0.0));
#18316=DIRECTION('',(1.0,0.0,0.0));
#18317=DIRECTION('',(0.0,1.0,0.0));
#18318=DIRECTION('',(-1.0,0.0,0.0));
#18319=DIRECTION('',(0.0,1.0,0.0));
#18320=DIRECTION('',(1.0,0.0,0.0));
#18321=DIRECTION('',(0.0,1.0,0.0));
#18322=DIRECTION('',(-1.0,0.0,0.0));
#18323=DIRECTION('',(0.0,1.0,0.0));
#18324=DIRECTION('',(1.0,0.0,0.0));
#18325=DIRECTION('',(0.0,1.0,0.0));
#18326=DIRECTION('',(-1.0,0.0,0.0));
#18327=DIRECTION('',(0.0,1.0,0.0));
#18328=DIRECTION('',(-1.0,0.0,0.0));
#18329=DIRECTION('',(0.0,1.0,0.0));
#18330=DIRECTION('',(-1.0,0.0,0.0));
#18331=DIRECTION('',(0.0,-1.0,0.0));
#18332=DIRECTION('',(1.0,0.0,0.0));
#18333=DIRECTION('',(0.0,1.0,0.0));
#18334=DIRECTION('',(-1.0,0.0,0.0));
#18335=DIRECTION('',(0.0,-1.0,0.0));
#18336=DIRECTION('',(1.0,0.0,0.0));
#18337=DIRECTION('',(0.0,1.0,0.0));
#18338=DIRECTION('',(1.0,0.0,0.0));
#18339=DIRECTION('',(0.0,1.0,0.0));
#18340=DIRECTION('',(-1.0,0.0,0.0));
#18341=DIRECTION('',(0.0,1.0,0.0));
#18342=DIRECTION('',(1.0,0.0,0.0));
#18343=DIRECTION('',(0.0,1.0,0.0));
#18344=DIRECTION('',(-1.0,0.0,0.0));
#18345=DIRECTION('',(0.0,1.0,0.0));
#18346=DIRECTION('',(0.0,0.0,1.0));
#18347=DIRECTION('',(0.0,1.0,0.0));
#18348=DIRECTION('',(0.0,0.0,1.0));
#18349=DIRECTION('',(0.0,0.0,1.0));
#18350=DIRECTION('',(0.0,0.0,-1.0));
#18351=DIRECTION('',(0.0,1.0,8.074349270001E-14));
#18352=DIRECTION('',(0.0,0.0,-1.0));
#18353=DIRECTION('',(0.0,-1.0,0.0));
#18354=DIRECTION('',(0.0,0.0,-1.0));
#18355=DIRECTION('',(0.0,1.0,0.0));
#18356=DIRECTION('',(0.0,0.0,-1.0));
#18357=DIRECTION('',(0.0,-1.0,0.0));
#18358=DIRECTION('',(0.0,0.0,-1.0));
#18359=DIRECTION('',(0.0,-1.0,0.0));
#18360=DIRECTION('',(0.0,0.0,-1.0));
#18361=DIRECTION('',(0.0,1.0,0.0));
#18362=DIRECTION('',(1.0,0.0,0.0));
#18363=DIRECTION('',(0.0,0.0,1.0));
#18364=DIRECTION('',(1.0,0.0,0.0));
#18365=DIRECTION('',(0.0,0.0,1.0));
#18366=DIRECTION('',(0.0,0.0,1.0));
#18367=DIRECTION('',(1.0,0.0,0.0));
#18368=DIRECTION('',(0.0,0.0,1.0));
#18369=DIRECTION('',(0.0,0.0,1.0));
#18370=DIRECTION('',(1.0,0.0,0.0));
#18371=DIRECTION('',(0.0,0.0,1.0));
#18372=DIRECTION('',(0.0,0.0,1.0));
#18373=DIRECTION('',(1.0,0.0,0.0));
#18374=DIRECTION('',(0.0,0.0,1.0));
#18375=DIRECTION('',(0.0,0.0,1.0));
#18376=DIRECTION('',(1.0,0.0,0.0));
#18377=DIRECTION('',(0.0,0.0,1.0));
#18378=DIRECTION('',(0.0,0.0,1.0));
#18379=DIRECTION('',(1.0,0.0,0.0));
#18380=DIRECTION('',(0.0,0.0,1.0));
#18381=DIRECTION('',(0.0,0.0,1.0));
#18382=DIRECTION('',(0.0,0.0,1.0));
#18383=DIRECTION('',(1.0,0.0,0.0));
#18384=DIRECTION('',(0.0,0.0,1.0));
#18385=DIRECTION('',(1.0,0.0,0.0));
#18386=DIRECTION('',(0.0,0.0,1.0));
#18387=DIRECTION('',(0.0,0.0,1.0));
#18388=DIRECTION('',(0.0,0.0,-1.0));
#18389=DIRECTION('',(0.0,-1.0,0.0));
#18390=DIRECTION('',(0.0,0.0,1.0));
#18391=DIRECTION('',(0.0,1.0,0.0));
#18392=DIRECTION('',(0.0,0.0,1.0));
#18393=DIRECTION('',(0.0,-1.0,0.0));
#18394=DIRECTION('',(0.0,0.0,-1.0));
#18395=DIRECTION('',(0.0,1.0,0.0));
#18396=DIRECTION('',(-1.0,0.0,0.0));
#18397=DIRECTION('',(0.0,1.0,0.0));
#18398=DIRECTION('',(0.0,1.0,0.0));
#18399=DIRECTION('',(0.0,1.0,0.0));
#18400=DIRECTION('',(-1.0,0.0,0.0));
#18401=DIRECTION('',(0.0,1.0,0.0));
#18402=DIRECTION('',(1.0,0.0,0.0));
#18403=DIRECTION('',(0.0,1.0,0.0));
#18404=DIRECTION('',(-1.0,0.0,0.0));
#18405=DIRECTION('',(3.229739708E-13,1.0,8.074349270001E-14));
#18406=DIRECTION('',(0.0,1.0,0.0));
#18407=DIRECTION('',(0.0,1.0,0.0));
#18408=DIRECTION('',(0.0,1.0,0.0));
#18409=DIRECTION('',(0.0,1.0,0.0));
#18410=DIRECTION('',(-1.0,0.0,0.0));
#18411=DIRECTION('',(0.0,1.0,0.0));
#18412=DIRECTION('',(0.0,1.0,0.0));
#18413=DIRECTION('',(0.0,1.0,0.0));
#18414=DIRECTION('',(0.0,1.0,0.0));
#18415=DIRECTION('',(0.0,1.0,8.074349270001E-14));
#18416=DIRECTION('',(-1.0,0.0,0.0));
#18417=DIRECTION('',(8.074349270001E-14,1.0,8.074349270001E-14));
#18418=DIRECTION('',(0.0,1.0,0.0));
#18419=DIRECTION('',(0.0,1.0,0.0));
#18420=DIRECTION('',(0.0,1.0,0.0));
#18421=DIRECTION('',(0.0,1.0,0.0));
#18422=DIRECTION('',(-1.0,0.0,0.0));
#18423=DIRECTION('',(0.0,1.0,0.0));
#18424=DIRECTION('',(0.0,1.0,0.0));
#18425=DIRECTION('',(0.0,1.0,0.0));
#18426=DIRECTION('',(0.0,1.0,0.0));
#18427=DIRECTION('',(-8.074349270001E-14,1.0,8.074349270001E-14));
#18428=DIRECTION('',(-1.0,0.0,0.0));
#18429=DIRECTION('',(2.422304781E-13,1.0,8.074349270001E-14));
#18430=DIRECTION('',(0.0,1.0,0.0));
#18431=DIRECTION('',(0.0,1.0,0.0));
#18432=DIRECTION('',(0.0,1.0,0.0));
#18433=DIRECTION('',(0.0,1.0,0.0));
#18434=DIRECTION('',(-1.0,0.0,0.0));
#18435=DIRECTION('',(0.0,1.0,0.0));
#18436=DIRECTION('',(0.0,1.0,0.0));
#18437=DIRECTION('',(0.0,1.0,0.0));
#18438=DIRECTION('',(0.0,1.0,0.0));
#18439=DIRECTION('',(0.0,1.0,8.074349270001E-14));
#18440=DIRECTION('',(-1.0,0.0,0.0));
#18441=DIRECTION('',(8.074349270001E-14,1.0,8.074349270001E-14));
#18442=DIRECTION('',(0.0,1.0,0.0));
#18443=DIRECTION('',(0.0,1.0,0.0));
#18444=DIRECTION('',(0.0,1.0,0.0));
#18445=DIRECTION('',(0.0,1.0,0.0));
#18446=DIRECTION('',(-1.0,0.0,0.0));
#18447=DIRECTION('',(0.0,1.0,0.0));
#18448=DIRECTION('',(0.0,1.0,0.0));
#18449=DIRECTION('',(0.0,1.0,0.0));
#18450=DIRECTION('',(0.0,1.0,0.0));
#18451=DIRECTION('',(0.0,1.0,8.074349270001E-14));
#18452=DIRECTION('',(-1.0,0.0,0.0));
#18453=DIRECTION('',(0.0,1.0,8.074349270001E-14));
#18454=DIRECTION('',(0.0,1.0,0.0));
#18455=DIRECTION('',(0.0,1.0,0.0));
#18456=DIRECTION('',(0.0,1.0,0.0));
#18457=DIRECTION('',(0.0,1.0,0.0));
#18458=DIRECTION('',(-1.0,0.0,0.0));
#18459=DIRECTION('',(0.0,1.0,0.0));
#18460=DIRECTION('',(0.0,1.0,0.0));
#18461=DIRECTION('',(0.0,1.0,0.0));
#18462=DIRECTION('',(0.0,1.0,0.0));
#18463=DIRECTION('',(-8.074349270001E-14,1.0,8.074349270001E-14));
#18464=DIRECTION('',(-1.0,0.0,0.0));
#18465=DIRECTION('',(8.074349270001E-14,1.0,8.074349270001E-14));
#18466=DIRECTION('',(0.0,1.0,0.0));
#18467=DIRECTION('',(0.0,1.0,0.0));
#18468=DIRECTION('',(0.0,1.0,0.0));
#18469=DIRECTION('',(0.0,1.0,0.0));
#18470=DIRECTION('',(-1.0,0.0,0.0));
#18471=DIRECTION('',(0.0,1.0,0.0));
#18472=DIRECTION('',(0.0,1.0,0.0));
#18473=DIRECTION('',(0.0,1.0,0.0));
#18474=DIRECTION('',(0.0,1.0,0.0));
#18475=DIRECTION('',(1.614869854E-13,1.0,8.074349270001E-14));
#18476=DIRECTION('',(-1.0,0.0,0.0));
#18477=DIRECTION('',(0.0,1.0,8.074349270001E-14));
#18478=DIRECTION('',(0.0,1.0,0.0));
#18479=DIRECTION('',(0.0,1.0,0.0));
#18480=DIRECTION('',(0.0,1.0,0.0));
#18481=DIRECTION('',(0.0,1.0,0.0));
#18482=DIRECTION('',(-1.0,0.0,0.0));
#18483=DIRECTION('',(0.0,1.0,0.0));
#18484=DIRECTION('',(0.0,1.0,0.0));
#18485=DIRECTION('',(0.0,1.0,0.0));
#18486=DIRECTION('',(0.0,1.0,0.0));
#18487=DIRECTION('',(0.0,1.0,8.074349270001E-14));
#18488=DIRECTION('',(-1.0,0.0,0.0));
#18489=DIRECTION('',(0.0,1.0,8.074349270001E-14));
#18490=DIRECTION('',(0.0,1.0,0.0));
#18491=DIRECTION('',(0.0,1.0,0.0));
#18492=DIRECTION('',(0.0,1.0,0.0));
#18493=DIRECTION('',(0.0,1.0,0.0));
#18494=DIRECTION('',(-1.0,0.0,0.0));
#18495=DIRECTION('',(0.0,1.0,0.0));
#18496=DIRECTION('',(0.0,1.0,0.0));
#18497=DIRECTION('',(-1.0,0.0,0.0));
#18498=DIRECTION('',(1.0,0.0,0.0));
#18499=DIRECTION('',(0.0,1.0,0.0));
#18500=DIRECTION('',(-1.0,0.0,0.0));
#18501=DIRECTION('',(0.0,1.0,0.0));
#18502=DIRECTION('',(-1.0,0.0,0.0));
#18503=DIRECTION('',(0.0,1.0,0.0));
#18504=DIRECTION('',(0.0,1.0,0.0));
#18505=DIRECTION('',(0.0,1.0,0.0));
#18506=DIRECTION('',(0.0,1.0,0.0));
#18507=DIRECTION('',(-1.0,0.0,0.0));
#18508=DIRECTION('',(0.0,1.0,0.0));
#18509=DIRECTION('',(0.0,1.0,0.0));
#18510=DIRECTION('',(0.0,1.0,0.0));
#18511=DIRECTION('',(0.0,1.0,0.0));
#18512=DIRECTION('',(-1.0,0.0,0.0));
#18513=DIRECTION('',(0.0,1.0,0.0));
#18514=DIRECTION('',(0.0,1.0,0.0));
#18515=DIRECTION('',(0.0,1.0,0.0));
#18516=DIRECTION('',(0.0,1.0,0.0));
#18517=DIRECTION('',(-1.0,0.0,0.0));
#18518=DIRECTION('',(0.0,1.0,0.0));
#18519=DIRECTION('',(0.0,1.0,0.0));
#18520=DIRECTION('',(0.0,1.0,0.0));
#18521=DIRECTION('',(0.0,1.0,0.0));
#18522=DIRECTION('',(-1.0,0.0,0.0));
#18523=DIRECTION('',(0.0,1.0,0.0));
#18524=DIRECTION('',(0.0,1.0,0.0));
#18525=DIRECTION('',(0.0,1.0,0.0));
#18526=DIRECTION('',(0.0,1.0,0.0));
#18527=DIRECTION('',(-1.0,0.0,0.0));
#18528=DIRECTION('',(0.0,1.0,0.0));
#18529=DIRECTION('',(0.0,1.0,0.0));
#18530=DIRECTION('',(0.0,1.0,0.0));
#18531=DIRECTION('',(0.0,1.0,0.0));
#18532=DIRECTION('',(-1.0,0.0,0.0));
#18533=DIRECTION('',(0.0,1.0,0.0));
#18534=DIRECTION('',(0.0,1.0,0.0));
#18535=DIRECTION('',(0.0,1.0,0.0));
#18536=DIRECTION('',(0.0,1.0,0.0));
#18537=DIRECTION('',(0.0,0.0,-1.0));
#18538=DIRECTION('',(0.0,1.0,0.0));
#18539=DIRECTION('',(0.0,0.0,1.0));
#18540=DIRECTION('',(0.0,0.0,-1.0));
#18541=DIRECTION('',(0.0,1.0,0.0));
#18542=DIRECTION('',(0.0,0.0,1.0));
#18543=DIRECTION('',(0.0,-1.0,0.0));
#18544=DIRECTION('',(0.0,0.0,-1.0));
#18545=DIRECTION('',(0.0,1.0,0.0));
#18546=DIRECTION('',(0.0,0.0,1.0));
#18547=DIRECTION('',(0.0,-1.0,0.0));
#18548=DIRECTION('',(0.0,1.0,0.0));
#18549=DIRECTION('',(0.0,0.0,1.0));
#18550=DIRECTION('',(0.0,0.0,-1.0));
#18551=DIRECTION('',(0.0,-1.0,0.0));
#18552=DIRECTION('',(0.0,0.0,-1.0));
#18553=DIRECTION('',(0.0,0.0,1.0));
#18554=DIRECTION('',(0.0,-1.0,0.0));
#18555=DIRECTION('',(0.0,0.0,-1.0));
#18556=DIRECTION('',(1.0,0.0,0.0));
#18557=DIRECTION('',(0.0,0.0,-1.0));
#18558=DIRECTION('',(-1.0,0.0,0.0));
#18559=DIRECTION('',(0.0,0.0,1.0));
#18560=DIRECTION('',(0.0,0.0,1.0));
#18561=DIRECTION('',(0.0,0.0,-1.0));
#18562=DIRECTION('',(0.0,0.0,1.0));
#18563=DIRECTION('',(0.0,-1.0,0.0));
#18564=DIRECTION('',(0.0,0.0,1.0));
#18565=DIRECTION('',(0.0,-1.0,0.0));
#18566=DIRECTION('',(0.0,0.0,1.0));
#18567=DIRECTION('',(0.0,0.0,1.0));
#18568=DIRECTION('',(0.0,0.0,1.0));
#18569=DIRECTION('',(0.0,-1.0,0.0));
#18570=DIRECTION('',(0.0,0.0,-1.0));
#18571=DIRECTION('',(1.0,0.0,0.0));
#18572=DIRECTION('',(0.0,0.0,-1.0));
#18573=DIRECTION('',(-1.0,0.0,0.0));
#18574=DIRECTION('',(0.0,0.0,1.0));
#18575=DIRECTION('',(0.0,1.0,0.0));
#18576=DIRECTION('',(0.0,0.0,-1.0));
#18577=DIRECTION('',(0.0,0.0,1.0));
#18578=DIRECTION('',(0.0,1.0,0.0));
#18579=DIRECTION('',(0.0,0.0,-1.0));
#18580=DIRECTION('',(0.0,1.0,0.0));
#18581=DIRECTION('',(0.0,0.0,1.0));
#18582=DIRECTION('',(0.0,1.0,0.0));
#18583=DIRECTION('',(0.0,0.0,-1.0));
#18584=DIRECTION('',(0.0,1.0,0.0));
#18585=DIRECTION('',(0.0,-1.0,0.0));
#18586=DIRECTION('',(0.0,0.0,-1.0));
#18587=DIRECTION('',(0.0,1.0,0.0));
#18588=DIRECTION('',(0.0,0.0,1.0));
#18589=DIRECTION('',(0.0,-1.0,0.0));
#18590=DIRECTION('',(0.0,0.0,-1.0));
#18591=DIRECTION('',(0.0,0.0,1.0));
#18592=DIRECTION('',(-1.0,0.0,0.0));
#18593=DIRECTION('',(0.0,0.0,-1.0));
#18594=DIRECTION('',(1.0,0.0,0.0));
#18595=DIRECTION('',(1.0,0.0,0.0));
#18596=DIRECTION('',(0.0,-1.0,0.0));
#18597=DIRECTION('',(0.0,-1.0,0.0));
#18598=DIRECTION('',(1.0,0.0,0.0));
#18599=DIRECTION('',(0.0,-1.0,0.0));
#18600=DIRECTION('',(1.0,0.0,0.0));
#18601=DIRECTION('',(0.0,0.0,1.0));
#18602=DIRECTION('',(0.0,0.0,-1.0));
#18603=DIRECTION('',(0.0,0.0,-1.0));
#18604=DIRECTION('',(0.0,0.0,1.0));
#18605=DIRECTION('',(0.0,0.0,-1.0));
#18606=DIRECTION('',(0.0,0.0,-1.0));
#18607=DIRECTION('',(0.0,0.0,-1.0));
#18608=DIRECTION('',(0.0,0.0,-1.0));
#18609=DIRECTION('',(0.0,0.0,-1.0));
#18610=DIRECTION('',(0.0,0.0,-1.0));
#18611=DIRECTION('',(0.0,0.0,-1.0));
#18612=DIRECTION('',(0.0,0.0,-1.0));
#18613=DIRECTION('',(0.0,0.0,-1.0));
#18614=DIRECTION('',(0.0,0.0,-1.0));
#18615=DIRECTION('',(0.0,0.0,-1.0));
#18616=DIRECTION('',(0.0,0.0,-1.0));
#18617=DIRECTION('',(0.0,0.0,-1.0));
#18618=DIRECTION('',(0.0,0.0,1.0));
#18619=DIRECTION('',(0.0,0.0,-1.0));
#18620=DIRECTION('',(0.0,0.0,1.0));
#18621=DIRECTION('',(0.0,0.0,-1.0));
#18622=DIRECTION('',(0.0,-1.0,0.0));
#18623=DIRECTION('',(0.0,0.0,-1.0));
#18624=DIRECTION('',(0.0,0.0,1.0));
#18625=DIRECTION('',(0.0,0.0,-1.0));
#18626=DIRECTION('',(0.0,-1.0,0.0));
#18627=DIRECTION('',(0.0,0.0,-1.0));
#18628=DIRECTION('',(0.0,0.0,-1.0));
#18629=DIRECTION('',(0.0,-1.0,0.0));
#18630=DIRECTION('',(0.0,0.0,1.0));
#18631=DIRECTION('',(0.0,0.0,1.0));
#18632=DIRECTION('',(0.0,0.0,-1.0));
#18633=DIRECTION('',(1.0,0.0,0.0));
#18634=DIRECTION('',(0.0,0.0,1.0));
#18635=DIRECTION('',(0.0,0.0,1.0));
#18636=DIRECTION('',(0.0,0.0,1.0));
#18637=DIRECTION('',(0.0,0.0,1.0));
#18638=DIRECTION('',(1.0,0.0,0.0));
#18639=DIRECTION('',(0.0,0.0,1.0));
#18640=DIRECTION('',(0.0,0.0,1.0));
#18641=DIRECTION('',(0.0,0.0,1.0));
#18642=DIRECTION('',(0.0,0.0,1.0));
#18643=DIRECTION('',(1.0,0.0,0.0));
#18644=DIRECTION('',(0.0,0.0,1.0));
#18645=DIRECTION('',(0.0,0.0,1.0));
#18646=DIRECTION('',(0.0,0.0,1.0));
#18647=DIRECTION('',(0.0,0.0,1.0));
#18648=DIRECTION('',(1.0,0.0,0.0));
#18649=DIRECTION('',(0.0,0.0,1.0));
#18650=DIRECTION('',(0.0,0.0,1.0));
#18651=DIRECTION('',(0.0,0.0,1.0));
#18652=DIRECTION('',(0.0,0.0,1.0));
#18653=DIRECTION('',(1.0,0.0,0.0));
#18654=DIRECTION('',(0.0,0.0,1.0));
#18655=DIRECTION('',(0.0,0.0,1.0));
#18656=DIRECTION('',(0.0,0.0,1.0));
#18657=DIRECTION('',(-1.0,0.0,0.0));
#18658=DIRECTION('',(0.0,0.0,1.0));
#18659=DIRECTION('',(0.0,0.0,-1.0));
#18660=DIRECTION('',(0.0,0.0,-1.0));
#18661=DIRECTION('',(1.0,0.0,0.0));
#18662=DIRECTION('',(0.0,0.0,-1.0));
#18663=DIRECTION('',(-1.0,0.0,-2.220446049251E-14));
#18664=DIRECTION('',(0.0,0.0,-1.0));
#18665=DIRECTION('',(1.0,0.0,0.0));
#18666=DIRECTION('',(0.0,0.0,1.0));
#18667=DIRECTION('',(0.0,0.0,-1.0));
#18668=DIRECTION('',(1.0,0.0,0.0));
#18669=DIRECTION('',(0.0,0.0,1.0));
#18670=DIRECTION('',(-1.0,0.0,0.0));
#18671=DIRECTION('',(0.0,0.0,-1.0));
#18672=DIRECTION('',(1.0,0.0,0.0));
#18673=DIRECTION('',(0.0,0.0,-1.0));
#18674=DIRECTION('',(-1.0,0.0,0.0));
#18675=DIRECTION('',(0.0,0.0,1.0));
#18676=DIRECTION('',(1.0,0.0,0.0));
#18677=DIRECTION('',(0.0,0.0,1.0));
#18678=DIRECTION('',(0.0,1.0,0.0));
#18679=DIRECTION('',(0.0,0.0,-1.0));
#18680=DIRECTION('',(0.0,-1.0,0.0));
#18681=DIRECTION('',(0.0,-1.0,0.0));
#18682=DIRECTION('',(0.0,0.0,-1.0));
#18683=DIRECTION('',(0.0,1.0,0.0));
#18684=DIRECTION('',(0.0,1.0,0.0));
#18685=DIRECTION('',(0.0,0.866025403784429,-0.500000000000017));
#18686=CARTESIAN_POINT('',(8.85,-6.87,-0.1771241419778));
#18687=DIRECTION('',(1.0,0.0,0.0));
#18688=DIRECTION('',(0.0,-1.0,0.0));
#18689=DIRECTION('',(0.0,0.0,-1.0));
#18690=CARTESIAN_POINT('',(8.85,-6.87,0.8871241419778));
#18691=DIRECTION('',(-1.0,0.0,0.0));
#18692=DIRECTION('',(0.0,-1.0,0.0));
#18693=DIRECTION('',(0.0,0.866025403784429,0.500000000000017));
#18694=DIRECTION('',(0.0,1.0,0.0));
#18695=DIRECTION('',(0.0,-1.0,0.0));
#18696=DIRECTION('',(-1.0,0.0,0.0));
#18697=DIRECTION('',(1.0,0.0,0.0));
#18698=DIRECTION('',(0.0,1.0,0.0));
#18699=DIRECTION('',(-1.634154281622E-14,1.0,0.0));
#18700=CARTESIAN_POINT('',(8.85,-5.69,0.355));
#18701=DIRECTION('',(0.0,-1.0,0.0));
#18702=DIRECTION('',(0.63897106637829,0.0,-0.769230769230788));
#18703=DIRECTION('',(-1.0,0.0,0.0));
#18704=CARTESIAN_POINT('',(8.85,-5.69,0.355));
#18705=DIRECTION('',(0.0,-1.0,0.0));
#18706=DIRECTION('',(0.0,0.0,-1.0));
#18707=CARTESIAN_POINT('',(8.85,-3.94,0.355));
#18708=DIRECTION('',(0.0,-1.0,0.0));
#18709=DIRECTION('',(0.0,0.0,-1.0));
#18710=CARTESIAN_POINT('',(8.85,-3.94,0.355));
#18711=DIRECTION('',(0.0,-1.0,0.0));
#18712=DIRECTION('',(1.0,0.0,0.0));
#18713=DIRECTION('',(1.0,0.0,0.0));
#18714=DIRECTION('',(0.0,0.0,1.0));
#18715=DIRECTION('',(0.0,0.0,1.0));
#18716=DIRECTION('',(-1.0,0.0,0.0));
#18717=DIRECTION('',(0.0,-1.0,0.0));
#18718=DIRECTION('',(0.0,-1.0,0.0));
#18719=DIRECTION('',(0.0,-1.0,0.0));
#18720=DIRECTION('',(0.0,1.0,0.0));
#18721=DIRECTION('',(1.0,0.0,0.0));
#18722=DIRECTION('',(0.0,1.0,0.0));
#18723=CARTESIAN_POINT('',(8.85,-6.995,0.355));
#18724=DIRECTION('',(0.0,-1.0,0.0));
#18725=DIRECTION('',(0.0,0.0,-1.0));
#18726=CARTESIAN_POINT('',(8.85,-6.04,0.355));
#18727=DIRECTION('',(0.0,-1.0,0.0));
#18728=DIRECTION('',(0.63897106637829,0.0,-0.769230769230788));
#18729=CARTESIAN_POINT('',(8.85,-7.12,0.355));
#18730=DIRECTION('',(0.0,-1.0,0.0));
#18731=DIRECTION('',(0.0,0.0,-1.0));
#18732=DIRECTION('',(0.0,0.866025403784429,0.500000000000017));
#18733=CARTESIAN_POINT('',(-8.85,-6.87,0.8871241419778));
#18734=DIRECTION('',(-1.0,0.0,0.0));
#18735=DIRECTION('',(0.0,-1.0,0.0));
#18736=DIRECTION('',(0.0,0.0,-1.0));
#18737=CARTESIAN_POINT('',(-8.85,-6.87,-0.1771241419778));
#18738=DIRECTION('',(1.0,0.0,0.0));
#18739=DIRECTION('',(0.0,-1.0,0.0));
#18740=DIRECTION('',(0.0,0.866025403784429,-0.500000000000017));
#18741=DIRECTION('',(0.0,1.0,0.0));
#18742=DIRECTION('',(0.0,0.0,-1.0));
#18743=DIRECTION('',(0.0,-1.0,0.0));
#18744=DIRECTION('',(0.0,-1.0,0.0));
#18745=DIRECTION('',(0.0,0.0,-1.0));
#18746=DIRECTION('',(0.0,1.0,0.0));
#18747=CARTESIAN_POINT('',(-8.85,-3.94,0.355));
#18748=DIRECTION('',(0.0,1.0,0.0));
#18749=DIRECTION('',(-1.0,0.0,0.0));
#18750=CARTESIAN_POINT('',(-8.85,-3.94,0.355));
#18751=DIRECTION('',(0.0,1.0,0.0));
#18752=DIRECTION('',(0.0,0.0,-1.0));
#18753=CARTESIAN_POINT('',(-8.85,-5.69,0.355));
#18754=DIRECTION('',(0.0,1.0,0.0));
#18755=DIRECTION('',(0.0,0.0,-1.0));
#18756=CARTESIAN_POINT('',(-8.85,-5.69,0.355));
#18757=DIRECTION('',(0.0,1.0,0.0));
#18758=DIRECTION('',(-0.63897106637829,0.0,-0.769230769230788));
#18759=CARTESIAN_POINT('',(-8.85,-6.04,0.355));
#18760=DIRECTION('',(0.0,1.0,0.0));
#18761=DIRECTION('',(-0.63897106637829,0.0,-0.769230769230788));
#18762=CARTESIAN_POINT('',(-8.85,-6.995,0.355));
#18763=DIRECTION('',(0.0,1.0,0.0));
#18764=DIRECTION('',(0.0,0.0,-1.0));
#18765=CARTESIAN_POINT('',(-8.85,-7.12,0.355));
#18766=DIRECTION('',(0.0,1.0,0.0));
#18767=DIRECTION('',(0.0,0.0,-1.0));
#18768=DIRECTION('',(1.0,0.0,0.0));
#18769=DIRECTION('',(0.0,0.0,1.0));
#18770=DIRECTION('',(0.0,0.0,1.0));
#18771=DIRECTION('',(-1.0,0.0,0.0));
#18772=DIRECTION('',(0.0,-1.0,0.0));
#18773=DIRECTION('',(0.0,-1.0,0.0));
#18774=DIRECTION('',(0.0,0.0,-1.0));
#18775=DIRECTION('',(0.0,1.0,0.0));
#18776=DIRECTION('',(0.0,0.0,1.0));
#18777=DIRECTION('',(0.0,0.0,-1.0));
#18778=DIRECTION('',(0.0,1.0,0.0));
#18779=DIRECTION('',(0.0,0.0,1.0));
#18780=DIRECTION('',(0.0,-1.0,0.0));
#18781=DIRECTION('',(0.0,0.0,-1.0));
#18782=DIRECTION('',(0.0,1.0,0.0));
#18783=DIRECTION('',(0.0,0.0,1.0));
#18784=DIRECTION('',(0.0,-1.0,0.0));
#18785=DIRECTION('',(0.0,1.0,0.0));
#18786=DIRECTION('',(0.0,0.0,1.0));
#18787=DIRECTION('',(0.0,0.0,-1.0));
#18788=DIRECTION('',(0.0,-1.0,0.0));
#18789=DIRECTION('',(0.0,0.0,-1.0));
#18790=DIRECTION('',(0.0,0.0,-1.0));
#18791=DIRECTION('',(0.0,1.0,0.0));
#18792=DIRECTION('',(1.0,0.0,0.0));
#18793=DIRECTION('',(0.0,0.0,-1.0));
#18794=DIRECTION('',(-1.0,0.0,0.0));
#18795=DIRECTION('',(0.0,0.0,1.0));
#18796=DIRECTION('',(0.0,0.0,1.0));
#18797=DIRECTION('',(0.0,0.0,1.0));
#18798=DIRECTION('',(0.0,-1.0,0.0));
#18799=DIRECTION('',(0.0,0.0,1.0));
#18800=DIRECTION('',(0.0,-1.0,0.0));
#18801=DIRECTION('',(0.0,0.0,1.0));
#18802=DIRECTION('',(0.0,0.0,1.0));
#18803=DIRECTION('',(0.0,-1.0,0.0));
#18804=DIRECTION('',(0.0,0.0,-1.0));
#18805=DIRECTION('',(1.0,0.0,0.0));
#18806=DIRECTION('',(0.0,0.0,-1.0));
#18807=DIRECTION('',(-1.0,0.0,0.0));
#18808=DIRECTION('',(0.0,0.0,1.0));
#18809=DIRECTION('',(0.0,1.0,0.0));
#18810=DIRECTION('',(0.0,0.0,-1.0));
#18811=DIRECTION('',(0.0,0.0,1.0));
#18812=DIRECTION('',(0.0,1.0,0.0));
#18813=DIRECTION('',(0.0,0.0,-1.0));
#18814=DIRECTION('',(0.0,1.0,0.0));
#18815=DIRECTION('',(0.0,0.0,1.0));
#18816=DIRECTION('',(0.0,1.0,0.0));
#18817=DIRECTION('',(0.0,0.0,-1.0));
#18818=DIRECTION('',(0.0,1.0,0.0));
#18819=DIRECTION('',(0.0,-1.0,0.0));
#18820=DIRECTION('',(0.0,0.0,-1.0));
#18821=DIRECTION('',(0.0,1.0,0.0));
#18822=DIRECTION('',(0.0,0.0,1.0));
#18823=DIRECTION('',(0.0,0.0,1.0));
#18824=DIRECTION('',(0.0,1.0,0.0));
#18825=DIRECTION('',(-1.0,0.0,0.0));
#18826=DIRECTION('',(0.0,0.0,-1.0));
#18827=DIRECTION('',(1.0,0.0,0.0));
#18828=DIRECTION('',(1.0,0.0,0.0));
#18829=DIRECTION('',(0.0,-1.0,0.0));
#18830=DIRECTION('',(0.0,-1.0,0.0));
#18831=DIRECTION('',(1.0,0.0,0.0));
#18832=DIRECTION('',(0.0,-1.0,0.0));
#18833=DIRECTION('',(1.0,0.0,0.0));
#18834=DIRECTION('',(0.0,0.0,1.0));
#18835=DIRECTION('',(0.0,0.0,-1.0));
#18836=DIRECTION('',(0.0,0.0,-1.0));
#18837=DIRECTION('',(1.0,0.0,0.0));
#18838=DIRECTION('',(0.0,0.0,-1.0));
#18839=DIRECTION('',(1.0,0.0,0.0));
#18840=DIRECTION('',(0.0,0.0,1.0));
#18841=DIRECTION('',(1.0,0.0,0.0));
#18842=DIRECTION('',(0.0,0.0,1.0));
#18843=DIRECTION('',(0.0,0.0,1.0));
#18844=DIRECTION('',(1.0,0.0,0.0));
#18845=DIRECTION('',(0.0,0.0,1.0));
#18846=DIRECTION('',(0.0,0.0,1.0));
#18847=DIRECTION('',(1.0,0.0,0.0));
#18848=DIRECTION('',(0.0,0.0,1.0));
#18849=DIRECTION('',(0.0,0.0,1.0));
#18850=DIRECTION('',(1.0,0.0,0.0));
#18851=DIRECTION('',(0.0,0.0,1.0));
#18852=DIRECTION('',(0.0,0.0,1.0));
#18853=DIRECTION('',(1.0,0.0,0.0));
#18854=DIRECTION('',(0.0,0.0,1.0));
#18855=DIRECTION('',(0.0,-1.0,0.0));
#18856=DIRECTION('',(0.0,0.0,1.0));
#18857=DIRECTION('',(0.0,-1.0,0.0));
#18858=DIRECTION('',(0.0,0.0,1.0));
#18859=DIRECTION('',(0.0,0.0,1.0));
#18860=DIRECTION('',(0.0,0.0,1.0));
#18861=DIRECTION('',(0.0,-1.0,0.0));
#18862=DIRECTION('',(0.0,0.0,-1.0));
#18863=DIRECTION('',(1.0,0.0,0.0));
#18864=DIRECTION('',(0.0,0.0,-1.0));
#18865=DIRECTION('',(0.0,0.0,1.0));
#18866=DIRECTION('',(-1.0,0.0,0.0));
#18867=DIRECTION('',(0.0,0.0,1.0));
#18868=DIRECTION('',(0.0,0.0,1.0));
#18869=DIRECTION('',(0.0,1.0,0.0));
#18870=DIRECTION('',(0.0,0.0,-1.0));
#18871=DIRECTION('',(0.0,0.0,1.0));
#18872=DIRECTION('',(0.0,1.0,0.0));
#18873=DIRECTION('',(0.0,0.0,-1.0));
#18874=DIRECTION('',(0.0,1.0,0.0));
#18875=DIRECTION('',(0.0,0.0,1.0));
#18876=DIRECTION('',(0.0,1.0,0.0));
#18877=DIRECTION('',(0.0,0.0,-1.0));
#18878=DIRECTION('',(0.0,1.0,0.0));
#18879=DIRECTION('',(0.0,-1.0,0.0));
#18880=DIRECTION('',(0.0,0.0,-1.0));
#18881=DIRECTION('',(0.0,1.0,0.0));
#18882=DIRECTION('',(0.0,0.0,1.0));
#18883=DIRECTION('',(0.0,0.0,1.0));
#18884=DIRECTION('',(0.0,1.0,0.0));
#18885=DIRECTION('',(-1.0,0.0,0.0));
#18886=DIRECTION('',(0.0,0.0,-1.0));
#18887=DIRECTION('',(0.0,0.0,-1.0));
#18888=DIRECTION('',(1.0,0.0,0.0));
#18889=DIRECTION('',(0.0,-1.0,0.0));
#18890=DIRECTION('',(0.0,-1.0,0.0));
#18891=DIRECTION('',(1.0,0.0,0.0));
#18892=DIRECTION('',(1.0,0.0,0.0));
#18893=DIRECTION('',(0.0,-1.0,0.0));
#18894=DIRECTION('',(1.0,0.0,0.0));
#18895=DIRECTION('',(0.0,0.0,-1.0));
#18896=DIRECTION('',(0.0,0.0,-1.0));
#18897=DIRECTION('',(0.0,0.0,-1.0));
#18898=DIRECTION('',(-1.0,0.0,0.0));
#18899=DIRECTION('',(0.0,0.0,-1.0));
#18900=DIRECTION('',(0.0,1.0,0.0));
#18901=DIRECTION('',(0.0,0.0,1.0));
#18902=DIRECTION('',(0.0,0.0,-1.0));
#18903=DIRECTION('',(0.0,1.0,0.0));
#18904=DIRECTION('',(0.0,0.0,1.0));
#18905=DIRECTION('',(0.0,-1.0,0.0));
#18906=DIRECTION('',(0.0,0.0,-1.0));
#18907=DIRECTION('',(0.0,1.0,0.0));
#18908=DIRECTION('',(0.0,0.0,1.0));
#18909=DIRECTION('',(0.0,-1.0,0.0));
#18910=DIRECTION('',(0.0,1.0,0.0));
#18911=DIRECTION('',(0.0,-1.0,0.0));
#18912=DIRECTION('',(0.0,0.0,-1.0));
#18913=DIRECTION('',(0.0,0.0,-1.0));
#18914=DIRECTION('',(0.0,1.0,0.0));
#18915=DIRECTION('',(-1.0,0.0,0.0));
#18916=DIRECTION('',(0.0,-1.0,0.0));
#18917=DIRECTION('',(-0.174436949745496,0.174436949745496,0.969094165252776));
#18918=DIRECTION('',(0.174436949745496,0.174436949745496,-0.969094165252776));
#18919=DIRECTION('',(-1.0,0.0,0.0));
#18920=DIRECTION('',(-0.174436949745496,0.174436949745496,-0.969094165252776));
#18921=DIRECTION('',(-1.0,0.0,0.0));
#18922=DIRECTION('',(0.0,1.0,0.0));
#18923=DIRECTION('',(-1.0,0.0,0.0));
#18924=DIRECTION('',(-0.174436949745496,-0.174436949745496,-0.969094165252776));
#18925=DIRECTION('',(-1.0,0.0,0.0));
#18926=DIRECTION('',(1.0,0.0,0.0));
#18927=DIRECTION('',(1.0,0.0,0.0));
#18928=DIRECTION('',(0.707106781186548,0.707106781186548,0.0));
#18929=DIRECTION('',(0.0,1.0,0.0));
#18930=DIRECTION('',(-1.0,0.0,0.0));
#18931=DIRECTION('',(0.0,-1.0,0.0));
#18932=DIRECTION('',(1.0,0.0,0.0));
#18933=DIRECTION('',(0.0,1.0,0.0));
#18934=DIRECTION('',(1.0,0.0,0.0));
#18935=DIRECTION('',(0.0,1.0,0.0));
#18936=DIRECTION('',(0.0,-1.0,0.0));
#18937=DIRECTION('',(1.0,0.0,0.0));
#18938=DIRECTION('',(0.707106781186548,0.707106781186548,0.0));
#18939=DIRECTION('',(0.0,1.0,0.0));
#18940=DIRECTION('',(-1.0,0.0,0.0));
#18941=DIRECTION('',(1.0,0.0,0.0));
#18942=DIRECTION('',(0.0,1.0,0.0));
#18943=DIRECTION('',(1.0,0.0,0.0));
#18944=DIRECTION('',(0.0,1.0,0.0));
#18945=DIRECTION('',(1.0,0.0,0.0));
#18946=DIRECTION('',(0.707106781186548,0.707106781186548,0.0));
#18947=DIRECTION('',(0.0,1.0,0.0));
#18948=DIRECTION('',(-1.0,0.0,0.0));
#18949=DIRECTION('',(0.0,-1.0,0.0));
#18950=DIRECTION('',(1.0,0.0,0.0));
#18951=DIRECTION('',(0.0,1.0,0.0));
#18952=DIRECTION('',(1.0,0.0,0.0));
#18953=DIRECTION('',(0.0,1.0,0.0));
#18954=DIRECTION('',(0.707106781186548,0.707106781186548,0.0));
#18955=DIRECTION('',(0.0,1.0,0.0));
#18956=DIRECTION('',(-1.0,0.0,0.0));
#18957=DIRECTION('',(0.0,-1.0,0.0));
#18958=DIRECTION('',(1.0,0.0,0.0));
#18959=DIRECTION('',(1.0,0.0,0.0));
#18960=DIRECTION('',(0.0,1.0,0.0));
#18961=DIRECTION('',(1.0,0.0,0.0));
#18962=DIRECTION('',(0.0,1.0,0.0));
#18963=DIRECTION('',(0.707106781186548,0.707106781186548,0.0));
#18964=DIRECTION('',(0.0,1.0,0.0));
#18965=DIRECTION('',(-1.0,0.0,0.0));
#18966=DIRECTION('',(0.0,-1.0,0.0));
#18967=DIRECTION('',(1.0,0.0,0.0));
#18968=DIRECTION('',(1.0,0.0,0.0));
#18969=DIRECTION('',(0.0,1.0,0.0));
#18970=DIRECTION('',(1.0,0.0,0.0));
#18971=DIRECTION('',(0.0,1.0,0.0));
#18972=DIRECTION('',(0.0,-1.0,0.0));
#18973=DIRECTION('',(0.707106781186548,-0.707106781186548,0.0));
#18974=DIRECTION('',(1.0,0.0,0.0));
#18975=DIRECTION('',(0.0,1.0,0.0));
#18976=DIRECTION('',(-1.0,0.0,0.0));
#18977=DIRECTION('',(1.0,0.0,0.0));
#18978=DIRECTION('',(0.0,1.0,0.0));
#18979=DIRECTION('',(1.0,0.0,0.0));
#18980=DIRECTION('',(0.0,1.0,0.0));
#18981=DIRECTION('',(0.0,1.0,0.0));
#18982=DIRECTION('',(-1.0,0.0,0.0));
#18983=DIRECTION('',(0.0,-1.0,0.0));
#18984=DIRECTION('',(0.707106781186548,-0.707106781186548,0.0));
#18985=DIRECTION('',(1.0,0.0,0.0));
#18986=DIRECTION('',(1.0,0.0,0.0));
#18987=DIRECTION('',(0.0,1.0,0.0));
#18988=DIRECTION('',(1.0,0.0,0.0));
#18989=DIRECTION('',(0.0,1.0,0.0));
#18990=DIRECTION('',(0.0,1.0,0.0));
#18991=DIRECTION('',(-1.0,0.0,0.0));
#18992=DIRECTION('',(0.0,-1.0,0.0));
#18993=DIRECTION('',(0.707106781186548,-0.707106781186548,0.0));
#18994=DIRECTION('',(1.0,0.0,0.0));
#18995=DIRECTION('',(1.0,0.0,0.0));
#18996=DIRECTION('',(0.0,1.0,0.0));
#18997=DIRECTION('',(1.0,0.0,0.0));
#18998=DIRECTION('',(0.0,1.0,0.0));
#18999=DIRECTION('',(0.0,-1.0,0.0));
#19000=DIRECTION('',(1.0,0.0,0.0));
#19001=DIRECTION('',(0.707106781186548,0.707106781186548,0.0));
#19002=DIRECTION('',(0.0,1.0,0.0));
#19003=DIRECTION('',(-1.0,0.0,0.0));
#19004=DIRECTION('',(1.0,0.0,0.0));
#19005=DIRECTION('',(0.0,1.0,0.0));
#19006=DIRECTION('',(1.0,0.0,0.0));
#19007=DIRECTION('',(0.0,1.0,0.0));
#19008=DIRECTION('',(0.707106781186548,0.707106781186548,0.0));
#19009=DIRECTION('',(0.0,1.0,0.0));
#19010=DIRECTION('',(-1.0,0.0,0.0));
#19011=DIRECTION('',(0.0,-1.0,0.0));
#19012=DIRECTION('',(1.0,0.0,0.0));
#19013=DIRECTION('',(1.0,0.0,0.0));
#19014=DIRECTION('',(0.0,1.0,0.0));
#19015=DIRECTION('',(1.0,0.0,0.0));
#19016=DIRECTION('',(0.0,1.0,0.0));
#19017=DIRECTION('',(-1.0,0.0,0.0));
#19018=DIRECTION('',(0.0,-1.0,0.0));
#19019=DIRECTION('',(1.0,0.0,0.0));
#19020=DIRECTION('',(0.0,1.0,0.0));
#19021=DIRECTION('',(1.0,0.0,0.0));
#19022=DIRECTION('',(1.0,0.0,0.0));
#19023=DIRECTION('',(-1.0,0.0,0.0));
#19024=DIRECTION('',(0.0,-1.0,0.0));
#19025=DIRECTION('',(1.0,0.0,0.0));
#19026=DIRECTION('',(0.707106781186548,0.707106781186548,0.0));
#19027=DIRECTION('',(0.0,1.0,0.0));
#19028=DIRECTION('',(1.0,0.0,0.0));
#19029=DIRECTION('',(1.0,0.0,0.0));
#19030=DIRECTION('',(0.707106781186548,0.707106781186548,0.0));
#19031=DIRECTION('',(0.0,1.0,0.0));
#19032=DIRECTION('',(-1.0,0.0,0.0));
#19033=DIRECTION('',(0.0,-1.0,0.0));
#19034=DIRECTION('',(1.0,0.0,0.0));
#19035=DIRECTION('',(1.0,0.0,0.0));
#19036=DIRECTION('',(0.0,1.0,0.0));
#19037=DIRECTION('',(-1.0,0.0,0.0));
#19038=DIRECTION('',(0.0,-1.0,0.0));
#19039=DIRECTION('',(1.0,0.0,0.0));
#19040=DIRECTION('',(0.707106781186548,0.707106781186548,0.0));
#19041=DIRECTION('',(1.0,0.0,0.0));
#19042=DIRECTION('',(1.0,0.0,0.0));
#19043=DIRECTION('',(0.707106781186548,0.707106781186548,0.0));
#19044=DIRECTION('',(0.0,1.0,0.0));
#19045=DIRECTION('',(-1.0,0.0,0.0));
#19046=DIRECTION('',(0.0,-1.0,0.0));
#19047=DIRECTION('',(1.0,0.0,0.0));
#19048=DIRECTION('',(1.0,0.0,0.0));
#19049=DIRECTION('',(1.0,0.0,0.0));
#19050=DIRECTION('',(1.0,0.0,0.0));
#19051=DIRECTION('',(0.0,1.0,0.0));
#19052=DIRECTION('',(-1.0,0.0,0.0));
#19053=DIRECTION('',(0.0,-1.0,0.0));
#19054=DIRECTION('',(0.707106781186548,-0.707106781186548,0.0));
#19055=DIRECTION('',(1.0,0.0,0.0));
#19056=DIRECTION('',(1.0,0.0,0.0));
#19057=DIRECTION('',(0.0,0.0,-1.0));
#19058=DIRECTION('',(0.0,0.0,-1.0));
#19059=DIRECTION('',(0.0,-1.0,0.0));
#19060=DIRECTION('',(0.707106781186548,-0.707106781186548,0.0));
#19061=DIRECTION('',(0.0,-1.0,0.0));
#19062=DIRECTION('',(-1.0,0.0,0.0));
#19063=DIRECTION('',(0.0,1.0,0.0));
#19064=DIRECTION('',(1.0,0.0,0.0));
#19065=DIRECTION('',(0.707106781186548,-0.707106781186548,0.0));
#19066=DIRECTION('',(0.0,-1.0,0.0));
#19067=DIRECTION('',(1.0,0.0,0.0));
#19068=DIRECTION('',(0.0,1.0,0.0));
#19069=DIRECTION('',(1.0,0.0,0.0));
#19070=DIRECTION('',(-1.0,0.0,0.0));
#19071=DIRECTION('',(0.0,1.0,0.0));
#19072=DIRECTION('',(0.707106781186548,0.707106781186548,0.0));
#19073=DIRECTION('',(1.0,0.0,0.0));
#19074=DIRECTION('',(0.0,1.0,0.0));
#19075=DIRECTION('',(0.707106781186548,0.707106781186548,0.0));
#19076=DIRECTION('',(1.0,0.0,0.0));
#19077=DIRECTION('',(0.0,-1.0,0.0));
#19078=DIRECTION('',(-1.0,0.0,0.0));
#19079=DIRECTION('',(-1.0,0.0,0.0));
#19080=DIRECTION('',(0.0,1.0,0.0));
#19081=DIRECTION('',(0.707106781186548,0.707106781186548,0.0));
#19082=DIRECTION('',(-1.0,0.0,0.0));
#19083=DIRECTION('',(0.0,-1.0,0.0));
#19084=DIRECTION('',(0.0,-1.0,0.0));
#19085=DIRECTION('',(-1.0,0.0,0.0));
#19086=DIRECTION('',(0.0,1.0,0.0));
#19087=DIRECTION('',(0.707106781186548,0.707106781186548,0.0));
#19088=DIRECTION('',(-1.0,0.0,0.0));
#19089=DIRECTION('',(0.0,-1.0,0.0));
#19090=DIRECTION('',(-1.0,0.0,0.0));
#19091=DIRECTION('',(0.0,1.0,0.0));
#19092=DIRECTION('',(0.707106781186548,0.707106781186548,0.0));
#19093=DIRECTION('',(1.0,0.0,0.0));
#19094=DIRECTION('',(0.0,1.0,0.0));
#19095=DIRECTION('',(1.0,0.0,0.0));
#19096=DIRECTION('',(0.707106781186548,-0.707106781186548,0.0));
#19097=DIRECTION('',(0.0,-1.0,0.0));
#19098=DIRECTION('',(-1.0,0.0,0.0));
#19099=DIRECTION('',(0.707106781186548,-0.707106781186548,0.0));
#19100=DIRECTION('',(0.0,-1.0,0.0));
#19101=DIRECTION('',(-1.0,0.0,0.0));
#19102=DIRECTION('',(0.0,1.0,0.0));
#19103=DIRECTION('',(1.0,0.0,0.0));
#19104=DIRECTION('',(0.0,1.0,0.0));
#19105=DIRECTION('',(0.707106781186548,0.707106781186548,0.0));
#19106=DIRECTION('',(1.0,0.0,0.0));
#19107=DIRECTION('',(0.0,-1.0,0.0));
#19108=DIRECTION('',(-1.0,0.0,0.0));
#19109=DIRECTION('',(0.0,-1.0,0.0));
#19110=DIRECTION('',(-1.0,0.0,0.0));
#19111=DIRECTION('',(0.0,1.0,0.0));
#19112=DIRECTION('',(0.707106781186548,0.707106781186548,0.0));
#19113=DIRECTION('',(1.0,0.0,0.0));
#19114=DIRECTION('',(1.0,0.0,0.0));
#19115=DIRECTION('',(0.0,-1.0,0.0));
#19116=DIRECTION('',(-1.0,0.0,0.0));
#19117=DIRECTION('',(0.0,1.0,0.0));
#19118=DIRECTION('',(0.707106781186548,0.707106781186548,0.0));
#19119=DIRECTION('',(1.0,0.0,0.0));
#19120=DIRECTION('',(0.0,-1.0,0.0));
#19121=DIRECTION('',(-1.0,0.0,0.0));
#19122=DIRECTION('',(0.0,1.0,0.0));
#19123=DIRECTION('',(-1.0,0.0,0.0));
#19124=DIRECTION('',(0.0,1.0,0.0));
#19125=DIRECTION('',(0.707106781186548,0.707106781186548,0.0));
#19126=DIRECTION('',(1.0,0.0,0.0));
#19127=DIRECTION('',(0.0,-1.0,0.0));
#19128=DIRECTION('',(1.0,0.0,0.0));
#19129=DIRECTION('',(0.0,-1.0,0.0));
#19130=DIRECTION('',(-1.0,0.0,0.0));
#19131=DIRECTION('',(0.0,1.0,0.0));
#19132=DIRECTION('',(0.707106781186548,0.707106781186548,0.0));
#19133=DIRECTION('',(0.0,-1.0,0.0));
#19134=DIRECTION('',(1.0,0.0,0.0));
#19135=DIRECTION('',(0.0,1.0,0.0));
#19136=DIRECTION('',(0.707106781186548,0.707106781186548,0.0));
#19137=DIRECTION('',(1.0,0.0,0.0));
#19138=DIRECTION('',(0.0,0.0,-1.0));
#19139=DIRECTION('',(0.0,0.0,-1.0));
#19140=DIRECTION('',(0.0,0.0,-1.0));
#19141=DIRECTION('',(0.0,0.0,-1.0));
#19142=DIRECTION('',(0.0,0.0,-1.0));
#19143=DIRECTION('',(0.0,0.0,-1.0));
#19144=DIRECTION('',(0.0,0.0,-1.0));
#19145=DIRECTION('',(0.0,0.0,-1.0));
#19146=DIRECTION('',(0.0,0.0,-1.0));
#19147=DIRECTION('',(0.0,0.0,-1.0));
#19148=DIRECTION('',(0.0,0.0,-1.0));
#19149=DIRECTION('',(0.0,0.0,-1.0));
#19150=DIRECTION('',(0.0,0.0,-1.0));
#19151=DIRECTION('',(0.0,0.0,-1.0));
#19152=DIRECTION('',(0.0,0.0,-1.0));
#19153=DIRECTION('',(0.0,0.0,-1.0));
#19154=DIRECTION('',(0.0,0.0,-1.0));
#19155=DIRECTION('',(0.0,0.0,-1.0));
#19156=DIRECTION('',(0.0,0.0,-1.0));
#19157=DIRECTION('',(0.0,0.0,-1.0));
#19158=DIRECTION('',(0.0,0.0,-1.0));
#19159=DIRECTION('',(0.0,0.0,-1.0));
#19160=DIRECTION('',(0.0,0.0,-1.0));
#19161=DIRECTION('',(0.0,0.0,-1.0));
#19162=DIRECTION('',(0.0,0.0,-1.0));
#19163=DIRECTION('',(0.0,0.0,-1.0));
#19164=DIRECTION('',(0.0,0.0,-1.0));
#19165=DIRECTION('',(0.0,0.0,-1.0));
#19166=DIRECTION('',(0.0,0.0,-1.0));
#19167=DIRECTION('',(0.0,0.0,-1.0));
#19168=DIRECTION('',(0.0,0.0,-1.0));
#19169=DIRECTION('',(0.0,0.0,-1.0));
#19170=DIRECTION('',(0.0,0.0,-1.0));
#19171=DIRECTION('',(0.0,0.0,-1.0));
#19172=DIRECTION('',(0.0,0.0,-1.0));
#19173=DIRECTION('',(0.0,0.0,-1.0));
#19174=DIRECTION('',(0.0,0.0,-1.0));
#19175=DIRECTION('',(0.0,0.0,-1.0));
#19176=DIRECTION('',(0.0,0.0,-1.0));
#19177=DIRECTION('',(0.0,0.0,-1.0));
#19178=DIRECTION('',(0.0,0.0,-1.0));
#19179=DIRECTION('',(0.0,0.0,-1.0));
#19180=DIRECTION('',(0.0,0.0,-1.0));
#19181=DIRECTION('',(0.0,0.0,-1.0));
#19182=DIRECTION('',(0.0,0.0,-1.0));
#19183=DIRECTION('',(0.0,0.0,-1.0));
#19184=DIRECTION('',(0.0,0.0,-1.0));
#19185=DIRECTION('',(0.0,0.0,-1.0));
#19186=DIRECTION('',(0.0,0.0,-1.0));
#19187=DIRECTION('',(0.0,0.0,-1.0));
#19188=DIRECTION('',(0.0,0.0,-1.0));
#19189=DIRECTION('',(0.0,0.0,-1.0));
#19190=DIRECTION('',(0.0,0.0,-1.0));
#19191=DIRECTION('',(0.0,0.0,-1.0));
#19192=DIRECTION('',(0.0,0.0,-1.0));
#19193=DIRECTION('',(0.0,0.0,-1.0));
#19194=DIRECTION('',(0.0,0.0,-1.0));
#19195=DIRECTION('',(0.0,0.0,-1.0));
#19196=DIRECTION('',(0.0,0.0,-1.0));
#19197=DIRECTION('',(0.0,0.0,-1.0));
#19198=DIRECTION('',(0.0,0.0,-1.0));
#19199=DIRECTION('',(0.0,0.0,-1.0));
#19200=DIRECTION('',(0.0,0.0,-1.0));
#19201=DIRECTION('',(0.0,0.0,-1.0));
#19202=DIRECTION('',(0.0,0.0,-1.0));
#19203=DIRECTION('',(0.0,0.0,-1.0));
#19204=DIRECTION('',(0.0,0.0,-1.0));
#19205=DIRECTION('',(0.0,0.0,-1.0));
#19206=DIRECTION('',(0.0,0.0,-1.0));
#19207=DIRECTION('',(0.0,0.0,-1.0));
#19208=DIRECTION('',(0.0,0.0,-1.0));
#19209=DIRECTION('',(0.0,0.0,-1.0));
#19210=DIRECTION('',(0.0,0.0,-1.0));
#19211=DIRECTION('',(0.0,0.0,-1.0));
#19212=DIRECTION('',(0.0,0.0,-1.0));
#19213=DIRECTION('',(0.0,0.0,-1.0));
#19214=DIRECTION('',(0.0,0.0,-1.0));
#19215=DIRECTION('',(0.0,0.0,-1.0));
#19216=DIRECTION('',(0.0,1.0,0.0));
#19217=DIRECTION('',(0.0,0.0,1.0));
#19218=DIRECTION('',(0.0,0.0,-1.0));
#19219=DIRECTION('',(0.0,0.0,1.0));
#19220=DIRECTION('',(0.0,-1.0,0.0));
#19221=DIRECTION('',(0.0,0.0,-1.0));
#19222=DIRECTION('',(0.0,0.0,1.0));
#19223=DIRECTION('',(0.0,-1.0,0.0));
#19224=DIRECTION('',(0.0,1.0,0.0));
#19225=DIRECTION('',(0.0,0.0,1.0));
#19226=DIRECTION('',(0.0,0.0,-1.0));
#19227=DIRECTION('',(0.0,-1.0,0.0));
#19228=DIRECTION('',(0.0,0.0,-1.0));
#19229=DIRECTION('',(0.0,-1.0,0.0));
#19230=DIRECTION('',(0.0,0.0,-1.0));
#19231=DIRECTION('',(-1.0,0.0,0.0));
#19232=DIRECTION('',(0.0,0.0,1.0));
#19233=DIRECTION('',(0.0,0.0,1.0));
#19234=DIRECTION('',(1.0,0.0,0.0));
#19235=DIRECTION('',(1.0,0.0,0.0));
#19236=DIRECTION('',(0.0,-1.0,0.0));
#19237=DIRECTION('',(1.0,0.0,0.0));
#19238=DIRECTION('',(0.0,-1.0,0.0));
#19239=DIRECTION('',(1.0,0.0,0.0));
#19240=DIRECTION('',(0.0,-1.0,0.0));
#19241=DIRECTION('',(1.0,0.0,0.0));
#19242=DIRECTION('',(0.0,0.0,1.0));
#19243=DIRECTION('',(0.0,0.0,1.0));
#19244=DIRECTION('',(0.0,0.0,1.0));
#19245=DIRECTION('',(0.0,0.0,-1.0));
#19246=DIRECTION('',(-1.0,0.0,0.0));
#19247=DIRECTION('',(0.0,0.0,1.0));
#19248=DIRECTION('',(0.0,1.0,0.0));
#19249=DIRECTION('',(0.0,0.0,-1.0));
#19250=DIRECTION('',(0.0,0.0,1.0));
#19251=DIRECTION('',(0.0,0.0,-1.0));
#19252=DIRECTION('',(0.0,1.0,0.0));
#19253=DIRECTION('',(0.0,0.0,1.0));
#19254=DIRECTION('',(0.0,0.0,-1.0));
#19255=DIRECTION('',(0.0,1.0,0.0));
#19256=DIRECTION('',(0.0,-1.0,0.0));
#19257=DIRECTION('',(0.0,0.0,-1.0));
#19258=DIRECTION('',(0.0,1.0,0.0));
#19259=DIRECTION('',(0.0,0.0,1.0));
#19260=DIRECTION('',(0.0,-1.0,0.0));
#19261=DIRECTION('',(0.0,0.0,1.0));
#19262=DIRECTION('',(-1.0,0.0,0.0));
#19263=DIRECTION('',(-0.174436949745496,-0.174436949745496,-0.969094165252776));
#19264=DIRECTION('',(0.0,1.0,0.0));
#19265=DIRECTION('',(0.174436949745496,-0.174436949745496,0.969094165252776));
#19266=DIRECTION('',(-1.0,0.0,0.0));
#19267=DIRECTION('',(-1.0,0.0,0.0));
#19268=DIRECTION('',(0.174436949745496,0.174436949745496,-0.969094165252776));
#19269=DIRECTION('',(-0.174436949745496,0.174436949745496,0.969094165252776));
#19270=DIRECTION('',(0.0,-1.0,0.0));
#19271=DIRECTION('',(-1.0,0.0,0.0));
#19272=DIRECTION('',(-1.0,0.0,0.0));
#19273=DIRECTION('',(-0.174436949745496,-0.174436949745496,-0.969094165252776));
#19274=DIRECTION('',(0.0,1.0,0.0));
#19275=DIRECTION('',(-0.174436949745496,0.174436949745496,-0.969094165252776));
#19276=DIRECTION('',(-1.0,0.0,0.0));
#19277=DIRECTION('',(0.174436949745496,0.174436949745496,-0.969094165252776));
#19278=DIRECTION('',(-1.0,0.0,0.0));
#19279=DIRECTION('',(-0.174436949745496,0.174436949745496,0.969094165252776));
#19280=DIRECTION('',(0.0,-1.0,0.0));
#19281=DIRECTION('',(-1.0,0.0,0.0));
#19282=DIRECTION('',(-1.0,0.0,0.0));
#19283=DIRECTION('',(-0.174436949745496,0.969094165252776,-0.174436949745496));
#19284=DIRECTION('',(0.0,0.0,1.0));
#19285=DIRECTION('',(-0.174436949745496,0.969094165252776,0.174436949745496));
#19286=DIRECTION('',(-1.0,0.0,0.0));
#19287=DIRECTION('',(0.174436949745496,0.969094165252776,0.174436949745496));
#19288=DIRECTION('',(-1.0,0.0,0.0));
#19289=DIRECTION('',(-1.0,0.0,0.0));
#19290=DIRECTION('',(-0.174436949745496,-0.969094165252776,0.174436949745496));
#19291=DIRECTION('',(0.0,0.0,-1.0));
#19292=DIRECTION('',(-1.0,0.0,0.0));
#19293=DIRECTION('',(-1.0,0.0,0.0));
#19294=DIRECTION('',(-0.174436949745496,0.969094165252776,-0.174436949745496));
#19295=DIRECTION('',(0.0,0.0,1.0));
#19296=DIRECTION('',(-0.174436949745496,0.969094165252776,0.174436949745496));
#19297=DIRECTION('',(-1.0,0.0,0.0));
#19298=DIRECTION('',(0.174436949745496,0.969094165252776,0.174436949745496));
#19299=DIRECTION('',(-1.0,0.0,0.0));
#19300=DIRECTION('',(-0.174436949745496,-0.969094165252776,0.174436949745496));
#19301=DIRECTION('',(0.0,0.0,-1.0));
#19302=DIRECTION('',(-1.0,0.0,0.0));
#19303=DIRECTION('',(0.0,0.0,-1.0));
#19304=DIRECTION('',(0.0,1.0,0.0));
#19305=DIRECTION('',(0.0,0.0,1.0));
#19306=DIRECTION('',(0.0,0.0,-1.0));
#19307=DIRECTION('',(0.0,0.0,1.0));
#19308=DIRECTION('',(0.0,-1.0,0.0));
#19309=DIRECTION('',(0.0,0.0,-1.0));
#19310=DIRECTION('',(0.0,0.0,1.0));
#19311=DIRECTION('',(0.0,-1.0,0.0));
#19312=DIRECTION('',(0.0,1.0,0.0));
#19313=DIRECTION('',(0.0,0.0,1.0));
#19314=DIRECTION('',(0.0,0.0,-1.0));
#19315=DIRECTION('',(0.0,-1.0,0.0));
#19316=DIRECTION('',(0.0,0.0,-1.0));
#19317=DIRECTION('',(0.0,0.0,-1.0));
#19318=DIRECTION('',(0.0,1.0,0.0));
#19319=DIRECTION('',(-1.0,0.0,0.0));
#19320=DIRECTION('',(0.0,0.0,1.0));
#19321=DIRECTION('',(0.0,0.0,1.0));
#19322=DIRECTION('',(1.0,0.0,0.0));
#19323=DIRECTION('',(1.0,0.0,0.0));
#19324=DIRECTION('',(0.0,-1.0,0.0));
#19325=DIRECTION('',(1.0,0.0,0.0));
#19326=DIRECTION('',(0.0,-1.0,0.0));
#19327=DIRECTION('',(1.0,0.0,0.0));
#19328=DIRECTION('',(0.0,-1.0,0.0));
#19329=DIRECTION('',(1.0,0.0,0.0));
#19330=DIRECTION('',(0.0,0.0,1.0));
#19331=DIRECTION('',(0.0,0.0,-1.0));
#19332=DIRECTION('',(0.0,0.0,1.0));
#19333=DIRECTION('',(0.0,0.0,1.0));
#19334=DIRECTION('',(0.0,0.0,1.0));
#19335=DIRECTION('',(-1.0,0.0,0.0));
#19336=DIRECTION('',(-0.174436949745496,0.174436949745496,-0.969094165252776));
#19337=DIRECTION('',(-1.0,0.0,0.0));
#19338=DIRECTION('',(0.174436949745496,0.174436949745496,-0.969094165252776));
#19339=DIRECTION('',(-0.174436949745496,0.174436949745496,0.969094165252776));
#19340=DIRECTION('',(0.0,-1.0,0.0));
#19341=DIRECTION('',(0.0,1.0,0.0));
#19342=DIRECTION('',(-1.0,0.0,0.0));
#19343=DIRECTION('',(-0.174436949745496,-0.174436949745496,-0.969094165252776));
#19344=DIRECTION('',(-1.0,0.0,0.0));
#19345=DIRECTION('',(0.0,0.0,-1.0));
#19346=DIRECTION('',(0.0,1.0,0.0));
#19347=DIRECTION('',(0.0,0.0,-1.0));
#19348=DIRECTION('',(0.0,0.0,1.0));
#19349=DIRECTION('',(0.0,0.0,-1.0));
#19350=DIRECTION('',(0.0,1.0,0.0));
#19351=DIRECTION('',(0.0,1.0,0.0));
#19352=DIRECTION('',(0.0,-1.0,0.0));
#19353=DIRECTION('',(0.0,0.0,-1.0));
#19354=DIRECTION('',(0.0,0.0,1.0));
#19355=DIRECTION('',(0.0,1.0,0.0));
#19356=DIRECTION('',(0.0,0.0,1.0));
#19357=DIRECTION('',(0.0,0.0,1.0));
#19358=DIRECTION('',(0.0,1.0,0.0));
#19359=DIRECTION('',(-1.0,0.0,0.0));
#19360=DIRECTION('',(-0.174436949745496,-0.174436949745496,-0.969094165252776));
#19361=DIRECTION('',(0.0,1.0,0.0));
#19362=DIRECTION('',(0.174436949745496,-0.174436949745496,0.969094165252776));
#19363=DIRECTION('',(-1.0,0.0,0.0));
#19364=DIRECTION('',(-1.0,0.0,0.0));
#19365=DIRECTION('',(0.174436949745496,0.174436949745496,-0.969094165252776));
#19366=DIRECTION('',(-0.174436949745496,0.174436949745496,0.969094165252776));
#19367=DIRECTION('',(0.0,-1.0,0.0));
#19368=DIRECTION('',(-1.0,0.0,0.0));
#19369=DIRECTION('',(-1.0,0.0,0.0));
#19370=DIRECTION('',(-0.174436949745496,0.969094165252776,-0.174436949745496));
#19371=DIRECTION('',(0.0,0.0,1.0));
#19372=DIRECTION('',(-0.174436949745496,0.969094165252776,0.174436949745496));
#19373=DIRECTION('',(-1.0,0.0,0.0));
#19374=DIRECTION('',(0.174436949745496,0.969094165252776,0.174436949745496));
#19375=DIRECTION('',(-1.0,0.0,0.0));
#19376=DIRECTION('',(-1.0,0.0,0.0));
#19377=DIRECTION('',(-0.174436949745496,-0.969094165252776,0.174436949745496));
#19378=DIRECTION('',(0.0,0.0,-1.0));
#19379=DIRECTION('',(-1.0,0.0,0.0));
#19380=DIRECTION('',(-1.0,0.0,0.0));
#19381=DIRECTION('',(-1.0,0.0,0.0));
#19382=DIRECTION('',(0.177152998315298,-0.984183323973689,0.0));
#19383=DIRECTION('',(-1.0,0.0,0.0));
#19384=DIRECTION('',(-0.177152998315298,-0.984183323973689,0.0));
#19385=DIRECTION('',(0.0,1.0,0.0));
#19386=DIRECTION('',(0.177152998315298,-0.984183323973689,0.0));
#19387=DIRECTION('',(-1.0,0.0,0.0));
#19388=DIRECTION('',(-0.177152998315298,-0.984183323973689,0.0));
#19389=DIRECTION('',(0.0,1.0,0.0));
#19390=DIRECTION('',(0.0,1.0,0.0));
#19391=DIRECTION('',(0.177152998315298,-0.984183323973689,0.0));
#19392=DIRECTION('',(-1.0,0.0,0.0));
#19393=DIRECTION('',(-0.177152998315298,-0.984183323973689,0.0));
#19394=DIRECTION('',(0.0,1.0,0.0));
#19395=DIRECTION('',(0.177152998315298,-0.984183323973689,0.0));
#19396=DIRECTION('',(-1.0,0.0,0.0));
#19397=DIRECTION('',(-0.177152998315298,-0.984183323973689,0.0));
#19398=DIRECTION('',(0.177152998315298,-0.984183323973689,0.0));
#19399=DIRECTION('',(-1.0,0.0,0.0));
#19400=DIRECTION('',(-0.177152998315298,-0.984183323973689,0.0));
#19401=DIRECTION('',(0.0,1.0,0.0));
#19402=DIRECTION('',(0.177152998315298,-0.984183323973689,0.0));
#19403=DIRECTION('',(-1.0,0.0,0.0));
#19404=DIRECTION('',(-0.177152998315298,-0.984183323973689,0.0));
#19405=DIRECTION('',(0.0,1.0,0.0));
#19406=DIRECTION('',(0.174436949745496,0.969094165252776,0.174436949745496));
#19407=DIRECTION('',(0.0,0.0,-1.0));
#19408=DIRECTION('',(-0.174436949745496,-0.969094165252776,0.174436949745496));
#19409=DIRECTION('',(-1.0,0.0,0.0));
#19410=DIRECTION('',(-0.174436949745496,0.969094165252776,-0.174436949745496));
#19411=DIRECTION('',(0.0,0.0,1.0));
#19412=DIRECTION('',(-0.174436949745496,0.969094165252776,0.174436949745496));
#19413=DIRECTION('',(-1.0,0.0,0.0));
#19414=DIRECTION('',(0.0,0.0,-1.0));
#19415=DIRECTION('',(0.0,1.0,0.0));
#19416=DIRECTION('',(0.0,0.0,1.0));
#19417=DIRECTION('',(0.0,0.0,-1.0));
#19418=DIRECTION('',(0.0,0.0,1.0));
#19419=DIRECTION('',(0.0,-1.0,0.0));
#19420=DIRECTION('',(0.0,0.0,-1.0));
#19421=DIRECTION('',(0.0,0.0,1.0));
#19422=DIRECTION('',(0.0,-1.0,0.0));
#19423=DIRECTION('',(0.0,1.0,0.0));
#19424=DIRECTION('',(0.0,0.0,1.0));
#19425=DIRECTION('',(0.0,0.0,-1.0));
#19426=DIRECTION('',(0.0,-1.0,0.0));
#19427=DIRECTION('',(0.0,0.0,-1.0));
#19428=DIRECTION('',(0.0,0.0,-1.0));
#19429=DIRECTION('',(-1.0,0.0,0.0));
#19430=DIRECTION('',(0.0,0.0,1.0));
#19431=DIRECTION('',(0.0,0.0,1.0));
#19432=DIRECTION('',(1.0,0.0,0.0));
#19433=DIRECTION('',(0.0,0.0,-1.0));
#19434=DIRECTION('',(0.0,0.0,-1.0));
#19435=DIRECTION('',(0.0,-1.0,0.0));
#19436=DIRECTION('',(0.0,0.0,-1.0));
#19437=DIRECTION('',(0.0,0.0,-1.0));
#19438=DIRECTION('',(0.0,-1.0,0.0));
#19439=DIRECTION('',(0.0,0.0,-1.0));
#19440=DIRECTION('',(0.0,-1.0,0.0));
#19441=DIRECTION('',(1.0,0.0,0.0));
#19442=DIRECTION('',(0.0,0.0,1.0));
#19443=DIRECTION('',(0.0,0.0,-1.0));
#19444=DIRECTION('',(-1.0,0.0,0.0));
#19445=DIRECTION('',(0.0,1.0,0.0));
#19446=DIRECTION('',(0.0,0.0,1.0));
#19447=DIRECTION('',(0.0,0.0,-1.0));
#19448=DIRECTION('',(0.0,1.0,0.0));
#19449=DIRECTION('',(0.0,0.0,1.0));
#19450=DIRECTION('',(0.0,0.0,-1.0));
#19451=DIRECTION('',(0.0,1.0,0.0));
#19452=DIRECTION('',(0.0,-1.0,0.0));
#19453=DIRECTION('',(0.0,0.0,-1.0));
#19454=DIRECTION('',(0.0,0.0,1.0));
#19455=DIRECTION('',(0.0,1.0,0.0));
#19456=DIRECTION('',(0.0,0.0,1.0));
#19457=DIRECTION('',(0.0,0.0,1.0));
#19458=DIRECTION('',(-0.174436949745496,-0.174436949745496,-0.969094165252776));
#19459=DIRECTION('',(0.0,1.0,0.0));
#19460=DIRECTION('',(0.174436949745496,-0.174436949745496,0.969094165252776));
#19461=DIRECTION('',(-1.0,0.0,0.0));
#19462=DIRECTION('',(-1.0,0.0,0.0));
#19463=DIRECTION('',(0.174436949745496,0.174436949745496,-0.969094165252776));
#19464=DIRECTION('',(-0.174436949745496,0.174436949745496,0.969094165252776));
#19465=DIRECTION('',(0.0,-1.0,0.0));
#19466=DIRECTION('',(-1.0,0.0,0.0));
#19467=DIRECTION('',(-1.0,0.0,0.0));
#19468=DIRECTION('',(-0.174436949745496,-0.174436949745496,-0.969094165252776));
#19469=DIRECTION('',(0.0,1.0,0.0));
#19470=DIRECTION('',(-0.174436949745496,0.174436949745496,-0.969094165252776));
#19471=DIRECTION('',(-1.0,0.0,0.0));
#19472=DIRECTION('',(0.174436949745496,0.174436949745496,-0.969094165252776));
#19473=DIRECTION('',(-1.0,0.0,0.0));
#19474=DIRECTION('',(1.0,0.0,0.0));
#19475=DIRECTION('',(0.0,0.0,-1.0));
#19476=DIRECTION('',(0.0,-1.0,0.0));
#19477=DIRECTION('',(0.0,0.0,1.0));
#19478=DIRECTION('',(0.0,-1.0,0.0));
#19479=DIRECTION('',(0.0,0.0,1.0));
#19480=DIRECTION('',(0.0,-1.0,0.0));
#19481=DIRECTION('',(1.0,0.0,0.0));
#19482=DIRECTION('',(1.0,0.0,0.0));
#19483=DIRECTION('',(-1.0,0.0,0.0));
#19484=DIRECTION('',(-1.0,0.0,0.0));
#19485=DIRECTION('',(-0.174436949745496,0.969094165252776,-0.174436949745496));
#19486=DIRECTION('',(-0.174436949745496,-0.969094165252776,0.174436949745496));
#19487=DIRECTION('',(-1.0,0.0,0.0));
#19488=DIRECTION('',(0.0,0.0,-1.0));
#19489=DIRECTION('',(-1.0,0.0,0.0));
#19490=DIRECTION('',(0.0,0.0,1.0));
#19491=DIRECTION('',(-0.174436949745496,0.969094165252776,0.174436949745496));
#19492=DIRECTION('',(0.174436949745496,0.969094165252776,0.174436949745496));
#19493=DIRECTION('',(-1.0,0.0,0.0));
#19494=DIRECTION('',(-1.0,0.0,0.0));
#19495=DIRECTION('',(-0.174436949745496,0.174436949745496,0.969094165252776));
#19496=DIRECTION('',(0.0,-1.0,0.0));
#19497=DIRECTION('',(-1.0,0.0,0.0));
#19498=DIRECTION('',(-1.0,0.0,0.0));
#19499=DIRECTION('',(-0.174436949745496,0.969094165252776,-0.174436949745496));
#19500=DIRECTION('',(0.0,0.0,1.0));
#19501=DIRECTION('',(-0.174436949745496,0.969094165252776,0.174436949745496));
#19502=DIRECTION('',(-1.0,0.0,0.0));
#19503=DIRECTION('',(0.174436949745496,0.969094165252776,0.174436949745496));
#19504=DIRECTION('',(0.0,0.0,-1.0));
#19505=DIRECTION('',(-0.174436949745496,-0.969094165252776,0.174436949745496));
#19506=DIRECTION('',(-1.0,0.0,0.0));
#19507=DIRECTION('',(0.0,0.0,-1.0));
#19508=DIRECTION('',(0.0,1.0,0.0));
#19509=DIRECTION('',(0.0,0.0,1.0));
#19510=DIRECTION('',(0.0,0.0,-1.0));
#19511=DIRECTION('',(0.0,0.0,1.0));
#19512=DIRECTION('',(0.0,-1.0,0.0));
#19513=DIRECTION('',(0.0,0.0,-1.0));
#19514=DIRECTION('',(0.0,0.0,1.0));
#19515=DIRECTION('',(0.0,-1.0,0.0));
#19516=DIRECTION('',(0.0,1.0,0.0));
#19517=DIRECTION('',(0.0,0.0,1.0));
#19518=DIRECTION('',(0.0,0.0,-1.0));
#19519=DIRECTION('',(0.0,-1.0,0.0));
#19520=DIRECTION('',(0.0,0.0,-1.0));
#19521=DIRECTION('',(0.0,0.0,-1.0));
#19522=DIRECTION('',(-1.0,0.0,0.0));
#19523=DIRECTION('',(0.0,0.0,1.0));
#19524=DIRECTION('',(0.0,0.0,1.0));
#19525=DIRECTION('',(1.0,0.0,0.0));
#19526=DIRECTION('',(0.0,0.0,-1.0));
#19527=DIRECTION('',(0.0,0.0,-1.0));
#19528=DIRECTION('',(0.0,-1.0,0.0));
#19529=DIRECTION('',(0.0,0.0,-1.0));
#19530=DIRECTION('',(0.0,0.0,-1.0));
#19531=DIRECTION('',(0.0,-1.0,0.0));
#19532=DIRECTION('',(0.0,0.0,-1.0));
#19533=DIRECTION('',(0.0,-1.0,0.0));
#19534=DIRECTION('',(1.0,0.0,0.0));
#19535=DIRECTION('',(0.0,0.0,1.0));
#19536=DIRECTION('',(0.0,0.0,-1.0));
#19537=DIRECTION('',(-1.0,0.0,0.0));
#19538=DIRECTION('',(0.0,1.0,0.0));
#19539=DIRECTION('',(0.0,0.0,1.0));
#19540=DIRECTION('',(0.0,0.0,-1.0));
#19541=DIRECTION('',(0.0,1.0,0.0));
#19542=DIRECTION('',(0.0,0.0,1.0));
#19543=DIRECTION('',(0.0,0.0,-1.0));
#19544=DIRECTION('',(0.0,1.0,0.0));
#19545=DIRECTION('',(0.0,-1.0,0.0));
#19546=DIRECTION('',(0.0,0.0,-1.0));
#19547=DIRECTION('',(0.0,0.0,1.0));
#19548=DIRECTION('',(0.0,1.0,0.0));
#19549=DIRECTION('',(0.0,0.0,1.0));
#19550=DIRECTION('',(0.0,0.0,1.0));
#19551=DIRECTION('',(-0.174436949745496,-0.174436949745496,-0.969094165252776));
#19552=DIRECTION('',(0.0,1.0,0.0));
#19553=DIRECTION('',(0.174436949745496,-0.174436949745496,0.969094165252776));
#19554=DIRECTION('',(-1.0,0.0,0.0));
#19555=DIRECTION('',(-1.0,0.0,0.0));
#19556=DIRECTION('',(0.174436949745496,0.174436949745496,-0.969094165252776));
#19557=DIRECTION('',(-0.174436949745496,0.174436949745496,0.969094165252776));
#19558=DIRECTION('',(0.0,-1.0,0.0));
#19559=DIRECTION('',(-1.0,0.0,0.0));
#19560=DIRECTION('',(-1.0,0.0,0.0));
#19561=DIRECTION('',(-0.174436949745496,-0.174436949745496,-0.969094165252776));
#19562=DIRECTION('',(0.0,1.0,0.0));
#19563=DIRECTION('',(-0.174436949745496,0.174436949745496,-0.969094165252776));
#19564=DIRECTION('',(-1.0,0.0,0.0));
#19565=DIRECTION('',(0.174436949745496,0.174436949745496,-0.969094165252776));
#19566=DIRECTION('',(-1.0,0.0,0.0));
#19567=DIRECTION('',(1.0,0.0,0.0));
#19568=DIRECTION('',(0.0,0.0,-1.0));
#19569=DIRECTION('',(0.0,-1.0,0.0));
#19570=DIRECTION('',(0.0,0.0,1.0));
#19571=DIRECTION('',(0.0,-1.0,0.0));
#19572=DIRECTION('',(0.0,0.0,1.0));
#19573=DIRECTION('',(0.0,-1.0,0.0));
#19574=DIRECTION('',(1.0,0.0,0.0));
#19575=DIRECTION('',(1.0,0.0,0.0));
#19576=DIRECTION('',(-1.0,0.0,0.0));
#19577=DIRECTION('',(-1.0,0.0,0.0));
#19578=DIRECTION('',(-0.174436949745496,0.969094165252776,-0.174436949745496));
#19579=DIRECTION('',(-0.174436949745496,-0.969094165252776,0.174436949745496));
#19580=DIRECTION('',(-1.0,0.0,0.0));
#19581=DIRECTION('',(0.0,0.0,-1.0));
#19582=DIRECTION('',(-1.0,0.0,0.0));
#19583=DIRECTION('',(0.0,0.0,1.0));
#19584=DIRECTION('',(-0.174436949745496,0.969094165252776,0.174436949745496));
#19585=DIRECTION('',(0.174436949745496,0.969094165252776,0.174436949745496));
#19586=DIRECTION('',(-1.0,0.0,0.0));
#19587=DIRECTION('',(-1.0,0.0,0.0));
#19588=DIRECTION('',(-0.174436949745496,0.174436949745496,0.969094165252776));
#19589=DIRECTION('',(0.0,-1.0,0.0));
#19590=DIRECTION('',(-1.0,0.0,0.0));
#19591=DIRECTION('',(-1.0,0.0,0.0));
#19592=DIRECTION('',(-0.174436949745496,0.969094165252776,-0.174436949745496));
#19593=DIRECTION('',(0.0,0.0,1.0));
#19594=DIRECTION('',(-0.174436949745496,0.969094165252776,0.174436949745496));
#19595=DIRECTION('',(-1.0,0.0,0.0));
#19596=DIRECTION('',(0.174436949745496,0.969094165252776,0.174436949745496));
#19597=DIRECTION('',(0.0,0.0,-1.0));
#19598=DIRECTION('',(-0.174436949745496,-0.969094165252776,0.174436949745496));
#19599=DIRECTION('',(-1.0,0.0,0.0));
#19600=DIRECTION('',(0.174436949745496,0.969094165252776,0.174436949745496));
#19601=DIRECTION('',(0.0,0.0,-1.0));
#19602=DIRECTION('',(0.174436949745496,0.969094165252776,-0.174436949745496));
#19603=DIRECTION('',(-1.0,0.0,0.0));
#19604=DIRECTION('',(-0.174436949745496,0.969094165252776,-0.174436949745496));
#19605=DIRECTION('',(0.0,0.0,1.0));
#19606=DIRECTION('',(-0.174436949745496,0.969094165252776,0.174436949745496));
#19607=DIRECTION('',(-1.0,0.0,0.0));
#19608=DIRECTION('',(0.174436949745496,0.969094165252776,0.174436949745496));
#19609=DIRECTION('',(0.0,0.0,-1.0));
#19610=DIRECTION('',(0.174436949745496,0.969094165252776,-0.174436949745496));
#19611=DIRECTION('',(-1.0,0.0,0.0));
#19612=DIRECTION('',(-0.174436949745496,0.969094165252776,-0.174436949745496));
#19613=DIRECTION('',(0.0,0.0,1.0));
#19614=DIRECTION('',(-0.174436949745496,0.969094165252776,0.174436949745496));
#19615=DIRECTION('',(-1.0,0.0,0.0));
#19616=DIRECTION('',(0.0,0.0,-1.0));
#19617=DIRECTION('',(0.0,1.0,0.0));
#19618=DIRECTION('',(0.0,0.0,1.0));
#19619=DIRECTION('',(0.0,0.0,-1.0));
#19620=DIRECTION('',(0.0,0.0,1.0));
#19621=DIRECTION('',(0.0,-1.0,0.0));
#19622=DIRECTION('',(0.0,0.0,-1.0));
#19623=DIRECTION('',(0.0,0.0,1.0));
#19624=DIRECTION('',(0.0,-1.0,0.0));
#19625=DIRECTION('',(0.0,1.0,0.0));
#19626=DIRECTION('',(0.0,0.0,1.0));
#19627=DIRECTION('',(0.0,0.0,-1.0));
#19628=DIRECTION('',(0.0,-1.0,0.0));
#19629=DIRECTION('',(0.0,0.0,-1.0));
#19630=DIRECTION('',(0.0,0.0,-1.0));
#19631=DIRECTION('',(-1.0,0.0,0.0));
#19632=DIRECTION('',(0.0,0.0,1.0));
#19633=DIRECTION('',(0.0,0.0,1.0));
#19634=DIRECTION('',(1.0,0.0,0.0));
#19635=DIRECTION('',(0.0,0.0,-1.0));
#19636=DIRECTION('',(0.0,0.0,-1.0));
#19637=DIRECTION('',(0.0,-1.0,0.0));
#19638=DIRECTION('',(0.0,0.0,-1.0));
#19639=DIRECTION('',(0.0,0.0,-1.0));
#19640=DIRECTION('',(0.0,-1.0,0.0));
#19641=DIRECTION('',(0.0,0.0,-1.0));
#19642=DIRECTION('',(0.0,-1.0,0.0));
#19643=DIRECTION('',(1.0,0.0,0.0));
#19644=DIRECTION('',(0.0,0.0,1.0));
#19645=DIRECTION('',(0.0,0.0,-1.0));
#19646=DIRECTION('',(-1.0,0.0,0.0));
#19647=DIRECTION('',(0.0,1.0,0.0));
#19648=DIRECTION('',(0.0,0.0,1.0));
#19649=DIRECTION('',(0.0,0.0,-1.0));
#19650=DIRECTION('',(0.0,1.0,0.0));
#19651=DIRECTION('',(0.0,0.0,1.0));
#19652=DIRECTION('',(0.0,0.0,-1.0));
#19653=DIRECTION('',(0.0,1.0,0.0));
#19654=DIRECTION('',(0.0,-1.0,0.0));
#19655=DIRECTION('',(0.0,0.0,-1.0));
#19656=DIRECTION('',(0.0,0.0,1.0));
#19657=DIRECTION('',(0.0,1.0,0.0));
#19658=DIRECTION('',(0.0,0.0,1.0));
#19659=DIRECTION('',(0.0,0.0,1.0));
#19660=DIRECTION('',(-0.174436949745496,-0.174436949745496,-0.969094165252776));
#19661=DIRECTION('',(0.0,1.0,0.0));
#19662=DIRECTION('',(0.174436949745496,-0.174436949745496,0.969094165252776));
#19663=DIRECTION('',(-1.0,0.0,0.0));
#19664=DIRECTION('',(-1.0,0.0,0.0));
#19665=DIRECTION('',(0.174436949745496,0.174436949745496,-0.969094165252776));
#19666=DIRECTION('',(-0.174436949745496,0.174436949745496,0.969094165252776));
#19667=DIRECTION('',(0.0,-1.0,0.0));
#19668=DIRECTION('',(-1.0,0.0,0.0));
#19669=DIRECTION('',(-1.0,0.0,0.0));
#19670=DIRECTION('',(-0.174436949745496,-0.174436949745496,-0.969094165252776));
#19671=DIRECTION('',(0.0,1.0,0.0));
#19672=DIRECTION('',(-0.174436949745496,0.174436949745496,-0.969094165252776));
#19673=DIRECTION('',(-1.0,0.0,0.0));
#19674=DIRECTION('',(0.174436949745496,0.174436949745496,-0.969094165252776));
#19675=DIRECTION('',(-1.0,0.0,0.0));
#19676=DIRECTION('',(1.0,0.0,0.0));
#19677=DIRECTION('',(0.0,0.0,-1.0));
#19678=DIRECTION('',(0.0,-1.0,0.0));
#19679=DIRECTION('',(0.0,0.0,1.0));
#19680=DIRECTION('',(0.0,-1.0,0.0));
#19681=DIRECTION('',(0.0,0.0,1.0));
#19682=DIRECTION('',(0.0,-1.0,0.0));
#19683=DIRECTION('',(1.0,0.0,0.0));
#19684=DIRECTION('',(1.0,0.0,0.0));
#19685=DIRECTION('',(-1.0,0.0,0.0));
#19686=DIRECTION('',(-1.0,0.0,0.0));
#19687=DIRECTION('',(-0.174436949745496,0.969094165252776,-0.174436949745496));
#19688=DIRECTION('',(-0.174436949745496,-0.969094165252776,0.174436949745496));
#19689=DIRECTION('',(-1.0,0.0,0.0));
#19690=DIRECTION('',(0.0,0.0,-1.0));
#19691=DIRECTION('',(-1.0,0.0,0.0));
#19692=DIRECTION('',(0.0,0.0,1.0));
#19693=DIRECTION('',(-0.174436949745496,0.969094165252776,0.174436949745496));
#19694=DIRECTION('',(0.174436949745496,0.969094165252776,0.174436949745496));
#19695=DIRECTION('',(-1.0,0.0,0.0));
#19696=DIRECTION('',(-1.0,0.0,0.0));
#19697=DIRECTION('',(-0.174436949745496,0.174436949745496,0.969094165252776));
#19698=DIRECTION('',(0.0,-1.0,0.0));
#19699=DIRECTION('',(-1.0,0.0,0.0));
#19700=DIRECTION('',(-1.0,0.0,0.0));
#19701=DIRECTION('',(-0.174436949745496,0.969094165252776,-0.174436949745496));
#19702=DIRECTION('',(0.0,0.0,1.0));
#19703=DIRECTION('',(-0.174436949745496,0.969094165252776,0.174436949745496));
#19704=DIRECTION('',(-1.0,0.0,0.0));
#19705=DIRECTION('',(0.174436949745496,0.969094165252776,0.174436949745496));
#19706=DIRECTION('',(0.0,0.0,-1.0));
#19707=DIRECTION('',(-0.174436949745496,-0.969094165252776,0.174436949745496));
#19708=DIRECTION('',(-1.0,0.0,0.0));
#19709=DIRECTION('',(-1.0,0.0,0.0));
#19710=DIRECTION('',(-0.174436949745496,0.174436949745496,-0.969094165252776));
#19711=DIRECTION('',(-1.0,0.0,0.0));
#19712=DIRECTION('',(0.174436949745496,0.174436949745496,-0.969094165252776));
#19713=DIRECTION('',(0.0,-1.0,0.0));
#19714=DIRECTION('',(-0.174436949745496,0.174436949745496,0.969094165252776));
#19715=DIRECTION('',(-1.0,0.0,0.0));
#19716=DIRECTION('',(-0.174436949745496,-0.174436949745496,-0.969094165252776));
#19717=DIRECTION('',(-1.0,0.0,0.0));
#19718=DIRECTION('',(0.0,1.0,0.0));
#19719=DIRECTION('',(-1.0,0.0,0.0));
#19720=DIRECTION('',(-0.174436949745496,0.174436949745496,-0.969094165252776));
#19721=DIRECTION('',(-1.0,0.0,0.0));
#19722=DIRECTION('',(0.174436949745496,0.174436949745496,-0.969094165252776));
#19723=DIRECTION('',(0.0,-1.0,0.0));
#19724=DIRECTION('',(-0.174436949745496,0.174436949745496,0.969094165252776));
#19725=DIRECTION('',(-1.0,0.0,0.0));
#19726=DIRECTION('',(-0.174436949745496,-0.174436949745496,-0.969094165252776));
#19727=DIRECTION('',(-1.0,0.0,0.0));
#19728=DIRECTION('',(0.0,1.0,0.0));
#19729=DIRECTION('',(-1.0,0.0,0.0));
#19730=DIRECTION('',(-0.174436949745496,0.174436949745496,-0.969094165252776));
#19731=DIRECTION('',(-1.0,0.0,0.0));
#19732=DIRECTION('',(0.174436949745496,0.174436949745496,-0.969094165252776));
#19733=DIRECTION('',(0.0,-1.0,0.0));
#19734=DIRECTION('',(-0.174436949745496,0.174436949745496,0.969094165252776));
#19735=DIRECTION('',(-1.0,0.0,0.0));
#19736=DIRECTION('',(-0.174436949745496,-0.174436949745496,-0.969094165252776));
#19737=DIRECTION('',(-1.0,0.0,0.0));
#19738=DIRECTION('',(0.0,1.0,0.0));
#19739=DIRECTION('',(-1.0,0.0,0.0));
#19740=DIRECTION('',(-0.174436949745496,0.174436949745496,-0.969094165252776));
#19741=DIRECTION('',(-1.0,0.0,0.0));
#19742=DIRECTION('',(0.174436949745496,0.174436949745496,-0.969094165252776));
#19743=DIRECTION('',(0.0,-1.0,0.0));
#19744=DIRECTION('',(-0.174436949745496,0.174436949745496,0.969094165252776));
#19745=DIRECTION('',(-1.0,0.0,0.0));
#19746=DIRECTION('',(-0.174436949745496,-0.174436949745496,-0.969094165252776));
#19747=DIRECTION('',(-1.0,0.0,0.0));
#19748=DIRECTION('',(0.0,1.0,0.0));
#19749=DIRECTION('',(-1.0,0.0,0.0));
#19750=DIRECTION('',(-0.174436949745496,0.174436949745496,-0.969094165252776));
#19751=DIRECTION('',(-1.0,0.0,0.0));
#19752=DIRECTION('',(0.174436949745496,0.174436949745496,-0.969094165252776));
#19753=DIRECTION('',(0.0,-1.0,0.0));
#19754=DIRECTION('',(-0.174436949745496,0.174436949745496,0.969094165252776));
#19755=DIRECTION('',(-1.0,0.0,0.0));
#19756=DIRECTION('',(-0.174436949745496,-0.174436949745496,-0.969094165252776));
#19757=DIRECTION('',(-1.0,0.0,0.0));
#19758=DIRECTION('',(0.0,1.0,0.0));
#19759=DIRECTION('',(0.0,0.0,-1.0));
#19760=DIRECTION('',(-0.174436949745496,-0.969094165252776,0.174436949745496));
#19761=DIRECTION('',(0.174436949745496,0.969094165252776,0.174436949745496));
#19762=DIRECTION('',(-1.0,0.0,0.0));
#19763=DIRECTION('',(-0.174436949745496,0.969094165252776,0.174436949745496));
#19764=DIRECTION('',(-1.0,0.0,0.0));
#19765=DIRECTION('',(0.0,0.0,1.0));
#19766=DIRECTION('',(-1.0,0.0,0.0));
#19767=DIRECTION('',(-0.174436949745496,0.969094165252776,-0.174436949745496));
#19768=DIRECTION('',(-1.0,0.0,0.0));
#19769=DIRECTION('',(0.0,-1.0,0.0));
#19770=DIRECTION('',(-1.0,0.0,0.0));
#19771=DIRECTION('',(-1.0,0.0,0.0));
#19772=DIRECTION('',(-0.174436949745496,0.969094165252776,0.174436949745496));
#19773=DIRECTION('',(-1.0,0.0,0.0));
#19774=DIRECTION('',(0.174436949745496,0.969094165252776,0.174436949745496));
#19775=DIRECTION('',(0.0,0.0,-1.0));
#19776=DIRECTION('',(-0.174436949745496,-0.969094165252776,0.174436949745496));
#19777=DIRECTION('',(-1.0,0.0,0.0));
#19778=DIRECTION('',(-0.174436949745496,0.969094165252776,-0.174436949745496));
#19779=DIRECTION('',(-1.0,0.0,0.0));
#19780=DIRECTION('',(0.0,0.0,1.0));
#19781=DIRECTION('',(-1.0,0.0,0.0));
#19782=DIRECTION('',(-0.174436949745496,0.969094165252776,0.174436949745496));
#19783=DIRECTION('',(-1.0,0.0,0.0));
#19784=DIRECTION('',(0.174436949745496,0.969094165252776,0.174436949745496));
#19785=DIRECTION('',(0.0,0.0,-1.0));
#19786=DIRECTION('',(0.174436949745496,0.969094165252776,-0.174436949745496));
#19787=DIRECTION('',(-1.0,0.0,0.0));
#19788=DIRECTION('',(-0.174436949745496,0.969094165252776,-0.174436949745496));
#19789=DIRECTION('',(0.0,0.0,1.0));
#19790=DIRECTION('',(0.0,0.0,-1.0));
#19791=DIRECTION('',(0.0,1.0,0.0));
#19792=DIRECTION('',(1.0,0.0,0.0));
#19793=DIRECTION('',(-0.937082114832659,-0.349109023172922,0.0));
#19794=DIRECTION('',(0.0,1.0,0.0));
#19795=DIRECTION('',(-0.937082114832659,0.349109023172922,0.0));
#19796=DIRECTION('',(0.0,-1.0,0.0));
#19797=DIRECTION('',(1.0,0.0,0.0));
#19798=DIRECTION('',(0.0,0.0,-1.0));
#19799=DIRECTION('',(0.0,0.0,1.0));
#19800=DIRECTION('',(0.0,0.0,1.0));
#19801=DIRECTION('',(0.0,-1.0,0.0));
#19802=DIRECTION('',(0.0,0.0,-1.0));
#19803=DIRECTION('',(1.0,0.0,0.0));
#19804=DIRECTION('',(0.0,0.0,-1.0));
#19805=DIRECTION('',(0.0,-1.0,0.0));
#19806=DIRECTION('',(0.0,0.0,1.0));
#19807=DIRECTION('',(1.0,0.0,0.0));
#19808=DIRECTION('',(-1.0,0.0,0.0));
#19809=DIRECTION('',(-1.0,0.0,0.0));
#19810=DIRECTION('',(-0.174436949745496,0.969094165252776,0.174436949745496));
#19811=DIRECTION('',(-1.0,0.0,0.0));
#19812=DIRECTION('',(0.174436949745496,0.969094165252776,0.174436949745496));
#19813=DIRECTION('',(0.0,0.0,-1.0));
#19814=DIRECTION('',(-0.174436949745496,-0.969094165252776,0.174436949745496));
#19815=DIRECTION('',(-1.0,0.0,0.0));
#19816=DIRECTION('',(-0.174436949745496,0.969094165252776,-0.174436949745496));
#19817=DIRECTION('',(-1.0,0.0,0.0));
#19818=DIRECTION('',(0.0,0.0,1.0));
#19819=DIRECTION('',(0.0,0.0,-1.0));
#19820=DIRECTION('',(-1.0,0.0,0.0));
#19821=DIRECTION('',(0.0,-1.0,0.0));
#19822=DIRECTION('',(-1.0,0.0,0.0));
#19823=DIRECTION('',(0.0,0.0,1.0));
#19824=DIRECTION('',(-1.0,0.0,0.0));
#19825=DIRECTION('',(1.0,0.0,0.0));
#19826=DIRECTION('',(-1.0,0.0,0.0));
#19827=DIRECTION('',(-1.0,0.0,0.0));
#19828=DIRECTION('',(0.0,0.0,1.0));
#19829=DIRECTION('',(-1.0,0.0,0.0));
#19830=DIRECTION('',(0.0,1.0,0.0));
#19831=DIRECTION('',(-1.0,0.0,0.0));
#19832=DIRECTION('',(0.0,0.0,-1.0));
#19833=DIRECTION('',(-1.0,0.0,0.0));
#19834=DIRECTION('',(0.0,0.64287114276419,0.765974342782488));
#19835=DIRECTION('',(-1.0,0.0,0.0));
#19836=DIRECTION('',(0.0,0.0,-1.0));
#19837=DIRECTION('',(-1.0,0.0,0.0));
#19838=DIRECTION('',(0.0,-0.642871293713882,-0.765974216092578));
#19839=DIRECTION('',(-1.0,0.0,0.0));
#19840=DIRECTION('',(0.0,-1.0,0.0));
#19841=DIRECTION('',(0.0,0.0,-1.0));
#19842=DIRECTION('',(0.0,0.0,-1.0));
#19843=DIRECTION('',(0.0,0.0,-1.0));
#19844=DIRECTION('',(0.0,0.0,-1.0));
#19845=DIRECTION('',(0.0,0.0,-1.0));
#19846=DIRECTION('',(0.0,0.0,-1.0));
ENDSEC;
END-ISO-10303-21;
