ISO-10303-21;
HEADER;
FILE_DESCRIPTION(('STEP AP242'),'1');
FILE_NAME('0439151203.stp','2026-03-06T08:57:35',('TraceParts'),('TraceParts S.A.S.'),'Spatial InterOp 3D',' ',' ');
FILE_SCHEMA(('AP242_MANAGED_MODEL_BASED_3D_ENGINEERING_MIM_LF  {1 0 10303 442 1 1 4}'));
ENDSEC;
DATA;
#1=PRODUCT_DEFINITION_CONTEXT('',#10,'design');
#2=APPLICATION_PROTOCOL_DEFINITION('INTERNATIONAL STANDARD','ap242_managed_model_based_3d_engineering',2014,#10);
#3=PRODUCT_CATEGORY_RELATIONSHIP('NONE','NONE',#11,#12);
#4=SHAPE_DEFINITION_REPRESENTATION(#13,#14);
#5=SHAPE_DEFINITION_REPRESENTATION(#13,#15);
#6= (GEOMETRIC_REPRESENTATION_CONTEXT(3)GLOBAL_UNCERTAINTY_ASSIGNED_CONTEXT((#18))GLOBAL_UNIT_ASSIGNED_CONTEXT((#20,#21,#22))REPRESENTATION_CONTEXT('NONE','WORKSPACE'));
#10=APPLICATION_CONTEXT('managed model based 3d engineering');
#11=PRODUCT_CATEGORY('part','NONE');
#12=PRODUCT_RELATED_PRODUCT_CATEGORY('detail',' ',(#24));
#13=PRODUCT_DEFINITION_SHAPE('NONE','NONE',#25);
#14=ADVANCED_BREP_SHAPE_REPRESENTATION('1',(#26,#27),#6);
#15=GEOMETRICALLY_BOUNDED_SURFACE_SHAPE_REPRESENTATION('2',(#28,#29),#6);
#18=UNCERTAINTY_MEASURE_WITH_UNIT(LENGTH_MEASURE(1.0E-06),#20,'','');
#20= (CONVERSION_BASED_UNIT('MILLIMETRE',#32)LENGTH_UNIT()NAMED_UNIT(#35));
#21= (NAMED_UNIT(#37)PLANE_ANGLE_UNIT()SI_UNIT($,.RADIAN.));
#22= (NAMED_UNIT(#37)SOLID_ANGLE_UNIT()SI_UNIT($,.STERADIAN.));
#24=PRODUCT('1','','PART--DESC',(#43));
#25=PRODUCT_DEFINITION('','NONE',#44,#1);
#26=MANIFOLD_SOLID_BREP('1',#45);
#27=AXIS2_PLACEMENT_3D('',#46,#47,#48);
#28=GEOMETRIC_SET('2',(#49,#50,#51,#52,#53,#54,#55,#56,#57,#58,#59,#60,#61,#62,#63,#64,#65,#66,#67,#68,#69,#70,#71,#72));
#29=AXIS2_PLACEMENT_3D('',#73,#74,#75);
#32=LENGTH_MEASURE_WITH_UNIT(LENGTH_MEASURE(1.0),#76);
#35=DIMENSIONAL_EXPONENTS(1.0,0.0,0.0,0.0,0.0,0.0,0.0);
#37=DIMENSIONAL_EXPONENTS(0.0,0.0,0.0,0.0,0.0,0.0,0.0);
#43=PRODUCT_CONTEXT('',#10,'mechanical');
#44=PRODUCT_DEFINITION_FORMATION_WITH_SPECIFIED_SOURCE(' ','NONE',#24,.NOT_KNOWN.);
#45=CLOSED_SHELL('',(#77,#78,#79,#80,#81,#82,#83,#84,#85,#86,#87,#88,#89,#90,#91,#92,#93,#94,#95,#96,#97,#98,#99,#100,#101,#102,#103,#104,#105,#106,#107,#108,#109,#110,#111,#112,#113,#114,#115,#116,#117,#118,#119,#120,#121,#122,#123,#124,#125,#126,#127,#128,#129,#130,#131,#132,#133,#134,#135,#136,#137,#138,#139,#140,#141,#142,#143,#144,#145,#146,#147,#148,#149,#150,#151,#152,#153,#154,#155,#156,#157,#158,#159,#160,#161,#162,#163,#164,#165,#166,#167,#168,#169,#170,#171,#172,#173,#174,#175,#176,#177,#178,#179,#180,#181,#182,#183,#184,#185,#186,#187,#188,#189,#190,#191,#192,#193,#194,#195,#196,#197,#198,#199,#200,#201,#202,#203,#204,#205,#206,#207,#208,#209,#210,#211,#212,#213,#214,#215,#216,#217,#218,#219,#220,#221,#222,#223,#224,#225,#226,#227,#228,#229,#230,#231,#232,#233,#234,#235,#236,#237,#238,#239,#240,#241,#242,#243,#244,#245,#246,#247,#248,#249,#250,#251,#252,#253,#254,#255,#256,#257,#258,#259,#260,#261,#262,#263,#264,#265,#266,#267,#268,#269,#270,#271,#272,#273,#274,#275,#276,#277,#278,#279,#280,#281,#282,#283,#284,#285,#286,#287,#288,#289,#290,#291,#292,#293,#294,#295,#296,#297,#298,#299,#300,#301,#302,#303,#304,#305,#306,#307,#308,#309,#310,#311,#312,#313,#314,#315,#316,#317,#318,#319,#320,#321,#322,#323,#324,#325,#326,#327,#328,#329,#330,#331,#332,#333,#334,#335,#336,#337,#338,#339,#340,#341,#342,#343,#344,#345,#346,#347,#348,#349,#350,#351,#352,#353,#354,#355,#356,#357,#358,#359,#360,#361,#362,#363,#364,#365,#366,#367,#368,#369,#370,#371,#372,#373,#374,#375,#376,#377,#378,#379,#380,#381,#382,#383,#384,#385,#386,#387,#388,#389,#390,#391,#392,#393,#394,#395,#396,#397,#398,#399,#400,#401,#402,#403,#404,#405,#406,#407,#408,#409,#410,#411,#412,#413,#414,#415,#416,#417,#418,#419,#420,#421,#422,#423,#424,#425,#426,#427,#428,#429,#430,#431,#432,#433,#434,#435,#436,#437,#438,#439,#440,#441,#442,#443,#444,#445,#446,#447,#448,#449,#450,#451,#452,#453,#454,#455,#456,#457,#458,#459,#460,#461,#462,#463,#464,#465,#466,#467,#468,#469,#470,#471,#472,#473,#474,#475,#476,#477,#478,#479,#480,#481,#482,#483,#484,#485,#486,#487,#488,#489,#490,#491,#492,#493,#494,#495,#496,#497,#498,#499,#500,#501,#502,#503,#504,#505,#506,#507,#508,#509,#510,#511,#512,#513,#514,#515,#516,#517,#518,#519,#520,#521,#522,#523,#524,#525,#526,#527,#528,#529,#530,#531,#532,#533,#534,#535,#536,#537,#538,#539,#540,#541,#542,#543,#544,#545));
#46=CARTESIAN_POINT('',(0.0,0.0,0.0));
#47=DIRECTION('',(0.0,0.0,1.0));
#48=DIRECTION('',(1.0,0.0,0.0));
#49=COMPOSITE_CURVE('',(#546,#547),.U.);
#50=COMPOSITE_CURVE('',(#548,#549),.U.);
#51=COMPOSITE_CURVE('',(#550,#551),.U.);
#52=COMPOSITE_CURVE('',(#552,#553),.U.);
#53=COMPOSITE_CURVE('',(#554,#555),.U.);
#54=COMPOSITE_CURVE('',(#556,#557),.U.);
#55=COMPOSITE_CURVE('',(#558,#559),.U.);
#56=COMPOSITE_CURVE('',(#560,#561),.U.);
#57=COMPOSITE_CURVE('',(#562,#563),.U.);
#58=COMPOSITE_CURVE('',(#564,#565),.U.);
#59=COMPOSITE_CURVE('',(#566,#567),.U.);
#60=COMPOSITE_CURVE('',(#568,#569),.U.);
#61=COMPOSITE_CURVE('',(#570,#571),.U.);
#62=COMPOSITE_CURVE('',(#572,#573),.U.);
#63=COMPOSITE_CURVE('',(#574,#575),.U.);
#64=COMPOSITE_CURVE('',(#576,#577),.U.);
#65=COMPOSITE_CURVE('',(#578,#579),.U.);
#66=COMPOSITE_CURVE('',(#580,#581),.U.);
#67=COMPOSITE_CURVE('',(#582,#583),.U.);
#68=COMPOSITE_CURVE('',(#584,#585),.U.);
#69=COMPOSITE_CURVE('',(#586,#587),.U.);
#70=COMPOSITE_CURVE('',(#588,#589),.U.);
#71=COMPOSITE_CURVE('',(#590,#591),.U.);
#72=COMPOSITE_CURVE('',(#592),.U.);
#73=CARTESIAN_POINT('',(0.0,0.0,0.0));
#74=DIRECTION('',(0.0,0.0,1.0));
#75=DIRECTION('',(1.0,0.0,0.0));
#76= (NAMED_UNIT(#35)LENGTH_UNIT()SI_UNIT(.MILLI.,.METRE.));
#77=ADVANCED_FACE('',(#594),#595,.T.);
#78=ADVANCED_FACE('',(#596),#597,.T.);
#79=ADVANCED_FACE('',(#598,#599,#600,#601,#602,#603,#604,#605,#606,#607,#608,#609,#610,#611,#612,#613,#614,#615,#616,#617,#618,#619,#620,#621,#622,#623,#624,#625,#626,#627,#628,#629,#630,#631,#632,#633),#634,.F.);
#80=ADVANCED_FACE('',(#635),#636,.T.);
#81=ADVANCED_FACE('',(#637),#638,.T.);
#82=ADVANCED_FACE('',(#639),#640,.T.);
#83=ADVANCED_FACE('',(#641),#642,.T.);
#84=ADVANCED_FACE('',(#643),#644,.T.);
#85=ADVANCED_FACE('',(#645),#646,.T.);
#86=ADVANCED_FACE('',(#647),#648,.T.);
#87=ADVANCED_FACE('',(#649),#650,.T.);
#88=ADVANCED_FACE('',(#651),#652,.T.);
#89=ADVANCED_FACE('',(#653),#654,.T.);
#90=ADVANCED_FACE('',(#655),#656,.T.);
#91=ADVANCED_FACE('',(#657),#658,.T.);
#92=ADVANCED_FACE('',(#659),#660,.T.);
#93=ADVANCED_FACE('',(#661),#662,.T.);
#94=ADVANCED_FACE('',(#663),#664,.T.);
#95=ADVANCED_FACE('',(#665),#666,.T.);
#96=ADVANCED_FACE('',(#667),#668,.T.);
#97=ADVANCED_FACE('',(#669),#670,.T.);
#98=ADVANCED_FACE('',(#671),#672,.T.);
#99=ADVANCED_FACE('',(#673),#674,.T.);
#100=ADVANCED_FACE('',(#675),#676,.T.);
#101=ADVANCED_FACE('',(#677),#678,.T.);
#102=ADVANCED_FACE('',(#679),#680,.T.);
#103=ADVANCED_FACE('',(#681),#682,.T.);
#104=ADVANCED_FACE('',(#683),#684,.T.);
#105=ADVANCED_FACE('',(#685),#686,.T.);
#106=ADVANCED_FACE('',(#687),#688,.T.);
#107=ADVANCED_FACE('',(#689),#690,.F.);
#108=ADVANCED_FACE('',(#691),#692,.T.);
#109=ADVANCED_FACE('',(#693),#694,.T.);
#110=ADVANCED_FACE('',(#695),#696,.T.);
#111=ADVANCED_FACE('',(#697),#698,.T.);
#112=ADVANCED_FACE('',(#699),#700,.T.);
#113=ADVANCED_FACE('',(#701),#702,.T.);
#114=ADVANCED_FACE('',(#703),#704,.T.);
#115=ADVANCED_FACE('',(#705),#706,.T.);
#116=ADVANCED_FACE('',(#707),#708,.T.);
#117=ADVANCED_FACE('',(#709),#710,.T.);
#118=ADVANCED_FACE('',(#711),#712,.T.);
#119=ADVANCED_FACE('',(#713),#714,.T.);
#120=ADVANCED_FACE('',(#715),#716,.T.);
#121=ADVANCED_FACE('',(#717),#718,.T.);
#122=ADVANCED_FACE('',(#719),#720,.T.);
#123=ADVANCED_FACE('',(#721),#722,.T.);
#124=ADVANCED_FACE('',(#723),#724,.T.);
#125=ADVANCED_FACE('',(#725),#726,.T.);
#126=ADVANCED_FACE('',(#727),#728,.T.);
#127=ADVANCED_FACE('',(#729),#730,.T.);
#128=ADVANCED_FACE('',(#731),#732,.T.);
#129=ADVANCED_FACE('',(#733),#734,.T.);
#130=ADVANCED_FACE('',(#735,#736,#737,#738,#739,#740,#741,#742,#743,#744,#745,#746,#747,#748,#749),#750,.T.);
#131=ADVANCED_FACE('',(#751),#752,.F.);
#132=ADVANCED_FACE('',(#753),#754,.F.);
#133=ADVANCED_FACE('',(#755),#756,.F.);
#134=ADVANCED_FACE('',(#757),#758,.F.);
#135=ADVANCED_FACE('',(#759),#760,.F.);
#136=ADVANCED_FACE('',(#761),#762,.F.);
#137=ADVANCED_FACE('',(#763),#764,.F.);
#138=ADVANCED_FACE('',(#765),#766,.F.);
#139=ADVANCED_FACE('',(#767),#768,.F.);
#140=ADVANCED_FACE('',(#769),#770,.F.);
#141=ADVANCED_FACE('',(#771,#772),#773,.T.);
#142=ADVANCED_FACE('',(#774,#775),#776,.T.);
#143=ADVANCED_FACE('',(#777,#778),#779,.T.);
#144=ADVANCED_FACE('',(#780,#781),#782,.T.);
#145=ADVANCED_FACE('',(#783,#784,#785),#786,.T.);
#146=ADVANCED_FACE('',(#787,#788,#789),#790,.T.);
#147=ADVANCED_FACE('',(#791),#792,.F.);
#148=ADVANCED_FACE('',(#793),#794,.F.);
#149=ADVANCED_FACE('',(#795),#796,.T.);
#150=ADVANCED_FACE('',(#797),#798,.T.);
#151=ADVANCED_FACE('',(#799),#800,.T.);
#152=ADVANCED_FACE('',(#801),#802,.T.);
#153=ADVANCED_FACE('',(#803),#804,.T.);
#154=ADVANCED_FACE('',(#805),#806,.T.);
#155=ADVANCED_FACE('',(#807),#808,.T.);
#156=ADVANCED_FACE('',(#809),#810,.T.);
#157=ADVANCED_FACE('',(#811),#812,.F.);
#158=ADVANCED_FACE('',(#813),#814,.F.);
#159=ADVANCED_FACE('',(#815),#816,.F.);
#160=ADVANCED_FACE('',(#817),#818,.F.);
#161=ADVANCED_FACE('',(#819),#820,.F.);
#162=ADVANCED_FACE('',(#821),#822,.F.);
#163=ADVANCED_FACE('',(#823),#824,.F.);
#164=ADVANCED_FACE('',(#825),#826,.F.);
#165=ADVANCED_FACE('',(#827),#828,.F.);
#166=ADVANCED_FACE('',(#829),#830,.F.);
#167=ADVANCED_FACE('',(#831),#832,.F.);
#168=ADVANCED_FACE('',(#833),#834,.F.);
#169=ADVANCED_FACE('',(#835),#836,.T.);
#170=ADVANCED_FACE('',(#837),#838,.T.);
#171=ADVANCED_FACE('',(#839),#840,.T.);
#172=ADVANCED_FACE('',(#841),#842,.T.);
#173=ADVANCED_FACE('',(#843),#844,.T.);
#174=ADVANCED_FACE('',(#845),#846,.T.);
#175=ADVANCED_FACE('',(#847),#848,.T.);
#176=ADVANCED_FACE('',(#849),#850,.T.);
#177=ADVANCED_FACE('',(#851),#852,.F.);
#178=ADVANCED_FACE('',(#853),#854,.F.);
#179=ADVANCED_FACE('',(#855),#856,.F.);
#180=ADVANCED_FACE('',(#857),#858,.F.);
#181=ADVANCED_FACE('',(#859),#860,.F.);
#182=ADVANCED_FACE('',(#861),#862,.F.);
#183=ADVANCED_FACE('',(#863),#864,.F.);
#184=ADVANCED_FACE('',(#865),#866,.F.);
#185=ADVANCED_FACE('',(#867),#868,.F.);
#186=ADVANCED_FACE('',(#869),#870,.F.);
#187=ADVANCED_FACE('',(#871),#872,.F.);
#188=ADVANCED_FACE('',(#873),#874,.F.);
#189=ADVANCED_FACE('',(#875),#876,.F.);
#190=ADVANCED_FACE('',(#877),#878,.F.);
#191=ADVANCED_FACE('',(#879),#880,.F.);
#192=ADVANCED_FACE('',(#881),#882,.F.);
#193=ADVANCED_FACE('',(#883),#884,.F.);
#194=ADVANCED_FACE('',(#885),#886,.F.);
#195=ADVANCED_FACE('',(#887),#888,.F.);
#196=ADVANCED_FACE('',(#889),#890,.F.);
#197=ADVANCED_FACE('',(#891),#892,.F.);
#198=ADVANCED_FACE('',(#893),#894,.F.);
#199=ADVANCED_FACE('',(#895),#896,.T.);
#200=ADVANCED_FACE('',(#897),#898,.T.);
#201=ADVANCED_FACE('',(#899),#900,.T.);
#202=ADVANCED_FACE('',(#901),#902,.T.);
#203=ADVANCED_FACE('',(#903),#904,.T.);
#204=ADVANCED_FACE('',(#905),#906,.T.);
#205=ADVANCED_FACE('',(#907),#908,.T.);
#206=ADVANCED_FACE('',(#909),#910,.T.);
#207=ADVANCED_FACE('',(#911),#912,.F.);
#208=ADVANCED_FACE('',(#913),#914,.F.);
#209=ADVANCED_FACE('',(#915),#916,.T.);
#210=ADVANCED_FACE('',(#917),#918,.T.);
#211=ADVANCED_FACE('',(#919),#920,.T.);
#212=ADVANCED_FACE('',(#921),#922,.T.);
#213=ADVANCED_FACE('',(#923),#924,.T.);
#214=ADVANCED_FACE('',(#925),#926,.T.);
#215=ADVANCED_FACE('',(#927),#928,.T.);
#216=ADVANCED_FACE('',(#929),#930,.T.);
#217=ADVANCED_FACE('',(#931),#932,.F.);
#218=ADVANCED_FACE('',(#933),#934,.F.);
#219=ADVANCED_FACE('',(#935),#936,.F.);
#220=ADVANCED_FACE('',(#937),#938,.F.);
#221=ADVANCED_FACE('',(#939),#940,.F.);
#222=ADVANCED_FACE('',(#941),#942,.F.);
#223=ADVANCED_FACE('',(#943),#944,.F.);
#224=ADVANCED_FACE('',(#945),#946,.F.);
#225=ADVANCED_FACE('',(#947),#948,.F.);
#226=ADVANCED_FACE('',(#949),#950,.F.);
#227=ADVANCED_FACE('',(#951),#952,.F.);
#228=ADVANCED_FACE('',(#953),#954,.F.);
#229=ADVANCED_FACE('',(#955),#956,.F.);
#230=ADVANCED_FACE('',(#957),#958,.F.);
#231=ADVANCED_FACE('',(#959),#960,.F.);
#232=ADVANCED_FACE('',(#961),#962,.F.);
#233=ADVANCED_FACE('',(#963),#964,.F.);
#234=ADVANCED_FACE('',(#965),#966,.F.);
#235=ADVANCED_FACE('',(#967),#968,.F.);
#236=ADVANCED_FACE('',(#969),#970,.T.);
#237=ADVANCED_FACE('',(#971),#972,.F.);
#238=ADVANCED_FACE('',(#973),#974,.F.);
#239=ADVANCED_FACE('',(#975),#976,.F.);
#240=ADVANCED_FACE('',(#977),#978,.F.);
#241=ADVANCED_FACE('',(#979),#980,.F.);
#242=ADVANCED_FACE('',(#981),#982,.F.);
#243=ADVANCED_FACE('',(#983),#984,.F.);
#244=ADVANCED_FACE('',(#985),#986,.F.);
#245=ADVANCED_FACE('',(#987),#988,.T.);
#246=ADVANCED_FACE('',(#989),#990,.F.);
#247=ADVANCED_FACE('',(#991),#992,.F.);
#248=ADVANCED_FACE('',(#993),#994,.F.);
#249=ADVANCED_FACE('',(#995),#996,.F.);
#250=ADVANCED_FACE('',(#997),#998,.F.);
#251=ADVANCED_FACE('',(#999),#1000,.F.);
#252=ADVANCED_FACE('',(#1001),#1002,.F.);
#253=ADVANCED_FACE('',(#1003),#1004,.F.);
#254=ADVANCED_FACE('',(#1005),#1006,.F.);
#255=ADVANCED_FACE('',(#1007),#1008,.F.);
#256=ADVANCED_FACE('',(#1009),#1010,.F.);
#257=ADVANCED_FACE('',(#1011),#1012,.F.);
#258=ADVANCED_FACE('',(#1013),#1014,.F.);
#259=ADVANCED_FACE('',(#1015),#1016,.F.);
#260=ADVANCED_FACE('',(#1017),#1018,.F.);
#261=ADVANCED_FACE('',(#1019),#1020,.F.);
#262=ADVANCED_FACE('',(#1021),#1022,.F.);
#263=ADVANCED_FACE('',(#1023),#1024,.F.);
#264=ADVANCED_FACE('',(#1025),#1026,.F.);
#265=ADVANCED_FACE('',(#1027,#1028),#1029,.T.);
#266=ADVANCED_FACE('',(#1030,#1031),#1032,.T.);
#267=ADVANCED_FACE('',(#1033),#1034,.F.);
#268=ADVANCED_FACE('',(#1035),#1036,.F.);
#269=ADVANCED_FACE('',(#1037),#1038,.F.);
#270=ADVANCED_FACE('',(#1039),#1040,.F.);
#271=ADVANCED_FACE('',(#1041),#1042,.F.);
#272=ADVANCED_FACE('',(#1043),#1044,.F.);
#273=ADVANCED_FACE('',(#1045),#1046,.F.);
#274=ADVANCED_FACE('',(#1047),#1048,.F.);
#275=ADVANCED_FACE('',(#1049),#1050,.F.);
#276=ADVANCED_FACE('',(#1051),#1052,.F.);
#277=ADVANCED_FACE('',(#1053),#1054,.F.);
#278=ADVANCED_FACE('',(#1055),#1056,.F.);
#279=ADVANCED_FACE('',(#1057),#1058,.T.);
#280=ADVANCED_FACE('',(#1059),#1060,.T.);
#281=ADVANCED_FACE('',(#1061),#1062,.T.);
#282=ADVANCED_FACE('',(#1063),#1064,.T.);
#283=ADVANCED_FACE('',(#1065),#1066,.T.);
#284=ADVANCED_FACE('',(#1067),#1068,.T.);
#285=ADVANCED_FACE('',(#1069),#1070,.T.);
#286=ADVANCED_FACE('',(#1071),#1072,.T.);
#287=ADVANCED_FACE('',(#1073),#1074,.F.);
#288=ADVANCED_FACE('',(#1075),#1076,.F.);
#289=ADVANCED_FACE('',(#1077),#1078,.F.);
#290=ADVANCED_FACE('',(#1079),#1080,.F.);
#291=ADVANCED_FACE('',(#1081),#1082,.F.);
#292=ADVANCED_FACE('',(#1083),#1084,.F.);
#293=ADVANCED_FACE('',(#1085),#1086,.F.);
#294=ADVANCED_FACE('',(#1087),#1088,.T.);
#295=ADVANCED_FACE('',(#1089),#1090,.F.);
#296=ADVANCED_FACE('',(#1091),#1092,.F.);
#297=ADVANCED_FACE('',(#1093),#1094,.F.);
#298=ADVANCED_FACE('',(#1095),#1096,.F.);
#299=ADVANCED_FACE('',(#1097),#1098,.T.);
#300=ADVANCED_FACE('',(#1099),#1100,.T.);
#301=ADVANCED_FACE('',(#1101),#1102,.T.);
#302=ADVANCED_FACE('',(#1103),#1104,.T.);
#303=ADVANCED_FACE('',(#1105),#1106,.T.);
#304=ADVANCED_FACE('',(#1107),#1108,.T.);
#305=ADVANCED_FACE('',(#1109),#1110,.T.);
#306=ADVANCED_FACE('',(#1111),#1112,.T.);
#307=ADVANCED_FACE('',(#1113),#1114,.T.);
#308=ADVANCED_FACE('',(#1115),#1116,.T.);
#309=ADVANCED_FACE('',(#1117),#1118,.T.);
#310=ADVANCED_FACE('',(#1119),#1120,.T.);
#311=ADVANCED_FACE('',(#1121),#1122,.T.);
#312=ADVANCED_FACE('',(#1123),#1124,.T.);
#313=ADVANCED_FACE('',(#1125),#1126,.T.);
#314=ADVANCED_FACE('',(#1127),#1128,.T.);
#315=ADVANCED_FACE('',(#1129),#1130,.T.);
#316=ADVANCED_FACE('',(#1131),#1132,.F.);
#317=ADVANCED_FACE('',(#1133),#1134,.F.);
#318=ADVANCED_FACE('',(#1135),#1136,.F.);
#319=ADVANCED_FACE('',(#1137),#1138,.F.);
#320=ADVANCED_FACE('',(#1139),#1140,.F.);
#321=ADVANCED_FACE('',(#1141),#1142,.F.);
#322=ADVANCED_FACE('',(#1143),#1144,.F.);
#323=ADVANCED_FACE('',(#1145),#1146,.F.);
#324=ADVANCED_FACE('',(#1147),#1148,.F.);
#325=ADVANCED_FACE('',(#1149),#1150,.F.);
#326=ADVANCED_FACE('',(#1151),#1152,.F.);
#327=ADVANCED_FACE('',(#1153),#1154,.F.);
#328=ADVANCED_FACE('',(#1155),#1156,.F.);
#329=ADVANCED_FACE('',(#1157),#1158,.F.);
#330=ADVANCED_FACE('',(#1159),#1160,.F.);
#331=ADVANCED_FACE('',(#1161),#1162,.T.);
#332=ADVANCED_FACE('',(#1163),#1164,.F.);
#333=ADVANCED_FACE('',(#1165),#1166,.F.);
#334=ADVANCED_FACE('',(#1167),#1168,.F.);
#335=ADVANCED_FACE('',(#1169),#1170,.F.);
#336=ADVANCED_FACE('',(#1171),#1172,.F.);
#337=ADVANCED_FACE('',(#1173),#1174,.F.);
#338=ADVANCED_FACE('',(#1175),#1176,.F.);
#339=ADVANCED_FACE('',(#1177),#1178,.F.);
#340=ADVANCED_FACE('',(#1179),#1180,.T.);
#341=ADVANCED_FACE('',(#1181),#1182,.F.);
#342=ADVANCED_FACE('',(#1183),#1184,.F.);
#343=ADVANCED_FACE('',(#1185),#1186,.F.);
#344=ADVANCED_FACE('',(#1187),#1188,.F.);
#345=ADVANCED_FACE('',(#1189),#1190,.F.);
#346=ADVANCED_FACE('',(#1191),#1192,.F.);
#347=ADVANCED_FACE('',(#1193),#1194,.F.);
#348=ADVANCED_FACE('',(#1195),#1196,.F.);
#349=ADVANCED_FACE('',(#1197),#1198,.F.);
#350=ADVANCED_FACE('',(#1199),#1200,.T.);
#351=ADVANCED_FACE('',(#1201),#1202,.T.);
#352=ADVANCED_FACE('',(#1203),#1204,.F.);
#353=ADVANCED_FACE('',(#1205),#1206,.F.);
#354=ADVANCED_FACE('',(#1207),#1208,.F.);
#355=ADVANCED_FACE('',(#1209),#1210,.F.);
#356=ADVANCED_FACE('',(#1211),#1212,.F.);
#357=ADVANCED_FACE('',(#1213),#1214,.F.);
#358=ADVANCED_FACE('',(#1215),#1216,.F.);
#359=ADVANCED_FACE('',(#1217),#1218,.F.);
#360=ADVANCED_FACE('',(#1219),#1220,.F.);
#361=ADVANCED_FACE('',(#1221),#1222,.T.);
#362=ADVANCED_FACE('',(#1223),#1224,.F.);
#363=ADVANCED_FACE('',(#1225),#1226,.T.);
#364=ADVANCED_FACE('',(#1227),#1228,.T.);
#365=ADVANCED_FACE('',(#1229),#1230,.T.);
#366=ADVANCED_FACE('',(#1231),#1232,.T.);
#367=ADVANCED_FACE('',(#1233),#1234,.T.);
#368=ADVANCED_FACE('',(#1235),#1236,.T.);
#369=ADVANCED_FACE('',(#1237),#1238,.T.);
#370=ADVANCED_FACE('',(#1239),#1240,.T.);
#371=ADVANCED_FACE('',(#1241),#1242,.F.);
#372=ADVANCED_FACE('',(#1243),#1244,.F.);
#373=ADVANCED_FACE('',(#1245),#1246,.T.);
#374=ADVANCED_FACE('',(#1247),#1248,.T.);
#375=ADVANCED_FACE('',(#1249),#1250,.T.);
#376=ADVANCED_FACE('',(#1251),#1252,.T.);
#377=ADVANCED_FACE('',(#1253),#1254,.T.);
#378=ADVANCED_FACE('',(#1255),#1256,.T.);
#379=ADVANCED_FACE('',(#1257),#1258,.T.);
#380=ADVANCED_FACE('',(#1259),#1260,.T.);
#381=ADVANCED_FACE('',(#1261),#1262,.T.);
#382=ADVANCED_FACE('',(#1263),#1264,.T.);
#383=ADVANCED_FACE('',(#1265),#1266,.T.);
#384=ADVANCED_FACE('',(#1267),#1268,.F.);
#385=ADVANCED_FACE('',(#1269),#1270,.F.);
#386=ADVANCED_FACE('',(#1271),#1272,.F.);
#387=ADVANCED_FACE('',(#1273),#1274,.F.);
#388=ADVANCED_FACE('',(#1275),#1276,.F.);
#389=ADVANCED_FACE('',(#1277),#1278,.F.);
#390=ADVANCED_FACE('',(#1279),#1280,.F.);
#391=ADVANCED_FACE('',(#1281),#1282,.F.);
#392=ADVANCED_FACE('',(#1283),#1284,.F.);
#393=ADVANCED_FACE('',(#1285),#1286,.F.);
#394=ADVANCED_FACE('',(#1287),#1288,.F.);
#395=ADVANCED_FACE('',(#1289),#1290,.F.);
#396=ADVANCED_FACE('',(#1291),#1292,.T.);
#397=ADVANCED_FACE('',(#1293),#1294,.T.);
#398=ADVANCED_FACE('',(#1295),#1296,.T.);
#399=ADVANCED_FACE('',(#1297),#1298,.T.);
#400=ADVANCED_FACE('',(#1299),#1300,.T.);
#401=ADVANCED_FACE('',(#1301),#1302,.T.);
#402=ADVANCED_FACE('',(#1303),#1304,.T.);
#403=ADVANCED_FACE('',(#1305),#1306,.T.);
#404=ADVANCED_FACE('',(#1307),#1308,.T.);
#405=ADVANCED_FACE('',(#1309),#1310,.T.);
#406=ADVANCED_FACE('',(#1311),#1312,.T.);
#407=ADVANCED_FACE('',(#1313),#1314,.T.);
#408=ADVANCED_FACE('',(#1315),#1316,.T.);
#409=ADVANCED_FACE('',(#1317),#1318,.T.);
#410=ADVANCED_FACE('',(#1319),#1320,.T.);
#411=ADVANCED_FACE('',(#1321),#1322,.T.);
#412=ADVANCED_FACE('',(#1323),#1324,.T.);
#413=ADVANCED_FACE('',(#1325),#1326,.T.);
#414=ADVANCED_FACE('',(#1327),#1328,.T.);
#415=ADVANCED_FACE('',(#1329),#1330,.T.);
#416=ADVANCED_FACE('',(#1331),#1332,.T.);
#417=ADVANCED_FACE('',(#1333),#1334,.T.);
#418=ADVANCED_FACE('',(#1335),#1336,.T.);
#419=ADVANCED_FACE('',(#1337),#1338,.T.);
#420=ADVANCED_FACE('',(#1339),#1340,.T.);
#421=ADVANCED_FACE('',(#1341),#1342,.T.);
#422=ADVANCED_FACE('',(#1343),#1344,.T.);
#423=ADVANCED_FACE('',(#1345),#1346,.T.);
#424=ADVANCED_FACE('',(#1347),#1348,.T.);
#425=ADVANCED_FACE('',(#1349),#1350,.T.);
#426=ADVANCED_FACE('',(#1351),#1352,.T.);
#427=ADVANCED_FACE('',(#1353),#1354,.T.);
#428=ADVANCED_FACE('',(#1355),#1356,.T.);
#429=ADVANCED_FACE('',(#1357),#1358,.T.);
#430=ADVANCED_FACE('',(#1359),#1360,.T.);
#431=ADVANCED_FACE('',(#1361),#1362,.T.);
#432=ADVANCED_FACE('',(#1363),#1364,.T.);
#433=ADVANCED_FACE('',(#1365),#1366,.T.);
#434=ADVANCED_FACE('',(#1367),#1368,.T.);
#435=ADVANCED_FACE('',(#1369),#1370,.T.);
#436=ADVANCED_FACE('',(#1371),#1372,.T.);
#437=ADVANCED_FACE('',(#1373),#1374,.T.);
#438=ADVANCED_FACE('',(#1375),#1376,.T.);
#439=ADVANCED_FACE('',(#1377),#1378,.T.);
#440=ADVANCED_FACE('',(#1379),#1380,.T.);
#441=ADVANCED_FACE('',(#1381),#1382,.T.);
#442=ADVANCED_FACE('',(#1383),#1384,.T.);
#443=ADVANCED_FACE('',(#1385),#1386,.T.);
#444=ADVANCED_FACE('',(#1387),#1388,.T.);
#445=ADVANCED_FACE('',(#1389),#1390,.T.);
#446=ADVANCED_FACE('',(#1391),#1392,.T.);
#447=ADVANCED_FACE('',(#1393),#1394,.T.);
#448=ADVANCED_FACE('',(#1395),#1396,.T.);
#449=ADVANCED_FACE('',(#1397),#1398,.T.);
#450=ADVANCED_FACE('',(#1399),#1400,.T.);
#451=ADVANCED_FACE('',(#1401),#1402,.T.);
#452=ADVANCED_FACE('',(#1403),#1404,.T.);
#453=ADVANCED_FACE('',(#1405),#1406,.T.);
#454=ADVANCED_FACE('',(#1407),#1408,.T.);
#455=ADVANCED_FACE('',(#1409),#1410,.T.);
#456=ADVANCED_FACE('',(#1411),#1412,.T.);
#457=ADVANCED_FACE('',(#1413),#1414,.T.);
#458=ADVANCED_FACE('',(#1415),#1416,.T.);
#459=ADVANCED_FACE('',(#1417),#1418,.T.);
#460=ADVANCED_FACE('',(#1419),#1420,.T.);
#461=ADVANCED_FACE('',(#1421),#1422,.T.);
#462=ADVANCED_FACE('',(#1423),#1424,.T.);
#463=ADVANCED_FACE('',(#1425),#1426,.T.);
#464=ADVANCED_FACE('',(#1427),#1428,.T.);
#465=ADVANCED_FACE('',(#1429),#1430,.T.);
#466=ADVANCED_FACE('',(#1431),#1432,.T.);
#467=ADVANCED_FACE('',(#1433),#1434,.T.);
#468=ADVANCED_FACE('',(#1435),#1436,.T.);
#469=ADVANCED_FACE('',(#1437),#1438,.T.);
#470=ADVANCED_FACE('',(#1439),#1440,.T.);
#471=ADVANCED_FACE('',(#1441),#1442,.T.);
#472=ADVANCED_FACE('',(#1443),#1444,.T.);
#473=ADVANCED_FACE('',(#1445),#1446,.T.);
#474=ADVANCED_FACE('',(#1447),#1448,.T.);
#475=ADVANCED_FACE('',(#1449),#1450,.T.);
#476=ADVANCED_FACE('',(#1451),#1452,.T.);
#477=ADVANCED_FACE('',(#1453),#1454,.T.);
#478=ADVANCED_FACE('',(#1455),#1456,.T.);
#479=ADVANCED_FACE('',(#1457),#1458,.T.);
#480=ADVANCED_FACE('',(#1459),#1460,.T.);
#481=ADVANCED_FACE('',(#1461),#1462,.T.);
#482=ADVANCED_FACE('',(#1463),#1464,.T.);
#483=ADVANCED_FACE('',(#1465),#1466,.T.);
#484=ADVANCED_FACE('',(#1467),#1468,.T.);
#485=ADVANCED_FACE('',(#1469),#1470,.T.);
#486=ADVANCED_FACE('',(#1471),#1472,.T.);
#487=ADVANCED_FACE('',(#1473),#1474,.T.);
#488=ADVANCED_FACE('',(#1475),#1476,.T.);
#489=ADVANCED_FACE('',(#1477),#1478,.T.);
#490=ADVANCED_FACE('',(#1479),#1480,.T.);
#491=ADVANCED_FACE('',(#1481),#1482,.T.);
#492=ADVANCED_FACE('',(#1483),#1484,.T.);
#493=ADVANCED_FACE('',(#1485),#1486,.T.);
#494=ADVANCED_FACE('',(#1487),#1488,.T.);
#495=ADVANCED_FACE('',(#1489),#1490,.T.);
#496=ADVANCED_FACE('',(#1491),#1492,.T.);
#497=ADVANCED_FACE('',(#1493),#1494,.T.);
#498=ADVANCED_FACE('',(#1495),#1496,.T.);
#499=ADVANCED_FACE('',(#1497),#1498,.T.);
#500=ADVANCED_FACE('',(#1499),#1500,.T.);
#501=ADVANCED_FACE('',(#1501),#1502,.T.);
#502=ADVANCED_FACE('',(#1503),#1504,.T.);
#503=ADVANCED_FACE('',(#1505),#1506,.T.);
#504=ADVANCED_FACE('',(#1507),#1508,.T.);
#505=ADVANCED_FACE('',(#1509),#1510,.T.);
#506=ADVANCED_FACE('',(#1511),#1512,.T.);
#507=ADVANCED_FACE('',(#1513),#1514,.T.);
#508=ADVANCED_FACE('',(#1515),#1516,.T.);
#509=ADVANCED_FACE('',(#1517),#1518,.T.);
#510=ADVANCED_FACE('',(#1519),#1520,.T.);
#511=ADVANCED_FACE('',(#1521),#1522,.T.);
#512=ADVANCED_FACE('',(#1523),#1524,.T.);
#513=ADVANCED_FACE('',(#1525),#1526,.T.);
#514=ADVANCED_FACE('',(#1527),#1528,.T.);
#515=ADVANCED_FACE('',(#1529),#1530,.T.);
#516=ADVANCED_FACE('',(#1531),#1532,.T.);
#517=ADVANCED_FACE('',(#1533),#1534,.T.);
#518=ADVANCED_FACE('',(#1535),#1536,.T.);
#519=ADVANCED_FACE('',(#1537),#1538,.T.);
#520=ADVANCED_FACE('',(#1539),#1540,.T.);
#521=ADVANCED_FACE('',(#1541),#1542,.T.);
#522=ADVANCED_FACE('',(#1543),#1544,.T.);
#523=ADVANCED_FACE('',(#1545),#1546,.T.);
#524=ADVANCED_FACE('',(#1547),#1548,.T.);
#525=ADVANCED_FACE('',(#1549),#1550,.T.);
#526=ADVANCED_FACE('',(#1551),#1552,.T.);
#527=ADVANCED_FACE('',(#1553),#1554,.T.);
#528=ADVANCED_FACE('',(#1555),#1556,.T.);
#529=ADVANCED_FACE('',(#1557),#1558,.T.);
#530=ADVANCED_FACE('',(#1559),#1560,.T.);
#531=ADVANCED_FACE('',(#1561),#1562,.T.);
#532=ADVANCED_FACE('',(#1563),#1564,.T.);
#533=ADVANCED_FACE('',(#1565),#1566,.T.);
#534=ADVANCED_FACE('',(#1567),#1568,.T.);
#535=ADVANCED_FACE('',(#1569),#1570,.T.);
#536=ADVANCED_FACE('',(#1571),#1572,.T.);
#537=ADVANCED_FACE('',(#1573),#1574,.T.);
#538=ADVANCED_FACE('',(#1575),#1576,.T.);
#539=ADVANCED_FACE('',(#1577),#1578,.T.);
#540=ADVANCED_FACE('',(#1579),#1580,.T.);
#541=ADVANCED_FACE('',(#1581),#1582,.T.);
#542=ADVANCED_FACE('',(#1583),#1584,.T.);
#543=ADVANCED_FACE('',(#1585),#1586,.T.);
#544=ADVANCED_FACE('',(#1587),#1588,.T.);
#545=ADVANCED_FACE('',(#1589),#1590,.T.);
#546=COMPOSITE_CURVE_SEGMENT(.CONTINUOUS.,.T.,#1591);
#547=COMPOSITE_CURVE_SEGMENT(.CONTINUOUS.,.T.,#1592);
#548=COMPOSITE_CURVE_SEGMENT(.CONTINUOUS.,.T.,#1593);
#549=COMPOSITE_CURVE_SEGMENT(.CONTINUOUS.,.T.,#1594);
#550=COMPOSITE_CURVE_SEGMENT(.CONTINUOUS.,.T.,#1595);
#551=COMPOSITE_CURVE_SEGMENT(.CONTINUOUS.,.T.,#1596);
#552=COMPOSITE_CURVE_SEGMENT(.CONTINUOUS.,.T.,#1597);
#553=COMPOSITE_CURVE_SEGMENT(.CONTINUOUS.,.T.,#1598);
#554=COMPOSITE_CURVE_SEGMENT(.CONTINUOUS.,.T.,#1599);
#555=COMPOSITE_CURVE_SEGMENT(.CONTINUOUS.,.T.,#1600);
#556=COMPOSITE_CURVE_SEGMENT(.CONTINUOUS.,.T.,#1601);
#557=COMPOSITE_CURVE_SEGMENT(.CONTINUOUS.,.T.,#1602);
#558=COMPOSITE_CURVE_SEGMENT(.CONTINUOUS.,.T.,#1603);
#559=COMPOSITE_CURVE_SEGMENT(.CONTINUOUS.,.T.,#1604);
#560=COMPOSITE_CURVE_SEGMENT(.CONTINUOUS.,.T.,#1605);
#561=COMPOSITE_CURVE_SEGMENT(.CONTINUOUS.,.T.,#1606);
#562=COMPOSITE_CURVE_SEGMENT(.CONTINUOUS.,.T.,#1607);
#563=COMPOSITE_CURVE_SEGMENT(.CONTINUOUS.,.T.,#1608);
#564=COMPOSITE_CURVE_SEGMENT(.CONTINUOUS.,.T.,#1609);
#565=COMPOSITE_CURVE_SEGMENT(.CONTINUOUS.,.T.,#1610);
#566=COMPOSITE_CURVE_SEGMENT(.CONTINUOUS.,.T.,#1611);
#567=COMPOSITE_CURVE_SEGMENT(.CONTINUOUS.,.T.,#1612);
#568=COMPOSITE_CURVE_SEGMENT(.CONTINUOUS.,.T.,#1613);
#569=COMPOSITE_CURVE_SEGMENT(.CONTINUOUS.,.T.,#1614);
#570=COMPOSITE_CURVE_SEGMENT(.CONTINUOUS.,.T.,#1615);
#571=COMPOSITE_CURVE_SEGMENT(.CONTINUOUS.,.T.,#1616);
#572=COMPOSITE_CURVE_SEGMENT(.CONTINUOUS.,.T.,#1617);
#573=COMPOSITE_CURVE_SEGMENT(.CONTINUOUS.,.T.,#1618);
#574=COMPOSITE_CURVE_SEGMENT(.CONTINUOUS.,.T.,#1619);
#575=COMPOSITE_CURVE_SEGMENT(.CONTINUOUS.,.T.,#1620);
#576=COMPOSITE_CURVE_SEGMENT(.CONTINUOUS.,.T.,#1621);
#577=COMPOSITE_CURVE_SEGMENT(.CONTINUOUS.,.T.,#1622);
#578=COMPOSITE_CURVE_SEGMENT(.CONTINUOUS.,.T.,#1623);
#579=COMPOSITE_CURVE_SEGMENT(.CONTINUOUS.,.T.,#1624);
#580=COMPOSITE_CURVE_SEGMENT(.CONTINUOUS.,.T.,#1625);
#581=COMPOSITE_CURVE_SEGMENT(.CONTINUOUS.,.T.,#1626);
#582=COMPOSITE_CURVE_SEGMENT(.CONTINUOUS.,.T.,#1627);
#583=COMPOSITE_CURVE_SEGMENT(.CONTINUOUS.,.T.,#1628);
#584=COMPOSITE_CURVE_SEGMENT(.CONTINUOUS.,.T.,#1629);
#585=COMPOSITE_CURVE_SEGMENT(.CONTINUOUS.,.T.,#1630);
#586=COMPOSITE_CURVE_SEGMENT(.CONTINUOUS.,.T.,#1631);
#587=COMPOSITE_CURVE_SEGMENT(.CONTINUOUS.,.T.,#1632);
#588=COMPOSITE_CURVE_SEGMENT(.CONTINUOUS.,.T.,#1633);
#589=COMPOSITE_CURVE_SEGMENT(.CONTINUOUS.,.T.,#1634);
#590=COMPOSITE_CURVE_SEGMENT(.CONTINUOUS.,.T.,#1635);
#591=COMPOSITE_CURVE_SEGMENT(.CONTINUOUS.,.T.,#1636);
#592=COMPOSITE_CURVE_SEGMENT(.CONTINUOUS.,.T.,#1637);
#594=FACE_OUTER_BOUND('',#1638,.T.);
#595=CONICAL_SURFACE('',#1639,1.125000045026,0.785398126090189);
#596=FACE_OUTER_BOUND('',#1640,.T.);
#597=CONICAL_SURFACE('',#1641,1.125000045026,0.785398126090189);
#598=FACE_OUTER_BOUND('',#1642,.T.);
#599=FACE_BOUND('',#1643,.T.);
#600=FACE_BOUND('',#1644,.T.);
#601=FACE_BOUND('',#1645,.T.);
#602=FACE_BOUND('',#1646,.T.);
#603=FACE_BOUND('',#1647,.T.);
#604=FACE_BOUND('',#1648,.T.);
#605=FACE_BOUND('',#1649,.T.);
#606=FACE_BOUND('',#1650,.T.);
#607=FACE_BOUND('',#1651,.T.);
#608=FACE_BOUND('',#1652,.T.);
#609=FACE_BOUND('',#1653,.T.);
#610=FACE_BOUND('',#1654,.T.);
#611=FACE_BOUND('',#1655,.T.);
#612=FACE_BOUND('',#1656,.T.);
#613=FACE_BOUND('',#1657,.T.);
#614=FACE_BOUND('',#1658,.T.);
#615=FACE_BOUND('',#1659,.T.);
#616=FACE_BOUND('',#1660,.T.);
#617=FACE_BOUND('',#1661,.T.);
#618=FACE_BOUND('',#1662,.T.);
#619=FACE_BOUND('',#1663,.T.);
#620=FACE_BOUND('',#1664,.T.);
#621=FACE_BOUND('',#1665,.T.);
#622=FACE_BOUND('',#1666,.T.);
#623=FACE_BOUND('',#1667,.T.);
#624=FACE_BOUND('',#1668,.T.);
#625=FACE_BOUND('',#1669,.T.);
#626=FACE_BOUND('',#1670,.T.);
#627=FACE_BOUND('',#1671,.T.);
#628=FACE_BOUND('',#1672,.T.);
#629=FACE_BOUND('',#1673,.T.);
#630=FACE_BOUND('',#1674,.T.);
#631=FACE_BOUND('',#1675,.T.);
#632=FACE_BOUND('',#1676,.T.);
#633=FACE_BOUND('',#1677,.T.);
#634=PLANE('',#1678);
#635=FACE_OUTER_BOUND('',#1679,.T.);
#636=PLANE('',#1680);
#637=FACE_OUTER_BOUND('',#1681,.T.);
#638=PLANE('',#1682);
#639=FACE_OUTER_BOUND('',#1683,.T.);
#640=PLANE('',#1684);
#641=FACE_OUTER_BOUND('',#1685,.T.);
#642=PLANE('',#1686);
#643=FACE_OUTER_BOUND('',#1687,.T.);
#644=PLANE('',#1688);
#645=FACE_OUTER_BOUND('',#1689,.T.);
#646=PLANE('',#1690);
#647=FACE_OUTER_BOUND('',#1691,.T.);
#648=PLANE('',#1692);
#649=FACE_OUTER_BOUND('',#1693,.T.);
#650=PLANE('',#1694);
#651=FACE_OUTER_BOUND('',#1695,.T.);
#652=PLANE('',#1696);
#653=FACE_OUTER_BOUND('',#1697,.T.);
#654=PLANE('',#1698);
#655=FACE_OUTER_BOUND('',#1699,.T.);
#656=PLANE('',#1700);
#657=FACE_OUTER_BOUND('',#1701,.T.);
#658=PLANE('',#1702);
#659=FACE_OUTER_BOUND('',#1703,.T.);
#660=PLANE('',#1704);
#661=FACE_OUTER_BOUND('',#1705,.T.);
#662=PLANE('',#1706);
#663=FACE_OUTER_BOUND('',#1707,.T.);
#664=PLANE('',#1708);
#665=FACE_OUTER_BOUND('',#1709,.T.);
#666=PLANE('',#1710);
#667=FACE_OUTER_BOUND('',#1711,.T.);
#668=PLANE('',#1712);
#669=FACE_OUTER_BOUND('',#1713,.T.);
#670=PLANE('',#1714);
#671=FACE_OUTER_BOUND('',#1715,.T.);
#672=PLANE('',#1716);
#673=FACE_OUTER_BOUND('',#1717,.T.);
#674=PLANE('',#1718);
#675=FACE_OUTER_BOUND('',#1719,.T.);
#676=PLANE('',#1720);
#677=FACE_OUTER_BOUND('',#1721,.T.);
#678=PLANE('',#1722);
#679=FACE_OUTER_BOUND('',#1723,.T.);
#680=PLANE('',#1724);
#681=FACE_OUTER_BOUND('',#1725,.T.);
#682=PLANE('',#1726);
#683=FACE_OUTER_BOUND('',#1727,.T.);
#684=PLANE('',#1728);
#685=FACE_OUTER_BOUND('',#1729,.T.);
#686=PLANE('',#1730);
#687=FACE_OUTER_BOUND('',#1731,.T.);
#688=PLANE('',#1732);
#689=FACE_OUTER_BOUND('',#1733,.T.);
#690=PLANE('',#1734);
#691=FACE_OUTER_BOUND('',#1735,.T.);
#692=PLANE('',#1736);
#693=FACE_OUTER_BOUND('',#1737,.T.);
#694=PLANE('',#1738);
#695=FACE_OUTER_BOUND('',#1739,.T.);
#696=PLANE('',#1740);
#697=FACE_OUTER_BOUND('',#1741,.T.);
#698=PLANE('',#1742);
#699=FACE_OUTER_BOUND('',#1743,.T.);
#700=PLANE('',#1744);
#701=FACE_OUTER_BOUND('',#1745,.T.);
#702=PLANE('',#1746);
#703=FACE_OUTER_BOUND('',#1747,.T.);
#704=PLANE('',#1748);
#705=FACE_OUTER_BOUND('',#1749,.T.);
#706=PLANE('',#1750);
#707=FACE_OUTER_BOUND('',#1751,.T.);
#708=PLANE('',#1752);
#709=FACE_OUTER_BOUND('',#1753,.T.);
#710=PLANE('',#1754);
#711=FACE_OUTER_BOUND('',#1755,.T.);
#712=PLANE('',#1756);
#713=FACE_OUTER_BOUND('',#1757,.T.);
#714=PLANE('',#1758);
#715=FACE_OUTER_BOUND('',#1759,.T.);
#716=PLANE('',#1760);
#717=FACE_OUTER_BOUND('',#1761,.T.);
#718=PLANE('',#1762);
#719=FACE_OUTER_BOUND('',#1763,.T.);
#720=PLANE('',#1764);
#721=FACE_OUTER_BOUND('',#1765,.T.);
#722=PLANE('',#1766);
#723=FACE_OUTER_BOUND('',#1767,.T.);
#724=PLANE('',#1768);
#725=FACE_OUTER_BOUND('',#1769,.T.);
#726=PLANE('',#1770);
#727=FACE_OUTER_BOUND('',#1771,.T.);
#728=PLANE('',#1772);
#729=FACE_OUTER_BOUND('',#1773,.T.);
#730=PLANE('',#1774);
#731=FACE_OUTER_BOUND('',#1775,.T.);
#732=PLANE('',#1776);
#733=FACE_OUTER_BOUND('',#1777,.T.);
#734=PLANE('',#1778);
#735=FACE_OUTER_BOUND('',#1779,.T.);
#736=FACE_BOUND('',#1780,.T.);
#737=FACE_BOUND('',#1781,.T.);
#738=FACE_BOUND('',#1782,.T.);
#739=FACE_BOUND('',#1783,.T.);
#740=FACE_BOUND('',#1784,.T.);
#741=FACE_BOUND('',#1785,.T.);
#742=FACE_BOUND('',#1786,.T.);
#743=FACE_BOUND('',#1787,.T.);
#744=FACE_BOUND('',#1788,.T.);
#745=FACE_BOUND('',#1789,.T.);
#746=FACE_BOUND('',#1790,.T.);
#747=FACE_BOUND('',#1791,.T.);
#748=FACE_BOUND('',#1792,.T.);
#749=FACE_BOUND('',#1793,.T.);
#750=PLANE('',#1794);
#751=FACE_OUTER_BOUND('',#1795,.T.);
#752=PLANE('',#1796);
#753=FACE_OUTER_BOUND('',#1797,.T.);
#754=PLANE('',#1798);
#755=FACE_OUTER_BOUND('',#1799,.T.);
#756=PLANE('',#1800);
#757=FACE_OUTER_BOUND('',#1801,.T.);
#758=PLANE('',#1802);
#759=FACE_OUTER_BOUND('',#1803,.T.);
#760=PLANE('',#1804);
#761=FACE_OUTER_BOUND('',#1805,.T.);
#762=PLANE('',#1806);
#763=FACE_OUTER_BOUND('',#1807,.T.);
#764=PLANE('',#1808);
#765=FACE_OUTER_BOUND('',#1809,.T.);
#766=PLANE('',#1810);
#767=FACE_OUTER_BOUND('',#1811,.T.);
#768=PLANE('',#1812);
#769=FACE_OUTER_BOUND('',#1813,.T.);
#770=PLANE('',#1814);
#771=FACE_OUTER_BOUND('',#1815,.T.);
#772=FACE_BOUND('',#1816,.T.);
#773=PLANE('',#1817);
#774=FACE_OUTER_BOUND('',#1818,.T.);
#775=FACE_BOUND('',#1819,.T.);
#776=PLANE('',#1820);
#777=FACE_OUTER_BOUND('',#1821,.T.);
#778=FACE_BOUND('',#1822,.T.);
#779=PLANE('',#1823);
#780=FACE_OUTER_BOUND('',#1824,.T.);
#781=FACE_BOUND('',#1825,.T.);
#782=PLANE('',#1826);
#783=FACE_OUTER_BOUND('',#1827,.T.);
#784=FACE_BOUND('',#1828,.T.);
#785=FACE_BOUND('',#1829,.T.);
#786=PLANE('',#1830);
#787=FACE_OUTER_BOUND('',#1831,.T.);
#788=FACE_BOUND('',#1832,.T.);
#789=FACE_BOUND('',#1833,.T.);
#790=PLANE('',#1834);
#791=FACE_OUTER_BOUND('',#1835,.T.);
#792=PLANE('',#1836);
#793=FACE_OUTER_BOUND('',#1837,.T.);
#794=PLANE('',#1838);
#795=FACE_OUTER_BOUND('',#1839,.T.);
#796=PLANE('',#1840);
#797=FACE_OUTER_BOUND('',#1841,.T.);
#798=PLANE('',#1842);
#799=FACE_OUTER_BOUND('',#1843,.T.);
#800=PLANE('',#1844);
#801=FACE_OUTER_BOUND('',#1845,.T.);
#802=PLANE('',#1846);
#803=FACE_OUTER_BOUND('',#1847,.T.);
#804=PLANE('',#1848);
#805=FACE_OUTER_BOUND('',#1849,.T.);
#806=PLANE('',#1850);
#807=FACE_OUTER_BOUND('',#1851,.T.);
#808=PLANE('',#1852);
#809=FACE_OUTER_BOUND('',#1853,.T.);
#810=PLANE('',#1854);
#811=FACE_OUTER_BOUND('',#1855,.T.);
#812=PLANE('',#1856);
#813=FACE_OUTER_BOUND('',#1857,.T.);
#814=PLANE('',#1858);
#815=FACE_OUTER_BOUND('',#1859,.T.);
#816=PLANE('',#1860);
#817=FACE_OUTER_BOUND('',#1861,.T.);
#818=PLANE('',#1862);
#819=FACE_OUTER_BOUND('',#1863,.T.);
#820=PLANE('',#1864);
#821=FACE_OUTER_BOUND('',#1865,.T.);
#822=PLANE('',#1866);
#823=FACE_OUTER_BOUND('',#1867,.T.);
#824=PLANE('',#1868);
#825=FACE_OUTER_BOUND('',#1869,.T.);
#826=PLANE('',#1870);
#827=FACE_OUTER_BOUND('',#1871,.T.);
#828=PLANE('',#1872);
#829=FACE_OUTER_BOUND('',#1873,.T.);
#830=PLANE('',#1874);
#831=FACE_OUTER_BOUND('',#1875,.T.);
#832=PLANE('',#1876);
#833=FACE_OUTER_BOUND('',#1877,.T.);
#834=PLANE('',#1878);
#835=FACE_OUTER_BOUND('',#1879,.T.);
#836=PLANE('',#1880);
#837=FACE_OUTER_BOUND('',#1881,.T.);
#838=PLANE('',#1882);
#839=FACE_OUTER_BOUND('',#1883,.T.);
#840=PLANE('',#1884);
#841=FACE_OUTER_BOUND('',#1885,.T.);
#842=PLANE('',#1886);
#843=FACE_OUTER_BOUND('',#1887,.T.);
#844=PLANE('',#1888);
#845=FACE_OUTER_BOUND('',#1889,.T.);
#846=PLANE('',#1890);
#847=FACE_OUTER_BOUND('',#1891,.T.);
#848=PLANE('',#1892);
#849=FACE_OUTER_BOUND('',#1893,.T.);
#850=PLANE('',#1894);
#851=FACE_OUTER_BOUND('',#1895,.T.);
#852=PLANE('',#1896);
#853=FACE_OUTER_BOUND('',#1897,.T.);
#854=PLANE('',#1898);
#855=FACE_OUTER_BOUND('',#1899,.T.);
#856=PLANE('',#1900);
#857=FACE_OUTER_BOUND('',#1901,.T.);
#858=PLANE('',#1902);
#859=FACE_OUTER_BOUND('',#1903,.T.);
#860=PLANE('',#1904);
#861=FACE_OUTER_BOUND('',#1905,.T.);
#862=PLANE('',#1906);
#863=FACE_OUTER_BOUND('',#1907,.T.);
#864=PLANE('',#1908);
#865=FACE_OUTER_BOUND('',#1909,.T.);
#866=PLANE('',#1910);
#867=FACE_OUTER_BOUND('',#1911,.T.);
#868=PLANE('',#1912);
#869=FACE_OUTER_BOUND('',#1913,.T.);
#870=PLANE('',#1914);
#871=FACE_OUTER_BOUND('',#1915,.T.);
#872=PLANE('',#1916);
#873=FACE_OUTER_BOUND('',#1917,.T.);
#874=PLANE('',#1918);
#875=FACE_OUTER_BOUND('',#1919,.T.);
#876=PLANE('',#1920);
#877=FACE_OUTER_BOUND('',#1921,.T.);
#878=PLANE('',#1922);
#879=FACE_OUTER_BOUND('',#1923,.T.);
#880=PLANE('',#1924);
#881=FACE_OUTER_BOUND('',#1925,.T.);
#882=PLANE('',#1926);
#883=FACE_OUTER_BOUND('',#1927,.T.);
#884=PLANE('',#1928);
#885=FACE_OUTER_BOUND('',#1929,.T.);
#886=PLANE('',#1930);
#887=FACE_OUTER_BOUND('',#1931,.T.);
#888=PLANE('',#1932);
#889=FACE_OUTER_BOUND('',#1933,.T.);
#890=PLANE('',#1934);
#891=FACE_OUTER_BOUND('',#1935,.T.);
#892=PLANE('',#1936);
#893=FACE_OUTER_BOUND('',#1937,.T.);
#894=PLANE('',#1938);
#895=FACE_OUTER_BOUND('',#1939,.T.);
#896=PLANE('',#1940);
#897=FACE_OUTER_BOUND('',#1941,.T.);
#898=PLANE('',#1942);
#899=FACE_OUTER_BOUND('',#1943,.T.);
#900=PLANE('',#1944);
#901=FACE_OUTER_BOUND('',#1945,.T.);
#902=PLANE('',#1946);
#903=FACE_OUTER_BOUND('',#1947,.T.);
#904=PLANE('',#1948);
#905=FACE_OUTER_BOUND('',#1949,.T.);
#906=PLANE('',#1950);
#907=FACE_OUTER_BOUND('',#1951,.T.);
#908=PLANE('',#1952);
#909=FACE_OUTER_BOUND('',#1953,.T.);
#910=PLANE('',#1954);
#911=FACE_OUTER_BOUND('',#1955,.T.);
#912=PLANE('',#1956);
#913=FACE_OUTER_BOUND('',#1957,.T.);
#914=PLANE('',#1958);
#915=FACE_OUTER_BOUND('',#1959,.T.);
#916=PLANE('',#1960);
#917=FACE_OUTER_BOUND('',#1961,.T.);
#918=PLANE('',#1962);
#919=FACE_OUTER_BOUND('',#1963,.T.);
#920=PLANE('',#1964);
#921=FACE_OUTER_BOUND('',#1965,.T.);
#922=PLANE('',#1966);
#923=FACE_OUTER_BOUND('',#1967,.T.);
#924=PLANE('',#1968);
#925=FACE_OUTER_BOUND('',#1969,.T.);
#926=PLANE('',#1970);
#927=FACE_OUTER_BOUND('',#1971,.T.);
#928=PLANE('',#1972);
#929=FACE_OUTER_BOUND('',#1973,.T.);
#930=PLANE('',#1974);
#931=FACE_OUTER_BOUND('',#1975,.T.);
#932=PLANE('',#1976);
#933=FACE_OUTER_BOUND('',#1977,.T.);
#934=PLANE('',#1978);
#935=FACE_OUTER_BOUND('',#1979,.T.);
#936=PLANE('',#1980);
#937=FACE_OUTER_BOUND('',#1981,.T.);
#938=PLANE('',#1982);
#939=FACE_OUTER_BOUND('',#1983,.T.);
#940=PLANE('',#1984);
#941=FACE_OUTER_BOUND('',#1985,.T.);
#942=PLANE('',#1986);
#943=FACE_OUTER_BOUND('',#1987,.T.);
#944=PLANE('',#1988);
#945=FACE_OUTER_BOUND('',#1989,.T.);
#946=PLANE('',#1990);
#947=FACE_OUTER_BOUND('',#1991,.T.);
#948=PLANE('',#1992);
#949=FACE_OUTER_BOUND('',#1993,.T.);
#950=PLANE('',#1994);
#951=FACE_OUTER_BOUND('',#1995,.T.);
#952=PLANE('',#1996);
#953=FACE_OUTER_BOUND('',#1997,.T.);
#954=PLANE('',#1998);
#955=FACE_OUTER_BOUND('',#1999,.T.);
#956=PLANE('',#2000);
#957=FACE_OUTER_BOUND('',#2001,.T.);
#958=PLANE('',#2002);
#959=FACE_OUTER_BOUND('',#2003,.T.);
#960=PLANE('',#2004);
#961=FACE_OUTER_BOUND('',#2005,.T.);
#962=PLANE('',#2006);
#963=FACE_OUTER_BOUND('',#2007,.T.);
#964=PLANE('',#2008);
#965=FACE_OUTER_BOUND('',#2009,.T.);
#966=PLANE('',#2010);
#967=FACE_OUTER_BOUND('',#2011,.T.);
#968=PLANE('',#2012);
#969=FACE_OUTER_BOUND('',#2013,.T.);
#970=PLANE('',#2014);
#971=FACE_OUTER_BOUND('',#2015,.T.);
#972=PLANE('',#2016);
#973=FACE_OUTER_BOUND('',#2017,.T.);
#974=PLANE('',#2018);
#975=FACE_OUTER_BOUND('',#2019,.T.);
#976=PLANE('',#2020);
#977=FACE_OUTER_BOUND('',#2021,.T.);
#978=PLANE('',#2022);
#979=FACE_OUTER_BOUND('',#2023,.T.);
#980=PLANE('',#2024);
#981=FACE_OUTER_BOUND('',#2025,.T.);
#982=PLANE('',#2026);
#983=FACE_OUTER_BOUND('',#2027,.T.);
#984=PLANE('',#2028);
#985=FACE_OUTER_BOUND('',#2029,.T.);
#986=PLANE('',#2030);
#987=FACE_OUTER_BOUND('',#2031,.T.);
#988=PLANE('',#2032);
#989=FACE_OUTER_BOUND('',#2033,.T.);
#990=PLANE('',#2034);
#991=FACE_OUTER_BOUND('',#2035,.T.);
#992=PLANE('',#2036);
#993=FACE_OUTER_BOUND('',#2037,.T.);
#994=PLANE('',#2038);
#995=FACE_OUTER_BOUND('',#2039,.T.);
#996=PLANE('',#2040);
#997=FACE_OUTER_BOUND('',#2041,.T.);
#998=PLANE('',#2042);
#999=FACE_OUTER_BOUND('',#2043,.T.);
#1000=PLANE('',#2044);
#1001=FACE_OUTER_BOUND('',#2045,.T.);
#1002=PLANE('',#2046);
#1003=FACE_OUTER_BOUND('',#2047,.T.);
#1004=PLANE('',#2048);
#1005=FACE_OUTER_BOUND('',#2049,.T.);
#1006=PLANE('',#2050);
#1007=FACE_OUTER_BOUND('',#2051,.T.);
#1008=PLANE('',#2052);
#1009=FACE_OUTER_BOUND('',#2053,.T.);
#1010=PLANE('',#2054);
#1011=FACE_OUTER_BOUND('',#2055,.T.);
#1012=PLANE('',#2056);
#1013=FACE_OUTER_BOUND('',#2057,.T.);
#1014=PLANE('',#2058);
#1015=FACE_OUTER_BOUND('',#2059,.T.);
#1016=PLANE('',#2060);
#1017=FACE_OUTER_BOUND('',#2061,.T.);
#1018=PLANE('',#2062);
#1019=FACE_OUTER_BOUND('',#2063,.T.);
#1020=PLANE('',#2064);
#1021=FACE_OUTER_BOUND('',#2065,.T.);
#1022=PLANE('',#2066);
#1023=FACE_OUTER_BOUND('',#2067,.T.);
#1024=PLANE('',#2068);
#1025=FACE_OUTER_BOUND('',#2069,.T.);
#1026=PLANE('',#2070);
#1027=FACE_OUTER_BOUND('',#2071,.T.);
#1028=FACE_BOUND('',#2072,.T.);
#1029=PLANE('',#2073);
#1030=FACE_OUTER_BOUND('',#2074,.T.);
#1031=FACE_BOUND('',#2075,.T.);
#1032=PLANE('',#2076);
#1033=FACE_OUTER_BOUND('',#2077,.T.);
#1034=PLANE('',#2078);
#1035=FACE_OUTER_BOUND('',#2079,.T.);
#1036=PLANE('',#2080);
#1037=FACE_OUTER_BOUND('',#2081,.T.);
#1038=PLANE('',#2082);
#1039=FACE_OUTER_BOUND('',#2083,.T.);
#1040=PLANE('',#2084);
#1041=FACE_OUTER_BOUND('',#2085,.T.);
#1042=PLANE('',#2086);
#1043=FACE_OUTER_BOUND('',#2087,.T.);
#1044=PLANE('',#2088);
#1045=FACE_OUTER_BOUND('',#2089,.T.);
#1046=PLANE('',#2090);
#1047=FACE_OUTER_BOUND('',#2091,.T.);
#1048=PLANE('',#2092);
#1049=FACE_OUTER_BOUND('',#2093,.T.);
#1050=PLANE('',#2094);
#1051=FACE_OUTER_BOUND('',#2095,.T.);
#1052=PLANE('',#2096);
#1053=FACE_OUTER_BOUND('',#2097,.T.);
#1054=PLANE('',#2098);
#1055=FACE_OUTER_BOUND('',#2099,.T.);
#1056=PLANE('',#2100);
#1057=FACE_OUTER_BOUND('',#2101,.T.);
#1058=PLANE('',#2102);
#1059=FACE_OUTER_BOUND('',#2103,.T.);
#1060=PLANE('',#2104);
#1061=FACE_OUTER_BOUND('',#2105,.T.);
#1062=PLANE('',#2106);
#1063=FACE_OUTER_BOUND('',#2107,.T.);
#1064=PLANE('',#2108);
#1065=FACE_OUTER_BOUND('',#2109,.T.);
#1066=PLANE('',#2110);
#1067=FACE_OUTER_BOUND('',#2111,.T.);
#1068=PLANE('',#2112);
#1069=FACE_OUTER_BOUND('',#2113,.T.);
#1070=PLANE('',#2114);
#1071=FACE_OUTER_BOUND('',#2115,.T.);
#1072=PLANE('',#2116);
#1073=FACE_OUTER_BOUND('',#2117,.T.);
#1074=PLANE('',#2118);
#1075=FACE_OUTER_BOUND('',#2119,.T.);
#1076=PLANE('',#2120);
#1077=FACE_OUTER_BOUND('',#2121,.T.);
#1078=PLANE('',#2122);
#1079=FACE_OUTER_BOUND('',#2123,.T.);
#1080=PLANE('',#2124);
#1081=FACE_OUTER_BOUND('',#2125,.T.);
#1082=PLANE('',#2126);
#1083=FACE_OUTER_BOUND('',#2127,.T.);
#1084=PLANE('',#2128);
#1085=FACE_OUTER_BOUND('',#2129,.T.);
#1086=PLANE('',#2130);
#1087=FACE_OUTER_BOUND('',#2131,.T.);
#1088=PLANE('',#2132);
#1089=FACE_OUTER_BOUND('',#2133,.T.);
#1090=PLANE('',#2134);
#1091=FACE_OUTER_BOUND('',#2135,.T.);
#1092=PLANE('',#2136);
#1093=FACE_OUTER_BOUND('',#2137,.T.);
#1094=PLANE('',#2138);
#1095=FACE_OUTER_BOUND('',#2139,.T.);
#1096=PLANE('',#2140);
#1097=FACE_OUTER_BOUND('',#2141,.T.);
#1098=CYLINDRICAL_SURFACE('',#2142,0.5);
#1099=FACE_OUTER_BOUND('',#2143,.T.);
#1100=PLANE('',#2144);
#1101=FACE_OUTER_BOUND('',#2145,.T.);
#1102=PLANE('',#2146);
#1103=FACE_OUTER_BOUND('',#2147,.T.);
#1104=PLANE('',#2148);
#1105=FACE_OUTER_BOUND('',#2149,.T.);
#1106=PLANE('',#2150);
#1107=FACE_OUTER_BOUND('',#2151,.T.);
#1108=PLANE('',#2152);
#1109=FACE_OUTER_BOUND('',#2153,.T.);
#1110=PLANE('',#2154);
#1111=FACE_OUTER_BOUND('',#2155,.T.);
#1112=PLANE('',#2156);
#1113=FACE_OUTER_BOUND('',#2157,.T.);
#1114=PLANE('',#2158);
#1115=FACE_OUTER_BOUND('',#2159,.T.);
#1116=CYLINDRICAL_SURFACE('',#2160,0.5);
#1117=FACE_OUTER_BOUND('',#2161,.T.);
#1118=PLANE('',#2162);
#1119=FACE_OUTER_BOUND('',#2163,.T.);
#1120=CYLINDRICAL_SURFACE('',#2164,0.5);
#1121=FACE_OUTER_BOUND('',#2165,.T.);
#1122=PLANE('',#2166);
#1123=FACE_OUTER_BOUND('',#2167,.T.);
#1124=PLANE('',#2168);
#1125=FACE_OUTER_BOUND('',#2169,.T.);
#1126=CYLINDRICAL_SURFACE('',#2170,0.5);
#1127=FACE_OUTER_BOUND('',#2171,.T.);
#1128=PLANE('',#2172);
#1129=FACE_OUTER_BOUND('',#2173,.T.);
#1130=PLANE('',#2174);
#1131=FACE_OUTER_BOUND('',#2175,.T.);
#1132=PLANE('',#2176);
#1133=FACE_OUTER_BOUND('',#2177,.T.);
#1134=PLANE('',#2178);
#1135=FACE_OUTER_BOUND('',#2179,.T.);
#1136=PLANE('',#2180);
#1137=FACE_OUTER_BOUND('',#2181,.T.);
#1138=PLANE('',#2182);
#1139=FACE_OUTER_BOUND('',#2183,.T.);
#1140=PLANE('',#2184);
#1141=FACE_OUTER_BOUND('',#2185,.T.);
#1142=PLANE('',#2186);
#1143=FACE_OUTER_BOUND('',#2187,.T.);
#1144=PLANE('',#2188);
#1145=FACE_OUTER_BOUND('',#2189,.T.);
#1146=PLANE('',#2190);
#1147=FACE_OUTER_BOUND('',#2191,.T.);
#1148=PLANE('',#2192);
#1149=FACE_OUTER_BOUND('',#2193,.T.);
#1150=PLANE('',#2194);
#1151=FACE_OUTER_BOUND('',#2195,.T.);
#1152=PLANE('',#2196);
#1153=FACE_OUTER_BOUND('',#2197,.T.);
#1154=PLANE('',#2198);
#1155=FACE_OUTER_BOUND('',#2199,.T.);
#1156=PLANE('',#2200);
#1157=FACE_OUTER_BOUND('',#2201,.T.);
#1158=PLANE('',#2202);
#1159=FACE_OUTER_BOUND('',#2203,.T.);
#1160=PLANE('',#2204);
#1161=FACE_OUTER_BOUND('',#2205,.T.);
#1162=PLANE('',#2206);
#1163=FACE_OUTER_BOUND('',#2207,.T.);
#1164=PLANE('',#2208);
#1165=FACE_OUTER_BOUND('',#2209,.T.);
#1166=PLANE('',#2210);
#1167=FACE_OUTER_BOUND('',#2211,.T.);
#1168=PLANE('',#2212);
#1169=FACE_OUTER_BOUND('',#2213,.T.);
#1170=PLANE('',#2214);
#1171=FACE_OUTER_BOUND('',#2215,.T.);
#1172=PLANE('',#2216);
#1173=FACE_OUTER_BOUND('',#2217,.T.);
#1174=PLANE('',#2218);
#1175=FACE_OUTER_BOUND('',#2219,.T.);
#1176=PLANE('',#2220);
#1177=FACE_OUTER_BOUND('',#2221,.T.);
#1178=PLANE('',#2222);
#1179=FACE_OUTER_BOUND('',#2223,.T.);
#1180=PLANE('',#2224);
#1181=FACE_OUTER_BOUND('',#2225,.T.);
#1182=PLANE('',#2226);
#1183=FACE_OUTER_BOUND('',#2227,.T.);
#1184=PLANE('',#2228);
#1185=FACE_OUTER_BOUND('',#2229,.T.);
#1186=PLANE('',#2230);
#1187=FACE_OUTER_BOUND('',#2231,.T.);
#1188=PLANE('',#2232);
#1189=FACE_OUTER_BOUND('',#2233,.T.);
#1190=PLANE('',#2234);
#1191=FACE_OUTER_BOUND('',#2235,.T.);
#1192=PLANE('',#2236);
#1193=FACE_OUTER_BOUND('',#2237,.T.);
#1194=PLANE('',#2238);
#1195=FACE_OUTER_BOUND('',#2239,.T.);
#1196=PLANE('',#2240);
#1197=FACE_OUTER_BOUND('',#2241,.T.);
#1198=PLANE('',#2242);
#1199=FACE_OUTER_BOUND('',#2243,.T.);
#1200=PLANE('',#2244);
#1201=FACE_OUTER_BOUND('',#2245,.T.);
#1202=PLANE('',#2246);
#1203=FACE_OUTER_BOUND('',#2247,.T.);
#1204=PLANE('',#2248);
#1205=FACE_OUTER_BOUND('',#2249,.T.);
#1206=PLANE('',#2250);
#1207=FACE_OUTER_BOUND('',#2251,.T.);
#1208=PLANE('',#2252);
#1209=FACE_OUTER_BOUND('',#2253,.T.);
#1210=PLANE('',#2254);
#1211=FACE_OUTER_BOUND('',#2255,.T.);
#1212=PLANE('',#2256);
#1213=FACE_OUTER_BOUND('',#2257,.T.);
#1214=PLANE('',#2258);
#1215=FACE_OUTER_BOUND('',#2259,.T.);
#1216=PLANE('',#2260);
#1217=FACE_OUTER_BOUND('',#2261,.T.);
#1218=PLANE('',#2262);
#1219=FACE_OUTER_BOUND('',#2263,.T.);
#1220=PLANE('',#2264);
#1221=FACE_OUTER_BOUND('',#2265,.T.);
#1222=CYLINDRICAL_SURFACE('',#2266,1.0);
#1223=FACE_OUTER_BOUND('',#2267,.T.);
#1224=PLANE('',#2268);
#1225=FACE_OUTER_BOUND('',#2269,.T.);
#1226=CYLINDRICAL_SURFACE('',#2270,1.375);
#1227=FACE_OUTER_BOUND('',#2271,.T.);
#1228=CYLINDRICAL_SURFACE('',#2272,1.375);
#1229=FACE_OUTER_BOUND('',#2273,.T.);
#1230=CONICAL_SURFACE('',#2274,1.125000045026,0.785398126090189);
#1231=FACE_OUTER_BOUND('',#2275,.T.);
#1232=PLANE('',#2276);
#1233=FACE_OUTER_BOUND('',#2277,.T.);
#1234=CONICAL_SURFACE('',#2278,1.125000045026,0.785398126090189);
#1235=FACE_OUTER_BOUND('',#2279,.T.);
#1236=PLANE('',#2280);
#1237=FACE_OUTER_BOUND('',#2281,.T.);
#1238=PLANE('',#2282);
#1239=FACE_OUTER_BOUND('',#2283,.T.);
#1240=PLANE('',#2284);
#1241=FACE_OUTER_BOUND('',#2285,.T.);
#1242=PLANE('',#2286);
#1243=FACE_OUTER_BOUND('',#2287,.T.);
#1244=PLANE('',#2288);
#1245=FACE_OUTER_BOUND('',#2289,.T.);
#1246=PLANE('',#2290);
#1247=FACE_OUTER_BOUND('',#2291,.T.);
#1248=PLANE('',#2292);
#1249=FACE_OUTER_BOUND('',#2293,.T.);
#1250=PLANE('',#2294);
#1251=FACE_OUTER_BOUND('',#2295,.T.);
#1252=PLANE('',#2296);
#1253=FACE_OUTER_BOUND('',#2297,.T.);
#1254=PLANE('',#2298);
#1255=FACE_OUTER_BOUND('',#2299,.T.);
#1256=PLANE('',#2300);
#1257=FACE_OUTER_BOUND('',#2301,.T.);
#1258=PLANE('',#2302);
#1259=FACE_OUTER_BOUND('',#2303,.T.);
#1260=PLANE('',#2304);
#1261=FACE_OUTER_BOUND('',#2305,.T.);
#1262=PLANE('',#2306);
#1263=FACE_OUTER_BOUND('',#2307,.T.);
#1264=PLANE('',#2308);
#1265=FACE_OUTER_BOUND('',#2309,.T.);
#1266=PLANE('',#2310);
#1267=FACE_OUTER_BOUND('',#2311,.T.);
#1268=PLANE('',#2312);
#1269=FACE_OUTER_BOUND('',#2313,.T.);
#1270=PLANE('',#2314);
#1271=FACE_OUTER_BOUND('',#2315,.T.);
#1272=PLANE('',#2316);
#1273=FACE_OUTER_BOUND('',#2317,.T.);
#1274=PLANE('',#2318);
#1275=FACE_OUTER_BOUND('',#2319,.T.);
#1276=PLANE('',#2320);
#1277=FACE_OUTER_BOUND('',#2321,.T.);
#1278=PLANE('',#2322);
#1279=FACE_OUTER_BOUND('',#2323,.T.);
#1280=PLANE('',#2324);
#1281=FACE_OUTER_BOUND('',#2325,.T.);
#1282=PLANE('',#2326);
#1283=FACE_OUTER_BOUND('',#2327,.T.);
#1284=PLANE('',#2328);
#1285=FACE_OUTER_BOUND('',#2329,.T.);
#1286=PLANE('',#2330);
#1287=FACE_OUTER_BOUND('',#2331,.T.);
#1288=PLANE('',#2332);
#1289=FACE_OUTER_BOUND('',#2333,.T.);
#1290=PLANE('',#2334);
#1291=FACE_OUTER_BOUND('',#2335,.T.);
#1292=PLANE('',#2336);
#1293=FACE_OUTER_BOUND('',#2337,.T.);
#1294=PLANE('',#2338);
#1295=FACE_OUTER_BOUND('',#2339,.T.);
#1296=PLANE('',#2340);
#1297=FACE_OUTER_BOUND('',#2341,.T.);
#1298=PLANE('',#2342);
#1299=FACE_OUTER_BOUND('',#2343,.T.);
#1300=PLANE('',#2344);
#1301=FACE_OUTER_BOUND('',#2345,.T.);
#1302=PLANE('',#2346);
#1303=FACE_OUTER_BOUND('',#2347,.T.);
#1304=PLANE('',#2348);
#1305=FACE_OUTER_BOUND('',#2349,.T.);
#1306=PLANE('',#2350);
#1307=FACE_OUTER_BOUND('',#2351,.T.);
#1308=PLANE('',#2352);
#1309=FACE_OUTER_BOUND('',#2353,.T.);
#1310=PLANE('',#2354);
#1311=FACE_OUTER_BOUND('',#2355,.T.);
#1312=PLANE('',#2356);
#1313=FACE_OUTER_BOUND('',#2357,.T.);
#1314=PLANE('',#2358);
#1315=FACE_OUTER_BOUND('',#2359,.T.);
#1316=PLANE('',#2360);
#1317=FACE_OUTER_BOUND('',#2361,.T.);
#1318=PLANE('',#2362);
#1319=FACE_OUTER_BOUND('',#2363,.T.);
#1320=PLANE('',#2364);
#1321=FACE_OUTER_BOUND('',#2365,.T.);
#1322=PLANE('',#2366);
#1323=FACE_OUTER_BOUND('',#2367,.T.);
#1324=PLANE('',#2368);
#1325=FACE_OUTER_BOUND('',#2369,.T.);
#1326=PLANE('',#2370);
#1327=FACE_OUTER_BOUND('',#2371,.T.);
#1328=PLANE('',#2372);
#1329=FACE_OUTER_BOUND('',#2373,.T.);
#1330=PLANE('',#2374);
#1331=FACE_OUTER_BOUND('',#2375,.T.);
#1332=PLANE('',#2376);
#1333=FACE_OUTER_BOUND('',#2377,.T.);
#1334=PLANE('',#2378);
#1335=FACE_OUTER_BOUND('',#2379,.T.);
#1336=PLANE('',#2380);
#1337=FACE_OUTER_BOUND('',#2381,.T.);
#1338=PLANE('',#2382);
#1339=FACE_OUTER_BOUND('',#2383,.T.);
#1340=PLANE('',#2384);
#1341=FACE_OUTER_BOUND('',#2385,.T.);
#1342=PLANE('',#2386);
#1343=FACE_OUTER_BOUND('',#2387,.T.);
#1344=PLANE('',#2388);
#1345=FACE_OUTER_BOUND('',#2389,.T.);
#1346=PLANE('',#2390);
#1347=FACE_OUTER_BOUND('',#2391,.T.);
#1348=PLANE('',#2392);
#1349=FACE_OUTER_BOUND('',#2393,.T.);
#1350=PLANE('',#2394);
#1351=FACE_OUTER_BOUND('',#2395,.T.);
#1352=PLANE('',#2396);
#1353=FACE_OUTER_BOUND('',#2397,.T.);
#1354=PLANE('',#2398);
#1355=FACE_OUTER_BOUND('',#2399,.T.);
#1356=PLANE('',#2400);
#1357=FACE_OUTER_BOUND('',#2401,.T.);
#1358=PLANE('',#2402);
#1359=FACE_OUTER_BOUND('',#2403,.T.);
#1360=PLANE('',#2404);
#1361=FACE_OUTER_BOUND('',#2405,.T.);
#1362=PLANE('',#2406);
#1363=FACE_OUTER_BOUND('',#2407,.T.);
#1364=PLANE('',#2408);
#1365=FACE_OUTER_BOUND('',#2409,.T.);
#1366=PLANE('',#2410);
#1367=FACE_OUTER_BOUND('',#2411,.T.);
#1368=PLANE('',#2412);
#1369=FACE_OUTER_BOUND('',#2413,.T.);
#1370=PLANE('',#2414);
#1371=FACE_OUTER_BOUND('',#2415,.T.);
#1372=PLANE('',#2416);
#1373=FACE_OUTER_BOUND('',#2417,.T.);
#1374=PLANE('',#2418);
#1375=FACE_OUTER_BOUND('',#2419,.T.);
#1376=PLANE('',#2420);
#1377=FACE_OUTER_BOUND('',#2421,.T.);
#1378=PLANE('',#2422);
#1379=FACE_OUTER_BOUND('',#2423,.T.);
#1380=PLANE('',#2424);
#1381=FACE_OUTER_BOUND('',#2425,.T.);
#1382=PLANE('',#2426);
#1383=FACE_OUTER_BOUND('',#2427,.T.);
#1384=PLANE('',#2428);
#1385=FACE_OUTER_BOUND('',#2429,.T.);
#1386=PLANE('',#2430);
#1387=FACE_OUTER_BOUND('',#2431,.T.);
#1388=PLANE('',#2432);
#1389=FACE_OUTER_BOUND('',#2433,.T.);
#1390=PLANE('',#2434);
#1391=FACE_OUTER_BOUND('',#2435,.T.);
#1392=PLANE('',#2436);
#1393=FACE_OUTER_BOUND('',#2437,.T.);
#1394=PLANE('',#2438);
#1395=FACE_OUTER_BOUND('',#2439,.T.);
#1396=PLANE('',#2440);
#1397=FACE_OUTER_BOUND('',#2441,.T.);
#1398=PLANE('',#2442);
#1399=FACE_OUTER_BOUND('',#2443,.T.);
#1400=PLANE('',#2444);
#1401=FACE_OUTER_BOUND('',#2445,.T.);
#1402=PLANE('',#2446);
#1403=FACE_OUTER_BOUND('',#2447,.T.);
#1404=PLANE('',#2448);
#1405=FACE_OUTER_BOUND('',#2449,.T.);
#1406=PLANE('',#2450);
#1407=FACE_OUTER_BOUND('',#2451,.T.);
#1408=PLANE('',#2452);
#1409=FACE_OUTER_BOUND('',#2453,.T.);
#1410=PLANE('',#2454);
#1411=FACE_OUTER_BOUND('',#2455,.T.);
#1412=PLANE('',#2456);
#1413=FACE_OUTER_BOUND('',#2457,.T.);
#1414=PLANE('',#2458);
#1415=FACE_OUTER_BOUND('',#2459,.T.);
#1416=PLANE('',#2460);
#1417=FACE_OUTER_BOUND('',#2461,.T.);
#1418=PLANE('',#2462);
#1419=FACE_OUTER_BOUND('',#2463,.T.);
#1420=PLANE('',#2464);
#1421=FACE_OUTER_BOUND('',#2465,.T.);
#1422=PLANE('',#2466);
#1423=FACE_OUTER_BOUND('',#2467,.T.);
#1424=PLANE('',#2468);
#1425=FACE_OUTER_BOUND('',#2469,.T.);
#1426=PLANE('',#2470);
#1427=FACE_OUTER_BOUND('',#2471,.T.);
#1428=PLANE('',#2472);
#1429=FACE_OUTER_BOUND('',#2473,.T.);
#1430=PLANE('',#2474);
#1431=FACE_OUTER_BOUND('',#2475,.T.);
#1432=PLANE('',#2476);
#1433=FACE_OUTER_BOUND('',#2477,.T.);
#1434=PLANE('',#2478);
#1435=FACE_OUTER_BOUND('',#2479,.T.);
#1436=PLANE('',#2480);
#1437=FACE_OUTER_BOUND('',#2481,.T.);
#1438=PLANE('',#2482);
#1439=FACE_OUTER_BOUND('',#2483,.T.);
#1440=PLANE('',#2484);
#1441=FACE_OUTER_BOUND('',#2485,.T.);
#1442=PLANE('',#2486);
#1443=FACE_OUTER_BOUND('',#2487,.T.);
#1444=PLANE('',#2488);
#1445=FACE_OUTER_BOUND('',#2489,.T.);
#1446=PLANE('',#2490);
#1447=FACE_OUTER_BOUND('',#2491,.T.);
#1448=PLANE('',#2492);
#1449=FACE_OUTER_BOUND('',#2493,.T.);
#1450=PLANE('',#2494);
#1451=FACE_OUTER_BOUND('',#2495,.T.);
#1452=PLANE('',#2496);
#1453=FACE_OUTER_BOUND('',#2497,.T.);
#1454=PLANE('',#2498);
#1455=FACE_OUTER_BOUND('',#2499,.T.);
#1456=PLANE('',#2500);
#1457=FACE_OUTER_BOUND('',#2501,.T.);
#1458=PLANE('',#2502);
#1459=FACE_OUTER_BOUND('',#2503,.T.);
#1460=PLANE('',#2504);
#1461=FACE_OUTER_BOUND('',#2505,.T.);
#1462=PLANE('',#2506);
#1463=FACE_OUTER_BOUND('',#2507,.T.);
#1464=PLANE('',#2508);
#1465=FACE_OUTER_BOUND('',#2509,.T.);
#1466=PLANE('',#2510);
#1467=FACE_OUTER_BOUND('',#2511,.T.);
#1468=PLANE('',#2512);
#1469=FACE_OUTER_BOUND('',#2513,.T.);
#1470=PLANE('',#2514);
#1471=FACE_OUTER_BOUND('',#2515,.T.);
#1472=PLANE('',#2516);
#1473=FACE_OUTER_BOUND('',#2517,.T.);
#1474=PLANE('',#2518);
#1475=FACE_OUTER_BOUND('',#2519,.T.);
#1476=PLANE('',#2520);
#1477=FACE_OUTER_BOUND('',#2521,.T.);
#1478=PLANE('',#2522);
#1479=FACE_OUTER_BOUND('',#2523,.T.);
#1480=PLANE('',#2524);
#1481=FACE_OUTER_BOUND('',#2525,.T.);
#1482=PLANE('',#2526);
#1483=FACE_OUTER_BOUND('',#2527,.T.);
#1484=PLANE('',#2528);
#1485=FACE_OUTER_BOUND('',#2529,.T.);
#1486=PLANE('',#2530);
#1487=FACE_OUTER_BOUND('',#2531,.T.);
#1488=PLANE('',#2532);
#1489=FACE_OUTER_BOUND('',#2533,.T.);
#1490=PLANE('',#2534);
#1491=FACE_OUTER_BOUND('',#2535,.T.);
#1492=PLANE('',#2536);
#1493=FACE_OUTER_BOUND('',#2537,.T.);
#1494=PLANE('',#2538);
#1495=FACE_OUTER_BOUND('',#2539,.T.);
#1496=PLANE('',#2540);
#1497=FACE_OUTER_BOUND('',#2541,.T.);
#1498=PLANE('',#2542);
#1499=FACE_OUTER_BOUND('',#2543,.T.);
#1500=PLANE('',#2544);
#1501=FACE_OUTER_BOUND('',#2545,.T.);
#1502=PLANE('',#2546);
#1503=FACE_OUTER_BOUND('',#2547,.T.);
#1504=PLANE('',#2548);
#1505=FACE_OUTER_BOUND('',#2549,.T.);
#1506=PLANE('',#2550);
#1507=FACE_OUTER_BOUND('',#2551,.T.);
#1508=PLANE('',#2552);
#1509=FACE_OUTER_BOUND('',#2553,.T.);
#1510=PLANE('',#2554);
#1511=FACE_OUTER_BOUND('',#2555,.T.);
#1512=PLANE('',#2556);
#1513=FACE_OUTER_BOUND('',#2557,.T.);
#1514=PLANE('',#2558);
#1515=FACE_OUTER_BOUND('',#2559,.T.);
#1516=PLANE('',#2560);
#1517=FACE_OUTER_BOUND('',#2561,.T.);
#1518=PLANE('',#2562);
#1519=FACE_OUTER_BOUND('',#2563,.T.);
#1520=PLANE('',#2564);
#1521=FACE_OUTER_BOUND('',#2565,.T.);
#1522=PLANE('',#2566);
#1523=FACE_OUTER_BOUND('',#2567,.T.);
#1524=PLANE('',#2568);
#1525=FACE_OUTER_BOUND('',#2569,.T.);
#1526=PLANE('',#2570);
#1527=FACE_OUTER_BOUND('',#2571,.T.);
#1528=PLANE('',#2572);
#1529=FACE_OUTER_BOUND('',#2573,.T.);
#1530=PLANE('',#2574);
#1531=FACE_OUTER_BOUND('',#2575,.T.);
#1532=PLANE('',#2576);
#1533=FACE_OUTER_BOUND('',#2577,.T.);
#1534=PLANE('',#2578);
#1535=FACE_OUTER_BOUND('',#2579,.T.);
#1536=PLANE('',#2580);
#1537=FACE_OUTER_BOUND('',#2581,.T.);
#1538=PLANE('',#2582);
#1539=FACE_OUTER_BOUND('',#2583,.T.);
#1540=PLANE('',#2584);
#1541=FACE_OUTER_BOUND('',#2585,.T.);
#1542=PLANE('',#2586);
#1543=FACE_OUTER_BOUND('',#2587,.T.);
#1544=PLANE('',#2588);
#1545=FACE_OUTER_BOUND('',#2589,.T.);
#1546=PLANE('',#2590);
#1547=FACE_OUTER_BOUND('',#2591,.T.);
#1548=PLANE('',#2592);
#1549=FACE_OUTER_BOUND('',#2593,.T.);
#1550=PLANE('',#2594);
#1551=FACE_OUTER_BOUND('',#2595,.T.);
#1552=PLANE('',#2596);
#1553=FACE_OUTER_BOUND('',#2597,.T.);
#1554=PLANE('',#2598);
#1555=FACE_OUTER_BOUND('',#2599,.T.);
#1556=PLANE('',#2600);
#1557=FACE_OUTER_BOUND('',#2601,.T.);
#1558=PLANE('',#2602);
#1559=FACE_OUTER_BOUND('',#2603,.T.);
#1560=PLANE('',#2604);
#1561=FACE_OUTER_BOUND('',#2605,.T.);
#1562=PLANE('',#2606);
#1563=FACE_OUTER_BOUND('',#2607,.T.);
#1564=PLANE('',#2608);
#1565=FACE_OUTER_BOUND('',#2609,.T.);
#1566=PLANE('',#2610);
#1567=FACE_OUTER_BOUND('',#2611,.T.);
#1568=PLANE('',#2612);
#1569=FACE_OUTER_BOUND('',#2613,.T.);
#1570=PLANE('',#2614);
#1571=FACE_OUTER_BOUND('',#2615,.T.);
#1572=PLANE('',#2616);
#1573=FACE_OUTER_BOUND('',#2617,.T.);
#1574=PLANE('',#2618);
#1575=FACE_OUTER_BOUND('',#2619,.T.);
#1576=PLANE('',#2620);
#1577=FACE_OUTER_BOUND('',#2621,.T.);
#1578=PLANE('',#2622);
#1579=FACE_OUTER_BOUND('',#2623,.T.);
#1580=PLANE('',#2624);
#1581=FACE_OUTER_BOUND('',#2625,.T.);
#1582=PLANE('',#2626);
#1583=FACE_OUTER_BOUND('',#2627,.T.);
#1584=PLANE('',#2628);
#1585=FACE_OUTER_BOUND('',#2629,.T.);
#1586=PLANE('',#2630);
#1587=FACE_OUTER_BOUND('',#2631,.T.);
#1588=PLANE('',#2632);
#1589=FACE_OUTER_BOUND('',#2633,.T.);
#1590=PLANE('',#2634);
#1591=TRIMMED_CURVE('',#2635,(PARAMETER_VALUE(0.0)),(PARAMETER_VALUE(3.1415926535892)),.T.,.UNSPECIFIED.);
#1592=TRIMMED_CURVE('',#2636,(PARAMETER_VALUE(0.0)),(PARAMETER_VALUE(3.1415926535892)),.T.,.UNSPECIFIED.);
#1593=TRIMMED_CURVE('',#2637,(PARAMETER_VALUE(0.0)),(PARAMETER_VALUE(3.1415926535892)),.T.,.UNSPECIFIED.);
#1594=TRIMMED_CURVE('',#2638,(PARAMETER_VALUE(0.0)),(PARAMETER_VALUE(3.1415926535892)),.T.,.UNSPECIFIED.);
#1595=TRIMMED_CURVE('',#2639,(PARAMETER_VALUE(0.0)),(PARAMETER_VALUE(3.1415926535892)),.T.,.UNSPECIFIED.);
#1596=TRIMMED_CURVE('',#2640,(PARAMETER_VALUE(0.0)),(PARAMETER_VALUE(3.1415926535892)),.T.,.UNSPECIFIED.);
#1597=TRIMMED_CURVE('',#2641,(PARAMETER_VALUE(0.0)),(PARAMETER_VALUE(3.1415926535892)),.T.,.UNSPECIFIED.);
#1598=TRIMMED_CURVE('',#2642,(PARAMETER_VALUE(0.0)),(PARAMETER_VALUE(3.1415926535892)),.T.,.UNSPECIFIED.);
#1599=TRIMMED_CURVE('',#2643,(PARAMETER_VALUE(0.0)),(PARAMETER_VALUE(3.1415926535892)),.T.,.UNSPECIFIED.);
#1600=TRIMMED_CURVE('',#2644,(PARAMETER_VALUE(0.0)),(PARAMETER_VALUE(3.1415926535892)),.T.,.UNSPECIFIED.);
#1601=TRIMMED_CURVE('',#2645,(PARAMETER_VALUE(0.0)),(PARAMETER_VALUE(3.1415926535892)),.T.,.UNSPECIFIED.);
#1602=TRIMMED_CURVE('',#2646,(PARAMETER_VALUE(0.0)),(PARAMETER_VALUE(3.1415926535892)),.T.,.UNSPECIFIED.);
#1603=TRIMMED_CURVE('',#2647,(PARAMETER_VALUE(0.0)),(PARAMETER_VALUE(3.1415926535892)),.T.,.UNSPECIFIED.);
#1604=TRIMMED_CURVE('',#2648,(PARAMETER_VALUE(0.0)),(PARAMETER_VALUE(3.1415926535892)),.T.,.UNSPECIFIED.);
#1605=TRIMMED_CURVE('',#2649,(PARAMETER_VALUE(0.0)),(PARAMETER_VALUE(3.1415926535892)),.T.,.UNSPECIFIED.);
#1606=TRIMMED_CURVE('',#2650,(PARAMETER_VALUE(0.0)),(PARAMETER_VALUE(3.1415926535892)),.T.,.UNSPECIFIED.);
#1607=TRIMMED_CURVE('',#2651,(PARAMETER_VALUE(0.0)),(PARAMETER_VALUE(3.1415926535892)),.T.,.UNSPECIFIED.);
#1608=TRIMMED_CURVE('',#2652,(PARAMETER_VALUE(0.0)),(PARAMETER_VALUE(3.1415926535892)),.T.,.UNSPECIFIED.);
#1609=TRIMMED_CURVE('',#2653,(PARAMETER_VALUE(0.0)),(PARAMETER_VALUE(3.1415926535892)),.T.,.UNSPECIFIED.);
#1610=TRIMMED_CURVE('',#2654,(PARAMETER_VALUE(0.0)),(PARAMETER_VALUE(3.1415926535892)),.T.,.UNSPECIFIED.);
#1611=TRIMMED_CURVE('',#2655,(PARAMETER_VALUE(0.0)),(PARAMETER_VALUE(3.1415926535892)),.T.,.UNSPECIFIED.);
#1612=TRIMMED_CURVE('',#2656,(PARAMETER_VALUE(0.0)),(PARAMETER_VALUE(3.1415926535892)),.T.,.UNSPECIFIED.);
#1613=TRIMMED_CURVE('',#2657,(PARAMETER_VALUE(0.0)),(PARAMETER_VALUE(3.1415926535892)),.T.,.UNSPECIFIED.);
#1614=TRIMMED_CURVE('',#2658,(PARAMETER_VALUE(0.0)),(PARAMETER_VALUE(3.1415926535892)),.T.,.UNSPECIFIED.);
#1615=TRIMMED_CURVE('',#2659,(PARAMETER_VALUE(0.0)),(PARAMETER_VALUE(3.1415926535892)),.T.,.UNSPECIFIED.);
#1616=TRIMMED_CURVE('',#2660,(PARAMETER_VALUE(0.0)),(PARAMETER_VALUE(3.1415926535892)),.T.,.UNSPECIFIED.);
#1617=TRIMMED_CURVE('',#2661,(PARAMETER_VALUE(0.0)),(PARAMETER_VALUE(3.1415926535892)),.T.,.UNSPECIFIED.);
#1618=TRIMMED_CURVE('',#2662,(PARAMETER_VALUE(0.0)),(PARAMETER_VALUE(3.1415926535892)),.T.,.UNSPECIFIED.);
#1619=TRIMMED_CURVE('',#2663,(PARAMETER_VALUE(0.0)),(PARAMETER_VALUE(3.1415926535892)),.T.,.UNSPECIFIED.);
#1620=TRIMMED_CURVE('',#2664,(PARAMETER_VALUE(0.0)),(PARAMETER_VALUE(3.1415926535892)),.T.,.UNSPECIFIED.);
#1621=TRIMMED_CURVE('',#2665,(PARAMETER_VALUE(0.0)),(PARAMETER_VALUE(3.1415926535892)),.T.,.UNSPECIFIED.);
#1622=TRIMMED_CURVE('',#2666,(PARAMETER_VALUE(0.0)),(PARAMETER_VALUE(3.1415926535892)),.T.,.UNSPECIFIED.);
#1623=TRIMMED_CURVE('',#2667,(PARAMETER_VALUE(0.0)),(PARAMETER_VALUE(3.1415926535892)),.T.,.UNSPECIFIED.);
#1624=TRIMMED_CURVE('',#2668,(PARAMETER_VALUE(0.0)),(PARAMETER_VALUE(3.1415926535892)),.T.,.UNSPECIFIED.);
#1625=TRIMMED_CURVE('',#2669,(PARAMETER_VALUE(0.0)),(PARAMETER_VALUE(3.1415926535892)),.T.,.UNSPECIFIED.);
#1626=TRIMMED_CURVE('',#2670,(PARAMETER_VALUE(0.0)),(PARAMETER_VALUE(3.1415926535892)),.T.,.UNSPECIFIED.);
#1627=TRIMMED_CURVE('',#2671,(PARAMETER_VALUE(0.0)),(PARAMETER_VALUE(3.1415926535892)),.T.,.UNSPECIFIED.);
#1628=TRIMMED_CURVE('',#2672,(PARAMETER_VALUE(0.0)),(PARAMETER_VALUE(3.1415926535892)),.T.,.UNSPECIFIED.);
#1629=TRIMMED_CURVE('',#2673,(PARAMETER_VALUE(0.0)),(PARAMETER_VALUE(3.1415926535892)),.T.,.UNSPECIFIED.);
#1630=TRIMMED_CURVE('',#2674,(PARAMETER_VALUE(0.0)),(PARAMETER_VALUE(3.1415926535892)),.T.,.UNSPECIFIED.);
#1631=TRIMMED_CURVE('',#2675,(PARAMETER_VALUE(0.0)),(PARAMETER_VALUE(3.1415926535892)),.T.,.UNSPECIFIED.);
#1632=TRIMMED_CURVE('',#2676,(PARAMETER_VALUE(0.0)),(PARAMETER_VALUE(3.1415926535892)),.T.,.UNSPECIFIED.);
#1633=TRIMMED_CURVE('',#2677,(PARAMETER_VALUE(0.0)),(PARAMETER_VALUE(3.1415926535892)),.T.,.UNSPECIFIED.);
#1634=TRIMMED_CURVE('',#2678,(PARAMETER_VALUE(0.0)),(PARAMETER_VALUE(3.1415926535892)),.T.,.UNSPECIFIED.);
#1635=TRIMMED_CURVE('',#2679,(PARAMETER_VALUE(0.0)),(PARAMETER_VALUE(3.1415926535892)),.T.,.UNSPECIFIED.);
#1636=TRIMMED_CURVE('',#2680,(PARAMETER_VALUE(0.0)),(PARAMETER_VALUE(3.1415926535892)),.T.,.UNSPECIFIED.);
#1637=TRIMMED_CURVE('A_54',#2681,(PARAMETER_VALUE(0.0)),(PARAMETER_VALUE(1.0)),.T.,.UNSPECIFIED.);
#1638=EDGE_LOOP('',(#2682,#2683,#2684,#2685));
#1639=AXIS2_PLACEMENT_3D('',#2686,#2687,#2688);
#1640=EDGE_LOOP('',(#2689,#2690,#2691,#2692));
#1641=AXIS2_PLACEMENT_3D('',#2693,#2694,#2695);
#1642=EDGE_LOOP('',(#2696,#2697,#2698,#2699,#2700,#2701,#2702,#2703,#2704,#2705,#2706,#2707,#2708,#2709,#2710,#2711,#2712,#2713,#2714,#2715,#2716,#2717,#2718,#2719,#2720,#2721,#2722,#2723,#2724,#2725,#2726,#2727,#2728,#2729,#2730,#2731));
#1643=EDGE_LOOP('',(#2732,#2733));
#1644=EDGE_LOOP('',(#2734,#2735,#2736,#2737));
#1645=EDGE_LOOP('',(#2738,#2739,#2740,#2741));
#1646=EDGE_LOOP('',(#2742,#2743,#2744,#2745));
#1647=EDGE_LOOP('',(#2746,#2747,#2748,#2749));
#1648=EDGE_LOOP('',(#2750,#2751,#2752,#2753));
#1649=EDGE_LOOP('',(#2754,#2755,#2756,#2757));
#1650=EDGE_LOOP('',(#2758,#2759,#2760,#2761));
#1651=EDGE_LOOP('',(#2762,#2763,#2764,#2765));
#1652=EDGE_LOOP('',(#2766,#2767,#2768,#2769));
#1653=EDGE_LOOP('',(#2770,#2771,#2772,#2773));
#1654=EDGE_LOOP('',(#2774,#2775,#2776,#2777));
#1655=EDGE_LOOP('',(#2778,#2779,#2780,#2781));
#1656=EDGE_LOOP('',(#2782,#2783,#2784,#2785));
#1657=EDGE_LOOP('',(#2786,#2787,#2788,#2789));
#1658=EDGE_LOOP('',(#2790,#2791,#2792,#2793));
#1659=EDGE_LOOP('',(#2794,#2795,#2796,#2797));
#1660=EDGE_LOOP('',(#2798,#2799,#2800,#2801));
#1661=EDGE_LOOP('',(#2802,#2803,#2804,#2805));
#1662=EDGE_LOOP('',(#2806,#2807,#2808,#2809));
#1663=EDGE_LOOP('',(#2810,#2811,#2812,#2813));
#1664=EDGE_LOOP('',(#2814,#2815,#2816,#2817));
#1665=EDGE_LOOP('',(#2818,#2819,#2820,#2821));
#1666=EDGE_LOOP('',(#2822,#2823,#2824,#2825));
#1667=EDGE_LOOP('',(#2826,#2827,#2828,#2829));
#1668=EDGE_LOOP('',(#2830,#2831,#2832,#2833));
#1669=EDGE_LOOP('',(#2834,#2835,#2836,#2837));
#1670=EDGE_LOOP('',(#2838,#2839,#2840,#2841));
#1671=EDGE_LOOP('',(#2842,#2843,#2844,#2845));
#1672=EDGE_LOOP('',(#2846,#2847,#2848,#2849));
#1673=EDGE_LOOP('',(#2850,#2851,#2852,#2853));
#1674=EDGE_LOOP('',(#2854,#2855,#2856,#2857));
#1675=EDGE_LOOP('',(#2858,#2859,#2860,#2861));
#1676=EDGE_LOOP('',(#2862,#2863,#2864,#2865));
#1677=EDGE_LOOP('',(#2866,#2867,#2868,#2869));
#1678=AXIS2_PLACEMENT_3D('',#2870,#2871,#2872);
#1679=EDGE_LOOP('',(#2873,#2874,#2875,#2876,#2877,#2878,#2879,#2880,#2881,#2882,#2883,#2884));
#1680=AXIS2_PLACEMENT_3D('',#2885,#2886,#2887);
#1681=EDGE_LOOP('',(#2888,#2889,#2890,#2891));
#1682=AXIS2_PLACEMENT_3D('',#2892,#2893,#2894);
#1683=EDGE_LOOP('',(#2895,#2896,#2897,#2898));
#1684=AXIS2_PLACEMENT_3D('',#2899,#2900,#2901);
#1685=EDGE_LOOP('',(#2902,#2903,#2904,#2905));
#1686=AXIS2_PLACEMENT_3D('',#2906,#2907,#2908);
#1687=EDGE_LOOP('',(#2909,#2910,#2911,#2912));
#1688=AXIS2_PLACEMENT_3D('',#2913,#2914,#2915);
#1689=EDGE_LOOP('',(#2916,#2917,#2918,#2919));
#1690=AXIS2_PLACEMENT_3D('',#2920,#2921,#2922);
#1691=EDGE_LOOP('',(#2923,#2924,#2925,#2926));
#1692=AXIS2_PLACEMENT_3D('',#2927,#2928,#2929);
#1693=EDGE_LOOP('',(#2930,#2931,#2932,#2933,#2934,#2935,#2936,#2937,#2938,#2939,#2940,#2941,#2942,#2943,#2944,#2945));
#1694=AXIS2_PLACEMENT_3D('',#2946,#2947,#2948);
#1695=EDGE_LOOP('',(#2949,#2950,#2951,#2952));
#1696=AXIS2_PLACEMENT_3D('',#2953,#2954,#2955);
#1697=EDGE_LOOP('',(#2956,#2957,#2958,#2959));
#1698=AXIS2_PLACEMENT_3D('',#2960,#2961,#2962);
#1699=EDGE_LOOP('',(#2963,#2964,#2965,#2966));
#1700=AXIS2_PLACEMENT_3D('',#2967,#2968,#2969);
#1701=EDGE_LOOP('',(#2970,#2971,#2972,#2973));
#1702=AXIS2_PLACEMENT_3D('',#2974,#2975,#2976);
#1703=EDGE_LOOP('',(#2977,#2978,#2979,#2980));
#1704=AXIS2_PLACEMENT_3D('',#2981,#2982,#2983);
#1705=EDGE_LOOP('',(#2984,#2985,#2986,#2987,#2988,#2989,#2990,#2991,#2992,#2993,#2994,#2995,#2996,#2997));
#1706=AXIS2_PLACEMENT_3D('',#2998,#2999,#3000);
#1707=EDGE_LOOP('',(#3001,#3002,#3003,#3004,#3005,#3006,#3007,#3008,#3009,#3010,#3011,#3012,#3013,#3014));
#1708=AXIS2_PLACEMENT_3D('',#3015,#3016,#3017);
#1709=EDGE_LOOP('',(#3018,#3019,#3020,#3021));
#1710=AXIS2_PLACEMENT_3D('',#3022,#3023,#3024);
#1711=EDGE_LOOP('',(#3025,#3026,#3027,#3028));
#1712=AXIS2_PLACEMENT_3D('',#3029,#3030,#3031);
#1713=EDGE_LOOP('',(#3032,#3033,#3034,#3035,#3036,#3037,#3038,#3039,#3040,#3041,#3042,#3043));
#1714=AXIS2_PLACEMENT_3D('',#3044,#3045,#3046);
#1715=EDGE_LOOP('',(#3047,#3048,#3049,#3050,#3051,#3052,#3053,#3054,#3055,#3056,#3057,#3058));
#1716=AXIS2_PLACEMENT_3D('',#3059,#3060,#3061);
#1717=EDGE_LOOP('',(#3062,#3063,#3064,#3065,#3066,#3067,#3068,#3069,#3070,#3071,#3072,#3073));
#1718=AXIS2_PLACEMENT_3D('',#3074,#3075,#3076);
#1719=EDGE_LOOP('',(#3077,#3078,#3079,#3080));
#1720=AXIS2_PLACEMENT_3D('',#3081,#3082,#3083);
#1721=EDGE_LOOP('',(#3084,#3085,#3086,#3087,#3088,#3089,#3090,#3091,#3092,#3093,#3094,#3095,#3096,#3097));
#1722=AXIS2_PLACEMENT_3D('',#3098,#3099,#3100);
#1723=EDGE_LOOP('',(#3101,#3102,#3103,#3104,#3105,#3106,#3107,#3108,#3109,#3110,#3111,#3112,#3113,#3114));
#1724=AXIS2_PLACEMENT_3D('',#3115,#3116,#3117);
#1725=EDGE_LOOP('',(#3118,#3119,#3120,#3121));
#1726=AXIS2_PLACEMENT_3D('',#3122,#3123,#3124);
#1727=EDGE_LOOP('',(#3125,#3126,#3127,#3128));
#1728=AXIS2_PLACEMENT_3D('',#3129,#3130,#3131);
#1729=EDGE_LOOP('',(#3132,#3133,#3134,#3135));
#1730=AXIS2_PLACEMENT_3D('',#3136,#3137,#3138);
#1731=EDGE_LOOP('',(#3139,#3140,#3141,#3142));
#1732=AXIS2_PLACEMENT_3D('',#3143,#3144,#3145);
#1733=EDGE_LOOP('',(#3146,#3147,#3148,#3149,#3150,#3151,#3152,#3153,#3154,#3155,#3156,#3157));
#1734=AXIS2_PLACEMENT_3D('',#3158,#3159,#3160);
#1735=EDGE_LOOP('',(#3161,#3162,#3163,#3164));
#1736=AXIS2_PLACEMENT_3D('',#3165,#3166,#3167);
#1737=EDGE_LOOP('',(#3168,#3169,#3170,#3171));
#1738=AXIS2_PLACEMENT_3D('',#3172,#3173,#3174);
#1739=EDGE_LOOP('',(#3175,#3176,#3177,#3178));
#1740=AXIS2_PLACEMENT_3D('',#3179,#3180,#3181);
#1741=EDGE_LOOP('',(#3182,#3183,#3184,#3185));
#1742=AXIS2_PLACEMENT_3D('',#3186,#3187,#3188);
#1743=EDGE_LOOP('',(#3189,#3190,#3191,#3192));
#1744=AXIS2_PLACEMENT_3D('',#3193,#3194,#3195);
#1745=EDGE_LOOP('',(#3196,#3197,#3198,#3199));
#1746=AXIS2_PLACEMENT_3D('',#3200,#3201,#3202);
#1747=EDGE_LOOP('',(#3203,#3204,#3205,#3206));
#1748=AXIS2_PLACEMENT_3D('',#3207,#3208,#3209);
#1749=EDGE_LOOP('',(#3210,#3211,#3212,#3213));
#1750=AXIS2_PLACEMENT_3D('',#3214,#3215,#3216);
#1751=EDGE_LOOP('',(#3217,#3218,#3219,#3220));
#1752=AXIS2_PLACEMENT_3D('',#3221,#3222,#3223);
#1753=EDGE_LOOP('',(#3224,#3225,#3226,#3227));
#1754=AXIS2_PLACEMENT_3D('',#3228,#3229,#3230);
#1755=EDGE_LOOP('',(#3231,#3232,#3233,#3234));
#1756=AXIS2_PLACEMENT_3D('',#3235,#3236,#3237);
#1757=EDGE_LOOP('',(#3238,#3239,#3240,#3241));
#1758=AXIS2_PLACEMENT_3D('',#3242,#3243,#3244);
#1759=EDGE_LOOP('',(#3245,#3246,#3247,#3248));
#1760=AXIS2_PLACEMENT_3D('',#3249,#3250,#3251);
#1761=EDGE_LOOP('',(#3252,#3253,#3254,#3255));
#1762=AXIS2_PLACEMENT_3D('',#3256,#3257,#3258);
#1763=EDGE_LOOP('',(#3259,#3260,#3261,#3262));
#1764=AXIS2_PLACEMENT_3D('',#3263,#3264,#3265);
#1765=EDGE_LOOP('',(#3266,#3267,#3268,#3269));
#1766=AXIS2_PLACEMENT_3D('',#3270,#3271,#3272);
#1767=EDGE_LOOP('',(#3273,#3274,#3275,#3276));
#1768=AXIS2_PLACEMENT_3D('',#3277,#3278,#3279);
#1769=EDGE_LOOP('',(#3280,#3281,#3282,#3283));
#1770=AXIS2_PLACEMENT_3D('',#3284,#3285,#3286);
#1771=EDGE_LOOP('',(#3287,#3288,#3289,#3290));
#1772=AXIS2_PLACEMENT_3D('',#3291,#3292,#3293);
#1773=EDGE_LOOP('',(#3294,#3295,#3296,#3297));
#1774=AXIS2_PLACEMENT_3D('',#3298,#3299,#3300);
#1775=EDGE_LOOP('',(#3301,#3302,#3303,#3304));
#1776=AXIS2_PLACEMENT_3D('',#3305,#3306,#3307);
#1777=EDGE_LOOP('',(#3308,#3309,#3310,#3311));
#1778=AXIS2_PLACEMENT_3D('',#3312,#3313,#3314);
#1779=EDGE_LOOP('',(#3315,#3316,#3317,#3318,#3319,#3320,#3321,#3322,#3323,#3324,#3325,#3326,#3327,#3328,#3329,#3330,#3331,#3332));
#1780=EDGE_LOOP('',(#3333,#3334,#3335,#3336,#3337,#3338,#3339,#3340,#3341,#3342));
#1781=EDGE_LOOP('',(#3343,#3344,#3345,#3346,#3347,#3348,#3349,#3350,#3351,#3352));
#1782=EDGE_LOOP('',(#3353,#3354,#3355,#3356,#3357,#3358,#3359,#3360,#3361,#3362));
#1783=EDGE_LOOP('',(#3363,#3364,#3365,#3366,#3367,#3368,#3369,#3370,#3371,#3372));
#1784=EDGE_LOOP('',(#3373,#3374,#3375,#3376,#3377,#3378,#3379,#3380,#3381,#3382));
#1785=EDGE_LOOP('',(#3383,#3384,#3385,#3386,#3387,#3388,#3389,#3390,#3391,#3392,#3393,#3394));
#1786=EDGE_LOOP('',(#3395,#3396,#3397,#3398,#3399,#3400,#3401,#3402,#3403,#3404,#3405,#3406));
#1787=EDGE_LOOP('',(#3407,#3408,#3409,#3410,#3411,#3412,#3413,#3414));
#1788=EDGE_LOOP('',(#3415,#3416,#3417,#3418,#3419,#3420,#3421,#3422));
#1789=EDGE_LOOP('',(#3423,#3424,#3425,#3426,#3427,#3428,#3429,#3430,#3431));
#1790=EDGE_LOOP('',(#3432,#3433,#3434,#3435,#3436,#3437,#3438,#3439,#3440));
#1791=EDGE_LOOP('',(#3441,#3442,#3443,#3444,#3445,#3446,#3447,#3448,#3449,#3450,#3451,#3452,#3453,#3454,#3455,#3456,#3457,#3458,#3459));
#1792=EDGE_LOOP('',(#3460,#3461,#3462,#3463,#3464,#3465,#3466,#3467,#3468,#3469,#3470,#3471,#3472,#3473,#3474,#3475,#3476,#3477,#3478));
#1793=EDGE_LOOP('',(#3479,#3480,#3481,#3482,#3483,#3484,#3485,#3486,#3487,#3488));
#1794=AXIS2_PLACEMENT_3D('',#3489,#3490,#3491);
#1795=EDGE_LOOP('',(#3492,#3493,#3494,#3495));
#1796=AXIS2_PLACEMENT_3D('',#3496,#3497,#3498);
#1797=EDGE_LOOP('',(#3499,#3500,#3501,#3502));
#1798=AXIS2_PLACEMENT_3D('',#3503,#3504,#3505);
#1799=EDGE_LOOP('',(#3506,#3507,#3508,#3509));
#1800=AXIS2_PLACEMENT_3D('',#3510,#3511,#3512);
#1801=EDGE_LOOP('',(#3513,#3514,#3515,#3516));
#1802=AXIS2_PLACEMENT_3D('',#3517,#3518,#3519);
#1803=EDGE_LOOP('',(#3520,#3521,#3522,#3523));
#1804=AXIS2_PLACEMENT_3D('',#3524,#3525,#3526);
#1805=EDGE_LOOP('',(#3527,#3528,#3529,#3530));
#1806=AXIS2_PLACEMENT_3D('',#3531,#3532,#3533);
#1807=EDGE_LOOP('',(#3534,#3535,#3536,#3537));
#1808=AXIS2_PLACEMENT_3D('',#3538,#3539,#3540);
#1809=EDGE_LOOP('',(#3541,#3542,#3543,#3544));
#1810=AXIS2_PLACEMENT_3D('',#3545,#3546,#3547);
#1811=EDGE_LOOP('',(#3548,#3549,#3550,#3551));
#1812=AXIS2_PLACEMENT_3D('',#3552,#3553,#3554);
#1813=EDGE_LOOP('',(#3555,#3556,#3557,#3558));
#1814=AXIS2_PLACEMENT_3D('',#3559,#3560,#3561);
#1815=EDGE_LOOP('',(#3562,#3563,#3564,#3565,#3566,#3567,#3568,#3569,#3570,#3571));
#1816=EDGE_LOOP('',(#3572,#3573,#3574,#3575));
#1817=AXIS2_PLACEMENT_3D('',#3576,#3577,#3578);
#1818=EDGE_LOOP('',(#3579,#3580,#3581,#3582,#3583,#3584,#3585,#3586,#3587,#3588));
#1819=EDGE_LOOP('',(#3589,#3590,#3591,#3592));
#1820=AXIS2_PLACEMENT_3D('',#3593,#3594,#3595);
#1821=EDGE_LOOP('',(#3596,#3597,#3598,#3599,#3600,#3601,#3602,#3603,#3604,#3605));
#1822=EDGE_LOOP('',(#3606,#3607,#3608,#3609));
#1823=AXIS2_PLACEMENT_3D('',#3610,#3611,#3612);
#1824=EDGE_LOOP('',(#3613,#3614,#3615,#3616,#3617,#3618,#3619,#3620,#3621,#3622));
#1825=EDGE_LOOP('',(#3623,#3624,#3625,#3626));
#1826=AXIS2_PLACEMENT_3D('',#3627,#3628,#3629);
#1827=EDGE_LOOP('',(#3630,#3631,#3632,#3633,#3634,#3635,#3636,#3637,#3638,#3639,#3640,#3641,#3642,#3643,#3644,#3645,#3646,#3647,#3648));
#1828=EDGE_LOOP('',(#3649,#3650,#3651,#3652));
#1829=EDGE_LOOP('',(#3653,#3654,#3655,#3656));
#1830=AXIS2_PLACEMENT_3D('',#3657,#3658,#3659);
#1831=EDGE_LOOP('',(#3660,#3661,#3662,#3663,#3664,#3665,#3666,#3667,#3668,#3669,#3670,#3671,#3672,#3673,#3674,#3675,#3676,#3677,#3678));
#1832=EDGE_LOOP('',(#3679,#3680,#3681,#3682));
#1833=EDGE_LOOP('',(#3683,#3684,#3685,#3686));
#1834=AXIS2_PLACEMENT_3D('',#3687,#3688,#3689);
#1835=EDGE_LOOP('',(#3690,#3691,#3692,#3693));
#1836=AXIS2_PLACEMENT_3D('',#3694,#3695,#3696);
#1837=EDGE_LOOP('',(#3697,#3698,#3699,#3700));
#1838=AXIS2_PLACEMENT_3D('',#3701,#3702,#3703);
#1839=EDGE_LOOP('',(#3704,#3705,#3706,#3707));
#1840=AXIS2_PLACEMENT_3D('',#3708,#3709,#3710);
#1841=EDGE_LOOP('',(#3711,#3712,#3713,#3714));
#1842=AXIS2_PLACEMENT_3D('',#3715,#3716,#3717);
#1843=EDGE_LOOP('',(#3718,#3719,#3720,#3721));
#1844=AXIS2_PLACEMENT_3D('',#3722,#3723,#3724);
#1845=EDGE_LOOP('',(#3725,#3726,#3727,#3728));
#1846=AXIS2_PLACEMENT_3D('',#3729,#3730,#3731);
#1847=EDGE_LOOP('',(#3732,#3733,#3734,#3735));
#1848=AXIS2_PLACEMENT_3D('',#3736,#3737,#3738);
#1849=EDGE_LOOP('',(#3739,#3740,#3741,#3742));
#1850=AXIS2_PLACEMENT_3D('',#3743,#3744,#3745);
#1851=EDGE_LOOP('',(#3746,#3747,#3748,#3749));
#1852=AXIS2_PLACEMENT_3D('',#3750,#3751,#3752);
#1853=EDGE_LOOP('',(#3753,#3754,#3755,#3756));
#1854=AXIS2_PLACEMENT_3D('',#3757,#3758,#3759);
#1855=EDGE_LOOP('',(#3760,#3761,#3762,#3763));
#1856=AXIS2_PLACEMENT_3D('',#3764,#3765,#3766);
#1857=EDGE_LOOP('',(#3767,#3768,#3769,#3770));
#1858=AXIS2_PLACEMENT_3D('',#3771,#3772,#3773);
#1859=EDGE_LOOP('',(#3774,#3775,#3776,#3777));
#1860=AXIS2_PLACEMENT_3D('',#3778,#3779,#3780);
#1861=EDGE_LOOP('',(#3781,#3782,#3783,#3784));
#1862=AXIS2_PLACEMENT_3D('',#3785,#3786,#3787);
#1863=EDGE_LOOP('',(#3788,#3789,#3790,#3791));
#1864=AXIS2_PLACEMENT_3D('',#3792,#3793,#3794);
#1865=EDGE_LOOP('',(#3795,#3796,#3797,#3798));
#1866=AXIS2_PLACEMENT_3D('',#3799,#3800,#3801);
#1867=EDGE_LOOP('',(#3802,#3803,#3804,#3805));
#1868=AXIS2_PLACEMENT_3D('',#3806,#3807,#3808);
#1869=EDGE_LOOP('',(#3809,#3810,#3811,#3812));
#1870=AXIS2_PLACEMENT_3D('',#3813,#3814,#3815);
#1871=EDGE_LOOP('',(#3816,#3817,#3818,#3819));
#1872=AXIS2_PLACEMENT_3D('',#3820,#3821,#3822);
#1873=EDGE_LOOP('',(#3823,#3824,#3825,#3826));
#1874=AXIS2_PLACEMENT_3D('',#3827,#3828,#3829);
#1875=EDGE_LOOP('',(#3830,#3831,#3832,#3833));
#1876=AXIS2_PLACEMENT_3D('',#3834,#3835,#3836);
#1877=EDGE_LOOP('',(#3837,#3838,#3839,#3840));
#1878=AXIS2_PLACEMENT_3D('',#3841,#3842,#3843);
#1879=EDGE_LOOP('',(#3844,#3845,#3846,#3847));
#1880=AXIS2_PLACEMENT_3D('',#3848,#3849,#3850);
#1881=EDGE_LOOP('',(#3851,#3852,#3853,#3854));
#1882=AXIS2_PLACEMENT_3D('',#3855,#3856,#3857);
#1883=EDGE_LOOP('',(#3858,#3859,#3860,#3861));
#1884=AXIS2_PLACEMENT_3D('',#3862,#3863,#3864);
#1885=EDGE_LOOP('',(#3865,#3866,#3867,#3868));
#1886=AXIS2_PLACEMENT_3D('',#3869,#3870,#3871);
#1887=EDGE_LOOP('',(#3872,#3873,#3874,#3875));
#1888=AXIS2_PLACEMENT_3D('',#3876,#3877,#3878);
#1889=EDGE_LOOP('',(#3879,#3880,#3881,#3882));
#1890=AXIS2_PLACEMENT_3D('',#3883,#3884,#3885);
#1891=EDGE_LOOP('',(#3886,#3887,#3888,#3889));
#1892=AXIS2_PLACEMENT_3D('',#3890,#3891,#3892);
#1893=EDGE_LOOP('',(#3893,#3894,#3895,#3896));
#1894=AXIS2_PLACEMENT_3D('',#3897,#3898,#3899);
#1895=EDGE_LOOP('',(#3900,#3901,#3902,#3903));
#1896=AXIS2_PLACEMENT_3D('',#3904,#3905,#3906);
#1897=EDGE_LOOP('',(#3907,#3908,#3909,#3910));
#1898=AXIS2_PLACEMENT_3D('',#3911,#3912,#3913);
#1899=EDGE_LOOP('',(#3914,#3915,#3916,#3917));
#1900=AXIS2_PLACEMENT_3D('',#3918,#3919,#3920);
#1901=EDGE_LOOP('',(#3921,#3922,#3923,#3924));
#1902=AXIS2_PLACEMENT_3D('',#3925,#3926,#3927);
#1903=EDGE_LOOP('',(#3928,#3929,#3930,#3931));
#1904=AXIS2_PLACEMENT_3D('',#3932,#3933,#3934);
#1905=EDGE_LOOP('',(#3935,#3936,#3937,#3938));
#1906=AXIS2_PLACEMENT_3D('',#3939,#3940,#3941);
#1907=EDGE_LOOP('',(#3942,#3943,#3944,#3945));
#1908=AXIS2_PLACEMENT_3D('',#3946,#3947,#3948);
#1909=EDGE_LOOP('',(#3949,#3950,#3951,#3952));
#1910=AXIS2_PLACEMENT_3D('',#3953,#3954,#3955);
#1911=EDGE_LOOP('',(#3956,#3957,#3958,#3959));
#1912=AXIS2_PLACEMENT_3D('',#3960,#3961,#3962);
#1913=EDGE_LOOP('',(#3963,#3964,#3965,#3966));
#1914=AXIS2_PLACEMENT_3D('',#3967,#3968,#3969);
#1915=EDGE_LOOP('',(#3970,#3971,#3972,#3973));
#1916=AXIS2_PLACEMENT_3D('',#3974,#3975,#3976);
#1917=EDGE_LOOP('',(#3977,#3978,#3979,#3980));
#1918=AXIS2_PLACEMENT_3D('',#3981,#3982,#3983);
#1919=EDGE_LOOP('',(#3984,#3985,#3986,#3987));
#1920=AXIS2_PLACEMENT_3D('',#3988,#3989,#3990);
#1921=EDGE_LOOP('',(#3991,#3992,#3993,#3994));
#1922=AXIS2_PLACEMENT_3D('',#3995,#3996,#3997);
#1923=EDGE_LOOP('',(#3998,#3999,#4000,#4001));
#1924=AXIS2_PLACEMENT_3D('',#4002,#4003,#4004);
#1925=EDGE_LOOP('',(#4005,#4006,#4007,#4008));
#1926=AXIS2_PLACEMENT_3D('',#4009,#4010,#4011);
#1927=EDGE_LOOP('',(#4012,#4013,#4014,#4015));
#1928=AXIS2_PLACEMENT_3D('',#4016,#4017,#4018);
#1929=EDGE_LOOP('',(#4019,#4020,#4021,#4022));
#1930=AXIS2_PLACEMENT_3D('',#4023,#4024,#4025);
#1931=EDGE_LOOP('',(#4026,#4027,#4028,#4029));
#1932=AXIS2_PLACEMENT_3D('',#4030,#4031,#4032);
#1933=EDGE_LOOP('',(#4033,#4034,#4035,#4036));
#1934=AXIS2_PLACEMENT_3D('',#4037,#4038,#4039);
#1935=EDGE_LOOP('',(#4040,#4041,#4042,#4043));
#1936=AXIS2_PLACEMENT_3D('',#4044,#4045,#4046);
#1937=EDGE_LOOP('',(#4047,#4048,#4049,#4050));
#1938=AXIS2_PLACEMENT_3D('',#4051,#4052,#4053);
#1939=EDGE_LOOP('',(#4054,#4055,#4056,#4057));
#1940=AXIS2_PLACEMENT_3D('',#4058,#4059,#4060);
#1941=EDGE_LOOP('',(#4061,#4062,#4063,#4064));
#1942=AXIS2_PLACEMENT_3D('',#4065,#4066,#4067);
#1943=EDGE_LOOP('',(#4068,#4069,#4070,#4071));
#1944=AXIS2_PLACEMENT_3D('',#4072,#4073,#4074);
#1945=EDGE_LOOP('',(#4075,#4076,#4077,#4078));
#1946=AXIS2_PLACEMENT_3D('',#4079,#4080,#4081);
#1947=EDGE_LOOP('',(#4082,#4083,#4084,#4085));
#1948=AXIS2_PLACEMENT_3D('',#4086,#4087,#4088);
#1949=EDGE_LOOP('',(#4089,#4090,#4091,#4092));
#1950=AXIS2_PLACEMENT_3D('',#4093,#4094,#4095);
#1951=EDGE_LOOP('',(#4096,#4097,#4098,#4099));
#1952=AXIS2_PLACEMENT_3D('',#4100,#4101,#4102);
#1953=EDGE_LOOP('',(#4103,#4104,#4105,#4106));
#1954=AXIS2_PLACEMENT_3D('',#4107,#4108,#4109);
#1955=EDGE_LOOP('',(#4110,#4111,#4112,#4113));
#1956=AXIS2_PLACEMENT_3D('',#4114,#4115,#4116);
#1957=EDGE_LOOP('',(#4117,#4118,#4119,#4120));
#1958=AXIS2_PLACEMENT_3D('',#4121,#4122,#4123);
#1959=EDGE_LOOP('',(#4124,#4125,#4126,#4127));
#1960=AXIS2_PLACEMENT_3D('',#4128,#4129,#4130);
#1961=EDGE_LOOP('',(#4131,#4132,#4133,#4134));
#1962=AXIS2_PLACEMENT_3D('',#4135,#4136,#4137);
#1963=EDGE_LOOP('',(#4138,#4139,#4140,#4141));
#1964=AXIS2_PLACEMENT_3D('',#4142,#4143,#4144);
#1965=EDGE_LOOP('',(#4145,#4146,#4147,#4148));
#1966=AXIS2_PLACEMENT_3D('',#4149,#4150,#4151);
#1967=EDGE_LOOP('',(#4152,#4153,#4154,#4155));
#1968=AXIS2_PLACEMENT_3D('',#4156,#4157,#4158);
#1969=EDGE_LOOP('',(#4159,#4160,#4161,#4162));
#1970=AXIS2_PLACEMENT_3D('',#4163,#4164,#4165);
#1971=EDGE_LOOP('',(#4166,#4167,#4168,#4169));
#1972=AXIS2_PLACEMENT_3D('',#4170,#4171,#4172);
#1973=EDGE_LOOP('',(#4173,#4174,#4175,#4176));
#1974=AXIS2_PLACEMENT_3D('',#4177,#4178,#4179);
#1975=EDGE_LOOP('',(#4180,#4181,#4182,#4183));
#1976=AXIS2_PLACEMENT_3D('',#4184,#4185,#4186);
#1977=EDGE_LOOP('',(#4187,#4188,#4189,#4190));
#1978=AXIS2_PLACEMENT_3D('',#4191,#4192,#4193);
#1979=EDGE_LOOP('',(#4194,#4195,#4196,#4197));
#1980=AXIS2_PLACEMENT_3D('',#4198,#4199,#4200);
#1981=EDGE_LOOP('',(#4201,#4202,#4203,#4204));
#1982=AXIS2_PLACEMENT_3D('',#4205,#4206,#4207);
#1983=EDGE_LOOP('',(#4208,#4209,#4210,#4211));
#1984=AXIS2_PLACEMENT_3D('',#4212,#4213,#4214);
#1985=EDGE_LOOP('',(#4215,#4216,#4217,#4218));
#1986=AXIS2_PLACEMENT_3D('',#4219,#4220,#4221);
#1987=EDGE_LOOP('',(#4222,#4223,#4224,#4225));
#1988=AXIS2_PLACEMENT_3D('',#4226,#4227,#4228);
#1989=EDGE_LOOP('',(#4229,#4230,#4231,#4232));
#1990=AXIS2_PLACEMENT_3D('',#4233,#4234,#4235);
#1991=EDGE_LOOP('',(#4236,#4237,#4238,#4239));
#1992=AXIS2_PLACEMENT_3D('',#4240,#4241,#4242);
#1993=EDGE_LOOP('',(#4243,#4244,#4245,#4246));
#1994=AXIS2_PLACEMENT_3D('',#4247,#4248,#4249);
#1995=EDGE_LOOP('',(#4250,#4251,#4252,#4253));
#1996=AXIS2_PLACEMENT_3D('',#4254,#4255,#4256);
#1997=EDGE_LOOP('',(#4257,#4258,#4259,#4260));
#1998=AXIS2_PLACEMENT_3D('',#4261,#4262,#4263);
#1999=EDGE_LOOP('',(#4264,#4265,#4266,#4267));
#2000=AXIS2_PLACEMENT_3D('',#4268,#4269,#4270);
#2001=EDGE_LOOP('',(#4271,#4272,#4273,#4274));
#2002=AXIS2_PLACEMENT_3D('',#4275,#4276,#4277);
#2003=EDGE_LOOP('',(#4278,#4279,#4280,#4281));
#2004=AXIS2_PLACEMENT_3D('',#4282,#4283,#4284);
#2005=EDGE_LOOP('',(#4285,#4286,#4287,#4288));
#2006=AXIS2_PLACEMENT_3D('',#4289,#4290,#4291);
#2007=EDGE_LOOP('',(#4292,#4293,#4294,#4295));
#2008=AXIS2_PLACEMENT_3D('',#4296,#4297,#4298);
#2009=EDGE_LOOP('',(#4299,#4300,#4301,#4302));
#2010=AXIS2_PLACEMENT_3D('',#4303,#4304,#4305);
#2011=EDGE_LOOP('',(#4306,#4307,#4308,#4309));
#2012=AXIS2_PLACEMENT_3D('',#4310,#4311,#4312);
#2013=EDGE_LOOP('',(#4313,#4314,#4315,#4316));
#2014=AXIS2_PLACEMENT_3D('',#4317,#4318,#4319);
#2015=EDGE_LOOP('',(#4320,#4321,#4322,#4323));
#2016=AXIS2_PLACEMENT_3D('',#4324,#4325,#4326);
#2017=EDGE_LOOP('',(#4327,#4328,#4329,#4330));
#2018=AXIS2_PLACEMENT_3D('',#4331,#4332,#4333);
#2019=EDGE_LOOP('',(#4334,#4335,#4336,#4337));
#2020=AXIS2_PLACEMENT_3D('',#4338,#4339,#4340);
#2021=EDGE_LOOP('',(#4341,#4342,#4343,#4344));
#2022=AXIS2_PLACEMENT_3D('',#4345,#4346,#4347);
#2023=EDGE_LOOP('',(#4348,#4349,#4350,#4351));
#2024=AXIS2_PLACEMENT_3D('',#4352,#4353,#4354);
#2025=EDGE_LOOP('',(#4355,#4356,#4357,#4358));
#2026=AXIS2_PLACEMENT_3D('',#4359,#4360,#4361);
#2027=EDGE_LOOP('',(#4362,#4363,#4364,#4365));
#2028=AXIS2_PLACEMENT_3D('',#4366,#4367,#4368);
#2029=EDGE_LOOP('',(#4369,#4370,#4371,#4372));
#2030=AXIS2_PLACEMENT_3D('',#4373,#4374,#4375);
#2031=EDGE_LOOP('',(#4376,#4377,#4378,#4379));
#2032=AXIS2_PLACEMENT_3D('',#4380,#4381,#4382);
#2033=EDGE_LOOP('',(#4383,#4384,#4385,#4386));
#2034=AXIS2_PLACEMENT_3D('',#4387,#4388,#4389);
#2035=EDGE_LOOP('',(#4390,#4391,#4392,#4393));
#2036=AXIS2_PLACEMENT_3D('',#4394,#4395,#4396);
#2037=EDGE_LOOP('',(#4397,#4398,#4399,#4400));
#2038=AXIS2_PLACEMENT_3D('',#4401,#4402,#4403);
#2039=EDGE_LOOP('',(#4404,#4405,#4406,#4407));
#2040=AXIS2_PLACEMENT_3D('',#4408,#4409,#4410);
#2041=EDGE_LOOP('',(#4411,#4412,#4413,#4414));
#2042=AXIS2_PLACEMENT_3D('',#4415,#4416,#4417);
#2043=EDGE_LOOP('',(#4418,#4419,#4420,#4421));
#2044=AXIS2_PLACEMENT_3D('',#4422,#4423,#4424);
#2045=EDGE_LOOP('',(#4425,#4426,#4427,#4428));
#2046=AXIS2_PLACEMENT_3D('',#4429,#4430,#4431);
#2047=EDGE_LOOP('',(#4432,#4433,#4434,#4435));
#2048=AXIS2_PLACEMENT_3D('',#4436,#4437,#4438);
#2049=EDGE_LOOP('',(#4439,#4440,#4441,#4442));
#2050=AXIS2_PLACEMENT_3D('',#4443,#4444,#4445);
#2051=EDGE_LOOP('',(#4446,#4447,#4448,#4449));
#2052=AXIS2_PLACEMENT_3D('',#4450,#4451,#4452);
#2053=EDGE_LOOP('',(#4453,#4454,#4455,#4456));
#2054=AXIS2_PLACEMENT_3D('',#4457,#4458,#4459);
#2055=EDGE_LOOP('',(#4460,#4461,#4462,#4463));
#2056=AXIS2_PLACEMENT_3D('',#4464,#4465,#4466);
#2057=EDGE_LOOP('',(#4467,#4468,#4469,#4470));
#2058=AXIS2_PLACEMENT_3D('',#4471,#4472,#4473);
#2059=EDGE_LOOP('',(#4474,#4475,#4476,#4477));
#2060=AXIS2_PLACEMENT_3D('',#4478,#4479,#4480);
#2061=EDGE_LOOP('',(#4481,#4482,#4483,#4484));
#2062=AXIS2_PLACEMENT_3D('',#4485,#4486,#4487);
#2063=EDGE_LOOP('',(#4488,#4489,#4490,#4491));
#2064=AXIS2_PLACEMENT_3D('',#4492,#4493,#4494);
#2065=EDGE_LOOP('',(#4495,#4496,#4497,#4498));
#2066=AXIS2_PLACEMENT_3D('',#4499,#4500,#4501);
#2067=EDGE_LOOP('',(#4502,#4503,#4504,#4505));
#2068=AXIS2_PLACEMENT_3D('',#4506,#4507,#4508);
#2069=EDGE_LOOP('',(#4509,#4510,#4511,#4512));
#2070=AXIS2_PLACEMENT_3D('',#4513,#4514,#4515);
#2071=EDGE_LOOP('',(#4516,#4517,#4518,#4519,#4520,#4521,#4522,#4523,#4524,#4525));
#2072=EDGE_LOOP('',(#4526,#4527,#4528,#4529));
#2073=AXIS2_PLACEMENT_3D('',#4530,#4531,#4532);
#2074=EDGE_LOOP('',(#4533,#4534,#4535,#4536,#4537,#4538,#4539,#4540,#4541,#4542));
#2075=EDGE_LOOP('',(#4543,#4544,#4545,#4546));
#2076=AXIS2_PLACEMENT_3D('',#4547,#4548,#4549);
#2077=EDGE_LOOP('',(#4550,#4551,#4552,#4553));
#2078=AXIS2_PLACEMENT_3D('',#4554,#4555,#4556);
#2079=EDGE_LOOP('',(#4557,#4558,#4559,#4560));
#2080=AXIS2_PLACEMENT_3D('',#4561,#4562,#4563);
#2081=EDGE_LOOP('',(#4564,#4565,#4566,#4567));
#2082=AXIS2_PLACEMENT_3D('',#4568,#4569,#4570);
#2083=EDGE_LOOP('',(#4571,#4572,#4573,#4574));
#2084=AXIS2_PLACEMENT_3D('',#4575,#4576,#4577);
#2085=EDGE_LOOP('',(#4578,#4579,#4580,#4581));
#2086=AXIS2_PLACEMENT_3D('',#4582,#4583,#4584);
#2087=EDGE_LOOP('',(#4585,#4586,#4587,#4588));
#2088=AXIS2_PLACEMENT_3D('',#4589,#4590,#4591);
#2089=EDGE_LOOP('',(#4592,#4593,#4594,#4595));
#2090=AXIS2_PLACEMENT_3D('',#4596,#4597,#4598);
#2091=EDGE_LOOP('',(#4599,#4600,#4601,#4602));
#2092=AXIS2_PLACEMENT_3D('',#4603,#4604,#4605);
#2093=EDGE_LOOP('',(#4606,#4607,#4608,#4609));
#2094=AXIS2_PLACEMENT_3D('',#4610,#4611,#4612);
#2095=EDGE_LOOP('',(#4613,#4614,#4615,#4616));
#2096=AXIS2_PLACEMENT_3D('',#4617,#4618,#4619);
#2097=EDGE_LOOP('',(#4620,#4621,#4622,#4623));
#2098=AXIS2_PLACEMENT_3D('',#4624,#4625,#4626);
#2099=EDGE_LOOP('',(#4627,#4628,#4629,#4630));
#2100=AXIS2_PLACEMENT_3D('',#4631,#4632,#4633);
#2101=EDGE_LOOP('',(#4634,#4635,#4636,#4637));
#2102=AXIS2_PLACEMENT_3D('',#4638,#4639,#4640);
#2103=EDGE_LOOP('',(#4641,#4642,#4643,#4644));
#2104=AXIS2_PLACEMENT_3D('',#4645,#4646,#4647);
#2105=EDGE_LOOP('',(#4648,#4649,#4650,#4651));
#2106=AXIS2_PLACEMENT_3D('',#4652,#4653,#4654);
#2107=EDGE_LOOP('',(#4655,#4656,#4657,#4658));
#2108=AXIS2_PLACEMENT_3D('',#4659,#4660,#4661);
#2109=EDGE_LOOP('',(#4662,#4663,#4664,#4665));
#2110=AXIS2_PLACEMENT_3D('',#4666,#4667,#4668);
#2111=EDGE_LOOP('',(#4669,#4670,#4671,#4672));
#2112=AXIS2_PLACEMENT_3D('',#4673,#4674,#4675);
#2113=EDGE_LOOP('',(#4676,#4677,#4678,#4679));
#2114=AXIS2_PLACEMENT_3D('',#4680,#4681,#4682);
#2115=EDGE_LOOP('',(#4683,#4684,#4685,#4686));
#2116=AXIS2_PLACEMENT_3D('',#4687,#4688,#4689);
#2117=EDGE_LOOP('',(#4690,#4691,#4692,#4693));
#2118=AXIS2_PLACEMENT_3D('',#4694,#4695,#4696);
#2119=EDGE_LOOP('',(#4697,#4698,#4699,#4700));
#2120=AXIS2_PLACEMENT_3D('',#4701,#4702,#4703);
#2121=EDGE_LOOP('',(#4704,#4705,#4706,#4707));
#2122=AXIS2_PLACEMENT_3D('',#4708,#4709,#4710);
#2123=EDGE_LOOP('',(#4711,#4712,#4713,#4714));
#2124=AXIS2_PLACEMENT_3D('',#4715,#4716,#4717);
#2125=EDGE_LOOP('',(#4718,#4719,#4720,#4721));
#2126=AXIS2_PLACEMENT_3D('',#4722,#4723,#4724);
#2127=EDGE_LOOP('',(#4725,#4726,#4727,#4728));
#2128=AXIS2_PLACEMENT_3D('',#4729,#4730,#4731);
#2129=EDGE_LOOP('',(#4732,#4733,#4734,#4735));
#2130=AXIS2_PLACEMENT_3D('',#4736,#4737,#4738);
#2131=EDGE_LOOP('',(#4739,#4740,#4741,#4742,#4743,#4744));
#2132=AXIS2_PLACEMENT_3D('',#4745,#4746,#4747);
#2133=EDGE_LOOP('',(#4748,#4749,#4750,#4751,#4752));
#2134=AXIS2_PLACEMENT_3D('',#4753,#4754,#4755);
#2135=EDGE_LOOP('',(#4756,#4757,#4758,#4759,#4760));
#2136=AXIS2_PLACEMENT_3D('',#4761,#4762,#4763);
#2137=EDGE_LOOP('',(#4764,#4765,#4766,#4767,#4768));
#2138=AXIS2_PLACEMENT_3D('',#4769,#4770,#4771);
#2139=EDGE_LOOP('',(#4772,#4773,#4774,#4775,#4776));
#2140=AXIS2_PLACEMENT_3D('',#4777,#4778,#4779);
#2141=EDGE_LOOP('',(#4780,#4781,#4782,#4783));
#2142=AXIS2_PLACEMENT_3D('',#4784,#4785,#4786);
#2143=EDGE_LOOP('',(#4787,#4788,#4789,#4790,#4791,#4792,#4793,#4794));
#2144=AXIS2_PLACEMENT_3D('',#4795,#4796,#4797);
#2145=EDGE_LOOP('',(#4798,#4799,#4800,#4801,#4802,#4803));
#2146=AXIS2_PLACEMENT_3D('',#4804,#4805,#4806);
#2147=EDGE_LOOP('',(#4807,#4808,#4809,#4810));
#2148=AXIS2_PLACEMENT_3D('',#4811,#4812,#4813);
#2149=EDGE_LOOP('',(#4814,#4815,#4816,#4817));
#2150=AXIS2_PLACEMENT_3D('',#4818,#4819,#4820);
#2151=EDGE_LOOP('',(#4821,#4822,#4823,#4824));
#2152=AXIS2_PLACEMENT_3D('',#4825,#4826,#4827);
#2153=EDGE_LOOP('',(#4828,#4829,#4830,#4831));
#2154=AXIS2_PLACEMENT_3D('',#4832,#4833,#4834);
#2155=EDGE_LOOP('',(#4835,#4836,#4837,#4838,#4839,#4840));
#2156=AXIS2_PLACEMENT_3D('',#4841,#4842,#4843);
#2157=EDGE_LOOP('',(#4844,#4845,#4846,#4847,#4848,#4849,#4850,#4851));
#2158=AXIS2_PLACEMENT_3D('',#4852,#4853,#4854);
#2159=EDGE_LOOP('',(#4855,#4856,#4857,#4858));
#2160=AXIS2_PLACEMENT_3D('',#4859,#4860,#4861);
#2161=EDGE_LOOP('',(#4862,#4863,#4864,#4865));
#2162=AXIS2_PLACEMENT_3D('',#4866,#4867,#4868);
#2163=EDGE_LOOP('',(#4869,#4870,#4871,#4872));
#2164=AXIS2_PLACEMENT_3D('',#4873,#4874,#4875);
#2165=EDGE_LOOP('',(#4876,#4877,#4878,#4879));
#2166=AXIS2_PLACEMENT_3D('',#4880,#4881,#4882);
#2167=EDGE_LOOP('',(#4883,#4884,#4885,#4886,#4887,#4888));
#2168=AXIS2_PLACEMENT_3D('',#4889,#4890,#4891);
#2169=EDGE_LOOP('',(#4892,#4893,#4894,#4895));
#2170=AXIS2_PLACEMENT_3D('',#4896,#4897,#4898);
#2171=EDGE_LOOP('',(#4899,#4900,#4901,#4902));
#2172=AXIS2_PLACEMENT_3D('',#4903,#4904,#4905);
#2173=EDGE_LOOP('',(#4906,#4907,#4908,#4909));
#2174=AXIS2_PLACEMENT_3D('',#4910,#4911,#4912);
#2175=EDGE_LOOP('',(#4913,#4914,#4915,#4916));
#2176=AXIS2_PLACEMENT_3D('',#4917,#4918,#4919);
#2177=EDGE_LOOP('',(#4920,#4921,#4922,#4923));
#2178=AXIS2_PLACEMENT_3D('',#4924,#4925,#4926);
#2179=EDGE_LOOP('',(#4927,#4928,#4929,#4930));
#2180=AXIS2_PLACEMENT_3D('',#4931,#4932,#4933);
#2181=EDGE_LOOP('',(#4934,#4935,#4936,#4937));
#2182=AXIS2_PLACEMENT_3D('',#4938,#4939,#4940);
#2183=EDGE_LOOP('',(#4941,#4942,#4943,#4944));
#2184=AXIS2_PLACEMENT_3D('',#4945,#4946,#4947);
#2185=EDGE_LOOP('',(#4948,#4949,#4950,#4951));
#2186=AXIS2_PLACEMENT_3D('',#4952,#4953,#4954);
#2187=EDGE_LOOP('',(#4955,#4956,#4957,#4958));
#2188=AXIS2_PLACEMENT_3D('',#4959,#4960,#4961);
#2189=EDGE_LOOP('',(#4962,#4963,#4964,#4965));
#2190=AXIS2_PLACEMENT_3D('',#4966,#4967,#4968);
#2191=EDGE_LOOP('',(#4969,#4970,#4971,#4972));
#2192=AXIS2_PLACEMENT_3D('',#4973,#4974,#4975);
#2193=EDGE_LOOP('',(#4976,#4977,#4978,#4979));
#2194=AXIS2_PLACEMENT_3D('',#4980,#4981,#4982);
#2195=EDGE_LOOP('',(#4983,#4984,#4985,#4986));
#2196=AXIS2_PLACEMENT_3D('',#4987,#4988,#4989);
#2197=EDGE_LOOP('',(#4990,#4991,#4992,#4993));
#2198=AXIS2_PLACEMENT_3D('',#4994,#4995,#4996);
#2199=EDGE_LOOP('',(#4997,#4998,#4999,#5000));
#2200=AXIS2_PLACEMENT_3D('',#5001,#5002,#5003);
#2201=EDGE_LOOP('',(#5004,#5005,#5006,#5007));
#2202=AXIS2_PLACEMENT_3D('',#5008,#5009,#5010);
#2203=EDGE_LOOP('',(#5011,#5012,#5013,#5014));
#2204=AXIS2_PLACEMENT_3D('',#5015,#5016,#5017);
#2205=EDGE_LOOP('',(#5018,#5019,#5020,#5021,#5022,#5023,#5024,#5025));
#2206=AXIS2_PLACEMENT_3D('',#5026,#5027,#5028);
#2207=EDGE_LOOP('',(#5029,#5030,#5031,#5032));
#2208=AXIS2_PLACEMENT_3D('',#5033,#5034,#5035);
#2209=EDGE_LOOP('',(#5036,#5037,#5038,#5039));
#2210=AXIS2_PLACEMENT_3D('',#5040,#5041,#5042);
#2211=EDGE_LOOP('',(#5043,#5044,#5045,#5046));
#2212=AXIS2_PLACEMENT_3D('',#5047,#5048,#5049);
#2213=EDGE_LOOP('',(#5050,#5051,#5052,#5053));
#2214=AXIS2_PLACEMENT_3D('',#5054,#5055,#5056);
#2215=EDGE_LOOP('',(#5057,#5058,#5059,#5060));
#2216=AXIS2_PLACEMENT_3D('',#5061,#5062,#5063);
#2217=EDGE_LOOP('',(#5064,#5065,#5066,#5067));
#2218=AXIS2_PLACEMENT_3D('',#5068,#5069,#5070);
#2219=EDGE_LOOP('',(#5071,#5072,#5073,#5074));
#2220=AXIS2_PLACEMENT_3D('',#5075,#5076,#5077);
#2221=EDGE_LOOP('',(#5078,#5079,#5080,#5081));
#2222=AXIS2_PLACEMENT_3D('',#5082,#5083,#5084);
#2223=EDGE_LOOP('',(#5085,#5086,#5087,#5088,#5089,#5090,#5091,#5092));
#2224=AXIS2_PLACEMENT_3D('',#5093,#5094,#5095);
#2225=EDGE_LOOP('',(#5096,#5097,#5098,#5099));
#2226=AXIS2_PLACEMENT_3D('',#5100,#5101,#5102);
#2227=EDGE_LOOP('',(#5103,#5104,#5105,#5106));
#2228=AXIS2_PLACEMENT_3D('',#5107,#5108,#5109);
#2229=EDGE_LOOP('',(#5110,#5111,#5112,#5113));
#2230=AXIS2_PLACEMENT_3D('',#5114,#5115,#5116);
#2231=EDGE_LOOP('',(#5117,#5118,#5119,#5120));
#2232=AXIS2_PLACEMENT_3D('',#5121,#5122,#5123);
#2233=EDGE_LOOP('',(#5124,#5125,#5126,#5127));
#2234=AXIS2_PLACEMENT_3D('',#5128,#5129,#5130);
#2235=EDGE_LOOP('',(#5131,#5132,#5133,#5134));
#2236=AXIS2_PLACEMENT_3D('',#5135,#5136,#5137);
#2237=EDGE_LOOP('',(#5138,#5139,#5140,#5141));
#2238=AXIS2_PLACEMENT_3D('',#5142,#5143,#5144);
#2239=EDGE_LOOP('',(#5145,#5146,#5147,#5148));
#2240=AXIS2_PLACEMENT_3D('',#5149,#5150,#5151);
#2241=EDGE_LOOP('',(#5152,#5153,#5154,#5155));
#2242=AXIS2_PLACEMENT_3D('',#5156,#5157,#5158);
#2243=EDGE_LOOP('',(#5159,#5160,#5161,#5162,#5163,#5164,#5165,#5166,#5167));
#2244=AXIS2_PLACEMENT_3D('',#5168,#5169,#5170);
#2245=EDGE_LOOP('',(#5171,#5172,#5173,#5174,#5175,#5176,#5177,#5178,#5179));
#2246=AXIS2_PLACEMENT_3D('',#5180,#5181,#5182);
#2247=EDGE_LOOP('',(#5183,#5184,#5185,#5186));
#2248=AXIS2_PLACEMENT_3D('',#5187,#5188,#5189);
#2249=EDGE_LOOP('',(#5190,#5191,#5192,#5193));
#2250=AXIS2_PLACEMENT_3D('',#5194,#5195,#5196);
#2251=EDGE_LOOP('',(#5197,#5198,#5199,#5200));
#2252=AXIS2_PLACEMENT_3D('',#5201,#5202,#5203);
#2253=EDGE_LOOP('',(#5204,#5205,#5206,#5207));
#2254=AXIS2_PLACEMENT_3D('',#5208,#5209,#5210);
#2255=EDGE_LOOP('',(#5211,#5212,#5213,#5214));
#2256=AXIS2_PLACEMENT_3D('',#5215,#5216,#5217);
#2257=EDGE_LOOP('',(#5218,#5219,#5220,#5221));
#2258=AXIS2_PLACEMENT_3D('',#5222,#5223,#5224);
#2259=EDGE_LOOP('',(#5225,#5226,#5227,#5228));
#2260=AXIS2_PLACEMENT_3D('',#5229,#5230,#5231);
#2261=EDGE_LOOP('',(#5232,#5233,#5234,#5235));
#2262=AXIS2_PLACEMENT_3D('',#5236,#5237,#5238);
#2263=EDGE_LOOP('',(#5239,#5240,#5241,#5242));
#2264=AXIS2_PLACEMENT_3D('',#5243,#5244,#5245);
#2265=EDGE_LOOP('',(#5246,#5247,#5248,#5249));
#2266=AXIS2_PLACEMENT_3D('',#5250,#5251,#5252);
#2267=EDGE_LOOP('',(#5253,#5254));
#2268=AXIS2_PLACEMENT_3D('',#5255,#5256,#5257);
#2269=EDGE_LOOP('',(#5258,#5259,#5260,#5261,#5262));
#2270=AXIS2_PLACEMENT_3D('',#5263,#5264,#5265);
#2271=EDGE_LOOP('',(#5266,#5267,#5268,#5269,#5270));
#2272=AXIS2_PLACEMENT_3D('',#5271,#5272,#5273);
#2273=EDGE_LOOP('',(#5274,#5275,#5276,#5277));
#2274=AXIS2_PLACEMENT_3D('',#5278,#5279,#5280);
#2275=EDGE_LOOP('',(#5281,#5282,#5283,#5284));
#2276=AXIS2_PLACEMENT_3D('',#5285,#5286,#5287);
#2277=EDGE_LOOP('',(#5288,#5289,#5290,#5291));
#2278=AXIS2_PLACEMENT_3D('',#5292,#5293,#5294);
#2279=EDGE_LOOP('',(#5295,#5296,#5297,#5298,#5299,#5300));
#2280=AXIS2_PLACEMENT_3D('',#5301,#5302,#5303);
#2281=EDGE_LOOP('',(#5304,#5305,#5306,#5307,#5308,#5309));
#2282=AXIS2_PLACEMENT_3D('',#5310,#5311,#5312);
#2283=EDGE_LOOP('',(#5313,#5314,#5315,#5316));
#2284=AXIS2_PLACEMENT_3D('',#5317,#5318,#5319);
#2285=EDGE_LOOP('',(#5320,#5321,#5322,#5323,#5324,#5325));
#2286=AXIS2_PLACEMENT_3D('',#5326,#5327,#5328);
#2287=EDGE_LOOP('',(#5329,#5330,#5331,#5332,#5333,#5334));
#2288=AXIS2_PLACEMENT_3D('',#5335,#5336,#5337);
#2289=EDGE_LOOP('',(#5338,#5339,#5340,#5341));
#2290=AXIS2_PLACEMENT_3D('',#5342,#5343,#5344);
#2291=EDGE_LOOP('',(#5345,#5346,#5347,#5348));
#2292=AXIS2_PLACEMENT_3D('',#5349,#5350,#5351);
#2293=EDGE_LOOP('',(#5352,#5353,#5354,#5355));
#2294=AXIS2_PLACEMENT_3D('',#5356,#5357,#5358);
#2295=EDGE_LOOP('',(#5359,#5360,#5361,#5362));
#2296=AXIS2_PLACEMENT_3D('',#5363,#5364,#5365);
#2297=EDGE_LOOP('',(#5366,#5367,#5368,#5369));
#2298=AXIS2_PLACEMENT_3D('',#5370,#5371,#5372);
#2299=EDGE_LOOP('',(#5373,#5374,#5375,#5376));
#2300=AXIS2_PLACEMENT_3D('',#5377,#5378,#5379);
#2301=EDGE_LOOP('',(#5380,#5381,#5382,#5383));
#2302=AXIS2_PLACEMENT_3D('',#5384,#5385,#5386);
#2303=EDGE_LOOP('',(#5387,#5388,#5389,#5390));
#2304=AXIS2_PLACEMENT_3D('',#5391,#5392,#5393);
#2305=EDGE_LOOP('',(#5394,#5395,#5396,#5397));
#2306=AXIS2_PLACEMENT_3D('',#5398,#5399,#5400);
#2307=EDGE_LOOP('',(#5401,#5402,#5403,#5404,#5405,#5406));
#2308=AXIS2_PLACEMENT_3D('',#5407,#5408,#5409);
#2309=EDGE_LOOP('',(#5410,#5411,#5412,#5413,#5414,#5415));
#2310=AXIS2_PLACEMENT_3D('',#5416,#5417,#5418);
#2311=EDGE_LOOP('',(#5419,#5420,#5421,#5422));
#2312=AXIS2_PLACEMENT_3D('',#5423,#5424,#5425);
#2313=EDGE_LOOP('',(#5426,#5427,#5428,#5429));
#2314=AXIS2_PLACEMENT_3D('',#5430,#5431,#5432);
#2315=EDGE_LOOP('',(#5433,#5434,#5435,#5436));
#2316=AXIS2_PLACEMENT_3D('',#5437,#5438,#5439);
#2317=EDGE_LOOP('',(#5440,#5441,#5442,#5443));
#2318=AXIS2_PLACEMENT_3D('',#5444,#5445,#5446);
#2319=EDGE_LOOP('',(#5447,#5448,#5449,#5450));
#2320=AXIS2_PLACEMENT_3D('',#5451,#5452,#5453);
#2321=EDGE_LOOP('',(#5454,#5455,#5456,#5457,#5458,#5459));
#2322=AXIS2_PLACEMENT_3D('',#5460,#5461,#5462);
#2323=EDGE_LOOP('',(#5463,#5464,#5465,#5466,#5467,#5468));
#2324=AXIS2_PLACEMENT_3D('',#5469,#5470,#5471);
#2325=EDGE_LOOP('',(#5472,#5473,#5474,#5475));
#2326=AXIS2_PLACEMENT_3D('',#5476,#5477,#5478);
#2327=EDGE_LOOP('',(#5479,#5480,#5481,#5482));
#2328=AXIS2_PLACEMENT_3D('',#5483,#5484,#5485);
#2329=EDGE_LOOP('',(#5486,#5487,#5488,#5489));
#2330=AXIS2_PLACEMENT_3D('',#5490,#5491,#5492);
#2331=EDGE_LOOP('',(#5493,#5494,#5495,#5496));
#2332=AXIS2_PLACEMENT_3D('',#5497,#5498,#5499);
#2333=EDGE_LOOP('',(#5500,#5501,#5502,#5503));
#2334=AXIS2_PLACEMENT_3D('',#5504,#5505,#5506);
#2335=EDGE_LOOP('',(#5507,#5508,#5509,#5510));
#2336=AXIS2_PLACEMENT_3D('',#5511,#5512,#5513);
#2337=EDGE_LOOP('',(#5514,#5515,#5516,#5517));
#2338=AXIS2_PLACEMENT_3D('',#5518,#5519,#5520);
#2339=EDGE_LOOP('',(#5521,#5522,#5523,#5524));
#2340=AXIS2_PLACEMENT_3D('',#5525,#5526,#5527);
#2341=EDGE_LOOP('',(#5528,#5529,#5530,#5531));
#2342=AXIS2_PLACEMENT_3D('',#5532,#5533,#5534);
#2343=EDGE_LOOP('',(#5535,#5536,#5537,#5538));
#2344=AXIS2_PLACEMENT_3D('',#5539,#5540,#5541);
#2345=EDGE_LOOP('',(#5542,#5543,#5544,#5545));
#2346=AXIS2_PLACEMENT_3D('',#5546,#5547,#5548);
#2347=EDGE_LOOP('',(#5549,#5550,#5551,#5552));
#2348=AXIS2_PLACEMENT_3D('',#5553,#5554,#5555);
#2349=EDGE_LOOP('',(#5556,#5557,#5558,#5559));
#2350=AXIS2_PLACEMENT_3D('',#5560,#5561,#5562);
#2351=EDGE_LOOP('',(#5563,#5564,#5565,#5566));
#2352=AXIS2_PLACEMENT_3D('',#5567,#5568,#5569);
#2353=EDGE_LOOP('',(#5570,#5571,#5572,#5573));
#2354=AXIS2_PLACEMENT_3D('',#5574,#5575,#5576);
#2355=EDGE_LOOP('',(#5577,#5578,#5579,#5580));
#2356=AXIS2_PLACEMENT_3D('',#5581,#5582,#5583);
#2357=EDGE_LOOP('',(#5584,#5585,#5586,#5587));
#2358=AXIS2_PLACEMENT_3D('',#5588,#5589,#5590);
#2359=EDGE_LOOP('',(#5591,#5592,#5593,#5594));
#2360=AXIS2_PLACEMENT_3D('',#5595,#5596,#5597);
#2361=EDGE_LOOP('',(#5598,#5599,#5600,#5601));
#2362=AXIS2_PLACEMENT_3D('',#5602,#5603,#5604);
#2363=EDGE_LOOP('',(#5605,#5606,#5607,#5608));
#2364=AXIS2_PLACEMENT_3D('',#5609,#5610,#5611);
#2365=EDGE_LOOP('',(#5612,#5613,#5614,#5615));
#2366=AXIS2_PLACEMENT_3D('',#5616,#5617,#5618);
#2367=EDGE_LOOP('',(#5619,#5620,#5621,#5622));
#2368=AXIS2_PLACEMENT_3D('',#5623,#5624,#5625);
#2369=EDGE_LOOP('',(#5626,#5627,#5628,#5629));
#2370=AXIS2_PLACEMENT_3D('',#5630,#5631,#5632);
#2371=EDGE_LOOP('',(#5633,#5634,#5635,#5636));
#2372=AXIS2_PLACEMENT_3D('',#5637,#5638,#5639);
#2373=EDGE_LOOP('',(#5640,#5641,#5642,#5643));
#2374=AXIS2_PLACEMENT_3D('',#5644,#5645,#5646);
#2375=EDGE_LOOP('',(#5647,#5648,#5649,#5650));
#2376=AXIS2_PLACEMENT_3D('',#5651,#5652,#5653);
#2377=EDGE_LOOP('',(#5654,#5655,#5656,#5657));
#2378=AXIS2_PLACEMENT_3D('',#5658,#5659,#5660);
#2379=EDGE_LOOP('',(#5661,#5662,#5663,#5664));
#2380=AXIS2_PLACEMENT_3D('',#5665,#5666,#5667);
#2381=EDGE_LOOP('',(#5668,#5669,#5670,#5671));
#2382=AXIS2_PLACEMENT_3D('',#5672,#5673,#5674);
#2383=EDGE_LOOP('',(#5675,#5676,#5677,#5678));
#2384=AXIS2_PLACEMENT_3D('',#5679,#5680,#5681);
#2385=EDGE_LOOP('',(#5682,#5683,#5684,#5685));
#2386=AXIS2_PLACEMENT_3D('',#5686,#5687,#5688);
#2387=EDGE_LOOP('',(#5689,#5690,#5691,#5692));
#2388=AXIS2_PLACEMENT_3D('',#5693,#5694,#5695);
#2389=EDGE_LOOP('',(#5696,#5697,#5698,#5699));
#2390=AXIS2_PLACEMENT_3D('',#5700,#5701,#5702);
#2391=EDGE_LOOP('',(#5703,#5704,#5705,#5706));
#2392=AXIS2_PLACEMENT_3D('',#5707,#5708,#5709);
#2393=EDGE_LOOP('',(#5710,#5711,#5712,#5713));
#2394=AXIS2_PLACEMENT_3D('',#5714,#5715,#5716);
#2395=EDGE_LOOP('',(#5717,#5718,#5719,#5720));
#2396=AXIS2_PLACEMENT_3D('',#5721,#5722,#5723);
#2397=EDGE_LOOP('',(#5724,#5725,#5726,#5727));
#2398=AXIS2_PLACEMENT_3D('',#5728,#5729,#5730);
#2399=EDGE_LOOP('',(#5731,#5732,#5733,#5734));
#2400=AXIS2_PLACEMENT_3D('',#5735,#5736,#5737);
#2401=EDGE_LOOP('',(#5738,#5739,#5740,#5741));
#2402=AXIS2_PLACEMENT_3D('',#5742,#5743,#5744);
#2403=EDGE_LOOP('',(#5745,#5746,#5747,#5748));
#2404=AXIS2_PLACEMENT_3D('',#5749,#5750,#5751);
#2405=EDGE_LOOP('',(#5752,#5753,#5754,#5755));
#2406=AXIS2_PLACEMENT_3D('',#5756,#5757,#5758);
#2407=EDGE_LOOP('',(#5759,#5760,#5761,#5762));
#2408=AXIS2_PLACEMENT_3D('',#5763,#5764,#5765);
#2409=EDGE_LOOP('',(#5766,#5767,#5768,#5769));
#2410=AXIS2_PLACEMENT_3D('',#5770,#5771,#5772);
#2411=EDGE_LOOP('',(#5773,#5774,#5775,#5776));
#2412=AXIS2_PLACEMENT_3D('',#5777,#5778,#5779);
#2413=EDGE_LOOP('',(#5780,#5781,#5782,#5783));
#2414=AXIS2_PLACEMENT_3D('',#5784,#5785,#5786);
#2415=EDGE_LOOP('',(#5787,#5788,#5789,#5790));
#2416=AXIS2_PLACEMENT_3D('',#5791,#5792,#5793);
#2417=EDGE_LOOP('',(#5794,#5795,#5796,#5797));
#2418=AXIS2_PLACEMENT_3D('',#5798,#5799,#5800);
#2419=EDGE_LOOP('',(#5801,#5802,#5803,#5804));
#2420=AXIS2_PLACEMENT_3D('',#5805,#5806,#5807);
#2421=EDGE_LOOP('',(#5808,#5809,#5810,#5811));
#2422=AXIS2_PLACEMENT_3D('',#5812,#5813,#5814);
#2423=EDGE_LOOP('',(#5815,#5816,#5817,#5818));
#2424=AXIS2_PLACEMENT_3D('',#5819,#5820,#5821);
#2425=EDGE_LOOP('',(#5822,#5823,#5824,#5825));
#2426=AXIS2_PLACEMENT_3D('',#5826,#5827,#5828);
#2427=EDGE_LOOP('',(#5829,#5830,#5831,#5832));
#2428=AXIS2_PLACEMENT_3D('',#5833,#5834,#5835);
#2429=EDGE_LOOP('',(#5836,#5837,#5838,#5839));
#2430=AXIS2_PLACEMENT_3D('',#5840,#5841,#5842);
#2431=EDGE_LOOP('',(#5843,#5844,#5845,#5846));
#2432=AXIS2_PLACEMENT_3D('',#5847,#5848,#5849);
#2433=EDGE_LOOP('',(#5850,#5851,#5852,#5853));
#2434=AXIS2_PLACEMENT_3D('',#5854,#5855,#5856);
#2435=EDGE_LOOP('',(#5857,#5858,#5859,#5860));
#2436=AXIS2_PLACEMENT_3D('',#5861,#5862,#5863);
#2437=EDGE_LOOP('',(#5864,#5865,#5866,#5867));
#2438=AXIS2_PLACEMENT_3D('',#5868,#5869,#5870);
#2439=EDGE_LOOP('',(#5871,#5872,#5873,#5874));
#2440=AXIS2_PLACEMENT_3D('',#5875,#5876,#5877);
#2441=EDGE_LOOP('',(#5878,#5879,#5880,#5881));
#2442=AXIS2_PLACEMENT_3D('',#5882,#5883,#5884);
#2443=EDGE_LOOP('',(#5885,#5886,#5887,#5888));
#2444=AXIS2_PLACEMENT_3D('',#5889,#5890,#5891);
#2445=EDGE_LOOP('',(#5892,#5893,#5894,#5895));
#2446=AXIS2_PLACEMENT_3D('',#5896,#5897,#5898);
#2447=EDGE_LOOP('',(#5899,#5900,#5901,#5902));
#2448=AXIS2_PLACEMENT_3D('',#5903,#5904,#5905);
#2449=EDGE_LOOP('',(#5906,#5907,#5908,#5909));
#2450=AXIS2_PLACEMENT_3D('',#5910,#5911,#5912);
#2451=EDGE_LOOP('',(#5913,#5914,#5915,#5916));
#2452=AXIS2_PLACEMENT_3D('',#5917,#5918,#5919);
#2453=EDGE_LOOP('',(#5920,#5921,#5922,#5923));
#2454=AXIS2_PLACEMENT_3D('',#5924,#5925,#5926);
#2455=EDGE_LOOP('',(#5927,#5928,#5929,#5930));
#2456=AXIS2_PLACEMENT_3D('',#5931,#5932,#5933);
#2457=EDGE_LOOP('',(#5934,#5935,#5936,#5937));
#2458=AXIS2_PLACEMENT_3D('',#5938,#5939,#5940);
#2459=EDGE_LOOP('',(#5941,#5942,#5943,#5944));
#2460=AXIS2_PLACEMENT_3D('',#5945,#5946,#5947);
#2461=EDGE_LOOP('',(#5948,#5949,#5950,#5951));
#2462=AXIS2_PLACEMENT_3D('',#5952,#5953,#5954);
#2463=EDGE_LOOP('',(#5955,#5956,#5957,#5958));
#2464=AXIS2_PLACEMENT_3D('',#5959,#5960,#5961);
#2465=EDGE_LOOP('',(#5962,#5963,#5964,#5965));
#2466=AXIS2_PLACEMENT_3D('',#5966,#5967,#5968);
#2467=EDGE_LOOP('',(#5969,#5970,#5971,#5972));
#2468=AXIS2_PLACEMENT_3D('',#5973,#5974,#5975);
#2469=EDGE_LOOP('',(#5976,#5977,#5978,#5979));
#2470=AXIS2_PLACEMENT_3D('',#5980,#5981,#5982);
#2471=EDGE_LOOP('',(#5983,#5984,#5985,#5986));
#2472=AXIS2_PLACEMENT_3D('',#5987,#5988,#5989);
#2473=EDGE_LOOP('',(#5990,#5991,#5992,#5993));
#2474=AXIS2_PLACEMENT_3D('',#5994,#5995,#5996);
#2475=EDGE_LOOP('',(#5997,#5998,#5999,#6000));
#2476=AXIS2_PLACEMENT_3D('',#6001,#6002,#6003);
#2477=EDGE_LOOP('',(#6004,#6005,#6006,#6007));
#2478=AXIS2_PLACEMENT_3D('',#6008,#6009,#6010);
#2479=EDGE_LOOP('',(#6011,#6012,#6013,#6014));
#2480=AXIS2_PLACEMENT_3D('',#6015,#6016,#6017);
#2481=EDGE_LOOP('',(#6018,#6019,#6020,#6021));
#2482=AXIS2_PLACEMENT_3D('',#6022,#6023,#6024);
#2483=EDGE_LOOP('',(#6025,#6026,#6027,#6028));
#2484=AXIS2_PLACEMENT_3D('',#6029,#6030,#6031);
#2485=EDGE_LOOP('',(#6032,#6033,#6034,#6035));
#2486=AXIS2_PLACEMENT_3D('',#6036,#6037,#6038);
#2487=EDGE_LOOP('',(#6039,#6040,#6041,#6042));
#2488=AXIS2_PLACEMENT_3D('',#6043,#6044,#6045);
#2489=EDGE_LOOP('',(#6046,#6047,#6048,#6049));
#2490=AXIS2_PLACEMENT_3D('',#6050,#6051,#6052);
#2491=EDGE_LOOP('',(#6053,#6054,#6055,#6056));
#2492=AXIS2_PLACEMENT_3D('',#6057,#6058,#6059);
#2493=EDGE_LOOP('',(#6060,#6061,#6062,#6063));
#2494=AXIS2_PLACEMENT_3D('',#6064,#6065,#6066);
#2495=EDGE_LOOP('',(#6067,#6068,#6069,#6070));
#2496=AXIS2_PLACEMENT_3D('',#6071,#6072,#6073);
#2497=EDGE_LOOP('',(#6074,#6075,#6076,#6077));
#2498=AXIS2_PLACEMENT_3D('',#6078,#6079,#6080);
#2499=EDGE_LOOP('',(#6081,#6082,#6083,#6084));
#2500=AXIS2_PLACEMENT_3D('',#6085,#6086,#6087);
#2501=EDGE_LOOP('',(#6088,#6089,#6090,#6091));
#2502=AXIS2_PLACEMENT_3D('',#6092,#6093,#6094);
#2503=EDGE_LOOP('',(#6095,#6096,#6097,#6098));
#2504=AXIS2_PLACEMENT_3D('',#6099,#6100,#6101);
#2505=EDGE_LOOP('',(#6102,#6103,#6104,#6105));
#2506=AXIS2_PLACEMENT_3D('',#6106,#6107,#6108);
#2507=EDGE_LOOP('',(#6109,#6110,#6111,#6112));
#2508=AXIS2_PLACEMENT_3D('',#6113,#6114,#6115);
#2509=EDGE_LOOP('',(#6116,#6117,#6118,#6119));
#2510=AXIS2_PLACEMENT_3D('',#6120,#6121,#6122);
#2511=EDGE_LOOP('',(#6123,#6124,#6125,#6126));
#2512=AXIS2_PLACEMENT_3D('',#6127,#6128,#6129);
#2513=EDGE_LOOP('',(#6130,#6131,#6132,#6133));
#2514=AXIS2_PLACEMENT_3D('',#6134,#6135,#6136);
#2515=EDGE_LOOP('',(#6137,#6138,#6139,#6140));
#2516=AXIS2_PLACEMENT_3D('',#6141,#6142,#6143);
#2517=EDGE_LOOP('',(#6144,#6145,#6146,#6147));
#2518=AXIS2_PLACEMENT_3D('',#6148,#6149,#6150);
#2519=EDGE_LOOP('',(#6151,#6152,#6153,#6154));
#2520=AXIS2_PLACEMENT_3D('',#6155,#6156,#6157);
#2521=EDGE_LOOP('',(#6158,#6159,#6160,#6161));
#2522=AXIS2_PLACEMENT_3D('',#6162,#6163,#6164);
#2523=EDGE_LOOP('',(#6165,#6166,#6167,#6168));
#2524=AXIS2_PLACEMENT_3D('',#6169,#6170,#6171);
#2525=EDGE_LOOP('',(#6172,#6173,#6174,#6175));
#2526=AXIS2_PLACEMENT_3D('',#6176,#6177,#6178);
#2527=EDGE_LOOP('',(#6179,#6180,#6181,#6182));
#2528=AXIS2_PLACEMENT_3D('',#6183,#6184,#6185);
#2529=EDGE_LOOP('',(#6186,#6187,#6188,#6189));
#2530=AXIS2_PLACEMENT_3D('',#6190,#6191,#6192);
#2531=EDGE_LOOP('',(#6193,#6194,#6195,#6196));
#2532=AXIS2_PLACEMENT_3D('',#6197,#6198,#6199);
#2533=EDGE_LOOP('',(#6200,#6201,#6202,#6203));
#2534=AXIS2_PLACEMENT_3D('',#6204,#6205,#6206);
#2535=EDGE_LOOP('',(#6207,#6208,#6209,#6210));
#2536=AXIS2_PLACEMENT_3D('',#6211,#6212,#6213);
#2537=EDGE_LOOP('',(#6214,#6215,#6216,#6217));
#2538=AXIS2_PLACEMENT_3D('',#6218,#6219,#6220);
#2539=EDGE_LOOP('',(#6221,#6222,#6223,#6224));
#2540=AXIS2_PLACEMENT_3D('',#6225,#6226,#6227);
#2541=EDGE_LOOP('',(#6228,#6229,#6230,#6231));
#2542=AXIS2_PLACEMENT_3D('',#6232,#6233,#6234);
#2543=EDGE_LOOP('',(#6235,#6236,#6237,#6238));
#2544=AXIS2_PLACEMENT_3D('',#6239,#6240,#6241);
#2545=EDGE_LOOP('',(#6242,#6243,#6244,#6245));
#2546=AXIS2_PLACEMENT_3D('',#6246,#6247,#6248);
#2547=EDGE_LOOP('',(#6249,#6250,#6251,#6252));
#2548=AXIS2_PLACEMENT_3D('',#6253,#6254,#6255);
#2549=EDGE_LOOP('',(#6256,#6257,#6258,#6259));
#2550=AXIS2_PLACEMENT_3D('',#6260,#6261,#6262);
#2551=EDGE_LOOP('',(#6263,#6264,#6265,#6266));
#2552=AXIS2_PLACEMENT_3D('',#6267,#6268,#6269);
#2553=EDGE_LOOP('',(#6270,#6271,#6272,#6273));
#2554=AXIS2_PLACEMENT_3D('',#6274,#6275,#6276);
#2555=EDGE_LOOP('',(#6277,#6278,#6279,#6280));
#2556=AXIS2_PLACEMENT_3D('',#6281,#6282,#6283);
#2557=EDGE_LOOP('',(#6284,#6285,#6286,#6287));
#2558=AXIS2_PLACEMENT_3D('',#6288,#6289,#6290);
#2559=EDGE_LOOP('',(#6291,#6292,#6293,#6294));
#2560=AXIS2_PLACEMENT_3D('',#6295,#6296,#6297);
#2561=EDGE_LOOP('',(#6298,#6299,#6300,#6301));
#2562=AXIS2_PLACEMENT_3D('',#6302,#6303,#6304);
#2563=EDGE_LOOP('',(#6305,#6306,#6307,#6308));
#2564=AXIS2_PLACEMENT_3D('',#6309,#6310,#6311);
#2565=EDGE_LOOP('',(#6312,#6313,#6314,#6315));
#2566=AXIS2_PLACEMENT_3D('',#6316,#6317,#6318);
#2567=EDGE_LOOP('',(#6319,#6320,#6321,#6322));
#2568=AXIS2_PLACEMENT_3D('',#6323,#6324,#6325);
#2569=EDGE_LOOP('',(#6326,#6327,#6328,#6329));
#2570=AXIS2_PLACEMENT_3D('',#6330,#6331,#6332);
#2571=EDGE_LOOP('',(#6333,#6334,#6335,#6336));
#2572=AXIS2_PLACEMENT_3D('',#6337,#6338,#6339);
#2573=EDGE_LOOP('',(#6340,#6341,#6342,#6343));
#2574=AXIS2_PLACEMENT_3D('',#6344,#6345,#6346);
#2575=EDGE_LOOP('',(#6347,#6348,#6349,#6350));
#2576=AXIS2_PLACEMENT_3D('',#6351,#6352,#6353);
#2577=EDGE_LOOP('',(#6354,#6355,#6356,#6357));
#2578=AXIS2_PLACEMENT_3D('',#6358,#6359,#6360);
#2579=EDGE_LOOP('',(#6361,#6362,#6363,#6364));
#2580=AXIS2_PLACEMENT_3D('',#6365,#6366,#6367);
#2581=EDGE_LOOP('',(#6368,#6369,#6370,#6371));
#2582=AXIS2_PLACEMENT_3D('',#6372,#6373,#6374);
#2583=EDGE_LOOP('',(#6375,#6376,#6377,#6378));
#2584=AXIS2_PLACEMENT_3D('',#6379,#6380,#6381);
#2585=EDGE_LOOP('',(#6382,#6383,#6384,#6385));
#2586=AXIS2_PLACEMENT_3D('',#6386,#6387,#6388);
#2587=EDGE_LOOP('',(#6389,#6390,#6391,#6392));
#2588=AXIS2_PLACEMENT_3D('',#6393,#6394,#6395);
#2589=EDGE_LOOP('',(#6396,#6397,#6398,#6399));
#2590=AXIS2_PLACEMENT_3D('',#6400,#6401,#6402);
#2591=EDGE_LOOP('',(#6403,#6404,#6405,#6406));
#2592=AXIS2_PLACEMENT_3D('',#6407,#6408,#6409);
#2593=EDGE_LOOP('',(#6410,#6411,#6412,#6413));
#2594=AXIS2_PLACEMENT_3D('',#6414,#6415,#6416);
#2595=EDGE_LOOP('',(#6417,#6418,#6419,#6420));
#2596=AXIS2_PLACEMENT_3D('',#6421,#6422,#6423);
#2597=EDGE_LOOP('',(#6424,#6425,#6426,#6427));
#2598=AXIS2_PLACEMENT_3D('',#6428,#6429,#6430);
#2599=EDGE_LOOP('',(#6431,#6432,#6433,#6434));
#2600=AXIS2_PLACEMENT_3D('',#6435,#6436,#6437);
#2601=EDGE_LOOP('',(#6438,#6439,#6440,#6441));
#2602=AXIS2_PLACEMENT_3D('',#6442,#6443,#6444);
#2603=EDGE_LOOP('',(#6445,#6446,#6447,#6448));
#2604=AXIS2_PLACEMENT_3D('',#6449,#6450,#6451);
#2605=EDGE_LOOP('',(#6452,#6453,#6454,#6455));
#2606=AXIS2_PLACEMENT_3D('',#6456,#6457,#6458);
#2607=EDGE_LOOP('',(#6459,#6460,#6461,#6462));
#2608=AXIS2_PLACEMENT_3D('',#6463,#6464,#6465);
#2609=EDGE_LOOP('',(#6466,#6467,#6468,#6469));
#2610=AXIS2_PLACEMENT_3D('',#6470,#6471,#6472);
#2611=EDGE_LOOP('',(#6473,#6474,#6475,#6476));
#2612=AXIS2_PLACEMENT_3D('',#6477,#6478,#6479);
#2613=EDGE_LOOP('',(#6480,#6481,#6482,#6483));
#2614=AXIS2_PLACEMENT_3D('',#6484,#6485,#6486);
#2615=EDGE_LOOP('',(#6487,#6488,#6489,#6490));
#2616=AXIS2_PLACEMENT_3D('',#6491,#6492,#6493);
#2617=EDGE_LOOP('',(#6494,#6495,#6496,#6497));
#2618=AXIS2_PLACEMENT_3D('',#6498,#6499,#6500);
#2619=EDGE_LOOP('',(#6501,#6502,#6503,#6504));
#2620=AXIS2_PLACEMENT_3D('',#6505,#6506,#6507);
#2621=EDGE_LOOP('',(#6508,#6509,#6510,#6511));
#2622=AXIS2_PLACEMENT_3D('',#6512,#6513,#6514);
#2623=EDGE_LOOP('',(#6515,#6516,#6517,#6518));
#2624=AXIS2_PLACEMENT_3D('',#6519,#6520,#6521);
#2625=EDGE_LOOP('',(#6522,#6523,#6524,#6525));
#2626=AXIS2_PLACEMENT_3D('',#6526,#6527,#6528);
#2627=EDGE_LOOP('',(#6529,#6530,#6531,#6532));
#2628=AXIS2_PLACEMENT_3D('',#6533,#6534,#6535);
#2629=EDGE_LOOP('',(#6536,#6537,#6538,#6539));
#2630=AXIS2_PLACEMENT_3D('',#6540,#6541,#6542);
#2631=EDGE_LOOP('',(#6543,#6544,#6545,#6546));
#2632=AXIS2_PLACEMENT_3D('',#6547,#6548,#6549);
#2633=EDGE_LOOP('',(#6550,#6551,#6552,#6553));
#2634=AXIS2_PLACEMENT_3D('',#6554,#6555,#6556);
#2635=CIRCLE('',#6557,1.4);
#2636=CIRCLE('',#6558,1.4);
#2637=CIRCLE('',#6559,1.4);
#2638=CIRCLE('',#6560,1.4);
#2639=CIRCLE('',#6561,1.4);
#2640=CIRCLE('',#6562,1.4);
#2641=CIRCLE('',#6563,1.4);
#2642=CIRCLE('',#6564,1.4);
#2643=CIRCLE('',#6565,1.4);
#2644=CIRCLE('',#6566,1.4);
#2645=CIRCLE('',#6567,1.4);
#2646=CIRCLE('',#6568,1.4);
#2647=CIRCLE('',#6569,1.4);
#2648=CIRCLE('',#6570,1.4);
#2649=CIRCLE('',#6571,1.4);
#2650=CIRCLE('',#6572,1.4);
#2651=CIRCLE('',#6573,1.4);
#2652=CIRCLE('',#6574,1.4);
#2653=CIRCLE('',#6575,1.4);
#2654=CIRCLE('',#6576,1.4);
#2655=CIRCLE('',#6577,1.4);
#2656=CIRCLE('',#6578,1.4);
#2657=CIRCLE('',#6579,1.4);
#2658=CIRCLE('',#6580,1.4);
#2659=CIRCLE('',#6581,1.4);
#2660=CIRCLE('',#6582,1.4);
#2661=CIRCLE('',#6583,1.4);
#2662=CIRCLE('',#6584,1.4);
#2663=CIRCLE('',#6585,1.4);
#2664=CIRCLE('',#6586,1.4);
#2665=CIRCLE('',#6587,1.4);
#2666=CIRCLE('',#6588,1.4);
#2667=CIRCLE('',#6589,1.4);
#2668=CIRCLE('',#6590,1.4);
#2669=CIRCLE('',#6591,1.4);
#2670=CIRCLE('',#6592,1.4);
#2671=CIRCLE('',#6593,1.4);
#2672=CIRCLE('',#6594,1.4);
#2673=CIRCLE('',#6595,1.4);
#2674=CIRCLE('',#6596,1.4);
#2675=CIRCLE('',#6597,1.5);
#2676=CIRCLE('',#6598,1.5);
#2677=CIRCLE('',#6599,1.5);
#2678=CIRCLE('',#6600,1.5);
#2679=CIRCLE('',#6601,1.5);
#2680=CIRCLE('',#6602,1.5);
#2681=LINE('',#6603,#6604);
#2682=ORIENTED_EDGE('',*,*,#6605,.F.);
#2683=ORIENTED_EDGE('',*,*,#6606,.F.);
#2684=ORIENTED_EDGE('',*,*,#6607,.T.);
#2685=ORIENTED_EDGE('',*,*,#6608,.T.);
#2686=CARTESIAN_POINT('',(15.0,0.0,-13.94999987103));
#2687=DIRECTION('',(-0.0,0.0,1.0));
#2688=DIRECTION('',(0.0,-1.0,0.0));
#2689=ORIENTED_EDGE('',*,*,#6609,.F.);
#2690=ORIENTED_EDGE('',*,*,#6610,.T.);
#2691=ORIENTED_EDGE('',*,*,#6607,.F.);
#2692=ORIENTED_EDGE('',*,*,#6611,.F.);
#2693=CARTESIAN_POINT('',(15.0,0.0,-13.94999987103));
#2694=DIRECTION('',(-0.0,0.0,1.0));
#2695=DIRECTION('',(0.0,-1.0,0.0));
#2696=ORIENTED_EDGE('',*,*,#6612,.T.);
#2697=ORIENTED_EDGE('',*,*,#6613,.F.);
#2698=ORIENTED_EDGE('',*,*,#6614,.F.);
#2699=ORIENTED_EDGE('',*,*,#6615,.F.);
#2700=ORIENTED_EDGE('',*,*,#6616,.T.);
#2701=ORIENTED_EDGE('',*,*,#6617,.T.);
#2702=ORIENTED_EDGE('',*,*,#6618,.F.);
#2703=ORIENTED_EDGE('',*,*,#6619,.F.);
#2704=ORIENTED_EDGE('',*,*,#6620,.T.);
#2705=ORIENTED_EDGE('',*,*,#6621,.T.);
#2706=ORIENTED_EDGE('',*,*,#6622,.F.);
#2707=ORIENTED_EDGE('',*,*,#6623,.F.);
#2708=ORIENTED_EDGE('',*,*,#6624,.F.);
#2709=ORIENTED_EDGE('',*,*,#6625,.F.);
#2710=ORIENTED_EDGE('',*,*,#6626,.T.);
#2711=ORIENTED_EDGE('',*,*,#6627,.F.);
#2712=ORIENTED_EDGE('',*,*,#6628,.F.);
#2713=ORIENTED_EDGE('',*,*,#6629,.F.);
#2714=ORIENTED_EDGE('',*,*,#6630,.T.);
#2715=ORIENTED_EDGE('',*,*,#6631,.F.);
#2716=ORIENTED_EDGE('',*,*,#6632,.F.);
#2717=ORIENTED_EDGE('',*,*,#6633,.T.);
#2718=ORIENTED_EDGE('',*,*,#6634,.F.);
#2719=ORIENTED_EDGE('',*,*,#6635,.F.);
#2720=ORIENTED_EDGE('',*,*,#6636,.F.);
#2721=ORIENTED_EDGE('',*,*,#6637,.T.);
#2722=ORIENTED_EDGE('',*,*,#6638,.F.);
#2723=ORIENTED_EDGE('',*,*,#6639,.F.);
#2724=ORIENTED_EDGE('',*,*,#6640,.F.);
#2725=ORIENTED_EDGE('',*,*,#6641,.F.);
#2726=ORIENTED_EDGE('',*,*,#6642,.F.);
#2727=ORIENTED_EDGE('',*,*,#6643,.F.);
#2728=ORIENTED_EDGE('',*,*,#6644,.T.);
#2729=ORIENTED_EDGE('',*,*,#6645,.F.);
#2730=ORIENTED_EDGE('',*,*,#6646,.F.);
#2731=ORIENTED_EDGE('',*,*,#6647,.F.);
#2732=ORIENTED_EDGE('',*,*,#6648,.F.);
#2733=ORIENTED_EDGE('',*,*,#6649,.F.);
#2734=ORIENTED_EDGE('',*,*,#6650,.F.);
#2735=ORIENTED_EDGE('',*,*,#6651,.F.);
#2736=ORIENTED_EDGE('',*,*,#6652,.T.);
#2737=ORIENTED_EDGE('',*,*,#6653,.F.);
#2738=ORIENTED_EDGE('',*,*,#6654,.F.);
#2739=ORIENTED_EDGE('',*,*,#6655,.F.);
#2740=ORIENTED_EDGE('',*,*,#6656,.T.);
#2741=ORIENTED_EDGE('',*,*,#6657,.F.);
#2742=ORIENTED_EDGE('',*,*,#6658,.T.);
#2743=ORIENTED_EDGE('',*,*,#6659,.F.);
#2744=ORIENTED_EDGE('',*,*,#6660,.F.);
#2745=ORIENTED_EDGE('',*,*,#6661,.T.);
#2746=ORIENTED_EDGE('',*,*,#6662,.T.);
#2747=ORIENTED_EDGE('',*,*,#6663,.F.);
#2748=ORIENTED_EDGE('',*,*,#6664,.F.);
#2749=ORIENTED_EDGE('',*,*,#6665,.T.);
#2750=ORIENTED_EDGE('',*,*,#6666,.F.);
#2751=ORIENTED_EDGE('',*,*,#6667,.F.);
#2752=ORIENTED_EDGE('',*,*,#6668,.F.);
#2753=ORIENTED_EDGE('',*,*,#6669,.F.);
#2754=ORIENTED_EDGE('',*,*,#6670,.F.);
#2755=ORIENTED_EDGE('',*,*,#6671,.F.);
#2756=ORIENTED_EDGE('',*,*,#6672,.F.);
#2757=ORIENTED_EDGE('',*,*,#6673,.F.);
#2758=ORIENTED_EDGE('',*,*,#6674,.F.);
#2759=ORIENTED_EDGE('',*,*,#6675,.F.);
#2760=ORIENTED_EDGE('',*,*,#6676,.F.);
#2761=ORIENTED_EDGE('',*,*,#6677,.F.);
#2762=ORIENTED_EDGE('',*,*,#6678,.F.);
#2763=ORIENTED_EDGE('',*,*,#6679,.F.);
#2764=ORIENTED_EDGE('',*,*,#6680,.F.);
#2765=ORIENTED_EDGE('',*,*,#6681,.F.);
#2766=ORIENTED_EDGE('',*,*,#6682,.F.);
#2767=ORIENTED_EDGE('',*,*,#6683,.F.);
#2768=ORIENTED_EDGE('',*,*,#6684,.F.);
#2769=ORIENTED_EDGE('',*,*,#6685,.F.);
#2770=ORIENTED_EDGE('',*,*,#6686,.F.);
#2771=ORIENTED_EDGE('',*,*,#6687,.F.);
#2772=ORIENTED_EDGE('',*,*,#6688,.F.);
#2773=ORIENTED_EDGE('',*,*,#6689,.F.);
#2774=ORIENTED_EDGE('',*,*,#6690,.F.);
#2775=ORIENTED_EDGE('',*,*,#6691,.F.);
#2776=ORIENTED_EDGE('',*,*,#6692,.F.);
#2777=ORIENTED_EDGE('',*,*,#6693,.F.);
#2778=ORIENTED_EDGE('',*,*,#6694,.F.);
#2779=ORIENTED_EDGE('',*,*,#6695,.F.);
#2780=ORIENTED_EDGE('',*,*,#6696,.F.);
#2781=ORIENTED_EDGE('',*,*,#6697,.F.);
#2782=ORIENTED_EDGE('',*,*,#6698,.F.);
#2783=ORIENTED_EDGE('',*,*,#6699,.F.);
#2784=ORIENTED_EDGE('',*,*,#6700,.F.);
#2785=ORIENTED_EDGE('',*,*,#6701,.F.);
#2786=ORIENTED_EDGE('',*,*,#6702,.F.);
#2787=ORIENTED_EDGE('',*,*,#6703,.F.);
#2788=ORIENTED_EDGE('',*,*,#6704,.F.);
#2789=ORIENTED_EDGE('',*,*,#6705,.F.);
#2790=ORIENTED_EDGE('',*,*,#6706,.F.);
#2791=ORIENTED_EDGE('',*,*,#6707,.F.);
#2792=ORIENTED_EDGE('',*,*,#6708,.F.);
#2793=ORIENTED_EDGE('',*,*,#6709,.F.);
#2794=ORIENTED_EDGE('',*,*,#6710,.F.);
#2795=ORIENTED_EDGE('',*,*,#6711,.F.);
#2796=ORIENTED_EDGE('',*,*,#6712,.F.);
#2797=ORIENTED_EDGE('',*,*,#6713,.F.);
#2798=ORIENTED_EDGE('',*,*,#6714,.F.);
#2799=ORIENTED_EDGE('',*,*,#6715,.F.);
#2800=ORIENTED_EDGE('',*,*,#6716,.F.);
#2801=ORIENTED_EDGE('',*,*,#6717,.F.);
#2802=ORIENTED_EDGE('',*,*,#6718,.F.);
#2803=ORIENTED_EDGE('',*,*,#6719,.F.);
#2804=ORIENTED_EDGE('',*,*,#6720,.F.);
#2805=ORIENTED_EDGE('',*,*,#6721,.F.);
#2806=ORIENTED_EDGE('',*,*,#6722,.F.);
#2807=ORIENTED_EDGE('',*,*,#6723,.F.);
#2808=ORIENTED_EDGE('',*,*,#6724,.F.);
#2809=ORIENTED_EDGE('',*,*,#6725,.F.);
#2810=ORIENTED_EDGE('',*,*,#6726,.F.);
#2811=ORIENTED_EDGE('',*,*,#6727,.F.);
#2812=ORIENTED_EDGE('',*,*,#6728,.F.);
#2813=ORIENTED_EDGE('',*,*,#6729,.F.);
#2814=ORIENTED_EDGE('',*,*,#6730,.F.);
#2815=ORIENTED_EDGE('',*,*,#6731,.F.);
#2816=ORIENTED_EDGE('',*,*,#6732,.F.);
#2817=ORIENTED_EDGE('',*,*,#6733,.F.);
#2818=ORIENTED_EDGE('',*,*,#6734,.F.);
#2819=ORIENTED_EDGE('',*,*,#6735,.F.);
#2820=ORIENTED_EDGE('',*,*,#6736,.F.);
#2821=ORIENTED_EDGE('',*,*,#6737,.F.);
#2822=ORIENTED_EDGE('',*,*,#6738,.F.);
#2823=ORIENTED_EDGE('',*,*,#6739,.F.);
#2824=ORIENTED_EDGE('',*,*,#6740,.F.);
#2825=ORIENTED_EDGE('',*,*,#6741,.F.);
#2826=ORIENTED_EDGE('',*,*,#6742,.F.);
#2827=ORIENTED_EDGE('',*,*,#6743,.F.);
#2828=ORIENTED_EDGE('',*,*,#6744,.F.);
#2829=ORIENTED_EDGE('',*,*,#6745,.F.);
#2830=ORIENTED_EDGE('',*,*,#6746,.F.);
#2831=ORIENTED_EDGE('',*,*,#6747,.F.);
#2832=ORIENTED_EDGE('',*,*,#6748,.F.);
#2833=ORIENTED_EDGE('',*,*,#6749,.F.);
#2834=ORIENTED_EDGE('',*,*,#6750,.F.);
#2835=ORIENTED_EDGE('',*,*,#6751,.F.);
#2836=ORIENTED_EDGE('',*,*,#6752,.F.);
#2837=ORIENTED_EDGE('',*,*,#6753,.F.);
#2838=ORIENTED_EDGE('',*,*,#6754,.F.);
#2839=ORIENTED_EDGE('',*,*,#6755,.F.);
#2840=ORIENTED_EDGE('',*,*,#6756,.F.);
#2841=ORIENTED_EDGE('',*,*,#6757,.F.);
#2842=ORIENTED_EDGE('',*,*,#6758,.F.);
#2843=ORIENTED_EDGE('',*,*,#6759,.F.);
#2844=ORIENTED_EDGE('',*,*,#6760,.F.);
#2845=ORIENTED_EDGE('',*,*,#6761,.F.);
#2846=ORIENTED_EDGE('',*,*,#6762,.F.);
#2847=ORIENTED_EDGE('',*,*,#6763,.F.);
#2848=ORIENTED_EDGE('',*,*,#6764,.F.);
#2849=ORIENTED_EDGE('',*,*,#6765,.F.);
#2850=ORIENTED_EDGE('',*,*,#6766,.F.);
#2851=ORIENTED_EDGE('',*,*,#6767,.F.);
#2852=ORIENTED_EDGE('',*,*,#6768,.F.);
#2853=ORIENTED_EDGE('',*,*,#6769,.F.);
#2854=ORIENTED_EDGE('',*,*,#6770,.F.);
#2855=ORIENTED_EDGE('',*,*,#6771,.F.);
#2856=ORIENTED_EDGE('',*,*,#6772,.F.);
#2857=ORIENTED_EDGE('',*,*,#6773,.F.);
#2858=ORIENTED_EDGE('',*,*,#6774,.F.);
#2859=ORIENTED_EDGE('',*,*,#6775,.F.);
#2860=ORIENTED_EDGE('',*,*,#6776,.F.);
#2861=ORIENTED_EDGE('',*,*,#6777,.F.);
#2862=ORIENTED_EDGE('',*,*,#6778,.F.);
#2863=ORIENTED_EDGE('',*,*,#6779,.F.);
#2864=ORIENTED_EDGE('',*,*,#6780,.F.);
#2865=ORIENTED_EDGE('',*,*,#6781,.F.);
#2866=ORIENTED_EDGE('',*,*,#6782,.F.);
#2867=ORIENTED_EDGE('',*,*,#6783,.F.);
#2868=ORIENTED_EDGE('',*,*,#6784,.F.);
#2869=ORIENTED_EDGE('',*,*,#6785,.F.);
#2870=CARTESIAN_POINT('',(0.0,0.0,-10.3));
#2871=DIRECTION('',(0.0,0.0,1.0));
#2872=DIRECTION('',(1.0,0.0,0.0));
#2873=ORIENTED_EDGE('',*,*,#6786,.T.);
#2874=ORIENTED_EDGE('',*,*,#6787,.F.);
#2875=ORIENTED_EDGE('',*,*,#6788,.F.);
#2876=ORIENTED_EDGE('',*,*,#6789,.F.);
#2877=ORIENTED_EDGE('',*,*,#6790,.T.);
#2878=ORIENTED_EDGE('',*,*,#6791,.F.);
#2879=ORIENTED_EDGE('',*,*,#6792,.F.);
#2880=ORIENTED_EDGE('',*,*,#6647,.T.);
#2881=ORIENTED_EDGE('',*,*,#6793,.T.);
#2882=ORIENTED_EDGE('',*,*,#6794,.F.);
#2883=ORIENTED_EDGE('',*,*,#6795,.F.);
#2884=ORIENTED_EDGE('',*,*,#6643,.T.);
#2885=CARTESIAN_POINT('',(-25.45,-9.58,-10.3));
#2886=DIRECTION('',(0.0,-1.0,0.0));
#2887=DIRECTION('',(0.0,0.0,-1.0));
#2888=ORIENTED_EDGE('',*,*,#6795,.T.);
#2889=ORIENTED_EDGE('',*,*,#6796,.F.);
#2890=ORIENTED_EDGE('',*,*,#6797,.F.);
#2891=ORIENTED_EDGE('',*,*,#6644,.F.);
#2892=CARTESIAN_POINT('',(5.85,-8.68,-10.3));
#2893=DIRECTION('',(1.0,0.0,0.0));
#2894=DIRECTION('',(0.0,1.0,0.0));
#2895=ORIENTED_EDGE('',*,*,#6797,.T.);
#2896=ORIENTED_EDGE('',*,*,#6798,.F.);
#2897=ORIENTED_EDGE('',*,*,#6799,.F.);
#2898=ORIENTED_EDGE('',*,*,#6645,.T.);
#2899=CARTESIAN_POINT('',(4.15,-8.68,-10.3));
#2900=DIRECTION('',(-0.0,1.0,0.0));
#2901=DIRECTION('',(1.0,0.0,0.0));
#2902=ORIENTED_EDGE('',*,*,#6799,.T.);
#2903=ORIENTED_EDGE('',*,*,#6800,.F.);
#2904=ORIENTED_EDGE('',*,*,#6793,.F.);
#2905=ORIENTED_EDGE('',*,*,#6646,.T.);
#2906=CARTESIAN_POINT('',(4.15,-9.58,-10.3));
#2907=DIRECTION('',(-1.0,0.0,0.0));
#2908=DIRECTION('',(0.0,0.0,1.0));
#2909=ORIENTED_EDGE('',*,*,#6801,.T.);
#2910=ORIENTED_EDGE('',*,*,#6802,.T.);
#2911=ORIENTED_EDGE('',*,*,#6803,.T.);
#2912=ORIENTED_EDGE('',*,*,#6804,.T.);
#2913=CARTESIAN_POINT('',(0.0,0.0,-10.7));
#2914=DIRECTION('',(0.0,0.0,-1.0));
#2915=DIRECTION('',(0.0,-1.0,0.0));
#2916=ORIENTED_EDGE('',*,*,#6800,.T.);
#2917=ORIENTED_EDGE('',*,*,#6798,.T.);
#2918=ORIENTED_EDGE('',*,*,#6796,.T.);
#2919=ORIENTED_EDGE('',*,*,#6794,.T.);
#2920=CARTESIAN_POINT('',(0.0,0.0,-10.7));
#2921=DIRECTION('',(0.0,0.0,-1.0));
#2922=DIRECTION('',(0.0,-1.0,0.0));
#2923=ORIENTED_EDGE('',*,*,#6805,.T.);
#2924=ORIENTED_EDGE('',*,*,#6804,.F.);
#2925=ORIENTED_EDGE('',*,*,#6806,.F.);
#2926=ORIENTED_EDGE('',*,*,#6628,.T.);
#2927=CARTESIAN_POINT('',(5.85,9.58,-10.3));
#2928=DIRECTION('',(1.0,0.0,0.0));
#2929=DIRECTION('',(0.0,1.0,0.0));
#2930=ORIENTED_EDGE('',*,*,#6807,.T.);
#2931=ORIENTED_EDGE('',*,*,#6808,.F.);
#2932=ORIENTED_EDGE('',*,*,#6809,.T.);
#2933=ORIENTED_EDGE('',*,*,#6810,.F.);
#2934=ORIENTED_EDGE('',*,*,#6811,.F.);
#2935=ORIENTED_EDGE('',*,*,#6812,.T.);
#2936=ORIENTED_EDGE('',*,*,#6813,.T.);
#2937=ORIENTED_EDGE('',*,*,#6814,.F.);
#2938=ORIENTED_EDGE('',*,*,#6815,.F.);
#2939=ORIENTED_EDGE('',*,*,#6816,.F.);
#2940=ORIENTED_EDGE('',*,*,#6817,.F.);
#2941=ORIENTED_EDGE('',*,*,#6629,.T.);
#2942=ORIENTED_EDGE('',*,*,#6806,.T.);
#2943=ORIENTED_EDGE('',*,*,#6803,.F.);
#2944=ORIENTED_EDGE('',*,*,#6818,.F.);
#2945=ORIENTED_EDGE('',*,*,#6625,.T.);
#2946=CARTESIAN_POINT('',(25.45,9.58,-10.3));
#2947=DIRECTION('',(-0.0,1.0,0.0));
#2948=DIRECTION('',(1.0,0.0,0.0));
#2949=ORIENTED_EDGE('',*,*,#6818,.T.);
#2950=ORIENTED_EDGE('',*,*,#6802,.F.);
#2951=ORIENTED_EDGE('',*,*,#6819,.F.);
#2952=ORIENTED_EDGE('',*,*,#6626,.F.);
#2953=CARTESIAN_POINT('',(4.15,8.68,-10.3));
#2954=DIRECTION('',(-1.0,0.0,0.0));
#2955=DIRECTION('',(0.0,0.0,1.0));
#2956=ORIENTED_EDGE('',*,*,#6819,.T.);
#2957=ORIENTED_EDGE('',*,*,#6801,.F.);
#2958=ORIENTED_EDGE('',*,*,#6805,.F.);
#2959=ORIENTED_EDGE('',*,*,#6627,.T.);
#2960=CARTESIAN_POINT('',(5.85,8.68,-10.3));
#2961=DIRECTION('',(0.0,-1.0,0.0));
#2962=DIRECTION('',(0.0,0.0,-1.0));
#2963=ORIENTED_EDGE('',*,*,#6817,.T.);
#2964=ORIENTED_EDGE('',*,*,#6820,.F.);
#2965=ORIENTED_EDGE('',*,*,#6821,.F.);
#2966=ORIENTED_EDGE('',*,*,#6630,.F.);
#2967=CARTESIAN_POINT('',(23.75,8.68,-10.3));
#2968=DIRECTION('',(-1.0,0.0,0.0));
#2969=DIRECTION('',(0.0,0.0,1.0));
#2970=ORIENTED_EDGE('',*,*,#6821,.T.);
#2971=ORIENTED_EDGE('',*,*,#6822,.F.);
#2972=ORIENTED_EDGE('',*,*,#6823,.F.);
#2973=ORIENTED_EDGE('',*,*,#6631,.T.);
#2974=CARTESIAN_POINT('',(25.45,8.68,-10.3));
#2975=DIRECTION('',(0.0,-1.0,0.0));
#2976=DIRECTION('',(0.0,0.0,-1.0));
#2977=ORIENTED_EDGE('',*,*,#6824,.F.);
#2978=ORIENTED_EDGE('',*,*,#6825,.F.);
#2979=ORIENTED_EDGE('',*,*,#6826,.F.);
#2980=ORIENTED_EDGE('',*,*,#6636,.T.);
#2981=CARTESIAN_POINT('',(25.45,-9.58,-10.3));
#2982=DIRECTION('',(1.0,0.0,0.0));
#2983=DIRECTION('',(0.0,1.0,0.0));
#2984=ORIENTED_EDGE('',*,*,#6827,.F.);
#2985=ORIENTED_EDGE('',*,*,#6828,.T.);
#2986=ORIENTED_EDGE('',*,*,#6829,.F.);
#2987=ORIENTED_EDGE('',*,*,#6830,.F.);
#2988=ORIENTED_EDGE('',*,*,#6831,.F.);
#2989=ORIENTED_EDGE('',*,*,#6832,.T.);
#2990=ORIENTED_EDGE('',*,*,#6833,.F.);
#2991=ORIENTED_EDGE('',*,*,#6834,.F.);
#2992=ORIENTED_EDGE('',*,*,#6835,.F.);
#2993=ORIENTED_EDGE('',*,*,#6836,.F.);
#2994=ORIENTED_EDGE('',*,*,#6632,.T.);
#2995=ORIENTED_EDGE('',*,*,#6823,.T.);
#2996=ORIENTED_EDGE('',*,*,#6837,.F.);
#2997=ORIENTED_EDGE('',*,*,#6815,.T.);
#2998=CARTESIAN_POINT('',(25.45,-9.58,-10.3));
#2999=DIRECTION('',(1.0,0.0,0.0));
#3000=DIRECTION('',(0.0,1.0,0.0));
#3001=ORIENTED_EDGE('',*,*,#6838,.T.);
#3002=ORIENTED_EDGE('',*,*,#6839,.F.);
#3003=ORIENTED_EDGE('',*,*,#6840,.F.);
#3004=ORIENTED_EDGE('',*,*,#6841,.F.);
#3005=ORIENTED_EDGE('',*,*,#6842,.F.);
#3006=ORIENTED_EDGE('',*,*,#6843,.F.);
#3007=ORIENTED_EDGE('',*,*,#6844,.T.);
#3008=ORIENTED_EDGE('',*,*,#6845,.F.);
#3009=ORIENTED_EDGE('',*,*,#6846,.F.);
#3010=ORIENTED_EDGE('',*,*,#6847,.F.);
#3011=ORIENTED_EDGE('',*,*,#6788,.T.);
#3012=ORIENTED_EDGE('',*,*,#6848,.F.);
#3013=ORIENTED_EDGE('',*,*,#6849,.F.);
#3014=ORIENTED_EDGE('',*,*,#6640,.T.);
#3015=CARTESIAN_POINT('',(25.45,-9.58,-10.3));
#3016=DIRECTION('',(1.0,0.0,0.0));
#3017=DIRECTION('',(0.0,1.0,0.0));
#3018=ORIENTED_EDGE('',*,*,#6850,.T.);
#3019=ORIENTED_EDGE('',*,*,#6851,.F.);
#3020=ORIENTED_EDGE('',*,*,#6637,.F.);
#3021=ORIENTED_EDGE('',*,*,#6826,.T.);
#3022=CARTESIAN_POINT('',(-26.91,-0.5,-10.3));
#3023=DIRECTION('',(0.0,0.999390827019096,-0.0348994967024999));
#3024=DIRECTION('',(-1.0,0.0,0.0));
#3025=ORIENTED_EDGE('',*,*,#6852,.F.);
#3026=ORIENTED_EDGE('',*,*,#6617,.F.);
#3027=ORIENTED_EDGE('',*,*,#6853,.T.);
#3028=ORIENTED_EDGE('',*,*,#6854,.T.);
#3029=CARTESIAN_POINT('',(-26.91,-0.5,-10.3));
#3030=DIRECTION('',(0.0,0.999390827019096,-0.0348994967024999));
#3031=DIRECTION('',(-1.0,0.0,0.0));
#3032=ORIENTED_EDGE('',*,*,#6855,.T.);
#3033=ORIENTED_EDGE('',*,*,#6856,.T.);
#3034=ORIENTED_EDGE('',*,*,#6857,.T.);
#3035=ORIENTED_EDGE('',*,*,#6638,.T.);
#3036=ORIENTED_EDGE('',*,*,#6851,.T.);
#3037=ORIENTED_EDGE('',*,*,#6858,.T.);
#3038=ORIENTED_EDGE('',*,*,#6859,.T.);
#3039=ORIENTED_EDGE('',*,*,#6634,.T.);
#3040=ORIENTED_EDGE('',*,*,#6860,.T.);
#3041=ORIENTED_EDGE('',*,*,#6861,.T.);
#3042=ORIENTED_EDGE('',*,*,#6862,.T.);
#3043=ORIENTED_EDGE('',*,*,#6863,.T.);
#3044=CARTESIAN_POINT('',(26.91,0.0,0.0));
#3045=DIRECTION('',(1.0,0.0,0.0));
#3046=DIRECTION('',(0.0,1.0,0.0));
#3047=ORIENTED_EDGE('',*,*,#6864,.T.);
#3048=ORIENTED_EDGE('',*,*,#6865,.T.);
#3049=ORIENTED_EDGE('',*,*,#6866,.T.);
#3050=ORIENTED_EDGE('',*,*,#6867,.T.);
#3051=ORIENTED_EDGE('',*,*,#6868,.T.);
#3052=ORIENTED_EDGE('',*,*,#6869,.T.);
#3053=ORIENTED_EDGE('',*,*,#6870,.T.);
#3054=ORIENTED_EDGE('',*,*,#6871,.F.);
#3055=ORIENTED_EDGE('',*,*,#6872,.F.);
#3056=ORIENTED_EDGE('',*,*,#6873,.T.);
#3057=ORIENTED_EDGE('',*,*,#6874,.T.);
#3058=ORIENTED_EDGE('',*,*,#6875,.F.);
#3059=CARTESIAN_POINT('',(0.0,0.0,2.1));
#3060=DIRECTION('',(0.0,0.0,1.0));
#3061=DIRECTION('',(1.0,0.0,0.0));
#3062=ORIENTED_EDGE('',*,*,#6876,.T.);
#3063=ORIENTED_EDGE('',*,*,#6877,.T.);
#3064=ORIENTED_EDGE('',*,*,#6878,.T.);
#3065=ORIENTED_EDGE('',*,*,#6879,.T.);
#3066=ORIENTED_EDGE('',*,*,#6880,.T.);
#3067=ORIENTED_EDGE('',*,*,#6881,.T.);
#3068=ORIENTED_EDGE('',*,*,#6882,.T.);
#3069=ORIENTED_EDGE('',*,*,#6841,.T.);
#3070=ORIENTED_EDGE('',*,*,#6883,.T.);
#3071=ORIENTED_EDGE('',*,*,#6863,.F.);
#3072=ORIENTED_EDGE('',*,*,#6884,.F.);
#3073=ORIENTED_EDGE('',*,*,#6833,.T.);
#3074=CARTESIAN_POINT('',(0.0,0.0,2.1));
#3075=DIRECTION('',(0.0,0.0,1.0));
#3076=DIRECTION('',(1.0,0.0,0.0));
#3077=ORIENTED_EDGE('',*,*,#6885,.T.);
#3078=ORIENTED_EDGE('',*,*,#6886,.T.);
#3079=ORIENTED_EDGE('',*,*,#6618,.T.);
#3080=ORIENTED_EDGE('',*,*,#6852,.T.);
#3081=CARTESIAN_POINT('',(-25.45,9.58,-10.3));
#3082=DIRECTION('',(-1.0,0.0,0.0));
#3083=DIRECTION('',(0.0,0.0,1.0));
#3084=ORIENTED_EDGE('',*,*,#6887,.T.);
#3085=ORIENTED_EDGE('',*,*,#6888,.T.);
#3086=ORIENTED_EDGE('',*,*,#6889,.T.);
#3087=ORIENTED_EDGE('',*,*,#6871,.T.);
#3088=ORIENTED_EDGE('',*,*,#6890,.F.);
#3089=ORIENTED_EDGE('',*,*,#6891,.F.);
#3090=ORIENTED_EDGE('',*,*,#6892,.T.);
#3091=ORIENTED_EDGE('',*,*,#6893,.T.);
#3092=ORIENTED_EDGE('',*,*,#6894,.F.);
#3093=ORIENTED_EDGE('',*,*,#6895,.F.);
#3094=ORIENTED_EDGE('',*,*,#6809,.F.);
#3095=ORIENTED_EDGE('',*,*,#6896,.F.);
#3096=ORIENTED_EDGE('',*,*,#6897,.F.);
#3097=ORIENTED_EDGE('',*,*,#6622,.T.);
#3098=CARTESIAN_POINT('',(-25.45,9.58,-10.3));
#3099=DIRECTION('',(-1.0,0.0,0.0));
#3100=DIRECTION('',(0.0,0.0,1.0));
#3101=ORIENTED_EDGE('',*,*,#6898,.F.);
#3102=ORIENTED_EDGE('',*,*,#6899,.T.);
#3103=ORIENTED_EDGE('',*,*,#6900,.T.);
#3104=ORIENTED_EDGE('',*,*,#6901,.F.);
#3105=ORIENTED_EDGE('',*,*,#6902,.F.);
#3106=ORIENTED_EDGE('',*,*,#6903,.T.);
#3107=ORIENTED_EDGE('',*,*,#6875,.T.);
#3108=ORIENTED_EDGE('',*,*,#6904,.T.);
#3109=ORIENTED_EDGE('',*,*,#6905,.T.);
#3110=ORIENTED_EDGE('',*,*,#6906,.F.);
#3111=ORIENTED_EDGE('',*,*,#6614,.T.);
#3112=ORIENTED_EDGE('',*,*,#6907,.T.);
#3113=ORIENTED_EDGE('',*,*,#6908,.F.);
#3114=ORIENTED_EDGE('',*,*,#6790,.F.);
#3115=CARTESIAN_POINT('',(-25.45,9.58,-10.3));
#3116=DIRECTION('',(-1.0,0.0,0.0));
#3117=DIRECTION('',(0.0,0.0,1.0));
#3118=ORIENTED_EDGE('',*,*,#6635,.T.);
#3119=ORIENTED_EDGE('',*,*,#6859,.F.);
#3120=ORIENTED_EDGE('',*,*,#6909,.F.);
#3121=ORIENTED_EDGE('',*,*,#6824,.T.);
#3122=CARTESIAN_POINT('',(-26.91,0.1333319203366,0.2));
#3123=DIRECTION('',(0.0,-0.999390827019096,-0.0348994967024999));
#3124=DIRECTION('',(0.0,0.0348994967024999,-0.999390827019096));
#3125=ORIENTED_EDGE('',*,*,#6910,.T.);
#3126=ORIENTED_EDGE('',*,*,#6619,.T.);
#3127=ORIENTED_EDGE('',*,*,#6886,.F.);
#3128=ORIENTED_EDGE('',*,*,#6911,.F.);
#3129=CARTESIAN_POINT('',(-26.91,0.1333319203366,0.2));
#3130=DIRECTION('',(0.0,-0.999390827019096,-0.0348994967024999));
#3131=DIRECTION('',(0.0,0.0348994967024999,-0.999390827019096));
#3132=ORIENTED_EDGE('',*,*,#6909,.T.);
#3133=ORIENTED_EDGE('',*,*,#6858,.F.);
#3134=ORIENTED_EDGE('',*,*,#6850,.F.);
#3135=ORIENTED_EDGE('',*,*,#6825,.T.);
#3136=CARTESIAN_POINT('',(-26.91,-0.1333319203366,0.2));
#3137=DIRECTION('',(0.0,0.0,-1.0));
#3138=DIRECTION('',(0.0,-1.0,0.0));
#3139=ORIENTED_EDGE('',*,*,#6912,.T.);
#3140=ORIENTED_EDGE('',*,*,#6911,.T.);
#3141=ORIENTED_EDGE('',*,*,#6885,.F.);
#3142=ORIENTED_EDGE('',*,*,#6854,.F.);
#3143=CARTESIAN_POINT('',(-26.91,-0.1333319203366,0.2));
#3144=DIRECTION('',(0.0,0.0,-1.0));
#3145=DIRECTION('',(0.0,-1.0,0.0));
#3146=ORIENTED_EDGE('',*,*,#6913,.F.);
#3147=ORIENTED_EDGE('',*,*,#6914,.F.);
#3148=ORIENTED_EDGE('',*,*,#6915,.F.);
#3149=ORIENTED_EDGE('',*,*,#6620,.F.);
#3150=ORIENTED_EDGE('',*,*,#6910,.F.);
#3151=ORIENTED_EDGE('',*,*,#6912,.F.);
#3152=ORIENTED_EDGE('',*,*,#6853,.F.);
#3153=ORIENTED_EDGE('',*,*,#6616,.F.);
#3154=ORIENTED_EDGE('',*,*,#6916,.F.);
#3155=ORIENTED_EDGE('',*,*,#6917,.F.);
#3156=ORIENTED_EDGE('',*,*,#6918,.F.);
#3157=ORIENTED_EDGE('',*,*,#6873,.F.);
#3158=CARTESIAN_POINT('',(-26.91,0.0,0.0));
#3159=DIRECTION('',(1.0,0.0,0.0));
#3160=DIRECTION('',(0.0,1.0,0.0));
#3161=ORIENTED_EDGE('',*,*,#6919,.T.);
#3162=ORIENTED_EDGE('',*,*,#6855,.F.);
#3163=ORIENTED_EDGE('',*,*,#6883,.F.);
#3164=ORIENTED_EDGE('',*,*,#6840,.T.);
#3165=CARTESIAN_POINT('',(-26.91,-1.875,2.1));
#3166=DIRECTION('',(0.0,-1.0,0.0));
#3167=DIRECTION('',(0.0,0.0,-1.0));
#3168=ORIENTED_EDGE('',*,*,#6918,.T.);
#3169=ORIENTED_EDGE('',*,*,#6920,.T.);
#3170=ORIENTED_EDGE('',*,*,#6904,.F.);
#3171=ORIENTED_EDGE('',*,*,#6874,.F.);
#3172=CARTESIAN_POINT('',(-26.91,-1.875,2.1));
#3173=DIRECTION('',(0.0,-1.0,0.0));
#3174=DIRECTION('',(0.0,0.0,-1.0));
#3175=ORIENTED_EDGE('',*,*,#6921,.T.);
#3176=ORIENTED_EDGE('',*,*,#6856,.F.);
#3177=ORIENTED_EDGE('',*,*,#6919,.F.);
#3178=ORIENTED_EDGE('',*,*,#6839,.T.);
#3179=CARTESIAN_POINT('',(-26.91,-1.875,-0.1));
#3180=DIRECTION('',(0.0,0.0,1.0));
#3181=DIRECTION('',(1.0,0.0,0.0));
#3182=ORIENTED_EDGE('',*,*,#6917,.T.);
#3183=ORIENTED_EDGE('',*,*,#6922,.T.);
#3184=ORIENTED_EDGE('',*,*,#6905,.F.);
#3185=ORIENTED_EDGE('',*,*,#6920,.F.);
#3186=CARTESIAN_POINT('',(-26.91,-1.875,-0.1));
#3187=DIRECTION('',(0.0,0.0,1.0));
#3188=DIRECTION('',(1.0,0.0,0.0));
#3189=ORIENTED_EDGE('',*,*,#6639,.T.);
#3190=ORIENTED_EDGE('',*,*,#6857,.F.);
#3191=ORIENTED_EDGE('',*,*,#6921,.F.);
#3192=ORIENTED_EDGE('',*,*,#6838,.F.);
#3193=CARTESIAN_POINT('',(-26.91,-3.35,-0.1));
#3194=DIRECTION('',(0.0,-1.0,0.0));
#3195=DIRECTION('',(0.0,0.0,-1.0));
#3196=ORIENTED_EDGE('',*,*,#6916,.T.);
#3197=ORIENTED_EDGE('',*,*,#6615,.T.);
#3198=ORIENTED_EDGE('',*,*,#6906,.T.);
#3199=ORIENTED_EDGE('',*,*,#6922,.F.);
#3200=CARTESIAN_POINT('',(-26.91,-3.35,-0.1));
#3201=DIRECTION('',(0.0,-1.0,0.0));
#3202=DIRECTION('',(0.0,0.0,-1.0));
#3203=ORIENTED_EDGE('',*,*,#6923,.T.);
#3204=ORIENTED_EDGE('',*,*,#6860,.F.);
#3205=ORIENTED_EDGE('',*,*,#6633,.F.);
#3206=ORIENTED_EDGE('',*,*,#6836,.T.);
#3207=CARTESIAN_POINT('',(-26.91,3.35,-10.3));
#3208=DIRECTION('',(-0.0,1.0,0.0));
#3209=DIRECTION('',(1.0,0.0,0.0));
#3210=ORIENTED_EDGE('',*,*,#6887,.F.);
#3211=ORIENTED_EDGE('',*,*,#6621,.F.);
#3212=ORIENTED_EDGE('',*,*,#6915,.T.);
#3213=ORIENTED_EDGE('',*,*,#6924,.T.);
#3214=CARTESIAN_POINT('',(-26.91,3.35,-10.3));
#3215=DIRECTION('',(-0.0,1.0,0.0));
#3216=DIRECTION('',(1.0,0.0,0.0));
#3217=ORIENTED_EDGE('',*,*,#6925,.T.);
#3218=ORIENTED_EDGE('',*,*,#6861,.F.);
#3219=ORIENTED_EDGE('',*,*,#6923,.F.);
#3220=ORIENTED_EDGE('',*,*,#6835,.T.);
#3221=CARTESIAN_POINT('',(-26.91,3.35,-0.1));
#3222=DIRECTION('',(0.0,0.0,1.0));
#3223=DIRECTION('',(1.0,0.0,0.0));
#3224=ORIENTED_EDGE('',*,*,#6914,.T.);
#3225=ORIENTED_EDGE('',*,*,#6926,.T.);
#3226=ORIENTED_EDGE('',*,*,#6888,.F.);
#3227=ORIENTED_EDGE('',*,*,#6924,.F.);
#3228=CARTESIAN_POINT('',(-26.91,3.35,-0.1));
#3229=DIRECTION('',(0.0,0.0,1.0));
#3230=DIRECTION('',(1.0,0.0,0.0));
#3231=ORIENTED_EDGE('',*,*,#6884,.T.);
#3232=ORIENTED_EDGE('',*,*,#6862,.F.);
#3233=ORIENTED_EDGE('',*,*,#6925,.F.);
#3234=ORIENTED_EDGE('',*,*,#6834,.T.);
#3235=CARTESIAN_POINT('',(-26.91,1.875,-0.1));
#3236=DIRECTION('',(-0.0,1.0,0.0));
#3237=DIRECTION('',(1.0,0.0,0.0));
#3238=ORIENTED_EDGE('',*,*,#6889,.F.);
#3239=ORIENTED_EDGE('',*,*,#6926,.F.);
#3240=ORIENTED_EDGE('',*,*,#6913,.T.);
#3241=ORIENTED_EDGE('',*,*,#6872,.T.);
#3242=CARTESIAN_POINT('',(-26.91,1.875,-0.1));
#3243=DIRECTION('',(-0.0,1.0,0.0));
#3244=DIRECTION('',(1.0,0.0,0.0));
#3245=ORIENTED_EDGE('',*,*,#6897,.T.);
#3246=ORIENTED_EDGE('',*,*,#6927,.F.);
#3247=ORIENTED_EDGE('',*,*,#6928,.F.);
#3248=ORIENTED_EDGE('',*,*,#6623,.T.);
#3249=CARTESIAN_POINT('',(-23.75,8.68,-10.3));
#3250=DIRECTION('',(0.0,-1.0,0.0));
#3251=DIRECTION('',(0.0,0.0,-1.0));
#3252=ORIENTED_EDGE('',*,*,#6928,.T.);
#3253=ORIENTED_EDGE('',*,*,#6929,.F.);
#3254=ORIENTED_EDGE('',*,*,#6807,.F.);
#3255=ORIENTED_EDGE('',*,*,#6624,.T.);
#3256=CARTESIAN_POINT('',(-23.75,9.58,-10.3));
#3257=DIRECTION('',(1.0,0.0,0.0));
#3258=DIRECTION('',(0.0,1.0,0.0));
#3259=ORIENTED_EDGE('',*,*,#6822,.T.);
#3260=ORIENTED_EDGE('',*,*,#6820,.T.);
#3261=ORIENTED_EDGE('',*,*,#6816,.T.);
#3262=ORIENTED_EDGE('',*,*,#6837,.T.);
#3263=CARTESIAN_POINT('',(0.0,0.0,-10.7));
#3264=DIRECTION('',(0.0,0.0,-1.0));
#3265=DIRECTION('',(0.0,-1.0,0.0));
#3266=ORIENTED_EDGE('',*,*,#6930,.T.);
#3267=ORIENTED_EDGE('',*,*,#6931,.T.);
#3268=ORIENTED_EDGE('',*,*,#6848,.T.);
#3269=ORIENTED_EDGE('',*,*,#6787,.T.);
#3270=CARTESIAN_POINT('',(0.0,0.0,-10.7));
#3271=DIRECTION('',(0.0,0.0,-1.0));
#3272=DIRECTION('',(0.0,-1.0,0.0));
#3273=ORIENTED_EDGE('',*,*,#6929,.T.);
#3274=ORIENTED_EDGE('',*,*,#6927,.T.);
#3275=ORIENTED_EDGE('',*,*,#6896,.T.);
#3276=ORIENTED_EDGE('',*,*,#6808,.T.);
#3277=CARTESIAN_POINT('',(0.0,0.0,-10.7));
#3278=DIRECTION('',(0.0,0.0,-1.0));
#3279=DIRECTION('',(0.0,-1.0,0.0));
#3280=ORIENTED_EDGE('',*,*,#6932,.T.);
#3281=ORIENTED_EDGE('',*,*,#6933,.T.);
#3282=ORIENTED_EDGE('',*,*,#6791,.T.);
#3283=ORIENTED_EDGE('',*,*,#6908,.T.);
#3284=CARTESIAN_POINT('',(0.0,0.0,-10.7));
#3285=DIRECTION('',(0.0,0.0,-1.0));
#3286=DIRECTION('',(0.0,-1.0,0.0));
#3287=ORIENTED_EDGE('',*,*,#6849,.T.);
#3288=ORIENTED_EDGE('',*,*,#6931,.F.);
#3289=ORIENTED_EDGE('',*,*,#6934,.F.);
#3290=ORIENTED_EDGE('',*,*,#6641,.T.);
#3291=CARTESIAN_POINT('',(23.75,-8.68,-10.3));
#3292=DIRECTION('',(-0.0,1.0,0.0));
#3293=DIRECTION('',(1.0,0.0,0.0));
#3294=ORIENTED_EDGE('',*,*,#6934,.T.);
#3295=ORIENTED_EDGE('',*,*,#6930,.F.);
#3296=ORIENTED_EDGE('',*,*,#6786,.F.);
#3297=ORIENTED_EDGE('',*,*,#6642,.T.);
#3298=CARTESIAN_POINT('',(23.75,-9.58,-10.3));
#3299=DIRECTION('',(-1.0,0.0,0.0));
#3300=DIRECTION('',(0.0,0.0,1.0));
#3301=ORIENTED_EDGE('',*,*,#6792,.T.);
#3302=ORIENTED_EDGE('',*,*,#6933,.F.);
#3303=ORIENTED_EDGE('',*,*,#6935,.F.);
#3304=ORIENTED_EDGE('',*,*,#6612,.F.);
#3305=CARTESIAN_POINT('',(-23.75,-8.68,-10.3));
#3306=DIRECTION('',(1.0,0.0,0.0));
#3307=DIRECTION('',(0.0,1.0,0.0));
#3308=ORIENTED_EDGE('',*,*,#6935,.T.);
#3309=ORIENTED_EDGE('',*,*,#6932,.F.);
#3310=ORIENTED_EDGE('',*,*,#6907,.F.);
#3311=ORIENTED_EDGE('',*,*,#6613,.T.);
#3312=CARTESIAN_POINT('',(-25.45,-8.68,-10.3));
#3313=DIRECTION('',(-0.0,1.0,0.0));
#3314=DIRECTION('',(1.0,0.0,0.0));
#3315=ORIENTED_EDGE('',*,*,#6936,.T.);
#3316=ORIENTED_EDGE('',*,*,#6827,.T.);
#3317=ORIENTED_EDGE('',*,*,#6814,.T.);
#3318=ORIENTED_EDGE('',*,*,#6937,.T.);
#3319=ORIENTED_EDGE('',*,*,#6810,.T.);
#3320=ORIENTED_EDGE('',*,*,#6895,.T.);
#3321=ORIENTED_EDGE('',*,*,#6938,.T.);
#3322=ORIENTED_EDGE('',*,*,#6939,.T.);
#3323=ORIENTED_EDGE('',*,*,#6940,.T.);
#3324=ORIENTED_EDGE('',*,*,#6941,.T.);
#3325=ORIENTED_EDGE('',*,*,#6942,.T.);
#3326=ORIENTED_EDGE('',*,*,#6898,.T.);
#3327=ORIENTED_EDGE('',*,*,#6789,.T.);
#3328=ORIENTED_EDGE('',*,*,#6847,.T.);
#3329=ORIENTED_EDGE('',*,*,#6943,.T.);
#3330=ORIENTED_EDGE('',*,*,#6944,.T.);
#3331=ORIENTED_EDGE('',*,*,#6945,.T.);
#3332=ORIENTED_EDGE('',*,*,#6946,.T.);
#3333=ORIENTED_EDGE('',*,*,#6947,.F.);
#3334=ORIENTED_EDGE('',*,*,#6948,.F.);
#3335=ORIENTED_EDGE('',*,*,#6949,.F.);
#3336=ORIENTED_EDGE('',*,*,#6950,.F.);
#3337=ORIENTED_EDGE('',*,*,#6951,.F.);
#3338=ORIENTED_EDGE('',*,*,#6952,.F.);
#3339=ORIENTED_EDGE('',*,*,#6953,.F.);
#3340=ORIENTED_EDGE('',*,*,#6954,.F.);
#3341=ORIENTED_EDGE('',*,*,#6955,.F.);
#3342=ORIENTED_EDGE('',*,*,#6956,.F.);
#3343=ORIENTED_EDGE('',*,*,#6957,.F.);
#3344=ORIENTED_EDGE('',*,*,#6958,.F.);
#3345=ORIENTED_EDGE('',*,*,#6959,.F.);
#3346=ORIENTED_EDGE('',*,*,#6960,.F.);
#3347=ORIENTED_EDGE('',*,*,#6961,.F.);
#3348=ORIENTED_EDGE('',*,*,#6962,.F.);
#3349=ORIENTED_EDGE('',*,*,#6963,.F.);
#3350=ORIENTED_EDGE('',*,*,#6964,.F.);
#3351=ORIENTED_EDGE('',*,*,#6965,.F.);
#3352=ORIENTED_EDGE('',*,*,#6966,.F.);
#3353=ORIENTED_EDGE('',*,*,#6967,.F.);
#3354=ORIENTED_EDGE('',*,*,#6968,.F.);
#3355=ORIENTED_EDGE('',*,*,#6969,.F.);
#3356=ORIENTED_EDGE('',*,*,#6970,.F.);
#3357=ORIENTED_EDGE('',*,*,#6971,.F.);
#3358=ORIENTED_EDGE('',*,*,#6972,.F.);
#3359=ORIENTED_EDGE('',*,*,#6973,.F.);
#3360=ORIENTED_EDGE('',*,*,#6974,.F.);
#3361=ORIENTED_EDGE('',*,*,#6975,.F.);
#3362=ORIENTED_EDGE('',*,*,#6976,.F.);
#3363=ORIENTED_EDGE('',*,*,#6977,.F.);
#3364=ORIENTED_EDGE('',*,*,#6978,.F.);
#3365=ORIENTED_EDGE('',*,*,#6979,.F.);
#3366=ORIENTED_EDGE('',*,*,#6980,.F.);
#3367=ORIENTED_EDGE('',*,*,#6981,.F.);
#3368=ORIENTED_EDGE('',*,*,#6982,.F.);
#3369=ORIENTED_EDGE('',*,*,#6983,.F.);
#3370=ORIENTED_EDGE('',*,*,#6984,.F.);
#3371=ORIENTED_EDGE('',*,*,#6985,.F.);
#3372=ORIENTED_EDGE('',*,*,#6986,.F.);
#3373=ORIENTED_EDGE('',*,*,#6987,.F.);
#3374=ORIENTED_EDGE('',*,*,#6988,.F.);
#3375=ORIENTED_EDGE('',*,*,#6989,.F.);
#3376=ORIENTED_EDGE('',*,*,#6990,.F.);
#3377=ORIENTED_EDGE('',*,*,#6991,.F.);
#3378=ORIENTED_EDGE('',*,*,#6992,.F.);
#3379=ORIENTED_EDGE('',*,*,#6993,.F.);
#3380=ORIENTED_EDGE('',*,*,#6994,.F.);
#3381=ORIENTED_EDGE('',*,*,#6995,.F.);
#3382=ORIENTED_EDGE('',*,*,#6996,.F.);
#3383=ORIENTED_EDGE('',*,*,#6831,.T.);
#3384=ORIENTED_EDGE('',*,*,#6997,.T.);
#3385=ORIENTED_EDGE('',*,*,#6998,.T.);
#3386=ORIENTED_EDGE('',*,*,#6999,.T.);
#3387=ORIENTED_EDGE('',*,*,#6843,.T.);
#3388=ORIENTED_EDGE('',*,*,#7000,.F.);
#3389=ORIENTED_EDGE('',*,*,#7001,.F.);
#3390=ORIENTED_EDGE('',*,*,#7002,.F.);
#3391=ORIENTED_EDGE('',*,*,#7003,.F.);
#3392=ORIENTED_EDGE('',*,*,#7004,.F.);
#3393=ORIENTED_EDGE('',*,*,#7005,.F.);
#3394=ORIENTED_EDGE('',*,*,#7006,.F.);
#3395=ORIENTED_EDGE('',*,*,#6902,.T.);
#3396=ORIENTED_EDGE('',*,*,#7007,.T.);
#3397=ORIENTED_EDGE('',*,*,#7008,.T.);
#3398=ORIENTED_EDGE('',*,*,#7009,.T.);
#3399=ORIENTED_EDGE('',*,*,#6891,.T.);
#3400=ORIENTED_EDGE('',*,*,#7010,.F.);
#3401=ORIENTED_EDGE('',*,*,#7011,.F.);
#3402=ORIENTED_EDGE('',*,*,#7012,.F.);
#3403=ORIENTED_EDGE('',*,*,#7013,.F.);
#3404=ORIENTED_EDGE('',*,*,#7014,.F.);
#3405=ORIENTED_EDGE('',*,*,#7015,.F.);
#3406=ORIENTED_EDGE('',*,*,#7016,.F.);
#3407=ORIENTED_EDGE('',*,*,#7017,.F.);
#3408=ORIENTED_EDGE('',*,*,#7018,.F.);
#3409=ORIENTED_EDGE('',*,*,#7019,.F.);
#3410=ORIENTED_EDGE('',*,*,#7020,.F.);
#3411=ORIENTED_EDGE('',*,*,#7021,.F.);
#3412=ORIENTED_EDGE('',*,*,#7022,.F.);
#3413=ORIENTED_EDGE('',*,*,#7023,.F.);
#3414=ORIENTED_EDGE('',*,*,#7024,.F.);
#3415=ORIENTED_EDGE('',*,*,#7025,.F.);
#3416=ORIENTED_EDGE('',*,*,#7026,.F.);
#3417=ORIENTED_EDGE('',*,*,#7027,.F.);
#3418=ORIENTED_EDGE('',*,*,#7028,.F.);
#3419=ORIENTED_EDGE('',*,*,#7029,.F.);
#3420=ORIENTED_EDGE('',*,*,#7030,.F.);
#3421=ORIENTED_EDGE('',*,*,#7031,.F.);
#3422=ORIENTED_EDGE('',*,*,#7032,.F.);
#3423=ORIENTED_EDGE('',*,*,#7033,.F.);
#3424=ORIENTED_EDGE('',*,*,#7034,.F.);
#3425=ORIENTED_EDGE('',*,*,#7035,.F.);
#3426=ORIENTED_EDGE('',*,*,#7036,.F.);
#3427=ORIENTED_EDGE('',*,*,#7037,.F.);
#3428=ORIENTED_EDGE('',*,*,#7038,.F.);
#3429=ORIENTED_EDGE('',*,*,#7039,.F.);
#3430=ORIENTED_EDGE('',*,*,#7040,.F.);
#3431=ORIENTED_EDGE('',*,*,#7041,.F.);
#3432=ORIENTED_EDGE('',*,*,#7042,.F.);
#3433=ORIENTED_EDGE('',*,*,#7043,.F.);
#3434=ORIENTED_EDGE('',*,*,#7044,.F.);
#3435=ORIENTED_EDGE('',*,*,#7045,.F.);
#3436=ORIENTED_EDGE('',*,*,#7046,.F.);
#3437=ORIENTED_EDGE('',*,*,#7047,.F.);
#3438=ORIENTED_EDGE('',*,*,#7048,.F.);
#3439=ORIENTED_EDGE('',*,*,#7049,.F.);
#3440=ORIENTED_EDGE('',*,*,#7050,.F.);
#3441=ORIENTED_EDGE('',*,*,#7051,.F.);
#3442=ORIENTED_EDGE('',*,*,#7052,.F.);
#3443=ORIENTED_EDGE('',*,*,#7053,.F.);
#3444=ORIENTED_EDGE('',*,*,#7054,.F.);
#3445=ORIENTED_EDGE('',*,*,#7055,.F.);
#3446=ORIENTED_EDGE('',*,*,#7056,.F.);
#3447=ORIENTED_EDGE('',*,*,#7057,.F.);
#3448=ORIENTED_EDGE('',*,*,#7058,.F.);
#3449=ORIENTED_EDGE('',*,*,#7059,.F.);
#3450=ORIENTED_EDGE('',*,*,#7060,.T.);
#3451=ORIENTED_EDGE('',*,*,#7061,.F.);
#3452=ORIENTED_EDGE('',*,*,#7062,.F.);
#3453=ORIENTED_EDGE('',*,*,#7063,.F.);
#3454=ORIENTED_EDGE('',*,*,#7064,.F.);
#3455=ORIENTED_EDGE('',*,*,#7065,.T.);
#3456=ORIENTED_EDGE('',*,*,#7066,.T.);
#3457=ORIENTED_EDGE('',*,*,#7067,.F.);
#3458=ORIENTED_EDGE('',*,*,#7068,.F.);
#3459=ORIENTED_EDGE('',*,*,#7069,.F.);
#3460=ORIENTED_EDGE('',*,*,#7070,.F.);
#3461=ORIENTED_EDGE('',*,*,#7071,.F.);
#3462=ORIENTED_EDGE('',*,*,#7072,.T.);
#3463=ORIENTED_EDGE('',*,*,#7073,.T.);
#3464=ORIENTED_EDGE('',*,*,#7074,.F.);
#3465=ORIENTED_EDGE('',*,*,#7075,.F.);
#3466=ORIENTED_EDGE('',*,*,#7076,.F.);
#3467=ORIENTED_EDGE('',*,*,#7077,.F.);
#3468=ORIENTED_EDGE('',*,*,#7078,.T.);
#3469=ORIENTED_EDGE('',*,*,#7079,.F.);
#3470=ORIENTED_EDGE('',*,*,#7080,.F.);
#3471=ORIENTED_EDGE('',*,*,#7081,.F.);
#3472=ORIENTED_EDGE('',*,*,#7082,.F.);
#3473=ORIENTED_EDGE('',*,*,#7083,.F.);
#3474=ORIENTED_EDGE('',*,*,#7084,.F.);
#3475=ORIENTED_EDGE('',*,*,#7085,.F.);
#3476=ORIENTED_EDGE('',*,*,#7086,.F.);
#3477=ORIENTED_EDGE('',*,*,#7087,.F.);
#3478=ORIENTED_EDGE('',*,*,#7088,.T.);
#3479=ORIENTED_EDGE('',*,*,#7089,.F.);
#3480=ORIENTED_EDGE('',*,*,#7090,.F.);
#3481=ORIENTED_EDGE('',*,*,#7091,.F.);
#3482=ORIENTED_EDGE('',*,*,#7092,.F.);
#3483=ORIENTED_EDGE('',*,*,#7093,.F.);
#3484=ORIENTED_EDGE('',*,*,#7094,.F.);
#3485=ORIENTED_EDGE('',*,*,#7095,.F.);
#3486=ORIENTED_EDGE('',*,*,#7096,.F.);
#3487=ORIENTED_EDGE('',*,*,#7097,.F.);
#3488=ORIENTED_EDGE('',*,*,#7098,.F.);
#3489=CARTESIAN_POINT('',(0.0,0.0,10.3));
#3490=DIRECTION('',(0.0,0.0,1.0));
#3491=DIRECTION('',(1.0,0.0,0.0));
#3492=ORIENTED_EDGE('',*,*,#7099,.T.);
#3493=ORIENTED_EDGE('',*,*,#7100,.F.);
#3494=ORIENTED_EDGE('',*,*,#7101,.F.);
#3495=ORIENTED_EDGE('',*,*,#7098,.T.);
#3496=CARTESIAN_POINT('',(15.45,-8.4,10.3));
#3497=DIRECTION('',(0.0,-1.0,0.0));
#3498=DIRECTION('',(0.0,0.0,-1.0));
#3499=ORIENTED_EDGE('',*,*,#7101,.T.);
#3500=ORIENTED_EDGE('',*,*,#7102,.F.);
#3501=ORIENTED_EDGE('',*,*,#7103,.F.);
#3502=ORIENTED_EDGE('',*,*,#7089,.T.);
#3503=CARTESIAN_POINT('',(15.45,-3.7,10.3));
#3504=DIRECTION('',(-1.0,0.0,0.0));
#3505=DIRECTION('',(0.0,0.0,1.0));
#3506=ORIENTED_EDGE('',*,*,#7103,.T.);
#3507=ORIENTED_EDGE('',*,*,#7104,.F.);
#3508=ORIENTED_EDGE('',*,*,#7105,.F.);
#3509=ORIENTED_EDGE('',*,*,#7090,.T.);
#3510=CARTESIAN_POINT('',(16.7,-3.7,10.3));
#3511=DIRECTION('',(-0.0,1.0,0.0));
#3512=DIRECTION('',(1.0,0.0,0.0));
#3513=ORIENTED_EDGE('',*,*,#7105,.T.);
#3514=ORIENTED_EDGE('',*,*,#7106,.F.);
#3515=ORIENTED_EDGE('',*,*,#7107,.F.);
#3516=ORIENTED_EDGE('',*,*,#7091,.T.);
#3517=CARTESIAN_POINT('',(16.7,-2.75,10.3));
#3518=DIRECTION('',(-1.0,0.0,0.0));
#3519=DIRECTION('',(0.0,0.0,1.0));
#3520=ORIENTED_EDGE('',*,*,#7107,.T.);
#3521=ORIENTED_EDGE('',*,*,#7108,.F.);
#3522=ORIENTED_EDGE('',*,*,#7109,.F.);
#3523=ORIENTED_EDGE('',*,*,#7092,.T.);
#3524=CARTESIAN_POINT('',(18.05,-1.4,10.3));
#3525=DIRECTION('',(-0.707106781186548,0.707106781186548,0.0));
#3526=DIRECTION('',(0.0,0.0,1.0));
#3527=ORIENTED_EDGE('',*,*,#7109,.T.);
#3528=ORIENTED_EDGE('',*,*,#7110,.F.);
#3529=ORIENTED_EDGE('',*,*,#7111,.F.);
#3530=ORIENTED_EDGE('',*,*,#7093,.T.);
#3531=CARTESIAN_POINT('',(21.95,-1.4,10.3));
#3532=DIRECTION('',(-0.0,1.0,0.0));
#3533=DIRECTION('',(1.0,0.0,0.0));
#3534=ORIENTED_EDGE('',*,*,#7111,.T.);
#3535=ORIENTED_EDGE('',*,*,#7112,.F.);
#3536=ORIENTED_EDGE('',*,*,#7113,.F.);
#3537=ORIENTED_EDGE('',*,*,#7094,.T.);
#3538=CARTESIAN_POINT('',(23.3,-2.75,10.3));
#3539=DIRECTION('',(0.707106781186548,0.707106781186548,0.0));
#3540=DIRECTION('',(0.0,0.0,-1.0));
#3541=ORIENTED_EDGE('',*,*,#7113,.T.);
#3542=ORIENTED_EDGE('',*,*,#7114,.F.);
#3543=ORIENTED_EDGE('',*,*,#7115,.F.);
#3544=ORIENTED_EDGE('',*,*,#7095,.T.);
#3545=CARTESIAN_POINT('',(23.3,-3.7,10.3));
#3546=DIRECTION('',(1.0,0.0,0.0));
#3547=DIRECTION('',(0.0,1.0,0.0));
#3548=ORIENTED_EDGE('',*,*,#7115,.T.);
#3549=ORIENTED_EDGE('',*,*,#7116,.F.);
#3550=ORIENTED_EDGE('',*,*,#7117,.F.);
#3551=ORIENTED_EDGE('',*,*,#7096,.T.);
#3552=CARTESIAN_POINT('',(24.55,-3.7,10.3));
#3553=DIRECTION('',(-0.0,1.0,0.0));
#3554=DIRECTION('',(1.0,0.0,0.0));
#3555=ORIENTED_EDGE('',*,*,#7117,.T.);
#3556=ORIENTED_EDGE('',*,*,#7118,.F.);
#3557=ORIENTED_EDGE('',*,*,#7099,.F.);
#3558=ORIENTED_EDGE('',*,*,#7097,.T.);
#3559=CARTESIAN_POINT('',(24.55,-8.4,10.3));
#3560=DIRECTION('',(1.0,0.0,0.0));
#3561=DIRECTION('',(0.0,1.0,0.0));
#3562=ORIENTED_EDGE('',*,*,#7119,.T.);
#3563=ORIENTED_EDGE('',*,*,#7120,.T.);
#3564=ORIENTED_EDGE('',*,*,#7121,.T.);
#3565=ORIENTED_EDGE('',*,*,#7122,.T.);
#3566=ORIENTED_EDGE('',*,*,#7123,.T.);
#3567=ORIENTED_EDGE('',*,*,#7124,.T.);
#3568=ORIENTED_EDGE('',*,*,#7125,.T.);
#3569=ORIENTED_EDGE('',*,*,#7126,.T.);
#3570=ORIENTED_EDGE('',*,*,#7127,.T.);
#3571=ORIENTED_EDGE('',*,*,#7128,.T.);
#3572=ORIENTED_EDGE('',*,*,#7129,.T.);
#3573=ORIENTED_EDGE('',*,*,#7130,.T.);
#3574=ORIENTED_EDGE('',*,*,#7131,.F.);
#3575=ORIENTED_EDGE('',*,*,#7132,.F.);
#3576=CARTESIAN_POINT('',(0.0,0.0,-2.3));
#3577=DIRECTION('',(0.0,0.0,1.0));
#3578=DIRECTION('',(1.0,0.0,0.0));
#3579=ORIENTED_EDGE('',*,*,#7133,.T.);
#3580=ORIENTED_EDGE('',*,*,#7134,.T.);
#3581=ORIENTED_EDGE('',*,*,#7135,.T.);
#3582=ORIENTED_EDGE('',*,*,#7136,.T.);
#3583=ORIENTED_EDGE('',*,*,#7137,.T.);
#3584=ORIENTED_EDGE('',*,*,#7138,.T.);
#3585=ORIENTED_EDGE('',*,*,#7139,.T.);
#3586=ORIENTED_EDGE('',*,*,#7140,.T.);
#3587=ORIENTED_EDGE('',*,*,#7141,.T.);
#3588=ORIENTED_EDGE('',*,*,#7142,.T.);
#3589=ORIENTED_EDGE('',*,*,#7143,.T.);
#3590=ORIENTED_EDGE('',*,*,#7144,.T.);
#3591=ORIENTED_EDGE('',*,*,#7145,.F.);
#3592=ORIENTED_EDGE('',*,*,#7146,.F.);
#3593=CARTESIAN_POINT('',(0.0,0.0,-2.3));
#3594=DIRECTION('',(0.0,0.0,1.0));
#3595=DIRECTION('',(1.0,0.0,0.0));
#3596=ORIENTED_EDGE('',*,*,#7147,.T.);
#3597=ORIENTED_EDGE('',*,*,#7148,.T.);
#3598=ORIENTED_EDGE('',*,*,#7149,.T.);
#3599=ORIENTED_EDGE('',*,*,#7150,.T.);
#3600=ORIENTED_EDGE('',*,*,#7151,.T.);
#3601=ORIENTED_EDGE('',*,*,#7152,.T.);
#3602=ORIENTED_EDGE('',*,*,#7153,.T.);
#3603=ORIENTED_EDGE('',*,*,#7154,.T.);
#3604=ORIENTED_EDGE('',*,*,#7155,.T.);
#3605=ORIENTED_EDGE('',*,*,#7156,.T.);
#3606=ORIENTED_EDGE('',*,*,#7157,.T.);
#3607=ORIENTED_EDGE('',*,*,#7158,.T.);
#3608=ORIENTED_EDGE('',*,*,#7159,.F.);
#3609=ORIENTED_EDGE('',*,*,#7160,.F.);
#3610=CARTESIAN_POINT('',(0.0,0.0,-2.3));
#3611=DIRECTION('',(0.0,0.0,1.0));
#3612=DIRECTION('',(1.0,0.0,0.0));
#3613=ORIENTED_EDGE('',*,*,#7118,.T.);
#3614=ORIENTED_EDGE('',*,*,#7116,.T.);
#3615=ORIENTED_EDGE('',*,*,#7114,.T.);
#3616=ORIENTED_EDGE('',*,*,#7112,.T.);
#3617=ORIENTED_EDGE('',*,*,#7110,.T.);
#3618=ORIENTED_EDGE('',*,*,#7108,.T.);
#3619=ORIENTED_EDGE('',*,*,#7106,.T.);
#3620=ORIENTED_EDGE('',*,*,#7104,.T.);
#3621=ORIENTED_EDGE('',*,*,#7102,.T.);
#3622=ORIENTED_EDGE('',*,*,#7100,.T.);
#3623=ORIENTED_EDGE('',*,*,#7161,.T.);
#3624=ORIENTED_EDGE('',*,*,#7162,.T.);
#3625=ORIENTED_EDGE('',*,*,#7163,.F.);
#3626=ORIENTED_EDGE('',*,*,#7164,.F.);
#3627=CARTESIAN_POINT('',(0.0,0.0,-2.3));
#3628=DIRECTION('',(0.0,0.0,1.0));
#3629=DIRECTION('',(1.0,0.0,0.0));
#3630=ORIENTED_EDGE('',*,*,#7165,.T.);
#3631=ORIENTED_EDGE('',*,*,#7166,.T.);
#3632=ORIENTED_EDGE('',*,*,#7167,.F.);
#3633=ORIENTED_EDGE('',*,*,#7168,.F.);
#3634=ORIENTED_EDGE('',*,*,#7169,.T.);
#3635=ORIENTED_EDGE('',*,*,#7170,.T.);
#3636=ORIENTED_EDGE('',*,*,#7171,.T.);
#3637=ORIENTED_EDGE('',*,*,#7172,.T.);
#3638=ORIENTED_EDGE('',*,*,#7173,.F.);
#3639=ORIENTED_EDGE('',*,*,#7174,.T.);
#3640=ORIENTED_EDGE('',*,*,#7175,.T.);
#3641=ORIENTED_EDGE('',*,*,#7176,.T.);
#3642=ORIENTED_EDGE('',*,*,#7177,.T.);
#3643=ORIENTED_EDGE('',*,*,#7178,.T.);
#3644=ORIENTED_EDGE('',*,*,#7179,.T.);
#3645=ORIENTED_EDGE('',*,*,#7180,.T.);
#3646=ORIENTED_EDGE('',*,*,#7181,.T.);
#3647=ORIENTED_EDGE('',*,*,#7182,.T.);
#3648=ORIENTED_EDGE('',*,*,#7183,.T.);
#3649=ORIENTED_EDGE('',*,*,#7184,.T.);
#3650=ORIENTED_EDGE('',*,*,#7185,.T.);
#3651=ORIENTED_EDGE('',*,*,#7186,.F.);
#3652=ORIENTED_EDGE('',*,*,#7187,.F.);
#3653=ORIENTED_EDGE('',*,*,#7188,.T.);
#3654=ORIENTED_EDGE('',*,*,#7189,.T.);
#3655=ORIENTED_EDGE('',*,*,#7190,.F.);
#3656=ORIENTED_EDGE('',*,*,#7191,.F.);
#3657=CARTESIAN_POINT('',(0.0,0.0,-2.3));
#3658=DIRECTION('',(0.0,0.0,1.0));
#3659=DIRECTION('',(1.0,0.0,0.0));
#3660=ORIENTED_EDGE('',*,*,#7192,.T.);
#3661=ORIENTED_EDGE('',*,*,#7193,.T.);
#3662=ORIENTED_EDGE('',*,*,#7194,.T.);
#3663=ORIENTED_EDGE('',*,*,#7195,.T.);
#3664=ORIENTED_EDGE('',*,*,#7196,.F.);
#3665=ORIENTED_EDGE('',*,*,#7197,.F.);
#3666=ORIENTED_EDGE('',*,*,#7198,.T.);
#3667=ORIENTED_EDGE('',*,*,#7199,.T.);
#3668=ORIENTED_EDGE('',*,*,#7200,.F.);
#3669=ORIENTED_EDGE('',*,*,#7201,.T.);
#3670=ORIENTED_EDGE('',*,*,#7202,.T.);
#3671=ORIENTED_EDGE('',*,*,#7203,.T.);
#3672=ORIENTED_EDGE('',*,*,#7204,.T.);
#3673=ORIENTED_EDGE('',*,*,#7205,.T.);
#3674=ORIENTED_EDGE('',*,*,#7206,.T.);
#3675=ORIENTED_EDGE('',*,*,#7207,.T.);
#3676=ORIENTED_EDGE('',*,*,#7208,.T.);
#3677=ORIENTED_EDGE('',*,*,#7209,.T.);
#3678=ORIENTED_EDGE('',*,*,#7210,.F.);
#3679=ORIENTED_EDGE('',*,*,#7211,.T.);
#3680=ORIENTED_EDGE('',*,*,#7212,.T.);
#3681=ORIENTED_EDGE('',*,*,#7213,.F.);
#3682=ORIENTED_EDGE('',*,*,#7214,.F.);
#3683=ORIENTED_EDGE('',*,*,#7215,.T.);
#3684=ORIENTED_EDGE('',*,*,#7216,.T.);
#3685=ORIENTED_EDGE('',*,*,#7217,.F.);
#3686=ORIENTED_EDGE('',*,*,#7218,.F.);
#3687=CARTESIAN_POINT('',(0.0,0.0,-2.3));
#3688=DIRECTION('',(0.0,0.0,1.0));
#3689=DIRECTION('',(1.0,0.0,0.0));
#3690=ORIENTED_EDGE('',*,*,#7219,.F.);
#3691=ORIENTED_EDGE('',*,*,#7220,.F.);
#3692=ORIENTED_EDGE('',*,*,#7221,.F.);
#3693=ORIENTED_EDGE('',*,*,#7214,.T.);
#3694=CARTESIAN_POINT('',(-11.0,0.0,0.0));
#3695=DIRECTION('',(1.0,0.0,0.0));
#3696=DIRECTION('',(0.0,1.0,0.0));
#3697=ORIENTED_EDGE('',*,*,#7222,.F.);
#3698=ORIENTED_EDGE('',*,*,#7223,.F.);
#3699=ORIENTED_EDGE('',*,*,#7224,.F.);
#3700=ORIENTED_EDGE('',*,*,#7132,.T.);
#3701=CARTESIAN_POINT('',(-11.0,0.0,0.0));
#3702=DIRECTION('',(1.0,0.0,0.0));
#3703=DIRECTION('',(0.0,1.0,0.0));
#3704=ORIENTED_EDGE('',*,*,#7221,.T.);
#3705=ORIENTED_EDGE('',*,*,#7225,.T.);
#3706=ORIENTED_EDGE('',*,*,#7226,.F.);
#3707=ORIENTED_EDGE('',*,*,#7211,.F.);
#3708=CARTESIAN_POINT('',(-11.0,7.28,-2.3));
#3709=DIRECTION('',(-0.0,1.0,0.0));
#3710=DIRECTION('',(1.0,0.0,0.0));
#3711=ORIENTED_EDGE('',*,*,#7226,.T.);
#3712=ORIENTED_EDGE('',*,*,#7227,.T.);
#3713=ORIENTED_EDGE('',*,*,#7228,.T.);
#3714=ORIENTED_EDGE('',*,*,#7212,.F.);
#3715=CARTESIAN_POINT('',(-9.0,0.0,0.0));
#3716=DIRECTION('',(1.0,0.0,0.0));
#3717=DIRECTION('',(0.0,1.0,0.0));
#3718=ORIENTED_EDGE('',*,*,#7229,.T.);
#3719=ORIENTED_EDGE('',*,*,#7230,.T.);
#3720=ORIENTED_EDGE('',*,*,#7231,.T.);
#3721=ORIENTED_EDGE('',*,*,#7130,.F.);
#3722=CARTESIAN_POINT('',(-9.0,0.0,0.0));
#3723=DIRECTION('',(1.0,0.0,0.0));
#3724=DIRECTION('',(0.0,1.0,0.0));
#3725=ORIENTED_EDGE('',*,*,#7228,.F.);
#3726=ORIENTED_EDGE('',*,*,#7232,.F.);
#3727=ORIENTED_EDGE('',*,*,#7219,.T.);
#3728=ORIENTED_EDGE('',*,*,#7213,.T.);
#3729=CARTESIAN_POINT('',(-11.0,2.48,8.4));
#3730=DIRECTION('',(0.0,-1.0,0.0));
#3731=DIRECTION('',(0.0,0.0,-1.0));
#3732=ORIENTED_EDGE('',*,*,#7232,.T.);
#3733=ORIENTED_EDGE('',*,*,#7227,.F.);
#3734=ORIENTED_EDGE('',*,*,#7225,.F.);
#3735=ORIENTED_EDGE('',*,*,#7220,.T.);
#3736=CARTESIAN_POINT('',(-11.0,7.28,8.4));
#3737=DIRECTION('',(0.0,0.0,1.0));
#3738=DIRECTION('',(1.0,0.0,0.0));
#3739=ORIENTED_EDGE('',*,*,#7231,.F.);
#3740=ORIENTED_EDGE('',*,*,#7233,.F.);
#3741=ORIENTED_EDGE('',*,*,#7222,.T.);
#3742=ORIENTED_EDGE('',*,*,#7131,.T.);
#3743=CARTESIAN_POINT('',(-11.0,-7.28,8.4));
#3744=DIRECTION('',(0.0,-1.0,0.0));
#3745=DIRECTION('',(0.0,0.0,-1.0));
#3746=ORIENTED_EDGE('',*,*,#7233,.T.);
#3747=ORIENTED_EDGE('',*,*,#7230,.F.);
#3748=ORIENTED_EDGE('',*,*,#7234,.F.);
#3749=ORIENTED_EDGE('',*,*,#7223,.T.);
#3750=CARTESIAN_POINT('',(-11.0,-2.48,8.4));
#3751=DIRECTION('',(0.0,0.0,1.0));
#3752=DIRECTION('',(1.0,0.0,0.0));
#3753=ORIENTED_EDGE('',*,*,#7224,.T.);
#3754=ORIENTED_EDGE('',*,*,#7234,.T.);
#3755=ORIENTED_EDGE('',*,*,#7229,.F.);
#3756=ORIENTED_EDGE('',*,*,#7129,.F.);
#3757=CARTESIAN_POINT('',(-11.0,-2.48,-2.3));
#3758=DIRECTION('',(-0.0,1.0,0.0));
#3759=DIRECTION('',(1.0,0.0,0.0));
#3760=ORIENTED_EDGE('',*,*,#7235,.T.);
#3761=ORIENTED_EDGE('',*,*,#7128,.F.);
#3762=ORIENTED_EDGE('',*,*,#7236,.F.);
#3763=ORIENTED_EDGE('',*,*,#6986,.T.);
#3764=CARTESIAN_POINT('',(-14.55,-8.4,10.3));
#3765=DIRECTION('',(0.0,-1.0,0.0));
#3766=DIRECTION('',(0.0,0.0,-1.0));
#3767=ORIENTED_EDGE('',*,*,#7236,.T.);
#3768=ORIENTED_EDGE('',*,*,#7127,.F.);
#3769=ORIENTED_EDGE('',*,*,#7237,.F.);
#3770=ORIENTED_EDGE('',*,*,#6977,.T.);
#3771=CARTESIAN_POINT('',(-14.55,-3.7,10.3));
#3772=DIRECTION('',(-1.0,0.0,0.0));
#3773=DIRECTION('',(0.0,0.0,1.0));
#3774=ORIENTED_EDGE('',*,*,#7237,.T.);
#3775=ORIENTED_EDGE('',*,*,#7126,.F.);
#3776=ORIENTED_EDGE('',*,*,#7238,.F.);
#3777=ORIENTED_EDGE('',*,*,#6978,.T.);
#3778=CARTESIAN_POINT('',(-13.3,-3.7,10.3));
#3779=DIRECTION('',(-0.0,1.0,0.0));
#3780=DIRECTION('',(1.0,0.0,0.0));
#3781=ORIENTED_EDGE('',*,*,#7238,.T.);
#3782=ORIENTED_EDGE('',*,*,#7125,.F.);
#3783=ORIENTED_EDGE('',*,*,#7239,.F.);
#3784=ORIENTED_EDGE('',*,*,#6979,.T.);
#3785=CARTESIAN_POINT('',(-13.3,-2.75,10.3));
#3786=DIRECTION('',(-1.0,0.0,0.0));
#3787=DIRECTION('',(0.0,0.0,1.0));
#3788=ORIENTED_EDGE('',*,*,#7239,.T.);
#3789=ORIENTED_EDGE('',*,*,#7124,.F.);
#3790=ORIENTED_EDGE('',*,*,#7240,.F.);
#3791=ORIENTED_EDGE('',*,*,#6980,.T.);
#3792=CARTESIAN_POINT('',(-11.95,-1.4,10.3));
#3793=DIRECTION('',(-0.707106781186548,0.707106781186548,0.0));
#3794=DIRECTION('',(0.0,0.0,1.0));
#3795=ORIENTED_EDGE('',*,*,#7240,.T.);
#3796=ORIENTED_EDGE('',*,*,#7123,.F.);
#3797=ORIENTED_EDGE('',*,*,#7241,.F.);
#3798=ORIENTED_EDGE('',*,*,#6981,.T.);
#3799=CARTESIAN_POINT('',(-8.05,-1.4,10.3));
#3800=DIRECTION('',(-0.0,1.0,0.0));
#3801=DIRECTION('',(1.0,0.0,0.0));
#3802=ORIENTED_EDGE('',*,*,#7241,.T.);
#3803=ORIENTED_EDGE('',*,*,#7122,.F.);
#3804=ORIENTED_EDGE('',*,*,#7242,.F.);
#3805=ORIENTED_EDGE('',*,*,#6982,.T.);
#3806=CARTESIAN_POINT('',(-6.7,-2.75,10.3));
#3807=DIRECTION('',(0.707106781186548,0.707106781186548,0.0));
#3808=DIRECTION('',(0.0,0.0,-1.0));
#3809=ORIENTED_EDGE('',*,*,#7242,.T.);
#3810=ORIENTED_EDGE('',*,*,#7121,.F.);
#3811=ORIENTED_EDGE('',*,*,#7243,.F.);
#3812=ORIENTED_EDGE('',*,*,#6983,.T.);
#3813=CARTESIAN_POINT('',(-6.7,-3.7,10.3));
#3814=DIRECTION('',(1.0,0.0,0.0));
#3815=DIRECTION('',(0.0,1.0,0.0));
#3816=ORIENTED_EDGE('',*,*,#7243,.T.);
#3817=ORIENTED_EDGE('',*,*,#7120,.F.);
#3818=ORIENTED_EDGE('',*,*,#7244,.F.);
#3819=ORIENTED_EDGE('',*,*,#6984,.T.);
#3820=CARTESIAN_POINT('',(-5.45,-3.7,10.3));
#3821=DIRECTION('',(-0.0,1.0,0.0));
#3822=DIRECTION('',(1.0,0.0,0.0));
#3823=ORIENTED_EDGE('',*,*,#7244,.T.);
#3824=ORIENTED_EDGE('',*,*,#7119,.F.);
#3825=ORIENTED_EDGE('',*,*,#7235,.F.);
#3826=ORIENTED_EDGE('',*,*,#6985,.T.);
#3827=CARTESIAN_POINT('',(-5.45,-8.4,10.3));
#3828=DIRECTION('',(1.0,0.0,0.0));
#3829=DIRECTION('',(0.0,1.0,0.0));
#3830=ORIENTED_EDGE('',*,*,#7245,.F.);
#3831=ORIENTED_EDGE('',*,*,#7246,.F.);
#3832=ORIENTED_EDGE('',*,*,#7247,.F.);
#3833=ORIENTED_EDGE('',*,*,#7187,.T.);
#3834=CARTESIAN_POINT('',(9.0,0.0,0.0));
#3835=DIRECTION('',(1.0,0.0,0.0));
#3836=DIRECTION('',(0.0,1.0,0.0));
#3837=ORIENTED_EDGE('',*,*,#7248,.F.);
#3838=ORIENTED_EDGE('',*,*,#7249,.F.);
#3839=ORIENTED_EDGE('',*,*,#7250,.F.);
#3840=ORIENTED_EDGE('',*,*,#7146,.T.);
#3841=CARTESIAN_POINT('',(9.0,0.0,0.0));
#3842=DIRECTION('',(1.0,0.0,0.0));
#3843=DIRECTION('',(0.0,1.0,0.0));
#3844=ORIENTED_EDGE('',*,*,#7247,.T.);
#3845=ORIENTED_EDGE('',*,*,#7251,.T.);
#3846=ORIENTED_EDGE('',*,*,#7252,.F.);
#3847=ORIENTED_EDGE('',*,*,#7184,.F.);
#3848=CARTESIAN_POINT('',(9.0,7.28,-2.3));
#3849=DIRECTION('',(-0.0,1.0,0.0));
#3850=DIRECTION('',(1.0,0.0,0.0));
#3851=ORIENTED_EDGE('',*,*,#7252,.T.);
#3852=ORIENTED_EDGE('',*,*,#7253,.T.);
#3853=ORIENTED_EDGE('',*,*,#7254,.T.);
#3854=ORIENTED_EDGE('',*,*,#7185,.F.);
#3855=CARTESIAN_POINT('',(11.0,0.0,0.0));
#3856=DIRECTION('',(1.0,0.0,0.0));
#3857=DIRECTION('',(0.0,1.0,0.0));
#3858=ORIENTED_EDGE('',*,*,#7255,.T.);
#3859=ORIENTED_EDGE('',*,*,#7256,.T.);
#3860=ORIENTED_EDGE('',*,*,#7257,.T.);
#3861=ORIENTED_EDGE('',*,*,#7144,.F.);
#3862=CARTESIAN_POINT('',(11.0,0.0,0.0));
#3863=DIRECTION('',(1.0,0.0,0.0));
#3864=DIRECTION('',(0.0,1.0,0.0));
#3865=ORIENTED_EDGE('',*,*,#7254,.F.);
#3866=ORIENTED_EDGE('',*,*,#7258,.F.);
#3867=ORIENTED_EDGE('',*,*,#7245,.T.);
#3868=ORIENTED_EDGE('',*,*,#7186,.T.);
#3869=CARTESIAN_POINT('',(9.0,2.48,8.4));
#3870=DIRECTION('',(0.0,-1.0,0.0));
#3871=DIRECTION('',(0.0,0.0,-1.0));
#3872=ORIENTED_EDGE('',*,*,#7258,.T.);
#3873=ORIENTED_EDGE('',*,*,#7253,.F.);
#3874=ORIENTED_EDGE('',*,*,#7251,.F.);
#3875=ORIENTED_EDGE('',*,*,#7246,.T.);
#3876=CARTESIAN_POINT('',(9.0,7.28,8.4));
#3877=DIRECTION('',(0.0,0.0,1.0));
#3878=DIRECTION('',(1.0,0.0,0.0));
#3879=ORIENTED_EDGE('',*,*,#7257,.F.);
#3880=ORIENTED_EDGE('',*,*,#7259,.F.);
#3881=ORIENTED_EDGE('',*,*,#7248,.T.);
#3882=ORIENTED_EDGE('',*,*,#7145,.T.);
#3883=CARTESIAN_POINT('',(9.0,-7.28,8.4));
#3884=DIRECTION('',(0.0,-1.0,0.0));
#3885=DIRECTION('',(0.0,0.0,-1.0));
#3886=ORIENTED_EDGE('',*,*,#7259,.T.);
#3887=ORIENTED_EDGE('',*,*,#7256,.F.);
#3888=ORIENTED_EDGE('',*,*,#7260,.F.);
#3889=ORIENTED_EDGE('',*,*,#7249,.T.);
#3890=CARTESIAN_POINT('',(9.0,-2.48,8.4));
#3891=DIRECTION('',(0.0,0.0,1.0));
#3892=DIRECTION('',(1.0,0.0,0.0));
#3893=ORIENTED_EDGE('',*,*,#7250,.T.);
#3894=ORIENTED_EDGE('',*,*,#7260,.T.);
#3895=ORIENTED_EDGE('',*,*,#7255,.F.);
#3896=ORIENTED_EDGE('',*,*,#7143,.F.);
#3897=CARTESIAN_POINT('',(9.0,-2.48,-2.3));
#3898=DIRECTION('',(-0.0,1.0,0.0));
#3899=DIRECTION('',(1.0,0.0,0.0));
#3900=ORIENTED_EDGE('',*,*,#7261,.T.);
#3901=ORIENTED_EDGE('',*,*,#7142,.F.);
#3902=ORIENTED_EDGE('',*,*,#7262,.F.);
#3903=ORIENTED_EDGE('',*,*,#6956,.T.);
#3904=CARTESIAN_POINT('',(5.45,-8.4,10.3));
#3905=DIRECTION('',(0.0,-1.0,0.0));
#3906=DIRECTION('',(0.0,0.0,-1.0));
#3907=ORIENTED_EDGE('',*,*,#7262,.T.);
#3908=ORIENTED_EDGE('',*,*,#7141,.F.);
#3909=ORIENTED_EDGE('',*,*,#7263,.F.);
#3910=ORIENTED_EDGE('',*,*,#6947,.T.);
#3911=CARTESIAN_POINT('',(5.45,-3.7,10.3));
#3912=DIRECTION('',(-1.0,0.0,0.0));
#3913=DIRECTION('',(0.0,0.0,1.0));
#3914=ORIENTED_EDGE('',*,*,#7263,.T.);
#3915=ORIENTED_EDGE('',*,*,#7140,.F.);
#3916=ORIENTED_EDGE('',*,*,#7264,.F.);
#3917=ORIENTED_EDGE('',*,*,#6948,.T.);
#3918=CARTESIAN_POINT('',(6.7,-3.7,10.3));
#3919=DIRECTION('',(-0.0,1.0,0.0));
#3920=DIRECTION('',(1.0,0.0,0.0));
#3921=ORIENTED_EDGE('',*,*,#7264,.T.);
#3922=ORIENTED_EDGE('',*,*,#7139,.F.);
#3923=ORIENTED_EDGE('',*,*,#7265,.F.);
#3924=ORIENTED_EDGE('',*,*,#6949,.T.);
#3925=CARTESIAN_POINT('',(6.7,-2.75,10.3));
#3926=DIRECTION('',(-1.0,0.0,0.0));
#3927=DIRECTION('',(0.0,0.0,1.0));
#3928=ORIENTED_EDGE('',*,*,#7265,.T.);
#3929=ORIENTED_EDGE('',*,*,#7138,.F.);
#3930=ORIENTED_EDGE('',*,*,#7266,.F.);
#3931=ORIENTED_EDGE('',*,*,#6950,.T.);
#3932=CARTESIAN_POINT('',(8.05,-1.4,10.3));
#3933=DIRECTION('',(-0.707106781186548,0.707106781186548,0.0));
#3934=DIRECTION('',(0.0,0.0,1.0));
#3935=ORIENTED_EDGE('',*,*,#7266,.T.);
#3936=ORIENTED_EDGE('',*,*,#7137,.F.);
#3937=ORIENTED_EDGE('',*,*,#7267,.F.);
#3938=ORIENTED_EDGE('',*,*,#6951,.T.);
#3939=CARTESIAN_POINT('',(11.95,-1.4,10.3));
#3940=DIRECTION('',(-0.0,1.0,0.0));
#3941=DIRECTION('',(1.0,0.0,0.0));
#3942=ORIENTED_EDGE('',*,*,#7267,.T.);
#3943=ORIENTED_EDGE('',*,*,#7136,.F.);
#3944=ORIENTED_EDGE('',*,*,#7268,.F.);
#3945=ORIENTED_EDGE('',*,*,#6952,.T.);
#3946=CARTESIAN_POINT('',(13.3,-2.75,10.3));
#3947=DIRECTION('',(0.707106781186548,0.707106781186548,0.0));
#3948=DIRECTION('',(0.0,0.0,-1.0));
#3949=ORIENTED_EDGE('',*,*,#7268,.T.);
#3950=ORIENTED_EDGE('',*,*,#7135,.F.);
#3951=ORIENTED_EDGE('',*,*,#7269,.F.);
#3952=ORIENTED_EDGE('',*,*,#6953,.T.);
#3953=CARTESIAN_POINT('',(13.3,-3.7,10.3));
#3954=DIRECTION('',(1.0,0.0,0.0));
#3955=DIRECTION('',(0.0,1.0,0.0));
#3956=ORIENTED_EDGE('',*,*,#7269,.T.);
#3957=ORIENTED_EDGE('',*,*,#7134,.F.);
#3958=ORIENTED_EDGE('',*,*,#7270,.F.);
#3959=ORIENTED_EDGE('',*,*,#6954,.T.);
#3960=CARTESIAN_POINT('',(14.55,-3.7,10.3));
#3961=DIRECTION('',(-0.0,1.0,0.0));
#3962=DIRECTION('',(1.0,0.0,0.0));
#3963=ORIENTED_EDGE('',*,*,#7270,.T.);
#3964=ORIENTED_EDGE('',*,*,#7133,.F.);
#3965=ORIENTED_EDGE('',*,*,#7261,.F.);
#3966=ORIENTED_EDGE('',*,*,#6955,.T.);
#3967=CARTESIAN_POINT('',(14.55,-8.4,10.3));
#3968=DIRECTION('',(1.0,0.0,0.0));
#3969=DIRECTION('',(0.0,1.0,0.0));
#3970=ORIENTED_EDGE('',*,*,#7271,.T.);
#3971=ORIENTED_EDGE('',*,*,#7156,.F.);
#3972=ORIENTED_EDGE('',*,*,#7272,.F.);
#3973=ORIENTED_EDGE('',*,*,#6996,.T.);
#3974=CARTESIAN_POINT('',(-24.55,-8.4,10.3));
#3975=DIRECTION('',(0.0,-1.0,0.0));
#3976=DIRECTION('',(0.0,0.0,-1.0));
#3977=ORIENTED_EDGE('',*,*,#7272,.T.);
#3978=ORIENTED_EDGE('',*,*,#7155,.F.);
#3979=ORIENTED_EDGE('',*,*,#7273,.F.);
#3980=ORIENTED_EDGE('',*,*,#6987,.T.);
#3981=CARTESIAN_POINT('',(-24.55,-3.7,10.3));
#3982=DIRECTION('',(-1.0,0.0,0.0));
#3983=DIRECTION('',(0.0,0.0,1.0));
#3984=ORIENTED_EDGE('',*,*,#7273,.T.);
#3985=ORIENTED_EDGE('',*,*,#7154,.F.);
#3986=ORIENTED_EDGE('',*,*,#7274,.F.);
#3987=ORIENTED_EDGE('',*,*,#6988,.T.);
#3988=CARTESIAN_POINT('',(-23.3,-3.7,10.3));
#3989=DIRECTION('',(-0.0,1.0,0.0));
#3990=DIRECTION('',(1.0,0.0,0.0));
#3991=ORIENTED_EDGE('',*,*,#7274,.T.);
#3992=ORIENTED_EDGE('',*,*,#7153,.F.);
#3993=ORIENTED_EDGE('',*,*,#7275,.F.);
#3994=ORIENTED_EDGE('',*,*,#6989,.T.);
#3995=CARTESIAN_POINT('',(-23.3,-2.75,10.3));
#3996=DIRECTION('',(-1.0,0.0,0.0));
#3997=DIRECTION('',(0.0,0.0,1.0));
#3998=ORIENTED_EDGE('',*,*,#7275,.T.);
#3999=ORIENTED_EDGE('',*,*,#7152,.F.);
#4000=ORIENTED_EDGE('',*,*,#7276,.F.);
#4001=ORIENTED_EDGE('',*,*,#6990,.T.);
#4002=CARTESIAN_POINT('',(-21.95,-1.4,10.3));
#4003=DIRECTION('',(-0.707106781186548,0.707106781186548,0.0));
#4004=DIRECTION('',(0.0,0.0,1.0));
#4005=ORIENTED_EDGE('',*,*,#7276,.T.);
#4006=ORIENTED_EDGE('',*,*,#7151,.F.);
#4007=ORIENTED_EDGE('',*,*,#7277,.F.);
#4008=ORIENTED_EDGE('',*,*,#6991,.T.);
#4009=CARTESIAN_POINT('',(-18.05,-1.4,10.3));
#4010=DIRECTION('',(-0.0,1.0,0.0));
#4011=DIRECTION('',(1.0,0.0,0.0));
#4012=ORIENTED_EDGE('',*,*,#7277,.T.);
#4013=ORIENTED_EDGE('',*,*,#7150,.F.);
#4014=ORIENTED_EDGE('',*,*,#7278,.F.);
#4015=ORIENTED_EDGE('',*,*,#6992,.T.);
#4016=CARTESIAN_POINT('',(-16.7,-2.75,10.3));
#4017=DIRECTION('',(0.707106781186548,0.707106781186548,0.0));
#4018=DIRECTION('',(0.0,0.0,-1.0));
#4019=ORIENTED_EDGE('',*,*,#7278,.T.);
#4020=ORIENTED_EDGE('',*,*,#7149,.F.);
#4021=ORIENTED_EDGE('',*,*,#7279,.F.);
#4022=ORIENTED_EDGE('',*,*,#6993,.T.);
#4023=CARTESIAN_POINT('',(-16.7,-3.7,10.3));
#4024=DIRECTION('',(1.0,0.0,0.0));
#4025=DIRECTION('',(0.0,1.0,0.0));
#4026=ORIENTED_EDGE('',*,*,#7279,.T.);
#4027=ORIENTED_EDGE('',*,*,#7148,.F.);
#4028=ORIENTED_EDGE('',*,*,#7280,.F.);
#4029=ORIENTED_EDGE('',*,*,#6994,.T.);
#4030=CARTESIAN_POINT('',(-15.45,-3.7,10.3));
#4031=DIRECTION('',(-0.0,1.0,0.0));
#4032=DIRECTION('',(1.0,0.0,0.0));
#4033=ORIENTED_EDGE('',*,*,#7280,.T.);
#4034=ORIENTED_EDGE('',*,*,#7147,.F.);
#4035=ORIENTED_EDGE('',*,*,#7271,.F.);
#4036=ORIENTED_EDGE('',*,*,#6995,.T.);
#4037=CARTESIAN_POINT('',(-15.45,-8.4,10.3));
#4038=DIRECTION('',(1.0,0.0,0.0));
#4039=DIRECTION('',(0.0,1.0,0.0));
#4040=ORIENTED_EDGE('',*,*,#7281,.F.);
#4041=ORIENTED_EDGE('',*,*,#7282,.F.);
#4042=ORIENTED_EDGE('',*,*,#7283,.F.);
#4043=ORIENTED_EDGE('',*,*,#7191,.T.);
#4044=CARTESIAN_POINT('',(19.0,0.0,0.0));
#4045=DIRECTION('',(1.0,0.0,0.0));
#4046=DIRECTION('',(0.0,1.0,0.0));
#4047=ORIENTED_EDGE('',*,*,#7284,.F.);
#4048=ORIENTED_EDGE('',*,*,#7285,.F.);
#4049=ORIENTED_EDGE('',*,*,#7286,.F.);
#4050=ORIENTED_EDGE('',*,*,#7164,.T.);
#4051=CARTESIAN_POINT('',(19.0,0.0,0.0));
#4052=DIRECTION('',(1.0,0.0,0.0));
#4053=DIRECTION('',(0.0,1.0,0.0));
#4054=ORIENTED_EDGE('',*,*,#7283,.T.);
#4055=ORIENTED_EDGE('',*,*,#7287,.T.);
#4056=ORIENTED_EDGE('',*,*,#7288,.F.);
#4057=ORIENTED_EDGE('',*,*,#7188,.F.);
#4058=CARTESIAN_POINT('',(19.0,7.28,-2.3));
#4059=DIRECTION('',(-0.0,1.0,0.0));
#4060=DIRECTION('',(1.0,0.0,0.0));
#4061=ORIENTED_EDGE('',*,*,#7288,.T.);
#4062=ORIENTED_EDGE('',*,*,#7289,.T.);
#4063=ORIENTED_EDGE('',*,*,#7290,.T.);
#4064=ORIENTED_EDGE('',*,*,#7189,.F.);
#4065=CARTESIAN_POINT('',(21.0,0.0,0.0));
#4066=DIRECTION('',(1.0,0.0,0.0));
#4067=DIRECTION('',(0.0,1.0,0.0));
#4068=ORIENTED_EDGE('',*,*,#7291,.T.);
#4069=ORIENTED_EDGE('',*,*,#7292,.T.);
#4070=ORIENTED_EDGE('',*,*,#7293,.T.);
#4071=ORIENTED_EDGE('',*,*,#7162,.F.);
#4072=CARTESIAN_POINT('',(21.0,0.0,0.0));
#4073=DIRECTION('',(1.0,0.0,0.0));
#4074=DIRECTION('',(0.0,1.0,0.0));
#4075=ORIENTED_EDGE('',*,*,#7290,.F.);
#4076=ORIENTED_EDGE('',*,*,#7294,.F.);
#4077=ORIENTED_EDGE('',*,*,#7281,.T.);
#4078=ORIENTED_EDGE('',*,*,#7190,.T.);
#4079=CARTESIAN_POINT('',(19.0,2.48,8.4));
#4080=DIRECTION('',(0.0,-1.0,0.0));
#4081=DIRECTION('',(0.0,0.0,-1.0));
#4082=ORIENTED_EDGE('',*,*,#7294,.T.);
#4083=ORIENTED_EDGE('',*,*,#7289,.F.);
#4084=ORIENTED_EDGE('',*,*,#7287,.F.);
#4085=ORIENTED_EDGE('',*,*,#7282,.T.);
#4086=CARTESIAN_POINT('',(19.0,7.28,8.4));
#4087=DIRECTION('',(0.0,0.0,1.0));
#4088=DIRECTION('',(1.0,0.0,0.0));
#4089=ORIENTED_EDGE('',*,*,#7293,.F.);
#4090=ORIENTED_EDGE('',*,*,#7295,.F.);
#4091=ORIENTED_EDGE('',*,*,#7284,.T.);
#4092=ORIENTED_EDGE('',*,*,#7163,.T.);
#4093=CARTESIAN_POINT('',(19.0,-7.28,8.4));
#4094=DIRECTION('',(0.0,-1.0,0.0));
#4095=DIRECTION('',(0.0,0.0,-1.0));
#4096=ORIENTED_EDGE('',*,*,#7295,.T.);
#4097=ORIENTED_EDGE('',*,*,#7292,.F.);
#4098=ORIENTED_EDGE('',*,*,#7296,.F.);
#4099=ORIENTED_EDGE('',*,*,#7285,.T.);
#4100=CARTESIAN_POINT('',(19.0,-2.48,8.4));
#4101=DIRECTION('',(0.0,0.0,1.0));
#4102=DIRECTION('',(1.0,0.0,0.0));
#4103=ORIENTED_EDGE('',*,*,#7286,.T.);
#4104=ORIENTED_EDGE('',*,*,#7296,.T.);
#4105=ORIENTED_EDGE('',*,*,#7291,.F.);
#4106=ORIENTED_EDGE('',*,*,#7161,.F.);
#4107=CARTESIAN_POINT('',(19.0,-2.48,-2.3));
#4108=DIRECTION('',(-0.0,1.0,0.0));
#4109=DIRECTION('',(1.0,0.0,0.0));
#4110=ORIENTED_EDGE('',*,*,#7160,.T.);
#4111=ORIENTED_EDGE('',*,*,#7297,.F.);
#4112=ORIENTED_EDGE('',*,*,#7298,.F.);
#4113=ORIENTED_EDGE('',*,*,#7299,.F.);
#4114=CARTESIAN_POINT('',(-21.0,0.0,0.0));
#4115=DIRECTION('',(1.0,0.0,0.0));
#4116=DIRECTION('',(0.0,1.0,0.0));
#4117=ORIENTED_EDGE('',*,*,#7218,.T.);
#4118=ORIENTED_EDGE('',*,*,#7300,.F.);
#4119=ORIENTED_EDGE('',*,*,#7301,.F.);
#4120=ORIENTED_EDGE('',*,*,#7302,.F.);
#4121=CARTESIAN_POINT('',(-21.0,0.0,0.0));
#4122=DIRECTION('',(1.0,0.0,0.0));
#4123=DIRECTION('',(0.0,1.0,0.0));
#4124=ORIENTED_EDGE('',*,*,#7303,.T.);
#4125=ORIENTED_EDGE('',*,*,#7304,.F.);
#4126=ORIENTED_EDGE('',*,*,#7157,.F.);
#4127=ORIENTED_EDGE('',*,*,#7299,.T.);
#4128=CARTESIAN_POINT('',(-21.0,-2.48,-2.3));
#4129=DIRECTION('',(-0.0,1.0,0.0));
#4130=DIRECTION('',(1.0,0.0,0.0));
#4131=ORIENTED_EDGE('',*,*,#7305,.T.);
#4132=ORIENTED_EDGE('',*,*,#7306,.T.);
#4133=ORIENTED_EDGE('',*,*,#7158,.F.);
#4134=ORIENTED_EDGE('',*,*,#7304,.T.);
#4135=CARTESIAN_POINT('',(-19.0,0.0,0.0));
#4136=DIRECTION('',(1.0,0.0,0.0));
#4137=DIRECTION('',(0.0,1.0,0.0));
#4138=ORIENTED_EDGE('',*,*,#7307,.T.);
#4139=ORIENTED_EDGE('',*,*,#7308,.T.);
#4140=ORIENTED_EDGE('',*,*,#7216,.F.);
#4141=ORIENTED_EDGE('',*,*,#7309,.T.);
#4142=CARTESIAN_POINT('',(-19.0,0.0,0.0));
#4143=DIRECTION('',(1.0,0.0,0.0));
#4144=DIRECTION('',(0.0,1.0,0.0));
#4145=ORIENTED_EDGE('',*,*,#7159,.T.);
#4146=ORIENTED_EDGE('',*,*,#7306,.F.);
#4147=ORIENTED_EDGE('',*,*,#7310,.F.);
#4148=ORIENTED_EDGE('',*,*,#7297,.T.);
#4149=CARTESIAN_POINT('',(-21.0,-7.28,8.4));
#4150=DIRECTION('',(0.0,-1.0,0.0));
#4151=DIRECTION('',(0.0,0.0,-1.0));
#4152=ORIENTED_EDGE('',*,*,#7310,.T.);
#4153=ORIENTED_EDGE('',*,*,#7305,.F.);
#4154=ORIENTED_EDGE('',*,*,#7303,.F.);
#4155=ORIENTED_EDGE('',*,*,#7298,.T.);
#4156=CARTESIAN_POINT('',(-21.0,-2.48,8.4));
#4157=DIRECTION('',(0.0,0.0,1.0));
#4158=DIRECTION('',(1.0,0.0,0.0));
#4159=ORIENTED_EDGE('',*,*,#7311,.T.);
#4160=ORIENTED_EDGE('',*,*,#7309,.F.);
#4161=ORIENTED_EDGE('',*,*,#7215,.F.);
#4162=ORIENTED_EDGE('',*,*,#7302,.T.);
#4163=CARTESIAN_POINT('',(-21.0,7.28,-2.3));
#4164=DIRECTION('',(-0.0,1.0,0.0));
#4165=DIRECTION('',(1.0,0.0,0.0));
#4166=ORIENTED_EDGE('',*,*,#7312,.T.);
#4167=ORIENTED_EDGE('',*,*,#7307,.F.);
#4168=ORIENTED_EDGE('',*,*,#7311,.F.);
#4169=ORIENTED_EDGE('',*,*,#7301,.T.);
#4170=CARTESIAN_POINT('',(-21.0,7.28,8.4));
#4171=DIRECTION('',(0.0,0.0,1.0));
#4172=DIRECTION('',(1.0,0.0,0.0));
#4173=ORIENTED_EDGE('',*,*,#7217,.T.);
#4174=ORIENTED_EDGE('',*,*,#7308,.F.);
#4175=ORIENTED_EDGE('',*,*,#7312,.F.);
#4176=ORIENTED_EDGE('',*,*,#7300,.T.);
#4177=CARTESIAN_POINT('',(-21.0,2.48,8.4));
#4178=DIRECTION('',(0.0,-1.0,0.0));
#4179=DIRECTION('',(0.0,0.0,-1.0));
#4180=ORIENTED_EDGE('',*,*,#7313,.F.);
#4181=ORIENTED_EDGE('',*,*,#7183,.F.);
#4182=ORIENTED_EDGE('',*,*,#7314,.T.);
#4183=ORIENTED_EDGE('',*,*,#7069,.T.);
#4184=CARTESIAN_POINT('',(14.45,6.4,10.3));
#4185=DIRECTION('',(0.0,-1.0,0.0));
#4186=DIRECTION('',(0.0,0.0,-1.0));
#4187=ORIENTED_EDGE('',*,*,#7182,.F.);
#4188=ORIENTED_EDGE('',*,*,#7315,.F.);
#4189=ORIENTED_EDGE('',*,*,#7051,.T.);
#4190=ORIENTED_EDGE('',*,*,#7314,.F.);
#4191=CARTESIAN_POINT('',(14.55,3.7,10.3));
#4192=DIRECTION('',(1.0,0.0,0.0));
#4193=DIRECTION('',(0.0,1.0,0.0));
#4194=ORIENTED_EDGE('',*,*,#7315,.T.);
#4195=ORIENTED_EDGE('',*,*,#7181,.F.);
#4196=ORIENTED_EDGE('',*,*,#7316,.F.);
#4197=ORIENTED_EDGE('',*,*,#7052,.T.);
#4198=CARTESIAN_POINT('',(13.3,3.7,10.3));
#4199=DIRECTION('',(0.0,-1.0,0.0));
#4200=DIRECTION('',(0.0,0.0,-1.0));
#4201=ORIENTED_EDGE('',*,*,#7316,.T.);
#4202=ORIENTED_EDGE('',*,*,#7180,.F.);
#4203=ORIENTED_EDGE('',*,*,#7317,.F.);
#4204=ORIENTED_EDGE('',*,*,#7053,.T.);
#4205=CARTESIAN_POINT('',(13.3,2.75,10.3));
#4206=DIRECTION('',(1.0,0.0,0.0));
#4207=DIRECTION('',(0.0,1.0,0.0));
#4208=ORIENTED_EDGE('',*,*,#7317,.T.);
#4209=ORIENTED_EDGE('',*,*,#7179,.F.);
#4210=ORIENTED_EDGE('',*,*,#7318,.F.);
#4211=ORIENTED_EDGE('',*,*,#7054,.T.);
#4212=CARTESIAN_POINT('',(11.95,1.4,10.3));
#4213=DIRECTION('',(0.707106781186548,-0.707106781186548,0.0));
#4214=DIRECTION('',(0.0,0.0,-1.0));
#4215=ORIENTED_EDGE('',*,*,#7318,.T.);
#4216=ORIENTED_EDGE('',*,*,#7178,.F.);
#4217=ORIENTED_EDGE('',*,*,#7319,.F.);
#4218=ORIENTED_EDGE('',*,*,#7055,.T.);
#4219=CARTESIAN_POINT('',(8.05,1.4,10.3));
#4220=DIRECTION('',(0.0,-1.0,0.0));
#4221=DIRECTION('',(0.0,0.0,-1.0));
#4222=ORIENTED_EDGE('',*,*,#7319,.T.);
#4223=ORIENTED_EDGE('',*,*,#7177,.F.);
#4224=ORIENTED_EDGE('',*,*,#7320,.F.);
#4225=ORIENTED_EDGE('',*,*,#7056,.T.);
#4226=CARTESIAN_POINT('',(6.7,2.75,10.3));
#4227=DIRECTION('',(-0.707106781186548,-0.707106781186548,0.0));
#4228=DIRECTION('',(-0.707106781186548,0.707106781186548,0.0));
#4229=ORIENTED_EDGE('',*,*,#7320,.T.);
#4230=ORIENTED_EDGE('',*,*,#7176,.F.);
#4231=ORIENTED_EDGE('',*,*,#7321,.F.);
#4232=ORIENTED_EDGE('',*,*,#7057,.T.);
#4233=CARTESIAN_POINT('',(6.7,3.7,10.3));
#4234=DIRECTION('',(-1.0,0.0,0.0));
#4235=DIRECTION('',(0.0,0.0,1.0));
#4236=ORIENTED_EDGE('',*,*,#7321,.T.);
#4237=ORIENTED_EDGE('',*,*,#7175,.F.);
#4238=ORIENTED_EDGE('',*,*,#7322,.F.);
#4239=ORIENTED_EDGE('',*,*,#7058,.T.);
#4240=CARTESIAN_POINT('',(5.45,3.7,10.3));
#4241=DIRECTION('',(0.0,-1.0,0.0));
#4242=DIRECTION('',(0.0,0.0,-1.0));
#4243=ORIENTED_EDGE('',*,*,#7322,.T.);
#4244=ORIENTED_EDGE('',*,*,#7174,.F.);
#4245=ORIENTED_EDGE('',*,*,#7323,.F.);
#4246=ORIENTED_EDGE('',*,*,#7059,.T.);
#4247=CARTESIAN_POINT('',(5.45,8.4,10.3));
#4248=DIRECTION('',(-1.0,0.0,0.0));
#4249=DIRECTION('',(0.0,0.0,1.0));
#4250=ORIENTED_EDGE('',*,*,#7324,.F.);
#4251=ORIENTED_EDGE('',*,*,#7060,.F.);
#4252=ORIENTED_EDGE('',*,*,#7323,.T.);
#4253=ORIENTED_EDGE('',*,*,#7173,.T.);
#4254=CARTESIAN_POINT('',(24.55,8.4,10.3));
#4255=DIRECTION('',(-0.0,1.0,0.0));
#4256=DIRECTION('',(1.0,0.0,0.0));
#4257=ORIENTED_EDGE('',*,*,#7324,.T.);
#4258=ORIENTED_EDGE('',*,*,#7172,.F.);
#4259=ORIENTED_EDGE('',*,*,#7325,.F.);
#4260=ORIENTED_EDGE('',*,*,#7061,.T.);
#4261=CARTESIAN_POINT('',(24.55,3.7,10.3));
#4262=DIRECTION('',(1.0,0.0,0.0));
#4263=DIRECTION('',(0.0,1.0,0.0));
#4264=ORIENTED_EDGE('',*,*,#7325,.T.);
#4265=ORIENTED_EDGE('',*,*,#7171,.F.);
#4266=ORIENTED_EDGE('',*,*,#7326,.F.);
#4267=ORIENTED_EDGE('',*,*,#7062,.T.);
#4268=CARTESIAN_POINT('',(23.3,3.7,10.3));
#4269=DIRECTION('',(0.0,-1.0,0.0));
#4270=DIRECTION('',(0.0,0.0,-1.0));
#4271=ORIENTED_EDGE('',*,*,#7326,.T.);
#4272=ORIENTED_EDGE('',*,*,#7170,.F.);
#4273=ORIENTED_EDGE('',*,*,#7327,.F.);
#4274=ORIENTED_EDGE('',*,*,#7063,.T.);
#4275=CARTESIAN_POINT('',(23.3,2.75,10.3));
#4276=DIRECTION('',(1.0,0.0,0.0));
#4277=DIRECTION('',(0.0,1.0,0.0));
#4278=ORIENTED_EDGE('',*,*,#7327,.T.);
#4279=ORIENTED_EDGE('',*,*,#7169,.F.);
#4280=ORIENTED_EDGE('',*,*,#7328,.F.);
#4281=ORIENTED_EDGE('',*,*,#7064,.T.);
#4282=CARTESIAN_POINT('',(21.95,1.4,10.3));
#4283=DIRECTION('',(0.707106781186548,-0.707106781186548,0.0));
#4284=DIRECTION('',(0.0,0.0,-1.0));
#4285=ORIENTED_EDGE('',*,*,#7328,.T.);
#4286=ORIENTED_EDGE('',*,*,#7168,.T.);
#4287=ORIENTED_EDGE('',*,*,#7329,.F.);
#4288=ORIENTED_EDGE('',*,*,#7065,.F.);
#4289=CARTESIAN_POINT('',(18.05,1.4,10.3));
#4290=DIRECTION('',(0.0,-1.0,0.0));
#4291=DIRECTION('',(0.0,0.0,-1.0));
#4292=ORIENTED_EDGE('',*,*,#7330,.F.);
#4293=ORIENTED_EDGE('',*,*,#7066,.F.);
#4294=ORIENTED_EDGE('',*,*,#7329,.T.);
#4295=ORIENTED_EDGE('',*,*,#7167,.T.);
#4296=CARTESIAN_POINT('',(16.7,3.7,10.3));
#4297=DIRECTION('',(-1.0,0.0,0.0));
#4298=DIRECTION('',(0.0,0.0,1.0));
#4299=ORIENTED_EDGE('',*,*,#7330,.T.);
#4300=ORIENTED_EDGE('',*,*,#7166,.F.);
#4301=ORIENTED_EDGE('',*,*,#7331,.F.);
#4302=ORIENTED_EDGE('',*,*,#7067,.T.);
#4303=CARTESIAN_POINT('',(15.45,3.7,10.3));
#4304=DIRECTION('',(0.0,-1.0,0.0));
#4305=DIRECTION('',(0.0,0.0,-1.0));
#4306=ORIENTED_EDGE('',*,*,#7313,.T.);
#4307=ORIENTED_EDGE('',*,*,#7068,.T.);
#4308=ORIENTED_EDGE('',*,*,#7331,.T.);
#4309=ORIENTED_EDGE('',*,*,#7165,.F.);
#4310=CARTESIAN_POINT('',(15.45,8.4,10.3));
#4311=DIRECTION('',(-1.0,0.0,0.0));
#4312=DIRECTION('',(0.0,0.0,1.0));
#4313=ORIENTED_EDGE('',*,*,#7332,.F.);
#4314=ORIENTED_EDGE('',*,*,#7078,.F.);
#4315=ORIENTED_EDGE('',*,*,#7333,.T.);
#4316=ORIENTED_EDGE('',*,*,#7210,.T.);
#4317=CARTESIAN_POINT('',(-15.55,8.4,10.3));
#4318=DIRECTION('',(0.0,-1.0,0.0));
#4319=DIRECTION('',(0.0,0.0,-1.0));
#4320=ORIENTED_EDGE('',*,*,#7334,.T.);
#4321=ORIENTED_EDGE('',*,*,#7192,.F.);
#4322=ORIENTED_EDGE('',*,*,#7333,.F.);
#4323=ORIENTED_EDGE('',*,*,#7077,.T.);
#4324=CARTESIAN_POINT('',(-24.55,8.4,10.3));
#4325=DIRECTION('',(-1.0,0.0,0.0));
#4326=DIRECTION('',(0.0,0.0,1.0));
#4327=ORIENTED_EDGE('',*,*,#7335,.T.);
#4328=ORIENTED_EDGE('',*,*,#7193,.F.);
#4329=ORIENTED_EDGE('',*,*,#7334,.F.);
#4330=ORIENTED_EDGE('',*,*,#7076,.T.);
#4331=CARTESIAN_POINT('',(-24.55,3.7,10.3));
#4332=DIRECTION('',(0.0,-1.0,0.0));
#4333=DIRECTION('',(0.0,0.0,-1.0));
#4334=ORIENTED_EDGE('',*,*,#7336,.T.);
#4335=ORIENTED_EDGE('',*,*,#7194,.F.);
#4336=ORIENTED_EDGE('',*,*,#7335,.F.);
#4337=ORIENTED_EDGE('',*,*,#7075,.T.);
#4338=CARTESIAN_POINT('',(-23.3,3.7,10.3));
#4339=DIRECTION('',(-1.0,0.0,0.0));
#4340=DIRECTION('',(0.0,0.0,1.0));
#4341=ORIENTED_EDGE('',*,*,#7337,.T.);
#4342=ORIENTED_EDGE('',*,*,#7195,.F.);
#4343=ORIENTED_EDGE('',*,*,#7336,.F.);
#4344=ORIENTED_EDGE('',*,*,#7074,.T.);
#4345=CARTESIAN_POINT('',(-23.3,2.75,10.3));
#4346=DIRECTION('',(-0.707106781186548,-0.707106781186548,0.0));
#4347=DIRECTION('',(-0.707106781186548,0.707106781186548,0.0));
#4348=ORIENTED_EDGE('',*,*,#7338,.T.);
#4349=ORIENTED_EDGE('',*,*,#7196,.T.);
#4350=ORIENTED_EDGE('',*,*,#7337,.F.);
#4351=ORIENTED_EDGE('',*,*,#7073,.F.);
#4352=CARTESIAN_POINT('',(-18.05,1.4,10.3));
#4353=DIRECTION('',(0.0,-1.0,0.0));
#4354=DIRECTION('',(0.0,0.0,-1.0));
#4355=ORIENTED_EDGE('',*,*,#7338,.F.);
#4356=ORIENTED_EDGE('',*,*,#7072,.F.);
#4357=ORIENTED_EDGE('',*,*,#7339,.T.);
#4358=ORIENTED_EDGE('',*,*,#7197,.T.);
#4359=CARTESIAN_POINT('',(-16.7,1.4,10.3));
#4360=DIRECTION('',(1.0,0.0,0.0));
#4361=DIRECTION('',(0.0,1.0,0.0));
#4362=ORIENTED_EDGE('',*,*,#7340,.T.);
#4363=ORIENTED_EDGE('',*,*,#7198,.F.);
#4364=ORIENTED_EDGE('',*,*,#7339,.F.);
#4365=ORIENTED_EDGE('',*,*,#7071,.T.);
#4366=CARTESIAN_POINT('',(-16.7,3.7,10.3));
#4367=DIRECTION('',(0.0,-1.0,0.0));
#4368=DIRECTION('',(0.0,0.0,-1.0));
#4369=ORIENTED_EDGE('',*,*,#7199,.F.);
#4370=ORIENTED_EDGE('',*,*,#7340,.F.);
#4371=ORIENTED_EDGE('',*,*,#7070,.T.);
#4372=ORIENTED_EDGE('',*,*,#7341,.F.);
#4373=CARTESIAN_POINT('',(-15.45,3.7,10.3));
#4374=DIRECTION('',(1.0,0.0,0.0));
#4375=DIRECTION('',(0.0,1.0,0.0));
#4376=ORIENTED_EDGE('',*,*,#7341,.T.);
#4377=ORIENTED_EDGE('',*,*,#7088,.F.);
#4378=ORIENTED_EDGE('',*,*,#7342,.F.);
#4379=ORIENTED_EDGE('',*,*,#7200,.T.);
#4380=CARTESIAN_POINT('',(-14.45,6.4,10.3));
#4381=DIRECTION('',(-0.0,1.0,0.0));
#4382=DIRECTION('',(1.0,0.0,0.0));
#4383=ORIENTED_EDGE('',*,*,#7087,.T.);
#4384=ORIENTED_EDGE('',*,*,#7343,.T.);
#4385=ORIENTED_EDGE('',*,*,#7201,.F.);
#4386=ORIENTED_EDGE('',*,*,#7342,.T.);
#4387=CARTESIAN_POINT('',(-14.55,8.4,10.3));
#4388=DIRECTION('',(-1.0,0.0,0.0));
#4389=DIRECTION('',(0.0,0.0,1.0));
#4390=ORIENTED_EDGE('',*,*,#7344,.T.);
#4391=ORIENTED_EDGE('',*,*,#7202,.F.);
#4392=ORIENTED_EDGE('',*,*,#7343,.F.);
#4393=ORIENTED_EDGE('',*,*,#7086,.T.);
#4394=CARTESIAN_POINT('',(-14.55,3.7,10.3));
#4395=DIRECTION('',(0.0,-1.0,0.0));
#4396=DIRECTION('',(0.0,0.0,-1.0));
#4397=ORIENTED_EDGE('',*,*,#7345,.T.);
#4398=ORIENTED_EDGE('',*,*,#7203,.F.);
#4399=ORIENTED_EDGE('',*,*,#7344,.F.);
#4400=ORIENTED_EDGE('',*,*,#7085,.T.);
#4401=CARTESIAN_POINT('',(-13.3,3.7,10.3));
#4402=DIRECTION('',(-1.0,0.0,0.0));
#4403=DIRECTION('',(0.0,0.0,1.0));
#4404=ORIENTED_EDGE('',*,*,#7346,.T.);
#4405=ORIENTED_EDGE('',*,*,#7204,.F.);
#4406=ORIENTED_EDGE('',*,*,#7345,.F.);
#4407=ORIENTED_EDGE('',*,*,#7084,.T.);
#4408=CARTESIAN_POINT('',(-13.3,2.75,10.3));
#4409=DIRECTION('',(-0.707106781186548,-0.707106781186548,0.0));
#4410=DIRECTION('',(-0.707106781186548,0.707106781186548,0.0));
#4411=ORIENTED_EDGE('',*,*,#7347,.T.);
#4412=ORIENTED_EDGE('',*,*,#7205,.F.);
#4413=ORIENTED_EDGE('',*,*,#7346,.F.);
#4414=ORIENTED_EDGE('',*,*,#7083,.T.);
#4415=CARTESIAN_POINT('',(-11.95,1.4,10.3));
#4416=DIRECTION('',(0.0,-1.0,0.0));
#4417=DIRECTION('',(0.0,0.0,-1.0));
#4418=ORIENTED_EDGE('',*,*,#7348,.T.);
#4419=ORIENTED_EDGE('',*,*,#7206,.F.);
#4420=ORIENTED_EDGE('',*,*,#7347,.F.);
#4421=ORIENTED_EDGE('',*,*,#7082,.T.);
#4422=CARTESIAN_POINT('',(-8.05,1.4,10.3));
#4423=DIRECTION('',(0.707106781186548,-0.707106781186548,0.0));
#4424=DIRECTION('',(0.0,0.0,-1.0));
#4425=ORIENTED_EDGE('',*,*,#7349,.T.);
#4426=ORIENTED_EDGE('',*,*,#7207,.F.);
#4427=ORIENTED_EDGE('',*,*,#7348,.F.);
#4428=ORIENTED_EDGE('',*,*,#7081,.T.);
#4429=CARTESIAN_POINT('',(-6.7,2.75,10.3));
#4430=DIRECTION('',(1.0,0.0,0.0));
#4431=DIRECTION('',(0.0,1.0,0.0));
#4432=ORIENTED_EDGE('',*,*,#7350,.T.);
#4433=ORIENTED_EDGE('',*,*,#7208,.F.);
#4434=ORIENTED_EDGE('',*,*,#7349,.F.);
#4435=ORIENTED_EDGE('',*,*,#7080,.T.);
#4436=CARTESIAN_POINT('',(-6.7,3.7,10.3));
#4437=DIRECTION('',(0.0,-1.0,0.0));
#4438=DIRECTION('',(0.0,0.0,-1.0));
#4439=ORIENTED_EDGE('',*,*,#7332,.T.);
#4440=ORIENTED_EDGE('',*,*,#7209,.F.);
#4441=ORIENTED_EDGE('',*,*,#7350,.F.);
#4442=ORIENTED_EDGE('',*,*,#7079,.T.);
#4443=CARTESIAN_POINT('',(-5.45,3.7,10.3));
#4444=DIRECTION('',(1.0,0.0,0.0));
#4445=DIRECTION('',(0.0,1.0,0.0));
#4446=ORIENTED_EDGE('',*,*,#7351,.T.);
#4447=ORIENTED_EDGE('',*,*,#7352,.F.);
#4448=ORIENTED_EDGE('',*,*,#7353,.F.);
#4449=ORIENTED_EDGE('',*,*,#6966,.T.);
#4450=CARTESIAN_POINT('',(-4.55,8.4,10.3));
#4451=DIRECTION('',(-1.0,0.0,0.0));
#4452=DIRECTION('',(0.0,0.0,1.0));
#4453=ORIENTED_EDGE('',*,*,#7353,.T.);
#4454=ORIENTED_EDGE('',*,*,#7354,.F.);
#4455=ORIENTED_EDGE('',*,*,#7355,.F.);
#4456=ORIENTED_EDGE('',*,*,#6957,.T.);
#4457=CARTESIAN_POINT('',(4.55,8.4,10.3));
#4458=DIRECTION('',(-0.0,1.0,0.0));
#4459=DIRECTION('',(1.0,0.0,0.0));
#4460=ORIENTED_EDGE('',*,*,#7355,.T.);
#4461=ORIENTED_EDGE('',*,*,#7356,.F.);
#4462=ORIENTED_EDGE('',*,*,#7357,.F.);
#4463=ORIENTED_EDGE('',*,*,#6958,.T.);
#4464=CARTESIAN_POINT('',(4.55,3.7,10.3));
#4465=DIRECTION('',(1.0,0.0,0.0));
#4466=DIRECTION('',(0.0,1.0,0.0));
#4467=ORIENTED_EDGE('',*,*,#7357,.T.);
#4468=ORIENTED_EDGE('',*,*,#7358,.F.);
#4469=ORIENTED_EDGE('',*,*,#7359,.F.);
#4470=ORIENTED_EDGE('',*,*,#6959,.T.);
#4471=CARTESIAN_POINT('',(3.3,3.7,10.3));
#4472=DIRECTION('',(0.0,-1.0,0.0));
#4473=DIRECTION('',(0.0,0.0,-1.0));
#4474=ORIENTED_EDGE('',*,*,#7359,.T.);
#4475=ORIENTED_EDGE('',*,*,#7360,.F.);
#4476=ORIENTED_EDGE('',*,*,#7361,.F.);
#4477=ORIENTED_EDGE('',*,*,#6960,.T.);
#4478=CARTESIAN_POINT('',(3.3,2.75,10.3));
#4479=DIRECTION('',(1.0,0.0,0.0));
#4480=DIRECTION('',(0.0,1.0,0.0));
#4481=ORIENTED_EDGE('',*,*,#7361,.T.);
#4482=ORIENTED_EDGE('',*,*,#7362,.F.);
#4483=ORIENTED_EDGE('',*,*,#7363,.F.);
#4484=ORIENTED_EDGE('',*,*,#6961,.T.);
#4485=CARTESIAN_POINT('',(1.95,1.4,10.3));
#4486=DIRECTION('',(0.707106781186548,-0.707106781186548,0.0));
#4487=DIRECTION('',(0.0,0.0,-1.0));
#4488=ORIENTED_EDGE('',*,*,#7363,.T.);
#4489=ORIENTED_EDGE('',*,*,#7364,.F.);
#4490=ORIENTED_EDGE('',*,*,#7365,.F.);
#4491=ORIENTED_EDGE('',*,*,#6962,.T.);
#4492=CARTESIAN_POINT('',(-1.95,1.4,10.3));
#4493=DIRECTION('',(0.0,-1.0,0.0));
#4494=DIRECTION('',(0.0,0.0,-1.0));
#4495=ORIENTED_EDGE('',*,*,#7365,.T.);
#4496=ORIENTED_EDGE('',*,*,#7366,.F.);
#4497=ORIENTED_EDGE('',*,*,#7367,.F.);
#4498=ORIENTED_EDGE('',*,*,#6963,.T.);
#4499=CARTESIAN_POINT('',(-3.3,2.75,10.3));
#4500=DIRECTION('',(-0.707106781186548,-0.707106781186548,0.0));
#4501=DIRECTION('',(-0.707106781186548,0.707106781186548,0.0));
#4502=ORIENTED_EDGE('',*,*,#7367,.T.);
#4503=ORIENTED_EDGE('',*,*,#7368,.F.);
#4504=ORIENTED_EDGE('',*,*,#7369,.F.);
#4505=ORIENTED_EDGE('',*,*,#6964,.T.);
#4506=CARTESIAN_POINT('',(-3.3,3.7,10.3));
#4507=DIRECTION('',(-1.0,0.0,0.0));
#4508=DIRECTION('',(0.0,0.0,1.0));
#4509=ORIENTED_EDGE('',*,*,#7369,.T.);
#4510=ORIENTED_EDGE('',*,*,#7370,.F.);
#4511=ORIENTED_EDGE('',*,*,#7351,.F.);
#4512=ORIENTED_EDGE('',*,*,#6965,.T.);
#4513=CARTESIAN_POINT('',(-4.55,3.7,10.3));
#4514=DIRECTION('',(0.0,-1.0,0.0));
#4515=DIRECTION('',(0.0,0.0,-1.0));
#4516=ORIENTED_EDGE('',*,*,#7370,.T.);
#4517=ORIENTED_EDGE('',*,*,#7368,.T.);
#4518=ORIENTED_EDGE('',*,*,#7366,.T.);
#4519=ORIENTED_EDGE('',*,*,#7364,.T.);
#4520=ORIENTED_EDGE('',*,*,#7362,.T.);
#4521=ORIENTED_EDGE('',*,*,#7360,.T.);
#4522=ORIENTED_EDGE('',*,*,#7358,.T.);
#4523=ORIENTED_EDGE('',*,*,#7356,.T.);
#4524=ORIENTED_EDGE('',*,*,#7354,.T.);
#4525=ORIENTED_EDGE('',*,*,#7352,.T.);
#4526=ORIENTED_EDGE('',*,*,#7371,.T.);
#4527=ORIENTED_EDGE('',*,*,#7372,.T.);
#4528=ORIENTED_EDGE('',*,*,#7373,.F.);
#4529=ORIENTED_EDGE('',*,*,#7374,.F.);
#4530=CARTESIAN_POINT('',(0.0,0.0,-2.3));
#4531=DIRECTION('',(0.0,0.0,1.0));
#4532=DIRECTION('',(1.0,0.0,0.0));
#4533=ORIENTED_EDGE('',*,*,#7375,.T.);
#4534=ORIENTED_EDGE('',*,*,#7376,.T.);
#4535=ORIENTED_EDGE('',*,*,#7377,.T.);
#4536=ORIENTED_EDGE('',*,*,#7378,.T.);
#4537=ORIENTED_EDGE('',*,*,#7379,.T.);
#4538=ORIENTED_EDGE('',*,*,#7380,.T.);
#4539=ORIENTED_EDGE('',*,*,#7381,.T.);
#4540=ORIENTED_EDGE('',*,*,#7382,.T.);
#4541=ORIENTED_EDGE('',*,*,#7383,.T.);
#4542=ORIENTED_EDGE('',*,*,#7384,.T.);
#4543=ORIENTED_EDGE('',*,*,#7385,.T.);
#4544=ORIENTED_EDGE('',*,*,#7386,.T.);
#4545=ORIENTED_EDGE('',*,*,#7387,.F.);
#4546=ORIENTED_EDGE('',*,*,#7388,.F.);
#4547=CARTESIAN_POINT('',(0.0,0.0,-2.3));
#4548=DIRECTION('',(0.0,0.0,1.0));
#4549=DIRECTION('',(1.0,0.0,0.0));
#4550=ORIENTED_EDGE('',*,*,#7389,.T.);
#4551=ORIENTED_EDGE('',*,*,#7384,.F.);
#4552=ORIENTED_EDGE('',*,*,#7390,.F.);
#4553=ORIENTED_EDGE('',*,*,#6976,.T.);
#4554=CARTESIAN_POINT('',(-4.55,-8.4,10.3));
#4555=DIRECTION('',(0.0,-1.0,0.0));
#4556=DIRECTION('',(0.0,0.0,-1.0));
#4557=ORIENTED_EDGE('',*,*,#7390,.T.);
#4558=ORIENTED_EDGE('',*,*,#7383,.F.);
#4559=ORIENTED_EDGE('',*,*,#7391,.F.);
#4560=ORIENTED_EDGE('',*,*,#6967,.T.);
#4561=CARTESIAN_POINT('',(-4.55,-3.7,10.3));
#4562=DIRECTION('',(-1.0,0.0,0.0));
#4563=DIRECTION('',(0.0,0.0,1.0));
#4564=ORIENTED_EDGE('',*,*,#7391,.T.);
#4565=ORIENTED_EDGE('',*,*,#7382,.F.);
#4566=ORIENTED_EDGE('',*,*,#7392,.F.);
#4567=ORIENTED_EDGE('',*,*,#6968,.T.);
#4568=CARTESIAN_POINT('',(-3.3,-3.7,10.3));
#4569=DIRECTION('',(-0.0,1.0,0.0));
#4570=DIRECTION('',(1.0,0.0,0.0));
#4571=ORIENTED_EDGE('',*,*,#7392,.T.);
#4572=ORIENTED_EDGE('',*,*,#7381,.F.);
#4573=ORIENTED_EDGE('',*,*,#7393,.F.);
#4574=ORIENTED_EDGE('',*,*,#6969,.T.);
#4575=CARTESIAN_POINT('',(-3.3,-2.75,10.3));
#4576=DIRECTION('',(-1.0,0.0,0.0));
#4577=DIRECTION('',(0.0,0.0,1.0));
#4578=ORIENTED_EDGE('',*,*,#7393,.T.);
#4579=ORIENTED_EDGE('',*,*,#7380,.F.);
#4580=ORIENTED_EDGE('',*,*,#7394,.F.);
#4581=ORIENTED_EDGE('',*,*,#6970,.T.);
#4582=CARTESIAN_POINT('',(-1.95,-1.4,10.3));
#4583=DIRECTION('',(-0.707106781186548,0.707106781186548,0.0));
#4584=DIRECTION('',(0.0,0.0,1.0));
#4585=ORIENTED_EDGE('',*,*,#7394,.T.);
#4586=ORIENTED_EDGE('',*,*,#7379,.F.);
#4587=ORIENTED_EDGE('',*,*,#7395,.F.);
#4588=ORIENTED_EDGE('',*,*,#6971,.T.);
#4589=CARTESIAN_POINT('',(1.95,-1.4,10.3));
#4590=DIRECTION('',(-0.0,1.0,0.0));
#4591=DIRECTION('',(1.0,0.0,0.0));
#4592=ORIENTED_EDGE('',*,*,#7395,.T.);
#4593=ORIENTED_EDGE('',*,*,#7378,.F.);
#4594=ORIENTED_EDGE('',*,*,#7396,.F.);
#4595=ORIENTED_EDGE('',*,*,#6972,.T.);
#4596=CARTESIAN_POINT('',(3.3,-2.75,10.3));
#4597=DIRECTION('',(0.707106781186548,0.707106781186548,0.0));
#4598=DIRECTION('',(0.0,0.0,-1.0));
#4599=ORIENTED_EDGE('',*,*,#7396,.T.);
#4600=ORIENTED_EDGE('',*,*,#7377,.F.);
#4601=ORIENTED_EDGE('',*,*,#7397,.F.);
#4602=ORIENTED_EDGE('',*,*,#6973,.T.);
#4603=CARTESIAN_POINT('',(3.3,-3.7,10.3));
#4604=DIRECTION('',(1.0,0.0,0.0));
#4605=DIRECTION('',(0.0,1.0,0.0));
#4606=ORIENTED_EDGE('',*,*,#7397,.T.);
#4607=ORIENTED_EDGE('',*,*,#7376,.F.);
#4608=ORIENTED_EDGE('',*,*,#7398,.F.);
#4609=ORIENTED_EDGE('',*,*,#6974,.T.);
#4610=CARTESIAN_POINT('',(4.55,-3.7,10.3));
#4611=DIRECTION('',(-0.0,1.0,0.0));
#4612=DIRECTION('',(1.0,0.0,0.0));
#4613=ORIENTED_EDGE('',*,*,#7398,.T.);
#4614=ORIENTED_EDGE('',*,*,#7375,.F.);
#4615=ORIENTED_EDGE('',*,*,#7389,.F.);
#4616=ORIENTED_EDGE('',*,*,#6975,.T.);
#4617=CARTESIAN_POINT('',(4.55,-8.4,10.3));
#4618=DIRECTION('',(1.0,0.0,0.0));
#4619=DIRECTION('',(0.0,1.0,0.0));
#4620=ORIENTED_EDGE('',*,*,#7399,.F.);
#4621=ORIENTED_EDGE('',*,*,#7400,.F.);
#4622=ORIENTED_EDGE('',*,*,#7401,.F.);
#4623=ORIENTED_EDGE('',*,*,#7374,.T.);
#4624=CARTESIAN_POINT('',(-1.0,0.0,0.0));
#4625=DIRECTION('',(1.0,0.0,0.0));
#4626=DIRECTION('',(0.0,1.0,0.0));
#4627=ORIENTED_EDGE('',*,*,#7402,.F.);
#4628=ORIENTED_EDGE('',*,*,#7403,.F.);
#4629=ORIENTED_EDGE('',*,*,#7404,.F.);
#4630=ORIENTED_EDGE('',*,*,#7388,.T.);
#4631=CARTESIAN_POINT('',(-1.0,0.0,0.0));
#4632=DIRECTION('',(1.0,0.0,0.0));
#4633=DIRECTION('',(0.0,1.0,0.0));
#4634=ORIENTED_EDGE('',*,*,#7401,.T.);
#4635=ORIENTED_EDGE('',*,*,#7405,.T.);
#4636=ORIENTED_EDGE('',*,*,#7406,.F.);
#4637=ORIENTED_EDGE('',*,*,#7371,.F.);
#4638=CARTESIAN_POINT('',(-1.0,7.28,-2.3));
#4639=DIRECTION('',(-0.0,1.0,0.0));
#4640=DIRECTION('',(1.0,0.0,0.0));
#4641=ORIENTED_EDGE('',*,*,#7406,.T.);
#4642=ORIENTED_EDGE('',*,*,#7407,.T.);
#4643=ORIENTED_EDGE('',*,*,#7408,.T.);
#4644=ORIENTED_EDGE('',*,*,#7372,.F.);
#4645=CARTESIAN_POINT('',(1.0,0.0,0.0));
#4646=DIRECTION('',(1.0,0.0,0.0));
#4647=DIRECTION('',(0.0,1.0,0.0));
#4648=ORIENTED_EDGE('',*,*,#7409,.T.);
#4649=ORIENTED_EDGE('',*,*,#7410,.T.);
#4650=ORIENTED_EDGE('',*,*,#7411,.T.);
#4651=ORIENTED_EDGE('',*,*,#7386,.F.);
#4652=CARTESIAN_POINT('',(1.0,0.0,0.0));
#4653=DIRECTION('',(1.0,0.0,0.0));
#4654=DIRECTION('',(0.0,1.0,0.0));
#4655=ORIENTED_EDGE('',*,*,#7408,.F.);
#4656=ORIENTED_EDGE('',*,*,#7412,.F.);
#4657=ORIENTED_EDGE('',*,*,#7399,.T.);
#4658=ORIENTED_EDGE('',*,*,#7373,.T.);
#4659=CARTESIAN_POINT('',(-1.0,2.48,8.4));
#4660=DIRECTION('',(0.0,-1.0,0.0));
#4661=DIRECTION('',(0.0,0.0,-1.0));
#4662=ORIENTED_EDGE('',*,*,#7412,.T.);
#4663=ORIENTED_EDGE('',*,*,#7407,.F.);
#4664=ORIENTED_EDGE('',*,*,#7405,.F.);
#4665=ORIENTED_EDGE('',*,*,#7400,.T.);
#4666=CARTESIAN_POINT('',(-1.0,7.28,8.4));
#4667=DIRECTION('',(0.0,0.0,1.0));
#4668=DIRECTION('',(1.0,0.0,0.0));
#4669=ORIENTED_EDGE('',*,*,#7411,.F.);
#4670=ORIENTED_EDGE('',*,*,#7413,.F.);
#4671=ORIENTED_EDGE('',*,*,#7402,.T.);
#4672=ORIENTED_EDGE('',*,*,#7387,.T.);
#4673=CARTESIAN_POINT('',(-1.0,-7.28,8.4));
#4674=DIRECTION('',(0.0,-1.0,0.0));
#4675=DIRECTION('',(0.0,0.0,-1.0));
#4676=ORIENTED_EDGE('',*,*,#7413,.T.);
#4677=ORIENTED_EDGE('',*,*,#7410,.F.);
#4678=ORIENTED_EDGE('',*,*,#7414,.F.);
#4679=ORIENTED_EDGE('',*,*,#7403,.T.);
#4680=CARTESIAN_POINT('',(-1.0,-2.48,8.4));
#4681=DIRECTION('',(0.0,0.0,1.0));
#4682=DIRECTION('',(1.0,0.0,0.0));
#4683=ORIENTED_EDGE('',*,*,#7404,.T.);
#4684=ORIENTED_EDGE('',*,*,#7414,.T.);
#4685=ORIENTED_EDGE('',*,*,#7409,.F.);
#4686=ORIENTED_EDGE('',*,*,#7385,.F.);
#4687=CARTESIAN_POINT('',(-1.0,-2.48,-2.3));
#4688=DIRECTION('',(-0.0,1.0,0.0));
#4689=DIRECTION('',(1.0,0.0,0.0));
#4690=ORIENTED_EDGE('',*,*,#7415,.T.);
#4691=ORIENTED_EDGE('',*,*,#6876,.F.);
#4692=ORIENTED_EDGE('',*,*,#6832,.F.);
#4693=ORIENTED_EDGE('',*,*,#7006,.T.);
#4694=CARTESIAN_POINT('',(25.45,2.8,10.3));
#4695=DIRECTION('',(-0.0,1.0,0.0));
#4696=DIRECTION('',(1.0,0.0,0.0));
#4697=ORIENTED_EDGE('',*,*,#7416,.T.);
#4698=ORIENTED_EDGE('',*,*,#6877,.F.);
#4699=ORIENTED_EDGE('',*,*,#7415,.F.);
#4700=ORIENTED_EDGE('',*,*,#7005,.T.);
#4701=CARTESIAN_POINT('',(24.22279220614,2.8,10.3));
#4702=DIRECTION('',(-1.0,0.0,0.0));
#4703=DIRECTION('',(0.0,0.0,1.0));
#4704=ORIENTED_EDGE('',*,*,#7417,.T.);
#4705=ORIENTED_EDGE('',*,*,#6878,.F.);
#4706=ORIENTED_EDGE('',*,*,#7416,.F.);
#4707=ORIENTED_EDGE('',*,*,#7004,.T.);
#4708=CARTESIAN_POINT('',(24.22279220614,2.4,10.3));
#4709=DIRECTION('',(-0.707106781186548,0.707106781186548,0.0));
#4710=DIRECTION('',(0.0,0.0,1.0));
#4711=ORIENTED_EDGE('',*,*,#7418,.T.);
#4712=ORIENTED_EDGE('',*,*,#6879,.F.);
#4713=ORIENTED_EDGE('',*,*,#7417,.F.);
#4714=ORIENTED_EDGE('',*,*,#7003,.T.);
#4715=CARTESIAN_POINT('',(22.87279220614,1.05,10.3));
#4716=DIRECTION('',(-1.0,0.0,0.0));
#4717=DIRECTION('',(0.0,0.0,1.0));
#4718=ORIENTED_EDGE('',*,*,#7419,.T.);
#4719=ORIENTED_EDGE('',*,*,#6880,.F.);
#4720=ORIENTED_EDGE('',*,*,#7418,.F.);
#4721=ORIENTED_EDGE('',*,*,#7002,.T.);
#4722=CARTESIAN_POINT('',(22.87279220614,-1.05,10.3));
#4723=DIRECTION('',(-0.707106781186548,-0.707106781186548,0.0));
#4724=DIRECTION('',(-0.707106781186548,0.707106781186548,0.0));
#4725=ORIENTED_EDGE('',*,*,#7420,.T.);
#4726=ORIENTED_EDGE('',*,*,#6881,.F.);
#4727=ORIENTED_EDGE('',*,*,#7419,.F.);
#4728=ORIENTED_EDGE('',*,*,#7001,.T.);
#4729=CARTESIAN_POINT('',(24.22279220614,-2.4,10.3));
#4730=DIRECTION('',(-1.0,0.0,0.0));
#4731=DIRECTION('',(0.0,0.0,1.0));
#4732=ORIENTED_EDGE('',*,*,#6842,.T.);
#4733=ORIENTED_EDGE('',*,*,#6882,.F.);
#4734=ORIENTED_EDGE('',*,*,#7420,.F.);
#4735=ORIENTED_EDGE('',*,*,#7000,.T.);
#4736=CARTESIAN_POINT('',(24.22279220614,-2.8,10.3));
#4737=DIRECTION('',(0.0,-1.0,0.0));
#4738=DIRECTION('',(0.0,0.0,-1.0));
#4739=ORIENTED_EDGE('',*,*,#6844,.F.);
#4740=ORIENTED_EDGE('',*,*,#6999,.F.);
#4741=ORIENTED_EDGE('',*,*,#7421,.T.);
#4742=ORIENTED_EDGE('',*,*,#7422,.F.);
#4743=ORIENTED_EDGE('',*,*,#7423,.F.);
#4744=ORIENTED_EDGE('',*,*,#7424,.F.);
#4745=CARTESIAN_POINT('',(28.65,-4.75,10.3));
#4746=DIRECTION('',(-0.0,1.0,0.0));
#4747=DIRECTION('',(1.0,0.0,0.0));
#4748=ORIENTED_EDGE('',*,*,#7425,.F.);
#4749=ORIENTED_EDGE('',*,*,#7426,.T.);
#4750=ORIENTED_EDGE('',*,*,#6829,.T.);
#4751=ORIENTED_EDGE('',*,*,#7427,.F.);
#4752=ORIENTED_EDGE('',*,*,#7428,.T.);
#4753=CARTESIAN_POINT('',(0.0,0.0,3.95));
#4754=DIRECTION('',(0.0,0.0,1.0));
#4755=DIRECTION('',(1.0,0.0,0.0));
#4756=ORIENTED_EDGE('',*,*,#7429,.F.);
#4757=ORIENTED_EDGE('',*,*,#6845,.T.);
#4758=ORIENTED_EDGE('',*,*,#7424,.T.);
#4759=ORIENTED_EDGE('',*,*,#7430,.F.);
#4760=ORIENTED_EDGE('',*,*,#7431,.T.);
#4761=CARTESIAN_POINT('',(0.0,0.0,3.95));
#4762=DIRECTION('',(0.0,0.0,1.0));
#4763=DIRECTION('',(1.0,0.0,0.0));
#4764=ORIENTED_EDGE('',*,*,#7432,.F.);
#4765=ORIENTED_EDGE('',*,*,#6893,.F.);
#4766=ORIENTED_EDGE('',*,*,#7433,.T.);
#4767=ORIENTED_EDGE('',*,*,#7434,.F.);
#4768=ORIENTED_EDGE('',*,*,#7435,.T.);
#4769=CARTESIAN_POINT('',(0.0,0.0,3.95));
#4770=DIRECTION('',(0.0,0.0,1.0));
#4771=DIRECTION('',(1.0,0.0,0.0));
#4772=ORIENTED_EDGE('',*,*,#7436,.F.);
#4773=ORIENTED_EDGE('',*,*,#7437,.T.);
#4774=ORIENTED_EDGE('',*,*,#6900,.F.);
#4775=ORIENTED_EDGE('',*,*,#7438,.F.);
#4776=ORIENTED_EDGE('',*,*,#7439,.T.);
#4777=CARTESIAN_POINT('',(0.0,0.0,3.95));
#4778=DIRECTION('',(0.0,0.0,1.0));
#4779=DIRECTION('',(1.0,0.0,0.0));
#4780=ORIENTED_EDGE('',*,*,#7440,.F.);
#4781=ORIENTED_EDGE('',*,*,#6946,.F.);
#4782=ORIENTED_EDGE('',*,*,#7441,.T.);
#4783=ORIENTED_EDGE('',*,*,#7428,.F.);
#4784=CARTESIAN_POINT('',(30.15,6.25,10.315648));
#4785=DIRECTION('',(-0.0,0.0,1.0));
#4786=DIRECTION('',(0.0,1.0,0.0));
#4787=ORIENTED_EDGE('',*,*,#6945,.F.);
#4788=ORIENTED_EDGE('',*,*,#7442,.T.);
#4789=ORIENTED_EDGE('',*,*,#7430,.T.);
#4790=ORIENTED_EDGE('',*,*,#7423,.T.);
#4791=ORIENTED_EDGE('',*,*,#7443,.T.);
#4792=ORIENTED_EDGE('',*,*,#7444,.F.);
#4793=ORIENTED_EDGE('',*,*,#7425,.T.);
#4794=ORIENTED_EDGE('',*,*,#7441,.F.);
#4795=CARTESIAN_POINT('',(30.65,-6.75,10.3));
#4796=DIRECTION('',(1.0,0.0,0.0));
#4797=DIRECTION('',(0.0,1.0,0.0));
#4798=ORIENTED_EDGE('',*,*,#6997,.F.);
#4799=ORIENTED_EDGE('',*,*,#6830,.T.);
#4800=ORIENTED_EDGE('',*,*,#7426,.F.);
#4801=ORIENTED_EDGE('',*,*,#7444,.T.);
#4802=ORIENTED_EDGE('',*,*,#7445,.F.);
#4803=ORIENTED_EDGE('',*,*,#7446,.F.);
#4804=CARTESIAN_POINT('',(25.45,4.75,10.3));
#4805=DIRECTION('',(0.0,-1.0,0.0));
#4806=DIRECTION('',(0.0,0.0,-1.0));
#4807=ORIENTED_EDGE('',*,*,#7421,.F.);
#4808=ORIENTED_EDGE('',*,*,#6998,.F.);
#4809=ORIENTED_EDGE('',*,*,#7446,.T.);
#4810=ORIENTED_EDGE('',*,*,#7447,.T.);
#4811=CARTESIAN_POINT('',(28.65,4.75,10.3));
#4812=DIRECTION('',(-1.0,0.0,0.0));
#4813=DIRECTION('',(0.0,0.0,1.0));
#4814=ORIENTED_EDGE('',*,*,#7422,.T.);
#4815=ORIENTED_EDGE('',*,*,#7447,.F.);
#4816=ORIENTED_EDGE('',*,*,#7445,.T.);
#4817=ORIENTED_EDGE('',*,*,#7443,.F.);
#4818=CARTESIAN_POINT('',(0.0,0.0,7.5));
#4819=DIRECTION('',(0.0,0.0,-1.0));
#4820=DIRECTION('',(0.0,-1.0,0.0));
#4821=ORIENTED_EDGE('',*,*,#7448,.T.);
#4822=ORIENTED_EDGE('',*,*,#7449,.T.);
#4823=ORIENTED_EDGE('',*,*,#7450,.T.);
#4824=ORIENTED_EDGE('',*,*,#7451,.F.);
#4825=CARTESIAN_POINT('',(0.0,0.0,7.5));
#4826=DIRECTION('',(0.0,0.0,-1.0));
#4827=DIRECTION('',(0.0,-1.0,0.0));
#4828=ORIENTED_EDGE('',*,*,#7452,.F.);
#4829=ORIENTED_EDGE('',*,*,#7008,.F.);
#4830=ORIENTED_EDGE('',*,*,#7453,.T.);
#4831=ORIENTED_EDGE('',*,*,#7451,.T.);
#4832=CARTESIAN_POINT('',(-28.65,-4.75,10.3));
#4833=DIRECTION('',(1.0,0.0,0.0));
#4834=DIRECTION('',(0.0,1.0,0.0));
#4835=ORIENTED_EDGE('',*,*,#7007,.F.);
#4836=ORIENTED_EDGE('',*,*,#6901,.T.);
#4837=ORIENTED_EDGE('',*,*,#7437,.F.);
#4838=ORIENTED_EDGE('',*,*,#7454,.T.);
#4839=ORIENTED_EDGE('',*,*,#7448,.F.);
#4840=ORIENTED_EDGE('',*,*,#7453,.F.);
#4841=CARTESIAN_POINT('',(-25.45,-4.75,10.3));
#4842=DIRECTION('',(-0.0,1.0,0.0));
#4843=DIRECTION('',(1.0,0.0,0.0));
#4844=ORIENTED_EDGE('',*,*,#7434,.T.);
#4845=ORIENTED_EDGE('',*,*,#7455,.T.);
#4846=ORIENTED_EDGE('',*,*,#7449,.F.);
#4847=ORIENTED_EDGE('',*,*,#7454,.F.);
#4848=ORIENTED_EDGE('',*,*,#7436,.T.);
#4849=ORIENTED_EDGE('',*,*,#7456,.F.);
#4850=ORIENTED_EDGE('',*,*,#6940,.F.);
#4851=ORIENTED_EDGE('',*,*,#7457,.T.);
#4852=CARTESIAN_POINT('',(-30.65,6.75,10.3));
#4853=DIRECTION('',(-1.0,0.0,0.0));
#4854=DIRECTION('',(0.0,0.0,1.0));
#4855=ORIENTED_EDGE('',*,*,#7457,.F.);
#4856=ORIENTED_EDGE('',*,*,#6939,.F.);
#4857=ORIENTED_EDGE('',*,*,#7458,.T.);
#4858=ORIENTED_EDGE('',*,*,#7435,.F.);
#4859=CARTESIAN_POINT('',(-30.15,6.25,10.315648));
#4860=DIRECTION('',(0.0,0.0,1.0));
#4861=DIRECTION('',(-1.0,0.0,0.0));
#4862=ORIENTED_EDGE('',*,*,#6938,.F.);
#4863=ORIENTED_EDGE('',*,*,#6894,.T.);
#4864=ORIENTED_EDGE('',*,*,#7432,.T.);
#4865=ORIENTED_EDGE('',*,*,#7458,.F.);
#4866=CARTESIAN_POINT('',(-25.45,6.75,10.3));
#4867=DIRECTION('',(-0.0,1.0,0.0));
#4868=DIRECTION('',(1.0,0.0,0.0));
#4869=ORIENTED_EDGE('',*,*,#7459,.F.);
#4870=ORIENTED_EDGE('',*,*,#6941,.F.);
#4871=ORIENTED_EDGE('',*,*,#7456,.T.);
#4872=ORIENTED_EDGE('',*,*,#7439,.F.);
#4873=CARTESIAN_POINT('',(-30.15,-6.25,10.315648));
#4874=DIRECTION('',(-0.0,0.0,1.0));
#4875=DIRECTION('',(0.0,-1.0,0.0));
#4876=ORIENTED_EDGE('',*,*,#7438,.T.);
#4877=ORIENTED_EDGE('',*,*,#6899,.F.);
#4878=ORIENTED_EDGE('',*,*,#6942,.F.);
#4879=ORIENTED_EDGE('',*,*,#7459,.T.);
#4880=CARTESIAN_POINT('',(-30.65,-6.75,10.3));
#4881=DIRECTION('',(0.0,-1.0,0.0));
#4882=DIRECTION('',(0.0,0.0,-1.0));
#4883=ORIENTED_EDGE('',*,*,#6892,.F.);
#4884=ORIENTED_EDGE('',*,*,#7009,.F.);
#4885=ORIENTED_EDGE('',*,*,#7452,.T.);
#4886=ORIENTED_EDGE('',*,*,#7450,.F.);
#4887=ORIENTED_EDGE('',*,*,#7455,.F.);
#4888=ORIENTED_EDGE('',*,*,#7433,.F.);
#4889=CARTESIAN_POINT('',(-28.65,4.75,10.3));
#4890=DIRECTION('',(0.0,-1.0,0.0));
#4891=DIRECTION('',(0.0,0.0,-1.0));
#4892=ORIENTED_EDGE('',*,*,#7442,.F.);
#4893=ORIENTED_EDGE('',*,*,#6944,.F.);
#4894=ORIENTED_EDGE('',*,*,#7460,.T.);
#4895=ORIENTED_EDGE('',*,*,#7431,.F.);
#4896=CARTESIAN_POINT('',(30.15,-6.25,10.315648));
#4897=DIRECTION('',(-0.0,0.0,1.0));
#4898=DIRECTION('',(1.0,0.0,0.0));
#4899=ORIENTED_EDGE('',*,*,#6943,.F.);
#4900=ORIENTED_EDGE('',*,*,#6846,.T.);
#4901=ORIENTED_EDGE('',*,*,#7429,.T.);
#4902=ORIENTED_EDGE('',*,*,#7460,.F.);
#4903=CARTESIAN_POINT('',(25.45,-6.75,10.3));
#4904=DIRECTION('',(0.0,-1.0,0.0));
#4905=DIRECTION('',(0.0,0.0,-1.0));
#4906=ORIENTED_EDGE('',*,*,#7427,.T.);
#4907=ORIENTED_EDGE('',*,*,#6828,.F.);
#4908=ORIENTED_EDGE('',*,*,#6936,.F.);
#4909=ORIENTED_EDGE('',*,*,#7440,.T.);
#4910=CARTESIAN_POINT('',(30.65,6.75,10.3));
#4911=DIRECTION('',(-0.0,1.0,0.0));
#4912=DIRECTION('',(1.0,0.0,0.0));
#4913=ORIENTED_EDGE('',*,*,#7461,.T.);
#4914=ORIENTED_EDGE('',*,*,#6864,.F.);
#4915=ORIENTED_EDGE('',*,*,#6903,.F.);
#4916=ORIENTED_EDGE('',*,*,#7016,.T.);
#4917=CARTESIAN_POINT('',(-25.45,-2.8,10.3));
#4918=DIRECTION('',(0.0,-1.0,0.0));
#4919=DIRECTION('',(0.0,0.0,-1.0));
#4920=ORIENTED_EDGE('',*,*,#7462,.T.);
#4921=ORIENTED_EDGE('',*,*,#6865,.F.);
#4922=ORIENTED_EDGE('',*,*,#7461,.F.);
#4923=ORIENTED_EDGE('',*,*,#7015,.T.);
#4924=CARTESIAN_POINT('',(-24.22279220614,-2.8,10.3));
#4925=DIRECTION('',(1.0,0.0,0.0));
#4926=DIRECTION('',(0.0,1.0,0.0));
#4927=ORIENTED_EDGE('',*,*,#7463,.T.);
#4928=ORIENTED_EDGE('',*,*,#6866,.F.);
#4929=ORIENTED_EDGE('',*,*,#7462,.F.);
#4930=ORIENTED_EDGE('',*,*,#7014,.T.);
#4931=CARTESIAN_POINT('',(-24.22279220614,-2.4,10.3));
#4932=DIRECTION('',(0.707106781186548,-0.707106781186548,0.0));
#4933=DIRECTION('',(0.0,0.0,-1.0));
#4934=ORIENTED_EDGE('',*,*,#7464,.T.);
#4935=ORIENTED_EDGE('',*,*,#6867,.F.);
#4936=ORIENTED_EDGE('',*,*,#7463,.F.);
#4937=ORIENTED_EDGE('',*,*,#7013,.T.);
#4938=CARTESIAN_POINT('',(-22.87279220614,-1.05,10.3));
#4939=DIRECTION('',(1.0,0.0,0.0));
#4940=DIRECTION('',(0.0,1.0,0.0));
#4941=ORIENTED_EDGE('',*,*,#7465,.T.);
#4942=ORIENTED_EDGE('',*,*,#6868,.F.);
#4943=ORIENTED_EDGE('',*,*,#7464,.F.);
#4944=ORIENTED_EDGE('',*,*,#7012,.T.);
#4945=CARTESIAN_POINT('',(-22.87279220614,1.05,10.3));
#4946=DIRECTION('',(0.707106781186548,0.707106781186548,0.0));
#4947=DIRECTION('',(0.0,0.0,-1.0));
#4948=ORIENTED_EDGE('',*,*,#7466,.T.);
#4949=ORIENTED_EDGE('',*,*,#6869,.F.);
#4950=ORIENTED_EDGE('',*,*,#7465,.F.);
#4951=ORIENTED_EDGE('',*,*,#7011,.T.);
#4952=CARTESIAN_POINT('',(-24.22279220614,2.4,10.3));
#4953=DIRECTION('',(1.0,0.0,0.0));
#4954=DIRECTION('',(0.0,1.0,0.0));
#4955=ORIENTED_EDGE('',*,*,#6890,.T.);
#4956=ORIENTED_EDGE('',*,*,#6870,.F.);
#4957=ORIENTED_EDGE('',*,*,#7466,.F.);
#4958=ORIENTED_EDGE('',*,*,#7010,.T.);
#4959=CARTESIAN_POINT('',(-24.22279220614,2.8,10.3));
#4960=DIRECTION('',(-0.0,1.0,0.0));
#4961=DIRECTION('',(1.0,0.0,0.0));
#4962=ORIENTED_EDGE('',*,*,#7467,.T.);
#4963=ORIENTED_EDGE('',*,*,#7468,.F.);
#4964=ORIENTED_EDGE('',*,*,#7469,.F.);
#4965=ORIENTED_EDGE('',*,*,#7024,.T.);
#4966=CARTESIAN_POINT('',(4.55,2.8,10.3));
#4967=DIRECTION('',(-0.707106781186548,0.707106781186548,0.0));
#4968=DIRECTION('',(0.0,0.0,1.0));
#4969=ORIENTED_EDGE('',*,*,#7469,.T.);
#4970=ORIENTED_EDGE('',*,*,#7470,.F.);
#4971=ORIENTED_EDGE('',*,*,#7471,.F.);
#4972=ORIENTED_EDGE('',*,*,#7017,.T.);
#4973=CARTESIAN_POINT('',(5.45,2.8,10.3));
#4974=DIRECTION('',(-0.0,1.0,0.0));
#4975=DIRECTION('',(1.0,0.0,0.0));
#4976=ORIENTED_EDGE('',*,*,#7471,.T.);
#4977=ORIENTED_EDGE('',*,*,#7472,.F.);
#4978=ORIENTED_EDGE('',*,*,#7473,.F.);
#4979=ORIENTED_EDGE('',*,*,#7018,.T.);
#4980=CARTESIAN_POINT('',(7.2,1.05,10.3));
#4981=DIRECTION('',(0.707106781186548,0.707106781186548,0.0));
#4982=DIRECTION('',(0.0,0.0,-1.0));
#4983=ORIENTED_EDGE('',*,*,#7473,.T.);
#4984=ORIENTED_EDGE('',*,*,#7474,.F.);
#4985=ORIENTED_EDGE('',*,*,#7475,.F.);
#4986=ORIENTED_EDGE('',*,*,#7019,.T.);
#4987=CARTESIAN_POINT('',(7.2,-1.05,10.3));
#4988=DIRECTION('',(1.0,0.0,0.0));
#4989=DIRECTION('',(0.0,1.0,0.0));
#4990=ORIENTED_EDGE('',*,*,#7475,.T.);
#4991=ORIENTED_EDGE('',*,*,#7476,.F.);
#4992=ORIENTED_EDGE('',*,*,#7477,.F.);
#4993=ORIENTED_EDGE('',*,*,#7020,.T.);
#4994=CARTESIAN_POINT('',(5.45,-2.8,10.3));
#4995=DIRECTION('',(0.707106781186548,-0.707106781186548,0.0));
#4996=DIRECTION('',(0.0,0.0,-1.0));
#4997=ORIENTED_EDGE('',*,*,#7477,.T.);
#4998=ORIENTED_EDGE('',*,*,#7478,.F.);
#4999=ORIENTED_EDGE('',*,*,#7479,.F.);
#5000=ORIENTED_EDGE('',*,*,#7021,.T.);
#5001=CARTESIAN_POINT('',(4.55,-2.8,10.3));
#5002=DIRECTION('',(0.0,-1.0,0.0));
#5003=DIRECTION('',(0.0,0.0,-1.0));
#5004=ORIENTED_EDGE('',*,*,#7479,.T.);
#5005=ORIENTED_EDGE('',*,*,#7480,.F.);
#5006=ORIENTED_EDGE('',*,*,#7481,.F.);
#5007=ORIENTED_EDGE('',*,*,#7022,.T.);
#5008=CARTESIAN_POINT('',(2.8,-1.05,10.3));
#5009=DIRECTION('',(-0.707106781186548,-0.707106781186548,0.0));
#5010=DIRECTION('',(-0.707106781186548,0.707106781186548,0.0));
#5011=ORIENTED_EDGE('',*,*,#7481,.T.);
#5012=ORIENTED_EDGE('',*,*,#7482,.F.);
#5013=ORIENTED_EDGE('',*,*,#7467,.F.);
#5014=ORIENTED_EDGE('',*,*,#7023,.T.);
#5015=CARTESIAN_POINT('',(2.8,1.05,10.3));
#5016=DIRECTION('',(-1.0,0.0,0.0));
#5017=DIRECTION('',(0.0,0.0,1.0));
#5018=ORIENTED_EDGE('',*,*,#7482,.T.);
#5019=ORIENTED_EDGE('',*,*,#7480,.T.);
#5020=ORIENTED_EDGE('',*,*,#7478,.T.);
#5021=ORIENTED_EDGE('',*,*,#7476,.T.);
#5022=ORIENTED_EDGE('',*,*,#7474,.T.);
#5023=ORIENTED_EDGE('',*,*,#7472,.T.);
#5024=ORIENTED_EDGE('',*,*,#7470,.T.);
#5025=ORIENTED_EDGE('',*,*,#7468,.T.);
#5026=CARTESIAN_POINT('',(0.0,0.0,7.3));
#5027=DIRECTION('',(0.0,0.0,1.0));
#5028=DIRECTION('',(1.0,0.0,0.0));
#5029=ORIENTED_EDGE('',*,*,#7483,.T.);
#5030=ORIENTED_EDGE('',*,*,#7484,.F.);
#5031=ORIENTED_EDGE('',*,*,#7485,.F.);
#5032=ORIENTED_EDGE('',*,*,#7032,.T.);
#5033=CARTESIAN_POINT('',(-5.45,2.8,10.3));
#5034=DIRECTION('',(-0.707106781186548,0.707106781186548,0.0));
#5035=DIRECTION('',(0.0,0.0,1.0));
#5036=ORIENTED_EDGE('',*,*,#7485,.T.);
#5037=ORIENTED_EDGE('',*,*,#7486,.F.);
#5038=ORIENTED_EDGE('',*,*,#7487,.F.);
#5039=ORIENTED_EDGE('',*,*,#7025,.T.);
#5040=CARTESIAN_POINT('',(-4.55,2.8,10.3));
#5041=DIRECTION('',(-0.0,1.0,0.0));
#5042=DIRECTION('',(1.0,0.0,0.0));
#5043=ORIENTED_EDGE('',*,*,#7487,.T.);
#5044=ORIENTED_EDGE('',*,*,#7488,.F.);
#5045=ORIENTED_EDGE('',*,*,#7489,.F.);
#5046=ORIENTED_EDGE('',*,*,#7026,.T.);
#5047=CARTESIAN_POINT('',(-2.8,1.05,10.3));
#5048=DIRECTION('',(0.707106781186548,0.707106781186548,0.0));
#5049=DIRECTION('',(0.0,0.0,-1.0));
#5050=ORIENTED_EDGE('',*,*,#7489,.T.);
#5051=ORIENTED_EDGE('',*,*,#7490,.F.);
#5052=ORIENTED_EDGE('',*,*,#7491,.F.);
#5053=ORIENTED_EDGE('',*,*,#7027,.T.);
#5054=CARTESIAN_POINT('',(-2.8,-1.05,10.3));
#5055=DIRECTION('',(1.0,0.0,0.0));
#5056=DIRECTION('',(0.0,1.0,0.0));
#5057=ORIENTED_EDGE('',*,*,#7491,.T.);
#5058=ORIENTED_EDGE('',*,*,#7492,.F.);
#5059=ORIENTED_EDGE('',*,*,#7493,.F.);
#5060=ORIENTED_EDGE('',*,*,#7028,.T.);
#5061=CARTESIAN_POINT('',(-4.55,-2.8,10.3));
#5062=DIRECTION('',(0.707106781186548,-0.707106781186548,0.0));
#5063=DIRECTION('',(0.0,0.0,-1.0));
#5064=ORIENTED_EDGE('',*,*,#7493,.T.);
#5065=ORIENTED_EDGE('',*,*,#7494,.F.);
#5066=ORIENTED_EDGE('',*,*,#7495,.F.);
#5067=ORIENTED_EDGE('',*,*,#7029,.T.);
#5068=CARTESIAN_POINT('',(-5.45,-2.8,10.3));
#5069=DIRECTION('',(0.0,-1.0,0.0));
#5070=DIRECTION('',(0.0,0.0,-1.0));
#5071=ORIENTED_EDGE('',*,*,#7495,.T.);
#5072=ORIENTED_EDGE('',*,*,#7496,.F.);
#5073=ORIENTED_EDGE('',*,*,#7497,.F.);
#5074=ORIENTED_EDGE('',*,*,#7030,.T.);
#5075=CARTESIAN_POINT('',(-7.2,-1.05,10.3));
#5076=DIRECTION('',(-0.707106781186548,-0.707106781186548,0.0));
#5077=DIRECTION('',(-0.707106781186548,0.707106781186548,0.0));
#5078=ORIENTED_EDGE('',*,*,#7497,.T.);
#5079=ORIENTED_EDGE('',*,*,#7498,.F.);
#5080=ORIENTED_EDGE('',*,*,#7483,.F.);
#5081=ORIENTED_EDGE('',*,*,#7031,.T.);
#5082=CARTESIAN_POINT('',(-7.2,1.05,10.3));
#5083=DIRECTION('',(-1.0,0.0,0.0));
#5084=DIRECTION('',(0.0,0.0,1.0));
#5085=ORIENTED_EDGE('',*,*,#7498,.T.);
#5086=ORIENTED_EDGE('',*,*,#7496,.T.);
#5087=ORIENTED_EDGE('',*,*,#7494,.T.);
#5088=ORIENTED_EDGE('',*,*,#7492,.T.);
#5089=ORIENTED_EDGE('',*,*,#7490,.T.);
#5090=ORIENTED_EDGE('',*,*,#7488,.T.);
#5091=ORIENTED_EDGE('',*,*,#7486,.T.);
#5092=ORIENTED_EDGE('',*,*,#7484,.T.);
#5093=CARTESIAN_POINT('',(0.0,0.0,7.3));
#5094=DIRECTION('',(0.0,0.0,1.0));
#5095=DIRECTION('',(1.0,0.0,0.0));
#5096=ORIENTED_EDGE('',*,*,#7499,.T.);
#5097=ORIENTED_EDGE('',*,*,#7500,.F.);
#5098=ORIENTED_EDGE('',*,*,#7501,.F.);
#5099=ORIENTED_EDGE('',*,*,#7041,.T.);
#5100=CARTESIAN_POINT('',(12.8,1.05,10.3));
#5101=DIRECTION('',(-1.0,0.0,0.0));
#5102=DIRECTION('',(0.0,0.0,1.0));
#5103=ORIENTED_EDGE('',*,*,#7501,.T.);
#5104=ORIENTED_EDGE('',*,*,#7502,.F.);
#5105=ORIENTED_EDGE('',*,*,#7503,.F.);
#5106=ORIENTED_EDGE('',*,*,#7033,.T.);
#5107=CARTESIAN_POINT('',(14.55,2.8,10.3));
#5108=DIRECTION('',(-0.707106781186548,0.707106781186548,0.0));
#5109=DIRECTION('',(0.0,0.0,1.0));
#5110=ORIENTED_EDGE('',*,*,#7503,.T.);
#5111=ORIENTED_EDGE('',*,*,#7504,.F.);
#5112=ORIENTED_EDGE('',*,*,#7505,.F.);
#5113=ORIENTED_EDGE('',*,*,#7034,.T.);
#5114=CARTESIAN_POINT('',(15.8,2.8,10.3));
#5115=DIRECTION('',(-0.0,1.0,0.0));
#5116=DIRECTION('',(1.0,0.0,0.0));
#5117=ORIENTED_EDGE('',*,*,#7505,.T.);
#5118=ORIENTED_EDGE('',*,*,#7506,.F.);
#5119=ORIENTED_EDGE('',*,*,#7507,.F.);
#5120=ORIENTED_EDGE('',*,*,#7035,.T.);
#5121=CARTESIAN_POINT('',(15.8,0.5,10.3));
#5122=DIRECTION('',(1.0,0.0,0.0));
#5123=DIRECTION('',(0.0,1.0,0.0));
#5124=ORIENTED_EDGE('',*,*,#7507,.T.);
#5125=ORIENTED_EDGE('',*,*,#7508,.F.);
#5126=ORIENTED_EDGE('',*,*,#7509,.F.);
#5127=ORIENTED_EDGE('',*,*,#7036,.T.);
#5128=CARTESIAN_POINT('',(17.2,0.5,10.3));
#5129=DIRECTION('',(-0.0,1.0,0.0));
#5130=DIRECTION('',(1.0,0.0,0.0));
#5131=ORIENTED_EDGE('',*,*,#7509,.T.);
#5132=ORIENTED_EDGE('',*,*,#7510,.F.);
#5133=ORIENTED_EDGE('',*,*,#7511,.F.);
#5134=ORIENTED_EDGE('',*,*,#7037,.T.);
#5135=CARTESIAN_POINT('',(17.2,-1.05,10.3));
#5136=DIRECTION('',(1.0,0.0,0.0));
#5137=DIRECTION('',(0.0,1.0,0.0));
#5138=ORIENTED_EDGE('',*,*,#7511,.T.);
#5139=ORIENTED_EDGE('',*,*,#7512,.F.);
#5140=ORIENTED_EDGE('',*,*,#7513,.F.);
#5141=ORIENTED_EDGE('',*,*,#7038,.T.);
#5142=CARTESIAN_POINT('',(15.45,-2.8,10.3));
#5143=DIRECTION('',(0.707106781186548,-0.707106781186548,0.0));
#5144=DIRECTION('',(0.0,0.0,-1.0));
#5145=ORIENTED_EDGE('',*,*,#7513,.T.);
#5146=ORIENTED_EDGE('',*,*,#7514,.F.);
#5147=ORIENTED_EDGE('',*,*,#7515,.F.);
#5148=ORIENTED_EDGE('',*,*,#7039,.T.);
#5149=CARTESIAN_POINT('',(14.55,-2.8,10.3));
#5150=DIRECTION('',(0.0,-1.0,0.0));
#5151=DIRECTION('',(0.0,0.0,-1.0));
#5152=ORIENTED_EDGE('',*,*,#7515,.T.);
#5153=ORIENTED_EDGE('',*,*,#7516,.F.);
#5154=ORIENTED_EDGE('',*,*,#7499,.F.);
#5155=ORIENTED_EDGE('',*,*,#7040,.T.);
#5156=CARTESIAN_POINT('',(12.8,-1.05,10.3));
#5157=DIRECTION('',(-0.707106781186548,-0.707106781186548,0.0));
#5158=DIRECTION('',(-0.707106781186548,0.707106781186548,0.0));
#5159=ORIENTED_EDGE('',*,*,#7516,.T.);
#5160=ORIENTED_EDGE('',*,*,#7514,.T.);
#5161=ORIENTED_EDGE('',*,*,#7512,.T.);
#5162=ORIENTED_EDGE('',*,*,#7510,.T.);
#5163=ORIENTED_EDGE('',*,*,#7508,.T.);
#5164=ORIENTED_EDGE('',*,*,#7506,.T.);
#5165=ORIENTED_EDGE('',*,*,#7504,.T.);
#5166=ORIENTED_EDGE('',*,*,#7502,.T.);
#5167=ORIENTED_EDGE('',*,*,#7500,.T.);
#5168=CARTESIAN_POINT('',(0.0,0.0,7.3));
#5169=DIRECTION('',(0.0,0.0,1.0));
#5170=DIRECTION('',(1.0,0.0,0.0));
#5171=ORIENTED_EDGE('',*,*,#7517,.T.);
#5172=ORIENTED_EDGE('',*,*,#7518,.T.);
#5173=ORIENTED_EDGE('',*,*,#7519,.T.);
#5174=ORIENTED_EDGE('',*,*,#7520,.T.);
#5175=ORIENTED_EDGE('',*,*,#7521,.T.);
#5176=ORIENTED_EDGE('',*,*,#7522,.T.);
#5177=ORIENTED_EDGE('',*,*,#7523,.T.);
#5178=ORIENTED_EDGE('',*,*,#7524,.T.);
#5179=ORIENTED_EDGE('',*,*,#7525,.T.);
#5180=CARTESIAN_POINT('',(0.0,0.0,7.3));
#5181=DIRECTION('',(0.0,0.0,1.0));
#5182=DIRECTION('',(1.0,0.0,0.0));
#5183=ORIENTED_EDGE('',*,*,#7526,.T.);
#5184=ORIENTED_EDGE('',*,*,#7525,.F.);
#5185=ORIENTED_EDGE('',*,*,#7527,.F.);
#5186=ORIENTED_EDGE('',*,*,#7050,.T.);
#5187=CARTESIAN_POINT('',(-12.8,1.05,10.3));
#5188=DIRECTION('',(0.707106781186548,0.707106781186548,0.0));
#5189=DIRECTION('',(0.0,0.0,-1.0));
#5190=ORIENTED_EDGE('',*,*,#7527,.T.);
#5191=ORIENTED_EDGE('',*,*,#7524,.F.);
#5192=ORIENTED_EDGE('',*,*,#7528,.F.);
#5193=ORIENTED_EDGE('',*,*,#7042,.T.);
#5194=CARTESIAN_POINT('',(-12.8,-1.05,10.3));
#5195=DIRECTION('',(1.0,0.0,0.0));
#5196=DIRECTION('',(0.0,1.0,0.0));
#5197=ORIENTED_EDGE('',*,*,#7528,.T.);
#5198=ORIENTED_EDGE('',*,*,#7523,.F.);
#5199=ORIENTED_EDGE('',*,*,#7529,.F.);
#5200=ORIENTED_EDGE('',*,*,#7043,.T.);
#5201=CARTESIAN_POINT('',(-14.55,-2.8,10.3));
#5202=DIRECTION('',(0.707106781186548,-0.707106781186548,0.0));
#5203=DIRECTION('',(0.0,0.0,-1.0));
#5204=ORIENTED_EDGE('',*,*,#7529,.T.);
#5205=ORIENTED_EDGE('',*,*,#7522,.F.);
#5206=ORIENTED_EDGE('',*,*,#7530,.F.);
#5207=ORIENTED_EDGE('',*,*,#7044,.T.);
#5208=CARTESIAN_POINT('',(-15.45,-2.8,10.3));
#5209=DIRECTION('',(0.0,-1.0,0.0));
#5210=DIRECTION('',(0.0,0.0,-1.0));
#5211=ORIENTED_EDGE('',*,*,#7530,.T.);
#5212=ORIENTED_EDGE('',*,*,#7521,.F.);
#5213=ORIENTED_EDGE('',*,*,#7531,.F.);
#5214=ORIENTED_EDGE('',*,*,#7045,.T.);
#5215=CARTESIAN_POINT('',(-17.2,-1.05,10.3));
#5216=DIRECTION('',(-0.707106781186548,-0.707106781186548,0.0));
#5217=DIRECTION('',(-0.707106781186548,0.707106781186548,0.0));
#5218=ORIENTED_EDGE('',*,*,#7531,.T.);
#5219=ORIENTED_EDGE('',*,*,#7520,.F.);
#5220=ORIENTED_EDGE('',*,*,#7532,.F.);
#5221=ORIENTED_EDGE('',*,*,#7046,.T.);
#5222=CARTESIAN_POINT('',(-17.2,0.5,10.3));
#5223=DIRECTION('',(-1.0,0.0,0.0));
#5224=DIRECTION('',(0.0,0.0,1.0));
#5225=ORIENTED_EDGE('',*,*,#7532,.T.);
#5226=ORIENTED_EDGE('',*,*,#7519,.F.);
#5227=ORIENTED_EDGE('',*,*,#7533,.F.);
#5228=ORIENTED_EDGE('',*,*,#7047,.T.);
#5229=CARTESIAN_POINT('',(-15.8,0.5,10.3));
#5230=DIRECTION('',(-0.0,1.0,0.0));
#5231=DIRECTION('',(1.0,0.0,0.0));
#5232=ORIENTED_EDGE('',*,*,#7533,.T.);
#5233=ORIENTED_EDGE('',*,*,#7518,.F.);
#5234=ORIENTED_EDGE('',*,*,#7534,.F.);
#5235=ORIENTED_EDGE('',*,*,#7048,.T.);
#5236=CARTESIAN_POINT('',(-15.8,2.8,10.3));
#5237=DIRECTION('',(-1.0,0.0,0.0));
#5238=DIRECTION('',(0.0,0.0,1.0));
#5239=ORIENTED_EDGE('',*,*,#7534,.T.);
#5240=ORIENTED_EDGE('',*,*,#7517,.F.);
#5241=ORIENTED_EDGE('',*,*,#7526,.F.);
#5242=ORIENTED_EDGE('',*,*,#7049,.T.);
#5243=CARTESIAN_POINT('',(-14.55,2.8,10.3));
#5244=DIRECTION('',(-0.0,1.0,0.0));
#5245=DIRECTION('',(1.0,0.0,0.0));
#5246=ORIENTED_EDGE('',*,*,#7535,.T.);
#5247=ORIENTED_EDGE('',*,*,#6811,.T.);
#5248=ORIENTED_EDGE('',*,*,#6937,.F.);
#5249=ORIENTED_EDGE('',*,*,#6813,.F.);
#5250=CARTESIAN_POINT('',(20.0,9.58,10.3));
#5251=DIRECTION('',(0.0,0.0,-1.0));
#5252=DIRECTION('',(1.0,0.0,0.0));
#5253=ORIENTED_EDGE('',*,*,#7535,.F.);
#5254=ORIENTED_EDGE('',*,*,#6812,.F.);
#5255=CARTESIAN_POINT('',(0.0,0.0,0.3));
#5256=DIRECTION('',(0.0,0.0,1.0));
#5257=DIRECTION('',(1.0,0.0,0.0));
#5258=ORIENTED_EDGE('',*,*,#6649,.T.);
#5259=ORIENTED_EDGE('',*,*,#7536,.T.);
#5260=ORIENTED_EDGE('',*,*,#7537,.F.);
#5261=ORIENTED_EDGE('',*,*,#6608,.F.);
#5262=ORIENTED_EDGE('',*,*,#7538,.F.);
#5263=CARTESIAN_POINT('',(15.0,0.0,-10.3));
#5264=DIRECTION('',(-0.0,0.0,1.0));
#5265=DIRECTION('',(1.0,0.0,0.0));
#5266=ORIENTED_EDGE('',*,*,#7539,.F.);
#5267=ORIENTED_EDGE('',*,*,#7536,.F.);
#5268=ORIENTED_EDGE('',*,*,#6648,.T.);
#5269=ORIENTED_EDGE('',*,*,#7538,.T.);
#5270=ORIENTED_EDGE('',*,*,#6610,.F.);
#5271=CARTESIAN_POINT('',(15.0,0.0,-10.3));
#5272=DIRECTION('',(-0.0,0.0,1.0));
#5273=DIRECTION('',(1.0,0.0,0.0));
#5274=ORIENTED_EDGE('',*,*,#6609,.T.);
#5275=ORIENTED_EDGE('',*,*,#7540,.F.);
#5276=ORIENTED_EDGE('',*,*,#7541,.T.);
#5277=ORIENTED_EDGE('',*,*,#7539,.T.);
#5278=CARTESIAN_POINT('',(15.0,0.0,-13.94999987103));
#5279=DIRECTION('',(-0.0,0.0,1.0));
#5280=DIRECTION('',(0.0,-1.0,0.0));
#5281=ORIENTED_EDGE('',*,*,#6606,.T.);
#5282=ORIENTED_EDGE('',*,*,#7542,.T.);
#5283=ORIENTED_EDGE('',*,*,#7540,.T.);
#5284=ORIENTED_EDGE('',*,*,#6611,.T.);
#5285=CARTESIAN_POINT('',(0.0,0.0,-14.2));
#5286=DIRECTION('',(0.0,0.0,-1.0));
#5287=DIRECTION('',(0.0,-1.0,0.0));
#5288=ORIENTED_EDGE('',*,*,#6605,.T.);
#5289=ORIENTED_EDGE('',*,*,#7537,.T.);
#5290=ORIENTED_EDGE('',*,*,#7541,.F.);
#5291=ORIENTED_EDGE('',*,*,#7542,.F.);
#5292=CARTESIAN_POINT('',(15.0,0.0,-13.94999987103));
#5293=DIRECTION('',(-0.0,0.0,1.0));
#5294=DIRECTION('',(0.0,-1.0,0.0));
#5295=ORIENTED_EDGE('',*,*,#7543,.F.);
#5296=ORIENTED_EDGE('',*,*,#7544,.F.);
#5297=ORIENTED_EDGE('',*,*,#7545,.F.);
#5298=ORIENTED_EDGE('',*,*,#7546,.F.);
#5299=ORIENTED_EDGE('',*,*,#7547,.F.);
#5300=ORIENTED_EDGE('',*,*,#6653,.T.);
#5301=CARTESIAN_POINT('',(26.105,-9.58,-10.3));
#5302=DIRECTION('',(1.0,0.0,0.0));
#5303=DIRECTION('',(0.0,1.0,0.0));
#5304=ORIENTED_EDGE('',*,*,#7548,.F.);
#5305=ORIENTED_EDGE('',*,*,#7549,.F.);
#5306=ORIENTED_EDGE('',*,*,#7550,.F.);
#5307=ORIENTED_EDGE('',*,*,#7551,.F.);
#5308=ORIENTED_EDGE('',*,*,#7552,.F.);
#5309=ORIENTED_EDGE('',*,*,#6657,.T.);
#5310=CARTESIAN_POINT('',(26.105,-9.58,-10.3));
#5311=DIRECTION('',(1.0,0.0,0.0));
#5312=DIRECTION('',(0.0,1.0,0.0));
#5313=ORIENTED_EDGE('',*,*,#7547,.T.);
#5314=ORIENTED_EDGE('',*,*,#7553,.T.);
#5315=ORIENTED_EDGE('',*,*,#7554,.F.);
#5316=ORIENTED_EDGE('',*,*,#6650,.T.);
#5317=CARTESIAN_POINT('',(25.305,-0.85,-14.2));
#5318=DIRECTION('',(-0.0,1.0,0.0));
#5319=DIRECTION('',(1.0,0.0,0.0));
#5320=ORIENTED_EDGE('',*,*,#6655,.T.);
#5321=ORIENTED_EDGE('',*,*,#7555,.T.);
#5322=ORIENTED_EDGE('',*,*,#7556,.T.);
#5323=ORIENTED_EDGE('',*,*,#7557,.T.);
#5324=ORIENTED_EDGE('',*,*,#7558,.T.);
#5325=ORIENTED_EDGE('',*,*,#7559,.T.);
#5326=CARTESIAN_POINT('',(25.305,-9.58,-10.3));
#5327=DIRECTION('',(1.0,0.0,0.0));
#5328=DIRECTION('',(0.0,1.0,0.0));
#5329=ORIENTED_EDGE('',*,*,#6651,.T.);
#5330=ORIENTED_EDGE('',*,*,#7554,.T.);
#5331=ORIENTED_EDGE('',*,*,#7560,.T.);
#5332=ORIENTED_EDGE('',*,*,#7561,.T.);
#5333=ORIENTED_EDGE('',*,*,#7562,.T.);
#5334=ORIENTED_EDGE('',*,*,#7563,.T.);
#5335=CARTESIAN_POINT('',(25.305,-9.58,-10.3));
#5336=DIRECTION('',(1.0,0.0,0.0));
#5337=DIRECTION('',(0.0,1.0,0.0));
#5338=ORIENTED_EDGE('',*,*,#7559,.F.);
#5339=ORIENTED_EDGE('',*,*,#7564,.F.);
#5340=ORIENTED_EDGE('',*,*,#7548,.T.);
#5341=ORIENTED_EDGE('',*,*,#6656,.F.);
#5342=CARTESIAN_POINT('',(25.305,0.85,-10.3));
#5343=DIRECTION('',(0.0,-1.0,0.0));
#5344=DIRECTION('',(0.0,0.0,-1.0));
#5345=ORIENTED_EDGE('',*,*,#7565,.F.);
#5346=ORIENTED_EDGE('',*,*,#7549,.T.);
#5347=ORIENTED_EDGE('',*,*,#7564,.T.);
#5348=ORIENTED_EDGE('',*,*,#7558,.F.);
#5349=CARTESIAN_POINT('',(25.305,0.85,-14.2));
#5350=DIRECTION('',(0.0,0.0,-1.0));
#5351=DIRECTION('',(0.0,-1.0,0.0));
#5352=ORIENTED_EDGE('',*,*,#7566,.F.);
#5353=ORIENTED_EDGE('',*,*,#7550,.T.);
#5354=ORIENTED_EDGE('',*,*,#7565,.T.);
#5355=ORIENTED_EDGE('',*,*,#7557,.F.);
#5356=CARTESIAN_POINT('',(25.305,1.1,-14.2));
#5357=DIRECTION('',(0.0,0.955474691181644,-0.295073066394313));
#5358=DIRECTION('',(-1.0,0.0,0.0));
#5359=ORIENTED_EDGE('',*,*,#7567,.F.);
#5360=ORIENTED_EDGE('',*,*,#7551,.T.);
#5361=ORIENTED_EDGE('',*,*,#7566,.T.);
#5362=ORIENTED_EDGE('',*,*,#7556,.F.);
#5363=CARTESIAN_POINT('',(25.305,1.625,-12.5));
#5364=DIRECTION('',(0.0,0.819152044289016,0.573576436351011));
#5365=DIRECTION('',(1.0,0.0,-0.0));
#5366=ORIENTED_EDGE('',*,*,#7552,.T.);
#5367=ORIENTED_EDGE('',*,*,#7567,.T.);
#5368=ORIENTED_EDGE('',*,*,#7555,.F.);
#5369=ORIENTED_EDGE('',*,*,#6654,.T.);
#5370=CARTESIAN_POINT('',(25.305,1.35,-12.10725929815));
#5371=DIRECTION('',(-0.0,1.0,0.0));
#5372=DIRECTION('',(1.0,0.0,0.0));
#5373=ORIENTED_EDGE('',*,*,#7563,.F.);
#5374=ORIENTED_EDGE('',*,*,#7568,.F.);
#5375=ORIENTED_EDGE('',*,*,#7543,.T.);
#5376=ORIENTED_EDGE('',*,*,#6652,.F.);
#5377=CARTESIAN_POINT('',(25.305,-1.35,-10.3));
#5378=DIRECTION('',(0.0,-1.0,0.0));
#5379=DIRECTION('',(0.0,0.0,-1.0));
#5380=ORIENTED_EDGE('',*,*,#7569,.F.);
#5381=ORIENTED_EDGE('',*,*,#7544,.T.);
#5382=ORIENTED_EDGE('',*,*,#7568,.T.);
#5383=ORIENTED_EDGE('',*,*,#7562,.F.);
#5384=CARTESIAN_POINT('',(25.305,-1.35,-12.10725929815));
#5385=DIRECTION('',(0.0,-0.819152044289016,0.573576436351011));
#5386=DIRECTION('',(-1.0,0.0,0.0));
#5387=ORIENTED_EDGE('',*,*,#7570,.F.);
#5388=ORIENTED_EDGE('',*,*,#7545,.T.);
#5389=ORIENTED_EDGE('',*,*,#7569,.T.);
#5390=ORIENTED_EDGE('',*,*,#7561,.F.);
#5391=CARTESIAN_POINT('',(25.305,-1.625,-12.5));
#5392=DIRECTION('',(0.0,-0.955474691181644,-0.295073066394313));
#5393=DIRECTION('',(0.0,0.295073066394313,-0.955474691181644));
#5394=ORIENTED_EDGE('',*,*,#7553,.F.);
#5395=ORIENTED_EDGE('',*,*,#7546,.T.);
#5396=ORIENTED_EDGE('',*,*,#7570,.T.);
#5397=ORIENTED_EDGE('',*,*,#7560,.F.);
#5398=CARTESIAN_POINT('',(25.305,-1.1,-14.2));
#5399=DIRECTION('',(0.0,0.0,-1.0));
#5400=DIRECTION('',(0.0,-1.0,0.0));
#5401=ORIENTED_EDGE('',*,*,#7571,.T.);
#5402=ORIENTED_EDGE('',*,*,#7572,.T.);
#5403=ORIENTED_EDGE('',*,*,#7573,.T.);
#5404=ORIENTED_EDGE('',*,*,#7574,.T.);
#5405=ORIENTED_EDGE('',*,*,#6665,.F.);
#5406=ORIENTED_EDGE('',*,*,#7575,.T.);
#5407=CARTESIAN_POINT('',(-25.305,-9.58,-10.3));
#5408=DIRECTION('',(1.0,0.0,0.0));
#5409=DIRECTION('',(0.0,1.0,0.0));
#5410=ORIENTED_EDGE('',*,*,#7576,.T.);
#5411=ORIENTED_EDGE('',*,*,#7577,.T.);
#5412=ORIENTED_EDGE('',*,*,#7578,.T.);
#5413=ORIENTED_EDGE('',*,*,#7579,.T.);
#5414=ORIENTED_EDGE('',*,*,#6661,.F.);
#5415=ORIENTED_EDGE('',*,*,#7580,.T.);
#5416=CARTESIAN_POINT('',(-25.305,-9.58,-10.3));
#5417=DIRECTION('',(1.0,0.0,0.0));
#5418=DIRECTION('',(0.0,1.0,0.0));
#5419=ORIENTED_EDGE('',*,*,#6664,.T.);
#5420=ORIENTED_EDGE('',*,*,#7581,.T.);
#5421=ORIENTED_EDGE('',*,*,#7582,.F.);
#5422=ORIENTED_EDGE('',*,*,#7575,.F.);
#5423=CARTESIAN_POINT('',(-25.305,0.85,-10.3));
#5424=DIRECTION('',(-0.0,1.0,0.0));
#5425=DIRECTION('',(1.0,0.0,0.0));
#5426=ORIENTED_EDGE('',*,*,#7582,.T.);
#5427=ORIENTED_EDGE('',*,*,#7583,.T.);
#5428=ORIENTED_EDGE('',*,*,#7584,.F.);
#5429=ORIENTED_EDGE('',*,*,#7571,.F.);
#5430=CARTESIAN_POINT('',(-25.305,0.85,-14.2));
#5431=DIRECTION('',(0.0,0.0,1.0));
#5432=DIRECTION('',(1.0,0.0,0.0));
#5433=ORIENTED_EDGE('',*,*,#7584,.T.);
#5434=ORIENTED_EDGE('',*,*,#7585,.T.);
#5435=ORIENTED_EDGE('',*,*,#7586,.F.);
#5436=ORIENTED_EDGE('',*,*,#7572,.F.);
#5437=CARTESIAN_POINT('',(-25.305,1.1,-14.2));
#5438=DIRECTION('',(0.0,-0.955474691181644,0.295073066394313));
#5439=DIRECTION('',(-1.0,0.0,0.0));
#5440=ORIENTED_EDGE('',*,*,#7586,.T.);
#5441=ORIENTED_EDGE('',*,*,#7587,.T.);
#5442=ORIENTED_EDGE('',*,*,#7588,.F.);
#5443=ORIENTED_EDGE('',*,*,#7573,.F.);
#5444=CARTESIAN_POINT('',(-25.305,1.625,-12.5));
#5445=DIRECTION('',(0.0,-0.819152044289016,-0.573576436351011));
#5446=DIRECTION('',(0.0,0.573576436351011,-0.819152044289016));
#5447=ORIENTED_EDGE('',*,*,#7588,.T.);
#5448=ORIENTED_EDGE('',*,*,#7589,.T.);
#5449=ORIENTED_EDGE('',*,*,#6662,.F.);
#5450=ORIENTED_EDGE('',*,*,#7574,.F.);
#5451=CARTESIAN_POINT('',(-25.305,1.35,-12.10725929815));
#5452=DIRECTION('',(0.0,-1.0,0.0));
#5453=DIRECTION('',(0.0,0.0,-1.0));
#5454=ORIENTED_EDGE('',*,*,#6663,.T.);
#5455=ORIENTED_EDGE('',*,*,#7589,.F.);
#5456=ORIENTED_EDGE('',*,*,#7587,.F.);
#5457=ORIENTED_EDGE('',*,*,#7585,.F.);
#5458=ORIENTED_EDGE('',*,*,#7583,.F.);
#5459=ORIENTED_EDGE('',*,*,#7581,.F.);
#5460=CARTESIAN_POINT('',(-26.105,-9.58,-10.3));
#5461=DIRECTION('',(1.0,0.0,0.0));
#5462=DIRECTION('',(0.0,1.0,0.0));
#5463=ORIENTED_EDGE('',*,*,#6659,.T.);
#5464=ORIENTED_EDGE('',*,*,#7590,.F.);
#5465=ORIENTED_EDGE('',*,*,#7591,.F.);
#5466=ORIENTED_EDGE('',*,*,#7592,.F.);
#5467=ORIENTED_EDGE('',*,*,#7593,.F.);
#5468=ORIENTED_EDGE('',*,*,#7594,.F.);
#5469=CARTESIAN_POINT('',(-26.105,-9.58,-10.3));
#5470=DIRECTION('',(1.0,0.0,0.0));
#5471=DIRECTION('',(0.0,1.0,0.0));
#5472=ORIENTED_EDGE('',*,*,#6660,.T.);
#5473=ORIENTED_EDGE('',*,*,#7594,.T.);
#5474=ORIENTED_EDGE('',*,*,#7595,.F.);
#5475=ORIENTED_EDGE('',*,*,#7580,.F.);
#5476=CARTESIAN_POINT('',(-25.305,-1.35,-10.3));
#5477=DIRECTION('',(-0.0,1.0,0.0));
#5478=DIRECTION('',(1.0,0.0,0.0));
#5479=ORIENTED_EDGE('',*,*,#7595,.T.);
#5480=ORIENTED_EDGE('',*,*,#7593,.T.);
#5481=ORIENTED_EDGE('',*,*,#7596,.F.);
#5482=ORIENTED_EDGE('',*,*,#7576,.F.);
#5483=CARTESIAN_POINT('',(-25.305,-1.35,-12.10725929815));
#5484=DIRECTION('',(0.0,0.819152044289016,-0.573576436351011));
#5485=DIRECTION('',(-1.0,0.0,0.0));
#5486=ORIENTED_EDGE('',*,*,#7596,.T.);
#5487=ORIENTED_EDGE('',*,*,#7592,.T.);
#5488=ORIENTED_EDGE('',*,*,#7597,.F.);
#5489=ORIENTED_EDGE('',*,*,#7577,.F.);
#5490=CARTESIAN_POINT('',(-25.305,-1.625,-12.5));
#5491=DIRECTION('',(0.0,0.955474691181644,0.295073066394313));
#5492=DIRECTION('',(1.0,0.0,-0.0));
#5493=ORIENTED_EDGE('',*,*,#7597,.T.);
#5494=ORIENTED_EDGE('',*,*,#7591,.T.);
#5495=ORIENTED_EDGE('',*,*,#7598,.F.);
#5496=ORIENTED_EDGE('',*,*,#7578,.F.);
#5497=CARTESIAN_POINT('',(-25.305,-1.1,-14.2));
#5498=DIRECTION('',(0.0,0.0,1.0));
#5499=DIRECTION('',(1.0,0.0,0.0));
#5500=ORIENTED_EDGE('',*,*,#7598,.T.);
#5501=ORIENTED_EDGE('',*,*,#7590,.T.);
#5502=ORIENTED_EDGE('',*,*,#6658,.F.);
#5503=ORIENTED_EDGE('',*,*,#7579,.F.);
#5504=CARTESIAN_POINT('',(-25.305,-0.85,-14.2));
#5505=DIRECTION('',(0.0,-1.0,0.0));
#5506=DIRECTION('',(0.0,0.0,-1.0));
#5507=ORIENTED_EDGE('',*,*,#7599,.T.);
#5508=ORIENTED_EDGE('',*,*,#7600,.F.);
#5509=ORIENTED_EDGE('',*,*,#7601,.F.);
#5510=ORIENTED_EDGE('',*,*,#6669,.T.);
#5511=CARTESIAN_POINT('',(19.0,-8.68,-10.3));
#5512=DIRECTION('',(-1.0,0.0,0.0));
#5513=DIRECTION('',(0.0,0.0,1.0));
#5514=ORIENTED_EDGE('',*,*,#7601,.T.);
#5515=ORIENTED_EDGE('',*,*,#7602,.F.);
#5516=ORIENTED_EDGE('',*,*,#7603,.F.);
#5517=ORIENTED_EDGE('',*,*,#6666,.T.);
#5518=CARTESIAN_POINT('',(21.0,-8.68,-10.3));
#5519=DIRECTION('',(0.0,-1.0,0.0));
#5520=DIRECTION('',(0.0,0.0,-1.0));
#5521=ORIENTED_EDGE('',*,*,#7603,.T.);
#5522=ORIENTED_EDGE('',*,*,#7604,.F.);
#5523=ORIENTED_EDGE('',*,*,#7605,.F.);
#5524=ORIENTED_EDGE('',*,*,#6667,.T.);
#5525=CARTESIAN_POINT('',(21.0,-8.18,-10.3));
#5526=DIRECTION('',(1.0,0.0,0.0));
#5527=DIRECTION('',(0.0,1.0,0.0));
#5528=ORIENTED_EDGE('',*,*,#7605,.T.);
#5529=ORIENTED_EDGE('',*,*,#7606,.F.);
#5530=ORIENTED_EDGE('',*,*,#7599,.F.);
#5531=ORIENTED_EDGE('',*,*,#6668,.T.);
#5532=CARTESIAN_POINT('',(19.0,-8.18,-10.3));
#5533=DIRECTION('',(-0.0,1.0,0.0));
#5534=DIRECTION('',(1.0,0.0,0.0));
#5535=ORIENTED_EDGE('',*,*,#7606,.T.);
#5536=ORIENTED_EDGE('',*,*,#7604,.T.);
#5537=ORIENTED_EDGE('',*,*,#7602,.T.);
#5538=ORIENTED_EDGE('',*,*,#7600,.T.);
#5539=CARTESIAN_POINT('',(0.0,0.0,-14.2));
#5540=DIRECTION('',(0.0,0.0,-1.0));
#5541=DIRECTION('',(0.0,-1.0,0.0));
#5542=ORIENTED_EDGE('',*,*,#7607,.T.);
#5543=ORIENTED_EDGE('',*,*,#7608,.T.);
#5544=ORIENTED_EDGE('',*,*,#7609,.T.);
#5545=ORIENTED_EDGE('',*,*,#7610,.T.);
#5546=CARTESIAN_POINT('',(0.0,0.0,-14.2));
#5547=DIRECTION('',(0.0,0.0,-1.0));
#5548=DIRECTION('',(0.0,-1.0,0.0));
#5549=ORIENTED_EDGE('',*,*,#7611,.T.);
#5550=ORIENTED_EDGE('',*,*,#7612,.T.);
#5551=ORIENTED_EDGE('',*,*,#7613,.T.);
#5552=ORIENTED_EDGE('',*,*,#7614,.T.);
#5553=CARTESIAN_POINT('',(0.0,0.0,-14.2));
#5554=DIRECTION('',(0.0,0.0,-1.0));
#5555=DIRECTION('',(0.0,-1.0,0.0));
#5556=ORIENTED_EDGE('',*,*,#7615,.T.);
#5557=ORIENTED_EDGE('',*,*,#7616,.T.);
#5558=ORIENTED_EDGE('',*,*,#7617,.T.);
#5559=ORIENTED_EDGE('',*,*,#7618,.T.);
#5560=CARTESIAN_POINT('',(0.0,0.0,-14.2));
#5561=DIRECTION('',(0.0,0.0,-1.0));
#5562=DIRECTION('',(0.0,-1.0,0.0));
#5563=ORIENTED_EDGE('',*,*,#7619,.T.);
#5564=ORIENTED_EDGE('',*,*,#7620,.T.);
#5565=ORIENTED_EDGE('',*,*,#7621,.T.);
#5566=ORIENTED_EDGE('',*,*,#7622,.T.);
#5567=CARTESIAN_POINT('',(0.0,0.0,-14.2));
#5568=DIRECTION('',(0.0,0.0,-1.0));
#5569=DIRECTION('',(0.0,-1.0,0.0));
#5570=ORIENTED_EDGE('',*,*,#7623,.T.);
#5571=ORIENTED_EDGE('',*,*,#7624,.T.);
#5572=ORIENTED_EDGE('',*,*,#7625,.T.);
#5573=ORIENTED_EDGE('',*,*,#7626,.T.);
#5574=CARTESIAN_POINT('',(0.0,0.0,-14.2));
#5575=DIRECTION('',(0.0,0.0,-1.0));
#5576=DIRECTION('',(0.0,-1.0,0.0));
#5577=ORIENTED_EDGE('',*,*,#7627,.T.);
#5578=ORIENTED_EDGE('',*,*,#7610,.F.);
#5579=ORIENTED_EDGE('',*,*,#7628,.F.);
#5580=ORIENTED_EDGE('',*,*,#6673,.T.);
#5581=CARTESIAN_POINT('',(19.3,-5.03,-10.3));
#5582=DIRECTION('',(-1.0,0.0,0.0));
#5583=DIRECTION('',(0.0,0.0,1.0));
#5584=ORIENTED_EDGE('',*,*,#7628,.T.);
#5585=ORIENTED_EDGE('',*,*,#7609,.F.);
#5586=ORIENTED_EDGE('',*,*,#7629,.F.);
#5587=ORIENTED_EDGE('',*,*,#6670,.T.);
#5588=CARTESIAN_POINT('',(19.8,-5.03,-10.3));
#5589=DIRECTION('',(0.0,-1.0,0.0));
#5590=DIRECTION('',(0.0,0.0,-1.0));
#5591=ORIENTED_EDGE('',*,*,#7629,.T.);
#5592=ORIENTED_EDGE('',*,*,#7608,.F.);
#5593=ORIENTED_EDGE('',*,*,#7630,.F.);
#5594=ORIENTED_EDGE('',*,*,#6671,.T.);
#5595=CARTESIAN_POINT('',(19.8,-3.03,-10.3));
#5596=DIRECTION('',(1.0,0.0,0.0));
#5597=DIRECTION('',(0.0,1.0,0.0));
#5598=ORIENTED_EDGE('',*,*,#7630,.T.);
#5599=ORIENTED_EDGE('',*,*,#7607,.F.);
#5600=ORIENTED_EDGE('',*,*,#7627,.F.);
#5601=ORIENTED_EDGE('',*,*,#6672,.T.);
#5602=CARTESIAN_POINT('',(19.3,-3.03,-10.3));
#5603=DIRECTION('',(-0.0,1.0,0.0));
#5604=DIRECTION('',(1.0,0.0,0.0));
#5605=ORIENTED_EDGE('',*,*,#7631,.T.);
#5606=ORIENTED_EDGE('',*,*,#7614,.F.);
#5607=ORIENTED_EDGE('',*,*,#7632,.F.);
#5608=ORIENTED_EDGE('',*,*,#6677,.T.);
#5609=CARTESIAN_POINT('',(20.7,-5.03,-10.3));
#5610=DIRECTION('',(0.0,-1.0,0.0));
#5611=DIRECTION('',(0.0,0.0,-1.0));
#5612=ORIENTED_EDGE('',*,*,#7632,.T.);
#5613=ORIENTED_EDGE('',*,*,#7613,.F.);
#5614=ORIENTED_EDGE('',*,*,#7633,.F.);
#5615=ORIENTED_EDGE('',*,*,#6674,.T.);
#5616=CARTESIAN_POINT('',(20.7,-3.03,-10.3));
#5617=DIRECTION('',(1.0,0.0,0.0));
#5618=DIRECTION('',(0.0,1.0,0.0));
#5619=ORIENTED_EDGE('',*,*,#7633,.T.);
#5620=ORIENTED_EDGE('',*,*,#7612,.F.);
#5621=ORIENTED_EDGE('',*,*,#7634,.F.);
#5622=ORIENTED_EDGE('',*,*,#6675,.T.);
#5623=CARTESIAN_POINT('',(20.2,-3.03,-10.3));
#5624=DIRECTION('',(-0.0,1.0,0.0));
#5625=DIRECTION('',(1.0,0.0,0.0));
#5626=ORIENTED_EDGE('',*,*,#7634,.T.);
#5627=ORIENTED_EDGE('',*,*,#7611,.F.);
#5628=ORIENTED_EDGE('',*,*,#7631,.F.);
#5629=ORIENTED_EDGE('',*,*,#6676,.T.);
#5630=CARTESIAN_POINT('',(20.2,-5.03,-10.3));
#5631=DIRECTION('',(-1.0,0.0,0.0));
#5632=DIRECTION('',(0.0,0.0,1.0));
#5633=ORIENTED_EDGE('',*,*,#7635,.T.);
#5634=ORIENTED_EDGE('',*,*,#7618,.F.);
#5635=ORIENTED_EDGE('',*,*,#7636,.F.);
#5636=ORIENTED_EDGE('',*,*,#6681,.T.);
#5637=CARTESIAN_POINT('',(19.0,8.68,-10.3));
#5638=DIRECTION('',(-0.0,1.0,0.0));
#5639=DIRECTION('',(1.0,0.0,0.0));
#5640=ORIENTED_EDGE('',*,*,#7636,.T.);
#5641=ORIENTED_EDGE('',*,*,#7617,.F.);
#5642=ORIENTED_EDGE('',*,*,#7637,.F.);
#5643=ORIENTED_EDGE('',*,*,#6678,.T.);
#5644=CARTESIAN_POINT('',(19.0,8.18,-10.3));
#5645=DIRECTION('',(-1.0,0.0,0.0));
#5646=DIRECTION('',(0.0,0.0,1.0));
#5647=ORIENTED_EDGE('',*,*,#7637,.T.);
#5648=ORIENTED_EDGE('',*,*,#7616,.F.);
#5649=ORIENTED_EDGE('',*,*,#7638,.F.);
#5650=ORIENTED_EDGE('',*,*,#6679,.T.);
#5651=CARTESIAN_POINT('',(21.0,8.18,-10.3));
#5652=DIRECTION('',(0.0,-1.0,0.0));
#5653=DIRECTION('',(0.0,0.0,-1.0));
#5654=ORIENTED_EDGE('',*,*,#7638,.T.);
#5655=ORIENTED_EDGE('',*,*,#7615,.F.);
#5656=ORIENTED_EDGE('',*,*,#7635,.F.);
#5657=ORIENTED_EDGE('',*,*,#6680,.T.);
#5658=CARTESIAN_POINT('',(21.0,8.68,-10.3));
#5659=DIRECTION('',(1.0,0.0,0.0));
#5660=DIRECTION('',(0.0,1.0,0.0));
#5661=ORIENTED_EDGE('',*,*,#7639,.T.);
#5662=ORIENTED_EDGE('',*,*,#7622,.F.);
#5663=ORIENTED_EDGE('',*,*,#7640,.F.);
#5664=ORIENTED_EDGE('',*,*,#6685,.T.);
#5665=CARTESIAN_POINT('',(19.3,5.03,-10.3));
#5666=DIRECTION('',(-0.0,1.0,0.0));
#5667=DIRECTION('',(1.0,0.0,0.0));
#5668=ORIENTED_EDGE('',*,*,#7640,.T.);
#5669=ORIENTED_EDGE('',*,*,#7621,.F.);
#5670=ORIENTED_EDGE('',*,*,#7641,.F.);
#5671=ORIENTED_EDGE('',*,*,#6682,.T.);
#5672=CARTESIAN_POINT('',(19.3,3.03,-10.3));
#5673=DIRECTION('',(-1.0,0.0,0.0));
#5674=DIRECTION('',(0.0,0.0,1.0));
#5675=ORIENTED_EDGE('',*,*,#7641,.T.);
#5676=ORIENTED_EDGE('',*,*,#7620,.F.);
#5677=ORIENTED_EDGE('',*,*,#7642,.F.);
#5678=ORIENTED_EDGE('',*,*,#6683,.T.);
#5679=CARTESIAN_POINT('',(19.8,3.03,-10.3));
#5680=DIRECTION('',(0.0,-1.0,0.0));
#5681=DIRECTION('',(0.0,0.0,-1.0));
#5682=ORIENTED_EDGE('',*,*,#7642,.T.);
#5683=ORIENTED_EDGE('',*,*,#7619,.F.);
#5684=ORIENTED_EDGE('',*,*,#7639,.F.);
#5685=ORIENTED_EDGE('',*,*,#6684,.T.);
#5686=CARTESIAN_POINT('',(19.8,5.03,-10.3));
#5687=DIRECTION('',(1.0,0.0,0.0));
#5688=DIRECTION('',(0.0,1.0,0.0));
#5689=ORIENTED_EDGE('',*,*,#7643,.T.);
#5690=ORIENTED_EDGE('',*,*,#7626,.F.);
#5691=ORIENTED_EDGE('',*,*,#7644,.F.);
#5692=ORIENTED_EDGE('',*,*,#6689,.T.);
#5693=CARTESIAN_POINT('',(20.7,5.03,-10.3));
#5694=DIRECTION('',(1.0,0.0,0.0));
#5695=DIRECTION('',(0.0,1.0,0.0));
#5696=ORIENTED_EDGE('',*,*,#7644,.T.);
#5697=ORIENTED_EDGE('',*,*,#7625,.F.);
#5698=ORIENTED_EDGE('',*,*,#7645,.F.);
#5699=ORIENTED_EDGE('',*,*,#6686,.T.);
#5700=CARTESIAN_POINT('',(20.2,5.03,-10.3));
#5701=DIRECTION('',(-0.0,1.0,0.0));
#5702=DIRECTION('',(1.0,0.0,0.0));
#5703=ORIENTED_EDGE('',*,*,#7645,.T.);
#5704=ORIENTED_EDGE('',*,*,#7624,.F.);
#5705=ORIENTED_EDGE('',*,*,#7646,.F.);
#5706=ORIENTED_EDGE('',*,*,#6687,.T.);
#5707=CARTESIAN_POINT('',(20.2,3.03,-10.3));
#5708=DIRECTION('',(-1.0,0.0,0.0));
#5709=DIRECTION('',(0.0,0.0,1.0));
#5710=ORIENTED_EDGE('',*,*,#7646,.T.);
#5711=ORIENTED_EDGE('',*,*,#7623,.F.);
#5712=ORIENTED_EDGE('',*,*,#7643,.F.);
#5713=ORIENTED_EDGE('',*,*,#6688,.T.);
#5714=CARTESIAN_POINT('',(20.7,3.03,-10.3));
#5715=DIRECTION('',(0.0,-1.0,0.0));
#5716=DIRECTION('',(0.0,0.0,-1.0));
#5717=ORIENTED_EDGE('',*,*,#7647,.T.);
#5718=ORIENTED_EDGE('',*,*,#7648,.F.);
#5719=ORIENTED_EDGE('',*,*,#7649,.F.);
#5720=ORIENTED_EDGE('',*,*,#6693,.T.);
#5721=CARTESIAN_POINT('',(9.0,-8.68,-10.3));
#5722=DIRECTION('',(-1.0,0.0,0.0));
#5723=DIRECTION('',(0.0,0.0,1.0));
#5724=ORIENTED_EDGE('',*,*,#7649,.T.);
#5725=ORIENTED_EDGE('',*,*,#7650,.F.);
#5726=ORIENTED_EDGE('',*,*,#7651,.F.);
#5727=ORIENTED_EDGE('',*,*,#6690,.T.);
#5728=CARTESIAN_POINT('',(11.0,-8.68,-10.3));
#5729=DIRECTION('',(0.0,-1.0,0.0));
#5730=DIRECTION('',(0.0,0.0,-1.0));
#5731=ORIENTED_EDGE('',*,*,#7651,.T.);
#5732=ORIENTED_EDGE('',*,*,#7652,.F.);
#5733=ORIENTED_EDGE('',*,*,#7653,.F.);
#5734=ORIENTED_EDGE('',*,*,#6691,.T.);
#5735=CARTESIAN_POINT('',(11.0,-8.18,-10.3));
#5736=DIRECTION('',(1.0,0.0,0.0));
#5737=DIRECTION('',(0.0,1.0,0.0));
#5738=ORIENTED_EDGE('',*,*,#7653,.T.);
#5739=ORIENTED_EDGE('',*,*,#7654,.F.);
#5740=ORIENTED_EDGE('',*,*,#7647,.F.);
#5741=ORIENTED_EDGE('',*,*,#6692,.T.);
#5742=CARTESIAN_POINT('',(9.0,-8.18,-10.3));
#5743=DIRECTION('',(-0.0,1.0,0.0));
#5744=DIRECTION('',(1.0,0.0,0.0));
#5745=ORIENTED_EDGE('',*,*,#7654,.T.);
#5746=ORIENTED_EDGE('',*,*,#7652,.T.);
#5747=ORIENTED_EDGE('',*,*,#7650,.T.);
#5748=ORIENTED_EDGE('',*,*,#7648,.T.);
#5749=CARTESIAN_POINT('',(0.0,0.0,-14.2));
#5750=DIRECTION('',(0.0,0.0,-1.0));
#5751=DIRECTION('',(0.0,-1.0,0.0));
#5752=ORIENTED_EDGE('',*,*,#7655,.T.);
#5753=ORIENTED_EDGE('',*,*,#7656,.T.);
#5754=ORIENTED_EDGE('',*,*,#7657,.T.);
#5755=ORIENTED_EDGE('',*,*,#7658,.T.);
#5756=CARTESIAN_POINT('',(0.0,0.0,-14.2));
#5757=DIRECTION('',(0.0,0.0,-1.0));
#5758=DIRECTION('',(0.0,-1.0,0.0));
#5759=ORIENTED_EDGE('',*,*,#7659,.T.);
#5760=ORIENTED_EDGE('',*,*,#7660,.T.);
#5761=ORIENTED_EDGE('',*,*,#7661,.T.);
#5762=ORIENTED_EDGE('',*,*,#7662,.T.);
#5763=CARTESIAN_POINT('',(0.0,0.0,-14.2));
#5764=DIRECTION('',(0.0,0.0,-1.0));
#5765=DIRECTION('',(0.0,-1.0,0.0));
#5766=ORIENTED_EDGE('',*,*,#7663,.T.);
#5767=ORIENTED_EDGE('',*,*,#7664,.T.);
#5768=ORIENTED_EDGE('',*,*,#7665,.T.);
#5769=ORIENTED_EDGE('',*,*,#7666,.T.);
#5770=CARTESIAN_POINT('',(0.0,0.0,-14.2));
#5771=DIRECTION('',(0.0,0.0,-1.0));
#5772=DIRECTION('',(0.0,-1.0,0.0));
#5773=ORIENTED_EDGE('',*,*,#7667,.T.);
#5774=ORIENTED_EDGE('',*,*,#7668,.T.);
#5775=ORIENTED_EDGE('',*,*,#7669,.T.);
#5776=ORIENTED_EDGE('',*,*,#7670,.T.);
#5777=CARTESIAN_POINT('',(0.0,0.0,-14.2));
#5778=DIRECTION('',(0.0,0.0,-1.0));
#5779=DIRECTION('',(0.0,-1.0,0.0));
#5780=ORIENTED_EDGE('',*,*,#7671,.T.);
#5781=ORIENTED_EDGE('',*,*,#7672,.T.);
#5782=ORIENTED_EDGE('',*,*,#7673,.T.);
#5783=ORIENTED_EDGE('',*,*,#7674,.T.);
#5784=CARTESIAN_POINT('',(0.0,0.0,-14.2));
#5785=DIRECTION('',(0.0,0.0,-1.0));
#5786=DIRECTION('',(0.0,-1.0,0.0));
#5787=ORIENTED_EDGE('',*,*,#7675,.T.);
#5788=ORIENTED_EDGE('',*,*,#7658,.F.);
#5789=ORIENTED_EDGE('',*,*,#7676,.F.);
#5790=ORIENTED_EDGE('',*,*,#6697,.T.);
#5791=CARTESIAN_POINT('',(9.3,-5.03,-10.3));
#5792=DIRECTION('',(-1.0,0.0,0.0));
#5793=DIRECTION('',(0.0,0.0,1.0));
#5794=ORIENTED_EDGE('',*,*,#7676,.T.);
#5795=ORIENTED_EDGE('',*,*,#7657,.F.);
#5796=ORIENTED_EDGE('',*,*,#7677,.F.);
#5797=ORIENTED_EDGE('',*,*,#6694,.T.);
#5798=CARTESIAN_POINT('',(9.8,-5.03,-10.3));
#5799=DIRECTION('',(0.0,-1.0,0.0));
#5800=DIRECTION('',(0.0,0.0,-1.0));
#5801=ORIENTED_EDGE('',*,*,#7677,.T.);
#5802=ORIENTED_EDGE('',*,*,#7656,.F.);
#5803=ORIENTED_EDGE('',*,*,#7678,.F.);
#5804=ORIENTED_EDGE('',*,*,#6695,.T.);
#5805=CARTESIAN_POINT('',(9.8,-3.03,-10.3));
#5806=DIRECTION('',(1.0,0.0,0.0));
#5807=DIRECTION('',(0.0,1.0,0.0));
#5808=ORIENTED_EDGE('',*,*,#7678,.T.);
#5809=ORIENTED_EDGE('',*,*,#7655,.F.);
#5810=ORIENTED_EDGE('',*,*,#7675,.F.);
#5811=ORIENTED_EDGE('',*,*,#6696,.T.);
#5812=CARTESIAN_POINT('',(9.3,-3.03,-10.3));
#5813=DIRECTION('',(-0.0,1.0,0.0));
#5814=DIRECTION('',(1.0,0.0,0.0));
#5815=ORIENTED_EDGE('',*,*,#7679,.T.);
#5816=ORIENTED_EDGE('',*,*,#7662,.F.);
#5817=ORIENTED_EDGE('',*,*,#7680,.F.);
#5818=ORIENTED_EDGE('',*,*,#6701,.T.);
#5819=CARTESIAN_POINT('',(10.7,-5.03,-10.3));
#5820=DIRECTION('',(0.0,-1.0,0.0));
#5821=DIRECTION('',(0.0,0.0,-1.0));
#5822=ORIENTED_EDGE('',*,*,#7680,.T.);
#5823=ORIENTED_EDGE('',*,*,#7661,.F.);
#5824=ORIENTED_EDGE('',*,*,#7681,.F.);
#5825=ORIENTED_EDGE('',*,*,#6698,.T.);
#5826=CARTESIAN_POINT('',(10.7,-3.03,-10.3));
#5827=DIRECTION('',(1.0,0.0,0.0));
#5828=DIRECTION('',(0.0,1.0,0.0));
#5829=ORIENTED_EDGE('',*,*,#7681,.T.);
#5830=ORIENTED_EDGE('',*,*,#7660,.F.);
#5831=ORIENTED_EDGE('',*,*,#7682,.F.);
#5832=ORIENTED_EDGE('',*,*,#6699,.T.);
#5833=CARTESIAN_POINT('',(10.2,-3.03,-10.3));
#5834=DIRECTION('',(-0.0,1.0,0.0));
#5835=DIRECTION('',(1.0,0.0,0.0));
#5836=ORIENTED_EDGE('',*,*,#7682,.T.);
#5837=ORIENTED_EDGE('',*,*,#7659,.F.);
#5838=ORIENTED_EDGE('',*,*,#7679,.F.);
#5839=ORIENTED_EDGE('',*,*,#6700,.T.);
#5840=CARTESIAN_POINT('',(10.2,-5.03,-10.3));
#5841=DIRECTION('',(-1.0,0.0,0.0));
#5842=DIRECTION('',(0.0,0.0,1.0));
#5843=ORIENTED_EDGE('',*,*,#7683,.T.);
#5844=ORIENTED_EDGE('',*,*,#7666,.F.);
#5845=ORIENTED_EDGE('',*,*,#7684,.F.);
#5846=ORIENTED_EDGE('',*,*,#6705,.T.);
#5847=CARTESIAN_POINT('',(9.0,8.68,-10.3));
#5848=DIRECTION('',(-0.0,1.0,0.0));
#5849=DIRECTION('',(1.0,0.0,0.0));
#5850=ORIENTED_EDGE('',*,*,#7684,.T.);
#5851=ORIENTED_EDGE('',*,*,#7665,.F.);
#5852=ORIENTED_EDGE('',*,*,#7685,.F.);
#5853=ORIENTED_EDGE('',*,*,#6702,.T.);
#5854=CARTESIAN_POINT('',(9.0,8.18,-10.3));
#5855=DIRECTION('',(-1.0,0.0,0.0));
#5856=DIRECTION('',(0.0,0.0,1.0));
#5857=ORIENTED_EDGE('',*,*,#7685,.T.);
#5858=ORIENTED_EDGE('',*,*,#7664,.F.);
#5859=ORIENTED_EDGE('',*,*,#7686,.F.);
#5860=ORIENTED_EDGE('',*,*,#6703,.T.);
#5861=CARTESIAN_POINT('',(11.0,8.18,-10.3));
#5862=DIRECTION('',(0.0,-1.0,0.0));
#5863=DIRECTION('',(0.0,0.0,-1.0));
#5864=ORIENTED_EDGE('',*,*,#7686,.T.);
#5865=ORIENTED_EDGE('',*,*,#7663,.F.);
#5866=ORIENTED_EDGE('',*,*,#7683,.F.);
#5867=ORIENTED_EDGE('',*,*,#6704,.T.);
#5868=CARTESIAN_POINT('',(11.0,8.68,-10.3));
#5869=DIRECTION('',(1.0,0.0,0.0));
#5870=DIRECTION('',(0.0,1.0,0.0));
#5871=ORIENTED_EDGE('',*,*,#7687,.T.);
#5872=ORIENTED_EDGE('',*,*,#7670,.F.);
#5873=ORIENTED_EDGE('',*,*,#7688,.F.);
#5874=ORIENTED_EDGE('',*,*,#6709,.T.);
#5875=CARTESIAN_POINT('',(9.3,5.03,-10.3));
#5876=DIRECTION('',(-0.0,1.0,0.0));
#5877=DIRECTION('',(1.0,0.0,0.0));
#5878=ORIENTED_EDGE('',*,*,#7688,.T.);
#5879=ORIENTED_EDGE('',*,*,#7669,.F.);
#5880=ORIENTED_EDGE('',*,*,#7689,.F.);
#5881=ORIENTED_EDGE('',*,*,#6706,.T.);
#5882=CARTESIAN_POINT('',(9.3,3.03,-10.3));
#5883=DIRECTION('',(-1.0,0.0,0.0));
#5884=DIRECTION('',(0.0,0.0,1.0));
#5885=ORIENTED_EDGE('',*,*,#7689,.T.);
#5886=ORIENTED_EDGE('',*,*,#7668,.F.);
#5887=ORIENTED_EDGE('',*,*,#7690,.F.);
#5888=ORIENTED_EDGE('',*,*,#6707,.T.);
#5889=CARTESIAN_POINT('',(9.8,3.03,-10.3));
#5890=DIRECTION('',(0.0,-1.0,0.0));
#5891=DIRECTION('',(0.0,0.0,-1.0));
#5892=ORIENTED_EDGE('',*,*,#7690,.T.);
#5893=ORIENTED_EDGE('',*,*,#7667,.F.);
#5894=ORIENTED_EDGE('',*,*,#7687,.F.);
#5895=ORIENTED_EDGE('',*,*,#6708,.T.);
#5896=CARTESIAN_POINT('',(9.8,5.03,-10.3));
#5897=DIRECTION('',(1.0,0.0,0.0));
#5898=DIRECTION('',(0.0,1.0,0.0));
#5899=ORIENTED_EDGE('',*,*,#7691,.T.);
#5900=ORIENTED_EDGE('',*,*,#7674,.F.);
#5901=ORIENTED_EDGE('',*,*,#7692,.F.);
#5902=ORIENTED_EDGE('',*,*,#6713,.T.);
#5903=CARTESIAN_POINT('',(10.7,5.03,-10.3));
#5904=DIRECTION('',(1.0,0.0,0.0));
#5905=DIRECTION('',(0.0,1.0,0.0));
#5906=ORIENTED_EDGE('',*,*,#7692,.T.);
#5907=ORIENTED_EDGE('',*,*,#7673,.F.);
#5908=ORIENTED_EDGE('',*,*,#7693,.F.);
#5909=ORIENTED_EDGE('',*,*,#6710,.T.);
#5910=CARTESIAN_POINT('',(10.2,5.03,-10.3));
#5911=DIRECTION('',(-0.0,1.0,0.0));
#5912=DIRECTION('',(1.0,0.0,0.0));
#5913=ORIENTED_EDGE('',*,*,#7693,.T.);
#5914=ORIENTED_EDGE('',*,*,#7672,.F.);
#5915=ORIENTED_EDGE('',*,*,#7694,.F.);
#5916=ORIENTED_EDGE('',*,*,#6711,.T.);
#5917=CARTESIAN_POINT('',(10.2,3.03,-10.3));
#5918=DIRECTION('',(-1.0,0.0,0.0));
#5919=DIRECTION('',(0.0,0.0,1.0));
#5920=ORIENTED_EDGE('',*,*,#7694,.T.);
#5921=ORIENTED_EDGE('',*,*,#7671,.F.);
#5922=ORIENTED_EDGE('',*,*,#7691,.F.);
#5923=ORIENTED_EDGE('',*,*,#6712,.T.);
#5924=CARTESIAN_POINT('',(10.7,3.03,-10.3));
#5925=DIRECTION('',(0.0,-1.0,0.0));
#5926=DIRECTION('',(0.0,0.0,-1.0));
#5927=ORIENTED_EDGE('',*,*,#7695,.T.);
#5928=ORIENTED_EDGE('',*,*,#7696,.F.);
#5929=ORIENTED_EDGE('',*,*,#7697,.F.);
#5930=ORIENTED_EDGE('',*,*,#6717,.T.);
#5931=CARTESIAN_POINT('',(-1.0,-8.68,-10.3));
#5932=DIRECTION('',(-1.0,0.0,0.0));
#5933=DIRECTION('',(0.0,0.0,1.0));
#5934=ORIENTED_EDGE('',*,*,#7697,.T.);
#5935=ORIENTED_EDGE('',*,*,#7698,.F.);
#5936=ORIENTED_EDGE('',*,*,#7699,.F.);
#5937=ORIENTED_EDGE('',*,*,#6714,.T.);
#5938=CARTESIAN_POINT('',(1.0,-8.68,-10.3));
#5939=DIRECTION('',(0.0,-1.0,0.0));
#5940=DIRECTION('',(0.0,0.0,-1.0));
#5941=ORIENTED_EDGE('',*,*,#7699,.T.);
#5942=ORIENTED_EDGE('',*,*,#7700,.F.);
#5943=ORIENTED_EDGE('',*,*,#7701,.F.);
#5944=ORIENTED_EDGE('',*,*,#6715,.T.);
#5945=CARTESIAN_POINT('',(1.0,-8.18,-10.3));
#5946=DIRECTION('',(1.0,0.0,0.0));
#5947=DIRECTION('',(0.0,1.0,0.0));
#5948=ORIENTED_EDGE('',*,*,#7701,.T.);
#5949=ORIENTED_EDGE('',*,*,#7702,.F.);
#5950=ORIENTED_EDGE('',*,*,#7695,.F.);
#5951=ORIENTED_EDGE('',*,*,#6716,.T.);
#5952=CARTESIAN_POINT('',(-1.0,-8.18,-10.3));
#5953=DIRECTION('',(-0.0,1.0,0.0));
#5954=DIRECTION('',(1.0,0.0,0.0));
#5955=ORIENTED_EDGE('',*,*,#7702,.T.);
#5956=ORIENTED_EDGE('',*,*,#7700,.T.);
#5957=ORIENTED_EDGE('',*,*,#7698,.T.);
#5958=ORIENTED_EDGE('',*,*,#7696,.T.);
#5959=CARTESIAN_POINT('',(0.0,0.0,-14.2));
#5960=DIRECTION('',(0.0,0.0,-1.0));
#5961=DIRECTION('',(0.0,-1.0,0.0));
#5962=ORIENTED_EDGE('',*,*,#7703,.T.);
#5963=ORIENTED_EDGE('',*,*,#7704,.T.);
#5964=ORIENTED_EDGE('',*,*,#7705,.T.);
#5965=ORIENTED_EDGE('',*,*,#7706,.T.);
#5966=CARTESIAN_POINT('',(0.0,0.0,-14.2));
#5967=DIRECTION('',(0.0,0.0,-1.0));
#5968=DIRECTION('',(0.0,-1.0,0.0));
#5969=ORIENTED_EDGE('',*,*,#7707,.T.);
#5970=ORIENTED_EDGE('',*,*,#7708,.T.);
#5971=ORIENTED_EDGE('',*,*,#7709,.T.);
#5972=ORIENTED_EDGE('',*,*,#7710,.T.);
#5973=CARTESIAN_POINT('',(0.0,0.0,-14.2));
#5974=DIRECTION('',(0.0,0.0,-1.0));
#5975=DIRECTION('',(0.0,-1.0,0.0));
#5976=ORIENTED_EDGE('',*,*,#7711,.T.);
#5977=ORIENTED_EDGE('',*,*,#7712,.T.);
#5978=ORIENTED_EDGE('',*,*,#7713,.T.);
#5979=ORIENTED_EDGE('',*,*,#7714,.T.);
#5980=CARTESIAN_POINT('',(0.0,0.0,-14.2));
#5981=DIRECTION('',(0.0,0.0,-1.0));
#5982=DIRECTION('',(0.0,-1.0,0.0));
#5983=ORIENTED_EDGE('',*,*,#7715,.T.);
#5984=ORIENTED_EDGE('',*,*,#7716,.T.);
#5985=ORIENTED_EDGE('',*,*,#7717,.T.);
#5986=ORIENTED_EDGE('',*,*,#7718,.T.);
#5987=CARTESIAN_POINT('',(0.0,0.0,-14.2));
#5988=DIRECTION('',(0.0,0.0,-1.0));
#5989=DIRECTION('',(0.0,-1.0,0.0));
#5990=ORIENTED_EDGE('',*,*,#7719,.T.);
#5991=ORIENTED_EDGE('',*,*,#7720,.T.);
#5992=ORIENTED_EDGE('',*,*,#7721,.T.);
#5993=ORIENTED_EDGE('',*,*,#7722,.T.);
#5994=CARTESIAN_POINT('',(0.0,0.0,-14.2));
#5995=DIRECTION('',(0.0,0.0,-1.0));
#5996=DIRECTION('',(0.0,-1.0,0.0));
#5997=ORIENTED_EDGE('',*,*,#7723,.T.);
#5998=ORIENTED_EDGE('',*,*,#7706,.F.);
#5999=ORIENTED_EDGE('',*,*,#7724,.F.);
#6000=ORIENTED_EDGE('',*,*,#6721,.T.);
#6001=CARTESIAN_POINT('',(-0.7,-5.03,-10.3));
#6002=DIRECTION('',(-1.0,0.0,0.0));
#6003=DIRECTION('',(0.0,0.0,1.0));
#6004=ORIENTED_EDGE('',*,*,#7724,.T.);
#6005=ORIENTED_EDGE('',*,*,#7705,.F.);
#6006=ORIENTED_EDGE('',*,*,#7725,.F.);
#6007=ORIENTED_EDGE('',*,*,#6718,.T.);
#6008=CARTESIAN_POINT('',(-0.2,-5.03,-10.3));
#6009=DIRECTION('',(0.0,-1.0,0.0));
#6010=DIRECTION('',(0.0,0.0,-1.0));
#6011=ORIENTED_EDGE('',*,*,#7725,.T.);
#6012=ORIENTED_EDGE('',*,*,#7704,.F.);
#6013=ORIENTED_EDGE('',*,*,#7726,.F.);
#6014=ORIENTED_EDGE('',*,*,#6719,.T.);
#6015=CARTESIAN_POINT('',(-0.2,-3.03,-10.3));
#6016=DIRECTION('',(1.0,0.0,0.0));
#6017=DIRECTION('',(0.0,1.0,0.0));
#6018=ORIENTED_EDGE('',*,*,#7726,.T.);
#6019=ORIENTED_EDGE('',*,*,#7703,.F.);
#6020=ORIENTED_EDGE('',*,*,#7723,.F.);
#6021=ORIENTED_EDGE('',*,*,#6720,.T.);
#6022=CARTESIAN_POINT('',(-0.7,-3.03,-10.3));
#6023=DIRECTION('',(-0.0,1.0,0.0));
#6024=DIRECTION('',(1.0,0.0,0.0));
#6025=ORIENTED_EDGE('',*,*,#7727,.T.);
#6026=ORIENTED_EDGE('',*,*,#7710,.F.);
#6027=ORIENTED_EDGE('',*,*,#7728,.F.);
#6028=ORIENTED_EDGE('',*,*,#6725,.T.);
#6029=CARTESIAN_POINT('',(0.7,-5.03,-10.3));
#6030=DIRECTION('',(0.0,-1.0,0.0));
#6031=DIRECTION('',(0.0,0.0,-1.0));
#6032=ORIENTED_EDGE('',*,*,#7728,.T.);
#6033=ORIENTED_EDGE('',*,*,#7709,.F.);
#6034=ORIENTED_EDGE('',*,*,#7729,.F.);
#6035=ORIENTED_EDGE('',*,*,#6722,.T.);
#6036=CARTESIAN_POINT('',(0.7,-3.03,-10.3));
#6037=DIRECTION('',(1.0,0.0,0.0));
#6038=DIRECTION('',(0.0,1.0,0.0));
#6039=ORIENTED_EDGE('',*,*,#7729,.T.);
#6040=ORIENTED_EDGE('',*,*,#7708,.F.);
#6041=ORIENTED_EDGE('',*,*,#7730,.F.);
#6042=ORIENTED_EDGE('',*,*,#6723,.T.);
#6043=CARTESIAN_POINT('',(0.2,-3.03,-10.3));
#6044=DIRECTION('',(-0.0,1.0,0.0));
#6045=DIRECTION('',(1.0,0.0,0.0));
#6046=ORIENTED_EDGE('',*,*,#7730,.T.);
#6047=ORIENTED_EDGE('',*,*,#7707,.F.);
#6048=ORIENTED_EDGE('',*,*,#7727,.F.);
#6049=ORIENTED_EDGE('',*,*,#6724,.T.);
#6050=CARTESIAN_POINT('',(0.2,-5.03,-10.3));
#6051=DIRECTION('',(-1.0,0.0,0.0));
#6052=DIRECTION('',(0.0,0.0,1.0));
#6053=ORIENTED_EDGE('',*,*,#7731,.T.);
#6054=ORIENTED_EDGE('',*,*,#7714,.F.);
#6055=ORIENTED_EDGE('',*,*,#7732,.F.);
#6056=ORIENTED_EDGE('',*,*,#6729,.T.);
#6057=CARTESIAN_POINT('',(-1.0,8.68,-10.3));
#6058=DIRECTION('',(-0.0,1.0,0.0));
#6059=DIRECTION('',(1.0,0.0,0.0));
#6060=ORIENTED_EDGE('',*,*,#7732,.T.);
#6061=ORIENTED_EDGE('',*,*,#7713,.F.);
#6062=ORIENTED_EDGE('',*,*,#7733,.F.);
#6063=ORIENTED_EDGE('',*,*,#6726,.T.);
#6064=CARTESIAN_POINT('',(-1.0,8.18,-10.3));
#6065=DIRECTION('',(-1.0,0.0,0.0));
#6066=DIRECTION('',(0.0,0.0,1.0));
#6067=ORIENTED_EDGE('',*,*,#7733,.T.);
#6068=ORIENTED_EDGE('',*,*,#7712,.F.);
#6069=ORIENTED_EDGE('',*,*,#7734,.F.);
#6070=ORIENTED_EDGE('',*,*,#6727,.T.);
#6071=CARTESIAN_POINT('',(1.0,8.18,-10.3));
#6072=DIRECTION('',(0.0,-1.0,0.0));
#6073=DIRECTION('',(0.0,0.0,-1.0));
#6074=ORIENTED_EDGE('',*,*,#7734,.T.);
#6075=ORIENTED_EDGE('',*,*,#7711,.F.);
#6076=ORIENTED_EDGE('',*,*,#7731,.F.);
#6077=ORIENTED_EDGE('',*,*,#6728,.T.);
#6078=CARTESIAN_POINT('',(1.0,8.68,-10.3));
#6079=DIRECTION('',(1.0,0.0,0.0));
#6080=DIRECTION('',(0.0,1.0,0.0));
#6081=ORIENTED_EDGE('',*,*,#7735,.T.);
#6082=ORIENTED_EDGE('',*,*,#7718,.F.);
#6083=ORIENTED_EDGE('',*,*,#7736,.F.);
#6084=ORIENTED_EDGE('',*,*,#6733,.T.);
#6085=CARTESIAN_POINT('',(-0.7,5.03,-10.3));
#6086=DIRECTION('',(-0.0,1.0,0.0));
#6087=DIRECTION('',(1.0,0.0,0.0));
#6088=ORIENTED_EDGE('',*,*,#7736,.T.);
#6089=ORIENTED_EDGE('',*,*,#7717,.F.);
#6090=ORIENTED_EDGE('',*,*,#7737,.F.);
#6091=ORIENTED_EDGE('',*,*,#6730,.T.);
#6092=CARTESIAN_POINT('',(-0.7,3.03,-10.3));
#6093=DIRECTION('',(-1.0,0.0,0.0));
#6094=DIRECTION('',(0.0,0.0,1.0));
#6095=ORIENTED_EDGE('',*,*,#7737,.T.);
#6096=ORIENTED_EDGE('',*,*,#7716,.F.);
#6097=ORIENTED_EDGE('',*,*,#7738,.F.);
#6098=ORIENTED_EDGE('',*,*,#6731,.T.);
#6099=CARTESIAN_POINT('',(-0.2,3.03,-10.3));
#6100=DIRECTION('',(0.0,-1.0,0.0));
#6101=DIRECTION('',(0.0,0.0,-1.0));
#6102=ORIENTED_EDGE('',*,*,#7738,.T.);
#6103=ORIENTED_EDGE('',*,*,#7715,.F.);
#6104=ORIENTED_EDGE('',*,*,#7735,.F.);
#6105=ORIENTED_EDGE('',*,*,#6732,.T.);
#6106=CARTESIAN_POINT('',(-0.2,5.03,-10.3));
#6107=DIRECTION('',(1.0,0.0,0.0));
#6108=DIRECTION('',(0.0,1.0,0.0));
#6109=ORIENTED_EDGE('',*,*,#7739,.T.);
#6110=ORIENTED_EDGE('',*,*,#7722,.F.);
#6111=ORIENTED_EDGE('',*,*,#7740,.F.);
#6112=ORIENTED_EDGE('',*,*,#6737,.T.);
#6113=CARTESIAN_POINT('',(0.7,5.03,-10.3));
#6114=DIRECTION('',(1.0,0.0,0.0));
#6115=DIRECTION('',(0.0,1.0,0.0));
#6116=ORIENTED_EDGE('',*,*,#7740,.T.);
#6117=ORIENTED_EDGE('',*,*,#7721,.F.);
#6118=ORIENTED_EDGE('',*,*,#7741,.F.);
#6119=ORIENTED_EDGE('',*,*,#6734,.T.);
#6120=CARTESIAN_POINT('',(0.2,5.03,-10.3));
#6121=DIRECTION('',(-0.0,1.0,0.0));
#6122=DIRECTION('',(1.0,0.0,0.0));
#6123=ORIENTED_EDGE('',*,*,#7741,.T.);
#6124=ORIENTED_EDGE('',*,*,#7720,.F.);
#6125=ORIENTED_EDGE('',*,*,#7742,.F.);
#6126=ORIENTED_EDGE('',*,*,#6735,.T.);
#6127=CARTESIAN_POINT('',(0.2,3.03,-10.3));
#6128=DIRECTION('',(-1.0,0.0,0.0));
#6129=DIRECTION('',(0.0,0.0,1.0));
#6130=ORIENTED_EDGE('',*,*,#7742,.T.);
#6131=ORIENTED_EDGE('',*,*,#7719,.F.);
#6132=ORIENTED_EDGE('',*,*,#7739,.F.);
#6133=ORIENTED_EDGE('',*,*,#6736,.T.);
#6134=CARTESIAN_POINT('',(0.7,3.03,-10.3));
#6135=DIRECTION('',(0.0,-1.0,0.0));
#6136=DIRECTION('',(0.0,0.0,-1.0));
#6137=ORIENTED_EDGE('',*,*,#7743,.T.);
#6138=ORIENTED_EDGE('',*,*,#7744,.F.);
#6139=ORIENTED_EDGE('',*,*,#7745,.F.);
#6140=ORIENTED_EDGE('',*,*,#6741,.T.);
#6141=CARTESIAN_POINT('',(-11.0,-8.68,-10.3));
#6142=DIRECTION('',(-1.0,0.0,0.0));
#6143=DIRECTION('',(0.0,0.0,1.0));
#6144=ORIENTED_EDGE('',*,*,#7745,.T.);
#6145=ORIENTED_EDGE('',*,*,#7746,.F.);
#6146=ORIENTED_EDGE('',*,*,#7747,.F.);
#6147=ORIENTED_EDGE('',*,*,#6738,.T.);
#6148=CARTESIAN_POINT('',(-9.0,-8.68,-10.3));
#6149=DIRECTION('',(0.0,-1.0,0.0));
#6150=DIRECTION('',(0.0,0.0,-1.0));
#6151=ORIENTED_EDGE('',*,*,#7747,.T.);
#6152=ORIENTED_EDGE('',*,*,#7748,.F.);
#6153=ORIENTED_EDGE('',*,*,#7749,.F.);
#6154=ORIENTED_EDGE('',*,*,#6739,.T.);
#6155=CARTESIAN_POINT('',(-9.0,-8.18,-10.3));
#6156=DIRECTION('',(1.0,0.0,0.0));
#6157=DIRECTION('',(0.0,1.0,0.0));
#6158=ORIENTED_EDGE('',*,*,#7749,.T.);
#6159=ORIENTED_EDGE('',*,*,#7750,.F.);
#6160=ORIENTED_EDGE('',*,*,#7743,.F.);
#6161=ORIENTED_EDGE('',*,*,#6740,.T.);
#6162=CARTESIAN_POINT('',(-11.0,-8.18,-10.3));
#6163=DIRECTION('',(-0.0,1.0,0.0));
#6164=DIRECTION('',(1.0,0.0,0.0));
#6165=ORIENTED_EDGE('',*,*,#7750,.T.);
#6166=ORIENTED_EDGE('',*,*,#7748,.T.);
#6167=ORIENTED_EDGE('',*,*,#7746,.T.);
#6168=ORIENTED_EDGE('',*,*,#7744,.T.);
#6169=CARTESIAN_POINT('',(0.0,0.0,-14.2));
#6170=DIRECTION('',(0.0,0.0,-1.0));
#6171=DIRECTION('',(0.0,-1.0,0.0));
#6172=ORIENTED_EDGE('',*,*,#7751,.T.);
#6173=ORIENTED_EDGE('',*,*,#7752,.T.);
#6174=ORIENTED_EDGE('',*,*,#7753,.T.);
#6175=ORIENTED_EDGE('',*,*,#7754,.T.);
#6176=CARTESIAN_POINT('',(0.0,0.0,-14.2));
#6177=DIRECTION('',(0.0,0.0,-1.0));
#6178=DIRECTION('',(0.0,-1.0,0.0));
#6179=ORIENTED_EDGE('',*,*,#7755,.T.);
#6180=ORIENTED_EDGE('',*,*,#7756,.T.);
#6181=ORIENTED_EDGE('',*,*,#7757,.T.);
#6182=ORIENTED_EDGE('',*,*,#7758,.T.);
#6183=CARTESIAN_POINT('',(0.0,0.0,-14.2));
#6184=DIRECTION('',(0.0,0.0,-1.0));
#6185=DIRECTION('',(0.0,-1.0,0.0));
#6186=ORIENTED_EDGE('',*,*,#7759,.T.);
#6187=ORIENTED_EDGE('',*,*,#7760,.T.);
#6188=ORIENTED_EDGE('',*,*,#7761,.T.);
#6189=ORIENTED_EDGE('',*,*,#7762,.T.);
#6190=CARTESIAN_POINT('',(0.0,0.0,-14.2));
#6191=DIRECTION('',(0.0,0.0,-1.0));
#6192=DIRECTION('',(0.0,-1.0,0.0));
#6193=ORIENTED_EDGE('',*,*,#7763,.T.);
#6194=ORIENTED_EDGE('',*,*,#7764,.T.);
#6195=ORIENTED_EDGE('',*,*,#7765,.T.);
#6196=ORIENTED_EDGE('',*,*,#7766,.T.);
#6197=CARTESIAN_POINT('',(0.0,0.0,-14.2));
#6198=DIRECTION('',(0.0,0.0,-1.0));
#6199=DIRECTION('',(0.0,-1.0,0.0));
#6200=ORIENTED_EDGE('',*,*,#7767,.T.);
#6201=ORIENTED_EDGE('',*,*,#7768,.T.);
#6202=ORIENTED_EDGE('',*,*,#7769,.T.);
#6203=ORIENTED_EDGE('',*,*,#7770,.T.);
#6204=CARTESIAN_POINT('',(0.0,0.0,-14.2));
#6205=DIRECTION('',(0.0,0.0,-1.0));
#6206=DIRECTION('',(0.0,-1.0,0.0));
#6207=ORIENTED_EDGE('',*,*,#7771,.T.);
#6208=ORIENTED_EDGE('',*,*,#7754,.F.);
#6209=ORIENTED_EDGE('',*,*,#7772,.F.);
#6210=ORIENTED_EDGE('',*,*,#6745,.T.);
#6211=CARTESIAN_POINT('',(-10.7,-5.03,-10.3));
#6212=DIRECTION('',(-1.0,0.0,0.0));
#6213=DIRECTION('',(0.0,0.0,1.0));
#6214=ORIENTED_EDGE('',*,*,#7772,.T.);
#6215=ORIENTED_EDGE('',*,*,#7753,.F.);
#6216=ORIENTED_EDGE('',*,*,#7773,.F.);
#6217=ORIENTED_EDGE('',*,*,#6742,.T.);
#6218=CARTESIAN_POINT('',(-10.2,-5.03,-10.3));
#6219=DIRECTION('',(0.0,-1.0,0.0));
#6220=DIRECTION('',(0.0,0.0,-1.0));
#6221=ORIENTED_EDGE('',*,*,#7773,.T.);
#6222=ORIENTED_EDGE('',*,*,#7752,.F.);
#6223=ORIENTED_EDGE('',*,*,#7774,.F.);
#6224=ORIENTED_EDGE('',*,*,#6743,.T.);
#6225=CARTESIAN_POINT('',(-10.2,-3.03,-10.3));
#6226=DIRECTION('',(1.0,0.0,0.0));
#6227=DIRECTION('',(0.0,1.0,0.0));
#6228=ORIENTED_EDGE('',*,*,#7774,.T.);
#6229=ORIENTED_EDGE('',*,*,#7751,.F.);
#6230=ORIENTED_EDGE('',*,*,#7771,.F.);
#6231=ORIENTED_EDGE('',*,*,#6744,.T.);
#6232=CARTESIAN_POINT('',(-10.7,-3.03,-10.3));
#6233=DIRECTION('',(-0.0,1.0,0.0));
#6234=DIRECTION('',(1.0,0.0,0.0));
#6235=ORIENTED_EDGE('',*,*,#7775,.T.);
#6236=ORIENTED_EDGE('',*,*,#7758,.F.);
#6237=ORIENTED_EDGE('',*,*,#7776,.F.);
#6238=ORIENTED_EDGE('',*,*,#6749,.T.);
#6239=CARTESIAN_POINT('',(-9.3,-5.03,-10.3));
#6240=DIRECTION('',(0.0,-1.0,0.0));
#6241=DIRECTION('',(0.0,0.0,-1.0));
#6242=ORIENTED_EDGE('',*,*,#7776,.T.);
#6243=ORIENTED_EDGE('',*,*,#7757,.F.);
#6244=ORIENTED_EDGE('',*,*,#7777,.F.);
#6245=ORIENTED_EDGE('',*,*,#6746,.T.);
#6246=CARTESIAN_POINT('',(-9.3,-3.03,-10.3));
#6247=DIRECTION('',(1.0,0.0,0.0));
#6248=DIRECTION('',(0.0,1.0,0.0));
#6249=ORIENTED_EDGE('',*,*,#7777,.T.);
#6250=ORIENTED_EDGE('',*,*,#7756,.F.);
#6251=ORIENTED_EDGE('',*,*,#7778,.F.);
#6252=ORIENTED_EDGE('',*,*,#6747,.T.);
#6253=CARTESIAN_POINT('',(-9.8,-3.03,-10.3));
#6254=DIRECTION('',(-0.0,1.0,0.0));
#6255=DIRECTION('',(1.0,0.0,0.0));
#6256=ORIENTED_EDGE('',*,*,#7778,.T.);
#6257=ORIENTED_EDGE('',*,*,#7755,.F.);
#6258=ORIENTED_EDGE('',*,*,#7775,.F.);
#6259=ORIENTED_EDGE('',*,*,#6748,.T.);
#6260=CARTESIAN_POINT('',(-9.8,-5.03,-10.3));
#6261=DIRECTION('',(-1.0,0.0,0.0));
#6262=DIRECTION('',(0.0,0.0,1.0));
#6263=ORIENTED_EDGE('',*,*,#7779,.T.);
#6264=ORIENTED_EDGE('',*,*,#7762,.F.);
#6265=ORIENTED_EDGE('',*,*,#7780,.F.);
#6266=ORIENTED_EDGE('',*,*,#6753,.T.);
#6267=CARTESIAN_POINT('',(-11.0,8.68,-10.3));
#6268=DIRECTION('',(-0.0,1.0,0.0));
#6269=DIRECTION('',(1.0,0.0,0.0));
#6270=ORIENTED_EDGE('',*,*,#7780,.T.);
#6271=ORIENTED_EDGE('',*,*,#7761,.F.);
#6272=ORIENTED_EDGE('',*,*,#7781,.F.);
#6273=ORIENTED_EDGE('',*,*,#6750,.T.);
#6274=CARTESIAN_POINT('',(-11.0,8.18,-10.3));
#6275=DIRECTION('',(-1.0,0.0,0.0));
#6276=DIRECTION('',(0.0,0.0,1.0));
#6277=ORIENTED_EDGE('',*,*,#7781,.T.);
#6278=ORIENTED_EDGE('',*,*,#7760,.F.);
#6279=ORIENTED_EDGE('',*,*,#7782,.F.);
#6280=ORIENTED_EDGE('',*,*,#6751,.T.);
#6281=CARTESIAN_POINT('',(-9.0,8.18,-10.3));
#6282=DIRECTION('',(0.0,-1.0,0.0));
#6283=DIRECTION('',(0.0,0.0,-1.0));
#6284=ORIENTED_EDGE('',*,*,#7782,.T.);
#6285=ORIENTED_EDGE('',*,*,#7759,.F.);
#6286=ORIENTED_EDGE('',*,*,#7779,.F.);
#6287=ORIENTED_EDGE('',*,*,#6752,.T.);
#6288=CARTESIAN_POINT('',(-9.0,8.68,-10.3));
#6289=DIRECTION('',(1.0,0.0,0.0));
#6290=DIRECTION('',(0.0,1.0,0.0));
#6291=ORIENTED_EDGE('',*,*,#7783,.T.);
#6292=ORIENTED_EDGE('',*,*,#7766,.F.);
#6293=ORIENTED_EDGE('',*,*,#7784,.F.);
#6294=ORIENTED_EDGE('',*,*,#6757,.T.);
#6295=CARTESIAN_POINT('',(-10.7,5.03,-10.3));
#6296=DIRECTION('',(-0.0,1.0,0.0));
#6297=DIRECTION('',(1.0,0.0,0.0));
#6298=ORIENTED_EDGE('',*,*,#7784,.T.);
#6299=ORIENTED_EDGE('',*,*,#7765,.F.);
#6300=ORIENTED_EDGE('',*,*,#7785,.F.);
#6301=ORIENTED_EDGE('',*,*,#6754,.T.);
#6302=CARTESIAN_POINT('',(-10.7,3.03,-10.3));
#6303=DIRECTION('',(-1.0,0.0,0.0));
#6304=DIRECTION('',(0.0,0.0,1.0));
#6305=ORIENTED_EDGE('',*,*,#7785,.T.);
#6306=ORIENTED_EDGE('',*,*,#7764,.F.);
#6307=ORIENTED_EDGE('',*,*,#7786,.F.);
#6308=ORIENTED_EDGE('',*,*,#6755,.T.);
#6309=CARTESIAN_POINT('',(-10.2,3.03,-10.3));
#6310=DIRECTION('',(0.0,-1.0,0.0));
#6311=DIRECTION('',(0.0,0.0,-1.0));
#6312=ORIENTED_EDGE('',*,*,#7786,.T.);
#6313=ORIENTED_EDGE('',*,*,#7763,.F.);
#6314=ORIENTED_EDGE('',*,*,#7783,.F.);
#6315=ORIENTED_EDGE('',*,*,#6756,.T.);
#6316=CARTESIAN_POINT('',(-10.2,5.03,-10.3));
#6317=DIRECTION('',(1.0,0.0,0.0));
#6318=DIRECTION('',(0.0,1.0,0.0));
#6319=ORIENTED_EDGE('',*,*,#7787,.T.);
#6320=ORIENTED_EDGE('',*,*,#7770,.F.);
#6321=ORIENTED_EDGE('',*,*,#7788,.F.);
#6322=ORIENTED_EDGE('',*,*,#6761,.T.);
#6323=CARTESIAN_POINT('',(-9.3,5.03,-10.3));
#6324=DIRECTION('',(1.0,0.0,0.0));
#6325=DIRECTION('',(0.0,1.0,0.0));
#6326=ORIENTED_EDGE('',*,*,#7788,.T.);
#6327=ORIENTED_EDGE('',*,*,#7769,.F.);
#6328=ORIENTED_EDGE('',*,*,#7789,.F.);
#6329=ORIENTED_EDGE('',*,*,#6758,.T.);
#6330=CARTESIAN_POINT('',(-9.8,5.03,-10.3));
#6331=DIRECTION('',(-0.0,1.0,0.0));
#6332=DIRECTION('',(1.0,0.0,0.0));
#6333=ORIENTED_EDGE('',*,*,#7789,.T.);
#6334=ORIENTED_EDGE('',*,*,#7768,.F.);
#6335=ORIENTED_EDGE('',*,*,#7790,.F.);
#6336=ORIENTED_EDGE('',*,*,#6759,.T.);
#6337=CARTESIAN_POINT('',(-9.8,3.03,-10.3));
#6338=DIRECTION('',(-1.0,0.0,0.0));
#6339=DIRECTION('',(0.0,0.0,1.0));
#6340=ORIENTED_EDGE('',*,*,#7790,.T.);
#6341=ORIENTED_EDGE('',*,*,#7767,.F.);
#6342=ORIENTED_EDGE('',*,*,#7787,.F.);
#6343=ORIENTED_EDGE('',*,*,#6760,.T.);
#6344=CARTESIAN_POINT('',(-9.3,3.03,-10.3));
#6345=DIRECTION('',(0.0,-1.0,0.0));
#6346=DIRECTION('',(0.0,0.0,-1.0));
#6347=ORIENTED_EDGE('',*,*,#7791,.T.);
#6348=ORIENTED_EDGE('',*,*,#7792,.F.);
#6349=ORIENTED_EDGE('',*,*,#7793,.F.);
#6350=ORIENTED_EDGE('',*,*,#6765,.T.);
#6351=CARTESIAN_POINT('',(-21.0,-8.68,-10.3));
#6352=DIRECTION('',(-1.0,0.0,0.0));
#6353=DIRECTION('',(0.0,0.0,1.0));
#6354=ORIENTED_EDGE('',*,*,#7793,.T.);
#6355=ORIENTED_EDGE('',*,*,#7794,.F.);
#6356=ORIENTED_EDGE('',*,*,#7795,.F.);
#6357=ORIENTED_EDGE('',*,*,#6762,.T.);
#6358=CARTESIAN_POINT('',(-19.0,-8.68,-10.3));
#6359=DIRECTION('',(0.0,-1.0,0.0));
#6360=DIRECTION('',(0.0,0.0,-1.0));
#6361=ORIENTED_EDGE('',*,*,#7795,.T.);
#6362=ORIENTED_EDGE('',*,*,#7796,.F.);
#6363=ORIENTED_EDGE('',*,*,#7797,.F.);
#6364=ORIENTED_EDGE('',*,*,#6763,.T.);
#6365=CARTESIAN_POINT('',(-19.0,-8.18,-10.3));
#6366=DIRECTION('',(1.0,0.0,0.0));
#6367=DIRECTION('',(0.0,1.0,0.0));
#6368=ORIENTED_EDGE('',*,*,#7797,.T.);
#6369=ORIENTED_EDGE('',*,*,#7798,.F.);
#6370=ORIENTED_EDGE('',*,*,#7791,.F.);
#6371=ORIENTED_EDGE('',*,*,#6764,.T.);
#6372=CARTESIAN_POINT('',(-21.0,-8.18,-10.3));
#6373=DIRECTION('',(-0.0,1.0,0.0));
#6374=DIRECTION('',(1.0,0.0,0.0));
#6375=ORIENTED_EDGE('',*,*,#7798,.T.);
#6376=ORIENTED_EDGE('',*,*,#7796,.T.);
#6377=ORIENTED_EDGE('',*,*,#7794,.T.);
#6378=ORIENTED_EDGE('',*,*,#7792,.T.);
#6379=CARTESIAN_POINT('',(0.0,0.0,-14.2));
#6380=DIRECTION('',(0.0,0.0,-1.0));
#6381=DIRECTION('',(0.0,-1.0,0.0));
#6382=ORIENTED_EDGE('',*,*,#7799,.T.);
#6383=ORIENTED_EDGE('',*,*,#7800,.T.);
#6384=ORIENTED_EDGE('',*,*,#7801,.T.);
#6385=ORIENTED_EDGE('',*,*,#7802,.T.);
#6386=CARTESIAN_POINT('',(0.0,0.0,-14.2));
#6387=DIRECTION('',(0.0,0.0,-1.0));
#6388=DIRECTION('',(0.0,-1.0,0.0));
#6389=ORIENTED_EDGE('',*,*,#7803,.T.);
#6390=ORIENTED_EDGE('',*,*,#7804,.T.);
#6391=ORIENTED_EDGE('',*,*,#7805,.T.);
#6392=ORIENTED_EDGE('',*,*,#7806,.T.);
#6393=CARTESIAN_POINT('',(0.0,0.0,-14.2));
#6394=DIRECTION('',(0.0,0.0,-1.0));
#6395=DIRECTION('',(0.0,-1.0,0.0));
#6396=ORIENTED_EDGE('',*,*,#7807,.T.);
#6397=ORIENTED_EDGE('',*,*,#7808,.T.);
#6398=ORIENTED_EDGE('',*,*,#7809,.T.);
#6399=ORIENTED_EDGE('',*,*,#7810,.T.);
#6400=CARTESIAN_POINT('',(0.0,0.0,-14.2));
#6401=DIRECTION('',(0.0,0.0,-1.0));
#6402=DIRECTION('',(0.0,-1.0,0.0));
#6403=ORIENTED_EDGE('',*,*,#7811,.T.);
#6404=ORIENTED_EDGE('',*,*,#7812,.T.);
#6405=ORIENTED_EDGE('',*,*,#7813,.T.);
#6406=ORIENTED_EDGE('',*,*,#7814,.T.);
#6407=CARTESIAN_POINT('',(0.0,0.0,-14.2));
#6408=DIRECTION('',(0.0,0.0,-1.0));
#6409=DIRECTION('',(0.0,-1.0,0.0));
#6410=ORIENTED_EDGE('',*,*,#7815,.T.);
#6411=ORIENTED_EDGE('',*,*,#7816,.T.);
#6412=ORIENTED_EDGE('',*,*,#7817,.T.);
#6413=ORIENTED_EDGE('',*,*,#7818,.T.);
#6414=CARTESIAN_POINT('',(0.0,0.0,-14.2));
#6415=DIRECTION('',(0.0,0.0,-1.0));
#6416=DIRECTION('',(0.0,-1.0,0.0));
#6417=ORIENTED_EDGE('',*,*,#7819,.T.);
#6418=ORIENTED_EDGE('',*,*,#7802,.F.);
#6419=ORIENTED_EDGE('',*,*,#7820,.F.);
#6420=ORIENTED_EDGE('',*,*,#6769,.T.);
#6421=CARTESIAN_POINT('',(-20.7,-5.03,-10.3));
#6422=DIRECTION('',(-1.0,0.0,0.0));
#6423=DIRECTION('',(0.0,0.0,1.0));
#6424=ORIENTED_EDGE('',*,*,#7820,.T.);
#6425=ORIENTED_EDGE('',*,*,#7801,.F.);
#6426=ORIENTED_EDGE('',*,*,#7821,.F.);
#6427=ORIENTED_EDGE('',*,*,#6766,.T.);
#6428=CARTESIAN_POINT('',(-20.2,-5.03,-10.3));
#6429=DIRECTION('',(0.0,-1.0,0.0));
#6430=DIRECTION('',(0.0,0.0,-1.0));
#6431=ORIENTED_EDGE('',*,*,#7821,.T.);
#6432=ORIENTED_EDGE('',*,*,#7800,.F.);
#6433=ORIENTED_EDGE('',*,*,#7822,.F.);
#6434=ORIENTED_EDGE('',*,*,#6767,.T.);
#6435=CARTESIAN_POINT('',(-20.2,-3.03,-10.3));
#6436=DIRECTION('',(1.0,0.0,0.0));
#6437=DIRECTION('',(0.0,1.0,0.0));
#6438=ORIENTED_EDGE('',*,*,#7822,.T.);
#6439=ORIENTED_EDGE('',*,*,#7799,.F.);
#6440=ORIENTED_EDGE('',*,*,#7819,.F.);
#6441=ORIENTED_EDGE('',*,*,#6768,.T.);
#6442=CARTESIAN_POINT('',(-20.7,-3.03,-10.3));
#6443=DIRECTION('',(-0.0,1.0,0.0));
#6444=DIRECTION('',(1.0,0.0,0.0));
#6445=ORIENTED_EDGE('',*,*,#7823,.T.);
#6446=ORIENTED_EDGE('',*,*,#7806,.F.);
#6447=ORIENTED_EDGE('',*,*,#7824,.F.);
#6448=ORIENTED_EDGE('',*,*,#6773,.T.);
#6449=CARTESIAN_POINT('',(-19.3,-5.03,-10.3));
#6450=DIRECTION('',(0.0,-1.0,0.0));
#6451=DIRECTION('',(0.0,0.0,-1.0));
#6452=ORIENTED_EDGE('',*,*,#7824,.T.);
#6453=ORIENTED_EDGE('',*,*,#7805,.F.);
#6454=ORIENTED_EDGE('',*,*,#7825,.F.);
#6455=ORIENTED_EDGE('',*,*,#6770,.T.);
#6456=CARTESIAN_POINT('',(-19.3,-3.03,-10.3));
#6457=DIRECTION('',(1.0,0.0,0.0));
#6458=DIRECTION('',(0.0,1.0,0.0));
#6459=ORIENTED_EDGE('',*,*,#7825,.T.);
#6460=ORIENTED_EDGE('',*,*,#7804,.F.);
#6461=ORIENTED_EDGE('',*,*,#7826,.F.);
#6462=ORIENTED_EDGE('',*,*,#6771,.T.);
#6463=CARTESIAN_POINT('',(-19.8,-3.03,-10.3));
#6464=DIRECTION('',(-0.0,1.0,0.0));
#6465=DIRECTION('',(1.0,0.0,0.0));
#6466=ORIENTED_EDGE('',*,*,#7826,.T.);
#6467=ORIENTED_EDGE('',*,*,#7803,.F.);
#6468=ORIENTED_EDGE('',*,*,#7823,.F.);
#6469=ORIENTED_EDGE('',*,*,#6772,.T.);
#6470=CARTESIAN_POINT('',(-19.8,-5.03,-10.3));
#6471=DIRECTION('',(-1.0,0.0,0.0));
#6472=DIRECTION('',(0.0,0.0,1.0));
#6473=ORIENTED_EDGE('',*,*,#7827,.T.);
#6474=ORIENTED_EDGE('',*,*,#7810,.F.);
#6475=ORIENTED_EDGE('',*,*,#7828,.F.);
#6476=ORIENTED_EDGE('',*,*,#6777,.T.);
#6477=CARTESIAN_POINT('',(-21.0,8.68,-10.3));
#6478=DIRECTION('',(-0.0,1.0,0.0));
#6479=DIRECTION('',(1.0,0.0,0.0));
#6480=ORIENTED_EDGE('',*,*,#7828,.T.);
#6481=ORIENTED_EDGE('',*,*,#7809,.F.);
#6482=ORIENTED_EDGE('',*,*,#7829,.F.);
#6483=ORIENTED_EDGE('',*,*,#6774,.T.);
#6484=CARTESIAN_POINT('',(-21.0,8.18,-10.3));
#6485=DIRECTION('',(-1.0,0.0,0.0));
#6486=DIRECTION('',(0.0,0.0,1.0));
#6487=ORIENTED_EDGE('',*,*,#7829,.T.);
#6488=ORIENTED_EDGE('',*,*,#7808,.F.);
#6489=ORIENTED_EDGE('',*,*,#7830,.F.);
#6490=ORIENTED_EDGE('',*,*,#6775,.T.);
#6491=CARTESIAN_POINT('',(-19.0,8.18,-10.3));
#6492=DIRECTION('',(0.0,-1.0,0.0));
#6493=DIRECTION('',(0.0,0.0,-1.0));
#6494=ORIENTED_EDGE('',*,*,#7830,.T.);
#6495=ORIENTED_EDGE('',*,*,#7807,.F.);
#6496=ORIENTED_EDGE('',*,*,#7827,.F.);
#6497=ORIENTED_EDGE('',*,*,#6776,.T.);
#6498=CARTESIAN_POINT('',(-19.0,8.68,-10.3));
#6499=DIRECTION('',(1.0,0.0,0.0));
#6500=DIRECTION('',(0.0,1.0,0.0));
#6501=ORIENTED_EDGE('',*,*,#7831,.T.);
#6502=ORIENTED_EDGE('',*,*,#7814,.F.);
#6503=ORIENTED_EDGE('',*,*,#7832,.F.);
#6504=ORIENTED_EDGE('',*,*,#6781,.T.);
#6505=CARTESIAN_POINT('',(-20.7,5.03,-10.3));
#6506=DIRECTION('',(-0.0,1.0,0.0));
#6507=DIRECTION('',(1.0,0.0,0.0));
#6508=ORIENTED_EDGE('',*,*,#7832,.T.);
#6509=ORIENTED_EDGE('',*,*,#7813,.F.);
#6510=ORIENTED_EDGE('',*,*,#7833,.F.);
#6511=ORIENTED_EDGE('',*,*,#6778,.T.);
#6512=CARTESIAN_POINT('',(-20.7,3.03,-10.3));
#6513=DIRECTION('',(-1.0,0.0,0.0));
#6514=DIRECTION('',(0.0,0.0,1.0));
#6515=ORIENTED_EDGE('',*,*,#7833,.T.);
#6516=ORIENTED_EDGE('',*,*,#7812,.F.);
#6517=ORIENTED_EDGE('',*,*,#7834,.F.);
#6518=ORIENTED_EDGE('',*,*,#6779,.T.);
#6519=CARTESIAN_POINT('',(-20.2,3.03,-10.3));
#6520=DIRECTION('',(0.0,-1.0,0.0));
#6521=DIRECTION('',(0.0,0.0,-1.0));
#6522=ORIENTED_EDGE('',*,*,#7834,.T.);
#6523=ORIENTED_EDGE('',*,*,#7811,.F.);
#6524=ORIENTED_EDGE('',*,*,#7831,.F.);
#6525=ORIENTED_EDGE('',*,*,#6780,.T.);
#6526=CARTESIAN_POINT('',(-20.2,5.03,-10.3));
#6527=DIRECTION('',(1.0,0.0,0.0));
#6528=DIRECTION('',(0.0,1.0,0.0));
#6529=ORIENTED_EDGE('',*,*,#7835,.T.);
#6530=ORIENTED_EDGE('',*,*,#7818,.F.);
#6531=ORIENTED_EDGE('',*,*,#7836,.F.);
#6532=ORIENTED_EDGE('',*,*,#6785,.T.);
#6533=CARTESIAN_POINT('',(-19.3,5.03,-10.3));
#6534=DIRECTION('',(1.0,0.0,0.0));
#6535=DIRECTION('',(0.0,1.0,0.0));
#6536=ORIENTED_EDGE('',*,*,#7836,.T.);
#6537=ORIENTED_EDGE('',*,*,#7817,.F.);
#6538=ORIENTED_EDGE('',*,*,#7837,.F.);
#6539=ORIENTED_EDGE('',*,*,#6782,.T.);
#6540=CARTESIAN_POINT('',(-19.8,5.03,-10.3));
#6541=DIRECTION('',(-0.0,1.0,0.0));
#6542=DIRECTION('',(1.0,0.0,0.0));
#6543=ORIENTED_EDGE('',*,*,#7837,.T.);
#6544=ORIENTED_EDGE('',*,*,#7816,.F.);
#6545=ORIENTED_EDGE('',*,*,#7838,.F.);
#6546=ORIENTED_EDGE('',*,*,#6783,.T.);
#6547=CARTESIAN_POINT('',(-19.8,3.03,-10.3));
#6548=DIRECTION('',(-1.0,0.0,0.0));
#6549=DIRECTION('',(0.0,0.0,1.0));
#6550=ORIENTED_EDGE('',*,*,#7838,.T.);
#6551=ORIENTED_EDGE('',*,*,#7815,.F.);
#6552=ORIENTED_EDGE('',*,*,#7835,.F.);
#6553=ORIENTED_EDGE('',*,*,#6784,.T.);
#6554=CARTESIAN_POINT('',(-19.3,3.03,-10.3));
#6555=DIRECTION('',(0.0,-1.0,0.0));
#6556=DIRECTION('',(0.0,0.0,-1.0));
#6557=AXIS2_PLACEMENT_3D('',#7839,#7840,#7841);
#6558=AXIS2_PLACEMENT_3D('',#7842,#7843,#7844);
#6559=AXIS2_PLACEMENT_3D('',#7845,#7846,#7847);
#6560=AXIS2_PLACEMENT_3D('',#7848,#7849,#7850);
#6561=AXIS2_PLACEMENT_3D('',#7851,#7852,#7853);
#6562=AXIS2_PLACEMENT_3D('',#7854,#7855,#7856);
#6563=AXIS2_PLACEMENT_3D('',#7857,#7858,#7859);
#6564=AXIS2_PLACEMENT_3D('',#7860,#7861,#7862);
#6565=AXIS2_PLACEMENT_3D('',#7863,#7864,#7865);
#6566=AXIS2_PLACEMENT_3D('',#7866,#7867,#7868);
#6567=AXIS2_PLACEMENT_3D('',#7869,#7870,#7871);
#6568=AXIS2_PLACEMENT_3D('',#7872,#7873,#7874);
#6569=AXIS2_PLACEMENT_3D('',#7875,#7876,#7877);
#6570=AXIS2_PLACEMENT_3D('',#7878,#7879,#7880);
#6571=AXIS2_PLACEMENT_3D('',#7881,#7882,#7883);
#6572=AXIS2_PLACEMENT_3D('',#7884,#7885,#7886);
#6573=AXIS2_PLACEMENT_3D('',#7887,#7888,#7889);
#6574=AXIS2_PLACEMENT_3D('',#7890,#7891,#7892);
#6575=AXIS2_PLACEMENT_3D('',#7893,#7894,#7895);
#6576=AXIS2_PLACEMENT_3D('',#7896,#7897,#7898);
#6577=AXIS2_PLACEMENT_3D('',#7899,#7900,#7901);
#6578=AXIS2_PLACEMENT_3D('',#7902,#7903,#7904);
#6579=AXIS2_PLACEMENT_3D('',#7905,#7906,#7907);
#6580=AXIS2_PLACEMENT_3D('',#7908,#7909,#7910);
#6581=AXIS2_PLACEMENT_3D('',#7911,#7912,#7913);
#6582=AXIS2_PLACEMENT_3D('',#7914,#7915,#7916);
#6583=AXIS2_PLACEMENT_3D('',#7917,#7918,#7919);
#6584=AXIS2_PLACEMENT_3D('',#7920,#7921,#7922);
#6585=AXIS2_PLACEMENT_3D('',#7923,#7924,#7925);
#6586=AXIS2_PLACEMENT_3D('',#7926,#7927,#7928);
#6587=AXIS2_PLACEMENT_3D('',#7929,#7930,#7931);
#6588=AXIS2_PLACEMENT_3D('',#7932,#7933,#7934);
#6589=AXIS2_PLACEMENT_3D('',#7935,#7936,#7937);
#6590=AXIS2_PLACEMENT_3D('',#7938,#7939,#7940);
#6591=AXIS2_PLACEMENT_3D('',#7941,#7942,#7943);
#6592=AXIS2_PLACEMENT_3D('',#7944,#7945,#7946);
#6593=AXIS2_PLACEMENT_3D('',#7947,#7948,#7949);
#6594=AXIS2_PLACEMENT_3D('',#7950,#7951,#7952);
#6595=AXIS2_PLACEMENT_3D('',#7953,#7954,#7955);
#6596=AXIS2_PLACEMENT_3D('',#7956,#7957,#7958);
#6597=AXIS2_PLACEMENT_3D('',#7959,#7960,#7961);
#6598=AXIS2_PLACEMENT_3D('',#7962,#7963,#7964);
#6599=AXIS2_PLACEMENT_3D('',#7965,#7966,#7967);
#6600=AXIS2_PLACEMENT_3D('',#7968,#7969,#7970);
#6601=AXIS2_PLACEMENT_3D('',#7971,#7972,#7973);
#6602=AXIS2_PLACEMENT_3D('',#7974,#7975,#7976);
#6603=CARTESIAN_POINT('',(15.0,0.0,-10.3));
#6604=VECTOR('',#7977,3.400000146097);
#6605=EDGE_CURVE('',#7978,#7979,#7980,.T.);
#6606=EDGE_CURVE('',#7981,#7978,#7982,.T.);
#6607=EDGE_CURVE('',#7981,#7983,#7984,.T.);
#6608=EDGE_CURVE('',#7983,#7979,#7985,.T.);
#6609=EDGE_CURVE('',#7986,#7987,#7988,.T.);
#6610=EDGE_CURVE('',#7986,#7983,#7989,.T.);
#6611=EDGE_CURVE('',#7987,#7981,#7990,.T.);
#6612=EDGE_CURVE('',#7991,#7992,#7993,.T.);
#6613=EDGE_CURVE('',#7994,#7992,#7995,.T.);
#6614=EDGE_CURVE('',#7996,#7994,#7997,.T.);
#6615=EDGE_CURVE('',#7998,#7996,#7999,.T.);
#6616=EDGE_CURVE('',#7998,#8000,#8001,.T.);
#6617=EDGE_CURVE('',#8000,#8002,#8003,.T.);
#6618=EDGE_CURVE('',#8004,#8002,#8005,.T.);
#6619=EDGE_CURVE('',#8006,#8004,#8007,.T.);
#6620=EDGE_CURVE('',#8006,#8008,#8009,.T.);
#6621=EDGE_CURVE('',#8008,#8010,#8011,.T.);
#6622=EDGE_CURVE('',#8012,#8010,#8013,.T.);
#6623=EDGE_CURVE('',#8014,#8012,#8015,.T.);
#6624=EDGE_CURVE('',#8016,#8014,#8017,.T.);
#6625=EDGE_CURVE('',#8018,#8016,#8019,.T.);
#6626=EDGE_CURVE('',#8018,#8020,#8021,.T.);
#6627=EDGE_CURVE('',#8022,#8020,#8023,.T.);
#6628=EDGE_CURVE('',#8024,#8022,#8025,.T.);
#6629=EDGE_CURVE('',#8026,#8024,#8027,.T.);
#6630=EDGE_CURVE('',#8026,#8028,#8029,.T.);
#6631=EDGE_CURVE('',#8030,#8028,#8031,.T.);
#6632=EDGE_CURVE('',#8032,#8030,#8033,.T.);
#6633=EDGE_CURVE('',#8032,#8034,#8035,.T.);
#6634=EDGE_CURVE('',#8036,#8034,#8037,.T.);
#6635=EDGE_CURVE('',#8038,#8036,#8039,.T.);
#6636=EDGE_CURVE('',#8040,#8038,#8041,.T.);
#6637=EDGE_CURVE('',#8040,#8042,#8043,.T.);
#6638=EDGE_CURVE('',#8044,#8042,#8045,.T.);
#6639=EDGE_CURVE('',#8046,#8044,#8047,.T.);
#6640=EDGE_CURVE('',#8048,#8046,#8049,.T.);
#6641=EDGE_CURVE('',#8050,#8048,#8051,.T.);
#6642=EDGE_CURVE('',#8052,#8050,#8053,.T.);
#6643=EDGE_CURVE('',#8054,#8052,#8055,.T.);
#6644=EDGE_CURVE('',#8054,#8056,#8057,.T.);
#6645=EDGE_CURVE('',#8058,#8056,#8059,.T.);
#6646=EDGE_CURVE('',#8060,#8058,#8061,.T.);
#6647=EDGE_CURVE('',#7991,#8060,#8062,.T.);
#6648=EDGE_CURVE('',#8063,#8064,#8065,.T.);
#6649=EDGE_CURVE('',#8064,#8063,#8066,.T.);
#6650=EDGE_CURVE('',#8067,#8068,#8069,.T.);
#6651=EDGE_CURVE('',#8070,#8067,#8071,.T.);
#6652=EDGE_CURVE('',#8070,#8072,#8073,.T.);
#6653=EDGE_CURVE('',#8068,#8072,#8074,.T.);
#6654=EDGE_CURVE('',#8075,#8076,#8077,.T.);
#6655=EDGE_CURVE('',#8078,#8075,#8079,.T.);
#6656=EDGE_CURVE('',#8078,#8080,#8081,.T.);
#6657=EDGE_CURVE('',#8076,#8080,#8082,.T.);
#6658=EDGE_CURVE('',#8083,#8084,#8085,.T.);
#6659=EDGE_CURVE('',#8086,#8084,#8087,.T.);
#6660=EDGE_CURVE('',#8088,#8086,#8089,.T.);
#6661=EDGE_CURVE('',#8088,#8083,#8090,.T.);
#6662=EDGE_CURVE('',#8091,#8092,#8093,.T.);
#6663=EDGE_CURVE('',#8094,#8092,#8095,.T.);
#6664=EDGE_CURVE('',#8096,#8094,#8097,.T.);
#6665=EDGE_CURVE('',#8096,#8091,#8098,.T.);
#6666=EDGE_CURVE('',#8099,#8100,#8101,.T.);
#6667=EDGE_CURVE('',#8102,#8099,#8103,.T.);
#6668=EDGE_CURVE('',#8104,#8102,#8105,.T.);
#6669=EDGE_CURVE('',#8100,#8104,#8106,.T.);
#6670=EDGE_CURVE('',#8107,#8108,#8109,.T.);
#6671=EDGE_CURVE('',#8110,#8107,#8111,.T.);
#6672=EDGE_CURVE('',#8112,#8110,#8113,.T.);
#6673=EDGE_CURVE('',#8108,#8112,#8114,.T.);
#6674=EDGE_CURVE('',#8115,#8116,#8117,.T.);
#6675=EDGE_CURVE('',#8118,#8115,#8119,.T.);
#6676=EDGE_CURVE('',#8120,#8118,#8121,.T.);
#6677=EDGE_CURVE('',#8116,#8120,#8122,.T.);
#6678=EDGE_CURVE('',#8123,#8124,#8125,.T.);
#6679=EDGE_CURVE('',#8126,#8123,#8127,.T.);
#6680=EDGE_CURVE('',#8128,#8126,#8129,.T.);
#6681=EDGE_CURVE('',#8124,#8128,#8130,.T.);
#6682=EDGE_CURVE('',#8131,#8132,#8133,.T.);
#6683=EDGE_CURVE('',#8134,#8131,#8135,.T.);
#6684=EDGE_CURVE('',#8136,#8134,#8137,.T.);
#6685=EDGE_CURVE('',#8132,#8136,#8138,.T.);
#6686=EDGE_CURVE('',#8139,#8140,#8141,.T.);
#6687=EDGE_CURVE('',#8142,#8139,#8143,.T.);
#6688=EDGE_CURVE('',#8144,#8142,#8145,.T.);
#6689=EDGE_CURVE('',#8140,#8144,#8146,.T.);
#6690=EDGE_CURVE('',#8147,#8148,#8149,.T.);
#6691=EDGE_CURVE('',#8150,#8147,#8151,.T.);
#6692=EDGE_CURVE('',#8152,#8150,#8153,.T.);
#6693=EDGE_CURVE('',#8148,#8152,#8154,.T.);
#6694=EDGE_CURVE('',#8155,#8156,#8157,.T.);
#6695=EDGE_CURVE('',#8158,#8155,#8159,.T.);
#6696=EDGE_CURVE('',#8160,#8158,#8161,.T.);
#6697=EDGE_CURVE('',#8156,#8160,#8162,.T.);
#6698=EDGE_CURVE('',#8163,#8164,#8165,.T.);
#6699=EDGE_CURVE('',#8166,#8163,#8167,.T.);
#6700=EDGE_CURVE('',#8168,#8166,#8169,.T.);
#6701=EDGE_CURVE('',#8164,#8168,#8170,.T.);
#6702=EDGE_CURVE('',#8171,#8172,#8173,.T.);
#6703=EDGE_CURVE('',#8174,#8171,#8175,.T.);
#6704=EDGE_CURVE('',#8176,#8174,#8177,.T.);
#6705=EDGE_CURVE('',#8172,#8176,#8178,.T.);
#6706=EDGE_CURVE('',#8179,#8180,#8181,.T.);
#6707=EDGE_CURVE('',#8182,#8179,#8183,.T.);
#6708=EDGE_CURVE('',#8184,#8182,#8185,.T.);
#6709=EDGE_CURVE('',#8180,#8184,#8186,.T.);
#6710=EDGE_CURVE('',#8187,#8188,#8189,.T.);
#6711=EDGE_CURVE('',#8190,#8187,#8191,.T.);
#6712=EDGE_CURVE('',#8192,#8190,#8193,.T.);
#6713=EDGE_CURVE('',#8188,#8192,#8194,.T.);
#6714=EDGE_CURVE('',#8195,#8196,#8197,.T.);
#6715=EDGE_CURVE('',#8198,#8195,#8199,.T.);
#6716=EDGE_CURVE('',#8200,#8198,#8201,.T.);
#6717=EDGE_CURVE('',#8196,#8200,#8202,.T.);
#6718=EDGE_CURVE('',#8203,#8204,#8205,.T.);
#6719=EDGE_CURVE('',#8206,#8203,#8207,.T.);
#6720=EDGE_CURVE('',#8208,#8206,#8209,.T.);
#6721=EDGE_CURVE('',#8204,#8208,#8210,.T.);
#6722=EDGE_CURVE('',#8211,#8212,#8213,.T.);
#6723=EDGE_CURVE('',#8214,#8211,#8215,.T.);
#6724=EDGE_CURVE('',#8216,#8214,#8217,.T.);
#6725=EDGE_CURVE('',#8212,#8216,#8218,.T.);
#6726=EDGE_CURVE('',#8219,#8220,#8221,.T.);
#6727=EDGE_CURVE('',#8222,#8219,#8223,.T.);
#6728=EDGE_CURVE('',#8224,#8222,#8225,.T.);
#6729=EDGE_CURVE('',#8220,#8224,#8226,.T.);
#6730=EDGE_CURVE('',#8227,#8228,#8229,.T.);
#6731=EDGE_CURVE('',#8230,#8227,#8231,.T.);
#6732=EDGE_CURVE('',#8232,#8230,#8233,.T.);
#6733=EDGE_CURVE('',#8228,#8232,#8234,.T.);
#6734=EDGE_CURVE('',#8235,#8236,#8237,.T.);
#6735=EDGE_CURVE('',#8238,#8235,#8239,.T.);
#6736=EDGE_CURVE('',#8240,#8238,#8241,.T.);
#6737=EDGE_CURVE('',#8236,#8240,#8242,.T.);
#6738=EDGE_CURVE('',#8243,#8244,#8245,.T.);
#6739=EDGE_CURVE('',#8246,#8243,#8247,.T.);
#6740=EDGE_CURVE('',#8248,#8246,#8249,.T.);
#6741=EDGE_CURVE('',#8244,#8248,#8250,.T.);
#6742=EDGE_CURVE('',#8251,#8252,#8253,.T.);
#6743=EDGE_CURVE('',#8254,#8251,#8255,.T.);
#6744=EDGE_CURVE('',#8256,#8254,#8257,.T.);
#6745=EDGE_CURVE('',#8252,#8256,#8258,.T.);
#6746=EDGE_CURVE('',#8259,#8260,#8261,.T.);
#6747=EDGE_CURVE('',#8262,#8259,#8263,.T.);
#6748=EDGE_CURVE('',#8264,#8262,#8265,.T.);
#6749=EDGE_CURVE('',#8260,#8264,#8266,.T.);
#6750=EDGE_CURVE('',#8267,#8268,#8269,.T.);
#6751=EDGE_CURVE('',#8270,#8267,#8271,.T.);
#6752=EDGE_CURVE('',#8272,#8270,#8273,.T.);
#6753=EDGE_CURVE('',#8268,#8272,#8274,.T.);
#6754=EDGE_CURVE('',#8275,#8276,#8277,.T.);
#6755=EDGE_CURVE('',#8278,#8275,#8279,.T.);
#6756=EDGE_CURVE('',#8280,#8278,#8281,.T.);
#6757=EDGE_CURVE('',#8276,#8280,#8282,.T.);
#6758=EDGE_CURVE('',#8283,#8284,#8285,.T.);
#6759=EDGE_CURVE('',#8286,#8283,#8287,.T.);
#6760=EDGE_CURVE('',#8288,#8286,#8289,.T.);
#6761=EDGE_CURVE('',#8284,#8288,#8290,.T.);
#6762=EDGE_CURVE('',#8291,#8292,#8293,.T.);
#6763=EDGE_CURVE('',#8294,#8291,#8295,.T.);
#6764=EDGE_CURVE('',#8296,#8294,#8297,.T.);
#6765=EDGE_CURVE('',#8292,#8296,#8298,.T.);
#6766=EDGE_CURVE('',#8299,#8300,#8301,.T.);
#6767=EDGE_CURVE('',#8302,#8299,#8303,.T.);
#6768=EDGE_CURVE('',#8304,#8302,#8305,.T.);
#6769=EDGE_CURVE('',#8300,#8304,#8306,.T.);
#6770=EDGE_CURVE('',#8307,#8308,#8309,.T.);
#6771=EDGE_CURVE('',#8310,#8307,#8311,.T.);
#6772=EDGE_CURVE('',#8312,#8310,#8313,.T.);
#6773=EDGE_CURVE('',#8308,#8312,#8314,.T.);
#6774=EDGE_CURVE('',#8315,#8316,#8317,.T.);
#6775=EDGE_CURVE('',#8318,#8315,#8319,.T.);
#6776=EDGE_CURVE('',#8320,#8318,#8321,.T.);
#6777=EDGE_CURVE('',#8316,#8320,#8322,.T.);
#6778=EDGE_CURVE('',#8323,#8324,#8325,.T.);
#6779=EDGE_CURVE('',#8326,#8323,#8327,.T.);
#6780=EDGE_CURVE('',#8328,#8326,#8329,.T.);
#6781=EDGE_CURVE('',#8324,#8328,#8330,.T.);
#6782=EDGE_CURVE('',#8331,#8332,#8333,.T.);
#6783=EDGE_CURVE('',#8334,#8331,#8335,.T.);
#6784=EDGE_CURVE('',#8336,#8334,#8337,.T.);
#6785=EDGE_CURVE('',#8332,#8336,#8338,.T.);
#6786=EDGE_CURVE('',#8052,#8339,#8340,.T.);
#6787=EDGE_CURVE('',#8341,#8339,#8342,.T.);
#6788=EDGE_CURVE('',#8343,#8341,#8344,.T.);
#6789=EDGE_CURVE('',#8345,#8343,#8346,.T.);
#6790=EDGE_CURVE('',#8345,#8347,#8348,.T.);
#6791=EDGE_CURVE('',#8349,#8347,#8350,.T.);
#6792=EDGE_CURVE('',#7991,#8349,#8351,.T.);
#6793=EDGE_CURVE('',#8060,#8352,#8353,.T.);
#6794=EDGE_CURVE('',#8354,#8352,#8355,.T.);
#6795=EDGE_CURVE('',#8054,#8354,#8356,.T.);
#6796=EDGE_CURVE('',#8357,#8354,#8358,.T.);
#6797=EDGE_CURVE('',#8056,#8357,#8359,.T.);
#6798=EDGE_CURVE('',#8360,#8357,#8361,.T.);
#6799=EDGE_CURVE('',#8058,#8360,#8362,.T.);
#6800=EDGE_CURVE('',#8352,#8360,#8363,.T.);
#6801=EDGE_CURVE('',#8364,#8365,#8366,.T.);
#6802=EDGE_CURVE('',#8365,#8367,#8368,.T.);
#6803=EDGE_CURVE('',#8367,#8369,#8370,.T.);
#6804=EDGE_CURVE('',#8369,#8364,#8371,.T.);
#6805=EDGE_CURVE('',#8022,#8364,#8372,.T.);
#6806=EDGE_CURVE('',#8024,#8369,#8373,.T.);
#6807=EDGE_CURVE('',#8016,#8374,#8375,.T.);
#6808=EDGE_CURVE('',#8376,#8374,#8377,.T.);
#6809=EDGE_CURVE('',#8376,#8378,#8379,.T.);
#6810=EDGE_CURVE('',#8380,#8378,#8381,.T.);
#6811=EDGE_CURVE('',#8382,#8380,#8383,.T.);
#6812=EDGE_CURVE('',#8382,#8384,#8385,.T.);
#6813=EDGE_CURVE('',#8384,#8386,#8387,.T.);
#6814=EDGE_CURVE('',#8388,#8386,#8389,.T.);
#6815=EDGE_CURVE('',#8390,#8388,#8391,.T.);
#6816=EDGE_CURVE('',#8392,#8390,#8393,.T.);
#6817=EDGE_CURVE('',#8026,#8392,#8394,.T.);
#6818=EDGE_CURVE('',#8018,#8367,#8395,.T.);
#6819=EDGE_CURVE('',#8020,#8365,#8396,.T.);
#6820=EDGE_CURVE('',#8397,#8392,#8398,.T.);
#6821=EDGE_CURVE('',#8028,#8397,#8399,.T.);
#6822=EDGE_CURVE('',#8400,#8397,#8401,.T.);
#6823=EDGE_CURVE('',#8030,#8400,#8402,.T.);
#6824=EDGE_CURVE('',#8403,#8038,#8404,.T.);
#6825=EDGE_CURVE('',#8405,#8403,#8406,.T.);
#6826=EDGE_CURVE('',#8040,#8405,#8407,.T.);
#6827=EDGE_CURVE('',#8408,#8388,#8409,.T.);
#6828=EDGE_CURVE('',#8408,#8410,#8411,.T.);
#6829=EDGE_CURVE('',#8412,#8410,#8413,.T.);
#6830=EDGE_CURVE('',#8414,#8412,#8415,.T.);
#6831=EDGE_CURVE('',#8416,#8414,#8417,.T.);
#6832=EDGE_CURVE('',#8416,#8418,#8419,.T.);
#6833=EDGE_CURVE('',#8420,#8418,#8421,.T.);
#6834=EDGE_CURVE('',#8422,#8420,#8423,.T.);
#6835=EDGE_CURVE('',#8424,#8422,#8425,.T.);
#6836=EDGE_CURVE('',#8032,#8424,#8426,.T.);
#6837=EDGE_CURVE('',#8390,#8400,#8427,.T.);
#6838=EDGE_CURVE('',#8046,#8428,#8429,.T.);
#6839=EDGE_CURVE('',#8430,#8428,#8431,.T.);
#6840=EDGE_CURVE('',#8432,#8430,#8433,.T.);
#6841=EDGE_CURVE('',#8434,#8432,#8435,.T.);
#6842=EDGE_CURVE('',#8436,#8434,#8437,.T.);
#6843=EDGE_CURVE('',#8438,#8436,#8439,.T.);
#6844=EDGE_CURVE('',#8438,#8440,#8441,.T.);
#6845=EDGE_CURVE('',#8442,#8440,#8443,.T.);
#6846=EDGE_CURVE('',#8444,#8442,#8445,.T.);
#6847=EDGE_CURVE('',#8343,#8444,#8446,.T.);
#6848=EDGE_CURVE('',#8447,#8341,#8448,.T.);
#6849=EDGE_CURVE('',#8048,#8447,#8449,.T.);
#6850=EDGE_CURVE('',#8405,#8450,#8451,.T.);
#6851=EDGE_CURVE('',#8042,#8450,#8452,.T.);
#6852=EDGE_CURVE('',#8002,#8453,#8454,.T.);
#6853=EDGE_CURVE('',#8000,#8455,#8456,.T.);
#6854=EDGE_CURVE('',#8455,#8453,#8457,.T.);
#6855=EDGE_CURVE('',#8458,#8459,#8460,.T.);
#6856=EDGE_CURVE('',#8459,#8461,#8462,.T.);
#6857=EDGE_CURVE('',#8461,#8044,#8463,.T.);
#6858=EDGE_CURVE('',#8450,#8464,#8465,.T.);
#6859=EDGE_CURVE('',#8464,#8036,#8466,.T.);
#6860=EDGE_CURVE('',#8034,#8467,#8468,.T.);
#6861=EDGE_CURVE('',#8467,#8469,#8470,.T.);
#6862=EDGE_CURVE('',#8469,#8471,#8472,.T.);
#6863=EDGE_CURVE('',#8471,#8458,#8473,.T.);
#6864=EDGE_CURVE('',#8474,#8475,#8476,.T.);
#6865=EDGE_CURVE('',#8475,#8477,#8478,.T.);
#6866=EDGE_CURVE('',#8477,#8479,#8480,.T.);
#6867=EDGE_CURVE('',#8479,#8481,#8482,.T.);
#6868=EDGE_CURVE('',#8481,#8483,#8484,.T.);
#6869=EDGE_CURVE('',#8483,#8485,#8486,.T.);
#6870=EDGE_CURVE('',#8485,#8487,#8488,.T.);
#6871=EDGE_CURVE('',#8489,#8487,#8490,.T.);
#6872=EDGE_CURVE('',#8491,#8489,#8492,.T.);
#6873=EDGE_CURVE('',#8491,#8493,#8494,.T.);
#6874=EDGE_CURVE('',#8493,#8495,#8496,.T.);
#6875=EDGE_CURVE('',#8474,#8495,#8497,.T.);
#6876=EDGE_CURVE('',#8418,#8498,#8499,.T.);
#6877=EDGE_CURVE('',#8498,#8500,#8501,.T.);
#6878=EDGE_CURVE('',#8500,#8502,#8503,.T.);
#6879=EDGE_CURVE('',#8502,#8504,#8505,.T.);
#6880=EDGE_CURVE('',#8504,#8506,#8507,.T.);
#6881=EDGE_CURVE('',#8506,#8508,#8509,.T.);
#6882=EDGE_CURVE('',#8508,#8434,#8510,.T.);
#6883=EDGE_CURVE('',#8432,#8458,#8511,.T.);
#6884=EDGE_CURVE('',#8420,#8471,#8512,.T.);
#6885=EDGE_CURVE('',#8453,#8513,#8514,.T.);
#6886=EDGE_CURVE('',#8513,#8004,#8515,.T.);
#6887=EDGE_CURVE('',#8010,#8516,#8517,.T.);
#6888=EDGE_CURVE('',#8516,#8518,#8519,.T.);
#6889=EDGE_CURVE('',#8518,#8489,#8520,.T.);
#6890=EDGE_CURVE('',#8521,#8487,#8522,.T.);
#6891=EDGE_CURVE('',#8523,#8521,#8524,.T.);
#6892=EDGE_CURVE('',#8523,#8525,#8526,.T.);
#6893=EDGE_CURVE('',#8525,#8527,#8528,.T.);
#6894=EDGE_CURVE('',#8529,#8527,#8530,.T.);
#6895=EDGE_CURVE('',#8378,#8529,#8531,.T.);
#6896=EDGE_CURVE('',#8532,#8376,#8533,.T.);
#6897=EDGE_CURVE('',#8012,#8532,#8534,.T.);
#6898=EDGE_CURVE('',#8535,#8345,#8536,.T.);
#6899=EDGE_CURVE('',#8535,#8537,#8538,.T.);
#6900=EDGE_CURVE('',#8537,#8539,#8540,.T.);
#6901=EDGE_CURVE('',#8541,#8539,#8542,.T.);
#6902=EDGE_CURVE('',#8543,#8541,#8544,.T.);
#6903=EDGE_CURVE('',#8543,#8474,#8545,.T.);
#6904=EDGE_CURVE('',#8495,#8546,#8547,.T.);
#6905=EDGE_CURVE('',#8546,#8548,#8549,.T.);
#6906=EDGE_CURVE('',#7996,#8548,#8550,.T.);
#6907=EDGE_CURVE('',#7994,#8551,#8552,.T.);
#6908=EDGE_CURVE('',#8347,#8551,#8553,.T.);
#6909=EDGE_CURVE('',#8403,#8464,#8554,.T.);
#6910=EDGE_CURVE('',#8555,#8006,#8556,.T.);
#6911=EDGE_CURVE('',#8555,#8513,#8557,.T.);
#6912=EDGE_CURVE('',#8455,#8555,#8558,.T.);
#6913=EDGE_CURVE('',#8559,#8491,#8560,.T.);
#6914=EDGE_CURVE('',#8561,#8559,#8562,.T.);
#6915=EDGE_CURVE('',#8008,#8561,#8563,.T.);
#6916=EDGE_CURVE('',#8564,#7998,#8565,.T.);
#6917=EDGE_CURVE('',#8566,#8564,#8567,.T.);
#6918=EDGE_CURVE('',#8493,#8566,#8568,.T.);
#6919=EDGE_CURVE('',#8430,#8459,#8569,.T.);
#6920=EDGE_CURVE('',#8566,#8546,#8570,.T.);
#6921=EDGE_CURVE('',#8428,#8461,#8571,.T.);
#6922=EDGE_CURVE('',#8564,#8548,#8572,.T.);
#6923=EDGE_CURVE('',#8424,#8467,#8573,.T.);
#6924=EDGE_CURVE('',#8561,#8516,#8574,.T.);
#6925=EDGE_CURVE('',#8422,#8469,#8575,.T.);
#6926=EDGE_CURVE('',#8559,#8518,#8576,.T.);
#6927=EDGE_CURVE('',#8577,#8532,#8578,.T.);
#6928=EDGE_CURVE('',#8014,#8577,#8579,.T.);
#6929=EDGE_CURVE('',#8374,#8577,#8580,.T.);
#6930=EDGE_CURVE('',#8339,#8581,#8582,.T.);
#6931=EDGE_CURVE('',#8581,#8447,#8583,.T.);
#6932=EDGE_CURVE('',#8551,#8584,#8585,.T.);
#6933=EDGE_CURVE('',#8584,#8349,#8586,.T.);
#6934=EDGE_CURVE('',#8050,#8581,#8587,.T.);
#6935=EDGE_CURVE('',#7992,#8584,#8588,.T.);
#6936=EDGE_CURVE('',#8589,#8408,#8590,.T.);
#6937=EDGE_CURVE('',#8386,#8380,#8591,.T.);
#6938=EDGE_CURVE('',#8529,#8592,#8593,.T.);
#6939=EDGE_CURVE('',#8592,#8594,#8595,.T.);
#6940=EDGE_CURVE('',#8594,#8596,#8597,.T.);
#6941=EDGE_CURVE('',#8596,#8598,#8599,.T.);
#6942=EDGE_CURVE('',#8598,#8535,#8600,.T.);
#6943=EDGE_CURVE('',#8444,#8601,#8602,.T.);
#6944=EDGE_CURVE('',#8601,#8603,#8604,.T.);
#6945=EDGE_CURVE('',#8603,#8605,#8606,.T.);
#6946=EDGE_CURVE('',#8605,#8589,#8607,.T.);
#6947=EDGE_CURVE('',#8608,#8609,#8610,.T.);
#6948=EDGE_CURVE('',#8611,#8608,#8612,.T.);
#6949=EDGE_CURVE('',#8613,#8611,#8614,.T.);
#6950=EDGE_CURVE('',#8615,#8613,#8616,.T.);
#6951=EDGE_CURVE('',#8617,#8615,#8618,.T.);
#6952=EDGE_CURVE('',#8619,#8617,#8620,.T.);
#6953=EDGE_CURVE('',#8621,#8619,#8622,.T.);
#6954=EDGE_CURVE('',#8623,#8621,#8624,.T.);
#6955=EDGE_CURVE('',#8625,#8623,#8626,.T.);
#6956=EDGE_CURVE('',#8609,#8625,#8627,.T.);
#6957=EDGE_CURVE('',#8628,#8629,#8630,.T.);
#6958=EDGE_CURVE('',#8631,#8628,#8632,.T.);
#6959=EDGE_CURVE('',#8633,#8631,#8634,.T.);
#6960=EDGE_CURVE('',#8635,#8633,#8636,.T.);
#6961=EDGE_CURVE('',#8637,#8635,#8638,.T.);
#6962=EDGE_CURVE('',#8639,#8637,#8640,.T.);
#6963=EDGE_CURVE('',#8641,#8639,#8642,.T.);
#6964=EDGE_CURVE('',#8643,#8641,#8644,.T.);
#6965=EDGE_CURVE('',#8645,#8643,#8646,.T.);
#6966=EDGE_CURVE('',#8629,#8645,#8647,.T.);
#6967=EDGE_CURVE('',#8648,#8649,#8650,.T.);
#6968=EDGE_CURVE('',#8651,#8648,#8652,.T.);
#6969=EDGE_CURVE('',#8653,#8651,#8654,.T.);
#6970=EDGE_CURVE('',#8655,#8653,#8656,.T.);
#6971=EDGE_CURVE('',#8657,#8655,#8658,.T.);
#6972=EDGE_CURVE('',#8659,#8657,#8660,.T.);
#6973=EDGE_CURVE('',#8661,#8659,#8662,.T.);
#6974=EDGE_CURVE('',#8663,#8661,#8664,.T.);
#6975=EDGE_CURVE('',#8665,#8663,#8666,.T.);
#6976=EDGE_CURVE('',#8649,#8665,#8667,.T.);
#6977=EDGE_CURVE('',#8668,#8669,#8670,.T.);
#6978=EDGE_CURVE('',#8671,#8668,#8672,.T.);
#6979=EDGE_CURVE('',#8673,#8671,#8674,.T.);
#6980=EDGE_CURVE('',#8675,#8673,#8676,.T.);
#6981=EDGE_CURVE('',#8677,#8675,#8678,.T.);
#6982=EDGE_CURVE('',#8679,#8677,#8680,.T.);
#6983=EDGE_CURVE('',#8681,#8679,#8682,.T.);
#6984=EDGE_CURVE('',#8683,#8681,#8684,.T.);
#6985=EDGE_CURVE('',#8685,#8683,#8686,.T.);
#6986=EDGE_CURVE('',#8669,#8685,#8687,.T.);
#6987=EDGE_CURVE('',#8688,#8689,#8690,.T.);
#6988=EDGE_CURVE('',#8691,#8688,#8692,.T.);
#6989=EDGE_CURVE('',#8693,#8691,#8694,.T.);
#6990=EDGE_CURVE('',#8695,#8693,#8696,.T.);
#6991=EDGE_CURVE('',#8697,#8695,#8698,.T.);
#6992=EDGE_CURVE('',#8699,#8697,#8700,.T.);
#6993=EDGE_CURVE('',#8701,#8699,#8702,.T.);
#6994=EDGE_CURVE('',#8703,#8701,#8704,.T.);
#6995=EDGE_CURVE('',#8705,#8703,#8706,.T.);
#6996=EDGE_CURVE('',#8689,#8705,#8707,.T.);
#6997=EDGE_CURVE('',#8414,#8708,#8709,.T.);
#6998=EDGE_CURVE('',#8708,#8710,#8711,.T.);
#6999=EDGE_CURVE('',#8710,#8438,#8712,.T.);
#7000=EDGE_CURVE('',#8713,#8436,#8714,.T.);
#7001=EDGE_CURVE('',#8715,#8713,#8716,.T.);
#7002=EDGE_CURVE('',#8717,#8715,#8718,.T.);
#7003=EDGE_CURVE('',#8719,#8717,#8720,.T.);
#7004=EDGE_CURVE('',#8721,#8719,#8722,.T.);
#7005=EDGE_CURVE('',#8723,#8721,#8724,.T.);
#7006=EDGE_CURVE('',#8416,#8723,#8725,.T.);
#7007=EDGE_CURVE('',#8541,#8726,#8727,.T.);
#7008=EDGE_CURVE('',#8726,#8728,#8729,.T.);
#7009=EDGE_CURVE('',#8728,#8523,#8730,.T.);
#7010=EDGE_CURVE('',#8731,#8521,#8732,.T.);
#7011=EDGE_CURVE('',#8733,#8731,#8734,.T.);
#7012=EDGE_CURVE('',#8735,#8733,#8736,.T.);
#7013=EDGE_CURVE('',#8737,#8735,#8738,.T.);
#7014=EDGE_CURVE('',#8739,#8737,#8740,.T.);
#7015=EDGE_CURVE('',#8741,#8739,#8742,.T.);
#7016=EDGE_CURVE('',#8543,#8741,#8743,.T.);
#7017=EDGE_CURVE('',#8744,#8745,#8746,.T.);
#7018=EDGE_CURVE('',#8747,#8744,#8748,.T.);
#7019=EDGE_CURVE('',#8749,#8747,#8750,.T.);
#7020=EDGE_CURVE('',#8751,#8749,#8752,.T.);
#7021=EDGE_CURVE('',#8753,#8751,#8754,.T.);
#7022=EDGE_CURVE('',#8755,#8753,#8756,.T.);
#7023=EDGE_CURVE('',#8757,#8755,#8758,.T.);
#7024=EDGE_CURVE('',#8745,#8757,#8759,.T.);
#7025=EDGE_CURVE('',#8760,#8761,#8762,.T.);
#7026=EDGE_CURVE('',#8763,#8760,#8764,.T.);
#7027=EDGE_CURVE('',#8765,#8763,#8766,.T.);
#7028=EDGE_CURVE('',#8767,#8765,#8768,.T.);
#7029=EDGE_CURVE('',#8769,#8767,#8770,.T.);
#7030=EDGE_CURVE('',#8771,#8769,#8772,.T.);
#7031=EDGE_CURVE('',#8773,#8771,#8774,.T.);
#7032=EDGE_CURVE('',#8761,#8773,#8775,.T.);
#7033=EDGE_CURVE('',#8776,#8777,#8778,.T.);
#7034=EDGE_CURVE('',#8779,#8776,#8780,.T.);
#7035=EDGE_CURVE('',#8781,#8779,#8782,.T.);
#7036=EDGE_CURVE('',#8783,#8781,#8784,.T.);
#7037=EDGE_CURVE('',#8785,#8783,#8786,.T.);
#7038=EDGE_CURVE('',#8787,#8785,#8788,.T.);
#7039=EDGE_CURVE('',#8789,#8787,#8790,.T.);
#7040=EDGE_CURVE('',#8791,#8789,#8792,.T.);
#7041=EDGE_CURVE('',#8777,#8791,#8793,.T.);
#7042=EDGE_CURVE('',#8794,#8795,#8796,.T.);
#7043=EDGE_CURVE('',#8797,#8794,#8798,.T.);
#7044=EDGE_CURVE('',#8799,#8797,#8800,.T.);
#7045=EDGE_CURVE('',#8801,#8799,#8802,.T.);
#7046=EDGE_CURVE('',#8803,#8801,#8804,.T.);
#7047=EDGE_CURVE('',#8805,#8803,#8806,.T.);
#7048=EDGE_CURVE('',#8807,#8805,#8808,.T.);
#7049=EDGE_CURVE('',#8809,#8807,#8810,.T.);
#7050=EDGE_CURVE('',#8795,#8809,#8811,.T.);
#7051=EDGE_CURVE('',#8812,#8813,#8814,.T.);
#7052=EDGE_CURVE('',#8815,#8812,#8816,.T.);
#7053=EDGE_CURVE('',#8817,#8815,#8818,.T.);
#7054=EDGE_CURVE('',#8819,#8817,#8820,.T.);
#7055=EDGE_CURVE('',#8821,#8819,#8822,.T.);
#7056=EDGE_CURVE('',#8823,#8821,#8824,.T.);
#7057=EDGE_CURVE('',#8825,#8823,#8826,.T.);
#7058=EDGE_CURVE('',#8827,#8825,#8828,.T.);
#7059=EDGE_CURVE('',#8829,#8827,#8830,.T.);
#7060=EDGE_CURVE('',#8829,#8831,#8832,.T.);
#7061=EDGE_CURVE('',#8833,#8831,#8834,.T.);
#7062=EDGE_CURVE('',#8835,#8833,#8836,.T.);
#7063=EDGE_CURVE('',#8837,#8835,#8838,.T.);
#7064=EDGE_CURVE('',#8839,#8837,#8840,.T.);
#7065=EDGE_CURVE('',#8839,#8841,#8842,.T.);
#7066=EDGE_CURVE('',#8841,#8843,#8844,.T.);
#7067=EDGE_CURVE('',#8845,#8843,#8846,.T.);
#7068=EDGE_CURVE('',#8847,#8845,#8848,.T.);
#7069=EDGE_CURVE('',#8813,#8847,#8849,.T.);
#7070=EDGE_CURVE('',#8850,#8851,#8852,.T.);
#7071=EDGE_CURVE('',#8853,#8850,#8854,.T.);
#7072=EDGE_CURVE('',#8853,#8855,#8856,.T.);
#7073=EDGE_CURVE('',#8855,#8857,#8858,.T.);
#7074=EDGE_CURVE('',#8859,#8857,#8860,.T.);
#7075=EDGE_CURVE('',#8861,#8859,#8862,.T.);
#7076=EDGE_CURVE('',#8863,#8861,#8864,.T.);
#7077=EDGE_CURVE('',#8865,#8863,#8866,.T.);
#7078=EDGE_CURVE('',#8865,#8867,#8868,.T.);
#7079=EDGE_CURVE('',#8869,#8867,#8870,.T.);
#7080=EDGE_CURVE('',#8871,#8869,#8872,.T.);
#7081=EDGE_CURVE('',#8873,#8871,#8874,.T.);
#7082=EDGE_CURVE('',#8875,#8873,#8876,.T.);
#7083=EDGE_CURVE('',#8877,#8875,#8878,.T.);
#7084=EDGE_CURVE('',#8879,#8877,#8880,.T.);
#7085=EDGE_CURVE('',#8881,#8879,#8882,.T.);
#7086=EDGE_CURVE('',#8883,#8881,#8884,.T.);
#7087=EDGE_CURVE('',#8885,#8883,#8886,.T.);
#7088=EDGE_CURVE('',#8885,#8851,#8887,.T.);
#7089=EDGE_CURVE('',#8888,#8889,#8890,.T.);
#7090=EDGE_CURVE('',#8891,#8888,#8892,.T.);
#7091=EDGE_CURVE('',#8893,#8891,#8894,.T.);
#7092=EDGE_CURVE('',#8895,#8893,#8896,.T.);
#7093=EDGE_CURVE('',#8897,#8895,#8898,.T.);
#7094=EDGE_CURVE('',#8899,#8897,#8900,.T.);
#7095=EDGE_CURVE('',#8901,#8899,#8902,.T.);
#7096=EDGE_CURVE('',#8903,#8901,#8904,.T.);
#7097=EDGE_CURVE('',#8905,#8903,#8906,.T.);
#7098=EDGE_CURVE('',#8889,#8905,#8907,.T.);
#7099=EDGE_CURVE('',#8905,#8908,#8909,.T.);
#7100=EDGE_CURVE('',#8910,#8908,#8911,.T.);
#7101=EDGE_CURVE('',#8889,#8910,#8912,.T.);
#7102=EDGE_CURVE('',#8913,#8910,#8914,.T.);
#7103=EDGE_CURVE('',#8888,#8913,#8915,.T.);
#7104=EDGE_CURVE('',#8916,#8913,#8917,.T.);
#7105=EDGE_CURVE('',#8891,#8916,#8918,.T.);
#7106=EDGE_CURVE('',#8919,#8916,#8920,.T.);
#7107=EDGE_CURVE('',#8893,#8919,#8921,.T.);
#7108=EDGE_CURVE('',#8922,#8919,#8923,.T.);
#7109=EDGE_CURVE('',#8895,#8922,#8924,.T.);
#7110=EDGE_CURVE('',#8925,#8922,#8926,.T.);
#7111=EDGE_CURVE('',#8897,#8925,#8927,.T.);
#7112=EDGE_CURVE('',#8928,#8925,#8929,.T.);
#7113=EDGE_CURVE('',#8899,#8928,#8930,.T.);
#7114=EDGE_CURVE('',#8931,#8928,#8932,.T.);
#7115=EDGE_CURVE('',#8901,#8931,#8933,.T.);
#7116=EDGE_CURVE('',#8934,#8931,#8935,.T.);
#7117=EDGE_CURVE('',#8903,#8934,#8936,.T.);
#7118=EDGE_CURVE('',#8908,#8934,#8937,.T.);
#7119=EDGE_CURVE('',#8938,#8939,#8940,.T.);
#7120=EDGE_CURVE('',#8939,#8941,#8942,.T.);
#7121=EDGE_CURVE('',#8941,#8943,#8944,.T.);
#7122=EDGE_CURVE('',#8943,#8945,#8946,.T.);
#7123=EDGE_CURVE('',#8945,#8947,#8948,.T.);
#7124=EDGE_CURVE('',#8947,#8949,#8950,.T.);
#7125=EDGE_CURVE('',#8949,#8951,#8952,.T.);
#7126=EDGE_CURVE('',#8951,#8953,#8954,.T.);
#7127=EDGE_CURVE('',#8953,#8955,#8956,.T.);
#7128=EDGE_CURVE('',#8955,#8938,#8957,.T.);
#7129=EDGE_CURVE('',#8958,#8959,#8960,.T.);
#7130=EDGE_CURVE('',#8959,#8961,#8962,.T.);
#7131=EDGE_CURVE('',#8963,#8961,#8964,.T.);
#7132=EDGE_CURVE('',#8958,#8963,#8965,.T.);
#7133=EDGE_CURVE('',#8966,#8967,#8968,.T.);
#7134=EDGE_CURVE('',#8967,#8969,#8970,.T.);
#7135=EDGE_CURVE('',#8969,#8971,#8972,.T.);
#7136=EDGE_CURVE('',#8971,#8973,#8974,.T.);
#7137=EDGE_CURVE('',#8973,#8975,#8976,.T.);
#7138=EDGE_CURVE('',#8975,#8977,#8978,.T.);
#7139=EDGE_CURVE('',#8977,#8979,#8980,.T.);
#7140=EDGE_CURVE('',#8979,#8981,#8982,.T.);
#7141=EDGE_CURVE('',#8981,#8983,#8984,.T.);
#7142=EDGE_CURVE('',#8983,#8966,#8985,.T.);
#7143=EDGE_CURVE('',#8986,#8987,#8988,.T.);
#7144=EDGE_CURVE('',#8987,#8989,#8990,.T.);
#7145=EDGE_CURVE('',#8991,#8989,#8992,.T.);
#7146=EDGE_CURVE('',#8986,#8991,#8993,.T.);
#7147=EDGE_CURVE('',#8994,#8995,#8996,.T.);
#7148=EDGE_CURVE('',#8995,#8997,#8998,.T.);
#7149=EDGE_CURVE('',#8997,#8999,#9000,.T.);
#7150=EDGE_CURVE('',#8999,#9001,#9002,.T.);
#7151=EDGE_CURVE('',#9001,#9003,#9004,.T.);
#7152=EDGE_CURVE('',#9003,#9005,#9006,.T.);
#7153=EDGE_CURVE('',#9005,#9007,#9008,.T.);
#7154=EDGE_CURVE('',#9007,#9009,#9010,.T.);
#7155=EDGE_CURVE('',#9009,#9011,#9012,.T.);
#7156=EDGE_CURVE('',#9011,#8994,#9013,.T.);
#7157=EDGE_CURVE('',#9014,#9015,#9016,.T.);
#7158=EDGE_CURVE('',#9015,#9017,#9018,.T.);
#7159=EDGE_CURVE('',#9019,#9017,#9020,.T.);
#7160=EDGE_CURVE('',#9014,#9019,#9021,.T.);
#7161=EDGE_CURVE('',#9022,#9023,#9024,.T.);
#7162=EDGE_CURVE('',#9023,#9025,#9026,.T.);
#7163=EDGE_CURVE('',#9027,#9025,#9028,.T.);
#7164=EDGE_CURVE('',#9022,#9027,#9029,.T.);
#7165=EDGE_CURVE('',#9030,#9031,#9032,.T.);
#7166=EDGE_CURVE('',#9031,#9033,#9034,.T.);
#7167=EDGE_CURVE('',#9035,#9033,#9036,.T.);
#7168=EDGE_CURVE('',#9037,#9035,#9038,.T.);
#7169=EDGE_CURVE('',#9037,#9039,#9040,.T.);
#7170=EDGE_CURVE('',#9039,#9041,#9042,.T.);
#7171=EDGE_CURVE('',#9041,#9043,#9044,.T.);
#7172=EDGE_CURVE('',#9043,#9045,#9046,.T.);
#7173=EDGE_CURVE('',#9047,#9045,#9048,.T.);
#7174=EDGE_CURVE('',#9047,#9049,#9050,.T.);
#7175=EDGE_CURVE('',#9049,#9051,#9052,.T.);
#7176=EDGE_CURVE('',#9051,#9053,#9054,.T.);
#7177=EDGE_CURVE('',#9053,#9055,#9056,.T.);
#7178=EDGE_CURVE('',#9055,#9057,#9058,.T.);
#7179=EDGE_CURVE('',#9057,#9059,#9060,.T.);
#7180=EDGE_CURVE('',#9059,#9061,#9062,.T.);
#7181=EDGE_CURVE('',#9061,#9063,#9064,.T.);
#7182=EDGE_CURVE('',#9063,#9065,#9066,.T.);
#7183=EDGE_CURVE('',#9065,#9030,#9067,.T.);
#7184=EDGE_CURVE('',#9068,#9069,#9070,.T.);
#7185=EDGE_CURVE('',#9069,#9071,#9072,.T.);
#7186=EDGE_CURVE('',#9073,#9071,#9074,.T.);
#7187=EDGE_CURVE('',#9068,#9073,#9075,.T.);
#7188=EDGE_CURVE('',#9076,#9077,#9078,.T.);
#7189=EDGE_CURVE('',#9077,#9079,#9080,.T.);
#7190=EDGE_CURVE('',#9081,#9079,#9082,.T.);
#7191=EDGE_CURVE('',#9076,#9081,#9083,.T.);
#7192=EDGE_CURVE('',#9084,#9085,#9086,.T.);
#7193=EDGE_CURVE('',#9085,#9087,#9088,.T.);
#7194=EDGE_CURVE('',#9087,#9089,#9090,.T.);
#7195=EDGE_CURVE('',#9089,#9091,#9092,.T.);
#7196=EDGE_CURVE('',#9093,#9091,#9094,.T.);
#7197=EDGE_CURVE('',#9095,#9093,#9096,.T.);
#7198=EDGE_CURVE('',#9095,#9097,#9098,.T.);
#7199=EDGE_CURVE('',#9097,#9099,#9100,.T.);
#7200=EDGE_CURVE('',#9101,#9099,#9102,.T.);
#7201=EDGE_CURVE('',#9101,#9103,#9104,.T.);
#7202=EDGE_CURVE('',#9103,#9105,#9106,.T.);
#7203=EDGE_CURVE('',#9105,#9107,#9108,.T.);
#7204=EDGE_CURVE('',#9107,#9109,#9110,.T.);
#7205=EDGE_CURVE('',#9109,#9111,#9112,.T.);
#7206=EDGE_CURVE('',#9111,#9113,#9114,.T.);
#7207=EDGE_CURVE('',#9113,#9115,#9116,.T.);
#7208=EDGE_CURVE('',#9115,#9117,#9118,.T.);
#7209=EDGE_CURVE('',#9117,#9119,#9120,.T.);
#7210=EDGE_CURVE('',#9084,#9119,#9121,.T.);
#7211=EDGE_CURVE('',#9122,#9123,#9124,.T.);
#7212=EDGE_CURVE('',#9123,#9125,#9126,.T.);
#7213=EDGE_CURVE('',#9127,#9125,#9128,.T.);
#7214=EDGE_CURVE('',#9122,#9127,#9129,.T.);
#7215=EDGE_CURVE('',#9130,#9131,#9132,.T.);
#7216=EDGE_CURVE('',#9131,#9133,#9134,.T.);
#7217=EDGE_CURVE('',#9135,#9133,#9136,.T.);
#7218=EDGE_CURVE('',#9130,#9135,#9137,.T.);
#7219=EDGE_CURVE('',#9138,#9127,#9139,.T.);
#7220=EDGE_CURVE('',#9140,#9138,#9141,.T.);
#7221=EDGE_CURVE('',#9122,#9140,#9142,.T.);
#7222=EDGE_CURVE('',#9143,#8963,#9144,.T.);
#7223=EDGE_CURVE('',#9145,#9143,#9146,.T.);
#7224=EDGE_CURVE('',#8958,#9145,#9147,.T.);
#7225=EDGE_CURVE('',#9140,#9148,#9149,.T.);
#7226=EDGE_CURVE('',#9123,#9148,#9150,.T.);
#7227=EDGE_CURVE('',#9148,#9151,#9152,.T.);
#7228=EDGE_CURVE('',#9151,#9125,#9153,.T.);
#7229=EDGE_CURVE('',#8959,#9154,#9155,.T.);
#7230=EDGE_CURVE('',#9154,#9156,#9157,.T.);
#7231=EDGE_CURVE('',#9156,#8961,#9158,.T.);
#7232=EDGE_CURVE('',#9138,#9151,#9159,.T.);
#7233=EDGE_CURVE('',#9143,#9156,#9160,.T.);
#7234=EDGE_CURVE('',#9145,#9154,#9161,.T.);
#7235=EDGE_CURVE('',#8685,#8938,#9162,.T.);
#7236=EDGE_CURVE('',#8669,#8955,#9163,.T.);
#7237=EDGE_CURVE('',#8668,#8953,#9164,.T.);
#7238=EDGE_CURVE('',#8671,#8951,#9165,.T.);
#7239=EDGE_CURVE('',#8673,#8949,#9166,.T.);
#7240=EDGE_CURVE('',#8675,#8947,#9167,.T.);
#7241=EDGE_CURVE('',#8677,#8945,#9168,.T.);
#7242=EDGE_CURVE('',#8679,#8943,#9169,.T.);
#7243=EDGE_CURVE('',#8681,#8941,#9170,.T.);
#7244=EDGE_CURVE('',#8683,#8939,#9171,.T.);
#7245=EDGE_CURVE('',#9172,#9073,#9173,.T.);
#7246=EDGE_CURVE('',#9174,#9172,#9175,.T.);
#7247=EDGE_CURVE('',#9068,#9174,#9176,.T.);
#7248=EDGE_CURVE('',#9177,#8991,#9178,.T.);
#7249=EDGE_CURVE('',#9179,#9177,#9180,.T.);
#7250=EDGE_CURVE('',#8986,#9179,#9181,.T.);
#7251=EDGE_CURVE('',#9174,#9182,#9183,.T.);
#7252=EDGE_CURVE('',#9069,#9182,#9184,.T.);
#7253=EDGE_CURVE('',#9182,#9185,#9186,.T.);
#7254=EDGE_CURVE('',#9185,#9071,#9187,.T.);
#7255=EDGE_CURVE('',#8987,#9188,#9189,.T.);
#7256=EDGE_CURVE('',#9188,#9190,#9191,.T.);
#7257=EDGE_CURVE('',#9190,#8989,#9192,.T.);
#7258=EDGE_CURVE('',#9172,#9185,#9193,.T.);
#7259=EDGE_CURVE('',#9177,#9190,#9194,.T.);
#7260=EDGE_CURVE('',#9179,#9188,#9195,.T.);
#7261=EDGE_CURVE('',#8625,#8966,#9196,.T.);
#7262=EDGE_CURVE('',#8609,#8983,#9197,.T.);
#7263=EDGE_CURVE('',#8608,#8981,#9198,.T.);
#7264=EDGE_CURVE('',#8611,#8979,#9199,.T.);
#7265=EDGE_CURVE('',#8613,#8977,#9200,.T.);
#7266=EDGE_CURVE('',#8615,#8975,#9201,.T.);
#7267=EDGE_CURVE('',#8617,#8973,#9202,.T.);
#7268=EDGE_CURVE('',#8619,#8971,#9203,.T.);
#7269=EDGE_CURVE('',#8621,#8969,#9204,.T.);
#7270=EDGE_CURVE('',#8623,#8967,#9205,.T.);
#7271=EDGE_CURVE('',#8705,#8994,#9206,.T.);
#7272=EDGE_CURVE('',#8689,#9011,#9207,.T.);
#7273=EDGE_CURVE('',#8688,#9009,#9208,.T.);
#7274=EDGE_CURVE('',#8691,#9007,#9209,.T.);
#7275=EDGE_CURVE('',#8693,#9005,#9210,.T.);
#7276=EDGE_CURVE('',#8695,#9003,#9211,.T.);
#7277=EDGE_CURVE('',#8697,#9001,#9212,.T.);
#7278=EDGE_CURVE('',#8699,#8999,#9213,.T.);
#7279=EDGE_CURVE('',#8701,#8997,#9214,.T.);
#7280=EDGE_CURVE('',#8703,#8995,#9215,.T.);
#7281=EDGE_CURVE('',#9216,#9081,#9217,.T.);
#7282=EDGE_CURVE('',#9218,#9216,#9219,.T.);
#7283=EDGE_CURVE('',#9076,#9218,#9220,.T.);
#7284=EDGE_CURVE('',#9221,#9027,#9222,.T.);
#7285=EDGE_CURVE('',#9223,#9221,#9224,.T.);
#7286=EDGE_CURVE('',#9022,#9223,#9225,.T.);
#7287=EDGE_CURVE('',#9218,#9226,#9227,.T.);
#7288=EDGE_CURVE('',#9077,#9226,#9228,.T.);
#7289=EDGE_CURVE('',#9226,#9229,#9230,.T.);
#7290=EDGE_CURVE('',#9229,#9079,#9231,.T.);
#7291=EDGE_CURVE('',#9023,#9232,#9233,.T.);
#7292=EDGE_CURVE('',#9232,#9234,#9235,.T.);
#7293=EDGE_CURVE('',#9234,#9025,#9236,.T.);
#7294=EDGE_CURVE('',#9216,#9229,#9237,.T.);
#7295=EDGE_CURVE('',#9221,#9234,#9238,.T.);
#7296=EDGE_CURVE('',#9223,#9232,#9239,.T.);
#7297=EDGE_CURVE('',#9240,#9019,#9241,.T.);
#7298=EDGE_CURVE('',#9242,#9240,#9243,.T.);
#7299=EDGE_CURVE('',#9014,#9242,#9244,.T.);
#7300=EDGE_CURVE('',#9245,#9135,#9246,.T.);
#7301=EDGE_CURVE('',#9247,#9245,#9248,.T.);
#7302=EDGE_CURVE('',#9130,#9247,#9249,.T.);
#7303=EDGE_CURVE('',#9242,#9250,#9251,.T.);
#7304=EDGE_CURVE('',#9015,#9250,#9252,.T.);
#7305=EDGE_CURVE('',#9250,#9253,#9254,.T.);
#7306=EDGE_CURVE('',#9253,#9017,#9255,.T.);
#7307=EDGE_CURVE('',#9256,#9257,#9258,.T.);
#7308=EDGE_CURVE('',#9257,#9133,#9259,.T.);
#7309=EDGE_CURVE('',#9131,#9256,#9260,.T.);
#7310=EDGE_CURVE('',#9240,#9253,#9261,.T.);
#7311=EDGE_CURVE('',#9247,#9256,#9262,.T.);
#7312=EDGE_CURVE('',#9245,#9257,#9263,.T.);
#7313=EDGE_CURVE('',#9030,#8847,#9264,.T.);
#7314=EDGE_CURVE('',#9065,#8813,#9265,.T.);
#7315=EDGE_CURVE('',#8812,#9063,#9266,.T.);
#7316=EDGE_CURVE('',#8815,#9061,#9267,.T.);
#7317=EDGE_CURVE('',#8817,#9059,#9268,.T.);
#7318=EDGE_CURVE('',#8819,#9057,#9269,.T.);
#7319=EDGE_CURVE('',#8821,#9055,#9270,.T.);
#7320=EDGE_CURVE('',#8823,#9053,#9271,.T.);
#7321=EDGE_CURVE('',#8825,#9051,#9272,.T.);
#7322=EDGE_CURVE('',#8827,#9049,#9273,.T.);
#7323=EDGE_CURVE('',#8829,#9047,#9274,.T.);
#7324=EDGE_CURVE('',#8831,#9045,#9275,.T.);
#7325=EDGE_CURVE('',#8833,#9043,#9276,.T.);
#7326=EDGE_CURVE('',#8835,#9041,#9277,.T.);
#7327=EDGE_CURVE('',#8837,#9039,#9278,.T.);
#7328=EDGE_CURVE('',#8839,#9037,#9279,.T.);
#7329=EDGE_CURVE('',#8841,#9035,#9280,.T.);
#7330=EDGE_CURVE('',#8843,#9033,#9281,.T.);
#7331=EDGE_CURVE('',#8845,#9031,#9282,.T.);
#7332=EDGE_CURVE('',#8867,#9119,#9283,.T.);
#7333=EDGE_CURVE('',#8865,#9084,#9284,.T.);
#7334=EDGE_CURVE('',#8863,#9085,#9285,.T.);
#7335=EDGE_CURVE('',#8861,#9087,#9286,.T.);
#7336=EDGE_CURVE('',#8859,#9089,#9287,.T.);
#7337=EDGE_CURVE('',#8857,#9091,#9288,.T.);
#7338=EDGE_CURVE('',#8855,#9093,#9289,.T.);
#7339=EDGE_CURVE('',#8853,#9095,#9290,.T.);
#7340=EDGE_CURVE('',#8850,#9097,#9291,.T.);
#7341=EDGE_CURVE('',#9099,#8851,#9292,.T.);
#7342=EDGE_CURVE('',#9101,#8885,#9293,.T.);
#7343=EDGE_CURVE('',#8883,#9103,#9294,.T.);
#7344=EDGE_CURVE('',#8881,#9105,#9295,.T.);
#7345=EDGE_CURVE('',#8879,#9107,#9296,.T.);
#7346=EDGE_CURVE('',#8877,#9109,#9297,.T.);
#7347=EDGE_CURVE('',#8875,#9111,#9298,.T.);
#7348=EDGE_CURVE('',#8873,#9113,#9299,.T.);
#7349=EDGE_CURVE('',#8871,#9115,#9300,.T.);
#7350=EDGE_CURVE('',#8869,#9117,#9301,.T.);
#7351=EDGE_CURVE('',#8645,#9302,#9303,.T.);
#7352=EDGE_CURVE('',#9304,#9302,#9305,.T.);
#7353=EDGE_CURVE('',#8629,#9304,#9306,.T.);
#7354=EDGE_CURVE('',#9307,#9304,#9308,.T.);
#7355=EDGE_CURVE('',#8628,#9307,#9309,.T.);
#7356=EDGE_CURVE('',#9310,#9307,#9311,.T.);
#7357=EDGE_CURVE('',#8631,#9310,#9312,.T.);
#7358=EDGE_CURVE('',#9313,#9310,#9314,.T.);
#7359=EDGE_CURVE('',#8633,#9313,#9315,.T.);
#7360=EDGE_CURVE('',#9316,#9313,#9317,.T.);
#7361=EDGE_CURVE('',#8635,#9316,#9318,.T.);
#7362=EDGE_CURVE('',#9319,#9316,#9320,.T.);
#7363=EDGE_CURVE('',#8637,#9319,#9321,.T.);
#7364=EDGE_CURVE('',#9322,#9319,#9323,.T.);
#7365=EDGE_CURVE('',#8639,#9322,#9324,.T.);
#7366=EDGE_CURVE('',#9325,#9322,#9326,.T.);
#7367=EDGE_CURVE('',#8641,#9325,#9327,.T.);
#7368=EDGE_CURVE('',#9328,#9325,#9329,.T.);
#7369=EDGE_CURVE('',#8643,#9328,#9330,.T.);
#7370=EDGE_CURVE('',#9302,#9328,#9331,.T.);
#7371=EDGE_CURVE('',#9332,#9333,#9334,.T.);
#7372=EDGE_CURVE('',#9333,#9335,#9336,.T.);
#7373=EDGE_CURVE('',#9337,#9335,#9338,.T.);
#7374=EDGE_CURVE('',#9332,#9337,#9339,.T.);
#7375=EDGE_CURVE('',#9340,#9341,#9342,.T.);
#7376=EDGE_CURVE('',#9341,#9343,#9344,.T.);
#7377=EDGE_CURVE('',#9343,#9345,#9346,.T.);
#7378=EDGE_CURVE('',#9345,#9347,#9348,.T.);
#7379=EDGE_CURVE('',#9347,#9349,#9350,.T.);
#7380=EDGE_CURVE('',#9349,#9351,#9352,.T.);
#7381=EDGE_CURVE('',#9351,#9353,#9354,.T.);
#7382=EDGE_CURVE('',#9353,#9355,#9356,.T.);
#7383=EDGE_CURVE('',#9355,#9357,#9358,.T.);
#7384=EDGE_CURVE('',#9357,#9340,#9359,.T.);
#7385=EDGE_CURVE('',#9360,#9361,#9362,.T.);
#7386=EDGE_CURVE('',#9361,#9363,#9364,.T.);
#7387=EDGE_CURVE('',#9365,#9363,#9366,.T.);
#7388=EDGE_CURVE('',#9360,#9365,#9367,.T.);
#7389=EDGE_CURVE('',#8665,#9340,#9368,.T.);
#7390=EDGE_CURVE('',#8649,#9357,#9369,.T.);
#7391=EDGE_CURVE('',#8648,#9355,#9370,.T.);
#7392=EDGE_CURVE('',#8651,#9353,#9371,.T.);
#7393=EDGE_CURVE('',#8653,#9351,#9372,.T.);
#7394=EDGE_CURVE('',#8655,#9349,#9373,.T.);
#7395=EDGE_CURVE('',#8657,#9347,#9374,.T.);
#7396=EDGE_CURVE('',#8659,#9345,#9375,.T.);
#7397=EDGE_CURVE('',#8661,#9343,#9376,.T.);
#7398=EDGE_CURVE('',#8663,#9341,#9377,.T.);
#7399=EDGE_CURVE('',#9378,#9337,#9379,.T.);
#7400=EDGE_CURVE('',#9380,#9378,#9381,.T.);
#7401=EDGE_CURVE('',#9332,#9380,#9382,.T.);
#7402=EDGE_CURVE('',#9383,#9365,#9384,.T.);
#7403=EDGE_CURVE('',#9385,#9383,#9386,.T.);
#7404=EDGE_CURVE('',#9360,#9385,#9387,.T.);
#7405=EDGE_CURVE('',#9380,#9388,#9389,.T.);
#7406=EDGE_CURVE('',#9333,#9388,#9390,.T.);
#7407=EDGE_CURVE('',#9388,#9391,#9392,.T.);
#7408=EDGE_CURVE('',#9391,#9335,#9393,.T.);
#7409=EDGE_CURVE('',#9361,#9394,#9395,.T.);
#7410=EDGE_CURVE('',#9394,#9396,#9397,.T.);
#7411=EDGE_CURVE('',#9396,#9363,#9398,.T.);
#7412=EDGE_CURVE('',#9378,#9391,#9399,.T.);
#7413=EDGE_CURVE('',#9383,#9396,#9400,.T.);
#7414=EDGE_CURVE('',#9385,#9394,#9401,.T.);
#7415=EDGE_CURVE('',#8723,#8498,#9402,.T.);
#7416=EDGE_CURVE('',#8721,#8500,#9403,.T.);
#7417=EDGE_CURVE('',#8719,#8502,#9404,.T.);
#7418=EDGE_CURVE('',#8717,#8504,#9405,.T.);
#7419=EDGE_CURVE('',#8715,#8506,#9406,.T.);
#7420=EDGE_CURVE('',#8713,#8508,#9407,.T.);
#7421=EDGE_CURVE('',#8710,#9408,#9409,.T.);
#7422=EDGE_CURVE('',#9410,#9408,#9411,.T.);
#7423=EDGE_CURVE('',#9412,#9410,#9413,.T.);
#7424=EDGE_CURVE('',#8440,#9412,#9414,.T.);
#7425=EDGE_CURVE('',#9415,#9416,#9417,.T.);
#7426=EDGE_CURVE('',#9415,#8412,#9418,.T.);
#7427=EDGE_CURVE('',#9419,#8410,#9420,.T.);
#7428=EDGE_CURVE('',#9419,#9416,#9421,.T.);
#7429=EDGE_CURVE('',#8442,#9422,#9423,.T.);
#7430=EDGE_CURVE('',#9424,#9412,#9425,.T.);
#7431=EDGE_CURVE('',#9424,#9422,#9426,.T.);
#7432=EDGE_CURVE('',#8527,#9427,#9428,.T.);
#7433=EDGE_CURVE('',#8525,#9429,#9430,.T.);
#7434=EDGE_CURVE('',#9431,#9429,#9432,.T.);
#7435=EDGE_CURVE('',#9431,#9427,#9433,.T.);
#7436=EDGE_CURVE('',#9434,#9435,#9436,.T.);
#7437=EDGE_CURVE('',#9434,#8539,#9437,.T.);
#7438=EDGE_CURVE('',#9438,#8537,#9439,.T.);
#7439=EDGE_CURVE('',#9438,#9435,#9440,.T.);
#7440=EDGE_CURVE('',#8589,#9419,#9441,.T.);
#7441=EDGE_CURVE('',#8605,#9416,#9442,.T.);
#7442=EDGE_CURVE('',#8603,#9424,#9443,.T.);
#7443=EDGE_CURVE('',#9410,#9444,#9445,.T.);
#7444=EDGE_CURVE('',#9415,#9444,#9446,.T.);
#7445=EDGE_CURVE('',#9447,#9444,#9448,.T.);
#7446=EDGE_CURVE('',#8708,#9447,#9449,.T.);
#7447=EDGE_CURVE('',#9447,#9408,#9450,.T.);
#7448=EDGE_CURVE('',#9451,#9452,#9453,.T.);
#7449=EDGE_CURVE('',#9452,#9454,#9455,.T.);
#7450=EDGE_CURVE('',#9454,#9456,#9457,.T.);
#7451=EDGE_CURVE('',#9451,#9456,#9458,.T.);
#7452=EDGE_CURVE('',#8728,#9456,#9459,.T.);
#7453=EDGE_CURVE('',#8726,#9451,#9460,.T.);
#7454=EDGE_CURVE('',#9434,#9452,#9461,.T.);
#7455=EDGE_CURVE('',#9429,#9454,#9462,.T.);
#7456=EDGE_CURVE('',#8596,#9435,#9463,.T.);
#7457=EDGE_CURVE('',#8594,#9431,#9464,.T.);
#7458=EDGE_CURVE('',#8592,#9427,#9465,.T.);
#7459=EDGE_CURVE('',#8598,#9438,#9466,.T.);
#7460=EDGE_CURVE('',#8601,#9422,#9467,.T.);
#7461=EDGE_CURVE('',#8741,#8475,#9468,.T.);
#7462=EDGE_CURVE('',#8739,#8477,#9469,.T.);
#7463=EDGE_CURVE('',#8737,#8479,#9470,.T.);
#7464=EDGE_CURVE('',#8735,#8481,#9471,.T.);
#7465=EDGE_CURVE('',#8733,#8483,#9472,.T.);
#7466=EDGE_CURVE('',#8731,#8485,#9473,.T.);
#7467=EDGE_CURVE('',#8757,#9474,#9475,.T.);
#7468=EDGE_CURVE('',#9476,#9474,#9477,.T.);
#7469=EDGE_CURVE('',#8745,#9476,#9478,.T.);
#7470=EDGE_CURVE('',#9479,#9476,#9480,.T.);
#7471=EDGE_CURVE('',#8744,#9479,#9481,.T.);
#7472=EDGE_CURVE('',#9482,#9479,#9483,.T.);
#7473=EDGE_CURVE('',#8747,#9482,#9484,.T.);
#7474=EDGE_CURVE('',#9485,#9482,#9486,.T.);
#7475=EDGE_CURVE('',#8749,#9485,#9487,.T.);
#7476=EDGE_CURVE('',#9488,#9485,#9489,.T.);
#7477=EDGE_CURVE('',#8751,#9488,#9490,.T.);
#7478=EDGE_CURVE('',#9491,#9488,#9492,.T.);
#7479=EDGE_CURVE('',#8753,#9491,#9493,.T.);
#7480=EDGE_CURVE('',#9494,#9491,#9495,.T.);
#7481=EDGE_CURVE('',#8755,#9494,#9496,.T.);
#7482=EDGE_CURVE('',#9474,#9494,#9497,.T.);
#7483=EDGE_CURVE('',#8773,#9498,#9499,.T.);
#7484=EDGE_CURVE('',#9500,#9498,#9501,.T.);
#7485=EDGE_CURVE('',#8761,#9500,#9502,.T.);
#7486=EDGE_CURVE('',#9503,#9500,#9504,.T.);
#7487=EDGE_CURVE('',#8760,#9503,#9505,.T.);
#7488=EDGE_CURVE('',#9506,#9503,#9507,.T.);
#7489=EDGE_CURVE('',#8763,#9506,#9508,.T.);
#7490=EDGE_CURVE('',#9509,#9506,#9510,.T.);
#7491=EDGE_CURVE('',#8765,#9509,#9511,.T.);
#7492=EDGE_CURVE('',#9512,#9509,#9513,.T.);
#7493=EDGE_CURVE('',#8767,#9512,#9514,.T.);
#7494=EDGE_CURVE('',#9515,#9512,#9516,.T.);
#7495=EDGE_CURVE('',#8769,#9515,#9517,.T.);
#7496=EDGE_CURVE('',#9518,#9515,#9519,.T.);
#7497=EDGE_CURVE('',#8771,#9518,#9520,.T.);
#7498=EDGE_CURVE('',#9498,#9518,#9521,.T.);
#7499=EDGE_CURVE('',#8791,#9522,#9523,.T.);
#7500=EDGE_CURVE('',#9524,#9522,#9525,.T.);
#7501=EDGE_CURVE('',#8777,#9524,#9526,.T.);
#7502=EDGE_CURVE('',#9527,#9524,#9528,.T.);
#7503=EDGE_CURVE('',#8776,#9527,#9529,.T.);
#7504=EDGE_CURVE('',#9530,#9527,#9531,.T.);
#7505=EDGE_CURVE('',#8779,#9530,#9532,.T.);
#7506=EDGE_CURVE('',#9533,#9530,#9534,.T.);
#7507=EDGE_CURVE('',#8781,#9533,#9535,.T.);
#7508=EDGE_CURVE('',#9536,#9533,#9537,.T.);
#7509=EDGE_CURVE('',#8783,#9536,#9538,.T.);
#7510=EDGE_CURVE('',#9539,#9536,#9540,.T.);
#7511=EDGE_CURVE('',#8785,#9539,#9541,.T.);
#7512=EDGE_CURVE('',#9542,#9539,#9543,.T.);
#7513=EDGE_CURVE('',#8787,#9542,#9544,.T.);
#7514=EDGE_CURVE('',#9545,#9542,#9546,.T.);
#7515=EDGE_CURVE('',#8789,#9545,#9547,.T.);
#7516=EDGE_CURVE('',#9522,#9545,#9548,.T.);
#7517=EDGE_CURVE('',#9549,#9550,#9551,.T.);
#7518=EDGE_CURVE('',#9550,#9552,#9553,.T.);
#7519=EDGE_CURVE('',#9552,#9554,#9555,.T.);
#7520=EDGE_CURVE('',#9554,#9556,#9557,.T.);
#7521=EDGE_CURVE('',#9556,#9558,#9559,.T.);
#7522=EDGE_CURVE('',#9558,#9560,#9561,.T.);
#7523=EDGE_CURVE('',#9560,#9562,#9563,.T.);
#7524=EDGE_CURVE('',#9562,#9564,#9565,.T.);
#7525=EDGE_CURVE('',#9564,#9549,#9566,.T.);
#7526=EDGE_CURVE('',#8809,#9549,#9567,.T.);
#7527=EDGE_CURVE('',#8795,#9564,#9568,.T.);
#7528=EDGE_CURVE('',#8794,#9562,#9569,.T.);
#7529=EDGE_CURVE('',#8797,#9560,#9570,.T.);
#7530=EDGE_CURVE('',#8799,#9558,#9571,.T.);
#7531=EDGE_CURVE('',#8801,#9556,#9572,.T.);
#7532=EDGE_CURVE('',#8803,#9554,#9573,.T.);
#7533=EDGE_CURVE('',#8805,#9552,#9574,.T.);
#7534=EDGE_CURVE('',#8807,#9550,#9575,.T.);
#7535=EDGE_CURVE('',#8384,#8382,#9576,.T.);
#7536=EDGE_CURVE('',#8063,#9577,#9578,.T.);
#7537=EDGE_CURVE('',#7979,#9577,#9579,.T.);
#7538=EDGE_CURVE('',#8064,#7983,#9580,.T.);
#7539=EDGE_CURVE('',#9577,#7986,#9581,.T.);
#7540=EDGE_CURVE('',#9582,#7987,#9583,.T.);
#7541=EDGE_CURVE('',#9582,#9577,#9584,.T.);
#7542=EDGE_CURVE('',#7978,#9582,#9585,.T.);
#7543=EDGE_CURVE('',#9586,#8072,#9587,.T.);
#7544=EDGE_CURVE('',#9588,#9586,#9589,.T.);
#7545=EDGE_CURVE('',#9590,#9588,#9591,.T.);
#7546=EDGE_CURVE('',#9592,#9590,#9593,.T.);
#7547=EDGE_CURVE('',#8068,#9592,#9594,.T.);
#7548=EDGE_CURVE('',#9595,#8080,#9596,.T.);
#7549=EDGE_CURVE('',#9597,#9595,#9598,.T.);
#7550=EDGE_CURVE('',#9599,#9597,#9600,.T.);
#7551=EDGE_CURVE('',#9601,#9599,#9602,.T.);
#7552=EDGE_CURVE('',#8076,#9601,#9603,.T.);
#7553=EDGE_CURVE('',#9592,#9604,#9605,.T.);
#7554=EDGE_CURVE('',#8067,#9604,#9606,.T.);
#7555=EDGE_CURVE('',#8075,#9607,#9608,.T.);
#7556=EDGE_CURVE('',#9607,#9609,#9610,.T.);
#7557=EDGE_CURVE('',#9609,#9611,#9612,.T.);
#7558=EDGE_CURVE('',#9611,#9613,#9614,.T.);
#7559=EDGE_CURVE('',#9613,#8078,#9615,.T.);
#7560=EDGE_CURVE('',#9604,#9616,#9617,.T.);
#7561=EDGE_CURVE('',#9616,#9618,#9619,.T.);
#7562=EDGE_CURVE('',#9618,#9620,#9621,.T.);
#7563=EDGE_CURVE('',#9620,#8070,#9622,.T.);
#7564=EDGE_CURVE('',#9595,#9613,#9623,.T.);
#7565=EDGE_CURVE('',#9597,#9611,#9624,.T.);
#7566=EDGE_CURVE('',#9599,#9609,#9625,.T.);
#7567=EDGE_CURVE('',#9601,#9607,#9626,.T.);
#7568=EDGE_CURVE('',#9586,#9620,#9627,.T.);
#7569=EDGE_CURVE('',#9588,#9618,#9628,.T.);
#7570=EDGE_CURVE('',#9590,#9616,#9629,.T.);
#7571=EDGE_CURVE('',#9630,#9631,#9632,.T.);
#7572=EDGE_CURVE('',#9631,#9633,#9634,.T.);
#7573=EDGE_CURVE('',#9633,#9635,#9636,.T.);
#7574=EDGE_CURVE('',#9635,#8091,#9637,.T.);
#7575=EDGE_CURVE('',#8096,#9630,#9638,.T.);
#7576=EDGE_CURVE('',#9639,#9640,#9641,.T.);
#7577=EDGE_CURVE('',#9640,#9642,#9643,.T.);
#7578=EDGE_CURVE('',#9642,#9644,#9645,.T.);
#7579=EDGE_CURVE('',#9644,#8083,#9646,.T.);
#7580=EDGE_CURVE('',#8088,#9639,#9647,.T.);
#7581=EDGE_CURVE('',#8094,#9648,#9649,.T.);
#7582=EDGE_CURVE('',#9630,#9648,#9650,.T.);
#7583=EDGE_CURVE('',#9648,#9651,#9652,.T.);
#7584=EDGE_CURVE('',#9631,#9651,#9653,.T.);
#7585=EDGE_CURVE('',#9651,#9654,#9655,.T.);
#7586=EDGE_CURVE('',#9633,#9654,#9656,.T.);
#7587=EDGE_CURVE('',#9654,#9657,#9658,.T.);
#7588=EDGE_CURVE('',#9635,#9657,#9659,.T.);
#7589=EDGE_CURVE('',#9657,#8092,#9660,.T.);
#7590=EDGE_CURVE('',#9661,#8084,#9662,.T.);
#7591=EDGE_CURVE('',#9663,#9661,#9664,.T.);
#7592=EDGE_CURVE('',#9665,#9663,#9666,.T.);
#7593=EDGE_CURVE('',#9667,#9665,#9668,.T.);
#7594=EDGE_CURVE('',#8086,#9667,#9669,.T.);
#7595=EDGE_CURVE('',#9639,#9667,#9670,.T.);
#7596=EDGE_CURVE('',#9640,#9665,#9671,.T.);
#7597=EDGE_CURVE('',#9642,#9663,#9672,.T.);
#7598=EDGE_CURVE('',#9644,#9661,#9673,.T.);
#7599=EDGE_CURVE('',#8104,#9674,#9675,.T.);
#7600=EDGE_CURVE('',#9676,#9674,#9677,.T.);
#7601=EDGE_CURVE('',#8100,#9676,#9678,.T.);
#7602=EDGE_CURVE('',#9679,#9676,#9680,.T.);
#7603=EDGE_CURVE('',#8099,#9679,#9681,.T.);
#7604=EDGE_CURVE('',#9682,#9679,#9683,.T.);
#7605=EDGE_CURVE('',#8102,#9682,#9684,.T.);
#7606=EDGE_CURVE('',#9674,#9682,#9685,.T.);
#7607=EDGE_CURVE('',#9686,#9687,#9688,.T.);
#7608=EDGE_CURVE('',#9687,#9689,#9690,.T.);
#7609=EDGE_CURVE('',#9689,#9691,#9692,.T.);
#7610=EDGE_CURVE('',#9691,#9686,#9693,.T.);
#7611=EDGE_CURVE('',#9694,#9695,#9696,.T.);
#7612=EDGE_CURVE('',#9695,#9697,#9698,.T.);
#7613=EDGE_CURVE('',#9697,#9699,#9700,.T.);
#7614=EDGE_CURVE('',#9699,#9694,#9701,.T.);
#7615=EDGE_CURVE('',#9702,#9703,#9704,.T.);
#7616=EDGE_CURVE('',#9703,#9705,#9706,.T.);
#7617=EDGE_CURVE('',#9705,#9707,#9708,.T.);
#7618=EDGE_CURVE('',#9707,#9702,#9709,.T.);
#7619=EDGE_CURVE('',#9710,#9711,#9712,.T.);
#7620=EDGE_CURVE('',#9711,#9713,#9714,.T.);
#7621=EDGE_CURVE('',#9713,#9715,#9716,.T.);
#7622=EDGE_CURVE('',#9715,#9710,#9717,.T.);
#7623=EDGE_CURVE('',#9718,#9719,#9720,.T.);
#7624=EDGE_CURVE('',#9719,#9721,#9722,.T.);
#7625=EDGE_CURVE('',#9721,#9723,#9724,.T.);
#7626=EDGE_CURVE('',#9723,#9718,#9725,.T.);
#7627=EDGE_CURVE('',#8112,#9686,#9726,.T.);
#7628=EDGE_CURVE('',#8108,#9691,#9727,.T.);
#7629=EDGE_CURVE('',#8107,#9689,#9728,.T.);
#7630=EDGE_CURVE('',#8110,#9687,#9729,.T.);
#7631=EDGE_CURVE('',#8120,#9694,#9730,.T.);
#7632=EDGE_CURVE('',#8116,#9699,#9731,.T.);
#7633=EDGE_CURVE('',#8115,#9697,#9732,.T.);
#7634=EDGE_CURVE('',#8118,#9695,#9733,.T.);
#7635=EDGE_CURVE('',#8128,#9702,#9734,.T.);
#7636=EDGE_CURVE('',#8124,#9707,#9735,.T.);
#7637=EDGE_CURVE('',#8123,#9705,#9736,.T.);
#7638=EDGE_CURVE('',#8126,#9703,#9737,.T.);
#7639=EDGE_CURVE('',#8136,#9710,#9738,.T.);
#7640=EDGE_CURVE('',#8132,#9715,#9739,.T.);
#7641=EDGE_CURVE('',#8131,#9713,#9740,.T.);
#7642=EDGE_CURVE('',#8134,#9711,#9741,.T.);
#7643=EDGE_CURVE('',#8144,#9718,#9742,.T.);
#7644=EDGE_CURVE('',#8140,#9723,#9743,.T.);
#7645=EDGE_CURVE('',#8139,#9721,#9744,.T.);
#7646=EDGE_CURVE('',#8142,#9719,#9745,.T.);
#7647=EDGE_CURVE('',#8152,#9746,#9747,.T.);
#7648=EDGE_CURVE('',#9748,#9746,#9749,.T.);
#7649=EDGE_CURVE('',#8148,#9748,#9750,.T.);
#7650=EDGE_CURVE('',#9751,#9748,#9752,.T.);
#7651=EDGE_CURVE('',#8147,#9751,#9753,.T.);
#7652=EDGE_CURVE('',#9754,#9751,#9755,.T.);
#7653=EDGE_CURVE('',#8150,#9754,#9756,.T.);
#7654=EDGE_CURVE('',#9746,#9754,#9757,.T.);
#7655=EDGE_CURVE('',#9758,#9759,#9760,.T.);
#7656=EDGE_CURVE('',#9759,#9761,#9762,.T.);
#7657=EDGE_CURVE('',#9761,#9763,#9764,.T.);
#7658=EDGE_CURVE('',#9763,#9758,#9765,.T.);
#7659=EDGE_CURVE('',#9766,#9767,#9768,.T.);
#7660=EDGE_CURVE('',#9767,#9769,#9770,.T.);
#7661=EDGE_CURVE('',#9769,#9771,#9772,.T.);
#7662=EDGE_CURVE('',#9771,#9766,#9773,.T.);
#7663=EDGE_CURVE('',#9774,#9775,#9776,.T.);
#7664=EDGE_CURVE('',#9775,#9777,#9778,.T.);
#7665=EDGE_CURVE('',#9777,#9779,#9780,.T.);
#7666=EDGE_CURVE('',#9779,#9774,#9781,.T.);
#7667=EDGE_CURVE('',#9782,#9783,#9784,.T.);
#7668=EDGE_CURVE('',#9783,#9785,#9786,.T.);
#7669=EDGE_CURVE('',#9785,#9787,#9788,.T.);
#7670=EDGE_CURVE('',#9787,#9782,#9789,.T.);
#7671=EDGE_CURVE('',#9790,#9791,#9792,.T.);
#7672=EDGE_CURVE('',#9791,#9793,#9794,.T.);
#7673=EDGE_CURVE('',#9793,#9795,#9796,.T.);
#7674=EDGE_CURVE('',#9795,#9790,#9797,.T.);
#7675=EDGE_CURVE('',#8160,#9758,#9798,.T.);
#7676=EDGE_CURVE('',#8156,#9763,#9799,.T.);
#7677=EDGE_CURVE('',#8155,#9761,#9800,.T.);
#7678=EDGE_CURVE('',#8158,#9759,#9801,.T.);
#7679=EDGE_CURVE('',#8168,#9766,#9802,.T.);
#7680=EDGE_CURVE('',#8164,#9771,#9803,.T.);
#7681=EDGE_CURVE('',#8163,#9769,#9804,.T.);
#7682=EDGE_CURVE('',#8166,#9767,#9805,.T.);
#7683=EDGE_CURVE('',#8176,#9774,#9806,.T.);
#7684=EDGE_CURVE('',#8172,#9779,#9807,.T.);
#7685=EDGE_CURVE('',#8171,#9777,#9808,.T.);
#7686=EDGE_CURVE('',#8174,#9775,#9809,.T.);
#7687=EDGE_CURVE('',#8184,#9782,#9810,.T.);
#7688=EDGE_CURVE('',#8180,#9787,#9811,.T.);
#7689=EDGE_CURVE('',#8179,#9785,#9812,.T.);
#7690=EDGE_CURVE('',#8182,#9783,#9813,.T.);
#7691=EDGE_CURVE('',#8192,#9790,#9814,.T.);
#7692=EDGE_CURVE('',#8188,#9795,#9815,.T.);
#7693=EDGE_CURVE('',#8187,#9793,#9816,.T.);
#7694=EDGE_CURVE('',#8190,#9791,#9817,.T.);
#7695=EDGE_CURVE('',#8200,#9818,#9819,.T.);
#7696=EDGE_CURVE('',#9820,#9818,#9821,.T.);
#7697=EDGE_CURVE('',#8196,#9820,#9822,.T.);
#7698=EDGE_CURVE('',#9823,#9820,#9824,.T.);
#7699=EDGE_CURVE('',#8195,#9823,#9825,.T.);
#7700=EDGE_CURVE('',#9826,#9823,#9827,.T.);
#7701=EDGE_CURVE('',#8198,#9826,#9828,.T.);
#7702=EDGE_CURVE('',#9818,#9826,#9829,.T.);
#7703=EDGE_CURVE('',#9830,#9831,#9832,.T.);
#7704=EDGE_CURVE('',#9831,#9833,#9834,.T.);
#7705=EDGE_CURVE('',#9833,#9835,#9836,.T.);
#7706=EDGE_CURVE('',#9835,#9830,#9837,.T.);
#7707=EDGE_CURVE('',#9838,#9839,#9840,.T.);
#7708=EDGE_CURVE('',#9839,#9841,#9842,.T.);
#7709=EDGE_CURVE('',#9841,#9843,#9844,.T.);
#7710=EDGE_CURVE('',#9843,#9838,#9845,.T.);
#7711=EDGE_CURVE('',#9846,#9847,#9848,.T.);
#7712=EDGE_CURVE('',#9847,#9849,#9850,.T.);
#7713=EDGE_CURVE('',#9849,#9851,#9852,.T.);
#7714=EDGE_CURVE('',#9851,#9846,#9853,.T.);
#7715=EDGE_CURVE('',#9854,#9855,#9856,.T.);
#7716=EDGE_CURVE('',#9855,#9857,#9858,.T.);
#7717=EDGE_CURVE('',#9857,#9859,#9860,.T.);
#7718=EDGE_CURVE('',#9859,#9854,#9861,.T.);
#7719=EDGE_CURVE('',#9862,#9863,#9864,.T.);
#7720=EDGE_CURVE('',#9863,#9865,#9866,.T.);
#7721=EDGE_CURVE('',#9865,#9867,#9868,.T.);
#7722=EDGE_CURVE('',#9867,#9862,#9869,.T.);
#7723=EDGE_CURVE('',#8208,#9830,#9870,.T.);
#7724=EDGE_CURVE('',#8204,#9835,#9871,.T.);
#7725=EDGE_CURVE('',#8203,#9833,#9872,.T.);
#7726=EDGE_CURVE('',#8206,#9831,#9873,.T.);
#7727=EDGE_CURVE('',#8216,#9838,#9874,.T.);
#7728=EDGE_CURVE('',#8212,#9843,#9875,.T.);
#7729=EDGE_CURVE('',#8211,#9841,#9876,.T.);
#7730=EDGE_CURVE('',#8214,#9839,#9877,.T.);
#7731=EDGE_CURVE('',#8224,#9846,#9878,.T.);
#7732=EDGE_CURVE('',#8220,#9851,#9879,.T.);
#7733=EDGE_CURVE('',#8219,#9849,#9880,.T.);
#7734=EDGE_CURVE('',#8222,#9847,#9881,.T.);
#7735=EDGE_CURVE('',#8232,#9854,#9882,.T.);
#7736=EDGE_CURVE('',#8228,#9859,#9883,.T.);
#7737=EDGE_CURVE('',#8227,#9857,#9884,.T.);
#7738=EDGE_CURVE('',#8230,#9855,#9885,.T.);
#7739=EDGE_CURVE('',#8240,#9862,#9886,.T.);
#7740=EDGE_CURVE('',#8236,#9867,#9887,.T.);
#7741=EDGE_CURVE('',#8235,#9865,#9888,.T.);
#7742=EDGE_CURVE('',#8238,#9863,#9889,.T.);
#7743=EDGE_CURVE('',#8248,#9890,#9891,.T.);
#7744=EDGE_CURVE('',#9892,#9890,#9893,.T.);
#7745=EDGE_CURVE('',#8244,#9892,#9894,.T.);
#7746=EDGE_CURVE('',#9895,#9892,#9896,.T.);
#7747=EDGE_CURVE('',#8243,#9895,#9897,.T.);
#7748=EDGE_CURVE('',#9898,#9895,#9899,.T.);
#7749=EDGE_CURVE('',#8246,#9898,#9900,.T.);
#7750=EDGE_CURVE('',#9890,#9898,#9901,.T.);
#7751=EDGE_CURVE('',#9902,#9903,#9904,.T.);
#7752=EDGE_CURVE('',#9903,#9905,#9906,.T.);
#7753=EDGE_CURVE('',#9905,#9907,#9908,.T.);
#7754=EDGE_CURVE('',#9907,#9902,#9909,.T.);
#7755=EDGE_CURVE('',#9910,#9911,#9912,.T.);
#7756=EDGE_CURVE('',#9911,#9913,#9914,.T.);
#7757=EDGE_CURVE('',#9913,#9915,#9916,.T.);
#7758=EDGE_CURVE('',#9915,#9910,#9917,.T.);
#7759=EDGE_CURVE('',#9918,#9919,#9920,.T.);
#7760=EDGE_CURVE('',#9919,#9921,#9922,.T.);
#7761=EDGE_CURVE('',#9921,#9923,#9924,.T.);
#7762=EDGE_CURVE('',#9923,#9918,#9925,.T.);
#7763=EDGE_CURVE('',#9926,#9927,#9928,.T.);
#7764=EDGE_CURVE('',#9927,#9929,#9930,.T.);
#7765=EDGE_CURVE('',#9929,#9931,#9932,.T.);
#7766=EDGE_CURVE('',#9931,#9926,#9933,.T.);
#7767=EDGE_CURVE('',#9934,#9935,#9936,.T.);
#7768=EDGE_CURVE('',#9935,#9937,#9938,.T.);
#7769=EDGE_CURVE('',#9937,#9939,#9940,.T.);
#7770=EDGE_CURVE('',#9939,#9934,#9941,.T.);
#7771=EDGE_CURVE('',#8256,#9902,#9942,.T.);
#7772=EDGE_CURVE('',#8252,#9907,#9943,.T.);
#7773=EDGE_CURVE('',#8251,#9905,#9944,.T.);
#7774=EDGE_CURVE('',#8254,#9903,#9945,.T.);
#7775=EDGE_CURVE('',#8264,#9910,#9946,.T.);
#7776=EDGE_CURVE('',#8260,#9915,#9947,.T.);
#7777=EDGE_CURVE('',#8259,#9913,#9948,.T.);
#7778=EDGE_CURVE('',#8262,#9911,#9949,.T.);
#7779=EDGE_CURVE('',#8272,#9918,#9950,.T.);
#7780=EDGE_CURVE('',#8268,#9923,#9951,.T.);
#7781=EDGE_CURVE('',#8267,#9921,#9952,.T.);
#7782=EDGE_CURVE('',#8270,#9919,#9953,.T.);
#7783=EDGE_CURVE('',#8280,#9926,#9954,.T.);
#7784=EDGE_CURVE('',#8276,#9931,#9955,.T.);
#7785=EDGE_CURVE('',#8275,#9929,#9956,.T.);
#7786=EDGE_CURVE('',#8278,#9927,#9957,.T.);
#7787=EDGE_CURVE('',#8288,#9934,#9958,.T.);
#7788=EDGE_CURVE('',#8284,#9939,#9959,.T.);
#7789=EDGE_CURVE('',#8283,#9937,#9960,.T.);
#7790=EDGE_CURVE('',#8286,#9935,#9961,.T.);
#7791=EDGE_CURVE('',#8296,#9962,#9963,.T.);
#7792=EDGE_CURVE('',#9964,#9962,#9965,.T.);
#7793=EDGE_CURVE('',#8292,#9964,#9966,.T.);
#7794=EDGE_CURVE('',#9967,#9964,#9968,.T.);
#7795=EDGE_CURVE('',#8291,#9967,#9969,.T.);
#7796=EDGE_CURVE('',#9970,#9967,#9971,.T.);
#7797=EDGE_CURVE('',#8294,#9970,#9972,.T.);
#7798=EDGE_CURVE('',#9962,#9970,#9973,.T.);
#7799=EDGE_CURVE('',#9974,#9975,#9976,.T.);
#7800=EDGE_CURVE('',#9975,#9977,#9978,.T.);
#7801=EDGE_CURVE('',#9977,#9979,#9980,.T.);
#7802=EDGE_CURVE('',#9979,#9974,#9981,.T.);
#7803=EDGE_CURVE('',#9982,#9983,#9984,.T.);
#7804=EDGE_CURVE('',#9983,#9985,#9986,.T.);
#7805=EDGE_CURVE('',#9985,#9987,#9988,.T.);
#7806=EDGE_CURVE('',#9987,#9982,#9989,.T.);
#7807=EDGE_CURVE('',#9990,#9991,#9992,.T.);
#7808=EDGE_CURVE('',#9991,#9993,#9994,.T.);
#7809=EDGE_CURVE('',#9993,#9995,#9996,.T.);
#7810=EDGE_CURVE('',#9995,#9990,#9997,.T.);
#7811=EDGE_CURVE('',#9998,#9999,#10000,.T.);
#7812=EDGE_CURVE('',#9999,#10001,#10002,.T.);
#7813=EDGE_CURVE('',#10001,#10003,#10004,.T.);
#7814=EDGE_CURVE('',#10003,#9998,#10005,.T.);
#7815=EDGE_CURVE('',#10006,#10007,#10008,.T.);
#7816=EDGE_CURVE('',#10007,#10009,#10010,.T.);
#7817=EDGE_CURVE('',#10009,#10011,#10012,.T.);
#7818=EDGE_CURVE('',#10011,#10006,#10013,.T.);
#7819=EDGE_CURVE('',#8304,#9974,#10014,.T.);
#7820=EDGE_CURVE('',#8300,#9979,#10015,.T.);
#7821=EDGE_CURVE('',#8299,#9977,#10016,.T.);
#7822=EDGE_CURVE('',#8302,#9975,#10017,.T.);
#7823=EDGE_CURVE('',#8312,#9982,#10018,.T.);
#7824=EDGE_CURVE('',#8308,#9987,#10019,.T.);
#7825=EDGE_CURVE('',#8307,#9985,#10020,.T.);
#7826=EDGE_CURVE('',#8310,#9983,#10021,.T.);
#7827=EDGE_CURVE('',#8320,#9990,#10022,.T.);
#7828=EDGE_CURVE('',#8316,#9995,#10023,.T.);
#7829=EDGE_CURVE('',#8315,#9993,#10024,.T.);
#7830=EDGE_CURVE('',#8318,#9991,#10025,.T.);
#7831=EDGE_CURVE('',#8328,#9998,#10026,.T.);
#7832=EDGE_CURVE('',#8324,#10003,#10027,.T.);
#7833=EDGE_CURVE('',#8323,#10001,#10028,.T.);
#7834=EDGE_CURVE('',#8326,#9999,#10029,.T.);
#7835=EDGE_CURVE('',#8336,#10006,#10030,.T.);
#7836=EDGE_CURVE('',#8332,#10011,#10031,.T.);
#7837=EDGE_CURVE('',#8331,#10009,#10032,.T.);
#7838=EDGE_CURVE('',#8334,#10007,#10033,.T.);
#7839=CARTESIAN_POINT('',(20.0,8.43,-10.7));
#7840=DIRECTION('',(0.0,0.0,-1.0));
#7841=DIRECTION('',(-1.0,0.0,0.0));
#7842=CARTESIAN_POINT('',(20.0,8.43,-10.7));
#7843=DIRECTION('',(0.0,0.0,-1.0));
#7844=DIRECTION('',(1.0,0.0,0.0));
#7845=CARTESIAN_POINT('',(20.0,4.03,-10.7));
#7846=DIRECTION('',(0.0,0.0,-1.0));
#7847=DIRECTION('',(-1.0,0.0,0.0));
#7848=CARTESIAN_POINT('',(20.0,4.03,-10.7));
#7849=DIRECTION('',(0.0,0.0,-1.0));
#7850=DIRECTION('',(1.0,0.0,0.0));
#7851=CARTESIAN_POINT('',(20.0,-8.43,-10.7));
#7852=DIRECTION('',(0.0,0.0,-1.0));
#7853=DIRECTION('',(-1.0,0.0,0.0));
#7854=CARTESIAN_POINT('',(20.0,-8.43,-10.7));
#7855=DIRECTION('',(0.0,0.0,-1.0));
#7856=DIRECTION('',(1.0,0.0,0.0));
#7857=CARTESIAN_POINT('',(20.0,-4.03,-10.7));
#7858=DIRECTION('',(0.0,0.0,-1.0));
#7859=DIRECTION('',(-1.0,0.0,0.0));
#7860=CARTESIAN_POINT('',(20.0,-4.03,-10.7));
#7861=DIRECTION('',(0.0,0.0,-1.0));
#7862=DIRECTION('',(1.0,0.0,0.0));
#7863=CARTESIAN_POINT('',(10.0,8.43,-10.7));
#7864=DIRECTION('',(0.0,0.0,-1.0));
#7865=DIRECTION('',(-1.0,0.0,0.0));
#7866=CARTESIAN_POINT('',(10.0,8.43,-10.7));
#7867=DIRECTION('',(0.0,0.0,-1.0));
#7868=DIRECTION('',(1.0,0.0,0.0));
#7869=CARTESIAN_POINT('',(10.0,4.03,-10.7));
#7870=DIRECTION('',(0.0,0.0,-1.0));
#7871=DIRECTION('',(-1.0,0.0,0.0));
#7872=CARTESIAN_POINT('',(10.0,4.03,-10.7));
#7873=DIRECTION('',(0.0,0.0,-1.0));
#7874=DIRECTION('',(1.0,0.0,0.0));
#7875=CARTESIAN_POINT('',(10.0,-8.43,-10.7));
#7876=DIRECTION('',(0.0,0.0,-1.0));
#7877=DIRECTION('',(-1.0,0.0,0.0));
#7878=CARTESIAN_POINT('',(10.0,-8.43,-10.7));
#7879=DIRECTION('',(0.0,0.0,-1.0));
#7880=DIRECTION('',(1.0,0.0,0.0));
#7881=CARTESIAN_POINT('',(10.0,-4.03,-10.7));
#7882=DIRECTION('',(0.0,0.0,-1.0));
#7883=DIRECTION('',(-1.0,0.0,0.0));
#7884=CARTESIAN_POINT('',(10.0,-4.03,-10.7));
#7885=DIRECTION('',(0.0,0.0,-1.0));
#7886=DIRECTION('',(1.0,0.0,0.0));
#7887=CARTESIAN_POINT('',(0.0,8.43,-10.7));
#7888=DIRECTION('',(0.0,0.0,-1.0));
#7889=DIRECTION('',(-1.0,0.0,0.0));
#7890=CARTESIAN_POINT('',(0.0,8.43,-10.7));
#7891=DIRECTION('',(0.0,0.0,-1.0));
#7892=DIRECTION('',(1.0,0.0,0.0));
#7893=CARTESIAN_POINT('',(0.0,4.03,-10.7));
#7894=DIRECTION('',(0.0,0.0,-1.0));
#7895=DIRECTION('',(-1.0,0.0,0.0));
#7896=CARTESIAN_POINT('',(0.0,4.03,-10.7));
#7897=DIRECTION('',(0.0,0.0,-1.0));
#7898=DIRECTION('',(1.0,0.0,0.0));
#7899=CARTESIAN_POINT('',(0.0,-8.43,-10.7));
#7900=DIRECTION('',(0.0,0.0,-1.0));
#7901=DIRECTION('',(-1.0,0.0,0.0));
#7902=CARTESIAN_POINT('',(0.0,-8.43,-10.7));
#7903=DIRECTION('',(0.0,0.0,-1.0));
#7904=DIRECTION('',(1.0,0.0,0.0));
#7905=CARTESIAN_POINT('',(0.0,-4.03,-10.7));
#7906=DIRECTION('',(0.0,0.0,-1.0));
#7907=DIRECTION('',(-1.0,0.0,0.0));
#7908=CARTESIAN_POINT('',(0.0,-4.03,-10.7));
#7909=DIRECTION('',(0.0,0.0,-1.0));
#7910=DIRECTION('',(1.0,0.0,0.0));
#7911=CARTESIAN_POINT('',(-10.0,8.43,-10.7));
#7912=DIRECTION('',(0.0,0.0,-1.0));
#7913=DIRECTION('',(-1.0,0.0,0.0));
#7914=CARTESIAN_POINT('',(-10.0,8.43,-10.7));
#7915=DIRECTION('',(0.0,0.0,-1.0));
#7916=DIRECTION('',(1.0,0.0,0.0));
#7917=CARTESIAN_POINT('',(-10.0,4.03,-10.7));
#7918=DIRECTION('',(0.0,0.0,-1.0));
#7919=DIRECTION('',(-1.0,0.0,0.0));
#7920=CARTESIAN_POINT('',(-10.0,4.03,-10.7));
#7921=DIRECTION('',(0.0,0.0,-1.0));
#7922=DIRECTION('',(1.0,0.0,0.0));
#7923=CARTESIAN_POINT('',(-10.0,-8.43,-10.7));
#7924=DIRECTION('',(0.0,0.0,-1.0));
#7925=DIRECTION('',(-1.0,0.0,0.0));
#7926=CARTESIAN_POINT('',(-10.0,-8.43,-10.7));
#7927=DIRECTION('',(0.0,0.0,-1.0));
#7928=DIRECTION('',(1.0,0.0,0.0));
#7929=CARTESIAN_POINT('',(-10.0,-4.03,-10.7));
#7930=DIRECTION('',(0.0,0.0,-1.0));
#7931=DIRECTION('',(-1.0,0.0,0.0));
#7932=CARTESIAN_POINT('',(-10.0,-4.03,-10.7));
#7933=DIRECTION('',(0.0,0.0,-1.0));
#7934=DIRECTION('',(1.0,0.0,0.0));
#7935=CARTESIAN_POINT('',(-20.0,8.43,-10.7));
#7936=DIRECTION('',(0.0,0.0,-1.0));
#7937=DIRECTION('',(-1.0,0.0,0.0));
#7938=CARTESIAN_POINT('',(-20.0,8.43,-10.7));
#7939=DIRECTION('',(0.0,0.0,-1.0));
#7940=DIRECTION('',(1.0,0.0,0.0));
#7941=CARTESIAN_POINT('',(-20.0,4.03,-10.7));
#7942=DIRECTION('',(0.0,0.0,-1.0));
#7943=DIRECTION('',(-1.0,0.0,0.0));
#7944=CARTESIAN_POINT('',(-20.0,4.03,-10.7));
#7945=DIRECTION('',(0.0,0.0,-1.0));
#7946=DIRECTION('',(1.0,0.0,0.0));
#7947=CARTESIAN_POINT('',(-20.0,-8.43,-10.7));
#7948=DIRECTION('',(0.0,0.0,-1.0));
#7949=DIRECTION('',(-1.0,0.0,0.0));
#7950=CARTESIAN_POINT('',(-20.0,-8.43,-10.7));
#7951=DIRECTION('',(0.0,0.0,-1.0));
#7952=DIRECTION('',(1.0,0.0,0.0));
#7953=CARTESIAN_POINT('',(-20.0,-4.03,-10.7));
#7954=DIRECTION('',(0.0,0.0,-1.0));
#7955=DIRECTION('',(-1.0,0.0,0.0));
#7956=CARTESIAN_POINT('',(-20.0,-4.03,-10.7));
#7957=DIRECTION('',(0.0,0.0,-1.0));
#7958=DIRECTION('',(1.0,0.0,0.0));
#7959=CARTESIAN_POINT('',(15.0,0.0,-10.7));
#7960=DIRECTION('',(0.0,0.0,-1.0));
#7961=DIRECTION('',(-1.0,0.0,0.0));
#7962=CARTESIAN_POINT('',(15.0,0.0,-10.7));
#7963=DIRECTION('',(0.0,0.0,-1.0));
#7964=DIRECTION('',(1.0,0.0,0.0));
#7965=CARTESIAN_POINT('',(25.7,0.0,-10.7));
#7966=DIRECTION('',(0.0,0.0,-1.0));
#7967=DIRECTION('',(-1.0,0.0,0.0));
#7968=CARTESIAN_POINT('',(25.7,0.0,-10.7));
#7969=DIRECTION('',(0.0,0.0,-1.0));
#7970=DIRECTION('',(1.0,0.0,0.0));
#7971=CARTESIAN_POINT('',(-25.71,0.0,-10.7));
#7972=DIRECTION('',(0.0,0.0,-1.0));
#7973=DIRECTION('',(-1.0,0.0,0.0));
#7974=CARTESIAN_POINT('',(-25.71,0.0,-10.7));
#7975=DIRECTION('',(0.0,0.0,-1.0));
#7976=DIRECTION('',(1.0,0.0,0.0));
#7977=DIRECTION('',(0.0,0.0,-1.0));
#7978=VERTEX_POINT('',#10034);
#7979=VERTEX_POINT('',#10035);
#7980=LINE('',#10036,#10037);
#7981=VERTEX_POINT('',#10038);
#7982=CIRCLE('',#10039,0.8749999439075);
#7983=VERTEX_POINT('',#10040);
#7984=LINE('',#10041,#10042);
#7985=CIRCLE('',#10043,1.375);
#7986=VERTEX_POINT('',#10044);
#7987=VERTEX_POINT('',#10045);
#7988=LINE('',#10046,#10047);
#7989=CIRCLE('',#10048,1.375);
#7990=CIRCLE('',#10049,0.8749999439075);
#7991=VERTEX_POINT('',#10050);
#7992=VERTEX_POINT('',#10051);
#7993=LINE('',#10052,#10053);
#7994=VERTEX_POINT('',#10054);
#7995=LINE('',#10055,#10056);
#7996=VERTEX_POINT('',#10057);
#7997=LINE('',#10058,#10059);
#7998=VERTEX_POINT('',#10060);
#7999=LINE('',#10061,#10062);
#8000=VERTEX_POINT('',#10063);
#8001=LINE('',#10064,#10065);
#8002=VERTEX_POINT('',#10066);
#8003=LINE('',#10067,#10068);
#8004=VERTEX_POINT('',#10069);
#8005=LINE('',#10070,#10071);
#8006=VERTEX_POINT('',#10072);
#8007=LINE('',#10073,#10074);
#8008=VERTEX_POINT('',#10075);
#8009=LINE('',#10076,#10077);
#8010=VERTEX_POINT('',#10078);
#8011=LINE('',#10079,#10080);
#8012=VERTEX_POINT('',#10081);
#8013=LINE('',#10082,#10083);
#8014=VERTEX_POINT('',#10084);
#8015=LINE('',#10085,#10086);
#8016=VERTEX_POINT('',#10087);
#8017=LINE('',#10088,#10089);
#8018=VERTEX_POINT('',#10090);
#8019=LINE('',#10091,#10092);
#8020=VERTEX_POINT('',#10093);
#8021=LINE('',#10094,#10095);
#8022=VERTEX_POINT('',#10096);
#8023=LINE('',#10097,#10098);
#8024=VERTEX_POINT('',#10099);
#8025=LINE('',#10100,#10101);
#8026=VERTEX_POINT('',#10102);
#8027=LINE('',#10103,#10104);
#8028=VERTEX_POINT('',#10105);
#8029=LINE('',#10106,#10107);
#8030=VERTEX_POINT('',#10108);
#8031=LINE('',#10109,#10110);
#8032=VERTEX_POINT('',#10111);
#8033=LINE('',#10112,#10113);
#8034=VERTEX_POINT('',#10114);
#8035=LINE('',#10115,#10116);
#8036=VERTEX_POINT('',#10117);
#8037=LINE('',#10118,#10119);
#8038=VERTEX_POINT('',#10120);
#8039=LINE('',#10121,#10122);
#8040=VERTEX_POINT('',#10123);
#8041=LINE('',#10124,#10125);
#8042=VERTEX_POINT('',#10126);
#8043=LINE('',#10127,#10128);
#8044=VERTEX_POINT('',#10129);
#8045=LINE('',#10130,#10131);
#8046=VERTEX_POINT('',#10132);
#8047=LINE('',#10133,#10134);
#8048=VERTEX_POINT('',#10135);
#8049=LINE('',#10136,#10137);
#8050=VERTEX_POINT('',#10138);
#8051=LINE('',#10139,#10140);
#8052=VERTEX_POINT('',#10141);
#8053=LINE('',#10142,#10143);
#8054=VERTEX_POINT('',#10144);
#8055=LINE('',#10145,#10146);
#8056=VERTEX_POINT('',#10147);
#8057=LINE('',#10148,#10149);
#8058=VERTEX_POINT('',#10150);
#8059=LINE('',#10151,#10152);
#8060=VERTEX_POINT('',#10153);
#8061=LINE('',#10154,#10155);
#8062=LINE('',#10156,#10157);
#8063=VERTEX_POINT('',#10158);
#8064=VERTEX_POINT('',#10159);
#8065=CIRCLE('',#10160,1.375);
#8066=CIRCLE('',#10161,1.375);
#8067=VERTEX_POINT('',#10162);
#8068=VERTEX_POINT('',#10163);
#8069=LINE('',#10164,#10165);
#8070=VERTEX_POINT('',#10166);
#8071=LINE('',#10167,#10168);
#8072=VERTEX_POINT('',#10169);
#8073=LINE('',#10170,#10171);
#8074=LINE('',#10172,#10173);
#8075=VERTEX_POINT('',#10174);
#8076=VERTEX_POINT('',#10175);
#8077=LINE('',#10176,#10177);
#8078=VERTEX_POINT('',#10178);
#8079=LINE('',#10179,#10180);
#8080=VERTEX_POINT('',#10181);
#8081=LINE('',#10182,#10183);
#8082=LINE('',#10184,#10185);
#8083=VERTEX_POINT('',#10186);
#8084=VERTEX_POINT('',#10187);
#8085=LINE('',#10188,#10189);
#8086=VERTEX_POINT('',#10190);
#8087=LINE('',#10191,#10192);
#8088=VERTEX_POINT('',#10193);
#8089=LINE('',#10194,#10195);
#8090=LINE('',#10196,#10197);
#8091=VERTEX_POINT('',#10198);
#8092=VERTEX_POINT('',#10199);
#8093=LINE('',#10200,#10201);
#8094=VERTEX_POINT('',#10202);
#8095=LINE('',#10203,#10204);
#8096=VERTEX_POINT('',#10205);
#8097=LINE('',#10206,#10207);
#8098=LINE('',#10208,#10209);
#8099=VERTEX_POINT('',#10210);
#8100=VERTEX_POINT('',#10211);
#8101=LINE('',#10212,#10213);
#8102=VERTEX_POINT('',#10214);
#8103=LINE('',#10215,#10216);
#8104=VERTEX_POINT('',#10217);
#8105=LINE('',#10218,#10219);
#8106=LINE('',#10220,#10221);
#8107=VERTEX_POINT('',#10222);
#8108=VERTEX_POINT('',#10223);
#8109=LINE('',#10224,#10225);
#8110=VERTEX_POINT('',#10226);
#8111=LINE('',#10227,#10228);
#8112=VERTEX_POINT('',#10229);
#8113=LINE('',#10230,#10231);
#8114=LINE('',#10232,#10233);
#8115=VERTEX_POINT('',#10234);
#8116=VERTEX_POINT('',#10235);
#8117=LINE('',#10236,#10237);
#8118=VERTEX_POINT('',#10238);
#8119=LINE('',#10239,#10240);
#8120=VERTEX_POINT('',#10241);
#8121=LINE('',#10242,#10243);
#8122=LINE('',#10244,#10245);
#8123=VERTEX_POINT('',#10246);
#8124=VERTEX_POINT('',#10247);
#8125=LINE('',#10248,#10249);
#8126=VERTEX_POINT('',#10250);
#8127=LINE('',#10251,#10252);
#8128=VERTEX_POINT('',#10253);
#8129=LINE('',#10254,#10255);
#8130=LINE('',#10256,#10257);
#8131=VERTEX_POINT('',#10258);
#8132=VERTEX_POINT('',#10259);
#8133=LINE('',#10260,#10261);
#8134=VERTEX_POINT('',#10262);
#8135=LINE('',#10263,#10264);
#8136=VERTEX_POINT('',#10265);
#8137=LINE('',#10266,#10267);
#8138=LINE('',#10268,#10269);
#8139=VERTEX_POINT('',#10270);
#8140=VERTEX_POINT('',#10271);
#8141=LINE('',#10272,#10273);
#8142=VERTEX_POINT('',#10274);
#8143=LINE('',#10275,#10276);
#8144=VERTEX_POINT('',#10277);
#8145=LINE('',#10278,#10279);
#8146=LINE('',#10280,#10281);
#8147=VERTEX_POINT('',#10282);
#8148=VERTEX_POINT('',#10283);
#8149=LINE('',#10284,#10285);
#8150=VERTEX_POINT('',#10286);
#8151=LINE('',#10287,#10288);
#8152=VERTEX_POINT('',#10289);
#8153=LINE('',#10290,#10291);
#8154=LINE('',#10292,#10293);
#8155=VERTEX_POINT('',#10294);
#8156=VERTEX_POINT('',#10295);
#8157=LINE('',#10296,#10297);
#8158=VERTEX_POINT('',#10298);
#8159=LINE('',#10299,#10300);
#8160=VERTEX_POINT('',#10301);
#8161=LINE('',#10302,#10303);
#8162=LINE('',#10304,#10305);
#8163=VERTEX_POINT('',#10306);
#8164=VERTEX_POINT('',#10307);
#8165=LINE('',#10308,#10309);
#8166=VERTEX_POINT('',#10310);
#8167=LINE('',#10311,#10312);
#8168=VERTEX_POINT('',#10313);
#8169=LINE('',#10314,#10315);
#8170=LINE('',#10316,#10317);
#8171=VERTEX_POINT('',#10318);
#8172=VERTEX_POINT('',#10319);
#8173=LINE('',#10320,#10321);
#8174=VERTEX_POINT('',#10322);
#8175=LINE('',#10323,#10324);
#8176=VERTEX_POINT('',#10325);
#8177=LINE('',#10326,#10327);
#8178=LINE('',#10328,#10329);
#8179=VERTEX_POINT('',#10330);
#8180=VERTEX_POINT('',#10331);
#8181=LINE('',#10332,#10333);
#8182=VERTEX_POINT('',#10334);
#8183=LINE('',#10335,#10336);
#8184=VERTEX_POINT('',#10337);
#8185=LINE('',#10338,#10339);
#8186=LINE('',#10340,#10341);
#8187=VERTEX_POINT('',#10342);
#8188=VERTEX_POINT('',#10343);
#8189=LINE('',#10344,#10345);
#8190=VERTEX_POINT('',#10346);
#8191=LINE('',#10347,#10348);
#8192=VERTEX_POINT('',#10349);
#8193=LINE('',#10350,#10351);
#8194=LINE('',#10352,#10353);
#8195=VERTEX_POINT('',#10354);
#8196=VERTEX_POINT('',#10355);
#8197=LINE('',#10356,#10357);
#8198=VERTEX_POINT('',#10358);
#8199=LINE('',#10359,#10360);
#8200=VERTEX_POINT('',#10361);
#8201=LINE('',#10362,#10363);
#8202=LINE('',#10364,#10365);
#8203=VERTEX_POINT('',#10366);
#8204=VERTEX_POINT('',#10367);
#8205=LINE('',#10368,#10369);
#8206=VERTEX_POINT('',#10370);
#8207=LINE('',#10371,#10372);
#8208=VERTEX_POINT('',#10373);
#8209=LINE('',#10374,#10375);
#8210=LINE('',#10376,#10377);
#8211=VERTEX_POINT('',#10378);
#8212=VERTEX_POINT('',#10379);
#8213=LINE('',#10380,#10381);
#8214=VERTEX_POINT('',#10382);
#8215=LINE('',#10383,#10384);
#8216=VERTEX_POINT('',#10385);
#8217=LINE('',#10386,#10387);
#8218=LINE('',#10388,#10389);
#8219=VERTEX_POINT('',#10390);
#8220=VERTEX_POINT('',#10391);
#8221=LINE('',#10392,#10393);
#8222=VERTEX_POINT('',#10394);
#8223=LINE('',#10395,#10396);
#8224=VERTEX_POINT('',#10397);
#8225=LINE('',#10398,#10399);
#8226=LINE('',#10400,#10401);
#8227=VERTEX_POINT('',#10402);
#8228=VERTEX_POINT('',#10403);
#8229=LINE('',#10404,#10405);
#8230=VERTEX_POINT('',#10406);
#8231=LINE('',#10407,#10408);
#8232=VERTEX_POINT('',#10409);
#8233=LINE('',#10410,#10411);
#8234=LINE('',#10412,#10413);
#8235=VERTEX_POINT('',#10414);
#8236=VERTEX_POINT('',#10415);
#8237=LINE('',#10416,#10417);
#8238=VERTEX_POINT('',#10418);
#8239=LINE('',#10419,#10420);
#8240=VERTEX_POINT('',#10421);
#8241=LINE('',#10422,#10423);
#8242=LINE('',#10424,#10425);
#8243=VERTEX_POINT('',#10426);
#8244=VERTEX_POINT('',#10427);
#8245=LINE('',#10428,#10429);
#8246=VERTEX_POINT('',#10430);
#8247=LINE('',#10431,#10432);
#8248=VERTEX_POINT('',#10433);
#8249=LINE('',#10434,#10435);
#8250=LINE('',#10436,#10437);
#8251=VERTEX_POINT('',#10438);
#8252=VERTEX_POINT('',#10439);
#8253=LINE('',#10440,#10441);
#8254=VERTEX_POINT('',#10442);
#8255=LINE('',#10443,#10444);
#8256=VERTEX_POINT('',#10445);
#8257=LINE('',#10446,#10447);
#8258=LINE('',#10448,#10449);
#8259=VERTEX_POINT('',#10450);
#8260=VERTEX_POINT('',#10451);
#8261=LINE('',#10452,#10453);
#8262=VERTEX_POINT('',#10454);
#8263=LINE('',#10455,#10456);
#8264=VERTEX_POINT('',#10457);
#8265=LINE('',#10458,#10459);
#8266=LINE('',#10460,#10461);
#8267=VERTEX_POINT('',#10462);
#8268=VERTEX_POINT('',#10463);
#8269=LINE('',#10464,#10465);
#8270=VERTEX_POINT('',#10466);
#8271=LINE('',#10467,#10468);
#8272=VERTEX_POINT('',#10469);
#8273=LINE('',#10470,#10471);
#8274=LINE('',#10472,#10473);
#8275=VERTEX_POINT('',#10474);
#8276=VERTEX_POINT('',#10475);
#8277=LINE('',#10476,#10477);
#8278=VERTEX_POINT('',#10478);
#8279=LINE('',#10479,#10480);
#8280=VERTEX_POINT('',#10481);
#8281=LINE('',#10482,#10483);
#8282=LINE('',#10484,#10485);
#8283=VERTEX_POINT('',#10486);
#8284=VERTEX_POINT('',#10487);
#8285=LINE('',#10488,#10489);
#8286=VERTEX_POINT('',#10490);
#8287=LINE('',#10491,#10492);
#8288=VERTEX_POINT('',#10493);
#8289=LINE('',#10494,#10495);
#8290=LINE('',#10496,#10497);
#8291=VERTEX_POINT('',#10498);
#8292=VERTEX_POINT('',#10499);
#8293=LINE('',#10500,#10501);
#8294=VERTEX_POINT('',#10502);
#8295=LINE('',#10503,#10504);
#8296=VERTEX_POINT('',#10505);
#8297=LINE('',#10506,#10507);
#8298=LINE('',#10508,#10509);
#8299=VERTEX_POINT('',#10510);
#8300=VERTEX_POINT('',#10511);
#8301=LINE('',#10512,#10513);
#8302=VERTEX_POINT('',#10514);
#8303=LINE('',#10515,#10516);
#8304=VERTEX_POINT('',#10517);
#8305=LINE('',#10518,#10519);
#8306=LINE('',#10520,#10521);
#8307=VERTEX_POINT('',#10522);
#8308=VERTEX_POINT('',#10523);
#8309=LINE('',#10524,#10525);
#8310=VERTEX_POINT('',#10526);
#8311=LINE('',#10527,#10528);
#8312=VERTEX_POINT('',#10529);
#8313=LINE('',#10530,#10531);
#8314=LINE('',#10532,#10533);
#8315=VERTEX_POINT('',#10534);
#8316=VERTEX_POINT('',#10535);
#8317=LINE('',#10536,#10537);
#8318=VERTEX_POINT('',#10538);
#8319=LINE('',#10539,#10540);
#8320=VERTEX_POINT('',#10541);
#8321=LINE('',#10542,#10543);
#8322=LINE('',#10544,#10545);
#8323=VERTEX_POINT('',#10546);
#8324=VERTEX_POINT('',#10547);
#8325=LINE('',#10548,#10549);
#8326=VERTEX_POINT('',#10550);
#8327=LINE('',#10551,#10552);
#8328=VERTEX_POINT('',#10553);
#8329=LINE('',#10554,#10555);
#8330=LINE('',#10556,#10557);
#8331=VERTEX_POINT('',#10558);
#8332=VERTEX_POINT('',#10559);
#8333=LINE('',#10560,#10561);
#8334=VERTEX_POINT('',#10562);
#8335=LINE('',#10563,#10564);
#8336=VERTEX_POINT('',#10565);
#8337=LINE('',#10566,#10567);
#8338=LINE('',#10568,#10569);
#8339=VERTEX_POINT('',#10570);
#8340=LINE('',#10571,#10572);
#8341=VERTEX_POINT('',#10573);
#8342=LINE('',#10574,#10575);
#8343=VERTEX_POINT('',#10576);
#8344=LINE('',#10577,#10578);
#8345=VERTEX_POINT('',#10579);
#8346=LINE('',#10580,#10581);
#8347=VERTEX_POINT('',#10582);
#8348=LINE('',#10583,#10584);
#8349=VERTEX_POINT('',#10585);
#8350=LINE('',#10586,#10587);
#8351=LINE('',#10588,#10589);
#8352=VERTEX_POINT('',#10590);
#8353=LINE('',#10591,#10592);
#8354=VERTEX_POINT('',#10593);
#8355=LINE('',#10594,#10595);
#8356=LINE('',#10596,#10597);
#8357=VERTEX_POINT('',#10598);
#8358=LINE('',#10599,#10600);
#8359=LINE('',#10601,#10602);
#8360=VERTEX_POINT('',#10603);
#8361=LINE('',#10604,#10605);
#8362=LINE('',#10606,#10607);
#8363=LINE('',#10608,#10609);
#8364=VERTEX_POINT('',#10610);
#8365=VERTEX_POINT('',#10611);
#8366=LINE('',#10612,#10613);
#8367=VERTEX_POINT('',#10614);
#8368=LINE('',#10615,#10616);
#8369=VERTEX_POINT('',#10617);
#8370=LINE('',#10618,#10619);
#8371=LINE('',#10620,#10621);
#8372=LINE('',#10622,#10623);
#8373=LINE('',#10624,#10625);
#8374=VERTEX_POINT('',#10626);
#8375=LINE('',#10627,#10628);
#8376=VERTEX_POINT('',#10629);
#8377=LINE('',#10630,#10631);
#8378=VERTEX_POINT('',#10632);
#8379=LINE('',#10633,#10634);
#8380=VERTEX_POINT('',#10635);
#8381=LINE('',#10636,#10637);
#8382=VERTEX_POINT('',#10638);
#8383=LINE('',#10639,#10640);
#8384=VERTEX_POINT('',#10641);
#8385=LINE('',#10642,#10643);
#8386=VERTEX_POINT('',#10644);
#8387=LINE('',#10645,#10646);
#8388=VERTEX_POINT('',#10647);
#8389=LINE('',#10648,#10649);
#8390=VERTEX_POINT('',#10650);
#8391=LINE('',#10651,#10652);
#8392=VERTEX_POINT('',#10653);
#8393=LINE('',#10654,#10655);
#8394=LINE('',#10656,#10657);
#8395=LINE('',#10658,#10659);
#8396=LINE('',#10660,#10661);
#8397=VERTEX_POINT('',#10662);
#8398=LINE('',#10663,#10664);
#8399=LINE('',#10665,#10666);
#8400=VERTEX_POINT('',#10667);
#8401=LINE('',#10668,#10669);
#8402=LINE('',#10670,#10671);
#8403=VERTEX_POINT('',#10672);
#8404=LINE('',#10673,#10674);
#8405=VERTEX_POINT('',#10675);
#8406=LINE('',#10676,#10677);
#8407=LINE('',#10678,#10679);
#8408=VERTEX_POINT('',#10680);
#8409=LINE('',#10681,#10682);
#8410=VERTEX_POINT('',#10683);
#8411=LINE('',#10684,#10685);
#8412=VERTEX_POINT('',#10686);
#8413=LINE('',#10687,#10688);
#8414=VERTEX_POINT('',#10689);
#8415=LINE('',#10690,#10691);
#8416=VERTEX_POINT('',#10692);
#8417=LINE('',#10693,#10694);
#8418=VERTEX_POINT('',#10695);
#8419=LINE('',#10696,#10697);
#8420=VERTEX_POINT('',#10698);
#8421=LINE('',#10699,#10700);
#8422=VERTEX_POINT('',#10701);
#8423=LINE('',#10702,#10703);
#8424=VERTEX_POINT('',#10704);
#8425=LINE('',#10705,#10706);
#8426=LINE('',#10707,#10708);
#8427=LINE('',#10709,#10710);
#8428=VERTEX_POINT('',#10711);
#8429=LINE('',#10712,#10713);
#8430=VERTEX_POINT('',#10714);
#8431=LINE('',#10715,#10716);
#8432=VERTEX_POINT('',#10717);
#8433=LINE('',#10718,#10719);
#8434=VERTEX_POINT('',#10720);
#8435=LINE('',#10721,#10722);
#8436=VERTEX_POINT('',#10723);
#8437=LINE('',#10724,#10725);
#8438=VERTEX_POINT('',#10726);
#8439=LINE('',#10727,#10728);
#8440=VERTEX_POINT('',#10729);
#8441=LINE('',#10730,#10731);
#8442=VERTEX_POINT('',#10732);
#8443=LINE('',#10733,#10734);
#8444=VERTEX_POINT('',#10735);
#8445=LINE('',#10736,#10737);
#8446=LINE('',#10738,#10739);
#8447=VERTEX_POINT('',#10740);
#8448=LINE('',#10741,#10742);
#8449=LINE('',#10743,#10744);
#8450=VERTEX_POINT('',#10745);
#8451=LINE('',#10746,#10747);
#8452=LINE('',#10748,#10749);
#8453=VERTEX_POINT('',#10750);
#8454=LINE('',#10751,#10752);
#8455=VERTEX_POINT('',#10753);
#8456=LINE('',#10754,#10755);
#8457=LINE('',#10756,#10757);
#8458=VERTEX_POINT('',#10758);
#8459=VERTEX_POINT('',#10759);
#8460=LINE('',#10760,#10761);
#8461=VERTEX_POINT('',#10762);
#8462=LINE('',#10763,#10764);
#8463=LINE('',#10765,#10766);
#8464=VERTEX_POINT('',#10767);
#8465=LINE('',#10768,#10769);
#8466=LINE('',#10770,#10771);
#8467=VERTEX_POINT('',#10772);
#8468=LINE('',#10773,#10774);
#8469=VERTEX_POINT('',#10775);
#8470=LINE('',#10776,#10777);
#8471=VERTEX_POINT('',#10778);
#8472=LINE('',#10779,#10780);
#8473=LINE('',#10781,#10782);
#8474=VERTEX_POINT('',#10783);
#8475=VERTEX_POINT('',#10784);
#8476=LINE('',#10785,#10786);
#8477=VERTEX_POINT('',#10787);
#8478=LINE('',#10788,#10789);
#8479=VERTEX_POINT('',#10790);
#8480=LINE('',#10791,#10792);
#8481=VERTEX_POINT('',#10793);
#8482=LINE('',#10794,#10795);
#8483=VERTEX_POINT('',#10796);
#8484=LINE('',#10797,#10798);
#8485=VERTEX_POINT('',#10799);
#8486=LINE('',#10800,#10801);
#8487=VERTEX_POINT('',#10802);
#8488=LINE('',#10803,#10804);
#8489=VERTEX_POINT('',#10805);
#8490=LINE('',#10806,#10807);
#8491=VERTEX_POINT('',#10808);
#8492=LINE('',#10809,#10810);
#8493=VERTEX_POINT('',#10811);
#8494=LINE('',#10812,#10813);
#8495=VERTEX_POINT('',#10814);
#8496=LINE('',#10815,#10816);
#8497=LINE('',#10817,#10818);
#8498=VERTEX_POINT('',#10819);
#8499=LINE('',#10820,#10821);
#8500=VERTEX_POINT('',#10822);
#8501=LINE('',#10823,#10824);
#8502=VERTEX_POINT('',#10825);
#8503=LINE('',#10826,#10827);
#8504=VERTEX_POINT('',#10828);
#8505=LINE('',#10829,#10830);
#8506=VERTEX_POINT('',#10831);
#8507=LINE('',#10832,#10833);
#8508=VERTEX_POINT('',#10834);
#8509=LINE('',#10835,#10836);
#8510=LINE('',#10837,#10838);
#8511=LINE('',#10839,#10840);
#8512=LINE('',#10841,#10842);
#8513=VERTEX_POINT('',#10843);
#8514=LINE('',#10844,#10845);
#8515=LINE('',#10846,#10847);
#8516=VERTEX_POINT('',#10848);
#8517=LINE('',#10849,#10850);
#8518=VERTEX_POINT('',#10851);
#8519=LINE('',#10852,#10853);
#8520=LINE('',#10854,#10855);
#8521=VERTEX_POINT('',#10856);
#8522=LINE('',#10857,#10858);
#8523=VERTEX_POINT('',#10859);
#8524=LINE('',#10860,#10861);
#8525=VERTEX_POINT('',#10862);
#8526=LINE('',#10863,#10864);
#8527=VERTEX_POINT('',#10865);
#8528=LINE('',#10866,#10867);
#8529=VERTEX_POINT('',#10868);
#8530=LINE('',#10869,#10870);
#8531=LINE('',#10871,#10872);
#8532=VERTEX_POINT('',#10873);
#8533=LINE('',#10874,#10875);
#8534=LINE('',#10876,#10877);
#8535=VERTEX_POINT('',#10878);
#8536=LINE('',#10879,#10880);
#8537=VERTEX_POINT('',#10881);
#8538=LINE('',#10882,#10883);
#8539=VERTEX_POINT('',#10884);
#8540=LINE('',#10885,#10886);
#8541=VERTEX_POINT('',#10887);
#8542=LINE('',#10888,#10889);
#8543=VERTEX_POINT('',#10890);
#8544=LINE('',#10891,#10892);
#8545=LINE('',#10893,#10894);
#8546=VERTEX_POINT('',#10895);
#8547=LINE('',#10896,#10897);
#8548=VERTEX_POINT('',#10898);
#8549=LINE('',#10899,#10900);
#8550=LINE('',#10901,#10902);
#8551=VERTEX_POINT('',#10903);
#8552=LINE('',#10904,#10905);
#8553=LINE('',#10906,#10907);
#8554=LINE('',#10908,#10909);
#8555=VERTEX_POINT('',#10910);
#8556=LINE('',#10911,#10912);
#8557=LINE('',#10913,#10914);
#8558=LINE('',#10915,#10916);
#8559=VERTEX_POINT('',#10917);
#8560=LINE('',#10918,#10919);
#8561=VERTEX_POINT('',#10920);
#8562=LINE('',#10921,#10922);
#8563=LINE('',#10923,#10924);
#8564=VERTEX_POINT('',#10925);
#8565=LINE('',#10926,#10927);
#8566=VERTEX_POINT('',#10928);
#8567=LINE('',#10929,#10930);
#8568=LINE('',#10931,#10932);
#8569=LINE('',#10933,#10934);
#8570=LINE('',#10935,#10936);
#8571=LINE('',#10937,#10938);
#8572=LINE('',#10939,#10940);
#8573=LINE('',#10941,#10942);
#8574=LINE('',#10943,#10944);
#8575=LINE('',#10945,#10946);
#8576=LINE('',#10947,#10948);
#8577=VERTEX_POINT('',#10949);
#8578=LINE('',#10950,#10951);
#8579=LINE('',#10952,#10953);
#8580=LINE('',#10954,#10955);
#8581=VERTEX_POINT('',#10956);
#8582=LINE('',#10957,#10958);
#8583=LINE('',#10959,#10960);
#8584=VERTEX_POINT('',#10961);
#8585=LINE('',#10962,#10963);
#8586=LINE('',#10964,#10965);
#8587=LINE('',#10966,#10967);
#8588=LINE('',#10968,#10969);
#8589=VERTEX_POINT('',#10970);
#8590=LINE('',#10971,#10972);
#8591=CIRCLE('',#10973,1.0);
#8592=VERTEX_POINT('',#10974);
#8593=LINE('',#10975,#10976);
#8594=VERTEX_POINT('',#10977);
#8595=CIRCLE('',#10978,0.5);
#8596=VERTEX_POINT('',#10979);
#8597=LINE('',#10980,#10981);
#8598=VERTEX_POINT('',#10982);
#8599=CIRCLE('',#10983,0.5);
#8600=LINE('',#10984,#10985);
#8601=VERTEX_POINT('',#10986);
#8602=LINE('',#10987,#10988);
#8603=VERTEX_POINT('',#10989);
#8604=CIRCLE('',#10990,0.5);
#8605=VERTEX_POINT('',#10991);
#8606=LINE('',#10992,#10993);
#8607=CIRCLE('',#10994,0.5);
#8608=VERTEX_POINT('',#10995);
#8609=VERTEX_POINT('',#10996);
#8610=LINE('',#10997,#10998);
#8611=VERTEX_POINT('',#10999);
#8612=LINE('',#11000,#11001);
#8613=VERTEX_POINT('',#11002);
#8614=LINE('',#11003,#11004);
#8615=VERTEX_POINT('',#11005);
#8616=LINE('',#11006,#11007);
#8617=VERTEX_POINT('',#11008);
#8618=LINE('',#11009,#11010);
#8619=VERTEX_POINT('',#11011);
#8620=LINE('',#11012,#11013);
#8621=VERTEX_POINT('',#11014);
#8622=LINE('',#11015,#11016);
#8623=VERTEX_POINT('',#11017);
#8624=LINE('',#11018,#11019);
#8625=VERTEX_POINT('',#11020);
#8626=LINE('',#11021,#11022);
#8627=LINE('',#11023,#11024);
#8628=VERTEX_POINT('',#11025);
#8629=VERTEX_POINT('',#11026);
#8630=LINE('',#11027,#11028);
#8631=VERTEX_POINT('',#11029);
#8632=LINE('',#11030,#11031);
#8633=VERTEX_POINT('',#11032);
#8634=LINE('',#11033,#11034);
#8635=VERTEX_POINT('',#11035);
#8636=LINE('',#11036,#11037);
#8637=VERTEX_POINT('',#11038);
#8638=LINE('',#11039,#11040);
#8639=VERTEX_POINT('',#11041);
#8640=LINE('',#11042,#11043);
#8641=VERTEX_POINT('',#11044);
#8642=LINE('',#11045,#11046);
#8643=VERTEX_POINT('',#11047);
#8644=LINE('',#11048,#11049);
#8645=VERTEX_POINT('',#11050);
#8646=LINE('',#11051,#11052);
#8647=LINE('',#11053,#11054);
#8648=VERTEX_POINT('',#11055);
#8649=VERTEX_POINT('',#11056);
#8650=LINE('',#11057,#11058);
#8651=VERTEX_POINT('',#11059);
#8652=LINE('',#11060,#11061);
#8653=VERTEX_POINT('',#11062);
#8654=LINE('',#11063,#11064);
#8655=VERTEX_POINT('',#11065);
#8656=LINE('',#11066,#11067);
#8657=VERTEX_POINT('',#11068);
#8658=LINE('',#11069,#11070);
#8659=VERTEX_POINT('',#11071);
#8660=LINE('',#11072,#11073);
#8661=VERTEX_POINT('',#11074);
#8662=LINE('',#11075,#11076);
#8663=VERTEX_POINT('',#11077);
#8664=LINE('',#11078,#11079);
#8665=VERTEX_POINT('',#11080);
#8666=LINE('',#11081,#11082);
#8667=LINE('',#11083,#11084);
#8668=VERTEX_POINT('',#11085);
#8669=VERTEX_POINT('',#11086);
#8670=LINE('',#11087,#11088);
#8671=VERTEX_POINT('',#11089);
#8672=LINE('',#11090,#11091);
#8673=VERTEX_POINT('',#11092);
#8674=LINE('',#11093,#11094);
#8675=VERTEX_POINT('',#11095);
#8676=LINE('',#11096,#11097);
#8677=VERTEX_POINT('',#11098);
#8678=LINE('',#11099,#11100);
#8679=VERTEX_POINT('',#11101);
#8680=LINE('',#11102,#11103);
#8681=VERTEX_POINT('',#11104);
#8682=LINE('',#11105,#11106);
#8683=VERTEX_POINT('',#11107);
#8684=LINE('',#11108,#11109);
#8685=VERTEX_POINT('',#11110);
#8686=LINE('',#11111,#11112);
#8687=LINE('',#11113,#11114);
#8688=VERTEX_POINT('',#11115);
#8689=VERTEX_POINT('',#11116);
#8690=LINE('',#11117,#11118);
#8691=VERTEX_POINT('',#11119);
#8692=LINE('',#11120,#11121);
#8693=VERTEX_POINT('',#11122);
#8694=LINE('',#11123,#11124);
#8695=VERTEX_POINT('',#11125);
#8696=LINE('',#11126,#11127);
#8697=VERTEX_POINT('',#11128);
#8698=LINE('',#11129,#11130);
#8699=VERTEX_POINT('',#11131);
#8700=LINE('',#11132,#11133);
#8701=VERTEX_POINT('',#11134);
#8702=LINE('',#11135,#11136);
#8703=VERTEX_POINT('',#11137);
#8704=LINE('',#11138,#11139);
#8705=VERTEX_POINT('',#11140);
#8706=LINE('',#11141,#11142);
#8707=LINE('',#11143,#11144);
#8708=VERTEX_POINT('',#11145);
#8709=LINE('',#11146,#11147);
#8710=VERTEX_POINT('',#11148);
#8711=LINE('',#11149,#11150);
#8712=LINE('',#11151,#11152);
#8713=VERTEX_POINT('',#11153);
#8714=LINE('',#11154,#11155);
#8715=VERTEX_POINT('',#11156);
#8716=LINE('',#11157,#11158);
#8717=VERTEX_POINT('',#11159);
#8718=LINE('',#11160,#11161);
#8719=VERTEX_POINT('',#11162);
#8720=LINE('',#11163,#11164);
#8721=VERTEX_POINT('',#11165);
#8722=LINE('',#11166,#11167);
#8723=VERTEX_POINT('',#11168);
#8724=LINE('',#11169,#11170);
#8725=LINE('',#11171,#11172);
#8726=VERTEX_POINT('',#11173);
#8727=LINE('',#11174,#11175);
#8728=VERTEX_POINT('',#11176);
#8729=LINE('',#11177,#11178);
#8730=LINE('',#11179,#11180);
#8731=VERTEX_POINT('',#11181);
#8732=LINE('',#11182,#11183);
#8733=VERTEX_POINT('',#11184);
#8734=LINE('',#11185,#11186);
#8735=VERTEX_POINT('',#11187);
#8736=LINE('',#11188,#11189);
#8737=VERTEX_POINT('',#11190);
#8738=LINE('',#11191,#11192);
#8739=VERTEX_POINT('',#11193);
#8740=LINE('',#11194,#11195);
#8741=VERTEX_POINT('',#11196);
#8742=LINE('',#11197,#11198);
#8743=LINE('',#11199,#11200);
#8744=VERTEX_POINT('',#11201);
#8745=VERTEX_POINT('',#11202);
#8746=LINE('',#11203,#11204);
#8747=VERTEX_POINT('',#11205);
#8748=LINE('',#11206,#11207);
#8749=VERTEX_POINT('',#11208);
#8750=LINE('',#11209,#11210);
#8751=VERTEX_POINT('',#11211);
#8752=LINE('',#11212,#11213);
#8753=VERTEX_POINT('',#11214);
#8754=LINE('',#11215,#11216);
#8755=VERTEX_POINT('',#11217);
#8756=LINE('',#11218,#11219);
#8757=VERTEX_POINT('',#11220);
#8758=LINE('',#11221,#11222);
#8759=LINE('',#11223,#11224);
#8760=VERTEX_POINT('',#11225);
#8761=VERTEX_POINT('',#11226);
#8762=LINE('',#11227,#11228);
#8763=VERTEX_POINT('',#11229);
#8764=LINE('',#11230,#11231);
#8765=VERTEX_POINT('',#11232);
#8766=LINE('',#11233,#11234);
#8767=VERTEX_POINT('',#11235);
#8768=LINE('',#11236,#11237);
#8769=VERTEX_POINT('',#11238);
#8770=LINE('',#11239,#11240);
#8771=VERTEX_POINT('',#11241);
#8772=LINE('',#11242,#11243);
#8773=VERTEX_POINT('',#11244);
#8774=LINE('',#11245,#11246);
#8775=LINE('',#11247,#11248);
#8776=VERTEX_POINT('',#11249);
#8777=VERTEX_POINT('',#11250);
#8778=LINE('',#11251,#11252);
#8779=VERTEX_POINT('',#11253);
#8780=LINE('',#11254,#11255);
#8781=VERTEX_POINT('',#11256);
#8782=LINE('',#11257,#11258);
#8783=VERTEX_POINT('',#11259);
#8784=LINE('',#11260,#11261);
#8785=VERTEX_POINT('',#11262);
#8786=LINE('',#11263,#11264);
#8787=VERTEX_POINT('',#11265);
#8788=LINE('',#11266,#11267);
#8789=VERTEX_POINT('',#11268);
#8790=LINE('',#11269,#11270);
#8791=VERTEX_POINT('',#11271);
#8792=LINE('',#11272,#11273);
#8793=LINE('',#11274,#11275);
#8794=VERTEX_POINT('',#11276);
#8795=VERTEX_POINT('',#11277);
#8796=LINE('',#11278,#11279);
#8797=VERTEX_POINT('',#11280);
#8798=LINE('',#11281,#11282);
#8799=VERTEX_POINT('',#11283);
#8800=LINE('',#11284,#11285);
#8801=VERTEX_POINT('',#11286);
#8802=LINE('',#11287,#11288);
#8803=VERTEX_POINT('',#11289);
#8804=LINE('',#11290,#11291);
#8805=VERTEX_POINT('',#11292);
#8806=LINE('',#11293,#11294);
#8807=VERTEX_POINT('',#11295);
#8808=LINE('',#11296,#11297);
#8809=VERTEX_POINT('',#11298);
#8810=LINE('',#11299,#11300);
#8811=LINE('',#11301,#11302);
#8812=VERTEX_POINT('',#11303);
#8813=VERTEX_POINT('',#11304);
#8814=LINE('',#11305,#11306);
#8815=VERTEX_POINT('',#11307);
#8816=LINE('',#11308,#11309);
#8817=VERTEX_POINT('',#11310);
#8818=LINE('',#11311,#11312);
#8819=VERTEX_POINT('',#11313);
#8820=LINE('',#11314,#11315);
#8821=VERTEX_POINT('',#11316);
#8822=LINE('',#11317,#11318);
#8823=VERTEX_POINT('',#11319);
#8824=LINE('',#11320,#11321);
#8825=VERTEX_POINT('',#11322);
#8826=LINE('',#11323,#11324);
#8827=VERTEX_POINT('',#11325);
#8828=LINE('',#11326,#11327);
#8829=VERTEX_POINT('',#11328);
#8830=LINE('',#11329,#11330);
#8831=VERTEX_POINT('',#11331);
#8832=LINE('',#11332,#11333);
#8833=VERTEX_POINT('',#11334);
#8834=LINE('',#11335,#11336);
#8835=VERTEX_POINT('',#11337);
#8836=LINE('',#11338,#11339);
#8837=VERTEX_POINT('',#11340);
#8838=LINE('',#11341,#11342);
#8839=VERTEX_POINT('',#11343);
#8840=LINE('',#11344,#11345);
#8841=VERTEX_POINT('',#11346);
#8842=LINE('',#11347,#11348);
#8843=VERTEX_POINT('',#11349);
#8844=LINE('',#11350,#11351);
#8845=VERTEX_POINT('',#11352);
#8846=LINE('',#11353,#11354);
#8847=VERTEX_POINT('',#11355);
#8848=LINE('',#11356,#11357);
#8849=LINE('',#11358,#11359);
#8850=VERTEX_POINT('',#11360);
#8851=VERTEX_POINT('',#11361);
#8852=LINE('',#11362,#11363);
#8853=VERTEX_POINT('',#11364);
#8854=LINE('',#11365,#11366);
#8855=VERTEX_POINT('',#11367);
#8856=LINE('',#11368,#11369);
#8857=VERTEX_POINT('',#11370);
#8858=LINE('',#11371,#11372);
#8859=VERTEX_POINT('',#11373);
#8860=LINE('',#11374,#11375);
#8861=VERTEX_POINT('',#11376);
#8862=LINE('',#11377,#11378);
#8863=VERTEX_POINT('',#11379);
#8864=LINE('',#11380,#11381);
#8865=VERTEX_POINT('',#11382);
#8866=LINE('',#11383,#11384);
#8867=VERTEX_POINT('',#11385);
#8868=LINE('',#11386,#11387);
#8869=VERTEX_POINT('',#11388);
#8870=LINE('',#11389,#11390);
#8871=VERTEX_POINT('',#11391);
#8872=LINE('',#11392,#11393);
#8873=VERTEX_POINT('',#11394);
#8874=LINE('',#11395,#11396);
#8875=VERTEX_POINT('',#11397);
#8876=LINE('',#11398,#11399);
#8877=VERTEX_POINT('',#11400);
#8878=LINE('',#11401,#11402);
#8879=VERTEX_POINT('',#11403);
#8880=LINE('',#11404,#11405);
#8881=VERTEX_POINT('',#11406);
#8882=LINE('',#11407,#11408);
#8883=VERTEX_POINT('',#11409);
#8884=LINE('',#11410,#11411);
#8885=VERTEX_POINT('',#11412);
#8886=LINE('',#11413,#11414);
#8887=LINE('',#11415,#11416);
#8888=VERTEX_POINT('',#11417);
#8889=VERTEX_POINT('',#11418);
#8890=LINE('',#11419,#11420);
#8891=VERTEX_POINT('',#11421);
#8892=LINE('',#11422,#11423);
#8893=VERTEX_POINT('',#11424);
#8894=LINE('',#11425,#11426);
#8895=VERTEX_POINT('',#11427);
#8896=LINE('',#11428,#11429);
#8897=VERTEX_POINT('',#11430);
#8898=LINE('',#11431,#11432);
#8899=VERTEX_POINT('',#11433);
#8900=LINE('',#11434,#11435);
#8901=VERTEX_POINT('',#11436);
#8902=LINE('',#11437,#11438);
#8903=VERTEX_POINT('',#11439);
#8904=LINE('',#11440,#11441);
#8905=VERTEX_POINT('',#11442);
#8906=LINE('',#11443,#11444);
#8907=LINE('',#11445,#11446);
#8908=VERTEX_POINT('',#11447);
#8909=LINE('',#11448,#11449);
#8910=VERTEX_POINT('',#11450);
#8911=LINE('',#11451,#11452);
#8912=LINE('',#11453,#11454);
#8913=VERTEX_POINT('',#11455);
#8914=LINE('',#11456,#11457);
#8915=LINE('',#11458,#11459);
#8916=VERTEX_POINT('',#11460);
#8917=LINE('',#11461,#11462);
#8918=LINE('',#11463,#11464);
#8919=VERTEX_POINT('',#11465);
#8920=LINE('',#11466,#11467);
#8921=LINE('',#11468,#11469);
#8922=VERTEX_POINT('',#11470);
#8923=LINE('',#11471,#11472);
#8924=LINE('',#11473,#11474);
#8925=VERTEX_POINT('',#11475);
#8926=LINE('',#11476,#11477);
#8927=LINE('',#11478,#11479);
#8928=VERTEX_POINT('',#11480);
#8929=LINE('',#11481,#11482);
#8930=LINE('',#11483,#11484);
#8931=VERTEX_POINT('',#11485);
#8932=LINE('',#11486,#11487);
#8933=LINE('',#11488,#11489);
#8934=VERTEX_POINT('',#11490);
#8935=LINE('',#11491,#11492);
#8936=LINE('',#11493,#11494);
#8937=LINE('',#11495,#11496);
#8938=VERTEX_POINT('',#11497);
#8939=VERTEX_POINT('',#11498);
#8940=LINE('',#11499,#11500);
#8941=VERTEX_POINT('',#11501);
#8942=LINE('',#11502,#11503);
#8943=VERTEX_POINT('',#11504);
#8944=LINE('',#11505,#11506);
#8945=VERTEX_POINT('',#11507);
#8946=LINE('',#11508,#11509);
#8947=VERTEX_POINT('',#11510);
#8948=LINE('',#11511,#11512);
#8949=VERTEX_POINT('',#11513);
#8950=LINE('',#11514,#11515);
#8951=VERTEX_POINT('',#11516);
#8952=LINE('',#11517,#11518);
#8953=VERTEX_POINT('',#11519);
#8954=LINE('',#11520,#11521);
#8955=VERTEX_POINT('',#11522);
#8956=LINE('',#11523,#11524);
#8957=LINE('',#11525,#11526);
#8958=VERTEX_POINT('',#11527);
#8959=VERTEX_POINT('',#11528);
#8960=LINE('',#11529,#11530);
#8961=VERTEX_POINT('',#11531);
#8962=LINE('',#11532,#11533);
#8963=VERTEX_POINT('',#11534);
#8964=LINE('',#11535,#11536);
#8965=LINE('',#11537,#11538);
#8966=VERTEX_POINT('',#11539);
#8967=VERTEX_POINT('',#11540);
#8968=LINE('',#11541,#11542);
#8969=VERTEX_POINT('',#11543);
#8970=LINE('',#11544,#11545);
#8971=VERTEX_POINT('',#11546);
#8972=LINE('',#11547,#11548);
#8973=VERTEX_POINT('',#11549);
#8974=LINE('',#11550,#11551);
#8975=VERTEX_POINT('',#11552);
#8976=LINE('',#11553,#11554);
#8977=VERTEX_POINT('',#11555);
#8978=LINE('',#11556,#11557);
#8979=VERTEX_POINT('',#11558);
#8980=LINE('',#11559,#11560);
#8981=VERTEX_POINT('',#11561);
#8982=LINE('',#11562,#11563);
#8983=VERTEX_POINT('',#11564);
#8984=LINE('',#11565,#11566);
#8985=LINE('',#11567,#11568);
#8986=VERTEX_POINT('',#11569);
#8987=VERTEX_POINT('',#11570);
#8988=LINE('',#11571,#11572);
#8989=VERTEX_POINT('',#11573);
#8990=LINE('',#11574,#11575);
#8991=VERTEX_POINT('',#11576);
#8992=LINE('',#11577,#11578);
#8993=LINE('',#11579,#11580);
#8994=VERTEX_POINT('',#11581);
#8995=VERTEX_POINT('',#11582);
#8996=LINE('',#11583,#11584);
#8997=VERTEX_POINT('',#11585);
#8998=LINE('',#11586,#11587);
#8999=VERTEX_POINT('',#11588);
#9000=LINE('',#11589,#11590);
#9001=VERTEX_POINT('',#11591);
#9002=LINE('',#11592,#11593);
#9003=VERTEX_POINT('',#11594);
#9004=LINE('',#11595,#11596);
#9005=VERTEX_POINT('',#11597);
#9006=LINE('',#11598,#11599);
#9007=VERTEX_POINT('',#11600);
#9008=LINE('',#11601,#11602);
#9009=VERTEX_POINT('',#11603);
#9010=LINE('',#11604,#11605);
#9011=VERTEX_POINT('',#11606);
#9012=LINE('',#11607,#11608);
#9013=LINE('',#11609,#11610);
#9014=VERTEX_POINT('',#11611);
#9015=VERTEX_POINT('',#11612);
#9016=LINE('',#11613,#11614);
#9017=VERTEX_POINT('',#11615);
#9018=LINE('',#11616,#11617);
#9019=VERTEX_POINT('',#11618);
#9020=LINE('',#11619,#11620);
#9021=LINE('',#11621,#11622);
#9022=VERTEX_POINT('',#11623);
#9023=VERTEX_POINT('',#11624);
#9024=LINE('',#11625,#11626);
#9025=VERTEX_POINT('',#11627);
#9026=LINE('',#11628,#11629);
#9027=VERTEX_POINT('',#11630);
#9028=LINE('',#11631,#11632);
#9029=LINE('',#11633,#11634);
#9030=VERTEX_POINT('',#11635);
#9031=VERTEX_POINT('',#11636);
#9032=LINE('',#11637,#11638);
#9033=VERTEX_POINT('',#11639);
#9034=LINE('',#11640,#11641);
#9035=VERTEX_POINT('',#11642);
#9036=LINE('',#11643,#11644);
#9037=VERTEX_POINT('',#11645);
#9038=LINE('',#11646,#11647);
#9039=VERTEX_POINT('',#11648);
#9040=LINE('',#11649,#11650);
#9041=VERTEX_POINT('',#11651);
#9042=LINE('',#11652,#11653);
#9043=VERTEX_POINT('',#11654);
#9044=LINE('',#11655,#11656);
#9045=VERTEX_POINT('',#11657);
#9046=LINE('',#11658,#11659);
#9047=VERTEX_POINT('',#11660);
#9048=LINE('',#11661,#11662);
#9049=VERTEX_POINT('',#11663);
#9050=LINE('',#11664,#11665);
#9051=VERTEX_POINT('',#11666);
#9052=LINE('',#11667,#11668);
#9053=VERTEX_POINT('',#11669);
#9054=LINE('',#11670,#11671);
#9055=VERTEX_POINT('',#11672);
#9056=LINE('',#11673,#11674);
#9057=VERTEX_POINT('',#11675);
#9058=LINE('',#11676,#11677);
#9059=VERTEX_POINT('',#11678);
#9060=LINE('',#11679,#11680);
#9061=VERTEX_POINT('',#11681);
#9062=LINE('',#11682,#11683);
#9063=VERTEX_POINT('',#11684);
#9064=LINE('',#11685,#11686);
#9065=VERTEX_POINT('',#11687);
#9066=LINE('',#11688,#11689);
#9067=LINE('',#11690,#11691);
#9068=VERTEX_POINT('',#11692);
#9069=VERTEX_POINT('',#11693);
#9070=LINE('',#11694,#11695);
#9071=VERTEX_POINT('',#11696);
#9072=LINE('',#11697,#11698);
#9073=VERTEX_POINT('',#11699);
#9074=LINE('',#11700,#11701);
#9075=LINE('',#11702,#11703);
#9076=VERTEX_POINT('',#11704);
#9077=VERTEX_POINT('',#11705);
#9078=LINE('',#11706,#11707);
#9079=VERTEX_POINT('',#11708);
#9080=LINE('',#11709,#11710);
#9081=VERTEX_POINT('',#11711);
#9082=LINE('',#11712,#11713);
#9083=LINE('',#11714,#11715);
#9084=VERTEX_POINT('',#11716);
#9085=VERTEX_POINT('',#11717);
#9086=LINE('',#11718,#11719);
#9087=VERTEX_POINT('',#11720);
#9088=LINE('',#11721,#11722);
#9089=VERTEX_POINT('',#11723);
#9090=LINE('',#11724,#11725);
#9091=VERTEX_POINT('',#11726);
#9092=LINE('',#11727,#11728);
#9093=VERTEX_POINT('',#11729);
#9094=LINE('',#11730,#11731);
#9095=VERTEX_POINT('',#11732);
#9096=LINE('',#11733,#11734);
#9097=VERTEX_POINT('',#11735);
#9098=LINE('',#11736,#11737);
#9099=VERTEX_POINT('',#11738);
#9100=LINE('',#11739,#11740);
#9101=VERTEX_POINT('',#11741);
#9102=LINE('',#11742,#11743);
#9103=VERTEX_POINT('',#11744);
#9104=LINE('',#11745,#11746);
#9105=VERTEX_POINT('',#11747);
#9106=LINE('',#11748,#11749);
#9107=VERTEX_POINT('',#11750);
#9108=LINE('',#11751,#11752);
#9109=VERTEX_POINT('',#11753);
#9110=LINE('',#11754,#11755);
#9111=VERTEX_POINT('',#11756);
#9112=LINE('',#11757,#11758);
#9113=VERTEX_POINT('',#11759);
#9114=LINE('',#11760,#11761);
#9115=VERTEX_POINT('',#11762);
#9116=LINE('',#11763,#11764);
#9117=VERTEX_POINT('',#11765);
#9118=LINE('',#11766,#11767);
#9119=VERTEX_POINT('',#11768);
#9120=LINE('',#11769,#11770);
#9121=LINE('',#11771,#11772);
#9122=VERTEX_POINT('',#11773);
#9123=VERTEX_POINT('',#11774);
#9124=LINE('',#11775,#11776);
#9125=VERTEX_POINT('',#11777);
#9126=LINE('',#11778,#11779);
#9127=VERTEX_POINT('',#11780);
#9128=LINE('',#11781,#11782);
#9129=LINE('',#11783,#11784);
#9130=VERTEX_POINT('',#11785);
#9131=VERTEX_POINT('',#11786);
#9132=LINE('',#11787,#11788);
#9133=VERTEX_POINT('',#11789);
#9134=LINE('',#11790,#11791);
#9135=VERTEX_POINT('',#11792);
#9136=LINE('',#11793,#11794);
#9137=LINE('',#11795,#11796);
#9138=VERTEX_POINT('',#11797);
#9139=LINE('',#11798,#11799);
#9140=VERTEX_POINT('',#11800);
#9141=LINE('',#11801,#11802);
#9142=LINE('',#11803,#11804);
#9143=VERTEX_POINT('',#11805);
#9144=LINE('',#11806,#11807);
#9145=VERTEX_POINT('',#11808);
#9146=LINE('',#11809,#11810);
#9147=LINE('',#11811,#11812);
#9148=VERTEX_POINT('',#11813);
#9149=LINE('',#11814,#11815);
#9150=LINE('',#11816,#11817);
#9151=VERTEX_POINT('',#11818);
#9152=LINE('',#11819,#11820);
#9153=LINE('',#11821,#11822);
#9154=VERTEX_POINT('',#11823);
#9155=LINE('',#11824,#11825);
#9156=VERTEX_POINT('',#11826);
#9157=LINE('',#11827,#11828);
#9158=LINE('',#11829,#11830);
#9159=LINE('',#11831,#11832);
#9160=LINE('',#11833,#11834);
#9161=LINE('',#11835,#11836);
#9162=LINE('',#11837,#11838);
#9163=LINE('',#11839,#11840);
#9164=LINE('',#11841,#11842);
#9165=LINE('',#11843,#11844);
#9166=LINE('',#11845,#11846);
#9167=LINE('',#11847,#11848);
#9168=LINE('',#11849,#11850);
#9169=LINE('',#11851,#11852);
#9170=LINE('',#11853,#11854);
#9171=LINE('',#11855,#11856);
#9172=VERTEX_POINT('',#11857);
#9173=LINE('',#11858,#11859);
#9174=VERTEX_POINT('',#11860);
#9175=LINE('',#11861,#11862);
#9176=LINE('',#11863,#11864);
#9177=VERTEX_POINT('',#11865);
#9178=LINE('',#11866,#11867);
#9179=VERTEX_POINT('',#11868);
#9180=LINE('',#11869,#11870);
#9181=LINE('',#11871,#11872);
#9182=VERTEX_POINT('',#11873);
#9183=LINE('',#11874,#11875);
#9184=LINE('',#11876,#11877);
#9185=VERTEX_POINT('',#11878);
#9186=LINE('',#11879,#11880);
#9187=LINE('',#11881,#11882);
#9188=VERTEX_POINT('',#11883);
#9189=LINE('',#11884,#11885);
#9190=VERTEX_POINT('',#11886);
#9191=LINE('',#11887,#11888);
#9192=LINE('',#11889,#11890);
#9193=LINE('',#11891,#11892);
#9194=LINE('',#11893,#11894);
#9195=LINE('',#11895,#11896);
#9196=LINE('',#11897,#11898);
#9197=LINE('',#11899,#11900);
#9198=LINE('',#11901,#11902);
#9199=LINE('',#11903,#11904);
#9200=LINE('',#11905,#11906);
#9201=LINE('',#11907,#11908);
#9202=LINE('',#11909,#11910);
#9203=LINE('',#11911,#11912);
#9204=LINE('',#11913,#11914);
#9205=LINE('',#11915,#11916);
#9206=LINE('',#11917,#11918);
#9207=LINE('',#11919,#11920);
#9208=LINE('',#11921,#11922);
#9209=LINE('',#11923,#11924);
#9210=LINE('',#11925,#11926);
#9211=LINE('',#11927,#11928);
#9212=LINE('',#11929,#11930);
#9213=LINE('',#11931,#11932);
#9214=LINE('',#11933,#11934);
#9215=LINE('',#11935,#11936);
#9216=VERTEX_POINT('',#11937);
#9217=LINE('',#11938,#11939);
#9218=VERTEX_POINT('',#11940);
#9219=LINE('',#11941,#11942);
#9220=LINE('',#11943,#11944);
#9221=VERTEX_POINT('',#11945);
#9222=LINE('',#11946,#11947);
#9223=VERTEX_POINT('',#11948);
#9224=LINE('',#11949,#11950);
#9225=LINE('',#11951,#11952);
#9226=VERTEX_POINT('',#11953);
#9227=LINE('',#11954,#11955);
#9228=LINE('',#11956,#11957);
#9229=VERTEX_POINT('',#11958);
#9230=LINE('',#11959,#11960);
#9231=LINE('',#11961,#11962);
#9232=VERTEX_POINT('',#11963);
#9233=LINE('',#11964,#11965);
#9234=VERTEX_POINT('',#11966);
#9235=LINE('',#11967,#11968);
#9236=LINE('',#11969,#11970);
#9237=LINE('',#11971,#11972);
#9238=LINE('',#11973,#11974);
#9239=LINE('',#11975,#11976);
#9240=VERTEX_POINT('',#11977);
#9241=LINE('',#11978,#11979);
#9242=VERTEX_POINT('',#11980);
#9243=LINE('',#11981,#11982);
#9244=LINE('',#11983,#11984);
#9245=VERTEX_POINT('',#11985);
#9246=LINE('',#11986,#11987);
#9247=VERTEX_POINT('',#11988);
#9248=LINE('',#11989,#11990);
#9249=LINE('',#11991,#11992);
#9250=VERTEX_POINT('',#11993);
#9251=LINE('',#11994,#11995);
#9252=LINE('',#11996,#11997);
#9253=VERTEX_POINT('',#11998);
#9254=LINE('',#11999,#12000);
#9255=LINE('',#12001,#12002);
#9256=VERTEX_POINT('',#12003);
#9257=VERTEX_POINT('',#12004);
#9258=LINE('',#12005,#12006);
#9259=LINE('',#12007,#12008);
#9260=LINE('',#12009,#12010);
#9261=LINE('',#12011,#12012);
#9262=LINE('',#12013,#12014);
#9263=LINE('',#12015,#12016);
#9264=LINE('',#12017,#12018);
#9265=LINE('',#12019,#12020);
#9266=LINE('',#12021,#12022);
#9267=LINE('',#12023,#12024);
#9268=LINE('',#12025,#12026);
#9269=LINE('',#12027,#12028);
#9270=LINE('',#12029,#12030);
#9271=LINE('',#12031,#12032);
#9272=LINE('',#12033,#12034);
#9273=LINE('',#12035,#12036);
#9274=LINE('',#12037,#12038);
#9275=LINE('',#12039,#12040);
#9276=LINE('',#12041,#12042);
#9277=LINE('',#12043,#12044);
#9278=LINE('',#12045,#12046);
#9279=LINE('',#12047,#12048);
#9280=LINE('',#12049,#12050);
#9281=LINE('',#12051,#12052);
#9282=LINE('',#12053,#12054);
#9283=LINE('',#12055,#12056);
#9284=LINE('',#12057,#12058);
#9285=LINE('',#12059,#12060);
#9286=LINE('',#12061,#12062);
#9287=LINE('',#12063,#12064);
#9288=LINE('',#12065,#12066);
#9289=LINE('',#12067,#12068);
#9290=LINE('',#12069,#12070);
#9291=LINE('',#12071,#12072);
#9292=LINE('',#12073,#12074);
#9293=LINE('',#12075,#12076);
#9294=LINE('',#12077,#12078);
#9295=LINE('',#12079,#12080);
#9296=LINE('',#12081,#12082);
#9297=LINE('',#12083,#12084);
#9298=LINE('',#12085,#12086);
#9299=LINE('',#12087,#12088);
#9300=LINE('',#12089,#12090);
#9301=LINE('',#12091,#12092);
#9302=VERTEX_POINT('',#12093);
#9303=LINE('',#12094,#12095);
#9304=VERTEX_POINT('',#12096);
#9305=LINE('',#12097,#12098);
#9306=LINE('',#12099,#12100);
#9307=VERTEX_POINT('',#12101);
#9308=LINE('',#12102,#12103);
#9309=LINE('',#12104,#12105);
#9310=VERTEX_POINT('',#12106);
#9311=LINE('',#12107,#12108);
#9312=LINE('',#12109,#12110);
#9313=VERTEX_POINT('',#12111);
#9314=LINE('',#12112,#12113);
#9315=LINE('',#12114,#12115);
#9316=VERTEX_POINT('',#12116);
#9317=LINE('',#12117,#12118);
#9318=LINE('',#12119,#12120);
#9319=VERTEX_POINT('',#12121);
#9320=LINE('',#12122,#12123);
#9321=LINE('',#12124,#12125);
#9322=VERTEX_POINT('',#12126);
#9323=LINE('',#12127,#12128);
#9324=LINE('',#12129,#12130);
#9325=VERTEX_POINT('',#12131);
#9326=LINE('',#12132,#12133);
#9327=LINE('',#12134,#12135);
#9328=VERTEX_POINT('',#12136);
#9329=LINE('',#12137,#12138);
#9330=LINE('',#12139,#12140);
#9331=LINE('',#12141,#12142);
#9332=VERTEX_POINT('',#12143);
#9333=VERTEX_POINT('',#12144);
#9334=LINE('',#12145,#12146);
#9335=VERTEX_POINT('',#12147);
#9336=LINE('',#12148,#12149);
#9337=VERTEX_POINT('',#12150);
#9338=LINE('',#12151,#12152);
#9339=LINE('',#12153,#12154);
#9340=VERTEX_POINT('',#12155);
#9341=VERTEX_POINT('',#12156);
#9342=LINE('',#12157,#12158);
#9343=VERTEX_POINT('',#12159);
#9344=LINE('',#12160,#12161);
#9345=VERTEX_POINT('',#12162);
#9346=LINE('',#12163,#12164);
#9347=VERTEX_POINT('',#12165);
#9348=LINE('',#12166,#12167);
#9349=VERTEX_POINT('',#12168);
#9350=LINE('',#12169,#12170);
#9351=VERTEX_POINT('',#12171);
#9352=LINE('',#12172,#12173);
#9353=VERTEX_POINT('',#12174);
#9354=LINE('',#12175,#12176);
#9355=VERTEX_POINT('',#12177);
#9356=LINE('',#12178,#12179);
#9357=VERTEX_POINT('',#12180);
#9358=LINE('',#12181,#12182);
#9359=LINE('',#12183,#12184);
#9360=VERTEX_POINT('',#12185);
#9361=VERTEX_POINT('',#12186);
#9362=LINE('',#12187,#12188);
#9363=VERTEX_POINT('',#12189);
#9364=LINE('',#12190,#12191);
#9365=VERTEX_POINT('',#12192);
#9366=LINE('',#12193,#12194);
#9367=LINE('',#12195,#12196);
#9368=LINE('',#12197,#12198);
#9369=LINE('',#12199,#12200);
#9370=LINE('',#12201,#12202);
#9371=LINE('',#12203,#12204);
#9372=LINE('',#12205,#12206);
#9373=LINE('',#12207,#12208);
#9374=LINE('',#12209,#12210);
#9375=LINE('',#12211,#12212);
#9376=LINE('',#12213,#12214);
#9377=LINE('',#12215,#12216);
#9378=VERTEX_POINT('',#12217);
#9379=LINE('',#12218,#12219);
#9380=VERTEX_POINT('',#12220);
#9381=LINE('',#12221,#12222);
#9382=LINE('',#12223,#12224);
#9383=VERTEX_POINT('',#12225);
#9384=LINE('',#12226,#12227);
#9385=VERTEX_POINT('',#12228);
#9386=LINE('',#12229,#12230);
#9387=LINE('',#12231,#12232);
#9388=VERTEX_POINT('',#12233);
#9389=LINE('',#12234,#12235);
#9390=LINE('',#12236,#12237);
#9391=VERTEX_POINT('',#12238);
#9392=LINE('',#12239,#12240);
#9393=LINE('',#12241,#12242);
#9394=VERTEX_POINT('',#12243);
#9395=LINE('',#12244,#12245);
#9396=VERTEX_POINT('',#12246);
#9397=LINE('',#12247,#12248);
#9398=LINE('',#12249,#12250);
#9399=LINE('',#12251,#12252);
#9400=LINE('',#12253,#12254);
#9401=LINE('',#12255,#12256);
#9402=LINE('',#12257,#12258);
#9403=LINE('',#12259,#12260);
#9404=LINE('',#12261,#12262);
#9405=LINE('',#12263,#12264);
#9406=LINE('',#12265,#12266);
#9407=LINE('',#12267,#12268);
#9408=VERTEX_POINT('',#12269);
#9409=LINE('',#12270,#12271);
#9410=VERTEX_POINT('',#12272);
#9411=LINE('',#12273,#12274);
#9412=VERTEX_POINT('',#12275);
#9413=LINE('',#12276,#12277);
#9414=LINE('',#12278,#12279);
#9415=VERTEX_POINT('',#12280);
#9416=VERTEX_POINT('',#12281);
#9417=LINE('',#12282,#12283);
#9418=LINE('',#12284,#12285);
#9419=VERTEX_POINT('',#12286);
#9420=LINE('',#12287,#12288);
#9421=CIRCLE('',#12289,0.5);
#9422=VERTEX_POINT('',#12290);
#9423=LINE('',#12291,#12292);
#9424=VERTEX_POINT('',#12293);
#9425=LINE('',#12294,#12295);
#9426=CIRCLE('',#12296,0.5);
#9427=VERTEX_POINT('',#12297);
#9428=LINE('',#12298,#12299);
#9429=VERTEX_POINT('',#12300);
#9430=LINE('',#12301,#12302);
#9431=VERTEX_POINT('',#12303);
#9432=LINE('',#12304,#12305);
#9433=CIRCLE('',#12306,0.5);
#9434=VERTEX_POINT('',#12307);
#9435=VERTEX_POINT('',#12308);
#9436=LINE('',#12309,#12310);
#9437=LINE('',#12311,#12312);
#9438=VERTEX_POINT('',#12313);
#9439=LINE('',#12314,#12315);
#9440=CIRCLE('',#12316,0.5);
#9441=LINE('',#12317,#12318);
#9442=LINE('',#12319,#12320);
#9443=LINE('',#12321,#12322);
#9444=VERTEX_POINT('',#12323);
#9445=LINE('',#12324,#12325);
#9446=LINE('',#12326,#12327);
#9447=VERTEX_POINT('',#12328);
#9448=LINE('',#12329,#12330);
#9449=LINE('',#12331,#12332);
#9450=LINE('',#12333,#12334);
#9451=VERTEX_POINT('',#12335);
#9452=VERTEX_POINT('',#12336);
#9453=LINE('',#12337,#12338);
#9454=VERTEX_POINT('',#12339);
#9455=LINE('',#12340,#12341);
#9456=VERTEX_POINT('',#12342);
#9457=LINE('',#12343,#12344);
#9458=LINE('',#12345,#12346);
#9459=LINE('',#12347,#12348);
#9460=LINE('',#12349,#12350);
#9461=LINE('',#12351,#12352);
#9462=LINE('',#12353,#12354);
#9463=LINE('',#12355,#12356);
#9464=LINE('',#12357,#12358);
#9465=LINE('',#12359,#12360);
#9466=LINE('',#12361,#12362);
#9467=LINE('',#12363,#12364);
#9468=LINE('',#12365,#12366);
#9469=LINE('',#12367,#12368);
#9470=LINE('',#12369,#12370);
#9471=LINE('',#12371,#12372);
#9472=LINE('',#12373,#12374);
#9473=LINE('',#12375,#12376);
#9474=VERTEX_POINT('',#12377);
#9475=LINE('',#12378,#12379);
#9476=VERTEX_POINT('',#12380);
#9477=LINE('',#12381,#12382);
#9478=LINE('',#12383,#12384);
#9479=VERTEX_POINT('',#12385);
#9480=LINE('',#12386,#12387);
#9481=LINE('',#12388,#12389);
#9482=VERTEX_POINT('',#12390);
#9483=LINE('',#12391,#12392);
#9484=LINE('',#12393,#12394);
#9485=VERTEX_POINT('',#12395);
#9486=LINE('',#12396,#12397);
#9487=LINE('',#12398,#12399);
#9488=VERTEX_POINT('',#12400);
#9489=LINE('',#12401,#12402);
#9490=LINE('',#12403,#12404);
#9491=VERTEX_POINT('',#12405);
#9492=LINE('',#12406,#12407);
#9493=LINE('',#12408,#12409);
#9494=VERTEX_POINT('',#12410);
#9495=LINE('',#12411,#12412);
#9496=LINE('',#12413,#12414);
#9497=LINE('',#12415,#12416);
#9498=VERTEX_POINT('',#12417);
#9499=LINE('',#12418,#12419);
#9500=VERTEX_POINT('',#12420);
#9501=LINE('',#12421,#12422);
#9502=LINE('',#12423,#12424);
#9503=VERTEX_POINT('',#12425);
#9504=LINE('',#12426,#12427);
#9505=LINE('',#12428,#12429);
#9506=VERTEX_POINT('',#12430);
#9507=LINE('',#12431,#12432);
#9508=LINE('',#12433,#12434);
#9509=VERTEX_POINT('',#12435);
#9510=LINE('',#12436,#12437);
#9511=LINE('',#12438,#12439);
#9512=VERTEX_POINT('',#12440);
#9513=LINE('',#12441,#12442);
#9514=LINE('',#12443,#12444);
#9515=VERTEX_POINT('',#12445);
#9516=LINE('',#12446,#12447);
#9517=LINE('',#12448,#12449);
#9518=VERTEX_POINT('',#12450);
#9519=LINE('',#12451,#12452);
#9520=LINE('',#12453,#12454);
#9521=LINE('',#12455,#12456);
#9522=VERTEX_POINT('',#12457);
#9523=LINE('',#12458,#12459);
#9524=VERTEX_POINT('',#12460);
#9525=LINE('',#12461,#12462);
#9526=LINE('',#12463,#12464);
#9527=VERTEX_POINT('',#12465);
#9528=LINE('',#12466,#12467);
#9529=LINE('',#12468,#12469);
#9530=VERTEX_POINT('',#12470);
#9531=LINE('',#12471,#12472);
#9532=LINE('',#12473,#12474);
#9533=VERTEX_POINT('',#12475);
#9534=LINE('',#12476,#12477);
#9535=LINE('',#12478,#12479);
#9536=VERTEX_POINT('',#12480);
#9537=LINE('',#12481,#12482);
#9538=LINE('',#12483,#12484);
#9539=VERTEX_POINT('',#12485);
#9540=LINE('',#12486,#12487);
#9541=LINE('',#12488,#12489);
#9542=VERTEX_POINT('',#12490);
#9543=LINE('',#12491,#12492);
#9544=LINE('',#12493,#12494);
#9545=VERTEX_POINT('',#12495);
#9546=LINE('',#12496,#12497);
#9547=LINE('',#12498,#12499);
#9548=LINE('',#12500,#12501);
#9549=VERTEX_POINT('',#12502);
#9550=VERTEX_POINT('',#12503);
#9551=LINE('',#12504,#12505);
#9552=VERTEX_POINT('',#12506);
#9553=LINE('',#12507,#12508);
#9554=VERTEX_POINT('',#12509);
#9555=LINE('',#12510,#12511);
#9556=VERTEX_POINT('',#12512);
#9557=LINE('',#12513,#12514);
#9558=VERTEX_POINT('',#12515);
#9559=LINE('',#12516,#12517);
#9560=VERTEX_POINT('',#12518);
#9561=LINE('',#12519,#12520);
#9562=VERTEX_POINT('',#12521);
#9563=LINE('',#12522,#12523);
#9564=VERTEX_POINT('',#12524);
#9565=LINE('',#12525,#12526);
#9566=LINE('',#12527,#12528);
#9567=LINE('',#12529,#12530);
#9568=LINE('',#12531,#12532);
#9569=LINE('',#12533,#12534);
#9570=LINE('',#12535,#12536);
#9571=LINE('',#12537,#12538);
#9572=LINE('',#12539,#12540);
#9573=LINE('',#12541,#12542);
#9574=LINE('',#12543,#12544);
#9575=LINE('',#12545,#12546);
#9576=CIRCLE('',#12547,1.0);
#9577=VERTEX_POINT('',#12548);
#9578=LINE('',#12549,#12550);
#9579=CIRCLE('',#12551,1.375);
#9580=LINE('',#12552,#12553);
#9581=CIRCLE('',#12554,1.375);
#9582=VERTEX_POINT('',#12555);
#9583=CIRCLE('',#12556,0.8749999439075);
#9584=LINE('',#12557,#12558);
#9585=CIRCLE('',#12559,0.8749999439075);
#9586=VERTEX_POINT('',#12560);
#9587=LINE('',#12561,#12562);
#9588=VERTEX_POINT('',#12563);
#9589=LINE('',#12564,#12565);
#9590=VERTEX_POINT('',#12566);
#9591=LINE('',#12567,#12568);
#9592=VERTEX_POINT('',#12569);
#9593=LINE('',#12570,#12571);
#9594=LINE('',#12572,#12573);
#9595=VERTEX_POINT('',#12574);
#9596=LINE('',#12575,#12576);
#9597=VERTEX_POINT('',#12577);
#9598=LINE('',#12578,#12579);
#9599=VERTEX_POINT('',#12580);
#9600=LINE('',#12581,#12582);
#9601=VERTEX_POINT('',#12583);
#9602=LINE('',#12584,#12585);
#9603=LINE('',#12586,#12587);
#9604=VERTEX_POINT('',#12588);
#9605=LINE('',#12589,#12590);
#9606=LINE('',#12591,#12592);
#9607=VERTEX_POINT('',#12593);
#9608=LINE('',#12594,#12595);
#9609=VERTEX_POINT('',#12596);
#9610=LINE('',#12597,#12598);
#9611=VERTEX_POINT('',#12599);
#9612=LINE('',#12600,#12601);
#9613=VERTEX_POINT('',#12602);
#9614=LINE('',#12603,#12604);
#9615=LINE('',#12605,#12606);
#9616=VERTEX_POINT('',#12607);
#9617=LINE('',#12608,#12609);
#9618=VERTEX_POINT('',#12610);
#9619=LINE('',#12611,#12612);
#9620=VERTEX_POINT('',#12613);
#9621=LINE('',#12614,#12615);
#9622=LINE('',#12616,#12617);
#9623=LINE('',#12618,#12619);
#9624=LINE('',#12620,#12621);
#9625=LINE('',#12622,#12623);
#9626=LINE('',#12624,#12625);
#9627=LINE('',#12626,#12627);
#9628=LINE('',#12628,#12629);
#9629=LINE('',#12630,#12631);
#9630=VERTEX_POINT('',#12632);
#9631=VERTEX_POINT('',#12633);
#9632=LINE('',#12634,#12635);
#9633=VERTEX_POINT('',#12636);
#9634=LINE('',#12637,#12638);
#9635=VERTEX_POINT('',#12639);
#9636=LINE('',#12640,#12641);
#9637=LINE('',#12642,#12643);
#9638=LINE('',#12644,#12645);
#9639=VERTEX_POINT('',#12646);
#9640=VERTEX_POINT('',#12647);
#9641=LINE('',#12648,#12649);
#9642=VERTEX_POINT('',#12650);
#9643=LINE('',#12651,#12652);
#9644=VERTEX_POINT('',#12653);
#9645=LINE('',#12654,#12655);
#9646=LINE('',#12656,#12657);
#9647=LINE('',#12658,#12659);
#9648=VERTEX_POINT('',#12660);
#9649=LINE('',#12661,#12662);
#9650=LINE('',#12663,#12664);
#9651=VERTEX_POINT('',#12665);
#9652=LINE('',#12666,#12667);
#9653=LINE('',#12668,#12669);
#9654=VERTEX_POINT('',#12670);
#9655=LINE('',#12671,#12672);
#9656=LINE('',#12673,#12674);
#9657=VERTEX_POINT('',#12675);
#9658=LINE('',#12676,#12677);
#9659=LINE('',#12678,#12679);
#9660=LINE('',#12680,#12681);
#9661=VERTEX_POINT('',#12682);
#9662=LINE('',#12683,#12684);
#9663=VERTEX_POINT('',#12685);
#9664=LINE('',#12686,#12687);
#9665=VERTEX_POINT('',#12688);
#9666=LINE('',#12689,#12690);
#9667=VERTEX_POINT('',#12691);
#9668=LINE('',#12692,#12693);
#9669=LINE('',#12694,#12695);
#9670=LINE('',#12696,#12697);
#9671=LINE('',#12698,#12699);
#9672=LINE('',#12700,#12701);
#9673=LINE('',#12702,#12703);
#9674=VERTEX_POINT('',#12704);
#9675=LINE('',#12705,#12706);
#9676=VERTEX_POINT('',#12707);
#9677=LINE('',#12708,#12709);
#9678=LINE('',#12710,#12711);
#9679=VERTEX_POINT('',#12712);
#9680=LINE('',#12713,#12714);
#9681=LINE('',#12715,#12716);
#9682=VERTEX_POINT('',#12717);
#9683=LINE('',#12718,#12719);
#9684=LINE('',#12720,#12721);
#9685=LINE('',#12722,#12723);
#9686=VERTEX_POINT('',#12724);
#9687=VERTEX_POINT('',#12725);
#9688=LINE('',#12726,#12727);
#9689=VERTEX_POINT('',#12728);
#9690=LINE('',#12729,#12730);
#9691=VERTEX_POINT('',#12731);
#9692=LINE('',#12732,#12733);
#9693=LINE('',#12734,#12735);
#9694=VERTEX_POINT('',#12736);
#9695=VERTEX_POINT('',#12737);
#9696=LINE('',#12738,#12739);
#9697=VERTEX_POINT('',#12740);
#9698=LINE('',#12741,#12742);
#9699=VERTEX_POINT('',#12743);
#9700=LINE('',#12744,#12745);
#9701=LINE('',#12746,#12747);
#9702=VERTEX_POINT('',#12748);
#9703=VERTEX_POINT('',#12749);
#9704=LINE('',#12750,#12751);
#9705=VERTEX_POINT('',#12752);
#9706=LINE('',#12753,#12754);
#9707=VERTEX_POINT('',#12755);
#9708=LINE('',#12756,#12757);
#9709=LINE('',#12758,#12759);
#9710=VERTEX_POINT('',#12760);
#9711=VERTEX_POINT('',#12761);
#9712=LINE('',#12762,#12763);
#9713=VERTEX_POINT('',#12764);
#9714=LINE('',#12765,#12766);
#9715=VERTEX_POINT('',#12767);
#9716=LINE('',#12768,#12769);
#9717=LINE('',#12770,#12771);
#9718=VERTEX_POINT('',#12772);
#9719=VERTEX_POINT('',#12773);
#9720=LINE('',#12774,#12775);
#9721=VERTEX_POINT('',#12776);
#9722=LINE('',#12777,#12778);
#9723=VERTEX_POINT('',#12779);
#9724=LINE('',#12780,#12781);
#9725=LINE('',#12782,#12783);
#9726=LINE('',#12784,#12785);
#9727=LINE('',#12786,#12787);
#9728=LINE('',#12788,#12789);
#9729=LINE('',#12790,#12791);
#9730=LINE('',#12792,#12793);
#9731=LINE('',#12794,#12795);
#9732=LINE('',#12796,#12797);
#9733=LINE('',#12798,#12799);
#9734=LINE('',#12800,#12801);
#9735=LINE('',#12802,#12803);
#9736=LINE('',#12804,#12805);
#9737=LINE('',#12806,#12807);
#9738=LINE('',#12808,#12809);
#9739=LINE('',#12810,#12811);
#9740=LINE('',#12812,#12813);
#9741=LINE('',#12814,#12815);
#9742=LINE('',#12816,#12817);
#9743=LINE('',#12818,#12819);
#9744=LINE('',#12820,#12821);
#9745=LINE('',#12822,#12823);
#9746=VERTEX_POINT('',#12824);
#9747=LINE('',#12825,#12826);
#9748=VERTEX_POINT('',#12827);
#9749=LINE('',#12828,#12829);
#9750=LINE('',#12830,#12831);
#9751=VERTEX_POINT('',#12832);
#9752=LINE('',#12833,#12834);
#9753=LINE('',#12835,#12836);
#9754=VERTEX_POINT('',#12837);
#9755=LINE('',#12838,#12839);
#9756=LINE('',#12840,#12841);
#9757=LINE('',#12842,#12843);
#9758=VERTEX_POINT('',#12844);
#9759=VERTEX_POINT('',#12845);
#9760=LINE('',#12846,#12847);
#9761=VERTEX_POINT('',#12848);
#9762=LINE('',#12849,#12850);
#9763=VERTEX_POINT('',#12851);
#9764=LINE('',#12852,#12853);
#9765=LINE('',#12854,#12855);
#9766=VERTEX_POINT('',#12856);
#9767=VERTEX_POINT('',#12857);
#9768=LINE('',#12858,#12859);
#9769=VERTEX_POINT('',#12860);
#9770=LINE('',#12861,#12862);
#9771=VERTEX_POINT('',#12863);
#9772=LINE('',#12864,#12865);
#9773=LINE('',#12866,#12867);
#9774=VERTEX_POINT('',#12868);
#9775=VERTEX_POINT('',#12869);
#9776=LINE('',#12870,#12871);
#9777=VERTEX_POINT('',#12872);
#9778=LINE('',#12873,#12874);
#9779=VERTEX_POINT('',#12875);
#9780=LINE('',#12876,#12877);
#9781=LINE('',#12878,#12879);
#9782=VERTEX_POINT('',#12880);
#9783=VERTEX_POINT('',#12881);
#9784=LINE('',#12882,#12883);
#9785=VERTEX_POINT('',#12884);
#9786=LINE('',#12885,#12886);
#9787=VERTEX_POINT('',#12887);
#9788=LINE('',#12888,#12889);
#9789=LINE('',#12890,#12891);
#9790=VERTEX_POINT('',#12892);
#9791=VERTEX_POINT('',#12893);
#9792=LINE('',#12894,#12895);
#9793=VERTEX_POINT('',#12896);
#9794=LINE('',#12897,#12898);
#9795=VERTEX_POINT('',#12899);
#9796=LINE('',#12900,#12901);
#9797=LINE('',#12902,#12903);
#9798=LINE('',#12904,#12905);
#9799=LINE('',#12906,#12907);
#9800=LINE('',#12908,#12909);
#9801=LINE('',#12910,#12911);
#9802=LINE('',#12912,#12913);
#9803=LINE('',#12914,#12915);
#9804=LINE('',#12916,#12917);
#9805=LINE('',#12918,#12919);
#9806=LINE('',#12920,#12921);
#9807=LINE('',#12922,#12923);
#9808=LINE('',#12924,#12925);
#9809=LINE('',#12926,#12927);
#9810=LINE('',#12928,#12929);
#9811=LINE('',#12930,#12931);
#9812=LINE('',#12932,#12933);
#9813=LINE('',#12934,#12935);
#9814=LINE('',#12936,#12937);
#9815=LINE('',#12938,#12939);
#9816=LINE('',#12940,#12941);
#9817=LINE('',#12942,#12943);
#9818=VERTEX_POINT('',#12944);
#9819=LINE('',#12945,#12946);
#9820=VERTEX_POINT('',#12947);
#9821=LINE('',#12948,#12949);
#9822=LINE('',#12950,#12951);
#9823=VERTEX_POINT('',#12952);
#9824=LINE('',#12953,#12954);
#9825=LINE('',#12955,#12956);
#9826=VERTEX_POINT('',#12957);
#9827=LINE('',#12958,#12959);
#9828=LINE('',#12960,#12961);
#9829=LINE('',#12962,#12963);
#9830=VERTEX_POINT('',#12964);
#9831=VERTEX_POINT('',#12965);
#9832=LINE('',#12966,#12967);
#9833=VERTEX_POINT('',#12968);
#9834=LINE('',#12969,#12970);
#9835=VERTEX_POINT('',#12971);
#9836=LINE('',#12972,#12973);
#9837=LINE('',#12974,#12975);
#9838=VERTEX_POINT('',#12976);
#9839=VERTEX_POINT('',#12977);
#9840=LINE('',#12978,#12979);
#9841=VERTEX_POINT('',#12980);
#9842=LINE('',#12981,#12982);
#9843=VERTEX_POINT('',#12983);
#9844=LINE('',#12984,#12985);
#9845=LINE('',#12986,#12987);
#9846=VERTEX_POINT('',#12988);
#9847=VERTEX_POINT('',#12989);
#9848=LINE('',#12990,#12991);
#9849=VERTEX_POINT('',#12992);
#9850=LINE('',#12993,#12994);
#9851=VERTEX_POINT('',#12995);
#9852=LINE('',#12996,#12997);
#9853=LINE('',#12998,#12999);
#9854=VERTEX_POINT('',#13000);
#9855=VERTEX_POINT('',#13001);
#9856=LINE('',#13002,#13003);
#9857=VERTEX_POINT('',#13004);
#9858=LINE('',#13005,#13006);
#9859=VERTEX_POINT('',#13007);
#9860=LINE('',#13008,#13009);
#9861=LINE('',#13010,#13011);
#9862=VERTEX_POINT('',#13012);
#9863=VERTEX_POINT('',#13013);
#9864=LINE('',#13014,#13015);
#9865=VERTEX_POINT('',#13016);
#9866=LINE('',#13017,#13018);
#9867=VERTEX_POINT('',#13019);
#9868=LINE('',#13020,#13021);
#9869=LINE('',#13022,#13023);
#9870=LINE('',#13024,#13025);
#9871=LINE('',#13026,#13027);
#9872=LINE('',#13028,#13029);
#9873=LINE('',#13030,#13031);
#9874=LINE('',#13032,#13033);
#9875=LINE('',#13034,#13035);
#9876=LINE('',#13036,#13037);
#9877=LINE('',#13038,#13039);
#9878=LINE('',#13040,#13041);
#9879=LINE('',#13042,#13043);
#9880=LINE('',#13044,#13045);
#9881=LINE('',#13046,#13047);
#9882=LINE('',#13048,#13049);
#9883=LINE('',#13050,#13051);
#9884=LINE('',#13052,#13053);
#9885=LINE('',#13054,#13055);
#9886=LINE('',#13056,#13057);
#9887=LINE('',#13058,#13059);
#9888=LINE('',#13060,#13061);
#9889=LINE('',#13062,#13063);
#9890=VERTEX_POINT('',#13064);
#9891=LINE('',#13065,#13066);
#9892=VERTEX_POINT('',#13067);
#9893=LINE('',#13068,#13069);
#9894=LINE('',#13070,#13071);
#9895=VERTEX_POINT('',#13072);
#9896=LINE('',#13073,#13074);
#9897=LINE('',#13075,#13076);
#9898=VERTEX_POINT('',#13077);
#9899=LINE('',#13078,#13079);
#9900=LINE('',#13080,#13081);
#9901=LINE('',#13082,#13083);
#9902=VERTEX_POINT('',#13084);
#9903=VERTEX_POINT('',#13085);
#9904=LINE('',#13086,#13087);
#9905=VERTEX_POINT('',#13088);
#9906=LINE('',#13089,#13090);
#9907=VERTEX_POINT('',#13091);
#9908=LINE('',#13092,#13093);
#9909=LINE('',#13094,#13095);
#9910=VERTEX_POINT('',#13096);
#9911=VERTEX_POINT('',#13097);
#9912=LINE('',#13098,#13099);
#9913=VERTEX_POINT('',#13100);
#9914=LINE('',#13101,#13102);
#9915=VERTEX_POINT('',#13103);
#9916=LINE('',#13104,#13105);
#9917=LINE('',#13106,#13107);
#9918=VERTEX_POINT('',#13108);
#9919=VERTEX_POINT('',#13109);
#9920=LINE('',#13110,#13111);
#9921=VERTEX_POINT('',#13112);
#9922=LINE('',#13113,#13114);
#9923=VERTEX_POINT('',#13115);
#9924=LINE('',#13116,#13117);
#9925=LINE('',#13118,#13119);
#9926=VERTEX_POINT('',#13120);
#9927=VERTEX_POINT('',#13121);
#9928=LINE('',#13122,#13123);
#9929=VERTEX_POINT('',#13124);
#9930=LINE('',#13125,#13126);
#9931=VERTEX_POINT('',#13127);
#9932=LINE('',#13128,#13129);
#9933=LINE('',#13130,#13131);
#9934=VERTEX_POINT('',#13132);
#9935=VERTEX_POINT('',#13133);
#9936=LINE('',#13134,#13135);
#9937=VERTEX_POINT('',#13136);
#9938=LINE('',#13137,#13138);
#9939=VERTEX_POINT('',#13139);
#9940=LINE('',#13140,#13141);
#9941=LINE('',#13142,#13143);
#9942=LINE('',#13144,#13145);
#9943=LINE('',#13146,#13147);
#9944=LINE('',#13148,#13149);
#9945=LINE('',#13150,#13151);
#9946=LINE('',#13152,#13153);
#9947=LINE('',#13154,#13155);
#9948=LINE('',#13156,#13157);
#9949=LINE('',#13158,#13159);
#9950=LINE('',#13160,#13161);
#9951=LINE('',#13162,#13163);
#9952=LINE('',#13164,#13165);
#9953=LINE('',#13166,#13167);
#9954=LINE('',#13168,#13169);
#9955=LINE('',#13170,#13171);
#9956=LINE('',#13172,#13173);
#9957=LINE('',#13174,#13175);
#9958=LINE('',#13176,#13177);
#9959=LINE('',#13178,#13179);
#9960=LINE('',#13180,#13181);
#9961=LINE('',#13182,#13183);
#9962=VERTEX_POINT('',#13184);
#9963=LINE('',#13185,#13186);
#9964=VERTEX_POINT('',#13187);
#9965=LINE('',#13188,#13189);
#9966=LINE('',#13190,#13191);
#9967=VERTEX_POINT('',#13192);
#9968=LINE('',#13193,#13194);
#9969=LINE('',#13195,#13196);
#9970=VERTEX_POINT('',#13197);
#9971=LINE('',#13198,#13199);
#9972=LINE('',#13200,#13201);
#9973=LINE('',#13202,#13203);
#9974=VERTEX_POINT('',#13204);
#9975=VERTEX_POINT('',#13205);
#9976=LINE('',#13206,#13207);
#9977=VERTEX_POINT('',#13208);
#9978=LINE('',#13209,#13210);
#9979=VERTEX_POINT('',#13211);
#9980=LINE('',#13212,#13213);
#9981=LINE('',#13214,#13215);
#9982=VERTEX_POINT('',#13216);
#9983=VERTEX_POINT('',#13217);
#9984=LINE('',#13218,#13219);
#9985=VERTEX_POINT('',#13220);
#9986=LINE('',#13221,#13222);
#9987=VERTEX_POINT('',#13223);
#9988=LINE('',#13224,#13225);
#9989=LINE('',#13226,#13227);
#9990=VERTEX_POINT('',#13228);
#9991=VERTEX_POINT('',#13229);
#9992=LINE('',#13230,#13231);
#9993=VERTEX_POINT('',#13232);
#9994=LINE('',#13233,#13234);
#9995=VERTEX_POINT('',#13235);
#9996=LINE('',#13236,#13237);
#9997=LINE('',#13238,#13239);
#9998=VERTEX_POINT('',#13240);
#9999=VERTEX_POINT('',#13241);
#10000=LINE('',#13242,#13243);
#10001=VERTEX_POINT('',#13244);
#10002=LINE('',#13245,#13246);
#10003=VERTEX_POINT('',#13247);
#10004=LINE('',#13248,#13249);
#10005=LINE('',#13250,#13251);
#10006=VERTEX_POINT('',#13252);
#10007=VERTEX_POINT('',#13253);
#10008=LINE('',#13254,#13255);
#10009=VERTEX_POINT('',#13256);
#10010=LINE('',#13257,#13258);
#10011=VERTEX_POINT('',#13259);
#10012=LINE('',#13260,#13261);
#10013=LINE('',#13262,#13263);
#10014=LINE('',#13264,#13265);
#10015=LINE('',#13266,#13267);
#10016=LINE('',#13268,#13269);
#10017=LINE('',#13270,#13271);
#10018=LINE('',#13272,#13273);
#10019=LINE('',#13274,#13275);
#10020=LINE('',#13276,#13277);
#10021=LINE('',#13278,#13279);
#10022=LINE('',#13280,#13281);
#10023=LINE('',#13282,#13283);
#10024=LINE('',#13284,#13285);
#10025=LINE('',#13286,#13287);
#10026=LINE('',#13288,#13289);
#10027=LINE('',#13290,#13291);
#10028=LINE('',#13292,#13293);
#10029=LINE('',#13294,#13295);
#10030=LINE('',#13296,#13297);
#10031=LINE('',#13298,#13299);
#10032=LINE('',#13300,#13301);
#10033=LINE('',#13302,#13303);
#10034=CARTESIAN_POINT('',(15.0,-0.8749999439075,-14.19999999081));
#10035=CARTESIAN_POINT('',(15.0,-1.375,-13.69999992619));
#10036=CARTESIAN_POINT('',(15.0,-1.125000045026,-13.94999987103));
#10037=VECTOR('',#13304,1.0);
#10038=CARTESIAN_POINT('',(15.87499994391,0.0,-14.19999999081));
#10039=AXIS2_PLACEMENT_3D('',#13305,#13306,#13307);
#10040=CARTESIAN_POINT('',(16.37499997435,-3.531193698285E-13,-13.69999997435));
#10041=CARTESIAN_POINT('',(15.87499997824,-2.999347021851E-13,-14.19999997824));
#10042=VECTOR('',#13308,0.7071067811864);
#10043=AXIS2_PLACEMENT_3D('',#13309,#13310,#13311);
#10044=CARTESIAN_POINT('',(15.0,1.375,-13.69999992619));
#10045=CARTESIAN_POINT('',(15.0,0.8749999439075,-14.19999999081));
#10046=CARTESIAN_POINT('',(15.0,1.125000045026,-13.94999987103));
#10047=VECTOR('',#13312,1.0);
#10048=AXIS2_PLACEMENT_3D('',#13313,#13314,#13315);
#10049=AXIS2_PLACEMENT_3D('',#13316,#13317,#13318);
#10050=CARTESIAN_POINT('',(-23.75,-9.58,-10.3));
#10051=CARTESIAN_POINT('',(-23.75,-8.68,-10.3));
#10052=CARTESIAN_POINT('',(-23.75,-9.58,-10.3));
#10053=VECTOR('',#13319,0.9);
#10054=CARTESIAN_POINT('',(-25.45,-8.68,-10.3));
#10055=CARTESIAN_POINT('',(-25.45,-8.68,-10.3));
#10056=VECTOR('',#13320,1.7);
#10057=CARTESIAN_POINT('',(-25.45,-3.35,-10.3));
#10058=CARTESIAN_POINT('',(-25.45,-3.35,-10.3));
#10059=VECTOR('',#13321,5.33);
#10060=CARTESIAN_POINT('',(-26.91,-3.35,-10.3));
#10061=CARTESIAN_POINT('',(-26.91,-3.35,-10.3));
#10062=VECTOR('',#13322,1.46);
#10063=CARTESIAN_POINT('',(-26.91,-0.5,-10.3));
#10064=CARTESIAN_POINT('',(-26.91,-3.35,-10.3));
#10065=VECTOR('',#13323,2.85);
#10066=CARTESIAN_POINT('',(-25.45,-0.5,-10.3));
#10067=CARTESIAN_POINT('',(-26.91,-0.5,-10.3));
#10068=VECTOR('',#13324,1.46);
#10069=CARTESIAN_POINT('',(-25.45,0.5,-10.3));
#10070=CARTESIAN_POINT('',(-25.45,0.5,-10.3));
#10071=VECTOR('',#13325,1.0);
#10072=CARTESIAN_POINT('',(-26.91,0.5,-10.3));
#10073=CARTESIAN_POINT('',(-26.91,0.5,-10.3));
#10074=VECTOR('',#13326,1.46);
#10075=CARTESIAN_POINT('',(-26.91,3.35,-10.3));
#10076=CARTESIAN_POINT('',(-26.91,0.5,-10.3));
#10077=VECTOR('',#13327,2.85);
#10078=CARTESIAN_POINT('',(-25.45,3.35,-10.3));
#10079=CARTESIAN_POINT('',(-26.91,3.35,-10.3));
#10080=VECTOR('',#13328,1.46);
#10081=CARTESIAN_POINT('',(-25.45,8.68,-10.3));
#10082=CARTESIAN_POINT('',(-25.45,8.68,-10.3));
#10083=VECTOR('',#13329,5.33);
#10084=CARTESIAN_POINT('',(-23.75,8.68,-10.3));
#10085=CARTESIAN_POINT('',(-23.75,8.68,-10.3));
#10086=VECTOR('',#13330,1.7);
#10087=CARTESIAN_POINT('',(-23.75,9.58,-10.3));
#10088=CARTESIAN_POINT('',(-23.75,9.58,-10.3));
#10089=VECTOR('',#13331,0.9);
#10090=CARTESIAN_POINT('',(4.15,9.58,-10.3));
#10091=CARTESIAN_POINT('',(4.15,9.58,-10.3));
#10092=VECTOR('',#13332,27.9);
#10093=CARTESIAN_POINT('',(4.15,8.68,-10.3));
#10094=CARTESIAN_POINT('',(4.15,9.58,-10.3));
#10095=VECTOR('',#13333,0.9);
#10096=CARTESIAN_POINT('',(5.85,8.68,-10.3));
#10097=CARTESIAN_POINT('',(5.85,8.68,-10.3));
#10098=VECTOR('',#13334,1.7);
#10099=CARTESIAN_POINT('',(5.85,9.58,-10.3));
#10100=CARTESIAN_POINT('',(5.85,9.58,-10.3));
#10101=VECTOR('',#13335,0.9);
#10102=CARTESIAN_POINT('',(23.75,9.58,-10.3));
#10103=CARTESIAN_POINT('',(23.75,9.58,-10.3));
#10104=VECTOR('',#13336,17.9);
#10105=CARTESIAN_POINT('',(23.75,8.68,-10.3));
#10106=CARTESIAN_POINT('',(23.75,9.58,-10.3));
#10107=VECTOR('',#13337,0.9);
#10108=CARTESIAN_POINT('',(25.45,8.68,-10.3));
#10109=CARTESIAN_POINT('',(25.45,8.68,-10.3));
#10110=VECTOR('',#13338,1.7);
#10111=CARTESIAN_POINT('',(25.45,3.35,-10.3));
#10112=CARTESIAN_POINT('',(25.45,3.35,-10.3));
#10113=VECTOR('',#13339,5.33);
#10114=CARTESIAN_POINT('',(26.91,3.35,-10.3));
#10115=CARTESIAN_POINT('',(25.45,3.35,-10.3));
#10116=VECTOR('',#13340,1.46);
#10117=CARTESIAN_POINT('',(26.91,0.5,-10.3));
#10118=CARTESIAN_POINT('',(26.91,0.5,-10.3));
#10119=VECTOR('',#13341,2.85);
#10120=CARTESIAN_POINT('',(25.45,0.5,-10.3));
#10121=CARTESIAN_POINT('',(25.45,0.5,-10.3));
#10122=VECTOR('',#13342,1.46);
#10123=CARTESIAN_POINT('',(25.45,-0.5,-10.3));
#10124=CARTESIAN_POINT('',(25.45,-0.5,-10.3));
#10125=VECTOR('',#13343,1.0);
#10126=CARTESIAN_POINT('',(26.91,-0.5,-10.3));
#10127=CARTESIAN_POINT('',(25.45,-0.5,-10.3));
#10128=VECTOR('',#13344,1.46);
#10129=CARTESIAN_POINT('',(26.91,-3.35,-10.3));
#10130=CARTESIAN_POINT('',(26.91,-3.35,-10.3));
#10131=VECTOR('',#13345,2.85);
#10132=CARTESIAN_POINT('',(25.45,-3.35,-10.3));
#10133=CARTESIAN_POINT('',(25.45,-3.35,-10.3));
#10134=VECTOR('',#13346,1.46);
#10135=CARTESIAN_POINT('',(25.45,-8.68,-10.3));
#10136=CARTESIAN_POINT('',(25.45,-8.68,-10.3));
#10137=VECTOR('',#13347,5.33);
#10138=CARTESIAN_POINT('',(23.75,-8.68,-10.3));
#10139=CARTESIAN_POINT('',(23.75,-8.68,-10.3));
#10140=VECTOR('',#13348,1.7);
#10141=CARTESIAN_POINT('',(23.75,-9.58,-10.3));
#10142=CARTESIAN_POINT('',(23.75,-9.58,-10.3));
#10143=VECTOR('',#13349,0.9);
#10144=CARTESIAN_POINT('',(5.85,-9.58,-10.3));
#10145=CARTESIAN_POINT('',(5.85,-9.58,-10.3));
#10146=VECTOR('',#13350,17.9);
#10147=CARTESIAN_POINT('',(5.85,-8.68,-10.3));
#10148=CARTESIAN_POINT('',(5.85,-9.58,-10.3));
#10149=VECTOR('',#13351,0.9);
#10150=CARTESIAN_POINT('',(4.15,-8.68,-10.3));
#10151=CARTESIAN_POINT('',(4.15,-8.68,-10.3));
#10152=VECTOR('',#13352,1.7);
#10153=CARTESIAN_POINT('',(4.15,-9.58,-10.3));
#10154=CARTESIAN_POINT('',(4.15,-9.58,-10.3));
#10155=VECTOR('',#13353,0.9);
#10156=CARTESIAN_POINT('',(-23.75,-9.58,-10.3));
#10157=VECTOR('',#13354,27.9);
#10158=CARTESIAN_POINT('',(13.625,0.0,-10.3));
#10159=CARTESIAN_POINT('',(16.375,0.0,-10.3));
#10160=AXIS2_PLACEMENT_3D('',#13355,#13356,#13357);
#10161=AXIS2_PLACEMENT_3D('',#13358,#13359,#13360);
#10162=CARTESIAN_POINT('',(25.305,-0.85,-10.3));
#10163=CARTESIAN_POINT('',(26.105,-0.85,-10.3));
#10164=CARTESIAN_POINT('',(25.305,-0.85,-10.3));
#10165=VECTOR('',#13361,0.8);
#10166=CARTESIAN_POINT('',(25.305,-1.35,-10.3));
#10167=CARTESIAN_POINT('',(25.305,-1.35,-10.3));
#10168=VECTOR('',#13362,0.5);
#10169=CARTESIAN_POINT('',(26.105,-1.35,-10.3));
#10170=CARTESIAN_POINT('',(25.305,-1.35,-10.3));
#10171=VECTOR('',#13363,0.8);
#10172=CARTESIAN_POINT('',(26.105,-0.85,-10.3));
#10173=VECTOR('',#13364,0.5);
#10174=CARTESIAN_POINT('',(25.305,1.35,-10.3));
#10175=CARTESIAN_POINT('',(26.105,1.35,-10.3));
#10176=CARTESIAN_POINT('',(25.305,1.35,-10.3));
#10177=VECTOR('',#13365,0.8);
#10178=CARTESIAN_POINT('',(25.305,0.85,-10.3));
#10179=CARTESIAN_POINT('',(25.305,0.85,-10.3));
#10180=VECTOR('',#13366,0.5);
#10181=CARTESIAN_POINT('',(26.105,0.85,-10.3));
#10182=CARTESIAN_POINT('',(25.305,0.85,-10.3));
#10183=VECTOR('',#13367,0.8);
#10184=CARTESIAN_POINT('',(26.105,1.35,-10.3));
#10185=VECTOR('',#13368,0.5);
#10186=CARTESIAN_POINT('',(-25.305,-0.85,-10.3));
#10187=CARTESIAN_POINT('',(-26.105,-0.85,-10.3));
#10188=CARTESIAN_POINT('',(-25.305,-0.85,-10.3));
#10189=VECTOR('',#13369,0.8);
#10190=CARTESIAN_POINT('',(-26.105,-1.35,-10.3));
#10191=CARTESIAN_POINT('',(-26.105,-1.35,-10.3));
#10192=VECTOR('',#13370,0.5);
#10193=CARTESIAN_POINT('',(-25.305,-1.35,-10.3));
#10194=CARTESIAN_POINT('',(-25.305,-1.35,-10.3));
#10195=VECTOR('',#13371,0.8);
#10196=CARTESIAN_POINT('',(-25.305,-1.35,-10.3));
#10197=VECTOR('',#13372,0.5);
#10198=CARTESIAN_POINT('',(-25.305,1.35,-10.3));
#10199=CARTESIAN_POINT('',(-26.105,1.35,-10.3));
#10200=CARTESIAN_POINT('',(-25.305,1.35,-10.3));
#10201=VECTOR('',#13373,0.8);
#10202=CARTESIAN_POINT('',(-26.105,0.85,-10.3));
#10203=CARTESIAN_POINT('',(-26.105,0.85,-10.3));
#10204=VECTOR('',#13374,0.5);
#10205=CARTESIAN_POINT('',(-25.305,0.85,-10.3));
#10206=CARTESIAN_POINT('',(-25.305,0.85,-10.3));
#10207=VECTOR('',#13375,0.8);
#10208=CARTESIAN_POINT('',(-25.305,0.85,-10.3));
#10209=VECTOR('',#13376,0.5);
#10210=CARTESIAN_POINT('',(21.0,-8.68,-10.3));
#10211=CARTESIAN_POINT('',(19.0,-8.68,-10.3));
#10212=CARTESIAN_POINT('',(21.0,-8.68,-10.3));
#10213=VECTOR('',#13377,2.0);
#10214=CARTESIAN_POINT('',(21.0,-8.18,-10.3));
#10215=CARTESIAN_POINT('',(21.0,-8.18,-10.3));
#10216=VECTOR('',#13378,0.5);
#10217=CARTESIAN_POINT('',(19.0,-8.18,-10.3));
#10218=CARTESIAN_POINT('',(19.0,-8.18,-10.3));
#10219=VECTOR('',#13379,2.0);
#10220=CARTESIAN_POINT('',(19.0,-8.68,-10.3));
#10221=VECTOR('',#13380,0.5);
#10222=CARTESIAN_POINT('',(19.8,-5.03,-10.3));
#10223=CARTESIAN_POINT('',(19.3,-5.03,-10.3));
#10224=CARTESIAN_POINT('',(19.8,-5.03,-10.3));
#10225=VECTOR('',#13381,0.5);
#10226=CARTESIAN_POINT('',(19.8,-3.03,-10.3));
#10227=CARTESIAN_POINT('',(19.8,-3.03,-10.3));
#10228=VECTOR('',#13382,2.0);
#10229=CARTESIAN_POINT('',(19.3,-3.03,-10.3));
#10230=CARTESIAN_POINT('',(19.3,-3.03,-10.3));
#10231=VECTOR('',#13383,0.5);
#10232=CARTESIAN_POINT('',(19.3,-5.03,-10.3));
#10233=VECTOR('',#13384,2.0);
#10234=CARTESIAN_POINT('',(20.7,-3.03,-10.3));
#10235=CARTESIAN_POINT('',(20.7,-5.03,-10.3));
#10236=CARTESIAN_POINT('',(20.7,-3.03,-10.3));
#10237=VECTOR('',#13385,2.0);
#10238=CARTESIAN_POINT('',(20.2,-3.03,-10.3));
#10239=CARTESIAN_POINT('',(20.2,-3.03,-10.3));
#10240=VECTOR('',#13386,0.5);
#10241=CARTESIAN_POINT('',(20.2,-5.03,-10.3));
#10242=CARTESIAN_POINT('',(20.2,-5.03,-10.3));
#10243=VECTOR('',#13387,2.0);
#10244=CARTESIAN_POINT('',(20.7,-5.03,-10.3));
#10245=VECTOR('',#13388,0.5);
#10246=CARTESIAN_POINT('',(19.0,8.18,-10.3));
#10247=CARTESIAN_POINT('',(19.0,8.68,-10.3));
#10248=CARTESIAN_POINT('',(19.0,8.18,-10.3));
#10249=VECTOR('',#13389,0.5);
#10250=CARTESIAN_POINT('',(21.0,8.18,-10.3));
#10251=CARTESIAN_POINT('',(21.0,8.18,-10.3));
#10252=VECTOR('',#13390,2.0);
#10253=CARTESIAN_POINT('',(21.0,8.68,-10.3));
#10254=CARTESIAN_POINT('',(21.0,8.68,-10.3));
#10255=VECTOR('',#13391,0.5);
#10256=CARTESIAN_POINT('',(19.0,8.68,-10.3));
#10257=VECTOR('',#13392,2.0);
#10258=CARTESIAN_POINT('',(19.3,3.03,-10.3));
#10259=CARTESIAN_POINT('',(19.3,5.03,-10.3));
#10260=CARTESIAN_POINT('',(19.3,3.03,-10.3));
#10261=VECTOR('',#13393,2.0);
#10262=CARTESIAN_POINT('',(19.8,3.03,-10.3));
#10263=CARTESIAN_POINT('',(19.8,3.03,-10.3));
#10264=VECTOR('',#13394,0.5);
#10265=CARTESIAN_POINT('',(19.8,5.03,-10.3));
#10266=CARTESIAN_POINT('',(19.8,5.03,-10.3));
#10267=VECTOR('',#13395,2.0);
#10268=CARTESIAN_POINT('',(19.3,5.03,-10.3));
#10269=VECTOR('',#13396,0.5);
#10270=CARTESIAN_POINT('',(20.2,5.03,-10.3));
#10271=CARTESIAN_POINT('',(20.7,5.03,-10.3));
#10272=CARTESIAN_POINT('',(20.2,5.03,-10.3));
#10273=VECTOR('',#13397,0.5);
#10274=CARTESIAN_POINT('',(20.2,3.03,-10.3));
#10275=CARTESIAN_POINT('',(20.2,3.03,-10.3));
#10276=VECTOR('',#13398,2.0);
#10277=CARTESIAN_POINT('',(20.7,3.03,-10.3));
#10278=CARTESIAN_POINT('',(20.7,3.03,-10.3));
#10279=VECTOR('',#13399,0.5);
#10280=CARTESIAN_POINT('',(20.7,5.03,-10.3));
#10281=VECTOR('',#13400,2.0);
#10282=CARTESIAN_POINT('',(11.0,-8.68,-10.3));
#10283=CARTESIAN_POINT('',(9.0,-8.68,-10.3));
#10284=CARTESIAN_POINT('',(11.0,-8.68,-10.3));
#10285=VECTOR('',#13401,2.0);
#10286=CARTESIAN_POINT('',(11.0,-8.18,-10.3));
#10287=CARTESIAN_POINT('',(11.0,-8.18,-10.3));
#10288=VECTOR('',#13402,0.5);
#10289=CARTESIAN_POINT('',(9.0,-8.18,-10.3));
#10290=CARTESIAN_POINT('',(9.0,-8.18,-10.3));
#10291=VECTOR('',#13403,2.0);
#10292=CARTESIAN_POINT('',(9.0,-8.68,-10.3));
#10293=VECTOR('',#13404,0.5);
#10294=CARTESIAN_POINT('',(9.8,-5.03,-10.3));
#10295=CARTESIAN_POINT('',(9.3,-5.03,-10.3));
#10296=CARTESIAN_POINT('',(9.8,-5.03,-10.3));
#10297=VECTOR('',#13405,0.5);
#10298=CARTESIAN_POINT('',(9.8,-3.03,-10.3));
#10299=CARTESIAN_POINT('',(9.8,-3.03,-10.3));
#10300=VECTOR('',#13406,2.0);
#10301=CARTESIAN_POINT('',(9.3,-3.03,-10.3));
#10302=CARTESIAN_POINT('',(9.3,-3.03,-10.3));
#10303=VECTOR('',#13407,0.5);
#10304=CARTESIAN_POINT('',(9.3,-5.03,-10.3));
#10305=VECTOR('',#13408,2.0);
#10306=CARTESIAN_POINT('',(10.7,-3.03,-10.3));
#10307=CARTESIAN_POINT('',(10.7,-5.03,-10.3));
#10308=CARTESIAN_POINT('',(10.7,-3.03,-10.3));
#10309=VECTOR('',#13409,2.0);
#10310=CARTESIAN_POINT('',(10.2,-3.03,-10.3));
#10311=CARTESIAN_POINT('',(10.2,-3.03,-10.3));
#10312=VECTOR('',#13410,0.5);
#10313=CARTESIAN_POINT('',(10.2,-5.03,-10.3));
#10314=CARTESIAN_POINT('',(10.2,-5.03,-10.3));
#10315=VECTOR('',#13411,2.0);
#10316=CARTESIAN_POINT('',(10.7,-5.03,-10.3));
#10317=VECTOR('',#13412,0.5);
#10318=CARTESIAN_POINT('',(9.0,8.18,-10.3));
#10319=CARTESIAN_POINT('',(9.0,8.68,-10.3));
#10320=CARTESIAN_POINT('',(9.0,8.18,-10.3));
#10321=VECTOR('',#13413,0.5);
#10322=CARTESIAN_POINT('',(11.0,8.18,-10.3));
#10323=CARTESIAN_POINT('',(11.0,8.18,-10.3));
#10324=VECTOR('',#13414,2.0);
#10325=CARTESIAN_POINT('',(11.0,8.68,-10.3));
#10326=CARTESIAN_POINT('',(11.0,8.68,-10.3));
#10327=VECTOR('',#13415,0.5);
#10328=CARTESIAN_POINT('',(9.0,8.68,-10.3));
#10329=VECTOR('',#13416,2.0);
#10330=CARTESIAN_POINT('',(9.3,3.03,-10.3));
#10331=CARTESIAN_POINT('',(9.3,5.03,-10.3));
#10332=CARTESIAN_POINT('',(9.3,3.03,-10.3));
#10333=VECTOR('',#13417,2.0);
#10334=CARTESIAN_POINT('',(9.8,3.03,-10.3));
#10335=CARTESIAN_POINT('',(9.8,3.03,-10.3));
#10336=VECTOR('',#13418,0.5);
#10337=CARTESIAN_POINT('',(9.8,5.03,-10.3));
#10338=CARTESIAN_POINT('',(9.8,5.03,-10.3));
#10339=VECTOR('',#13419,2.0);
#10340=CARTESIAN_POINT('',(9.3,5.03,-10.3));
#10341=VECTOR('',#13420,0.5);
#10342=CARTESIAN_POINT('',(10.2,5.03,-10.3));
#10343=CARTESIAN_POINT('',(10.7,5.03,-10.3));
#10344=CARTESIAN_POINT('',(10.2,5.03,-10.3));
#10345=VECTOR('',#13421,0.5);
#10346=CARTESIAN_POINT('',(10.2,3.03,-10.3));
#10347=CARTESIAN_POINT('',(10.2,3.03,-10.3));
#10348=VECTOR('',#13422,2.0);
#10349=CARTESIAN_POINT('',(10.7,3.03,-10.3));
#10350=CARTESIAN_POINT('',(10.7,3.03,-10.3));
#10351=VECTOR('',#13423,0.5);
#10352=CARTESIAN_POINT('',(10.7,5.03,-10.3));
#10353=VECTOR('',#13424,2.0);
#10354=CARTESIAN_POINT('',(1.0,-8.68,-10.3));
#10355=CARTESIAN_POINT('',(-1.0,-8.68,-10.3));
#10356=CARTESIAN_POINT('',(1.0,-8.68,-10.3));
#10357=VECTOR('',#13425,2.0);
#10358=CARTESIAN_POINT('',(1.0,-8.18,-10.3));
#10359=CARTESIAN_POINT('',(1.0,-8.18,-10.3));
#10360=VECTOR('',#13426,0.5);
#10361=CARTESIAN_POINT('',(-1.0,-8.18,-10.3));
#10362=CARTESIAN_POINT('',(-1.0,-8.18,-10.3));
#10363=VECTOR('',#13427,2.0);
#10364=CARTESIAN_POINT('',(-1.0,-8.68,-10.3));
#10365=VECTOR('',#13428,0.5);
#10366=CARTESIAN_POINT('',(-0.2,-5.03,-10.3));
#10367=CARTESIAN_POINT('',(-0.7,-5.03,-10.3));
#10368=CARTESIAN_POINT('',(-0.2,-5.03,-10.3));
#10369=VECTOR('',#13429,0.5);
#10370=CARTESIAN_POINT('',(-0.2,-3.03,-10.3));
#10371=CARTESIAN_POINT('',(-0.2,-3.03,-10.3));
#10372=VECTOR('',#13430,2.0);
#10373=CARTESIAN_POINT('',(-0.7,-3.03,-10.3));
#10374=CARTESIAN_POINT('',(-0.7,-3.03,-10.3));
#10375=VECTOR('',#13431,0.5);
#10376=CARTESIAN_POINT('',(-0.7,-5.03,-10.3));
#10377=VECTOR('',#13432,2.0);
#10378=CARTESIAN_POINT('',(0.7,-3.03,-10.3));
#10379=CARTESIAN_POINT('',(0.7,-5.03,-10.3));
#10380=CARTESIAN_POINT('',(0.7,-3.03,-10.3));
#10381=VECTOR('',#13433,2.0);
#10382=CARTESIAN_POINT('',(0.2,-3.03,-10.3));
#10383=CARTESIAN_POINT('',(0.2,-3.03,-10.3));
#10384=VECTOR('',#13434,0.5);
#10385=CARTESIAN_POINT('',(0.2,-5.03,-10.3));
#10386=CARTESIAN_POINT('',(0.2,-5.03,-10.3));
#10387=VECTOR('',#13435,2.0);
#10388=CARTESIAN_POINT('',(0.7,-5.03,-10.3));
#10389=VECTOR('',#13436,0.5);
#10390=CARTESIAN_POINT('',(-1.0,8.18,-10.3));
#10391=CARTESIAN_POINT('',(-1.0,8.68,-10.3));
#10392=CARTESIAN_POINT('',(-1.0,8.18,-10.3));
#10393=VECTOR('',#13437,0.5);
#10394=CARTESIAN_POINT('',(1.0,8.18,-10.3));
#10395=CARTESIAN_POINT('',(1.0,8.18,-10.3));
#10396=VECTOR('',#13438,2.0);
#10397=CARTESIAN_POINT('',(1.0,8.68,-10.3));
#10398=CARTESIAN_POINT('',(1.0,8.68,-10.3));
#10399=VECTOR('',#13439,0.5);
#10400=CARTESIAN_POINT('',(-1.0,8.68,-10.3));
#10401=VECTOR('',#13440,2.0);
#10402=CARTESIAN_POINT('',(-0.7,3.03,-10.3));
#10403=CARTESIAN_POINT('',(-0.7,5.03,-10.3));
#10404=CARTESIAN_POINT('',(-0.7,3.03,-10.3));
#10405=VECTOR('',#13441,2.0);
#10406=CARTESIAN_POINT('',(-0.2,3.03,-10.3));
#10407=CARTESIAN_POINT('',(-0.2,3.03,-10.3));
#10408=VECTOR('',#13442,0.5);
#10409=CARTESIAN_POINT('',(-0.2,5.03,-10.3));
#10410=CARTESIAN_POINT('',(-0.2,5.03,-10.3));
#10411=VECTOR('',#13443,2.0);
#10412=CARTESIAN_POINT('',(-0.7,5.03,-10.3));
#10413=VECTOR('',#13444,0.5);
#10414=CARTESIAN_POINT('',(0.2,5.03,-10.3));
#10415=CARTESIAN_POINT('',(0.7,5.03,-10.3));
#10416=CARTESIAN_POINT('',(0.2,5.03,-10.3));
#10417=VECTOR('',#13445,0.5);
#10418=CARTESIAN_POINT('',(0.2,3.03,-10.3));
#10419=CARTESIAN_POINT('',(0.2,3.03,-10.3));
#10420=VECTOR('',#13446,2.0);
#10421=CARTESIAN_POINT('',(0.7,3.03,-10.3));
#10422=CARTESIAN_POINT('',(0.7,3.03,-10.3));
#10423=VECTOR('',#13447,0.5);
#10424=CARTESIAN_POINT('',(0.7,5.03,-10.3));
#10425=VECTOR('',#13448,2.0);
#10426=CARTESIAN_POINT('',(-9.0,-8.68,-10.3));
#10427=CARTESIAN_POINT('',(-11.0,-8.68,-10.3));
#10428=CARTESIAN_POINT('',(-9.0,-8.68,-10.3));
#10429=VECTOR('',#13449,2.0);
#10430=CARTESIAN_POINT('',(-9.0,-8.18,-10.3));
#10431=CARTESIAN_POINT('',(-9.0,-8.18,-10.3));
#10432=VECTOR('',#13450,0.5);
#10433=CARTESIAN_POINT('',(-11.0,-8.18,-10.3));
#10434=CARTESIAN_POINT('',(-11.0,-8.18,-10.3));
#10435=VECTOR('',#13451,2.0);
#10436=CARTESIAN_POINT('',(-11.0,-8.68,-10.3));
#10437=VECTOR('',#13452,0.5);
#10438=CARTESIAN_POINT('',(-10.2,-5.03,-10.3));
#10439=CARTESIAN_POINT('',(-10.7,-5.03,-10.3));
#10440=CARTESIAN_POINT('',(-10.2,-5.03,-10.3));
#10441=VECTOR('',#13453,0.5);
#10442=CARTESIAN_POINT('',(-10.2,-3.03,-10.3));
#10443=CARTESIAN_POINT('',(-10.2,-3.03,-10.3));
#10444=VECTOR('',#13454,2.0);
#10445=CARTESIAN_POINT('',(-10.7,-3.03,-10.3));
#10446=CARTESIAN_POINT('',(-10.7,-3.03,-10.3));
#10447=VECTOR('',#13455,0.5);
#10448=CARTESIAN_POINT('',(-10.7,-5.03,-10.3));
#10449=VECTOR('',#13456,2.0);
#10450=CARTESIAN_POINT('',(-9.3,-3.03,-10.3));
#10451=CARTESIAN_POINT('',(-9.3,-5.03,-10.3));
#10452=CARTESIAN_POINT('',(-9.3,-3.03,-10.3));
#10453=VECTOR('',#13457,2.0);
#10454=CARTESIAN_POINT('',(-9.8,-3.03,-10.3));
#10455=CARTESIAN_POINT('',(-9.8,-3.03,-10.3));
#10456=VECTOR('',#13458,0.5);
#10457=CARTESIAN_POINT('',(-9.8,-5.03,-10.3));
#10458=CARTESIAN_POINT('',(-9.8,-5.03,-10.3));
#10459=VECTOR('',#13459,2.0);
#10460=CARTESIAN_POINT('',(-9.3,-5.03,-10.3));
#10461=VECTOR('',#13460,0.5);
#10462=CARTESIAN_POINT('',(-11.0,8.18,-10.3));
#10463=CARTESIAN_POINT('',(-11.0,8.68,-10.3));
#10464=CARTESIAN_POINT('',(-11.0,8.18,-10.3));
#10465=VECTOR('',#13461,0.5);
#10466=CARTESIAN_POINT('',(-9.0,8.18,-10.3));
#10467=CARTESIAN_POINT('',(-9.0,8.18,-10.3));
#10468=VECTOR('',#13462,2.0);
#10469=CARTESIAN_POINT('',(-9.0,8.68,-10.3));
#10470=CARTESIAN_POINT('',(-9.0,8.68,-10.3));
#10471=VECTOR('',#13463,0.5);
#10472=CARTESIAN_POINT('',(-11.0,8.68,-10.3));
#10473=VECTOR('',#13464,2.0);
#10474=CARTESIAN_POINT('',(-10.7,3.03,-10.3));
#10475=CARTESIAN_POINT('',(-10.7,5.03,-10.3));
#10476=CARTESIAN_POINT('',(-10.7,3.03,-10.3));
#10477=VECTOR('',#13465,2.0);
#10478=CARTESIAN_POINT('',(-10.2,3.03,-10.3));
#10479=CARTESIAN_POINT('',(-10.2,3.03,-10.3));
#10480=VECTOR('',#13466,0.5);
#10481=CARTESIAN_POINT('',(-10.2,5.03,-10.3));
#10482=CARTESIAN_POINT('',(-10.2,5.03,-10.3));
#10483=VECTOR('',#13467,2.0);
#10484=CARTESIAN_POINT('',(-10.7,5.03,-10.3));
#10485=VECTOR('',#13468,0.5);
#10486=CARTESIAN_POINT('',(-9.8,5.03,-10.3));
#10487=CARTESIAN_POINT('',(-9.3,5.03,-10.3));
#10488=CARTESIAN_POINT('',(-9.8,5.03,-10.3));
#10489=VECTOR('',#13469,0.5);
#10490=CARTESIAN_POINT('',(-9.8,3.03,-10.3));
#10491=CARTESIAN_POINT('',(-9.8,3.03,-10.3));
#10492=VECTOR('',#13470,2.0);
#10493=CARTESIAN_POINT('',(-9.3,3.03,-10.3));
#10494=CARTESIAN_POINT('',(-9.3,3.03,-10.3));
#10495=VECTOR('',#13471,0.5);
#10496=CARTESIAN_POINT('',(-9.3,5.03,-10.3));
#10497=VECTOR('',#13472,2.0);
#10498=CARTESIAN_POINT('',(-19.0,-8.68,-10.3));
#10499=CARTESIAN_POINT('',(-21.0,-8.68,-10.3));
#10500=CARTESIAN_POINT('',(-19.0,-8.68,-10.3));
#10501=VECTOR('',#13473,2.0);
#10502=CARTESIAN_POINT('',(-19.0,-8.18,-10.3));
#10503=CARTESIAN_POINT('',(-19.0,-8.18,-10.3));
#10504=VECTOR('',#13474,0.5);
#10505=CARTESIAN_POINT('',(-21.0,-8.18,-10.3));
#10506=CARTESIAN_POINT('',(-21.0,-8.18,-10.3));
#10507=VECTOR('',#13475,2.0);
#10508=CARTESIAN_POINT('',(-21.0,-8.68,-10.3));
#10509=VECTOR('',#13476,0.5);
#10510=CARTESIAN_POINT('',(-20.2,-5.03,-10.3));
#10511=CARTESIAN_POINT('',(-20.7,-5.03,-10.3));
#10512=CARTESIAN_POINT('',(-20.2,-5.03,-10.3));
#10513=VECTOR('',#13477,0.5);
#10514=CARTESIAN_POINT('',(-20.2,-3.03,-10.3));
#10515=CARTESIAN_POINT('',(-20.2,-3.03,-10.3));
#10516=VECTOR('',#13478,2.0);
#10517=CARTESIAN_POINT('',(-20.7,-3.03,-10.3));
#10518=CARTESIAN_POINT('',(-20.7,-3.03,-10.3));
#10519=VECTOR('',#13479,0.5);
#10520=CARTESIAN_POINT('',(-20.7,-5.03,-10.3));
#10521=VECTOR('',#13480,2.0);
#10522=CARTESIAN_POINT('',(-19.3,-3.03,-10.3));
#10523=CARTESIAN_POINT('',(-19.3,-5.03,-10.3));
#10524=CARTESIAN_POINT('',(-19.3,-3.03,-10.3));
#10525=VECTOR('',#13481,2.0);
#10526=CARTESIAN_POINT('',(-19.8,-3.03,-10.3));
#10527=CARTESIAN_POINT('',(-19.8,-3.03,-10.3));
#10528=VECTOR('',#13482,0.5);
#10529=CARTESIAN_POINT('',(-19.8,-5.03,-10.3));
#10530=CARTESIAN_POINT('',(-19.8,-5.03,-10.3));
#10531=VECTOR('',#13483,2.0);
#10532=CARTESIAN_POINT('',(-19.3,-5.03,-10.3));
#10533=VECTOR('',#13484,0.5);
#10534=CARTESIAN_POINT('',(-21.0,8.18,-10.3));
#10535=CARTESIAN_POINT('',(-21.0,8.68,-10.3));
#10536=CARTESIAN_POINT('',(-21.0,8.18,-10.3));
#10537=VECTOR('',#13485,0.5);
#10538=CARTESIAN_POINT('',(-19.0,8.18,-10.3));
#10539=CARTESIAN_POINT('',(-19.0,8.18,-10.3));
#10540=VECTOR('',#13486,2.0);
#10541=CARTESIAN_POINT('',(-19.0,8.68,-10.3));
#10542=CARTESIAN_POINT('',(-19.0,8.68,-10.3));
#10543=VECTOR('',#13487,0.5);
#10544=CARTESIAN_POINT('',(-21.0,8.68,-10.3));
#10545=VECTOR('',#13488,2.0);
#10546=CARTESIAN_POINT('',(-20.7,3.03,-10.3));
#10547=CARTESIAN_POINT('',(-20.7,5.03,-10.3));
#10548=CARTESIAN_POINT('',(-20.7,3.03,-10.3));
#10549=VECTOR('',#13489,2.0);
#10550=CARTESIAN_POINT('',(-20.2,3.03,-10.3));
#10551=CARTESIAN_POINT('',(-20.2,3.03,-10.3));
#10552=VECTOR('',#13490,0.5);
#10553=CARTESIAN_POINT('',(-20.2,5.03,-10.3));
#10554=CARTESIAN_POINT('',(-20.2,5.03,-10.3));
#10555=VECTOR('',#13491,2.0);
#10556=CARTESIAN_POINT('',(-20.7,5.03,-10.3));
#10557=VECTOR('',#13492,0.5);
#10558=CARTESIAN_POINT('',(-19.8,5.03,-10.3));
#10559=CARTESIAN_POINT('',(-19.3,5.03,-10.3));
#10560=CARTESIAN_POINT('',(-19.8,5.03,-10.3));
#10561=VECTOR('',#13493,0.5);
#10562=CARTESIAN_POINT('',(-19.8,3.03,-10.3));
#10563=CARTESIAN_POINT('',(-19.8,3.03,-10.3));
#10564=VECTOR('',#13494,2.0);
#10565=CARTESIAN_POINT('',(-19.3,3.03,-10.3));
#10566=CARTESIAN_POINT('',(-19.3,3.03,-10.3));
#10567=VECTOR('',#13495,0.5);
#10568=CARTESIAN_POINT('',(-19.3,5.03,-10.3));
#10569=VECTOR('',#13496,2.0);
#10570=CARTESIAN_POINT('',(23.75,-9.58,-10.7));
#10571=CARTESIAN_POINT('',(23.75,-9.58,-10.3));
#10572=VECTOR('',#13497,0.4);
#10573=CARTESIAN_POINT('',(25.45,-9.58,-10.7));
#10574=CARTESIAN_POINT('',(25.45,-9.58,-10.7));
#10575=VECTOR('',#13498,1.7);
#10576=CARTESIAN_POINT('',(25.45,-9.58,10.3));
#10577=CARTESIAN_POINT('',(25.45,-9.58,10.3));
#10578=VECTOR('',#13499,21.0);
#10579=CARTESIAN_POINT('',(-25.45,-9.58,10.3));
#10580=CARTESIAN_POINT('',(-25.45,-9.58,10.3));
#10581=VECTOR('',#13500,50.9);
#10582=CARTESIAN_POINT('',(-25.45,-9.58,-10.7));
#10583=CARTESIAN_POINT('',(-25.45,-9.58,10.3));
#10584=VECTOR('',#13501,21.0);
#10585=CARTESIAN_POINT('',(-23.75,-9.58,-10.7));
#10586=CARTESIAN_POINT('',(-23.75,-9.58,-10.7));
#10587=VECTOR('',#13502,1.7);
#10588=CARTESIAN_POINT('',(-23.75,-9.58,-10.3));
#10589=VECTOR('',#13503,0.4);
#10590=CARTESIAN_POINT('',(4.15,-9.58,-10.7));
#10591=CARTESIAN_POINT('',(4.15,-9.58,-10.3));
#10592=VECTOR('',#13504,0.4);
#10593=CARTESIAN_POINT('',(5.85,-9.58,-10.7));
#10594=CARTESIAN_POINT('',(5.85,-9.58,-10.7));
#10595=VECTOR('',#13505,1.7);
#10596=CARTESIAN_POINT('',(5.85,-9.58,-10.3));
#10597=VECTOR('',#13506,0.4);
#10598=CARTESIAN_POINT('',(5.85,-8.68,-10.7));
#10599=CARTESIAN_POINT('',(5.85,-8.68,-10.7));
#10600=VECTOR('',#13507,0.9);
#10601=CARTESIAN_POINT('',(5.85,-8.68,-10.3));
#10602=VECTOR('',#13508,0.4);
#10603=CARTESIAN_POINT('',(4.15,-8.68,-10.7));
#10604=CARTESIAN_POINT('',(4.15,-8.68,-10.7));
#10605=VECTOR('',#13509,1.7);
#10606=CARTESIAN_POINT('',(4.15,-8.68,-10.3));
#10607=VECTOR('',#13510,0.4);
#10608=CARTESIAN_POINT('',(4.15,-9.58,-10.7));
#10609=VECTOR('',#13511,0.9);
#10610=CARTESIAN_POINT('',(5.85,8.68,-10.7));
#10611=CARTESIAN_POINT('',(4.15,8.68,-10.7));
#10612=CARTESIAN_POINT('',(5.85,8.68,-10.7));
#10613=VECTOR('',#13512,1.7);
#10614=CARTESIAN_POINT('',(4.15,9.58,-10.7));
#10615=CARTESIAN_POINT('',(4.15,8.68,-10.7));
#10616=VECTOR('',#13513,0.9);
#10617=CARTESIAN_POINT('',(5.85,9.58,-10.7));
#10618=CARTESIAN_POINT('',(4.15,9.58,-10.7));
#10619=VECTOR('',#13514,1.7);
#10620=CARTESIAN_POINT('',(5.85,9.58,-10.7));
#10621=VECTOR('',#13515,0.9);
#10622=CARTESIAN_POINT('',(5.85,8.68,-10.3));
#10623=VECTOR('',#13516,0.4);
#10624=CARTESIAN_POINT('',(5.85,9.58,-10.3));
#10625=VECTOR('',#13517,0.4);
#10626=CARTESIAN_POINT('',(-23.75,9.58,-10.7));
#10627=CARTESIAN_POINT('',(-23.75,9.58,-10.3));
#10628=VECTOR('',#13518,0.4);
#10629=CARTESIAN_POINT('',(-25.45,9.58,-10.7));
#10630=CARTESIAN_POINT('',(-25.45,9.58,-10.7));
#10631=VECTOR('',#13519,1.7);
#10632=CARTESIAN_POINT('',(-25.45,9.58,10.3));
#10633=CARTESIAN_POINT('',(-25.45,9.58,-10.7));
#10634=VECTOR('',#13520,21.0);
#10635=CARTESIAN_POINT('',(19.0,9.58,10.3));
#10636=CARTESIAN_POINT('',(19.0,9.58,10.3));
#10637=VECTOR('',#13521,44.45);
#10638=CARTESIAN_POINT('',(19.0,9.58,0.3));
#10639=CARTESIAN_POINT('',(19.0,9.58,0.3));
#10640=VECTOR('',#13522,10.0);
#10641=CARTESIAN_POINT('',(21.0,9.58,0.3));
#10642=CARTESIAN_POINT('',(19.0,9.58,0.3));
#10643=VECTOR('',#13523,2.0);
#10644=CARTESIAN_POINT('',(21.0,9.58,10.3));
#10645=CARTESIAN_POINT('',(21.0,9.58,0.3));
#10646=VECTOR('',#13524,10.0);
#10647=CARTESIAN_POINT('',(25.45,9.58,10.3));
#10648=CARTESIAN_POINT('',(25.45,9.58,10.3));
#10649=VECTOR('',#13525,4.45);
#10650=CARTESIAN_POINT('',(25.45,9.58,-10.7));
#10651=CARTESIAN_POINT('',(25.45,9.58,-10.7));
#10652=VECTOR('',#13526,21.0);
#10653=CARTESIAN_POINT('',(23.75,9.58,-10.7));
#10654=CARTESIAN_POINT('',(23.75,9.58,-10.7));
#10655=VECTOR('',#13527,1.7);
#10656=CARTESIAN_POINT('',(23.75,9.58,-10.3));
#10657=VECTOR('',#13528,0.4);
#10658=CARTESIAN_POINT('',(4.15,9.58,-10.3));
#10659=VECTOR('',#13529,0.4);
#10660=CARTESIAN_POINT('',(4.15,8.68,-10.3));
#10661=VECTOR('',#13530,0.4);
#10662=CARTESIAN_POINT('',(23.75,8.68,-10.7));
#10663=CARTESIAN_POINT('',(23.75,8.68,-10.7));
#10664=VECTOR('',#13531,0.9);
#10665=CARTESIAN_POINT('',(23.75,8.68,-10.3));
#10666=VECTOR('',#13532,0.4);
#10667=CARTESIAN_POINT('',(25.45,8.68,-10.7));
#10668=CARTESIAN_POINT('',(25.45,8.68,-10.7));
#10669=VECTOR('',#13533,1.7);
#10670=CARTESIAN_POINT('',(25.45,8.68,-10.3));
#10671=VECTOR('',#13534,0.4);
#10672=CARTESIAN_POINT('',(25.45,0.1333319203366,0.2));
#10673=CARTESIAN_POINT('',(25.45,0.1333319203366,0.2));
#10674=VECTOR('',#13535,10.50640021514);
#10675=CARTESIAN_POINT('',(25.45,-0.1333319203366,0.2));
#10676=CARTESIAN_POINT('',(25.45,-0.1333319203366,0.2));
#10677=VECTOR('',#13536,0.2666638406733);
#10678=CARTESIAN_POINT('',(25.45,-0.5,-10.3));
#10679=VECTOR('',#13537,10.50640021514);
#10680=CARTESIAN_POINT('',(25.45,6.75,10.3));
#10681=CARTESIAN_POINT('',(25.45,6.75,10.3));
#10682=VECTOR('',#13538,2.83);
#10683=CARTESIAN_POINT('',(25.45,6.75,3.95));
#10684=CARTESIAN_POINT('',(25.45,6.75,10.3));
#10685=VECTOR('',#13539,6.35);
#10686=CARTESIAN_POINT('',(25.45,4.75,3.95));
#10687=CARTESIAN_POINT('',(25.45,4.75,3.95));
#10688=VECTOR('',#13540,2.0);
#10689=CARTESIAN_POINT('',(25.45,4.75,10.3));
#10690=CARTESIAN_POINT('',(25.45,4.75,10.3));
#10691=VECTOR('',#13541,6.35);
#10692=CARTESIAN_POINT('',(25.45,2.8,10.3));
#10693=CARTESIAN_POINT('',(25.45,2.8,10.3));
#10694=VECTOR('',#13542,1.95);
#10695=CARTESIAN_POINT('',(25.45,2.8,2.1));
#10696=CARTESIAN_POINT('',(25.45,2.8,10.3));
#10697=VECTOR('',#13543,8.2);
#10698=CARTESIAN_POINT('',(25.45,1.875,2.1));
#10699=CARTESIAN_POINT('',(25.45,1.875,2.1));
#10700=VECTOR('',#13544,0.925);
#10701=CARTESIAN_POINT('',(25.45,1.875,-0.1));
#10702=CARTESIAN_POINT('',(25.45,1.875,-0.1));
#10703=VECTOR('',#13545,2.2);
#10704=CARTESIAN_POINT('',(25.45,3.35,-0.1));
#10705=CARTESIAN_POINT('',(25.45,3.35,-0.1));
#10706=VECTOR('',#13546,1.475);
#10707=CARTESIAN_POINT('',(25.45,3.35,-10.3));
#10708=VECTOR('',#13547,10.2);
#10709=CARTESIAN_POINT('',(25.45,9.58,-10.7));
#10710=VECTOR('',#13548,0.9);
#10711=CARTESIAN_POINT('',(25.45,-3.35,-0.1));
#10712=CARTESIAN_POINT('',(25.45,-3.35,-10.3));
#10713=VECTOR('',#13549,10.2);
#10714=CARTESIAN_POINT('',(25.45,-1.875,-0.1));
#10715=CARTESIAN_POINT('',(25.45,-1.875,-0.1));
#10716=VECTOR('',#13550,1.475);
#10717=CARTESIAN_POINT('',(25.45,-1.875,2.1));
#10718=CARTESIAN_POINT('',(25.45,-1.875,2.1));
#10719=VECTOR('',#13551,2.2);
#10720=CARTESIAN_POINT('',(25.45,-2.8,2.1));
#10721=CARTESIAN_POINT('',(25.45,-2.8,2.1));
#10722=VECTOR('',#13552,0.925);
#10723=CARTESIAN_POINT('',(25.45,-2.8,10.3));
#10724=CARTESIAN_POINT('',(25.45,-2.8,10.3));
#10725=VECTOR('',#13553,8.2);
#10726=CARTESIAN_POINT('',(25.45,-4.75,10.3));
#10727=CARTESIAN_POINT('',(25.45,-4.75,10.3));
#10728=VECTOR('',#13554,1.95);
#10729=CARTESIAN_POINT('',(25.45,-4.75,3.95));
#10730=CARTESIAN_POINT('',(25.45,-4.75,10.3));
#10731=VECTOR('',#13555,6.35);
#10732=CARTESIAN_POINT('',(25.45,-6.75,3.95));
#10733=CARTESIAN_POINT('',(25.45,-6.75,3.95));
#10734=VECTOR('',#13556,2.0);
#10735=CARTESIAN_POINT('',(25.45,-6.75,10.3));
#10736=CARTESIAN_POINT('',(25.45,-6.75,10.3));
#10737=VECTOR('',#13557,6.35);
#10738=CARTESIAN_POINT('',(25.45,-9.58,10.3));
#10739=VECTOR('',#13558,2.83);
#10740=CARTESIAN_POINT('',(25.45,-8.68,-10.7));
#10741=CARTESIAN_POINT('',(25.45,-8.68,-10.7));
#10742=VECTOR('',#13559,0.9);
#10743=CARTESIAN_POINT('',(25.45,-8.68,-10.3));
#10744=VECTOR('',#13560,0.4);
#10745=CARTESIAN_POINT('',(26.91,-0.1333319203366,0.2));
#10746=CARTESIAN_POINT('',(25.45,-0.1333319203366,0.2));
#10747=VECTOR('',#13561,1.46);
#10748=CARTESIAN_POINT('',(26.91,-0.5,-10.3));
#10749=VECTOR('',#13562,10.50640021514);
#10750=CARTESIAN_POINT('',(-25.45,-0.1333319203366,0.2));
#10751=CARTESIAN_POINT('',(-25.45,-0.5,-10.3));
#10752=VECTOR('',#13563,10.50640021514);
#10753=CARTESIAN_POINT('',(-26.91,-0.1333319203366,0.2));
#10754=CARTESIAN_POINT('',(-26.91,-0.5,-10.3));
#10755=VECTOR('',#13564,10.50640021514);
#10756=CARTESIAN_POINT('',(-26.91,-0.1333319203366,0.2));
#10757=VECTOR('',#13565,1.46);
#10758=CARTESIAN_POINT('',(26.91,-1.875,2.1));
#10759=CARTESIAN_POINT('',(26.91,-1.875,-0.1));
#10760=CARTESIAN_POINT('',(26.91,-1.875,2.1));
#10761=VECTOR('',#13566,2.2);
#10762=CARTESIAN_POINT('',(26.91,-3.35,-0.1));
#10763=CARTESIAN_POINT('',(26.91,-1.875,-0.1));
#10764=VECTOR('',#13567,1.475);
#10765=CARTESIAN_POINT('',(26.91,-3.35,-0.1));
#10766=VECTOR('',#13568,10.2);
#10767=CARTESIAN_POINT('',(26.91,0.1333319203366,0.2));
#10768=CARTESIAN_POINT('',(26.91,-0.1333319203366,0.2));
#10769=VECTOR('',#13569,0.2666638406733);
#10770=CARTESIAN_POINT('',(26.91,0.1333319203366,0.2));
#10771=VECTOR('',#13570,10.50640021514);
#10772=CARTESIAN_POINT('',(26.91,3.35,-0.1));
#10773=CARTESIAN_POINT('',(26.91,3.35,-10.3));
#10774=VECTOR('',#13571,10.2);
#10775=CARTESIAN_POINT('',(26.91,1.875,-0.1));
#10776=CARTESIAN_POINT('',(26.91,3.35,-0.1));
#10777=VECTOR('',#13572,1.475);
#10778=CARTESIAN_POINT('',(26.91,1.875,2.1));
#10779=CARTESIAN_POINT('',(26.91,1.875,-0.1));
#10780=VECTOR('',#13573,2.2);
#10781=CARTESIAN_POINT('',(26.91,1.875,2.1));
#10782=VECTOR('',#13574,3.75);
#10783=CARTESIAN_POINT('',(-25.45,-2.8,2.1));
#10784=CARTESIAN_POINT('',(-24.22279220614,-2.8,2.1));
#10785=CARTESIAN_POINT('',(-25.45,-2.8,2.1));
#10786=VECTOR('',#13575,1.227207793864);
#10787=CARTESIAN_POINT('',(-24.22279220614,-2.4,2.1));
#10788=CARTESIAN_POINT('',(-24.22279220614,-2.8,2.1));
#10789=VECTOR('',#13576,0.4);
#10790=CARTESIAN_POINT('',(-22.87279220614,-1.05,2.1));
#10791=CARTESIAN_POINT('',(-24.22279220614,-2.4,2.1));
#10792=VECTOR('',#13577,1.909188309204);
#10793=CARTESIAN_POINT('',(-22.87279220614,1.05,2.1));
#10794=CARTESIAN_POINT('',(-22.87279220614,-1.05,2.1));
#10795=VECTOR('',#13578,2.1);
#10796=CARTESIAN_POINT('',(-24.22279220614,2.4,2.1));
#10797=CARTESIAN_POINT('',(-22.87279220614,1.05,2.1));
#10798=VECTOR('',#13579,1.909188309204);
#10799=CARTESIAN_POINT('',(-24.22279220614,2.8,2.1));
#10800=CARTESIAN_POINT('',(-24.22279220614,2.4,2.1));
#10801=VECTOR('',#13580,0.4);
#10802=CARTESIAN_POINT('',(-25.45,2.8,2.1));
#10803=CARTESIAN_POINT('',(-24.22279220614,2.8,2.1));
#10804=VECTOR('',#13581,1.227207793864);
#10805=CARTESIAN_POINT('',(-25.45,1.875,2.1));
#10806=CARTESIAN_POINT('',(-25.45,1.875,2.1));
#10807=VECTOR('',#13582,0.925);
#10808=CARTESIAN_POINT('',(-26.91,1.875,2.1));
#10809=CARTESIAN_POINT('',(-26.91,1.875,2.1));
#10810=VECTOR('',#13583,1.46);
#10811=CARTESIAN_POINT('',(-26.91,-1.875,2.1));
#10812=CARTESIAN_POINT('',(-26.91,1.875,2.1));
#10813=VECTOR('',#13584,3.75);
#10814=CARTESIAN_POINT('',(-25.45,-1.875,2.1));
#10815=CARTESIAN_POINT('',(-26.91,-1.875,2.1));
#10816=VECTOR('',#13585,1.46);
#10817=CARTESIAN_POINT('',(-25.45,-2.8,2.1));
#10818=VECTOR('',#13586,0.925);
#10819=CARTESIAN_POINT('',(24.22279220614,2.8,2.1));
#10820=CARTESIAN_POINT('',(25.45,2.8,2.1));
#10821=VECTOR('',#13587,1.227207793864);
#10822=CARTESIAN_POINT('',(24.22279220614,2.4,2.1));
#10823=CARTESIAN_POINT('',(24.22279220614,2.8,2.1));
#10824=VECTOR('',#13588,0.4);
#10825=CARTESIAN_POINT('',(22.87279220614,1.05,2.1));
#10826=CARTESIAN_POINT('',(24.22279220614,2.4,2.1));
#10827=VECTOR('',#13589,1.909188309204);
#10828=CARTESIAN_POINT('',(22.87279220614,-1.05,2.1));
#10829=CARTESIAN_POINT('',(22.87279220614,1.05,2.1));
#10830=VECTOR('',#13590,2.1);
#10831=CARTESIAN_POINT('',(24.22279220614,-2.4,2.1));
#10832=CARTESIAN_POINT('',(22.87279220614,-1.05,2.1));
#10833=VECTOR('',#13591,1.909188309204);
#10834=CARTESIAN_POINT('',(24.22279220614,-2.8,2.1));
#10835=CARTESIAN_POINT('',(24.22279220614,-2.4,2.1));
#10836=VECTOR('',#13592,0.4);
#10837=CARTESIAN_POINT('',(24.22279220614,-2.8,2.1));
#10838=VECTOR('',#13593,1.227207793864);
#10839=CARTESIAN_POINT('',(25.45,-1.875,2.1));
#10840=VECTOR('',#13594,1.46);
#10841=CARTESIAN_POINT('',(25.45,1.875,2.1));
#10842=VECTOR('',#13595,1.46);
#10843=CARTESIAN_POINT('',(-25.45,0.1333319203366,0.2));
#10844=CARTESIAN_POINT('',(-25.45,-0.1333319203366,0.2));
#10845=VECTOR('',#13596,0.2666638406733);
#10846=CARTESIAN_POINT('',(-25.45,0.1333319203366,0.2));
#10847=VECTOR('',#13597,10.50640021514);
#10848=CARTESIAN_POINT('',(-25.45,3.35,-0.1));
#10849=CARTESIAN_POINT('',(-25.45,3.35,-10.3));
#10850=VECTOR('',#13598,10.2);
#10851=CARTESIAN_POINT('',(-25.45,1.875,-0.1));
#10852=CARTESIAN_POINT('',(-25.45,3.35,-0.1));
#10853=VECTOR('',#13599,1.475);
#10854=CARTESIAN_POINT('',(-25.45,1.875,-0.1));
#10855=VECTOR('',#13600,2.2);
#10856=CARTESIAN_POINT('',(-25.45,2.8,10.3));
#10857=CARTESIAN_POINT('',(-25.45,2.8,10.3));
#10858=VECTOR('',#13601,8.2);
#10859=CARTESIAN_POINT('',(-25.45,4.75,10.3));
#10860=CARTESIAN_POINT('',(-25.45,4.75,10.3));
#10861=VECTOR('',#13602,1.95);
#10862=CARTESIAN_POINT('',(-25.45,4.75,3.95));
#10863=CARTESIAN_POINT('',(-25.45,4.75,10.3));
#10864=VECTOR('',#13603,6.35);
#10865=CARTESIAN_POINT('',(-25.45,6.75,3.95));
#10866=CARTESIAN_POINT('',(-25.45,4.75,3.95));
#10867=VECTOR('',#13604,2.0);
#10868=CARTESIAN_POINT('',(-25.45,6.75,10.3));
#10869=CARTESIAN_POINT('',(-25.45,6.75,10.3));
#10870=VECTOR('',#13605,6.35);
#10871=CARTESIAN_POINT('',(-25.45,9.58,10.3));
#10872=VECTOR('',#13606,2.83);
#10873=CARTESIAN_POINT('',(-25.45,8.68,-10.7));
#10874=CARTESIAN_POINT('',(-25.45,8.68,-10.7));
#10875=VECTOR('',#13607,0.9);
#10876=CARTESIAN_POINT('',(-25.45,8.68,-10.3));
#10877=VECTOR('',#13608,0.4);
#10878=CARTESIAN_POINT('',(-25.45,-6.75,10.3));
#10879=CARTESIAN_POINT('',(-25.45,-6.75,10.3));
#10880=VECTOR('',#13609,2.83);
#10881=CARTESIAN_POINT('',(-25.45,-6.75,3.95));
#10882=CARTESIAN_POINT('',(-25.45,-6.75,10.3));
#10883=VECTOR('',#13610,6.35);
#10884=CARTESIAN_POINT('',(-25.45,-4.75,3.95));
#10885=CARTESIAN_POINT('',(-25.45,-6.75,3.95));
#10886=VECTOR('',#13611,2.0);
#10887=CARTESIAN_POINT('',(-25.45,-4.75,10.3));
#10888=CARTESIAN_POINT('',(-25.45,-4.75,10.3));
#10889=VECTOR('',#13612,6.35);
#10890=CARTESIAN_POINT('',(-25.45,-2.8,10.3));
#10891=CARTESIAN_POINT('',(-25.45,-2.8,10.3));
#10892=VECTOR('',#13613,1.95);
#10893=CARTESIAN_POINT('',(-25.45,-2.8,10.3));
#10894=VECTOR('',#13614,8.2);
#10895=CARTESIAN_POINT('',(-25.45,-1.875,-0.1));
#10896=CARTESIAN_POINT('',(-25.45,-1.875,2.1));
#10897=VECTOR('',#13615,2.2);
#10898=CARTESIAN_POINT('',(-25.45,-3.35,-0.1));
#10899=CARTESIAN_POINT('',(-25.45,-1.875,-0.1));
#10900=VECTOR('',#13616,1.475);
#10901=CARTESIAN_POINT('',(-25.45,-3.35,-10.3));
#10902=VECTOR('',#13617,10.2);
#10903=CARTESIAN_POINT('',(-25.45,-8.68,-10.7));
#10904=CARTESIAN_POINT('',(-25.45,-8.68,-10.3));
#10905=VECTOR('',#13618,0.4);
#10906=CARTESIAN_POINT('',(-25.45,-9.58,-10.7));
#10907=VECTOR('',#13619,0.9);
#10908=CARTESIAN_POINT('',(25.45,0.1333319203366,0.2));
#10909=VECTOR('',#13620,1.46);
#10910=CARTESIAN_POINT('',(-26.91,0.1333319203366,0.2));
#10911=CARTESIAN_POINT('',(-26.91,0.1333319203366,0.2));
#10912=VECTOR('',#13621,10.50640021514);
#10913=CARTESIAN_POINT('',(-26.91,0.1333319203366,0.2));
#10914=VECTOR('',#13622,1.46);
#10915=CARTESIAN_POINT('',(-26.91,-0.1333319203366,0.2));
#10916=VECTOR('',#13623,0.2666638406733);
#10917=CARTESIAN_POINT('',(-26.91,1.875,-0.1));
#10918=CARTESIAN_POINT('',(-26.91,1.875,-0.1));
#10919=VECTOR('',#13624,2.2);
#10920=CARTESIAN_POINT('',(-26.91,3.35,-0.1));
#10921=CARTESIAN_POINT('',(-26.91,3.35,-0.1));
#10922=VECTOR('',#13625,1.475);
#10923=CARTESIAN_POINT('',(-26.91,3.35,-10.3));
#10924=VECTOR('',#13626,10.2);
#10925=CARTESIAN_POINT('',(-26.91,-3.35,-0.1));
#10926=CARTESIAN_POINT('',(-26.91,-3.35,-0.1));
#10927=VECTOR('',#13627,10.2);
#10928=CARTESIAN_POINT('',(-26.91,-1.875,-0.1));
#10929=CARTESIAN_POINT('',(-26.91,-1.875,-0.1));
#10930=VECTOR('',#13628,1.475);
#10931=CARTESIAN_POINT('',(-26.91,-1.875,2.1));
#10932=VECTOR('',#13629,2.2);
#10933=CARTESIAN_POINT('',(25.45,-1.875,-0.1));
#10934=VECTOR('',#13630,1.46);
#10935=CARTESIAN_POINT('',(-26.91,-1.875,-0.1));
#10936=VECTOR('',#13631,1.46);
#10937=CARTESIAN_POINT('',(25.45,-3.35,-0.1));
#10938=VECTOR('',#13632,1.46);
#10939=CARTESIAN_POINT('',(-26.91,-3.35,-0.1));
#10940=VECTOR('',#13633,1.46);
#10941=CARTESIAN_POINT('',(25.45,3.35,-0.1));
#10942=VECTOR('',#13634,1.46);
#10943=CARTESIAN_POINT('',(-26.91,3.35,-0.1));
#10944=VECTOR('',#13635,1.46);
#10945=CARTESIAN_POINT('',(25.45,1.875,-0.1));
#10946=VECTOR('',#13636,1.46);
#10947=CARTESIAN_POINT('',(-26.91,1.875,-0.1));
#10948=VECTOR('',#13637,1.46);
#10949=CARTESIAN_POINT('',(-23.75,8.68,-10.7));
#10950=CARTESIAN_POINT('',(-23.75,8.68,-10.7));
#10951=VECTOR('',#13638,1.7);
#10952=CARTESIAN_POINT('',(-23.75,8.68,-10.3));
#10953=VECTOR('',#13639,0.4);
#10954=CARTESIAN_POINT('',(-23.75,9.58,-10.7));
#10955=VECTOR('',#13640,0.9);
#10956=CARTESIAN_POINT('',(23.75,-8.68,-10.7));
#10957=CARTESIAN_POINT('',(23.75,-9.58,-10.7));
#10958=VECTOR('',#13641,0.9);
#10959=CARTESIAN_POINT('',(23.75,-8.68,-10.7));
#10960=VECTOR('',#13642,1.7);
#10961=CARTESIAN_POINT('',(-23.75,-8.68,-10.7));
#10962=CARTESIAN_POINT('',(-25.45,-8.68,-10.7));
#10963=VECTOR('',#13643,1.7);
#10964=CARTESIAN_POINT('',(-23.75,-8.68,-10.7));
#10965=VECTOR('',#13644,0.9);
#10966=CARTESIAN_POINT('',(23.75,-8.68,-10.3));
#10967=VECTOR('',#13645,0.4);
#10968=CARTESIAN_POINT('',(-23.75,-8.68,-10.3));
#10969=VECTOR('',#13646,0.4);
#10970=CARTESIAN_POINT('',(30.15,6.75,10.3));
#10971=CARTESIAN_POINT('',(30.15,6.75,10.3));
#10972=VECTOR('',#13647,4.7);
#10973=AXIS2_PLACEMENT_3D('',#13648,#13649,#13650);
#10974=CARTESIAN_POINT('',(-30.15,6.75,10.3));
#10975=CARTESIAN_POINT('',(-25.45,6.75,10.3));
#10976=VECTOR('',#13651,4.7);
#10977=CARTESIAN_POINT('',(-30.65,6.25,10.3));
#10978=AXIS2_PLACEMENT_3D('',#13652,#13653,#13654);
#10979=CARTESIAN_POINT('',(-30.65,-6.25,10.3));
#10980=CARTESIAN_POINT('',(-30.65,6.25,10.3));
#10981=VECTOR('',#13655,12.5);
#10982=CARTESIAN_POINT('',(-30.15,-6.75,10.3));
#10983=AXIS2_PLACEMENT_3D('',#13656,#13657,#13658);
#10984=CARTESIAN_POINT('',(-30.15,-6.75,10.3));
#10985=VECTOR('',#13659,4.7);
#10986=CARTESIAN_POINT('',(30.15,-6.75,10.3));
#10987=CARTESIAN_POINT('',(25.45,-6.75,10.3));
#10988=VECTOR('',#13660,4.7);
#10989=CARTESIAN_POINT('',(30.65,-6.25,10.3));
#10990=AXIS2_PLACEMENT_3D('',#13661,#13662,#13663);
#10991=CARTESIAN_POINT('',(30.65,6.25,10.3));
#10992=CARTESIAN_POINT('',(30.65,-6.25,10.3));
#10993=VECTOR('',#13664,12.5);
#10994=AXIS2_PLACEMENT_3D('',#13665,#13666,#13667);
#10995=CARTESIAN_POINT('',(5.45,-3.7,10.3));
#10996=CARTESIAN_POINT('',(5.45,-8.4,10.3));
#10997=CARTESIAN_POINT('',(5.45,-3.7,10.3));
#10998=VECTOR('',#13668,4.7);
#10999=CARTESIAN_POINT('',(6.7,-3.7,10.3));
#11000=CARTESIAN_POINT('',(6.7,-3.7,10.3));
#11001=VECTOR('',#13669,1.25);
#11002=CARTESIAN_POINT('',(6.7,-2.75,10.3));
#11003=CARTESIAN_POINT('',(6.7,-2.75,10.3));
#11004=VECTOR('',#13670,0.95);
#11005=CARTESIAN_POINT('',(8.05,-1.4,10.3));
#11006=CARTESIAN_POINT('',(8.05,-1.4,10.3));
#11007=VECTOR('',#13671,1.909188309204);
#11008=CARTESIAN_POINT('',(11.95,-1.4,10.3));
#11009=CARTESIAN_POINT('',(11.95,-1.4,10.3));
#11010=VECTOR('',#13672,3.9);
#11011=CARTESIAN_POINT('',(13.3,-2.75,10.3));
#11012=CARTESIAN_POINT('',(13.3,-2.75,10.3));
#11013=VECTOR('',#13673,1.909188309204);
#11014=CARTESIAN_POINT('',(13.3,-3.7,10.3));
#11015=CARTESIAN_POINT('',(13.3,-3.7,10.3));
#11016=VECTOR('',#13674,0.95);
#11017=CARTESIAN_POINT('',(14.55,-3.7,10.3));
#11018=CARTESIAN_POINT('',(14.55,-3.7,10.3));
#11019=VECTOR('',#13675,1.25);
#11020=CARTESIAN_POINT('',(14.55,-8.4,10.3));
#11021=CARTESIAN_POINT('',(14.55,-8.4,10.3));
#11022=VECTOR('',#13676,4.7);
#11023=CARTESIAN_POINT('',(5.45,-8.4,10.3));
#11024=VECTOR('',#13677,9.1);
#11025=CARTESIAN_POINT('',(4.55,8.4,10.3));
#11026=CARTESIAN_POINT('',(-4.55,8.4,10.3));
#11027=CARTESIAN_POINT('',(4.55,8.4,10.3));
#11028=VECTOR('',#13678,9.1);
#11029=CARTESIAN_POINT('',(4.55,3.7,10.3));
#11030=CARTESIAN_POINT('',(4.55,3.7,10.3));
#11031=VECTOR('',#13679,4.7);
#11032=CARTESIAN_POINT('',(3.3,3.7,10.3));
#11033=CARTESIAN_POINT('',(3.3,3.7,10.3));
#11034=VECTOR('',#13680,1.25);
#11035=CARTESIAN_POINT('',(3.3,2.75,10.3));
#11036=CARTESIAN_POINT('',(3.3,2.75,10.3));
#11037=VECTOR('',#13681,0.95);
#11038=CARTESIAN_POINT('',(1.95,1.4,10.3));
#11039=CARTESIAN_POINT('',(1.95,1.4,10.3));
#11040=VECTOR('',#13682,1.909188309204);
#11041=CARTESIAN_POINT('',(-1.95,1.4,10.3));
#11042=CARTESIAN_POINT('',(-1.95,1.4,10.3));
#11043=VECTOR('',#13683,3.9);
#11044=CARTESIAN_POINT('',(-3.3,2.75,10.3));
#11045=CARTESIAN_POINT('',(-3.3,2.75,10.3));
#11046=VECTOR('',#13684,1.909188309204);
#11047=CARTESIAN_POINT('',(-3.3,3.7,10.3));
#11048=CARTESIAN_POINT('',(-3.3,3.7,10.3));
#11049=VECTOR('',#13685,0.95);
#11050=CARTESIAN_POINT('',(-4.55,3.7,10.3));
#11051=CARTESIAN_POINT('',(-4.55,3.7,10.3));
#11052=VECTOR('',#13686,1.25);
#11053=CARTESIAN_POINT('',(-4.55,8.4,10.3));
#11054=VECTOR('',#13687,4.7);
#11055=CARTESIAN_POINT('',(-4.55,-3.7,10.3));
#11056=CARTESIAN_POINT('',(-4.55,-8.4,10.3));
#11057=CARTESIAN_POINT('',(-4.55,-3.7,10.3));
#11058=VECTOR('',#13688,4.7);
#11059=CARTESIAN_POINT('',(-3.3,-3.7,10.3));
#11060=CARTESIAN_POINT('',(-3.3,-3.7,10.3));
#11061=VECTOR('',#13689,1.25);
#11062=CARTESIAN_POINT('',(-3.3,-2.75,10.3));
#11063=CARTESIAN_POINT('',(-3.3,-2.75,10.3));
#11064=VECTOR('',#13690,0.95);
#11065=CARTESIAN_POINT('',(-1.95,-1.4,10.3));
#11066=CARTESIAN_POINT('',(-1.95,-1.4,10.3));
#11067=VECTOR('',#13691,1.909188309204);
#11068=CARTESIAN_POINT('',(1.95,-1.4,10.3));
#11069=CARTESIAN_POINT('',(1.95,-1.4,10.3));
#11070=VECTOR('',#13692,3.9);
#11071=CARTESIAN_POINT('',(3.3,-2.75,10.3));
#11072=CARTESIAN_POINT('',(3.3,-2.75,10.3));
#11073=VECTOR('',#13693,1.909188309204);
#11074=CARTESIAN_POINT('',(3.3,-3.7,10.3));
#11075=CARTESIAN_POINT('',(3.3,-3.7,10.3));
#11076=VECTOR('',#13694,0.95);
#11077=CARTESIAN_POINT('',(4.55,-3.7,10.3));
#11078=CARTESIAN_POINT('',(4.55,-3.7,10.3));
#11079=VECTOR('',#13695,1.25);
#11080=CARTESIAN_POINT('',(4.55,-8.4,10.3));
#11081=CARTESIAN_POINT('',(4.55,-8.4,10.3));
#11082=VECTOR('',#13696,4.7);
#11083=CARTESIAN_POINT('',(-4.55,-8.4,10.3));
#11084=VECTOR('',#13697,9.1);
#11085=CARTESIAN_POINT('',(-14.55,-3.7,10.3));
#11086=CARTESIAN_POINT('',(-14.55,-8.4,10.3));
#11087=CARTESIAN_POINT('',(-14.55,-3.7,10.3));
#11088=VECTOR('',#13698,4.7);
#11089=CARTESIAN_POINT('',(-13.3,-3.7,10.3));
#11090=CARTESIAN_POINT('',(-13.3,-3.7,10.3));
#11091=VECTOR('',#13699,1.25);
#11092=CARTESIAN_POINT('',(-13.3,-2.75,10.3));
#11093=CARTESIAN_POINT('',(-13.3,-2.75,10.3));
#11094=VECTOR('',#13700,0.95);
#11095=CARTESIAN_POINT('',(-11.95,-1.4,10.3));
#11096=CARTESIAN_POINT('',(-11.95,-1.4,10.3));
#11097=VECTOR('',#13701,1.909188309204);
#11098=CARTESIAN_POINT('',(-8.05,-1.4,10.3));
#11099=CARTESIAN_POINT('',(-8.05,-1.4,10.3));
#11100=VECTOR('',#13702,3.9);
#11101=CARTESIAN_POINT('',(-6.7,-2.75,10.3));
#11102=CARTESIAN_POINT('',(-6.7,-2.75,10.3));
#11103=VECTOR('',#13703,1.909188309204);
#11104=CARTESIAN_POINT('',(-6.7,-3.7,10.3));
#11105=CARTESIAN_POINT('',(-6.7,-3.7,10.3));
#11106=VECTOR('',#13704,0.95);
#11107=CARTESIAN_POINT('',(-5.45,-3.7,10.3));
#11108=CARTESIAN_POINT('',(-5.45,-3.7,10.3));
#11109=VECTOR('',#13705,1.25);
#11110=CARTESIAN_POINT('',(-5.45,-8.4,10.3));
#11111=CARTESIAN_POINT('',(-5.45,-8.4,10.3));
#11112=VECTOR('',#13706,4.7);
#11113=CARTESIAN_POINT('',(-14.55,-8.4,10.3));
#11114=VECTOR('',#13707,9.1);
#11115=CARTESIAN_POINT('',(-24.55,-3.7,10.3));
#11116=CARTESIAN_POINT('',(-24.55,-8.4,10.3));
#11117=CARTESIAN_POINT('',(-24.55,-3.7,10.3));
#11118=VECTOR('',#13708,4.7);
#11119=CARTESIAN_POINT('',(-23.3,-3.7,10.3));
#11120=CARTESIAN_POINT('',(-23.3,-3.7,10.3));
#11121=VECTOR('',#13709,1.25);
#11122=CARTESIAN_POINT('',(-23.3,-2.75,10.3));
#11123=CARTESIAN_POINT('',(-23.3,-2.75,10.3));
#11124=VECTOR('',#13710,0.95);
#11125=CARTESIAN_POINT('',(-21.95,-1.4,10.3));
#11126=CARTESIAN_POINT('',(-21.95,-1.4,10.3));
#11127=VECTOR('',#13711,1.909188309204);
#11128=CARTESIAN_POINT('',(-18.05,-1.4,10.3));
#11129=CARTESIAN_POINT('',(-18.05,-1.4,10.3));
#11130=VECTOR('',#13712,3.9);
#11131=CARTESIAN_POINT('',(-16.7,-2.75,10.3));
#11132=CARTESIAN_POINT('',(-16.7,-2.75,10.3));
#11133=VECTOR('',#13713,1.909188309204);
#11134=CARTESIAN_POINT('',(-16.7,-3.7,10.3));
#11135=CARTESIAN_POINT('',(-16.7,-3.7,10.3));
#11136=VECTOR('',#13714,0.95);
#11137=CARTESIAN_POINT('',(-15.45,-3.7,10.3));
#11138=CARTESIAN_POINT('',(-15.45,-3.7,10.3));
#11139=VECTOR('',#13715,1.25);
#11140=CARTESIAN_POINT('',(-15.45,-8.4,10.3));
#11141=CARTESIAN_POINT('',(-15.45,-8.4,10.3));
#11142=VECTOR('',#13716,4.7);
#11143=CARTESIAN_POINT('',(-24.55,-8.4,10.3));
#11144=VECTOR('',#13717,9.1);
#11145=CARTESIAN_POINT('',(28.65,4.75,10.3));
#11146=CARTESIAN_POINT('',(25.45,4.75,10.3));
#11147=VECTOR('',#13718,3.2);
#11148=CARTESIAN_POINT('',(28.65,-4.75,10.3));
#11149=CARTESIAN_POINT('',(28.65,4.75,10.3));
#11150=VECTOR('',#13719,9.5);
#11151=CARTESIAN_POINT('',(28.65,-4.75,10.3));
#11152=VECTOR('',#13720,3.2);
#11153=CARTESIAN_POINT('',(24.22279220614,-2.8,10.3));
#11154=CARTESIAN_POINT('',(24.22279220614,-2.8,10.3));
#11155=VECTOR('',#13721,1.227207793864);
#11156=CARTESIAN_POINT('',(24.22279220614,-2.4,10.3));
#11157=CARTESIAN_POINT('',(24.22279220614,-2.4,10.3));
#11158=VECTOR('',#13722,0.4);
#11159=CARTESIAN_POINT('',(22.87279220614,-1.05,10.3));
#11160=CARTESIAN_POINT('',(22.87279220614,-1.05,10.3));
#11161=VECTOR('',#13723,1.909188309204);
#11162=CARTESIAN_POINT('',(22.87279220614,1.05,10.3));
#11163=CARTESIAN_POINT('',(22.87279220614,1.05,10.3));
#11164=VECTOR('',#13724,2.1);
#11165=CARTESIAN_POINT('',(24.22279220614,2.4,10.3));
#11166=CARTESIAN_POINT('',(24.22279220614,2.4,10.3));
#11167=VECTOR('',#13725,1.909188309204);
#11168=CARTESIAN_POINT('',(24.22279220614,2.8,10.3));
#11169=CARTESIAN_POINT('',(24.22279220614,2.8,10.3));
#11170=VECTOR('',#13726,0.4);
#11171=CARTESIAN_POINT('',(25.45,2.8,10.3));
#11172=VECTOR('',#13727,1.227207793864);
#11173=CARTESIAN_POINT('',(-28.65,-4.75,10.3));
#11174=CARTESIAN_POINT('',(-25.45,-4.75,10.3));
#11175=VECTOR('',#13728,3.2);
#11176=CARTESIAN_POINT('',(-28.65,4.75,10.3));
#11177=CARTESIAN_POINT('',(-28.65,-4.75,10.3));
#11178=VECTOR('',#13729,9.5);
#11179=CARTESIAN_POINT('',(-28.65,4.75,10.3));
#11180=VECTOR('',#13730,3.2);
#11181=CARTESIAN_POINT('',(-24.22279220614,2.8,10.3));
#11182=CARTESIAN_POINT('',(-24.22279220614,2.8,10.3));
#11183=VECTOR('',#13731,1.227207793864);
#11184=CARTESIAN_POINT('',(-24.22279220614,2.4,10.3));
#11185=CARTESIAN_POINT('',(-24.22279220614,2.4,10.3));
#11186=VECTOR('',#13732,0.4);
#11187=CARTESIAN_POINT('',(-22.87279220614,1.05,10.3));
#11188=CARTESIAN_POINT('',(-22.87279220614,1.05,10.3));
#11189=VECTOR('',#13733,1.909188309204);
#11190=CARTESIAN_POINT('',(-22.87279220614,-1.05,10.3));
#11191=CARTESIAN_POINT('',(-22.87279220614,-1.05,10.3));
#11192=VECTOR('',#13734,2.1);
#11193=CARTESIAN_POINT('',(-24.22279220614,-2.4,10.3));
#11194=CARTESIAN_POINT('',(-24.22279220614,-2.4,10.3));
#11195=VECTOR('',#13735,1.909188309204);
#11196=CARTESIAN_POINT('',(-24.22279220614,-2.8,10.3));
#11197=CARTESIAN_POINT('',(-24.22279220614,-2.8,10.3));
#11198=VECTOR('',#13736,0.4);
#11199=CARTESIAN_POINT('',(-25.45,-2.8,10.3));
#11200=VECTOR('',#13737,1.227207793864);
#11201=CARTESIAN_POINT('',(5.45,2.8,10.3));
#11202=CARTESIAN_POINT('',(4.55,2.8,10.3));
#11203=CARTESIAN_POINT('',(5.45,2.8,10.3));
#11204=VECTOR('',#13738,0.9);
#11205=CARTESIAN_POINT('',(7.2,1.05,10.3));
#11206=CARTESIAN_POINT('',(7.2,1.05,10.3));
#11207=VECTOR('',#13739,2.474873734153);
#11208=CARTESIAN_POINT('',(7.2,-1.05,10.3));
#11209=CARTESIAN_POINT('',(7.2,-1.05,10.3));
#11210=VECTOR('',#13740,2.1);
#11211=CARTESIAN_POINT('',(5.45,-2.8,10.3));
#11212=CARTESIAN_POINT('',(5.45,-2.8,10.3));
#11213=VECTOR('',#13741,2.474873734153);
#11214=CARTESIAN_POINT('',(4.55,-2.8,10.3));
#11215=CARTESIAN_POINT('',(4.55,-2.8,10.3));
#11216=VECTOR('',#13742,0.9);
#11217=CARTESIAN_POINT('',(2.8,-1.05,10.3));
#11218=CARTESIAN_POINT('',(2.8,-1.05,10.3));
#11219=VECTOR('',#13743,2.474873734153);
#11220=CARTESIAN_POINT('',(2.8,1.05,10.3));
#11221=CARTESIAN_POINT('',(2.8,1.05,10.3));
#11222=VECTOR('',#13744,2.1);
#11223=CARTESIAN_POINT('',(4.55,2.8,10.3));
#11224=VECTOR('',#13745,2.474873734153);
#11225=CARTESIAN_POINT('',(-4.55,2.8,10.3));
#11226=CARTESIAN_POINT('',(-5.45,2.8,10.3));
#11227=CARTESIAN_POINT('',(-4.55,2.8,10.3));
#11228=VECTOR('',#13746,0.9);
#11229=CARTESIAN_POINT('',(-2.8,1.05,10.3));
#11230=CARTESIAN_POINT('',(-2.8,1.05,10.3));
#11231=VECTOR('',#13747,2.474873734153);
#11232=CARTESIAN_POINT('',(-2.8,-1.05,10.3));
#11233=CARTESIAN_POINT('',(-2.8,-1.05,10.3));
#11234=VECTOR('',#13748,2.1);
#11235=CARTESIAN_POINT('',(-4.55,-2.8,10.3));
#11236=CARTESIAN_POINT('',(-4.55,-2.8,10.3));
#11237=VECTOR('',#13749,2.474873734153);
#11238=CARTESIAN_POINT('',(-5.45,-2.8,10.3));
#11239=CARTESIAN_POINT('',(-5.45,-2.8,10.3));
#11240=VECTOR('',#13750,0.9);
#11241=CARTESIAN_POINT('',(-7.2,-1.05,10.3));
#11242=CARTESIAN_POINT('',(-7.2,-1.05,10.3));
#11243=VECTOR('',#13751,2.474873734153);
#11244=CARTESIAN_POINT('',(-7.2,1.05,10.3));
#11245=CARTESIAN_POINT('',(-7.2,1.05,10.3));
#11246=VECTOR('',#13752,2.1);
#11247=CARTESIAN_POINT('',(-5.45,2.8,10.3));
#11248=VECTOR('',#13753,2.474873734153);
#11249=CARTESIAN_POINT('',(14.55,2.8,10.3));
#11250=CARTESIAN_POINT('',(12.8,1.05,10.3));
#11251=CARTESIAN_POINT('',(14.55,2.8,10.3));
#11252=VECTOR('',#13754,2.474873734153);
#11253=CARTESIAN_POINT('',(15.8,2.8,10.3));
#11254=CARTESIAN_POINT('',(15.8,2.8,10.3));
#11255=VECTOR('',#13755,1.25);
#11256=CARTESIAN_POINT('',(15.8,0.5,10.3));
#11257=CARTESIAN_POINT('',(15.8,0.5,10.3));
#11258=VECTOR('',#13756,2.3);
#11259=CARTESIAN_POINT('',(17.2,0.5,10.3));
#11260=CARTESIAN_POINT('',(17.2,0.5,10.3));
#11261=VECTOR('',#13757,1.4);
#11262=CARTESIAN_POINT('',(17.2,-1.05,10.3));
#11263=CARTESIAN_POINT('',(17.2,-1.05,10.3));
#11264=VECTOR('',#13758,1.55);
#11265=CARTESIAN_POINT('',(15.45,-2.8,10.3));
#11266=CARTESIAN_POINT('',(15.45,-2.8,10.3));
#11267=VECTOR('',#13759,2.474873734153);
#11268=CARTESIAN_POINT('',(14.55,-2.8,10.3));
#11269=CARTESIAN_POINT('',(14.55,-2.8,10.3));
#11270=VECTOR('',#13760,0.9);
#11271=CARTESIAN_POINT('',(12.8,-1.05,10.3));
#11272=CARTESIAN_POINT('',(12.8,-1.05,10.3));
#11273=VECTOR('',#13761,2.474873734153);
#11274=CARTESIAN_POINT('',(12.8,1.05,10.3));
#11275=VECTOR('',#13762,2.1);
#11276=CARTESIAN_POINT('',(-12.8,-1.05,10.3));
#11277=CARTESIAN_POINT('',(-12.8,1.05,10.3));
#11278=CARTESIAN_POINT('',(-12.8,-1.05,10.3));
#11279=VECTOR('',#13763,2.1);
#11280=CARTESIAN_POINT('',(-14.55,-2.8,10.3));
#11281=CARTESIAN_POINT('',(-14.55,-2.8,10.3));
#11282=VECTOR('',#13764,2.474873734153);
#11283=CARTESIAN_POINT('',(-15.45,-2.8,10.3));
#11284=CARTESIAN_POINT('',(-15.45,-2.8,10.3));
#11285=VECTOR('',#13765,0.9);
#11286=CARTESIAN_POINT('',(-17.2,-1.05,10.3));
#11287=CARTESIAN_POINT('',(-17.2,-1.05,10.3));
#11288=VECTOR('',#13766,2.474873734153);
#11289=CARTESIAN_POINT('',(-17.2,0.5,10.3));
#11290=CARTESIAN_POINT('',(-17.2,0.5,10.3));
#11291=VECTOR('',#13767,1.55);
#11292=CARTESIAN_POINT('',(-15.8,0.5,10.3));
#11293=CARTESIAN_POINT('',(-15.8,0.5,10.3));
#11294=VECTOR('',#13768,1.4);
#11295=CARTESIAN_POINT('',(-15.8,2.8,10.3));
#11296=CARTESIAN_POINT('',(-15.8,2.8,10.3));
#11297=VECTOR('',#13769,2.3);
#11298=CARTESIAN_POINT('',(-14.55,2.8,10.3));
#11299=CARTESIAN_POINT('',(-14.55,2.8,10.3));
#11300=VECTOR('',#13770,1.25);
#11301=CARTESIAN_POINT('',(-12.8,1.05,10.3));
#11302=VECTOR('',#13771,2.474873734153);
#11303=CARTESIAN_POINT('',(14.55,3.7,10.3));
#11304=CARTESIAN_POINT('',(14.55,6.4,10.3));
#11305=CARTESIAN_POINT('',(14.55,3.7,10.3));
#11306=VECTOR('',#13772,2.7);
#11307=CARTESIAN_POINT('',(13.3,3.7,10.3));
#11308=CARTESIAN_POINT('',(13.3,3.7,10.3));
#11309=VECTOR('',#13773,1.25);
#11310=CARTESIAN_POINT('',(13.3,2.75,10.3));
#11311=CARTESIAN_POINT('',(13.3,2.75,10.3));
#11312=VECTOR('',#13774,0.95);
#11313=CARTESIAN_POINT('',(11.95,1.4,10.3));
#11314=CARTESIAN_POINT('',(11.95,1.4,10.3));
#11315=VECTOR('',#13775,1.909188309204);
#11316=CARTESIAN_POINT('',(8.05,1.4,10.3));
#11317=CARTESIAN_POINT('',(8.05,1.4,10.3));
#11318=VECTOR('',#13776,3.9);
#11319=CARTESIAN_POINT('',(6.7,2.75,10.3));
#11320=CARTESIAN_POINT('',(6.7,2.75,10.3));
#11321=VECTOR('',#13777,1.909188309204);
#11322=CARTESIAN_POINT('',(6.7,3.7,10.3));
#11323=CARTESIAN_POINT('',(6.7,3.7,10.3));
#11324=VECTOR('',#13778,0.95);
#11325=CARTESIAN_POINT('',(5.45,3.7,10.3));
#11326=CARTESIAN_POINT('',(5.45,3.7,10.3));
#11327=VECTOR('',#13779,1.25);
#11328=CARTESIAN_POINT('',(5.45,8.4,10.3));
#11329=CARTESIAN_POINT('',(5.45,8.4,10.3));
#11330=VECTOR('',#13780,4.7);
#11331=CARTESIAN_POINT('',(24.55,8.4,10.3));
#11332=CARTESIAN_POINT('',(5.45,8.4,10.3));
#11333=VECTOR('',#13781,19.1);
#11334=CARTESIAN_POINT('',(24.55,3.7,10.3));
#11335=CARTESIAN_POINT('',(24.55,3.7,10.3));
#11336=VECTOR('',#13782,4.7);
#11337=CARTESIAN_POINT('',(23.3,3.7,10.3));
#11338=CARTESIAN_POINT('',(23.3,3.7,10.3));
#11339=VECTOR('',#13783,1.25);
#11340=CARTESIAN_POINT('',(23.3,2.75,10.3));
#11341=CARTESIAN_POINT('',(23.3,2.75,10.3));
#11342=VECTOR('',#13784,0.95);
#11343=CARTESIAN_POINT('',(21.95,1.4,10.3));
#11344=CARTESIAN_POINT('',(21.95,1.4,10.3));
#11345=VECTOR('',#13785,1.909188309204);
#11346=CARTESIAN_POINT('',(16.7,1.4,10.3));
#11347=CARTESIAN_POINT('',(21.95,1.4,10.3));
#11348=VECTOR('',#13786,5.25);
#11349=CARTESIAN_POINT('',(16.7,3.7,10.3));
#11350=CARTESIAN_POINT('',(16.7,1.4,10.3));
#11351=VECTOR('',#13787,2.3);
#11352=CARTESIAN_POINT('',(15.45,3.7,10.3));
#11353=CARTESIAN_POINT('',(15.45,3.7,10.3));
#11354=VECTOR('',#13788,1.25);
#11355=CARTESIAN_POINT('',(15.45,6.4,10.3));
#11356=CARTESIAN_POINT('',(15.45,6.4,10.3));
#11357=VECTOR('',#13789,2.7);
#11358=CARTESIAN_POINT('',(14.55,6.4,10.3));
#11359=VECTOR('',#13790,0.9);
#11360=CARTESIAN_POINT('',(-15.45,3.7,10.3));
#11361=CARTESIAN_POINT('',(-15.45,6.4,10.3));
#11362=CARTESIAN_POINT('',(-15.45,3.7,10.3));
#11363=VECTOR('',#13791,2.7);
#11364=CARTESIAN_POINT('',(-16.7,3.7,10.3));
#11365=CARTESIAN_POINT('',(-16.7,3.7,10.3));
#11366=VECTOR('',#13792,1.25);
#11367=CARTESIAN_POINT('',(-16.7,1.4,10.3));
#11368=CARTESIAN_POINT('',(-16.7,3.7,10.3));
#11369=VECTOR('',#13793,2.3);
#11370=CARTESIAN_POINT('',(-21.95,1.4,10.3));
#11371=CARTESIAN_POINT('',(-16.7,1.4,10.3));
#11372=VECTOR('',#13794,5.25);
#11373=CARTESIAN_POINT('',(-23.3,2.75,10.3));
#11374=CARTESIAN_POINT('',(-23.3,2.75,10.3));
#11375=VECTOR('',#13795,1.909188309204);
#11376=CARTESIAN_POINT('',(-23.3,3.7,10.3));
#11377=CARTESIAN_POINT('',(-23.3,3.7,10.3));
#11378=VECTOR('',#13796,0.95);
#11379=CARTESIAN_POINT('',(-24.55,3.7,10.3));
#11380=CARTESIAN_POINT('',(-24.55,3.7,10.3));
#11381=VECTOR('',#13797,1.25);
#11382=CARTESIAN_POINT('',(-24.55,8.4,10.3));
#11383=CARTESIAN_POINT('',(-24.55,8.4,10.3));
#11384=VECTOR('',#13798,4.7);
#11385=CARTESIAN_POINT('',(-5.45,8.4,10.3));
#11386=CARTESIAN_POINT('',(-24.55,8.4,10.3));
#11387=VECTOR('',#13799,19.1);
#11388=CARTESIAN_POINT('',(-5.45,3.7,10.3));
#11389=CARTESIAN_POINT('',(-5.45,3.7,10.3));
#11390=VECTOR('',#13800,4.7);
#11391=CARTESIAN_POINT('',(-6.7,3.7,10.3));
#11392=CARTESIAN_POINT('',(-6.7,3.7,10.3));
#11393=VECTOR('',#13801,1.25);
#11394=CARTESIAN_POINT('',(-6.7,2.75,10.3));
#11395=CARTESIAN_POINT('',(-6.7,2.75,10.3));
#11396=VECTOR('',#13802,0.95);
#11397=CARTESIAN_POINT('',(-8.05,1.4,10.3));
#11398=CARTESIAN_POINT('',(-8.05,1.4,10.3));
#11399=VECTOR('',#13803,1.909188309204);
#11400=CARTESIAN_POINT('',(-11.95,1.4,10.3));
#11401=CARTESIAN_POINT('',(-11.95,1.4,10.3));
#11402=VECTOR('',#13804,3.9);
#11403=CARTESIAN_POINT('',(-13.3,2.75,10.3));
#11404=CARTESIAN_POINT('',(-13.3,2.75,10.3));
#11405=VECTOR('',#13805,1.909188309204);
#11406=CARTESIAN_POINT('',(-13.3,3.7,10.3));
#11407=CARTESIAN_POINT('',(-13.3,3.7,10.3));
#11408=VECTOR('',#13806,0.95);
#11409=CARTESIAN_POINT('',(-14.55,3.7,10.3));
#11410=CARTESIAN_POINT('',(-14.55,3.7,10.3));
#11411=VECTOR('',#13807,1.25);
#11412=CARTESIAN_POINT('',(-14.55,6.4,10.3));
#11413=CARTESIAN_POINT('',(-14.55,6.4,10.3));
#11414=VECTOR('',#13808,2.7);
#11415=CARTESIAN_POINT('',(-14.55,6.4,10.3));
#11416=VECTOR('',#13809,0.9);
#11417=CARTESIAN_POINT('',(15.45,-3.7,10.3));
#11418=CARTESIAN_POINT('',(15.45,-8.4,10.3));
#11419=CARTESIAN_POINT('',(15.45,-3.7,10.3));
#11420=VECTOR('',#13810,4.7);
#11421=CARTESIAN_POINT('',(16.7,-3.7,10.3));
#11422=CARTESIAN_POINT('',(16.7,-3.7,10.3));
#11423=VECTOR('',#13811,1.25);
#11424=CARTESIAN_POINT('',(16.7,-2.75,10.3));
#11425=CARTESIAN_POINT('',(16.7,-2.75,10.3));
#11426=VECTOR('',#13812,0.95);
#11427=CARTESIAN_POINT('',(18.05,-1.4,10.3));
#11428=CARTESIAN_POINT('',(18.05,-1.4,10.3));
#11429=VECTOR('',#13813,1.909188309204);
#11430=CARTESIAN_POINT('',(21.95,-1.4,10.3));
#11431=CARTESIAN_POINT('',(21.95,-1.4,10.3));
#11432=VECTOR('',#13814,3.9);
#11433=CARTESIAN_POINT('',(23.3,-2.75,10.3));
#11434=CARTESIAN_POINT('',(23.3,-2.75,10.3));
#11435=VECTOR('',#13815,1.909188309204);
#11436=CARTESIAN_POINT('',(23.3,-3.7,10.3));
#11437=CARTESIAN_POINT('',(23.3,-3.7,10.3));
#11438=VECTOR('',#13816,0.95);
#11439=CARTESIAN_POINT('',(24.55,-3.7,10.3));
#11440=CARTESIAN_POINT('',(24.55,-3.7,10.3));
#11441=VECTOR('',#13817,1.25);
#11442=CARTESIAN_POINT('',(24.55,-8.4,10.3));
#11443=CARTESIAN_POINT('',(24.55,-8.4,10.3));
#11444=VECTOR('',#13818,4.7);
#11445=CARTESIAN_POINT('',(15.45,-8.4,10.3));
#11446=VECTOR('',#13819,9.1);
#11447=CARTESIAN_POINT('',(24.55,-8.4,-2.3));
#11448=CARTESIAN_POINT('',(24.55,-8.4,10.3));
#11449=VECTOR('',#13820,12.6);
#11450=CARTESIAN_POINT('',(15.45,-8.4,-2.3));
#11451=CARTESIAN_POINT('',(15.45,-8.4,-2.3));
#11452=VECTOR('',#13821,9.1);
#11453=CARTESIAN_POINT('',(15.45,-8.4,10.3));
#11454=VECTOR('',#13822,12.6);
#11455=CARTESIAN_POINT('',(15.45,-3.7,-2.3));
#11456=CARTESIAN_POINT('',(15.45,-3.7,-2.3));
#11457=VECTOR('',#13823,4.7);
#11458=CARTESIAN_POINT('',(15.45,-3.7,10.3));
#11459=VECTOR('',#13824,12.6);
#11460=CARTESIAN_POINT('',(16.7,-3.7,-2.3));
#11461=CARTESIAN_POINT('',(16.7,-3.7,-2.3));
#11462=VECTOR('',#13825,1.25);
#11463=CARTESIAN_POINT('',(16.7,-3.7,10.3));
#11464=VECTOR('',#13826,12.6);
#11465=CARTESIAN_POINT('',(16.7,-2.75,-2.3));
#11466=CARTESIAN_POINT('',(16.7,-2.75,-2.3));
#11467=VECTOR('',#13827,0.95);
#11468=CARTESIAN_POINT('',(16.7,-2.75,10.3));
#11469=VECTOR('',#13828,12.6);
#11470=CARTESIAN_POINT('',(18.05,-1.4,-2.3));
#11471=CARTESIAN_POINT('',(18.05,-1.4,-2.3));
#11472=VECTOR('',#13829,1.909188309204);
#11473=CARTESIAN_POINT('',(18.05,-1.4,10.3));
#11474=VECTOR('',#13830,12.6);
#11475=CARTESIAN_POINT('',(21.95,-1.4,-2.3));
#11476=CARTESIAN_POINT('',(21.95,-1.4,-2.3));
#11477=VECTOR('',#13831,3.9);
#11478=CARTESIAN_POINT('',(21.95,-1.4,10.3));
#11479=VECTOR('',#13832,12.6);
#11480=CARTESIAN_POINT('',(23.3,-2.75,-2.3));
#11481=CARTESIAN_POINT('',(23.3,-2.75,-2.3));
#11482=VECTOR('',#13833,1.909188309204);
#11483=CARTESIAN_POINT('',(23.3,-2.75,10.3));
#11484=VECTOR('',#13834,12.6);
#11485=CARTESIAN_POINT('',(23.3,-3.7,-2.3));
#11486=CARTESIAN_POINT('',(23.3,-3.7,-2.3));
#11487=VECTOR('',#13835,0.95);
#11488=CARTESIAN_POINT('',(23.3,-3.7,10.3));
#11489=VECTOR('',#13836,12.6);
#11490=CARTESIAN_POINT('',(24.55,-3.7,-2.3));
#11491=CARTESIAN_POINT('',(24.55,-3.7,-2.3));
#11492=VECTOR('',#13837,1.25);
#11493=CARTESIAN_POINT('',(24.55,-3.7,10.3));
#11494=VECTOR('',#13838,12.6);
#11495=CARTESIAN_POINT('',(24.55,-8.4,-2.3));
#11496=VECTOR('',#13839,4.7);
#11497=CARTESIAN_POINT('',(-5.45,-8.4,-2.3));
#11498=CARTESIAN_POINT('',(-5.45,-3.7,-2.3));
#11499=CARTESIAN_POINT('',(-5.45,-8.4,-2.3));
#11500=VECTOR('',#13840,4.7);
#11501=CARTESIAN_POINT('',(-6.7,-3.7,-2.3));
#11502=CARTESIAN_POINT('',(-5.45,-3.7,-2.3));
#11503=VECTOR('',#13841,1.25);
#11504=CARTESIAN_POINT('',(-6.7,-2.75,-2.3));
#11505=CARTESIAN_POINT('',(-6.7,-3.7,-2.3));
#11506=VECTOR('',#13842,0.95);
#11507=CARTESIAN_POINT('',(-8.05,-1.4,-2.3));
#11508=CARTESIAN_POINT('',(-6.7,-2.75,-2.3));
#11509=VECTOR('',#13843,1.909188309204);
#11510=CARTESIAN_POINT('',(-11.95,-1.4,-2.3));
#11511=CARTESIAN_POINT('',(-8.05,-1.4,-2.3));
#11512=VECTOR('',#13844,3.9);
#11513=CARTESIAN_POINT('',(-13.3,-2.75,-2.3));
#11514=CARTESIAN_POINT('',(-11.95,-1.4,-2.3));
#11515=VECTOR('',#13845,1.909188309204);
#11516=CARTESIAN_POINT('',(-13.3,-3.7,-2.3));
#11517=CARTESIAN_POINT('',(-13.3,-2.75,-2.3));
#11518=VECTOR('',#13846,0.95);
#11519=CARTESIAN_POINT('',(-14.55,-3.7,-2.3));
#11520=CARTESIAN_POINT('',(-13.3,-3.7,-2.3));
#11521=VECTOR('',#13847,1.25);
#11522=CARTESIAN_POINT('',(-14.55,-8.4,-2.3));
#11523=CARTESIAN_POINT('',(-14.55,-3.7,-2.3));
#11524=VECTOR('',#13848,4.7);
#11525=CARTESIAN_POINT('',(-14.55,-8.4,-2.3));
#11526=VECTOR('',#13849,9.1);
#11527=CARTESIAN_POINT('',(-11.0,-2.48,-2.3));
#11528=CARTESIAN_POINT('',(-9.0,-2.48,-2.3));
#11529=CARTESIAN_POINT('',(-11.0,-2.48,-2.3));
#11530=VECTOR('',#13850,2.0);
#11531=CARTESIAN_POINT('',(-9.0,-7.28,-2.3));
#11532=CARTESIAN_POINT('',(-9.0,-2.48,-2.3));
#11533=VECTOR('',#13851,4.8);
#11534=CARTESIAN_POINT('',(-11.0,-7.28,-2.3));
#11535=CARTESIAN_POINT('',(-11.0,-7.28,-2.3));
#11536=VECTOR('',#13852,2.0);
#11537=CARTESIAN_POINT('',(-11.0,-2.48,-2.3));
#11538=VECTOR('',#13853,4.8);
#11539=CARTESIAN_POINT('',(14.55,-8.4,-2.3));
#11540=CARTESIAN_POINT('',(14.55,-3.7,-2.3));
#11541=CARTESIAN_POINT('',(14.55,-8.4,-2.3));
#11542=VECTOR('',#13854,4.7);
#11543=CARTESIAN_POINT('',(13.3,-3.7,-2.3));
#11544=CARTESIAN_POINT('',(14.55,-3.7,-2.3));
#11545=VECTOR('',#13855,1.25);
#11546=CARTESIAN_POINT('',(13.3,-2.75,-2.3));
#11547=CARTESIAN_POINT('',(13.3,-3.7,-2.3));
#11548=VECTOR('',#13856,0.95);
#11549=CARTESIAN_POINT('',(11.95,-1.4,-2.3));
#11550=CARTESIAN_POINT('',(13.3,-2.75,-2.3));
#11551=VECTOR('',#13857,1.909188309204);
#11552=CARTESIAN_POINT('',(8.05,-1.4,-2.3));
#11553=CARTESIAN_POINT('',(11.95,-1.4,-2.3));
#11554=VECTOR('',#13858,3.9);
#11555=CARTESIAN_POINT('',(6.7,-2.75,-2.3));
#11556=CARTESIAN_POINT('',(8.05,-1.4,-2.3));
#11557=VECTOR('',#13859,1.909188309204);
#11558=CARTESIAN_POINT('',(6.7,-3.7,-2.3));
#11559=CARTESIAN_POINT('',(6.7,-2.75,-2.3));
#11560=VECTOR('',#13860,0.95);
#11561=CARTESIAN_POINT('',(5.45,-3.7,-2.3));
#11562=CARTESIAN_POINT('',(6.7,-3.7,-2.3));
#11563=VECTOR('',#13861,1.25);
#11564=CARTESIAN_POINT('',(5.45,-8.4,-2.3));
#11565=CARTESIAN_POINT('',(5.45,-3.7,-2.3));
#11566=VECTOR('',#13862,4.7);
#11567=CARTESIAN_POINT('',(5.45,-8.4,-2.3));
#11568=VECTOR('',#13863,9.1);
#11569=CARTESIAN_POINT('',(9.0,-2.48,-2.3));
#11570=CARTESIAN_POINT('',(11.0,-2.48,-2.3));
#11571=CARTESIAN_POINT('',(9.0,-2.48,-2.3));
#11572=VECTOR('',#13864,2.0);
#11573=CARTESIAN_POINT('',(11.0,-7.28,-2.3));
#11574=CARTESIAN_POINT('',(11.0,-2.48,-2.3));
#11575=VECTOR('',#13865,4.8);
#11576=CARTESIAN_POINT('',(9.0,-7.28,-2.3));
#11577=CARTESIAN_POINT('',(9.0,-7.28,-2.3));
#11578=VECTOR('',#13866,2.0);
#11579=CARTESIAN_POINT('',(9.0,-2.48,-2.3));
#11580=VECTOR('',#13867,4.8);
#11581=CARTESIAN_POINT('',(-15.45,-8.4,-2.3));
#11582=CARTESIAN_POINT('',(-15.45,-3.7,-2.3));
#11583=CARTESIAN_POINT('',(-15.45,-8.4,-2.3));
#11584=VECTOR('',#13868,4.7);
#11585=CARTESIAN_POINT('',(-16.7,-3.7,-2.3));
#11586=CARTESIAN_POINT('',(-15.45,-3.7,-2.3));
#11587=VECTOR('',#13869,1.25);
#11588=CARTESIAN_POINT('',(-16.7,-2.75,-2.3));
#11589=CARTESIAN_POINT('',(-16.7,-3.7,-2.3));
#11590=VECTOR('',#13870,0.95);
#11591=CARTESIAN_POINT('',(-18.05,-1.4,-2.3));
#11592=CARTESIAN_POINT('',(-16.7,-2.75,-2.3));
#11593=VECTOR('',#13871,1.909188309204);
#11594=CARTESIAN_POINT('',(-21.95,-1.4,-2.3));
#11595=CARTESIAN_POINT('',(-18.05,-1.4,-2.3));
#11596=VECTOR('',#13872,3.9);
#11597=CARTESIAN_POINT('',(-23.3,-2.75,-2.3));
#11598=CARTESIAN_POINT('',(-21.95,-1.4,-2.3));
#11599=VECTOR('',#13873,1.909188309204);
#11600=CARTESIAN_POINT('',(-23.3,-3.7,-2.3));
#11601=CARTESIAN_POINT('',(-23.3,-2.75,-2.3));
#11602=VECTOR('',#13874,0.95);
#11603=CARTESIAN_POINT('',(-24.55,-3.7,-2.3));
#11604=CARTESIAN_POINT('',(-23.3,-3.7,-2.3));
#11605=VECTOR('',#13875,1.25);
#11606=CARTESIAN_POINT('',(-24.55,-8.4,-2.3));
#11607=CARTESIAN_POINT('',(-24.55,-3.7,-2.3));
#11608=VECTOR('',#13876,4.7);
#11609=CARTESIAN_POINT('',(-24.55,-8.4,-2.3));
#11610=VECTOR('',#13877,9.1);
#11611=CARTESIAN_POINT('',(-21.0,-2.48,-2.3));
#11612=CARTESIAN_POINT('',(-19.0,-2.48,-2.3));
#11613=CARTESIAN_POINT('',(-21.0,-2.48,-2.3));
#11614=VECTOR('',#13878,2.0);
#11615=CARTESIAN_POINT('',(-19.0,-7.28,-2.3));
#11616=CARTESIAN_POINT('',(-19.0,-2.48,-2.3));
#11617=VECTOR('',#13879,4.8);
#11618=CARTESIAN_POINT('',(-21.0,-7.28,-2.3));
#11619=CARTESIAN_POINT('',(-21.0,-7.28,-2.3));
#11620=VECTOR('',#13880,2.0);
#11621=CARTESIAN_POINT('',(-21.0,-2.48,-2.3));
#11622=VECTOR('',#13881,4.8);
#11623=CARTESIAN_POINT('',(19.0,-2.48,-2.3));
#11624=CARTESIAN_POINT('',(21.0,-2.48,-2.3));
#11625=CARTESIAN_POINT('',(19.0,-2.48,-2.3));
#11626=VECTOR('',#13882,2.0);
#11627=CARTESIAN_POINT('',(21.0,-7.28,-2.3));
#11628=CARTESIAN_POINT('',(21.0,-2.48,-2.3));
#11629=VECTOR('',#13883,4.8);
#11630=CARTESIAN_POINT('',(19.0,-7.28,-2.3));
#11631=CARTESIAN_POINT('',(19.0,-7.28,-2.3));
#11632=VECTOR('',#13884,2.0);
#11633=CARTESIAN_POINT('',(19.0,-2.48,-2.3));
#11634=VECTOR('',#13885,4.8);
#11635=CARTESIAN_POINT('',(15.45,6.4,-2.3));
#11636=CARTESIAN_POINT('',(15.45,3.7,-2.3));
#11637=CARTESIAN_POINT('',(15.45,6.4,-2.3));
#11638=VECTOR('',#13886,2.7);
#11639=CARTESIAN_POINT('',(16.7,3.7,-2.3));
#11640=CARTESIAN_POINT('',(15.45,3.7,-2.3));
#11641=VECTOR('',#13887,1.25);
#11642=CARTESIAN_POINT('',(16.7,1.4,-2.3));
#11643=CARTESIAN_POINT('',(16.7,1.4,-2.3));
#11644=VECTOR('',#13888,2.3);
#11645=CARTESIAN_POINT('',(21.95,1.4,-2.3));
#11646=CARTESIAN_POINT('',(21.95,1.4,-2.3));
#11647=VECTOR('',#13889,5.25);
#11648=CARTESIAN_POINT('',(23.3,2.75,-2.3));
#11649=CARTESIAN_POINT('',(21.95,1.4,-2.3));
#11650=VECTOR('',#13890,1.909188309204);
#11651=CARTESIAN_POINT('',(23.3,3.7,-2.3));
#11652=CARTESIAN_POINT('',(23.3,2.75,-2.3));
#11653=VECTOR('',#13891,0.95);
#11654=CARTESIAN_POINT('',(24.55,3.7,-2.3));
#11655=CARTESIAN_POINT('',(23.3,3.7,-2.3));
#11656=VECTOR('',#13892,1.25);
#11657=CARTESIAN_POINT('',(24.55,8.4,-2.3));
#11658=CARTESIAN_POINT('',(24.55,3.7,-2.3));
#11659=VECTOR('',#13893,4.7);
#11660=CARTESIAN_POINT('',(5.45,8.4,-2.3));
#11661=CARTESIAN_POINT('',(5.45,8.4,-2.3));
#11662=VECTOR('',#13894,19.1);
#11663=CARTESIAN_POINT('',(5.45,3.7,-2.3));
#11664=CARTESIAN_POINT('',(5.45,8.4,-2.3));
#11665=VECTOR('',#13895,4.7);
#11666=CARTESIAN_POINT('',(6.7,3.7,-2.3));
#11667=CARTESIAN_POINT('',(5.45,3.7,-2.3));
#11668=VECTOR('',#13896,1.25);
#11669=CARTESIAN_POINT('',(6.7,2.75,-2.3));
#11670=CARTESIAN_POINT('',(6.7,3.7,-2.3));
#11671=VECTOR('',#13897,0.95);
#11672=CARTESIAN_POINT('',(8.05,1.4,-2.3));
#11673=CARTESIAN_POINT('',(6.7,2.75,-2.3));
#11674=VECTOR('',#13898,1.909188309204);
#11675=CARTESIAN_POINT('',(11.95,1.4,-2.3));
#11676=CARTESIAN_POINT('',(8.05,1.4,-2.3));
#11677=VECTOR('',#13899,3.9);
#11678=CARTESIAN_POINT('',(13.3,2.75,-2.3));
#11679=CARTESIAN_POINT('',(11.95,1.4,-2.3));
#11680=VECTOR('',#13900,1.909188309204);
#11681=CARTESIAN_POINT('',(13.3,3.7,-2.3));
#11682=CARTESIAN_POINT('',(13.3,2.75,-2.3));
#11683=VECTOR('',#13901,0.95);
#11684=CARTESIAN_POINT('',(14.55,3.7,-2.3));
#11685=CARTESIAN_POINT('',(13.3,3.7,-2.3));
#11686=VECTOR('',#13902,1.25);
#11687=CARTESIAN_POINT('',(14.55,6.4,-2.3));
#11688=CARTESIAN_POINT('',(14.55,3.7,-2.3));
#11689=VECTOR('',#13903,2.7);
#11690=CARTESIAN_POINT('',(14.55,6.4,-2.3));
#11691=VECTOR('',#13904,0.9);
#11692=CARTESIAN_POINT('',(9.0,7.28,-2.3));
#11693=CARTESIAN_POINT('',(11.0,7.28,-2.3));
#11694=CARTESIAN_POINT('',(9.0,7.28,-2.3));
#11695=VECTOR('',#13905,2.0);
#11696=CARTESIAN_POINT('',(11.0,2.48,-2.3));
#11697=CARTESIAN_POINT('',(11.0,7.28,-2.3));
#11698=VECTOR('',#13906,4.8);
#11699=CARTESIAN_POINT('',(9.0,2.48,-2.3));
#11700=CARTESIAN_POINT('',(9.0,2.48,-2.3));
#11701=VECTOR('',#13907,2.0);
#11702=CARTESIAN_POINT('',(9.0,7.28,-2.3));
#11703=VECTOR('',#13908,4.8);
#11704=CARTESIAN_POINT('',(19.0,7.28,-2.3));
#11705=CARTESIAN_POINT('',(21.0,7.28,-2.3));
#11706=CARTESIAN_POINT('',(19.0,7.28,-2.3));
#11707=VECTOR('',#13909,2.0);
#11708=CARTESIAN_POINT('',(21.0,2.48,-2.3));
#11709=CARTESIAN_POINT('',(21.0,7.28,-2.3));
#11710=VECTOR('',#13910,4.8);
#11711=CARTESIAN_POINT('',(19.0,2.48,-2.3));
#11712=CARTESIAN_POINT('',(19.0,2.48,-2.3));
#11713=VECTOR('',#13911,2.0);
#11714=CARTESIAN_POINT('',(19.0,7.28,-2.3));
#11715=VECTOR('',#13912,4.8);
#11716=CARTESIAN_POINT('',(-24.55,8.4,-2.3));
#11717=CARTESIAN_POINT('',(-24.55,3.7,-2.3));
#11718=CARTESIAN_POINT('',(-24.55,8.4,-2.3));
#11719=VECTOR('',#13913,4.7);
#11720=CARTESIAN_POINT('',(-23.3,3.7,-2.3));
#11721=CARTESIAN_POINT('',(-24.55,3.7,-2.3));
#11722=VECTOR('',#13914,1.25);
#11723=CARTESIAN_POINT('',(-23.3,2.75,-2.3));
#11724=CARTESIAN_POINT('',(-23.3,3.7,-2.3));
#11725=VECTOR('',#13915,0.95);
#11726=CARTESIAN_POINT('',(-21.95,1.4,-2.3));
#11727=CARTESIAN_POINT('',(-23.3,2.75,-2.3));
#11728=VECTOR('',#13916,1.909188309204);
#11729=CARTESIAN_POINT('',(-16.7,1.4,-2.3));
#11730=CARTESIAN_POINT('',(-16.7,1.4,-2.3));
#11731=VECTOR('',#13917,5.25);
#11732=CARTESIAN_POINT('',(-16.7,3.7,-2.3));
#11733=CARTESIAN_POINT('',(-16.7,3.7,-2.3));
#11734=VECTOR('',#13918,2.3);
#11735=CARTESIAN_POINT('',(-15.45,3.7,-2.3));
#11736=CARTESIAN_POINT('',(-16.7,3.7,-2.3));
#11737=VECTOR('',#13919,1.25);
#11738=CARTESIAN_POINT('',(-15.45,6.4,-2.3));
#11739=CARTESIAN_POINT('',(-15.45,3.7,-2.3));
#11740=VECTOR('',#13920,2.7);
#11741=CARTESIAN_POINT('',(-14.55,6.4,-2.3));
#11742=CARTESIAN_POINT('',(-14.55,6.4,-2.3));
#11743=VECTOR('',#13921,0.9);
#11744=CARTESIAN_POINT('',(-14.55,3.7,-2.3));
#11745=CARTESIAN_POINT('',(-14.55,6.4,-2.3));
#11746=VECTOR('',#13922,2.7);
#11747=CARTESIAN_POINT('',(-13.3,3.7,-2.3));
#11748=CARTESIAN_POINT('',(-14.55,3.7,-2.3));
#11749=VECTOR('',#13923,1.25);
#11750=CARTESIAN_POINT('',(-13.3,2.75,-2.3));
#11751=CARTESIAN_POINT('',(-13.3,3.7,-2.3));
#11752=VECTOR('',#13924,0.95);
#11753=CARTESIAN_POINT('',(-11.95,1.4,-2.3));
#11754=CARTESIAN_POINT('',(-13.3,2.75,-2.3));
#11755=VECTOR('',#13925,1.909188309204);
#11756=CARTESIAN_POINT('',(-8.05,1.4,-2.3));
#11757=CARTESIAN_POINT('',(-11.95,1.4,-2.3));
#11758=VECTOR('',#13926,3.9);
#11759=CARTESIAN_POINT('',(-6.7,2.75,-2.3));
#11760=CARTESIAN_POINT('',(-8.05,1.4,-2.3));
#11761=VECTOR('',#13927,1.909188309204);
#11762=CARTESIAN_POINT('',(-6.7,3.7,-2.3));
#11763=CARTESIAN_POINT('',(-6.7,2.75,-2.3));
#11764=VECTOR('',#13928,0.95);
#11765=CARTESIAN_POINT('',(-5.45,3.7,-2.3));
#11766=CARTESIAN_POINT('',(-6.7,3.7,-2.3));
#11767=VECTOR('',#13929,1.25);
#11768=CARTESIAN_POINT('',(-5.45,8.4,-2.3));
#11769=CARTESIAN_POINT('',(-5.45,3.7,-2.3));
#11770=VECTOR('',#13930,4.7);
#11771=CARTESIAN_POINT('',(-24.55,8.4,-2.3));
#11772=VECTOR('',#13931,19.1);
#11773=CARTESIAN_POINT('',(-11.0,7.28,-2.3));
#11774=CARTESIAN_POINT('',(-9.0,7.28,-2.3));
#11775=CARTESIAN_POINT('',(-11.0,7.28,-2.3));
#11776=VECTOR('',#13932,2.0);
#11777=CARTESIAN_POINT('',(-9.0,2.48,-2.3));
#11778=CARTESIAN_POINT('',(-9.0,7.28,-2.3));
#11779=VECTOR('',#13933,4.8);
#11780=CARTESIAN_POINT('',(-11.0,2.48,-2.3));
#11781=CARTESIAN_POINT('',(-11.0,2.48,-2.3));
#11782=VECTOR('',#13934,2.0);
#11783=CARTESIAN_POINT('',(-11.0,7.28,-2.3));
#11784=VECTOR('',#13935,4.8);
#11785=CARTESIAN_POINT('',(-21.0,7.28,-2.3));
#11786=CARTESIAN_POINT('',(-19.0,7.28,-2.3));
#11787=CARTESIAN_POINT('',(-21.0,7.28,-2.3));
#11788=VECTOR('',#13936,2.0);
#11789=CARTESIAN_POINT('',(-19.0,2.48,-2.3));
#11790=CARTESIAN_POINT('',(-19.0,7.28,-2.3));
#11791=VECTOR('',#13937,4.8);
#11792=CARTESIAN_POINT('',(-21.0,2.48,-2.3));
#11793=CARTESIAN_POINT('',(-21.0,2.48,-2.3));
#11794=VECTOR('',#13938,2.0);
#11795=CARTESIAN_POINT('',(-21.0,7.28,-2.3));
#11796=VECTOR('',#13939,4.8);
#11797=CARTESIAN_POINT('',(-11.0,2.48,8.4));
#11798=CARTESIAN_POINT('',(-11.0,2.48,8.4));
#11799=VECTOR('',#13940,10.7);
#11800=CARTESIAN_POINT('',(-11.0,7.28,8.4));
#11801=CARTESIAN_POINT('',(-11.0,7.28,8.4));
#11802=VECTOR('',#13941,4.8);
#11803=CARTESIAN_POINT('',(-11.0,7.28,-2.3));
#11804=VECTOR('',#13942,10.7);
#11805=CARTESIAN_POINT('',(-11.0,-7.28,8.4));
#11806=CARTESIAN_POINT('',(-11.0,-7.28,8.4));
#11807=VECTOR('',#13943,10.7);
#11808=CARTESIAN_POINT('',(-11.0,-2.48,8.4));
#11809=CARTESIAN_POINT('',(-11.0,-2.48,8.4));
#11810=VECTOR('',#13944,4.8);
#11811=CARTESIAN_POINT('',(-11.0,-2.48,-2.3));
#11812=VECTOR('',#13945,10.7);
#11813=CARTESIAN_POINT('',(-9.0,7.28,8.4));
#11814=CARTESIAN_POINT('',(-11.0,7.28,8.4));
#11815=VECTOR('',#13946,2.0);
#11816=CARTESIAN_POINT('',(-9.0,7.28,-2.3));
#11817=VECTOR('',#13947,10.7);
#11818=CARTESIAN_POINT('',(-9.0,2.48,8.4));
#11819=CARTESIAN_POINT('',(-9.0,7.28,8.4));
#11820=VECTOR('',#13948,4.8);
#11821=CARTESIAN_POINT('',(-9.0,2.48,8.4));
#11822=VECTOR('',#13949,10.7);
#11823=CARTESIAN_POINT('',(-9.0,-2.48,8.4));
#11824=CARTESIAN_POINT('',(-9.0,-2.48,-2.3));
#11825=VECTOR('',#13950,10.7);
#11826=CARTESIAN_POINT('',(-9.0,-7.28,8.4));
#11827=CARTESIAN_POINT('',(-9.0,-2.48,8.4));
#11828=VECTOR('',#13951,4.8);
#11829=CARTESIAN_POINT('',(-9.0,-7.28,8.4));
#11830=VECTOR('',#13952,10.7);
#11831=CARTESIAN_POINT('',(-11.0,2.48,8.4));
#11832=VECTOR('',#13953,2.0);
#11833=CARTESIAN_POINT('',(-11.0,-7.28,8.4));
#11834=VECTOR('',#13954,2.0);
#11835=CARTESIAN_POINT('',(-11.0,-2.48,8.4));
#11836=VECTOR('',#13955,2.0);
#11837=CARTESIAN_POINT('',(-5.45,-8.4,10.3));
#11838=VECTOR('',#13956,12.6);
#11839=CARTESIAN_POINT('',(-14.55,-8.4,10.3));
#11840=VECTOR('',#13957,12.6);
#11841=CARTESIAN_POINT('',(-14.55,-3.7,10.3));
#11842=VECTOR('',#13958,12.6);
#11843=CARTESIAN_POINT('',(-13.3,-3.7,10.3));
#11844=VECTOR('',#13959,12.6);
#11845=CARTESIAN_POINT('',(-13.3,-2.75,10.3));
#11846=VECTOR('',#13960,12.6);
#11847=CARTESIAN_POINT('',(-11.95,-1.4,10.3));
#11848=VECTOR('',#13961,12.6);
#11849=CARTESIAN_POINT('',(-8.05,-1.4,10.3));
#11850=VECTOR('',#13962,12.6);
#11851=CARTESIAN_POINT('',(-6.7,-2.75,10.3));
#11852=VECTOR('',#13963,12.6);
#11853=CARTESIAN_POINT('',(-6.7,-3.7,10.3));
#11854=VECTOR('',#13964,12.6);
#11855=CARTESIAN_POINT('',(-5.45,-3.7,10.3));
#11856=VECTOR('',#13965,12.6);
#11857=CARTESIAN_POINT('',(9.0,2.48,8.4));
#11858=CARTESIAN_POINT('',(9.0,2.48,8.4));
#11859=VECTOR('',#13966,10.7);
#11860=CARTESIAN_POINT('',(9.0,7.28,8.4));
#11861=CARTESIAN_POINT('',(9.0,7.28,8.4));
#11862=VECTOR('',#13967,4.8);
#11863=CARTESIAN_POINT('',(9.0,7.28,-2.3));
#11864=VECTOR('',#13968,10.7);
#11865=CARTESIAN_POINT('',(9.0,-7.28,8.4));
#11866=CARTESIAN_POINT('',(9.0,-7.28,8.4));
#11867=VECTOR('',#13969,10.7);
#11868=CARTESIAN_POINT('',(9.0,-2.48,8.4));
#11869=CARTESIAN_POINT('',(9.0,-2.48,8.4));
#11870=VECTOR('',#13970,4.8);
#11871=CARTESIAN_POINT('',(9.0,-2.48,-2.3));
#11872=VECTOR('',#13971,10.7);
#11873=CARTESIAN_POINT('',(11.0,7.28,8.4));
#11874=CARTESIAN_POINT('',(9.0,7.28,8.4));
#11875=VECTOR('',#13972,2.0);
#11876=CARTESIAN_POINT('',(11.0,7.28,-2.3));
#11877=VECTOR('',#13973,10.7);
#11878=CARTESIAN_POINT('',(11.0,2.48,8.4));
#11879=CARTESIAN_POINT('',(11.0,7.28,8.4));
#11880=VECTOR('',#13974,4.8);
#11881=CARTESIAN_POINT('',(11.0,2.48,8.4));
#11882=VECTOR('',#13975,10.7);
#11883=CARTESIAN_POINT('',(11.0,-2.48,8.4));
#11884=CARTESIAN_POINT('',(11.0,-2.48,-2.3));
#11885=VECTOR('',#13976,10.7);
#11886=CARTESIAN_POINT('',(11.0,-7.28,8.4));
#11887=CARTESIAN_POINT('',(11.0,-2.48,8.4));
#11888=VECTOR('',#13977,4.8);
#11889=CARTESIAN_POINT('',(11.0,-7.28,8.4));
#11890=VECTOR('',#13978,10.7);
#11891=CARTESIAN_POINT('',(9.0,2.48,8.4));
#11892=VECTOR('',#13979,2.0);
#11893=CARTESIAN_POINT('',(9.0,-7.28,8.4));
#11894=VECTOR('',#13980,2.0);
#11895=CARTESIAN_POINT('',(9.0,-2.48,8.4));
#11896=VECTOR('',#13981,2.0);
#11897=CARTESIAN_POINT('',(14.55,-8.4,10.3));
#11898=VECTOR('',#13982,12.6);
#11899=CARTESIAN_POINT('',(5.45,-8.4,10.3));
#11900=VECTOR('',#13983,12.6);
#11901=CARTESIAN_POINT('',(5.45,-3.7,10.3));
#11902=VECTOR('',#13984,12.6);
#11903=CARTESIAN_POINT('',(6.7,-3.7,10.3));
#11904=VECTOR('',#13985,12.6);
#11905=CARTESIAN_POINT('',(6.7,-2.75,10.3));
#11906=VECTOR('',#13986,12.6);
#11907=CARTESIAN_POINT('',(8.05,-1.4,10.3));
#11908=VECTOR('',#13987,12.6);
#11909=CARTESIAN_POINT('',(11.95,-1.4,10.3));
#11910=VECTOR('',#13988,12.6);
#11911=CARTESIAN_POINT('',(13.3,-2.75,10.3));
#11912=VECTOR('',#13989,12.6);
#11913=CARTESIAN_POINT('',(13.3,-3.7,10.3));
#11914=VECTOR('',#13990,12.6);
#11915=CARTESIAN_POINT('',(14.55,-3.7,10.3));
#11916=VECTOR('',#13991,12.6);
#11917=CARTESIAN_POINT('',(-15.45,-8.4,10.3));
#11918=VECTOR('',#13992,12.6);
#11919=CARTESIAN_POINT('',(-24.55,-8.4,10.3));
#11920=VECTOR('',#13993,12.6);
#11921=CARTESIAN_POINT('',(-24.55,-3.7,10.3));
#11922=VECTOR('',#13994,12.6);
#11923=CARTESIAN_POINT('',(-23.3,-3.7,10.3));
#11924=VECTOR('',#13995,12.6);
#11925=CARTESIAN_POINT('',(-23.3,-2.75,10.3));
#11926=VECTOR('',#13996,12.6);
#11927=CARTESIAN_POINT('',(-21.95,-1.4,10.3));
#11928=VECTOR('',#13997,12.6);
#11929=CARTESIAN_POINT('',(-18.05,-1.4,10.3));
#11930=VECTOR('',#13998,12.6);
#11931=CARTESIAN_POINT('',(-16.7,-2.75,10.3));
#11932=VECTOR('',#13999,12.6);
#11933=CARTESIAN_POINT('',(-16.7,-3.7,10.3));
#11934=VECTOR('',#14000,12.6);
#11935=CARTESIAN_POINT('',(-15.45,-3.7,10.3));
#11936=VECTOR('',#14001,12.6);
#11937=CARTESIAN_POINT('',(19.0,2.48,8.4));
#11938=CARTESIAN_POINT('',(19.0,2.48,8.4));
#11939=VECTOR('',#14002,10.7);
#11940=CARTESIAN_POINT('',(19.0,7.28,8.4));
#11941=CARTESIAN_POINT('',(19.0,7.28,8.4));
#11942=VECTOR('',#14003,4.8);
#11943=CARTESIAN_POINT('',(19.0,7.28,-2.3));
#11944=VECTOR('',#14004,10.7);
#11945=CARTESIAN_POINT('',(19.0,-7.28,8.4));
#11946=CARTESIAN_POINT('',(19.0,-7.28,8.4));
#11947=VECTOR('',#14005,10.7);
#11948=CARTESIAN_POINT('',(19.0,-2.48,8.4));
#11949=CARTESIAN_POINT('',(19.0,-2.48,8.4));
#11950=VECTOR('',#14006,4.8);
#11951=CARTESIAN_POINT('',(19.0,-2.48,-2.3));
#11952=VECTOR('',#14007,10.7);
#11953=CARTESIAN_POINT('',(21.0,7.28,8.4));
#11954=CARTESIAN_POINT('',(19.0,7.28,8.4));
#11955=VECTOR('',#14008,2.0);
#11956=CARTESIAN_POINT('',(21.0,7.28,-2.3));
#11957=VECTOR('',#14009,10.7);
#11958=CARTESIAN_POINT('',(21.0,2.48,8.4));
#11959=CARTESIAN_POINT('',(21.0,7.28,8.4));
#11960=VECTOR('',#14010,4.8);
#11961=CARTESIAN_POINT('',(21.0,2.48,8.4));
#11962=VECTOR('',#14011,10.7);
#11963=CARTESIAN_POINT('',(21.0,-2.48,8.4));
#11964=CARTESIAN_POINT('',(21.0,-2.48,-2.3));
#11965=VECTOR('',#14012,10.7);
#11966=CARTESIAN_POINT('',(21.0,-7.28,8.4));
#11967=CARTESIAN_POINT('',(21.0,-2.48,8.4));
#11968=VECTOR('',#14013,4.8);
#11969=CARTESIAN_POINT('',(21.0,-7.28,8.4));
#11970=VECTOR('',#14014,10.7);
#11971=CARTESIAN_POINT('',(19.0,2.48,8.4));
#11972=VECTOR('',#14015,2.0);
#11973=CARTESIAN_POINT('',(19.0,-7.28,8.4));
#11974=VECTOR('',#14016,2.0);
#11975=CARTESIAN_POINT('',(19.0,-2.48,8.4));
#11976=VECTOR('',#14017,2.0);
#11977=CARTESIAN_POINT('',(-21.0,-7.28,8.4));
#11978=CARTESIAN_POINT('',(-21.0,-7.28,8.4));
#11979=VECTOR('',#14018,10.7);
#11980=CARTESIAN_POINT('',(-21.0,-2.48,8.4));
#11981=CARTESIAN_POINT('',(-21.0,-2.48,8.4));
#11982=VECTOR('',#14019,4.8);
#11983=CARTESIAN_POINT('',(-21.0,-2.48,-2.3));
#11984=VECTOR('',#14020,10.7);
#11985=CARTESIAN_POINT('',(-21.0,2.48,8.4));
#11986=CARTESIAN_POINT('',(-21.0,2.48,8.4));
#11987=VECTOR('',#14021,10.7);
#11988=CARTESIAN_POINT('',(-21.0,7.28,8.4));
#11989=CARTESIAN_POINT('',(-21.0,7.28,8.4));
#11990=VECTOR('',#14022,4.8);
#11991=CARTESIAN_POINT('',(-21.0,7.28,-2.3));
#11992=VECTOR('',#14023,10.7);
#11993=CARTESIAN_POINT('',(-19.0,-2.48,8.4));
#11994=CARTESIAN_POINT('',(-21.0,-2.48,8.4));
#11995=VECTOR('',#14024,2.0);
#11996=CARTESIAN_POINT('',(-19.0,-2.48,-2.3));
#11997=VECTOR('',#14025,10.7);
#11998=CARTESIAN_POINT('',(-19.0,-7.28,8.4));
#11999=CARTESIAN_POINT('',(-19.0,-2.48,8.4));
#12000=VECTOR('',#14026,4.8);
#12001=CARTESIAN_POINT('',(-19.0,-7.28,8.4));
#12002=VECTOR('',#14027,10.7);
#12003=CARTESIAN_POINT('',(-19.0,7.28,8.4));
#12004=CARTESIAN_POINT('',(-19.0,2.48,8.4));
#12005=CARTESIAN_POINT('',(-19.0,7.28,8.4));
#12006=VECTOR('',#14028,4.8);
#12007=CARTESIAN_POINT('',(-19.0,2.48,8.4));
#12008=VECTOR('',#14029,10.7);
#12009=CARTESIAN_POINT('',(-19.0,7.28,-2.3));
#12010=VECTOR('',#14030,10.7);
#12011=CARTESIAN_POINT('',(-21.0,-7.28,8.4));
#12012=VECTOR('',#14031,2.0);
#12013=CARTESIAN_POINT('',(-21.0,7.28,8.4));
#12014=VECTOR('',#14032,2.0);
#12015=CARTESIAN_POINT('',(-21.0,2.48,8.4));
#12016=VECTOR('',#14033,2.0);
#12017=CARTESIAN_POINT('',(15.45,6.4,-2.3));
#12018=VECTOR('',#14034,12.6);
#12019=CARTESIAN_POINT('',(14.55,6.4,-2.3));
#12020=VECTOR('',#14035,12.6);
#12021=CARTESIAN_POINT('',(14.55,3.7,10.3));
#12022=VECTOR('',#14036,12.6);
#12023=CARTESIAN_POINT('',(13.3,3.7,10.3));
#12024=VECTOR('',#14037,12.6);
#12025=CARTESIAN_POINT('',(13.3,2.75,10.3));
#12026=VECTOR('',#14038,12.6);
#12027=CARTESIAN_POINT('',(11.95,1.4,10.3));
#12028=VECTOR('',#14039,12.6);
#12029=CARTESIAN_POINT('',(8.05,1.4,10.3));
#12030=VECTOR('',#14040,12.6);
#12031=CARTESIAN_POINT('',(6.7,2.75,10.3));
#12032=VECTOR('',#14041,12.6);
#12033=CARTESIAN_POINT('',(6.7,3.7,10.3));
#12034=VECTOR('',#14042,12.6);
#12035=CARTESIAN_POINT('',(5.45,3.7,10.3));
#12036=VECTOR('',#14043,12.6);
#12037=CARTESIAN_POINT('',(5.45,8.4,10.3));
#12038=VECTOR('',#14044,12.6);
#12039=CARTESIAN_POINT('',(24.55,8.4,10.3));
#12040=VECTOR('',#14045,12.6);
#12041=CARTESIAN_POINT('',(24.55,3.7,10.3));
#12042=VECTOR('',#14046,12.6);
#12043=CARTESIAN_POINT('',(23.3,3.7,10.3));
#12044=VECTOR('',#14047,12.6);
#12045=CARTESIAN_POINT('',(23.3,2.75,10.3));
#12046=VECTOR('',#14048,12.6);
#12047=CARTESIAN_POINT('',(21.95,1.4,10.3));
#12048=VECTOR('',#14049,12.6);
#12049=CARTESIAN_POINT('',(16.7,1.4,10.3));
#12050=VECTOR('',#14050,12.6);
#12051=CARTESIAN_POINT('',(16.7,3.7,10.3));
#12052=VECTOR('',#14051,12.6);
#12053=CARTESIAN_POINT('',(15.45,3.7,10.3));
#12054=VECTOR('',#14052,12.6);
#12055=CARTESIAN_POINT('',(-5.45,8.4,10.3));
#12056=VECTOR('',#14053,12.6);
#12057=CARTESIAN_POINT('',(-24.55,8.4,10.3));
#12058=VECTOR('',#14054,12.6);
#12059=CARTESIAN_POINT('',(-24.55,3.7,10.3));
#12060=VECTOR('',#14055,12.6);
#12061=CARTESIAN_POINT('',(-23.3,3.7,10.3));
#12062=VECTOR('',#14056,12.6);
#12063=CARTESIAN_POINT('',(-23.3,2.75,10.3));
#12064=VECTOR('',#14057,12.6);
#12065=CARTESIAN_POINT('',(-21.95,1.4,10.3));
#12066=VECTOR('',#14058,12.6);
#12067=CARTESIAN_POINT('',(-16.7,1.4,10.3));
#12068=VECTOR('',#14059,12.6);
#12069=CARTESIAN_POINT('',(-16.7,3.7,10.3));
#12070=VECTOR('',#14060,12.6);
#12071=CARTESIAN_POINT('',(-15.45,3.7,10.3));
#12072=VECTOR('',#14061,12.6);
#12073=CARTESIAN_POINT('',(-15.45,6.4,-2.3));
#12074=VECTOR('',#14062,12.6);
#12075=CARTESIAN_POINT('',(-14.55,6.4,-2.3));
#12076=VECTOR('',#14063,12.6);
#12077=CARTESIAN_POINT('',(-14.55,3.7,10.3));
#12078=VECTOR('',#14064,12.6);
#12079=CARTESIAN_POINT('',(-13.3,3.7,10.3));
#12080=VECTOR('',#14065,12.6);
#12081=CARTESIAN_POINT('',(-13.3,2.75,10.3));
#12082=VECTOR('',#14066,12.6);
#12083=CARTESIAN_POINT('',(-11.95,1.4,10.3));
#12084=VECTOR('',#14067,12.6);
#12085=CARTESIAN_POINT('',(-8.05,1.4,10.3));
#12086=VECTOR('',#14068,12.6);
#12087=CARTESIAN_POINT('',(-6.7,2.75,10.3));
#12088=VECTOR('',#14069,12.6);
#12089=CARTESIAN_POINT('',(-6.7,3.7,10.3));
#12090=VECTOR('',#14070,12.6);
#12091=CARTESIAN_POINT('',(-5.45,3.7,10.3));
#12092=VECTOR('',#14071,12.6);
#12093=CARTESIAN_POINT('',(-4.55,3.7,-2.3));
#12094=CARTESIAN_POINT('',(-4.55,3.7,10.3));
#12095=VECTOR('',#14072,12.6);
#12096=CARTESIAN_POINT('',(-4.55,8.4,-2.3));
#12097=CARTESIAN_POINT('',(-4.55,8.4,-2.3));
#12098=VECTOR('',#14073,4.7);
#12099=CARTESIAN_POINT('',(-4.55,8.4,10.3));
#12100=VECTOR('',#14074,12.6);
#12101=CARTESIAN_POINT('',(4.55,8.4,-2.3));
#12102=CARTESIAN_POINT('',(4.55,8.4,-2.3));
#12103=VECTOR('',#14075,9.1);
#12104=CARTESIAN_POINT('',(4.55,8.4,10.3));
#12105=VECTOR('',#14076,12.6);
#12106=CARTESIAN_POINT('',(4.55,3.7,-2.3));
#12107=CARTESIAN_POINT('',(4.55,3.7,-2.3));
#12108=VECTOR('',#14077,4.7);
#12109=CARTESIAN_POINT('',(4.55,3.7,10.3));
#12110=VECTOR('',#14078,12.6);
#12111=CARTESIAN_POINT('',(3.3,3.7,-2.3));
#12112=CARTESIAN_POINT('',(3.3,3.7,-2.3));
#12113=VECTOR('',#14079,1.25);
#12114=CARTESIAN_POINT('',(3.3,3.7,10.3));
#12115=VECTOR('',#14080,12.6);
#12116=CARTESIAN_POINT('',(3.3,2.75,-2.3));
#12117=CARTESIAN_POINT('',(3.3,2.75,-2.3));
#12118=VECTOR('',#14081,0.95);
#12119=CARTESIAN_POINT('',(3.3,2.75,10.3));
#12120=VECTOR('',#14082,12.6);
#12121=CARTESIAN_POINT('',(1.95,1.4,-2.3));
#12122=CARTESIAN_POINT('',(1.95,1.4,-2.3));
#12123=VECTOR('',#14083,1.909188309204);
#12124=CARTESIAN_POINT('',(1.95,1.4,10.3));
#12125=VECTOR('',#14084,12.6);
#12126=CARTESIAN_POINT('',(-1.95,1.4,-2.3));
#12127=CARTESIAN_POINT('',(-1.95,1.4,-2.3));
#12128=VECTOR('',#14085,3.9);
#12129=CARTESIAN_POINT('',(-1.95,1.4,10.3));
#12130=VECTOR('',#14086,12.6);
#12131=CARTESIAN_POINT('',(-3.3,2.75,-2.3));
#12132=CARTESIAN_POINT('',(-3.3,2.75,-2.3));
#12133=VECTOR('',#14087,1.909188309204);
#12134=CARTESIAN_POINT('',(-3.3,2.75,10.3));
#12135=VECTOR('',#14088,12.6);
#12136=CARTESIAN_POINT('',(-3.3,3.7,-2.3));
#12137=CARTESIAN_POINT('',(-3.3,3.7,-2.3));
#12138=VECTOR('',#14089,0.95);
#12139=CARTESIAN_POINT('',(-3.3,3.7,10.3));
#12140=VECTOR('',#14090,12.6);
#12141=CARTESIAN_POINT('',(-4.55,3.7,-2.3));
#12142=VECTOR('',#14091,1.25);
#12143=CARTESIAN_POINT('',(-1.0,7.28,-2.3));
#12144=CARTESIAN_POINT('',(1.0,7.28,-2.3));
#12145=CARTESIAN_POINT('',(-1.0,7.28,-2.3));
#12146=VECTOR('',#14092,2.0);
#12147=CARTESIAN_POINT('',(1.0,2.48,-2.3));
#12148=CARTESIAN_POINT('',(1.0,7.28,-2.3));
#12149=VECTOR('',#14093,4.8);
#12150=CARTESIAN_POINT('',(-1.0,2.48,-2.3));
#12151=CARTESIAN_POINT('',(-1.0,2.48,-2.3));
#12152=VECTOR('',#14094,2.0);
#12153=CARTESIAN_POINT('',(-1.0,7.28,-2.3));
#12154=VECTOR('',#14095,4.8);
#12155=CARTESIAN_POINT('',(4.55,-8.4,-2.3));
#12156=CARTESIAN_POINT('',(4.55,-3.7,-2.3));
#12157=CARTESIAN_POINT('',(4.55,-8.4,-2.3));
#12158=VECTOR('',#14096,4.7);
#12159=CARTESIAN_POINT('',(3.3,-3.7,-2.3));
#12160=CARTESIAN_POINT('',(4.55,-3.7,-2.3));
#12161=VECTOR('',#14097,1.25);
#12162=CARTESIAN_POINT('',(3.3,-2.75,-2.3));
#12163=CARTESIAN_POINT('',(3.3,-3.7,-2.3));
#12164=VECTOR('',#14098,0.95);
#12165=CARTESIAN_POINT('',(1.95,-1.4,-2.3));
#12166=CARTESIAN_POINT('',(3.3,-2.75,-2.3));
#12167=VECTOR('',#14099,1.909188309204);
#12168=CARTESIAN_POINT('',(-1.95,-1.4,-2.3));
#12169=CARTESIAN_POINT('',(1.95,-1.4,-2.3));
#12170=VECTOR('',#14100,3.9);
#12171=CARTESIAN_POINT('',(-3.3,-2.75,-2.3));
#12172=CARTESIAN_POINT('',(-1.95,-1.4,-2.3));
#12173=VECTOR('',#14101,1.909188309204);
#12174=CARTESIAN_POINT('',(-3.3,-3.7,-2.3));
#12175=CARTESIAN_POINT('',(-3.3,-2.75,-2.3));
#12176=VECTOR('',#14102,0.95);
#12177=CARTESIAN_POINT('',(-4.55,-3.7,-2.3));
#12178=CARTESIAN_POINT('',(-3.3,-3.7,-2.3));
#12179=VECTOR('',#14103,1.25);
#12180=CARTESIAN_POINT('',(-4.55,-8.4,-2.3));
#12181=CARTESIAN_POINT('',(-4.55,-3.7,-2.3));
#12182=VECTOR('',#14104,4.7);
#12183=CARTESIAN_POINT('',(-4.55,-8.4,-2.3));
#12184=VECTOR('',#14105,9.1);
#12185=CARTESIAN_POINT('',(-1.0,-2.48,-2.3));
#12186=CARTESIAN_POINT('',(1.0,-2.48,-2.3));
#12187=CARTESIAN_POINT('',(-1.0,-2.48,-2.3));
#12188=VECTOR('',#14106,2.0);
#12189=CARTESIAN_POINT('',(1.0,-7.28,-2.3));
#12190=CARTESIAN_POINT('',(1.0,-2.48,-2.3));
#12191=VECTOR('',#14107,4.8);
#12192=CARTESIAN_POINT('',(-1.0,-7.28,-2.3));
#12193=CARTESIAN_POINT('',(-1.0,-7.28,-2.3));
#12194=VECTOR('',#14108,2.0);
#12195=CARTESIAN_POINT('',(-1.0,-2.48,-2.3));
#12196=VECTOR('',#14109,4.8);
#12197=CARTESIAN_POINT('',(4.55,-8.4,10.3));
#12198=VECTOR('',#14110,12.6);
#12199=CARTESIAN_POINT('',(-4.55,-8.4,10.3));
#12200=VECTOR('',#14111,12.6);
#12201=CARTESIAN_POINT('',(-4.55,-3.7,10.3));
#12202=VECTOR('',#14112,12.6);
#12203=CARTESIAN_POINT('',(-3.3,-3.7,10.3));
#12204=VECTOR('',#14113,12.6);
#12205=CARTESIAN_POINT('',(-3.3,-2.75,10.3));
#12206=VECTOR('',#14114,12.6);
#12207=CARTESIAN_POINT('',(-1.95,-1.4,10.3));
#12208=VECTOR('',#14115,12.6);
#12209=CARTESIAN_POINT('',(1.95,-1.4,10.3));
#12210=VECTOR('',#14116,12.6);
#12211=CARTESIAN_POINT('',(3.3,-2.75,10.3));
#12212=VECTOR('',#14117,12.6);
#12213=CARTESIAN_POINT('',(3.3,-3.7,10.3));
#12214=VECTOR('',#14118,12.6);
#12215=CARTESIAN_POINT('',(4.55,-3.7,10.3));
#12216=VECTOR('',#14119,12.6);
#12217=CARTESIAN_POINT('',(-1.0,2.48,8.4));
#12218=CARTESIAN_POINT('',(-1.0,2.48,8.4));
#12219=VECTOR('',#14120,10.7);
#12220=CARTESIAN_POINT('',(-1.0,7.28,8.4));
#12221=CARTESIAN_POINT('',(-1.0,7.28,8.4));
#12222=VECTOR('',#14121,4.8);
#12223=CARTESIAN_POINT('',(-1.0,7.28,-2.3));
#12224=VECTOR('',#14122,10.7);
#12225=CARTESIAN_POINT('',(-1.0,-7.28,8.4));
#12226=CARTESIAN_POINT('',(-1.0,-7.28,8.4));
#12227=VECTOR('',#14123,10.7);
#12228=CARTESIAN_POINT('',(-1.0,-2.48,8.4));
#12229=CARTESIAN_POINT('',(-1.0,-2.48,8.4));
#12230=VECTOR('',#14124,4.8);
#12231=CARTESIAN_POINT('',(-1.0,-2.48,-2.3));
#12232=VECTOR('',#14125,10.7);
#12233=CARTESIAN_POINT('',(1.0,7.28,8.4));
#12234=CARTESIAN_POINT('',(-1.0,7.28,8.4));
#12235=VECTOR('',#14126,2.0);
#12236=CARTESIAN_POINT('',(1.0,7.28,-2.3));
#12237=VECTOR('',#14127,10.7);
#12238=CARTESIAN_POINT('',(1.0,2.48,8.4));
#12239=CARTESIAN_POINT('',(1.0,7.28,8.4));
#12240=VECTOR('',#14128,4.8);
#12241=CARTESIAN_POINT('',(1.0,2.48,8.4));
#12242=VECTOR('',#14129,10.7);
#12243=CARTESIAN_POINT('',(1.0,-2.48,8.4));
#12244=CARTESIAN_POINT('',(1.0,-2.48,-2.3));
#12245=VECTOR('',#14130,10.7);
#12246=CARTESIAN_POINT('',(1.0,-7.28,8.4));
#12247=CARTESIAN_POINT('',(1.0,-2.48,8.4));
#12248=VECTOR('',#14131,4.8);
#12249=CARTESIAN_POINT('',(1.0,-7.28,8.4));
#12250=VECTOR('',#14132,10.7);
#12251=CARTESIAN_POINT('',(-1.0,2.48,8.4));
#12252=VECTOR('',#14133,2.0);
#12253=CARTESIAN_POINT('',(-1.0,-7.28,8.4));
#12254=VECTOR('',#14134,2.0);
#12255=CARTESIAN_POINT('',(-1.0,-2.48,8.4));
#12256=VECTOR('',#14135,2.0);
#12257=CARTESIAN_POINT('',(24.22279220614,2.8,10.3));
#12258=VECTOR('',#14136,8.2);
#12259=CARTESIAN_POINT('',(24.22279220614,2.4,10.3));
#12260=VECTOR('',#14137,8.2);
#12261=CARTESIAN_POINT('',(22.87279220614,1.05,10.3));
#12262=VECTOR('',#14138,8.2);
#12263=CARTESIAN_POINT('',(22.87279220614,-1.05,10.3));
#12264=VECTOR('',#14139,8.2);
#12265=CARTESIAN_POINT('',(24.22279220614,-2.4,10.3));
#12266=VECTOR('',#14140,8.2);
#12267=CARTESIAN_POINT('',(24.22279220614,-2.8,10.3));
#12268=VECTOR('',#14141,8.2);
#12269=CARTESIAN_POINT('',(28.65,-4.75,7.5));
#12270=CARTESIAN_POINT('',(28.65,-4.75,10.3));
#12271=VECTOR('',#14142,2.8);
#12272=CARTESIAN_POINT('',(30.65,-4.75,7.5));
#12273=CARTESIAN_POINT('',(30.65,-4.75,7.5));
#12274=VECTOR('',#14143,2.0);
#12275=CARTESIAN_POINT('',(30.65,-4.75,3.95));
#12276=CARTESIAN_POINT('',(30.65,-4.75,3.95));
#12277=VECTOR('',#14144,3.55);
#12278=CARTESIAN_POINT('',(25.45,-4.75,3.95));
#12279=VECTOR('',#14145,5.2);
#12280=CARTESIAN_POINT('',(30.65,4.75,3.95));
#12281=CARTESIAN_POINT('',(30.65,6.25,3.95));
#12282=CARTESIAN_POINT('',(30.65,4.75,3.95));
#12283=VECTOR('',#14146,1.5);
#12284=CARTESIAN_POINT('',(30.65,4.75,3.95));
#12285=VECTOR('',#14147,5.2);
#12286=CARTESIAN_POINT('',(30.15,6.75,3.95));
#12287=CARTESIAN_POINT('',(30.15,6.75,3.95));
#12288=VECTOR('',#14148,4.7);
#12289=AXIS2_PLACEMENT_3D('',#14149,#14150,#14151);
#12290=CARTESIAN_POINT('',(30.15,-6.75,3.95));
#12291=CARTESIAN_POINT('',(25.45,-6.75,3.95));
#12292=VECTOR('',#14152,4.7);
#12293=CARTESIAN_POINT('',(30.65,-6.25,3.95));
#12294=CARTESIAN_POINT('',(30.65,-6.25,3.95));
#12295=VECTOR('',#14153,1.5);
#12296=AXIS2_PLACEMENT_3D('',#14154,#14155,#14156);
#12297=CARTESIAN_POINT('',(-30.15,6.75,3.95));
#12298=CARTESIAN_POINT('',(-25.45,6.75,3.95));
#12299=VECTOR('',#14157,4.7);
#12300=CARTESIAN_POINT('',(-30.65,4.75,3.95));
#12301=CARTESIAN_POINT('',(-25.45,4.75,3.95));
#12302=VECTOR('',#14158,5.2);
#12303=CARTESIAN_POINT('',(-30.65,6.25,3.95));
#12304=CARTESIAN_POINT('',(-30.65,6.25,3.95));
#12305=VECTOR('',#14159,1.5);
#12306=AXIS2_PLACEMENT_3D('',#14160,#14161,#14162);
#12307=CARTESIAN_POINT('',(-30.65,-4.75,3.95));
#12308=CARTESIAN_POINT('',(-30.65,-6.25,3.95));
#12309=CARTESIAN_POINT('',(-30.65,-4.75,3.95));
#12310=VECTOR('',#14163,1.5);
#12311=CARTESIAN_POINT('',(-30.65,-4.75,3.95));
#12312=VECTOR('',#14164,5.2);
#12313=CARTESIAN_POINT('',(-30.15,-6.75,3.95));
#12314=CARTESIAN_POINT('',(-30.15,-6.75,3.95));
#12315=VECTOR('',#14165,4.7);
#12316=AXIS2_PLACEMENT_3D('',#14166,#14167,#14168);
#12317=CARTESIAN_POINT('',(30.15,6.75,10.3));
#12318=VECTOR('',#14169,6.35);
#12319=CARTESIAN_POINT('',(30.65,6.25,10.3));
#12320=VECTOR('',#14170,6.35);
#12321=CARTESIAN_POINT('',(30.65,-6.25,10.3));
#12322=VECTOR('',#14171,6.35);
#12323=CARTESIAN_POINT('',(30.65,4.75,7.5));
#12324=CARTESIAN_POINT('',(30.65,-4.75,7.5));
#12325=VECTOR('',#14172,9.5);
#12326=CARTESIAN_POINT('',(30.65,4.75,3.95));
#12327=VECTOR('',#14173,3.55);
#12328=CARTESIAN_POINT('',(28.65,4.75,7.5));
#12329=CARTESIAN_POINT('',(28.65,4.75,7.5));
#12330=VECTOR('',#14174,2.0);
#12331=CARTESIAN_POINT('',(28.65,4.75,10.3));
#12332=VECTOR('',#14175,2.8);
#12333=CARTESIAN_POINT('',(28.65,4.75,7.5));
#12334=VECTOR('',#14176,9.5);
#12335=CARTESIAN_POINT('',(-28.65,-4.75,7.5));
#12336=CARTESIAN_POINT('',(-30.65,-4.75,7.5));
#12337=CARTESIAN_POINT('',(-28.65,-4.75,7.5));
#12338=VECTOR('',#14177,2.0);
#12339=CARTESIAN_POINT('',(-30.65,4.75,7.5));
#12340=CARTESIAN_POINT('',(-30.65,-4.75,7.5));
#12341=VECTOR('',#14178,9.5);
#12342=CARTESIAN_POINT('',(-28.65,4.75,7.5));
#12343=CARTESIAN_POINT('',(-30.65,4.75,7.5));
#12344=VECTOR('',#14179,2.0);
#12345=CARTESIAN_POINT('',(-28.65,-4.75,7.5));
#12346=VECTOR('',#14180,9.5);
#12347=CARTESIAN_POINT('',(-28.65,4.75,10.3));
#12348=VECTOR('',#14181,2.8);
#12349=CARTESIAN_POINT('',(-28.65,-4.75,10.3));
#12350=VECTOR('',#14182,2.8);
#12351=CARTESIAN_POINT('',(-30.65,-4.75,3.95));
#12352=VECTOR('',#14183,3.55);
#12353=CARTESIAN_POINT('',(-30.65,4.75,3.95));
#12354=VECTOR('',#14184,3.55);
#12355=CARTESIAN_POINT('',(-30.65,-6.25,10.3));
#12356=VECTOR('',#14185,6.35);
#12357=CARTESIAN_POINT('',(-30.65,6.25,10.3));
#12358=VECTOR('',#14186,6.35);
#12359=CARTESIAN_POINT('',(-30.15,6.75,10.3));
#12360=VECTOR('',#14187,6.35);
#12361=CARTESIAN_POINT('',(-30.15,-6.75,10.3));
#12362=VECTOR('',#14188,6.35);
#12363=CARTESIAN_POINT('',(30.15,-6.75,10.3));
#12364=VECTOR('',#14189,6.35);
#12365=CARTESIAN_POINT('',(-24.22279220614,-2.8,10.3));
#12366=VECTOR('',#14190,8.2);
#12367=CARTESIAN_POINT('',(-24.22279220614,-2.4,10.3));
#12368=VECTOR('',#14191,8.2);
#12369=CARTESIAN_POINT('',(-22.87279220614,-1.05,10.3));
#12370=VECTOR('',#14192,8.2);
#12371=CARTESIAN_POINT('',(-22.87279220614,1.05,10.3));
#12372=VECTOR('',#14193,8.2);
#12373=CARTESIAN_POINT('',(-24.22279220614,2.4,10.3));
#12374=VECTOR('',#14194,8.2);
#12375=CARTESIAN_POINT('',(-24.22279220614,2.8,10.3));
#12376=VECTOR('',#14195,8.2);
#12377=CARTESIAN_POINT('',(2.8,1.05,7.3));
#12378=CARTESIAN_POINT('',(2.8,1.05,10.3));
#12379=VECTOR('',#14196,3.0);
#12380=CARTESIAN_POINT('',(4.55,2.8,7.3));
#12381=CARTESIAN_POINT('',(4.55,2.8,7.3));
#12382=VECTOR('',#14197,2.474873734153);
#12383=CARTESIAN_POINT('',(4.55,2.8,10.3));
#12384=VECTOR('',#14198,3.0);
#12385=CARTESIAN_POINT('',(5.45,2.8,7.3));
#12386=CARTESIAN_POINT('',(5.45,2.8,7.3));
#12387=VECTOR('',#14199,0.9);
#12388=CARTESIAN_POINT('',(5.45,2.8,10.3));
#12389=VECTOR('',#14200,3.0);
#12390=CARTESIAN_POINT('',(7.2,1.05,7.3));
#12391=CARTESIAN_POINT('',(7.2,1.05,7.3));
#12392=VECTOR('',#14201,2.474873734153);
#12393=CARTESIAN_POINT('',(7.2,1.05,10.3));
#12394=VECTOR('',#14202,3.0);
#12395=CARTESIAN_POINT('',(7.2,-1.05,7.3));
#12396=CARTESIAN_POINT('',(7.2,-1.05,7.3));
#12397=VECTOR('',#14203,2.1);
#12398=CARTESIAN_POINT('',(7.2,-1.05,10.3));
#12399=VECTOR('',#14204,3.0);
#12400=CARTESIAN_POINT('',(5.45,-2.8,7.3));
#12401=CARTESIAN_POINT('',(5.45,-2.8,7.3));
#12402=VECTOR('',#14205,2.474873734153);
#12403=CARTESIAN_POINT('',(5.45,-2.8,10.3));
#12404=VECTOR('',#14206,3.0);
#12405=CARTESIAN_POINT('',(4.55,-2.8,7.3));
#12406=CARTESIAN_POINT('',(4.55,-2.8,7.3));
#12407=VECTOR('',#14207,0.9);
#12408=CARTESIAN_POINT('',(4.55,-2.8,10.3));
#12409=VECTOR('',#14208,3.0);
#12410=CARTESIAN_POINT('',(2.8,-1.05,7.3));
#12411=CARTESIAN_POINT('',(2.8,-1.05,7.3));
#12412=VECTOR('',#14209,2.474873734153);
#12413=CARTESIAN_POINT('',(2.8,-1.05,10.3));
#12414=VECTOR('',#14210,3.0);
#12415=CARTESIAN_POINT('',(2.8,1.05,7.3));
#12416=VECTOR('',#14211,2.1);
#12417=CARTESIAN_POINT('',(-7.2,1.05,7.3));
#12418=CARTESIAN_POINT('',(-7.2,1.05,10.3));
#12419=VECTOR('',#14212,3.0);
#12420=CARTESIAN_POINT('',(-5.45,2.8,7.3));
#12421=CARTESIAN_POINT('',(-5.45,2.8,7.3));
#12422=VECTOR('',#14213,2.474873734153);
#12423=CARTESIAN_POINT('',(-5.45,2.8,10.3));
#12424=VECTOR('',#14214,3.0);
#12425=CARTESIAN_POINT('',(-4.55,2.8,7.3));
#12426=CARTESIAN_POINT('',(-4.55,2.8,7.3));
#12427=VECTOR('',#14215,0.9);
#12428=CARTESIAN_POINT('',(-4.55,2.8,10.3));
#12429=VECTOR('',#14216,3.0);
#12430=CARTESIAN_POINT('',(-2.8,1.05,7.3));
#12431=CARTESIAN_POINT('',(-2.8,1.05,7.3));
#12432=VECTOR('',#14217,2.474873734153);
#12433=CARTESIAN_POINT('',(-2.8,1.05,10.3));
#12434=VECTOR('',#14218,3.0);
#12435=CARTESIAN_POINT('',(-2.8,-1.05,7.3));
#12436=CARTESIAN_POINT('',(-2.8,-1.05,7.3));
#12437=VECTOR('',#14219,2.1);
#12438=CARTESIAN_POINT('',(-2.8,-1.05,10.3));
#12439=VECTOR('',#14220,3.0);
#12440=CARTESIAN_POINT('',(-4.55,-2.8,7.3));
#12441=CARTESIAN_POINT('',(-4.55,-2.8,7.3));
#12442=VECTOR('',#14221,2.474873734153);
#12443=CARTESIAN_POINT('',(-4.55,-2.8,10.3));
#12444=VECTOR('',#14222,3.0);
#12445=CARTESIAN_POINT('',(-5.45,-2.8,7.3));
#12446=CARTESIAN_POINT('',(-5.45,-2.8,7.3));
#12447=VECTOR('',#14223,0.9);
#12448=CARTESIAN_POINT('',(-5.45,-2.8,10.3));
#12449=VECTOR('',#14224,3.0);
#12450=CARTESIAN_POINT('',(-7.2,-1.05,7.3));
#12451=CARTESIAN_POINT('',(-7.2,-1.05,7.3));
#12452=VECTOR('',#14225,2.474873734153);
#12453=CARTESIAN_POINT('',(-7.2,-1.05,10.3));
#12454=VECTOR('',#14226,3.0);
#12455=CARTESIAN_POINT('',(-7.2,1.05,7.3));
#12456=VECTOR('',#14227,2.1);
#12457=CARTESIAN_POINT('',(12.8,-1.05,7.3));
#12458=CARTESIAN_POINT('',(12.8,-1.05,10.3));
#12459=VECTOR('',#14228,3.0);
#12460=CARTESIAN_POINT('',(12.8,1.05,7.3));
#12461=CARTESIAN_POINT('',(12.8,1.05,7.3));
#12462=VECTOR('',#14229,2.1);
#12463=CARTESIAN_POINT('',(12.8,1.05,10.3));
#12464=VECTOR('',#14230,3.0);
#12465=CARTESIAN_POINT('',(14.55,2.8,7.3));
#12466=CARTESIAN_POINT('',(14.55,2.8,7.3));
#12467=VECTOR('',#14231,2.474873734153);
#12468=CARTESIAN_POINT('',(14.55,2.8,10.3));
#12469=VECTOR('',#14232,3.0);
#12470=CARTESIAN_POINT('',(15.8,2.8,7.3));
#12471=CARTESIAN_POINT('',(15.8,2.8,7.3));
#12472=VECTOR('',#14233,1.25);
#12473=CARTESIAN_POINT('',(15.8,2.8,10.3));
#12474=VECTOR('',#14234,3.0);
#12475=CARTESIAN_POINT('',(15.8,0.5,7.3));
#12476=CARTESIAN_POINT('',(15.8,0.5,7.3));
#12477=VECTOR('',#14235,2.3);
#12478=CARTESIAN_POINT('',(15.8,0.5,10.3));
#12479=VECTOR('',#14236,3.0);
#12480=CARTESIAN_POINT('',(17.2,0.5,7.3));
#12481=CARTESIAN_POINT('',(17.2,0.5,7.3));
#12482=VECTOR('',#14237,1.4);
#12483=CARTESIAN_POINT('',(17.2,0.5,10.3));
#12484=VECTOR('',#14238,3.0);
#12485=CARTESIAN_POINT('',(17.2,-1.05,7.3));
#12486=CARTESIAN_POINT('',(17.2,-1.05,7.3));
#12487=VECTOR('',#14239,1.55);
#12488=CARTESIAN_POINT('',(17.2,-1.05,10.3));
#12489=VECTOR('',#14240,3.0);
#12490=CARTESIAN_POINT('',(15.45,-2.8,7.3));
#12491=CARTESIAN_POINT('',(15.45,-2.8,7.3));
#12492=VECTOR('',#14241,2.474873734153);
#12493=CARTESIAN_POINT('',(15.45,-2.8,10.3));
#12494=VECTOR('',#14242,3.0);
#12495=CARTESIAN_POINT('',(14.55,-2.8,7.3));
#12496=CARTESIAN_POINT('',(14.55,-2.8,7.3));
#12497=VECTOR('',#14243,0.9);
#12498=CARTESIAN_POINT('',(14.55,-2.8,10.3));
#12499=VECTOR('',#14244,3.0);
#12500=CARTESIAN_POINT('',(12.8,-1.05,7.3));
#12501=VECTOR('',#14245,2.474873734153);
#12502=CARTESIAN_POINT('',(-14.55,2.8,7.3));
#12503=CARTESIAN_POINT('',(-15.8,2.8,7.3));
#12504=CARTESIAN_POINT('',(-14.55,2.8,7.3));
#12505=VECTOR('',#14246,1.25);
#12506=CARTESIAN_POINT('',(-15.8,0.5,7.3));
#12507=CARTESIAN_POINT('',(-15.8,2.8,7.3));
#12508=VECTOR('',#14247,2.3);
#12509=CARTESIAN_POINT('',(-17.2,0.5,7.3));
#12510=CARTESIAN_POINT('',(-15.8,0.5,7.3));
#12511=VECTOR('',#14248,1.4);
#12512=CARTESIAN_POINT('',(-17.2,-1.05,7.3));
#12513=CARTESIAN_POINT('',(-17.2,0.5,7.3));
#12514=VECTOR('',#14249,1.55);
#12515=CARTESIAN_POINT('',(-15.45,-2.8,7.3));
#12516=CARTESIAN_POINT('',(-17.2,-1.05,7.3));
#12517=VECTOR('',#14250,2.474873734153);
#12518=CARTESIAN_POINT('',(-14.55,-2.8,7.3));
#12519=CARTESIAN_POINT('',(-15.45,-2.8,7.3));
#12520=VECTOR('',#14251,0.9);
#12521=CARTESIAN_POINT('',(-12.8,-1.05,7.3));
#12522=CARTESIAN_POINT('',(-14.55,-2.8,7.3));
#12523=VECTOR('',#14252,2.474873734153);
#12524=CARTESIAN_POINT('',(-12.8,1.05,7.3));
#12525=CARTESIAN_POINT('',(-12.8,-1.05,7.3));
#12526=VECTOR('',#14253,2.1);
#12527=CARTESIAN_POINT('',(-12.8,1.05,7.3));
#12528=VECTOR('',#14254,2.474873734153);
#12529=CARTESIAN_POINT('',(-14.55,2.8,10.3));
#12530=VECTOR('',#14255,3.0);
#12531=CARTESIAN_POINT('',(-12.8,1.05,10.3));
#12532=VECTOR('',#14256,3.0);
#12533=CARTESIAN_POINT('',(-12.8,-1.05,10.3));
#12534=VECTOR('',#14257,3.0);
#12535=CARTESIAN_POINT('',(-14.55,-2.8,10.3));
#12536=VECTOR('',#14258,3.0);
#12537=CARTESIAN_POINT('',(-15.45,-2.8,10.3));
#12538=VECTOR('',#14259,3.0);
#12539=CARTESIAN_POINT('',(-17.2,-1.05,10.3));
#12540=VECTOR('',#14260,3.0);
#12541=CARTESIAN_POINT('',(-17.2,0.5,10.3));
#12542=VECTOR('',#14261,3.0);
#12543=CARTESIAN_POINT('',(-15.8,0.5,10.3));
#12544=VECTOR('',#14262,3.0);
#12545=CARTESIAN_POINT('',(-15.8,2.8,10.3));
#12546=VECTOR('',#14263,3.0);
#12547=AXIS2_PLACEMENT_3D('',#14264,#14265,#14266);
#12548=CARTESIAN_POINT('',(13.62500002565,3.534737172749E-13,-13.69999997435));
#12549=CARTESIAN_POINT('',(13.625,0.0,-10.3));
#12550=VECTOR('',#14267,3.399999974352);
#12551=AXIS2_PLACEMENT_3D('',#14268,#14269,#14270);
#12552=CARTESIAN_POINT('',(16.375,0.0,-10.3));
#12553=VECTOR('',#14271,3.399999974352);
#12554=AXIS2_PLACEMENT_3D('',#14272,#14273,#14274);
#12555=CARTESIAN_POINT('',(14.12500005609,0.0,-14.19999999081));
#12556=AXIS2_PLACEMENT_3D('',#14275,#14276,#14277);
#12557=CARTESIAN_POINT('',(14.12500002176,2.998712276971E-13,-14.19999997824));
#12558=VECTOR('',#14278,0.7071067811864);
#12559=AXIS2_PLACEMENT_3D('',#14279,#14280,#14281);
#12560=CARTESIAN_POINT('',(26.105,-1.35,-12.10725929815));
#12561=CARTESIAN_POINT('',(26.105,-1.35,-12.10725929815));
#12562=VECTOR('',#14282,1.807259298146);
#12563=CARTESIAN_POINT('',(26.105,-1.625,-12.5));
#12564=CARTESIAN_POINT('',(26.105,-1.625,-12.5));
#12565=VECTOR('',#14283,0.4794478687958);
#12566=CARTESIAN_POINT('',(26.105,-1.1,-14.2));
#12567=CARTESIAN_POINT('',(26.105,-1.1,-14.2));
#12568=VECTOR('',#14284,1.779220334866);
#12569=CARTESIAN_POINT('',(26.105,-0.85,-14.2));
#12570=CARTESIAN_POINT('',(26.105,-0.85,-14.2));
#12571=VECTOR('',#14285,0.25);
#12572=CARTESIAN_POINT('',(26.105,-0.85,-10.3));
#12573=VECTOR('',#14286,3.9);
#12574=CARTESIAN_POINT('',(26.105,0.85,-14.2));
#12575=CARTESIAN_POINT('',(26.105,0.85,-14.2));
#12576=VECTOR('',#14287,3.9);
#12577=CARTESIAN_POINT('',(26.105,1.1,-14.2));
#12578=CARTESIAN_POINT('',(26.105,1.1,-14.2));
#12579=VECTOR('',#14288,0.25);
#12580=CARTESIAN_POINT('',(26.105,1.625,-12.5));
#12581=CARTESIAN_POINT('',(26.105,1.625,-12.5));
#12582=VECTOR('',#14289,1.779220334866);
#12583=CARTESIAN_POINT('',(26.105,1.35,-12.10725929815));
#12584=CARTESIAN_POINT('',(26.105,1.35,-12.10725929815));
#12585=VECTOR('',#14290,0.4794478687958);
#12586=CARTESIAN_POINT('',(26.105,1.35,-10.3));
#12587=VECTOR('',#14291,1.807259298146);
#12588=CARTESIAN_POINT('',(25.305,-0.85,-14.2));
#12589=CARTESIAN_POINT('',(26.105,-0.85,-14.2));
#12590=VECTOR('',#14292,0.8);
#12591=CARTESIAN_POINT('',(25.305,-0.85,-10.3));
#12592=VECTOR('',#14293,3.9);
#12593=CARTESIAN_POINT('',(25.305,1.35,-12.10725929815));
#12594=CARTESIAN_POINT('',(25.305,1.35,-10.3));
#12595=VECTOR('',#14294,1.807259298146);
#12596=CARTESIAN_POINT('',(25.305,1.625,-12.5));
#12597=CARTESIAN_POINT('',(25.305,1.35,-12.10725929815));
#12598=VECTOR('',#14295,0.4794478687958);
#12599=CARTESIAN_POINT('',(25.305,1.1,-14.2));
#12600=CARTESIAN_POINT('',(25.305,1.625,-12.5));
#12601=VECTOR('',#14296,1.779220334866);
#12602=CARTESIAN_POINT('',(25.305,0.85,-14.2));
#12603=CARTESIAN_POINT('',(25.305,1.1,-14.2));
#12604=VECTOR('',#14297,0.25);
#12605=CARTESIAN_POINT('',(25.305,0.85,-14.2));
#12606=VECTOR('',#14298,3.9);
#12607=CARTESIAN_POINT('',(25.305,-1.1,-14.2));
#12608=CARTESIAN_POINT('',(25.305,-0.85,-14.2));
#12609=VECTOR('',#14299,0.25);
#12610=CARTESIAN_POINT('',(25.305,-1.625,-12.5));
#12611=CARTESIAN_POINT('',(25.305,-1.1,-14.2));
#12612=VECTOR('',#14300,1.779220334866);
#12613=CARTESIAN_POINT('',(25.305,-1.35,-12.10725929815));
#12614=CARTESIAN_POINT('',(25.305,-1.625,-12.5));
#12615=VECTOR('',#14301,0.4794478687958);
#12616=CARTESIAN_POINT('',(25.305,-1.35,-12.10725929815));
#12617=VECTOR('',#14302,1.807259298146);
#12618=CARTESIAN_POINT('',(26.105,0.85,-14.2));
#12619=VECTOR('',#14303,0.8);
#12620=CARTESIAN_POINT('',(26.105,1.1,-14.2));
#12621=VECTOR('',#14304,0.8);
#12622=CARTESIAN_POINT('',(26.105,1.625,-12.5));
#12623=VECTOR('',#14305,0.8);
#12624=CARTESIAN_POINT('',(26.105,1.35,-12.10725929815));
#12625=VECTOR('',#14306,0.8);
#12626=CARTESIAN_POINT('',(26.105,-1.35,-12.10725929815));
#12627=VECTOR('',#14307,0.8);
#12628=CARTESIAN_POINT('',(26.105,-1.625,-12.5));
#12629=VECTOR('',#14308,0.8);
#12630=CARTESIAN_POINT('',(26.105,-1.1,-14.2));
#12631=VECTOR('',#14309,0.8);
#12632=CARTESIAN_POINT('',(-25.305,0.85,-14.2));
#12633=CARTESIAN_POINT('',(-25.305,1.1,-14.2));
#12634=CARTESIAN_POINT('',(-25.305,0.85,-14.2));
#12635=VECTOR('',#14310,0.25);
#12636=CARTESIAN_POINT('',(-25.305,1.625,-12.5));
#12637=CARTESIAN_POINT('',(-25.305,1.1,-14.2));
#12638=VECTOR('',#14311,1.779220334866);
#12639=CARTESIAN_POINT('',(-25.305,1.35,-12.10725929815));
#12640=CARTESIAN_POINT('',(-25.305,1.625,-12.5));
#12641=VECTOR('',#14312,0.4794478687958);
#12642=CARTESIAN_POINT('',(-25.305,1.35,-12.10725929815));
#12643=VECTOR('',#14313,1.807259298146);
#12644=CARTESIAN_POINT('',(-25.305,0.85,-10.3));
#12645=VECTOR('',#14314,3.9);
#12646=CARTESIAN_POINT('',(-25.305,-1.35,-12.10725929815));
#12647=CARTESIAN_POINT('',(-25.305,-1.625,-12.5));
#12648=CARTESIAN_POINT('',(-25.305,-1.35,-12.10725929815));
#12649=VECTOR('',#14315,0.4794478687958);
#12650=CARTESIAN_POINT('',(-25.305,-1.1,-14.2));
#12651=CARTESIAN_POINT('',(-25.305,-1.625,-12.5));
#12652=VECTOR('',#14316,1.779220334866);
#12653=CARTESIAN_POINT('',(-25.305,-0.85,-14.2));
#12654=CARTESIAN_POINT('',(-25.305,-1.1,-14.2));
#12655=VECTOR('',#14317,0.25);
#12656=CARTESIAN_POINT('',(-25.305,-0.85,-14.2));
#12657=VECTOR('',#14318,3.9);
#12658=CARTESIAN_POINT('',(-25.305,-1.35,-10.3));
#12659=VECTOR('',#14319,1.807259298146);
#12660=CARTESIAN_POINT('',(-26.105,0.85,-14.2));
#12661=CARTESIAN_POINT('',(-26.105,0.85,-10.3));
#12662=VECTOR('',#14320,3.9);
#12663=CARTESIAN_POINT('',(-25.305,0.85,-14.2));
#12664=VECTOR('',#14321,0.8);
#12665=CARTESIAN_POINT('',(-26.105,1.1,-14.2));
#12666=CARTESIAN_POINT('',(-26.105,0.85,-14.2));
#12667=VECTOR('',#14322,0.25);
#12668=CARTESIAN_POINT('',(-25.305,1.1,-14.2));
#12669=VECTOR('',#14323,0.8);
#12670=CARTESIAN_POINT('',(-26.105,1.625,-12.5));
#12671=CARTESIAN_POINT('',(-26.105,1.1,-14.2));
#12672=VECTOR('',#14324,1.779220334866);
#12673=CARTESIAN_POINT('',(-25.305,1.625,-12.5));
#12674=VECTOR('',#14325,0.8);
#12675=CARTESIAN_POINT('',(-26.105,1.35,-12.10725929815));
#12676=CARTESIAN_POINT('',(-26.105,1.625,-12.5));
#12677=VECTOR('',#14326,0.4794478687958);
#12678=CARTESIAN_POINT('',(-25.305,1.35,-12.10725929815));
#12679=VECTOR('',#14327,0.8);
#12680=CARTESIAN_POINT('',(-26.105,1.35,-12.10725929815));
#12681=VECTOR('',#14328,1.807259298146);
#12682=CARTESIAN_POINT('',(-26.105,-0.85,-14.2));
#12683=CARTESIAN_POINT('',(-26.105,-0.85,-14.2));
#12684=VECTOR('',#14329,3.9);
#12685=CARTESIAN_POINT('',(-26.105,-1.1,-14.2));
#12686=CARTESIAN_POINT('',(-26.105,-1.1,-14.2));
#12687=VECTOR('',#14330,0.25);
#12688=CARTESIAN_POINT('',(-26.105,-1.625,-12.5));
#12689=CARTESIAN_POINT('',(-26.105,-1.625,-12.5));
#12690=VECTOR('',#14331,1.779220334866);
#12691=CARTESIAN_POINT('',(-26.105,-1.35,-12.10725929815));
#12692=CARTESIAN_POINT('',(-26.105,-1.35,-12.10725929815));
#12693=VECTOR('',#14332,0.4794478687958);
#12694=CARTESIAN_POINT('',(-26.105,-1.35,-10.3));
#12695=VECTOR('',#14333,1.807259298146);
#12696=CARTESIAN_POINT('',(-25.305,-1.35,-12.10725929815));
#12697=VECTOR('',#14334,0.8);
#12698=CARTESIAN_POINT('',(-25.305,-1.625,-12.5));
#12699=VECTOR('',#14335,0.8);
#12700=CARTESIAN_POINT('',(-25.305,-1.1,-14.2));
#12701=VECTOR('',#14336,0.8);
#12702=CARTESIAN_POINT('',(-25.305,-0.85,-14.2));
#12703=VECTOR('',#14337,0.8);
#12704=CARTESIAN_POINT('',(19.0,-8.18,-14.2));
#12705=CARTESIAN_POINT('',(19.0,-8.18,-10.3));
#12706=VECTOR('',#14338,3.9);
#12707=CARTESIAN_POINT('',(19.0,-8.68,-14.2));
#12708=CARTESIAN_POINT('',(19.0,-8.68,-14.2));
#12709=VECTOR('',#14339,0.5);
#12710=CARTESIAN_POINT('',(19.0,-8.68,-10.3));
#12711=VECTOR('',#14340,3.9);
#12712=CARTESIAN_POINT('',(21.0,-8.68,-14.2));
#12713=CARTESIAN_POINT('',(21.0,-8.68,-14.2));
#12714=VECTOR('',#14341,2.0);
#12715=CARTESIAN_POINT('',(21.0,-8.68,-10.3));
#12716=VECTOR('',#14342,3.9);
#12717=CARTESIAN_POINT('',(21.0,-8.18,-14.2));
#12718=CARTESIAN_POINT('',(21.0,-8.18,-14.2));
#12719=VECTOR('',#14343,0.5);
#12720=CARTESIAN_POINT('',(21.0,-8.18,-10.3));
#12721=VECTOR('',#14344,3.9);
#12722=CARTESIAN_POINT('',(19.0,-8.18,-14.2));
#12723=VECTOR('',#14345,2.0);
#12724=CARTESIAN_POINT('',(19.3,-3.03,-14.2));
#12725=CARTESIAN_POINT('',(19.8,-3.03,-14.2));
#12726=CARTESIAN_POINT('',(19.3,-3.03,-14.2));
#12727=VECTOR('',#14346,0.5);
#12728=CARTESIAN_POINT('',(19.8,-5.03,-14.2));
#12729=CARTESIAN_POINT('',(19.8,-3.03,-14.2));
#12730=VECTOR('',#14347,2.0);
#12731=CARTESIAN_POINT('',(19.3,-5.03,-14.2));
#12732=CARTESIAN_POINT('',(19.8,-5.03,-14.2));
#12733=VECTOR('',#14348,0.5);
#12734=CARTESIAN_POINT('',(19.3,-5.03,-14.2));
#12735=VECTOR('',#14349,2.0);
#12736=CARTESIAN_POINT('',(20.2,-5.03,-14.2));
#12737=CARTESIAN_POINT('',(20.2,-3.03,-14.2));
#12738=CARTESIAN_POINT('',(20.2,-5.03,-14.2));
#12739=VECTOR('',#14350,2.0);
#12740=CARTESIAN_POINT('',(20.7,-3.03,-14.2));
#12741=CARTESIAN_POINT('',(20.2,-3.03,-14.2));
#12742=VECTOR('',#14351,0.5);
#12743=CARTESIAN_POINT('',(20.7,-5.03,-14.2));
#12744=CARTESIAN_POINT('',(20.7,-3.03,-14.2));
#12745=VECTOR('',#14352,2.0);
#12746=CARTESIAN_POINT('',(20.7,-5.03,-14.2));
#12747=VECTOR('',#14353,0.5);
#12748=CARTESIAN_POINT('',(21.0,8.68,-14.2));
#12749=CARTESIAN_POINT('',(21.0,8.18,-14.2));
#12750=CARTESIAN_POINT('',(21.0,8.68,-14.2));
#12751=VECTOR('',#14354,0.5);
#12752=CARTESIAN_POINT('',(19.0,8.18,-14.2));
#12753=CARTESIAN_POINT('',(21.0,8.18,-14.2));
#12754=VECTOR('',#14355,2.0);
#12755=CARTESIAN_POINT('',(19.0,8.68,-14.2));
#12756=CARTESIAN_POINT('',(19.0,8.18,-14.2));
#12757=VECTOR('',#14356,0.5);
#12758=CARTESIAN_POINT('',(19.0,8.68,-14.2));
#12759=VECTOR('',#14357,2.0);
#12760=CARTESIAN_POINT('',(19.8,5.03,-14.2));
#12761=CARTESIAN_POINT('',(19.8,3.03,-14.2));
#12762=CARTESIAN_POINT('',(19.8,5.03,-14.2));
#12763=VECTOR('',#14358,2.0);
#12764=CARTESIAN_POINT('',(19.3,3.03,-14.2));
#12765=CARTESIAN_POINT('',(19.8,3.03,-14.2));
#12766=VECTOR('',#14359,0.5);
#12767=CARTESIAN_POINT('',(19.3,5.03,-14.2));
#12768=CARTESIAN_POINT('',(19.3,3.03,-14.2));
#12769=VECTOR('',#14360,2.0);
#12770=CARTESIAN_POINT('',(19.3,5.03,-14.2));
#12771=VECTOR('',#14361,0.5);
#12772=CARTESIAN_POINT('',(20.7,3.03,-14.2));
#12773=CARTESIAN_POINT('',(20.2,3.03,-14.2));
#12774=CARTESIAN_POINT('',(20.7,3.03,-14.2));
#12775=VECTOR('',#14362,0.5);
#12776=CARTESIAN_POINT('',(20.2,5.03,-14.2));
#12777=CARTESIAN_POINT('',(20.2,3.03,-14.2));
#12778=VECTOR('',#14363,2.0);
#12779=CARTESIAN_POINT('',(20.7,5.03,-14.2));
#12780=CARTESIAN_POINT('',(20.2,5.03,-14.2));
#12781=VECTOR('',#14364,0.5);
#12782=CARTESIAN_POINT('',(20.7,5.03,-14.2));
#12783=VECTOR('',#14365,2.0);
#12784=CARTESIAN_POINT('',(19.3,-3.03,-10.3));
#12785=VECTOR('',#14366,3.9);
#12786=CARTESIAN_POINT('',(19.3,-5.03,-10.3));
#12787=VECTOR('',#14367,3.9);
#12788=CARTESIAN_POINT('',(19.8,-5.03,-10.3));
#12789=VECTOR('',#14368,3.9);
#12790=CARTESIAN_POINT('',(19.8,-3.03,-10.3));
#12791=VECTOR('',#14369,3.9);
#12792=CARTESIAN_POINT('',(20.2,-5.03,-10.3));
#12793=VECTOR('',#14370,3.9);
#12794=CARTESIAN_POINT('',(20.7,-5.03,-10.3));
#12795=VECTOR('',#14371,3.9);
#12796=CARTESIAN_POINT('',(20.7,-3.03,-10.3));
#12797=VECTOR('',#14372,3.9);
#12798=CARTESIAN_POINT('',(20.2,-3.03,-10.3));
#12799=VECTOR('',#14373,3.9);
#12800=CARTESIAN_POINT('',(21.0,8.68,-10.3));
#12801=VECTOR('',#14374,3.9);
#12802=CARTESIAN_POINT('',(19.0,8.68,-10.3));
#12803=VECTOR('',#14375,3.9);
#12804=CARTESIAN_POINT('',(19.0,8.18,-10.3));
#12805=VECTOR('',#14376,3.9);
#12806=CARTESIAN_POINT('',(21.0,8.18,-10.3));
#12807=VECTOR('',#14377,3.9);
#12808=CARTESIAN_POINT('',(19.8,5.03,-10.3));
#12809=VECTOR('',#14378,3.9);
#12810=CARTESIAN_POINT('',(19.3,5.03,-10.3));
#12811=VECTOR('',#14379,3.9);
#12812=CARTESIAN_POINT('',(19.3,3.03,-10.3));
#12813=VECTOR('',#14380,3.9);
#12814=CARTESIAN_POINT('',(19.8,3.03,-10.3));
#12815=VECTOR('',#14381,3.9);
#12816=CARTESIAN_POINT('',(20.7,3.03,-10.3));
#12817=VECTOR('',#14382,3.9);
#12818=CARTESIAN_POINT('',(20.7,5.03,-10.3));
#12819=VECTOR('',#14383,3.9);
#12820=CARTESIAN_POINT('',(20.2,5.03,-10.3));
#12821=VECTOR('',#14384,3.9);
#12822=CARTESIAN_POINT('',(20.2,3.03,-10.3));
#12823=VECTOR('',#14385,3.9);
#12824=CARTESIAN_POINT('',(9.0,-8.18,-14.2));
#12825=CARTESIAN_POINT('',(9.0,-8.18,-10.3));
#12826=VECTOR('',#14386,3.9);
#12827=CARTESIAN_POINT('',(9.0,-8.68,-14.2));
#12828=CARTESIAN_POINT('',(9.0,-8.68,-14.2));
#12829=VECTOR('',#14387,0.5);
#12830=CARTESIAN_POINT('',(9.0,-8.68,-10.3));
#12831=VECTOR('',#14388,3.9);
#12832=CARTESIAN_POINT('',(11.0,-8.68,-14.2));
#12833=CARTESIAN_POINT('',(11.0,-8.68,-14.2));
#12834=VECTOR('',#14389,2.0);
#12835=CARTESIAN_POINT('',(11.0,-8.68,-10.3));
#12836=VECTOR('',#14390,3.9);
#12837=CARTESIAN_POINT('',(11.0,-8.18,-14.2));
#12838=CARTESIAN_POINT('',(11.0,-8.18,-14.2));
#12839=VECTOR('',#14391,0.5);
#12840=CARTESIAN_POINT('',(11.0,-8.18,-10.3));
#12841=VECTOR('',#14392,3.9);
#12842=CARTESIAN_POINT('',(9.0,-8.18,-14.2));
#12843=VECTOR('',#14393,2.0);
#12844=CARTESIAN_POINT('',(9.3,-3.03,-14.2));
#12845=CARTESIAN_POINT('',(9.8,-3.03,-14.2));
#12846=CARTESIAN_POINT('',(9.3,-3.03,-14.2));
#12847=VECTOR('',#14394,0.5);
#12848=CARTESIAN_POINT('',(9.8,-5.03,-14.2));
#12849=CARTESIAN_POINT('',(9.8,-3.03,-14.2));
#12850=VECTOR('',#14395,2.0);
#12851=CARTESIAN_POINT('',(9.3,-5.03,-14.2));
#12852=CARTESIAN_POINT('',(9.8,-5.03,-14.2));
#12853=VECTOR('',#14396,0.5);
#12854=CARTESIAN_POINT('',(9.3,-5.03,-14.2));
#12855=VECTOR('',#14397,2.0);
#12856=CARTESIAN_POINT('',(10.2,-5.03,-14.2));
#12857=CARTESIAN_POINT('',(10.2,-3.03,-14.2));
#12858=CARTESIAN_POINT('',(10.2,-5.03,-14.2));
#12859=VECTOR('',#14398,2.0);
#12860=CARTESIAN_POINT('',(10.7,-3.03,-14.2));
#12861=CARTESIAN_POINT('',(10.2,-3.03,-14.2));
#12862=VECTOR('',#14399,0.5);
#12863=CARTESIAN_POINT('',(10.7,-5.03,-14.2));
#12864=CARTESIAN_POINT('',(10.7,-3.03,-14.2));
#12865=VECTOR('',#14400,2.0);
#12866=CARTESIAN_POINT('',(10.7,-5.03,-14.2));
#12867=VECTOR('',#14401,0.5);
#12868=CARTESIAN_POINT('',(11.0,8.68,-14.2));
#12869=CARTESIAN_POINT('',(11.0,8.18,-14.2));
#12870=CARTESIAN_POINT('',(11.0,8.68,-14.2));
#12871=VECTOR('',#14402,0.5);
#12872=CARTESIAN_POINT('',(9.0,8.18,-14.2));
#12873=CARTESIAN_POINT('',(11.0,8.18,-14.2));
#12874=VECTOR('',#14403,2.0);
#12875=CARTESIAN_POINT('',(9.0,8.68,-14.2));
#12876=CARTESIAN_POINT('',(9.0,8.18,-14.2));
#12877=VECTOR('',#14404,0.5);
#12878=CARTESIAN_POINT('',(9.0,8.68,-14.2));
#12879=VECTOR('',#14405,2.0);
#12880=CARTESIAN_POINT('',(9.8,5.03,-14.2));
#12881=CARTESIAN_POINT('',(9.8,3.03,-14.2));
#12882=CARTESIAN_POINT('',(9.8,5.03,-14.2));
#12883=VECTOR('',#14406,2.0);
#12884=CARTESIAN_POINT('',(9.3,3.03,-14.2));
#12885=CARTESIAN_POINT('',(9.8,3.03,-14.2));
#12886=VECTOR('',#14407,0.5);
#12887=CARTESIAN_POINT('',(9.3,5.03,-14.2));
#12888=CARTESIAN_POINT('',(9.3,3.03,-14.2));
#12889=VECTOR('',#14408,2.0);
#12890=CARTESIAN_POINT('',(9.3,5.03,-14.2));
#12891=VECTOR('',#14409,0.5);
#12892=CARTESIAN_POINT('',(10.7,3.03,-14.2));
#12893=CARTESIAN_POINT('',(10.2,3.03,-14.2));
#12894=CARTESIAN_POINT('',(10.7,3.03,-14.2));
#12895=VECTOR('',#14410,0.5);
#12896=CARTESIAN_POINT('',(10.2,5.03,-14.2));
#12897=CARTESIAN_POINT('',(10.2,3.03,-14.2));
#12898=VECTOR('',#14411,2.0);
#12899=CARTESIAN_POINT('',(10.7,5.03,-14.2));
#12900=CARTESIAN_POINT('',(10.2,5.03,-14.2));
#12901=VECTOR('',#14412,0.5);
#12902=CARTESIAN_POINT('',(10.7,5.03,-14.2));
#12903=VECTOR('',#14413,2.0);
#12904=CARTESIAN_POINT('',(9.3,-3.03,-10.3));
#12905=VECTOR('',#14414,3.9);
#12906=CARTESIAN_POINT('',(9.3,-5.03,-10.3));
#12907=VECTOR('',#14415,3.9);
#12908=CARTESIAN_POINT('',(9.8,-5.03,-10.3));
#12909=VECTOR('',#14416,3.9);
#12910=CARTESIAN_POINT('',(9.8,-3.03,-10.3));
#12911=VECTOR('',#14417,3.9);
#12912=CARTESIAN_POINT('',(10.2,-5.03,-10.3));
#12913=VECTOR('',#14418,3.9);
#12914=CARTESIAN_POINT('',(10.7,-5.03,-10.3));
#12915=VECTOR('',#14419,3.9);
#12916=CARTESIAN_POINT('',(10.7,-3.03,-10.3));
#12917=VECTOR('',#14420,3.9);
#12918=CARTESIAN_POINT('',(10.2,-3.03,-10.3));
#12919=VECTOR('',#14421,3.9);
#12920=CARTESIAN_POINT('',(11.0,8.68,-10.3));
#12921=VECTOR('',#14422,3.9);
#12922=CARTESIAN_POINT('',(9.0,8.68,-10.3));
#12923=VECTOR('',#14423,3.9);
#12924=CARTESIAN_POINT('',(9.0,8.18,-10.3));
#12925=VECTOR('',#14424,3.9);
#12926=CARTESIAN_POINT('',(11.0,8.18,-10.3));
#12927=VECTOR('',#14425,3.9);
#12928=CARTESIAN_POINT('',(9.8,5.03,-10.3));
#12929=VECTOR('',#14426,3.9);
#12930=CARTESIAN_POINT('',(9.3,5.03,-10.3));
#12931=VECTOR('',#14427,3.9);
#12932=CARTESIAN_POINT('',(9.3,3.03,-10.3));
#12933=VECTOR('',#14428,3.9);
#12934=CARTESIAN_POINT('',(9.8,3.03,-10.3));
#12935=VECTOR('',#14429,3.9);
#12936=CARTESIAN_POINT('',(10.7,3.03,-10.3));
#12937=VECTOR('',#14430,3.9);
#12938=CARTESIAN_POINT('',(10.7,5.03,-10.3));
#12939=VECTOR('',#14431,3.9);
#12940=CARTESIAN_POINT('',(10.2,5.03,-10.3));
#12941=VECTOR('',#14432,3.9);
#12942=CARTESIAN_POINT('',(10.2,3.03,-10.3));
#12943=VECTOR('',#14433,3.9);
#12944=CARTESIAN_POINT('',(-1.0,-8.18,-14.2));
#12945=CARTESIAN_POINT('',(-1.0,-8.18,-10.3));
#12946=VECTOR('',#14434,3.9);
#12947=CARTESIAN_POINT('',(-1.0,-8.68,-14.2));
#12948=CARTESIAN_POINT('',(-1.0,-8.68,-14.2));
#12949=VECTOR('',#14435,0.5);
#12950=CARTESIAN_POINT('',(-1.0,-8.68,-10.3));
#12951=VECTOR('',#14436,3.9);
#12952=CARTESIAN_POINT('',(1.0,-8.68,-14.2));
#12953=CARTESIAN_POINT('',(1.0,-8.68,-14.2));
#12954=VECTOR('',#14437,2.0);
#12955=CARTESIAN_POINT('',(1.0,-8.68,-10.3));
#12956=VECTOR('',#14438,3.9);
#12957=CARTESIAN_POINT('',(1.0,-8.18,-14.2));
#12958=CARTESIAN_POINT('',(1.0,-8.18,-14.2));
#12959=VECTOR('',#14439,0.5);
#12960=CARTESIAN_POINT('',(1.0,-8.18,-10.3));
#12961=VECTOR('',#14440,3.9);
#12962=CARTESIAN_POINT('',(-1.0,-8.18,-14.2));
#12963=VECTOR('',#14441,2.0);
#12964=CARTESIAN_POINT('',(-0.7,-3.03,-14.2));
#12965=CARTESIAN_POINT('',(-0.2,-3.03,-14.2));
#12966=CARTESIAN_POINT('',(-0.7,-3.03,-14.2));
#12967=VECTOR('',#14442,0.5);
#12968=CARTESIAN_POINT('',(-0.2,-5.03,-14.2));
#12969=CARTESIAN_POINT('',(-0.2,-3.03,-14.2));
#12970=VECTOR('',#14443,2.0);
#12971=CARTESIAN_POINT('',(-0.7,-5.03,-14.2));
#12972=CARTESIAN_POINT('',(-0.2,-5.03,-14.2));
#12973=VECTOR('',#14444,0.5);
#12974=CARTESIAN_POINT('',(-0.7,-5.03,-14.2));
#12975=VECTOR('',#14445,2.0);
#12976=CARTESIAN_POINT('',(0.2,-5.03,-14.2));
#12977=CARTESIAN_POINT('',(0.2,-3.03,-14.2));
#12978=CARTESIAN_POINT('',(0.2,-5.03,-14.2));
#12979=VECTOR('',#14446,2.0);
#12980=CARTESIAN_POINT('',(0.7,-3.03,-14.2));
#12981=CARTESIAN_POINT('',(0.2,-3.03,-14.2));
#12982=VECTOR('',#14447,0.5);
#12983=CARTESIAN_POINT('',(0.7,-5.03,-14.2));
#12984=CARTESIAN_POINT('',(0.7,-3.03,-14.2));
#12985=VECTOR('',#14448,2.0);
#12986=CARTESIAN_POINT('',(0.7,-5.03,-14.2));
#12987=VECTOR('',#14449,0.5);
#12988=CARTESIAN_POINT('',(1.0,8.68,-14.2));
#12989=CARTESIAN_POINT('',(1.0,8.18,-14.2));
#12990=CARTESIAN_POINT('',(1.0,8.68,-14.2));
#12991=VECTOR('',#14450,0.5);
#12992=CARTESIAN_POINT('',(-1.0,8.18,-14.2));
#12993=CARTESIAN_POINT('',(1.0,8.18,-14.2));
#12994=VECTOR('',#14451,2.0);
#12995=CARTESIAN_POINT('',(-1.0,8.68,-14.2));
#12996=CARTESIAN_POINT('',(-1.0,8.18,-14.2));
#12997=VECTOR('',#14452,0.5);
#12998=CARTESIAN_POINT('',(-1.0,8.68,-14.2));
#12999=VECTOR('',#14453,2.0);
#13000=CARTESIAN_POINT('',(-0.2,5.03,-14.2));
#13001=CARTESIAN_POINT('',(-0.2,3.03,-14.2));
#13002=CARTESIAN_POINT('',(-0.2,5.03,-14.2));
#13003=VECTOR('',#14454,2.0);
#13004=CARTESIAN_POINT('',(-0.7,3.03,-14.2));
#13005=CARTESIAN_POINT('',(-0.2,3.03,-14.2));
#13006=VECTOR('',#14455,0.5);
#13007=CARTESIAN_POINT('',(-0.7,5.03,-14.2));
#13008=CARTESIAN_POINT('',(-0.7,3.03,-14.2));
#13009=VECTOR('',#14456,2.0);
#13010=CARTESIAN_POINT('',(-0.7,5.03,-14.2));
#13011=VECTOR('',#14457,0.5);
#13012=CARTESIAN_POINT('',(0.7,3.03,-14.2));
#13013=CARTESIAN_POINT('',(0.2,3.03,-14.2));
#13014=CARTESIAN_POINT('',(0.7,3.03,-14.2));
#13015=VECTOR('',#14458,0.5);
#13016=CARTESIAN_POINT('',(0.2,5.03,-14.2));
#13017=CARTESIAN_POINT('',(0.2,3.03,-14.2));
#13018=VECTOR('',#14459,2.0);
#13019=CARTESIAN_POINT('',(0.7,5.03,-14.2));
#13020=CARTESIAN_POINT('',(0.2,5.03,-14.2));
#13021=VECTOR('',#14460,0.5);
#13022=CARTESIAN_POINT('',(0.7,5.03,-14.2));
#13023=VECTOR('',#14461,2.0);
#13024=CARTESIAN_POINT('',(-0.7,-3.03,-10.3));
#13025=VECTOR('',#14462,3.9);
#13026=CARTESIAN_POINT('',(-0.7,-5.03,-10.3));
#13027=VECTOR('',#14463,3.9);
#13028=CARTESIAN_POINT('',(-0.2,-5.03,-10.3));
#13029=VECTOR('',#14464,3.9);
#13030=CARTESIAN_POINT('',(-0.2,-3.03,-10.3));
#13031=VECTOR('',#14465,3.9);
#13032=CARTESIAN_POINT('',(0.2,-5.03,-10.3));
#13033=VECTOR('',#14466,3.9);
#13034=CARTESIAN_POINT('',(0.7,-5.03,-10.3));
#13035=VECTOR('',#14467,3.9);
#13036=CARTESIAN_POINT('',(0.7,-3.03,-10.3));
#13037=VECTOR('',#14468,3.9);
#13038=CARTESIAN_POINT('',(0.2,-3.03,-10.3));
#13039=VECTOR('',#14469,3.9);
#13040=CARTESIAN_POINT('',(1.0,8.68,-10.3));
#13041=VECTOR('',#14470,3.9);
#13042=CARTESIAN_POINT('',(-1.0,8.68,-10.3));
#13043=VECTOR('',#14471,3.9);
#13044=CARTESIAN_POINT('',(-1.0,8.18,-10.3));
#13045=VECTOR('',#14472,3.9);
#13046=CARTESIAN_POINT('',(1.0,8.18,-10.3));
#13047=VECTOR('',#14473,3.9);
#13048=CARTESIAN_POINT('',(-0.2,5.03,-10.3));
#13049=VECTOR('',#14474,3.9);
#13050=CARTESIAN_POINT('',(-0.7,5.03,-10.3));
#13051=VECTOR('',#14475,3.9);
#13052=CARTESIAN_POINT('',(-0.7,3.03,-10.3));
#13053=VECTOR('',#14476,3.9);
#13054=CARTESIAN_POINT('',(-0.2,3.03,-10.3));
#13055=VECTOR('',#14477,3.9);
#13056=CARTESIAN_POINT('',(0.7,3.03,-10.3));
#13057=VECTOR('',#14478,3.9);
#13058=CARTESIAN_POINT('',(0.7,5.03,-10.3));
#13059=VECTOR('',#14479,3.9);
#13060=CARTESIAN_POINT('',(0.2,5.03,-10.3));
#13061=VECTOR('',#14480,3.9);
#13062=CARTESIAN_POINT('',(0.2,3.03,-10.3));
#13063=VECTOR('',#14481,3.9);
#13064=CARTESIAN_POINT('',(-11.0,-8.18,-14.2));
#13065=CARTESIAN_POINT('',(-11.0,-8.18,-10.3));
#13066=VECTOR('',#14482,3.9);
#13067=CARTESIAN_POINT('',(-11.0,-8.68,-14.2));
#13068=CARTESIAN_POINT('',(-11.0,-8.68,-14.2));
#13069=VECTOR('',#14483,0.5);
#13070=CARTESIAN_POINT('',(-11.0,-8.68,-10.3));
#13071=VECTOR('',#14484,3.9);
#13072=CARTESIAN_POINT('',(-9.0,-8.68,-14.2));
#13073=CARTESIAN_POINT('',(-9.0,-8.68,-14.2));
#13074=VECTOR('',#14485,2.0);
#13075=CARTESIAN_POINT('',(-9.0,-8.68,-10.3));
#13076=VECTOR('',#14486,3.9);
#13077=CARTESIAN_POINT('',(-9.0,-8.18,-14.2));
#13078=CARTESIAN_POINT('',(-9.0,-8.18,-14.2));
#13079=VECTOR('',#14487,0.5);
#13080=CARTESIAN_POINT('',(-9.0,-8.18,-10.3));
#13081=VECTOR('',#14488,3.9);
#13082=CARTESIAN_POINT('',(-11.0,-8.18,-14.2));
#13083=VECTOR('',#14489,2.0);
#13084=CARTESIAN_POINT('',(-10.7,-3.03,-14.2));
#13085=CARTESIAN_POINT('',(-10.2,-3.03,-14.2));
#13086=CARTESIAN_POINT('',(-10.7,-3.03,-14.2));
#13087=VECTOR('',#14490,0.5);
#13088=CARTESIAN_POINT('',(-10.2,-5.03,-14.2));
#13089=CARTESIAN_POINT('',(-10.2,-3.03,-14.2));
#13090=VECTOR('',#14491,2.0);
#13091=CARTESIAN_POINT('',(-10.7,-5.03,-14.2));
#13092=CARTESIAN_POINT('',(-10.2,-5.03,-14.2));
#13093=VECTOR('',#14492,0.5);
#13094=CARTESIAN_POINT('',(-10.7,-5.03,-14.2));
#13095=VECTOR('',#14493,2.0);
#13096=CARTESIAN_POINT('',(-9.8,-5.03,-14.2));
#13097=CARTESIAN_POINT('',(-9.8,-3.03,-14.2));
#13098=CARTESIAN_POINT('',(-9.8,-5.03,-14.2));
#13099=VECTOR('',#14494,2.0);
#13100=CARTESIAN_POINT('',(-9.3,-3.03,-14.2));
#13101=CARTESIAN_POINT('',(-9.8,-3.03,-14.2));
#13102=VECTOR('',#14495,0.5);
#13103=CARTESIAN_POINT('',(-9.3,-5.03,-14.2));
#13104=CARTESIAN_POINT('',(-9.3,-3.03,-14.2));
#13105=VECTOR('',#14496,2.0);
#13106=CARTESIAN_POINT('',(-9.3,-5.03,-14.2));
#13107=VECTOR('',#14497,0.5);
#13108=CARTESIAN_POINT('',(-9.0,8.68,-14.2));
#13109=CARTESIAN_POINT('',(-9.0,8.18,-14.2));
#13110=CARTESIAN_POINT('',(-9.0,8.68,-14.2));
#13111=VECTOR('',#14498,0.5);
#13112=CARTESIAN_POINT('',(-11.0,8.18,-14.2));
#13113=CARTESIAN_POINT('',(-9.0,8.18,-14.2));
#13114=VECTOR('',#14499,2.0);
#13115=CARTESIAN_POINT('',(-11.0,8.68,-14.2));
#13116=CARTESIAN_POINT('',(-11.0,8.18,-14.2));
#13117=VECTOR('',#14500,0.5);
#13118=CARTESIAN_POINT('',(-11.0,8.68,-14.2));
#13119=VECTOR('',#14501,2.0);
#13120=CARTESIAN_POINT('',(-10.2,5.03,-14.2));
#13121=CARTESIAN_POINT('',(-10.2,3.03,-14.2));
#13122=CARTESIAN_POINT('',(-10.2,5.03,-14.2));
#13123=VECTOR('',#14502,2.0);
#13124=CARTESIAN_POINT('',(-10.7,3.03,-14.2));
#13125=CARTESIAN_POINT('',(-10.2,3.03,-14.2));
#13126=VECTOR('',#14503,0.5);
#13127=CARTESIAN_POINT('',(-10.7,5.03,-14.2));
#13128=CARTESIAN_POINT('',(-10.7,3.03,-14.2));
#13129=VECTOR('',#14504,2.0);
#13130=CARTESIAN_POINT('',(-10.7,5.03,-14.2));
#13131=VECTOR('',#14505,0.5);
#13132=CARTESIAN_POINT('',(-9.3,3.03,-14.2));
#13133=CARTESIAN_POINT('',(-9.8,3.03,-14.2));
#13134=CARTESIAN_POINT('',(-9.3,3.03,-14.2));
#13135=VECTOR('',#14506,0.5);
#13136=CARTESIAN_POINT('',(-9.8,5.03,-14.2));
#13137=CARTESIAN_POINT('',(-9.8,3.03,-14.2));
#13138=VECTOR('',#14507,2.0);
#13139=CARTESIAN_POINT('',(-9.3,5.03,-14.2));
#13140=CARTESIAN_POINT('',(-9.8,5.03,-14.2));
#13141=VECTOR('',#14508,0.5);
#13142=CARTESIAN_POINT('',(-9.3,5.03,-14.2));
#13143=VECTOR('',#14509,2.0);
#13144=CARTESIAN_POINT('',(-10.7,-3.03,-10.3));
#13145=VECTOR('',#14510,3.9);
#13146=CARTESIAN_POINT('',(-10.7,-5.03,-10.3));
#13147=VECTOR('',#14511,3.9);
#13148=CARTESIAN_POINT('',(-10.2,-5.03,-10.3));
#13149=VECTOR('',#14512,3.9);
#13150=CARTESIAN_POINT('',(-10.2,-3.03,-10.3));
#13151=VECTOR('',#14513,3.9);
#13152=CARTESIAN_POINT('',(-9.8,-5.03,-10.3));
#13153=VECTOR('',#14514,3.9);
#13154=CARTESIAN_POINT('',(-9.3,-5.03,-10.3));
#13155=VECTOR('',#14515,3.9);
#13156=CARTESIAN_POINT('',(-9.3,-3.03,-10.3));
#13157=VECTOR('',#14516,3.9);
#13158=CARTESIAN_POINT('',(-9.8,-3.03,-10.3));
#13159=VECTOR('',#14517,3.9);
#13160=CARTESIAN_POINT('',(-9.0,8.68,-10.3));
#13161=VECTOR('',#14518,3.9);
#13162=CARTESIAN_POINT('',(-11.0,8.68,-10.3));
#13163=VECTOR('',#14519,3.9);
#13164=CARTESIAN_POINT('',(-11.0,8.18,-10.3));
#13165=VECTOR('',#14520,3.9);
#13166=CARTESIAN_POINT('',(-9.0,8.18,-10.3));
#13167=VECTOR('',#14521,3.9);
#13168=CARTESIAN_POINT('',(-10.2,5.03,-10.3));
#13169=VECTOR('',#14522,3.9);
#13170=CARTESIAN_POINT('',(-10.7,5.03,-10.3));
#13171=VECTOR('',#14523,3.9);
#13172=CARTESIAN_POINT('',(-10.7,3.03,-10.3));
#13173=VECTOR('',#14524,3.9);
#13174=CARTESIAN_POINT('',(-10.2,3.03,-10.3));
#13175=VECTOR('',#14525,3.9);
#13176=CARTESIAN_POINT('',(-9.3,3.03,-10.3));
#13177=VECTOR('',#14526,3.9);
#13178=CARTESIAN_POINT('',(-9.3,5.03,-10.3));
#13179=VECTOR('',#14527,3.9);
#13180=CARTESIAN_POINT('',(-9.8,5.03,-10.3));
#13181=VECTOR('',#14528,3.9);
#13182=CARTESIAN_POINT('',(-9.8,3.03,-10.3));
#13183=VECTOR('',#14529,3.9);
#13184=CARTESIAN_POINT('',(-21.0,-8.18,-14.2));
#13185=CARTESIAN_POINT('',(-21.0,-8.18,-10.3));
#13186=VECTOR('',#14530,3.9);
#13187=CARTESIAN_POINT('',(-21.0,-8.68,-14.2));
#13188=CARTESIAN_POINT('',(-21.0,-8.68,-14.2));
#13189=VECTOR('',#14531,0.5);
#13190=CARTESIAN_POINT('',(-21.0,-8.68,-10.3));
#13191=VECTOR('',#14532,3.9);
#13192=CARTESIAN_POINT('',(-19.0,-8.68,-14.2));
#13193=CARTESIAN_POINT('',(-19.0,-8.68,-14.2));
#13194=VECTOR('',#14533,2.0);
#13195=CARTESIAN_POINT('',(-19.0,-8.68,-10.3));
#13196=VECTOR('',#14534,3.9);
#13197=CARTESIAN_POINT('',(-19.0,-8.18,-14.2));
#13198=CARTESIAN_POINT('',(-19.0,-8.18,-14.2));
#13199=VECTOR('',#14535,0.5);
#13200=CARTESIAN_POINT('',(-19.0,-8.18,-10.3));
#13201=VECTOR('',#14536,3.9);
#13202=CARTESIAN_POINT('',(-21.0,-8.18,-14.2));
#13203=VECTOR('',#14537,2.0);
#13204=CARTESIAN_POINT('',(-20.7,-3.03,-14.2));
#13205=CARTESIAN_POINT('',(-20.2,-3.03,-14.2));
#13206=CARTESIAN_POINT('',(-20.7,-3.03,-14.2));
#13207=VECTOR('',#14538,0.5);
#13208=CARTESIAN_POINT('',(-20.2,-5.03,-14.2));
#13209=CARTESIAN_POINT('',(-20.2,-3.03,-14.2));
#13210=VECTOR('',#14539,2.0);
#13211=CARTESIAN_POINT('',(-20.7,-5.03,-14.2));
#13212=CARTESIAN_POINT('',(-20.2,-5.03,-14.2));
#13213=VECTOR('',#14540,0.5);
#13214=CARTESIAN_POINT('',(-20.7,-5.03,-14.2));
#13215=VECTOR('',#14541,2.0);
#13216=CARTESIAN_POINT('',(-19.8,-5.03,-14.2));
#13217=CARTESIAN_POINT('',(-19.8,-3.03,-14.2));
#13218=CARTESIAN_POINT('',(-19.8,-5.03,-14.2));
#13219=VECTOR('',#14542,2.0);
#13220=CARTESIAN_POINT('',(-19.3,-3.03,-14.2));
#13221=CARTESIAN_POINT('',(-19.8,-3.03,-14.2));
#13222=VECTOR('',#14543,0.5);
#13223=CARTESIAN_POINT('',(-19.3,-5.03,-14.2));
#13224=CARTESIAN_POINT('',(-19.3,-3.03,-14.2));
#13225=VECTOR('',#14544,2.0);
#13226=CARTESIAN_POINT('',(-19.3,-5.03,-14.2));
#13227=VECTOR('',#14545,0.5);
#13228=CARTESIAN_POINT('',(-19.0,8.68,-14.2));
#13229=CARTESIAN_POINT('',(-19.0,8.18,-14.2));
#13230=CARTESIAN_POINT('',(-19.0,8.68,-14.2));
#13231=VECTOR('',#14546,0.5);
#13232=CARTESIAN_POINT('',(-21.0,8.18,-14.2));
#13233=CARTESIAN_POINT('',(-19.0,8.18,-14.2));
#13234=VECTOR('',#14547,2.0);
#13235=CARTESIAN_POINT('',(-21.0,8.68,-14.2));
#13236=CARTESIAN_POINT('',(-21.0,8.18,-14.2));
#13237=VECTOR('',#14548,0.5);
#13238=CARTESIAN_POINT('',(-21.0,8.68,-14.2));
#13239=VECTOR('',#14549,2.0);
#13240=CARTESIAN_POINT('',(-20.2,5.03,-14.2));
#13241=CARTESIAN_POINT('',(-20.2,3.03,-14.2));
#13242=CARTESIAN_POINT('',(-20.2,5.03,-14.2));
#13243=VECTOR('',#14550,2.0);
#13244=CARTESIAN_POINT('',(-20.7,3.03,-14.2));
#13245=CARTESIAN_POINT('',(-20.2,3.03,-14.2));
#13246=VECTOR('',#14551,0.5);
#13247=CARTESIAN_POINT('',(-20.7,5.03,-14.2));
#13248=CARTESIAN_POINT('',(-20.7,3.03,-14.2));
#13249=VECTOR('',#14552,2.0);
#13250=CARTESIAN_POINT('',(-20.7,5.03,-14.2));
#13251=VECTOR('',#14553,0.5);
#13252=CARTESIAN_POINT('',(-19.3,3.03,-14.2));
#13253=CARTESIAN_POINT('',(-19.8,3.03,-14.2));
#13254=CARTESIAN_POINT('',(-19.3,3.03,-14.2));
#13255=VECTOR('',#14554,0.5);
#13256=CARTESIAN_POINT('',(-19.8,5.03,-14.2));
#13257=CARTESIAN_POINT('',(-19.8,3.03,-14.2));
#13258=VECTOR('',#14555,2.0);
#13259=CARTESIAN_POINT('',(-19.3,5.03,-14.2));
#13260=CARTESIAN_POINT('',(-19.8,5.03,-14.2));
#13261=VECTOR('',#14556,0.5);
#13262=CARTESIAN_POINT('',(-19.3,5.03,-14.2));
#13263=VECTOR('',#14557,2.0);
#13264=CARTESIAN_POINT('',(-20.7,-3.03,-10.3));
#13265=VECTOR('',#14558,3.9);
#13266=CARTESIAN_POINT('',(-20.7,-5.03,-10.3));
#13267=VECTOR('',#14559,3.9);
#13268=CARTESIAN_POINT('',(-20.2,-5.03,-10.3));
#13269=VECTOR('',#14560,3.9);
#13270=CARTESIAN_POINT('',(-20.2,-3.03,-10.3));
#13271=VECTOR('',#14561,3.9);
#13272=CARTESIAN_POINT('',(-19.8,-5.03,-10.3));
#13273=VECTOR('',#14562,3.9);
#13274=CARTESIAN_POINT('',(-19.3,-5.03,-10.3));
#13275=VECTOR('',#14563,3.9);
#13276=CARTESIAN_POINT('',(-19.3,-3.03,-10.3));
#13277=VECTOR('',#14564,3.9);
#13278=CARTESIAN_POINT('',(-19.8,-3.03,-10.3));
#13279=VECTOR('',#14565,3.9);
#13280=CARTESIAN_POINT('',(-19.0,8.68,-10.3));
#13281=VECTOR('',#14566,3.9);
#13282=CARTESIAN_POINT('',(-21.0,8.68,-10.3));
#13283=VECTOR('',#14567,3.9);
#13284=CARTESIAN_POINT('',(-21.0,8.18,-10.3));
#13285=VECTOR('',#14568,3.9);
#13286=CARTESIAN_POINT('',(-19.0,8.18,-10.3));
#13287=VECTOR('',#14569,3.9);
#13288=CARTESIAN_POINT('',(-20.2,5.03,-10.3));
#13289=VECTOR('',#14570,3.9);
#13290=CARTESIAN_POINT('',(-20.7,5.03,-10.3));
#13291=VECTOR('',#14571,3.9);
#13292=CARTESIAN_POINT('',(-20.7,3.03,-10.3));
#13293=VECTOR('',#14572,3.9);
#13294=CARTESIAN_POINT('',(-20.2,3.03,-10.3));
#13295=VECTOR('',#14573,3.9);
#13296=CARTESIAN_POINT('',(-19.3,3.03,-10.3));
#13297=VECTOR('',#14574,3.9);
#13298=CARTESIAN_POINT('',(-19.3,5.03,-10.3));
#13299=VECTOR('',#14575,3.9);
#13300=CARTESIAN_POINT('',(-19.8,5.03,-10.3));
#13301=VECTOR('',#14576,3.9);
#13302=CARTESIAN_POINT('',(-19.8,3.03,-10.3));
#13303=VECTOR('',#14577,3.9);
#13304=DIRECTION('',(-0.0,-0.707106754806331,0.707106807566763));
#13305=CARTESIAN_POINT('',(15.0,0.0,-14.19999999081));
#13306=DIRECTION('',(0.0,0.0,-1.0));
#13307=DIRECTION('',(1.0,0.0,0.0));
#13308=DIRECTION('',(0.707106775690698,-7.52144782916397E-14,0.707106786682398));
#13309=CARTESIAN_POINT('',(15.0,0.0,-13.69999992619));
#13310=DIRECTION('',(0.0,0.0,-1.0));
#13311=DIRECTION('',(1.0,0.0,0.0));
#13312=DIRECTION('',(0.0,-0.707106754806331,-0.707106807566763));
#13313=CARTESIAN_POINT('',(15.0,0.0,-13.69999992619));
#13314=DIRECTION('',(0.0,0.0,-1.0));
#13315=DIRECTION('',(-1.0,0.0,0.0));
#13316=CARTESIAN_POINT('',(15.0,0.0,-14.19999999081));
#13317=DIRECTION('',(0.0,0.0,-1.0));
#13318=DIRECTION('',(-1.0,0.0,0.0));
#13319=DIRECTION('',(0.0,1.0,0.0));
#13320=DIRECTION('',(1.0,0.0,0.0));
#13321=DIRECTION('',(0.0,-1.0,0.0));
#13322=DIRECTION('',(1.0,0.0,0.0));
#13323=DIRECTION('',(0.0,1.0,0.0));
#13324=DIRECTION('',(1.0,0.0,0.0));
#13325=DIRECTION('',(0.0,-1.0,0.0));
#13326=DIRECTION('',(1.0,0.0,0.0));
#13327=DIRECTION('',(0.0,1.0,0.0));
#13328=DIRECTION('',(1.0,0.0,0.0));
#13329=DIRECTION('',(0.0,-1.0,0.0));
#13330=DIRECTION('',(-1.0,0.0,0.0));
#13331=DIRECTION('',(0.0,-1.0,0.0));
#13332=DIRECTION('',(-1.0,0.0,0.0));
#13333=DIRECTION('',(0.0,-1.0,0.0));
#13334=DIRECTION('',(-1.0,0.0,0.0));
#13335=DIRECTION('',(0.0,-1.0,0.0));
#13336=DIRECTION('',(-1.0,0.0,0.0));
#13337=DIRECTION('',(0.0,-1.0,0.0));
#13338=DIRECTION('',(-1.0,0.0,0.0));
#13339=DIRECTION('',(0.0,1.0,0.0));
#13340=DIRECTION('',(1.0,0.0,0.0));
#13341=DIRECTION('',(0.0,1.0,0.0));
#13342=DIRECTION('',(1.0,0.0,0.0));
#13343=DIRECTION('',(0.0,1.0,0.0));
#13344=DIRECTION('',(1.0,0.0,0.0));
#13345=DIRECTION('',(0.0,1.0,0.0));
#13346=DIRECTION('',(1.0,0.0,0.0));
#13347=DIRECTION('',(0.0,1.0,0.0));
#13348=DIRECTION('',(1.0,0.0,0.0));
#13349=DIRECTION('',(0.0,1.0,0.0));
#13350=DIRECTION('',(1.0,0.0,0.0));
#13351=DIRECTION('',(0.0,1.0,0.0));
#13352=DIRECTION('',(1.0,0.0,0.0));
#13353=DIRECTION('',(0.0,1.0,0.0));
#13354=DIRECTION('',(1.0,0.0,0.0));
#13355=CARTESIAN_POINT('',(15.0,0.0,-10.3));
#13356=DIRECTION('',(0.0,0.0,-1.0));
#13357=DIRECTION('',(-1.0,0.0,0.0));
#13358=CARTESIAN_POINT('',(15.0,0.0,-10.3));
#13359=DIRECTION('',(0.0,0.0,-1.0));
#13360=DIRECTION('',(1.0,0.0,0.0));
#13361=DIRECTION('',(1.0,0.0,0.0));
#13362=DIRECTION('',(0.0,1.0,0.0));
#13363=DIRECTION('',(1.0,0.0,0.0));
#13364=DIRECTION('',(0.0,-1.0,0.0));
#13365=DIRECTION('',(1.0,0.0,0.0));
#13366=DIRECTION('',(0.0,1.0,0.0));
#13367=DIRECTION('',(1.0,0.0,0.0));
#13368=DIRECTION('',(0.0,-1.0,0.0));
#13369=DIRECTION('',(-1.0,0.0,0.0));
#13370=DIRECTION('',(0.0,1.0,0.0));
#13371=DIRECTION('',(-1.0,0.0,0.0));
#13372=DIRECTION('',(0.0,1.0,0.0));
#13373=DIRECTION('',(-1.0,0.0,0.0));
#13374=DIRECTION('',(0.0,1.0,0.0));
#13375=DIRECTION('',(-1.0,0.0,0.0));
#13376=DIRECTION('',(0.0,1.0,0.0));
#13377=DIRECTION('',(-1.0,0.0,0.0));
#13378=DIRECTION('',(0.0,-1.0,0.0));
#13379=DIRECTION('',(1.0,0.0,0.0));
#13380=DIRECTION('',(0.0,1.0,0.0));
#13381=DIRECTION('',(-1.0,0.0,0.0));
#13382=DIRECTION('',(0.0,-1.0,0.0));
#13383=DIRECTION('',(1.0,0.0,0.0));
#13384=DIRECTION('',(0.0,1.0,0.0));
#13385=DIRECTION('',(0.0,-1.0,0.0));
#13386=DIRECTION('',(1.0,0.0,0.0));
#13387=DIRECTION('',(0.0,1.0,0.0));
#13388=DIRECTION('',(-1.0,0.0,0.0));
#13389=DIRECTION('',(0.0,1.0,0.0));
#13390=DIRECTION('',(-1.0,0.0,0.0));
#13391=DIRECTION('',(0.0,-1.0,0.0));
#13392=DIRECTION('',(1.0,0.0,0.0));
#13393=DIRECTION('',(0.0,1.0,0.0));
#13394=DIRECTION('',(-1.0,0.0,0.0));
#13395=DIRECTION('',(0.0,-1.0,0.0));
#13396=DIRECTION('',(1.0,0.0,0.0));
#13397=DIRECTION('',(1.0,0.0,0.0));
#13398=DIRECTION('',(0.0,1.0,0.0));
#13399=DIRECTION('',(-1.0,0.0,0.0));
#13400=DIRECTION('',(0.0,-1.0,0.0));
#13401=DIRECTION('',(-1.0,0.0,0.0));
#13402=DIRECTION('',(0.0,-1.0,0.0));
#13403=DIRECTION('',(1.0,0.0,0.0));
#13404=DIRECTION('',(0.0,1.0,0.0));
#13405=DIRECTION('',(-1.0,0.0,0.0));
#13406=DIRECTION('',(0.0,-1.0,0.0));
#13407=DIRECTION('',(1.0,0.0,0.0));
#13408=DIRECTION('',(0.0,1.0,0.0));
#13409=DIRECTION('',(0.0,-1.0,0.0));
#13410=DIRECTION('',(1.0,0.0,0.0));
#13411=DIRECTION('',(0.0,1.0,0.0));
#13412=DIRECTION('',(-1.0,0.0,0.0));
#13413=DIRECTION('',(0.0,1.0,0.0));
#13414=DIRECTION('',(-1.0,0.0,0.0));
#13415=DIRECTION('',(0.0,-1.0,0.0));
#13416=DIRECTION('',(1.0,0.0,0.0));
#13417=DIRECTION('',(0.0,1.0,0.0));
#13418=DIRECTION('',(-1.0,0.0,0.0));
#13419=DIRECTION('',(0.0,-1.0,0.0));
#13420=DIRECTION('',(1.0,0.0,0.0));
#13421=DIRECTION('',(1.0,0.0,0.0));
#13422=DIRECTION('',(0.0,1.0,0.0));
#13423=DIRECTION('',(-1.0,0.0,0.0));
#13424=DIRECTION('',(0.0,-1.0,0.0));
#13425=DIRECTION('',(-1.0,0.0,0.0));
#13426=DIRECTION('',(0.0,-1.0,0.0));
#13427=DIRECTION('',(1.0,0.0,0.0));
#13428=DIRECTION('',(0.0,1.0,0.0));
#13429=DIRECTION('',(-1.0,0.0,0.0));
#13430=DIRECTION('',(0.0,-1.0,0.0));
#13431=DIRECTION('',(1.0,0.0,0.0));
#13432=DIRECTION('',(0.0,1.0,0.0));
#13433=DIRECTION('',(0.0,-1.0,0.0));
#13434=DIRECTION('',(1.0,0.0,0.0));
#13435=DIRECTION('',(0.0,1.0,0.0));
#13436=DIRECTION('',(-1.0,0.0,0.0));
#13437=DIRECTION('',(0.0,1.0,0.0));
#13438=DIRECTION('',(-1.0,0.0,0.0));
#13439=DIRECTION('',(0.0,-1.0,0.0));
#13440=DIRECTION('',(1.0,0.0,0.0));
#13441=DIRECTION('',(0.0,1.0,0.0));
#13442=DIRECTION('',(-1.0,0.0,0.0));
#13443=DIRECTION('',(0.0,-1.0,0.0));
#13444=DIRECTION('',(1.0,0.0,0.0));
#13445=DIRECTION('',(1.0,0.0,0.0));
#13446=DIRECTION('',(0.0,1.0,0.0));
#13447=DIRECTION('',(-1.0,0.0,0.0));
#13448=DIRECTION('',(0.0,-1.0,0.0));
#13449=DIRECTION('',(-1.0,0.0,0.0));
#13450=DIRECTION('',(0.0,-1.0,0.0));
#13451=DIRECTION('',(1.0,0.0,0.0));
#13452=DIRECTION('',(0.0,1.0,0.0));
#13453=DIRECTION('',(-1.0,0.0,0.0));
#13454=DIRECTION('',(0.0,-1.0,0.0));
#13455=DIRECTION('',(1.0,0.0,0.0));
#13456=DIRECTION('',(0.0,1.0,0.0));
#13457=DIRECTION('',(0.0,-1.0,0.0));
#13458=DIRECTION('',(1.0,0.0,0.0));
#13459=DIRECTION('',(0.0,1.0,0.0));
#13460=DIRECTION('',(-1.0,0.0,0.0));
#13461=DIRECTION('',(0.0,1.0,0.0));
#13462=DIRECTION('',(-1.0,0.0,0.0));
#13463=DIRECTION('',(0.0,-1.0,0.0));
#13464=DIRECTION('',(1.0,0.0,0.0));
#13465=DIRECTION('',(0.0,1.0,0.0));
#13466=DIRECTION('',(-1.0,0.0,0.0));
#13467=DIRECTION('',(0.0,-1.0,0.0));
#13468=DIRECTION('',(1.0,0.0,0.0));
#13469=DIRECTION('',(1.0,0.0,0.0));
#13470=DIRECTION('',(0.0,1.0,0.0));
#13471=DIRECTION('',(-1.0,0.0,0.0));
#13472=DIRECTION('',(0.0,-1.0,0.0));
#13473=DIRECTION('',(-1.0,0.0,0.0));
#13474=DIRECTION('',(0.0,-1.0,0.0));
#13475=DIRECTION('',(1.0,0.0,0.0));
#13476=DIRECTION('',(0.0,1.0,0.0));
#13477=DIRECTION('',(-1.0,0.0,0.0));
#13478=DIRECTION('',(0.0,-1.0,0.0));
#13479=DIRECTION('',(1.0,0.0,0.0));
#13480=DIRECTION('',(0.0,1.0,0.0));
#13481=DIRECTION('',(0.0,-1.0,0.0));
#13482=DIRECTION('',(1.0,0.0,0.0));
#13483=DIRECTION('',(0.0,1.0,0.0));
#13484=DIRECTION('',(-1.0,0.0,0.0));
#13485=DIRECTION('',(0.0,1.0,0.0));
#13486=DIRECTION('',(-1.0,0.0,0.0));
#13487=DIRECTION('',(0.0,-1.0,0.0));
#13488=DIRECTION('',(1.0,0.0,0.0));
#13489=DIRECTION('',(0.0,1.0,0.0));
#13490=DIRECTION('',(-1.0,0.0,0.0));
#13491=DIRECTION('',(0.0,-1.0,0.0));
#13492=DIRECTION('',(1.0,0.0,0.0));
#13493=DIRECTION('',(1.0,0.0,0.0));
#13494=DIRECTION('',(0.0,1.0,0.0));
#13495=DIRECTION('',(-1.0,0.0,0.0));
#13496=DIRECTION('',(0.0,-1.0,0.0));
#13497=DIRECTION('',(0.0,0.0,-1.0));
#13498=DIRECTION('',(-1.0,0.0,0.0));
#13499=DIRECTION('',(0.0,0.0,-1.0));
#13500=DIRECTION('',(1.0,0.0,0.0));
#13501=DIRECTION('',(0.0,0.0,-1.0));
#13502=DIRECTION('',(-1.0,0.0,0.0));
#13503=DIRECTION('',(0.0,0.0,-1.0));
#13504=DIRECTION('',(0.0,0.0,-1.0));
#13505=DIRECTION('',(-1.0,0.0,0.0));
#13506=DIRECTION('',(0.0,0.0,-1.0));
#13507=DIRECTION('',(0.0,-1.0,0.0));
#13508=DIRECTION('',(0.0,0.0,-1.0));
#13509=DIRECTION('',(1.0,0.0,0.0));
#13510=DIRECTION('',(0.0,0.0,-1.0));
#13511=DIRECTION('',(0.0,1.0,0.0));
#13512=DIRECTION('',(-1.0,0.0,0.0));
#13513=DIRECTION('',(0.0,1.0,0.0));
#13514=DIRECTION('',(1.0,0.0,0.0));
#13515=DIRECTION('',(0.0,-1.0,0.0));
#13516=DIRECTION('',(0.0,0.0,-1.0));
#13517=DIRECTION('',(0.0,0.0,-1.0));
#13518=DIRECTION('',(0.0,0.0,-1.0));
#13519=DIRECTION('',(1.0,0.0,0.0));
#13520=DIRECTION('',(0.0,0.0,1.0));
#13521=DIRECTION('',(-1.0,0.0,0.0));
#13522=DIRECTION('',(0.0,0.0,1.0));
#13523=DIRECTION('',(1.0,0.0,0.0));
#13524=DIRECTION('',(0.0,0.0,1.0));
#13525=DIRECTION('',(-1.0,0.0,0.0));
#13526=DIRECTION('',(0.0,0.0,1.0));
#13527=DIRECTION('',(1.0,0.0,0.0));
#13528=DIRECTION('',(0.0,0.0,-1.0));
#13529=DIRECTION('',(0.0,0.0,-1.0));
#13530=DIRECTION('',(0.0,0.0,-1.0));
#13531=DIRECTION('',(0.0,1.0,0.0));
#13532=DIRECTION('',(0.0,0.0,-1.0));
#13533=DIRECTION('',(-1.0,0.0,0.0));
#13534=DIRECTION('',(0.0,0.0,-1.0));
#13535=DIRECTION('',(0.0,0.0348994967024999,-0.999390827019096));
#13536=DIRECTION('',(0.0,1.0,0.0));
#13537=DIRECTION('',(0.0,0.0348994967024999,0.999390827019096));
#13538=DIRECTION('',(0.0,1.0,0.0));
#13539=DIRECTION('',(0.0,0.0,-1.0));
#13540=DIRECTION('',(0.0,1.0,0.0));
#13541=DIRECTION('',(0.0,0.0,-1.0));
#13542=DIRECTION('',(0.0,1.0,0.0));
#13543=DIRECTION('',(0.0,0.0,-1.0));
#13544=DIRECTION('',(0.0,1.0,0.0));
#13545=DIRECTION('',(0.0,0.0,1.0));
#13546=DIRECTION('',(0.0,-1.0,0.0));
#13547=DIRECTION('',(0.0,0.0,1.0));
#13548=DIRECTION('',(0.0,-1.0,0.0));
#13549=DIRECTION('',(0.0,0.0,1.0));
#13550=DIRECTION('',(0.0,-1.0,0.0));
#13551=DIRECTION('',(0.0,0.0,-1.0));
#13552=DIRECTION('',(0.0,1.0,0.0));
#13553=DIRECTION('',(0.0,0.0,-1.0));
#13554=DIRECTION('',(0.0,1.0,0.0));
#13555=DIRECTION('',(0.0,0.0,-1.0));
#13556=DIRECTION('',(0.0,1.0,0.0));
#13557=DIRECTION('',(0.0,0.0,-1.0));
#13558=DIRECTION('',(0.0,1.0,0.0));
#13559=DIRECTION('',(0.0,-1.0,0.0));
#13560=DIRECTION('',(0.0,0.0,-1.0));
#13561=DIRECTION('',(1.0,0.0,0.0));
#13562=DIRECTION('',(0.0,0.0348994967024999,0.999390827019096));
#13563=DIRECTION('',(0.0,0.0348994967024999,0.999390827019096));
#13564=DIRECTION('',(0.0,0.0348994967024999,0.999390827019096));
#13565=DIRECTION('',(1.0,0.0,0.0));
#13566=DIRECTION('',(0.0,0.0,-1.0));
#13567=DIRECTION('',(0.0,-1.0,0.0));
#13568=DIRECTION('',(0.0,0.0,-1.0));
#13569=DIRECTION('',(0.0,1.0,0.0));
#13570=DIRECTION('',(0.0,0.0348994967024999,-0.999390827019096));
#13571=DIRECTION('',(0.0,0.0,1.0));
#13572=DIRECTION('',(0.0,-1.0,0.0));
#13573=DIRECTION('',(0.0,0.0,1.0));
#13574=DIRECTION('',(0.0,-1.0,0.0));
#13575=DIRECTION('',(1.0,0.0,0.0));
#13576=DIRECTION('',(0.0,1.0,0.0));
#13577=DIRECTION('',(0.707106781186548,0.707106781186548,0.0));
#13578=DIRECTION('',(0.0,1.0,0.0));
#13579=DIRECTION('',(-0.707106781186548,0.707106781186548,0.0));
#13580=DIRECTION('',(0.0,1.0,0.0));
#13581=DIRECTION('',(-1.0,0.0,0.0));
#13582=DIRECTION('',(0.0,1.0,0.0));
#13583=DIRECTION('',(1.0,0.0,0.0));
#13584=DIRECTION('',(0.0,-1.0,0.0));
#13585=DIRECTION('',(1.0,0.0,0.0));
#13586=DIRECTION('',(0.0,1.0,0.0));
#13587=DIRECTION('',(-1.0,0.0,0.0));
#13588=DIRECTION('',(0.0,-1.0,0.0));
#13589=DIRECTION('',(-0.707106781186548,-0.707106781186548,0.0));
#13590=DIRECTION('',(0.0,-1.0,0.0));
#13591=DIRECTION('',(0.707106781186548,-0.707106781186548,0.0));
#13592=DIRECTION('',(0.0,-1.0,0.0));
#13593=DIRECTION('',(1.0,0.0,0.0));
#13594=DIRECTION('',(1.0,0.0,0.0));
#13595=DIRECTION('',(1.0,0.0,0.0));
#13596=DIRECTION('',(0.0,1.0,0.0));
#13597=DIRECTION('',(0.0,0.0348994967024999,-0.999390827019096));
#13598=DIRECTION('',(0.0,0.0,1.0));
#13599=DIRECTION('',(0.0,-1.0,0.0));
#13600=DIRECTION('',(0.0,0.0,1.0));
#13601=DIRECTION('',(0.0,0.0,-1.0));
#13602=DIRECTION('',(0.0,-1.0,0.0));
#13603=DIRECTION('',(0.0,0.0,-1.0));
#13604=DIRECTION('',(0.0,1.0,0.0));
#13605=DIRECTION('',(0.0,0.0,-1.0));
#13606=DIRECTION('',(0.0,-1.0,0.0));
#13607=DIRECTION('',(0.0,1.0,0.0));
#13608=DIRECTION('',(0.0,0.0,-1.0));
#13609=DIRECTION('',(0.0,-1.0,0.0));
#13610=DIRECTION('',(0.0,0.0,-1.0));
#13611=DIRECTION('',(0.0,1.0,0.0));
#13612=DIRECTION('',(0.0,0.0,-1.0));
#13613=DIRECTION('',(0.0,-1.0,0.0));
#13614=DIRECTION('',(0.0,0.0,-1.0));
#13615=DIRECTION('',(0.0,0.0,-1.0));
#13616=DIRECTION('',(0.0,-1.0,0.0));
#13617=DIRECTION('',(0.0,0.0,1.0));
#13618=DIRECTION('',(0.0,0.0,-1.0));
#13619=DIRECTION('',(0.0,1.0,0.0));
#13620=DIRECTION('',(1.0,0.0,0.0));
#13621=DIRECTION('',(0.0,0.0348994967024999,-0.999390827019096));
#13622=DIRECTION('',(1.0,0.0,0.0));
#13623=DIRECTION('',(0.0,1.0,0.0));
#13624=DIRECTION('',(0.0,0.0,1.0));
#13625=DIRECTION('',(0.0,-1.0,0.0));
#13626=DIRECTION('',(0.0,0.0,1.0));
#13627=DIRECTION('',(0.0,0.0,-1.0));
#13628=DIRECTION('',(0.0,-1.0,0.0));
#13629=DIRECTION('',(0.0,0.0,-1.0));
#13630=DIRECTION('',(1.0,0.0,0.0));
#13631=DIRECTION('',(1.0,0.0,0.0));
#13632=DIRECTION('',(1.0,0.0,0.0));
#13633=DIRECTION('',(1.0,0.0,0.0));
#13634=DIRECTION('',(1.0,0.0,0.0));
#13635=DIRECTION('',(1.0,0.0,0.0));
#13636=DIRECTION('',(1.0,0.0,0.0));
#13637=DIRECTION('',(1.0,0.0,0.0));
#13638=DIRECTION('',(-1.0,0.0,0.0));
#13639=DIRECTION('',(0.0,0.0,-1.0));
#13640=DIRECTION('',(0.0,-1.0,0.0));
#13641=DIRECTION('',(0.0,1.0,0.0));
#13642=DIRECTION('',(1.0,0.0,0.0));
#13643=DIRECTION('',(1.0,0.0,0.0));
#13644=DIRECTION('',(0.0,-1.0,0.0));
#13645=DIRECTION('',(0.0,0.0,-1.0));
#13646=DIRECTION('',(0.0,0.0,-1.0));
#13647=DIRECTION('',(-1.0,0.0,0.0));
#13648=CARTESIAN_POINT('',(20.0,9.58,10.3));
#13649=DIRECTION('',(0.0,0.0,1.0));
#13650=DIRECTION('',(1.0,0.0,0.0));
#13651=DIRECTION('',(-1.0,0.0,0.0));
#13652=CARTESIAN_POINT('',(-30.15,6.25,10.3));
#13653=DIRECTION('',(0.0,-0.0,1.0));
#13654=DIRECTION('',(0.0,1.0,0.0));
#13655=DIRECTION('',(0.0,-1.0,0.0));
#13656=CARTESIAN_POINT('',(-30.15,-6.25,10.3));
#13657=DIRECTION('',(0.0,0.0,1.0));
#13658=DIRECTION('',(-1.0,0.0,0.0));
#13659=DIRECTION('',(1.0,0.0,0.0));
#13660=DIRECTION('',(1.0,0.0,0.0));
#13661=CARTESIAN_POINT('',(30.15,-6.25,10.3));
#13662=DIRECTION('',(0.0,0.0,1.0));
#13663=DIRECTION('',(0.0,-1.0,0.0));
#13664=DIRECTION('',(0.0,1.0,0.0));
#13665=CARTESIAN_POINT('',(30.15,6.25,10.3));
#13666=DIRECTION('',(0.0,0.0,1.0));
#13667=DIRECTION('',(1.0,0.0,0.0));
#13668=DIRECTION('',(0.0,-1.0,0.0));
#13669=DIRECTION('',(-1.0,0.0,0.0));
#13670=DIRECTION('',(0.0,-1.0,0.0));
#13671=DIRECTION('',(-0.707106781186548,-0.707106781186548,0.0));
#13672=DIRECTION('',(-1.0,0.0,0.0));
#13673=DIRECTION('',(-0.707106781186548,0.707106781186548,0.0));
#13674=DIRECTION('',(0.0,1.0,0.0));
#13675=DIRECTION('',(-1.0,0.0,0.0));
#13676=DIRECTION('',(0.0,1.0,0.0));
#13677=DIRECTION('',(1.0,0.0,0.0));
#13678=DIRECTION('',(-1.0,0.0,0.0));
#13679=DIRECTION('',(0.0,1.0,0.0));
#13680=DIRECTION('',(1.0,0.0,0.0));
#13681=DIRECTION('',(0.0,1.0,0.0));
#13682=DIRECTION('',(0.707106781186548,0.707106781186548,0.0));
#13683=DIRECTION('',(1.0,0.0,0.0));
#13684=DIRECTION('',(0.707106781186548,-0.707106781186548,0.0));
#13685=DIRECTION('',(0.0,-1.0,0.0));
#13686=DIRECTION('',(1.0,0.0,0.0));
#13687=DIRECTION('',(0.0,-1.0,0.0));
#13688=DIRECTION('',(0.0,-1.0,0.0));
#13689=DIRECTION('',(-1.0,0.0,0.0));
#13690=DIRECTION('',(0.0,-1.0,0.0));
#13691=DIRECTION('',(-0.707106781186548,-0.707106781186548,0.0));
#13692=DIRECTION('',(-1.0,0.0,0.0));
#13693=DIRECTION('',(-0.707106781186548,0.707106781186548,0.0));
#13694=DIRECTION('',(0.0,1.0,0.0));
#13695=DIRECTION('',(-1.0,0.0,0.0));
#13696=DIRECTION('',(0.0,1.0,0.0));
#13697=DIRECTION('',(1.0,0.0,0.0));
#13698=DIRECTION('',(0.0,-1.0,0.0));
#13699=DIRECTION('',(-1.0,0.0,0.0));
#13700=DIRECTION('',(0.0,-1.0,0.0));
#13701=DIRECTION('',(-0.707106781186548,-0.707106781186548,0.0));
#13702=DIRECTION('',(-1.0,0.0,0.0));
#13703=DIRECTION('',(-0.707106781186548,0.707106781186548,0.0));
#13704=DIRECTION('',(0.0,1.0,0.0));
#13705=DIRECTION('',(-1.0,0.0,0.0));
#13706=DIRECTION('',(0.0,1.0,0.0));
#13707=DIRECTION('',(1.0,0.0,0.0));
#13708=DIRECTION('',(0.0,-1.0,0.0));
#13709=DIRECTION('',(-1.0,0.0,0.0));
#13710=DIRECTION('',(0.0,-1.0,0.0));
#13711=DIRECTION('',(-0.707106781186548,-0.707106781186548,0.0));
#13712=DIRECTION('',(-1.0,0.0,0.0));
#13713=DIRECTION('',(-0.707106781186548,0.707106781186548,0.0));
#13714=DIRECTION('',(0.0,1.0,0.0));
#13715=DIRECTION('',(-1.0,0.0,0.0));
#13716=DIRECTION('',(0.0,1.0,0.0));
#13717=DIRECTION('',(1.0,0.0,0.0));
#13718=DIRECTION('',(1.0,0.0,0.0));
#13719=DIRECTION('',(0.0,-1.0,0.0));
#13720=DIRECTION('',(-1.0,0.0,0.0));
#13721=DIRECTION('',(1.0,0.0,0.0));
#13722=DIRECTION('',(0.0,-1.0,0.0));
#13723=DIRECTION('',(0.707106781186548,-0.707106781186548,0.0));
#13724=DIRECTION('',(0.0,-1.0,0.0));
#13725=DIRECTION('',(-0.707106781186548,-0.707106781186548,0.0));
#13726=DIRECTION('',(0.0,-1.0,0.0));
#13727=DIRECTION('',(-1.0,0.0,0.0));
#13728=DIRECTION('',(-1.0,0.0,0.0));
#13729=DIRECTION('',(0.0,1.0,0.0));
#13730=DIRECTION('',(1.0,0.0,0.0));
#13731=DIRECTION('',(-1.0,0.0,0.0));
#13732=DIRECTION('',(0.0,1.0,0.0));
#13733=DIRECTION('',(-0.707106781186548,0.707106781186548,0.0));
#13734=DIRECTION('',(0.0,1.0,0.0));
#13735=DIRECTION('',(0.707106781186548,0.707106781186548,0.0));
#13736=DIRECTION('',(0.0,1.0,0.0));
#13737=DIRECTION('',(1.0,0.0,0.0));
#13738=DIRECTION('',(-1.0,0.0,0.0));
#13739=DIRECTION('',(-0.707106781186548,0.707106781186548,0.0));
#13740=DIRECTION('',(0.0,1.0,0.0));
#13741=DIRECTION('',(0.707106781186548,0.707106781186548,0.0));
#13742=DIRECTION('',(1.0,0.0,0.0));
#13743=DIRECTION('',(0.707106781186548,-0.707106781186548,0.0));
#13744=DIRECTION('',(0.0,-1.0,0.0));
#13745=DIRECTION('',(-0.707106781186548,-0.707106781186548,0.0));
#13746=DIRECTION('',(-1.0,0.0,0.0));
#13747=DIRECTION('',(-0.707106781186548,0.707106781186548,0.0));
#13748=DIRECTION('',(0.0,1.0,0.0));
#13749=DIRECTION('',(0.707106781186548,0.707106781186548,0.0));
#13750=DIRECTION('',(1.0,0.0,0.0));
#13751=DIRECTION('',(0.707106781186548,-0.707106781186548,0.0));
#13752=DIRECTION('',(0.0,-1.0,0.0));
#13753=DIRECTION('',(-0.707106781186548,-0.707106781186548,0.0));
#13754=DIRECTION('',(-0.707106781186548,-0.707106781186548,0.0));
#13755=DIRECTION('',(-1.0,0.0,0.0));
#13756=DIRECTION('',(0.0,1.0,0.0));
#13757=DIRECTION('',(-1.0,0.0,0.0));
#13758=DIRECTION('',(0.0,1.0,0.0));
#13759=DIRECTION('',(0.707106781186548,0.707106781186548,0.0));
#13760=DIRECTION('',(1.0,0.0,0.0));
#13761=DIRECTION('',(0.707106781186548,-0.707106781186548,0.0));
#13762=DIRECTION('',(0.0,-1.0,0.0));
#13763=DIRECTION('',(0.0,1.0,0.0));
#13764=DIRECTION('',(0.707106781186548,0.707106781186548,0.0));
#13765=DIRECTION('',(1.0,0.0,0.0));
#13766=DIRECTION('',(0.707106781186548,-0.707106781186548,0.0));
#13767=DIRECTION('',(0.0,-1.0,0.0));
#13768=DIRECTION('',(-1.0,0.0,0.0));
#13769=DIRECTION('',(0.0,-1.0,0.0));
#13770=DIRECTION('',(-1.0,0.0,0.0));
#13771=DIRECTION('',(-0.707106781186548,0.707106781186548,0.0));
#13772=DIRECTION('',(0.0,1.0,0.0));
#13773=DIRECTION('',(1.0,0.0,0.0));
#13774=DIRECTION('',(0.0,1.0,0.0));
#13775=DIRECTION('',(0.707106781186548,0.707106781186548,0.0));
#13776=DIRECTION('',(1.0,0.0,0.0));
#13777=DIRECTION('',(0.707106781186548,-0.707106781186548,0.0));
#13778=DIRECTION('',(0.0,-1.0,0.0));
#13779=DIRECTION('',(1.0,0.0,0.0));
#13780=DIRECTION('',(0.0,-1.0,0.0));
#13781=DIRECTION('',(1.0,0.0,0.0));
#13782=DIRECTION('',(0.0,1.0,0.0));
#13783=DIRECTION('',(1.0,0.0,0.0));
#13784=DIRECTION('',(0.0,1.0,0.0));
#13785=DIRECTION('',(0.707106781186548,0.707106781186548,0.0));
#13786=DIRECTION('',(-1.0,0.0,0.0));
#13787=DIRECTION('',(0.0,1.0,0.0));
#13788=DIRECTION('',(1.0,0.0,0.0));
#13789=DIRECTION('',(0.0,-1.0,0.0));
#13790=DIRECTION('',(1.0,0.0,0.0));
#13791=DIRECTION('',(0.0,1.0,0.0));
#13792=DIRECTION('',(1.0,0.0,0.0));
#13793=DIRECTION('',(0.0,-1.0,0.0));
#13794=DIRECTION('',(-1.0,0.0,0.0));
#13795=DIRECTION('',(0.707106781186548,-0.707106781186548,0.0));
#13796=DIRECTION('',(0.0,-1.0,0.0));
#13797=DIRECTION('',(1.0,0.0,0.0));
#13798=DIRECTION('',(0.0,-1.0,0.0));
#13799=DIRECTION('',(1.0,0.0,0.0));
#13800=DIRECTION('',(0.0,1.0,0.0));
#13801=DIRECTION('',(1.0,0.0,0.0));
#13802=DIRECTION('',(0.0,1.0,0.0));
#13803=DIRECTION('',(0.707106781186548,0.707106781186548,0.0));
#13804=DIRECTION('',(1.0,0.0,0.0));
#13805=DIRECTION('',(0.707106781186548,-0.707106781186548,0.0));
#13806=DIRECTION('',(0.0,-1.0,0.0));
#13807=DIRECTION('',(1.0,0.0,0.0));
#13808=DIRECTION('',(0.0,-1.0,0.0));
#13809=DIRECTION('',(-1.0,0.0,0.0));
#13810=DIRECTION('',(0.0,-1.0,0.0));
#13811=DIRECTION('',(-1.0,0.0,0.0));
#13812=DIRECTION('',(0.0,-1.0,0.0));
#13813=DIRECTION('',(-0.707106781186548,-0.707106781186548,0.0));
#13814=DIRECTION('',(-1.0,0.0,0.0));
#13815=DIRECTION('',(-0.707106781186548,0.707106781186548,0.0));
#13816=DIRECTION('',(0.0,1.0,0.0));
#13817=DIRECTION('',(-1.0,0.0,0.0));
#13818=DIRECTION('',(0.0,1.0,0.0));
#13819=DIRECTION('',(1.0,0.0,0.0));
#13820=DIRECTION('',(0.0,0.0,-1.0));
#13821=DIRECTION('',(1.0,0.0,0.0));
#13822=DIRECTION('',(0.0,0.0,-1.0));
#13823=DIRECTION('',(0.0,-1.0,0.0));
#13824=DIRECTION('',(0.0,0.0,-1.0));
#13825=DIRECTION('',(-1.0,0.0,0.0));
#13826=DIRECTION('',(0.0,0.0,-1.0));
#13827=DIRECTION('',(0.0,-1.0,0.0));
#13828=DIRECTION('',(0.0,0.0,-1.0));
#13829=DIRECTION('',(-0.707106781186548,-0.707106781186548,0.0));
#13830=DIRECTION('',(0.0,0.0,-1.0));
#13831=DIRECTION('',(-1.0,0.0,0.0));
#13832=DIRECTION('',(0.0,0.0,-1.0));
#13833=DIRECTION('',(-0.707106781186548,0.707106781186548,0.0));
#13834=DIRECTION('',(0.0,0.0,-1.0));
#13835=DIRECTION('',(0.0,1.0,0.0));
#13836=DIRECTION('',(0.0,0.0,-1.0));
#13837=DIRECTION('',(-1.0,0.0,0.0));
#13838=DIRECTION('',(0.0,0.0,-1.0));
#13839=DIRECTION('',(0.0,1.0,0.0));
#13840=DIRECTION('',(0.0,1.0,0.0));
#13841=DIRECTION('',(-1.0,0.0,0.0));
#13842=DIRECTION('',(0.0,1.0,0.0));
#13843=DIRECTION('',(-0.707106781186548,0.707106781186548,0.0));
#13844=DIRECTION('',(-1.0,0.0,0.0));
#13845=DIRECTION('',(-0.707106781186548,-0.707106781186548,0.0));
#13846=DIRECTION('',(0.0,-1.0,0.0));
#13847=DIRECTION('',(-1.0,0.0,0.0));
#13848=DIRECTION('',(0.0,-1.0,0.0));
#13849=DIRECTION('',(1.0,0.0,0.0));
#13850=DIRECTION('',(1.0,0.0,0.0));
#13851=DIRECTION('',(0.0,-1.0,0.0));
#13852=DIRECTION('',(1.0,0.0,0.0));
#13853=DIRECTION('',(0.0,-1.0,0.0));
#13854=DIRECTION('',(0.0,1.0,0.0));
#13855=DIRECTION('',(-1.0,0.0,0.0));
#13856=DIRECTION('',(0.0,1.0,0.0));
#13857=DIRECTION('',(-0.707106781186548,0.707106781186548,0.0));
#13858=DIRECTION('',(-1.0,0.0,0.0));
#13859=DIRECTION('',(-0.707106781186548,-0.707106781186548,0.0));
#13860=DIRECTION('',(0.0,-1.0,0.0));
#13861=DIRECTION('',(-1.0,0.0,0.0));
#13862=DIRECTION('',(0.0,-1.0,0.0));
#13863=DIRECTION('',(1.0,0.0,0.0));
#13864=DIRECTION('',(1.0,0.0,0.0));
#13865=DIRECTION('',(0.0,-1.0,0.0));
#13866=DIRECTION('',(1.0,0.0,0.0));
#13867=DIRECTION('',(0.0,-1.0,0.0));
#13868=DIRECTION('',(0.0,1.0,0.0));
#13869=DIRECTION('',(-1.0,0.0,0.0));
#13870=DIRECTION('',(0.0,1.0,0.0));
#13871=DIRECTION('',(-0.707106781186548,0.707106781186548,0.0));
#13872=DIRECTION('',(-1.0,0.0,0.0));
#13873=DIRECTION('',(-0.707106781186548,-0.707106781186548,0.0));
#13874=DIRECTION('',(0.0,-1.0,0.0));
#13875=DIRECTION('',(-1.0,0.0,0.0));
#13876=DIRECTION('',(0.0,-1.0,0.0));
#13877=DIRECTION('',(1.0,0.0,0.0));
#13878=DIRECTION('',(1.0,0.0,0.0));
#13879=DIRECTION('',(0.0,-1.0,0.0));
#13880=DIRECTION('',(1.0,0.0,0.0));
#13881=DIRECTION('',(0.0,-1.0,0.0));
#13882=DIRECTION('',(1.0,0.0,0.0));
#13883=DIRECTION('',(0.0,-1.0,0.0));
#13884=DIRECTION('',(1.0,0.0,0.0));
#13885=DIRECTION('',(0.0,-1.0,0.0));
#13886=DIRECTION('',(0.0,-1.0,0.0));
#13887=DIRECTION('',(1.0,0.0,0.0));
#13888=DIRECTION('',(0.0,1.0,0.0));
#13889=DIRECTION('',(-1.0,0.0,0.0));
#13890=DIRECTION('',(0.707106781186548,0.707106781186548,0.0));
#13891=DIRECTION('',(0.0,1.0,0.0));
#13892=DIRECTION('',(1.0,0.0,0.0));
#13893=DIRECTION('',(0.0,1.0,0.0));
#13894=DIRECTION('',(1.0,0.0,0.0));
#13895=DIRECTION('',(0.0,-1.0,0.0));
#13896=DIRECTION('',(1.0,0.0,0.0));
#13897=DIRECTION('',(0.0,-1.0,0.0));
#13898=DIRECTION('',(0.707106781186548,-0.707106781186548,0.0));
#13899=DIRECTION('',(1.0,0.0,0.0));
#13900=DIRECTION('',(0.707106781186548,0.707106781186548,0.0));
#13901=DIRECTION('',(0.0,1.0,0.0));
#13902=DIRECTION('',(1.0,0.0,0.0));
#13903=DIRECTION('',(0.0,1.0,0.0));
#13904=DIRECTION('',(1.0,0.0,0.0));
#13905=DIRECTION('',(1.0,0.0,0.0));
#13906=DIRECTION('',(0.0,-1.0,0.0));
#13907=DIRECTION('',(1.0,0.0,0.0));
#13908=DIRECTION('',(0.0,-1.0,0.0));
#13909=DIRECTION('',(1.0,0.0,0.0));
#13910=DIRECTION('',(0.0,-1.0,0.0));
#13911=DIRECTION('',(1.0,0.0,0.0));
#13912=DIRECTION('',(0.0,-1.0,0.0));
#13913=DIRECTION('',(0.0,-1.0,0.0));
#13914=DIRECTION('',(1.0,0.0,0.0));
#13915=DIRECTION('',(0.0,-1.0,0.0));
#13916=DIRECTION('',(0.707106781186548,-0.707106781186548,0.0));
#13917=DIRECTION('',(-1.0,0.0,0.0));
#13918=DIRECTION('',(0.0,-1.0,0.0));
#13919=DIRECTION('',(1.0,0.0,0.0));
#13920=DIRECTION('',(0.0,1.0,0.0));
#13921=DIRECTION('',(-1.0,0.0,0.0));
#13922=DIRECTION('',(0.0,-1.0,0.0));
#13923=DIRECTION('',(1.0,0.0,0.0));
#13924=DIRECTION('',(0.0,-1.0,0.0));
#13925=DIRECTION('',(0.707106781186548,-0.707106781186548,0.0));
#13926=DIRECTION('',(1.0,0.0,0.0));
#13927=DIRECTION('',(0.707106781186548,0.707106781186548,0.0));
#13928=DIRECTION('',(0.0,1.0,0.0));
#13929=DIRECTION('',(1.0,0.0,0.0));
#13930=DIRECTION('',(0.0,1.0,0.0));
#13931=DIRECTION('',(1.0,0.0,0.0));
#13932=DIRECTION('',(1.0,0.0,0.0));
#13933=DIRECTION('',(0.0,-1.0,0.0));
#13934=DIRECTION('',(1.0,0.0,0.0));
#13935=DIRECTION('',(0.0,-1.0,0.0));
#13936=DIRECTION('',(1.0,0.0,0.0));
#13937=DIRECTION('',(0.0,-1.0,0.0));
#13938=DIRECTION('',(1.0,0.0,0.0));
#13939=DIRECTION('',(0.0,-1.0,0.0));
#13940=DIRECTION('',(0.0,0.0,-1.0));
#13941=DIRECTION('',(0.0,-1.0,0.0));
#13942=DIRECTION('',(0.0,0.0,1.0));
#13943=DIRECTION('',(0.0,0.0,-1.0));
#13944=DIRECTION('',(0.0,-1.0,0.0));
#13945=DIRECTION('',(0.0,0.0,1.0));
#13946=DIRECTION('',(1.0,0.0,0.0));
#13947=DIRECTION('',(0.0,0.0,1.0));
#13948=DIRECTION('',(0.0,-1.0,0.0));
#13949=DIRECTION('',(0.0,0.0,-1.0));
#13950=DIRECTION('',(0.0,0.0,1.0));
#13951=DIRECTION('',(0.0,-1.0,0.0));
#13952=DIRECTION('',(0.0,0.0,-1.0));
#13953=DIRECTION('',(1.0,0.0,0.0));
#13954=DIRECTION('',(1.0,0.0,0.0));
#13955=DIRECTION('',(1.0,0.0,0.0));
#13956=DIRECTION('',(0.0,0.0,-1.0));
#13957=DIRECTION('',(0.0,0.0,-1.0));
#13958=DIRECTION('',(0.0,0.0,-1.0));
#13959=DIRECTION('',(0.0,0.0,-1.0));
#13960=DIRECTION('',(0.0,0.0,-1.0));
#13961=DIRECTION('',(0.0,0.0,-1.0));
#13962=DIRECTION('',(0.0,0.0,-1.0));
#13963=DIRECTION('',(0.0,0.0,-1.0));
#13964=DIRECTION('',(0.0,0.0,-1.0));
#13965=DIRECTION('',(0.0,0.0,-1.0));
#13966=DIRECTION('',(0.0,0.0,-1.0));
#13967=DIRECTION('',(0.0,-1.0,0.0));
#13968=DIRECTION('',(0.0,0.0,1.0));
#13969=DIRECTION('',(0.0,0.0,-1.0));
#13970=DIRECTION('',(0.0,-1.0,0.0));
#13971=DIRECTION('',(0.0,0.0,1.0));
#13972=DIRECTION('',(1.0,0.0,0.0));
#13973=DIRECTION('',(0.0,0.0,1.0));
#13974=DIRECTION('',(0.0,-1.0,0.0));
#13975=DIRECTION('',(0.0,0.0,-1.0));
#13976=DIRECTION('',(0.0,0.0,1.0));
#13977=DIRECTION('',(0.0,-1.0,0.0));
#13978=DIRECTION('',(0.0,0.0,-1.0));
#13979=DIRECTION('',(1.0,0.0,0.0));
#13980=DIRECTION('',(1.0,0.0,0.0));
#13981=DIRECTION('',(1.0,0.0,0.0));
#13982=DIRECTION('',(0.0,0.0,-1.0));
#13983=DIRECTION('',(0.0,0.0,-1.0));
#13984=DIRECTION('',(0.0,0.0,-1.0));
#13985=DIRECTION('',(0.0,0.0,-1.0));
#13986=DIRECTION('',(0.0,0.0,-1.0));
#13987=DIRECTION('',(0.0,0.0,-1.0));
#13988=DIRECTION('',(0.0,0.0,-1.0));
#13989=DIRECTION('',(0.0,0.0,-1.0));
#13990=DIRECTION('',(0.0,0.0,-1.0));
#13991=DIRECTION('',(0.0,0.0,-1.0));
#13992=DIRECTION('',(0.0,0.0,-1.0));
#13993=DIRECTION('',(0.0,0.0,-1.0));
#13994=DIRECTION('',(0.0,0.0,-1.0));
#13995=DIRECTION('',(0.0,0.0,-1.0));
#13996=DIRECTION('',(0.0,0.0,-1.0));
#13997=DIRECTION('',(0.0,0.0,-1.0));
#13998=DIRECTION('',(0.0,0.0,-1.0));
#13999=DIRECTION('',(0.0,0.0,-1.0));
#14000=DIRECTION('',(0.0,0.0,-1.0));
#14001=DIRECTION('',(0.0,0.0,-1.0));
#14002=DIRECTION('',(0.0,0.0,-1.0));
#14003=DIRECTION('',(0.0,-1.0,0.0));
#14004=DIRECTION('',(0.0,0.0,1.0));
#14005=DIRECTION('',(0.0,0.0,-1.0));
#14006=DIRECTION('',(0.0,-1.0,0.0));
#14007=DIRECTION('',(0.0,0.0,1.0));
#14008=DIRECTION('',(1.0,0.0,0.0));
#14009=DIRECTION('',(0.0,0.0,1.0));
#14010=DIRECTION('',(0.0,-1.0,0.0));
#14011=DIRECTION('',(0.0,0.0,-1.0));
#14012=DIRECTION('',(0.0,0.0,1.0));
#14013=DIRECTION('',(0.0,-1.0,0.0));
#14014=DIRECTION('',(0.0,0.0,-1.0));
#14015=DIRECTION('',(1.0,0.0,0.0));
#14016=DIRECTION('',(1.0,0.0,0.0));
#14017=DIRECTION('',(1.0,0.0,0.0));
#14018=DIRECTION('',(0.0,0.0,-1.0));
#14019=DIRECTION('',(0.0,-1.0,0.0));
#14020=DIRECTION('',(0.0,0.0,1.0));
#14021=DIRECTION('',(0.0,0.0,-1.0));
#14022=DIRECTION('',(0.0,-1.0,0.0));
#14023=DIRECTION('',(0.0,0.0,1.0));
#14024=DIRECTION('',(1.0,0.0,0.0));
#14025=DIRECTION('',(0.0,0.0,1.0));
#14026=DIRECTION('',(0.0,-1.0,0.0));
#14027=DIRECTION('',(0.0,0.0,-1.0));
#14028=DIRECTION('',(0.0,-1.0,0.0));
#14029=DIRECTION('',(0.0,0.0,-1.0));
#14030=DIRECTION('',(0.0,0.0,1.0));
#14031=DIRECTION('',(1.0,0.0,0.0));
#14032=DIRECTION('',(1.0,0.0,0.0));
#14033=DIRECTION('',(1.0,0.0,0.0));
#14034=DIRECTION('',(0.0,0.0,1.0));
#14035=DIRECTION('',(0.0,0.0,1.0));
#14036=DIRECTION('',(0.0,0.0,-1.0));
#14037=DIRECTION('',(0.0,0.0,-1.0));
#14038=DIRECTION('',(0.0,0.0,-1.0));
#14039=DIRECTION('',(0.0,0.0,-1.0));
#14040=DIRECTION('',(0.0,0.0,-1.0));
#14041=DIRECTION('',(0.0,0.0,-1.0));
#14042=DIRECTION('',(0.0,0.0,-1.0));
#14043=DIRECTION('',(0.0,0.0,-1.0));
#14044=DIRECTION('',(0.0,0.0,-1.0));
#14045=DIRECTION('',(0.0,0.0,-1.0));
#14046=DIRECTION('',(0.0,0.0,-1.0));
#14047=DIRECTION('',(0.0,0.0,-1.0));
#14048=DIRECTION('',(0.0,0.0,-1.0));
#14049=DIRECTION('',(0.0,0.0,-1.0));
#14050=DIRECTION('',(0.0,0.0,-1.0));
#14051=DIRECTION('',(0.0,0.0,-1.0));
#14052=DIRECTION('',(0.0,0.0,-1.0));
#14053=DIRECTION('',(0.0,0.0,-1.0));
#14054=DIRECTION('',(0.0,0.0,-1.0));
#14055=DIRECTION('',(0.0,0.0,-1.0));
#14056=DIRECTION('',(0.0,0.0,-1.0));
#14057=DIRECTION('',(0.0,0.0,-1.0));
#14058=DIRECTION('',(0.0,0.0,-1.0));
#14059=DIRECTION('',(0.0,0.0,-1.0));
#14060=DIRECTION('',(0.0,0.0,-1.0));
#14061=DIRECTION('',(0.0,0.0,-1.0));
#14062=DIRECTION('',(0.0,0.0,1.0));
#14063=DIRECTION('',(0.0,0.0,1.0));
#14064=DIRECTION('',(0.0,0.0,-1.0));
#14065=DIRECTION('',(0.0,0.0,-1.0));
#14066=DIRECTION('',(0.0,0.0,-1.0));
#14067=DIRECTION('',(0.0,0.0,-1.0));
#14068=DIRECTION('',(0.0,0.0,-1.0));
#14069=DIRECTION('',(0.0,0.0,-1.0));
#14070=DIRECTION('',(0.0,0.0,-1.0));
#14071=DIRECTION('',(0.0,0.0,-1.0));
#14072=DIRECTION('',(0.0,0.0,-1.0));
#14073=DIRECTION('',(0.0,-1.0,0.0));
#14074=DIRECTION('',(0.0,0.0,-1.0));
#14075=DIRECTION('',(-1.0,0.0,0.0));
#14076=DIRECTION('',(0.0,0.0,-1.0));
#14077=DIRECTION('',(0.0,1.0,0.0));
#14078=DIRECTION('',(0.0,0.0,-1.0));
#14079=DIRECTION('',(1.0,0.0,0.0));
#14080=DIRECTION('',(0.0,0.0,-1.0));
#14081=DIRECTION('',(0.0,1.0,0.0));
#14082=DIRECTION('',(0.0,0.0,-1.0));
#14083=DIRECTION('',(0.707106781186548,0.707106781186548,0.0));
#14084=DIRECTION('',(0.0,0.0,-1.0));
#14085=DIRECTION('',(1.0,0.0,0.0));
#14086=DIRECTION('',(0.0,0.0,-1.0));
#14087=DIRECTION('',(0.707106781186548,-0.707106781186548,0.0));
#14088=DIRECTION('',(0.0,0.0,-1.0));
#14089=DIRECTION('',(0.0,-1.0,0.0));
#14090=DIRECTION('',(0.0,0.0,-1.0));
#14091=DIRECTION('',(1.0,0.0,0.0));
#14092=DIRECTION('',(1.0,0.0,0.0));
#14093=DIRECTION('',(0.0,-1.0,0.0));
#14094=DIRECTION('',(1.0,0.0,0.0));
#14095=DIRECTION('',(0.0,-1.0,0.0));
#14096=DIRECTION('',(0.0,1.0,0.0));
#14097=DIRECTION('',(-1.0,0.0,0.0));
#14098=DIRECTION('',(0.0,1.0,0.0));
#14099=DIRECTION('',(-0.707106781186548,0.707106781186548,0.0));
#14100=DIRECTION('',(-1.0,0.0,0.0));
#14101=DIRECTION('',(-0.707106781186548,-0.707106781186548,0.0));
#14102=DIRECTION('',(0.0,-1.0,0.0));
#14103=DIRECTION('',(-1.0,0.0,0.0));
#14104=DIRECTION('',(0.0,-1.0,0.0));
#14105=DIRECTION('',(1.0,0.0,0.0));
#14106=DIRECTION('',(1.0,0.0,0.0));
#14107=DIRECTION('',(0.0,-1.0,0.0));
#14108=DIRECTION('',(1.0,0.0,0.0));
#14109=DIRECTION('',(0.0,-1.0,0.0));
#14110=DIRECTION('',(0.0,0.0,-1.0));
#14111=DIRECTION('',(0.0,0.0,-1.0));
#14112=DIRECTION('',(0.0,0.0,-1.0));
#14113=DIRECTION('',(0.0,0.0,-1.0));
#14114=DIRECTION('',(0.0,0.0,-1.0));
#14115=DIRECTION('',(0.0,0.0,-1.0));
#14116=DIRECTION('',(0.0,0.0,-1.0));
#14117=DIRECTION('',(0.0,0.0,-1.0));
#14118=DIRECTION('',(0.0,0.0,-1.0));
#14119=DIRECTION('',(0.0,0.0,-1.0));
#14120=DIRECTION('',(0.0,0.0,-1.0));
#14121=DIRECTION('',(0.0,-1.0,0.0));
#14122=DIRECTION('',(0.0,0.0,1.0));
#14123=DIRECTION('',(0.0,0.0,-1.0));
#14124=DIRECTION('',(0.0,-1.0,0.0));
#14125=DIRECTION('',(0.0,0.0,1.0));
#14126=DIRECTION('',(1.0,0.0,0.0));
#14127=DIRECTION('',(0.0,0.0,1.0));
#14128=DIRECTION('',(0.0,-1.0,0.0));
#14129=DIRECTION('',(0.0,0.0,-1.0));
#14130=DIRECTION('',(0.0,0.0,1.0));
#14131=DIRECTION('',(0.0,-1.0,0.0));
#14132=DIRECTION('',(0.0,0.0,-1.0));
#14133=DIRECTION('',(1.0,0.0,0.0));
#14134=DIRECTION('',(1.0,0.0,0.0));
#14135=DIRECTION('',(1.0,0.0,0.0));
#14136=DIRECTION('',(0.0,0.0,-1.0));
#14137=DIRECTION('',(0.0,0.0,-1.0));
#14138=DIRECTION('',(0.0,0.0,-1.0));
#14139=DIRECTION('',(0.0,0.0,-1.0));
#14140=DIRECTION('',(0.0,0.0,-1.0));
#14141=DIRECTION('',(0.0,0.0,-1.0));
#14142=DIRECTION('',(0.0,0.0,-1.0));
#14143=DIRECTION('',(-1.0,0.0,0.0));
#14144=DIRECTION('',(0.0,0.0,1.0));
#14145=DIRECTION('',(1.0,0.0,0.0));
#14146=DIRECTION('',(0.0,1.0,0.0));
#14147=DIRECTION('',(-1.0,0.0,0.0));
#14148=DIRECTION('',(-1.0,0.0,0.0));
#14149=CARTESIAN_POINT('',(30.15,6.25,3.95));
#14150=DIRECTION('',(0.0,0.0,-1.0));
#14151=DIRECTION('',(0.0,1.0,0.0));
#14152=DIRECTION('',(1.0,0.0,0.0));
#14153=DIRECTION('',(0.0,1.0,0.0));
#14154=CARTESIAN_POINT('',(30.15,-6.25,3.95));
#14155=DIRECTION('',(0.0,0.0,-1.0));
#14156=DIRECTION('',(1.0,0.0,0.0));
#14157=DIRECTION('',(-1.0,0.0,0.0));
#14158=DIRECTION('',(-1.0,0.0,0.0));
#14159=DIRECTION('',(0.0,-1.0,0.0));
#14160=CARTESIAN_POINT('',(-30.15,6.25,3.95));
#14161=DIRECTION('',(0.0,0.0,-1.0));
#14162=DIRECTION('',(-1.0,0.0,0.0));
#14163=DIRECTION('',(0.0,-1.0,0.0));
#14164=DIRECTION('',(1.0,0.0,0.0));
#14165=DIRECTION('',(1.0,0.0,0.0));
#14166=CARTESIAN_POINT('',(-30.15,-6.25,3.95));
#14167=DIRECTION('',(0.0,0.0,-1.0));
#14168=DIRECTION('',(0.0,-1.0,0.0));
#14169=DIRECTION('',(0.0,0.0,-1.0));
#14170=DIRECTION('',(0.0,0.0,-1.0));
#14171=DIRECTION('',(0.0,0.0,-1.0));
#14172=DIRECTION('',(0.0,1.0,0.0));
#14173=DIRECTION('',(0.0,0.0,1.0));
#14174=DIRECTION('',(1.0,0.0,0.0));
#14175=DIRECTION('',(0.0,0.0,-1.0));
#14176=DIRECTION('',(0.0,-1.0,0.0));
#14177=DIRECTION('',(-1.0,0.0,0.0));
#14178=DIRECTION('',(0.0,1.0,0.0));
#14179=DIRECTION('',(1.0,0.0,0.0));
#14180=DIRECTION('',(0.0,1.0,0.0));
#14181=DIRECTION('',(0.0,0.0,-1.0));
#14182=DIRECTION('',(0.0,0.0,-1.0));
#14183=DIRECTION('',(0.0,0.0,1.0));
#14184=DIRECTION('',(0.0,0.0,1.0));
#14185=DIRECTION('',(0.0,0.0,-1.0));
#14186=DIRECTION('',(0.0,0.0,-1.0));
#14187=DIRECTION('',(0.0,0.0,-1.0));
#14188=DIRECTION('',(0.0,0.0,-1.0));
#14189=DIRECTION('',(0.0,0.0,-1.0));
#14190=DIRECTION('',(0.0,0.0,-1.0));
#14191=DIRECTION('',(0.0,0.0,-1.0));
#14192=DIRECTION('',(0.0,0.0,-1.0));
#14193=DIRECTION('',(0.0,0.0,-1.0));
#14194=DIRECTION('',(0.0,0.0,-1.0));
#14195=DIRECTION('',(0.0,0.0,-1.0));
#14196=DIRECTION('',(0.0,0.0,-1.0));
#14197=DIRECTION('',(-0.707106781186548,-0.707106781186548,0.0));
#14198=DIRECTION('',(0.0,0.0,-1.0));
#14199=DIRECTION('',(-1.0,0.0,0.0));
#14200=DIRECTION('',(0.0,0.0,-1.0));
#14201=DIRECTION('',(-0.707106781186548,0.707106781186548,0.0));
#14202=DIRECTION('',(0.0,0.0,-1.0));
#14203=DIRECTION('',(0.0,1.0,0.0));
#14204=DIRECTION('',(0.0,0.0,-1.0));
#14205=DIRECTION('',(0.707106781186548,0.707106781186548,0.0));
#14206=DIRECTION('',(0.0,0.0,-1.0));
#14207=DIRECTION('',(1.0,0.0,0.0));
#14208=DIRECTION('',(0.0,0.0,-1.0));
#14209=DIRECTION('',(0.707106781186548,-0.707106781186548,0.0));
#14210=DIRECTION('',(0.0,0.0,-1.0));
#14211=DIRECTION('',(0.0,-1.0,0.0));
#14212=DIRECTION('',(0.0,0.0,-1.0));
#14213=DIRECTION('',(-0.707106781186548,-0.707106781186548,0.0));
#14214=DIRECTION('',(0.0,0.0,-1.0));
#14215=DIRECTION('',(-1.0,0.0,0.0));
#14216=DIRECTION('',(0.0,0.0,-1.0));
#14217=DIRECTION('',(-0.707106781186548,0.707106781186548,0.0));
#14218=DIRECTION('',(0.0,0.0,-1.0));
#14219=DIRECTION('',(0.0,1.0,0.0));
#14220=DIRECTION('',(0.0,0.0,-1.0));
#14221=DIRECTION('',(0.707106781186548,0.707106781186548,0.0));
#14222=DIRECTION('',(0.0,0.0,-1.0));
#14223=DIRECTION('',(1.0,0.0,0.0));
#14224=DIRECTION('',(0.0,0.0,-1.0));
#14225=DIRECTION('',(0.707106781186548,-0.707106781186548,0.0));
#14226=DIRECTION('',(0.0,0.0,-1.0));
#14227=DIRECTION('',(0.0,-1.0,0.0));
#14228=DIRECTION('',(0.0,0.0,-1.0));
#14229=DIRECTION('',(0.0,-1.0,0.0));
#14230=DIRECTION('',(0.0,0.0,-1.0));
#14231=DIRECTION('',(-0.707106781186548,-0.707106781186548,0.0));
#14232=DIRECTION('',(0.0,0.0,-1.0));
#14233=DIRECTION('',(-1.0,0.0,0.0));
#14234=DIRECTION('',(0.0,0.0,-1.0));
#14235=DIRECTION('',(0.0,1.0,0.0));
#14236=DIRECTION('',(0.0,0.0,-1.0));
#14237=DIRECTION('',(-1.0,0.0,0.0));
#14238=DIRECTION('',(0.0,0.0,-1.0));
#14239=DIRECTION('',(0.0,1.0,0.0));
#14240=DIRECTION('',(0.0,0.0,-1.0));
#14241=DIRECTION('',(0.707106781186548,0.707106781186548,0.0));
#14242=DIRECTION('',(0.0,0.0,-1.0));
#14243=DIRECTION('',(1.0,0.0,0.0));
#14244=DIRECTION('',(0.0,0.0,-1.0));
#14245=DIRECTION('',(0.707106781186548,-0.707106781186548,0.0));
#14246=DIRECTION('',(-1.0,0.0,0.0));
#14247=DIRECTION('',(0.0,-1.0,0.0));
#14248=DIRECTION('',(-1.0,0.0,0.0));
#14249=DIRECTION('',(0.0,-1.0,0.0));
#14250=DIRECTION('',(0.707106781186548,-0.707106781186548,0.0));
#14251=DIRECTION('',(1.0,0.0,0.0));
#14252=DIRECTION('',(0.707106781186548,0.707106781186548,0.0));
#14253=DIRECTION('',(0.0,1.0,0.0));
#14254=DIRECTION('',(-0.707106781186548,0.707106781186548,0.0));
#14255=DIRECTION('',(0.0,0.0,-1.0));
#14256=DIRECTION('',(0.0,0.0,-1.0));
#14257=DIRECTION('',(0.0,0.0,-1.0));
#14258=DIRECTION('',(0.0,0.0,-1.0));
#14259=DIRECTION('',(0.0,0.0,-1.0));
#14260=DIRECTION('',(0.0,0.0,-1.0));
#14261=DIRECTION('',(0.0,0.0,-1.0));
#14262=DIRECTION('',(0.0,0.0,-1.0));
#14263=DIRECTION('',(0.0,0.0,-1.0));
#14264=CARTESIAN_POINT('',(20.0,9.58,0.3));
#14265=DIRECTION('',(0.0,0.0,1.0));
#14266=DIRECTION('',(1.0,0.0,0.0));
#14267=DIRECTION('',(7.543947745667E-09,1.04012384964E-13,-1.0));
#14268=CARTESIAN_POINT('',(15.0,0.0,-13.69999992619));
#14269=DIRECTION('',(0.0,0.0,-1.0));
#14270=DIRECTION('',(1.0,0.0,0.0));
#14271=DIRECTION('',(-7.543947223209E-09,-1.03908165126E-13,-1.0));
#14272=CARTESIAN_POINT('',(15.0,0.0,-13.69999992619));
#14273=DIRECTION('',(0.0,0.0,-1.0));
#14274=DIRECTION('',(-1.0,0.0,0.0));
#14275=CARTESIAN_POINT('',(15.0,0.0,-14.19999999081));
#14276=DIRECTION('',(0.0,0.0,-1.0));
#14277=DIRECTION('',(-1.0,0.0,0.0));
#14278=DIRECTION('',(-0.707106775690698,7.58053677378297E-14,0.707106786682398));
#14279=CARTESIAN_POINT('',(15.0,0.0,-14.19999999081));
#14280=DIRECTION('',(0.0,0.0,-1.0));
#14281=DIRECTION('',(1.0,0.0,0.0));
#14282=DIRECTION('',(0.0,0.0,1.0));
#14283=DIRECTION('',(0.0,0.573576436351011,0.819152044289016));
#14284=DIRECTION('',(0.0,-0.295073066394313,0.955474691181644));
#14285=DIRECTION('',(0.0,-1.0,0.0));
#14286=DIRECTION('',(0.0,0.0,-1.0));
#14287=DIRECTION('',(0.0,0.0,1.0));
#14288=DIRECTION('',(0.0,-1.0,0.0));
#14289=DIRECTION('',(0.0,-0.295073066394313,-0.955474691181644));
#14290=DIRECTION('',(0.0,0.573576436351011,-0.819152044289016));
#14291=DIRECTION('',(0.0,0.0,-1.0));
#14292=DIRECTION('',(-1.0,0.0,0.0));
#14293=DIRECTION('',(0.0,0.0,-1.0));
#14294=DIRECTION('',(0.0,0.0,-1.0));
#14295=DIRECTION('',(0.0,0.573576436351011,-0.819152044289016));
#14296=DIRECTION('',(0.0,-0.295073066394313,-0.955474691181644));
#14297=DIRECTION('',(0.0,-1.0,0.0));
#14298=DIRECTION('',(0.0,0.0,1.0));
#14299=DIRECTION('',(0.0,-1.0,0.0));
#14300=DIRECTION('',(0.0,-0.295073066394313,0.955474691181644));
#14301=DIRECTION('',(0.0,0.573576436351011,0.819152044289016));
#14302=DIRECTION('',(0.0,0.0,1.0));
#14303=DIRECTION('',(-1.0,0.0,0.0));
#14304=DIRECTION('',(-1.0,0.0,0.0));
#14305=DIRECTION('',(-1.0,0.0,0.0));
#14306=DIRECTION('',(-1.0,0.0,0.0));
#14307=DIRECTION('',(-1.0,0.0,0.0));
#14308=DIRECTION('',(-1.0,0.0,0.0));
#14309=DIRECTION('',(-1.0,0.0,0.0));
#14310=DIRECTION('',(0.0,1.0,0.0));
#14311=DIRECTION('',(0.0,0.295073066394313,0.955474691181644));
#14312=DIRECTION('',(0.0,-0.573576436351011,0.819152044289016));
#14313=DIRECTION('',(0.0,0.0,1.0));
#14314=DIRECTION('',(0.0,0.0,-1.0));
#14315=DIRECTION('',(0.0,-0.573576436351011,-0.819152044289016));
#14316=DIRECTION('',(0.0,0.295073066394313,-0.955474691181644));
#14317=DIRECTION('',(0.0,1.0,0.0));
#14318=DIRECTION('',(0.0,0.0,1.0));
#14319=DIRECTION('',(0.0,0.0,-1.0));
#14320=DIRECTION('',(0.0,0.0,-1.0));
#14321=DIRECTION('',(-1.0,0.0,0.0));
#14322=DIRECTION('',(0.0,1.0,0.0));
#14323=DIRECTION('',(-1.0,0.0,0.0));
#14324=DIRECTION('',(0.0,0.295073066394313,0.955474691181644));
#14325=DIRECTION('',(-1.0,0.0,0.0));
#14326=DIRECTION('',(0.0,-0.573576436351011,0.819152044289016));
#14327=DIRECTION('',(-1.0,0.0,0.0));
#14328=DIRECTION('',(0.0,0.0,1.0));
#14329=DIRECTION('',(0.0,0.0,1.0));
#14330=DIRECTION('',(0.0,1.0,0.0));
#14331=DIRECTION('',(0.0,0.295073066394313,-0.955474691181644));
#14332=DIRECTION('',(0.0,-0.573576436351011,-0.819152044289016));
#14333=DIRECTION('',(0.0,0.0,-1.0));
#14334=DIRECTION('',(-1.0,0.0,0.0));
#14335=DIRECTION('',(-1.0,0.0,0.0));
#14336=DIRECTION('',(-1.0,0.0,0.0));
#14337=DIRECTION('',(-1.0,0.0,0.0));
#14338=DIRECTION('',(0.0,0.0,-1.0));
#14339=DIRECTION('',(0.0,1.0,0.0));
#14340=DIRECTION('',(0.0,0.0,-1.0));
#14341=DIRECTION('',(-1.0,0.0,0.0));
#14342=DIRECTION('',(0.0,0.0,-1.0));
#14343=DIRECTION('',(0.0,-1.0,0.0));
#14344=DIRECTION('',(0.0,0.0,-1.0));
#14345=DIRECTION('',(1.0,0.0,0.0));
#14346=DIRECTION('',(1.0,0.0,0.0));
#14347=DIRECTION('',(0.0,-1.0,0.0));
#14348=DIRECTION('',(-1.0,0.0,0.0));
#14349=DIRECTION('',(0.0,1.0,0.0));
#14350=DIRECTION('',(0.0,1.0,0.0));
#14351=DIRECTION('',(1.0,0.0,0.0));
#14352=DIRECTION('',(0.0,-1.0,0.0));
#14353=DIRECTION('',(-1.0,0.0,0.0));
#14354=DIRECTION('',(0.0,-1.0,0.0));
#14355=DIRECTION('',(-1.0,0.0,0.0));
#14356=DIRECTION('',(0.0,1.0,0.0));
#14357=DIRECTION('',(1.0,0.0,0.0));
#14358=DIRECTION('',(0.0,-1.0,0.0));
#14359=DIRECTION('',(-1.0,0.0,0.0));
#14360=DIRECTION('',(0.0,1.0,0.0));
#14361=DIRECTION('',(1.0,0.0,0.0));
#14362=DIRECTION('',(-1.0,0.0,0.0));
#14363=DIRECTION('',(0.0,1.0,0.0));
#14364=DIRECTION('',(1.0,0.0,0.0));
#14365=DIRECTION('',(0.0,-1.0,0.0));
#14366=DIRECTION('',(0.0,0.0,-1.0));
#14367=DIRECTION('',(0.0,0.0,-1.0));
#14368=DIRECTION('',(0.0,0.0,-1.0));
#14369=DIRECTION('',(0.0,0.0,-1.0));
#14370=DIRECTION('',(0.0,0.0,-1.0));
#14371=DIRECTION('',(0.0,0.0,-1.0));
#14372=DIRECTION('',(0.0,0.0,-1.0));
#14373=DIRECTION('',(0.0,0.0,-1.0));
#14374=DIRECTION('',(0.0,0.0,-1.0));
#14375=DIRECTION('',(0.0,0.0,-1.0));
#14376=DIRECTION('',(0.0,0.0,-1.0));
#14377=DIRECTION('',(0.0,0.0,-1.0));
#14378=DIRECTION('',(0.0,0.0,-1.0));
#14379=DIRECTION('',(0.0,0.0,-1.0));
#14380=DIRECTION('',(0.0,0.0,-1.0));
#14381=DIRECTION('',(0.0,0.0,-1.0));
#14382=DIRECTION('',(0.0,0.0,-1.0));
#14383=DIRECTION('',(0.0,0.0,-1.0));
#14384=DIRECTION('',(0.0,0.0,-1.0));
#14385=DIRECTION('',(0.0,0.0,-1.0));
#14386=DIRECTION('',(0.0,0.0,-1.0));
#14387=DIRECTION('',(0.0,1.0,0.0));
#14388=DIRECTION('',(0.0,0.0,-1.0));
#14389=DIRECTION('',(-1.0,0.0,0.0));
#14390=DIRECTION('',(0.0,0.0,-1.0));
#14391=DIRECTION('',(0.0,-1.0,0.0));
#14392=DIRECTION('',(0.0,0.0,-1.0));
#14393=DIRECTION('',(1.0,0.0,0.0));
#14394=DIRECTION('',(1.0,0.0,0.0));
#14395=DIRECTION('',(0.0,-1.0,0.0));
#14396=DIRECTION('',(-1.0,0.0,0.0));
#14397=DIRECTION('',(0.0,1.0,0.0));
#14398=DIRECTION('',(0.0,1.0,0.0));
#14399=DIRECTION('',(1.0,0.0,0.0));
#14400=DIRECTION('',(0.0,-1.0,0.0));
#14401=DIRECTION('',(-1.0,0.0,0.0));
#14402=DIRECTION('',(0.0,-1.0,0.0));
#14403=DIRECTION('',(-1.0,0.0,0.0));
#14404=DIRECTION('',(0.0,1.0,0.0));
#14405=DIRECTION('',(1.0,0.0,0.0));
#14406=DIRECTION('',(0.0,-1.0,0.0));
#14407=DIRECTION('',(-1.0,0.0,0.0));
#14408=DIRECTION('',(0.0,1.0,0.0));
#14409=DIRECTION('',(1.0,0.0,0.0));
#14410=DIRECTION('',(-1.0,0.0,0.0));
#14411=DIRECTION('',(0.0,1.0,0.0));
#14412=DIRECTION('',(1.0,0.0,0.0));
#14413=DIRECTION('',(0.0,-1.0,0.0));
#14414=DIRECTION('',(0.0,0.0,-1.0));
#14415=DIRECTION('',(0.0,0.0,-1.0));
#14416=DIRECTION('',(0.0,0.0,-1.0));
#14417=DIRECTION('',(0.0,0.0,-1.0));
#14418=DIRECTION('',(0.0,0.0,-1.0));
#14419=DIRECTION('',(0.0,0.0,-1.0));
#14420=DIRECTION('',(0.0,0.0,-1.0));
#14421=DIRECTION('',(0.0,0.0,-1.0));
#14422=DIRECTION('',(0.0,0.0,-1.0));
#14423=DIRECTION('',(0.0,0.0,-1.0));
#14424=DIRECTION('',(0.0,0.0,-1.0));
#14425=DIRECTION('',(0.0,0.0,-1.0));
#14426=DIRECTION('',(0.0,0.0,-1.0));
#14427=DIRECTION('',(0.0,0.0,-1.0));
#14428=DIRECTION('',(0.0,0.0,-1.0));
#14429=DIRECTION('',(0.0,0.0,-1.0));
#14430=DIRECTION('',(0.0,0.0,-1.0));
#14431=DIRECTION('',(0.0,0.0,-1.0));
#14432=DIRECTION('',(0.0,0.0,-1.0));
#14433=DIRECTION('',(0.0,0.0,-1.0));
#14434=DIRECTION('',(0.0,0.0,-1.0));
#14435=DIRECTION('',(0.0,1.0,0.0));
#14436=DIRECTION('',(0.0,0.0,-1.0));
#14437=DIRECTION('',(-1.0,0.0,0.0));
#14438=DIRECTION('',(0.0,0.0,-1.0));
#14439=DIRECTION('',(0.0,-1.0,0.0));
#14440=DIRECTION('',(0.0,0.0,-1.0));
#14441=DIRECTION('',(1.0,0.0,0.0));
#14442=DIRECTION('',(1.0,0.0,0.0));
#14443=DIRECTION('',(0.0,-1.0,0.0));
#14444=DIRECTION('',(-1.0,0.0,0.0));
#14445=DIRECTION('',(0.0,1.0,0.0));
#14446=DIRECTION('',(0.0,1.0,0.0));
#14447=DIRECTION('',(1.0,0.0,0.0));
#14448=DIRECTION('',(0.0,-1.0,0.0));
#14449=DIRECTION('',(-1.0,0.0,0.0));
#14450=DIRECTION('',(0.0,-1.0,0.0));
#14451=DIRECTION('',(-1.0,0.0,0.0));
#14452=DIRECTION('',(0.0,1.0,0.0));
#14453=DIRECTION('',(1.0,0.0,0.0));
#14454=DIRECTION('',(0.0,-1.0,0.0));
#14455=DIRECTION('',(-1.0,0.0,0.0));
#14456=DIRECTION('',(0.0,1.0,0.0));
#14457=DIRECTION('',(1.0,0.0,0.0));
#14458=DIRECTION('',(-1.0,0.0,0.0));
#14459=DIRECTION('',(0.0,1.0,0.0));
#14460=DIRECTION('',(1.0,0.0,0.0));
#14461=DIRECTION('',(0.0,-1.0,0.0));
#14462=DIRECTION('',(0.0,0.0,-1.0));
#14463=DIRECTION('',(0.0,0.0,-1.0));
#14464=DIRECTION('',(0.0,0.0,-1.0));
#14465=DIRECTION('',(0.0,0.0,-1.0));
#14466=DIRECTION('',(0.0,0.0,-1.0));
#14467=DIRECTION('',(0.0,0.0,-1.0));
#14468=DIRECTION('',(0.0,0.0,-1.0));
#14469=DIRECTION('',(0.0,0.0,-1.0));
#14470=DIRECTION('',(0.0,0.0,-1.0));
#14471=DIRECTION('',(0.0,0.0,-1.0));
#14472=DIRECTION('',(0.0,0.0,-1.0));
#14473=DIRECTION('',(0.0,0.0,-1.0));
#14474=DIRECTION('',(0.0,0.0,-1.0));
#14475=DIRECTION('',(0.0,0.0,-1.0));
#14476=DIRECTION('',(0.0,0.0,-1.0));
#14477=DIRECTION('',(0.0,0.0,-1.0));
#14478=DIRECTION('',(0.0,0.0,-1.0));
#14479=DIRECTION('',(0.0,0.0,-1.0));
#14480=DIRECTION('',(0.0,0.0,-1.0));
#14481=DIRECTION('',(0.0,0.0,-1.0));
#14482=DIRECTION('',(0.0,0.0,-1.0));
#14483=DIRECTION('',(0.0,1.0,0.0));
#14484=DIRECTION('',(0.0,0.0,-1.0));
#14485=DIRECTION('',(-1.0,0.0,0.0));
#14486=DIRECTION('',(0.0,0.0,-1.0));
#14487=DIRECTION('',(0.0,-1.0,0.0));
#14488=DIRECTION('',(0.0,0.0,-1.0));
#14489=DIRECTION('',(1.0,0.0,0.0));
#14490=DIRECTION('',(1.0,0.0,0.0));
#14491=DIRECTION('',(0.0,-1.0,0.0));
#14492=DIRECTION('',(-1.0,0.0,0.0));
#14493=DIRECTION('',(0.0,1.0,0.0));
#14494=DIRECTION('',(0.0,1.0,0.0));
#14495=DIRECTION('',(1.0,0.0,0.0));
#14496=DIRECTION('',(0.0,-1.0,0.0));
#14497=DIRECTION('',(-1.0,0.0,0.0));
#14498=DIRECTION('',(0.0,-1.0,0.0));
#14499=DIRECTION('',(-1.0,0.0,0.0));
#14500=DIRECTION('',(0.0,1.0,0.0));
#14501=DIRECTION('',(1.0,0.0,0.0));
#14502=DIRECTION('',(0.0,-1.0,0.0));
#14503=DIRECTION('',(-1.0,0.0,0.0));
#14504=DIRECTION('',(0.0,1.0,0.0));
#14505=DIRECTION('',(1.0,0.0,0.0));
#14506=DIRECTION('',(-1.0,0.0,0.0));
#14507=DIRECTION('',(0.0,1.0,0.0));
#14508=DIRECTION('',(1.0,0.0,0.0));
#14509=DIRECTION('',(0.0,-1.0,0.0));
#14510=DIRECTION('',(0.0,0.0,-1.0));
#14511=DIRECTION('',(0.0,0.0,-1.0));
#14512=DIRECTION('',(0.0,0.0,-1.0));
#14513=DIRECTION('',(0.0,0.0,-1.0));
#14514=DIRECTION('',(0.0,0.0,-1.0));
#14515=DIRECTION('',(0.0,0.0,-1.0));
#14516=DIRECTION('',(0.0,0.0,-1.0));
#14517=DIRECTION('',(0.0,0.0,-1.0));
#14518=DIRECTION('',(0.0,0.0,-1.0));
#14519=DIRECTION('',(0.0,0.0,-1.0));
#14520=DIRECTION('',(0.0,0.0,-1.0));
#14521=DIRECTION('',(0.0,0.0,-1.0));
#14522=DIRECTION('',(0.0,0.0,-1.0));
#14523=DIRECTION('',(0.0,0.0,-1.0));
#14524=DIRECTION('',(0.0,0.0,-1.0));
#14525=DIRECTION('',(0.0,0.0,-1.0));
#14526=DIRECTION('',(0.0,0.0,-1.0));
#14527=DIRECTION('',(0.0,0.0,-1.0));
#14528=DIRECTION('',(0.0,0.0,-1.0));
#14529=DIRECTION('',(0.0,0.0,-1.0));
#14530=DIRECTION('',(0.0,0.0,-1.0));
#14531=DIRECTION('',(0.0,1.0,0.0));
#14532=DIRECTION('',(0.0,0.0,-1.0));
#14533=DIRECTION('',(-1.0,0.0,0.0));
#14534=DIRECTION('',(0.0,0.0,-1.0));
#14535=DIRECTION('',(0.0,-1.0,0.0));
#14536=DIRECTION('',(0.0,0.0,-1.0));
#14537=DIRECTION('',(1.0,0.0,0.0));
#14538=DIRECTION('',(1.0,0.0,0.0));
#14539=DIRECTION('',(0.0,-1.0,0.0));
#14540=DIRECTION('',(-1.0,0.0,0.0));
#14541=DIRECTION('',(0.0,1.0,0.0));
#14542=DIRECTION('',(0.0,1.0,0.0));
#14543=DIRECTION('',(1.0,0.0,0.0));
#14544=DIRECTION('',(0.0,-1.0,0.0));
#14545=DIRECTION('',(-1.0,0.0,0.0));
#14546=DIRECTION('',(0.0,-1.0,0.0));
#14547=DIRECTION('',(-1.0,0.0,0.0));
#14548=DIRECTION('',(0.0,1.0,0.0));
#14549=DIRECTION('',(1.0,0.0,0.0));
#14550=DIRECTION('',(0.0,-1.0,0.0));
#14551=DIRECTION('',(-1.0,0.0,0.0));
#14552=DIRECTION('',(0.0,1.0,0.0));
#14553=DIRECTION('',(1.0,0.0,0.0));
#14554=DIRECTION('',(-1.0,0.0,0.0));
#14555=DIRECTION('',(0.0,1.0,0.0));
#14556=DIRECTION('',(1.0,0.0,0.0));
#14557=DIRECTION('',(0.0,-1.0,0.0));
#14558=DIRECTION('',(0.0,0.0,-1.0));
#14559=DIRECTION('',(0.0,0.0,-1.0));
#14560=DIRECTION('',(0.0,0.0,-1.0));
#14561=DIRECTION('',(0.0,0.0,-1.0));
#14562=DIRECTION('',(0.0,0.0,-1.0));
#14563=DIRECTION('',(0.0,0.0,-1.0));
#14564=DIRECTION('',(0.0,0.0,-1.0));
#14565=DIRECTION('',(0.0,0.0,-1.0));
#14566=DIRECTION('',(0.0,0.0,-1.0));
#14567=DIRECTION('',(0.0,0.0,-1.0));
#14568=DIRECTION('',(0.0,0.0,-1.0));
#14569=DIRECTION('',(0.0,0.0,-1.0));
#14570=DIRECTION('',(0.0,0.0,-1.0));
#14571=DIRECTION('',(0.0,0.0,-1.0));
#14572=DIRECTION('',(0.0,0.0,-1.0));
#14573=DIRECTION('',(0.0,0.0,-1.0));
#14574=DIRECTION('',(0.0,0.0,-1.0));
#14575=DIRECTION('',(0.0,0.0,-1.0));
#14576=DIRECTION('',(0.0,0.0,-1.0));
#14577=DIRECTION('',(0.0,0.0,-1.0));
#14578=PRESENTATION_LAYER_ASSIGNMENT('','',(#26,#49,#50,#51,#52,#53,#54,#55,#56,#57,#58,#59,#60,#61,#62,#63,#64,#65,#66,#67,#68,#69,#70,#71,#72,#77,#78,#79,#80,#81,#82,#83,#84,#85,#86,#87,#88,#89,#90,#91,#92,#93,#94,#95,#96,#97,#98,#99,#100,#101,#102,#103,#104,#105,#106,#107,#108,#109,#110,#111,#112,#113,#114,#115,#116,#117,#118,#119,#120,#121,#122,#123,#124,#125,#126,#127,#128,#129,#130,#131,#132,#133,#134,#135,#136,#137,#138,#139,#140,#141,#142,#143,#144,#145,#146,#147,#148,#149,#150,#151,#152,#153,#154,#155,#156,#157,#158,#159,#160,#161,#162,#163,#164,#165,#166,#167,#168,#169,#170,#171,#172,#173,#174,#175,#176,#177,#178,#179,#180,#181,#182,#183,#184,#185,#186,#187,#188,#189,#190,#191,#192,#193,#194,#195,#196,#197,#198,#199,#200,#201,#202,#203,#204,#205,#206,#207,#208,#209,#210,#211,#212,#213,#214,#215,#216,#217,#218,#219,#220,#221,#222,#223,#224,#225,#226,#227,#228,#229,#230,#231,#232,#233,#234,#235,#236,#237,#238,#239,#240,#241,#242,#243,#244,#245,#246,#247,#248,#249,#250,#251,#252,#253,#254,#255,#256,#257,#258,#259,#260,#261,#262,#263,#264,#265,#266,#267,#268,#269,#270,#271,#272,#273,#274,#275,#276,#277,#278,#279,#280,#281,#282,#283,#284,#285,#286,#287,#288,#289,#290,#291,#292,#293,#294,#295,#296,#297,#298,#299,#300,#301,#302,#303,#304,#305,#306,#307,#308,#309,#310,#311,#312,#313,#314,#315,#316,#317,#318,#319,#320,#321,#322,#323,#324,#325,#326,#327,#328,#329,#330,#331,#332,#333,#334,#335,#336,#337,#338,#339,#340,#341,#342,#343,#344,#345,#346,#347,#348,#349,#350,#351,#352,#353,#354,#355,#356,#357,#358,#359,#360,#361,#362,#363,#364,#365,#366,#367,#368,#369,#370,#371,#372,#373,#374,#375,#376,#377,#378,#379,#380,#381,#382,#383,#384,#385,#386,#387,#388,#389,#390,#391,#392,#393,#394,#395,#396,#397,#398,#399,#400,#401,#402,#403,#404,#405,#406,#407,#408,#409,#410,#411,#412,#413,#414,#415,#416,#417,#418,#419,#420,#421,#422,#423,#424,#425,#426,#427,#428,#429,#430,#431,#432,#433,#434,#435,#436,#437,#438,#439,#440,#441,#442,#443,#444,#445,#446,#447,#448,#449,#450,#451,#452,#453,#454,#455,#456,#457,#458,#459,#460,#461,#462,#463,#464,#465,#466,#467,#468,#469,#470,#471,#472,#473,#474,#475,#476,#477,#478,#479,#480,#481,#482,#483,#484,#485,#486,#487,#488,#489,#490,#491,#492,#493,#494,#495,#496,#497,#498,#499,#500,#501,#502,#503,#504,#505,#506,#507,#508,#509,#510,#511,#512,#513,#514,#515,#516,#517,#518,#519,#520,#521,#522,#523,#524,#525,#526,#527,#528,#529,#530,#531,#532,#533,#534,#535,#536,#537,#538,#539,#540,#541,#542,#543,#544,#545,#1591,#1592,#1593,#1594,#1595,#1596,#1597,#1598,#1599,#1600,#1601,#1602,#1603,#1604,#1605,#1606,#1607,#1608,#1609,#1610,#1611,#1612,#1613,#1614,#1615,#1616,#1617,#1618,#1619,#1620,#1621,#1622,#1623,#1624,#1625,#1626,#1627,#1628,#1629,#1630,#1631,#1632,#1633,#1634,#1635,#1636,#1637,#6606,#6607,#6608,#6610,#6611,#6612,#6613,#6614,#6615,#6616,#6617,#6618,#6619,#6620,#6621,#6622,#6623,#6624,#6625,#6626,#6627,#6628,#6629,#6630,#6631,#6632,#6633,#6634,#6635,#6636,#6637,#6638,#6639,#6640,#6641,#6642,#6643,#6644,#6645,#6646,#6647,#6648,#6649,#6650,#6651,#6652,#6653,#6654,#6655,#6656,#6657,#6658,#6659,#6660,#6661,#6662,#6663,#6664,#6665,#6666,#6667,#6668,#6669,#6670,#6671,#6672,#6673,#6674,#6675,#6676,#6677,#6678,#6679,#6680,#6681,#6682,#6683,#6684,#6685,#6686,#6687,#6688,#6689,#6690,#6691,#6692,#6693,#6694,#6695,#6696,#6697,#6698,#6699,#6700,#6701,#6702,#6703,#6704,#6705,#6706,#6707,#6708,#6709,#6710,#6711,#6712,#6713,#6714,#6715,#6716,#6717,#6718,#6719,#6720,#6721,#6722,#6723,#6724,#6725,#6726,#6727,#6728,#6729,#6730,#6731,#6732,#6733,#6734,#6735,#6736,#6737,#6738,#6739,#6740,#6741,#6742,#6743,#6744,#6745,#6746,#6747,#6748,#6749,#6750,#6751,#6752,#6753,#6754,#6755,#6756,#6757,#6758,#6759,#6760,#6761,#6762,#6763,#6764,#6765,#6766,#6767,#6768,#6769,#6770,#6771,#6772,#6773,#6774,#6775,#6776,#6777,#6778,#6779,#6780,#6781,#6782,#6783,#6784,#6785,#6786,#6787,#6788,#6789,#6790,#6791,#6792,#6793,#6794,#6795,#6796,#6797,#6798,#6799,#6800,#6801,#6802,#6803,#6804,#6805,#6806,#6807,#6808,#6809,#6810,#6811,#6812,#6813,#6814,#6815,#6816,#6817,#6818,#6819,#6820,#6821,#6822,#6823,#6824,#6825,#6826,#6827,#6828,#6829,#6830,#6831,#6832,#6833,#6834,#6835,#6836,#6837,#6838,#6839,#6840,#6841,#6842,#6843,#6844,#6845,#6846,#6847,#6848,#6849,#6850,#6851,#6852,#6853,#6854,#6855,#6856,#6857,#6858,#6859,#6860,#6861,#6862,#6863,#6864,#6865,#6866,#6867,#6868,#6869,#6870,#6871,#6872,#6873,#6874,#6875,#6876,#6877,#6878,#6879,#6880,#6881,#6882,#6883,#6884,#6885,#6886,#6887,#6888,#6889,#6890,#6891,#6892,#6893,#6894,#6895,#6896,#6897,#6898,#6899,#6900,#6901,#6902,#6903,#6904,#6905,#6906,#6907,#6908,#6909,#6910,#6911,#6912,#6913,#6914,#6915,#6916,#6917,#6918,#6919,#6920,#6921,#6922,#6923,#6924,#6925,#6926,#6927,#6928,#6929,#6930,#6931,#6932,#6933,#6934,#6935,#6936,#6937,#6938,#6939,#6940,#6941,#6942,#6943,#6944,#6945,#6946,#6947,#6948,#6949,#6950,#6951,#6952,#6953,#6954,#6955,#6956,#6957,#6958,#6959,#6960,#6961,#6962,#6963,#6964,#6965,#6966,#6967,#6968,#6969,#6970,#6971,#6972,#6973,#6974,#6975,#6976,#6977,#6978,#6979,#6980,#6981,#6982,#6983,#6984,#6985,#6986,#6987,#6988,#6989,#6990,#6991,#6992,#6993,#6994,#6995,#6996,#6997,#6998,#6999,#7000,#7001,#7002,#7003,#7004,#7005,#7006,#7007,#7008,#7009,#7010,#7011,#7012,#7013,#7014,#7015,#7016,#7017,#7018,#7019,#7020,#7021,#7022,#7023,#7024,#7025,#7026,#7027,#7028,#7029,#7030,#7031,#7032,#7033,#7034,#7035,#7036,#7037,#7038,#7039,#7040,#7041,#7042,#7043,#7044,#7045,#7046,#7047,#7048,#7049,#7050,#7051,#7052,#7053,#7054,#7055,#7056,#7057,#7058,#7059,#7060,#7061,#7062,#7063,#7064,#7065,#7066,#7067,#7068,#7069,#7070,#7071,#7072,#7073,#7074,#7075,#7076,#7077,#7078,#7079,#7080,#7081,#7082,#7083,#7084,#7085,#7086,#7087,#7088,#7089,#7090,#7091,#7092,#7093,#7094,#7095,#7096,#7097,#7098,#7099,#7100,#7101,#7102,#7103,#7104,#7105,#7106,#7107,#7108,#7109,#7110,#7111,#7112,#7113,#7114,#7115,#7116,#7117,#7118,#7119,#7120,#7121,#7122,#7123,#7124,#7125,#7126,#7127,#7128,#7129,#7130,#7131,#7132,#7133,#7134,#7135,#7136,#7137,#7138,#7139,#7140,#7141,#7142,#7143,#7144,#7145,#7146,#7147,#7148,#7149,#7150,#7151,#7152,#7153,#7154,#7155,#7156,#7157,#7158,#7159,#7160,#7161,#7162,#7163,#7164,#7165,#7166,#7167,#7168,#7169,#7170,#7171,#7172,#7173,#7174,#7175,#7176,#7177,#7178,#7179,#7180,#7181,#7182,#7183,#7184,#7185,#7186,#7187,#7188,#7189,#7190,#7191,#7192,#7193,#7194,#7195,#7196,#7197,#7198,#7199,#7200,#7201,#7202,#7203,#7204,#7205,#7206,#7207,#7208,#7209,#7210,#7211,#7212,#7213,#7214,#7215,#7216,#7217,#7218,#7219,#7220,#7221,#7222,#7223,#7224,#7225,#7226,#7227,#7228,#7229,#7230,#7231,#7232,#7233,#7234,#7235,#7236,#7237,#7238,#7239,#7240,#7241,#7242,#7243,#7244,#7245,#7246,#7247,#7248,#7249,#7250,#7251,#7252,#7253,#7254,#7255,#7256,#7257,#7258,#7259,#7260,#7261,#7262,#7263,#7264,#7265,#7266,#7267,#7268,#7269,#7270,#7271,#7272,#7273,#7274,#7275,#7276,#7277,#7278,#7279,#7280,#7281,#7282,#7283,#7284,#7285,#7286,#7287,#7288,#7289,#7290,#7291,#7292,#7293,#7294,#7295,#7296,#7297,#7298,#7299,#7300,#7301,#7302,#7303,#7304,#7305,#7306,#7307,#7308,#7309,#7310,#7311,#7312,#7313,#7314,#7315,#7316,#7317,#7318,#7319,#7320,#7321,#7322,#7323,#7324,#7325,#7326,#7327,#7328,#7329,#7330,#7331,#7332,#7333,#7334,#7335,#7336,#7337,#7338,#7339,#7340,#7341,#7342,#7343,#7344,#7345,#7346,#7347,#7348,#7349,#7350,#7351,#7352,#7353,#7354,#7355,#7356,#7357,#7358,#7359,#7360,#7361,#7362,#7363,#7364,#7365,#7366,#7367,#7368,#7369,#7370,#7371,#7372,#7373,#7374,#7375,#7376,#7377,#7378,#7379,#7380,#7381,#7382,#7383,#7384,#7385,#7386,#7387,#7388,#7389,#7390,#7391,#7392,#7393,#7394,#7395,#7396,#7397,#7398,#7399,#7400,#7401,#7402,#7403,#7404,#7405,#7406,#7407,#7408,#7409,#7410,#7411,#7412,#7413,#7414,#7415,#7416,#7417,#7418,#7419,#7420,#7421,#7422,#7423,#7424,#7425,#7426,#7427,#7428,#7429,#7430,#7431,#7432,#7433,#7434,#7435,#7436,#7437,#7438,#7439,#7440,#7441,#7442,#7443,#7444,#7445,#7446,#7447,#7448,#7449,#7450,#7451,#7452,#7453,#7454,#7455,#7456,#7457,#7458,#7459,#7460,#7461,#7462,#7463,#7464,#7465,#7466,#7467,#7468,#7469,#7470,#7471,#7472,#7473,#7474,#7475,#7476,#7477,#7478,#7479,#7480,#7481,#7482,#7483,#7484,#7485,#7486,#7487,#7488,#7489,#7490,#7491,#7492,#7493,#7494,#7495,#7496,#7497,#7498,#7499,#7500,#7501,#7502,#7503,#7504,#7505,#7506,#7507,#7508,#7509,#7510,#7511,#7512,#7513,#7514,#7515,#7516,#7517,#7518,#7519,#7520,#7521,#7522,#7523,#7524,#7525,#7526,#7527,#7528,#7529,#7530,#7531,#7532,#7533,#7534,#7535,#7536,#7537,#7538,#7539,#7540,#7541,#7542,#7543,#7544,#7545,#7546,#7547,#7548,#7549,#7550,#7551,#7552,#7553,#7554,#7555,#7556,#7557,#7558,#7559,#7560,#7561,#7562,#7563,#7564,#7565,#7566,#7567,#7568,#7569,#7570,#7571,#7572,#7573,#7574,#7575,#7576,#7577,#7578,#7579,#7580,#7581,#7582,#7583,#7584,#7585,#7586,#7587,#7588,#7589,#7590,#7591,#7592,#7593,#7594,#7595,#7596,#7597,#7598,#7599,#7600,#7601,#7602,#7603,#7604,#7605,#7606,#7607,#7608,#7609,#7610,#7611,#7612,#7613,#7614,#7615,#7616,#7617,#7618,#7619,#7620,#7621,#7622,#7623,#7624,#7625,#7626,#7627,#7628,#7629,#7630,#7631,#7632,#7633,#7634,#7635,#7636,#7637,#7638,#7639,#7640,#7641,#7642,#7643,#7644,#7645,#7646,#7647,#7648,#7649,#7650,#7651,#7652,#7653,#7654,#7655,#7656,#7657,#7658,#7659,#7660,#7661,#7662,#7663,#7664,#7665,#7666,#7667,#7668,#7669,#7670,#7671,#7672,#7673,#7674,#7675,#7676,#7677,#7678,#7679,#7680,#7681,#7682,#7683,#7684,#7685,#7686,#7687,#7688,#7689,#7690,#7691,#7692,#7693,#7694,#7695,#7696,#7697,#7698,#7699,#7700,#7701,#7702,#7703,#7704,#7705,#7706,#7707,#7708,#7709,#7710,#7711,#7712,#7713,#7714,#7715,#7716,#7717,#7718,#7719,#7720,#7721,#7722,#7723,#7724,#7725,#7726,#7727,#7728,#7729,#7730,#7731,#7732,#7733,#7734,#7735,#7736,#7737,#7738,#7739,#7740,#7741,#7742,#7743,#7744,#7745,#7746,#7747,#7748,#7749,#7750,#7751,#7752,#7753,#7754,#7755,#7756,#7757,#7758,#7759,#7760,#7761,#7762,#7763,#7764,#7765,#7766,#7767,#7768,#7769,#7770,#7771,#7772,#7773,#7774,#7775,#7776,#7777,#7778,#7779,#7780,#7781,#7782,#7783,#7784,#7785,#7786,#7787,#7788,#7789,#7790,#7791,#7792,#7793,#7794,#7795,#7796,#7797,#7798,#7799,#7800,#7801,#7802,#7803,#7804,#7805,#7806,#7807,#7808,#7809,#7810,#7811,#7812,#7813,#7814,#7815,#7816,#7817,#7818,#7819,#7820,#7821,#7822,#7823,#7824,#7825,#7826,#7827,#7828,#7829,#7830,#7831,#7832,#7833,#7834,#7835,#7836,#7837,#7838,#7981,#7983,#7991,#7992,#7994,#7996,#7998,#8000,#8002,#8004,#8006,#8008,#8010,#8012,#8014,#8016,#8018,#8020,#8022,#8024,#8026,#8028,#8030,#8032,#8034,#8036,#8038,#8040,#8042,#8044,#8046,#8048,#8050,#8052,#8054,#8056,#8058,#8060,#8063,#8064,#8067,#8068,#8070,#8072,#8075,#8076,#8078,#8080,#8083,#8084,#8086,#8088,#8091,#8092,#8094,#8096,#8099,#8100,#8102,#8104,#8107,#8108,#8110,#8112,#8115,#8116,#8118,#8120,#8123,#8124,#8126,#8128,#8131,#8132,#8134,#8136,#8139,#8140,#8142,#8144,#8147,#8148,#8150,#8152,#8155,#8156,#8158,#8160,#8163,#8164,#8166,#8168,#8171,#8172,#8174,#8176,#8179,#8180,#8182,#8184,#8187,#8188,#8190,#8192,#8195,#8196,#8198,#8200,#8203,#8204,#8206,#8208,#8211,#8212,#8214,#8216,#8219,#8220,#8222,#8224,#8227,#8228,#8230,#8232,#8235,#8236,#8238,#8240,#8243,#8244,#8246,#8248,#8251,#8252,#8254,#8256,#8259,#8260,#8262,#8264,#8267,#8268,#8270,#8272,#8275,#8276,#8278,#8280,#8283,#8284,#8286,#8288,#8291,#8292,#8294,#8296,#8299,#8300,#8302,#8304,#8307,#8308,#8310,#8312,#8315,#8316,#8318,#8320,#8323,#8324,#8326,#8328,#8331,#8332,#8334,#8336,#8339,#8341,#8343,#8345,#8347,#8349,#8352,#8354,#8357,#8360,#8364,#8365,#8367,#8369,#8374,#8376,#8378,#8380,#8382,#8384,#8386,#8388,#8390,#8392,#8397,#8400,#8403,#8405,#8408,#8410,#8412,#8414,#8416,#8418,#8420,#8422,#8424,#8428,#8430,#8432,#8434,#8436,#8438,#8440,#8442,#8444,#8447,#8450,#8453,#8455,#8458,#8459,#8461,#8464,#8467,#8469,#8471,#8474,#8475,#8477,#8479,#8481,#8483,#8485,#8487,#8489,#8491,#8493,#8495,#8498,#8500,#8502,#8504,#8506,#8508,#8513,#8516,#8518,#8521,#8523,#8525,#8527,#8529,#8532,#8535,#8537,#8539,#8541,#8543,#8546,#8548,#8551,#8555,#8559,#8561,#8564,#8566,#8577,#8581,#8584,#8589,#8592,#8594,#8596,#8598,#8601,#8603,#8605,#8608,#8609,#8611,#8613,#8615,#8617,#8619,#8621,#8623,#8625,#8628,#8629,#8631,#8633,#8635,#8637,#8639,#8641,#8643,#8645,#8648,#8649,#8651,#8653,#8655,#8657,#8659,#8661,#8663,#8665,#8668,#8669,#8671,#8673,#8675,#8677,#8679,#8681,#8683,#8685,#8688,#8689,#8691,#8693,#8695,#8697,#8699,#8701,#8703,#8705,#8708,#8710,#8713,#8715,#8717,#8719,#8721,#8723,#8726,#8728,#8731,#8733,#8735,#8737,#8739,#8741,#8744,#8745,#8747,#8749,#8751,#8753,#8755,#8757,#8760,#8761,#8763,#8765,#8767,#8769,#8771,#8773,#8776,#8777,#8779,#8781,#8783,#8785,#8787,#8789,#8791,#8794,#8795,#8797,#8799,#8801,#8803,#8805,#8807,#8809,#8812,#8813,#8815,#8817,#8819,#8821,#8823,#8825,#8827,#8829,#8831,#8833,#8835,#8837,#8839,#8841,#8843,#8845,#8847,#8850,#8851,#8853,#8855,#8857,#8859,#8861,#8863,#8865,#8867,#8869,#8871,#8873,#8875,#8877,#8879,#8881,#8883,#8885,#8888,#8889,#8891,#8893,#8895,#8897,#8899,#8901,#8903,#8905,#8908,#8910,#8913,#8916,#8919,#8922,#8925,#8928,#8931,#8934,#8938,#8939,#8941,#8943,#8945,#8947,#8949,#8951,#8953,#8955,#8958,#8959,#8961,#8963,#8966,#8967,#8969,#8971,#8973,#8975,#8977,#8979,#8981,#8983,#8986,#8987,#8989,#8991,#8994,#8995,#8997,#8999,#9001,#9003,#9005,#9007,#9009,#9011,#9014,#9015,#9017,#9019,#9022,#9023,#9025,#9027,#9030,#9031,#9033,#9035,#9037,#9039,#9041,#9043,#9045,#9047,#9049,#9051,#9053,#9055,#9057,#9059,#9061,#9063,#9065,#9068,#9069,#9071,#9073,#9076,#9077,#9079,#9081,#9084,#9085,#9087,#9089,#9091,#9093,#9095,#9097,#9099,#9101,#9103,#9105,#9107,#9109,#9111,#9113,#9115,#9117,#9119,#9122,#9123,#9125,#9127,#9130,#9131,#9133,#9135,#9138,#9140,#9143,#9145,#9148,#9151,#9154,#9156,#9172,#9174,#9177,#9179,#9182,#9185,#9188,#9190,#9216,#9218,#9221,#9223,#9226,#9229,#9232,#9234,#9240,#9242,#9245,#9247,#9250,#9253,#9256,#9257,#9302,#9304,#9307,#9310,#9313,#9316,#9319,#9322,#9325,#9328,#9332,#9333,#9335,#9337,#9340,#9341,#9343,#9345,#9347,#9349,#9351,#9353,#9355,#9357,#9360,#9361,#9363,#9365,#9378,#9380,#9383,#9385,#9388,#9391,#9394,#9396,#9408,#9410,#9412,#9415,#9416,#9419,#9422,#9424,#9427,#9429,#9431,#9434,#9435,#9438,#9444,#9447,#9451,#9452,#9454,#9456,#9474,#9476,#9479,#9482,#9485,#9488,#9491,#9494,#9498,#9500,#9503,#9506,#9509,#9512,#9515,#9518,#9522,#9524,#9527,#9530,#9533,#9536,#9539,#9542,#9545,#9549,#9550,#9552,#9554,#9556,#9558,#9560,#9562,#9564,#9577,#9582,#9586,#9588,#9590,#9592,#9595,#9597,#9599,#9601,#9604,#9607,#9609,#9611,#9613,#9616,#9618,#9620,#9630,#9631,#9633,#9635,#9639,#9640,#9642,#9644,#9648,#9651,#9654,#9657,#9661,#9663,#9665,#9667,#9674,#9676,#9679,#9682,#9686,#9687,#9689,#9691,#9694,#9695,#9697,#9699,#9702,#9703,#9705,#9707,#9710,#9711,#9713,#9715,#9718,#9719,#9721,#9723,#9746,#9748,#9751,#9754,#9758,#9759,#9761,#9763,#9766,#9767,#9769,#9771,#9774,#9775,#9777,#9779,#9782,#9783,#9785,#9787,#9790,#9791,#9793,#9795,#9818,#9820,#9823,#9826,#9830,#9831,#9833,#9835,#9838,#9839,#9841,#9843,#9846,#9847,#9849,#9851,#9854,#9855,#9857,#9859,#9862,#9863,#9865,#9867,#9890,#9892,#9895,#9898,#9902,#9903,#9905,#9907,#9910,#9911,#9913,#9915,#9918,#9919,#9921,#9923,#9926,#9927,#9929,#9931,#9934,#9935,#9937,#9939,#9962,#9964,#9967,#9970,#9974,#9975,#9977,#9979,#9982,#9983,#9985,#9987,#9990,#9991,#9993,#9995,#9998,#9999,#10001,#10003,#10006,#10007,#10009,#10011));
ENDSEC;
END-ISO-10303-21;
