ISO-10303-21;
HEADER;
FILE_DESCRIPTION(('STEP AP242'),'1');
FILE_NAME('0436500700.stp','2025-05-09T22:35:27',('TraceParts'),('TraceParts S.A.'),'Spatial InterOp 3D',' ',' ');
FILE_SCHEMA(('AP242_MANAGED_MODEL_BASED_3D_ENGINEERING_MIM_LF  {1 0 10303 442 1 1 4}'));
ENDSEC;
DATA;
#1=MECHANICAL_DESIGN_GEOMETRIC_PRESENTATION_REPRESENTATION(' ',(#10),#6);
#2=PRODUCT_DEFINITION_CONTEXT('',#11,'design');
#3=APPLICATION_PROTOCOL_DEFINITION('INTERNATIONAL STANDARD','ap242_managed_model_based_3d_engineering',2014,#11);
#4=PRODUCT_CATEGORY_RELATIONSHIP('NONE','NONE',#12,#13);
#5=SHAPE_DEFINITION_REPRESENTATION(#14,#15);
#6= (GEOMETRIC_REPRESENTATION_CONTEXT(3)GLOBAL_UNCERTAINTY_ASSIGNED_CONTEXT((#18))GLOBAL_UNIT_ASSIGNED_CONTEXT((#20,#21,#22))REPRESENTATION_CONTEXT('NONE','WORKSPACE'));
#10=STYLED_ITEM('',(#24),#25);
#11=APPLICATION_CONTEXT('managed model based 3d engineering');
#12=PRODUCT_CATEGORY('part','NONE');
#13=PRODUCT_RELATED_PRODUCT_CATEGORY('detail',' ',(#26));
#14=PRODUCT_DEFINITION_SHAPE('NONE','NONE',#27);
#15=ADVANCED_BREP_SHAPE_REPRESENTATION('0436500700',(#25,#28),#6);
#18=UNCERTAINTY_MEASURE_WITH_UNIT(LENGTH_MEASURE(1.0E-06),#20,'','');
#20= (CONVERSION_BASED_UNIT('MILLIMETRE',#31)LENGTH_UNIT()NAMED_UNIT(#34));
#21= (NAMED_UNIT(#36)PLANE_ANGLE_UNIT()SI_UNIT($,.RADIAN.));
#22= (NAMED_UNIT(#36)SOLID_ANGLE_UNIT()SI_UNIT($,.STERADIAN.));
#24=PRESENTATION_STYLE_ASSIGNMENT((#42));
#25=MANIFOLD_SOLID_BREP('0436500700',#43);
#26=PRODUCT('0436500700','','PART--DESC',(#44));
#27=PRODUCT_DEFINITION('','NONE',#45,#2);
#28=AXIS2_PLACEMENT_3D('',#46,#47,#48);
#31=LENGTH_MEASURE_WITH_UNIT(LENGTH_MEASURE(1.0),#49);
#34=DIMENSIONAL_EXPONENTS(1.0,0.0,0.0,0.0,0.0,0.0,0.0);
#36=DIMENSIONAL_EXPONENTS(0.0,0.0,0.0,0.0,0.0,0.0,0.0);
#42=SURFACE_STYLE_USAGE(.BOTH.,#50);
#43=CLOSED_SHELL('',(#51,#52,#53,#54,#55,#56,#57,#58,#59,#60,#61,#62,#63,#64,#65,#66,#67,#68,#69,#70,#71,#72,#73,#74,#75,#76,#77,#78,#79,#80,#81,#82,#83,#84,#85,#86,#87,#88,#89,#90,#91,#92,#93,#94,#95,#96,#97,#98,#99,#100,#101,#102,#103,#104,#105,#106,#107,#108,#109,#110,#111,#112,#113,#114,#115,#116,#117,#118,#119,#120,#121,#122,#123,#124,#125,#126,#127,#128,#129,#130,#131,#132,#133,#134,#135,#136,#137,#138,#139,#140,#141,#142,#143,#144,#145,#146,#147,#148,#149,#150,#151,#152,#153,#154,#155,#156,#157,#158,#159,#160,#161,#162,#163,#164,#165,#166,#167,#168,#169,#170,#171,#172,#173,#174,#175,#176,#177,#178,#179,#180,#181,#182,#183,#184,#185,#186,#187,#188,#189,#190,#191,#192,#193,#194,#195,#196,#197,#198,#199,#200,#201,#202,#203,#204,#205,#206,#207,#208,#209,#210,#211,#212,#213,#214,#215,#216,#217,#218,#219,#220,#221,#222,#223,#224,#225,#226,#227,#228,#229,#230,#231,#232,#233,#234,#235,#236,#237,#238,#239,#240,#241,#242,#243,#244,#245,#246,#247,#248,#249,#250,#251,#252,#253,#254,#255,#256,#257,#258,#259,#260,#261,#262,#263,#264,#265,#266,#267,#268,#269,#270,#271,#272,#273,#274,#275,#276,#277,#278,#279,#280,#281,#282,#283,#284,#285,#286));
#44=PRODUCT_CONTEXT('',#11,'mechanical');
#45=PRODUCT_DEFINITION_FORMATION_WITH_SPECIFIED_SOURCE(' ','NONE',#26,.NOT_KNOWN.);
#46=CARTESIAN_POINT('',(0.0,0.0,0.0));
#47=DIRECTION('',(0.0,0.0,1.0));
#48=DIRECTION('',(1.0,0.0,0.0));
#49= (NAMED_UNIT(#34)LENGTH_UNIT()SI_UNIT(.MILLI.,.METRE.));
#50=SURFACE_SIDE_STYLE('',(#288));
#51=ADVANCED_FACE('',(#289),#290,.T.);
#52=ADVANCED_FACE('',(#291),#292,.T.);
#53=ADVANCED_FACE('',(#293),#294,.T.);
#54=ADVANCED_FACE('',(#295),#296,.T.);
#55=ADVANCED_FACE('',(#297),#298,.T.);
#56=ADVANCED_FACE('',(#299),#300,.T.);
#57=ADVANCED_FACE('',(#301),#302,.F.);
#58=ADVANCED_FACE('',(#303),#304,.T.);
#59=ADVANCED_FACE('',(#305),#306,.T.);
#60=ADVANCED_FACE('',(#307),#308,.T.);
#61=ADVANCED_FACE('',(#309),#310,.T.);
#62=ADVANCED_FACE('',(#311),#312,.T.);
#63=ADVANCED_FACE('',(#313),#314,.T.);
#64=ADVANCED_FACE('',(#315,#316,#317,#318,#319,#320,#321,#322,#323,#324),#325,.T.);
#65=ADVANCED_FACE('',(#326),#327,.T.);
#66=ADVANCED_FACE('',(#328),#329,.T.);
#67=ADVANCED_FACE('',(#330),#331,.T.);
#68=ADVANCED_FACE('',(#332,#333,#334,#335,#336,#337,#338,#339),#340,.T.);
#69=ADVANCED_FACE('',(#341,#342),#343,.T.);
#70=ADVANCED_FACE('',(#344),#345,.T.);
#71=ADVANCED_FACE('',(#346),#347,.F.);
#72=ADVANCED_FACE('',(#348),#349,.F.);
#73=ADVANCED_FACE('',(#350),#351,.F.);
#74=ADVANCED_FACE('',(#352),#353,.F.);
#75=ADVANCED_FACE('',(#354),#355,.F.);
#76=ADVANCED_FACE('',(#356),#357,.T.);
#77=ADVANCED_FACE('',(#358),#359,.T.);
#78=ADVANCED_FACE('',(#360),#361,.T.);
#79=ADVANCED_FACE('',(#362),#363,.T.);
#80=ADVANCED_FACE('',(#364),#365,.T.);
#81=ADVANCED_FACE('',(#366),#367,.T.);
#82=ADVANCED_FACE('',(#368),#369,.F.);
#83=ADVANCED_FACE('',(#370),#371,.T.);
#84=ADVANCED_FACE('',(#372),#373,.T.);
#85=ADVANCED_FACE('',(#374),#375,.T.);
#86=ADVANCED_FACE('',(#376),#377,.F.);
#87=ADVANCED_FACE('',(#378),#379,.T.);
#88=ADVANCED_FACE('',(#380),#381,.T.);
#89=ADVANCED_FACE('',(#382),#383,.T.);
#90=ADVANCED_FACE('',(#384),#385,.F.);
#91=ADVANCED_FACE('',(#386),#387,.F.);
#92=ADVANCED_FACE('',(#388),#389,.F.);
#93=ADVANCED_FACE('',(#390),#391,.F.);
#94=ADVANCED_FACE('',(#392),#393,.T.);
#95=ADVANCED_FACE('',(#394),#395,.F.);
#96=ADVANCED_FACE('',(#396),#397,.F.);
#97=ADVANCED_FACE('',(#398),#399,.F.);
#98=ADVANCED_FACE('',(#400),#401,.F.);
#99=ADVANCED_FACE('',(#402),#403,.F.);
#100=ADVANCED_FACE('',(#404),#405,.F.);
#101=ADVANCED_FACE('',(#406),#407,.F.);
#102=ADVANCED_FACE('',(#408,#409),#410,.T.);
#103=ADVANCED_FACE('',(#411),#412,.F.);
#104=ADVANCED_FACE('',(#413),#414,.F.);
#105=ADVANCED_FACE('',(#415),#416,.F.);
#106=ADVANCED_FACE('',(#417),#418,.F.);
#107=ADVANCED_FACE('',(#419),#420,.F.);
#108=ADVANCED_FACE('',(#421,#422),#423,.T.);
#109=ADVANCED_FACE('',(#424),#425,.F.);
#110=ADVANCED_FACE('',(#426),#427,.F.);
#111=ADVANCED_FACE('',(#428),#429,.F.);
#112=ADVANCED_FACE('',(#430),#431,.F.);
#113=ADVANCED_FACE('',(#432),#433,.F.);
#114=ADVANCED_FACE('',(#434,#435),#436,.T.);
#115=ADVANCED_FACE('',(#437),#438,.F.);
#116=ADVANCED_FACE('',(#439),#440,.F.);
#117=ADVANCED_FACE('',(#441),#442,.F.);
#118=ADVANCED_FACE('',(#443),#444,.F.);
#119=ADVANCED_FACE('',(#445),#446,.F.);
#120=ADVANCED_FACE('',(#447,#448),#449,.T.);
#121=ADVANCED_FACE('',(#450),#451,.F.);
#122=ADVANCED_FACE('',(#452),#453,.F.);
#123=ADVANCED_FACE('',(#454),#455,.F.);
#124=ADVANCED_FACE('',(#456),#457,.F.);
#125=ADVANCED_FACE('',(#458),#459,.F.);
#126=ADVANCED_FACE('',(#460,#461),#462,.T.);
#127=ADVANCED_FACE('',(#463),#464,.F.);
#128=ADVANCED_FACE('',(#465),#466,.F.);
#129=ADVANCED_FACE('',(#467),#468,.F.);
#130=ADVANCED_FACE('',(#469),#470,.F.);
#131=ADVANCED_FACE('',(#471),#472,.F.);
#132=ADVANCED_FACE('',(#473,#474),#475,.T.);
#133=ADVANCED_FACE('',(#476),#477,.F.);
#134=ADVANCED_FACE('',(#478),#479,.F.);
#135=ADVANCED_FACE('',(#480),#481,.F.);
#136=ADVANCED_FACE('',(#482),#483,.F.);
#137=ADVANCED_FACE('',(#484,#485),#486,.T.);
#138=ADVANCED_FACE('',(#487),#488,.T.);
#139=ADVANCED_FACE('',(#489),#490,.T.);
#140=ADVANCED_FACE('',(#491),#492,.T.);
#141=ADVANCED_FACE('',(#493),#494,.F.);
#142=ADVANCED_FACE('',(#495),#496,.T.);
#143=ADVANCED_FACE('',(#497),#498,.T.);
#144=ADVANCED_FACE('',(#499),#500,.T.);
#145=ADVANCED_FACE('',(#501),#502,.F.);
#146=ADVANCED_FACE('',(#503),#504,.T.);
#147=ADVANCED_FACE('',(#505),#506,.F.);
#148=ADVANCED_FACE('',(#507),#508,.T.);
#149=ADVANCED_FACE('',(#509),#510,.F.);
#150=ADVANCED_FACE('',(#511),#512,.F.);
#151=ADVANCED_FACE('',(#513),#514,.F.);
#152=ADVANCED_FACE('',(#515),#516,.T.);
#153=ADVANCED_FACE('',(#517),#518,.F.);
#154=ADVANCED_FACE('',(#519),#520,.F.);
#155=ADVANCED_FACE('',(#521),#522,.F.);
#156=ADVANCED_FACE('',(#523),#524,.F.);
#157=ADVANCED_FACE('',(#525),#526,.F.);
#158=ADVANCED_FACE('',(#527),#528,.T.);
#159=ADVANCED_FACE('',(#529),#530,.F.);
#160=ADVANCED_FACE('',(#531),#532,.F.);
#161=ADVANCED_FACE('',(#533),#534,.F.);
#162=ADVANCED_FACE('',(#535),#536,.T.);
#163=ADVANCED_FACE('',(#537),#538,.F.);
#164=ADVANCED_FACE('',(#539),#540,.F.);
#165=ADVANCED_FACE('',(#541),#542,.F.);
#166=ADVANCED_FACE('',(#543),#544,.T.);
#167=ADVANCED_FACE('',(#545),#546,.F.);
#168=ADVANCED_FACE('',(#547),#548,.F.);
#169=ADVANCED_FACE('',(#549),#550,.F.);
#170=ADVANCED_FACE('',(#551),#552,.T.);
#171=ADVANCED_FACE('',(#553),#554,.F.);
#172=ADVANCED_FACE('',(#555),#556,.F.);
#173=ADVANCED_FACE('',(#557),#558,.F.);
#174=ADVANCED_FACE('',(#559),#560,.F.);
#175=ADVANCED_FACE('',(#561),#562,.F.);
#176=ADVANCED_FACE('',(#563),#564,.T.);
#177=ADVANCED_FACE('',(#565),#566,.F.);
#178=ADVANCED_FACE('',(#567),#568,.F.);
#179=ADVANCED_FACE('',(#569),#570,.F.);
#180=ADVANCED_FACE('',(#571),#572,.T.);
#181=ADVANCED_FACE('',(#573),#574,.F.);
#182=ADVANCED_FACE('',(#575),#576,.F.);
#183=ADVANCED_FACE('',(#577),#578,.F.);
#184=ADVANCED_FACE('',(#579),#580,.T.);
#185=ADVANCED_FACE('',(#581),#582,.F.);
#186=ADVANCED_FACE('',(#583),#584,.F.);
#187=ADVANCED_FACE('',(#585),#586,.F.);
#188=ADVANCED_FACE('',(#587),#588,.T.);
#189=ADVANCED_FACE('',(#589),#590,.F.);
#190=ADVANCED_FACE('',(#591),#592,.F.);
#191=ADVANCED_FACE('',(#593),#594,.F.);
#192=ADVANCED_FACE('',(#595),#596,.F.);
#193=ADVANCED_FACE('',(#597),#598,.F.);
#194=ADVANCED_FACE('',(#599),#600,.T.);
#195=ADVANCED_FACE('',(#601),#602,.F.);
#196=ADVANCED_FACE('',(#603),#604,.F.);
#197=ADVANCED_FACE('',(#605),#606,.F.);
#198=ADVANCED_FACE('',(#607),#608,.T.);
#199=ADVANCED_FACE('',(#609),#610,.F.);
#200=ADVANCED_FACE('',(#611),#612,.F.);
#201=ADVANCED_FACE('',(#613),#614,.F.);
#202=ADVANCED_FACE('',(#615),#616,.T.);
#203=ADVANCED_FACE('',(#617),#618,.F.);
#204=ADVANCED_FACE('',(#619),#620,.F.);
#205=ADVANCED_FACE('',(#621),#622,.F.);
#206=ADVANCED_FACE('',(#623),#624,.T.);
#207=ADVANCED_FACE('',(#625),#626,.F.);
#208=ADVANCED_FACE('',(#627),#628,.F.);
#209=ADVANCED_FACE('',(#629),#630,.F.);
#210=ADVANCED_FACE('',(#631),#632,.F.);
#211=ADVANCED_FACE('',(#633),#634,.F.);
#212=ADVANCED_FACE('',(#635),#636,.T.);
#213=ADVANCED_FACE('',(#637),#638,.F.);
#214=ADVANCED_FACE('',(#639),#640,.F.);
#215=ADVANCED_FACE('',(#641),#642,.F.);
#216=ADVANCED_FACE('',(#643),#644,.T.);
#217=ADVANCED_FACE('',(#645),#646,.F.);
#218=ADVANCED_FACE('',(#647),#648,.F.);
#219=ADVANCED_FACE('',(#649),#650,.F.);
#220=ADVANCED_FACE('',(#651),#652,.T.);
#221=ADVANCED_FACE('',(#653),#654,.F.);
#222=ADVANCED_FACE('',(#655),#656,.F.);
#223=ADVANCED_FACE('',(#657),#658,.F.);
#224=ADVANCED_FACE('',(#659),#660,.T.);
#225=ADVANCED_FACE('',(#661),#662,.F.);
#226=ADVANCED_FACE('',(#663),#664,.F.);
#227=ADVANCED_FACE('',(#665),#666,.F.);
#228=ADVANCED_FACE('',(#667),#668,.F.);
#229=ADVANCED_FACE('',(#669),#670,.F.);
#230=ADVANCED_FACE('',(#671),#672,.T.);
#231=ADVANCED_FACE('',(#673),#674,.F.);
#232=ADVANCED_FACE('',(#675),#676,.F.);
#233=ADVANCED_FACE('',(#677),#678,.F.);
#234=ADVANCED_FACE('',(#679),#680,.T.);
#235=ADVANCED_FACE('',(#681),#682,.F.);
#236=ADVANCED_FACE('',(#683),#684,.F.);
#237=ADVANCED_FACE('',(#685),#686,.F.);
#238=ADVANCED_FACE('',(#687),#688,.T.);
#239=ADVANCED_FACE('',(#689),#690,.F.);
#240=ADVANCED_FACE('',(#691),#692,.F.);
#241=ADVANCED_FACE('',(#693),#694,.F.);
#242=ADVANCED_FACE('',(#695),#696,.T.);
#243=ADVANCED_FACE('',(#697),#698,.F.);
#244=ADVANCED_FACE('',(#699),#700,.F.);
#245=ADVANCED_FACE('',(#701),#702,.F.);
#246=ADVANCED_FACE('',(#703),#704,.F.);
#247=ADVANCED_FACE('',(#705),#706,.F.);
#248=ADVANCED_FACE('',(#707),#708,.T.);
#249=ADVANCED_FACE('',(#709),#710,.F.);
#250=ADVANCED_FACE('',(#711),#712,.F.);
#251=ADVANCED_FACE('',(#713),#714,.F.);
#252=ADVANCED_FACE('',(#715),#716,.T.);
#253=ADVANCED_FACE('',(#717),#718,.F.);
#254=ADVANCED_FACE('',(#719),#720,.F.);
#255=ADVANCED_FACE('',(#721),#722,.F.);
#256=ADVANCED_FACE('',(#723),#724,.T.);
#257=ADVANCED_FACE('',(#725),#726,.F.);
#258=ADVANCED_FACE('',(#727),#728,.F.);
#259=ADVANCED_FACE('',(#729),#730,.F.);
#260=ADVANCED_FACE('',(#731),#732,.T.);
#261=ADVANCED_FACE('',(#733),#734,.F.);
#262=ADVANCED_FACE('',(#735),#736,.F.);
#263=ADVANCED_FACE('',(#737),#738,.F.);
#264=ADVANCED_FACE('',(#739),#740,.F.);
#265=ADVANCED_FACE('',(#741),#742,.F.);
#266=ADVANCED_FACE('',(#743),#744,.T.);
#267=ADVANCED_FACE('',(#745),#746,.F.);
#268=ADVANCED_FACE('',(#747),#748,.F.);
#269=ADVANCED_FACE('',(#749),#750,.F.);
#270=ADVANCED_FACE('',(#751),#752,.T.);
#271=ADVANCED_FACE('',(#753),#754,.F.);
#272=ADVANCED_FACE('',(#755),#756,.F.);
#273=ADVANCED_FACE('',(#757),#758,.T.);
#274=ADVANCED_FACE('',(#759),#760,.F.);
#275=ADVANCED_FACE('',(#761),#762,.F.);
#276=ADVANCED_FACE('',(#763),#764,.F.);
#277=ADVANCED_FACE('',(#765),#766,.T.);
#278=ADVANCED_FACE('',(#767),#768,.F.);
#279=ADVANCED_FACE('',(#769),#770,.T.);
#280=ADVANCED_FACE('',(#771),#772,.T.);
#281=ADVANCED_FACE('',(#773),#774,.T.);
#282=ADVANCED_FACE('',(#775),#776,.F.);
#283=ADVANCED_FACE('',(#777),#778,.T.);
#284=ADVANCED_FACE('',(#779),#780,.T.);
#285=ADVANCED_FACE('',(#781),#782,.T.);
#286=ADVANCED_FACE('',(#783),#784,.T.);
#288=SURFACE_STYLE_FILL_AREA(#785);
#289=FACE_OUTER_BOUND('',#786,.T.);
#290=CONICAL_SURFACE('',#787,1.4,0.5759586525);
#291=FACE_OUTER_BOUND('',#788,.T.);
#292=CYLINDRICAL_SURFACE('',#789,1.4);
#293=FACE_OUTER_BOUND('',#790,.T.);
#294=CYLINDRICAL_SURFACE('',#791,1.4);
#295=FACE_OUTER_BOUND('',#792,.T.);
#296=CYLINDRICAL_SURFACE('',#793,1.1);
#297=FACE_OUTER_BOUND('',#794,.T.);
#298=CYLINDRICAL_SURFACE('',#795,1.1);
#299=FACE_OUTER_BOUND('',#796,.T.);
#300=CONICAL_SURFACE('',#797,1.4,0.5759586525);
#301=FACE_OUTER_BOUND('',#798,.T.);
#302=PLANE('',#799);
#303=FACE_OUTER_BOUND('',#800,.T.);
#304=PLANE('',#801);
#305=FACE_OUTER_BOUND('',#802,.T.);
#306=CONICAL_SURFACE('',#803,1.4,0.5759586525);
#307=FACE_OUTER_BOUND('',#804,.T.);
#308=PLANE('',#805);
#309=FACE_OUTER_BOUND('',#806,.T.);
#310=PLANE('',#807);
#311=FACE_OUTER_BOUND('',#808,.T.);
#312=PLANE('',#809);
#313=FACE_OUTER_BOUND('',#810,.T.);
#314=PLANE('',#811);
#315=FACE_BOUND('',#812,.T.);
#316=FACE_BOUND('',#813,.T.);
#317=FACE_BOUND('',#814,.T.);
#318=FACE_BOUND('',#815,.T.);
#319=FACE_BOUND('',#816,.T.);
#320=FACE_BOUND('',#817,.T.);
#321=FACE_BOUND('',#818,.T.);
#322=FACE_BOUND('',#819,.T.);
#323=FACE_BOUND('',#820,.T.);
#324=FACE_OUTER_BOUND('',#821,.T.);
#325=PLANE('',#822);
#326=FACE_OUTER_BOUND('',#823,.T.);
#327=PLANE('',#824);
#328=FACE_OUTER_BOUND('',#825,.T.);
#329=PLANE('',#826);
#330=FACE_OUTER_BOUND('',#827,.T.);
#331=PLANE('',#828);
#332=FACE_BOUND('',#829,.T.);
#333=FACE_BOUND('',#830,.T.);
#334=FACE_BOUND('',#831,.T.);
#335=FACE_BOUND('',#832,.T.);
#336=FACE_BOUND('',#833,.T.);
#337=FACE_BOUND('',#834,.T.);
#338=FACE_BOUND('',#835,.T.);
#339=FACE_OUTER_BOUND('',#836,.T.);
#340=PLANE('',#837);
#341=FACE_OUTER_BOUND('',#838,.T.);
#342=FACE_BOUND('',#839,.T.);
#343=PLANE('',#840);
#344=FACE_OUTER_BOUND('',#841,.T.);
#345=PLANE('',#842);
#346=FACE_OUTER_BOUND('',#843,.T.);
#347=PLANE('',#844);
#348=FACE_OUTER_BOUND('',#845,.T.);
#349=PLANE('',#846);
#350=FACE_OUTER_BOUND('',#847,.T.);
#351=PLANE('',#848);
#352=FACE_OUTER_BOUND('',#849,.T.);
#353=PLANE('',#850);
#354=FACE_OUTER_BOUND('',#851,.T.);
#355=PLANE('',#852);
#356=FACE_OUTER_BOUND('',#853,.T.);
#357=PLANE('',#854);
#358=FACE_OUTER_BOUND('',#855,.T.);
#359=PLANE('',#856);
#360=FACE_OUTER_BOUND('',#857,.T.);
#361=PLANE('',#858);
#362=FACE_OUTER_BOUND('',#859,.T.);
#363=PLANE('',#860);
#364=FACE_OUTER_BOUND('',#861,.T.);
#365=PLANE('',#862);
#366=FACE_OUTER_BOUND('',#863,.T.);
#367=PLANE('',#864);
#368=FACE_OUTER_BOUND('',#865,.T.);
#369=PLANE('',#866);
#370=FACE_OUTER_BOUND('',#867,.T.);
#371=PLANE('',#868);
#372=FACE_OUTER_BOUND('',#869,.T.);
#373=PLANE('',#870);
#374=FACE_OUTER_BOUND('',#871,.T.);
#375=PLANE('',#872);
#376=FACE_OUTER_BOUND('',#873,.T.);
#377=PLANE('',#874);
#378=FACE_OUTER_BOUND('',#875,.T.);
#379=PLANE('',#876);
#380=FACE_OUTER_BOUND('',#877,.T.);
#381=PLANE('',#878);
#382=FACE_OUTER_BOUND('',#879,.T.);
#383=PLANE('',#880);
#384=FACE_OUTER_BOUND('',#881,.T.);
#385=PLANE('',#882);
#386=FACE_OUTER_BOUND('',#883,.T.);
#387=PLANE('',#884);
#388=FACE_OUTER_BOUND('',#885,.T.);
#389=PLANE('',#886);
#390=FACE_OUTER_BOUND('',#887,.T.);
#391=PLANE('',#888);
#392=FACE_OUTER_BOUND('',#889,.T.);
#393=PLANE('',#890);
#394=FACE_OUTER_BOUND('',#891,.T.);
#395=PLANE('',#892);
#396=FACE_OUTER_BOUND('',#893,.T.);
#397=PLANE('',#894);
#398=FACE_OUTER_BOUND('',#895,.T.);
#399=PLANE('',#896);
#400=FACE_OUTER_BOUND('',#897,.T.);
#401=PLANE('',#898);
#402=FACE_OUTER_BOUND('',#899,.T.);
#403=PLANE('',#900);
#404=FACE_OUTER_BOUND('',#901,.T.);
#405=PLANE('',#902);
#406=FACE_OUTER_BOUND('',#903,.T.);
#407=PLANE('',#904);
#408=FACE_BOUND('',#905,.T.);
#409=FACE_OUTER_BOUND('',#906,.T.);
#410=PLANE('',#907);
#411=FACE_OUTER_BOUND('',#908,.T.);
#412=PLANE('',#909);
#413=FACE_OUTER_BOUND('',#910,.T.);
#414=PLANE('',#911);
#415=FACE_OUTER_BOUND('',#912,.T.);
#416=PLANE('',#913);
#417=FACE_OUTER_BOUND('',#914,.T.);
#418=PLANE('',#915);
#419=FACE_OUTER_BOUND('',#916,.T.);
#420=PLANE('',#917);
#421=FACE_BOUND('',#918,.T.);
#422=FACE_OUTER_BOUND('',#919,.T.);
#423=PLANE('',#920);
#424=FACE_OUTER_BOUND('',#921,.T.);
#425=PLANE('',#922);
#426=FACE_OUTER_BOUND('',#923,.T.);
#427=PLANE('',#924);
#428=FACE_OUTER_BOUND('',#925,.T.);
#429=PLANE('',#926);
#430=FACE_OUTER_BOUND('',#927,.T.);
#431=PLANE('',#928);
#432=FACE_OUTER_BOUND('',#929,.T.);
#433=PLANE('',#930);
#434=FACE_BOUND('',#931,.T.);
#435=FACE_OUTER_BOUND('',#932,.T.);
#436=PLANE('',#933);
#437=FACE_OUTER_BOUND('',#934,.T.);
#438=PLANE('',#935);
#439=FACE_OUTER_BOUND('',#936,.T.);
#440=PLANE('',#937);
#441=FACE_OUTER_BOUND('',#938,.T.);
#442=PLANE('',#939);
#443=FACE_OUTER_BOUND('',#940,.T.);
#444=PLANE('',#941);
#445=FACE_OUTER_BOUND('',#942,.T.);
#446=PLANE('',#943);
#447=FACE_BOUND('',#944,.T.);
#448=FACE_OUTER_BOUND('',#945,.T.);
#449=PLANE('',#946);
#450=FACE_OUTER_BOUND('',#947,.T.);
#451=PLANE('',#948);
#452=FACE_OUTER_BOUND('',#949,.T.);
#453=PLANE('',#950);
#454=FACE_OUTER_BOUND('',#951,.T.);
#455=PLANE('',#952);
#456=FACE_OUTER_BOUND('',#953,.T.);
#457=PLANE('',#954);
#458=FACE_OUTER_BOUND('',#955,.T.);
#459=PLANE('',#956);
#460=FACE_BOUND('',#957,.T.);
#461=FACE_OUTER_BOUND('',#958,.T.);
#462=PLANE('',#959);
#463=FACE_OUTER_BOUND('',#960,.T.);
#464=PLANE('',#961);
#465=FACE_OUTER_BOUND('',#962,.T.);
#466=PLANE('',#963);
#467=FACE_OUTER_BOUND('',#964,.T.);
#468=PLANE('',#965);
#469=FACE_OUTER_BOUND('',#966,.T.);
#470=PLANE('',#967);
#471=FACE_OUTER_BOUND('',#968,.T.);
#472=PLANE('',#969);
#473=FACE_BOUND('',#970,.T.);
#474=FACE_OUTER_BOUND('',#971,.T.);
#475=PLANE('',#972);
#476=FACE_OUTER_BOUND('',#973,.T.);
#477=PLANE('',#974);
#478=FACE_OUTER_BOUND('',#975,.T.);
#479=PLANE('',#976);
#480=FACE_OUTER_BOUND('',#977,.T.);
#481=PLANE('',#978);
#482=FACE_OUTER_BOUND('',#979,.T.);
#483=PLANE('',#980);
#484=FACE_BOUND('',#981,.T.);
#485=FACE_OUTER_BOUND('',#982,.T.);
#486=PLANE('',#983);
#487=FACE_OUTER_BOUND('',#984,.T.);
#488=PLANE('',#985);
#489=FACE_OUTER_BOUND('',#986,.T.);
#490=PLANE('',#987);
#491=FACE_OUTER_BOUND('',#988,.T.);
#492=PLANE('',#989);
#493=FACE_OUTER_BOUND('',#990,.T.);
#494=PLANE('',#991);
#495=FACE_OUTER_BOUND('',#992,.T.);
#496=PLANE('',#993);
#497=FACE_OUTER_BOUND('',#994,.T.);
#498=PLANE('',#995);
#499=FACE_OUTER_BOUND('',#996,.T.);
#500=PLANE('',#997);
#501=FACE_OUTER_BOUND('',#998,.T.);
#502=PLANE('',#999);
#503=FACE_OUTER_BOUND('',#1000,.T.);
#504=PLANE('',#1001);
#505=FACE_OUTER_BOUND('',#1002,.T.);
#506=PLANE('',#1003);
#507=FACE_OUTER_BOUND('',#1004,.T.);
#508=PLANE('',#1005);
#509=FACE_OUTER_BOUND('',#1006,.T.);
#510=PLANE('',#1007);
#511=FACE_OUTER_BOUND('',#1008,.T.);
#512=PLANE('',#1009);
#513=FACE_OUTER_BOUND('',#1010,.T.);
#514=PLANE('',#1011);
#515=FACE_OUTER_BOUND('',#1012,.T.);
#516=PLANE('',#1013);
#517=FACE_OUTER_BOUND('',#1014,.T.);
#518=PLANE('',#1015);
#519=FACE_OUTER_BOUND('',#1016,.T.);
#520=PLANE('',#1017);
#521=FACE_OUTER_BOUND('',#1018,.T.);
#522=PLANE('',#1019);
#523=FACE_OUTER_BOUND('',#1020,.T.);
#524=PLANE('',#1021);
#525=FACE_OUTER_BOUND('',#1022,.T.);
#526=PLANE('',#1023);
#527=FACE_OUTER_BOUND('',#1024,.T.);
#528=PLANE('',#1025);
#529=FACE_OUTER_BOUND('',#1026,.T.);
#530=PLANE('',#1027);
#531=FACE_OUTER_BOUND('',#1028,.T.);
#532=PLANE('',#1029);
#533=FACE_OUTER_BOUND('',#1030,.T.);
#534=PLANE('',#1031);
#535=FACE_OUTER_BOUND('',#1032,.T.);
#536=PLANE('',#1033);
#537=FACE_OUTER_BOUND('',#1034,.T.);
#538=PLANE('',#1035);
#539=FACE_OUTER_BOUND('',#1036,.T.);
#540=PLANE('',#1037);
#541=FACE_OUTER_BOUND('',#1038,.T.);
#542=PLANE('',#1039);
#543=FACE_OUTER_BOUND('',#1040,.T.);
#544=PLANE('',#1041);
#545=FACE_OUTER_BOUND('',#1042,.T.);
#546=PLANE('',#1043);
#547=FACE_OUTER_BOUND('',#1044,.T.);
#548=PLANE('',#1045);
#549=FACE_OUTER_BOUND('',#1046,.T.);
#550=PLANE('',#1047);
#551=FACE_OUTER_BOUND('',#1048,.T.);
#552=PLANE('',#1049);
#553=FACE_OUTER_BOUND('',#1050,.T.);
#554=PLANE('',#1051);
#555=FACE_OUTER_BOUND('',#1052,.T.);
#556=PLANE('',#1053);
#557=FACE_OUTER_BOUND('',#1054,.T.);
#558=PLANE('',#1055);
#559=FACE_OUTER_BOUND('',#1056,.T.);
#560=PLANE('',#1057);
#561=FACE_OUTER_BOUND('',#1058,.T.);
#562=PLANE('',#1059);
#563=FACE_OUTER_BOUND('',#1060,.T.);
#564=PLANE('',#1061);
#565=FACE_OUTER_BOUND('',#1062,.T.);
#566=PLANE('',#1063);
#567=FACE_OUTER_BOUND('',#1064,.T.);
#568=PLANE('',#1065);
#569=FACE_OUTER_BOUND('',#1066,.T.);
#570=PLANE('',#1067);
#571=FACE_OUTER_BOUND('',#1068,.T.);
#572=PLANE('',#1069);
#573=FACE_OUTER_BOUND('',#1070,.T.);
#574=PLANE('',#1071);
#575=FACE_OUTER_BOUND('',#1072,.T.);
#576=PLANE('',#1073);
#577=FACE_OUTER_BOUND('',#1074,.T.);
#578=PLANE('',#1075);
#579=FACE_OUTER_BOUND('',#1076,.T.);
#580=PLANE('',#1077);
#581=FACE_OUTER_BOUND('',#1078,.T.);
#582=PLANE('',#1079);
#583=FACE_OUTER_BOUND('',#1080,.T.);
#584=PLANE('',#1081);
#585=FACE_OUTER_BOUND('',#1082,.T.);
#586=PLANE('',#1083);
#587=FACE_OUTER_BOUND('',#1084,.T.);
#588=PLANE('',#1085);
#589=FACE_OUTER_BOUND('',#1086,.T.);
#590=PLANE('',#1087);
#591=FACE_OUTER_BOUND('',#1088,.T.);
#592=PLANE('',#1089);
#593=FACE_OUTER_BOUND('',#1090,.T.);
#594=PLANE('',#1091);
#595=FACE_OUTER_BOUND('',#1092,.T.);
#596=PLANE('',#1093);
#597=FACE_OUTER_BOUND('',#1094,.T.);
#598=PLANE('',#1095);
#599=FACE_OUTER_BOUND('',#1096,.T.);
#600=PLANE('',#1097);
#601=FACE_OUTER_BOUND('',#1098,.T.);
#602=PLANE('',#1099);
#603=FACE_OUTER_BOUND('',#1100,.T.);
#604=PLANE('',#1101);
#605=FACE_OUTER_BOUND('',#1102,.T.);
#606=PLANE('',#1103);
#607=FACE_OUTER_BOUND('',#1104,.T.);
#608=PLANE('',#1105);
#609=FACE_OUTER_BOUND('',#1106,.T.);
#610=PLANE('',#1107);
#611=FACE_OUTER_BOUND('',#1108,.T.);
#612=PLANE('',#1109);
#613=FACE_OUTER_BOUND('',#1110,.T.);
#614=PLANE('',#1111);
#615=FACE_OUTER_BOUND('',#1112,.T.);
#616=PLANE('',#1113);
#617=FACE_OUTER_BOUND('',#1114,.T.);
#618=PLANE('',#1115);
#619=FACE_OUTER_BOUND('',#1116,.T.);
#620=PLANE('',#1117);
#621=FACE_OUTER_BOUND('',#1118,.T.);
#622=PLANE('',#1119);
#623=FACE_OUTER_BOUND('',#1120,.T.);
#624=PLANE('',#1121);
#625=FACE_OUTER_BOUND('',#1122,.T.);
#626=PLANE('',#1123);
#627=FACE_OUTER_BOUND('',#1124,.T.);
#628=PLANE('',#1125);
#629=FACE_OUTER_BOUND('',#1126,.T.);
#630=PLANE('',#1127);
#631=FACE_OUTER_BOUND('',#1128,.T.);
#632=PLANE('',#1129);
#633=FACE_OUTER_BOUND('',#1130,.T.);
#634=PLANE('',#1131);
#635=FACE_OUTER_BOUND('',#1132,.T.);
#636=PLANE('',#1133);
#637=FACE_OUTER_BOUND('',#1134,.T.);
#638=PLANE('',#1135);
#639=FACE_OUTER_BOUND('',#1136,.T.);
#640=PLANE('',#1137);
#641=FACE_OUTER_BOUND('',#1138,.T.);
#642=PLANE('',#1139);
#643=FACE_OUTER_BOUND('',#1140,.T.);
#644=PLANE('',#1141);
#645=FACE_OUTER_BOUND('',#1142,.T.);
#646=PLANE('',#1143);
#647=FACE_OUTER_BOUND('',#1144,.T.);
#648=PLANE('',#1145);
#649=FACE_OUTER_BOUND('',#1146,.T.);
#650=PLANE('',#1147);
#651=FACE_OUTER_BOUND('',#1148,.T.);
#652=PLANE('',#1149);
#653=FACE_OUTER_BOUND('',#1150,.T.);
#654=PLANE('',#1151);
#655=FACE_OUTER_BOUND('',#1152,.T.);
#656=PLANE('',#1153);
#657=FACE_OUTER_BOUND('',#1154,.T.);
#658=PLANE('',#1155);
#659=FACE_OUTER_BOUND('',#1156,.T.);
#660=PLANE('',#1157);
#661=FACE_OUTER_BOUND('',#1158,.T.);
#662=PLANE('',#1159);
#663=FACE_OUTER_BOUND('',#1160,.T.);
#664=PLANE('',#1161);
#665=FACE_OUTER_BOUND('',#1162,.T.);
#666=PLANE('',#1163);
#667=FACE_OUTER_BOUND('',#1164,.T.);
#668=PLANE('',#1165);
#669=FACE_OUTER_BOUND('',#1166,.T.);
#670=PLANE('',#1167);
#671=FACE_OUTER_BOUND('',#1168,.T.);
#672=PLANE('',#1169);
#673=FACE_OUTER_BOUND('',#1170,.T.);
#674=PLANE('',#1171);
#675=FACE_OUTER_BOUND('',#1172,.T.);
#676=PLANE('',#1173);
#677=FACE_OUTER_BOUND('',#1174,.T.);
#678=PLANE('',#1175);
#679=FACE_OUTER_BOUND('',#1176,.T.);
#680=PLANE('',#1177);
#681=FACE_OUTER_BOUND('',#1178,.T.);
#682=PLANE('',#1179);
#683=FACE_OUTER_BOUND('',#1180,.T.);
#684=PLANE('',#1181);
#685=FACE_OUTER_BOUND('',#1182,.T.);
#686=PLANE('',#1183);
#687=FACE_OUTER_BOUND('',#1184,.T.);
#688=PLANE('',#1185);
#689=FACE_OUTER_BOUND('',#1186,.T.);
#690=PLANE('',#1187);
#691=FACE_OUTER_BOUND('',#1188,.T.);
#692=PLANE('',#1189);
#693=FACE_OUTER_BOUND('',#1190,.T.);
#694=PLANE('',#1191);
#695=FACE_OUTER_BOUND('',#1192,.T.);
#696=PLANE('',#1193);
#697=FACE_OUTER_BOUND('',#1194,.T.);
#698=PLANE('',#1195);
#699=FACE_OUTER_BOUND('',#1196,.T.);
#700=PLANE('',#1197);
#701=FACE_OUTER_BOUND('',#1198,.T.);
#702=PLANE('',#1199);
#703=FACE_OUTER_BOUND('',#1200,.T.);
#704=PLANE('',#1201);
#705=FACE_OUTER_BOUND('',#1202,.T.);
#706=PLANE('',#1203);
#707=FACE_OUTER_BOUND('',#1204,.T.);
#708=PLANE('',#1205);
#709=FACE_OUTER_BOUND('',#1206,.T.);
#710=PLANE('',#1207);
#711=FACE_OUTER_BOUND('',#1208,.T.);
#712=PLANE('',#1209);
#713=FACE_OUTER_BOUND('',#1210,.T.);
#714=PLANE('',#1211);
#715=FACE_OUTER_BOUND('',#1212,.T.);
#716=PLANE('',#1213);
#717=FACE_OUTER_BOUND('',#1214,.T.);
#718=PLANE('',#1215);
#719=FACE_OUTER_BOUND('',#1216,.T.);
#720=PLANE('',#1217);
#721=FACE_OUTER_BOUND('',#1218,.T.);
#722=PLANE('',#1219);
#723=FACE_OUTER_BOUND('',#1220,.T.);
#724=PLANE('',#1221);
#725=FACE_OUTER_BOUND('',#1222,.T.);
#726=PLANE('',#1223);
#727=FACE_OUTER_BOUND('',#1224,.T.);
#728=PLANE('',#1225);
#729=FACE_OUTER_BOUND('',#1226,.T.);
#730=PLANE('',#1227);
#731=FACE_OUTER_BOUND('',#1228,.T.);
#732=PLANE('',#1229);
#733=FACE_OUTER_BOUND('',#1230,.T.);
#734=PLANE('',#1231);
#735=FACE_OUTER_BOUND('',#1232,.T.);
#736=PLANE('',#1233);
#737=FACE_OUTER_BOUND('',#1234,.T.);
#738=PLANE('',#1235);
#739=FACE_OUTER_BOUND('',#1236,.T.);
#740=PLANE('',#1237);
#741=FACE_OUTER_BOUND('',#1238,.T.);
#742=PLANE('',#1239);
#743=FACE_OUTER_BOUND('',#1240,.T.);
#744=PLANE('',#1241);
#745=FACE_OUTER_BOUND('',#1242,.T.);
#746=PLANE('',#1243);
#747=FACE_OUTER_BOUND('',#1244,.T.);
#748=PLANE('',#1245);
#749=FACE_OUTER_BOUND('',#1246,.T.);
#750=PLANE('',#1247);
#751=FACE_OUTER_BOUND('',#1248,.T.);
#752=PLANE('',#1249);
#753=FACE_OUTER_BOUND('',#1250,.T.);
#754=PLANE('',#1251);
#755=FACE_OUTER_BOUND('',#1252,.T.);
#756=PLANE('',#1253);
#757=FACE_OUTER_BOUND('',#1254,.T.);
#758=CYLINDRICAL_SURFACE('',#1255,1.1);
#759=FACE_OUTER_BOUND('',#1256,.T.);
#760=PLANE('',#1257);
#761=FACE_OUTER_BOUND('',#1258,.T.);
#762=PLANE('',#1259);
#763=FACE_OUTER_BOUND('',#1260,.T.);
#764=PLANE('',#1261);
#765=FACE_OUTER_BOUND('',#1262,.T.);
#766=CYLINDRICAL_SURFACE('',#1263,1.1);
#767=FACE_OUTER_BOUND('',#1264,.T.);
#768=PLANE('',#1265);
#769=FACE_OUTER_BOUND('',#1266,.T.);
#770=CYLINDRICAL_SURFACE('',#1267,1.4);
#771=FACE_OUTER_BOUND('',#1268,.T.);
#772=PLANE('',#1269);
#773=FACE_OUTER_BOUND('',#1270,.T.);
#774=CYLINDRICAL_SURFACE('',#1271,1.4);
#775=FACE_OUTER_BOUND('',#1272,.T.);
#776=PLANE('',#1273);
#777=FACE_OUTER_BOUND('',#1274,.T.);
#778=CONICAL_SURFACE('',#1275,1.4,0.5759586525);
#779=FACE_OUTER_BOUND('',#1276,.T.);
#780=PLANE('',#1277);
#781=FACE_OUTER_BOUND('',#1278,.T.);
#782=PLANE('',#1279);
#783=FACE_OUTER_BOUND('',#1280,.T.);
#784=PLANE('',#1281);
#785=FILL_AREA_STYLE('',(#1282));
#786=EDGE_LOOP('',(#1283,#1284,#1285,#1286));
#787=AXIS2_PLACEMENT_3D('',#1287,#1288,#1289);
#788=EDGE_LOOP('',(#1290,#1291,#1292,#1293));
#789=AXIS2_PLACEMENT_3D('',#1294,#1295,#1296);
#790=EDGE_LOOP('',(#1297,#1298,#1299,#1300));
#791=AXIS2_PLACEMENT_3D('',#1301,#1302,#1303);
#792=EDGE_LOOP('',(#1304,#1305,#1306,#1307));
#793=AXIS2_PLACEMENT_3D('',#1308,#1309,#1310);
#794=EDGE_LOOP('',(#1311,#1312,#1313,#1314));
#795=AXIS2_PLACEMENT_3D('',#1315,#1316,#1317);
#796=EDGE_LOOP('',(#1318,#1319,#1320,#1321));
#797=AXIS2_PLACEMENT_3D('',#1322,#1323,#1324);
#798=EDGE_LOOP('',(#1325,#1326,#1327,#1328,#1329,#1330,#1331,#1332,#1333,#1334));
#799=AXIS2_PLACEMENT_3D('',#1335,#1336,#1337);
#800=EDGE_LOOP('',(#1338,#1339,#1340,#1341));
#801=AXIS2_PLACEMENT_3D('',#1342,#1343,#1344);
#802=EDGE_LOOP('',(#1345,#1346,#1347,#1348));
#803=AXIS2_PLACEMENT_3D('',#1349,#1350,#1351);
#804=EDGE_LOOP('',(#1352,#1353,#1354,#1355));
#805=AXIS2_PLACEMENT_3D('',#1356,#1357,#1358);
#806=EDGE_LOOP('',(#1359,#1360,#1361,#1362,#1363));
#807=AXIS2_PLACEMENT_3D('',#1364,#1365,#1366);
#808=EDGE_LOOP('',(#1367,#1368,#1369,#1370,#1371));
#809=AXIS2_PLACEMENT_3D('',#1372,#1373,#1374);
#810=EDGE_LOOP('',(#1375,#1376,#1377,#1378,#1379));
#811=AXIS2_PLACEMENT_3D('',#1380,#1381,#1382);
#812=EDGE_LOOP('',(#1383,#1384,#1385,#1386));
#813=EDGE_LOOP('',(#1387,#1388,#1389,#1390));
#814=EDGE_LOOP('',(#1391,#1392,#1393,#1394));
#815=EDGE_LOOP('',(#1395,#1396,#1397,#1398));
#816=EDGE_LOOP('',(#1399,#1400,#1401,#1402));
#817=EDGE_LOOP('',(#1403,#1404,#1405,#1406));
#818=EDGE_LOOP('',(#1407,#1408,#1409,#1410));
#819=EDGE_LOOP('',(#1411,#1412,#1413,#1414));
#820=EDGE_LOOP('',(#1415,#1416,#1417,#1418));
#821=EDGE_LOOP('',(#1419,#1420,#1421,#1422,#1423,#1424,#1425,#1426,#1427,#1428));
#822=AXIS2_PLACEMENT_3D('',#1429,#1430,#1431);
#823=EDGE_LOOP('',(#1432,#1433,#1434,#1435));
#824=AXIS2_PLACEMENT_3D('',#1436,#1437,#1438);
#825=EDGE_LOOP('',(#1439,#1440,#1441,#1442));
#826=AXIS2_PLACEMENT_3D('',#1443,#1444,#1445);
#827=EDGE_LOOP('',(#1446,#1447,#1448,#1449,#1450,#1451,#1452,#1453));
#828=AXIS2_PLACEMENT_3D('',#1454,#1455,#1456);
#829=EDGE_LOOP('',(#1457,#1458,#1459,#1460));
#830=EDGE_LOOP('',(#1461,#1462,#1463,#1464,#1465));
#831=EDGE_LOOP('',(#1466,#1467,#1468,#1469,#1470));
#832=EDGE_LOOP('',(#1471,#1472,#1473,#1474,#1475));
#833=EDGE_LOOP('',(#1476,#1477,#1478,#1479,#1480));
#834=EDGE_LOOP('',(#1481,#1482,#1483,#1484,#1485));
#835=EDGE_LOOP('',(#1486,#1487,#1488,#1489,#1490));
#836=EDGE_LOOP('',(#1491,#1492,#1493,#1494,#1495,#1496,#1497,#1498));
#837=AXIS2_PLACEMENT_3D('',#1499,#1500,#1501);
#838=EDGE_LOOP('',(#1502,#1503,#1504,#1505,#1506,#1507));
#839=EDGE_LOOP('',(#1508,#1509,#1510,#1511));
#840=AXIS2_PLACEMENT_3D('',#1512,#1513,#1514);
#841=EDGE_LOOP('',(#1515,#1516,#1517,#1518,#1519,#1520,#1521,#1522));
#842=AXIS2_PLACEMENT_3D('',#1523,#1524,#1525);
#843=EDGE_LOOP('',(#1526,#1527,#1528,#1529,#1530,#1531,#1532,#1533));
#844=AXIS2_PLACEMENT_3D('',#1534,#1535,#1536);
#845=EDGE_LOOP('',(#1537,#1538,#1539,#1540));
#846=AXIS2_PLACEMENT_3D('',#1541,#1542,#1543);
#847=EDGE_LOOP('',(#1544,#1545,#1546,#1547));
#848=AXIS2_PLACEMENT_3D('',#1548,#1549,#1550);
#849=EDGE_LOOP('',(#1551,#1552,#1553,#1554));
#850=AXIS2_PLACEMENT_3D('',#1555,#1556,#1557);
#851=EDGE_LOOP('',(#1558,#1559,#1560,#1561));
#852=AXIS2_PLACEMENT_3D('',#1562,#1563,#1564);
#853=EDGE_LOOP('',(#1565,#1566,#1567,#1568));
#854=AXIS2_PLACEMENT_3D('',#1569,#1570,#1571);
#855=EDGE_LOOP('',(#1572,#1573,#1574,#1575,#1576));
#856=AXIS2_PLACEMENT_3D('',#1577,#1578,#1579);
#857=EDGE_LOOP('',(#1580,#1581,#1582,#1583,#1584));
#858=AXIS2_PLACEMENT_3D('',#1585,#1586,#1587);
#859=EDGE_LOOP('',(#1588,#1589,#1590,#1591));
#860=AXIS2_PLACEMENT_3D('',#1592,#1593,#1594);
#861=EDGE_LOOP('',(#1595,#1596,#1597,#1598));
#862=AXIS2_PLACEMENT_3D('',#1599,#1600,#1601);
#863=EDGE_LOOP('',(#1602,#1603,#1604));
#864=AXIS2_PLACEMENT_3D('',#1605,#1606,#1607);
#865=EDGE_LOOP('',(#1608,#1609,#1610));
#866=AXIS2_PLACEMENT_3D('',#1611,#1612,#1613);
#867=EDGE_LOOP('',(#1614,#1615,#1616,#1617));
#868=AXIS2_PLACEMENT_3D('',#1618,#1619,#1620);
#869=EDGE_LOOP('',(#1621,#1622,#1623,#1624));
#870=AXIS2_PLACEMENT_3D('',#1625,#1626,#1627);
#871=EDGE_LOOP('',(#1628,#1629,#1630));
#872=AXIS2_PLACEMENT_3D('',#1631,#1632,#1633);
#873=EDGE_LOOP('',(#1634,#1635,#1636));
#874=AXIS2_PLACEMENT_3D('',#1637,#1638,#1639);
#875=EDGE_LOOP('',(#1640,#1641,#1642,#1643));
#876=AXIS2_PLACEMENT_3D('',#1644,#1645,#1646);
#877=EDGE_LOOP('',(#1647,#1648,#1649,#1650));
#878=AXIS2_PLACEMENT_3D('',#1651,#1652,#1653);
#879=EDGE_LOOP('',(#1654,#1655,#1656,#1657));
#880=AXIS2_PLACEMENT_3D('',#1658,#1659,#1660);
#881=EDGE_LOOP('',(#1661,#1662,#1663,#1664,#1665));
#882=AXIS2_PLACEMENT_3D('',#1666,#1667,#1668);
#883=EDGE_LOOP('',(#1669,#1670,#1671,#1672));
#884=AXIS2_PLACEMENT_3D('',#1673,#1674,#1675);
#885=EDGE_LOOP('',(#1676,#1677,#1678,#1679));
#886=AXIS2_PLACEMENT_3D('',#1680,#1681,#1682);
#887=EDGE_LOOP('',(#1683,#1684,#1685,#1686));
#888=AXIS2_PLACEMENT_3D('',#1687,#1688,#1689);
#889=EDGE_LOOP('',(#1690,#1691,#1692,#1693,#1694));
#890=AXIS2_PLACEMENT_3D('',#1695,#1696,#1697);
#891=EDGE_LOOP('',(#1698,#1699,#1700,#1701));
#892=AXIS2_PLACEMENT_3D('',#1702,#1703,#1704);
#893=EDGE_LOOP('',(#1705,#1706,#1707,#1708));
#894=AXIS2_PLACEMENT_3D('',#1709,#1710,#1711);
#895=EDGE_LOOP('',(#1712,#1713,#1714,#1715));
#896=AXIS2_PLACEMENT_3D('',#1716,#1717,#1718);
#897=EDGE_LOOP('',(#1719,#1720,#1721,#1722));
#898=AXIS2_PLACEMENT_3D('',#1723,#1724,#1725);
#899=EDGE_LOOP('',(#1726,#1727,#1728,#1729));
#900=AXIS2_PLACEMENT_3D('',#1730,#1731,#1732);
#901=EDGE_LOOP('',(#1733,#1734,#1735,#1736));
#902=AXIS2_PLACEMENT_3D('',#1737,#1738,#1739);
#903=EDGE_LOOP('',(#1740,#1741,#1742,#1743));
#904=AXIS2_PLACEMENT_3D('',#1744,#1745,#1746);
#905=EDGE_LOOP('',(#1747,#1748,#1749,#1750));
#906=EDGE_LOOP('',(#1751,#1752,#1753,#1754,#1755));
#907=AXIS2_PLACEMENT_3D('',#1756,#1757,#1758);
#908=EDGE_LOOP('',(#1759,#1760,#1761,#1762));
#909=AXIS2_PLACEMENT_3D('',#1763,#1764,#1765);
#910=EDGE_LOOP('',(#1766,#1767,#1768,#1769));
#911=AXIS2_PLACEMENT_3D('',#1770,#1771,#1772);
#912=EDGE_LOOP('',(#1773,#1774,#1775,#1776));
#913=AXIS2_PLACEMENT_3D('',#1777,#1778,#1779);
#914=EDGE_LOOP('',(#1780,#1781,#1782,#1783));
#915=AXIS2_PLACEMENT_3D('',#1784,#1785,#1786);
#916=EDGE_LOOP('',(#1787,#1788,#1789,#1790));
#917=AXIS2_PLACEMENT_3D('',#1791,#1792,#1793);
#918=EDGE_LOOP('',(#1794,#1795,#1796,#1797));
#919=EDGE_LOOP('',(#1798,#1799,#1800,#1801,#1802));
#920=AXIS2_PLACEMENT_3D('',#1803,#1804,#1805);
#921=EDGE_LOOP('',(#1806,#1807,#1808,#1809));
#922=AXIS2_PLACEMENT_3D('',#1810,#1811,#1812);
#923=EDGE_LOOP('',(#1813,#1814,#1815,#1816));
#924=AXIS2_PLACEMENT_3D('',#1817,#1818,#1819);
#925=EDGE_LOOP('',(#1820,#1821,#1822,#1823));
#926=AXIS2_PLACEMENT_3D('',#1824,#1825,#1826);
#927=EDGE_LOOP('',(#1827,#1828,#1829,#1830));
#928=AXIS2_PLACEMENT_3D('',#1831,#1832,#1833);
#929=EDGE_LOOP('',(#1834,#1835,#1836,#1837));
#930=AXIS2_PLACEMENT_3D('',#1838,#1839,#1840);
#931=EDGE_LOOP('',(#1841,#1842,#1843,#1844));
#932=EDGE_LOOP('',(#1845,#1846,#1847,#1848,#1849));
#933=AXIS2_PLACEMENT_3D('',#1850,#1851,#1852);
#934=EDGE_LOOP('',(#1853,#1854,#1855,#1856));
#935=AXIS2_PLACEMENT_3D('',#1857,#1858,#1859);
#936=EDGE_LOOP('',(#1860,#1861,#1862,#1863));
#937=AXIS2_PLACEMENT_3D('',#1864,#1865,#1866);
#938=EDGE_LOOP('',(#1867,#1868,#1869,#1870));
#939=AXIS2_PLACEMENT_3D('',#1871,#1872,#1873);
#940=EDGE_LOOP('',(#1874,#1875,#1876,#1877));
#941=AXIS2_PLACEMENT_3D('',#1878,#1879,#1880);
#942=EDGE_LOOP('',(#1881,#1882,#1883,#1884));
#943=AXIS2_PLACEMENT_3D('',#1885,#1886,#1887);
#944=EDGE_LOOP('',(#1888,#1889,#1890,#1891));
#945=EDGE_LOOP('',(#1892,#1893,#1894,#1895,#1896));
#946=AXIS2_PLACEMENT_3D('',#1897,#1898,#1899);
#947=EDGE_LOOP('',(#1900,#1901,#1902,#1903));
#948=AXIS2_PLACEMENT_3D('',#1904,#1905,#1906);
#949=EDGE_LOOP('',(#1907,#1908,#1909,#1910));
#950=AXIS2_PLACEMENT_3D('',#1911,#1912,#1913);
#951=EDGE_LOOP('',(#1914,#1915,#1916,#1917));
#952=AXIS2_PLACEMENT_3D('',#1918,#1919,#1920);
#953=EDGE_LOOP('',(#1921,#1922,#1923,#1924));
#954=AXIS2_PLACEMENT_3D('',#1925,#1926,#1927);
#955=EDGE_LOOP('',(#1928,#1929,#1930,#1931));
#956=AXIS2_PLACEMENT_3D('',#1932,#1933,#1934);
#957=EDGE_LOOP('',(#1935,#1936,#1937,#1938));
#958=EDGE_LOOP('',(#1939,#1940,#1941,#1942,#1943));
#959=AXIS2_PLACEMENT_3D('',#1944,#1945,#1946);
#960=EDGE_LOOP('',(#1947,#1948,#1949,#1950));
#961=AXIS2_PLACEMENT_3D('',#1951,#1952,#1953);
#962=EDGE_LOOP('',(#1954,#1955,#1956,#1957));
#963=AXIS2_PLACEMENT_3D('',#1958,#1959,#1960);
#964=EDGE_LOOP('',(#1961,#1962,#1963,#1964));
#965=AXIS2_PLACEMENT_3D('',#1965,#1966,#1967);
#966=EDGE_LOOP('',(#1968,#1969,#1970,#1971));
#967=AXIS2_PLACEMENT_3D('',#1972,#1973,#1974);
#968=EDGE_LOOP('',(#1975,#1976,#1977,#1978));
#969=AXIS2_PLACEMENT_3D('',#1979,#1980,#1981);
#970=EDGE_LOOP('',(#1982,#1983,#1984,#1985));
#971=EDGE_LOOP('',(#1986,#1987,#1988,#1989,#1990));
#972=AXIS2_PLACEMENT_3D('',#1991,#1992,#1993);
#973=EDGE_LOOP('',(#1994,#1995,#1996,#1997));
#974=AXIS2_PLACEMENT_3D('',#1998,#1999,#2000);
#975=EDGE_LOOP('',(#2001,#2002,#2003,#2004));
#976=AXIS2_PLACEMENT_3D('',#2005,#2006,#2007);
#977=EDGE_LOOP('',(#2008,#2009,#2010,#2011));
#978=AXIS2_PLACEMENT_3D('',#2012,#2013,#2014);
#979=EDGE_LOOP('',(#2015,#2016,#2017,#2018));
#980=AXIS2_PLACEMENT_3D('',#2019,#2020,#2021);
#981=EDGE_LOOP('',(#2022,#2023,#2024,#2025));
#982=EDGE_LOOP('',(#2026,#2027,#2028,#2029));
#983=AXIS2_PLACEMENT_3D('',#2030,#2031,#2032);
#984=EDGE_LOOP('',(#2033,#2034,#2035,#2036,#2037));
#985=AXIS2_PLACEMENT_3D('',#2038,#2039,#2040);
#986=EDGE_LOOP('',(#2041,#2042,#2043,#2044,#2045));
#987=AXIS2_PLACEMENT_3D('',#2046,#2047,#2048);
#988=EDGE_LOOP('',(#2049,#2050,#2051,#2052,#2053,#2054,#2055,#2056,#2057,#2058));
#989=AXIS2_PLACEMENT_3D('',#2059,#2060,#2061);
#990=EDGE_LOOP('',(#2062,#2063,#2064,#2065));
#991=AXIS2_PLACEMENT_3D('',#2066,#2067,#2068);
#992=EDGE_LOOP('',(#2069,#2070,#2071,#2072));
#993=AXIS2_PLACEMENT_3D('',#2073,#2074,#2075);
#994=EDGE_LOOP('',(#2076,#2077,#2078,#2079,#2080));
#995=AXIS2_PLACEMENT_3D('',#2081,#2082,#2083);
#996=EDGE_LOOP('',(#2084,#2085,#2086,#2087,#2088));
#997=AXIS2_PLACEMENT_3D('',#2089,#2090,#2091);
#998=EDGE_LOOP('',(#2092,#2093,#2094,#2095));
#999=AXIS2_PLACEMENT_3D('',#2096,#2097,#2098);
#1000=EDGE_LOOP('',(#2099,#2100,#2101,#2102));
#1001=AXIS2_PLACEMENT_3D('',#2103,#2104,#2105);
#1002=EDGE_LOOP('',(#2106,#2107,#2108,#2109));
#1003=AXIS2_PLACEMENT_3D('',#2110,#2111,#2112);
#1004=EDGE_LOOP('',(#2113,#2114,#2115,#2116));
#1005=AXIS2_PLACEMENT_3D('',#2117,#2118,#2119);
#1006=EDGE_LOOP('',(#2120,#2121,#2122,#2123));
#1007=AXIS2_PLACEMENT_3D('',#2124,#2125,#2126);
#1008=EDGE_LOOP('',(#2127,#2128,#2129,#2130));
#1009=AXIS2_PLACEMENT_3D('',#2131,#2132,#2133);
#1010=EDGE_LOOP('',(#2134,#2135,#2136,#2137));
#1011=AXIS2_PLACEMENT_3D('',#2138,#2139,#2140);
#1012=EDGE_LOOP('',(#2141,#2142,#2143,#2144));
#1013=AXIS2_PLACEMENT_3D('',#2145,#2146,#2147);
#1014=EDGE_LOOP('',(#2148,#2149,#2150,#2151));
#1015=AXIS2_PLACEMENT_3D('',#2152,#2153,#2154);
#1016=EDGE_LOOP('',(#2155,#2156,#2157,#2158));
#1017=AXIS2_PLACEMENT_3D('',#2159,#2160,#2161);
#1018=EDGE_LOOP('',(#2162,#2163,#2164,#2165));
#1019=AXIS2_PLACEMENT_3D('',#2166,#2167,#2168);
#1020=EDGE_LOOP('',(#2169,#2170,#2171,#2172));
#1021=AXIS2_PLACEMENT_3D('',#2173,#2174,#2175);
#1022=EDGE_LOOP('',(#2176,#2177,#2178,#2179));
#1023=AXIS2_PLACEMENT_3D('',#2180,#2181,#2182);
#1024=EDGE_LOOP('',(#2183,#2184,#2185,#2186));
#1025=AXIS2_PLACEMENT_3D('',#2187,#2188,#2189);
#1026=EDGE_LOOP('',(#2190,#2191,#2192,#2193));
#1027=AXIS2_PLACEMENT_3D('',#2194,#2195,#2196);
#1028=EDGE_LOOP('',(#2197,#2198,#2199,#2200));
#1029=AXIS2_PLACEMENT_3D('',#2201,#2202,#2203);
#1030=EDGE_LOOP('',(#2204,#2205,#2206,#2207));
#1031=AXIS2_PLACEMENT_3D('',#2208,#2209,#2210);
#1032=EDGE_LOOP('',(#2211,#2212,#2213,#2214));
#1033=AXIS2_PLACEMENT_3D('',#2215,#2216,#2217);
#1034=EDGE_LOOP('',(#2218,#2219,#2220,#2221));
#1035=AXIS2_PLACEMENT_3D('',#2222,#2223,#2224);
#1036=EDGE_LOOP('',(#2225,#2226,#2227,#2228));
#1037=AXIS2_PLACEMENT_3D('',#2229,#2230,#2231);
#1038=EDGE_LOOP('',(#2232,#2233,#2234,#2235));
#1039=AXIS2_PLACEMENT_3D('',#2236,#2237,#2238);
#1040=EDGE_LOOP('',(#2239,#2240,#2241,#2242));
#1041=AXIS2_PLACEMENT_3D('',#2243,#2244,#2245);
#1042=EDGE_LOOP('',(#2246,#2247,#2248,#2249));
#1043=AXIS2_PLACEMENT_3D('',#2250,#2251,#2252);
#1044=EDGE_LOOP('',(#2253,#2254,#2255,#2256));
#1045=AXIS2_PLACEMENT_3D('',#2257,#2258,#2259);
#1046=EDGE_LOOP('',(#2260,#2261,#2262,#2263));
#1047=AXIS2_PLACEMENT_3D('',#2264,#2265,#2266);
#1048=EDGE_LOOP('',(#2267,#2268,#2269,#2270));
#1049=AXIS2_PLACEMENT_3D('',#2271,#2272,#2273);
#1050=EDGE_LOOP('',(#2274,#2275,#2276,#2277));
#1051=AXIS2_PLACEMENT_3D('',#2278,#2279,#2280);
#1052=EDGE_LOOP('',(#2281,#2282,#2283,#2284));
#1053=AXIS2_PLACEMENT_3D('',#2285,#2286,#2287);
#1054=EDGE_LOOP('',(#2288,#2289,#2290,#2291));
#1055=AXIS2_PLACEMENT_3D('',#2292,#2293,#2294);
#1056=EDGE_LOOP('',(#2295,#2296,#2297,#2298));
#1057=AXIS2_PLACEMENT_3D('',#2299,#2300,#2301);
#1058=EDGE_LOOP('',(#2302,#2303,#2304,#2305));
#1059=AXIS2_PLACEMENT_3D('',#2306,#2307,#2308);
#1060=EDGE_LOOP('',(#2309,#2310,#2311,#2312));
#1061=AXIS2_PLACEMENT_3D('',#2313,#2314,#2315);
#1062=EDGE_LOOP('',(#2316,#2317,#2318,#2319));
#1063=AXIS2_PLACEMENT_3D('',#2320,#2321,#2322);
#1064=EDGE_LOOP('',(#2323,#2324,#2325,#2326));
#1065=AXIS2_PLACEMENT_3D('',#2327,#2328,#2329);
#1066=EDGE_LOOP('',(#2330,#2331,#2332,#2333));
#1067=AXIS2_PLACEMENT_3D('',#2334,#2335,#2336);
#1068=EDGE_LOOP('',(#2337,#2338,#2339,#2340));
#1069=AXIS2_PLACEMENT_3D('',#2341,#2342,#2343);
#1070=EDGE_LOOP('',(#2344,#2345,#2346,#2347));
#1071=AXIS2_PLACEMENT_3D('',#2348,#2349,#2350);
#1072=EDGE_LOOP('',(#2351,#2352,#2353,#2354));
#1073=AXIS2_PLACEMENT_3D('',#2355,#2356,#2357);
#1074=EDGE_LOOP('',(#2358,#2359,#2360,#2361));
#1075=AXIS2_PLACEMENT_3D('',#2362,#2363,#2364);
#1076=EDGE_LOOP('',(#2365,#2366,#2367,#2368));
#1077=AXIS2_PLACEMENT_3D('',#2369,#2370,#2371);
#1078=EDGE_LOOP('',(#2372,#2373,#2374,#2375));
#1079=AXIS2_PLACEMENT_3D('',#2376,#2377,#2378);
#1080=EDGE_LOOP('',(#2379,#2380,#2381,#2382));
#1081=AXIS2_PLACEMENT_3D('',#2383,#2384,#2385);
#1082=EDGE_LOOP('',(#2386,#2387,#2388,#2389));
#1083=AXIS2_PLACEMENT_3D('',#2390,#2391,#2392);
#1084=EDGE_LOOP('',(#2393,#2394,#2395,#2396));
#1085=AXIS2_PLACEMENT_3D('',#2397,#2398,#2399);
#1086=EDGE_LOOP('',(#2400,#2401,#2402,#2403));
#1087=AXIS2_PLACEMENT_3D('',#2404,#2405,#2406);
#1088=EDGE_LOOP('',(#2407,#2408,#2409,#2410));
#1089=AXIS2_PLACEMENT_3D('',#2411,#2412,#2413);
#1090=EDGE_LOOP('',(#2414,#2415,#2416,#2417));
#1091=AXIS2_PLACEMENT_3D('',#2418,#2419,#2420);
#1092=EDGE_LOOP('',(#2421,#2422,#2423,#2424));
#1093=AXIS2_PLACEMENT_3D('',#2425,#2426,#2427);
#1094=EDGE_LOOP('',(#2428,#2429,#2430,#2431));
#1095=AXIS2_PLACEMENT_3D('',#2432,#2433,#2434);
#1096=EDGE_LOOP('',(#2435,#2436,#2437,#2438));
#1097=AXIS2_PLACEMENT_3D('',#2439,#2440,#2441);
#1098=EDGE_LOOP('',(#2442,#2443,#2444,#2445));
#1099=AXIS2_PLACEMENT_3D('',#2446,#2447,#2448);
#1100=EDGE_LOOP('',(#2449,#2450,#2451,#2452));
#1101=AXIS2_PLACEMENT_3D('',#2453,#2454,#2455);
#1102=EDGE_LOOP('',(#2456,#2457,#2458,#2459));
#1103=AXIS2_PLACEMENT_3D('',#2460,#2461,#2462);
#1104=EDGE_LOOP('',(#2463,#2464,#2465,#2466));
#1105=AXIS2_PLACEMENT_3D('',#2467,#2468,#2469);
#1106=EDGE_LOOP('',(#2470,#2471,#2472,#2473));
#1107=AXIS2_PLACEMENT_3D('',#2474,#2475,#2476);
#1108=EDGE_LOOP('',(#2477,#2478,#2479,#2480));
#1109=AXIS2_PLACEMENT_3D('',#2481,#2482,#2483);
#1110=EDGE_LOOP('',(#2484,#2485,#2486,#2487));
#1111=AXIS2_PLACEMENT_3D('',#2488,#2489,#2490);
#1112=EDGE_LOOP('',(#2491,#2492,#2493,#2494));
#1113=AXIS2_PLACEMENT_3D('',#2495,#2496,#2497);
#1114=EDGE_LOOP('',(#2498,#2499,#2500,#2501));
#1115=AXIS2_PLACEMENT_3D('',#2502,#2503,#2504);
#1116=EDGE_LOOP('',(#2505,#2506,#2507,#2508));
#1117=AXIS2_PLACEMENT_3D('',#2509,#2510,#2511);
#1118=EDGE_LOOP('',(#2512,#2513,#2514,#2515));
#1119=AXIS2_PLACEMENT_3D('',#2516,#2517,#2518);
#1120=EDGE_LOOP('',(#2519,#2520,#2521,#2522));
#1121=AXIS2_PLACEMENT_3D('',#2523,#2524,#2525);
#1122=EDGE_LOOP('',(#2526,#2527,#2528,#2529));
#1123=AXIS2_PLACEMENT_3D('',#2530,#2531,#2532);
#1124=EDGE_LOOP('',(#2533,#2534,#2535,#2536));
#1125=AXIS2_PLACEMENT_3D('',#2537,#2538,#2539);
#1126=EDGE_LOOP('',(#2540,#2541,#2542,#2543));
#1127=AXIS2_PLACEMENT_3D('',#2544,#2545,#2546);
#1128=EDGE_LOOP('',(#2547,#2548,#2549,#2550));
#1129=AXIS2_PLACEMENT_3D('',#2551,#2552,#2553);
#1130=EDGE_LOOP('',(#2554,#2555,#2556,#2557));
#1131=AXIS2_PLACEMENT_3D('',#2558,#2559,#2560);
#1132=EDGE_LOOP('',(#2561,#2562,#2563,#2564));
#1133=AXIS2_PLACEMENT_3D('',#2565,#2566,#2567);
#1134=EDGE_LOOP('',(#2568,#2569,#2570,#2571));
#1135=AXIS2_PLACEMENT_3D('',#2572,#2573,#2574);
#1136=EDGE_LOOP('',(#2575,#2576,#2577,#2578));
#1137=AXIS2_PLACEMENT_3D('',#2579,#2580,#2581);
#1138=EDGE_LOOP('',(#2582,#2583,#2584,#2585));
#1139=AXIS2_PLACEMENT_3D('',#2586,#2587,#2588);
#1140=EDGE_LOOP('',(#2589,#2590,#2591,#2592));
#1141=AXIS2_PLACEMENT_3D('',#2593,#2594,#2595);
#1142=EDGE_LOOP('',(#2596,#2597,#2598,#2599));
#1143=AXIS2_PLACEMENT_3D('',#2600,#2601,#2602);
#1144=EDGE_LOOP('',(#2603,#2604,#2605,#2606));
#1145=AXIS2_PLACEMENT_3D('',#2607,#2608,#2609);
#1146=EDGE_LOOP('',(#2610,#2611,#2612,#2613));
#1147=AXIS2_PLACEMENT_3D('',#2614,#2615,#2616);
#1148=EDGE_LOOP('',(#2617,#2618,#2619,#2620));
#1149=AXIS2_PLACEMENT_3D('',#2621,#2622,#2623);
#1150=EDGE_LOOP('',(#2624,#2625,#2626,#2627));
#1151=AXIS2_PLACEMENT_3D('',#2628,#2629,#2630);
#1152=EDGE_LOOP('',(#2631,#2632,#2633,#2634));
#1153=AXIS2_PLACEMENT_3D('',#2635,#2636,#2637);
#1154=EDGE_LOOP('',(#2638,#2639,#2640,#2641));
#1155=AXIS2_PLACEMENT_3D('',#2642,#2643,#2644);
#1156=EDGE_LOOP('',(#2645,#2646,#2647,#2648));
#1157=AXIS2_PLACEMENT_3D('',#2649,#2650,#2651);
#1158=EDGE_LOOP('',(#2652,#2653,#2654,#2655));
#1159=AXIS2_PLACEMENT_3D('',#2656,#2657,#2658);
#1160=EDGE_LOOP('',(#2659,#2660,#2661,#2662));
#1161=AXIS2_PLACEMENT_3D('',#2663,#2664,#2665);
#1162=EDGE_LOOP('',(#2666,#2667,#2668,#2669));
#1163=AXIS2_PLACEMENT_3D('',#2670,#2671,#2672);
#1164=EDGE_LOOP('',(#2673,#2674,#2675,#2676));
#1165=AXIS2_PLACEMENT_3D('',#2677,#2678,#2679);
#1166=EDGE_LOOP('',(#2680,#2681,#2682,#2683));
#1167=AXIS2_PLACEMENT_3D('',#2684,#2685,#2686);
#1168=EDGE_LOOP('',(#2687,#2688,#2689,#2690));
#1169=AXIS2_PLACEMENT_3D('',#2691,#2692,#2693);
#1170=EDGE_LOOP('',(#2694,#2695,#2696,#2697));
#1171=AXIS2_PLACEMENT_3D('',#2698,#2699,#2700);
#1172=EDGE_LOOP('',(#2701,#2702,#2703,#2704));
#1173=AXIS2_PLACEMENT_3D('',#2705,#2706,#2707);
#1174=EDGE_LOOP('',(#2708,#2709,#2710,#2711));
#1175=AXIS2_PLACEMENT_3D('',#2712,#2713,#2714);
#1176=EDGE_LOOP('',(#2715,#2716,#2717,#2718));
#1177=AXIS2_PLACEMENT_3D('',#2719,#2720,#2721);
#1178=EDGE_LOOP('',(#2722,#2723,#2724,#2725));
#1179=AXIS2_PLACEMENT_3D('',#2726,#2727,#2728);
#1180=EDGE_LOOP('',(#2729,#2730,#2731,#2732));
#1181=AXIS2_PLACEMENT_3D('',#2733,#2734,#2735);
#1182=EDGE_LOOP('',(#2736,#2737,#2738,#2739));
#1183=AXIS2_PLACEMENT_3D('',#2740,#2741,#2742);
#1184=EDGE_LOOP('',(#2743,#2744,#2745,#2746));
#1185=AXIS2_PLACEMENT_3D('',#2747,#2748,#2749);
#1186=EDGE_LOOP('',(#2750,#2751,#2752,#2753));
#1187=AXIS2_PLACEMENT_3D('',#2754,#2755,#2756);
#1188=EDGE_LOOP('',(#2757,#2758,#2759,#2760));
#1189=AXIS2_PLACEMENT_3D('',#2761,#2762,#2763);
#1190=EDGE_LOOP('',(#2764,#2765,#2766,#2767));
#1191=AXIS2_PLACEMENT_3D('',#2768,#2769,#2770);
#1192=EDGE_LOOP('',(#2771,#2772,#2773,#2774));
#1193=AXIS2_PLACEMENT_3D('',#2775,#2776,#2777);
#1194=EDGE_LOOP('',(#2778,#2779,#2780,#2781));
#1195=AXIS2_PLACEMENT_3D('',#2782,#2783,#2784);
#1196=EDGE_LOOP('',(#2785,#2786,#2787,#2788));
#1197=AXIS2_PLACEMENT_3D('',#2789,#2790,#2791);
#1198=EDGE_LOOP('',(#2792,#2793,#2794,#2795));
#1199=AXIS2_PLACEMENT_3D('',#2796,#2797,#2798);
#1200=EDGE_LOOP('',(#2799,#2800,#2801,#2802));
#1201=AXIS2_PLACEMENT_3D('',#2803,#2804,#2805);
#1202=EDGE_LOOP('',(#2806,#2807,#2808,#2809));
#1203=AXIS2_PLACEMENT_3D('',#2810,#2811,#2812);
#1204=EDGE_LOOP('',(#2813,#2814,#2815,#2816));
#1205=AXIS2_PLACEMENT_3D('',#2817,#2818,#2819);
#1206=EDGE_LOOP('',(#2820,#2821,#2822,#2823));
#1207=AXIS2_PLACEMENT_3D('',#2824,#2825,#2826);
#1208=EDGE_LOOP('',(#2827,#2828,#2829,#2830));
#1209=AXIS2_PLACEMENT_3D('',#2831,#2832,#2833);
#1210=EDGE_LOOP('',(#2834,#2835,#2836,#2837));
#1211=AXIS2_PLACEMENT_3D('',#2838,#2839,#2840);
#1212=EDGE_LOOP('',(#2841,#2842,#2843,#2844));
#1213=AXIS2_PLACEMENT_3D('',#2845,#2846,#2847);
#1214=EDGE_LOOP('',(#2848,#2849,#2850,#2851));
#1215=AXIS2_PLACEMENT_3D('',#2852,#2853,#2854);
#1216=EDGE_LOOP('',(#2855,#2856,#2857,#2858));
#1217=AXIS2_PLACEMENT_3D('',#2859,#2860,#2861);
#1218=EDGE_LOOP('',(#2862,#2863,#2864,#2865));
#1219=AXIS2_PLACEMENT_3D('',#2866,#2867,#2868);
#1220=EDGE_LOOP('',(#2869,#2870,#2871,#2872));
#1221=AXIS2_PLACEMENT_3D('',#2873,#2874,#2875);
#1222=EDGE_LOOP('',(#2876,#2877,#2878,#2879));
#1223=AXIS2_PLACEMENT_3D('',#2880,#2881,#2882);
#1224=EDGE_LOOP('',(#2883,#2884,#2885,#2886));
#1225=AXIS2_PLACEMENT_3D('',#2887,#2888,#2889);
#1226=EDGE_LOOP('',(#2890,#2891,#2892,#2893));
#1227=AXIS2_PLACEMENT_3D('',#2894,#2895,#2896);
#1228=EDGE_LOOP('',(#2897,#2898,#2899,#2900));
#1229=AXIS2_PLACEMENT_3D('',#2901,#2902,#2903);
#1230=EDGE_LOOP('',(#2904,#2905,#2906,#2907));
#1231=AXIS2_PLACEMENT_3D('',#2908,#2909,#2910);
#1232=EDGE_LOOP('',(#2911,#2912,#2913,#2914));
#1233=AXIS2_PLACEMENT_3D('',#2915,#2916,#2917);
#1234=EDGE_LOOP('',(#2918,#2919,#2920,#2921));
#1235=AXIS2_PLACEMENT_3D('',#2922,#2923,#2924);
#1236=EDGE_LOOP('',(#2925,#2926,#2927,#2928));
#1237=AXIS2_PLACEMENT_3D('',#2929,#2930,#2931);
#1238=EDGE_LOOP('',(#2932,#2933,#2934,#2935));
#1239=AXIS2_PLACEMENT_3D('',#2936,#2937,#2938);
#1240=EDGE_LOOP('',(#2939,#2940,#2941,#2942));
#1241=AXIS2_PLACEMENT_3D('',#2943,#2944,#2945);
#1242=EDGE_LOOP('',(#2946,#2947,#2948,#2949));
#1243=AXIS2_PLACEMENT_3D('',#2950,#2951,#2952);
#1244=EDGE_LOOP('',(#2953,#2954,#2955,#2956));
#1245=AXIS2_PLACEMENT_3D('',#2957,#2958,#2959);
#1246=EDGE_LOOP('',(#2960,#2961,#2962,#2963));
#1247=AXIS2_PLACEMENT_3D('',#2964,#2965,#2966);
#1248=EDGE_LOOP('',(#2967,#2968,#2969,#2970));
#1249=AXIS2_PLACEMENT_3D('',#2971,#2972,#2973);
#1250=EDGE_LOOP('',(#2974,#2975,#2976,#2977));
#1251=AXIS2_PLACEMENT_3D('',#2978,#2979,#2980);
#1252=EDGE_LOOP('',(#2981,#2982,#2983,#2984));
#1253=AXIS2_PLACEMENT_3D('',#2985,#2986,#2987);
#1254=EDGE_LOOP('',(#2988,#2989,#2990,#2991));
#1255=AXIS2_PLACEMENT_3D('',#2992,#2993,#2994);
#1256=EDGE_LOOP('',(#2995,#2996,#2997,#2998,#2999,#3000));
#1257=AXIS2_PLACEMENT_3D('',#3001,#3002,#3003);
#1258=EDGE_LOOP('',(#3004,#3005,#3006,#3007,#3008,#3009));
#1259=AXIS2_PLACEMENT_3D('',#3010,#3011,#3012);
#1260=EDGE_LOOP('',(#3013,#3014,#3015,#3016,#3017,#3018));
#1261=AXIS2_PLACEMENT_3D('',#3019,#3020,#3021);
#1262=EDGE_LOOP('',(#3022,#3023,#3024,#3025));
#1263=AXIS2_PLACEMENT_3D('',#3026,#3027,#3028);
#1264=EDGE_LOOP('',(#3029,#3030,#3031,#3032,#3033,#3034));
#1265=AXIS2_PLACEMENT_3D('',#3035,#3036,#3037);
#1266=EDGE_LOOP('',(#3038,#3039,#3040,#3041));
#1267=AXIS2_PLACEMENT_3D('',#3042,#3043,#3044);
#1268=EDGE_LOOP('',(#3045,#3046,#3047,#3048,#3049,#3050));
#1269=AXIS2_PLACEMENT_3D('',#3051,#3052,#3053);
#1270=EDGE_LOOP('',(#3054,#3055,#3056,#3057));
#1271=AXIS2_PLACEMENT_3D('',#3058,#3059,#3060);
#1272=EDGE_LOOP('',(#3061,#3062,#3063,#3064,#3065,#3066));
#1273=AXIS2_PLACEMENT_3D('',#3067,#3068,#3069);
#1274=EDGE_LOOP('',(#3070,#3071,#3072,#3073));
#1275=AXIS2_PLACEMENT_3D('',#3074,#3075,#3076);
#1276=EDGE_LOOP('',(#3077,#3078,#3079,#3080));
#1277=AXIS2_PLACEMENT_3D('',#3081,#3082,#3083);
#1278=EDGE_LOOP('',(#3084,#3085,#3086,#3087));
#1279=AXIS2_PLACEMENT_3D('',#3088,#3089,#3090);
#1280=EDGE_LOOP('',(#3091,#3092,#3093,#3094,#3095));
#1281=AXIS2_PLACEMENT_3D('',#3096,#3097,#3098);
#1282=FILL_AREA_STYLE_COLOUR('',#3099);
#1283=ORIENTED_EDGE('',*,*,#3100,.F.);
#1284=ORIENTED_EDGE('',*,*,#3101,.F.);
#1285=ORIENTED_EDGE('',*,*,#3102,.T.);
#1286=ORIENTED_EDGE('',*,*,#3103,.T.);
#1287=CARTESIAN_POINT('',(-7.25,4.6,-2.61));
#1288=DIRECTION('',(-3.99824040340524E-18,-0.0,1.0));
#1289=DIRECTION('',(-1.0,0.0,-3.99824040340524E-18));
#1290=ORIENTED_EDGE('',*,*,#3104,.F.);
#1291=ORIENTED_EDGE('',*,*,#3105,.F.);
#1292=ORIENTED_EDGE('',*,*,#3106,.T.);
#1293=ORIENTED_EDGE('',*,*,#3107,.T.);
#1294=CARTESIAN_POINT('',(7.25,4.6,-2.61));
#1295=DIRECTION('',(0.0,0.0,-1.0));
#1296=DIRECTION('',(1.0,0.0,0.0));
#1297=ORIENTED_EDGE('',*,*,#3108,.F.);
#1298=ORIENTED_EDGE('',*,*,#3109,.F.);
#1299=ORIENTED_EDGE('',*,*,#3110,.F.);
#1300=ORIENTED_EDGE('',*,*,#3111,.F.);
#1301=CARTESIAN_POINT('',(-7.25,4.6,-2.61));
#1302=DIRECTION('',(0.0,0.0,-1.0));
#1303=DIRECTION('',(1.0,0.0,0.0));
#1304=ORIENTED_EDGE('',*,*,#3112,.F.);
#1305=ORIENTED_EDGE('',*,*,#3113,.F.);
#1306=ORIENTED_EDGE('',*,*,#3114,.T.);
#1307=ORIENTED_EDGE('',*,*,#3115,.T.);
#1308=CARTESIAN_POINT('',(7.25,4.6,-2.26));
#1309=DIRECTION('',(0.0,0.0,-1.0));
#1310=DIRECTION('',(1.0,0.0,0.0));
#1311=ORIENTED_EDGE('',*,*,#3116,.F.);
#1312=ORIENTED_EDGE('',*,*,#3117,.T.);
#1313=ORIENTED_EDGE('',*,*,#3118,.F.);
#1314=ORIENTED_EDGE('',*,*,#3119,.F.);
#1315=CARTESIAN_POINT('',(-7.25,4.6,-2.26));
#1316=DIRECTION('',(0.0,0.0,-1.0));
#1317=DIRECTION('',(1.0,0.0,0.0));
#1318=ORIENTED_EDGE('',*,*,#3120,.F.);
#1319=ORIENTED_EDGE('',*,*,#3121,.T.);
#1320=ORIENTED_EDGE('',*,*,#3122,.F.);
#1321=ORIENTED_EDGE('',*,*,#3123,.F.);
#1322=CARTESIAN_POINT('',(7.25,4.6,-2.61));
#1323=DIRECTION('',(-3.99824040340524E-18,-0.0,1.0));
#1324=DIRECTION('',(-1.0,0.0,-3.99824040340524E-18));
#1325=ORIENTED_EDGE('',*,*,#3124,.T.);
#1326=ORIENTED_EDGE('',*,*,#3125,.T.);
#1327=ORIENTED_EDGE('',*,*,#3126,.F.);
#1328=ORIENTED_EDGE('',*,*,#3127,.T.);
#1329=ORIENTED_EDGE('',*,*,#3128,.T.);
#1330=ORIENTED_EDGE('',*,*,#3129,.F.);
#1331=ORIENTED_EDGE('',*,*,#3130,.F.);
#1332=ORIENTED_EDGE('',*,*,#3131,.F.);
#1333=ORIENTED_EDGE('',*,*,#3132,.F.);
#1334=ORIENTED_EDGE('',*,*,#3133,.F.);
#1335=CARTESIAN_POINT('',(7.35,3.6,-3.81));
#1336=DIRECTION('',(1.0,0.0,0.0));
#1337=DIRECTION('',(0.0,1.0,0.0));
#1338=ORIENTED_EDGE('',*,*,#3134,.T.);
#1339=ORIENTED_EDGE('',*,*,#3135,.F.);
#1340=ORIENTED_EDGE('',*,*,#3136,.F.);
#1341=ORIENTED_EDGE('',*,*,#3132,.T.);
#1342=CARTESIAN_POINT('',(8.0039,5.6,-2.61));
#1343=DIRECTION('',(0.0,0.866025403784439,-0.5));
#1344=DIRECTION('',(-1.0,0.0,0.0));
#1345=ORIENTED_EDGE('',*,*,#3120,.T.);
#1346=ORIENTED_EDGE('',*,*,#3137,.F.);
#1347=ORIENTED_EDGE('',*,*,#3135,.T.);
#1348=ORIENTED_EDGE('',*,*,#3105,.T.);
#1349=CARTESIAN_POINT('',(7.25,4.6,-2.61));
#1350=DIRECTION('',(-3.99824040340524E-18,-0.0,1.0));
#1351=DIRECTION('',(-1.0,0.0,-3.99824040340524E-18));
#1352=ORIENTED_EDGE('',*,*,#3138,.T.);
#1353=ORIENTED_EDGE('',*,*,#3124,.F.);
#1354=ORIENTED_EDGE('',*,*,#3139,.F.);
#1355=ORIENTED_EDGE('',*,*,#3122,.T.);
#1356=CARTESIAN_POINT('',(8.0039,3.6,-2.61));
#1357=DIRECTION('',(-3.41514345239949E-15,-0.866025403784439,-0.5));
#1358=DIRECTION('',(0.0,0.5,-0.866025403784439));
#1359=ORIENTED_EDGE('',*,*,#3133,.T.);
#1360=ORIENTED_EDGE('',*,*,#3136,.T.);
#1361=ORIENTED_EDGE('',*,*,#3137,.T.);
#1362=ORIENTED_EDGE('',*,*,#3123,.T.);
#1363=ORIENTED_EDGE('',*,*,#3139,.T.);
#1364=CARTESIAN_POINT('',(7.25,4.6,-3.81));
#1365=DIRECTION('',(0.0,0.0,-1.0));
#1366=DIRECTION('',(0.0,-1.0,0.0));
#1367=ORIENTED_EDGE('',*,*,#3140,.F.);
#1368=ORIENTED_EDGE('',*,*,#3141,.F.);
#1369=ORIENTED_EDGE('',*,*,#3142,.F.);
#1370=ORIENTED_EDGE('',*,*,#3143,.T.);
#1371=ORIENTED_EDGE('',*,*,#3126,.T.);
#1372=CARTESIAN_POINT('',(7.35,8.06,-0.510000000000002));
#1373=DIRECTION('',(-2.16840434497101E-16,0.0,-1.0));
#1374=DIRECTION('',(-1.0,0.0,2.16840434497101E-16));
#1375=ORIENTED_EDGE('',*,*,#3144,.F.);
#1376=ORIENTED_EDGE('',*,*,#3145,.F.);
#1377=ORIENTED_EDGE('',*,*,#3146,.T.);
#1378=ORIENTED_EDGE('',*,*,#3147,.T.);
#1379=ORIENTED_EDGE('',*,*,#3148,.F.);
#1380=CARTESIAN_POINT('',(-8.35,8.06,-0.510000000000002));
#1381=DIRECTION('',(2.16840434497101E-16,0.0,-1.0));
#1382=DIRECTION('',(0.0,-1.0,0.0));
#1383=ORIENTED_EDGE('',*,*,#3149,.F.);
#1384=ORIENTED_EDGE('',*,*,#3150,.T.);
#1385=ORIENTED_EDGE('',*,*,#3151,.T.);
#1386=ORIENTED_EDGE('',*,*,#3152,.T.);
#1387=ORIENTED_EDGE('',*,*,#3153,.F.);
#1388=ORIENTED_EDGE('',*,*,#3154,.T.);
#1389=ORIENTED_EDGE('',*,*,#3155,.T.);
#1390=ORIENTED_EDGE('',*,*,#3156,.T.);
#1391=ORIENTED_EDGE('',*,*,#3157,.F.);
#1392=ORIENTED_EDGE('',*,*,#3158,.T.);
#1393=ORIENTED_EDGE('',*,*,#3159,.T.);
#1394=ORIENTED_EDGE('',*,*,#3160,.T.);
#1395=ORIENTED_EDGE('',*,*,#3161,.F.);
#1396=ORIENTED_EDGE('',*,*,#3162,.T.);
#1397=ORIENTED_EDGE('',*,*,#3163,.T.);
#1398=ORIENTED_EDGE('',*,*,#3164,.T.);
#1399=ORIENTED_EDGE('',*,*,#3165,.F.);
#1400=ORIENTED_EDGE('',*,*,#3166,.T.);
#1401=ORIENTED_EDGE('',*,*,#3167,.T.);
#1402=ORIENTED_EDGE('',*,*,#3168,.T.);
#1403=ORIENTED_EDGE('',*,*,#3169,.F.);
#1404=ORIENTED_EDGE('',*,*,#3170,.T.);
#1405=ORIENTED_EDGE('',*,*,#3171,.T.);
#1406=ORIENTED_EDGE('',*,*,#3172,.T.);
#1407=ORIENTED_EDGE('',*,*,#3173,.F.);
#1408=ORIENTED_EDGE('',*,*,#3174,.T.);
#1409=ORIENTED_EDGE('',*,*,#3175,.T.);
#1410=ORIENTED_EDGE('',*,*,#3176,.T.);
#1411=ORIENTED_EDGE('',*,*,#3177,.F.);
#1412=ORIENTED_EDGE('',*,*,#3128,.F.);
#1413=ORIENTED_EDGE('',*,*,#3178,.T.);
#1414=ORIENTED_EDGE('',*,*,#3179,.T.);
#1415=ORIENTED_EDGE('',*,*,#3180,.F.);
#1416=ORIENTED_EDGE('',*,*,#3181,.F.);
#1417=ORIENTED_EDGE('',*,*,#3182,.T.);
#1418=ORIENTED_EDGE('',*,*,#3183,.T.);
#1419=ORIENTED_EDGE('',*,*,#3184,.F.);
#1420=ORIENTED_EDGE('',*,*,#3185,.T.);
#1421=ORIENTED_EDGE('',*,*,#3186,.T.);
#1422=ORIENTED_EDGE('',*,*,#3187,.F.);
#1423=ORIENTED_EDGE('',*,*,#3188,.T.);
#1424=ORIENTED_EDGE('',*,*,#3189,.T.);
#1425=ORIENTED_EDGE('',*,*,#3190,.T.);
#1426=ORIENTED_EDGE('',*,*,#3191,.T.);
#1427=ORIENTED_EDGE('',*,*,#3192,.T.);
#1428=ORIENTED_EDGE('',*,*,#3193,.F.);
#1429=CARTESIAN_POINT('',(-12.32,9.9,7.54382428274769E-16));
#1430=DIRECTION('',(0.0,0.0,-1.0));
#1431=DIRECTION('',(0.0,-1.0,0.0));
#1432=ORIENTED_EDGE('',*,*,#3194,.T.);
#1433=ORIENTED_EDGE('',*,*,#3195,.T.);
#1434=ORIENTED_EDGE('',*,*,#3196,.F.);
#1435=ORIENTED_EDGE('',*,*,#3197,.T.);
#1436=CARTESIAN_POINT('',(-10.92,0.0,38.214));
#1437=DIRECTION('',(-0.766044443118978,-0.642787609686539,0.0));
#1438=DIRECTION('',(-0.642787609686539,0.766044443118978,0.0));
#1439=ORIENTED_EDGE('',*,*,#3198,.T.);
#1440=ORIENTED_EDGE('',*,*,#3199,.T.);
#1441=ORIENTED_EDGE('',*,*,#3200,.F.);
#1442=ORIENTED_EDGE('',*,*,#3201,.T.);
#1443=CARTESIAN_POINT('',(12.32,1.66845502963189,38.214));
#1444=DIRECTION('',(0.766044443118978,-0.642787609686539,0.0));
#1445=DIRECTION('',(0.0,0.0,-1.0));
#1446=ORIENTED_EDGE('',*,*,#3202,.T.);
#1447=ORIENTED_EDGE('',*,*,#3203,.T.);
#1448=ORIENTED_EDGE('',*,*,#3204,.T.);
#1449=ORIENTED_EDGE('',*,*,#3205,.F.);
#1450=ORIENTED_EDGE('',*,*,#3206,.T.);
#1451=ORIENTED_EDGE('',*,*,#3207,.T.);
#1452=ORIENTED_EDGE('',*,*,#3200,.T.);
#1453=ORIENTED_EDGE('',*,*,#3208,.T.);
#1454=CARTESIAN_POINT('',(12.32,9.9,8.88178419700125E-16));
#1455=DIRECTION('',(1.0,0.0,0.0));
#1456=DIRECTION('',(0.0,1.0,0.0));
#1457=ORIENTED_EDGE('',*,*,#3209,.F.);
#1458=ORIENTED_EDGE('',*,*,#3210,.F.);
#1459=ORIENTED_EDGE('',*,*,#3211,.F.);
#1460=ORIENTED_EDGE('',*,*,#3212,.F.);
#1461=ORIENTED_EDGE('',*,*,#3213,.F.);
#1462=ORIENTED_EDGE('',*,*,#3214,.F.);
#1463=ORIENTED_EDGE('',*,*,#3215,.F.);
#1464=ORIENTED_EDGE('',*,*,#3216,.F.);
#1465=ORIENTED_EDGE('',*,*,#3217,.F.);
#1466=ORIENTED_EDGE('',*,*,#3218,.F.);
#1467=ORIENTED_EDGE('',*,*,#3219,.F.);
#1468=ORIENTED_EDGE('',*,*,#3220,.F.);
#1469=ORIENTED_EDGE('',*,*,#3221,.F.);
#1470=ORIENTED_EDGE('',*,*,#3222,.F.);
#1471=ORIENTED_EDGE('',*,*,#3223,.F.);
#1472=ORIENTED_EDGE('',*,*,#3224,.F.);
#1473=ORIENTED_EDGE('',*,*,#3225,.F.);
#1474=ORIENTED_EDGE('',*,*,#3226,.F.);
#1475=ORIENTED_EDGE('',*,*,#3227,.F.);
#1476=ORIENTED_EDGE('',*,*,#3228,.F.);
#1477=ORIENTED_EDGE('',*,*,#3229,.F.);
#1478=ORIENTED_EDGE('',*,*,#3230,.F.);
#1479=ORIENTED_EDGE('',*,*,#3231,.F.);
#1480=ORIENTED_EDGE('',*,*,#3232,.F.);
#1481=ORIENTED_EDGE('',*,*,#3233,.F.);
#1482=ORIENTED_EDGE('',*,*,#3234,.F.);
#1483=ORIENTED_EDGE('',*,*,#3235,.F.);
#1484=ORIENTED_EDGE('',*,*,#3236,.F.);
#1485=ORIENTED_EDGE('',*,*,#3237,.F.);
#1486=ORIENTED_EDGE('',*,*,#3238,.F.);
#1487=ORIENTED_EDGE('',*,*,#3239,.F.);
#1488=ORIENTED_EDGE('',*,*,#3240,.F.);
#1489=ORIENTED_EDGE('',*,*,#3241,.F.);
#1490=ORIENTED_EDGE('',*,*,#3242,.F.);
#1491=ORIENTED_EDGE('',*,*,#3198,.F.);
#1492=ORIENTED_EDGE('',*,*,#3243,.T.);
#1493=ORIENTED_EDGE('',*,*,#3196,.T.);
#1494=ORIENTED_EDGE('',*,*,#3244,.T.);
#1495=ORIENTED_EDGE('',*,*,#3245,.T.);
#1496=ORIENTED_EDGE('',*,*,#3187,.T.);
#1497=ORIENTED_EDGE('',*,*,#3246,.F.);
#1498=ORIENTED_EDGE('',*,*,#3247,.F.);
#1499=CARTESIAN_POINT('',(0.0,0.0,0.0));
#1500=DIRECTION('',(0.0,-1.0,0.0));
#1501=DIRECTION('',(0.0,0.0,-1.0));
#1502=ORIENTED_EDGE('',*,*,#3201,.F.);
#1503=ORIENTED_EDGE('',*,*,#3207,.F.);
#1504=ORIENTED_EDGE('',*,*,#3248,.T.);
#1505=ORIENTED_EDGE('',*,*,#3249,.T.);
#1506=ORIENTED_EDGE('',*,*,#3197,.F.);
#1507=ORIENTED_EDGE('',*,*,#3243,.F.);
#1508=ORIENTED_EDGE('',*,*,#3250,.T.);
#1509=ORIENTED_EDGE('',*,*,#3251,.T.);
#1510=ORIENTED_EDGE('',*,*,#3252,.F.);
#1511=ORIENTED_EDGE('',*,*,#3253,.F.);
#1512=CARTESIAN_POINT('',(12.32,9.9,3.86));
#1513=DIRECTION('',(-4.04815746220237E-16,0.0,1.0));
#1514=DIRECTION('',(1.0,-0.0,4.04815746220237E-16));
#1515=ORIENTED_EDGE('',*,*,#3254,.F.);
#1516=ORIENTED_EDGE('',*,*,#3255,.T.);
#1517=ORIENTED_EDGE('',*,*,#3256,.F.);
#1518=ORIENTED_EDGE('',*,*,#3257,.F.);
#1519=ORIENTED_EDGE('',*,*,#3194,.F.);
#1520=ORIENTED_EDGE('',*,*,#3249,.F.);
#1521=ORIENTED_EDGE('',*,*,#3258,.T.);
#1522=ORIENTED_EDGE('',*,*,#3259,.T.);
#1523=CARTESIAN_POINT('',(-12.32,9.9,3.85999999999999));
#1524=DIRECTION('',(-1.0,0.0,0.0));
#1525=DIRECTION('',(0.0,0.0,1.0));
#1526=ORIENTED_EDGE('',*,*,#3258,.F.);
#1527=ORIENTED_EDGE('',*,*,#3248,.F.);
#1528=ORIENTED_EDGE('',*,*,#3206,.F.);
#1529=ORIENTED_EDGE('',*,*,#3260,.F.);
#1530=ORIENTED_EDGE('',*,*,#3261,.F.);
#1531=ORIENTED_EDGE('',*,*,#3192,.F.);
#1532=ORIENTED_EDGE('',*,*,#3262,.T.);
#1533=ORIENTED_EDGE('',*,*,#3263,.T.);
#1534=CARTESIAN_POINT('',(0.0,9.9,0.0));
#1535=DIRECTION('',(0.0,-1.0,0.0));
#1536=DIRECTION('',(0.0,0.0,-1.0));
#1537=ORIENTED_EDGE('',*,*,#3264,.T.);
#1538=ORIENTED_EDGE('',*,*,#3250,.F.);
#1539=ORIENTED_EDGE('',*,*,#3265,.F.);
#1540=ORIENTED_EDGE('',*,*,#3266,.T.);
#1541=CARTESIAN_POINT('',(1.3,2.2,5.05999999999998));
#1542=DIRECTION('',(0.0,0.585846996418766,-0.810421678379293));
#1543=DIRECTION('',(-1.0,0.0,0.0));
#1544=ORIENTED_EDGE('',*,*,#3267,.T.);
#1545=ORIENTED_EDGE('',*,*,#3268,.F.);
#1546=ORIENTED_EDGE('',*,*,#3269,.F.);
#1547=ORIENTED_EDGE('',*,*,#3252,.T.);
#1548=CARTESIAN_POINT('',(1.3,2.95,3.85999999999999));
#1549=DIRECTION('',(0.0,-1.0,-7.22801448323675E-16));
#1550=DIRECTION('',(0.0,7.22801448323675E-16,-1.0));
#1551=ORIENTED_EDGE('',*,*,#3270,.T.);
#1552=ORIENTED_EDGE('',*,*,#3266,.F.);
#1553=ORIENTED_EDGE('',*,*,#3271,.F.);
#1554=ORIENTED_EDGE('',*,*,#3268,.T.);
#1555=CARTESIAN_POINT('',(1.3,2.95,5.05999999999998));
#1556=DIRECTION('',(0.0,1.15648231731787E-15,-1.0));
#1557=DIRECTION('',(-1.0,0.0,0.0));
#1558=ORIENTED_EDGE('',*,*,#3265,.T.);
#1559=ORIENTED_EDGE('',*,*,#3253,.T.);
#1560=ORIENTED_EDGE('',*,*,#3269,.T.);
#1561=ORIENTED_EDGE('',*,*,#3271,.T.);
#1562=CARTESIAN_POINT('',(1.3,0.0,0.0));
#1563=DIRECTION('',(-1.0,0.0,0.0));
#1564=DIRECTION('',(0.0,0.0,1.0));
#1565=ORIENTED_EDGE('',*,*,#3264,.F.);
#1566=ORIENTED_EDGE('',*,*,#3270,.F.);
#1567=ORIENTED_EDGE('',*,*,#3267,.F.);
#1568=ORIENTED_EDGE('',*,*,#3251,.F.);
#1569=CARTESIAN_POINT('',(-1.3,0.0,0.0));
#1570=DIRECTION('',(-1.0,0.0,0.0));
#1571=DIRECTION('',(0.0,0.0,1.0));
#1572=ORIENTED_EDGE('',*,*,#3256,.T.);
#1573=ORIENTED_EDGE('',*,*,#3272,.T.);
#1574=ORIENTED_EDGE('',*,*,#3188,.F.);
#1575=ORIENTED_EDGE('',*,*,#3245,.F.);
#1576=ORIENTED_EDGE('',*,*,#3273,.F.);
#1577=CARTESIAN_POINT('',(-10.92,0.0,38.214));
#1578=DIRECTION('',(-0.766044443118978,-0.642787609686539,0.0));
#1579=DIRECTION('',(-0.642787609686539,0.766044443118978,0.0));
#1580=ORIENTED_EDGE('',*,*,#3186,.F.);
#1581=ORIENTED_EDGE('',*,*,#3274,.T.);
#1582=ORIENTED_EDGE('',*,*,#3202,.F.);
#1583=ORIENTED_EDGE('',*,*,#3275,.F.);
#1584=ORIENTED_EDGE('',*,*,#3246,.T.);
#1585=CARTESIAN_POINT('',(12.32,1.66845502963189,38.214));
#1586=DIRECTION('',(0.766044443118978,-0.642787609686539,0.0));
#1587=DIRECTION('',(0.0,0.0,-1.0));
#1588=ORIENTED_EDGE('',*,*,#3276,.T.);
#1589=ORIENTED_EDGE('',*,*,#3277,.T.);
#1590=ORIENTED_EDGE('',*,*,#3278,.F.);
#1591=ORIENTED_EDGE('',*,*,#3247,.T.);
#1592=CARTESIAN_POINT('',(10.92,1.66845502963189,3.22));
#1593=DIRECTION('',(1.0,1.03971844920479E-15,0.0));
#1594=DIRECTION('',(-1.03971844920479E-15,1.0,0.0));
#1595=ORIENTED_EDGE('',*,*,#3279,.T.);
#1596=ORIENTED_EDGE('',*,*,#3208,.F.);
#1597=ORIENTED_EDGE('',*,*,#3280,.F.);
#1598=ORIENTED_EDGE('',*,*,#3277,.F.);
#1599=CARTESIAN_POINT('',(12.32,1.66845502963189,3.22));
#1600=DIRECTION('',(1.85863229568943E-15,-1.0,0.0));
#1601=DIRECTION('',(0.0,0.0,-1.0));
#1602=ORIENTED_EDGE('',*,*,#3278,.T.);
#1603=ORIENTED_EDGE('',*,*,#3280,.T.);
#1604=ORIENTED_EDGE('',*,*,#3199,.F.);
#1605=CARTESIAN_POINT('',(0.0,0.0,3.22));
#1606=DIRECTION('',(0.0,0.0,-1.0));
#1607=DIRECTION('',(0.0,-1.0,0.0));
#1608=ORIENTED_EDGE('',*,*,#3276,.F.);
#1609=ORIENTED_EDGE('',*,*,#3275,.T.);
#1610=ORIENTED_EDGE('',*,*,#3279,.F.);
#1611=CARTESIAN_POINT('',(0.0,0.0,1.15));
#1612=DIRECTION('',(0.0,0.0,-1.0));
#1613=DIRECTION('',(0.0,-1.0,0.0));
#1614=ORIENTED_EDGE('',*,*,#3281,.T.);
#1615=ORIENTED_EDGE('',*,*,#3244,.F.);
#1616=ORIENTED_EDGE('',*,*,#3282,.F.);
#1617=ORIENTED_EDGE('',*,*,#3283,.F.);
#1618=CARTESIAN_POINT('',(-10.92,0.0,3.22));
#1619=DIRECTION('',(-1.0,1.03971844920479E-15,0.0));
#1620=DIRECTION('',(0.0,0.0,1.0));
#1621=ORIENTED_EDGE('',*,*,#3284,.T.);
#1622=ORIENTED_EDGE('',*,*,#3283,.T.);
#1623=ORIENTED_EDGE('',*,*,#3285,.F.);
#1624=ORIENTED_EDGE('',*,*,#3257,.T.);
#1625=CARTESIAN_POINT('',(-10.92,1.66845502963189,3.22));
#1626=DIRECTION('',(-1.85863229568943E-15,-1.0,0.0));
#1627=DIRECTION('',(-1.0,1.85863229568943E-15,0.0));
#1628=ORIENTED_EDGE('',*,*,#3195,.F.);
#1629=ORIENTED_EDGE('',*,*,#3285,.T.);
#1630=ORIENTED_EDGE('',*,*,#3282,.T.);
#1631=CARTESIAN_POINT('',(0.0,0.0,3.22));
#1632=DIRECTION('',(0.0,0.0,-1.0));
#1633=DIRECTION('',(0.0,-1.0,0.0));
#1634=ORIENTED_EDGE('',*,*,#3273,.T.);
#1635=ORIENTED_EDGE('',*,*,#3281,.F.);
#1636=ORIENTED_EDGE('',*,*,#3284,.F.);
#1637=CARTESIAN_POINT('',(0.0,0.0,1.15));
#1638=DIRECTION('',(0.0,0.0,-1.0));
#1639=DIRECTION('',(0.0,-1.0,0.0));
#1640=ORIENTED_EDGE('',*,*,#3184,.T.);
#1641=ORIENTED_EDGE('',*,*,#3286,.T.);
#1642=ORIENTED_EDGE('',*,*,#3287,.F.);
#1643=ORIENTED_EDGE('',*,*,#3288,.F.);
#1644=CARTESIAN_POINT('',(11.385,9.6,-0.51));
#1645=DIRECTION('',(-1.0,0.0,0.0));
#1646=DIRECTION('',(0.0,0.0,1.0));
#1647=ORIENTED_EDGE('',*,*,#3204,.F.);
#1648=ORIENTED_EDGE('',*,*,#3289,.T.);
#1649=ORIENTED_EDGE('',*,*,#3288,.T.);
#1650=ORIENTED_EDGE('',*,*,#3290,.F.);
#1651=CARTESIAN_POINT('',(11.385,8.05,-0.51));
#1652=DIRECTION('',(0.0,-1.0,0.0));
#1653=DIRECTION('',(0.0,0.0,-1.0));
#1654=ORIENTED_EDGE('',*,*,#3193,.T.);
#1655=ORIENTED_EDGE('',*,*,#3261,.T.);
#1656=ORIENTED_EDGE('',*,*,#3291,.F.);
#1657=ORIENTED_EDGE('',*,*,#3286,.F.);
#1658=CARTESIAN_POINT('',(11.685,9.9,-0.51));
#1659=DIRECTION('',(-0.707106781186548,0.707106781186548,0.0));
#1660=DIRECTION('',(0.0,0.0,1.0));
#1661=ORIENTED_EDGE('',*,*,#3287,.T.);
#1662=ORIENTED_EDGE('',*,*,#3291,.T.);
#1663=ORIENTED_EDGE('',*,*,#3260,.T.);
#1664=ORIENTED_EDGE('',*,*,#3205,.T.);
#1665=ORIENTED_EDGE('',*,*,#3290,.T.);
#1666=CARTESIAN_POINT('',(0.0,0.0,-0.51));
#1667=DIRECTION('',(0.0,0.0,1.0));
#1668=DIRECTION('',(1.0,0.0,0.0));
#1669=ORIENTED_EDGE('',*,*,#3191,.F.);
#1670=ORIENTED_EDGE('',*,*,#3292,.T.);
#1671=ORIENTED_EDGE('',*,*,#3293,.T.);
#1672=ORIENTED_EDGE('',*,*,#3262,.F.);
#1673=CARTESIAN_POINT('',(-11.685,9.9,-0.51));
#1674=DIRECTION('',(-0.707106781186548,-0.707106781186548,0.0));
#1675=DIRECTION('',(-0.707106781186548,0.707106781186548,0.0));
#1676=ORIENTED_EDGE('',*,*,#3190,.F.);
#1677=ORIENTED_EDGE('',*,*,#3294,.T.);
#1678=ORIENTED_EDGE('',*,*,#3295,.T.);
#1679=ORIENTED_EDGE('',*,*,#3292,.F.);
#1680=CARTESIAN_POINT('',(-11.385,9.6,-0.51));
#1681=DIRECTION('',(-1.0,0.0,0.0));
#1682=DIRECTION('',(0.0,0.0,1.0));
#1683=ORIENTED_EDGE('',*,*,#3294,.F.);
#1684=ORIENTED_EDGE('',*,*,#3296,.T.);
#1685=ORIENTED_EDGE('',*,*,#3254,.T.);
#1686=ORIENTED_EDGE('',*,*,#3297,.T.);
#1687=CARTESIAN_POINT('',(-11.385,8.05,-0.51));
#1688=DIRECTION('',(-0.0,1.0,0.0));
#1689=DIRECTION('',(1.0,0.0,0.0));
#1690=ORIENTED_EDGE('',*,*,#3259,.F.);
#1691=ORIENTED_EDGE('',*,*,#3263,.F.);
#1692=ORIENTED_EDGE('',*,*,#3293,.F.);
#1693=ORIENTED_EDGE('',*,*,#3295,.F.);
#1694=ORIENTED_EDGE('',*,*,#3297,.F.);
#1695=CARTESIAN_POINT('',(0.0,0.0,-0.509999999999999));
#1696=DIRECTION('',(0.0,0.0,-1.0));
#1697=DIRECTION('',(0.0,-1.0,0.0));
#1698=ORIENTED_EDGE('',*,*,#3289,.F.);
#1699=ORIENTED_EDGE('',*,*,#3203,.F.);
#1700=ORIENTED_EDGE('',*,*,#3274,.F.);
#1701=ORIENTED_EDGE('',*,*,#3185,.F.);
#1702=CARTESIAN_POINT('',(11.385,9.9,7.54382428274769E-16));
#1703=DIRECTION('',(-0.478852130680573,0.0,0.877895572914384));
#1704=DIRECTION('',(0.0,1.0,0.0));
#1705=ORIENTED_EDGE('',*,*,#3296,.F.);
#1706=ORIENTED_EDGE('',*,*,#3189,.F.);
#1707=ORIENTED_EDGE('',*,*,#3272,.F.);
#1708=ORIENTED_EDGE('',*,*,#3255,.F.);
#1709=CARTESIAN_POINT('',(-12.32,9.9,0.51));
#1710=DIRECTION('',(0.478852130680573,0.0,0.877895572914385));
#1711=DIRECTION('',(0.0,-1.0,0.0));
#1712=ORIENTED_EDGE('',*,*,#3238,.T.);
#1713=ORIENTED_EDGE('',*,*,#3298,.T.);
#1714=ORIENTED_EDGE('',*,*,#3299,.T.);
#1715=ORIENTED_EDGE('',*,*,#3300,.F.);
#1716=CARTESIAN_POINT('',(7.73,6.6,3.19999999999997));
#1717=DIRECTION('',(-1.0,0.0,9.1784310898245E-16));
#1718=DIRECTION('',(0.0,1.0,0.0));
#1719=ORIENTED_EDGE('',*,*,#3242,.T.);
#1720=ORIENTED_EDGE('',*,*,#3301,.T.);
#1721=ORIENTED_EDGE('',*,*,#3302,.T.);
#1722=ORIENTED_EDGE('',*,*,#3298,.F.);
#1723=CARTESIAN_POINT('',(7.73,6.6,1.31));
#1724=DIRECTION('',(-0.707106781186547,0.0,-0.707106781186548));
#1725=DIRECTION('',(-0.707106781186548,0.0,0.707106781186547));
#1726=ORIENTED_EDGE('',*,*,#3241,.T.);
#1727=ORIENTED_EDGE('',*,*,#3303,.T.);
#1728=ORIENTED_EDGE('',*,*,#3304,.T.);
#1729=ORIENTED_EDGE('',*,*,#3301,.F.);
#1730=CARTESIAN_POINT('',(8.38,6.6,0.659999999999999));
#1731=DIRECTION('',(4.01556360179816E-16,0.0,-1.0));
#1732=DIRECTION('',(0.0,-1.0,0.0));
#1733=ORIENTED_EDGE('',*,*,#3240,.T.);
#1734=ORIENTED_EDGE('',*,*,#3305,.T.);
#1735=ORIENTED_EDGE('',*,*,#3306,.T.);
#1736=ORIENTED_EDGE('',*,*,#3303,.F.);
#1737=CARTESIAN_POINT('',(10.27,6.6,0.66));
#1738=DIRECTION('',(1.0,0.0,1.36592399683213E-15));
#1739=DIRECTION('',(-1.36592399683213E-15,0.0,1.0));
#1740=ORIENTED_EDGE('',*,*,#3239,.T.);
#1741=ORIENTED_EDGE('',*,*,#3300,.T.);
#1742=ORIENTED_EDGE('',*,*,#3307,.T.);
#1743=ORIENTED_EDGE('',*,*,#3305,.F.);
#1744=CARTESIAN_POINT('',(10.27,6.6,3.2));
#1745=DIRECTION('',(-1.0073689476637E-14,0.0,1.0));
#1746=DIRECTION('',(1.0,-0.0,1.0073689476637E-14));
#1747=ORIENTED_EDGE('',*,*,#3308,.F.);
#1748=ORIENTED_EDGE('',*,*,#3309,.T.);
#1749=ORIENTED_EDGE('',*,*,#3310,.T.);
#1750=ORIENTED_EDGE('',*,*,#3311,.T.);
#1751=ORIENTED_EDGE('',*,*,#3299,.F.);
#1752=ORIENTED_EDGE('',*,*,#3302,.F.);
#1753=ORIENTED_EDGE('',*,*,#3304,.F.);
#1754=ORIENTED_EDGE('',*,*,#3306,.F.);
#1755=ORIENTED_EDGE('',*,*,#3307,.F.);
#1756=CARTESIAN_POINT('',(0.0,6.6,0.0));
#1757=DIRECTION('',(0.0,-1.0,0.0));
#1758=DIRECTION('',(0.0,0.0,-1.0));
#1759=ORIENTED_EDGE('',*,*,#3233,.T.);
#1760=ORIENTED_EDGE('',*,*,#3312,.T.);
#1761=ORIENTED_EDGE('',*,*,#3313,.T.);
#1762=ORIENTED_EDGE('',*,*,#3314,.F.);
#1763=CARTESIAN_POINT('',(4.73,6.6,3.2));
#1764=DIRECTION('',(-1.0,0.0,-6.82961998416066E-16));
#1765=DIRECTION('',(-6.82961998416066E-16,0.0,1.0));
#1766=ORIENTED_EDGE('',*,*,#3237,.T.);
#1767=ORIENTED_EDGE('',*,*,#3315,.T.);
#1768=ORIENTED_EDGE('',*,*,#3316,.T.);
#1769=ORIENTED_EDGE('',*,*,#3312,.F.);
#1770=CARTESIAN_POINT('',(4.73,6.6,0.659999999999999));
#1771=DIRECTION('',(2.86825971557011E-16,0.0,-1.0));
#1772=DIRECTION('',(0.0,-1.0,0.0));
#1773=ORIENTED_EDGE('',*,*,#3236,.T.);
#1774=ORIENTED_EDGE('',*,*,#3317,.T.);
#1775=ORIENTED_EDGE('',*,*,#3318,.T.);
#1776=ORIENTED_EDGE('',*,*,#3315,.F.);
#1777=CARTESIAN_POINT('',(6.62,6.6,0.659999999999999));
#1778=DIRECTION('',(0.707106781186559,0.0,-0.707106781186536));
#1779=DIRECTION('',(0.0,-1.0,0.0));
#1780=ORIENTED_EDGE('',*,*,#3235,.T.);
#1781=ORIENTED_EDGE('',*,*,#3319,.T.);
#1782=ORIENTED_EDGE('',*,*,#3320,.T.);
#1783=ORIENTED_EDGE('',*,*,#3317,.F.);
#1784=CARTESIAN_POINT('',(7.27,6.6,1.31000000000002));
#1785=DIRECTION('',(1.0,0.0,2.75352932694735E-15));
#1786=DIRECTION('',(-2.75352932694735E-15,0.0,1.0));
#1787=ORIENTED_EDGE('',*,*,#3234,.T.);
#1788=ORIENTED_EDGE('',*,*,#3314,.T.);
#1789=ORIENTED_EDGE('',*,*,#3321,.T.);
#1790=ORIENTED_EDGE('',*,*,#3319,.F.);
#1791=CARTESIAN_POINT('',(7.27,6.6,3.19999999999999));
#1792=DIRECTION('',(1.19518349722812E-15,0.0,1.0));
#1793=DIRECTION('',(1.0,0.0,-1.19518349722812E-15));
#1794=ORIENTED_EDGE('',*,*,#3322,.F.);
#1795=ORIENTED_EDGE('',*,*,#3323,.T.);
#1796=ORIENTED_EDGE('',*,*,#3324,.T.);
#1797=ORIENTED_EDGE('',*,*,#3325,.T.);
#1798=ORIENTED_EDGE('',*,*,#3313,.F.);
#1799=ORIENTED_EDGE('',*,*,#3316,.F.);
#1800=ORIENTED_EDGE('',*,*,#3318,.F.);
#1801=ORIENTED_EDGE('',*,*,#3320,.F.);
#1802=ORIENTED_EDGE('',*,*,#3321,.F.);
#1803=CARTESIAN_POINT('',(0.0,6.6,0.0));
#1804=DIRECTION('',(0.0,-1.0,0.0));
#1805=DIRECTION('',(0.0,0.0,-1.0));
#1806=ORIENTED_EDGE('',*,*,#3228,.T.);
#1807=ORIENTED_EDGE('',*,*,#3326,.T.);
#1808=ORIENTED_EDGE('',*,*,#3327,.T.);
#1809=ORIENTED_EDGE('',*,*,#3328,.F.);
#1810=CARTESIAN_POINT('',(1.73,6.6,3.2));
#1811=DIRECTION('',(-1.0,0.0,-3.41480999208033E-16));
#1812=DIRECTION('',(-3.41480999208033E-16,0.0,1.0));
#1813=ORIENTED_EDGE('',*,*,#3232,.T.);
#1814=ORIENTED_EDGE('',*,*,#3329,.T.);
#1815=ORIENTED_EDGE('',*,*,#3330,.T.);
#1816=ORIENTED_EDGE('',*,*,#3326,.F.);
#1817=CARTESIAN_POINT('',(1.73,6.6,0.659999999999997));
#1818=DIRECTION('',(1.14730388622805E-15,0.0,-1.0));
#1819=DIRECTION('',(0.0,-1.0,0.0));
#1820=ORIENTED_EDGE('',*,*,#3231,.T.);
#1821=ORIENTED_EDGE('',*,*,#3331,.T.);
#1822=ORIENTED_EDGE('',*,*,#3332,.T.);
#1823=ORIENTED_EDGE('',*,*,#3329,.F.);
#1824=CARTESIAN_POINT('',(3.62,6.6,0.659999999999999));
#1825=DIRECTION('',(0.707106781186559,0.0,-0.707106781186536));
#1826=DIRECTION('',(0.0,-1.0,0.0));
#1827=ORIENTED_EDGE('',*,*,#3230,.T.);
#1828=ORIENTED_EDGE('',*,*,#3333,.T.);
#1829=ORIENTED_EDGE('',*,*,#3334,.T.);
#1830=ORIENTED_EDGE('',*,*,#3331,.F.);
#1831=CARTESIAN_POINT('',(4.27,6.6,1.31000000000002));
#1832=DIRECTION('',(1.0,0.0,2.75352932694735E-15));
#1833=DIRECTION('',(-2.75352932694735E-15,0.0,1.0));
#1834=ORIENTED_EDGE('',*,*,#3229,.T.);
#1835=ORIENTED_EDGE('',*,*,#3328,.T.);
#1836=ORIENTED_EDGE('',*,*,#3335,.T.);
#1837=ORIENTED_EDGE('',*,*,#3333,.F.);
#1838=CARTESIAN_POINT('',(4.27,6.6,3.19999999999999));
#1839=DIRECTION('',(1.19518349722812E-15,0.0,1.0));
#1840=DIRECTION('',(1.0,0.0,-1.19518349722812E-15));
#1841=ORIENTED_EDGE('',*,*,#3336,.F.);
#1842=ORIENTED_EDGE('',*,*,#3337,.T.);
#1843=ORIENTED_EDGE('',*,*,#3338,.T.);
#1844=ORIENTED_EDGE('',*,*,#3339,.T.);
#1845=ORIENTED_EDGE('',*,*,#3327,.F.);
#1846=ORIENTED_EDGE('',*,*,#3330,.F.);
#1847=ORIENTED_EDGE('',*,*,#3332,.F.);
#1848=ORIENTED_EDGE('',*,*,#3334,.F.);
#1849=ORIENTED_EDGE('',*,*,#3335,.F.);
#1850=CARTESIAN_POINT('',(0.0,6.6,0.0));
#1851=DIRECTION('',(0.0,-1.0,0.0));
#1852=DIRECTION('',(0.0,0.0,-1.0));
#1853=ORIENTED_EDGE('',*,*,#3223,.T.);
#1854=ORIENTED_EDGE('',*,*,#3340,.T.);
#1855=ORIENTED_EDGE('',*,*,#3341,.T.);
#1856=ORIENTED_EDGE('',*,*,#3342,.F.);
#1857=CARTESIAN_POINT('',(-1.27,6.6,3.2));
#1858=DIRECTION('',(-1.0,0.0,-3.41480999208033E-16));
#1859=DIRECTION('',(-3.41480999208033E-16,0.0,1.0));
#1860=ORIENTED_EDGE('',*,*,#3227,.T.);
#1861=ORIENTED_EDGE('',*,*,#3343,.T.);
#1862=ORIENTED_EDGE('',*,*,#3344,.T.);
#1863=ORIENTED_EDGE('',*,*,#3340,.F.);
#1864=CARTESIAN_POINT('',(-1.27,6.6,0.659999999999995));
#1865=DIRECTION('',(2.12251218952188E-15,0.0,-1.0));
#1866=DIRECTION('',(0.0,-1.0,0.0));
#1867=ORIENTED_EDGE('',*,*,#3226,.T.);
#1868=ORIENTED_EDGE('',*,*,#3345,.T.);
#1869=ORIENTED_EDGE('',*,*,#3346,.T.);
#1870=ORIENTED_EDGE('',*,*,#3343,.F.);
#1871=CARTESIAN_POINT('',(0.620000000000003,6.6,0.659999999999999));
#1872=DIRECTION('',(0.707106781186559,0.0,-0.707106781186536));
#1873=DIRECTION('',(0.0,-1.0,0.0));
#1874=ORIENTED_EDGE('',*,*,#3225,.T.);
#1875=ORIENTED_EDGE('',*,*,#3347,.T.);
#1876=ORIENTED_EDGE('',*,*,#3348,.T.);
#1877=ORIENTED_EDGE('',*,*,#3345,.F.);
#1878=CARTESIAN_POINT('',(1.27,6.6,1.31000000000002));
#1879=DIRECTION('',(1.0,0.0,2.75352932694735E-15));
#1880=DIRECTION('',(-2.75352932694735E-15,0.0,1.0));
#1881=ORIENTED_EDGE('',*,*,#3224,.T.);
#1882=ORIENTED_EDGE('',*,*,#3342,.T.);
#1883=ORIENTED_EDGE('',*,*,#3349,.T.);
#1884=ORIENTED_EDGE('',*,*,#3347,.F.);
#1885=CARTESIAN_POINT('',(1.27,6.6,3.19999999999999));
#1886=DIRECTION('',(1.19518349722812E-15,0.0,1.0));
#1887=DIRECTION('',(1.0,0.0,-1.19518349722812E-15));
#1888=ORIENTED_EDGE('',*,*,#3350,.F.);
#1889=ORIENTED_EDGE('',*,*,#3351,.T.);
#1890=ORIENTED_EDGE('',*,*,#3352,.T.);
#1891=ORIENTED_EDGE('',*,*,#3353,.T.);
#1892=ORIENTED_EDGE('',*,*,#3341,.F.);
#1893=ORIENTED_EDGE('',*,*,#3344,.F.);
#1894=ORIENTED_EDGE('',*,*,#3346,.F.);
#1895=ORIENTED_EDGE('',*,*,#3348,.F.);
#1896=ORIENTED_EDGE('',*,*,#3349,.F.);
#1897=CARTESIAN_POINT('',(0.0,6.6,0.0));
#1898=DIRECTION('',(0.0,-1.0,0.0));
#1899=DIRECTION('',(0.0,0.0,-1.0));
#1900=ORIENTED_EDGE('',*,*,#3218,.T.);
#1901=ORIENTED_EDGE('',*,*,#3354,.T.);
#1902=ORIENTED_EDGE('',*,*,#3355,.T.);
#1903=ORIENTED_EDGE('',*,*,#3356,.F.);
#1904=CARTESIAN_POINT('',(-4.27,6.6,3.2));
#1905=DIRECTION('',(-1.0,0.0,-3.41480999208032E-16));
#1906=DIRECTION('',(-3.41480999208032E-16,0.0,1.0));
#1907=ORIENTED_EDGE('',*,*,#3222,.T.);
#1908=ORIENTED_EDGE('',*,*,#3357,.T.);
#1909=ORIENTED_EDGE('',*,*,#3358,.T.);
#1910=ORIENTED_EDGE('',*,*,#3354,.F.);
#1911=CARTESIAN_POINT('',(-4.27,6.6,0.659999999999993));
#1912=DIRECTION('',(3.04035529850432E-15,0.0,-1.0));
#1913=DIRECTION('',(0.0,-1.0,0.0));
#1914=ORIENTED_EDGE('',*,*,#3221,.T.);
#1915=ORIENTED_EDGE('',*,*,#3359,.T.);
#1916=ORIENTED_EDGE('',*,*,#3360,.T.);
#1917=ORIENTED_EDGE('',*,*,#3357,.F.);
#1918=CARTESIAN_POINT('',(-2.38,6.6,0.659999999999999));
#1919=DIRECTION('',(0.707106781186559,0.0,-0.707106781186536));
#1920=DIRECTION('',(0.0,-1.0,0.0));
#1921=ORIENTED_EDGE('',*,*,#3220,.T.);
#1922=ORIENTED_EDGE('',*,*,#3361,.T.);
#1923=ORIENTED_EDGE('',*,*,#3362,.T.);
#1924=ORIENTED_EDGE('',*,*,#3359,.F.);
#1925=CARTESIAN_POINT('',(-1.73,6.6,1.31000000000002));
#1926=DIRECTION('',(1.0,0.0,2.86825971557016E-15));
#1927=DIRECTION('',(-2.86825971557016E-15,0.0,1.0));
#1928=ORIENTED_EDGE('',*,*,#3219,.T.);
#1929=ORIENTED_EDGE('',*,*,#3356,.T.);
#1930=ORIENTED_EDGE('',*,*,#3363,.T.);
#1931=ORIENTED_EDGE('',*,*,#3361,.F.);
#1932=CARTESIAN_POINT('',(-1.73,6.6,3.19999999999999));
#1933=DIRECTION('',(1.19518349722812E-15,0.0,1.0));
#1934=DIRECTION('',(1.0,0.0,-1.19518349722812E-15));
#1935=ORIENTED_EDGE('',*,*,#3364,.F.);
#1936=ORIENTED_EDGE('',*,*,#3365,.T.);
#1937=ORIENTED_EDGE('',*,*,#3366,.T.);
#1938=ORIENTED_EDGE('',*,*,#3367,.T.);
#1939=ORIENTED_EDGE('',*,*,#3355,.F.);
#1940=ORIENTED_EDGE('',*,*,#3358,.F.);
#1941=ORIENTED_EDGE('',*,*,#3360,.F.);
#1942=ORIENTED_EDGE('',*,*,#3362,.F.);
#1943=ORIENTED_EDGE('',*,*,#3363,.F.);
#1944=CARTESIAN_POINT('',(0.0,6.6,0.0));
#1945=DIRECTION('',(0.0,-1.0,0.0));
#1946=DIRECTION('',(0.0,0.0,-1.0));
#1947=ORIENTED_EDGE('',*,*,#3213,.T.);
#1948=ORIENTED_EDGE('',*,*,#3368,.T.);
#1949=ORIENTED_EDGE('',*,*,#3369,.T.);
#1950=ORIENTED_EDGE('',*,*,#3370,.F.);
#1951=CARTESIAN_POINT('',(-7.27,6.6,3.19999999999999));
#1952=DIRECTION('',(-1.0,0.0,-3.41480999208033E-16));
#1953=DIRECTION('',(-3.41480999208033E-16,0.0,1.0));
#1954=ORIENTED_EDGE('',*,*,#3217,.T.);
#1955=ORIENTED_EDGE('',*,*,#3371,.T.);
#1956=ORIENTED_EDGE('',*,*,#3372,.T.);
#1957=ORIENTED_EDGE('',*,*,#3368,.F.);
#1958=CARTESIAN_POINT('',(-7.27,6.6,0.659999999999994));
#1959=DIRECTION('',(2.58143374401311E-15,0.0,-1.0));
#1960=DIRECTION('',(0.0,-1.0,0.0));
#1961=ORIENTED_EDGE('',*,*,#3216,.T.);
#1962=ORIENTED_EDGE('',*,*,#3373,.T.);
#1963=ORIENTED_EDGE('',*,*,#3374,.T.);
#1964=ORIENTED_EDGE('',*,*,#3371,.F.);
#1965=CARTESIAN_POINT('',(-5.38,6.6,0.659999999999999));
#1966=DIRECTION('',(0.707106781186559,0.0,-0.707106781186536));
#1967=DIRECTION('',(0.0,-1.0,0.0));
#1968=ORIENTED_EDGE('',*,*,#3215,.T.);
#1969=ORIENTED_EDGE('',*,*,#3375,.T.);
#1970=ORIENTED_EDGE('',*,*,#3376,.T.);
#1971=ORIENTED_EDGE('',*,*,#3373,.F.);
#1972=CARTESIAN_POINT('',(-4.73,6.6,1.31000000000002));
#1973=DIRECTION('',(1.0,0.0,9.1784310898245E-16));
#1974=DIRECTION('',(-9.1784310898245E-16,0.0,1.0));
#1975=ORIENTED_EDGE('',*,*,#3214,.T.);
#1976=ORIENTED_EDGE('',*,*,#3370,.T.);
#1977=ORIENTED_EDGE('',*,*,#3377,.T.);
#1978=ORIENTED_EDGE('',*,*,#3375,.F.);
#1979=CARTESIAN_POINT('',(-4.73,6.6,3.19999999999999));
#1980=DIRECTION('',(1.70740499604017E-16,0.0,1.0));
#1981=DIRECTION('',(1.0,0.0,-1.70740499604017E-16));
#1982=ORIENTED_EDGE('',*,*,#3378,.F.);
#1983=ORIENTED_EDGE('',*,*,#3379,.T.);
#1984=ORIENTED_EDGE('',*,*,#3380,.T.);
#1985=ORIENTED_EDGE('',*,*,#3381,.T.);
#1986=ORIENTED_EDGE('',*,*,#3369,.F.);
#1987=ORIENTED_EDGE('',*,*,#3372,.F.);
#1988=ORIENTED_EDGE('',*,*,#3374,.F.);
#1989=ORIENTED_EDGE('',*,*,#3376,.F.);
#1990=ORIENTED_EDGE('',*,*,#3377,.F.);
#1991=CARTESIAN_POINT('',(0.0,6.6,0.0));
#1992=DIRECTION('',(0.0,-1.0,0.0));
#1993=DIRECTION('',(0.0,0.0,-1.0));
#1994=ORIENTED_EDGE('',*,*,#3209,.T.);
#1995=ORIENTED_EDGE('',*,*,#3382,.T.);
#1996=ORIENTED_EDGE('',*,*,#3383,.T.);
#1997=ORIENTED_EDGE('',*,*,#3384,.F.);
#1998=CARTESIAN_POINT('',(-10.27,6.6,3.2));
#1999=DIRECTION('',(-1.0,0.0,0.0));
#2000=DIRECTION('',(0.0,0.0,1.0));
#2001=ORIENTED_EDGE('',*,*,#3212,.T.);
#2002=ORIENTED_EDGE('',*,*,#3385,.T.);
#2003=ORIENTED_EDGE('',*,*,#3386,.T.);
#2004=ORIENTED_EDGE('',*,*,#3382,.F.);
#2005=CARTESIAN_POINT('',(-10.27,6.6,0.659999999999988));
#2006=DIRECTION('',(5.12221498812049E-16,0.0,-1.0));
#2007=DIRECTION('',(0.0,-1.0,0.0));
#2008=ORIENTED_EDGE('',*,*,#3211,.T.);
#2009=ORIENTED_EDGE('',*,*,#3387,.T.);
#2010=ORIENTED_EDGE('',*,*,#3388,.T.);
#2011=ORIENTED_EDGE('',*,*,#3385,.F.);
#2012=CARTESIAN_POINT('',(-7.73,6.6,0.659999999999989));
#2013=DIRECTION('',(1.0,0.0,3.41480999208032E-16));
#2014=DIRECTION('',(-3.41480999208032E-16,0.0,1.0));
#2015=ORIENTED_EDGE('',*,*,#3210,.T.);
#2016=ORIENTED_EDGE('',*,*,#3384,.T.);
#2017=ORIENTED_EDGE('',*,*,#3389,.T.);
#2018=ORIENTED_EDGE('',*,*,#3387,.F.);
#2019=CARTESIAN_POINT('',(-7.73,6.6,3.2));
#2020=DIRECTION('',(0.0,0.0,1.0));
#2021=DIRECTION('',(1.0,0.0,0.0));
#2022=ORIENTED_EDGE('',*,*,#3390,.F.);
#2023=ORIENTED_EDGE('',*,*,#3391,.T.);
#2024=ORIENTED_EDGE('',*,*,#3392,.T.);
#2025=ORIENTED_EDGE('',*,*,#3393,.T.);
#2026=ORIENTED_EDGE('',*,*,#3383,.F.);
#2027=ORIENTED_EDGE('',*,*,#3386,.F.);
#2028=ORIENTED_EDGE('',*,*,#3388,.F.);
#2029=ORIENTED_EDGE('',*,*,#3389,.F.);
#2030=CARTESIAN_POINT('',(0.0,6.6,0.0));
#2031=DIRECTION('',(0.0,-1.0,0.0));
#2032=DIRECTION('',(0.0,0.0,-1.0));
#2033=ORIENTED_EDGE('',*,*,#3394,.T.);
#2034=ORIENTED_EDGE('',*,*,#3181,.T.);
#2035=ORIENTED_EDGE('',*,*,#3395,.F.);
#2036=ORIENTED_EDGE('',*,*,#3396,.F.);
#2037=ORIENTED_EDGE('',*,*,#3147,.F.);
#2038=CARTESIAN_POINT('',(-8.35,8.06,1.33226762955019E-15));
#2039=DIRECTION('',(-1.0,0.0,0.0));
#2040=DIRECTION('',(0.0,0.0,1.0));
#2041=ORIENTED_EDGE('',*,*,#3117,.F.);
#2042=ORIENTED_EDGE('',*,*,#3396,.T.);
#2043=ORIENTED_EDGE('',*,*,#3397,.F.);
#2044=ORIENTED_EDGE('',*,*,#3398,.F.);
#2045=ORIENTED_EDGE('',*,*,#3399,.F.);
#2046=CARTESIAN_POINT('',(-8.35,8.06,-0.510000000000002));
#2047=DIRECTION('',(2.16840434497101E-16,0.0,-1.0));
#2048=DIRECTION('',(0.0,-1.0,0.0));
#2049=ORIENTED_EDGE('',*,*,#3400,.T.);
#2050=ORIENTED_EDGE('',*,*,#3145,.T.);
#2051=ORIENTED_EDGE('',*,*,#3401,.F.);
#2052=ORIENTED_EDGE('',*,*,#3402,.F.);
#2053=ORIENTED_EDGE('',*,*,#3403,.F.);
#2054=ORIENTED_EDGE('',*,*,#3404,.T.);
#2055=ORIENTED_EDGE('',*,*,#3405,.T.);
#2056=ORIENTED_EDGE('',*,*,#3398,.T.);
#2057=ORIENTED_EDGE('',*,*,#3406,.F.);
#2058=ORIENTED_EDGE('',*,*,#3183,.F.);
#2059=CARTESIAN_POINT('',(-7.35,8.06,-0.510000000000002));
#2060=DIRECTION('',(1.0,0.0,0.0));
#2061=DIRECTION('',(0.0,1.0,0.0));
#2062=ORIENTED_EDGE('',*,*,#3395,.T.);
#2063=ORIENTED_EDGE('',*,*,#3180,.T.);
#2064=ORIENTED_EDGE('',*,*,#3406,.T.);
#2065=ORIENTED_EDGE('',*,*,#3397,.T.);
#2066=CARTESIAN_POINT('',(0.0,8.06,0.0));
#2067=DIRECTION('',(0.0,-1.0,0.0));
#2068=DIRECTION('',(0.0,0.0,-1.0));
#2069=ORIENTED_EDGE('',*,*,#3394,.F.);
#2070=ORIENTED_EDGE('',*,*,#3146,.F.);
#2071=ORIENTED_EDGE('',*,*,#3400,.F.);
#2072=ORIENTED_EDGE('',*,*,#3182,.F.);
#2073=CARTESIAN_POINT('',(0.0,1.6,0.0));
#2074=DIRECTION('',(0.0,-1.0,0.0));
#2075=DIRECTION('',(0.0,0.0,-1.0));
#2076=ORIENTED_EDGE('',*,*,#3115,.F.);
#2077=ORIENTED_EDGE('',*,*,#3407,.F.);
#2078=ORIENTED_EDGE('',*,*,#3130,.T.);
#2079=ORIENTED_EDGE('',*,*,#3408,.F.);
#2080=ORIENTED_EDGE('',*,*,#3409,.F.);
#2081=CARTESIAN_POINT('',(7.35,8.06,-0.510000000000002));
#2082=DIRECTION('',(-2.16840434497101E-16,0.0,-1.0));
#2083=DIRECTION('',(-1.0,0.0,2.16840434497101E-16));
#2084=ORIENTED_EDGE('',*,*,#3410,.T.);
#2085=ORIENTED_EDGE('',*,*,#3142,.T.);
#2086=ORIENTED_EDGE('',*,*,#3409,.T.);
#2087=ORIENTED_EDGE('',*,*,#3411,.F.);
#2088=ORIENTED_EDGE('',*,*,#3179,.F.);
#2089=CARTESIAN_POINT('',(8.35,8.06,-0.510000000000002));
#2090=DIRECTION('',(1.0,0.0,0.0));
#2091=DIRECTION('',(0.0,1.0,0.0));
#2092=ORIENTED_EDGE('',*,*,#3129,.T.);
#2093=ORIENTED_EDGE('',*,*,#3177,.T.);
#2094=ORIENTED_EDGE('',*,*,#3411,.T.);
#2095=ORIENTED_EDGE('',*,*,#3408,.T.);
#2096=CARTESIAN_POINT('',(0.0,8.06,0.0));
#2097=DIRECTION('',(0.0,-1.0,0.0));
#2098=DIRECTION('',(0.0,0.0,-1.0));
#2099=ORIENTED_EDGE('',*,*,#3127,.F.);
#2100=ORIENTED_EDGE('',*,*,#3143,.F.);
#2101=ORIENTED_EDGE('',*,*,#3410,.F.);
#2102=ORIENTED_EDGE('',*,*,#3178,.F.);
#2103=CARTESIAN_POINT('',(0.0,1.6,0.0));
#2104=DIRECTION('',(0.0,-1.0,0.0));
#2105=DIRECTION('',(0.0,0.0,-1.0));
#2106=ORIENTED_EDGE('',*,*,#3412,.T.);
#2107=ORIENTED_EDGE('',*,*,#3413,.T.);
#2108=ORIENTED_EDGE('',*,*,#3414,.T.);
#2109=ORIENTED_EDGE('',*,*,#3415,.T.);
#2110=CARTESIAN_POINT('',(9.32,2.4,2.28));
#2111=DIRECTION('',(-0.0,1.0,0.0));
#2112=DIRECTION('',(1.0,0.0,0.0));
#2113=ORIENTED_EDGE('',*,*,#3416,.T.);
#2114=ORIENTED_EDGE('',*,*,#3417,.T.);
#2115=ORIENTED_EDGE('',*,*,#3418,.T.);
#2116=ORIENTED_EDGE('',*,*,#3308,.T.);
#2117=CARTESIAN_POINT('',(9.32,0.0,0.0));
#2118=DIRECTION('',(1.0,0.0,0.0));
#2119=DIRECTION('',(0.0,1.0,0.0));
#2120=ORIENTED_EDGE('',*,*,#3419,.F.);
#2121=ORIENTED_EDGE('',*,*,#3420,.T.);
#2122=ORIENTED_EDGE('',*,*,#3421,.F.);
#2123=ORIENTED_EDGE('',*,*,#3310,.F.);
#2124=CARTESIAN_POINT('',(8.68,0.0,0.0));
#2125=DIRECTION('',(1.0,0.0,0.0));
#2126=DIRECTION('',(0.0,1.0,0.0));
#2127=ORIENTED_EDGE('',*,*,#3421,.T.);
#2128=ORIENTED_EDGE('',*,*,#3422,.T.);
#2129=ORIENTED_EDGE('',*,*,#3416,.F.);
#2130=ORIENTED_EDGE('',*,*,#3311,.F.);
#2131=CARTESIAN_POINT('',(9.32,9.2,2.28));
#2132=DIRECTION('',(0.0,0.0,-1.0));
#2133=DIRECTION('',(0.0,-1.0,0.0));
#2134=ORIENTED_EDGE('',*,*,#3418,.F.);
#2135=ORIENTED_EDGE('',*,*,#3423,.T.);
#2136=ORIENTED_EDGE('',*,*,#3419,.T.);
#2137=ORIENTED_EDGE('',*,*,#3309,.F.);
#2138=CARTESIAN_POINT('',(9.32,2.4,1.64));
#2139=DIRECTION('',(0.0,7.04027384730847E-17,1.0));
#2140=DIRECTION('',(0.0,-1.0,7.04027384730847E-17));
#2141=ORIENTED_EDGE('',*,*,#3424,.T.);
#2142=ORIENTED_EDGE('',*,*,#3425,.T.);
#2143=ORIENTED_EDGE('',*,*,#3426,.T.);
#2144=ORIENTED_EDGE('',*,*,#3173,.T.);
#2145=CARTESIAN_POINT('',(9.32,0.0,0.0));
#2146=DIRECTION('',(1.0,0.0,0.0));
#2147=DIRECTION('',(0.0,1.0,0.0));
#2148=ORIENTED_EDGE('',*,*,#3427,.F.);
#2149=ORIENTED_EDGE('',*,*,#3428,.T.);
#2150=ORIENTED_EDGE('',*,*,#3429,.F.);
#2151=ORIENTED_EDGE('',*,*,#3175,.F.);
#2152=CARTESIAN_POINT('',(8.68,0.0,0.0));
#2153=DIRECTION('',(1.0,0.0,0.0));
#2154=DIRECTION('',(0.0,1.0,0.0));
#2155=ORIENTED_EDGE('',*,*,#3429,.T.);
#2156=ORIENTED_EDGE('',*,*,#3430,.T.);
#2157=ORIENTED_EDGE('',*,*,#3424,.F.);
#2158=ORIENTED_EDGE('',*,*,#3176,.F.);
#2159=CARTESIAN_POINT('',(9.32,8.56,1.64));
#2160=DIRECTION('',(-0.0,1.0,0.0));
#2161=DIRECTION('',(1.0,0.0,0.0));
#2162=ORIENTED_EDGE('',*,*,#3431,.T.);
#2163=ORIENTED_EDGE('',*,*,#3432,.T.);
#2164=ORIENTED_EDGE('',*,*,#3433,.T.);
#2165=ORIENTED_EDGE('',*,*,#3434,.T.);
#2166=CARTESIAN_POINT('',(9.32,8.56,-3.69));
#2167=DIRECTION('',(0.0,0.0,1.0));
#2168=DIRECTION('',(1.0,0.0,0.0));
#2169=ORIENTED_EDGE('',*,*,#3426,.F.);
#2170=ORIENTED_EDGE('',*,*,#3435,.T.);
#2171=ORIENTED_EDGE('',*,*,#3427,.T.);
#2172=ORIENTED_EDGE('',*,*,#3174,.F.);
#2173=CARTESIAN_POINT('',(9.32,9.2,-3.69));
#2174=DIRECTION('',(0.0,-1.0,-2.90573446562279E-16));
#2175=DIRECTION('',(0.0,2.90573446562279E-16,-1.0));
#2176=ORIENTED_EDGE('',*,*,#3436,.F.);
#2177=ORIENTED_EDGE('',*,*,#3435,.F.);
#2178=ORIENTED_EDGE('',*,*,#3437,.F.);
#2179=ORIENTED_EDGE('',*,*,#3434,.F.);
#2180=CARTESIAN_POINT('',(9.32,9.2,-2.85));
#2181=DIRECTION('',(0.0,-0.967372223380245,0.253359391837683));
#2182=DIRECTION('',(-1.0,0.0,0.0));
#2183=ORIENTED_EDGE('',*,*,#3437,.T.);
#2184=ORIENTED_EDGE('',*,*,#3425,.F.);
#2185=ORIENTED_EDGE('',*,*,#3438,.F.);
#2186=ORIENTED_EDGE('',*,*,#3431,.F.);
#2187=CARTESIAN_POINT('',(9.32,0.0,-2.85));
#2188=DIRECTION('',(0.967372223380245,0.0,-0.253359391837683));
#2189=DIRECTION('',(0.0,-1.0,0.0));
#2190=ORIENTED_EDGE('',*,*,#3436,.T.);
#2191=ORIENTED_EDGE('',*,*,#3433,.F.);
#2192=ORIENTED_EDGE('',*,*,#3439,.F.);
#2193=ORIENTED_EDGE('',*,*,#3428,.F.);
#2194=CARTESIAN_POINT('',(8.9,8.56,-3.69));
#2195=DIRECTION('',(0.967372223380245,0.0,0.253359391837683));
#2196=DIRECTION('',(0.0,-1.0,0.0));
#2197=ORIENTED_EDGE('',*,*,#3438,.T.);
#2198=ORIENTED_EDGE('',*,*,#3430,.F.);
#2199=ORIENTED_EDGE('',*,*,#3439,.T.);
#2200=ORIENTED_EDGE('',*,*,#3432,.F.);
#2201=CARTESIAN_POINT('',(9.32,8.78,-3.69));
#2202=DIRECTION('',(0.0,0.967372223380246,0.253359391837683));
#2203=DIRECTION('',(1.0,0.0,-0.0));
#2204=ORIENTED_EDGE('',*,*,#3440,.F.);
#2205=ORIENTED_EDGE('',*,*,#3423,.F.);
#2206=ORIENTED_EDGE('',*,*,#3441,.F.);
#2207=ORIENTED_EDGE('',*,*,#3415,.F.);
#2208=CARTESIAN_POINT('',(9.32,3.24,1.64));
#2209=DIRECTION('',(0.0,0.253359391837683,0.967372223380245));
#2210=DIRECTION('',(1.0,-0.0,0.0));
#2211=ORIENTED_EDGE('',*,*,#3441,.T.);
#2212=ORIENTED_EDGE('',*,*,#3417,.F.);
#2213=ORIENTED_EDGE('',*,*,#3442,.F.);
#2214=ORIENTED_EDGE('',*,*,#3412,.F.);
#2215=CARTESIAN_POINT('',(9.32,3.24,0.0));
#2216=DIRECTION('',(0.967372223380245,-0.253359391837683,0.0));
#2217=DIRECTION('',(0.0,0.0,-1.0));
#2218=ORIENTED_EDGE('',*,*,#3440,.T.);
#2219=ORIENTED_EDGE('',*,*,#3414,.F.);
#2220=ORIENTED_EDGE('',*,*,#3443,.F.);
#2221=ORIENTED_EDGE('',*,*,#3420,.F.);
#2222=CARTESIAN_POINT('',(8.9,2.4,2.28));
#2223=DIRECTION('',(0.967372223380245,0.253359391837683,0.0));
#2224=DIRECTION('',(0.0,0.0,-1.0));
#2225=ORIENTED_EDGE('',*,*,#3442,.T.);
#2226=ORIENTED_EDGE('',*,*,#3422,.F.);
#2227=ORIENTED_EDGE('',*,*,#3443,.T.);
#2228=ORIENTED_EDGE('',*,*,#3413,.F.);
#2229=CARTESIAN_POINT('',(9.32,2.4,2.06));
#2230=DIRECTION('',(0.0,0.253359391837683,-0.967372223380245));
#2231=DIRECTION('',(-1.0,0.0,0.0));
#2232=ORIENTED_EDGE('',*,*,#3444,.T.);
#2233=ORIENTED_EDGE('',*,*,#3445,.T.);
#2234=ORIENTED_EDGE('',*,*,#3446,.T.);
#2235=ORIENTED_EDGE('',*,*,#3447,.T.);
#2236=CARTESIAN_POINT('',(6.32,2.4,2.28));
#2237=DIRECTION('',(-0.0,1.0,0.0));
#2238=DIRECTION('',(1.0,0.0,0.0));
#2239=ORIENTED_EDGE('',*,*,#3448,.T.);
#2240=ORIENTED_EDGE('',*,*,#3449,.T.);
#2241=ORIENTED_EDGE('',*,*,#3450,.T.);
#2242=ORIENTED_EDGE('',*,*,#3322,.T.);
#2243=CARTESIAN_POINT('',(6.32,0.0,0.0));
#2244=DIRECTION('',(1.0,0.0,0.0));
#2245=DIRECTION('',(0.0,1.0,0.0));
#2246=ORIENTED_EDGE('',*,*,#3451,.F.);
#2247=ORIENTED_EDGE('',*,*,#3452,.T.);
#2248=ORIENTED_EDGE('',*,*,#3453,.F.);
#2249=ORIENTED_EDGE('',*,*,#3324,.F.);
#2250=CARTESIAN_POINT('',(5.68,0.0,0.0));
#2251=DIRECTION('',(1.0,0.0,0.0));
#2252=DIRECTION('',(0.0,1.0,0.0));
#2253=ORIENTED_EDGE('',*,*,#3453,.T.);
#2254=ORIENTED_EDGE('',*,*,#3454,.T.);
#2255=ORIENTED_EDGE('',*,*,#3448,.F.);
#2256=ORIENTED_EDGE('',*,*,#3325,.F.);
#2257=CARTESIAN_POINT('',(6.32,9.2,2.28));
#2258=DIRECTION('',(0.0,0.0,-1.0));
#2259=DIRECTION('',(0.0,-1.0,0.0));
#2260=ORIENTED_EDGE('',*,*,#3450,.F.);
#2261=ORIENTED_EDGE('',*,*,#3455,.T.);
#2262=ORIENTED_EDGE('',*,*,#3451,.T.);
#2263=ORIENTED_EDGE('',*,*,#3323,.F.);
#2264=CARTESIAN_POINT('',(6.32,2.4,1.64));
#2265=DIRECTION('',(0.0,7.04027384730847E-17,1.0));
#2266=DIRECTION('',(0.0,-1.0,7.04027384730847E-17));
#2267=ORIENTED_EDGE('',*,*,#3456,.T.);
#2268=ORIENTED_EDGE('',*,*,#3457,.T.);
#2269=ORIENTED_EDGE('',*,*,#3458,.T.);
#2270=ORIENTED_EDGE('',*,*,#3169,.T.);
#2271=CARTESIAN_POINT('',(6.32,0.0,0.0));
#2272=DIRECTION('',(1.0,0.0,0.0));
#2273=DIRECTION('',(0.0,1.0,0.0));
#2274=ORIENTED_EDGE('',*,*,#3459,.F.);
#2275=ORIENTED_EDGE('',*,*,#3460,.T.);
#2276=ORIENTED_EDGE('',*,*,#3461,.F.);
#2277=ORIENTED_EDGE('',*,*,#3171,.F.);
#2278=CARTESIAN_POINT('',(5.68,0.0,0.0));
#2279=DIRECTION('',(1.0,0.0,0.0));
#2280=DIRECTION('',(0.0,1.0,0.0));
#2281=ORIENTED_EDGE('',*,*,#3461,.T.);
#2282=ORIENTED_EDGE('',*,*,#3462,.T.);
#2283=ORIENTED_EDGE('',*,*,#3456,.F.);
#2284=ORIENTED_EDGE('',*,*,#3172,.F.);
#2285=CARTESIAN_POINT('',(6.32,8.56,1.64));
#2286=DIRECTION('',(-0.0,1.0,0.0));
#2287=DIRECTION('',(1.0,0.0,0.0));
#2288=ORIENTED_EDGE('',*,*,#3463,.T.);
#2289=ORIENTED_EDGE('',*,*,#3464,.T.);
#2290=ORIENTED_EDGE('',*,*,#3465,.T.);
#2291=ORIENTED_EDGE('',*,*,#3466,.T.);
#2292=CARTESIAN_POINT('',(6.32,8.56,-3.69));
#2293=DIRECTION('',(0.0,0.0,1.0));
#2294=DIRECTION('',(1.0,0.0,0.0));
#2295=ORIENTED_EDGE('',*,*,#3458,.F.);
#2296=ORIENTED_EDGE('',*,*,#3467,.T.);
#2297=ORIENTED_EDGE('',*,*,#3459,.T.);
#2298=ORIENTED_EDGE('',*,*,#3170,.F.);
#2299=CARTESIAN_POINT('',(6.32,9.2,-3.69));
#2300=DIRECTION('',(0.0,-1.0,-2.90573446562279E-16));
#2301=DIRECTION('',(0.0,2.90573446562279E-16,-1.0));
#2302=ORIENTED_EDGE('',*,*,#3468,.F.);
#2303=ORIENTED_EDGE('',*,*,#3467,.F.);
#2304=ORIENTED_EDGE('',*,*,#3469,.F.);
#2305=ORIENTED_EDGE('',*,*,#3466,.F.);
#2306=CARTESIAN_POINT('',(6.32,9.2,-2.85));
#2307=DIRECTION('',(0.0,-0.967372223380245,0.253359391837683));
#2308=DIRECTION('',(-1.0,0.0,0.0));
#2309=ORIENTED_EDGE('',*,*,#3469,.T.);
#2310=ORIENTED_EDGE('',*,*,#3457,.F.);
#2311=ORIENTED_EDGE('',*,*,#3470,.F.);
#2312=ORIENTED_EDGE('',*,*,#3463,.F.);
#2313=CARTESIAN_POINT('',(6.32,0.0,-2.85));
#2314=DIRECTION('',(0.967372223380245,0.0,-0.253359391837683));
#2315=DIRECTION('',(0.0,-1.0,0.0));
#2316=ORIENTED_EDGE('',*,*,#3468,.T.);
#2317=ORIENTED_EDGE('',*,*,#3465,.F.);
#2318=ORIENTED_EDGE('',*,*,#3471,.F.);
#2319=ORIENTED_EDGE('',*,*,#3460,.F.);
#2320=CARTESIAN_POINT('',(5.9,8.56,-3.69));
#2321=DIRECTION('',(0.967372223380245,0.0,0.253359391837683));
#2322=DIRECTION('',(0.0,-1.0,0.0));
#2323=ORIENTED_EDGE('',*,*,#3470,.T.);
#2324=ORIENTED_EDGE('',*,*,#3462,.F.);
#2325=ORIENTED_EDGE('',*,*,#3471,.T.);
#2326=ORIENTED_EDGE('',*,*,#3464,.F.);
#2327=CARTESIAN_POINT('',(6.32,8.78,-3.69));
#2328=DIRECTION('',(0.0,0.967372223380246,0.253359391837683));
#2329=DIRECTION('',(1.0,0.0,-0.0));
#2330=ORIENTED_EDGE('',*,*,#3472,.F.);
#2331=ORIENTED_EDGE('',*,*,#3455,.F.);
#2332=ORIENTED_EDGE('',*,*,#3473,.F.);
#2333=ORIENTED_EDGE('',*,*,#3447,.F.);
#2334=CARTESIAN_POINT('',(6.32,3.24,1.64));
#2335=DIRECTION('',(0.0,0.253359391837683,0.967372223380245));
#2336=DIRECTION('',(1.0,-0.0,0.0));
#2337=ORIENTED_EDGE('',*,*,#3473,.T.);
#2338=ORIENTED_EDGE('',*,*,#3449,.F.);
#2339=ORIENTED_EDGE('',*,*,#3474,.F.);
#2340=ORIENTED_EDGE('',*,*,#3444,.F.);
#2341=CARTESIAN_POINT('',(6.32,3.24,0.0));
#2342=DIRECTION('',(0.967372223380245,-0.253359391837683,0.0));
#2343=DIRECTION('',(0.0,0.0,-1.0));
#2344=ORIENTED_EDGE('',*,*,#3472,.T.);
#2345=ORIENTED_EDGE('',*,*,#3446,.F.);
#2346=ORIENTED_EDGE('',*,*,#3475,.F.);
#2347=ORIENTED_EDGE('',*,*,#3452,.F.);
#2348=CARTESIAN_POINT('',(5.9,2.4,2.28));
#2349=DIRECTION('',(0.967372223380245,0.253359391837683,0.0));
#2350=DIRECTION('',(0.0,0.0,-1.0));
#2351=ORIENTED_EDGE('',*,*,#3474,.T.);
#2352=ORIENTED_EDGE('',*,*,#3454,.F.);
#2353=ORIENTED_EDGE('',*,*,#3475,.T.);
#2354=ORIENTED_EDGE('',*,*,#3445,.F.);
#2355=CARTESIAN_POINT('',(6.32,2.4,2.06));
#2356=DIRECTION('',(0.0,0.253359391837683,-0.967372223380245));
#2357=DIRECTION('',(-1.0,0.0,0.0));
#2358=ORIENTED_EDGE('',*,*,#3476,.T.);
#2359=ORIENTED_EDGE('',*,*,#3477,.T.);
#2360=ORIENTED_EDGE('',*,*,#3478,.T.);
#2361=ORIENTED_EDGE('',*,*,#3479,.T.);
#2362=CARTESIAN_POINT('',(3.32,2.4,2.28));
#2363=DIRECTION('',(-0.0,1.0,0.0));
#2364=DIRECTION('',(1.0,0.0,0.0));
#2365=ORIENTED_EDGE('',*,*,#3480,.T.);
#2366=ORIENTED_EDGE('',*,*,#3481,.T.);
#2367=ORIENTED_EDGE('',*,*,#3482,.T.);
#2368=ORIENTED_EDGE('',*,*,#3336,.T.);
#2369=CARTESIAN_POINT('',(3.32,0.0,0.0));
#2370=DIRECTION('',(1.0,0.0,0.0));
#2371=DIRECTION('',(0.0,1.0,0.0));
#2372=ORIENTED_EDGE('',*,*,#3483,.F.);
#2373=ORIENTED_EDGE('',*,*,#3484,.T.);
#2374=ORIENTED_EDGE('',*,*,#3485,.F.);
#2375=ORIENTED_EDGE('',*,*,#3338,.F.);
#2376=CARTESIAN_POINT('',(2.68,0.0,0.0));
#2377=DIRECTION('',(1.0,0.0,0.0));
#2378=DIRECTION('',(0.0,1.0,0.0));
#2379=ORIENTED_EDGE('',*,*,#3485,.T.);
#2380=ORIENTED_EDGE('',*,*,#3486,.T.);
#2381=ORIENTED_EDGE('',*,*,#3480,.F.);
#2382=ORIENTED_EDGE('',*,*,#3339,.F.);
#2383=CARTESIAN_POINT('',(3.32,9.2,2.28));
#2384=DIRECTION('',(0.0,0.0,-1.0));
#2385=DIRECTION('',(0.0,-1.0,0.0));
#2386=ORIENTED_EDGE('',*,*,#3482,.F.);
#2387=ORIENTED_EDGE('',*,*,#3487,.T.);
#2388=ORIENTED_EDGE('',*,*,#3483,.T.);
#2389=ORIENTED_EDGE('',*,*,#3337,.F.);
#2390=CARTESIAN_POINT('',(3.32,2.4,1.64));
#2391=DIRECTION('',(0.0,7.04027384730847E-17,1.0));
#2392=DIRECTION('',(0.0,-1.0,7.04027384730847E-17));
#2393=ORIENTED_EDGE('',*,*,#3488,.T.);
#2394=ORIENTED_EDGE('',*,*,#3489,.T.);
#2395=ORIENTED_EDGE('',*,*,#3490,.T.);
#2396=ORIENTED_EDGE('',*,*,#3165,.T.);
#2397=CARTESIAN_POINT('',(3.32,0.0,0.0));
#2398=DIRECTION('',(1.0,0.0,0.0));
#2399=DIRECTION('',(0.0,1.0,0.0));
#2400=ORIENTED_EDGE('',*,*,#3491,.F.);
#2401=ORIENTED_EDGE('',*,*,#3492,.T.);
#2402=ORIENTED_EDGE('',*,*,#3493,.F.);
#2403=ORIENTED_EDGE('',*,*,#3167,.F.);
#2404=CARTESIAN_POINT('',(2.68,0.0,0.0));
#2405=DIRECTION('',(1.0,0.0,0.0));
#2406=DIRECTION('',(0.0,1.0,0.0));
#2407=ORIENTED_EDGE('',*,*,#3493,.T.);
#2408=ORIENTED_EDGE('',*,*,#3494,.T.);
#2409=ORIENTED_EDGE('',*,*,#3488,.F.);
#2410=ORIENTED_EDGE('',*,*,#3168,.F.);
#2411=CARTESIAN_POINT('',(3.32,8.56,1.64));
#2412=DIRECTION('',(-0.0,1.0,0.0));
#2413=DIRECTION('',(1.0,0.0,0.0));
#2414=ORIENTED_EDGE('',*,*,#3495,.T.);
#2415=ORIENTED_EDGE('',*,*,#3496,.T.);
#2416=ORIENTED_EDGE('',*,*,#3497,.T.);
#2417=ORIENTED_EDGE('',*,*,#3498,.T.);
#2418=CARTESIAN_POINT('',(3.32,8.56,-3.69));
#2419=DIRECTION('',(0.0,0.0,1.0));
#2420=DIRECTION('',(1.0,0.0,0.0));
#2421=ORIENTED_EDGE('',*,*,#3490,.F.);
#2422=ORIENTED_EDGE('',*,*,#3499,.T.);
#2423=ORIENTED_EDGE('',*,*,#3491,.T.);
#2424=ORIENTED_EDGE('',*,*,#3166,.F.);
#2425=CARTESIAN_POINT('',(3.32,9.2,-3.69));
#2426=DIRECTION('',(0.0,-1.0,-2.90573446562279E-16));
#2427=DIRECTION('',(0.0,2.90573446562279E-16,-1.0));
#2428=ORIENTED_EDGE('',*,*,#3500,.F.);
#2429=ORIENTED_EDGE('',*,*,#3499,.F.);
#2430=ORIENTED_EDGE('',*,*,#3501,.F.);
#2431=ORIENTED_EDGE('',*,*,#3498,.F.);
#2432=CARTESIAN_POINT('',(3.32,9.2,-2.85));
#2433=DIRECTION('',(0.0,-0.967372223380245,0.253359391837683));
#2434=DIRECTION('',(-1.0,0.0,0.0));
#2435=ORIENTED_EDGE('',*,*,#3501,.T.);
#2436=ORIENTED_EDGE('',*,*,#3489,.F.);
#2437=ORIENTED_EDGE('',*,*,#3502,.F.);
#2438=ORIENTED_EDGE('',*,*,#3495,.F.);
#2439=CARTESIAN_POINT('',(3.32,0.0,-2.85));
#2440=DIRECTION('',(0.967372223380245,0.0,-0.253359391837684));
#2441=DIRECTION('',(0.0,-1.0,0.0));
#2442=ORIENTED_EDGE('',*,*,#3500,.T.);
#2443=ORIENTED_EDGE('',*,*,#3497,.F.);
#2444=ORIENTED_EDGE('',*,*,#3503,.F.);
#2445=ORIENTED_EDGE('',*,*,#3492,.F.);
#2446=CARTESIAN_POINT('',(2.9,8.56,-3.69));
#2447=DIRECTION('',(0.967372223380245,0.0,0.253359391837684));
#2448=DIRECTION('',(0.0,-1.0,0.0));
#2449=ORIENTED_EDGE('',*,*,#3502,.T.);
#2450=ORIENTED_EDGE('',*,*,#3494,.F.);
#2451=ORIENTED_EDGE('',*,*,#3503,.T.);
#2452=ORIENTED_EDGE('',*,*,#3496,.F.);
#2453=CARTESIAN_POINT('',(3.32,8.78,-3.69));
#2454=DIRECTION('',(0.0,0.967372223380246,0.253359391837683));
#2455=DIRECTION('',(1.0,0.0,-0.0));
#2456=ORIENTED_EDGE('',*,*,#3504,.F.);
#2457=ORIENTED_EDGE('',*,*,#3487,.F.);
#2458=ORIENTED_EDGE('',*,*,#3505,.F.);
#2459=ORIENTED_EDGE('',*,*,#3479,.F.);
#2460=CARTESIAN_POINT('',(3.32,3.24,1.64));
#2461=DIRECTION('',(0.0,0.253359391837683,0.967372223380245));
#2462=DIRECTION('',(1.0,-0.0,0.0));
#2463=ORIENTED_EDGE('',*,*,#3505,.T.);
#2464=ORIENTED_EDGE('',*,*,#3481,.F.);
#2465=ORIENTED_EDGE('',*,*,#3506,.F.);
#2466=ORIENTED_EDGE('',*,*,#3476,.F.);
#2467=CARTESIAN_POINT('',(3.32,3.24,0.0));
#2468=DIRECTION('',(0.967372223380245,-0.253359391837684,0.0));
#2469=DIRECTION('',(0.0,0.0,-1.0));
#2470=ORIENTED_EDGE('',*,*,#3504,.T.);
#2471=ORIENTED_EDGE('',*,*,#3478,.F.);
#2472=ORIENTED_EDGE('',*,*,#3507,.F.);
#2473=ORIENTED_EDGE('',*,*,#3484,.F.);
#2474=CARTESIAN_POINT('',(2.9,2.4,2.28));
#2475=DIRECTION('',(0.967372223380245,0.253359391837684,0.0));
#2476=DIRECTION('',(0.0,0.0,-1.0));
#2477=ORIENTED_EDGE('',*,*,#3506,.T.);
#2478=ORIENTED_EDGE('',*,*,#3486,.F.);
#2479=ORIENTED_EDGE('',*,*,#3507,.T.);
#2480=ORIENTED_EDGE('',*,*,#3477,.F.);
#2481=CARTESIAN_POINT('',(3.32,2.4,2.06));
#2482=DIRECTION('',(0.0,0.253359391837683,-0.967372223380245));
#2483=DIRECTION('',(-1.0,0.0,0.0));
#2484=ORIENTED_EDGE('',*,*,#3508,.T.);
#2485=ORIENTED_EDGE('',*,*,#3509,.T.);
#2486=ORIENTED_EDGE('',*,*,#3510,.T.);
#2487=ORIENTED_EDGE('',*,*,#3511,.T.);
#2488=CARTESIAN_POINT('',(0.320000000000004,2.4,2.28));
#2489=DIRECTION('',(-0.0,1.0,0.0));
#2490=DIRECTION('',(1.0,0.0,0.0));
#2491=ORIENTED_EDGE('',*,*,#3512,.T.);
#2492=ORIENTED_EDGE('',*,*,#3513,.T.);
#2493=ORIENTED_EDGE('',*,*,#3514,.T.);
#2494=ORIENTED_EDGE('',*,*,#3350,.T.);
#2495=CARTESIAN_POINT('',(0.320000000000004,0.0,0.0));
#2496=DIRECTION('',(1.0,0.0,0.0));
#2497=DIRECTION('',(0.0,1.0,0.0));
#2498=ORIENTED_EDGE('',*,*,#3515,.F.);
#2499=ORIENTED_EDGE('',*,*,#3516,.T.);
#2500=ORIENTED_EDGE('',*,*,#3517,.F.);
#2501=ORIENTED_EDGE('',*,*,#3352,.F.);
#2502=CARTESIAN_POINT('',(-0.319999999999996,0.0,0.0));
#2503=DIRECTION('',(1.0,0.0,0.0));
#2504=DIRECTION('',(0.0,1.0,0.0));
#2505=ORIENTED_EDGE('',*,*,#3517,.T.);
#2506=ORIENTED_EDGE('',*,*,#3518,.T.);
#2507=ORIENTED_EDGE('',*,*,#3512,.F.);
#2508=ORIENTED_EDGE('',*,*,#3353,.F.);
#2509=CARTESIAN_POINT('',(0.320000000000004,9.2,2.28));
#2510=DIRECTION('',(0.0,0.0,-1.0));
#2511=DIRECTION('',(0.0,-1.0,0.0));
#2512=ORIENTED_EDGE('',*,*,#3514,.F.);
#2513=ORIENTED_EDGE('',*,*,#3519,.T.);
#2514=ORIENTED_EDGE('',*,*,#3515,.T.);
#2515=ORIENTED_EDGE('',*,*,#3351,.F.);
#2516=CARTESIAN_POINT('',(0.320000000000004,2.4,1.64));
#2517=DIRECTION('',(0.0,7.04027384730847E-17,1.0));
#2518=DIRECTION('',(0.0,-1.0,7.04027384730847E-17));
#2519=ORIENTED_EDGE('',*,*,#3520,.T.);
#2520=ORIENTED_EDGE('',*,*,#3521,.T.);
#2521=ORIENTED_EDGE('',*,*,#3522,.T.);
#2522=ORIENTED_EDGE('',*,*,#3161,.T.);
#2523=CARTESIAN_POINT('',(0.320000000000004,0.0,0.0));
#2524=DIRECTION('',(1.0,0.0,0.0));
#2525=DIRECTION('',(0.0,1.0,0.0));
#2526=ORIENTED_EDGE('',*,*,#3523,.F.);
#2527=ORIENTED_EDGE('',*,*,#3524,.T.);
#2528=ORIENTED_EDGE('',*,*,#3525,.F.);
#2529=ORIENTED_EDGE('',*,*,#3163,.F.);
#2530=CARTESIAN_POINT('',(-0.319999999999996,0.0,0.0));
#2531=DIRECTION('',(1.0,0.0,0.0));
#2532=DIRECTION('',(0.0,1.0,0.0));
#2533=ORIENTED_EDGE('',*,*,#3525,.T.);
#2534=ORIENTED_EDGE('',*,*,#3526,.T.);
#2535=ORIENTED_EDGE('',*,*,#3520,.F.);
#2536=ORIENTED_EDGE('',*,*,#3164,.F.);
#2537=CARTESIAN_POINT('',(0.320000000000004,8.56,1.64));
#2538=DIRECTION('',(-0.0,1.0,0.0));
#2539=DIRECTION('',(1.0,0.0,0.0));
#2540=ORIENTED_EDGE('',*,*,#3527,.T.);
#2541=ORIENTED_EDGE('',*,*,#3528,.T.);
#2542=ORIENTED_EDGE('',*,*,#3529,.T.);
#2543=ORIENTED_EDGE('',*,*,#3530,.T.);
#2544=CARTESIAN_POINT('',(0.320000000000004,8.56,-3.69));
#2545=DIRECTION('',(0.0,0.0,1.0));
#2546=DIRECTION('',(1.0,0.0,0.0));
#2547=ORIENTED_EDGE('',*,*,#3522,.F.);
#2548=ORIENTED_EDGE('',*,*,#3531,.T.);
#2549=ORIENTED_EDGE('',*,*,#3523,.T.);
#2550=ORIENTED_EDGE('',*,*,#3162,.F.);
#2551=CARTESIAN_POINT('',(0.320000000000004,9.2,-3.69));
#2552=DIRECTION('',(0.0,-1.0,-2.90573446562279E-16));
#2553=DIRECTION('',(0.0,2.90573446562279E-16,-1.0));
#2554=ORIENTED_EDGE('',*,*,#3532,.F.);
#2555=ORIENTED_EDGE('',*,*,#3531,.F.);
#2556=ORIENTED_EDGE('',*,*,#3533,.F.);
#2557=ORIENTED_EDGE('',*,*,#3530,.F.);
#2558=CARTESIAN_POINT('',(0.320000000000004,9.2,-2.85));
#2559=DIRECTION('',(0.0,-0.967372223380245,0.253359391837683));
#2560=DIRECTION('',(-1.0,0.0,0.0));
#2561=ORIENTED_EDGE('',*,*,#3533,.T.);
#2562=ORIENTED_EDGE('',*,*,#3521,.F.);
#2563=ORIENTED_EDGE('',*,*,#3534,.F.);
#2564=ORIENTED_EDGE('',*,*,#3527,.F.);
#2565=CARTESIAN_POINT('',(0.320000000000004,0.0,-2.85));
#2566=DIRECTION('',(0.967372223380245,0.0,-0.253359391837683));
#2567=DIRECTION('',(0.0,-1.0,0.0));
#2568=ORIENTED_EDGE('',*,*,#3532,.T.);
#2569=ORIENTED_EDGE('',*,*,#3529,.F.);
#2570=ORIENTED_EDGE('',*,*,#3535,.F.);
#2571=ORIENTED_EDGE('',*,*,#3524,.F.);
#2572=CARTESIAN_POINT('',(-0.0999999999999965,8.56,-3.69));
#2573=DIRECTION('',(0.967372223380245,0.0,0.253359391837683));
#2574=DIRECTION('',(0.0,-1.0,0.0));
#2575=ORIENTED_EDGE('',*,*,#3534,.T.);
#2576=ORIENTED_EDGE('',*,*,#3526,.F.);
#2577=ORIENTED_EDGE('',*,*,#3535,.T.);
#2578=ORIENTED_EDGE('',*,*,#3528,.F.);
#2579=CARTESIAN_POINT('',(0.320000000000004,8.78,-3.69));
#2580=DIRECTION('',(0.0,0.967372223380246,0.253359391837683));
#2581=DIRECTION('',(1.0,0.0,-0.0));
#2582=ORIENTED_EDGE('',*,*,#3536,.F.);
#2583=ORIENTED_EDGE('',*,*,#3519,.F.);
#2584=ORIENTED_EDGE('',*,*,#3537,.F.);
#2585=ORIENTED_EDGE('',*,*,#3511,.F.);
#2586=CARTESIAN_POINT('',(0.320000000000004,3.24,1.64));
#2587=DIRECTION('',(0.0,0.253359391837683,0.967372223380245));
#2588=DIRECTION('',(1.0,-0.0,0.0));
#2589=ORIENTED_EDGE('',*,*,#3537,.T.);
#2590=ORIENTED_EDGE('',*,*,#3513,.F.);
#2591=ORIENTED_EDGE('',*,*,#3538,.F.);
#2592=ORIENTED_EDGE('',*,*,#3508,.F.);
#2593=CARTESIAN_POINT('',(0.320000000000004,3.24,0.0));
#2594=DIRECTION('',(0.967372223380245,-0.253359391837683,0.0));
#2595=DIRECTION('',(0.0,0.0,-1.0));
#2596=ORIENTED_EDGE('',*,*,#3536,.T.);
#2597=ORIENTED_EDGE('',*,*,#3510,.F.);
#2598=ORIENTED_EDGE('',*,*,#3539,.F.);
#2599=ORIENTED_EDGE('',*,*,#3516,.F.);
#2600=CARTESIAN_POINT('',(-0.0999999999999965,2.4,2.28));
#2601=DIRECTION('',(0.967372223380245,0.253359391837683,0.0));
#2602=DIRECTION('',(0.0,0.0,-1.0));
#2603=ORIENTED_EDGE('',*,*,#3538,.T.);
#2604=ORIENTED_EDGE('',*,*,#3518,.F.);
#2605=ORIENTED_EDGE('',*,*,#3539,.T.);
#2606=ORIENTED_EDGE('',*,*,#3509,.F.);
#2607=CARTESIAN_POINT('',(0.320000000000004,2.4,2.06));
#2608=DIRECTION('',(0.0,0.253359391837683,-0.967372223380245));
#2609=DIRECTION('',(-1.0,0.0,0.0));
#2610=ORIENTED_EDGE('',*,*,#3540,.T.);
#2611=ORIENTED_EDGE('',*,*,#3541,.T.);
#2612=ORIENTED_EDGE('',*,*,#3542,.T.);
#2613=ORIENTED_EDGE('',*,*,#3543,.T.);
#2614=CARTESIAN_POINT('',(-2.68,2.4,2.28));
#2615=DIRECTION('',(-0.0,1.0,0.0));
#2616=DIRECTION('',(1.0,0.0,0.0));
#2617=ORIENTED_EDGE('',*,*,#3544,.T.);
#2618=ORIENTED_EDGE('',*,*,#3545,.T.);
#2619=ORIENTED_EDGE('',*,*,#3546,.T.);
#2620=ORIENTED_EDGE('',*,*,#3364,.T.);
#2621=CARTESIAN_POINT('',(-2.68,0.0,0.0));
#2622=DIRECTION('',(1.0,0.0,0.0));
#2623=DIRECTION('',(0.0,1.0,0.0));
#2624=ORIENTED_EDGE('',*,*,#3547,.F.);
#2625=ORIENTED_EDGE('',*,*,#3548,.T.);
#2626=ORIENTED_EDGE('',*,*,#3549,.F.);
#2627=ORIENTED_EDGE('',*,*,#3366,.F.);
#2628=CARTESIAN_POINT('',(-3.32,0.0,0.0));
#2629=DIRECTION('',(1.0,0.0,0.0));
#2630=DIRECTION('',(0.0,1.0,0.0));
#2631=ORIENTED_EDGE('',*,*,#3549,.T.);
#2632=ORIENTED_EDGE('',*,*,#3550,.T.);
#2633=ORIENTED_EDGE('',*,*,#3544,.F.);
#2634=ORIENTED_EDGE('',*,*,#3367,.F.);
#2635=CARTESIAN_POINT('',(-2.68,9.2,2.28));
#2636=DIRECTION('',(0.0,0.0,-1.0));
#2637=DIRECTION('',(0.0,-1.0,0.0));
#2638=ORIENTED_EDGE('',*,*,#3546,.F.);
#2639=ORIENTED_EDGE('',*,*,#3551,.T.);
#2640=ORIENTED_EDGE('',*,*,#3547,.T.);
#2641=ORIENTED_EDGE('',*,*,#3365,.F.);
#2642=CARTESIAN_POINT('',(-2.68,2.4,1.64));
#2643=DIRECTION('',(0.0,7.04027384730847E-17,1.0));
#2644=DIRECTION('',(0.0,-1.0,7.04027384730847E-17));
#2645=ORIENTED_EDGE('',*,*,#3552,.T.);
#2646=ORIENTED_EDGE('',*,*,#3553,.T.);
#2647=ORIENTED_EDGE('',*,*,#3554,.T.);
#2648=ORIENTED_EDGE('',*,*,#3157,.T.);
#2649=CARTESIAN_POINT('',(-2.68,0.0,0.0));
#2650=DIRECTION('',(1.0,0.0,0.0));
#2651=DIRECTION('',(0.0,1.0,0.0));
#2652=ORIENTED_EDGE('',*,*,#3555,.F.);
#2653=ORIENTED_EDGE('',*,*,#3556,.T.);
#2654=ORIENTED_EDGE('',*,*,#3557,.F.);
#2655=ORIENTED_EDGE('',*,*,#3159,.F.);
#2656=CARTESIAN_POINT('',(-3.32,0.0,0.0));
#2657=DIRECTION('',(1.0,0.0,0.0));
#2658=DIRECTION('',(0.0,1.0,0.0));
#2659=ORIENTED_EDGE('',*,*,#3557,.T.);
#2660=ORIENTED_EDGE('',*,*,#3558,.T.);
#2661=ORIENTED_EDGE('',*,*,#3552,.F.);
#2662=ORIENTED_EDGE('',*,*,#3160,.F.);
#2663=CARTESIAN_POINT('',(-2.68,8.56,1.64));
#2664=DIRECTION('',(-0.0,1.0,0.0));
#2665=DIRECTION('',(1.0,0.0,0.0));
#2666=ORIENTED_EDGE('',*,*,#3559,.T.);
#2667=ORIENTED_EDGE('',*,*,#3560,.T.);
#2668=ORIENTED_EDGE('',*,*,#3561,.T.);
#2669=ORIENTED_EDGE('',*,*,#3562,.T.);
#2670=CARTESIAN_POINT('',(-2.68,8.56,-3.69));
#2671=DIRECTION('',(0.0,0.0,1.0));
#2672=DIRECTION('',(1.0,0.0,0.0));
#2673=ORIENTED_EDGE('',*,*,#3554,.F.);
#2674=ORIENTED_EDGE('',*,*,#3563,.T.);
#2675=ORIENTED_EDGE('',*,*,#3555,.T.);
#2676=ORIENTED_EDGE('',*,*,#3158,.F.);
#2677=CARTESIAN_POINT('',(-2.68,9.2,-3.69));
#2678=DIRECTION('',(0.0,-1.0,-2.90573446562279E-16));
#2679=DIRECTION('',(0.0,2.90573446562279E-16,-1.0));
#2680=ORIENTED_EDGE('',*,*,#3564,.F.);
#2681=ORIENTED_EDGE('',*,*,#3563,.F.);
#2682=ORIENTED_EDGE('',*,*,#3565,.F.);
#2683=ORIENTED_EDGE('',*,*,#3562,.F.);
#2684=CARTESIAN_POINT('',(-2.68,9.2,-2.85));
#2685=DIRECTION('',(0.0,-0.967372223380245,0.253359391837683));
#2686=DIRECTION('',(-1.0,0.0,0.0));
#2687=ORIENTED_EDGE('',*,*,#3565,.T.);
#2688=ORIENTED_EDGE('',*,*,#3553,.F.);
#2689=ORIENTED_EDGE('',*,*,#3566,.F.);
#2690=ORIENTED_EDGE('',*,*,#3559,.F.);
#2691=CARTESIAN_POINT('',(-2.68,0.0,-2.85));
#2692=DIRECTION('',(0.967372223380245,0.0,-0.253359391837684));
#2693=DIRECTION('',(0.0,-1.0,0.0));
#2694=ORIENTED_EDGE('',*,*,#3564,.T.);
#2695=ORIENTED_EDGE('',*,*,#3561,.F.);
#2696=ORIENTED_EDGE('',*,*,#3567,.F.);
#2697=ORIENTED_EDGE('',*,*,#3556,.F.);
#2698=CARTESIAN_POINT('',(-3.1,8.56,-3.69));
#2699=DIRECTION('',(0.967372223380245,0.0,0.253359391837684));
#2700=DIRECTION('',(0.0,-1.0,0.0));
#2701=ORIENTED_EDGE('',*,*,#3566,.T.);
#2702=ORIENTED_EDGE('',*,*,#3558,.F.);
#2703=ORIENTED_EDGE('',*,*,#3567,.T.);
#2704=ORIENTED_EDGE('',*,*,#3560,.F.);
#2705=CARTESIAN_POINT('',(-2.68,8.78,-3.69));
#2706=DIRECTION('',(0.0,0.967372223380246,0.253359391837683));
#2707=DIRECTION('',(1.0,0.0,-0.0));
#2708=ORIENTED_EDGE('',*,*,#3568,.F.);
#2709=ORIENTED_EDGE('',*,*,#3551,.F.);
#2710=ORIENTED_EDGE('',*,*,#3569,.F.);
#2711=ORIENTED_EDGE('',*,*,#3543,.F.);
#2712=CARTESIAN_POINT('',(-2.68,3.24,1.64));
#2713=DIRECTION('',(0.0,0.253359391837683,0.967372223380245));
#2714=DIRECTION('',(1.0,-0.0,0.0));
#2715=ORIENTED_EDGE('',*,*,#3569,.T.);
#2716=ORIENTED_EDGE('',*,*,#3545,.F.);
#2717=ORIENTED_EDGE('',*,*,#3570,.F.);
#2718=ORIENTED_EDGE('',*,*,#3540,.F.);
#2719=CARTESIAN_POINT('',(-2.68,3.24,0.0));
#2720=DIRECTION('',(0.967372223380245,-0.253359391837684,0.0));
#2721=DIRECTION('',(0.0,0.0,-1.0));
#2722=ORIENTED_EDGE('',*,*,#3568,.T.);
#2723=ORIENTED_EDGE('',*,*,#3542,.F.);
#2724=ORIENTED_EDGE('',*,*,#3571,.F.);
#2725=ORIENTED_EDGE('',*,*,#3548,.F.);
#2726=CARTESIAN_POINT('',(-3.1,2.4,2.28));
#2727=DIRECTION('',(0.967372223380245,0.253359391837684,0.0));
#2728=DIRECTION('',(0.0,0.0,-1.0));
#2729=ORIENTED_EDGE('',*,*,#3570,.T.);
#2730=ORIENTED_EDGE('',*,*,#3550,.F.);
#2731=ORIENTED_EDGE('',*,*,#3571,.T.);
#2732=ORIENTED_EDGE('',*,*,#3541,.F.);
#2733=CARTESIAN_POINT('',(-2.68,2.4,2.06));
#2734=DIRECTION('',(0.0,0.253359391837683,-0.967372223380245));
#2735=DIRECTION('',(-1.0,0.0,0.0));
#2736=ORIENTED_EDGE('',*,*,#3572,.T.);
#2737=ORIENTED_EDGE('',*,*,#3573,.T.);
#2738=ORIENTED_EDGE('',*,*,#3574,.T.);
#2739=ORIENTED_EDGE('',*,*,#3575,.T.);
#2740=CARTESIAN_POINT('',(-5.68,2.4,2.28));
#2741=DIRECTION('',(-0.0,1.0,0.0));
#2742=DIRECTION('',(1.0,0.0,0.0));
#2743=ORIENTED_EDGE('',*,*,#3576,.T.);
#2744=ORIENTED_EDGE('',*,*,#3577,.T.);
#2745=ORIENTED_EDGE('',*,*,#3578,.T.);
#2746=ORIENTED_EDGE('',*,*,#3378,.T.);
#2747=CARTESIAN_POINT('',(-5.68,0.0,0.0));
#2748=DIRECTION('',(1.0,0.0,0.0));
#2749=DIRECTION('',(0.0,1.0,0.0));
#2750=ORIENTED_EDGE('',*,*,#3579,.F.);
#2751=ORIENTED_EDGE('',*,*,#3580,.T.);
#2752=ORIENTED_EDGE('',*,*,#3581,.F.);
#2753=ORIENTED_EDGE('',*,*,#3380,.F.);
#2754=CARTESIAN_POINT('',(-6.32,0.0,0.0));
#2755=DIRECTION('',(1.0,0.0,0.0));
#2756=DIRECTION('',(0.0,1.0,0.0));
#2757=ORIENTED_EDGE('',*,*,#3581,.T.);
#2758=ORIENTED_EDGE('',*,*,#3582,.T.);
#2759=ORIENTED_EDGE('',*,*,#3576,.F.);
#2760=ORIENTED_EDGE('',*,*,#3381,.F.);
#2761=CARTESIAN_POINT('',(-5.68,9.2,2.28));
#2762=DIRECTION('',(0.0,0.0,-1.0));
#2763=DIRECTION('',(0.0,-1.0,0.0));
#2764=ORIENTED_EDGE('',*,*,#3578,.F.);
#2765=ORIENTED_EDGE('',*,*,#3583,.T.);
#2766=ORIENTED_EDGE('',*,*,#3579,.T.);
#2767=ORIENTED_EDGE('',*,*,#3379,.F.);
#2768=CARTESIAN_POINT('',(-5.68,2.4,1.64));
#2769=DIRECTION('',(0.0,7.04027384730847E-17,1.0));
#2770=DIRECTION('',(0.0,-1.0,7.04027384730847E-17));
#2771=ORIENTED_EDGE('',*,*,#3584,.T.);
#2772=ORIENTED_EDGE('',*,*,#3585,.T.);
#2773=ORIENTED_EDGE('',*,*,#3586,.T.);
#2774=ORIENTED_EDGE('',*,*,#3153,.T.);
#2775=CARTESIAN_POINT('',(-5.68,0.0,0.0));
#2776=DIRECTION('',(1.0,0.0,0.0));
#2777=DIRECTION('',(0.0,1.0,0.0));
#2778=ORIENTED_EDGE('',*,*,#3587,.F.);
#2779=ORIENTED_EDGE('',*,*,#3588,.T.);
#2780=ORIENTED_EDGE('',*,*,#3589,.F.);
#2781=ORIENTED_EDGE('',*,*,#3155,.F.);
#2782=CARTESIAN_POINT('',(-6.32,0.0,0.0));
#2783=DIRECTION('',(1.0,0.0,0.0));
#2784=DIRECTION('',(0.0,1.0,0.0));
#2785=ORIENTED_EDGE('',*,*,#3589,.T.);
#2786=ORIENTED_EDGE('',*,*,#3590,.T.);
#2787=ORIENTED_EDGE('',*,*,#3584,.F.);
#2788=ORIENTED_EDGE('',*,*,#3156,.F.);
#2789=CARTESIAN_POINT('',(-5.68,8.56,1.64));
#2790=DIRECTION('',(-0.0,1.0,0.0));
#2791=DIRECTION('',(1.0,0.0,0.0));
#2792=ORIENTED_EDGE('',*,*,#3591,.T.);
#2793=ORIENTED_EDGE('',*,*,#3592,.T.);
#2794=ORIENTED_EDGE('',*,*,#3593,.T.);
#2795=ORIENTED_EDGE('',*,*,#3594,.T.);
#2796=CARTESIAN_POINT('',(-5.68,8.56,-3.69));
#2797=DIRECTION('',(0.0,0.0,1.0));
#2798=DIRECTION('',(1.0,0.0,0.0));
#2799=ORIENTED_EDGE('',*,*,#3586,.F.);
#2800=ORIENTED_EDGE('',*,*,#3595,.T.);
#2801=ORIENTED_EDGE('',*,*,#3587,.T.);
#2802=ORIENTED_EDGE('',*,*,#3154,.F.);
#2803=CARTESIAN_POINT('',(-5.68,9.2,-3.69));
#2804=DIRECTION('',(0.0,-1.0,-2.90573446562279E-16));
#2805=DIRECTION('',(0.0,2.90573446562279E-16,-1.0));
#2806=ORIENTED_EDGE('',*,*,#3596,.F.);
#2807=ORIENTED_EDGE('',*,*,#3595,.F.);
#2808=ORIENTED_EDGE('',*,*,#3597,.F.);
#2809=ORIENTED_EDGE('',*,*,#3594,.F.);
#2810=CARTESIAN_POINT('',(-5.68,9.2,-2.85));
#2811=DIRECTION('',(0.0,-0.967372223380245,0.253359391837683));
#2812=DIRECTION('',(-1.0,0.0,0.0));
#2813=ORIENTED_EDGE('',*,*,#3597,.T.);
#2814=ORIENTED_EDGE('',*,*,#3585,.F.);
#2815=ORIENTED_EDGE('',*,*,#3598,.F.);
#2816=ORIENTED_EDGE('',*,*,#3591,.F.);
#2817=CARTESIAN_POINT('',(-5.68,0.0,-2.85));
#2818=DIRECTION('',(0.967372223380245,0.0,-0.253359391837683));
#2819=DIRECTION('',(0.0,-1.0,0.0));
#2820=ORIENTED_EDGE('',*,*,#3596,.T.);
#2821=ORIENTED_EDGE('',*,*,#3593,.F.);
#2822=ORIENTED_EDGE('',*,*,#3599,.F.);
#2823=ORIENTED_EDGE('',*,*,#3588,.F.);
#2824=CARTESIAN_POINT('',(-6.1,8.56,-3.69));
#2825=DIRECTION('',(0.967372223380245,0.0,0.253359391837683));
#2826=DIRECTION('',(0.0,-1.0,0.0));
#2827=ORIENTED_EDGE('',*,*,#3598,.T.);
#2828=ORIENTED_EDGE('',*,*,#3590,.F.);
#2829=ORIENTED_EDGE('',*,*,#3599,.T.);
#2830=ORIENTED_EDGE('',*,*,#3592,.F.);
#2831=CARTESIAN_POINT('',(-5.68,8.78,-3.69));
#2832=DIRECTION('',(0.0,0.967372223380246,0.253359391837683));
#2833=DIRECTION('',(1.0,0.0,-0.0));
#2834=ORIENTED_EDGE('',*,*,#3600,.F.);
#2835=ORIENTED_EDGE('',*,*,#3583,.F.);
#2836=ORIENTED_EDGE('',*,*,#3601,.F.);
#2837=ORIENTED_EDGE('',*,*,#3575,.F.);
#2838=CARTESIAN_POINT('',(-5.68,3.24,1.64));
#2839=DIRECTION('',(0.0,0.253359391837683,0.967372223380245));
#2840=DIRECTION('',(1.0,-0.0,0.0));
#2841=ORIENTED_EDGE('',*,*,#3601,.T.);
#2842=ORIENTED_EDGE('',*,*,#3577,.F.);
#2843=ORIENTED_EDGE('',*,*,#3602,.F.);
#2844=ORIENTED_EDGE('',*,*,#3572,.F.);
#2845=CARTESIAN_POINT('',(-5.68,3.24,0.0));
#2846=DIRECTION('',(0.967372223380245,-0.253359391837683,0.0));
#2847=DIRECTION('',(0.0,0.0,-1.0));
#2848=ORIENTED_EDGE('',*,*,#3600,.T.);
#2849=ORIENTED_EDGE('',*,*,#3574,.F.);
#2850=ORIENTED_EDGE('',*,*,#3603,.F.);
#2851=ORIENTED_EDGE('',*,*,#3580,.F.);
#2852=CARTESIAN_POINT('',(-6.1,2.4,2.28));
#2853=DIRECTION('',(0.967372223380245,0.253359391837683,0.0));
#2854=DIRECTION('',(0.0,0.0,-1.0));
#2855=ORIENTED_EDGE('',*,*,#3602,.T.);
#2856=ORIENTED_EDGE('',*,*,#3582,.F.);
#2857=ORIENTED_EDGE('',*,*,#3603,.T.);
#2858=ORIENTED_EDGE('',*,*,#3573,.F.);
#2859=CARTESIAN_POINT('',(-5.68,2.4,2.06));
#2860=DIRECTION('',(0.0,0.253359391837683,-0.967372223380245));
#2861=DIRECTION('',(-1.0,0.0,0.0));
#2862=ORIENTED_EDGE('',*,*,#3604,.T.);
#2863=ORIENTED_EDGE('',*,*,#3605,.T.);
#2864=ORIENTED_EDGE('',*,*,#3606,.T.);
#2865=ORIENTED_EDGE('',*,*,#3607,.T.);
#2866=CARTESIAN_POINT('',(-8.68,2.4,2.28));
#2867=DIRECTION('',(-0.0,1.0,0.0));
#2868=DIRECTION('',(1.0,0.0,0.0));
#2869=ORIENTED_EDGE('',*,*,#3608,.T.);
#2870=ORIENTED_EDGE('',*,*,#3609,.T.);
#2871=ORIENTED_EDGE('',*,*,#3610,.T.);
#2872=ORIENTED_EDGE('',*,*,#3390,.T.);
#2873=CARTESIAN_POINT('',(-8.68,0.0,0.0));
#2874=DIRECTION('',(1.0,0.0,0.0));
#2875=DIRECTION('',(0.0,1.0,0.0));
#2876=ORIENTED_EDGE('',*,*,#3611,.F.);
#2877=ORIENTED_EDGE('',*,*,#3612,.T.);
#2878=ORIENTED_EDGE('',*,*,#3613,.F.);
#2879=ORIENTED_EDGE('',*,*,#3392,.F.);
#2880=CARTESIAN_POINT('',(-9.32,0.0,0.0));
#2881=DIRECTION('',(1.0,0.0,0.0));
#2882=DIRECTION('',(0.0,1.0,0.0));
#2883=ORIENTED_EDGE('',*,*,#3613,.T.);
#2884=ORIENTED_EDGE('',*,*,#3614,.T.);
#2885=ORIENTED_EDGE('',*,*,#3608,.F.);
#2886=ORIENTED_EDGE('',*,*,#3393,.F.);
#2887=CARTESIAN_POINT('',(-8.68,9.2,2.28));
#2888=DIRECTION('',(0.0,0.0,-1.0));
#2889=DIRECTION('',(0.0,-1.0,0.0));
#2890=ORIENTED_EDGE('',*,*,#3610,.F.);
#2891=ORIENTED_EDGE('',*,*,#3615,.T.);
#2892=ORIENTED_EDGE('',*,*,#3611,.T.);
#2893=ORIENTED_EDGE('',*,*,#3391,.F.);
#2894=CARTESIAN_POINT('',(-8.68,2.4,1.64));
#2895=DIRECTION('',(0.0,7.04027384730847E-17,1.0));
#2896=DIRECTION('',(0.0,-1.0,7.04027384730847E-17));
#2897=ORIENTED_EDGE('',*,*,#3616,.T.);
#2898=ORIENTED_EDGE('',*,*,#3617,.T.);
#2899=ORIENTED_EDGE('',*,*,#3618,.T.);
#2900=ORIENTED_EDGE('',*,*,#3149,.T.);
#2901=CARTESIAN_POINT('',(-8.68,0.0,0.0));
#2902=DIRECTION('',(1.0,0.0,0.0));
#2903=DIRECTION('',(0.0,1.0,0.0));
#2904=ORIENTED_EDGE('',*,*,#3619,.F.);
#2905=ORIENTED_EDGE('',*,*,#3620,.T.);
#2906=ORIENTED_EDGE('',*,*,#3621,.F.);
#2907=ORIENTED_EDGE('',*,*,#3151,.F.);
#2908=CARTESIAN_POINT('',(-9.32,0.0,0.0));
#2909=DIRECTION('',(1.0,0.0,0.0));
#2910=DIRECTION('',(0.0,1.0,0.0));
#2911=ORIENTED_EDGE('',*,*,#3621,.T.);
#2912=ORIENTED_EDGE('',*,*,#3622,.T.);
#2913=ORIENTED_EDGE('',*,*,#3616,.F.);
#2914=ORIENTED_EDGE('',*,*,#3152,.F.);
#2915=CARTESIAN_POINT('',(-8.68,8.56,1.64));
#2916=DIRECTION('',(-0.0,1.0,0.0));
#2917=DIRECTION('',(1.0,0.0,0.0));
#2918=ORIENTED_EDGE('',*,*,#3623,.T.);
#2919=ORIENTED_EDGE('',*,*,#3624,.T.);
#2920=ORIENTED_EDGE('',*,*,#3625,.T.);
#2921=ORIENTED_EDGE('',*,*,#3626,.T.);
#2922=CARTESIAN_POINT('',(-8.68,8.56,-3.69));
#2923=DIRECTION('',(0.0,0.0,1.0));
#2924=DIRECTION('',(1.0,0.0,0.0));
#2925=ORIENTED_EDGE('',*,*,#3618,.F.);
#2926=ORIENTED_EDGE('',*,*,#3627,.T.);
#2927=ORIENTED_EDGE('',*,*,#3619,.T.);
#2928=ORIENTED_EDGE('',*,*,#3150,.F.);
#2929=CARTESIAN_POINT('',(-8.68,9.2,-3.69));
#2930=DIRECTION('',(0.0,-1.0,-2.90573446562279E-16));
#2931=DIRECTION('',(0.0,2.90573446562279E-16,-1.0));
#2932=ORIENTED_EDGE('',*,*,#3628,.F.);
#2933=ORIENTED_EDGE('',*,*,#3627,.F.);
#2934=ORIENTED_EDGE('',*,*,#3629,.F.);
#2935=ORIENTED_EDGE('',*,*,#3626,.F.);
#2936=CARTESIAN_POINT('',(-8.68,9.2,-2.85));
#2937=DIRECTION('',(0.0,-0.967372223380245,0.253359391837683));
#2938=DIRECTION('',(-1.0,0.0,0.0));
#2939=ORIENTED_EDGE('',*,*,#3629,.T.);
#2940=ORIENTED_EDGE('',*,*,#3617,.F.);
#2941=ORIENTED_EDGE('',*,*,#3630,.F.);
#2942=ORIENTED_EDGE('',*,*,#3623,.F.);
#2943=CARTESIAN_POINT('',(-8.68,0.0,-2.85));
#2944=DIRECTION('',(0.967372223380245,0.0,-0.253359391837683));
#2945=DIRECTION('',(0.0,-1.0,0.0));
#2946=ORIENTED_EDGE('',*,*,#3628,.T.);
#2947=ORIENTED_EDGE('',*,*,#3625,.F.);
#2948=ORIENTED_EDGE('',*,*,#3631,.F.);
#2949=ORIENTED_EDGE('',*,*,#3620,.F.);
#2950=CARTESIAN_POINT('',(-9.1,8.56,-3.69));
#2951=DIRECTION('',(0.967372223380245,0.0,0.253359391837683));
#2952=DIRECTION('',(0.0,-1.0,0.0));
#2953=ORIENTED_EDGE('',*,*,#3630,.T.);
#2954=ORIENTED_EDGE('',*,*,#3622,.F.);
#2955=ORIENTED_EDGE('',*,*,#3631,.T.);
#2956=ORIENTED_EDGE('',*,*,#3624,.F.);
#2957=CARTESIAN_POINT('',(-8.68,8.78,-3.69));
#2958=DIRECTION('',(0.0,0.967372223380246,0.253359391837683));
#2959=DIRECTION('',(1.0,0.0,-0.0));
#2960=ORIENTED_EDGE('',*,*,#3632,.F.);
#2961=ORIENTED_EDGE('',*,*,#3615,.F.);
#2962=ORIENTED_EDGE('',*,*,#3633,.F.);
#2963=ORIENTED_EDGE('',*,*,#3607,.F.);
#2964=CARTESIAN_POINT('',(-8.68,3.24,1.64));
#2965=DIRECTION('',(0.0,0.253359391837683,0.967372223380245));
#2966=DIRECTION('',(1.0,-0.0,0.0));
#2967=ORIENTED_EDGE('',*,*,#3633,.T.);
#2968=ORIENTED_EDGE('',*,*,#3609,.F.);
#2969=ORIENTED_EDGE('',*,*,#3634,.F.);
#2970=ORIENTED_EDGE('',*,*,#3604,.F.);
#2971=CARTESIAN_POINT('',(-8.68,3.24,0.0));
#2972=DIRECTION('',(0.967372223380245,-0.253359391837683,0.0));
#2973=DIRECTION('',(0.0,0.0,-1.0));
#2974=ORIENTED_EDGE('',*,*,#3632,.T.);
#2975=ORIENTED_EDGE('',*,*,#3606,.F.);
#2976=ORIENTED_EDGE('',*,*,#3635,.F.);
#2977=ORIENTED_EDGE('',*,*,#3612,.F.);
#2978=CARTESIAN_POINT('',(-9.1,2.4,2.28));
#2979=DIRECTION('',(0.967372223380245,0.253359391837683,0.0));
#2980=DIRECTION('',(0.0,0.0,-1.0));
#2981=ORIENTED_EDGE('',*,*,#3634,.T.);
#2982=ORIENTED_EDGE('',*,*,#3614,.F.);
#2983=ORIENTED_EDGE('',*,*,#3635,.T.);
#2984=ORIENTED_EDGE('',*,*,#3605,.F.);
#2985=CARTESIAN_POINT('',(-8.68,2.4,2.06));
#2986=DIRECTION('',(0.0,0.253359391837683,-0.967372223380245));
#2987=DIRECTION('',(-1.0,0.0,0.0));
#2988=ORIENTED_EDGE('',*,*,#3116,.T.);
#2989=ORIENTED_EDGE('',*,*,#3636,.F.);
#2990=ORIENTED_EDGE('',*,*,#3637,.T.);
#2991=ORIENTED_EDGE('',*,*,#3148,.T.);
#2992=CARTESIAN_POINT('',(-7.25,4.6,-2.26));
#2993=DIRECTION('',(0.0,0.0,-1.0));
#2994=DIRECTION('',(1.0,0.0,0.0));
#2995=ORIENTED_EDGE('',*,*,#3399,.T.);
#2996=ORIENTED_EDGE('',*,*,#3405,.F.);
#2997=ORIENTED_EDGE('',*,*,#3638,.F.);
#2998=ORIENTED_EDGE('',*,*,#3110,.T.);
#2999=ORIENTED_EDGE('',*,*,#3639,.F.);
#3000=ORIENTED_EDGE('',*,*,#3118,.T.);
#3001=CARTESIAN_POINT('',(-7.70825756949558,5.6,-2.26));
#3002=DIRECTION('',(0.0,-1.0,0.0));
#3003=DIRECTION('',(0.0,0.0,-1.0));
#3004=ORIENTED_EDGE('',*,*,#3144,.T.);
#3005=ORIENTED_EDGE('',*,*,#3637,.F.);
#3006=ORIENTED_EDGE('',*,*,#3640,.F.);
#3007=ORIENTED_EDGE('',*,*,#3641,.F.);
#3008=ORIENTED_EDGE('',*,*,#3642,.F.);
#3009=ORIENTED_EDGE('',*,*,#3401,.T.);
#3010=CARTESIAN_POINT('',(-7.35,3.6,-2.26));
#3011=DIRECTION('',(-0.0,1.0,0.0));
#3012=DIRECTION('',(1.0,0.0,0.0));
#3013=ORIENTED_EDGE('',*,*,#3407,.T.);
#3014=ORIENTED_EDGE('',*,*,#3114,.F.);
#3015=ORIENTED_EDGE('',*,*,#3643,.T.);
#3016=ORIENTED_EDGE('',*,*,#3106,.F.);
#3017=ORIENTED_EDGE('',*,*,#3134,.F.);
#3018=ORIENTED_EDGE('',*,*,#3131,.T.);
#3019=CARTESIAN_POINT('',(7.35,5.6,-2.26));
#3020=DIRECTION('',(0.0,-1.0,0.0));
#3021=DIRECTION('',(0.0,0.0,-1.0));
#3022=ORIENTED_EDGE('',*,*,#3112,.T.);
#3023=ORIENTED_EDGE('',*,*,#3141,.T.);
#3024=ORIENTED_EDGE('',*,*,#3644,.F.);
#3025=ORIENTED_EDGE('',*,*,#3645,.F.);
#3026=CARTESIAN_POINT('',(7.25,4.6,-2.26));
#3027=DIRECTION('',(0.0,0.0,-1.0));
#3028=DIRECTION('',(1.0,0.0,0.0));
#3029=ORIENTED_EDGE('',*,*,#3140,.T.);
#3030=ORIENTED_EDGE('',*,*,#3125,.F.);
#3031=ORIENTED_EDGE('',*,*,#3138,.F.);
#3032=ORIENTED_EDGE('',*,*,#3646,.T.);
#3033=ORIENTED_EDGE('',*,*,#3647,.T.);
#3034=ORIENTED_EDGE('',*,*,#3644,.T.);
#3035=CARTESIAN_POINT('',(7.70825756949558,3.6,-2.26));
#3036=DIRECTION('',(-0.0,1.0,0.0));
#3037=DIRECTION('',(1.0,0.0,0.0));
#3038=ORIENTED_EDGE('',*,*,#3108,.T.);
#3039=ORIENTED_EDGE('',*,*,#3103,.F.);
#3040=ORIENTED_EDGE('',*,*,#3641,.T.);
#3041=ORIENTED_EDGE('',*,*,#3648,.F.);
#3042=CARTESIAN_POINT('',(-7.25,4.6,-2.61));
#3043=DIRECTION('',(0.0,0.0,-1.0));
#3044=DIRECTION('',(1.0,0.0,0.0));
#3045=ORIENTED_EDGE('',*,*,#3640,.T.);
#3046=ORIENTED_EDGE('',*,*,#3636,.T.);
#3047=ORIENTED_EDGE('',*,*,#3119,.T.);
#3048=ORIENTED_EDGE('',*,*,#3639,.T.);
#3049=ORIENTED_EDGE('',*,*,#3109,.T.);
#3050=ORIENTED_EDGE('',*,*,#3648,.T.);
#3051=CARTESIAN_POINT('',(-7.25,4.6,-2.26));
#3052=DIRECTION('',(0.0,0.0,1.0));
#3053=DIRECTION('',(1.0,0.0,0.0));
#3054=ORIENTED_EDGE('',*,*,#3104,.T.);
#3055=ORIENTED_EDGE('',*,*,#3649,.T.);
#3056=ORIENTED_EDGE('',*,*,#3646,.F.);
#3057=ORIENTED_EDGE('',*,*,#3121,.F.);
#3058=CARTESIAN_POINT('',(7.25,4.6,-2.61));
#3059=DIRECTION('',(0.0,0.0,-1.0));
#3060=DIRECTION('',(1.0,0.0,0.0));
#3061=ORIENTED_EDGE('',*,*,#3643,.F.);
#3062=ORIENTED_EDGE('',*,*,#3113,.T.);
#3063=ORIENTED_EDGE('',*,*,#3645,.T.);
#3064=ORIENTED_EDGE('',*,*,#3647,.F.);
#3065=ORIENTED_EDGE('',*,*,#3649,.F.);
#3066=ORIENTED_EDGE('',*,*,#3107,.F.);
#3067=CARTESIAN_POINT('',(7.25,4.6,-2.26));
#3068=DIRECTION('',(0.0,0.0,-1.0));
#3069=DIRECTION('',(0.0,-1.0,0.0));
#3070=ORIENTED_EDGE('',*,*,#3100,.T.);
#3071=ORIENTED_EDGE('',*,*,#3111,.T.);
#3072=ORIENTED_EDGE('',*,*,#3650,.F.);
#3073=ORIENTED_EDGE('',*,*,#3651,.F.);
#3074=CARTESIAN_POINT('',(-7.25,4.6,-2.61));
#3075=DIRECTION('',(-3.99824040340524E-18,-0.0,1.0));
#3076=DIRECTION('',(-1.0,0.0,-3.99824040340524E-18));
#3077=ORIENTED_EDGE('',*,*,#3638,.T.);
#3078=ORIENTED_EDGE('',*,*,#3404,.F.);
#3079=ORIENTED_EDGE('',*,*,#3652,.F.);
#3080=ORIENTED_EDGE('',*,*,#3650,.T.);
#3081=CARTESIAN_POINT('',(8.0039,5.6,-2.61));
#3082=DIRECTION('',(0.0,0.866025403784439,-0.5));
#3083=DIRECTION('',(-1.0,0.0,0.0));
#3084=ORIENTED_EDGE('',*,*,#3642,.T.);
#3085=ORIENTED_EDGE('',*,*,#3102,.F.);
#3086=ORIENTED_EDGE('',*,*,#3653,.F.);
#3087=ORIENTED_EDGE('',*,*,#3402,.T.);
#3088=CARTESIAN_POINT('',(8.00390000000001,3.60000000000006,-2.61));
#3089=DIRECTION('',(3.41514345239949E-15,-0.866025403784439,-0.5));
#3090=DIRECTION('',(0.0,0.5,-0.866025403784439));
#3091=ORIENTED_EDGE('',*,*,#3101,.T.);
#3092=ORIENTED_EDGE('',*,*,#3651,.T.);
#3093=ORIENTED_EDGE('',*,*,#3652,.T.);
#3094=ORIENTED_EDGE('',*,*,#3403,.T.);
#3095=ORIENTED_EDGE('',*,*,#3653,.T.);
#3096=CARTESIAN_POINT('',(-7.25,4.6,-3.81));
#3097=DIRECTION('',(-1.08420217248551E-16,0.0,-1.0));
#3098=DIRECTION('',(-1.0,0.0,1.08420217248551E-16));
#3099=COLOUR_RGB('',0.596063196659088,0.666666686534882,0.686259269714355);
#3100=EDGE_CURVE('',#3654,#3655,#3656,.T.);
#3101=EDGE_CURVE('',#3657,#3654,#3658,.T.);
#3102=EDGE_CURVE('',#3657,#3659,#3660,.T.);
#3103=EDGE_CURVE('',#3659,#3655,#3661,.T.);
#3104=EDGE_CURVE('',#3662,#3663,#3664,.T.);
#3105=EDGE_CURVE('',#3665,#3662,#3666,.T.);
#3106=EDGE_CURVE('',#3665,#3667,#3668,.T.);
#3107=EDGE_CURVE('',#3667,#3663,#3669,.T.);
#3108=EDGE_CURVE('',#3670,#3655,#3671,.T.);
#3109=EDGE_CURVE('',#3672,#3670,#3673,.T.);
#3110=EDGE_CURVE('',#3674,#3672,#3675,.T.);
#3111=EDGE_CURVE('',#3655,#3674,#3676,.T.);
#3112=EDGE_CURVE('',#3677,#3678,#3679,.T.);
#3113=EDGE_CURVE('',#3680,#3677,#3681,.T.);
#3114=EDGE_CURVE('',#3680,#3682,#3683,.T.);
#3115=EDGE_CURVE('',#3682,#3678,#3684,.T.);
#3116=EDGE_CURVE('',#3685,#3686,#3687,.T.);
#3117=EDGE_CURVE('',#3685,#3688,#3689,.T.);
#3118=EDGE_CURVE('',#3690,#3688,#3691,.T.);
#3119=EDGE_CURVE('',#3686,#3690,#3692,.T.);
#3120=EDGE_CURVE('',#3662,#3693,#3694,.T.);
#3121=EDGE_CURVE('',#3662,#3695,#3696,.T.);
#3122=EDGE_CURVE('',#3697,#3695,#3698,.T.);
#3123=EDGE_CURVE('',#3693,#3697,#3699,.T.);
#3124=EDGE_CURVE('',#3700,#3701,#3702,.T.);
#3125=EDGE_CURVE('',#3701,#3703,#3704,.T.);
#3126=EDGE_CURVE('',#3705,#3703,#3706,.T.);
#3127=EDGE_CURVE('',#3705,#3707,#3708,.T.);
#3128=EDGE_CURVE('',#3707,#3709,#3710,.T.);
#3129=EDGE_CURVE('',#3711,#3709,#3712,.T.);
#3130=EDGE_CURVE('',#3713,#3711,#3714,.T.);
#3131=EDGE_CURVE('',#3715,#3713,#3716,.T.);
#3132=EDGE_CURVE('',#3717,#3715,#3718,.T.);
#3133=EDGE_CURVE('',#3700,#3717,#3719,.T.);
#3134=EDGE_CURVE('',#3715,#3665,#3720,.T.);
#3135=EDGE_CURVE('',#3721,#3665,#3722,.T.);
#3136=EDGE_CURVE('',#3717,#3721,#3723,.T.);
#3137=EDGE_CURVE('',#3721,#3693,#3724,.T.);
#3138=EDGE_CURVE('',#3695,#3701,#3725,.T.);
#3139=EDGE_CURVE('',#3697,#3700,#3726,.T.);
#3140=EDGE_CURVE('',#3727,#3703,#3728,.T.);
#3141=EDGE_CURVE('',#3678,#3727,#3729,.T.);
#3142=EDGE_CURVE('',#3730,#3678,#3731,.T.);
#3143=EDGE_CURVE('',#3730,#3705,#3732,.T.);
#3144=EDGE_CURVE('',#3733,#3734,#3735,.T.);
#3145=EDGE_CURVE('',#3736,#3733,#3737,.T.);
#3146=EDGE_CURVE('',#3736,#3738,#3739,.T.);
#3147=EDGE_CURVE('',#3738,#3685,#3740,.T.);
#3148=EDGE_CURVE('',#3734,#3685,#3741,.T.);
#3149=EDGE_CURVE('',#3742,#3743,#3744,.T.);
#3150=EDGE_CURVE('',#3742,#3745,#3746,.T.);
#3151=EDGE_CURVE('',#3745,#3747,#3748,.T.);
#3152=EDGE_CURVE('',#3747,#3743,#3749,.T.);
#3153=EDGE_CURVE('',#3750,#3751,#3752,.T.);
#3154=EDGE_CURVE('',#3750,#3753,#3754,.T.);
#3155=EDGE_CURVE('',#3753,#3755,#3756,.T.);
#3156=EDGE_CURVE('',#3755,#3751,#3757,.T.);
#3157=EDGE_CURVE('',#3758,#3759,#3760,.T.);
#3158=EDGE_CURVE('',#3758,#3761,#3762,.T.);
#3159=EDGE_CURVE('',#3761,#3763,#3764,.T.);
#3160=EDGE_CURVE('',#3763,#3759,#3765,.T.);
#3161=EDGE_CURVE('',#3766,#3767,#3768,.T.);
#3162=EDGE_CURVE('',#3766,#3769,#3770,.T.);
#3163=EDGE_CURVE('',#3769,#3771,#3772,.T.);
#3164=EDGE_CURVE('',#3771,#3767,#3773,.T.);
#3165=EDGE_CURVE('',#3774,#3775,#3776,.T.);
#3166=EDGE_CURVE('',#3774,#3777,#3778,.T.);
#3167=EDGE_CURVE('',#3777,#3779,#3780,.T.);
#3168=EDGE_CURVE('',#3779,#3775,#3781,.T.);
#3169=EDGE_CURVE('',#3782,#3783,#3784,.T.);
#3170=EDGE_CURVE('',#3782,#3785,#3786,.T.);
#3171=EDGE_CURVE('',#3785,#3787,#3788,.T.);
#3172=EDGE_CURVE('',#3787,#3783,#3789,.T.);
#3173=EDGE_CURVE('',#3790,#3791,#3792,.T.);
#3174=EDGE_CURVE('',#3790,#3793,#3794,.T.);
#3175=EDGE_CURVE('',#3793,#3795,#3796,.T.);
#3176=EDGE_CURVE('',#3795,#3791,#3797,.T.);
#3177=EDGE_CURVE('',#3709,#3798,#3799,.T.);
#3178=EDGE_CURVE('',#3707,#3800,#3801,.T.);
#3179=EDGE_CURVE('',#3800,#3798,#3802,.T.);
#3180=EDGE_CURVE('',#3803,#3804,#3805,.T.);
#3181=EDGE_CURVE('',#3806,#3803,#3807,.T.);
#3182=EDGE_CURVE('',#3806,#3808,#3809,.T.);
#3183=EDGE_CURVE('',#3808,#3804,#3810,.T.);
#3184=EDGE_CURVE('',#3811,#3812,#3813,.T.);
#3185=EDGE_CURVE('',#3811,#3814,#3815,.T.);
#3186=EDGE_CURVE('',#3814,#3816,#3817,.T.);
#3187=EDGE_CURVE('',#3818,#3816,#3819,.T.);
#3188=EDGE_CURVE('',#3818,#3820,#3821,.T.);
#3189=EDGE_CURVE('',#3820,#3822,#3823,.T.);
#3190=EDGE_CURVE('',#3822,#3824,#3825,.T.);
#3191=EDGE_CURVE('',#3824,#3826,#3827,.T.);
#3192=EDGE_CURVE('',#3826,#3828,#3829,.T.);
#3193=EDGE_CURVE('',#3812,#3828,#3830,.T.);
#3194=EDGE_CURVE('',#3831,#3832,#3833,.T.);
#3195=EDGE_CURVE('',#3832,#3834,#3835,.T.);
#3196=EDGE_CURVE('',#3836,#3834,#3837,.T.);
#3197=EDGE_CURVE('',#3836,#3831,#3838,.T.);
#3198=EDGE_CURVE('',#3839,#3840,#3841,.T.);
#3199=EDGE_CURVE('',#3840,#3842,#3843,.T.);
#3200=EDGE_CURVE('',#3844,#3842,#3845,.T.);
#3201=EDGE_CURVE('',#3844,#3839,#3846,.T.);
#3202=EDGE_CURVE('',#3847,#3848,#3849,.T.);
#3203=EDGE_CURVE('',#3848,#3850,#3851,.T.);
#3204=EDGE_CURVE('',#3850,#3852,#3853,.T.);
#3205=EDGE_CURVE('',#3854,#3852,#3855,.T.);
#3206=EDGE_CURVE('',#3854,#3856,#3857,.T.);
#3207=EDGE_CURVE('',#3856,#3844,#3858,.T.);
#3208=EDGE_CURVE('',#3842,#3847,#3859,.T.);
#3209=EDGE_CURVE('',#3860,#3861,#3862,.T.);
#3210=EDGE_CURVE('',#3863,#3860,#3864,.T.);
#3211=EDGE_CURVE('',#3865,#3863,#3866,.T.);
#3212=EDGE_CURVE('',#3861,#3865,#3867,.T.);
#3213=EDGE_CURVE('',#3868,#3869,#3870,.T.);
#3214=EDGE_CURVE('',#3871,#3868,#3872,.T.);
#3215=EDGE_CURVE('',#3873,#3871,#3874,.T.);
#3216=EDGE_CURVE('',#3875,#3873,#3876,.T.);
#3217=EDGE_CURVE('',#3869,#3875,#3877,.T.);
#3218=EDGE_CURVE('',#3878,#3879,#3880,.T.);
#3219=EDGE_CURVE('',#3881,#3878,#3882,.T.);
#3220=EDGE_CURVE('',#3883,#3881,#3884,.T.);
#3221=EDGE_CURVE('',#3885,#3883,#3886,.T.);
#3222=EDGE_CURVE('',#3879,#3885,#3887,.T.);
#3223=EDGE_CURVE('',#3888,#3889,#3890,.T.);
#3224=EDGE_CURVE('',#3891,#3888,#3892,.T.);
#3225=EDGE_CURVE('',#3893,#3891,#3894,.T.);
#3226=EDGE_CURVE('',#3895,#3893,#3896,.T.);
#3227=EDGE_CURVE('',#3889,#3895,#3897,.T.);
#3228=EDGE_CURVE('',#3898,#3899,#3900,.T.);
#3229=EDGE_CURVE('',#3901,#3898,#3902,.T.);
#3230=EDGE_CURVE('',#3903,#3901,#3904,.T.);
#3231=EDGE_CURVE('',#3905,#3903,#3906,.T.);
#3232=EDGE_CURVE('',#3899,#3905,#3907,.T.);
#3233=EDGE_CURVE('',#3908,#3909,#3910,.T.);
#3234=EDGE_CURVE('',#3911,#3908,#3912,.T.);
#3235=EDGE_CURVE('',#3913,#3911,#3914,.T.);
#3236=EDGE_CURVE('',#3915,#3913,#3916,.T.);
#3237=EDGE_CURVE('',#3909,#3915,#3917,.T.);
#3238=EDGE_CURVE('',#3918,#3919,#3920,.T.);
#3239=EDGE_CURVE('',#3921,#3918,#3922,.T.);
#3240=EDGE_CURVE('',#3923,#3921,#3924,.T.);
#3241=EDGE_CURVE('',#3925,#3923,#3926,.T.);
#3242=EDGE_CURVE('',#3919,#3925,#3927,.T.);
#3243=EDGE_CURVE('',#3839,#3836,#3928,.T.);
#3244=EDGE_CURVE('',#3834,#3929,#3930,.T.);
#3245=EDGE_CURVE('',#3929,#3818,#3931,.T.);
#3246=EDGE_CURVE('',#3932,#3816,#3933,.T.);
#3247=EDGE_CURVE('',#3840,#3932,#3934,.T.);
#3248=EDGE_CURVE('',#3856,#3935,#3936,.T.);
#3249=EDGE_CURVE('',#3935,#3831,#3937,.T.);
#3250=EDGE_CURVE('',#3938,#3939,#3940,.T.);
#3251=EDGE_CURVE('',#3939,#3941,#3942,.T.);
#3252=EDGE_CURVE('',#3943,#3941,#3944,.T.);
#3253=EDGE_CURVE('',#3938,#3943,#3945,.T.);
#3254=EDGE_CURVE('',#3946,#3947,#3948,.T.);
#3255=EDGE_CURVE('',#3946,#3949,#3950,.T.);
#3256=EDGE_CURVE('',#3951,#3949,#3952,.T.);
#3257=EDGE_CURVE('',#3832,#3951,#3953,.T.);
#3258=EDGE_CURVE('',#3935,#3954,#3955,.T.);
#3259=EDGE_CURVE('',#3954,#3947,#3956,.T.);
#3260=EDGE_CURVE('',#3957,#3854,#3958,.T.);
#3261=EDGE_CURVE('',#3828,#3957,#3959,.T.);
#3262=EDGE_CURVE('',#3826,#3960,#3961,.T.);
#3263=EDGE_CURVE('',#3960,#3954,#3962,.T.);
#3264=EDGE_CURVE('',#3963,#3939,#3964,.T.);
#3265=EDGE_CURVE('',#3965,#3938,#3966,.T.);
#3266=EDGE_CURVE('',#3965,#3963,#3967,.T.);
#3267=EDGE_CURVE('',#3941,#3968,#3969,.T.);
#3268=EDGE_CURVE('',#3970,#3968,#3971,.T.);
#3269=EDGE_CURVE('',#3943,#3970,#3972,.T.);
#3270=EDGE_CURVE('',#3968,#3963,#3973,.T.);
#3271=EDGE_CURVE('',#3970,#3965,#3974,.T.);
#3272=EDGE_CURVE('',#3949,#3820,#3975,.T.);
#3273=EDGE_CURVE('',#3951,#3929,#3976,.T.);
#3274=EDGE_CURVE('',#3814,#3848,#3977,.T.);
#3275=EDGE_CURVE('',#3932,#3847,#3978,.T.);
#3276=EDGE_CURVE('',#3932,#3979,#3980,.T.);
#3277=EDGE_CURVE('',#3979,#3981,#3982,.T.);
#3278=EDGE_CURVE('',#3840,#3981,#3983,.T.);
#3279=EDGE_CURVE('',#3979,#3847,#3984,.T.);
#3280=EDGE_CURVE('',#3981,#3842,#3985,.T.);
#3281=EDGE_CURVE('',#3986,#3929,#3987,.T.);
#3282=EDGE_CURVE('',#3988,#3834,#3989,.T.);
#3283=EDGE_CURVE('',#3986,#3988,#3990,.T.);
#3284=EDGE_CURVE('',#3951,#3986,#3991,.T.);
#3285=EDGE_CURVE('',#3832,#3988,#3992,.T.);
#3286=EDGE_CURVE('',#3812,#3993,#3994,.T.);
#3287=EDGE_CURVE('',#3995,#3993,#3996,.T.);
#3288=EDGE_CURVE('',#3811,#3995,#3997,.T.);
#3289=EDGE_CURVE('',#3850,#3811,#3998,.T.);
#3290=EDGE_CURVE('',#3852,#3995,#3999,.T.);
#3291=EDGE_CURVE('',#3993,#3957,#4000,.T.);
#3292=EDGE_CURVE('',#3824,#4001,#4002,.T.);
#3293=EDGE_CURVE('',#4001,#3960,#4003,.T.);
#3294=EDGE_CURVE('',#3822,#4004,#4005,.T.);
#3295=EDGE_CURVE('',#4004,#4001,#4006,.T.);
#3296=EDGE_CURVE('',#3822,#3946,#4007,.T.);
#3297=EDGE_CURVE('',#3947,#4004,#4008,.T.);
#3298=EDGE_CURVE('',#3919,#4009,#4010,.T.);
#3299=EDGE_CURVE('',#4009,#4011,#4012,.T.);
#3300=EDGE_CURVE('',#3918,#4011,#4013,.T.);
#3301=EDGE_CURVE('',#3925,#4014,#4015,.T.);
#3302=EDGE_CURVE('',#4014,#4009,#4016,.T.);
#3303=EDGE_CURVE('',#3923,#4017,#4018,.T.);
#3304=EDGE_CURVE('',#4017,#4014,#4019,.T.);
#3305=EDGE_CURVE('',#3921,#4020,#4021,.T.);
#3306=EDGE_CURVE('',#4020,#4017,#4022,.T.);
#3307=EDGE_CURVE('',#4011,#4020,#4023,.T.);
#3308=EDGE_CURVE('',#4024,#4025,#4026,.T.);
#3309=EDGE_CURVE('',#4024,#4027,#4028,.T.);
#3310=EDGE_CURVE('',#4027,#4029,#4030,.T.);
#3311=EDGE_CURVE('',#4029,#4025,#4031,.T.);
#3312=EDGE_CURVE('',#3909,#4032,#4033,.T.);
#3313=EDGE_CURVE('',#4032,#4034,#4035,.T.);
#3314=EDGE_CURVE('',#3908,#4034,#4036,.T.);
#3315=EDGE_CURVE('',#3915,#4037,#4038,.T.);
#3316=EDGE_CURVE('',#4037,#4032,#4039,.T.);
#3317=EDGE_CURVE('',#3913,#4040,#4041,.T.);
#3318=EDGE_CURVE('',#4040,#4037,#4042,.T.);
#3319=EDGE_CURVE('',#3911,#4043,#4044,.T.);
#3320=EDGE_CURVE('',#4043,#4040,#4045,.T.);
#3321=EDGE_CURVE('',#4034,#4043,#4046,.T.);
#3322=EDGE_CURVE('',#4047,#4048,#4049,.T.);
#3323=EDGE_CURVE('',#4047,#4050,#4051,.T.);
#3324=EDGE_CURVE('',#4050,#4052,#4053,.T.);
#3325=EDGE_CURVE('',#4052,#4048,#4054,.T.);
#3326=EDGE_CURVE('',#3899,#4055,#4056,.T.);
#3327=EDGE_CURVE('',#4055,#4057,#4058,.T.);
#3328=EDGE_CURVE('',#3898,#4057,#4059,.T.);
#3329=EDGE_CURVE('',#3905,#4060,#4061,.T.);
#3330=EDGE_CURVE('',#4060,#4055,#4062,.T.);
#3331=EDGE_CURVE('',#3903,#4063,#4064,.T.);
#3332=EDGE_CURVE('',#4063,#4060,#4065,.T.);
#3333=EDGE_CURVE('',#3901,#4066,#4067,.T.);
#3334=EDGE_CURVE('',#4066,#4063,#4068,.T.);
#3335=EDGE_CURVE('',#4057,#4066,#4069,.T.);
#3336=EDGE_CURVE('',#4070,#4071,#4072,.T.);
#3337=EDGE_CURVE('',#4070,#4073,#4074,.T.);
#3338=EDGE_CURVE('',#4073,#4075,#4076,.T.);
#3339=EDGE_CURVE('',#4075,#4071,#4077,.T.);
#3340=EDGE_CURVE('',#3889,#4078,#4079,.T.);
#3341=EDGE_CURVE('',#4078,#4080,#4081,.T.);
#3342=EDGE_CURVE('',#3888,#4080,#4082,.T.);
#3343=EDGE_CURVE('',#3895,#4083,#4084,.T.);
#3344=EDGE_CURVE('',#4083,#4078,#4085,.T.);
#3345=EDGE_CURVE('',#3893,#4086,#4087,.T.);
#3346=EDGE_CURVE('',#4086,#4083,#4088,.T.);
#3347=EDGE_CURVE('',#3891,#4089,#4090,.T.);
#3348=EDGE_CURVE('',#4089,#4086,#4091,.T.);
#3349=EDGE_CURVE('',#4080,#4089,#4092,.T.);
#3350=EDGE_CURVE('',#4093,#4094,#4095,.T.);
#3351=EDGE_CURVE('',#4093,#4096,#4097,.T.);
#3352=EDGE_CURVE('',#4096,#4098,#4099,.T.);
#3353=EDGE_CURVE('',#4098,#4094,#4100,.T.);
#3354=EDGE_CURVE('',#3879,#4101,#4102,.T.);
#3355=EDGE_CURVE('',#4101,#4103,#4104,.T.);
#3356=EDGE_CURVE('',#3878,#4103,#4105,.T.);
#3357=EDGE_CURVE('',#3885,#4106,#4107,.T.);
#3358=EDGE_CURVE('',#4106,#4101,#4108,.T.);
#3359=EDGE_CURVE('',#3883,#4109,#4110,.T.);
#3360=EDGE_CURVE('',#4109,#4106,#4111,.T.);
#3361=EDGE_CURVE('',#3881,#4112,#4113,.T.);
#3362=EDGE_CURVE('',#4112,#4109,#4114,.T.);
#3363=EDGE_CURVE('',#4103,#4112,#4115,.T.);
#3364=EDGE_CURVE('',#4116,#4117,#4118,.T.);
#3365=EDGE_CURVE('',#4116,#4119,#4120,.T.);
#3366=EDGE_CURVE('',#4119,#4121,#4122,.T.);
#3367=EDGE_CURVE('',#4121,#4117,#4123,.T.);
#3368=EDGE_CURVE('',#3869,#4124,#4125,.T.);
#3369=EDGE_CURVE('',#4124,#4126,#4127,.T.);
#3370=EDGE_CURVE('',#3868,#4126,#4128,.T.);
#3371=EDGE_CURVE('',#3875,#4129,#4130,.T.);
#3372=EDGE_CURVE('',#4129,#4124,#4131,.T.);
#3373=EDGE_CURVE('',#3873,#4132,#4133,.T.);
#3374=EDGE_CURVE('',#4132,#4129,#4134,.T.);
#3375=EDGE_CURVE('',#3871,#4135,#4136,.T.);
#3376=EDGE_CURVE('',#4135,#4132,#4137,.T.);
#3377=EDGE_CURVE('',#4126,#4135,#4138,.T.);
#3378=EDGE_CURVE('',#4139,#4140,#4141,.T.);
#3379=EDGE_CURVE('',#4139,#4142,#4143,.T.);
#3380=EDGE_CURVE('',#4142,#4144,#4145,.T.);
#3381=EDGE_CURVE('',#4144,#4140,#4146,.T.);
#3382=EDGE_CURVE('',#3861,#4147,#4148,.T.);
#3383=EDGE_CURVE('',#4147,#4149,#4150,.T.);
#3384=EDGE_CURVE('',#3860,#4149,#4151,.T.);
#3385=EDGE_CURVE('',#3865,#4152,#4153,.T.);
#3386=EDGE_CURVE('',#4152,#4147,#4154,.T.);
#3387=EDGE_CURVE('',#3863,#4155,#4156,.T.);
#3388=EDGE_CURVE('',#4155,#4152,#4157,.T.);
#3389=EDGE_CURVE('',#4149,#4155,#4158,.T.);
#3390=EDGE_CURVE('',#4159,#4160,#4161,.T.);
#3391=EDGE_CURVE('',#4159,#4162,#4163,.T.);
#3392=EDGE_CURVE('',#4162,#4164,#4165,.T.);
#3393=EDGE_CURVE('',#4164,#4160,#4166,.T.);
#3394=EDGE_CURVE('',#3738,#3806,#4167,.T.);
#3395=EDGE_CURVE('',#4168,#3803,#4169,.T.);
#3396=EDGE_CURVE('',#3685,#4168,#4170,.T.);
#3397=EDGE_CURVE('',#4171,#4168,#4172,.T.);
#3398=EDGE_CURVE('',#4173,#4171,#4174,.T.);
#3399=EDGE_CURVE('',#3688,#4173,#4175,.T.);
#3400=EDGE_CURVE('',#3808,#3736,#4176,.T.);
#3401=EDGE_CURVE('',#4177,#3733,#4178,.T.);
#3402=EDGE_CURVE('',#4179,#4177,#4180,.T.);
#3403=EDGE_CURVE('',#4181,#4179,#4182,.T.);
#3404=EDGE_CURVE('',#4181,#4183,#4184,.T.);
#3405=EDGE_CURVE('',#4183,#4173,#4185,.T.);
#3406=EDGE_CURVE('',#3804,#4171,#4186,.T.);
#3407=EDGE_CURVE('',#3713,#3682,#4187,.T.);
#3408=EDGE_CURVE('',#4188,#3711,#4189,.T.);
#3409=EDGE_CURVE('',#3678,#4188,#4190,.T.);
#3410=EDGE_CURVE('',#3800,#3730,#4191,.T.);
#3411=EDGE_CURVE('',#3798,#4188,#4192,.T.);
#3412=EDGE_CURVE('',#4193,#4194,#4195,.T.);
#3413=EDGE_CURVE('',#4194,#4196,#4197,.T.);
#3414=EDGE_CURVE('',#4196,#4198,#4199,.T.);
#3415=EDGE_CURVE('',#4198,#4193,#4200,.T.);
#3416=EDGE_CURVE('',#4025,#4201,#4202,.T.);
#3417=EDGE_CURVE('',#4201,#4203,#4204,.T.);
#3418=EDGE_CURVE('',#4203,#4024,#4205,.T.);
#3419=EDGE_CURVE('',#4206,#4027,#4207,.T.);
#3420=EDGE_CURVE('',#4206,#4208,#4209,.T.);
#3421=EDGE_CURVE('',#4029,#4208,#4210,.T.);
#3422=EDGE_CURVE('',#4208,#4201,#4211,.T.);
#3423=EDGE_CURVE('',#4203,#4206,#4212,.T.);
#3424=EDGE_CURVE('',#3791,#4213,#4214,.T.);
#3425=EDGE_CURVE('',#4213,#4215,#4216,.T.);
#3426=EDGE_CURVE('',#4215,#3790,#4217,.T.);
#3427=EDGE_CURVE('',#4218,#3793,#4219,.T.);
#3428=EDGE_CURVE('',#4218,#4220,#4221,.T.);
#3429=EDGE_CURVE('',#3795,#4220,#4222,.T.);
#3430=EDGE_CURVE('',#4220,#4213,#4223,.T.);
#3431=EDGE_CURVE('',#4224,#4225,#4226,.T.);
#3432=EDGE_CURVE('',#4225,#4227,#4228,.T.);
#3433=EDGE_CURVE('',#4227,#4229,#4230,.T.);
#3434=EDGE_CURVE('',#4229,#4224,#4231,.T.);
#3435=EDGE_CURVE('',#4215,#4218,#4232,.T.);
#3436=EDGE_CURVE('',#4218,#4229,#4233,.T.);
#3437=EDGE_CURVE('',#4224,#4215,#4234,.T.);
#3438=EDGE_CURVE('',#4225,#4213,#4235,.T.);
#3439=EDGE_CURVE('',#4220,#4227,#4236,.T.);
#3440=EDGE_CURVE('',#4206,#4198,#4237,.T.);
#3441=EDGE_CURVE('',#4193,#4203,#4238,.T.);
#3442=EDGE_CURVE('',#4194,#4201,#4239,.T.);
#3443=EDGE_CURVE('',#4208,#4196,#4240,.T.);
#3444=EDGE_CURVE('',#4241,#4242,#4243,.T.);
#3445=EDGE_CURVE('',#4242,#4244,#4245,.T.);
#3446=EDGE_CURVE('',#4244,#4246,#4247,.T.);
#3447=EDGE_CURVE('',#4246,#4241,#4248,.T.);
#3448=EDGE_CURVE('',#4048,#4249,#4250,.T.);
#3449=EDGE_CURVE('',#4249,#4251,#4252,.T.);
#3450=EDGE_CURVE('',#4251,#4047,#4253,.T.);
#3451=EDGE_CURVE('',#4254,#4050,#4255,.T.);
#3452=EDGE_CURVE('',#4254,#4256,#4257,.T.);
#3453=EDGE_CURVE('',#4052,#4256,#4258,.T.);
#3454=EDGE_CURVE('',#4256,#4249,#4259,.T.);
#3455=EDGE_CURVE('',#4251,#4254,#4260,.T.);
#3456=EDGE_CURVE('',#3783,#4261,#4262,.T.);
#3457=EDGE_CURVE('',#4261,#4263,#4264,.T.);
#3458=EDGE_CURVE('',#4263,#3782,#4265,.T.);
#3459=EDGE_CURVE('',#4266,#3785,#4267,.T.);
#3460=EDGE_CURVE('',#4266,#4268,#4269,.T.);
#3461=EDGE_CURVE('',#3787,#4268,#4270,.T.);
#3462=EDGE_CURVE('',#4268,#4261,#4271,.T.);
#3463=EDGE_CURVE('',#4272,#4273,#4274,.T.);
#3464=EDGE_CURVE('',#4273,#4275,#4276,.T.);
#3465=EDGE_CURVE('',#4275,#4277,#4278,.T.);
#3466=EDGE_CURVE('',#4277,#4272,#4279,.T.);
#3467=EDGE_CURVE('',#4263,#4266,#4280,.T.);
#3468=EDGE_CURVE('',#4266,#4277,#4281,.T.);
#3469=EDGE_CURVE('',#4272,#4263,#4282,.T.);
#3470=EDGE_CURVE('',#4273,#4261,#4283,.T.);
#3471=EDGE_CURVE('',#4268,#4275,#4284,.T.);
#3472=EDGE_CURVE('',#4254,#4246,#4285,.T.);
#3473=EDGE_CURVE('',#4241,#4251,#4286,.T.);
#3474=EDGE_CURVE('',#4242,#4249,#4287,.T.);
#3475=EDGE_CURVE('',#4256,#4244,#4288,.T.);
#3476=EDGE_CURVE('',#4289,#4290,#4291,.T.);
#3477=EDGE_CURVE('',#4290,#4292,#4293,.T.);
#3478=EDGE_CURVE('',#4292,#4294,#4295,.T.);
#3479=EDGE_CURVE('',#4294,#4289,#4296,.T.);
#3480=EDGE_CURVE('',#4071,#4297,#4298,.T.);
#3481=EDGE_CURVE('',#4297,#4299,#4300,.T.);
#3482=EDGE_CURVE('',#4299,#4070,#4301,.T.);
#3483=EDGE_CURVE('',#4302,#4073,#4303,.T.);
#3484=EDGE_CURVE('',#4302,#4304,#4305,.T.);
#3485=EDGE_CURVE('',#4075,#4304,#4306,.T.);
#3486=EDGE_CURVE('',#4304,#4297,#4307,.T.);
#3487=EDGE_CURVE('',#4299,#4302,#4308,.T.);
#3488=EDGE_CURVE('',#3775,#4309,#4310,.T.);
#3489=EDGE_CURVE('',#4309,#4311,#4312,.T.);
#3490=EDGE_CURVE('',#4311,#3774,#4313,.T.);
#3491=EDGE_CURVE('',#4314,#3777,#4315,.T.);
#3492=EDGE_CURVE('',#4314,#4316,#4317,.T.);
#3493=EDGE_CURVE('',#3779,#4316,#4318,.T.);
#3494=EDGE_CURVE('',#4316,#4309,#4319,.T.);
#3495=EDGE_CURVE('',#4320,#4321,#4322,.T.);
#3496=EDGE_CURVE('',#4321,#4323,#4324,.T.);
#3497=EDGE_CURVE('',#4323,#4325,#4326,.T.);
#3498=EDGE_CURVE('',#4325,#4320,#4327,.T.);
#3499=EDGE_CURVE('',#4311,#4314,#4328,.T.);
#3500=EDGE_CURVE('',#4314,#4325,#4329,.T.);
#3501=EDGE_CURVE('',#4320,#4311,#4330,.T.);
#3502=EDGE_CURVE('',#4321,#4309,#4331,.T.);
#3503=EDGE_CURVE('',#4316,#4323,#4332,.T.);
#3504=EDGE_CURVE('',#4302,#4294,#4333,.T.);
#3505=EDGE_CURVE('',#4289,#4299,#4334,.T.);
#3506=EDGE_CURVE('',#4290,#4297,#4335,.T.);
#3507=EDGE_CURVE('',#4304,#4292,#4336,.T.);
#3508=EDGE_CURVE('',#4337,#4338,#4339,.T.);
#3509=EDGE_CURVE('',#4338,#4340,#4341,.T.);
#3510=EDGE_CURVE('',#4340,#4342,#4343,.T.);
#3511=EDGE_CURVE('',#4342,#4337,#4344,.T.);
#3512=EDGE_CURVE('',#4094,#4345,#4346,.T.);
#3513=EDGE_CURVE('',#4345,#4347,#4348,.T.);
#3514=EDGE_CURVE('',#4347,#4093,#4349,.T.);
#3515=EDGE_CURVE('',#4350,#4096,#4351,.T.);
#3516=EDGE_CURVE('',#4350,#4352,#4353,.T.);
#3517=EDGE_CURVE('',#4098,#4352,#4354,.T.);
#3518=EDGE_CURVE('',#4352,#4345,#4355,.T.);
#3519=EDGE_CURVE('',#4347,#4350,#4356,.T.);
#3520=EDGE_CURVE('',#3767,#4357,#4358,.T.);
#3521=EDGE_CURVE('',#4357,#4359,#4360,.T.);
#3522=EDGE_CURVE('',#4359,#3766,#4361,.T.);
#3523=EDGE_CURVE('',#4362,#3769,#4363,.T.);
#3524=EDGE_CURVE('',#4362,#4364,#4365,.T.);
#3525=EDGE_CURVE('',#3771,#4364,#4366,.T.);
#3526=EDGE_CURVE('',#4364,#4357,#4367,.T.);
#3527=EDGE_CURVE('',#4368,#4369,#4370,.T.);
#3528=EDGE_CURVE('',#4369,#4371,#4372,.T.);
#3529=EDGE_CURVE('',#4371,#4373,#4374,.T.);
#3530=EDGE_CURVE('',#4373,#4368,#4375,.T.);
#3531=EDGE_CURVE('',#4359,#4362,#4376,.T.);
#3532=EDGE_CURVE('',#4362,#4373,#4377,.T.);
#3533=EDGE_CURVE('',#4368,#4359,#4378,.T.);
#3534=EDGE_CURVE('',#4369,#4357,#4379,.T.);
#3535=EDGE_CURVE('',#4364,#4371,#4380,.T.);
#3536=EDGE_CURVE('',#4350,#4342,#4381,.T.);
#3537=EDGE_CURVE('',#4337,#4347,#4382,.T.);
#3538=EDGE_CURVE('',#4338,#4345,#4383,.T.);
#3539=EDGE_CURVE('',#4352,#4340,#4384,.T.);
#3540=EDGE_CURVE('',#4385,#4386,#4387,.T.);
#3541=EDGE_CURVE('',#4386,#4388,#4389,.T.);
#3542=EDGE_CURVE('',#4388,#4390,#4391,.T.);
#3543=EDGE_CURVE('',#4390,#4385,#4392,.T.);
#3544=EDGE_CURVE('',#4117,#4393,#4394,.T.);
#3545=EDGE_CURVE('',#4393,#4395,#4396,.T.);
#3546=EDGE_CURVE('',#4395,#4116,#4397,.T.);
#3547=EDGE_CURVE('',#4398,#4119,#4399,.T.);
#3548=EDGE_CURVE('',#4398,#4400,#4401,.T.);
#3549=EDGE_CURVE('',#4121,#4400,#4402,.T.);
#3550=EDGE_CURVE('',#4400,#4393,#4403,.T.);
#3551=EDGE_CURVE('',#4395,#4398,#4404,.T.);
#3552=EDGE_CURVE('',#3759,#4405,#4406,.T.);
#3553=EDGE_CURVE('',#4405,#4407,#4408,.T.);
#3554=EDGE_CURVE('',#4407,#3758,#4409,.T.);
#3555=EDGE_CURVE('',#4410,#3761,#4411,.T.);
#3556=EDGE_CURVE('',#4410,#4412,#4413,.T.);
#3557=EDGE_CURVE('',#3763,#4412,#4414,.T.);
#3558=EDGE_CURVE('',#4412,#4405,#4415,.T.);
#3559=EDGE_CURVE('',#4416,#4417,#4418,.T.);
#3560=EDGE_CURVE('',#4417,#4419,#4420,.T.);
#3561=EDGE_CURVE('',#4419,#4421,#4422,.T.);
#3562=EDGE_CURVE('',#4421,#4416,#4423,.T.);
#3563=EDGE_CURVE('',#4407,#4410,#4424,.T.);
#3564=EDGE_CURVE('',#4410,#4421,#4425,.T.);
#3565=EDGE_CURVE('',#4416,#4407,#4426,.T.);
#3566=EDGE_CURVE('',#4417,#4405,#4427,.T.);
#3567=EDGE_CURVE('',#4412,#4419,#4428,.T.);
#3568=EDGE_CURVE('',#4398,#4390,#4429,.T.);
#3569=EDGE_CURVE('',#4385,#4395,#4430,.T.);
#3570=EDGE_CURVE('',#4386,#4393,#4431,.T.);
#3571=EDGE_CURVE('',#4400,#4388,#4432,.T.);
#3572=EDGE_CURVE('',#4433,#4434,#4435,.T.);
#3573=EDGE_CURVE('',#4434,#4436,#4437,.T.);
#3574=EDGE_CURVE('',#4436,#4438,#4439,.T.);
#3575=EDGE_CURVE('',#4438,#4433,#4440,.T.);
#3576=EDGE_CURVE('',#4140,#4441,#4442,.T.);
#3577=EDGE_CURVE('',#4441,#4443,#4444,.T.);
#3578=EDGE_CURVE('',#4443,#4139,#4445,.T.);
#3579=EDGE_CURVE('',#4446,#4142,#4447,.T.);
#3580=EDGE_CURVE('',#4446,#4448,#4449,.T.);
#3581=EDGE_CURVE('',#4144,#4448,#4450,.T.);
#3582=EDGE_CURVE('',#4448,#4441,#4451,.T.);
#3583=EDGE_CURVE('',#4443,#4446,#4452,.T.);
#3584=EDGE_CURVE('',#3751,#4453,#4454,.T.);
#3585=EDGE_CURVE('',#4453,#4455,#4456,.T.);
#3586=EDGE_CURVE('',#4455,#3750,#4457,.T.);
#3587=EDGE_CURVE('',#4458,#3753,#4459,.T.);
#3588=EDGE_CURVE('',#4458,#4460,#4461,.T.);
#3589=EDGE_CURVE('',#3755,#4460,#4462,.T.);
#3590=EDGE_CURVE('',#4460,#4453,#4463,.T.);
#3591=EDGE_CURVE('',#4464,#4465,#4466,.T.);
#3592=EDGE_CURVE('',#4465,#4467,#4468,.T.);
#3593=EDGE_CURVE('',#4467,#4469,#4470,.T.);
#3594=EDGE_CURVE('',#4469,#4464,#4471,.T.);
#3595=EDGE_CURVE('',#4455,#4458,#4472,.T.);
#3596=EDGE_CURVE('',#4458,#4469,#4473,.T.);
#3597=EDGE_CURVE('',#4464,#4455,#4474,.T.);
#3598=EDGE_CURVE('',#4465,#4453,#4475,.T.);
#3599=EDGE_CURVE('',#4460,#4467,#4476,.T.);
#3600=EDGE_CURVE('',#4446,#4438,#4477,.T.);
#3601=EDGE_CURVE('',#4433,#4443,#4478,.T.);
#3602=EDGE_CURVE('',#4434,#4441,#4479,.T.);
#3603=EDGE_CURVE('',#4448,#4436,#4480,.T.);
#3604=EDGE_CURVE('',#4481,#4482,#4483,.T.);
#3605=EDGE_CURVE('',#4482,#4484,#4485,.T.);
#3606=EDGE_CURVE('',#4484,#4486,#4487,.T.);
#3607=EDGE_CURVE('',#4486,#4481,#4488,.T.);
#3608=EDGE_CURVE('',#4160,#4489,#4490,.T.);
#3609=EDGE_CURVE('',#4489,#4491,#4492,.T.);
#3610=EDGE_CURVE('',#4491,#4159,#4493,.T.);
#3611=EDGE_CURVE('',#4494,#4162,#4495,.T.);
#3612=EDGE_CURVE('',#4494,#4496,#4497,.T.);
#3613=EDGE_CURVE('',#4164,#4496,#4498,.T.);
#3614=EDGE_CURVE('',#4496,#4489,#4499,.T.);
#3615=EDGE_CURVE('',#4491,#4494,#4500,.T.);
#3616=EDGE_CURVE('',#3743,#4501,#4502,.T.);
#3617=EDGE_CURVE('',#4501,#4503,#4504,.T.);
#3618=EDGE_CURVE('',#4503,#3742,#4505,.T.);
#3619=EDGE_CURVE('',#4506,#3745,#4507,.T.);
#3620=EDGE_CURVE('',#4506,#4508,#4509,.T.);
#3621=EDGE_CURVE('',#3747,#4508,#4510,.T.);
#3622=EDGE_CURVE('',#4508,#4501,#4511,.T.);
#3623=EDGE_CURVE('',#4512,#4513,#4514,.T.);
#3624=EDGE_CURVE('',#4513,#4515,#4516,.T.);
#3625=EDGE_CURVE('',#4515,#4517,#4518,.T.);
#3626=EDGE_CURVE('',#4517,#4512,#4519,.T.);
#3627=EDGE_CURVE('',#4503,#4506,#4520,.T.);
#3628=EDGE_CURVE('',#4506,#4517,#4521,.T.);
#3629=EDGE_CURVE('',#4512,#4503,#4522,.T.);
#3630=EDGE_CURVE('',#4513,#4501,#4523,.T.);
#3631=EDGE_CURVE('',#4508,#4515,#4524,.T.);
#3632=EDGE_CURVE('',#4494,#4486,#4525,.T.);
#3633=EDGE_CURVE('',#4481,#4491,#4526,.T.);
#3634=EDGE_CURVE('',#4482,#4489,#4527,.T.);
#3635=EDGE_CURVE('',#4496,#4484,#4528,.T.);
#3636=EDGE_CURVE('',#4529,#3686,#4530,.T.);
#3637=EDGE_CURVE('',#4529,#3734,#4531,.T.);
#3638=EDGE_CURVE('',#3674,#4183,#4532,.T.);
#3639=EDGE_CURVE('',#3690,#3672,#4533,.T.);
#3640=EDGE_CURVE('',#4534,#4529,#4535,.T.);
#3641=EDGE_CURVE('',#3659,#4534,#4536,.T.);
#3642=EDGE_CURVE('',#4177,#3659,#4537,.T.);
#3643=EDGE_CURVE('',#3680,#3667,#4538,.T.);
#3644=EDGE_CURVE('',#4539,#3727,#4540,.T.);
#3645=EDGE_CURVE('',#3677,#4539,#4541,.T.);
#3646=EDGE_CURVE('',#3695,#4542,#4543,.T.);
#3647=EDGE_CURVE('',#4542,#4539,#4544,.T.);
#3648=EDGE_CURVE('',#3670,#4534,#4545,.T.);
#3649=EDGE_CURVE('',#3663,#4542,#4546,.T.);
#3650=EDGE_CURVE('',#4547,#3674,#4548,.T.);
#3651=EDGE_CURVE('',#3654,#4547,#4549,.T.);
#3652=EDGE_CURVE('',#4547,#4181,#4550,.T.);
#3653=EDGE_CURVE('',#4179,#3657,#4551,.T.);
#3654=VERTEX_POINT('',#4552);
#3655=VERTEX_POINT('',#4553);
#3656=LINE('',#4554,#4555);
#3657=VERTEX_POINT('',#4556);
#3658=CIRCLE('',#4557,0.620710888162987);
#3659=VERTEX_POINT('',#4558);
#3660=B_SPLINE_CURVE_WITH_KNOTS('',3,(#4559,#4560,#4561,#4562,#4563,#4564,#4565,#4566),.UNSPECIFIED.,.F.,.F.,(4,2,2,4),(0.0,0.25,0.5,1.0),.UNSPECIFIED.);
#3661=CIRCLE('',#4567,1.4);
#3662=VERTEX_POINT('',#4568);
#3663=VERTEX_POINT('',#4569);
#3664=LINE('',#4570,#4571);
#3665=VERTEX_POINT('',#4572);
#3666=CIRCLE('',#4573,1.4);
#3667=VERTEX_POINT('',#4574);
#3668=LINE('',#4575,#4576);
#3669=CIRCLE('',#4577,1.4);
#3670=VERTEX_POINT('',#4578);
#3671=LINE('',#4579,#4580);
#3672=VERTEX_POINT('',#4581);
#3673=CIRCLE('',#4582,1.4);
#3674=VERTEX_POINT('',#4583);
#3675=LINE('',#4584,#4585);
#3676=CIRCLE('',#4586,1.4);
#3677=VERTEX_POINT('',#4587);
#3678=VERTEX_POINT('',#4588);
#3679=LINE('',#4589,#4590);
#3680=VERTEX_POINT('',#4591);
#3681=CIRCLE('',#4592,1.1);
#3682=VERTEX_POINT('',#4593);
#3683=LINE('',#4594,#4595);
#3684=CIRCLE('',#4596,1.1);
#3685=VERTEX_POINT('',#4597);
#3686=VERTEX_POINT('',#4598);
#3687=LINE('',#4599,#4600);
#3688=VERTEX_POINT('',#4601);
#3689=CIRCLE('',#4602,1.1);
#3690=VERTEX_POINT('',#4603);
#3691=LINE('',#4604,#4605);
#3692=CIRCLE('',#4606,1.1);
#3693=VERTEX_POINT('',#4607);
#3694=LINE('',#4608,#4609);
#3695=VERTEX_POINT('',#4610);
#3696=CIRCLE('',#4611,1.4);
#3697=VERTEX_POINT('',#4612);
#3698=B_SPLINE_CURVE_WITH_KNOTS('',3,(#4613,#4614,#4615,#4616,#4617,#4618,#4619,#4620),.UNSPECIFIED.,.F.,.F.,(4,2,2,4),(0.0,0.25,0.5,1.0),.UNSPECIFIED.);
#3699=CIRCLE('',#4621,0.620710888162987);
#3700=VERTEX_POINT('',#4622);
#3701=VERTEX_POINT('',#4623);
#3702=LINE('',#4624,#4625);
#3703=VERTEX_POINT('',#4626);
#3704=LINE('',#4627,#4628);
#3705=VERTEX_POINT('',#4629);
#3706=LINE('',#4630,#4631);
#3707=VERTEX_POINT('',#4632);
#3708=LINE('',#4633,#4634);
#3709=VERTEX_POINT('',#4635);
#3710=LINE('',#4636,#4637);
#3711=VERTEX_POINT('',#4638);
#3712=LINE('',#4639,#4640);
#3713=VERTEX_POINT('',#4641);
#3714=LINE('',#4642,#4643);
#3715=VERTEX_POINT('',#4644);
#3716=LINE('',#4645,#4646);
#3717=VERTEX_POINT('',#4647);
#3718=LINE('',#4648,#4649);
#3719=LINE('',#4650,#4651);
#3720=LINE('',#4652,#4653);
#3721=VERTEX_POINT('',#4654);
#3722=B_SPLINE_CURVE_WITH_KNOTS('',3,(#4655,#4656,#4657,#4658,#4659,#4660,#4661,#4662),.UNSPECIFIED.,.F.,.F.,(4,2,2,4),(0.0,0.25,0.5,1.0),.UNSPECIFIED.);
#3723=LINE('',#4663,#4664);
#3724=CIRCLE('',#4665,0.620710888162987);
#3725=LINE('',#4666,#4667);
#3726=LINE('',#4668,#4669);
#3727=VERTEX_POINT('',#4670);
#3728=LINE('',#4671,#4672);
#3729=CIRCLE('',#4673,1.1);
#3730=VERTEX_POINT('',#4674);
#3731=LINE('',#4675,#4676);
#3732=LINE('',#4677,#4678);
#3733=VERTEX_POINT('',#4679);
#3734=VERTEX_POINT('',#4680);
#3735=LINE('',#4681,#4682);
#3736=VERTEX_POINT('',#4683);
#3737=LINE('',#4684,#4685);
#3738=VERTEX_POINT('',#4686);
#3739=LINE('',#4687,#4688);
#3740=LINE('',#4689,#4690);
#3741=CIRCLE('',#4691,1.1);
#3742=VERTEX_POINT('',#4692);
#3743=VERTEX_POINT('',#4693);
#3744=LINE('',#4694,#4695);
#3745=VERTEX_POINT('',#4696);
#3746=LINE('',#4697,#4698);
#3747=VERTEX_POINT('',#4699);
#3748=LINE('',#4700,#4701);
#3749=LINE('',#4702,#4703);
#3750=VERTEX_POINT('',#4704);
#3751=VERTEX_POINT('',#4705);
#3752=LINE('',#4706,#4707);
#3753=VERTEX_POINT('',#4708);
#3754=LINE('',#4709,#4710);
#3755=VERTEX_POINT('',#4711);
#3756=LINE('',#4712,#4713);
#3757=LINE('',#4714,#4715);
#3758=VERTEX_POINT('',#4716);
#3759=VERTEX_POINT('',#4717);
#3760=LINE('',#4718,#4719);
#3761=VERTEX_POINT('',#4720);
#3762=LINE('',#4721,#4722);
#3763=VERTEX_POINT('',#4723);
#3764=LINE('',#4724,#4725);
#3765=LINE('',#4726,#4727);
#3766=VERTEX_POINT('',#4728);
#3767=VERTEX_POINT('',#4729);
#3768=LINE('',#4730,#4731);
#3769=VERTEX_POINT('',#4732);
#3770=LINE('',#4733,#4734);
#3771=VERTEX_POINT('',#4735);
#3772=LINE('',#4736,#4737);
#3773=LINE('',#4738,#4739);
#3774=VERTEX_POINT('',#4740);
#3775=VERTEX_POINT('',#4741);
#3776=LINE('',#4742,#4743);
#3777=VERTEX_POINT('',#4744);
#3778=LINE('',#4745,#4746);
#3779=VERTEX_POINT('',#4747);
#3780=LINE('',#4748,#4749);
#3781=LINE('',#4750,#4751);
#3782=VERTEX_POINT('',#4752);
#3783=VERTEX_POINT('',#4753);
#3784=LINE('',#4754,#4755);
#3785=VERTEX_POINT('',#4756);
#3786=LINE('',#4757,#4758);
#3787=VERTEX_POINT('',#4759);
#3788=LINE('',#4760,#4761);
#3789=LINE('',#4762,#4763);
#3790=VERTEX_POINT('',#4764);
#3791=VERTEX_POINT('',#4765);
#3792=LINE('',#4766,#4767);
#3793=VERTEX_POINT('',#4768);
#3794=LINE('',#4769,#4770);
#3795=VERTEX_POINT('',#4771);
#3796=LINE('',#4772,#4773);
#3797=LINE('',#4774,#4775);
#3798=VERTEX_POINT('',#4776);
#3799=LINE('',#4777,#4778);
#3800=VERTEX_POINT('',#4779);
#3801=LINE('',#4780,#4781);
#3802=LINE('',#4782,#4783);
#3803=VERTEX_POINT('',#4784);
#3804=VERTEX_POINT('',#4785);
#3805=LINE('',#4786,#4787);
#3806=VERTEX_POINT('',#4788);
#3807=LINE('',#4789,#4790);
#3808=VERTEX_POINT('',#4791);
#3809=LINE('',#4792,#4793);
#3810=LINE('',#4794,#4795);
#3811=VERTEX_POINT('',#4796);
#3812=VERTEX_POINT('',#4797);
#3813=LINE('',#4798,#4799);
#3814=VERTEX_POINT('',#4800);
#3815=LINE('',#4801,#4802);
#3816=VERTEX_POINT('',#4803);
#3817=LINE('',#4804,#4805);
#3818=VERTEX_POINT('',#4806);
#3819=LINE('',#4807,#4808);
#3820=VERTEX_POINT('',#4809);
#3821=LINE('',#4810,#4811);
#3822=VERTEX_POINT('',#4812);
#3823=LINE('',#4813,#4814);
#3824=VERTEX_POINT('',#4815);
#3825=LINE('',#4816,#4817);
#3826=VERTEX_POINT('',#4818);
#3827=LINE('',#4819,#4820);
#3828=VERTEX_POINT('',#4821);
#3829=LINE('',#4822,#4823);
#3830=LINE('',#4824,#4825);
#3831=VERTEX_POINT('',#4826);
#3832=VERTEX_POINT('',#4827);
#3833=LINE('',#4828,#4829);
#3834=VERTEX_POINT('',#4830);
#3835=LINE('',#4831,#4832);
#3836=VERTEX_POINT('',#4833);
#3837=LINE('',#4834,#4835);
#3838=LINE('',#4836,#4837);
#3839=VERTEX_POINT('',#4838);
#3840=VERTEX_POINT('',#4839);
#3841=LINE('',#4840,#4841);
#3842=VERTEX_POINT('',#4842);
#3843=LINE('',#4843,#4844);
#3844=VERTEX_POINT('',#4845);
#3845=LINE('',#4846,#4847);
#3846=LINE('',#4848,#4849);
#3847=VERTEX_POINT('',#4850);
#3848=VERTEX_POINT('',#4851);
#3849=LINE('',#4852,#4853);
#3850=VERTEX_POINT('',#4854);
#3851=LINE('',#4855,#4856);
#3852=VERTEX_POINT('',#4857);
#3853=LINE('',#4858,#4859);
#3854=VERTEX_POINT('',#4860);
#3855=LINE('',#4861,#4862);
#3856=VERTEX_POINT('',#4863);
#3857=LINE('',#4864,#4865);
#3858=LINE('',#4866,#4867);
#3859=LINE('',#4868,#4869);
#3860=VERTEX_POINT('',#4870);
#3861=VERTEX_POINT('',#4871);
#3862=LINE('',#4872,#4873);
#3863=VERTEX_POINT('',#4874);
#3864=LINE('',#4875,#4876);
#3865=VERTEX_POINT('',#4877);
#3866=LINE('',#4878,#4879);
#3867=LINE('',#4880,#4881);
#3868=VERTEX_POINT('',#4882);
#3869=VERTEX_POINT('',#4883);
#3870=LINE('',#4884,#4885);
#3871=VERTEX_POINT('',#4886);
#3872=LINE('',#4887,#4888);
#3873=VERTEX_POINT('',#4889);
#3874=LINE('',#4890,#4891);
#3875=VERTEX_POINT('',#4892);
#3876=LINE('',#4893,#4894);
#3877=LINE('',#4895,#4896);
#3878=VERTEX_POINT('',#4897);
#3879=VERTEX_POINT('',#4898);
#3880=LINE('',#4899,#4900);
#3881=VERTEX_POINT('',#4901);
#3882=LINE('',#4902,#4903);
#3883=VERTEX_POINT('',#4904);
#3884=LINE('',#4905,#4906);
#3885=VERTEX_POINT('',#4907);
#3886=LINE('',#4908,#4909);
#3887=LINE('',#4910,#4911);
#3888=VERTEX_POINT('',#4912);
#3889=VERTEX_POINT('',#4913);
#3890=LINE('',#4914,#4915);
#3891=VERTEX_POINT('',#4916);
#3892=LINE('',#4917,#4918);
#3893=VERTEX_POINT('',#4919);
#3894=LINE('',#4920,#4921);
#3895=VERTEX_POINT('',#4922);
#3896=LINE('',#4923,#4924);
#3897=LINE('',#4925,#4926);
#3898=VERTEX_POINT('',#4927);
#3899=VERTEX_POINT('',#4928);
#3900=LINE('',#4929,#4930);
#3901=VERTEX_POINT('',#4931);
#3902=LINE('',#4932,#4933);
#3903=VERTEX_POINT('',#4934);
#3904=LINE('',#4935,#4936);
#3905=VERTEX_POINT('',#4937);
#3906=LINE('',#4938,#4939);
#3907=LINE('',#4940,#4941);
#3908=VERTEX_POINT('',#4942);
#3909=VERTEX_POINT('',#4943);
#3910=LINE('',#4944,#4945);
#3911=VERTEX_POINT('',#4946);
#3912=LINE('',#4947,#4948);
#3913=VERTEX_POINT('',#4949);
#3914=LINE('',#4950,#4951);
#3915=VERTEX_POINT('',#4952);
#3916=LINE('',#4953,#4954);
#3917=LINE('',#4955,#4956);
#3918=VERTEX_POINT('',#4957);
#3919=VERTEX_POINT('',#4958);
#3920=LINE('',#4959,#4960);
#3921=VERTEX_POINT('',#4961);
#3922=LINE('',#4962,#4963);
#3923=VERTEX_POINT('',#4964);
#3924=LINE('',#4965,#4966);
#3925=VERTEX_POINT('',#4967);
#3926=LINE('',#4968,#4969);
#3927=LINE('',#4970,#4971);
#3928=LINE('',#4972,#4973);
#3929=VERTEX_POINT('',#4974);
#3930=LINE('',#4975,#4976);
#3931=LINE('',#4977,#4978);
#3932=VERTEX_POINT('',#4979);
#3933=LINE('',#4980,#4981);
#3934=LINE('',#4982,#4983);
#3935=VERTEX_POINT('',#4984);
#3936=LINE('',#4985,#4986);
#3937=LINE('',#4987,#4988);
#3938=VERTEX_POINT('',#4989);
#3939=VERTEX_POINT('',#4990);
#3940=LINE('',#4991,#4992);
#3941=VERTEX_POINT('',#4993);
#3942=LINE('',#4994,#4995);
#3943=VERTEX_POINT('',#4996);
#3944=LINE('',#4997,#4998);
#3945=LINE('',#4999,#5000);
#3946=VERTEX_POINT('',#5001);
#3947=VERTEX_POINT('',#5002);
#3948=LINE('',#5003,#5004);
#3949=VERTEX_POINT('',#5005);
#3950=LINE('',#5006,#5007);
#3951=VERTEX_POINT('',#5008);
#3952=LINE('',#5009,#5010);
#3953=LINE('',#5011,#5012);
#3954=VERTEX_POINT('',#5013);
#3955=LINE('',#5014,#5015);
#3956=LINE('',#5016,#5017);
#3957=VERTEX_POINT('',#5018);
#3958=LINE('',#5019,#5020);
#3959=LINE('',#5021,#5022);
#3960=VERTEX_POINT('',#5023);
#3961=LINE('',#5024,#5025);
#3962=LINE('',#5026,#5027);
#3963=VERTEX_POINT('',#5028);
#3964=LINE('',#5029,#5030);
#3965=VERTEX_POINT('',#5031);
#3966=LINE('',#5032,#5033);
#3967=LINE('',#5034,#5035);
#3968=VERTEX_POINT('',#5036);
#3969=LINE('',#5037,#5038);
#3970=VERTEX_POINT('',#5039);
#3971=LINE('',#5040,#5041);
#3972=LINE('',#5042,#5043);
#3973=LINE('',#5044,#5045);
#3974=LINE('',#5046,#5047);
#3975=LINE('',#5048,#5049);
#3976=LINE('',#5050,#5051);
#3977=LINE('',#5052,#5053);
#3978=LINE('',#5054,#5055);
#3979=VERTEX_POINT('',#5056);
#3980=LINE('',#5057,#5058);
#3981=VERTEX_POINT('',#5059);
#3982=LINE('',#5060,#5061);
#3983=LINE('',#5062,#5063);
#3984=LINE('',#5064,#5065);
#3985=LINE('',#5066,#5067);
#3986=VERTEX_POINT('',#5068);
#3987=LINE('',#5069,#5070);
#3988=VERTEX_POINT('',#5071);
#3989=LINE('',#5072,#5073);
#3990=LINE('',#5074,#5075);
#3991=LINE('',#5076,#5077);
#3992=LINE('',#5078,#5079);
#3993=VERTEX_POINT('',#5080);
#3994=LINE('',#5081,#5082);
#3995=VERTEX_POINT('',#5083);
#3996=LINE('',#5084,#5085);
#3997=LINE('',#5086,#5087);
#3998=LINE('',#5088,#5089);
#3999=LINE('',#5090,#5091);
#4000=LINE('',#5092,#5093);
#4001=VERTEX_POINT('',#5094);
#4002=LINE('',#5095,#5096);
#4003=LINE('',#5097,#5098);
#4004=VERTEX_POINT('',#5099);
#4005=LINE('',#5100,#5101);
#4006=LINE('',#5102,#5103);
#4007=LINE('',#5104,#5105);
#4008=LINE('',#5106,#5107);
#4009=VERTEX_POINT('',#5108);
#4010=LINE('',#5109,#5110);
#4011=VERTEX_POINT('',#5111);
#4012=LINE('',#5112,#5113);
#4013=LINE('',#5114,#5115);
#4014=VERTEX_POINT('',#5116);
#4015=LINE('',#5117,#5118);
#4016=LINE('',#5119,#5120);
#4017=VERTEX_POINT('',#5121);
#4018=LINE('',#5122,#5123);
#4019=LINE('',#5124,#5125);
#4020=VERTEX_POINT('',#5126);
#4021=LINE('',#5127,#5128);
#4022=LINE('',#5129,#5130);
#4023=LINE('',#5131,#5132);
#4024=VERTEX_POINT('',#5133);
#4025=VERTEX_POINT('',#5134);
#4026=LINE('',#5135,#5136);
#4027=VERTEX_POINT('',#5137);
#4028=LINE('',#5138,#5139);
#4029=VERTEX_POINT('',#5140);
#4030=LINE('',#5141,#5142);
#4031=LINE('',#5143,#5144);
#4032=VERTEX_POINT('',#5145);
#4033=LINE('',#5146,#5147);
#4034=VERTEX_POINT('',#5148);
#4035=LINE('',#5149,#5150);
#4036=LINE('',#5151,#5152);
#4037=VERTEX_POINT('',#5153);
#4038=LINE('',#5154,#5155);
#4039=LINE('',#5156,#5157);
#4040=VERTEX_POINT('',#5158);
#4041=LINE('',#5159,#5160);
#4042=LINE('',#5161,#5162);
#4043=VERTEX_POINT('',#5163);
#4044=LINE('',#5164,#5165);
#4045=LINE('',#5166,#5167);
#4046=LINE('',#5168,#5169);
#4047=VERTEX_POINT('',#5170);
#4048=VERTEX_POINT('',#5171);
#4049=LINE('',#5172,#5173);
#4050=VERTEX_POINT('',#5174);
#4051=LINE('',#5175,#5176);
#4052=VERTEX_POINT('',#5177);
#4053=LINE('',#5178,#5179);
#4054=LINE('',#5180,#5181);
#4055=VERTEX_POINT('',#5182);
#4056=LINE('',#5183,#5184);
#4057=VERTEX_POINT('',#5185);
#4058=LINE('',#5186,#5187);
#4059=LINE('',#5188,#5189);
#4060=VERTEX_POINT('',#5190);
#4061=LINE('',#5191,#5192);
#4062=LINE('',#5193,#5194);
#4063=VERTEX_POINT('',#5195);
#4064=LINE('',#5196,#5197);
#4065=LINE('',#5198,#5199);
#4066=VERTEX_POINT('',#5200);
#4067=LINE('',#5201,#5202);
#4068=LINE('',#5203,#5204);
#4069=LINE('',#5205,#5206);
#4070=VERTEX_POINT('',#5207);
#4071=VERTEX_POINT('',#5208);
#4072=LINE('',#5209,#5210);
#4073=VERTEX_POINT('',#5211);
#4074=LINE('',#5212,#5213);
#4075=VERTEX_POINT('',#5214);
#4076=LINE('',#5215,#5216);
#4077=LINE('',#5217,#5218);
#4078=VERTEX_POINT('',#5219);
#4079=LINE('',#5220,#5221);
#4080=VERTEX_POINT('',#5222);
#4081=LINE('',#5223,#5224);
#4082=LINE('',#5225,#5226);
#4083=VERTEX_POINT('',#5227);
#4084=LINE('',#5228,#5229);
#4085=LINE('',#5230,#5231);
#4086=VERTEX_POINT('',#5232);
#4087=LINE('',#5233,#5234);
#4088=LINE('',#5235,#5236);
#4089=VERTEX_POINT('',#5237);
#4090=LINE('',#5238,#5239);
#4091=LINE('',#5240,#5241);
#4092=LINE('',#5242,#5243);
#4093=VERTEX_POINT('',#5244);
#4094=VERTEX_POINT('',#5245);
#4095=LINE('',#5246,#5247);
#4096=VERTEX_POINT('',#5248);
#4097=LINE('',#5249,#5250);
#4098=VERTEX_POINT('',#5251);
#4099=LINE('',#5252,#5253);
#4100=LINE('',#5254,#5255);
#4101=VERTEX_POINT('',#5256);
#4102=LINE('',#5257,#5258);
#4103=VERTEX_POINT('',#5259);
#4104=LINE('',#5260,#5261);
#4105=LINE('',#5262,#5263);
#4106=VERTEX_POINT('',#5264);
#4107=LINE('',#5265,#5266);
#4108=LINE('',#5267,#5268);
#4109=VERTEX_POINT('',#5269);
#4110=LINE('',#5270,#5271);
#4111=LINE('',#5272,#5273);
#4112=VERTEX_POINT('',#5274);
#4113=LINE('',#5275,#5276);
#4114=LINE('',#5277,#5278);
#4115=LINE('',#5279,#5280);
#4116=VERTEX_POINT('',#5281);
#4117=VERTEX_POINT('',#5282);
#4118=LINE('',#5283,#5284);
#4119=VERTEX_POINT('',#5285);
#4120=LINE('',#5286,#5287);
#4121=VERTEX_POINT('',#5288);
#4122=LINE('',#5289,#5290);
#4123=LINE('',#5291,#5292);
#4124=VERTEX_POINT('',#5293);
#4125=LINE('',#5294,#5295);
#4126=VERTEX_POINT('',#5296);
#4127=LINE('',#5297,#5298);
#4128=LINE('',#5299,#5300);
#4129=VERTEX_POINT('',#5301);
#4130=LINE('',#5302,#5303);
#4131=LINE('',#5304,#5305);
#4132=VERTEX_POINT('',#5306);
#4133=LINE('',#5307,#5308);
#4134=LINE('',#5309,#5310);
#4135=VERTEX_POINT('',#5311);
#4136=LINE('',#5312,#5313);
#4137=LINE('',#5314,#5315);
#4138=LINE('',#5316,#5317);
#4139=VERTEX_POINT('',#5318);
#4140=VERTEX_POINT('',#5319);
#4141=LINE('',#5320,#5321);
#4142=VERTEX_POINT('',#5322);
#4143=LINE('',#5323,#5324);
#4144=VERTEX_POINT('',#5325);
#4145=LINE('',#5326,#5327);
#4146=LINE('',#5328,#5329);
#4147=VERTEX_POINT('',#5330);
#4148=LINE('',#5331,#5332);
#4149=VERTEX_POINT('',#5333);
#4150=LINE('',#5334,#5335);
#4151=LINE('',#5336,#5337);
#4152=VERTEX_POINT('',#5338);
#4153=LINE('',#5339,#5340);
#4154=LINE('',#5341,#5342);
#4155=VERTEX_POINT('',#5343);
#4156=LINE('',#5344,#5345);
#4157=LINE('',#5346,#5347);
#4158=LINE('',#5348,#5349);
#4159=VERTEX_POINT('',#5350);
#4160=VERTEX_POINT('',#5351);
#4161=LINE('',#5352,#5353);
#4162=VERTEX_POINT('',#5354);
#4163=LINE('',#5355,#5356);
#4164=VERTEX_POINT('',#5357);
#4165=LINE('',#5358,#5359);
#4166=LINE('',#5360,#5361);
#4167=LINE('',#5362,#5363);
#4168=VERTEX_POINT('',#5364);
#4169=LINE('',#5365,#5366);
#4170=LINE('',#5367,#5368);
#4171=VERTEX_POINT('',#5369);
#4172=LINE('',#5370,#5371);
#4173=VERTEX_POINT('',#5372);
#4174=LINE('',#5373,#5374);
#4175=LINE('',#5375,#5376);
#4176=LINE('',#5377,#5378);
#4177=VERTEX_POINT('',#5379);
#4178=LINE('',#5380,#5381);
#4179=VERTEX_POINT('',#5382);
#4180=LINE('',#5383,#5384);
#4181=VERTEX_POINT('',#5385);
#4182=LINE('',#5386,#5387);
#4183=VERTEX_POINT('',#5388);
#4184=LINE('',#5389,#5390);
#4185=LINE('',#5391,#5392);
#4186=LINE('',#5393,#5394);
#4187=LINE('',#5395,#5396);
#4188=VERTEX_POINT('',#5397);
#4189=LINE('',#5398,#5399);
#4190=LINE('',#5400,#5401);
#4191=LINE('',#5402,#5403);
#4192=LINE('',#5404,#5405);
#4193=VERTEX_POINT('',#5406);
#4194=VERTEX_POINT('',#5407);
#4195=LINE('',#5408,#5409);
#4196=VERTEX_POINT('',#5410);
#4197=LINE('',#5411,#5412);
#4198=VERTEX_POINT('',#5413);
#4199=LINE('',#5414,#5415);
#4200=LINE('',#5416,#5417);
#4201=VERTEX_POINT('',#5418);
#4202=LINE('',#5419,#5420);
#4203=VERTEX_POINT('',#5421);
#4204=LINE('',#5422,#5423);
#4205=LINE('',#5424,#5425);
#4206=VERTEX_POINT('',#5426);
#4207=LINE('',#5427,#5428);
#4208=VERTEX_POINT('',#5429);
#4209=LINE('',#5430,#5431);
#4210=LINE('',#5432,#5433);
#4211=LINE('',#5434,#5435);
#4212=LINE('',#5436,#5437);
#4213=VERTEX_POINT('',#5438);
#4214=LINE('',#5439,#5440);
#4215=VERTEX_POINT('',#5441);
#4216=LINE('',#5442,#5443);
#4217=LINE('',#5444,#5445);
#4218=VERTEX_POINT('',#5446);
#4219=LINE('',#5447,#5448);
#4220=VERTEX_POINT('',#5449);
#4221=LINE('',#5450,#5451);
#4222=LINE('',#5452,#5453);
#4223=LINE('',#5454,#5455);
#4224=VERTEX_POINT('',#5456);
#4225=VERTEX_POINT('',#5457);
#4226=LINE('',#5458,#5459);
#4227=VERTEX_POINT('',#5460);
#4228=LINE('',#5461,#5462);
#4229=VERTEX_POINT('',#5463);
#4230=LINE('',#5464,#5465);
#4231=LINE('',#5466,#5467);
#4232=LINE('',#5468,#5469);
#4233=LINE('',#5470,#5471);
#4234=LINE('',#5472,#5473);
#4235=LINE('',#5474,#5475);
#4236=LINE('',#5476,#5477);
#4237=LINE('',#5478,#5479);
#4238=LINE('',#5480,#5481);
#4239=LINE('',#5482,#5483);
#4240=LINE('',#5484,#5485);
#4241=VERTEX_POINT('',#5486);
#4242=VERTEX_POINT('',#5487);
#4243=LINE('',#5488,#5489);
#4244=VERTEX_POINT('',#5490);
#4245=LINE('',#5491,#5492);
#4246=VERTEX_POINT('',#5493);
#4247=LINE('',#5494,#5495);
#4248=LINE('',#5496,#5497);
#4249=VERTEX_POINT('',#5498);
#4250=LINE('',#5499,#5500);
#4251=VERTEX_POINT('',#5501);
#4252=LINE('',#5502,#5503);
#4253=LINE('',#5504,#5505);
#4254=VERTEX_POINT('',#5506);
#4255=LINE('',#5507,#5508);
#4256=VERTEX_POINT('',#5509);
#4257=LINE('',#5510,#5511);
#4258=LINE('',#5512,#5513);
#4259=LINE('',#5514,#5515);
#4260=LINE('',#5516,#5517);
#4261=VERTEX_POINT('',#5518);
#4262=LINE('',#5519,#5520);
#4263=VERTEX_POINT('',#5521);
#4264=LINE('',#5522,#5523);
#4265=LINE('',#5524,#5525);
#4266=VERTEX_POINT('',#5526);
#4267=LINE('',#5527,#5528);
#4268=VERTEX_POINT('',#5529);
#4269=LINE('',#5530,#5531);
#4270=LINE('',#5532,#5533);
#4271=LINE('',#5534,#5535);
#4272=VERTEX_POINT('',#5536);
#4273=VERTEX_POINT('',#5537);
#4274=LINE('',#5538,#5539);
#4275=VERTEX_POINT('',#5540);
#4276=LINE('',#5541,#5542);
#4277=VERTEX_POINT('',#5543);
#4278=LINE('',#5544,#5545);
#4279=LINE('',#5546,#5547);
#4280=LINE('',#5548,#5549);
#4281=LINE('',#5550,#5551);
#4282=LINE('',#5552,#5553);
#4283=LINE('',#5554,#5555);
#4284=LINE('',#5556,#5557);
#4285=LINE('',#5558,#5559);
#4286=LINE('',#5560,#5561);
#4287=LINE('',#5562,#5563);
#4288=LINE('',#5564,#5565);
#4289=VERTEX_POINT('',#5566);
#4290=VERTEX_POINT('',#5567);
#4291=LINE('',#5568,#5569);
#4292=VERTEX_POINT('',#5570);
#4293=LINE('',#5571,#5572);
#4294=VERTEX_POINT('',#5573);
#4295=LINE('',#5574,#5575);
#4296=LINE('',#5576,#5577);
#4297=VERTEX_POINT('',#5578);
#4298=LINE('',#5579,#5580);
#4299=VERTEX_POINT('',#5581);
#4300=LINE('',#5582,#5583);
#4301=LINE('',#5584,#5585);
#4302=VERTEX_POINT('',#5586);
#4303=LINE('',#5587,#5588);
#4304=VERTEX_POINT('',#5589);
#4305=LINE('',#5590,#5591);
#4306=LINE('',#5592,#5593);
#4307=LINE('',#5594,#5595);
#4308=LINE('',#5596,#5597);
#4309=VERTEX_POINT('',#5598);
#4310=LINE('',#5599,#5600);
#4311=VERTEX_POINT('',#5601);
#4312=LINE('',#5602,#5603);
#4313=LINE('',#5604,#5605);
#4314=VERTEX_POINT('',#5606);
#4315=LINE('',#5607,#5608);
#4316=VERTEX_POINT('',#5609);
#4317=LINE('',#5610,#5611);
#4318=LINE('',#5612,#5613);
#4319=LINE('',#5614,#5615);
#4320=VERTEX_POINT('',#5616);
#4321=VERTEX_POINT('',#5617);
#4322=LINE('',#5618,#5619);
#4323=VERTEX_POINT('',#5620);
#4324=LINE('',#5621,#5622);
#4325=VERTEX_POINT('',#5623);
#4326=LINE('',#5624,#5625);
#4327=LINE('',#5626,#5627);
#4328=LINE('',#5628,#5629);
#4329=LINE('',#5630,#5631);
#4330=LINE('',#5632,#5633);
#4331=LINE('',#5634,#5635);
#4332=LINE('',#5636,#5637);
#4333=LINE('',#5638,#5639);
#4334=LINE('',#5640,#5641);
#4335=LINE('',#5642,#5643);
#4336=LINE('',#5644,#5645);
#4337=VERTEX_POINT('',#5646);
#4338=VERTEX_POINT('',#5647);
#4339=LINE('',#5648,#5649);
#4340=VERTEX_POINT('',#5650);
#4341=LINE('',#5651,#5652);
#4342=VERTEX_POINT('',#5653);
#4343=LINE('',#5654,#5655);
#4344=LINE('',#5656,#5657);
#4345=VERTEX_POINT('',#5658);
#4346=LINE('',#5659,#5660);
#4347=VERTEX_POINT('',#5661);
#4348=LINE('',#5662,#5663);
#4349=LINE('',#5664,#5665);
#4350=VERTEX_POINT('',#5666);
#4351=LINE('',#5667,#5668);
#4352=VERTEX_POINT('',#5669);
#4353=LINE('',#5670,#5671);
#4354=LINE('',#5672,#5673);
#4355=LINE('',#5674,#5675);
#4356=LINE('',#5676,#5677);
#4357=VERTEX_POINT('',#5678);
#4358=LINE('',#5679,#5680);
#4359=VERTEX_POINT('',#5681);
#4360=LINE('',#5682,#5683);
#4361=LINE('',#5684,#5685);
#4362=VERTEX_POINT('',#5686);
#4363=LINE('',#5687,#5688);
#4364=VERTEX_POINT('',#5689);
#4365=LINE('',#5690,#5691);
#4366=LINE('',#5692,#5693);
#4367=LINE('',#5694,#5695);
#4368=VERTEX_POINT('',#5696);
#4369=VERTEX_POINT('',#5697);
#4370=LINE('',#5698,#5699);
#4371=VERTEX_POINT('',#5700);
#4372=LINE('',#5701,#5702);
#4373=VERTEX_POINT('',#5703);
#4374=LINE('',#5704,#5705);
#4375=LINE('',#5706,#5707);
#4376=LINE('',#5708,#5709);
#4377=LINE('',#5710,#5711);
#4378=LINE('',#5712,#5713);
#4379=LINE('',#5714,#5715);
#4380=LINE('',#5716,#5717);
#4381=LINE('',#5718,#5719);
#4382=LINE('',#5720,#5721);
#4383=LINE('',#5722,#5723);
#4384=LINE('',#5724,#5725);
#4385=VERTEX_POINT('',#5726);
#4386=VERTEX_POINT('',#5727);
#4387=LINE('',#5728,#5729);
#4388=VERTEX_POINT('',#5730);
#4389=LINE('',#5731,#5732);
#4390=VERTEX_POINT('',#5733);
#4391=LINE('',#5734,#5735);
#4392=LINE('',#5736,#5737);
#4393=VERTEX_POINT('',#5738);
#4394=LINE('',#5739,#5740);
#4395=VERTEX_POINT('',#5741);
#4396=LINE('',#5742,#5743);
#4397=LINE('',#5744,#5745);
#4398=VERTEX_POINT('',#5746);
#4399=LINE('',#5747,#5748);
#4400=VERTEX_POINT('',#5749);
#4401=LINE('',#5750,#5751);
#4402=LINE('',#5752,#5753);
#4403=LINE('',#5754,#5755);
#4404=LINE('',#5756,#5757);
#4405=VERTEX_POINT('',#5758);
#4406=LINE('',#5759,#5760);
#4407=VERTEX_POINT('',#5761);
#4408=LINE('',#5762,#5763);
#4409=LINE('',#5764,#5765);
#4410=VERTEX_POINT('',#5766);
#4411=LINE('',#5767,#5768);
#4412=VERTEX_POINT('',#5769);
#4413=LINE('',#5770,#5771);
#4414=LINE('',#5772,#5773);
#4415=LINE('',#5774,#5775);
#4416=VERTEX_POINT('',#5776);
#4417=VERTEX_POINT('',#5777);
#4418=LINE('',#5778,#5779);
#4419=VERTEX_POINT('',#5780);
#4420=LINE('',#5781,#5782);
#4421=VERTEX_POINT('',#5783);
#4422=LINE('',#5784,#5785);
#4423=LINE('',#5786,#5787);
#4424=LINE('',#5788,#5789);
#4425=LINE('',#5790,#5791);
#4426=LINE('',#5792,#5793);
#4427=LINE('',#5794,#5795);
#4428=LINE('',#5796,#5797);
#4429=LINE('',#5798,#5799);
#4430=LINE('',#5800,#5801);
#4431=LINE('',#5802,#5803);
#4432=LINE('',#5804,#5805);
#4433=VERTEX_POINT('',#5806);
#4434=VERTEX_POINT('',#5807);
#4435=LINE('',#5808,#5809);
#4436=VERTEX_POINT('',#5810);
#4437=LINE('',#5811,#5812);
#4438=VERTEX_POINT('',#5813);
#4439=LINE('',#5814,#5815);
#4440=LINE('',#5816,#5817);
#4441=VERTEX_POINT('',#5818);
#4442=LINE('',#5819,#5820);
#4443=VERTEX_POINT('',#5821);
#4444=LINE('',#5822,#5823);
#4445=LINE('',#5824,#5825);
#4446=VERTEX_POINT('',#5826);
#4447=LINE('',#5827,#5828);
#4448=VERTEX_POINT('',#5829);
#4449=LINE('',#5830,#5831);
#4450=LINE('',#5832,#5833);
#4451=LINE('',#5834,#5835);
#4452=LINE('',#5836,#5837);
#4453=VERTEX_POINT('',#5838);
#4454=LINE('',#5839,#5840);
#4455=VERTEX_POINT('',#5841);
#4456=LINE('',#5842,#5843);
#4457=LINE('',#5844,#5845);
#4458=VERTEX_POINT('',#5846);
#4459=LINE('',#5847,#5848);
#4460=VERTEX_POINT('',#5849);
#4461=LINE('',#5850,#5851);
#4462=LINE('',#5852,#5853);
#4463=LINE('',#5854,#5855);
#4464=VERTEX_POINT('',#5856);
#4465=VERTEX_POINT('',#5857);
#4466=LINE('',#5858,#5859);
#4467=VERTEX_POINT('',#5860);
#4468=LINE('',#5861,#5862);
#4469=VERTEX_POINT('',#5863);
#4470=LINE('',#5864,#5865);
#4471=LINE('',#5866,#5867);
#4472=LINE('',#5868,#5869);
#4473=LINE('',#5870,#5871);
#4474=LINE('',#5872,#5873);
#4475=LINE('',#5874,#5875);
#4476=LINE('',#5876,#5877);
#4477=LINE('',#5878,#5879);
#4478=LINE('',#5880,#5881);
#4479=LINE('',#5882,#5883);
#4480=LINE('',#5884,#5885);
#4481=VERTEX_POINT('',#5886);
#4482=VERTEX_POINT('',#5887);
#4483=LINE('',#5888,#5889);
#4484=VERTEX_POINT('',#5890);
#4485=LINE('',#5891,#5892);
#4486=VERTEX_POINT('',#5893);
#4487=LINE('',#5894,#5895);
#4488=LINE('',#5896,#5897);
#4489=VERTEX_POINT('',#5898);
#4490=LINE('',#5899,#5900);
#4491=VERTEX_POINT('',#5901);
#4492=LINE('',#5902,#5903);
#4493=LINE('',#5904,#5905);
#4494=VERTEX_POINT('',#5906);
#4495=LINE('',#5907,#5908);
#4496=VERTEX_POINT('',#5909);
#4497=LINE('',#5910,#5911);
#4498=LINE('',#5912,#5913);
#4499=LINE('',#5914,#5915);
#4500=LINE('',#5916,#5917);
#4501=VERTEX_POINT('',#5918);
#4502=LINE('',#5919,#5920);
#4503=VERTEX_POINT('',#5921);
#4504=LINE('',#5922,#5923);
#4505=LINE('',#5924,#5925);
#4506=VERTEX_POINT('',#5926);
#4507=LINE('',#5927,#5928);
#4508=VERTEX_POINT('',#5929);
#4509=LINE('',#5930,#5931);
#4510=LINE('',#5932,#5933);
#4511=LINE('',#5934,#5935);
#4512=VERTEX_POINT('',#5936);
#4513=VERTEX_POINT('',#5937);
#4514=LINE('',#5938,#5939);
#4515=VERTEX_POINT('',#5940);
#4516=LINE('',#5941,#5942);
#4517=VERTEX_POINT('',#5943);
#4518=LINE('',#5944,#5945);
#4519=LINE('',#5946,#5947);
#4520=LINE('',#5948,#5949);
#4521=LINE('',#5950,#5951);
#4522=LINE('',#5952,#5953);
#4523=LINE('',#5954,#5955);
#4524=LINE('',#5956,#5957);
#4525=LINE('',#5958,#5959);
#4526=LINE('',#5960,#5961);
#4527=LINE('',#5962,#5963);
#4528=LINE('',#5964,#5965);
#4529=VERTEX_POINT('',#5966);
#4530=CIRCLE('',#5967,1.1);
#4531=LINE('',#5968,#5969);
#4532=LINE('',#5970,#5971);
#4533=LINE('',#5972,#5973);
#4534=VERTEX_POINT('',#5974);
#4535=LINE('',#5975,#5976);
#4536=LINE('',#5977,#5978);
#4537=LINE('',#5979,#5980);
#4538=LINE('',#5981,#5982);
#4539=VERTEX_POINT('',#5983);
#4540=LINE('',#5984,#5985);
#4541=CIRCLE('',#5986,1.1);
#4542=VERTEX_POINT('',#5987);
#4543=LINE('',#5988,#5989);
#4544=LINE('',#5990,#5991);
#4545=CIRCLE('',#5992,1.4);
#4546=CIRCLE('',#5993,1.4);
#4547=VERTEX_POINT('',#5994);
#4548=B_SPLINE_CURVE_WITH_KNOTS('',3,(#5995,#5996,#5997,#5998,#5999,#6000,#6001,#6002),.UNSPECIFIED.,.F.,.F.,(4,2,2,4),(0.0,0.25,0.5,1.0),.UNSPECIFIED.);
#4549=CIRCLE('',#6003,0.620710888162987);
#4550=LINE('',#6004,#6005);
#4551=LINE('',#6006,#6007);
#4552=CARTESIAN_POINT('',(-7.87071088816299,4.6,-3.81));
#4553=CARTESIAN_POINT('',(-8.65,4.6,-2.61));
#4554=CARTESIAN_POINT('',(-8.65,4.6,-2.61));
#4555=VECTOR('',#6008,1.0);
#4556=CARTESIAN_POINT('',(-7.78937246197705,4.29282032302755,-3.81));
#4557=AXIS2_PLACEMENT_3D('',#6009,#6010,#6011);
#4558=CARTESIAN_POINT('',(-8.22979589711327,3.6,-2.61));
#4559=CARTESIAN_POINT('',(-7.78937246197705,4.29282032302755,-3.81));
#4560=CARTESIAN_POINT('',(-7.8306773777652,4.23584149859771,-3.71130978113196));
#4561=CARTESIAN_POINT('',(-7.86995399317642,4.17852640187975,-3.61203712157573));
#4562=CARTESIAN_POINT('',(-7.94624436754375,4.06352104906088,-3.41284200735108));
#4563=CARTESIAN_POINT('',(-7.98322764407144,4.00582573927263,-3.3129107994394));
#4564=CARTESIAN_POINT('',(-8.09197652980119,3.83237491502643,-3.01248515923028));
#4565=CARTESIAN_POINT('',(-8.16158330888694,3.71628842427889,-2.81141745918316));
#4566=CARTESIAN_POINT('',(-8.22979589711327,3.6,-2.61));
#4567=AXIS2_PLACEMENT_3D('',#6012,#6013,#6014);
#4568=CARTESIAN_POINT('',(8.65,4.6,-2.61));
#4569=CARTESIAN_POINT('',(8.65,4.6,-2.26));
#4570=CARTESIAN_POINT('',(8.65,4.6,-2.435));
#4571=VECTOR('',#6015,1.0);
#4572=CARTESIAN_POINT('',(8.22979589711328,5.6,-2.61));
#4573=AXIS2_PLACEMENT_3D('',#6016,#6017,#6018);
#4574=CARTESIAN_POINT('',(8.22979589711327,5.6,-2.26));
#4575=CARTESIAN_POINT('',(8.22979589711327,5.6,-2.61));
#4576=VECTOR('',#6019,1.0);
#4577=AXIS2_PLACEMENT_3D('',#6020,#6021,#6022);
#4578=CARTESIAN_POINT('',(-8.65,4.6,-2.26));
#4579=CARTESIAN_POINT('',(-8.65,4.6,-2.435));
#4580=VECTOR('',#6023,1.0);
#4581=CARTESIAN_POINT('',(-8.22979589711327,5.6,-2.26));
#4582=AXIS2_PLACEMENT_3D('',#6024,#6025,#6026);
#4583=CARTESIAN_POINT('',(-8.22979589711327,5.6,-2.61));
#4584=CARTESIAN_POINT('',(-8.22979589711327,5.6,-2.61));
#4585=VECTOR('',#6027,1.0);
#4586=AXIS2_PLACEMENT_3D('',#6028,#6029,#6030);
#4587=CARTESIAN_POINT('',(8.35,4.6,-2.26));
#4588=CARTESIAN_POINT('',(8.35,4.6,-0.509999999999999));
#4589=CARTESIAN_POINT('',(8.35,4.6,-1.385));
#4590=VECTOR('',#6031,1.0);
#4591=CARTESIAN_POINT('',(7.70825756949558,5.6,-2.26));
#4592=AXIS2_PLACEMENT_3D('',#6032,#6033,#6034);
#4593=CARTESIAN_POINT('',(7.70825756949558,5.6,-0.509999999999999));
#4594=CARTESIAN_POINT('',(7.70825756949558,5.6,-2.26));
#4595=VECTOR('',#6035,1.0);
#4596=AXIS2_PLACEMENT_3D('',#6036,#6037,#6038);
#4597=CARTESIAN_POINT('',(-8.35,4.6,-0.509999999999998));
#4598=CARTESIAN_POINT('',(-8.35,4.6,-2.26));
#4599=CARTESIAN_POINT('',(-8.35,4.6,-1.385));
#4600=VECTOR('',#6039,1.0);
#4601=CARTESIAN_POINT('',(-7.70825756949558,5.6,-0.509999999999998));
#4602=AXIS2_PLACEMENT_3D('',#6040,#6041,#6042);
#4603=CARTESIAN_POINT('',(-7.70825756949559,5.6,-2.26));
#4604=CARTESIAN_POINT('',(-7.70825756949558,5.6,-2.26));
#4605=VECTOR('',#6043,1.0);
#4606=AXIS2_PLACEMENT_3D('',#6044,#6045,#6046);
#4607=CARTESIAN_POINT('',(7.87071088816299,4.6,-3.81));
#4608=CARTESIAN_POINT('',(8.65,4.6,-2.61));
#4609=VECTOR('',#6047,1.0);
#4610=CARTESIAN_POINT('',(8.22979589711327,3.6,-2.61));
#4611=AXIS2_PLACEMENT_3D('',#6048,#6049,#6050);
#4612=CARTESIAN_POINT('',(7.78937246197705,4.29282032302755,-3.81));
#4613=CARTESIAN_POINT('',(7.78937246197705,4.29282032302755,-3.81));
#4614=CARTESIAN_POINT('',(7.83067737776519,4.23584149859771,-3.71130978113196));
#4615=CARTESIAN_POINT('',(7.86995399317642,4.17852640187975,-3.61203712157573));
#4616=CARTESIAN_POINT('',(7.94624436754375,4.06352104906088,-3.41284200735108));
#4617=CARTESIAN_POINT('',(7.98322764407144,4.00582573927263,-3.3129107994394));
#4618=CARTESIAN_POINT('',(8.09197652980119,3.83237491502643,-3.01248515923028));
#4619=CARTESIAN_POINT('',(8.16158330888693,3.71628842427889,-2.81141745918316));
#4620=CARTESIAN_POINT('',(8.22979589711327,3.6,-2.61));
#4621=AXIS2_PLACEMENT_3D('',#6051,#6052,#6053);
#4622=CARTESIAN_POINT('',(7.35,4.29282032302755,-3.81));
#4623=CARTESIAN_POINT('',(7.35,3.6,-2.61));
#4624=CARTESIAN_POINT('',(7.35,4.11961524227067,-3.51));
#4625=VECTOR('',#6054,1.0);
#4626=CARTESIAN_POINT('',(7.35,3.6,-0.510000000000002));
#4627=CARTESIAN_POINT('',(7.35,3.6,-2.26));
#4628=VECTOR('',#6055,1.0);
#4629=CARTESIAN_POINT('',(7.35,1.6,-0.510000000000002));
#4630=CARTESIAN_POINT('',(7.35,8.06,-0.510000000000002));
#4631=VECTOR('',#6056,1.0);
#4632=CARTESIAN_POINT('',(7.35,1.6,1.4432899320127E-15));
#4633=CARTESIAN_POINT('',(7.35,1.6,1.4432899320127E-15));
#4634=VECTOR('',#6057,1.0);
#4635=CARTESIAN_POINT('',(7.35,8.06,7.54382428274769E-16));
#4636=CARTESIAN_POINT('',(7.35,8.06,1.4432899320127E-15));
#4637=VECTOR('',#6058,1.0);
#4638=CARTESIAN_POINT('',(7.35,8.06,-0.510000000000002));
#4639=CARTESIAN_POINT('',(7.35,8.06,1.4432899320127E-15));
#4640=VECTOR('',#6059,1.0);
#4641=CARTESIAN_POINT('',(7.35,5.6,-0.510000000000002));
#4642=CARTESIAN_POINT('',(7.35,8.06,-0.510000000000002));
#4643=VECTOR('',#6060,1.0);
#4644=CARTESIAN_POINT('',(7.35,5.6,-2.61));
#4645=CARTESIAN_POINT('',(7.35,5.6,-2.26));
#4646=VECTOR('',#6061,1.0);
#4647=CARTESIAN_POINT('',(7.35,4.90717967697245,-3.81));
#4648=CARTESIAN_POINT('',(7.35,5.6,-2.61));
#4649=VECTOR('',#6062,1.0);
#4650=CARTESIAN_POINT('',(7.35,3.6,-3.81));
#4651=VECTOR('',#6063,1.0);
#4652=CARTESIAN_POINT('',(8.0039,5.6,-2.61));
#4653=VECTOR('',#6064,1.0);
#4654=CARTESIAN_POINT('',(7.78937246197706,4.90717967697245,-3.81));
#4655=CARTESIAN_POINT('',(7.78937246197706,4.90717967697245,-3.81));
#4656=CARTESIAN_POINT('',(7.8306773777652,4.96415850140229,-3.71130978113196));
#4657=CARTESIAN_POINT('',(7.86995399317643,5.02147359812025,-3.61203712157573));
#4658=CARTESIAN_POINT('',(7.94624436754376,5.13647895093912,-3.41284200735108));
#4659=CARTESIAN_POINT('',(7.98322764407144,5.19417426072737,-3.3129107994394));
#4660=CARTESIAN_POINT('',(8.09197652980119,5.36762508497357,-3.01248515923028));
#4661=CARTESIAN_POINT('',(8.16158330888694,5.48371157572111,-2.81141745918316));
#4662=CARTESIAN_POINT('',(8.22979589711328,5.6,-2.61));
#4663=CARTESIAN_POINT('',(8.0039,4.90717967697245,-3.81));
#4664=VECTOR('',#6065,1.0);
#4665=AXIS2_PLACEMENT_3D('',#6066,#6067,#6068);
#4666=CARTESIAN_POINT('',(8.0039,3.6,-2.61));
#4667=VECTOR('',#6069,1.0);
#4668=CARTESIAN_POINT('',(8.0039,4.29282032302755,-3.81));
#4669=VECTOR('',#6070,1.0);
#4670=CARTESIAN_POINT('',(7.70825756949558,3.6,-0.509999999999999));
#4671=CARTESIAN_POINT('',(7.70825756949558,3.6,-0.509999999999999));
#4672=VECTOR('',#6071,1.0);
#4673=AXIS2_PLACEMENT_3D('',#6072,#6073,#6074);
#4674=CARTESIAN_POINT('',(8.35,1.6,-0.510000000000002));
#4675=CARTESIAN_POINT('',(8.35,8.06,-0.510000000000002));
#4676=VECTOR('',#6075,1.0);
#4677=CARTESIAN_POINT('',(7.35,1.6,-0.510000000000002));
#4678=VECTOR('',#6076,1.0);
#4679=CARTESIAN_POINT('',(-7.35,3.6,-0.510000000000002));
#4680=CARTESIAN_POINT('',(-7.70825756949559,3.6,-0.509999999999998));
#4681=CARTESIAN_POINT('',(-7.35,3.6,-0.509999999999999));
#4682=VECTOR('',#6077,1.0);
#4683=CARTESIAN_POINT('',(-7.35,1.6,-0.510000000000002));
#4684=CARTESIAN_POINT('',(-7.35,8.06,-0.510000000000002));
#4685=VECTOR('',#6078,1.0);
#4686=CARTESIAN_POINT('',(-8.35,1.6,-0.510000000000002));
#4687=CARTESIAN_POINT('',(-8.35,1.6,-0.510000000000002));
#4688=VECTOR('',#6079,1.0);
#4689=CARTESIAN_POINT('',(-8.35,8.06,-0.510000000000002));
#4690=VECTOR('',#6080,1.0);
#4691=AXIS2_PLACEMENT_3D('',#6081,#6082,#6083);
#4692=CARTESIAN_POINT('',(-8.68,9.2,8.67361737988404E-16));
#4693=CARTESIAN_POINT('',(-8.68,8.56,6.50521303491303E-16));
#4694=CARTESIAN_POINT('',(-8.68,9.9,7.54382428274769E-16));
#4695=VECTOR('',#6084,1.0);
#4696=CARTESIAN_POINT('',(-9.32,9.2,8.67361737988404E-16));
#4697=CARTESIAN_POINT('',(-12.32,9.2,7.54382428274769E-16));
#4698=VECTOR('',#6085,1.0);
#4699=CARTESIAN_POINT('',(-9.32,8.56,7.54382428274769E-16));
#4700=CARTESIAN_POINT('',(-9.32,9.9,7.54382428274769E-16));
#4701=VECTOR('',#6086,1.0);
#4702=CARTESIAN_POINT('',(-12.32,8.56,7.54382428274769E-16));
#4703=VECTOR('',#6087,1.0);
#4704=CARTESIAN_POINT('',(-5.68,9.2,8.67361737988404E-16));
#4705=CARTESIAN_POINT('',(-5.68,8.56,6.50521303491303E-16));
#4706=CARTESIAN_POINT('',(-5.68,9.9,7.54382428274769E-16));
#4707=VECTOR('',#6088,1.0);
#4708=CARTESIAN_POINT('',(-6.32,9.2,8.67361737988404E-16));
#4709=CARTESIAN_POINT('',(-12.32,9.2,7.54382428274769E-16));
#4710=VECTOR('',#6089,1.0);
#4711=CARTESIAN_POINT('',(-6.32,8.56,7.54382428274769E-16));
#4712=CARTESIAN_POINT('',(-6.32,9.9,7.54382428274769E-16));
#4713=VECTOR('',#6090,1.0);
#4714=CARTESIAN_POINT('',(-12.32,8.56,7.54382428274769E-16));
#4715=VECTOR('',#6091,1.0);
#4716=CARTESIAN_POINT('',(-2.68,9.2,8.67361737988404E-16));
#4717=CARTESIAN_POINT('',(-2.68,8.56,6.50521303491303E-16));
#4718=CARTESIAN_POINT('',(-2.68,9.9,7.54382428274769E-16));
#4719=VECTOR('',#6092,1.0);
#4720=CARTESIAN_POINT('',(-3.32,9.2,8.67361737988404E-16));
#4721=CARTESIAN_POINT('',(-12.32,9.2,7.54382428274769E-16));
#4722=VECTOR('',#6093,1.0);
#4723=CARTESIAN_POINT('',(-3.32,8.56,7.54382428274769E-16));
#4724=CARTESIAN_POINT('',(-3.32,9.9,7.54382428274769E-16));
#4725=VECTOR('',#6094,1.0);
#4726=CARTESIAN_POINT('',(-12.32,8.56,7.54382428274769E-16));
#4727=VECTOR('',#6095,1.0);
#4728=CARTESIAN_POINT('',(0.320000000000004,9.2,8.67361737988404E-16));
#4729=CARTESIAN_POINT('',(0.320000000000004,8.56,6.50521303491303E-16));
#4730=CARTESIAN_POINT('',(0.320000000000004,9.9,7.54382428274769E-16));
#4731=VECTOR('',#6096,1.0);
#4732=CARTESIAN_POINT('',(-0.319999999999996,9.2,8.67361737988404E-16));
#4733=CARTESIAN_POINT('',(-12.32,9.2,7.54382428274769E-16));
#4734=VECTOR('',#6097,1.0);
#4735=CARTESIAN_POINT('',(-0.319999999999996,8.56,7.54382428274769E-16));
#4736=CARTESIAN_POINT('',(-0.319999999999996,9.9,7.54382428274769E-16));
#4737=VECTOR('',#6098,1.0);
#4738=CARTESIAN_POINT('',(-12.32,8.56,7.54382428274769E-16));
#4739=VECTOR('',#6099,1.0);
#4740=CARTESIAN_POINT('',(3.32,9.2,8.67361737988404E-16));
#4741=CARTESIAN_POINT('',(3.32,8.56,6.50521303491303E-16));
#4742=CARTESIAN_POINT('',(3.32,9.9,7.54382428274769E-16));
#4743=VECTOR('',#6100,1.0);
#4744=CARTESIAN_POINT('',(2.68,9.2,8.67361737988404E-16));
#4745=CARTESIAN_POINT('',(-12.32,9.2,7.54382428274769E-16));
#4746=VECTOR('',#6101,1.0);
#4747=CARTESIAN_POINT('',(2.68,8.56,7.54382428274769E-16));
#4748=CARTESIAN_POINT('',(2.68,9.9,7.54382428274769E-16));
#4749=VECTOR('',#6102,1.0);
#4750=CARTESIAN_POINT('',(-12.32,8.56,7.54382428274769E-16));
#4751=VECTOR('',#6103,1.0);
#4752=CARTESIAN_POINT('',(6.32,9.2,8.67361737988404E-16));
#4753=CARTESIAN_POINT('',(6.32,8.56,6.50521303491303E-16));
#4754=CARTESIAN_POINT('',(6.32,9.9,7.54382428274769E-16));
#4755=VECTOR('',#6104,1.0);
#4756=CARTESIAN_POINT('',(5.68,9.2,8.67361737988404E-16));
#4757=CARTESIAN_POINT('',(-12.32,9.2,7.54382428274769E-16));
#4758=VECTOR('',#6105,1.0);
#4759=CARTESIAN_POINT('',(5.68,8.56,7.54382428274769E-16));
#4760=CARTESIAN_POINT('',(5.68,9.9,7.54382428274769E-16));
#4761=VECTOR('',#6106,1.0);
#4762=CARTESIAN_POINT('',(-12.32,8.56,7.54382428274769E-16));
#4763=VECTOR('',#6107,1.0);
#4764=CARTESIAN_POINT('',(9.32,9.2,8.67361737988404E-16));
#4765=CARTESIAN_POINT('',(9.32,8.56,6.50521303491303E-16));
#4766=CARTESIAN_POINT('',(9.32000000000001,9.9,7.54382428274769E-16));
#4767=VECTOR('',#6108,1.0);
#4768=CARTESIAN_POINT('',(8.68,9.2,8.67361737988404E-16));
#4769=CARTESIAN_POINT('',(-12.32,9.2,7.54382428274769E-16));
#4770=VECTOR('',#6109,1.0);
#4771=CARTESIAN_POINT('',(8.68,8.56,7.54382428274769E-16));
#4772=CARTESIAN_POINT('',(8.68,9.9,7.54382428274769E-16));
#4773=VECTOR('',#6110,1.0);
#4774=CARTESIAN_POINT('',(-12.32,8.56,7.54382428274769E-16));
#4775=VECTOR('',#6111,1.0);
#4776=CARTESIAN_POINT('',(8.35,8.06,7.54382428274769E-16));
#4777=CARTESIAN_POINT('',(8.35,8.06,1.37406194163392E-15));
#4778=VECTOR('',#6112,1.0);
#4779=CARTESIAN_POINT('',(8.35,1.6,7.54382428274769E-16));
#4780=CARTESIAN_POINT('',(8.35,1.6,1.37406194163392E-15));
#4781=VECTOR('',#6113,1.0);
#4782=CARTESIAN_POINT('',(8.35,8.06,1.30104260698261E-15));
#4783=VECTOR('',#6114,1.0);
#4784=CARTESIAN_POINT('',(-8.35,8.06,7.54382428274769E-16));
#4785=CARTESIAN_POINT('',(-7.35,8.06,7.54382428274769E-16));
#4786=CARTESIAN_POINT('',(-7.35,8.06,1.47364186664421E-15));
#4787=VECTOR('',#6115,1.0);
#4788=CARTESIAN_POINT('',(-8.35,1.6,1.33226762955019E-15));
#4789=CARTESIAN_POINT('',(-8.35,8.06,1.33226762955019E-15));
#4790=VECTOR('',#6116,1.0);
#4791=CARTESIAN_POINT('',(-7.35,1.6,7.54382428274769E-16));
#4792=CARTESIAN_POINT('',(-7.35,1.6,1.47364186664421E-15));
#4793=VECTOR('',#6117,1.0);
#4794=CARTESIAN_POINT('',(-7.35,8.06,1.40946282423116E-15));
#4795=VECTOR('',#6118,1.0);
#4796=CARTESIAN_POINT('',(11.385,8.05,0.0));
#4797=CARTESIAN_POINT('',(11.385,9.6,0.0));
#4798=CARTESIAN_POINT('',(11.385,9.6,0.0));
#4799=VECTOR('',#6119,1.0);
#4800=CARTESIAN_POINT('',(11.385,0.55416542055631,0.0));
#4801=CARTESIAN_POINT('',(11.385,9.9,7.54382428274769E-16));
#4802=VECTOR('',#6120,1.0);
#4803=CARTESIAN_POINT('',(10.92,0.0,0.0));
#4804=CARTESIAN_POINT('',(12.32,1.66845502963189,0.0));
#4805=VECTOR('',#6121,1.0);
#4806=CARTESIAN_POINT('',(-10.92,0.0,7.54382428274769E-16));
#4807=CARTESIAN_POINT('',(-12.32,0.0,7.54382428274769E-16));
#4808=VECTOR('',#6122,1.0);
#4809=CARTESIAN_POINT('',(-11.385,0.554165420556308,0.0));
#4810=CARTESIAN_POINT('',(-10.92,0.0,0.0));
#4811=VECTOR('',#6123,1.0);
#4812=CARTESIAN_POINT('',(-11.385,8.05,0.0));
#4813=CARTESIAN_POINT('',(-11.385,9.9,7.54382428274769E-16));
#4814=VECTOR('',#6124,1.0);
#4815=CARTESIAN_POINT('',(-11.385,9.6,7.54382428274769E-16));
#4816=CARTESIAN_POINT('',(-11.385,9.6,0.0));
#4817=VECTOR('',#6125,1.0);
#4818=CARTESIAN_POINT('',(-11.685,9.9,7.54382428274769E-16));
#4819=CARTESIAN_POINT('',(-11.685,9.9,0.0));
#4820=VECTOR('',#6126,1.0);
#4821=CARTESIAN_POINT('',(11.685,9.9,0.0));
#4822=CARTESIAN_POINT('',(-12.32,9.9,7.54382428274769E-16));
#4823=VECTOR('',#6127,1.0);
#4824=CARTESIAN_POINT('',(11.685,9.9,0.0));
#4825=VECTOR('',#6128,1.0);
#4826=CARTESIAN_POINT('',(-12.32,1.66845502963189,3.86));
#4827=CARTESIAN_POINT('',(-12.32,1.66845502963189,3.22));
#4828=CARTESIAN_POINT('',(-12.32,1.66845502963189,38.214));
#4829=VECTOR('',#6129,1.0);
#4830=CARTESIAN_POINT('',(-10.92,0.0,3.22));
#4831=CARTESIAN_POINT('',(-12.32,1.66845502963189,3.22));
#4832=VECTOR('',#6130,1.0);
#4833=CARTESIAN_POINT('',(-10.92,0.0,3.86));
#4834=CARTESIAN_POINT('',(-10.92,0.0,38.214));
#4835=VECTOR('',#6131,1.0);
#4836=CARTESIAN_POINT('',(-10.92,-6.84788047844409E-15,3.86));
#4837=VECTOR('',#6132,1.0);
#4838=CARTESIAN_POINT('',(10.92,0.0,3.86));
#4839=CARTESIAN_POINT('',(10.92,0.0,3.22));
#4840=CARTESIAN_POINT('',(10.92,0.0,38.214));
#4841=VECTOR('',#6133,1.0);
#4842=CARTESIAN_POINT('',(12.32,1.66845502963189,3.22));
#4843=CARTESIAN_POINT('',(10.92,0.0,3.22));
#4844=VECTOR('',#6134,1.0);
#4845=CARTESIAN_POINT('',(12.32,1.66845502963189,3.86000000000001));
#4846=CARTESIAN_POINT('',(12.32,1.66845502963189,38.214));
#4847=VECTOR('',#6135,1.0);
#4848=CARTESIAN_POINT('',(12.32,1.6684550296319,3.86000000000001));
#4849=VECTOR('',#6136,1.0);
#4850=CARTESIAN_POINT('',(12.32,1.66845502963189,1.15));
#4851=CARTESIAN_POINT('',(12.32,1.66845502963189,0.510000000000004));
#4852=CARTESIAN_POINT('',(12.32,1.66845502963189,38.214));
#4853=VECTOR('',#6137,1.0);
#4854=CARTESIAN_POINT('',(12.32,8.05,0.51));
#4855=CARTESIAN_POINT('',(12.32,9.9,0.51));
#4856=VECTOR('',#6138,1.0);
#4857=CARTESIAN_POINT('',(12.32,8.05,-0.51));
#4858=CARTESIAN_POINT('',(12.32,8.05,-0.51));
#4859=VECTOR('',#6139,1.0);
#4860=CARTESIAN_POINT('',(12.32,9.9,-0.51));
#4861=CARTESIAN_POINT('',(12.32,8.05,-0.51));
#4862=VECTOR('',#6140,1.0);
#4863=CARTESIAN_POINT('',(12.32,9.9,3.86));
#4864=CARTESIAN_POINT('',(12.32,9.9,8.88178419700125E-16));
#4865=VECTOR('',#6141,1.0);
#4866=CARTESIAN_POINT('',(12.32,9.9,3.86));
#4867=VECTOR('',#6142,1.0);
#4868=CARTESIAN_POINT('',(12.32,1.66845502963189,3.22));
#4869=VECTOR('',#6143,1.0);
#4870=CARTESIAN_POINT('',(-10.27,0.0,3.2));
#4871=CARTESIAN_POINT('',(-10.27,0.0,0.659999999999988));
#4872=CARTESIAN_POINT('',(-10.27,0.0,3.2));
#4873=VECTOR('',#6144,1.0);
#4874=CARTESIAN_POINT('',(-7.73,0.0,3.2));
#4875=CARTESIAN_POINT('',(-7.73,0.0,3.2));
#4876=VECTOR('',#6145,1.0);
#4877=CARTESIAN_POINT('',(-7.73,0.0,0.659999999999989));
#4878=CARTESIAN_POINT('',(-7.73,0.0,0.659999999999989));
#4879=VECTOR('',#6146,1.0);
#4880=CARTESIAN_POINT('',(-10.27,0.0,0.659999999999988));
#4881=VECTOR('',#6147,1.0);
#4882=CARTESIAN_POINT('',(-7.27,0.0,3.19999999999999));
#4883=CARTESIAN_POINT('',(-7.27,0.0,0.659999999999994));
#4884=CARTESIAN_POINT('',(-7.27,0.0,3.19999999999999));
#4885=VECTOR('',#6148,1.0);
#4886=CARTESIAN_POINT('',(-4.73,0.0,3.19999999999999));
#4887=CARTESIAN_POINT('',(-4.73,0.0,3.19999999999999));
#4888=VECTOR('',#6149,1.0);
#4889=CARTESIAN_POINT('',(-4.73,0.0,1.31000000000002));
#4890=CARTESIAN_POINT('',(-4.73,0.0,1.31000000000002));
#4891=VECTOR('',#6150,1.0);
#4892=CARTESIAN_POINT('',(-5.38,0.0,0.659999999999999));
#4893=CARTESIAN_POINT('',(-5.38,0.0,0.659999999999999));
#4894=VECTOR('',#6151,1.0);
#4895=CARTESIAN_POINT('',(-7.27,0.0,0.659999999999994));
#4896=VECTOR('',#6152,1.0);
#4897=CARTESIAN_POINT('',(-4.27,0.0,3.2));
#4898=CARTESIAN_POINT('',(-4.27,0.0,0.659999999999993));
#4899=CARTESIAN_POINT('',(-4.27,0.0,3.2));
#4900=VECTOR('',#6153,1.0);
#4901=CARTESIAN_POINT('',(-1.73,0.0,3.19999999999999));
#4902=CARTESIAN_POINT('',(-1.73,0.0,3.19999999999999));
#4903=VECTOR('',#6154,1.0);
#4904=CARTESIAN_POINT('',(-1.73,0.0,1.31000000000002));
#4905=CARTESIAN_POINT('',(-1.73,0.0,1.31000000000002));
#4906=VECTOR('',#6155,1.0);
#4907=CARTESIAN_POINT('',(-2.38,0.0,0.659999999999999));
#4908=CARTESIAN_POINT('',(-2.38,0.0,0.659999999999999));
#4909=VECTOR('',#6156,1.0);
#4910=CARTESIAN_POINT('',(-4.27,0.0,0.659999999999993));
#4911=VECTOR('',#6157,1.0);
#4912=CARTESIAN_POINT('',(-1.27,0.0,3.2));
#4913=CARTESIAN_POINT('',(-1.27,0.0,0.659999999999995));
#4914=CARTESIAN_POINT('',(-1.27,0.0,3.2));
#4915=VECTOR('',#6158,1.0);
#4916=CARTESIAN_POINT('',(1.27,0.0,3.19999999999999));
#4917=CARTESIAN_POINT('',(1.27,0.0,3.19999999999999));
#4918=VECTOR('',#6159,1.0);
#4919=CARTESIAN_POINT('',(1.27,0.0,1.31000000000002));
#4920=CARTESIAN_POINT('',(1.27,0.0,1.31000000000002));
#4921=VECTOR('',#6160,1.0);
#4922=CARTESIAN_POINT('',(0.620000000000003,0.0,0.659999999999999));
#4923=CARTESIAN_POINT('',(0.620000000000003,0.0,0.659999999999999));
#4924=VECTOR('',#6161,1.0);
#4925=CARTESIAN_POINT('',(-1.27,0.0,0.659999999999995));
#4926=VECTOR('',#6162,1.0);
#4927=CARTESIAN_POINT('',(1.73,0.0,3.2));
#4928=CARTESIAN_POINT('',(1.73,0.0,0.659999999999997));
#4929=CARTESIAN_POINT('',(1.73,0.0,3.2));
#4930=VECTOR('',#6163,1.0);
#4931=CARTESIAN_POINT('',(4.27,0.0,3.19999999999999));
#4932=CARTESIAN_POINT('',(4.27,0.0,3.19999999999999));
#4933=VECTOR('',#6164,1.0);
#4934=CARTESIAN_POINT('',(4.27,0.0,1.31000000000002));
#4935=CARTESIAN_POINT('',(4.27,0.0,1.31000000000002));
#4936=VECTOR('',#6165,1.0);
#4937=CARTESIAN_POINT('',(3.62,0.0,0.659999999999999));
#4938=CARTESIAN_POINT('',(3.62,0.0,0.659999999999999));
#4939=VECTOR('',#6166,1.0);
#4940=CARTESIAN_POINT('',(1.73,0.0,0.659999999999997));
#4941=VECTOR('',#6167,1.0);
#4942=CARTESIAN_POINT('',(4.73,0.0,3.2));
#4943=CARTESIAN_POINT('',(4.73,0.0,0.659999999999999));
#4944=CARTESIAN_POINT('',(4.73,0.0,3.2));
#4945=VECTOR('',#6168,1.0);
#4946=CARTESIAN_POINT('',(7.27,0.0,3.19999999999999));
#4947=CARTESIAN_POINT('',(7.27,0.0,3.19999999999999));
#4948=VECTOR('',#6169,1.0);
#4949=CARTESIAN_POINT('',(7.27,0.0,1.31000000000002));
#4950=CARTESIAN_POINT('',(7.27,0.0,1.31000000000002));
#4951=VECTOR('',#6170,1.0);
#4952=CARTESIAN_POINT('',(6.62,0.0,0.659999999999999));
#4953=CARTESIAN_POINT('',(6.62,0.0,0.659999999999999));
#4954=VECTOR('',#6171,1.0);
#4955=CARTESIAN_POINT('',(4.73,0.0,0.659999999999999));
#4956=VECTOR('',#6172,1.0);
#4957=CARTESIAN_POINT('',(7.73,0.0,3.19999999999997));
#4958=CARTESIAN_POINT('',(7.73,0.0,1.31));
#4959=CARTESIAN_POINT('',(7.73,0.0,3.19999999999997));
#4960=VECTOR('',#6173,1.0);
#4961=CARTESIAN_POINT('',(10.27,0.0,3.2));
#4962=CARTESIAN_POINT('',(10.27,0.0,3.2));
#4963=VECTOR('',#6174,1.0);
#4964=CARTESIAN_POINT('',(10.27,0.0,0.66));
#4965=CARTESIAN_POINT('',(10.27,0.0,0.66));
#4966=VECTOR('',#6175,1.0);
#4967=CARTESIAN_POINT('',(8.38,0.0,0.659999999999999));
#4968=CARTESIAN_POINT('',(8.38,0.0,0.659999999999999));
#4969=VECTOR('',#6176,1.0);
#4970=CARTESIAN_POINT('',(7.73,0.0,1.31));
#4971=VECTOR('',#6177,1.0);
#4972=CARTESIAN_POINT('',(12.32,0.0,3.86));
#4973=VECTOR('',#6178,1.0);
#4974=CARTESIAN_POINT('',(-10.92,0.0,1.15));
#4975=CARTESIAN_POINT('',(-10.92,0.0,3.22));
#4976=VECTOR('',#6179,1.0);
#4977=CARTESIAN_POINT('',(-10.92,0.0,38.214));
#4978=VECTOR('',#6180,1.0);
#4979=CARTESIAN_POINT('',(10.92,0.0,1.15));
#4980=CARTESIAN_POINT('',(10.92,0.0,38.214));
#4981=VECTOR('',#6181,1.0);
#4982=CARTESIAN_POINT('',(10.92,0.0,3.22));
#4983=VECTOR('',#6182,1.0);
#4984=CARTESIAN_POINT('',(-12.32,9.9,3.85999999999999));
#4985=CARTESIAN_POINT('',(12.32,9.9,3.86));
#4986=VECTOR('',#6183,1.0);
#4987=CARTESIAN_POINT('',(-12.32,9.9,3.85999999999999));
#4988=VECTOR('',#6184,1.0);
#4989=CARTESIAN_POINT('',(1.3,0.54,3.85999999999998));
#4990=CARTESIAN_POINT('',(-1.3,0.54,3.85999999999998));
#4991=CARTESIAN_POINT('',(1.3,0.54,3.85999999999998));
#4992=VECTOR('',#6185,1.0);
#4993=CARTESIAN_POINT('',(-1.3,2.95,3.85999999999999));
#4994=CARTESIAN_POINT('',(-1.3,0.54,3.85999999999998));
#4995=VECTOR('',#6186,1.0);
#4996=CARTESIAN_POINT('',(1.3,2.95,3.85999999999999));
#4997=CARTESIAN_POINT('',(1.3,2.95,3.85999999999999));
#4998=VECTOR('',#6187,1.0);
#4999=CARTESIAN_POINT('',(1.3,0.54,3.85999999999998));
#5000=VECTOR('',#6188,1.0);
#5001=CARTESIAN_POINT('',(-12.32,8.05,0.51));
#5002=CARTESIAN_POINT('',(-12.32,8.05,-0.509999999999999));
#5003=CARTESIAN_POINT('',(-12.32,8.05,-0.509999999999999));
#5004=VECTOR('',#6189,1.0);
#5005=CARTESIAN_POINT('',(-12.32,1.66845502963189,0.510000000000004));
#5006=CARTESIAN_POINT('',(-12.32,9.9,0.51));
#5007=VECTOR('',#6190,1.0);
#5008=CARTESIAN_POINT('',(-12.32,1.66845502963189,1.15));
#5009=CARTESIAN_POINT('',(-12.32,1.66845502963189,38.214));
#5010=VECTOR('',#6191,1.0);
#5011=CARTESIAN_POINT('',(-12.32,1.66845502963189,3.22));
#5012=VECTOR('',#6192,1.0);
#5013=CARTESIAN_POINT('',(-12.32,9.9,-0.509999999999999));
#5014=CARTESIAN_POINT('',(-12.32,9.9,3.85999999999999));
#5015=VECTOR('',#6193,1.0);
#5016=CARTESIAN_POINT('',(-12.32,8.05,-0.509999999999999));
#5017=VECTOR('',#6194,1.0);
#5018=CARTESIAN_POINT('',(11.685,9.9,-0.51));
#5019=CARTESIAN_POINT('',(12.32,9.9,-0.51));
#5020=VECTOR('',#6195,1.0);
#5021=CARTESIAN_POINT('',(11.685,9.9,-0.51));
#5022=VECTOR('',#6196,1.0);
#5023=CARTESIAN_POINT('',(-11.685,9.9,-0.509999999999999));
#5024=CARTESIAN_POINT('',(-11.685,9.9,-0.509999999999999));
#5025=VECTOR('',#6197,1.0);
#5026=CARTESIAN_POINT('',(-12.32,9.9,-0.509999999999999));
#5027=VECTOR('',#6198,1.0);
#5028=CARTESIAN_POINT('',(-1.3,2.2,5.05999999999998));
#5029=CARTESIAN_POINT('',(-1.3,2.2,5.05999999999998));
#5030=VECTOR('',#6199,1.0);
#5031=CARTESIAN_POINT('',(1.3,2.2,5.05999999999998));
#5032=CARTESIAN_POINT('',(1.3,2.2,5.05999999999998));
#5033=VECTOR('',#6200,1.0);
#5034=CARTESIAN_POINT('',(1.3,2.2,5.05999999999998));
#5035=VECTOR('',#6201,1.0);
#5036=CARTESIAN_POINT('',(-1.3,2.95,5.05999999999998));
#5037=CARTESIAN_POINT('',(-1.3,2.95,3.85999999999999));
#5038=VECTOR('',#6202,1.0);
#5039=CARTESIAN_POINT('',(1.3,2.95,5.05999999999998));
#5040=CARTESIAN_POINT('',(1.3,2.95,5.05999999999998));
#5041=VECTOR('',#6203,1.0);
#5042=CARTESIAN_POINT('',(1.3,2.95,3.85999999999999));
#5043=VECTOR('',#6204,1.0);
#5044=CARTESIAN_POINT('',(-1.3,2.95,5.05999999999998));
#5045=VECTOR('',#6205,1.0);
#5046=CARTESIAN_POINT('',(1.3,2.95,5.05999999999998));
#5047=VECTOR('',#6206,1.0);
#5048=CARTESIAN_POINT('',(-18.6403503038104,9.20075521065179,3.95746380207838));
#5049=VECTOR('',#6207,1.0);
#5050=CARTESIAN_POINT('',(-12.32,1.66845502963189,1.15));
#5051=VECTOR('',#6208,1.0);
#5052=CARTESIAN_POINT('',(19.8870905564147,10.6865623857248,4.63750393986254));
#5053=VECTOR('',#6209,1.0);
#5054=CARTESIAN_POINT('',(10.92,0.0,1.15));
#5055=VECTOR('',#6210,1.0);
#5056=CARTESIAN_POINT('',(10.92,1.66845502963189,1.15));
#5057=CARTESIAN_POINT('',(10.92,1.66845502963189,1.15));
#5058=VECTOR('',#6211,1.0);
#5059=CARTESIAN_POINT('',(10.92,1.66845502963189,3.22));
#5060=CARTESIAN_POINT('',(10.92,1.66845502963189,3.22));
#5061=VECTOR('',#6212,1.0);
#5062=CARTESIAN_POINT('',(10.92,1.66845502963189,3.22));
#5063=VECTOR('',#6213,1.0);
#5064=CARTESIAN_POINT('',(12.32,1.66845502963189,1.15));
#5065=VECTOR('',#6214,1.0);
#5066=CARTESIAN_POINT('',(12.32,1.66845502963189,3.22));
#5067=VECTOR('',#6215,1.0);
#5068=CARTESIAN_POINT('',(-10.92,1.66845502963189,1.15));
#5069=CARTESIAN_POINT('',(-10.92,0.0,1.15));
#5070=VECTOR('',#6216,1.0);
#5071=CARTESIAN_POINT('',(-10.92,1.66845502963189,3.22));
#5072=CARTESIAN_POINT('',(-10.92,0.0,3.22));
#5073=VECTOR('',#6217,1.0);
#5074=CARTESIAN_POINT('',(-10.92,1.66845502963189,3.22));
#5075=VECTOR('',#6218,1.0);
#5076=CARTESIAN_POINT('',(-10.92,1.66845502963189,1.15));
#5077=VECTOR('',#6219,1.0);
#5078=CARTESIAN_POINT('',(-10.92,1.66845502963189,3.22));
#5079=VECTOR('',#6220,1.0);
#5080=CARTESIAN_POINT('',(11.385,9.6,-0.51));
#5081=CARTESIAN_POINT('',(11.385,9.6,-0.51));
#5082=VECTOR('',#6221,1.0);
#5083=CARTESIAN_POINT('',(11.385,8.05,-0.51));
#5084=CARTESIAN_POINT('',(11.385,9.6,-0.51));
#5085=VECTOR('',#6222,1.0);
#5086=CARTESIAN_POINT('',(11.385,8.05,-0.51));
#5087=VECTOR('',#6223,1.0);
#5088=CARTESIAN_POINT('',(11.385,8.05,7.54382428274769E-16));
#5089=VECTOR('',#6224,1.0);
#5090=CARTESIAN_POINT('',(11.385,8.05,-0.51));
#5091=VECTOR('',#6225,1.0);
#5092=CARTESIAN_POINT('',(11.685,9.9,-0.51));
#5093=VECTOR('',#6226,1.0);
#5094=CARTESIAN_POINT('',(-11.385,9.6,-0.51));
#5095=CARTESIAN_POINT('',(-11.385,9.6,-0.51));
#5096=VECTOR('',#6227,1.0);
#5097=CARTESIAN_POINT('',(-11.685,9.9,-0.51));
#5098=VECTOR('',#6228,1.0);
#5099=CARTESIAN_POINT('',(-11.385,8.05,-0.51));
#5100=CARTESIAN_POINT('',(-11.385,8.05,-0.51));
#5101=VECTOR('',#6229,1.0);
#5102=CARTESIAN_POINT('',(-11.385,9.6,-0.51));
#5103=VECTOR('',#6230,1.0);
#5104=CARTESIAN_POINT('',(-11.1706050955414,8.05,-0.116942675159236));
#5105=VECTOR('',#6231,1.0);
#5106=CARTESIAN_POINT('',(-11.385,8.05,-0.51));
#5107=VECTOR('',#6232,1.0);
#5108=CARTESIAN_POINT('',(7.73,6.6,1.31));
#5109=CARTESIAN_POINT('',(7.73,6.6,1.31));
#5110=VECTOR('',#6233,1.0);
#5111=CARTESIAN_POINT('',(7.73,6.6,3.19999999999997));
#5112=CARTESIAN_POINT('',(7.73,6.6,3.19999999999997));
#5113=VECTOR('',#6234,1.0);
#5114=CARTESIAN_POINT('',(7.73,6.6,3.19999999999997));
#5115=VECTOR('',#6235,1.0);
#5116=CARTESIAN_POINT('',(8.38,6.6,0.659999999999999));
#5117=CARTESIAN_POINT('',(8.38,6.6,0.659999999999999));
#5118=VECTOR('',#6236,1.0);
#5119=CARTESIAN_POINT('',(7.73,6.6,1.31));
#5120=VECTOR('',#6237,1.0);
#5121=CARTESIAN_POINT('',(10.27,6.6,0.66));
#5122=CARTESIAN_POINT('',(10.27,6.6,0.66));
#5123=VECTOR('',#6238,1.0);
#5124=CARTESIAN_POINT('',(8.38,6.6,0.659999999999999));
#5125=VECTOR('',#6239,1.0);
#5126=CARTESIAN_POINT('',(10.27,6.6,3.2));
#5127=CARTESIAN_POINT('',(10.27,6.6,3.2));
#5128=VECTOR('',#6240,1.0);
#5129=CARTESIAN_POINT('',(10.27,6.6,0.66));
#5130=VECTOR('',#6241,1.0);
#5131=CARTESIAN_POINT('',(10.27,6.6,3.2));
#5132=VECTOR('',#6242,1.0);
#5133=CARTESIAN_POINT('',(9.32,6.6,1.64));
#5134=CARTESIAN_POINT('',(9.32,6.6,2.28));
#5135=CARTESIAN_POINT('',(9.32,6.6,0.0));
#5136=VECTOR('',#6243,1.0);
#5137=CARTESIAN_POINT('',(8.68,6.6,1.64));
#5138=CARTESIAN_POINT('',(0.0,6.6,1.64));
#5139=VECTOR('',#6244,1.0);
#5140=CARTESIAN_POINT('',(8.68,6.6,2.28));
#5141=CARTESIAN_POINT('',(8.68,6.6,0.0));
#5142=VECTOR('',#6245,1.0);
#5143=CARTESIAN_POINT('',(0.0,6.6,2.28));
#5144=VECTOR('',#6246,1.0);
#5145=CARTESIAN_POINT('',(4.73,6.6,0.659999999999999));
#5146=CARTESIAN_POINT('',(4.73,6.6,0.659999999999999));
#5147=VECTOR('',#6247,1.0);
#5148=CARTESIAN_POINT('',(4.73,6.6,3.2));
#5149=CARTESIAN_POINT('',(4.73,6.6,3.2));
#5150=VECTOR('',#6248,1.0);
#5151=CARTESIAN_POINT('',(4.73,6.6,3.2));
#5152=VECTOR('',#6249,1.0);
#5153=CARTESIAN_POINT('',(6.62,6.6,0.659999999999999));
#5154=CARTESIAN_POINT('',(6.62,6.6,0.659999999999999));
#5155=VECTOR('',#6250,1.0);
#5156=CARTESIAN_POINT('',(4.73,6.6,0.659999999999999));
#5157=VECTOR('',#6251,1.0);
#5158=CARTESIAN_POINT('',(7.27,6.6,1.31000000000002));
#5159=CARTESIAN_POINT('',(7.27,6.6,1.31000000000002));
#5160=VECTOR('',#6252,1.0);
#5161=CARTESIAN_POINT('',(6.62,6.6,0.659999999999999));
#5162=VECTOR('',#6253,1.0);
#5163=CARTESIAN_POINT('',(7.27,6.6,3.19999999999999));
#5164=CARTESIAN_POINT('',(7.27,6.6,3.19999999999999));
#5165=VECTOR('',#6254,1.0);
#5166=CARTESIAN_POINT('',(7.27,6.6,1.31000000000002));
#5167=VECTOR('',#6255,1.0);
#5168=CARTESIAN_POINT('',(7.27,6.6,3.19999999999999));
#5169=VECTOR('',#6256,1.0);
#5170=CARTESIAN_POINT('',(6.32,6.6,1.64));
#5171=CARTESIAN_POINT('',(6.32,6.6,2.28));
#5172=CARTESIAN_POINT('',(6.32,6.6,0.0));
#5173=VECTOR('',#6257,1.0);
#5174=CARTESIAN_POINT('',(5.68,6.6,1.64));
#5175=CARTESIAN_POINT('',(0.0,6.6,1.64));
#5176=VECTOR('',#6258,1.0);
#5177=CARTESIAN_POINT('',(5.68,6.6,2.28));
#5178=CARTESIAN_POINT('',(5.68,6.6,0.0));
#5179=VECTOR('',#6259,1.0);
#5180=CARTESIAN_POINT('',(0.0,6.6,2.28));
#5181=VECTOR('',#6260,1.0);
#5182=CARTESIAN_POINT('',(1.73,6.6,0.659999999999997));
#5183=CARTESIAN_POINT('',(1.73,6.6,0.659999999999997));
#5184=VECTOR('',#6261,1.0);
#5185=CARTESIAN_POINT('',(1.73,6.6,3.2));
#5186=CARTESIAN_POINT('',(1.73,6.6,3.2));
#5187=VECTOR('',#6262,1.0);
#5188=CARTESIAN_POINT('',(1.73,6.6,3.2));
#5189=VECTOR('',#6263,1.0);
#5190=CARTESIAN_POINT('',(3.62,6.6,0.659999999999999));
#5191=CARTESIAN_POINT('',(3.62,6.6,0.659999999999999));
#5192=VECTOR('',#6264,1.0);
#5193=CARTESIAN_POINT('',(1.73,6.6,0.659999999999997));
#5194=VECTOR('',#6265,1.0);
#5195=CARTESIAN_POINT('',(4.27,6.6,1.31000000000002));
#5196=CARTESIAN_POINT('',(4.27,6.6,1.31000000000002));
#5197=VECTOR('',#6266,1.0);
#5198=CARTESIAN_POINT('',(3.62,6.6,0.659999999999999));
#5199=VECTOR('',#6267,1.0);
#5200=CARTESIAN_POINT('',(4.27,6.6,3.19999999999999));
#5201=CARTESIAN_POINT('',(4.27,6.6,3.19999999999999));
#5202=VECTOR('',#6268,1.0);
#5203=CARTESIAN_POINT('',(4.27,6.6,1.31000000000002));
#5204=VECTOR('',#6269,1.0);
#5205=CARTESIAN_POINT('',(4.27,6.6,3.19999999999999));
#5206=VECTOR('',#6270,1.0);
#5207=CARTESIAN_POINT('',(3.32,6.6,1.64));
#5208=CARTESIAN_POINT('',(3.32,6.6,2.28));
#5209=CARTESIAN_POINT('',(3.32,6.6,0.0));
#5210=VECTOR('',#6271,1.0);
#5211=CARTESIAN_POINT('',(2.68,6.6,1.64));
#5212=CARTESIAN_POINT('',(0.0,6.6,1.64));
#5213=VECTOR('',#6272,1.0);
#5214=CARTESIAN_POINT('',(2.68,6.6,2.28));
#5215=CARTESIAN_POINT('',(2.68,6.6,0.0));
#5216=VECTOR('',#6273,1.0);
#5217=CARTESIAN_POINT('',(0.0,6.6,2.28));
#5218=VECTOR('',#6274,1.0);
#5219=CARTESIAN_POINT('',(-1.27,6.6,0.659999999999995));
#5220=CARTESIAN_POINT('',(-1.27,6.6,0.659999999999995));
#5221=VECTOR('',#6275,1.0);
#5222=CARTESIAN_POINT('',(-1.27,6.6,3.2));
#5223=CARTESIAN_POINT('',(-1.27,6.6,3.2));
#5224=VECTOR('',#6276,1.0);
#5225=CARTESIAN_POINT('',(-1.27,6.6,3.2));
#5226=VECTOR('',#6277,1.0);
#5227=CARTESIAN_POINT('',(0.620000000000003,6.6,0.659999999999999));
#5228=CARTESIAN_POINT('',(0.620000000000003,6.6,0.659999999999999));
#5229=VECTOR('',#6278,1.0);
#5230=CARTESIAN_POINT('',(-1.27,6.6,0.659999999999995));
#5231=VECTOR('',#6279,1.0);
#5232=CARTESIAN_POINT('',(1.27,6.6,1.31000000000002));
#5233=CARTESIAN_POINT('',(1.27,6.6,1.31000000000002));
#5234=VECTOR('',#6280,1.0);
#5235=CARTESIAN_POINT('',(0.620000000000003,6.6,0.659999999999999));
#5236=VECTOR('',#6281,1.0);
#5237=CARTESIAN_POINT('',(1.27,6.6,3.19999999999999));
#5238=CARTESIAN_POINT('',(1.27,6.6,3.19999999999999));
#5239=VECTOR('',#6282,1.0);
#5240=CARTESIAN_POINT('',(1.27,6.6,1.31000000000002));
#5241=VECTOR('',#6283,1.0);
#5242=CARTESIAN_POINT('',(1.27,6.6,3.19999999999999));
#5243=VECTOR('',#6284,1.0);
#5244=CARTESIAN_POINT('',(0.320000000000004,6.6,1.64));
#5245=CARTESIAN_POINT('',(0.320000000000004,6.6,2.28));
#5246=CARTESIAN_POINT('',(0.320000000000004,6.6,0.0));
#5247=VECTOR('',#6285,1.0);
#5248=CARTESIAN_POINT('',(-0.319999999999996,6.6,1.64));
#5249=CARTESIAN_POINT('',(0.0,6.6,1.64));
#5250=VECTOR('',#6286,1.0);
#5251=CARTESIAN_POINT('',(-0.319999999999996,6.6,2.28));
#5252=CARTESIAN_POINT('',(-0.319999999999996,6.6,0.0));
#5253=VECTOR('',#6287,1.0);
#5254=CARTESIAN_POINT('',(0.0,6.6,2.28));
#5255=VECTOR('',#6288,1.0);
#5256=CARTESIAN_POINT('',(-4.27,6.6,0.659999999999993));
#5257=CARTESIAN_POINT('',(-4.27,6.6,0.659999999999993));
#5258=VECTOR('',#6289,1.0);
#5259=CARTESIAN_POINT('',(-4.27,6.6,3.2));
#5260=CARTESIAN_POINT('',(-4.27,6.6,3.2));
#5261=VECTOR('',#6290,1.0);
#5262=CARTESIAN_POINT('',(-4.27,6.6,3.2));
#5263=VECTOR('',#6291,1.0);
#5264=CARTESIAN_POINT('',(-2.38,6.6,0.659999999999999));
#5265=CARTESIAN_POINT('',(-2.38,6.6,0.659999999999999));
#5266=VECTOR('',#6292,1.0);
#5267=CARTESIAN_POINT('',(-4.27,6.6,0.659999999999993));
#5268=VECTOR('',#6293,1.0);
#5269=CARTESIAN_POINT('',(-1.73,6.6,1.31000000000002));
#5270=CARTESIAN_POINT('',(-1.73,6.6,1.31000000000002));
#5271=VECTOR('',#6294,1.0);
#5272=CARTESIAN_POINT('',(-2.38,6.6,0.659999999999999));
#5273=VECTOR('',#6295,1.0);
#5274=CARTESIAN_POINT('',(-1.73,6.6,3.19999999999999));
#5275=CARTESIAN_POINT('',(-1.73,6.6,3.19999999999999));
#5276=VECTOR('',#6296,1.0);
#5277=CARTESIAN_POINT('',(-1.73,6.6,1.31000000000002));
#5278=VECTOR('',#6297,1.0);
#5279=CARTESIAN_POINT('',(-1.73,6.6,3.19999999999999));
#5280=VECTOR('',#6298,1.0);
#5281=CARTESIAN_POINT('',(-2.68,6.6,1.64));
#5282=CARTESIAN_POINT('',(-2.68,6.6,2.28));
#5283=CARTESIAN_POINT('',(-2.68,6.6,0.0));
#5284=VECTOR('',#6299,1.0);
#5285=CARTESIAN_POINT('',(-3.32,6.6,1.64));
#5286=CARTESIAN_POINT('',(0.0,6.6,1.64));
#5287=VECTOR('',#6300,1.0);
#5288=CARTESIAN_POINT('',(-3.32,6.6,2.28));
#5289=CARTESIAN_POINT('',(-3.32,6.6,0.0));
#5290=VECTOR('',#6301,1.0);
#5291=CARTESIAN_POINT('',(0.0,6.6,2.28));
#5292=VECTOR('',#6302,1.0);
#5293=CARTESIAN_POINT('',(-7.27,6.6,0.659999999999994));
#5294=CARTESIAN_POINT('',(-7.27,6.6,0.659999999999994));
#5295=VECTOR('',#6303,1.0);
#5296=CARTESIAN_POINT('',(-7.27,6.6,3.19999999999999));
#5297=CARTESIAN_POINT('',(-7.27,6.6,3.19999999999999));
#5298=VECTOR('',#6304,1.0);
#5299=CARTESIAN_POINT('',(-7.27,6.6,3.19999999999999));
#5300=VECTOR('',#6305,1.0);
#5301=CARTESIAN_POINT('',(-5.38,6.6,0.659999999999999));
#5302=CARTESIAN_POINT('',(-5.38,6.6,0.659999999999999));
#5303=VECTOR('',#6306,1.0);
#5304=CARTESIAN_POINT('',(-7.27,6.6,0.659999999999994));
#5305=VECTOR('',#6307,1.0);
#5306=CARTESIAN_POINT('',(-4.73,6.6,1.31000000000002));
#5307=CARTESIAN_POINT('',(-4.73,6.6,1.31000000000002));
#5308=VECTOR('',#6308,1.0);
#5309=CARTESIAN_POINT('',(-5.38,6.6,0.659999999999999));
#5310=VECTOR('',#6309,1.0);
#5311=CARTESIAN_POINT('',(-4.73,6.6,3.19999999999999));
#5312=CARTESIAN_POINT('',(-4.73,6.6,3.19999999999999));
#5313=VECTOR('',#6310,1.0);
#5314=CARTESIAN_POINT('',(-4.73,6.6,1.31000000000002));
#5315=VECTOR('',#6311,1.0);
#5316=CARTESIAN_POINT('',(-4.73,6.6,3.19999999999999));
#5317=VECTOR('',#6312,1.0);
#5318=CARTESIAN_POINT('',(-5.68,6.6,1.64));
#5319=CARTESIAN_POINT('',(-5.68,6.6,2.28));
#5320=CARTESIAN_POINT('',(-5.68,6.6,0.0));
#5321=VECTOR('',#6313,1.0);
#5322=CARTESIAN_POINT('',(-6.32,6.6,1.64));
#5323=CARTESIAN_POINT('',(0.0,6.6,1.64));
#5324=VECTOR('',#6314,1.0);
#5325=CARTESIAN_POINT('',(-6.32,6.6,2.28));
#5326=CARTESIAN_POINT('',(-6.32,6.6,0.0));
#5327=VECTOR('',#6315,1.0);
#5328=CARTESIAN_POINT('',(0.0,6.6,2.28));
#5329=VECTOR('',#6316,1.0);
#5330=CARTESIAN_POINT('',(-10.27,6.6,0.659999999999988));
#5331=CARTESIAN_POINT('',(-10.27,6.6,0.659999999999988));
#5332=VECTOR('',#6317,1.0);
#5333=CARTESIAN_POINT('',(-10.27,6.6,3.2));
#5334=CARTESIAN_POINT('',(-10.27,6.6,3.2));
#5335=VECTOR('',#6318,1.0);
#5336=CARTESIAN_POINT('',(-10.27,6.6,3.2));
#5337=VECTOR('',#6319,1.0);
#5338=CARTESIAN_POINT('',(-7.73,6.6,0.659999999999989));
#5339=CARTESIAN_POINT('',(-7.73,6.6,0.659999999999989));
#5340=VECTOR('',#6320,1.0);
#5341=CARTESIAN_POINT('',(-10.27,6.6,0.659999999999988));
#5342=VECTOR('',#6321,1.0);
#5343=CARTESIAN_POINT('',(-7.73,6.6,3.2));
#5344=CARTESIAN_POINT('',(-7.73,6.6,3.2));
#5345=VECTOR('',#6322,1.0);
#5346=CARTESIAN_POINT('',(-7.73,6.6,0.659999999999989));
#5347=VECTOR('',#6323,1.0);
#5348=CARTESIAN_POINT('',(-7.73,6.6,3.2));
#5349=VECTOR('',#6324,1.0);
#5350=CARTESIAN_POINT('',(-8.68,6.6,1.64));
#5351=CARTESIAN_POINT('',(-8.68,6.6,2.28));
#5352=CARTESIAN_POINT('',(-8.68,6.6,0.0));
#5353=VECTOR('',#6325,1.0);
#5354=CARTESIAN_POINT('',(-9.32,6.6,1.64));
#5355=CARTESIAN_POINT('',(0.0,6.6,1.64));
#5356=VECTOR('',#6326,1.0);
#5357=CARTESIAN_POINT('',(-9.32,6.6,2.28));
#5358=CARTESIAN_POINT('',(-9.32,6.6,0.0));
#5359=VECTOR('',#6327,1.0);
#5360=CARTESIAN_POINT('',(0.0,6.6,2.28));
#5361=VECTOR('',#6328,1.0);
#5362=CARTESIAN_POINT('',(-8.35,1.6,1.33226762955019E-15));
#5363=VECTOR('',#6329,1.0);
#5364=CARTESIAN_POINT('',(-8.35,8.06,-0.510000000000002));
#5365=CARTESIAN_POINT('',(-8.35,8.06,1.33226762955019E-15));
#5366=VECTOR('',#6330,1.0);
#5367=CARTESIAN_POINT('',(-8.35,8.06,-0.510000000000002));
#5368=VECTOR('',#6331,1.0);
#5369=CARTESIAN_POINT('',(-7.35,8.06,-0.510000000000002));
#5370=CARTESIAN_POINT('',(-8.35,8.06,-0.510000000000002));
#5371=VECTOR('',#6332,1.0);
#5372=CARTESIAN_POINT('',(-7.35,5.6,-0.509999999999999));
#5373=CARTESIAN_POINT('',(-7.35,8.06,-0.510000000000002));
#5374=VECTOR('',#6333,1.0);
#5375=CARTESIAN_POINT('',(-7.70825756949558,5.6,-0.509999999999999));
#5376=VECTOR('',#6334,1.0);
#5377=CARTESIAN_POINT('',(-7.35,1.6,-0.510000000000002));
#5378=VECTOR('',#6335,1.0);
#5379=CARTESIAN_POINT('',(-7.35,3.6,-2.61));
#5380=CARTESIAN_POINT('',(-7.35,3.6,-2.26));
#5381=VECTOR('',#6336,1.0);
#5382=CARTESIAN_POINT('',(-7.35,4.29282032302755,-3.81));
#5383=CARTESIAN_POINT('',(-7.35,3.60000000000002,-2.61000000000002));
#5384=VECTOR('',#6337,1.0);
#5385=CARTESIAN_POINT('',(-7.35,4.90717967697245,-3.81));
#5386=CARTESIAN_POINT('',(-7.35,5.6,-3.81));
#5387=VECTOR('',#6338,1.0);
#5388=CARTESIAN_POINT('',(-7.35,5.6,-2.61));
#5389=CARTESIAN_POINT('',(-7.35,5.08038475772934,-3.51));
#5390=VECTOR('',#6339,1.0);
#5391=CARTESIAN_POINT('',(-7.35,5.6,-2.26));
#5392=VECTOR('',#6340,1.0);
#5393=CARTESIAN_POINT('',(-7.35,8.06,-0.510000000000002));
#5394=VECTOR('',#6341,1.0);
#5395=CARTESIAN_POINT('',(7.35,5.6,-0.509999999999999));
#5396=VECTOR('',#6342,1.0);
#5397=CARTESIAN_POINT('',(8.35,8.06,-0.510000000000002));
#5398=CARTESIAN_POINT('',(7.35,8.06,-0.510000000000002));
#5399=VECTOR('',#6343,1.0);
#5400=CARTESIAN_POINT('',(8.35,8.06,-0.510000000000002));
#5401=VECTOR('',#6344,1.0);
#5402=CARTESIAN_POINT('',(8.35,1.6,-0.510000000000002));
#5403=VECTOR('',#6345,1.0);
#5404=CARTESIAN_POINT('',(8.35,8.06,-0.510000000000002));
#5405=VECTOR('',#6346,1.0);
#5406=CARTESIAN_POINT('',(9.1,2.4,1.86));
#5407=CARTESIAN_POINT('',(9.1,2.4,2.06));
#5408=CARTESIAN_POINT('',(9.1,2.4,2.28));
#5409=VECTOR('',#6347,1.0);
#5410=CARTESIAN_POINT('',(8.9,2.4,2.06));
#5411=CARTESIAN_POINT('',(9.32,2.4,2.06));
#5412=VECTOR('',#6348,1.0);
#5413=CARTESIAN_POINT('',(8.9,2.4,1.86));
#5414=CARTESIAN_POINT('',(8.9,2.4,2.28));
#5415=VECTOR('',#6349,1.0);
#5416=CARTESIAN_POINT('',(9.32,2.4,1.86));
#5417=VECTOR('',#6350,1.0);
#5418=CARTESIAN_POINT('',(9.32,3.24,2.28));
#5419=CARTESIAN_POINT('',(9.32,9.2,2.28));
#5420=VECTOR('',#6351,1.0);
#5421=CARTESIAN_POINT('',(9.32,3.24,1.64));
#5422=CARTESIAN_POINT('',(9.32,3.24,1.64));
#5423=VECTOR('',#6352,1.0);
#5424=CARTESIAN_POINT('',(9.32,2.4,1.64));
#5425=VECTOR('',#6353,1.0);
#5426=CARTESIAN_POINT('',(8.68,3.24,1.64));
#5427=CARTESIAN_POINT('',(8.68,2.4,1.64));
#5428=VECTOR('',#6354,1.0);
#5429=CARTESIAN_POINT('',(8.68,3.24,2.28));
#5430=CARTESIAN_POINT('',(8.68,3.24,0.0));
#5431=VECTOR('',#6355,1.0);
#5432=CARTESIAN_POINT('',(8.68,9.2,2.28));
#5433=VECTOR('',#6356,1.0);
#5434=CARTESIAN_POINT('',(9.32,3.24,2.28));
#5435=VECTOR('',#6357,1.0);
#5436=CARTESIAN_POINT('',(9.32,3.24,1.64));
#5437=VECTOR('',#6358,1.0);
#5438=CARTESIAN_POINT('',(9.32,8.56,-2.85));
#5439=CARTESIAN_POINT('',(9.32,8.56,1.64));
#5440=VECTOR('',#6359,1.0);
#5441=CARTESIAN_POINT('',(9.32,9.2,-2.85));
#5442=CARTESIAN_POINT('',(9.32,9.2,-2.85));
#5443=VECTOR('',#6360,1.0);
#5444=CARTESIAN_POINT('',(9.32,9.2,-3.69));
#5445=VECTOR('',#6361,1.0);
#5446=CARTESIAN_POINT('',(8.68,9.2,-2.85));
#5447=CARTESIAN_POINT('',(8.68,9.2,-3.69));
#5448=VECTOR('',#6362,1.0);
#5449=CARTESIAN_POINT('',(8.68,8.56,-2.85));
#5450=CARTESIAN_POINT('',(8.68,0.0,-2.85));
#5451=VECTOR('',#6363,1.0);
#5452=CARTESIAN_POINT('',(8.68,8.56,1.64));
#5453=VECTOR('',#6364,1.0);
#5454=CARTESIAN_POINT('',(9.32,8.56,-2.85));
#5455=VECTOR('',#6365,1.0);
#5456=CARTESIAN_POINT('',(9.1,8.98,-3.69));
#5457=CARTESIAN_POINT('',(9.1,8.78,-3.69));
#5458=CARTESIAN_POINT('',(9.1,8.56,-3.69));
#5459=VECTOR('',#6366,1.0);
#5460=CARTESIAN_POINT('',(8.9,8.78,-3.69));
#5461=CARTESIAN_POINT('',(9.32,8.78,-3.69));
#5462=VECTOR('',#6367,1.0);
#5463=CARTESIAN_POINT('',(8.9,8.98,-3.69));
#5464=CARTESIAN_POINT('',(8.9,8.56,-3.69));
#5465=VECTOR('',#6368,1.0);
#5466=CARTESIAN_POINT('',(9.32,8.98,-3.69));
#5467=VECTOR('',#6369,1.0);
#5468=CARTESIAN_POINT('',(9.32,9.2,-2.85));
#5469=VECTOR('',#6370,1.0);
#5470=CARTESIAN_POINT('',(8.92533399800599,8.95466600199402,-3.7867298105683));
#5471=VECTOR('',#6371,1.0);
#5472=CARTESIAN_POINT('',(9.32,9.2,-2.85));
#5473=VECTOR('',#6372,1.0);
#5474=CARTESIAN_POINT('',(9.83633100697907,8.04366899302094,-0.878554336989037));
#5475=VECTOR('',#6373,1.0);
#5476=CARTESIAN_POINT('',(8.8867298105683,8.7667298105683,-3.63933200398804));
#5477=VECTOR('',#6374,1.0);
#5478=CARTESIAN_POINT('',(8.92533399800599,2.3032701894317,1.88533399800598));
#5479=VECTOR('',#6375,1.0);
#5480=CARTESIAN_POINT('',(9.32,3.24,1.64));
#5481=VECTOR('',#6376,1.0);
#5482=CARTESIAN_POINT('',(9.18247258225324,2.71489531405783,2.14247258225324));
#5483=VECTOR('',#6377,1.0);
#5484=CARTESIAN_POINT('',(8.8867298105683,2.45066799601196,2.0732701894317));
#5485=VECTOR('',#6378,1.0);
#5486=CARTESIAN_POINT('',(6.1,2.4,1.86));
#5487=CARTESIAN_POINT('',(6.1,2.4,2.06));
#5488=CARTESIAN_POINT('',(6.1,2.4,2.28));
#5489=VECTOR('',#6379,1.0);
#5490=CARTESIAN_POINT('',(5.9,2.4,2.06));
#5491=CARTESIAN_POINT('',(6.32,2.4,2.06));
#5492=VECTOR('',#6380,1.0);
#5493=CARTESIAN_POINT('',(5.9,2.4,1.86));
#5494=CARTESIAN_POINT('',(5.9,2.4,2.28));
#5495=VECTOR('',#6381,1.0);
#5496=CARTESIAN_POINT('',(6.32,2.4,1.86));
#5497=VECTOR('',#6382,1.0);
#5498=CARTESIAN_POINT('',(6.32,3.24,2.28));
#5499=CARTESIAN_POINT('',(6.32,9.2,2.28));
#5500=VECTOR('',#6383,1.0);
#5501=CARTESIAN_POINT('',(6.32,3.24,1.64));
#5502=CARTESIAN_POINT('',(6.32,3.24,1.64));
#5503=VECTOR('',#6384,1.0);
#5504=CARTESIAN_POINT('',(6.32,2.4,1.64));
#5505=VECTOR('',#6385,1.0);
#5506=CARTESIAN_POINT('',(5.68,3.24,1.64));
#5507=CARTESIAN_POINT('',(5.68,2.4,1.64));
#5508=VECTOR('',#6386,1.0);
#5509=CARTESIAN_POINT('',(5.68,3.24,2.28));
#5510=CARTESIAN_POINT('',(5.68,3.24,0.0));
#5511=VECTOR('',#6387,1.0);
#5512=CARTESIAN_POINT('',(5.68,9.2,2.28));
#5513=VECTOR('',#6388,1.0);
#5514=CARTESIAN_POINT('',(6.32,3.24,2.28));
#5515=VECTOR('',#6389,1.0);
#5516=CARTESIAN_POINT('',(6.32,3.24,1.64));
#5517=VECTOR('',#6390,1.0);
#5518=CARTESIAN_POINT('',(6.32,8.56,-2.85));
#5519=CARTESIAN_POINT('',(6.32,8.56,1.64));
#5520=VECTOR('',#6391,1.0);
#5521=CARTESIAN_POINT('',(6.32,9.2,-2.85));
#5522=CARTESIAN_POINT('',(6.32,9.2,-2.85));
#5523=VECTOR('',#6392,1.0);
#5524=CARTESIAN_POINT('',(6.32,9.2,-3.69));
#5525=VECTOR('',#6393,1.0);
#5526=CARTESIAN_POINT('',(5.68,9.2,-2.85));
#5527=CARTESIAN_POINT('',(5.68,9.2,-3.69));
#5528=VECTOR('',#6394,1.0);
#5529=CARTESIAN_POINT('',(5.68,8.56,-2.85));
#5530=CARTESIAN_POINT('',(5.68,0.0,-2.85));
#5531=VECTOR('',#6395,1.0);
#5532=CARTESIAN_POINT('',(5.68,8.56,1.64));
#5533=VECTOR('',#6396,1.0);
#5534=CARTESIAN_POINT('',(6.32,8.56,-2.85));
#5535=VECTOR('',#6397,1.0);
#5536=CARTESIAN_POINT('',(6.1,8.98,-3.69));
#5537=CARTESIAN_POINT('',(6.1,8.78,-3.69));
#5538=CARTESIAN_POINT('',(6.1,8.56,-3.69));
#5539=VECTOR('',#6398,1.0);
#5540=CARTESIAN_POINT('',(5.9,8.78,-3.69));
#5541=CARTESIAN_POINT('',(6.32,8.78,-3.69));
#5542=VECTOR('',#6399,1.0);
#5543=CARTESIAN_POINT('',(5.9,8.98,-3.69));
#5544=CARTESIAN_POINT('',(5.9,8.56,-3.69));
#5545=VECTOR('',#6400,1.0);
#5546=CARTESIAN_POINT('',(6.32,8.98,-3.69));
#5547=VECTOR('',#6401,1.0);
#5548=CARTESIAN_POINT('',(6.32,9.2,-2.85));
#5549=VECTOR('',#6402,1.0);
#5550=CARTESIAN_POINT('',(5.92533399800599,8.95466600199402,-3.7867298105683));
#5551=VECTOR('',#6403,1.0);
#5552=CARTESIAN_POINT('',(6.32,9.2,-2.85));
#5553=VECTOR('',#6404,1.0);
#5554=CARTESIAN_POINT('',(6.83633100697906,8.04366899302094,-0.878554336989037));
#5555=VECTOR('',#6405,1.0);
#5556=CARTESIAN_POINT('',(5.8867298105683,8.7667298105683,-3.63933200398804));
#5557=VECTOR('',#6406,1.0);
#5558=CARTESIAN_POINT('',(5.92533399800599,2.3032701894317,1.88533399800598));
#5559=VECTOR('',#6407,1.0);
#5560=CARTESIAN_POINT('',(6.32,3.24,1.64));
#5561=VECTOR('',#6408,1.0);
#5562=CARTESIAN_POINT('',(6.18247258225324,2.71489531405783,2.14247258225324));
#5563=VECTOR('',#6409,1.0);
#5564=CARTESIAN_POINT('',(5.8867298105683,2.45066799601196,2.0732701894317));
#5565=VECTOR('',#6410,1.0);
#5566=CARTESIAN_POINT('',(3.1,2.4,1.86));
#5567=CARTESIAN_POINT('',(3.1,2.4,2.06));
#5568=CARTESIAN_POINT('',(3.1,2.4,2.28));
#5569=VECTOR('',#6411,1.0);
#5570=CARTESIAN_POINT('',(2.9,2.4,2.06));
#5571=CARTESIAN_POINT('',(3.32,2.4,2.06));
#5572=VECTOR('',#6412,1.0);
#5573=CARTESIAN_POINT('',(2.9,2.4,1.86));
#5574=CARTESIAN_POINT('',(2.9,2.4,2.28));
#5575=VECTOR('',#6413,1.0);
#5576=CARTESIAN_POINT('',(3.32,2.4,1.86));
#5577=VECTOR('',#6414,1.0);
#5578=CARTESIAN_POINT('',(3.32,3.24,2.28));
#5579=CARTESIAN_POINT('',(3.32,9.2,2.28));
#5580=VECTOR('',#6415,1.0);
#5581=CARTESIAN_POINT('',(3.32,3.24,1.64));
#5582=CARTESIAN_POINT('',(3.32,3.24,1.64));
#5583=VECTOR('',#6416,1.0);
#5584=CARTESIAN_POINT('',(3.32,2.4,1.64));
#5585=VECTOR('',#6417,1.0);
#5586=CARTESIAN_POINT('',(2.68,3.24,1.64));
#5587=CARTESIAN_POINT('',(2.68,2.4,1.64));
#5588=VECTOR('',#6418,1.0);
#5589=CARTESIAN_POINT('',(2.68,3.24,2.28));
#5590=CARTESIAN_POINT('',(2.68,3.24,0.0));
#5591=VECTOR('',#6419,1.0);
#5592=CARTESIAN_POINT('',(2.68,9.2,2.28));
#5593=VECTOR('',#6420,1.0);
#5594=CARTESIAN_POINT('',(3.32,3.24,2.28));
#5595=VECTOR('',#6421,1.0);
#5596=CARTESIAN_POINT('',(3.32,3.24,1.64));
#5597=VECTOR('',#6422,1.0);
#5598=CARTESIAN_POINT('',(3.32,8.56,-2.85));
#5599=CARTESIAN_POINT('',(3.32,8.56,1.64));
#5600=VECTOR('',#6423,1.0);
#5601=CARTESIAN_POINT('',(3.32,9.2,-2.85));
#5602=CARTESIAN_POINT('',(3.32,9.2,-2.85));
#5603=VECTOR('',#6424,1.0);
#5604=CARTESIAN_POINT('',(3.32,9.2,-3.69));
#5605=VECTOR('',#6425,1.0);
#5606=CARTESIAN_POINT('',(2.68,9.2,-2.85));
#5607=CARTESIAN_POINT('',(2.68,9.2,-3.69));
#5608=VECTOR('',#6426,1.0);
#5609=CARTESIAN_POINT('',(2.68,8.56,-2.85));
#5610=CARTESIAN_POINT('',(2.68,0.0,-2.85));
#5611=VECTOR('',#6427,1.0);
#5612=CARTESIAN_POINT('',(2.68,8.56,1.64));
#5613=VECTOR('',#6428,1.0);
#5614=CARTESIAN_POINT('',(3.32,8.56,-2.85));
#5615=VECTOR('',#6429,1.0);
#5616=CARTESIAN_POINT('',(3.1,8.98,-3.69));
#5617=CARTESIAN_POINT('',(3.1,8.78,-3.69));
#5618=CARTESIAN_POINT('',(3.1,8.56,-3.69));
#5619=VECTOR('',#6430,1.0);
#5620=CARTESIAN_POINT('',(2.9,8.78,-3.69));
#5621=CARTESIAN_POINT('',(3.32,8.78,-3.69));
#5622=VECTOR('',#6431,1.0);
#5623=CARTESIAN_POINT('',(2.9,8.98,-3.69));
#5624=CARTESIAN_POINT('',(2.9,8.56,-3.69));
#5625=VECTOR('',#6432,1.0);
#5626=CARTESIAN_POINT('',(3.32,8.98,-3.69));
#5627=VECTOR('',#6433,1.0);
#5628=CARTESIAN_POINT('',(3.32,9.2,-2.85));
#5629=VECTOR('',#6434,1.0);
#5630=CARTESIAN_POINT('',(2.92533399800599,8.95466600199402,-3.7867298105683));
#5631=VECTOR('',#6435,1.0);
#5632=CARTESIAN_POINT('',(3.32,9.2,-2.85));
#5633=VECTOR('',#6436,1.0);
#5634=CARTESIAN_POINT('',(3.83633100697907,8.04366899302094,-0.878554336989037));
#5635=VECTOR('',#6437,1.0);
#5636=CARTESIAN_POINT('',(2.8867298105683,8.7667298105683,-3.63933200398804));
#5637=VECTOR('',#6438,1.0);
#5638=CARTESIAN_POINT('',(2.92533399800599,2.3032701894317,1.88533399800598));
#5639=VECTOR('',#6439,1.0);
#5640=CARTESIAN_POINT('',(3.32,3.24,1.64));
#5641=VECTOR('',#6440,1.0);
#5642=CARTESIAN_POINT('',(3.18247258225324,2.71489531405783,2.14247258225324));
#5643=VECTOR('',#6441,1.0);
#5644=CARTESIAN_POINT('',(2.8867298105683,2.45066799601196,2.0732701894317));
#5645=VECTOR('',#6442,1.0);
#5646=CARTESIAN_POINT('',(0.100000000000004,2.4,1.86));
#5647=CARTESIAN_POINT('',(0.100000000000004,2.4,2.06));
#5648=CARTESIAN_POINT('',(0.100000000000004,2.4,2.28));
#5649=VECTOR('',#6443,1.0);
#5650=CARTESIAN_POINT('',(-0.0999999999999965,2.4,2.06));
#5651=CARTESIAN_POINT('',(0.320000000000004,2.4,2.06));
#5652=VECTOR('',#6444,1.0);
#5653=CARTESIAN_POINT('',(-0.0999999999999965,2.4,1.86));
#5654=CARTESIAN_POINT('',(-0.0999999999999965,2.4,2.28));
#5655=VECTOR('',#6445,1.0);
#5656=CARTESIAN_POINT('',(0.320000000000004,2.4,1.86));
#5657=VECTOR('',#6446,1.0);
#5658=CARTESIAN_POINT('',(0.320000000000004,3.24,2.28));
#5659=CARTESIAN_POINT('',(0.320000000000004,9.2,2.28));
#5660=VECTOR('',#6447,1.0);
#5661=CARTESIAN_POINT('',(0.320000000000004,3.24,1.64));
#5662=CARTESIAN_POINT('',(0.320000000000004,3.24,1.64));
#5663=VECTOR('',#6448,1.0);
#5664=CARTESIAN_POINT('',(0.320000000000004,2.4,1.64));
#5665=VECTOR('',#6449,1.0);
#5666=CARTESIAN_POINT('',(-0.319999999999996,3.24,1.64));
#5667=CARTESIAN_POINT('',(-0.319999999999996,2.4,1.64));
#5668=VECTOR('',#6450,1.0);
#5669=CARTESIAN_POINT('',(-0.319999999999996,3.24,2.28));
#5670=CARTESIAN_POINT('',(-0.319999999999996,3.24,0.0));
#5671=VECTOR('',#6451,1.0);
#5672=CARTESIAN_POINT('',(-0.319999999999996,9.2,2.28));
#5673=VECTOR('',#6452,1.0);
#5674=CARTESIAN_POINT('',(0.320000000000004,3.24,2.28));
#5675=VECTOR('',#6453,1.0);
#5676=CARTESIAN_POINT('',(0.320000000000004,3.24,1.64));
#5677=VECTOR('',#6454,1.0);
#5678=CARTESIAN_POINT('',(0.320000000000004,8.56,-2.85));
#5679=CARTESIAN_POINT('',(0.320000000000004,8.56,1.64));
#5680=VECTOR('',#6455,1.0);
#5681=CARTESIAN_POINT('',(0.320000000000004,9.2,-2.85));
#5682=CARTESIAN_POINT('',(0.320000000000004,9.2,-2.85));
#5683=VECTOR('',#6456,1.0);
#5684=CARTESIAN_POINT('',(0.320000000000004,9.2,-3.69));
#5685=VECTOR('',#6457,1.0);
#5686=CARTESIAN_POINT('',(-0.319999999999996,9.2,-2.85));
#5687=CARTESIAN_POINT('',(-0.319999999999996,9.2,-3.69));
#5688=VECTOR('',#6458,1.0);
#5689=CARTESIAN_POINT('',(-0.319999999999996,8.56,-2.85));
#5690=CARTESIAN_POINT('',(-0.319999999999996,0.0,-2.85));
#5691=VECTOR('',#6459,1.0);
#5692=CARTESIAN_POINT('',(-0.319999999999996,8.56,1.64));
#5693=VECTOR('',#6460,1.0);
#5694=CARTESIAN_POINT('',(0.320000000000004,8.56,-2.85));
#5695=VECTOR('',#6461,1.0);
#5696=CARTESIAN_POINT('',(0.100000000000004,8.98,-3.69));
#5697=CARTESIAN_POINT('',(0.100000000000004,8.78,-3.69));
#5698=CARTESIAN_POINT('',(0.100000000000004,8.56,-3.69));
#5699=VECTOR('',#6462,1.0);
#5700=CARTESIAN_POINT('',(-0.0999999999999965,8.78,-3.69));
#5701=CARTESIAN_POINT('',(0.320000000000004,8.78,-3.69));
#5702=VECTOR('',#6463,1.0);
#5703=CARTESIAN_POINT('',(-0.0999999999999965,8.98,-3.69));
#5704=CARTESIAN_POINT('',(-0.0999999999999965,8.56,-3.69));
#5705=VECTOR('',#6464,1.0);
#5706=CARTESIAN_POINT('',(0.320000000000004,8.98,-3.69));
#5707=VECTOR('',#6465,1.0);
#5708=CARTESIAN_POINT('',(0.320000000000004,9.2,-2.85));
#5709=VECTOR('',#6466,1.0);
#5710=CARTESIAN_POINT('',(-0.0746660019940144,8.95466600199402,-3.7867298105683));
#5711=VECTOR('',#6467,1.0);
#5712=CARTESIAN_POINT('',(0.320000000000004,9.2,-2.85));
#5713=VECTOR('',#6468,1.0);
#5714=CARTESIAN_POINT('',(0.836331006979066,8.04366899302094,-0.878554336989037));
#5715=VECTOR('',#6469,1.0);
#5716=CARTESIAN_POINT('',(-0.113270189431701,8.7667298105683,-3.63933200398804));
#5717=VECTOR('',#6470,1.0);
#5718=CARTESIAN_POINT('',(-0.0746660019940144,2.3032701894317,1.88533399800598));
#5719=VECTOR('',#6471,1.0);
#5720=CARTESIAN_POINT('',(0.320000000000004,3.24,1.64));
#5721=VECTOR('',#6472,1.0);
#5722=CARTESIAN_POINT('',(0.182472582253244,2.71489531405783,2.14247258225324));
#5723=VECTOR('',#6473,1.0);
#5724=CARTESIAN_POINT('',(-0.113270189431701,2.45066799601196,2.0732701894317));
#5725=VECTOR('',#6474,1.0);
#5726=CARTESIAN_POINT('',(-2.9,2.4,1.86));
#5727=CARTESIAN_POINT('',(-2.9,2.4,2.06));
#5728=CARTESIAN_POINT('',(-2.9,2.4,2.28));
#5729=VECTOR('',#6475,1.0);
#5730=CARTESIAN_POINT('',(-3.1,2.4,2.06));
#5731=CARTESIAN_POINT('',(-2.68,2.4,2.06));
#5732=VECTOR('',#6476,1.0);
#5733=CARTESIAN_POINT('',(-3.1,2.4,1.86));
#5734=CARTESIAN_POINT('',(-3.1,2.4,2.28));
#5735=VECTOR('',#6477,1.0);
#5736=CARTESIAN_POINT('',(-2.68,2.4,1.86));
#5737=VECTOR('',#6478,1.0);
#5738=CARTESIAN_POINT('',(-2.68,3.24,2.28));
#5739=CARTESIAN_POINT('',(-2.68,9.2,2.28));
#5740=VECTOR('',#6479,1.0);
#5741=CARTESIAN_POINT('',(-2.68,3.24,1.64));
#5742=CARTESIAN_POINT('',(-2.68,3.24,1.64));
#5743=VECTOR('',#6480,1.0);
#5744=CARTESIAN_POINT('',(-2.68,2.4,1.64));
#5745=VECTOR('',#6481,1.0);
#5746=CARTESIAN_POINT('',(-3.32,3.24,1.64));
#5747=CARTESIAN_POINT('',(-3.32,2.4,1.64));
#5748=VECTOR('',#6482,1.0);
#5749=CARTESIAN_POINT('',(-3.32,3.24,2.28));
#5750=CARTESIAN_POINT('',(-3.32,3.24,0.0));
#5751=VECTOR('',#6483,1.0);
#5752=CARTESIAN_POINT('',(-3.32,9.2,2.28));
#5753=VECTOR('',#6484,1.0);
#5754=CARTESIAN_POINT('',(-2.68,3.24,2.28));
#5755=VECTOR('',#6485,1.0);
#5756=CARTESIAN_POINT('',(-2.68,3.24,1.64));
#5757=VECTOR('',#6486,1.0);
#5758=CARTESIAN_POINT('',(-2.68,8.56,-2.85));
#5759=CARTESIAN_POINT('',(-2.68,8.56,1.64));
#5760=VECTOR('',#6487,1.0);
#5761=CARTESIAN_POINT('',(-2.68,9.2,-2.85));
#5762=CARTESIAN_POINT('',(-2.68,9.2,-2.85));
#5763=VECTOR('',#6488,1.0);
#5764=CARTESIAN_POINT('',(-2.68,9.2,-3.69));
#5765=VECTOR('',#6489,1.0);
#5766=CARTESIAN_POINT('',(-3.32,9.2,-2.85));
#5767=CARTESIAN_POINT('',(-3.32,9.2,-3.69));
#5768=VECTOR('',#6490,1.0);
#5769=CARTESIAN_POINT('',(-3.32,8.56,-2.85));
#5770=CARTESIAN_POINT('',(-3.32,0.0,-2.85));
#5771=VECTOR('',#6491,1.0);
#5772=CARTESIAN_POINT('',(-3.32,8.56,1.64));
#5773=VECTOR('',#6492,1.0);
#5774=CARTESIAN_POINT('',(-2.68,8.56,-2.85));
#5775=VECTOR('',#6493,1.0);
#5776=CARTESIAN_POINT('',(-2.9,8.98,-3.69));
#5777=CARTESIAN_POINT('',(-2.9,8.78,-3.69));
#5778=CARTESIAN_POINT('',(-2.9,8.56,-3.69));
#5779=VECTOR('',#6494,1.0);
#5780=CARTESIAN_POINT('',(-3.1,8.78,-3.69));
#5781=CARTESIAN_POINT('',(-2.68,8.78,-3.69));
#5782=VECTOR('',#6495,1.0);
#5783=CARTESIAN_POINT('',(-3.1,8.98,-3.69));
#5784=CARTESIAN_POINT('',(-3.1,8.56,-3.69));
#5785=VECTOR('',#6496,1.0);
#5786=CARTESIAN_POINT('',(-2.68,8.98,-3.69));
#5787=VECTOR('',#6497,1.0);
#5788=CARTESIAN_POINT('',(-2.68,9.2,-2.85));
#5789=VECTOR('',#6498,1.0);
#5790=CARTESIAN_POINT('',(-3.07466600199401,8.95466600199402,-3.7867298105683));
#5791=VECTOR('',#6499,1.0);
#5792=CARTESIAN_POINT('',(-2.68,9.2,-2.85));
#5793=VECTOR('',#6500,1.0);
#5794=CARTESIAN_POINT('',(-2.16366899302093,8.04366899302094,-0.878554336989037));
#5795=VECTOR('',#6501,1.0);
#5796=CARTESIAN_POINT('',(-3.1132701894317,8.7667298105683,-3.63933200398804));
#5797=VECTOR('',#6502,1.0);
#5798=CARTESIAN_POINT('',(-3.07466600199401,2.3032701894317,1.88533399800598));
#5799=VECTOR('',#6503,1.0);
#5800=CARTESIAN_POINT('',(-2.68,3.24,1.64));
#5801=VECTOR('',#6504,1.0);
#5802=CARTESIAN_POINT('',(-2.81752741774676,2.71489531405783,2.14247258225324));
#5803=VECTOR('',#6505,1.0);
#5804=CARTESIAN_POINT('',(-3.1132701894317,2.45066799601196,2.0732701894317));
#5805=VECTOR('',#6506,1.0);
#5806=CARTESIAN_POINT('',(-5.9,2.4,1.86));
#5807=CARTESIAN_POINT('',(-5.9,2.4,2.06));
#5808=CARTESIAN_POINT('',(-5.9,2.4,2.28));
#5809=VECTOR('',#6507,1.0);
#5810=CARTESIAN_POINT('',(-6.1,2.4,2.06));
#5811=CARTESIAN_POINT('',(-5.68,2.4,2.06));
#5812=VECTOR('',#6508,1.0);
#5813=CARTESIAN_POINT('',(-6.1,2.4,1.86));
#5814=CARTESIAN_POINT('',(-6.1,2.4,2.28));
#5815=VECTOR('',#6509,1.0);
#5816=CARTESIAN_POINT('',(-5.68,2.4,1.86));
#5817=VECTOR('',#6510,1.0);
#5818=CARTESIAN_POINT('',(-5.68,3.24,2.28));
#5819=CARTESIAN_POINT('',(-5.68,9.2,2.28));
#5820=VECTOR('',#6511,1.0);
#5821=CARTESIAN_POINT('',(-5.68,3.24,1.64));
#5822=CARTESIAN_POINT('',(-5.68,3.24,1.64));
#5823=VECTOR('',#6512,1.0);
#5824=CARTESIAN_POINT('',(-5.68,2.4,1.64));
#5825=VECTOR('',#6513,1.0);
#5826=CARTESIAN_POINT('',(-6.32,3.24,1.64));
#5827=CARTESIAN_POINT('',(-6.32,2.4,1.64));
#5828=VECTOR('',#6514,1.0);
#5829=CARTESIAN_POINT('',(-6.32,3.24,2.28));
#5830=CARTESIAN_POINT('',(-6.32,3.24,0.0));
#5831=VECTOR('',#6515,1.0);
#5832=CARTESIAN_POINT('',(-6.32,9.2,2.28));
#5833=VECTOR('',#6516,1.0);
#5834=CARTESIAN_POINT('',(-5.68,3.24,2.28));
#5835=VECTOR('',#6517,1.0);
#5836=CARTESIAN_POINT('',(-5.68,3.24,1.64));
#5837=VECTOR('',#6518,1.0);
#5838=CARTESIAN_POINT('',(-5.68,8.56,-2.85));
#5839=CARTESIAN_POINT('',(-5.68,8.56,1.64));
#5840=VECTOR('',#6519,1.0);
#5841=CARTESIAN_POINT('',(-5.68,9.2,-2.85));
#5842=CARTESIAN_POINT('',(-5.68,9.2,-2.85));
#5843=VECTOR('',#6520,1.0);
#5844=CARTESIAN_POINT('',(-5.68,9.2,-3.69));
#5845=VECTOR('',#6521,1.0);
#5846=CARTESIAN_POINT('',(-6.32,9.2,-2.85));
#5847=CARTESIAN_POINT('',(-6.32,9.2,-3.69));
#5848=VECTOR('',#6522,1.0);
#5849=CARTESIAN_POINT('',(-6.32,8.56,-2.85));
#5850=CARTESIAN_POINT('',(-6.32,0.0,-2.85));
#5851=VECTOR('',#6523,1.0);
#5852=CARTESIAN_POINT('',(-6.32,8.56,1.64));
#5853=VECTOR('',#6524,1.0);
#5854=CARTESIAN_POINT('',(-5.68,8.56,-2.85));
#5855=VECTOR('',#6525,1.0);
#5856=CARTESIAN_POINT('',(-5.9,8.98,-3.69));
#5857=CARTESIAN_POINT('',(-5.9,8.78,-3.69));
#5858=CARTESIAN_POINT('',(-5.9,8.56,-3.69));
#5859=VECTOR('',#6526,1.0);
#5860=CARTESIAN_POINT('',(-6.1,8.78,-3.69));
#5861=CARTESIAN_POINT('',(-5.68,8.78,-3.69));
#5862=VECTOR('',#6527,1.0);
#5863=CARTESIAN_POINT('',(-6.1,8.98,-3.69));
#5864=CARTESIAN_POINT('',(-6.1,8.56,-3.69));
#5865=VECTOR('',#6528,1.0);
#5866=CARTESIAN_POINT('',(-5.68,8.98,-3.69));
#5867=VECTOR('',#6529,1.0);
#5868=CARTESIAN_POINT('',(-5.68,9.2,-2.85));
#5869=VECTOR('',#6530,1.0);
#5870=CARTESIAN_POINT('',(-6.07466600199401,8.95466600199402,-3.7867298105683));
#5871=VECTOR('',#6531,1.0);
#5872=CARTESIAN_POINT('',(-5.68,9.2,-2.85));
#5873=VECTOR('',#6532,1.0);
#5874=CARTESIAN_POINT('',(-5.16366899302094,8.04366899302094,-0.878554336989037));
#5875=VECTOR('',#6533,1.0);
#5876=CARTESIAN_POINT('',(-6.1132701894317,8.7667298105683,-3.63933200398804));
#5877=VECTOR('',#6534,1.0);
#5878=CARTESIAN_POINT('',(-6.07466600199401,2.3032701894317,1.88533399800598));
#5879=VECTOR('',#6535,1.0);
#5880=CARTESIAN_POINT('',(-5.68,3.24,1.64));
#5881=VECTOR('',#6536,1.0);
#5882=CARTESIAN_POINT('',(-5.81752741774676,2.71489531405783,2.14247258225324));
#5883=VECTOR('',#6537,1.0);
#5884=CARTESIAN_POINT('',(-6.1132701894317,2.45066799601196,2.0732701894317));
#5885=VECTOR('',#6538,1.0);
#5886=CARTESIAN_POINT('',(-8.9,2.4,1.86));
#5887=CARTESIAN_POINT('',(-8.9,2.4,2.06));
#5888=CARTESIAN_POINT('',(-8.9,2.4,2.28));
#5889=VECTOR('',#6539,1.0);
#5890=CARTESIAN_POINT('',(-9.1,2.4,2.06));
#5891=CARTESIAN_POINT('',(-8.68,2.4,2.06));
#5892=VECTOR('',#6540,1.0);
#5893=CARTESIAN_POINT('',(-9.1,2.4,1.86));
#5894=CARTESIAN_POINT('',(-9.1,2.4,2.28));
#5895=VECTOR('',#6541,1.0);
#5896=CARTESIAN_POINT('',(-8.68,2.4,1.86));
#5897=VECTOR('',#6542,1.0);
#5898=CARTESIAN_POINT('',(-8.68,3.24,2.28));
#5899=CARTESIAN_POINT('',(-8.68,9.2,2.28));
#5900=VECTOR('',#6543,1.0);
#5901=CARTESIAN_POINT('',(-8.68,3.24,1.64));
#5902=CARTESIAN_POINT('',(-8.68,3.24,1.64));
#5903=VECTOR('',#6544,1.0);
#5904=CARTESIAN_POINT('',(-8.68,2.4,1.64));
#5905=VECTOR('',#6545,1.0);
#5906=CARTESIAN_POINT('',(-9.32,3.24,1.64));
#5907=CARTESIAN_POINT('',(-9.32,2.4,1.64));
#5908=VECTOR('',#6546,1.0);
#5909=CARTESIAN_POINT('',(-9.32,3.24,2.28));
#5910=CARTESIAN_POINT('',(-9.32,3.24,0.0));
#5911=VECTOR('',#6547,1.0);
#5912=CARTESIAN_POINT('',(-9.32,9.2,2.28));
#5913=VECTOR('',#6548,1.0);
#5914=CARTESIAN_POINT('',(-8.68,3.24,2.28));
#5915=VECTOR('',#6549,1.0);
#5916=CARTESIAN_POINT('',(-8.68,3.24,1.64));
#5917=VECTOR('',#6550,1.0);
#5918=CARTESIAN_POINT('',(-8.68,8.56,-2.85));
#5919=CARTESIAN_POINT('',(-8.68,8.56,1.64));
#5920=VECTOR('',#6551,1.0);
#5921=CARTESIAN_POINT('',(-8.68,9.2,-2.85));
#5922=CARTESIAN_POINT('',(-8.68,9.2,-2.85));
#5923=VECTOR('',#6552,1.0);
#5924=CARTESIAN_POINT('',(-8.68,9.2,-3.69));
#5925=VECTOR('',#6553,1.0);
#5926=CARTESIAN_POINT('',(-9.32,9.2,-2.85));
#5927=CARTESIAN_POINT('',(-9.32,9.2,-3.69));
#5928=VECTOR('',#6554,1.0);
#5929=CARTESIAN_POINT('',(-9.32,8.56,-2.85));
#5930=CARTESIAN_POINT('',(-9.32,0.0,-2.85));
#5931=VECTOR('',#6555,1.0);
#5932=CARTESIAN_POINT('',(-9.32,8.56,1.64));
#5933=VECTOR('',#6556,1.0);
#5934=CARTESIAN_POINT('',(-8.68,8.56,-2.85));
#5935=VECTOR('',#6557,1.0);
#5936=CARTESIAN_POINT('',(-8.9,8.98,-3.69));
#5937=CARTESIAN_POINT('',(-8.9,8.78,-3.69));
#5938=CARTESIAN_POINT('',(-8.9,8.56,-3.69));
#5939=VECTOR('',#6558,1.0);
#5940=CARTESIAN_POINT('',(-9.1,8.78,-3.69));
#5941=CARTESIAN_POINT('',(-8.68,8.78,-3.69));
#5942=VECTOR('',#6559,1.0);
#5943=CARTESIAN_POINT('',(-9.1,8.98,-3.69));
#5944=CARTESIAN_POINT('',(-9.1,8.56,-3.69));
#5945=VECTOR('',#6560,1.0);
#5946=CARTESIAN_POINT('',(-8.68,8.98,-3.69));
#5947=VECTOR('',#6561,1.0);
#5948=CARTESIAN_POINT('',(-8.68,9.2,-2.85));
#5949=VECTOR('',#6562,1.0);
#5950=CARTESIAN_POINT('',(-9.07466600199401,8.95466600199402,-3.7867298105683));
#5951=VECTOR('',#6563,1.0);
#5952=CARTESIAN_POINT('',(-8.68,9.2,-2.85));
#5953=VECTOR('',#6564,1.0);
#5954=CARTESIAN_POINT('',(-8.16366899302094,8.04366899302094,-0.878554336989037));
#5955=VECTOR('',#6565,1.0);
#5956=CARTESIAN_POINT('',(-9.1132701894317,8.7667298105683,-3.63933200398804));
#5957=VECTOR('',#6566,1.0);
#5958=CARTESIAN_POINT('',(-9.07466600199401,2.3032701894317,1.88533399800598));
#5959=VECTOR('',#6567,1.0);
#5960=CARTESIAN_POINT('',(-8.68,3.24,1.64));
#5961=VECTOR('',#6568,1.0);
#5962=CARTESIAN_POINT('',(-8.81752741774676,2.71489531405783,2.14247258225324));
#5963=VECTOR('',#6569,1.0);
#5964=CARTESIAN_POINT('',(-9.1132701894317,2.45066799601196,2.0732701894317));
#5965=VECTOR('',#6570,1.0);
#5966=CARTESIAN_POINT('',(-7.70825756949559,3.6,-2.26));
#5967=AXIS2_PLACEMENT_3D('',#6571,#6572,#6573);
#5968=CARTESIAN_POINT('',(-7.70825756949559,3.6,-2.26));
#5969=VECTOR('',#6574,1.0);
#5970=CARTESIAN_POINT('',(-7.35,5.6,-2.61));
#5971=VECTOR('',#6575,1.0);
#5972=CARTESIAN_POINT('',(-7.35,5.6,-2.26));
#5973=VECTOR('',#6576,1.0);
#5974=CARTESIAN_POINT('',(-8.22979589711327,3.6,-2.26));
#5975=CARTESIAN_POINT('',(-8.22979589711327,3.6,-2.26));
#5976=VECTOR('',#6577,1.0);
#5977=CARTESIAN_POINT('',(-8.22979589711327,3.6,-2.61));
#5978=VECTOR('',#6578,1.0);
#5979=CARTESIAN_POINT('',(-8.22979589711327,3.6,-2.61));
#5980=VECTOR('',#6579,1.0);
#5981=CARTESIAN_POINT('',(7.35,5.6,-2.26));
#5982=VECTOR('',#6580,1.0);
#5983=CARTESIAN_POINT('',(7.70825756949558,3.6,-2.26));
#5984=CARTESIAN_POINT('',(7.70825756949558,3.6,-2.26));
#5985=VECTOR('',#6581,1.0);
#5986=AXIS2_PLACEMENT_3D('',#6582,#6583,#6584);
#5987=CARTESIAN_POINT('',(8.22979589711327,3.6,-2.26));
#5988=CARTESIAN_POINT('',(8.22979589711327,3.6,-2.61));
#5989=VECTOR('',#6585,1.0);
#5990=CARTESIAN_POINT('',(8.22979589711327,3.6,-2.26));
#5991=VECTOR('',#6586,1.0);
#5992=AXIS2_PLACEMENT_3D('',#6587,#6588,#6589);
#5993=AXIS2_PLACEMENT_3D('',#6590,#6591,#6592);
#5994=CARTESIAN_POINT('',(-7.78937246197706,4.90717967697245,-3.81));
#5995=CARTESIAN_POINT('',(-7.78937246197706,4.90717967697245,-3.81));
#5996=CARTESIAN_POINT('',(-7.8306773777652,4.96415850140229,-3.71130978113196));
#5997=CARTESIAN_POINT('',(-7.86995399317642,5.02147359812025,-3.61203712157573));
#5998=CARTESIAN_POINT('',(-7.94624436754375,5.13647895093912,-3.41284200735108));
#5999=CARTESIAN_POINT('',(-7.98322764407144,5.19417426072737,-3.3129107994394));
#6000=CARTESIAN_POINT('',(-8.09197652980119,5.36762508497357,-3.01248515923028));
#6001=CARTESIAN_POINT('',(-8.16158330888694,5.48371157572111,-2.81141745918316));
#6002=CARTESIAN_POINT('',(-8.22979589711327,5.6,-2.61));
#6003=AXIS2_PLACEMENT_3D('',#6593,#6594,#6595);
#6004=CARTESIAN_POINT('',(8.0039,4.90717967697245,-3.81));
#6005=VECTOR('',#6596,1.0);
#6006=CARTESIAN_POINT('',(8.0039,4.29282032302761,-3.81));
#6007=VECTOR('',#6597,1.0);
#6008=DIRECTION('',(-0.544639034463074,0.0,0.838670568303867));
#6009=CARTESIAN_POINT('',(-7.25,4.6,-3.81));
#6010=DIRECTION('',(0.0,0.0,-1.0));
#6011=DIRECTION('',(-1.0,0.0,0.0));
#6012=CARTESIAN_POINT('',(-7.25,4.6,-2.61));
#6013=DIRECTION('',(0.0,0.0,-1.0));
#6014=DIRECTION('',(-1.0,0.0,0.0));
#6015=DIRECTION('',(-0.0,-0.0,1.0));
#6016=CARTESIAN_POINT('',(7.25,4.6,-2.61));
#6017=DIRECTION('',(0.0,0.0,-1.0));
#6018=DIRECTION('',(-1.0,0.0,0.0));
#6019=DIRECTION('',(0.0,0.0,1.0));
#6020=CARTESIAN_POINT('',(7.25,4.6,-2.26));
#6021=DIRECTION('',(0.0,0.0,-1.0));
#6022=DIRECTION('',(1.0,0.0,0.0));
#6023=DIRECTION('',(0.0,0.0,-1.0));
#6024=CARTESIAN_POINT('',(-7.25,4.6,-2.26));
#6025=DIRECTION('',(0.0,0.0,1.0));
#6026=DIRECTION('',(-1.0,0.0,0.0));
#6027=DIRECTION('',(0.0,0.0,1.0));
#6028=CARTESIAN_POINT('',(-7.25,4.6,-2.61));
#6029=DIRECTION('',(0.0,0.0,-1.0));
#6030=DIRECTION('',(-1.0,0.0,0.0));
#6031=DIRECTION('',(-0.0,-0.0,1.0));
#6032=CARTESIAN_POINT('',(7.25,4.6,-2.26));
#6033=DIRECTION('',(0.0,0.0,-1.0));
#6034=DIRECTION('',(1.0,0.0,0.0));
#6035=DIRECTION('',(0.0,0.0,1.0));
#6036=CARTESIAN_POINT('',(7.25,4.6,-0.509999999999999));
#6037=DIRECTION('',(0.0,0.0,-1.0));
#6038=DIRECTION('',(1.0,0.0,0.0));
#6039=DIRECTION('',(0.0,0.0,-1.0));
#6040=CARTESIAN_POINT('',(-7.25,4.6,-0.509999999999998));
#6041=DIRECTION('',(-9.85638338623187E-17,0.0,-1.0));
#6042=DIRECTION('',(-1.0,0.0,9.85638338623187E-17));
#6043=DIRECTION('',(0.0,0.0,1.0));
#6044=CARTESIAN_POINT('',(-7.25,4.6,-2.26));
#6045=DIRECTION('',(0.0,0.0,-1.0));
#6046=DIRECTION('',(-1.0,0.0,0.0));
#6047=DIRECTION('',(-0.544639034463074,-0.0,-0.838670568303867));
#6048=CARTESIAN_POINT('',(7.25,4.6,-2.61));
#6049=DIRECTION('',(0.0,0.0,-1.0));
#6050=DIRECTION('',(-1.0,0.0,0.0));
#6051=CARTESIAN_POINT('',(7.25,4.6,-3.81));
#6052=DIRECTION('',(0.0,0.0,-1.0));
#6053=DIRECTION('',(-1.0,0.0,0.0));
#6054=DIRECTION('',(0.0,-0.5,0.866025403784439));
#6055=DIRECTION('',(0.0,0.0,1.0));
#6056=DIRECTION('',(0.0,1.0,0.0));
#6057=DIRECTION('',(0.0,0.0,1.0));
#6058=DIRECTION('',(0.0,1.0,0.0));
#6059=DIRECTION('',(0.0,0.0,1.0));
#6060=DIRECTION('',(0.0,1.0,0.0));
#6061=DIRECTION('',(0.0,0.0,1.0));
#6062=DIRECTION('',(0.0,0.5,0.866025403784439));
#6063=DIRECTION('',(0.0,1.0,0.0));
#6064=DIRECTION('',(1.0,0.0,0.0));
#6065=DIRECTION('',(1.0,0.0,0.0));
#6066=CARTESIAN_POINT('',(7.25,4.6,-3.81));
#6067=DIRECTION('',(0.0,0.0,-1.0));
#6068=DIRECTION('',(-1.0,0.0,0.0));
#6069=DIRECTION('',(-1.0,3.94346798312806E-15,0.0));
#6070=DIRECTION('',(-1.0,3.94346798312806E-15,0.0));
#6071=DIRECTION('',(-1.0,0.0,0.0));
#6072=CARTESIAN_POINT('',(7.25,4.6,-0.509999999999999));
#6073=DIRECTION('',(0.0,0.0,-1.0));
#6074=DIRECTION('',(1.0,0.0,0.0));
#6075=DIRECTION('',(0.0,1.0,0.0));
#6076=DIRECTION('',(-1.0,0.0,2.16840434497101E-16));
#6077=DIRECTION('',(-1.0,0.0,0.0));
#6078=DIRECTION('',(0.0,1.0,0.0));
#6079=DIRECTION('',(-1.0,0.0,-2.16840434497101E-16));
#6080=DIRECTION('',(0.0,1.0,0.0));
#6081=CARTESIAN_POINT('',(-7.25,4.6,-0.509999999999998));
#6082=DIRECTION('',(-9.85638338623187E-17,0.0,-1.0));
#6083=DIRECTION('',(-1.0,0.0,9.85638338623187E-17));
#6084=DIRECTION('',(0.0,-1.0,0.0));
#6085=DIRECTION('',(-1.0,0.0,0.0));
#6086=DIRECTION('',(0.0,-1.0,0.0));
#6087=DIRECTION('',(1.0,0.0,0.0));
#6088=DIRECTION('',(0.0,-1.0,0.0));
#6089=DIRECTION('',(-1.0,0.0,0.0));
#6090=DIRECTION('',(0.0,-1.0,0.0));
#6091=DIRECTION('',(1.0,0.0,0.0));
#6092=DIRECTION('',(0.0,-1.0,0.0));
#6093=DIRECTION('',(-1.0,0.0,0.0));
#6094=DIRECTION('',(0.0,-1.0,0.0));
#6095=DIRECTION('',(1.0,0.0,0.0));
#6096=DIRECTION('',(0.0,-1.0,0.0));
#6097=DIRECTION('',(-1.0,0.0,0.0));
#6098=DIRECTION('',(0.0,-1.0,0.0));
#6099=DIRECTION('',(1.0,0.0,0.0));
#6100=DIRECTION('',(0.0,-1.0,0.0));
#6101=DIRECTION('',(-1.0,0.0,0.0));
#6102=DIRECTION('',(0.0,-1.0,0.0));
#6103=DIRECTION('',(1.0,0.0,0.0));
#6104=DIRECTION('',(0.0,-1.0,0.0));
#6105=DIRECTION('',(-1.0,0.0,0.0));
#6106=DIRECTION('',(0.0,-1.0,0.0));
#6107=DIRECTION('',(1.0,0.0,0.0));
#6108=DIRECTION('',(0.0,-1.0,0.0));
#6109=DIRECTION('',(-1.0,0.0,0.0));
#6110=DIRECTION('',(0.0,-1.0,0.0));
#6111=DIRECTION('',(1.0,0.0,0.0));
#6112=DIRECTION('',(1.0,0.0,-9.95799250102961E-17));
#6113=DIRECTION('',(1.0,0.0,-9.95799250102961E-17));
#6114=DIRECTION('',(0.0,1.0,0.0));
#6115=DIRECTION('',(1.0,0.0,9.95799250102961E-17));
#6116=DIRECTION('',(0.0,1.0,0.0));
#6117=DIRECTION('',(1.0,0.0,9.95799250102961E-17));
#6118=DIRECTION('',(0.0,1.0,0.0));
#6119=DIRECTION('',(0.0,1.0,0.0));
#6120=DIRECTION('',(0.0,-1.0,0.0));
#6121=DIRECTION('',(-0.642787609686539,-0.766044443118978,0.0));
#6122=DIRECTION('',(1.0,0.0,0.0));
#6123=DIRECTION('',(-0.642787609686539,0.766044443118978,0.0));
#6124=DIRECTION('',(0.0,1.0,0.0));
#6125=DIRECTION('',(0.0,1.0,0.0));
#6126=DIRECTION('',(-0.707106781186548,0.707106781186548,0.0));
#6127=DIRECTION('',(1.0,0.0,0.0));
#6128=DIRECTION('',(0.707106781186548,0.707106781186548,0.0));
#6129=DIRECTION('',(0.0,0.0,-1.0));
#6130=DIRECTION('',(0.64278760968654,-0.766044443118978,0.0));
#6131=DIRECTION('',(0.0,0.0,-1.0));
#6132=DIRECTION('',(-0.642787609686539,0.766044443118978,-2.60210545876379E-16));
#6133=DIRECTION('',(0.0,0.0,-1.0));
#6134=DIRECTION('',(0.64278760968654,0.766044443118978,0.0));
#6135=DIRECTION('',(0.0,0.0,-1.0));
#6136=DIRECTION('',(-0.642787609686539,-0.766044443118978,-2.60210545876379E-16));
#6137=DIRECTION('',(0.0,0.0,-1.0));
#6138=DIRECTION('',(0.0,1.0,0.0));
#6139=DIRECTION('',(0.0,0.0,-1.0));
#6140=DIRECTION('',(0.0,-1.0,0.0));
#6141=DIRECTION('',(0.0,0.0,1.0));
#6142=DIRECTION('',(0.0,-1.0,0.0));
#6143=DIRECTION('',(0.0,0.0,-1.0));
#6144=DIRECTION('',(0.0,0.0,-1.0));
#6145=DIRECTION('',(-1.0,0.0,0.0));
#6146=DIRECTION('',(-3.41480999208032E-16,0.0,1.0));
#6147=DIRECTION('',(1.0,0.0,5.12221498812049E-16));
#6148=DIRECTION('',(3.41480999208033E-16,0.0,-1.0));
#6149=DIRECTION('',(-1.0,0.0,1.70740499604017E-16));
#6150=DIRECTION('',(-9.1784310898245E-16,0.0,1.0));
#6151=DIRECTION('',(0.707106781186536,0.0,0.707106781186559));
#6152=DIRECTION('',(1.0,0.0,2.58143374401311E-15));
#6153=DIRECTION('',(3.41480999208032E-16,0.0,-1.0));
#6154=DIRECTION('',(-1.0,0.0,1.19518349722812E-15));
#6155=DIRECTION('',(-2.86825971557016E-15,0.0,1.0));
#6156=DIRECTION('',(0.707106781186536,0.0,0.707106781186559));
#6157=DIRECTION('',(1.0,0.0,3.04035529850432E-15));
#6158=DIRECTION('',(3.41480999208033E-16,0.0,-1.0));
#6159=DIRECTION('',(-1.0,0.0,1.19518349722812E-15));
#6160=DIRECTION('',(-2.75352932694735E-15,0.0,1.0));
#6161=DIRECTION('',(0.707106781186536,0.0,0.707106781186559));
#6162=DIRECTION('',(1.0,0.0,2.12251218952188E-15));
#6163=DIRECTION('',(3.41480999208033E-16,0.0,-1.0));
#6164=DIRECTION('',(-1.0,0.0,1.19518349722812E-15));
#6165=DIRECTION('',(-2.75352932694735E-15,0.0,1.0));
#6166=DIRECTION('',(0.707106781186536,0.0,0.707106781186559));
#6167=DIRECTION('',(1.0,0.0,1.14730388622805E-15));
#6168=DIRECTION('',(6.82961998416066E-16,0.0,-1.0));
#6169=DIRECTION('',(-1.0,0.0,1.19518349722812E-15));
#6170=DIRECTION('',(-2.75352932694735E-15,0.0,1.0));
#6171=DIRECTION('',(0.707106781186536,0.0,0.707106781186559));
#6172=DIRECTION('',(1.0,0.0,2.86825971557011E-16));
#6173=DIRECTION('',(-9.1784310898245E-16,0.0,-1.0));
#6174=DIRECTION('',(-1.0,0.0,-1.0073689476637E-14));
#6175=DIRECTION('',(-1.36592399683213E-15,0.0,1.0));
#6176=DIRECTION('',(1.0,0.0,4.01556360179816E-16));
#6177=DIRECTION('',(0.707106781186548,0.0,-0.707106781186547));
#6178=DIRECTION('',(-1.0,0.0,-4.04815746220237E-16));
#6179=DIRECTION('',(0.0,0.0,-1.0));
#6180=DIRECTION('',(0.0,0.0,-1.0));
#6181=DIRECTION('',(0.0,0.0,-1.0));
#6182=DIRECTION('',(0.0,0.0,-1.0));
#6183=DIRECTION('',(-1.0,0.0,-4.04815746220237E-16));
#6184=DIRECTION('',(0.0,-1.0,0.0));
#6185=DIRECTION('',(-1.0,0.0,0.0));
#6186=DIRECTION('',(0.0,1.0,3.77896192899512E-15));
#6187=DIRECTION('',(-1.0,0.0,0.0));
#6188=DIRECTION('',(0.0,1.0,3.77896192899512E-15));
#6189=DIRECTION('',(0.0,0.0,-1.0));
#6190=DIRECTION('',(0.0,-1.0,0.0));
#6191=DIRECTION('',(0.0,0.0,-1.0));
#6192=DIRECTION('',(0.0,0.0,-1.0));
#6193=DIRECTION('',(0.0,0.0,-1.0));
#6194=DIRECTION('',(0.0,-1.0,0.0));
#6195=DIRECTION('',(1.0,0.0,0.0));
#6196=DIRECTION('',(0.0,0.0,-1.0));
#6197=DIRECTION('',(0.0,0.0,-1.0));
#6198=DIRECTION('',(-1.0,0.0,0.0));
#6199=DIRECTION('',(0.0,-0.810421678379293,-0.585846996418766));
#6200=DIRECTION('',(0.0,-0.810421678379293,-0.585846996418766));
#6201=DIRECTION('',(-1.0,0.0,0.0));
#6202=DIRECTION('',(0.0,-7.22801448323674E-16,1.0));
#6203=DIRECTION('',(-1.0,0.0,0.0));
#6204=DIRECTION('',(0.0,-7.22801448323674E-16,1.0));
#6205=DIRECTION('',(0.0,-1.0,-1.15648231731787E-15));
#6206=DIRECTION('',(0.0,-1.0,-1.15648231731787E-15));
#6207=DIRECTION('',(0.60658472488997,-0.722899525100392,-0.330864395394529));
#6208=DIRECTION('',(0.64278760968654,-0.766044443118978,0.0));
#6209=DIRECTION('',(0.60658472488997,0.722899525100392,0.330864395394529));
#6210=DIRECTION('',(0.64278760968654,0.766044443118978,0.0));
#6211=DIRECTION('',(-1.03971844920479E-15,1.0,0.0));
#6212=DIRECTION('',(0.0,0.0,1.0));
#6213=DIRECTION('',(-1.03971844920479E-15,1.0,0.0));
#6214=DIRECTION('',(1.0,1.85863229568943E-15,0.0));
#6215=DIRECTION('',(1.0,1.85863229568943E-15,0.0));
#6216=DIRECTION('',(-1.03971844920479E-15,-1.0,0.0));
#6217=DIRECTION('',(-1.03971844920479E-15,-1.0,0.0));
#6218=DIRECTION('',(0.0,0.0,1.0));
#6219=DIRECTION('',(1.0,-1.85863229568943E-15,0.0));
#6220=DIRECTION('',(1.0,-1.85863229568943E-15,0.0));
#6221=DIRECTION('',(0.0,0.0,-1.0));
#6222=DIRECTION('',(0.0,1.0,0.0));
#6223=DIRECTION('',(0.0,0.0,-1.0));
#6224=DIRECTION('',(-0.877895572914384,0.0,-0.478852130680573));
#6225=DIRECTION('',(-1.0,0.0,0.0));
#6226=DIRECTION('',(0.707106781186548,0.707106781186548,0.0));
#6227=DIRECTION('',(0.0,0.0,-1.0));
#6228=DIRECTION('',(-0.707106781186548,0.707106781186548,0.0));
#6229=DIRECTION('',(0.0,0.0,-1.0));
#6230=DIRECTION('',(0.0,1.0,0.0));
#6231=DIRECTION('',(-0.877895572914385,0.0,0.478852130680573));
#6232=DIRECTION('',(1.0,0.0,0.0));
#6233=DIRECTION('',(0.0,1.0,0.0));
#6234=DIRECTION('',(9.1784310898245E-16,0.0,1.0));
#6235=DIRECTION('',(0.0,1.0,0.0));
#6236=DIRECTION('',(0.0,1.0,0.0));
#6237=DIRECTION('',(-0.707106781186548,0.0,0.707106781186547));
#6238=DIRECTION('',(0.0,1.0,0.0));
#6239=DIRECTION('',(-1.0,0.0,-4.01556360179816E-16));
#6240=DIRECTION('',(0.0,1.0,0.0));
#6241=DIRECTION('',(1.36592399683213E-15,0.0,-1.0));
#6242=DIRECTION('',(1.0,0.0,1.0073689476637E-14));
#6243=DIRECTION('',(0.0,0.0,1.0));
#6244=DIRECTION('',(-1.0,0.0,0.0));
#6245=DIRECTION('',(0.0,0.0,1.0));
#6246=DIRECTION('',(1.0,0.0,0.0));
#6247=DIRECTION('',(0.0,1.0,0.0));
#6248=DIRECTION('',(-6.82961998416066E-16,0.0,1.0));
#6249=DIRECTION('',(0.0,1.0,0.0));
#6250=DIRECTION('',(0.0,1.0,0.0));
#6251=DIRECTION('',(-1.0,0.0,-2.86825971557011E-16));
#6252=DIRECTION('',(0.0,1.0,0.0));
#6253=DIRECTION('',(-0.707106781186536,0.0,-0.707106781186559));
#6254=DIRECTION('',(0.0,1.0,0.0));
#6255=DIRECTION('',(2.75352932694735E-15,0.0,-1.0));
#6256=DIRECTION('',(1.0,0.0,-1.19518349722812E-15));
#6257=DIRECTION('',(0.0,0.0,1.0));
#6258=DIRECTION('',(-1.0,0.0,0.0));
#6259=DIRECTION('',(0.0,0.0,1.0));
#6260=DIRECTION('',(1.0,0.0,0.0));
#6261=DIRECTION('',(0.0,1.0,0.0));
#6262=DIRECTION('',(-3.41480999208033E-16,0.0,1.0));
#6263=DIRECTION('',(0.0,1.0,0.0));
#6264=DIRECTION('',(0.0,1.0,0.0));
#6265=DIRECTION('',(-1.0,0.0,-1.14730388622805E-15));
#6266=DIRECTION('',(0.0,1.0,0.0));
#6267=DIRECTION('',(-0.707106781186536,0.0,-0.707106781186559));
#6268=DIRECTION('',(0.0,1.0,0.0));
#6269=DIRECTION('',(2.75352932694735E-15,0.0,-1.0));
#6270=DIRECTION('',(1.0,0.0,-1.19518349722812E-15));
#6271=DIRECTION('',(0.0,0.0,1.0));
#6272=DIRECTION('',(-1.0,0.0,0.0));
#6273=DIRECTION('',(0.0,0.0,1.0));
#6274=DIRECTION('',(1.0,0.0,0.0));
#6275=DIRECTION('',(0.0,1.0,0.0));
#6276=DIRECTION('',(-3.41480999208033E-16,0.0,1.0));
#6277=DIRECTION('',(0.0,1.0,0.0));
#6278=DIRECTION('',(0.0,1.0,0.0));
#6279=DIRECTION('',(-1.0,0.0,-2.12251218952188E-15));
#6280=DIRECTION('',(0.0,1.0,0.0));
#6281=DIRECTION('',(-0.707106781186536,0.0,-0.707106781186559));
#6282=DIRECTION('',(0.0,1.0,0.0));
#6283=DIRECTION('',(2.75352932694735E-15,0.0,-1.0));
#6284=DIRECTION('',(1.0,0.0,-1.19518349722812E-15));
#6285=DIRECTION('',(0.0,0.0,1.0));
#6286=DIRECTION('',(-1.0,0.0,0.0));
#6287=DIRECTION('',(0.0,0.0,1.0));
#6288=DIRECTION('',(1.0,0.0,0.0));
#6289=DIRECTION('',(0.0,1.0,0.0));
#6290=DIRECTION('',(-3.41480999208032E-16,0.0,1.0));
#6291=DIRECTION('',(0.0,1.0,0.0));
#6292=DIRECTION('',(0.0,1.0,0.0));
#6293=DIRECTION('',(-1.0,0.0,-3.04035529850432E-15));
#6294=DIRECTION('',(0.0,1.0,0.0));
#6295=DIRECTION('',(-0.707106781186536,0.0,-0.707106781186559));
#6296=DIRECTION('',(0.0,1.0,0.0));
#6297=DIRECTION('',(2.86825971557016E-15,0.0,-1.0));
#6298=DIRECTION('',(1.0,0.0,-1.19518349722812E-15));
#6299=DIRECTION('',(0.0,0.0,1.0));
#6300=DIRECTION('',(-1.0,0.0,0.0));
#6301=DIRECTION('',(0.0,0.0,1.0));
#6302=DIRECTION('',(1.0,0.0,0.0));
#6303=DIRECTION('',(0.0,1.0,0.0));
#6304=DIRECTION('',(-3.41480999208033E-16,0.0,1.0));
#6305=DIRECTION('',(0.0,1.0,0.0));
#6306=DIRECTION('',(0.0,1.0,0.0));
#6307=DIRECTION('',(-1.0,0.0,-2.58143374401311E-15));
#6308=DIRECTION('',(0.0,1.0,0.0));
#6309=DIRECTION('',(-0.707106781186536,0.0,-0.707106781186559));
#6310=DIRECTION('',(0.0,1.0,0.0));
#6311=DIRECTION('',(9.1784310898245E-16,0.0,-1.0));
#6312=DIRECTION('',(1.0,0.0,-1.70740499604017E-16));
#6313=DIRECTION('',(0.0,0.0,1.0));
#6314=DIRECTION('',(-1.0,0.0,0.0));
#6315=DIRECTION('',(0.0,0.0,1.0));
#6316=DIRECTION('',(1.0,0.0,0.0));
#6317=DIRECTION('',(0.0,1.0,0.0));
#6318=DIRECTION('',(0.0,0.0,1.0));
#6319=DIRECTION('',(0.0,1.0,0.0));
#6320=DIRECTION('',(0.0,1.0,0.0));
#6321=DIRECTION('',(-1.0,0.0,-5.12221498812049E-16));
#6322=DIRECTION('',(0.0,1.0,0.0));
#6323=DIRECTION('',(3.41480999208032E-16,0.0,-1.0));
#6324=DIRECTION('',(1.0,0.0,0.0));
#6325=DIRECTION('',(0.0,0.0,1.0));
#6326=DIRECTION('',(-1.0,0.0,0.0));
#6327=DIRECTION('',(0.0,0.0,1.0));
#6328=DIRECTION('',(1.0,0.0,0.0));
#6329=DIRECTION('',(0.0,0.0,1.0));
#6330=DIRECTION('',(0.0,0.0,1.0));
#6331=DIRECTION('',(0.0,1.0,0.0));
#6332=DIRECTION('',(-1.0,0.0,-2.16840434497101E-16));
#6333=DIRECTION('',(0.0,1.0,0.0));
#6334=DIRECTION('',(1.0,0.0,0.0));
#6335=DIRECTION('',(0.0,0.0,-1.0));
#6336=DIRECTION('',(0.0,0.0,1.0));
#6337=DIRECTION('',(0.0,-0.5,0.866025403784439));
#6338=DIRECTION('',(0.0,-1.0,0.0));
#6339=DIRECTION('',(0.0,0.5,0.866025403784439));
#6340=DIRECTION('',(0.0,0.0,1.0));
#6341=DIRECTION('',(0.0,0.0,-1.0));
#6342=DIRECTION('',(1.0,0.0,0.0));
#6343=DIRECTION('',(-1.0,0.0,2.16840434497101E-16));
#6344=DIRECTION('',(0.0,1.0,0.0));
#6345=DIRECTION('',(0.0,0.0,-1.0));
#6346=DIRECTION('',(0.0,0.0,-1.0));
#6347=DIRECTION('',(0.0,0.0,1.0));
#6348=DIRECTION('',(-1.0,0.0,0.0));
#6349=DIRECTION('',(0.0,0.0,-1.0));
#6350=DIRECTION('',(1.0,0.0,0.0));
#6351=DIRECTION('',(0.0,-1.0,0.0));
#6352=DIRECTION('',(0.0,0.0,-1.0));
#6353=DIRECTION('',(0.0,1.0,-7.04027384730847E-17));
#6354=DIRECTION('',(0.0,1.0,-7.04027384730847E-17));
#6355=DIRECTION('',(0.0,0.0,1.0));
#6356=DIRECTION('',(0.0,-1.0,0.0));
#6357=DIRECTION('',(1.0,0.0,0.0));
#6358=DIRECTION('',(-1.0,0.0,0.0));
#6359=DIRECTION('',(0.0,0.0,-1.0));
#6360=DIRECTION('',(0.0,1.0,0.0));
#6361=DIRECTION('',(0.0,-2.90573446562279E-16,1.0));
#6362=DIRECTION('',(0.0,-2.90573446562279E-16,1.0));
#6363=DIRECTION('',(0.0,-1.0,0.0));
#6364=DIRECTION('',(0.0,0.0,-1.0));
#6365=DIRECTION('',(1.0,0.0,0.0));
#6366=DIRECTION('',(0.0,-1.0,0.0));
#6367=DIRECTION('',(-1.0,0.0,0.0));
#6368=DIRECTION('',(0.0,1.0,0.0));
#6369=DIRECTION('',(1.0,0.0,0.0));
#6370=DIRECTION('',(-1.0,0.0,0.0));
#6371=DIRECTION('',(0.245599354379008,-0.245599354379008,-0.937742989447124));
#6372=DIRECTION('',(0.245599354379008,0.245599354379008,0.937742989447124));
#6373=DIRECTION('',(0.245599354379008,-0.245599354379008,0.937742989447124));
#6374=DIRECTION('',(0.245599354379008,0.245599354379008,-0.937742989447124));
#6375=DIRECTION('',(0.245599354379008,-0.937742989447124,0.245599354379009));
#6376=DIRECTION('',(0.245599354379008,0.937742989447124,-0.245599354379009));
#6377=DIRECTION('',(0.245599354379008,0.937742989447124,0.245599354379009));
#6378=DIRECTION('',(0.245599354379008,-0.937742989447124,-0.245599354379009));
#6379=DIRECTION('',(0.0,0.0,1.0));
#6380=DIRECTION('',(-1.0,0.0,0.0));
#6381=DIRECTION('',(0.0,0.0,-1.0));
#6382=DIRECTION('',(1.0,0.0,0.0));
#6383=DIRECTION('',(0.0,-1.0,0.0));
#6384=DIRECTION('',(0.0,0.0,-1.0));
#6385=DIRECTION('',(0.0,1.0,-7.04027384730847E-17));
#6386=DIRECTION('',(0.0,1.0,-7.04027384730847E-17));
#6387=DIRECTION('',(0.0,0.0,1.0));
#6388=DIRECTION('',(0.0,-1.0,0.0));
#6389=DIRECTION('',(1.0,0.0,0.0));
#6390=DIRECTION('',(-1.0,0.0,0.0));
#6391=DIRECTION('',(0.0,0.0,-1.0));
#6392=DIRECTION('',(0.0,1.0,0.0));
#6393=DIRECTION('',(0.0,-2.90573446562279E-16,1.0));
#6394=DIRECTION('',(0.0,-2.90573446562279E-16,1.0));
#6395=DIRECTION('',(0.0,-1.0,0.0));
#6396=DIRECTION('',(0.0,0.0,-1.0));
#6397=DIRECTION('',(1.0,0.0,0.0));
#6398=DIRECTION('',(0.0,-1.0,0.0));
#6399=DIRECTION('',(-1.0,0.0,0.0));
#6400=DIRECTION('',(0.0,1.0,0.0));
#6401=DIRECTION('',(1.0,0.0,0.0));
#6402=DIRECTION('',(-1.0,0.0,0.0));
#6403=DIRECTION('',(0.245599354379008,-0.245599354379008,-0.937742989447124));
#6404=DIRECTION('',(0.245599354379008,0.245599354379008,0.937742989447124));
#6405=DIRECTION('',(0.245599354379008,-0.245599354379008,0.937742989447124));
#6406=DIRECTION('',(0.245599354379008,0.245599354379008,-0.937742989447124));
#6407=DIRECTION('',(0.245599354379008,-0.937742989447124,0.245599354379009));
#6408=DIRECTION('',(0.245599354379008,0.937742989447124,-0.245599354379009));
#6409=DIRECTION('',(0.245599354379008,0.937742989447124,0.245599354379009));
#6410=DIRECTION('',(0.245599354379008,-0.937742989447124,-0.245599354379009));
#6411=DIRECTION('',(0.0,0.0,1.0));
#6412=DIRECTION('',(-1.0,0.0,0.0));
#6413=DIRECTION('',(0.0,0.0,-1.0));
#6414=DIRECTION('',(1.0,0.0,0.0));
#6415=DIRECTION('',(0.0,-1.0,0.0));
#6416=DIRECTION('',(0.0,0.0,-1.0));
#6417=DIRECTION('',(0.0,1.0,-7.04027384730847E-17));
#6418=DIRECTION('',(0.0,1.0,-7.04027384730847E-17));
#6419=DIRECTION('',(0.0,0.0,1.0));
#6420=DIRECTION('',(0.0,-1.0,0.0));
#6421=DIRECTION('',(1.0,0.0,0.0));
#6422=DIRECTION('',(-1.0,0.0,0.0));
#6423=DIRECTION('',(0.0,0.0,-1.0));
#6424=DIRECTION('',(0.0,1.0,0.0));
#6425=DIRECTION('',(0.0,-2.90573446562279E-16,1.0));
#6426=DIRECTION('',(0.0,-2.90573446562279E-16,1.0));
#6427=DIRECTION('',(0.0,-1.0,0.0));
#6428=DIRECTION('',(0.0,0.0,-1.0));
#6429=DIRECTION('',(1.0,0.0,0.0));
#6430=DIRECTION('',(0.0,-1.0,0.0));
#6431=DIRECTION('',(-1.0,0.0,0.0));
#6432=DIRECTION('',(0.0,1.0,0.0));
#6433=DIRECTION('',(1.0,0.0,0.0));
#6434=DIRECTION('',(-1.0,0.0,0.0));
#6435=DIRECTION('',(0.245599354379009,-0.245599354379008,-0.937742989447124));
#6436=DIRECTION('',(0.245599354379009,0.245599354379008,0.937742989447124));
#6437=DIRECTION('',(0.245599354379009,-0.245599354379008,0.937742989447124));
#6438=DIRECTION('',(0.245599354379009,0.245599354379008,-0.937742989447124));
#6439=DIRECTION('',(0.245599354379009,-0.937742989447124,0.245599354379009));
#6440=DIRECTION('',(0.245599354379009,0.937742989447124,-0.245599354379009));
#6441=DIRECTION('',(0.245599354379009,0.937742989447124,0.245599354379009));
#6442=DIRECTION('',(0.245599354379009,-0.937742989447124,-0.245599354379009));
#6443=DIRECTION('',(0.0,0.0,1.0));
#6444=DIRECTION('',(-1.0,0.0,0.0));
#6445=DIRECTION('',(0.0,0.0,-1.0));
#6446=DIRECTION('',(1.0,0.0,0.0));
#6447=DIRECTION('',(0.0,-1.0,0.0));
#6448=DIRECTION('',(0.0,0.0,-1.0));
#6449=DIRECTION('',(0.0,1.0,-7.04027384730847E-17));
#6450=DIRECTION('',(0.0,1.0,-7.04027384730847E-17));
#6451=DIRECTION('',(0.0,0.0,1.0));
#6452=DIRECTION('',(0.0,-1.0,0.0));
#6453=DIRECTION('',(1.0,0.0,0.0));
#6454=DIRECTION('',(-1.0,0.0,0.0));
#6455=DIRECTION('',(0.0,0.0,-1.0));
#6456=DIRECTION('',(0.0,1.0,0.0));
#6457=DIRECTION('',(0.0,-2.90573446562279E-16,1.0));
#6458=DIRECTION('',(0.0,-2.90573446562279E-16,1.0));
#6459=DIRECTION('',(0.0,-1.0,0.0));
#6460=DIRECTION('',(0.0,0.0,-1.0));
#6461=DIRECTION('',(1.0,0.0,0.0));
#6462=DIRECTION('',(0.0,-1.0,0.0));
#6463=DIRECTION('',(-1.0,0.0,0.0));
#6464=DIRECTION('',(0.0,1.0,0.0));
#6465=DIRECTION('',(1.0,0.0,0.0));
#6466=DIRECTION('',(-1.0,0.0,0.0));
#6467=DIRECTION('',(0.245599354379009,-0.245599354379008,-0.937742989447124));
#6468=DIRECTION('',(0.245599354379009,0.245599354379008,0.937742989447124));
#6469=DIRECTION('',(0.245599354379009,-0.245599354379008,0.937742989447124));
#6470=DIRECTION('',(0.245599354379009,0.245599354379008,-0.937742989447124));
#6471=DIRECTION('',(0.245599354379009,-0.937742989447124,0.245599354379009));
#6472=DIRECTION('',(0.245599354379009,0.937742989447124,-0.245599354379009));
#6473=DIRECTION('',(0.245599354379009,0.937742989447124,0.245599354379009));
#6474=DIRECTION('',(0.245599354379009,-0.937742989447124,-0.245599354379009));
#6475=DIRECTION('',(0.0,0.0,1.0));
#6476=DIRECTION('',(-1.0,0.0,0.0));
#6477=DIRECTION('',(0.0,0.0,-1.0));
#6478=DIRECTION('',(1.0,0.0,0.0));
#6479=DIRECTION('',(0.0,-1.0,0.0));
#6480=DIRECTION('',(0.0,0.0,-1.0));
#6481=DIRECTION('',(0.0,1.0,-7.04027384730847E-17));
#6482=DIRECTION('',(0.0,1.0,-7.04027384730847E-17));
#6483=DIRECTION('',(0.0,0.0,1.0));
#6484=DIRECTION('',(0.0,-1.0,0.0));
#6485=DIRECTION('',(1.0,0.0,0.0));
#6486=DIRECTION('',(-1.0,0.0,0.0));
#6487=DIRECTION('',(0.0,0.0,-1.0));
#6488=DIRECTION('',(0.0,1.0,0.0));
#6489=DIRECTION('',(0.0,-2.90573446562279E-16,1.0));
#6490=DIRECTION('',(0.0,-2.90573446562279E-16,1.0));
#6491=DIRECTION('',(0.0,-1.0,0.0));
#6492=DIRECTION('',(0.0,0.0,-1.0));
#6493=DIRECTION('',(1.0,0.0,0.0));
#6494=DIRECTION('',(0.0,-1.0,0.0));
#6495=DIRECTION('',(-1.0,0.0,0.0));
#6496=DIRECTION('',(0.0,1.0,0.0));
#6497=DIRECTION('',(1.0,0.0,0.0));
#6498=DIRECTION('',(-1.0,0.0,0.0));
#6499=DIRECTION('',(0.245599354379009,-0.245599354379008,-0.937742989447124));
#6500=DIRECTION('',(0.245599354379009,0.245599354379008,0.937742989447124));
#6501=DIRECTION('',(0.245599354379009,-0.245599354379008,0.937742989447124));
#6502=DIRECTION('',(0.245599354379009,0.245599354379008,-0.937742989447124));
#6503=DIRECTION('',(0.245599354379009,-0.937742989447124,0.245599354379009));
#6504=DIRECTION('',(0.245599354379009,0.937742989447124,-0.245599354379009));
#6505=DIRECTION('',(0.245599354379009,0.937742989447124,0.245599354379009));
#6506=DIRECTION('',(0.245599354379009,-0.937742989447124,-0.245599354379009));
#6507=DIRECTION('',(0.0,0.0,1.0));
#6508=DIRECTION('',(-1.0,0.0,0.0));
#6509=DIRECTION('',(0.0,0.0,-1.0));
#6510=DIRECTION('',(1.0,0.0,0.0));
#6511=DIRECTION('',(0.0,-1.0,0.0));
#6512=DIRECTION('',(0.0,0.0,-1.0));
#6513=DIRECTION('',(0.0,1.0,-7.04027384730847E-17));
#6514=DIRECTION('',(0.0,1.0,-7.04027384730847E-17));
#6515=DIRECTION('',(0.0,0.0,1.0));
#6516=DIRECTION('',(0.0,-1.0,0.0));
#6517=DIRECTION('',(1.0,0.0,0.0));
#6518=DIRECTION('',(-1.0,0.0,0.0));
#6519=DIRECTION('',(0.0,0.0,-1.0));
#6520=DIRECTION('',(0.0,1.0,0.0));
#6521=DIRECTION('',(0.0,-2.90573446562279E-16,1.0));
#6522=DIRECTION('',(0.0,-2.90573446562279E-16,1.0));
#6523=DIRECTION('',(0.0,-1.0,0.0));
#6524=DIRECTION('',(0.0,0.0,-1.0));
#6525=DIRECTION('',(1.0,0.0,0.0));
#6526=DIRECTION('',(0.0,-1.0,0.0));
#6527=DIRECTION('',(-1.0,0.0,0.0));
#6528=DIRECTION('',(0.0,1.0,0.0));
#6529=DIRECTION('',(1.0,0.0,0.0));
#6530=DIRECTION('',(-1.0,0.0,0.0));
#6531=DIRECTION('',(0.245599354379008,-0.245599354379008,-0.937742989447124));
#6532=DIRECTION('',(0.245599354379008,0.245599354379008,0.937742989447124));
#6533=DIRECTION('',(0.245599354379008,-0.245599354379008,0.937742989447124));
#6534=DIRECTION('',(0.245599354379008,0.245599354379008,-0.937742989447124));
#6535=DIRECTION('',(0.245599354379008,-0.937742989447124,0.245599354379009));
#6536=DIRECTION('',(0.245599354379008,0.937742989447124,-0.245599354379009));
#6537=DIRECTION('',(0.245599354379008,0.937742989447124,0.245599354379009));
#6538=DIRECTION('',(0.245599354379008,-0.937742989447124,-0.245599354379009));
#6539=DIRECTION('',(0.0,0.0,1.0));
#6540=DIRECTION('',(-1.0,0.0,0.0));
#6541=DIRECTION('',(0.0,0.0,-1.0));
#6542=DIRECTION('',(1.0,0.0,0.0));
#6543=DIRECTION('',(0.0,-1.0,0.0));
#6544=DIRECTION('',(0.0,0.0,-1.0));
#6545=DIRECTION('',(0.0,1.0,-7.04027384730847E-17));
#6546=DIRECTION('',(0.0,1.0,-7.04027384730847E-17));
#6547=DIRECTION('',(0.0,0.0,1.0));
#6548=DIRECTION('',(0.0,-1.0,0.0));
#6549=DIRECTION('',(1.0,0.0,0.0));
#6550=DIRECTION('',(-1.0,0.0,0.0));
#6551=DIRECTION('',(0.0,0.0,-1.0));
#6552=DIRECTION('',(0.0,1.0,0.0));
#6553=DIRECTION('',(0.0,-2.90573446562279E-16,1.0));
#6554=DIRECTION('',(0.0,-2.90573446562279E-16,1.0));
#6555=DIRECTION('',(0.0,-1.0,0.0));
#6556=DIRECTION('',(0.0,0.0,-1.0));
#6557=DIRECTION('',(1.0,0.0,0.0));
#6558=DIRECTION('',(0.0,-1.0,0.0));
#6559=DIRECTION('',(-1.0,0.0,0.0));
#6560=DIRECTION('',(0.0,1.0,0.0));
#6561=DIRECTION('',(1.0,0.0,0.0));
#6562=DIRECTION('',(-1.0,0.0,0.0));
#6563=DIRECTION('',(0.245599354379008,-0.245599354379008,-0.937742989447124));
#6564=DIRECTION('',(0.245599354379008,0.245599354379008,0.937742989447124));
#6565=DIRECTION('',(0.245599354379008,-0.245599354379008,0.937742989447124));
#6566=DIRECTION('',(0.245599354379008,0.245599354379008,-0.937742989447124));
#6567=DIRECTION('',(0.245599354379008,-0.937742989447124,0.245599354379009));
#6568=DIRECTION('',(0.245599354379008,0.937742989447124,-0.245599354379009));
#6569=DIRECTION('',(0.245599354379008,0.937742989447124,0.245599354379009));
#6570=DIRECTION('',(0.245599354379008,-0.937742989447124,-0.245599354379009));
#6571=CARTESIAN_POINT('',(-7.25,4.6,-2.26));
#6572=DIRECTION('',(0.0,0.0,-1.0));
#6573=DIRECTION('',(-1.0,0.0,0.0));
#6574=DIRECTION('',(0.0,0.0,1.0));
#6575=DIRECTION('',(1.0,9.85866995782012E-16,0.0));
#6576=DIRECTION('',(-1.0,-9.85866995782012E-16,0.0));
#6577=DIRECTION('',(1.0,9.85866995782012E-16,0.0));
#6578=DIRECTION('',(0.0,0.0,1.0));
#6579=DIRECTION('',(-1.0,-9.85866995782012E-16,0.0));
#6580=DIRECTION('',(1.0,-9.85866995782012E-16,0.0));
#6581=DIRECTION('',(0.0,0.0,1.0));
#6582=CARTESIAN_POINT('',(7.25,4.6,-2.26));
#6583=DIRECTION('',(0.0,0.0,-1.0));
#6584=DIRECTION('',(1.0,0.0,0.0));
#6585=DIRECTION('',(0.0,0.0,1.0));
#6586=DIRECTION('',(-1.0,9.85866995782012E-16,0.0));
#6587=CARTESIAN_POINT('',(-7.25,4.6,-2.26));
#6588=DIRECTION('',(0.0,0.0,1.0));
#6589=DIRECTION('',(-1.0,0.0,0.0));
#6590=CARTESIAN_POINT('',(7.25,4.6,-2.26));
#6591=DIRECTION('',(0.0,0.0,-1.0));
#6592=DIRECTION('',(1.0,0.0,0.0));
#6593=CARTESIAN_POINT('',(-7.25,4.6,-3.81));
#6594=DIRECTION('',(0.0,0.0,-1.0));
#6595=DIRECTION('',(-1.0,0.0,0.0));
#6596=DIRECTION('',(1.0,-6.25964416140485E-17,-1.08420217248551E-16));
#6597=DIRECTION('',(-1.0,-4.00606442474211E-15,1.08420217248551E-16));
#6598=PRESENTATION_LAYER_ASSIGNMENT('1','Layer 1',(#25));
ENDSEC;
END-ISO-10303-21;
